dataset_id,age,richness
1001,500,9
1001,1000,13
1001,1500,19
1001,2000,21
1001,5000,9
1001,10500,8
1001,12000,10
1001,12500,8
1001,13000,9
1001,13500,6
1001,14000,9
1001,14500,9
1001,15000,10
1001,15500,10
1001,16000,12
1001,16500,12
1001,17000,14
1001,17500,10
1001,18000,13
1001,18500,11
1001,19000,12
1001,19500,15
1001,20000,12
1001,20500,9
1002,500,20
1002,1000,18
1002,1500,22
1002,2000,24
1002,2500,22
1002,3000,22
1002,5000,20
1002,10500,17
1002,12000,19
1002,12500,21
1002,13000,21
1002,13500,18
1002,14000,23
1002,14500,22
1002,15000,24
1002,15500,21
1002,16000,20
1002,16500,20
1002,17000,17
1002,17500,18
1002,18000,20
1002,18500,19
1002,19000,20
1002,19500,18
1002,20000,21
1002,20500,22
1003,500,15
1003,1000,16
1003,1500,13
1003,2000,14
1003,2500,12
1003,3000,13
1003,3500,10
1003,4000,12
1003,4500,15
1003,5000,15
1003,5500,17
1003,6000,18
1003,6500,16
1003,7000,17
1003,7500,11
1003,8000,11
1003,8500,14
1003,9000,15
1003,10000,20
1003,10500,17
1003,11000,16
1003,12500,16
1003,13500,15
1003,14000,13
1003,14500,10
1003,15000,21
1003,15500,15
1003,16000,14
1003,16500,12
1003,17000,11
1003,17500,16
1003,18000,12
1003,18500,15
1003,19000,13
1003,19500,13
1003,20000,12
1003,20500,19
1006,500,11
1006,1000,8
1006,1500,13
1006,2000,12
1006,2500,9
1006,3000,9
1006,3500,9
1006,4000,10
1006,4500,12
1006,5500,9
1006,6000,11
1006,6500,12
1006,7000,10
1006,12500,9
1006,13500,9
1006,14500,9
1006,15000,8
1006,16000,9
1006,17000,8
1006,18000,9
1006,19000,11
1006,20000,7
1013,500,12
1013,2000,14
1013,4000,14
1013,4500,11
1013,5000,10
1013,5500,11
1013,6000,12
1013,6500,13
1013,7000,16
1013,7500,16
1013,9000,11
1013,12500,11
1013,13500,9
1013,14500,12
1013,15000,13
1013,16000,10
1013,18000,12
1013,19500,11
1030,500,11
1030,1000,11
1030,1500,17
1030,2000,13
1030,3000,15
1030,3500,14
1030,4000,16
1030,5000,15
1030,5500,16
1030,6000,18
1030,6500,18
1030,7000,19
1030,7500,14
1030,8000,16
1030,8500,9
1030,9000,16
1030,9500,16
1030,10000,16
1030,10500,17
1030,11000,17
1030,12000,17
1030,12500,16
1030,13000,12
1030,13500,17
1030,14000,16
1030,14500,11
1030,15000,15
1030,15500,17
1030,16000,13
1030,16500,14
1030,17000,16
1030,17500,20
1030,18000,15
1030,18500,12
1030,19000,13
1030,19500,13
1030,20000,17
1030,20500,13
1104,500,7
1104,1000,10
1104,1500,13
1104,2000,16
1104,2500,17
1104,3500,13
1104,5000,12
1104,5500,13
1104,6500,13
1104,7000,11
1104,10500,8
1104,12000,13
1104,12500,11
1104,13500,7
1104,14000,12
1104,15000,11
1104,15500,11
1104,16000,10
1104,17000,10
1104,17500,10
1104,18500,9
1104,19000,11
1104,19500,9
1104,20000,9
1104,20500,11
1105,500,25
1105,1000,20
1105,1500,24
1105,5000,23
1105,10500,21
1105,12000,20
1105,12500,20
1105,13000,25
1105,13500,25
1105,14000,24
1105,14500,22
1105,15000,20
1105,15500,19
1105,16000,20
1105,16500,22
1105,17000,18
1105,17500,23
1105,18000,22
1105,18500,25
1105,19000,19
1105,19500,20
1105,20000,22
1105,20500,22
1107,500,15
1107,1000,11
1107,5000,16
1107,10500,18
1107,12000,14
1107,12500,13
1107,13000,12
1107,13500,10
1107,14000,10
1107,14500,13
1107,15000,14
1107,15500,12
1107,16000,11
1107,16500,10
1107,17000,11
1107,17500,11
1107,18000,12
1107,18500,12
1107,19000,11
1107,19500,14
1107,20000,12
1107,20500,11
1142,500,13
1142,5000,12
1142,10500,13
1142,12000,16
1142,12500,13
1142,13000,14
1142,13500,11
1142,14000,12
1142,14500,11
1142,15000,12
1142,15500,15
1142,16000,10
1142,16500,12
1142,17000,6
1142,17500,13
1142,18000,9
1142,18500,11
1142,19000,8
1142,19500,12
1142,20000,9
1142,20500,11
1148,500,12
1148,1000,16
1148,1500,19
1148,2000,17
1148,2500,22
1148,3000,22
1148,3500,14
1148,4000,20
1148,4500,18
1148,5000,16
1148,5500,18
1148,6000,16
1148,10500,19
1148,12000,16
1148,12500,26
1148,13000,18
1148,13500,23
1148,14000,20
1148,15000,16
1148,15500,26
1148,16000,21
1148,16500,23
1148,17000,22
1148,17500,20
1148,18000,20
1148,18500,16
1148,19000,17
1148,19500,27
1148,20000,12
1148,20500,16
1152,500,23
1152,5000,19
1152,10500,23
1152,12000,24
1152,12500,23
1152,13000,26
1152,13500,24
1152,14000,20
1152,15000,23
1152,15500,22
1152,16000,23
1152,16500,20
1152,17000,25
1152,17500,22
1152,18000,22
1152,18500,24
1152,19000,22
1152,20500,22
1153,500,26
1153,5000,21
1153,10500,18
1153,12000,22
1153,12500,24
1153,13000,19
1153,13500,22
1153,14000,23
1153,14500,21
1153,15000,21
1153,15500,22
1153,16000,23
1153,16500,19
1153,17000,18
1153,17500,20
1153,18000,22
1153,18500,22
1153,19000,20
1153,19500,24
1153,20000,14
1153,20500,24
1160,500,27
1160,1000,18
1160,2000,25
1160,2500,26
1160,3000,23
1160,3500,28
1160,4000,26
1160,4500,21
1160,5000,24
1160,6000,27
1160,7000,24
1160,8000,26
1160,9000,23
1160,9500,17
1160,11000,23
1160,12000,21
1160,13000,26
1160,13500,25
1160,14500,23
1160,15000,26
1160,16000,23
1160,17000,24
1160,17500,26
1160,18500,25
1160,19500,23
1255,1000,27
1255,1500,22
1255,2000,21
1255,5000,15
1255,12000,22
1255,12500,16
1255,13500,16
1255,14000,17
1255,15500,18
1255,16000,19
1255,16500,17
1255,17000,19
1255,17500,18
1255,18000,24
1255,18500,20
1255,19000,23
1255,19500,21
1255,20000,23
1255,20500,22
13029,1000,19
13029,2500,18
13029,5000,18
13029,10500,22
13029,12000,19
13029,12500,21
13029,13000,18
13029,13500,21
13029,14000,18
13029,14500,21
13029,15500,20
13029,16000,21
13029,16500,20
13029,17000,18
13029,17500,20
13029,18000,20
13029,18500,18
13029,19000,19
13029,20000,18
13029,20500,19
13051,500,21
13051,5000,18
13051,10500,21
13051,12000,22
13051,12500,25
13051,13000,23
13051,13500,22
13051,14000,25
13051,14500,24
13051,15000,22
13051,15500,21
13051,16000,23
13051,16500,20
13051,17000,23
13051,17500,22
13051,18000,20
13051,18500,22
13051,19000,17
13051,20500,20
13097,500,8
13097,1000,11
13097,1500,13
13097,2000,13
13097,5000,8
13097,10500,7
13097,12000,8
13097,12500,10
13097,13000,10
13097,13500,12
13097,14000,14
13097,14500,14
13097,15000,7
13097,15500,16
13097,16000,11
13097,16500,10
13097,17000,9
13097,17500,11
13097,18000,14
13097,18500,14
13097,19000,14
13097,20000,14
13097,20500,7
1390,500,10
1390,1000,11
1390,1500,11
1390,2000,12
1390,2500,13
1390,3000,10
1390,3500,11
1390,4000,13
1390,4500,10
1390,5000,9
1390,5500,11
1390,6000,13
1390,6500,14
1390,7000,14
1390,7500,18
1390,8500,19
1390,10000,20
1390,12000,11
1390,12500,12
1390,13500,9
1390,14500,10
1390,15500,11
1390,16500,12
1390,17000,8
1390,18500,8
1390,19000,10
1390,19500,10
1390,20000,11
1390,20500,10
1432,500,13
1432,1500,14
1432,3500,11
1432,6000,15
1432,8000,15
1432,8500,11
1432,9000,16
1432,9500,20
1432,10000,17
1432,10500,13
1432,11000,19
1432,13000,13
1432,14000,16
1432,15500,8
1432,16500,13
1432,17500,11
1432,18500,13
1432,19000,12
1432,19500,13
1432,20500,15
14410,5000,13
14410,10500,14
14410,12000,17
14410,12500,13
14410,13000,17
14410,13500,15
14410,14000,21
14410,14500,16
14410,15500,18
14410,16000,17
14410,16500,16
14410,17000,9
14410,17500,15
14410,18000,13
14410,18500,12
1445,500,13
1445,1000,9
1445,1500,8
1445,2000,8
1445,2500,11
1445,3000,18
1445,3500,15
1445,4000,9
1445,5000,11
1445,10500,11
1445,12000,12
1445,12500,11
1445,13000,11
1445,13500,14
1445,14000,12
1445,14500,12
1445,15000,11
1445,15500,10
1445,16000,11
1445,16500,10
1445,17000,9
1445,17500,12
1445,18000,14
1445,18500,13
1445,19000,10
1445,19500,10
1445,20000,10
1445,20500,10
1448,500,27
1448,1000,23
1448,1500,19
1448,2000,20
1448,2500,19
1448,3500,18
1448,4000,17
1448,5000,23
1448,5500,17
1448,6000,18
1448,6500,19
1448,7000,20
1448,7500,20
1448,8000,18
1448,10500,25
1448,12000,25
1448,12500,22
1448,13000,26
1448,13500,24
1448,14000,21
1448,14500,26
1448,15000,24
1448,15500,23
1448,16000,25
1448,16500,19
1448,17000,19
1448,17500,22
1448,18000,23
1448,18500,23
1448,19000,22
1448,19500,21
1448,20000,20
1448,20500,26
14498,500,19
14498,5000,16
14498,10500,10
14498,12000,14
14498,12500,16
14498,13000,13
14498,13500,13
14498,14000,16
14498,14500,20
14498,15000,18
14498,15500,17
14498,16000,16
14498,16500,17
14498,17000,14
14498,17500,17
14498,18000,16
14498,18500,13
14498,19000,12
14498,19500,18
14498,20000,17
14498,20500,13
14549,500,15
14549,1000,13
14549,1500,13
14549,2000,14
14549,2500,17
14549,3000,12
14549,3500,11
14549,4000,11
14549,4500,11
14549,5000,12
14549,5500,9
14549,6500,11
14549,10500,12
14549,12000,9
14549,12500,12
14549,13000,15
14549,13500,13
14549,14000,12
14549,14500,10
14549,15000,12
14549,15500,13
14549,16000,11
14549,16500,12
14549,17000,12
14549,17500,9
14549,18000,13
14549,18500,14
14549,19000,12
14549,19500,14
14549,20000,11
14549,20500,14
14674,1000,18
14674,1500,20
14674,2000,12
14674,5000,16
14674,10500,15
14674,12000,13
14674,12500,16
14674,13000,13
14674,13500,18
14674,14000,14
14674,14500,16
14674,15500,14
14674,16000,13
14674,16500,18
14674,17000,19
14674,17500,18
14674,18000,18
14674,18500,17
14674,19000,16
14674,19500,20
14674,20000,16
14674,20500,15
14676,500,12
14676,5000,13
14676,10500,13
14676,12000,7
14676,12500,14
14676,13000,10
14676,13500,10
14676,14000,10
14676,14500,8
14676,15000,12
14676,15500,9
14676,16000,12
14676,16500,13
14676,17000,15
14676,17500,19
14676,18500,15
14676,19500,14
14676,20500,13
14682,500,21
14682,5000,14
14682,10500,15
14682,12000,14
14682,12500,15
14682,13000,10
14682,13500,15
14682,14000,18
14682,14500,7
14682,15000,17
14682,15500,12
14682,16500,14
14682,17000,15
14682,17500,12
14682,18000,9
14682,18500,15
14682,19500,13
14682,20500,21
14792,500,9
14792,1000,10
14792,1500,9
14792,2000,7
14792,2500,13
14792,3000,7
14792,3500,12
14792,4000,11
14792,4500,18
14792,5000,9
14792,10500,9
14792,12000,9
14792,12500,10
14792,13000,8
14792,13500,9
14792,14000,8
14792,14500,10
14792,15000,7
14792,15500,10
14792,16000,12
14792,16500,9
14792,17000,10
14792,17500,8
14792,18000,8
14792,18500,8
14792,19000,12
14792,19500,14
14792,20000,9
14792,20500,10
14803,500,16
14803,2000,15
14803,2500,12
14803,3000,14
14803,3500,9
14803,4000,10
14803,4500,12
14803,5500,16
14803,10500,14
14803,12000,15
14803,12500,13
14803,13000,17
14803,13500,16
14803,14000,12
14803,14500,16
14803,15000,13
14803,15500,19
14803,16000,12
14803,16500,17
14803,17000,19
14803,17500,17
14803,18000,16
14803,18500,19
14803,19000,19
14803,19500,18
14803,20000,16
14803,20500,15
14884,500,16
14884,1000,13
14884,1500,17
14884,2000,14
14884,2500,11
14884,3000,16
14884,3500,11
14884,4000,13
14884,5000,13
14884,10500,15
14884,12000,17
14884,12500,16
14884,13000,22
14884,13500,16
14884,14000,16
14884,14500,14
14884,15000,15
14884,15500,19
14884,16000,17
14884,16500,16
14884,17000,16
14884,17500,18
14884,18000,16
14884,18500,16
14884,19000,22
14884,19500,16
14884,20000,21
14884,20500,15
14911,500,16
14911,5000,19
14911,10500,17
14911,12000,13
14911,12500,14
14911,13000,14
14911,13500,14
14911,14000,20
14911,14500,15
14911,15000,14
14911,15500,16
14911,16000,17
14911,16500,16
14911,17000,19
14911,17500,15
14911,18000,20
14911,18500,19
14911,19000,16
14911,19500,17
14911,20000,14
14911,20500,13
14923,500,12
14923,1000,12
14923,1500,10
14923,3000,13
14923,3500,13
14923,4000,14
14923,4500,13
14923,5000,12
14923,10500,9
14923,12500,11
14923,13000,11
14923,14000,11
14923,14500,12
14923,15000,10
14923,15500,13
14923,16000,13
14923,16500,13
14923,17000,12
14923,18000,12
14923,18500,11
14923,20500,10
14944,500,16
14944,1000,12
14944,1500,12
14944,2000,17
14944,2500,11
14944,3000,12
14944,3500,13
14944,5000,13
14944,12000,11
14944,13500,11
14944,15000,11
14944,16500,12
14944,17500,10
14944,18500,10
14944,19500,12
14944,20000,9
14944,20500,10
14948,500,18
14948,5000,19
14948,10500,13
14948,12000,15
14948,12500,17
14948,13000,15
14948,13500,14
14948,14000,14
14948,14500,13
14948,15000,19
14948,15500,17
14948,16000,14
14948,16500,14
14948,17000,15
14948,17500,13
14948,20000,5
14948,20500,17
14951,500,17
14951,1000,19
14951,2000,9
14951,2500,13
14951,3000,17
14951,3500,18
14951,5000,14
14951,10500,14
14951,12500,15
14951,13000,16
14951,13500,13
14951,14000,11
14951,14500,13
14951,15000,16
14951,15500,12
14951,16000,12
14951,16500,14
14951,17000,12
14951,17500,13
14951,18000,12
14951,18500,14
14951,19000,17
14951,19500,13
14951,20000,19
15032,500,17
15032,5000,16
15032,10500,14
15032,12000,15
15032,12500,13
15032,13000,16
15032,13500,16
15032,14000,17
15032,14500,14
15032,15000,15
15032,15500,13
15032,16000,9
15032,16500,11
15032,17000,9
15032,17500,12
15032,18000,12
15032,18500,12
15032,19000,19
15032,19500,20
15032,20500,14
15035,1000,19
15035,5000,15
15035,10500,15
15035,12000,19
15035,12500,15
15035,13000,14
15035,13500,13
15035,14000,14
15035,14500,9
15035,15500,14
15035,16000,11
15035,16500,11
15035,17000,11
15035,17500,14
15035,18000,13
15035,18500,17
15035,19000,16
15035,19500,14
15035,20000,16
15035,20500,13
15081,4000,21
15081,5000,22
15081,8000,20
15081,9000,18
15081,9500,17
15081,10000,13
15081,11000,13
15081,13500,17
15081,16000,17
15081,17000,19
15081,18000,19
15081,20000,21
15081,20500,20
15088,500,24
15088,1500,26
15088,4000,22
15088,4500,25
15088,5500,25
15088,6000,24
15088,6500,22
15088,7000,15
15088,7500,19
15088,8000,15
15088,8500,19
15088,9000,15
15088,9500,11
15088,10000,15
15088,11000,18
15088,12000,20
15088,13500,25
15088,16000,23
15088,18500,26
15136,500,29
15136,1000,17
15136,1500,17
15136,2000,18
15136,2500,16
15136,3000,15
15136,5000,25
15136,10500,20
15136,12000,20
15136,12500,22
15136,13000,19
15136,13500,19
15136,14000,16
15136,14500,20
15136,15000,21
15136,15500,25
15136,16000,20
15136,16500,18
15136,17000,20
15136,17500,17
15136,18000,22
15136,18500,21
15136,19000,18
15136,19500,20
15136,20000,19
15136,20500,21
15138,500,21
15138,5000,15
15138,10500,20
15138,12000,16
15138,12500,16
15138,13000,17
15138,13500,17
15138,14000,20
15138,14500,17
15138,15000,19
15138,15500,15
15138,16000,16
15138,16500,16
15138,17000,15
15138,17500,15
15138,18000,16
15138,18500,16
15138,19000,17
15138,19500,14
15138,20500,18
15142,500,22
15142,1000,19
15142,1500,20
15142,2000,22
15142,2500,15
15142,3000,16
15142,3500,16
15142,4000,17
15142,4500,20
15142,12000,26
15142,12500,26
15142,13000,28
15142,14000,32
15142,14500,25
15142,15000,26
15142,15500,24
15142,16500,23
15142,17000,21
15142,17500,26
15142,18000,21
15142,18500,16
15142,19000,20
15142,19500,26
15142,20000,18
15142,20500,25
15185,500,8
15185,1000,8
15185,1500,8
15185,2000,7
15185,2500,8
15185,3000,7
15185,3500,9
15185,4000,15
15185,5000,9
15185,10500,9
15185,12000,9
15185,12500,10
15185,13000,8
15185,13500,7
15185,14000,7
15185,14500,10
15185,15000,9
15185,15500,7
15185,16000,11
15185,16500,11
15185,17000,12
15185,17500,15
15185,18000,10
15185,18500,10
15185,19000,11
15185,19500,11
15185,20000,9
15185,20500,11
15189,500,8
15189,1000,11
15189,1500,8
15189,2000,6
15189,2500,8
15189,3000,8
15189,3500,9
15189,5500,11
15189,10500,8
15189,12000,9
15189,13000,9
15189,13500,9
15189,14500,7
15189,15000,11
15189,15500,6
15189,16000,9
15189,16500,9
15189,17000,12
15189,17500,9
15189,18000,10
15189,18500,9
15189,19000,9
15189,19500,7
15189,20000,7
15189,20500,8
15191,500,21
15191,1000,15
15191,1500,14
15191,10500,10
15191,12000,18
15191,13500,12
15191,15500,25
15191,16500,18
15191,17000,21
15191,17500,17
15191,18500,16
15191,19000,21
15191,19500,15
15191,20000,15
15191,20500,18
1520,500,23
1520,1000,21
1520,1500,20
1520,2000,19
1520,2500,18
1520,3000,22
1520,3500,17
1520,5000,21
1520,10500,22
1520,12000,24
1520,12500,16
1520,13000,15
1520,13500,19
1520,14000,15
1520,14500,19
1520,15000,18
1520,15500,18
1520,16000,20
1520,16500,21
1520,17000,19
1520,17500,21
1520,18000,20
1520,18500,20
1520,19000,20
1520,19500,22
1520,20000,22
1520,20500,25
15201,500,10
15201,1000,14
15201,1500,12
15201,2000,13
15201,2500,14
15201,3000,12
15201,3500,11
15201,4000,16
15201,5000,11
15201,10500,13
15201,12000,12
15201,13500,14
15201,14000,9
15201,14500,10
15201,15000,12
15201,15500,10
15201,16000,12
15201,16500,10
15201,17000,14
15201,17500,11
15201,18000,13
15201,18500,15
15201,19000,14
15201,20000,14
15201,20500,13
15214,500,6
15214,1000,8
15214,5000,7
15214,12000,7
15214,13000,5
15214,14000,7
15214,14500,6
15214,15000,7
15214,15500,5
15214,16000,7
15214,16500,9
15214,17000,7
15214,17500,8
15214,18000,9
15214,18500,8
15214,19000,10
15214,19500,6
15214,20000,7
15214,20500,7
1523,500,15
1523,1000,15
1523,1500,15
1523,2000,16
1523,2500,15
1523,3000,19
1523,3500,15
1523,4000,11
1523,4500,14
1523,5000,15
1523,5500,14
1523,6000,12
1523,6500,10
1523,7500,9
1523,8000,8
1523,10500,13
1523,12000,12
1523,12500,14
1523,13000,15
1523,13500,13
1523,14000,12
1523,14500,15
1523,15000,11
1523,15500,17
1523,16000,14
1523,16500,15
1523,17000,15
1523,17500,17
1523,18000,16
1523,18500,18
1523,19000,14
1523,19500,18
1523,20000,16
1523,20500,16
15244,500,30
15244,1500,25
15244,2000,24
15244,3000,21
15244,3500,21
15244,4000,27
15244,4500,25
15244,5000,24
15244,10500,25
15244,12000,21
15244,12500,23
15244,13000,24
15244,13500,19
15244,14000,20
15244,14500,17
15244,15000,24
15244,15500,20
15244,16000,21
15244,16500,19
15244,17500,21
15244,18000,17
15244,19000,19
15244,20000,22
15244,20500,24
15292,500,33
15292,1000,16
15292,1500,14
15292,2000,18
15292,3000,12
15292,5000,21
15292,10500,16
15292,12000,19
15292,12500,25
15292,13000,22
15292,13500,25
15292,14500,22
15292,15000,20
15292,15500,15
15292,16000,16
15292,17000,14
15292,18000,13
15292,18500,18
15292,20000,16
15302,500,25
15302,1000,21
15302,1500,16
15302,2000,19
15302,2500,12
15302,3000,14
15302,3500,22
15302,4000,15
15302,5000,28
15302,10500,27
15302,12000,26
15302,12500,25
15302,13000,25
15302,13500,23
15302,14000,26
15302,14500,21
15302,15000,28
15302,15500,23
15302,16000,22
15302,16500,24
15302,17000,21
15302,17500,25
15302,18000,24
15302,18500,25
15302,19000,22
15302,19500,21
15302,20000,22
15302,20500,26
15309,500,21
15309,5000,18
15309,10500,22
15309,12000,20
15309,12500,18
15309,13000,19
15309,13500,17
15309,14000,18
15309,14500,22
15309,15000,20
15309,15500,17
15309,16000,16
15309,16500,19
15309,17000,18
15309,17500,18
15309,18000,19
15309,18500,18
15309,19000,19
15309,19500,18
15309,20500,21
15325,500,30
15325,1000,18
15325,1500,14
15325,2500,16
15325,3000,20
15325,3500,16
15325,4000,19
15325,4500,27
15325,5000,25
15325,10500,19
15325,12000,19
15325,12500,18
15325,13500,17
15325,14000,17
15325,15000,26
15325,15500,13
15325,16000,21
15325,16500,16
15325,17000,15
15325,17500,13
15325,18000,23
15325,18500,17
15325,19000,21
15325,19500,21
15325,20000,17
15325,20500,27
15350,500,19
15350,1000,14
15350,1500,19
15350,2000,15
15350,2500,14
15350,3500,18
15350,4000,20
15350,4500,15
15350,5000,20
15350,5500,9
15350,6000,23
15350,6500,13
15350,10500,20
15350,12000,19
15350,12500,22
15350,13000,17
15350,13500,16
15350,14000,18
15350,14500,18
15350,15000,22
15350,15500,16
15350,16000,16
15350,16500,17
15350,17000,18
15350,17500,16
15350,18000,14
15350,18500,15
15350,19000,20
15350,19500,16
15350,20000,17
15350,20500,21
15356,500,21
15356,1000,21
15356,1500,24
15356,2000,21
15356,2500,21
15356,3000,20
15356,3500,18
15356,4000,22
15356,4500,22
15356,5000,18
15356,10500,20
15356,12000,16
15356,12500,21
15356,13000,20
15356,13500,17
15356,14000,20
15356,14500,20
15356,15000,19
15356,15500,20
15356,16000,18
15356,16500,17
15356,17000,22
15356,17500,19
15356,18000,20
15356,18500,22
15356,19000,21
15356,19500,19
15356,20000,20
15356,20500,18
15368,500,10
15368,1000,11
15368,1500,10
15368,2000,10
15368,3500,11
15368,4000,12
15368,5000,12
15368,5500,9
15368,6000,9
15368,6500,9
15368,10500,11
15368,12000,11
15368,12500,10
15368,13000,11
15368,13500,11
15368,14000,11
15368,14500,10
15368,15500,10
15368,16000,10
15368,16500,10
15368,17000,12
15368,17500,12
15368,18000,11
15368,18500,10
15368,19000,10
15368,19500,11
15368,20500,12
15392,500,16
15392,1500,12
15392,5000,17
15392,6000,14
15392,9000,13
15392,11000,13
15392,12500,12
15392,13500,17
15392,14000,17
15392,15500,15
15392,16000,14
15392,16500,15
15392,17000,16
15392,18000,19
15392,19000,16
15403,500,17
15403,5000,21
15403,10500,20
15403,12000,25
15403,12500,21
15403,13000,24
15403,13500,24
15403,14000,17
15403,14500,22
15403,15000,25
15403,15500,24
15403,16000,23
15403,16500,24
15403,17000,18
15403,17500,22
15403,18000,21
15403,18500,21
15403,19000,23
15403,19500,19
15403,20000,23
15403,20500,24
1541,1000,12
1541,1500,12
1541,3500,9
1541,5000,10
1541,5500,15
1541,7000,11
1541,8000,15
1541,12000,8
1541,12500,11
1541,13000,10
1541,13500,10
1541,14000,11
1541,14500,9
1541,15500,8
1541,16000,7
1541,16500,9
1541,17000,6
1541,17500,8
1541,18000,12
1541,18500,9
1541,19000,8
1541,19500,9
1541,20000,10
15413,500,9
15413,1000,13
15413,5000,12
15413,10500,13
15413,12000,10
15413,12500,7
15413,13000,9
15413,13500,11
15413,14500,10
15413,15000,9
15413,15500,9
15413,16000,8
15413,16500,12
15413,17000,13
15413,17500,10
15413,18000,12
15413,18500,12
15413,19000,10
15413,19500,12
15413,20000,11
15413,20500,9
15420,500,13
15420,1500,9
15420,5000,14
15420,10500,14
15420,12000,10
15420,12500,14
15420,13500,11
15420,14000,13
15420,14500,11
15420,15000,12
15420,15500,12
15420,16000,14
15420,18000,7
15420,18500,9
15420,19000,7
15420,20000,11
15420,20500,15
15462,500,18
15462,5000,19
15462,10500,24
15462,12000,19
15462,12500,18
15462,13000,21
15462,13500,15
15462,14000,18
15462,14500,15
15462,15000,18
15462,15500,24
15462,16000,15
15462,16500,18
15462,17000,19
15462,17500,18
15462,18000,19
15462,18500,19
15462,19000,15
15462,20500,15
15586,500,14
15586,1000,14
15586,2500,14
15586,3000,13
15586,3500,15
15586,4000,13
15586,4500,12
15586,5000,16
15586,6000,19
15586,6500,18
15586,7000,15
15586,7500,16
15586,8000,14
15586,8500,10
15586,9500,10
15586,10000,13
15586,10500,14
15586,12500,15
15586,13500,14
15586,14000,14
15586,14500,14
15586,15000,15
15586,15500,17
15586,16000,12
15586,16500,19
15586,17000,18
15586,18000,18
15586,18500,16
15586,19500,15
15586,20500,12
15588,1000,16
15588,1500,13
15588,2500,15
15588,3000,14
15588,3500,14
15588,5000,17
15588,10500,16
15588,12000,15
15588,12500,15
15588,13000,13
15588,13500,13
15588,14000,14
15588,14500,14
15588,15500,14
15588,16000,13
15588,16500,12
15588,17000,12
15588,17500,15
15588,18000,12
15588,18500,12
15588,19500,14
15588,20000,13
15594,500,17
15594,5000,20
15594,10500,22
15594,12500,16
15594,13000,13
15594,13500,11
15594,14000,17
15594,14500,19
15594,15500,15
15594,16000,16
15594,16500,19
15594,17000,20
15594,17500,13
15594,18000,18
15594,18500,16
15594,19000,18
15594,20500,16
15646,5000,13
15646,10500,14
15646,12000,16
15646,12500,14
15646,13000,17
15646,13500,16
15646,14000,18
15646,14500,16
15646,15500,15
15646,16000,15
15646,16500,15
15646,17000,14
15646,17500,15
15646,18000,17
15646,18500,20
15646,19000,20
15646,20500,18
15667,500,14
15667,1000,11
15667,5000,10
15667,10500,12
15667,12000,12
15667,12500,13
15667,13000,10
15667,13500,11
15667,14000,13
15667,14500,14
15667,15000,13
15667,15500,14
15667,16000,15
15667,16500,16
15667,17000,15
15667,17500,12
15667,18000,13
15667,18500,14
15667,19000,11
15667,19500,12
15667,20000,14
15667,20500,12
15680,500,14
15680,1000,18
15680,2000,15
15680,2500,17
15680,3000,14
15680,3500,12
15680,4000,15
15680,5000,18
15680,12000,14
15680,13000,15
15680,13500,16
15680,14500,15
15680,15000,13
15680,15500,19
15680,16000,13
15680,16500,15
15680,17000,15
15680,17500,18
15680,18000,17
15680,19000,16
15680,19500,17
15680,20000,18
15680,20500,12
15682,500,19
15682,1000,21
15682,1500,25
15682,2000,22
15682,5000,18
15682,10500,15
15682,12000,17
15682,12500,21
15682,13500,19
15682,14000,23
15682,14500,24
15682,15000,16
15682,15500,23
15682,16000,17
15682,16500,19
15682,17000,19
15682,17500,19
15682,18500,18
15682,19000,19
15682,19500,23
15682,20000,17
15682,20500,18
1569,500,19
1569,1000,12
1569,1500,21
1569,2000,16
1569,2500,19
1569,3000,16
1569,3500,19
1569,5000,19
1569,10500,19
1569,12000,19
1569,12500,17
1569,13000,19
1569,13500,18
1569,14000,21
1569,14500,23
1569,15000,17
1569,15500,17
1569,16000,19
1569,16500,18
1569,17000,17
1569,17500,20
1569,18000,18
1569,18500,19
1569,19000,25
1569,19500,22
1569,20000,15
1569,20500,18
15713,500,10
15713,1000,10
15713,1500,11
15713,2000,13
15713,2500,14
15713,3000,14
15713,5000,9
15713,10500,9
15713,12000,10
15713,12500,12
15713,13000,10
15713,13500,9
15713,14000,12
15713,14500,14
15713,15000,11
15713,15500,13
15713,16000,11
15713,16500,15
15713,17000,13
15713,17500,14
15713,18000,11
15713,18500,14
15713,19000,13
15713,19500,12
15713,20000,15
15713,20500,10
15715,500,12
15715,1000,15
15715,1500,16
15715,2500,13
15715,3500,15
15715,4500,13
15715,5500,13
15715,10500,13
15715,12000,13
15715,13000,12
15715,13500,11
15715,14500,12
15715,15000,7
15715,15500,11
15715,16000,11
15715,16500,15
15715,18500,13
15715,19500,11
15715,20500,12
15719,500,18
15719,1500,10
15719,2500,12
15719,5000,18
15719,12000,15
15719,12500,16
15719,13000,17
15719,13500,13
15719,14000,14
15719,14500,15
15719,15000,19
15719,16000,14
15719,16500,15
15719,17000,14
15719,17500,15
15719,18000,15
15719,19000,14
15719,19500,14
15719,20000,13
15719,20500,17
15724,500,8
15724,1000,11
15724,1500,12
15724,2000,6
15724,5000,6
15724,10500,8
15724,12000,6
15724,12500,7
15724,13000,8
15724,13500,7
15724,14000,9
15724,14500,10
15724,15000,7
15724,15500,6
15724,16000,6
15724,16500,6
15724,17000,9
15724,17500,8
15724,18000,6
15724,18500,6
15724,19000,8
15724,19500,9
15724,20000,9
15724,20500,7
15732,500,20
15732,5000,22
15732,10500,17
15732,12000,19
15732,12500,17
15732,13000,18
15732,13500,20
15732,14000,22
15732,14500,19
15732,15000,17
15732,15500,18
15732,16000,20
15732,16500,17
15732,17000,18
15732,17500,18
15732,18000,21
15732,20500,17
15734,500,18
15734,1000,14
15734,1500,14
15734,2000,16
15734,2500,16
15734,4000,18
15734,4500,14
15734,5500,14
15734,6000,23
15734,10500,10
15734,12000,11
15734,13500,8
15734,14500,14
15734,15000,18
15734,15500,12
15734,16000,15
15734,16500,15
15734,17000,12
15734,17500,13
15734,18000,12
15734,19500,16
15734,20000,15
15738,500,22
15738,5000,22
15738,10500,28
15738,12000,25
15738,12500,31
15738,13000,26
15738,13500,28
15738,14000,31
15738,14500,29
15738,15000,22
15738,15500,30
15738,16000,29
15738,16500,32
15738,17000,28
15738,17500,29
15738,18000,33
15738,18500,29
15738,19000,31
15738,19500,32
15738,20000,24
15738,20500,23
1574,500,23
1574,1000,21
1574,2000,22
1574,2500,23
1574,3000,25
1574,3500,23
1574,4000,21
1574,5000,20
1574,10500,28
1574,12000,24
1574,12500,23
1574,13000,22
1574,13500,25
1574,14000,24
1574,14500,21
1574,15000,25
1574,15500,20
1574,16000,23
1574,16500,22
1574,17000,16
1574,17500,22
1574,18000,19
1574,18500,18
1574,19000,17
1574,20000,21
1574,20500,23
15746,5000,13
15746,10500,14
15746,12000,14
15746,12500,14
15746,13000,15
15746,13500,15
15746,14000,12
15746,14500,13
15746,15500,14
15746,16000,13
15746,16500,15
15746,17000,16
15746,17500,18
15746,18000,17
15746,18500,17
15746,19000,14
15746,19500,17
15762,1000,20
15762,1500,20
15762,5000,21
15762,10500,21
15762,12000,16
15762,12500,18
15762,13000,21
15762,13500,19
15762,14000,22
15762,14500,20
15762,15000,20
15762,15500,23
15762,16000,21
15762,16500,16
15762,17000,14
15762,17500,21
15762,18000,22
15762,18500,22
15762,19000,18
15762,19500,21
15762,20000,24
15762,20500,19
15766,500,17
15766,1000,19
15766,2000,23
15766,3000,15
15766,4000,13
15766,5500,18
15766,6000,17
15766,6500,17
15766,7500,17
15766,8500,11
15766,10500,14
15766,12000,16
15766,12500,21
15766,13500,17
15766,14000,13
15766,14500,16
15766,15000,13
15766,15500,15
15766,16000,13
15766,16500,17
15766,17000,18
15766,17500,13
15766,18000,15
15766,18500,19
15766,19000,17
15766,19500,24
15766,20000,23
15766,20500,18
15768,500,17
15768,5000,15
15768,10500,13
15768,12000,12
15768,12500,12
15768,13000,13
15768,13500,14
15768,14000,15
15768,14500,15
15768,15000,14
15768,15500,16
15768,16000,15
15768,16500,17
15768,17500,15
15768,18500,14
15768,20500,16
15776,500,12
15776,1000,13
15776,1500,14
15776,2000,14
15776,2500,19
15776,3000,11
15776,4000,14
15776,4500,13
15776,5000,15
15776,5500,12
15776,6000,10
15776,10500,13
15776,12000,10
15776,12500,11
15776,13000,11
15776,14000,12
15776,14500,9
15776,16000,13
15776,16500,12
15776,17000,13
15776,17500,14
15776,18000,11
15776,19000,17
15776,20000,14
15776,20500,13
15778,500,20
15778,1000,16
15778,1500,17
15778,2000,12
15778,2500,12
15778,3000,15
15778,3500,17
15778,5000,19
15778,12000,16
15778,13000,13
15778,13500,14
15778,14500,15
15778,15000,20
15778,15500,17
15778,16000,13
15778,16500,15
15778,17000,11
15778,17500,19
15778,18000,14
15778,18500,18
15778,19000,15
15778,19500,16
15778,20000,14
15778,20500,15
15793,500,20
15793,1000,20
15793,1500,19
15793,2000,18
15793,2500,21
15793,3000,20
15793,3500,18
15793,5000,19
15793,10500,15
15793,12000,17
15793,12500,14
15793,13000,15
15793,13500,14
15793,14000,16
15793,14500,14
15793,15000,18
15793,15500,15
15793,16000,11
15793,16500,15
15793,17000,18
15793,17500,18
15793,18000,17
15793,18500,13
15793,19000,13
15793,19500,20
15793,20000,21
15793,20500,19
15829,500,12
15829,1500,12
15829,2000,9
15829,2500,9
15829,5000,11
15829,10500,14
15829,12000,9
15829,12500,10
15829,13000,8
15829,13500,10
15829,15000,10
15829,15500,7
15829,17000,11
15829,18000,10
15829,18500,12
15829,19000,8
15829,20000,11
15831,500,21
15831,1000,20
15831,2000,20
15831,3000,15
15831,8500,18
15831,10500,18
15831,12000,18
15831,12500,17
15831,13000,19
15831,13500,18
15831,14000,14
15831,14500,15
15831,15000,15
15831,16000,18
15831,16500,20
15831,17000,16
15831,17500,16
15831,18500,21
15831,19000,18
15831,20000,17
15831,20500,17
15855,500,14
15855,5000,16
15855,10500,20
15855,12000,19
15855,12500,13
15855,13000,18
15855,13500,21
15855,14000,19
15855,14500,23
15855,15000,15
15855,15500,19
15855,16000,21
15855,16500,27
15855,17000,21
15855,17500,16
15855,18000,19
15855,20500,12
15866,500,16
15866,1000,12
15866,1500,14
15866,5000,13
15866,10500,12
15866,12000,13
15866,12500,14
15866,13000,16
15866,13500,13
15866,14000,16
15866,14500,14
15866,15000,18
15866,15500,12
15866,16000,14
15866,16500,11
15866,17000,16
15866,17500,16
15866,18000,14
15866,18500,15
15866,19000,16
15866,19500,17
15866,20000,14
15866,20500,19
15872,500,11
15872,1000,8
15872,1500,11
15872,2000,9
15872,2500,11
15872,3000,9
15872,4500,11
15872,5500,16
15872,10500,9
15872,12500,12
15872,13500,9
15872,14500,11
15872,16000,10
15872,16500,10
15872,17500,10
15872,18000,8
15872,18500,11
15872,19000,10
15872,20000,15
15872,20500,12
15876,500,18
15876,1000,23
15876,1500,20
15876,2000,20
15876,2500,21
15876,3000,15
15876,5000,16
15876,7000,14
15876,10000,16
15876,10500,14
15876,12000,16
15876,12500,17
15876,13000,16
15876,13500,17
15876,14000,12
15876,14500,18
15876,15000,15
15876,15500,19
15876,16000,16
15876,16500,19
15876,17000,17
15876,17500,17
15876,18000,21
15876,18500,21
15876,19000,20
15876,19500,20
15876,20000,19
15876,20500,15
15878,500,18
15878,1000,19
15878,1500,17
15878,2000,14
15878,2500,13
15878,5000,16
15878,10500,21
15878,12500,20
15878,13000,20
15878,13500,20
15878,14500,20
15878,15000,20
15878,15500,21
15878,16000,14
15878,16500,16
15878,17000,17
15878,17500,19
15878,18000,21
15878,18500,19
15878,19000,23
15878,19500,19
15878,20000,22
15878,20500,20
1590,500,13
1590,5000,16
1590,10500,15
1590,12000,15
1590,12500,11
1590,13000,12
1590,13500,12
1590,14000,13
1590,14500,14
1590,15000,14
1590,15500,12
1590,16000,17
1590,16500,16
1590,17000,12
1590,17500,17
1590,18000,16
1590,18500,19
1590,20500,15
15902,500,8
15902,1000,14
15902,1500,14
15902,2000,12
15902,2500,11
15902,3000,8
15902,3500,12
15902,4000,10
15902,4500,7
15902,5000,9
15902,10500,9
15902,12000,6
15902,12500,10
15902,13000,10
15902,14000,9
15902,14500,8
15902,15500,7
15902,16500,15
15902,17500,11
15902,18000,14
15902,18500,12
15902,19000,18
15902,19500,15
15902,20000,12
15902,20500,9
15904,500,28
15904,1000,18
15904,1500,17
15904,2000,24
15904,2500,24
15904,3000,26
15904,5000,21
15904,10500,21
15904,12000,19
15904,12500,19
15904,13000,20
15904,13500,19
15904,14000,21
15904,14500,21
15904,15000,30
15904,15500,18
15904,16000,19
15904,16500,19
15904,17000,18
15904,17500,20
15904,18000,18
15904,18500,20
15904,19000,19
15904,19500,16
15904,20000,18
15904,20500,23
15919,500,14
15919,1000,8
15919,2000,6
15919,2500,5
15919,5000,15
15919,10500,9
15919,12000,12
15919,12500,15
15919,13500,10
15919,14000,10
15919,14500,11
15919,15000,13
15919,16000,11
15919,16500,13
15919,17000,12
15919,18500,9
15919,20000,7
15919,20500,13
15922,500,22
15922,1000,24
15922,5000,16
15922,10500,18
15922,12500,18
15922,13000,19
15922,13500,21
15922,14000,18
15922,15000,22
15922,15500,23
15922,16000,21
15922,16500,23
15922,17000,15
15922,17500,17
15922,18000,19
15922,18500,22
15922,19000,20
15922,19500,19
15922,20000,20
15922,20500,16
15925,500,21
15925,1000,21
15925,1500,15
15925,2000,21
15925,2500,23
15925,3000,20
15925,5000,21
15925,12000,16
15925,12500,17
15925,13000,18
15925,13500,17
15925,14000,20
15925,14500,16
15925,15000,13
15925,15500,21
15925,16000,21
15925,16500,20
15925,17000,22
15925,18000,17
15925,18500,17
15925,19000,22
15925,20000,24
15925,20500,20
15929,500,26
15929,1000,18
15929,1500,23
15929,2000,23
15929,2500,9
15929,3000,15
15929,10500,21
15929,13000,22
15929,14000,20
15929,15000,25
15929,15500,19
15929,17000,18
15929,18000,19
15929,18500,20
15929,19000,21
15929,19500,19
15929,20500,21
15967,500,20
15967,5000,20
15967,10500,12
15967,12500,11
15967,14000,11
15967,15000,12
15967,16000,11
15967,16500,13
15967,17500,16
15967,18000,10
15967,18500,12
15967,19500,13
15967,20500,17
15976,500,12
15976,1500,19
15976,2000,14
15976,2500,16
15976,3500,16
15976,4000,19
15976,4500,13
15976,5000,15
15976,5500,23
15976,6000,19
15976,6500,21
15976,10500,13
15976,12000,12
15976,12500,13
15976,13000,16
15976,13500,12
15976,14000,15
15976,14500,15
15976,15000,14
15976,15500,17
15976,16000,17
15976,16500,15
15976,17000,13
15976,17500,18
15976,18500,22
15976,19000,23
15976,20000,16
15976,20500,15
16016,500,13
16016,1000,13
16016,10500,11
16016,12000,12
16016,13000,11
16016,13500,15
16016,14000,12
16016,14500,13
16016,15000,14
16016,15500,15
16016,16000,11
16016,17000,10
16016,17500,14
16016,18000,13
16016,18500,13
16016,19000,14
16016,19500,10
16016,20000,12
16016,20500,13
1604,500,23
1604,5000,21
1604,12000,25
1604,12500,20
1604,13000,19
1604,15000,20
1604,15500,15
1604,17500,21
1604,18500,14
1604,19500,12
16054,500,11
16054,1000,10
16054,1500,12
16054,2000,16
16054,2500,8
16054,3000,8
16054,3500,17
16054,4000,13
16054,4500,14
16054,5000,10
16054,5500,14
16054,6000,12
16054,6500,9
16054,7000,10
16054,12000,15
16054,12500,13
16054,13000,13
16054,13500,13
16054,14000,14
16054,14500,16
16054,15000,12
16054,15500,14
16054,16000,14
16054,16500,16
16054,17000,13
16054,17500,16
16054,18000,10
16054,18500,16
16054,19000,16
16054,19500,10
16054,20000,13
16054,20500,17
16075,500,5
16075,1500,10
16075,2000,13
16075,3500,14
16075,4000,19
16075,4500,13
16075,5000,10
16075,6500,13
16075,9000,18
16075,9500,14
16075,10500,15
16075,11000,14
16075,11500,13
16075,12000,17
16075,12500,15
16075,13000,15
16075,13500,12
16075,14500,18
16075,15000,10
16075,16000,17
16075,18500,10
16075,19500,12
16075,20500,12
16081,500,15
16081,1000,14
16081,1500,17
16081,2000,17
16081,2500,17
16081,3000,19
16081,3500,18
16081,4000,16
16081,4500,16
16081,5000,15
16081,5500,12
16081,6000,13
16081,6500,13
16081,7000,19
16081,10500,14
16081,12000,15
16081,12500,15
16081,13000,15
16081,13500,15
16081,14000,13
16081,14500,12
16081,15000,14
16081,15500,14
16081,16000,13
16081,16500,18
16081,17000,13
16081,17500,16
16081,18000,17
16081,18500,18
16081,19000,14
16081,19500,13
16081,20000,15
16081,20500,15
16103,500,16
16103,1000,23
16103,1500,20
16103,2000,24
16103,2500,16
16103,3000,18
16103,3500,18
16103,4000,25
16103,4500,27
16103,5000,18
16103,10500,15
16103,12000,21
16103,12500,13
16103,13000,17
16103,13500,15
16103,14000,15
16103,14500,17
16103,15000,19
16103,15500,19
16103,16000,14
16103,16500,18
16103,17000,19
16103,17500,13
16103,18000,15
16103,18500,13
16103,19000,15
16103,19500,20
16103,20000,21
16103,20500,16
16111,1000,10
16111,1500,18
16111,2000,17
16111,2500,17
16111,3000,18
16111,3500,18
16111,4000,13
16111,4500,14
16111,5000,16
16111,5500,11
16111,8000,11
16111,10000,13
16111,10500,16
16111,11000,13
16111,13000,14
16111,14000,17
16111,15500,12
16111,16000,14
16111,16500,12
16111,17000,16
16111,18000,16
16111,18500,11
16111,19000,10
16111,19500,11
16111,20000,11
16129,500,24
16129,1500,24
16129,2000,22
16129,2500,24
16129,3000,28
16129,5000,20
16129,10500,15
16129,12000,19
16129,12500,15
16129,13000,19
16129,13500,22
16129,14000,24
16129,14500,19
16129,15000,23
16129,15500,22
16129,16000,22
16129,16500,21
16129,17000,24
16129,17500,20
16129,18500,23
16129,19000,23
16129,19500,24
16129,20000,20
16129,20500,24
16131,500,21
16131,5000,20
16131,10500,20
16131,12000,20
16131,12500,18
16131,13000,16
16131,13500,24
16131,14000,28
16131,14500,20
16131,15000,21
16131,15500,24
16131,16000,17
16131,16500,18
16131,17000,23
16131,17500,22
16131,18500,24
16131,19000,22
16131,20500,18
16133,500,17
16133,1000,9
16133,1500,12
16133,2000,12
16133,4500,10
16133,5000,13
16133,7500,11
16133,9500,13
16133,10500,10
16133,12000,10
16133,12500,11
16133,13000,12
16133,13500,10
16133,14000,11
16133,14500,12
16133,15000,13
16133,15500,12
16133,17000,9
16133,17500,9
16133,18000,11
16133,18500,12
16133,19000,12
16133,19500,16
16133,20000,11
16133,20500,13
16175,500,26
16175,1000,19
16175,1500,17
16175,2000,22
16175,2500,22
16175,3000,14
16175,3500,23
16175,4000,21
16175,4500,20
16175,5000,18
16175,6000,17
16175,6500,18
16175,7500,18
16175,8000,15
16175,9000,19
16175,9500,14
16175,10000,20
16175,10500,20
16175,11000,14
16175,12000,18
16175,12500,24
16175,13000,20
16175,13500,22
16175,14000,21
16175,14500,16
16175,15000,21
16175,15500,17
16175,16000,18
16175,16500,22
16175,17000,16
16175,17500,14
16175,18000,18
16175,18500,18
16175,19000,20
16175,19500,14
16175,20000,14
16175,20500,18
16179,500,23
16179,2000,20
16179,4000,14
16179,4500,16
16179,6000,18
16179,6500,22
16179,7000,24
16179,7500,23
16179,8000,23
16179,14500,23
16179,16500,24
16179,18000,25
16179,20000,21
1622,500,12
1622,1000,13
1622,1500,16
1622,2000,14
1622,2500,17
1622,3000,14
1622,3500,19
1622,4000,21
1622,4500,22
1622,5500,13
1622,10500,13
1622,12000,13
1622,12500,10
1622,13000,12
1622,13500,14
1622,14000,14
1622,14500,11
1622,15000,11
1622,15500,14
1622,16000,12
1622,17000,16
1622,18000,12
1622,18500,11
1622,19000,14
1622,19500,9
1622,20000,17
1622,20500,13
16231,500,25
16231,1000,26
16231,1500,26
16231,2000,22
16231,5000,22
16231,10500,20
16231,12000,22
16231,12500,20
16231,13000,20
16231,13500,18
16231,14000,20
16231,14500,20
16231,15000,21
16231,15500,19
16231,16000,21
16231,16500,17
16231,17000,15
16231,17500,17
16231,18000,25
16231,18500,21
16231,19000,20
16231,19500,19
16231,20000,23
16231,20500,19
16236,500,11
16236,5000,12
16236,10500,11
16236,12000,9
16236,12500,7
16236,13000,10
16236,13500,9
16236,14000,11
16236,14500,11
16236,15000,9
16236,16000,9
16236,16500,9
16236,17000,8
16236,17500,10
16236,18000,10
16236,18500,10
16236,20500,8
16238,500,12
16238,1000,14
16238,1500,13
16238,2000,12
16238,2500,11
16238,3000,10
16238,3500,12
16238,4000,9
16238,4500,8
16238,5000,13
16238,5500,10
16238,6000,10
16238,6500,12
16238,8000,9
16238,9500,10
16238,10500,12
16238,12000,13
16238,12500,11
16238,13000,11
16238,13500,14
16238,14000,12
16238,14500,10
16238,15000,11
16238,17000,11
16238,17500,11
16238,18000,13
16238,18500,12
16238,19000,16
16238,19500,12
16238,20000,16
16238,20500,13
1626,1000,21
1626,5000,19
1626,10500,17
1626,12000,13
1626,13000,13
1626,13500,17
1626,14000,14
1626,14500,16
1626,15000,21
1626,15500,14
1626,16000,12
1626,16500,16
1626,17000,14
1626,17500,18
1626,18000,19
1626,18500,15
1626,19000,16
1626,19500,16
1626,20000,20
1632,500,13
1632,1000,6
1632,1500,12
1632,2000,7
1632,2500,15
1632,3000,12
1632,5000,12
1632,10500,13
1632,12000,13
1632,12500,12
1632,13000,9
1632,13500,7
1632,14000,10
1632,14500,8
1632,15000,13
1632,15500,9
1632,16000,11
1632,16500,9
1632,17000,11
1632,17500,9
1632,18000,8
1632,18500,12
1632,19000,9
1632,19500,10
1632,20000,8
1632,20500,8
1633,500,27
1633,1000,21
1633,2000,21
1633,2500,21
1633,3500,21
1633,4000,21
1633,4500,17
1633,5000,23
1633,10500,20
1633,12000,27
1633,13000,22
1633,13500,25
1633,14500,24
1633,15000,24
1633,16000,20
1633,17000,22
1633,17500,27
1633,18000,23
1633,19000,25
1633,19500,20
1633,20000,23
1633,20500,19
1639,500,27
1639,1500,18
1639,2000,20
1639,2500,19
1639,3000,22
1639,5000,25
1639,10500,20
1639,12000,21
1639,12500,18
1639,13000,20
1639,13500,21
1639,14000,27
1639,15000,26
1639,15500,22
1639,16000,20
1639,16500,26
1639,17000,24
1639,17500,22
1639,18000,25
1639,18500,25
1639,19000,21
1639,19500,24
1639,20000,23
1639,20500,24
1642,500,23
1642,1000,16
1642,1500,22
1642,2500,16
1642,3500,12
1642,4000,18
1642,4500,16
1642,5000,19
1642,5500,19
1642,6500,18
1642,7500,11
1642,8500,13
1642,9000,13
1642,10000,19
1642,10500,17
1642,12000,19
1642,12500,16
1642,13000,20
1642,13500,19
1642,14000,22
1642,14500,18
1642,15000,20
1642,15500,17
1642,16000,19
1642,16500,13
1642,17000,15
1642,17500,14
1642,18500,19
1642,19500,18
1642,20500,23
1648,500,18
1648,2000,11
1648,2500,12
1648,3000,16
1648,3500,12
1648,4000,14
1648,5000,19
1648,5500,14
1648,6000,18
1648,8000,21
1648,10500,16
1648,12000,20
1648,12500,18
1648,13000,17
1648,13500,20
1648,14000,18
1648,14500,18
1648,15000,17
1648,15500,16
1648,16500,11
1648,17000,14
1648,18500,15
1648,19500,16
1648,20000,15
1648,20500,17
1650,500,12
1650,1000,25
1650,1500,23
1650,2000,24
1650,2500,18
1650,5000,11
1650,10500,11
1650,12000,9
1650,12500,11
1650,13000,11
1650,13500,10
1650,14000,10
1650,14500,11
1650,15000,8
1650,15500,11
1650,16000,10
1650,16500,8
1650,17000,11
1650,17500,13
1650,18000,14
1650,18500,13
1650,19000,14
1650,19500,15
1650,20000,18
1650,20500,8
1656,500,11
1656,1000,14
1656,1500,15
1656,2000,14
1656,2500,10
1656,3000,15
1656,3500,16
1656,5000,12
1656,10500,12
1656,12000,14
1656,12500,16
1656,13000,12
1656,13500,14
1656,14000,19
1656,14500,17
1656,15000,12
1656,15500,17
1656,16000,16
1656,16500,17
1656,17000,14
1656,17500,18
1656,18000,15
1656,18500,16
1656,19000,14
1656,19500,13
1656,20000,13
1656,20500,14
1657,500,11
1657,1000,13
1657,1500,16
1657,2000,15
1657,3000,13
1657,5000,10
1657,10500,12
1657,12000,10
1657,12500,10
1657,13000,11
1657,13500,13
1657,14000,10
1657,14500,10
1657,15000,14
1657,15500,10
1657,16000,8
1657,16500,8
1657,17000,10
1657,17500,13
1657,18000,15
1657,18500,17
1657,19000,11
1657,19500,12
1657,20000,16
1657,20500,12
1658,1500,15
1658,2500,24
1658,5000,26
1658,10500,17
1658,12000,16
1658,12500,24
1658,13000,16
1658,13500,26
1658,14500,25
1658,15000,21
1658,15500,19
1658,17000,21
1658,17500,18
1658,18000,19
1658,18500,15
1658,19000,19
1658,20000,17
1658,20500,21
1661,500,25
1661,1000,21
1661,1500,21
1661,2000,27
1661,2500,21
1661,3000,22
1661,3500,23
1661,4000,20
1661,4500,19
1661,5000,23
1661,5500,17
1661,10500,20
1661,12500,17
1661,13000,20
1661,14000,19
1661,14500,17
1661,15000,22
1661,16000,24
1661,16500,20
1661,17500,24
1661,18000,22
1661,18500,22
1661,19000,18
1663,500,22
1663,1000,15
1663,1500,18
1663,2000,18
1663,2500,20
1663,3000,18
1663,3500,19
1663,4000,19
1663,5000,15
1663,10500,15
1663,12500,14
1663,13000,18
1663,14000,18
1663,14500,16
1663,15000,22
1663,15500,18
1663,16000,13
1663,16500,12
1663,17000,15
1663,17500,16
1663,18000,16
1663,18500,17
1663,19000,14
1663,19500,18
1663,20000,15
1663,20500,13
1666,500,20
1666,1000,15
1666,1500,14
1666,5000,17
1666,10500,16
1666,12000,16
1666,12500,16
1666,13000,22
1666,13500,14
1666,14000,22
1666,14500,24
1666,15000,20
1666,15500,18
1666,16000,22
1666,16500,21
1666,17000,23
1666,17500,21
1666,18000,18
1666,18500,17
1666,19000,22
1666,19500,16
1666,20000,16
1666,20500,19
1667,500,20
1667,1000,26
1667,2000,23
1667,2500,21
1667,3000,23
1667,3500,23
1667,4000,21
1667,5000,21
1667,5500,27
1667,10500,16
1667,12000,21
1667,12500,20
1667,13500,22
1667,14000,24
1667,14500,20
1667,15000,21
1667,16000,21
1667,16500,18
1667,17000,25
1667,18500,23
1667,19000,20
1667,19500,23
1667,20000,22
1667,20500,24
1670,500,10
1670,1000,5
1670,1500,5
1670,2000,6
1670,5000,8
1670,10500,9
1670,12000,10
1670,12500,11
1670,13000,10
1670,13500,7
1670,14000,9
1670,14500,8
1670,15000,9
1670,15500,6
1670,16000,6
1670,16500,9
1670,17000,7
1670,17500,4
1670,18000,7
1670,18500,6
1670,19000,5
1670,19500,7
1670,20000,4
1670,20500,9
1697,1000,8
1697,5000,7
1697,10500,5
1697,12000,11
1697,12500,5
1697,13000,8
1697,13500,7
1697,14000,9
1697,14500,7
1697,15000,14
1697,15500,5
1697,16000,10
1697,16500,9
1697,17000,7
1697,17500,9
1697,18000,8
1697,18500,10
1697,19000,10
1697,19500,12
1697,20000,11
1697,20500,9
1698,500,23
1698,5000,18
1698,10500,15
1698,12000,18
1698,12500,16
1698,13000,19
1698,13500,14
1698,14000,14
1698,14500,15
1698,15000,20
1698,15500,12
1698,16000,13
1698,16500,15
1698,17000,14
1698,17500,15
1698,18000,19
1698,18500,21
1698,19000,15
1698,19500,25
1698,20000,26
1698,20500,19
1701,500,21
1701,1000,20
1701,1500,23
1701,2500,22
1701,3500,21
1701,4000,20
1701,4500,19
1701,5000,20
1701,5500,23
1701,10500,17
1701,12000,20
1701,12500,21
1701,13000,19
1701,13500,22
1701,14000,22
1701,14500,26
1701,15000,25
1701,15500,19
1701,16000,17
1701,16500,21
1701,17000,20
1701,17500,20
1701,18000,22
1701,18500,22
1701,19000,22
1701,19500,23
1701,20000,25
1701,20500,22
1703,500,18
1703,1000,22
1703,1500,23
1703,2000,23
1703,2500,22
1703,3000,23
1703,5000,19
1703,10500,19
1703,12000,18
1703,12500,18
1703,13000,17
1703,13500,19
1703,14000,17
1703,14500,18
1703,15000,20
1703,15500,17
1703,16000,21
1703,16500,15
1703,17000,21
1703,18000,18
1703,18500,22
1703,19000,17
1703,19500,22
1703,20000,22
1703,20500,16
1704,500,9
1704,1000,11
1704,1500,8
1704,2000,7
1704,2500,9
1704,3000,10
1704,3500,14
1704,4000,10
1704,5000,9
1704,10500,10
1704,12000,11
1704,12500,12
1704,13000,9
1704,14000,12
1704,14500,7
1704,15000,9
1704,16000,10
1704,17000,9
1704,17500,9
1704,18000,13
1704,18500,14
1704,19000,11
1704,19500,11
1704,20000,11
1704,20500,10
1705,500,16
1705,1000,9
1705,1500,10
1705,2000,11
1705,2500,12
1705,3000,10
1705,3500,4
1705,4000,6
1705,4500,5
1705,5000,13
1705,5500,6
1705,10500,14
1705,12000,13
1705,12500,13
1705,13000,11
1705,13500,11
1705,14000,12
1705,14500,9
1705,15000,14
1705,15500,11
1705,16000,13
1705,16500,12
1705,17000,9
1705,17500,7
1705,18000,11
1705,18500,13
1705,19000,11
1705,19500,8
1705,20000,10
1705,20500,16
1707,500,14
1707,1000,12
1707,1500,14
1707,2000,14
1707,2500,16
1707,3000,14
1707,3500,13
1707,4000,10
1707,4500,12
1707,12000,12
1707,13000,15
1707,14000,13
1707,16000,11
1707,17000,12
1707,17500,11
1707,18000,13
1707,19000,11
1707,20000,12
1707,20500,14
1716,500,19
1716,1000,26
1716,1500,29
1716,10500,17
1716,12000,17
1716,12500,18
1716,13000,23
1716,14000,21
1716,14500,18
1716,15000,21
1716,15500,21
1716,16000,21
1716,16500,23
1716,17000,20
1716,17500,16
1716,18000,24
1716,18500,21
1716,19000,25
1716,19500,24
1716,20000,22
1716,20500,18
17296,500,26
17296,1000,18
17296,1500,19
17296,2000,17
17296,2500,15
17296,3000,14
17296,4000,13
17296,4500,16
17296,6000,12
17296,10500,23
17296,12000,22
17296,12500,17
17296,13500,21
17296,14000,20
17296,15000,19
17296,15500,18
17296,16000,20
17296,16500,21
17296,17000,15
17296,17500,20
17296,18500,22
17296,19000,20
17296,20000,15
17296,20500,26
17304,500,21
17304,5000,19
17304,10500,22
17304,12000,15
17304,12500,20
17304,13000,21
17304,13500,19
17304,14000,20
17304,14500,23
17304,15000,20
17304,15500,17
17304,16000,18
17304,16500,19
17304,17000,23
17304,17500,23
17304,18000,19
17304,18500,19
17304,19000,13
17304,19500,19
17304,20500,18
17320,500,16
17320,1000,13
17320,1500,20
17320,2000,15
17320,2500,13
17320,3000,17
17320,3500,18
17320,4000,15
17320,4500,18
17320,5000,19
17320,5500,16
17320,6000,10
17320,7000,24
17320,7500,17
17320,8000,20
17320,12000,14
17320,13500,15
17320,14500,14
17320,15000,16
17320,15500,12
17320,16000,15
17320,16500,13
17320,17500,15
17320,18500,16
17320,19000,18
17320,19500,16
17320,20000,17
17320,20500,14
17324,1000,12
17324,1500,8
17324,2000,12
17324,3000,9
17324,5000,11
17324,10500,11
17324,12000,10
17324,12500,10
17324,13000,10
17324,13500,11
17324,14000,10
17324,14500,9
17324,15500,10
17324,17000,10
17324,18500,10
17324,19000,12
17324,19500,10
17324,20000,11
17328,1000,12
17328,2000,9
17328,3000,11
17328,3500,9
17328,4000,8
17328,5000,7
17328,6000,11
17328,8000,13
17328,8500,11
17328,9500,12
17328,10000,11
17328,10500,9
17328,11500,12
17328,12000,8
17328,12500,10
17328,13000,8
17328,13500,9
17328,14000,10
17328,14500,8
17328,15500,7
17328,16000,7
17328,16500,8
17328,17000,6
17328,17500,7
17328,18000,10
17328,18500,12
17328,19500,9
17328,20000,9
1733,500,9
1733,1000,11
1733,1500,15
1733,2000,8
1733,2500,9
1733,3000,14
1733,3500,17
1733,4000,9
1733,5000,9
1733,10500,6
1733,12000,8
1733,12500,9
1733,13000,9
1733,13500,9
1733,14000,9
1733,14500,9
1733,15000,9
1733,15500,8
1733,16000,9
1733,16500,11
1733,17000,9
1733,18000,9
1733,18500,9
1733,19500,8
1733,20500,8
17338,1000,10
17338,1500,11
17338,2000,7
17338,2500,8
17338,3000,10
17338,3500,4
17338,4000,13
17338,4500,8
17338,5000,7
17338,5500,9
17338,6000,11
17338,6500,9
17338,7000,13
17338,7500,15
17338,10500,8
17338,12000,8
17338,12500,9
17338,13000,7
17338,13500,8
17338,14000,7
17338,14500,9
17338,15500,7
17338,16000,6
17338,16500,6
17338,17000,7
17338,17500,5
17338,18000,9
17338,18500,7
17338,19000,8
17338,19500,7
17338,20000,8
1735,500,22
1735,1500,24
1735,2000,23
1735,3000,24
1735,3500,21
1735,10500,24
1735,12000,24
1735,12500,25
1735,13000,21
1735,13500,28
1735,14000,24
1735,14500,24
1735,15000,25
1735,15500,28
1735,16000,25
1735,16500,20
1735,17000,25
1735,17500,29
1735,18000,23
1735,18500,26
1735,19500,27
1735,20000,22
1735,20500,23
17352,1000,7
17352,1500,6
17352,2000,7
17352,2500,9
17352,3000,10
17352,3500,5
17352,4000,9
17352,4500,14
17352,5000,10
17352,5500,17
17352,6000,14
17352,6500,22
17352,7000,19
17352,10500,8
17352,12000,9
17352,12500,9
17352,13000,10
17352,13500,10
17352,14000,10
17352,14500,9
17352,15500,10
17352,16000,9
17352,16500,9
17352,17000,10
17352,17500,9
17352,18000,8
17352,18500,12
17352,19000,13
17352,19500,11
17352,20000,11
17352,20500,7
17359,500,13
17359,10500,11
17359,12000,13
17359,13000,10
17359,13500,15
17359,14500,11
17359,15000,12
17359,15500,16
17359,16000,11
17359,16500,13
17359,17000,12
17359,18000,19
17359,19000,14
17359,20500,12
17385,500,15
17385,1000,12
17385,1500,14
17385,2000,13
17385,3000,9
17385,3500,11
17385,4000,8
17385,5000,13
17385,5500,9
17385,6000,12
17385,6500,15
17385,13000,11
17385,15500,13
17385,16000,12
17385,16500,13
17385,17000,14
17385,17500,11
17385,18000,12
17385,18500,8
17385,19000,13
17385,20000,14
17391,500,12
17391,1000,11
17391,1500,9
17391,2000,15
17391,2500,13
17391,3000,10
17391,3500,13
17391,4000,14
17391,4500,10
17391,5000,12
17391,5500,12
17391,6000,11
17391,6500,13
17391,7000,13
17391,7500,12
17391,8000,14
17391,8500,6
17391,9000,15
17391,9500,16
17391,10000,16
17391,10500,12
17391,11000,13
17391,12000,11
17391,12500,13
17391,13000,13
17391,13500,11
17391,14000,11
17391,14500,15
17391,15000,13
17391,15500,15
17391,17000,14
17391,17500,10
17391,18000,11
17391,18500,12
17391,19000,16
17391,19500,16
17391,20000,15
17391,20500,14
17396,500,27
17396,1000,18
17396,1500,19
17396,2000,19
17396,5000,20
17396,10500,17
17396,12000,19
17396,12500,23
17396,13000,26
17396,13500,22
17396,14000,20
17396,14500,20
17396,15000,25
17396,15500,21
17396,16000,21
17396,16500,25
17396,17000,23
17396,17500,29
17396,18000,23
17396,18500,28
17396,19000,21
17396,19500,25
17396,20000,20
17396,20500,26
17400,500,14
17400,1000,10
17400,1500,13
17400,2000,14
17400,3500,13
17400,4000,18
17400,5000,13
17400,12000,12
17400,13000,11
17400,13500,13
17400,14500,12
17400,15500,14
17400,16000,11
17400,17000,14
17400,17500,13
17400,18000,13
17400,18500,16
17400,19000,14
17400,19500,14
17400,20000,12
17400,20500,14
17402,500,13
17402,1000,13
17402,1500,9
17402,2000,14
17402,2500,12
17402,3000,12
17402,3500,14
17402,4000,13
17402,5000,13
17402,10500,17
17402,12000,15
17402,12500,15
17402,13000,11
17402,13500,13
17402,14500,11
17402,15500,13
17402,16000,13
17402,16500,14
17402,17000,12
17402,17500,11
17402,18000,16
17402,18500,13
17402,19500,12
17402,20000,11
17402,20500,15
17404,500,21
17404,1000,17
17404,1500,23
17404,5000,20
17404,10500,18
17404,12000,20
17404,12500,16
17404,13000,18
17404,13500,17
17404,14000,16
17404,14500,17
17404,15000,18
17404,15500,19
17404,16000,19
17404,16500,17
17404,17000,21
17404,17500,19
17404,18000,18
17404,18500,19
17404,19000,23
17404,19500,20
17404,20000,15
17404,20500,21
17406,500,21
17406,5000,19
17406,10500,19
17406,12000,18
17406,12500,16
17406,13000,20
17406,13500,19
17406,14000,16
17406,14500,18
17406,15000,19
17406,15500,18
17406,16000,16
17406,16500,20
17406,17000,16
17406,18000,14
17406,18500,18
17406,19000,16
17406,19500,21
17406,20500,21
17419,500,23
17419,1000,19
17419,1500,21
17419,2000,15
17419,2500,22
17419,3000,19
17419,3500,20
17419,4000,22
17419,4500,17
17419,5000,22
17419,5500,14
17419,6000,13
17419,6500,16
17419,7000,14
17419,7500,22
17419,8000,14
17419,8500,19
17419,9000,12
17419,9500,14
17419,10000,14
17419,10500,23
17419,12000,26
17419,12500,26
17419,13000,22
17419,13500,23
17419,14000,22
17419,14500,19
17419,15000,21
17419,15500,20
17419,16000,22
17419,16500,24
17419,17000,20
17419,17500,22
17419,18000,22
17419,18500,23
17419,19000,20
17419,19500,17
17419,20000,18
17419,20500,18
1754,1000,18
1754,1500,19
1754,2500,14
1754,3000,18
1754,3500,21
1754,5000,18
1754,10500,17
1754,12000,16
1754,12500,16
1754,13000,15
1754,13500,18
1754,14000,18
1754,14500,20
1754,15500,20
1754,16000,19
1754,16500,20
1754,17000,16
1754,17500,21
1754,18000,20
1754,19000,20
1754,19500,20
1754,20000,20
1754,20500,22
1755,1000,10
1755,1500,11
1755,2000,11
1755,2500,8
1755,3000,9
1755,4000,9
1755,4500,11
1755,5000,10
1755,5500,11
1755,6000,10
1755,6500,12
1755,7000,9
1755,7500,8
1755,8000,12
1755,8500,15
1755,10500,9
1755,12000,9
1755,12500,13
1755,13000,7
1755,13500,11
1755,14000,9
1755,14500,9
1755,15000,11
1755,15500,9
1755,16000,12
1755,16500,10
1755,17000,11
1755,17500,9
1755,18000,12
1755,18500,10
1755,19000,13
1755,19500,10
1755,20500,9
1763,500,25
1763,1000,24
1763,1500,15
1763,2500,18
1763,5000,14
1763,12000,18
1763,12500,22
1763,13000,23
1763,13500,18
1763,14000,22
1763,14500,21
1763,15000,16
1763,15500,19
1763,16000,19
1763,16500,16
1763,17000,14
1763,18500,16
1763,19000,18
1763,20500,16
1766,500,30
1766,1000,20
1766,1500,17
1766,2000,20
1766,2500,15
1766,3000,16
1766,5000,22
1766,10500,21
1766,12000,24
1766,12500,21
1766,13000,20
1766,13500,22
1766,14000,22
1766,14500,23
1766,15000,25
1766,15500,26
1766,16000,24
1766,16500,20
1766,17000,18
1766,17500,12
1766,18000,13
1766,18500,17
1766,19000,15
1766,19500,24
1766,20000,23
1766,20500,24
17672,1000,13
17672,1500,16
17672,2000,15
17672,2500,18
17672,3000,14
17672,3500,10
17672,5000,20
17672,10500,20
17672,12000,17
17672,12500,18
17672,13000,23
17672,13500,22
17672,14000,21
17672,14500,18
17672,15500,17
17672,16000,17
17672,16500,20
17672,17000,18
17672,17500,19
17672,18000,17
17672,18500,18
17672,19000,14
17672,19500,10
17672,20000,17
17672,20500,25
1768,500,25
1768,1000,21
1768,1500,28
1768,2000,26
1768,2500,25
1768,3000,23
1768,3500,22
1768,4000,24
1768,5000,21
1768,10500,18
1768,12000,20
1768,12500,21
1768,13000,28
1768,13500,21
1768,14000,23
1768,14500,26
1768,15000,24
1768,15500,23
1768,16000,19
1768,16500,23
1768,17000,22
1768,17500,24
1768,18000,21
1768,18500,23
1768,19000,23
1768,19500,24
1768,20000,25
1768,20500,22
17689,1000,22
17689,1500,25
17689,2000,22
17689,2500,26
17689,3000,16
17689,3500,22
17689,4000,22
17689,5000,26
17689,10500,15
17689,12000,25
17689,12500,20
17689,13000,18
17689,13500,25
17689,14000,19
17689,14500,20
17689,15000,25
17689,15500,17
17689,16000,20
17689,16500,23
17689,17000,16
17689,17500,17
17689,18000,16
17689,18500,16
17689,19000,18
17689,19500,16
17689,20000,18
17689,20500,24
1769,500,9
1769,1000,19
1769,1500,24
1769,5000,9
1769,10500,8
1769,12000,9
1769,12500,9
1769,13000,10
1769,13500,10
1769,14000,12
1769,14500,7
1769,15000,9
1769,15500,9
1769,16000,8
1769,16500,8
1769,17000,11
1769,17500,16
1769,18000,15
1769,18500,19
1769,19000,15
1769,19500,20
1769,20000,20
1769,20500,13
1773,500,22
1773,1500,18
1773,2000,22
1773,3000,22
1773,3500,23
1773,4000,17
1773,4500,19
1773,5500,24
1773,6000,18
1773,6500,22
1773,7000,22
1773,10500,19
1773,13500,18
1773,14000,18
1773,14500,17
1773,15000,17
1773,15500,16
1773,16500,17
1773,17000,17
1773,18000,16
1773,19000,17
1773,20000,15
1773,20500,18
1780,500,7
1780,1000,13
1780,5000,9
1780,10500,8
1780,12000,10
1780,12500,7
1780,13000,11
1780,13500,10
1780,14000,9
1780,14500,12
1780,15000,7
1780,15500,9
1780,16000,12
1780,16500,13
1780,17000,13
1780,17500,9
1780,18000,6
1780,18500,5
1780,19000,6
1780,19500,6
1780,20000,11
1780,20500,9
1782,500,17
1782,1000,21
1782,1500,29
1782,2000,24
1782,2500,23
1782,3000,25
1782,4000,22
1782,4500,29
1782,5000,25
1782,5500,24
1782,6500,18
1782,8000,19
1782,9500,16
1782,11500,17
1782,14500,23
1782,15000,20
1782,15500,21
1782,16000,21
1782,16500,18
1782,17000,18
1782,17500,16
1782,18000,23
1782,18500,19
1782,19000,25
1782,19500,28
1782,20000,29
1782,20500,20
1786,500,22
1786,1000,20
1786,1500,18
1786,2000,19
1786,2500,15
1786,3000,16
1786,5000,20
1786,10500,18
1786,12000,21
1786,12500,23
1786,13000,21
1786,13500,23
1786,14000,21
1786,14500,21
1786,15000,23
1786,15500,24
1786,16000,19
1786,16500,25
1786,17000,21
1786,17500,18
1786,18000,21
1786,18500,23
1786,19000,25
1786,19500,16
1786,20000,18
1786,20500,20
1788,1000,11
1788,10500,9
1788,12500,11
1788,13000,10
1788,13500,4
1788,14500,5
1788,15000,5
1788,15500,5
1788,16000,8
1788,16500,6
1788,17000,9
1788,17500,8
1788,18000,8
1788,18500,9
1788,19000,14
1788,19500,11
1788,20500,9
17880,500,28
17880,1000,21
17880,1500,19
17880,2000,21
17880,2500,16
17880,3000,20
17880,3500,20
17880,4000,25
17880,4500,21
17880,5000,25
17880,5500,23
17880,6000,32
17880,6500,33
17880,10500,21
17880,12000,20
17880,12500,19
17880,13000,19
17880,13500,16
17880,14000,16
17880,14500,21
17880,15000,25
17880,15500,18
17880,16000,17
17880,16500,20
17880,17500,21
17880,18000,18
17880,18500,24
17880,19000,19
17880,19500,11
17880,20000,25
17880,20500,23
17945,500,9
17945,1000,6
17945,1500,8
17945,2000,10
17945,2500,8
17945,3000,8
17945,5000,12
17945,10500,12
17945,12000,10
17945,12500,10
17945,13000,8
17945,14000,8
17945,15000,14
17945,16000,8
17945,17500,10
17945,18500,10
17945,19500,10
17945,20000,8
17945,20500,10
1806,1000,15
1806,1500,8
1806,2000,16
1806,2500,11
1806,3000,11
1806,3500,11
1806,4000,10
1806,4500,11
1806,5000,11
1806,5500,9
1806,6000,10
1806,6500,10
1806,7000,10
1806,7500,12
1806,12000,9
1806,13000,10
1806,13500,9
1806,14000,9
1806,15500,9
1806,16000,9
1806,16500,12
1806,17000,7
1806,17500,7
1806,18000,9
1806,18500,9
1806,19000,13
1806,19500,8
1806,20000,12
1806,20500,9
18108,500,10
18108,5000,11
18108,10500,8
18108,12000,9
18108,12500,11
18108,13000,12
18108,13500,11
18108,14000,10
18108,14500,12
18108,15000,13
18108,15500,11
18108,16000,11
18108,16500,7
18108,17000,11
18108,17500,7
18108,18000,11
18108,18500,10
18108,19000,10
18108,19500,5
18108,20500,12
18110,500,27
18110,5000,26
18110,10500,25
18110,12000,22
18110,12500,25
18110,13000,20
18110,13500,17
18110,14000,19
18110,14500,18
18110,15000,27
18110,15500,25
18110,16000,19
18110,16500,19
18110,17000,18
18110,17500,21
18110,18500,19
18110,19000,23
18110,20500,25
1814,500,31
1814,1000,13
1814,1500,15
1814,2500,15
1814,5000,25
1814,5500,16
1814,7000,19
1814,7500,17
1814,10500,30
1814,12000,23
1814,12500,25
1814,13000,29
1814,13500,26
1814,14000,21
1814,14500,23
1814,15000,28
1814,15500,23
1814,16000,24
1814,16500,24
1814,17000,21
1814,18000,18
1814,18500,19
1814,19000,17
1814,19500,17
1814,20000,15
1814,20500,28
1817,500,25
1817,1000,20
1817,1500,22
1817,2000,22
1817,2500,22
1817,3000,24
1817,3500,26
1817,5000,17
1817,10500,17
1817,12000,24
1817,12500,17
1817,13000,19
1817,13500,19
1817,14000,20
1817,14500,17
1817,15000,22
1817,15500,17
1817,16000,18
1817,16500,14
1817,17000,18
1817,17500,22
1817,18000,19
1817,18500,17
1817,19000,14
1817,19500,17
1817,20000,14
1820,1000,22
1820,1500,18
1820,5000,21
1820,10500,24
1820,12000,16
1820,12500,19
1820,13000,17
1820,13500,16
1820,14000,22
1820,14500,21
1820,15500,18
1820,16000,16
1820,16500,17
1820,17000,18
1820,17500,15
1820,18000,21
1820,18500,20
1820,19000,17
1820,19500,17
1820,20000,21
1820,20500,24
1824,500,25
1824,1000,21
1824,1500,23
1824,2500,22
1824,3000,24
1824,3500,23
1824,4000,21
1824,4500,24
1824,5000,24
1824,5500,20
1824,6500,19
1824,7000,23
1824,7500,24
1824,10500,26
1824,12000,21
1824,12500,26
1824,13000,24
1824,13500,23
1824,14500,20
1824,15000,25
1824,15500,23
1824,16000,18
1824,16500,22
1824,17000,23
1824,17500,24
1824,18000,19
1824,18500,24
1824,19000,26
1824,19500,28
1824,20000,25
1824,20500,25
1854,500,14
1854,1500,15
1854,2500,18
1854,5000,13
1854,10500,13
1854,12000,13
1854,12500,12
1854,14000,11
1854,15000,14
1854,16000,11
1854,16500,14
1854,17000,13
1854,18000,18
1854,18500,14
1854,19000,17
1854,19500,17
1854,20000,13
1854,20500,16
1856,1000,16
1856,1500,13
1856,2000,19
1856,2500,17
1856,5000,14
1856,10500,14
1856,12000,12
1856,12500,12
1856,13000,16
1856,13500,16
1856,14000,12
1856,14500,11
1856,15000,13
1856,15500,14
1856,16000,11
1856,16500,14
1856,17000,13
1856,17500,15
1856,18000,17
1856,18500,13
1856,19000,14
1856,19500,14
1856,20500,14
1882,500,10
1882,1000,12
1882,1500,11
1882,2000,11
1882,2500,15
1882,3000,13
1882,3500,11
1882,4000,12
1882,5500,11
1882,6000,10
1882,10500,9
1882,12000,12
1882,12500,7
1882,13000,10
1882,13500,11
1882,14000,10
1882,14500,9
1882,15500,8
1882,16000,8
1882,16500,9
1882,17000,9
1882,17500,11
1882,18500,10
1882,19000,10
1882,19500,11
1882,20000,9
1882,20500,10
1890,500,14
1890,5000,11
1890,10500,12
1890,12000,14
1890,12500,13
1890,13000,18
1890,13500,12
1890,14000,14
1890,15000,16
1890,15500,13
1890,16000,13
1890,16500,16
1890,17000,12
1890,17500,15
1890,18000,15
1890,18500,14
1890,20500,16
1897,500,20
1897,1500,16
1897,2000,18
1897,2500,23
1897,3000,21
1897,5000,16
1897,10500,18
1897,12000,19
1897,12500,24
1897,13000,19
1897,13500,20
1897,14000,11
1897,14500,12
1897,15000,16
1897,16000,12
1897,16500,15
1897,17500,11
1897,18500,19
1897,19500,18
1897,20000,11
1897,20500,22
1906,500,11
1906,1000,11
1906,1500,10
1906,2000,11
1906,2500,10
1906,3000,13
1906,3500,10
1906,4000,9
1906,4500,9
1906,5000,10
1906,5500,9
1906,6000,8
1906,6500,9
1906,10500,10
1906,12000,13
1906,12500,12
1906,13000,9
1906,13500,13
1906,14000,8
1906,14500,17
1906,15000,12
1906,15500,14
1906,16000,13
1906,16500,13
1906,17000,14
1906,17500,15
1906,18000,12
1906,18500,14
1906,19000,12
1906,19500,11
1906,20000,9
1906,20500,8
19266,500,13
19266,2500,17
19266,3000,23
19266,3500,20
19266,4000,25
19266,13000,11
19266,13500,18
19266,14000,18
19266,14500,19
19266,15500,18
19266,16000,14
19266,16500,8
19266,17500,13
19266,18000,14
19266,18500,16
19266,19500,11
19266,20000,21
19323,500,12
19323,5000,10
19323,10500,12
19323,12000,12
19323,12500,14
19323,13000,12
19323,13500,11
19323,14000,12
19323,14500,12
19323,15000,14
19323,15500,12
19323,16000,12
19323,16500,9
19323,17000,14
19323,17500,11
19323,18000,12
19323,18500,14
19323,19000,17
19323,19500,19
19323,20500,11
1961,500,25
1961,1000,18
1961,1500,21
1961,2000,19
1961,2500,12
1961,3000,18
1961,3500,15
1961,4500,17
1961,5000,20
1961,5500,16
1961,10500,17
1961,12000,13
1961,12500,13
1961,13000,18
1961,13500,17
1961,14000,16
1961,14500,19
1961,15000,20
1961,15500,18
1961,16000,17
1961,16500,16
1961,17000,20
1961,17500,17
1961,18000,15
1961,18500,18
1961,19000,14
1961,19500,20
1961,20000,13
1961,20500,19
19620,1000,17
19620,1500,15
19620,2000,17
19620,2500,17
19620,3000,24
19620,3500,24
19620,4000,19
19620,4500,22
19620,5000,17
19620,5500,17
19620,6000,21
19620,6500,17
19620,7000,18
19620,7500,21
19620,8000,21
19620,8500,23
19620,9000,17
19620,9500,23
19620,10500,18
19620,12000,13
19620,12500,17
19620,13000,17
19620,13500,17
19620,14000,13
19620,14500,12
19620,15500,20
19620,16000,12
19620,16500,13
19620,17000,17
19620,17500,13
19620,18000,17
19620,18500,14
19620,19000,13
19620,19500,16
19620,20000,15
19620,20500,15
1970,500,22
1970,5000,23
1970,12000,21
1970,13000,21
1970,13500,19
1970,14000,26
1970,14500,28
1970,15000,21
1970,15500,24
1970,16000,23
1970,16500,27
1970,17000,23
1970,17500,20
1970,18000,23
1974,500,33
1974,1000,24
1974,2000,28
1974,2500,25
1974,3000,26
1974,3500,31
1974,4000,32
1974,4500,38
1974,6000,22
1974,6500,25
1974,7500,26
1974,10500,27
1974,12000,26
1974,12500,26
1974,13000,29
1974,13500,28
1974,14500,23
1974,15000,32
1974,15500,26
1974,16000,19
1974,16500,20
1974,17500,23
1974,18000,21
1974,18500,21
1974,19000,26
1974,19500,31
1981,500,18
1981,1000,18
1981,1500,14
1981,2000,9
1981,2500,14
1981,3000,11
1981,5000,18
1981,10500,15
1981,12000,17
1981,12500,12
1981,13000,12
1981,13500,15
1981,14000,15
1981,14500,16
1981,15000,15
1981,15500,12
1981,16000,10
1981,16500,14
1981,17000,11
1981,17500,15
1981,18000,13
1981,18500,17
1981,19000,13
1981,19500,13
1981,20000,18
1981,20500,18
19814,500,10
19814,1000,10
19814,1500,14
19814,2500,12
19814,3500,9
19814,5000,10
19814,5500,14
19814,6000,16
19814,7000,9
19814,10500,11
19814,12500,12
19814,13500,8
19814,14500,11
19814,16000,13
19814,16500,13
19814,17000,13
19814,17500,9
19814,18000,9
19814,18500,12
19814,19000,14
19814,19500,12
19814,20000,14
19814,20500,12
19820,500,12
19820,1000,16
19820,1500,21
19820,2000,18
19820,2500,16
19820,3000,16
19820,3500,16
19820,4000,10
19820,5000,12
19820,10500,13
19820,12000,13
19820,12500,14
19820,13000,12
19820,13500,12
19820,14000,14
19820,14500,15
19820,15000,9
19820,15500,14
19820,16000,11
19820,16500,13
19820,17000,14
19820,17500,18
19820,18000,20
19820,18500,21
19820,19000,18
19820,19500,22
19820,20000,19
19820,20500,10
19834,500,30
19834,5000,28
19834,10500,32
19834,12000,25
19834,12500,24
19834,13000,27
19834,13500,25
19834,14000,24
19834,14500,27
19834,15000,28
19834,15500,29
19834,16000,26
19834,16500,27
19834,17000,28
19834,17500,24
19834,18000,27
19834,18500,24
19834,19000,26
19834,20500,29
19937,500,39
19937,2000,26
19937,2500,28
19937,3000,33
19937,4000,29
19937,4500,30
19937,5000,27
19937,5500,33
19937,6000,37
19937,10500,31
19937,12000,30
19937,12500,28
19937,13000,31
19937,13500,28
19937,14000,29
19937,14500,29
19937,15000,31
19937,15500,24
19937,16000,29
19937,16500,27
19937,17000,30
19937,17500,25
19937,18500,24
19937,19000,24
19937,19500,23
19937,20500,34
19995,500,10
19995,1000,10
19995,1500,13
19995,5000,11
19995,10500,7
19995,12000,11
19995,12500,11
19995,13000,14
19995,13500,12
19995,14000,15
19995,14500,10
19995,15000,11
19995,15500,13
19995,16000,11
19995,16500,11
19995,17000,10
19995,17500,6
19995,18000,8
19995,18500,12
19995,19000,10
19995,19500,8
19995,20500,11
20001,500,17
20001,1000,18
20001,1500,16
20001,2000,18
20001,2500,15
20001,5000,11
20001,10500,12
20001,12000,9
20001,12500,10
20001,13000,10
20001,13500,12
20001,14000,12
20001,14500,12
20001,15000,10
20001,15500,11
20001,16000,8
20001,16500,13
20001,17000,18
20001,17500,13
20001,18000,16
20001,18500,18
20001,19000,14
20001,19500,15
20001,20000,16
20001,20500,11
20014,1000,13
20014,1500,16
20014,2000,16
20014,2500,14
20014,3000,16
20014,3500,11
20014,5000,14
20014,12000,15
20014,12500,11
20014,13500,11
20014,14000,15
20014,15500,12
20014,16000,12
20014,16500,12
20014,17000,14
20014,17500,13
20014,18000,16
20014,18500,12
20014,19000,17
20014,19500,15
20014,20000,14
2004,500,10
2004,5000,12
2004,10500,10
2004,12500,8
2004,13000,9
2004,13500,10
2004,14000,7
2004,14500,11
2004,15000,11
2004,15500,8
2004,16000,11
2004,16500,9
2004,17000,12
2004,17500,12
2004,18000,15
2004,18500,11
2004,20500,10
2011,500,23
2011,1000,22
2011,1500,23
2011,2000,22
2011,2500,24
2011,3000,23
2011,3500,25
2011,5000,25
2011,10500,26
2011,12000,26
2011,12500,21
2011,13000,24
2011,13500,25
2011,14000,24
2011,14500,24
2011,15000,23
2011,15500,24
2011,16000,22
2011,16500,21
2011,17000,24
2011,17500,23
2011,18000,21
2011,18500,22
2011,19000,21
2011,19500,22
2011,20000,22
2011,20500,25
20188,500,19
20188,1000,20
20188,1500,14
20188,5000,21
20188,10500,25
20188,12000,18
20188,12500,18
20188,13000,17
20188,13500,16
20188,14000,22
20188,14500,22
20188,15000,18
20188,15500,18
20188,16000,20
20188,16500,17
20188,17000,16
20188,17500,16
20188,18000,12
20188,18500,16
20188,19000,15
20188,19500,19
20188,20000,20
20188,20500,18
20194,500,23
20194,5000,15
20194,10500,19
20194,12000,23
20194,12500,18
20194,13000,18
20194,13500,21
20194,14000,16
20194,14500,21
20194,15000,19
20194,15500,22
20194,16000,17
20194,16500,14
20194,17000,20
20194,17500,22
20194,18000,20
20194,18500,20
20194,19000,18
20194,19500,24
20194,20000,23
20194,20500,20
2023,500,23
2023,1000,21
2023,1500,25
2023,2000,20
2023,2500,17
2023,3000,22
2023,3500,24
2023,5000,20
2023,10500,23
2023,12000,24
2023,12500,20
2023,13000,20
2023,13500,21
2023,14000,23
2023,14500,22
2023,15000,24
2023,15500,19
2023,16000,15
2023,16500,19
2023,17000,20
2023,17500,17
2023,18000,18
2023,18500,20
2023,19000,21
2023,19500,20
2023,20000,19
2023,20500,22
2025,500,10
2025,1000,8
2025,2000,7
2025,3000,9
2025,3500,8
2025,4500,9
2025,5000,10
2025,5500,13
2025,6500,10
2025,7500,9
2025,8000,9
2025,9000,10
2025,9500,10
2025,10500,9
2025,11000,14
2025,12000,9
2025,12500,10
2025,13000,9
2025,13500,10
2025,14000,9
2025,14500,9
2025,15000,11
2025,15500,10
2025,16000,7
2025,16500,9
2025,17000,9
2025,17500,8
2025,18000,12
2025,19000,12
2025,19500,11
2025,20500,9
2028,500,19
2028,1000,26
2028,1500,20
2028,2000,23
2028,2500,24
2028,3000,27
2028,3500,25
2028,4000,28
2028,4500,22
2028,16000,21
2028,16500,19
2028,17000,21
2028,17500,21
2028,18000,23
2028,18500,22
2028,19000,21
2028,20000,19
20281,500,9
20281,1000,10
20281,5000,13
20281,10500,8
20281,12000,11
20281,12500,12
20281,13000,9
20281,13500,11
20281,14000,10
20281,14500,12
20281,15000,11
20281,15500,8
20281,16000,11
20281,16500,9
20281,17000,13
20281,17500,10
20281,18000,8
20281,18500,10
20281,19000,9
20281,19500,11
20281,20000,9
20281,20500,11
20295,500,10
20295,1000,14
20295,1500,13
20295,5000,10
20295,10500,11
20295,12000,13
20295,12500,15
20295,13000,18
20295,13500,17
20295,14000,14
20295,14500,17
20295,15000,11
20295,15500,19
20295,16000,8
20295,16500,10
20295,17500,13
20295,18000,13
20295,18500,10
20295,19000,14
20295,20000,13
20295,20500,12
203,500,23
203,1500,18
203,3000,24
203,4500,23
203,5000,21
203,5500,26
203,6000,24
203,6500,22
203,7000,21
203,7500,23
203,8000,23
203,8500,23
203,9000,18
203,9500,15
203,10000,15
203,10500,19
203,11000,13
203,12000,19
203,12500,21
203,13000,22
203,13500,19
203,14000,25
203,14500,20
203,15000,24
203,15500,25
203,16000,22
203,16500,24
203,17500,21
203,18000,24
203,19500,27
203,20000,21
203,20500,25
20304,500,18
20304,1000,17
20304,1500,20
20304,2000,16
20304,2500,17
20304,3000,18
20304,3500,21
20304,4000,14
20304,4500,13
20304,5000,16
20304,10500,16
20304,12000,17
20304,12500,18
20304,13000,16
20304,13500,18
20304,14000,17
20304,14500,19
20304,15000,16
20304,15500,18
20304,16000,15
20304,16500,19
20304,17000,20
20304,17500,15
20304,18000,17
20304,18500,19
20304,19000,14
20304,19500,19
20304,20000,15
20304,20500,15
20306,1000,19
20306,1500,18
20306,2500,16
20306,3000,19
20306,3500,18
20306,4000,16
20306,4500,20
20306,5000,16
20306,5500,18
20306,10500,20
20306,12000,18
20306,12500,16
20306,13000,22
20306,13500,18
20306,14000,17
20306,15000,15
20306,15500,13
20306,16000,13
20306,16500,17
20306,17000,16
20306,17500,16
20306,18000,17
20306,18500,15
20306,19000,15
20306,19500,17
20306,20000,18
20306,20500,18
20372,500,7
20372,1000,15
20372,1500,15
20372,2000,15
20372,2500,13
20372,3000,13
20372,3500,14
20372,4000,12
20372,4500,16
20372,5500,16
20372,10500,5
20372,12000,8
20372,12500,10
20372,13500,9
20372,14000,9
20372,14500,10
20372,15000,10
20372,15500,11
20372,16000,11
20372,16500,11
20372,17000,11
20372,17500,14
20372,18000,13
20372,18500,13
20372,19000,14
20372,19500,14
20372,20000,13
20372,20500,6
20397,500,16
20397,1000,9
20397,5000,13
20397,10500,17
20397,12000,13
20397,12500,12
20397,13000,15
20397,13500,9
20397,14000,11
20397,14500,11
20397,15000,13
20397,15500,10
20397,16000,15
20397,16500,14
20397,17000,14
20397,17500,12
20397,18000,14
20397,18500,19
20397,19000,12
20397,19500,16
20397,20000,14
20397,20500,10
2048,500,17
2048,1500,18
2048,2500,22
2048,3000,21
2048,3500,26
2048,4000,24
2048,5000,20
2048,12000,18
2048,12500,15
2048,13500,18
2048,14000,22
2048,14500,14
2048,15000,16
2048,15500,16
2048,16500,19
2048,17500,15
2048,18000,18
2048,18500,17
2048,19000,17
2048,19500,20
2048,20000,22
2049,1000,21
2049,1500,14
2049,5000,18
2049,10500,17
2049,12000,19
2049,12500,19
2049,13000,17
2049,13500,17
2049,14000,19
2049,14500,16
2049,15000,16
2049,15500,16
2049,16000,17
2049,16500,17
2049,17000,17
2049,17500,17
2049,18000,16
2049,18500,15
2049,19000,15
2049,19500,15
2049,20000,16
2049,20500,17
20515,500,22
20515,1000,11
20515,1500,19
20515,2000,14
20515,2500,15
20515,3000,11
20515,5000,14
20515,10500,17
20515,12000,19
20515,12500,15
20515,13000,17
20515,13500,17
20515,14000,18
20515,14500,16
20515,15000,17
20515,15500,19
20515,16000,15
20515,16500,16
20515,17000,18
20515,17500,17
20515,18000,17
20515,18500,16
20515,19000,15
20515,19500,13
20515,20000,10
20515,20500,16
2053,500,23
2053,1000,20
2053,1500,21
2053,2000,22
2053,2500,26
2053,3000,22
2053,3500,20
2053,5000,24
2053,10500,19
2053,12000,18
2053,12500,23
2053,13000,22
2053,13500,22
2053,14000,19
2053,14500,19
2053,15000,24
2053,15500,22
2053,16000,22
2053,16500,20
2053,17000,20
2053,17500,17
2053,18000,22
2053,18500,19
2053,19000,21
2053,19500,20
2053,20500,21
2054,500,10
2054,1000,12
2054,2000,9
2054,3000,11
2054,4500,14
2054,5000,10
2054,6000,11
2054,7000,12
2054,7500,12
2054,8000,12
2054,10500,12
2054,12000,11
2054,13000,10
2054,13500,10
2054,14500,9
2054,15000,9
2054,15500,11
2054,16000,13
2054,16500,10
2054,17000,11
2054,18000,13
2054,18500,8
2054,19000,9
2054,20500,10
206,500,13
206,1000,11
206,1500,13
206,2000,9
206,3500,13
206,5000,13
206,10500,13
206,12000,13
206,12500,12
206,13000,14
206,13500,12
206,14000,13
206,14500,13
206,15000,12
206,15500,11
206,16000,13
206,16500,9
206,17000,16
206,17500,11
206,18000,17
206,18500,14
206,19000,12
206,19500,15
206,20000,12
206,20500,16
20609,500,7
20609,1000,6
20609,5000,10
20609,10500,13
20609,12000,11
20609,12500,11
20609,13000,11
20609,13500,13
20609,14000,13
20609,14500,10
20609,15000,9
20609,15500,15
20609,16000,13
20609,16500,11
20609,17000,11
20609,17500,8
20609,18000,8
20609,18500,6
20609,19000,9
20609,19500,9
20609,20000,8
20609,20500,10
20613,500,21
20613,1000,16
20613,1500,18
20613,2000,15
20613,2500,14
20613,3000,15
20613,5000,17
20613,10500,15
20613,12000,18
20613,12500,18
20613,13000,19
20613,13500,23
20613,14000,21
20613,14500,18
20613,15000,17
20613,15500,19
20613,16000,20
20613,16500,20
20613,17000,18
20613,17500,21
20613,18000,18
20613,18500,15
20613,19000,20
20613,19500,19
20613,20000,16
20613,20500,17
20616,500,20
20616,1000,15
20616,1500,20
20616,2000,17
20616,2500,17
20616,3000,18
20616,5000,20
20616,10500,20
20616,12000,16
20616,12500,15
20616,13000,20
20616,13500,17
20616,14000,16
20616,14500,17
20616,15000,18
20616,15500,20
20616,16000,17
20616,16500,17
20616,17000,17
20616,17500,17
20616,18000,16
20616,18500,15
20616,19000,20
20616,19500,19
20616,20000,19
20616,20500,15
20649,500,21
20649,5000,15
20649,10500,16
20649,12000,15
20649,12500,18
20649,13000,22
20649,13500,15
20649,14000,15
20649,14500,17
20649,15000,18
20649,15500,15
20649,16000,16
20649,16500,13
20649,17000,19
20649,17500,17
20649,18000,16
20649,18500,14
20649,19000,16
20649,20500,16
2065,500,27
2065,5000,22
2065,10500,19
2065,12000,17
2065,12500,21
2065,13000,19
2065,13500,15
2065,14000,21
2065,14500,18
2065,15000,20
2065,15500,16
2065,16000,21
2065,16500,17
2065,17000,18
2065,17500,20
2065,18000,19
2065,18500,22
2065,19000,15
2065,19500,20
2065,20000,25
2065,20500,20
20651,500,14
20651,1000,11
20651,1500,11
20651,2000,15
20651,2500,14
20651,3000,14
20651,3500,14
20651,4000,17
20651,5000,11
20651,10500,10
20651,12000,9
20651,12500,13
20651,13000,9
20651,13500,9
20651,14000,11
20651,14500,13
20651,15000,14
20651,15500,10
20651,16000,12
20651,16500,10
20651,17000,9
20651,17500,11
20651,18000,12
20651,18500,9
20651,19000,10
20651,19500,9
20651,20000,10
20651,20500,12
20678,500,14
20678,1000,17
20678,1500,18
20678,2000,20
20678,2500,12
20678,3000,17
20678,3500,17
20678,5000,13
20678,10500,18
20678,12000,17
20678,12500,15
20678,13000,18
20678,13500,18
20678,14000,14
20678,14500,18
20678,15000,16
20678,15500,15
20678,16000,17
20678,16500,18
20678,17000,22
20678,17500,19
20678,18000,22
20678,18500,20
20678,19000,18
20678,19500,22
20678,20000,19
20678,20500,14
20758,500,19
20758,1000,22
20758,1500,23
20758,2000,25
20758,2500,11
20758,3000,18
20758,3500,11
20758,5000,17
20758,10500,19
20758,12000,19
20758,12500,21
20758,13000,21
20758,13500,19
20758,14000,20
20758,14500,19
20758,15000,16
20758,15500,19
20758,16000,16
20758,16500,17
20758,17000,16
20758,17500,22
20758,18000,17
20758,18500,16
20758,19000,16
20758,19500,19
20758,20000,16
20758,20500,17
20833,500,16
20833,1000,17
20833,1500,14
20833,2000,16
20833,2500,12
20833,3000,15
20833,3500,18
20833,4000,15
20833,4500,18
20833,5000,17
20833,5500,17
20833,10500,12
20833,12000,14
20833,12500,14
20833,13000,18
20833,13500,11
20833,14000,14
20833,15000,20
20833,15500,14
20833,19000,13
20833,19500,12
20833,20000,16
20833,20500,19
20838,500,15
20838,5000,17
20838,10500,16
20838,12000,15
20838,12500,17
20838,13000,16
20838,13500,18
20838,14000,14
20838,14500,19
20838,15000,19
20838,15500,12
20838,16000,18
20838,16500,18
20838,17000,20
20838,17500,16
20838,18000,19
20838,18500,16
20838,19000,18
20838,19500,17
20838,20500,20
20872,500,11
20872,5000,9
20872,10500,8
20872,12000,8
20872,12500,8
20872,13000,10
20872,13500,10
20872,14000,14
20872,14500,7
20872,15000,9
20872,15500,11
20872,16000,9
20872,16500,7
20872,17000,11
20872,17500,13
20872,18000,9
20872,18500,11
20872,19000,10
20872,20000,9
20872,20500,12
20883,500,12
20883,2500,10
20883,5000,10
20883,10500,10
20883,12000,12
20883,12500,12
20883,13000,10
20883,13500,9
20883,14500,9
20883,15000,11
20883,15500,9
20883,16000,10
20883,20500,14
209,500,20
209,1000,22
209,1500,19
209,2000,24
209,2500,21
209,3000,24
209,3500,25
209,5000,15
209,12000,16
209,13000,21
209,14500,14
209,15000,21
209,16000,17
209,16500,16
209,17500,18
209,18000,18
209,19000,17
209,19500,20
209,20000,17
209,20500,16
20922,500,17
20922,1500,12
20922,2000,12
20922,2500,17
20922,3500,16
20922,4000,16
20922,4500,15
20922,5000,15
20922,5500,16
20922,6000,13
20922,6500,16
20922,10500,13
20922,12500,12
20922,13000,14
20922,13500,14
20922,14500,15
20922,15000,17
20922,15500,15
20922,16000,15
20922,16500,14
20922,17000,15
20922,17500,13
20922,18000,13
20922,18500,14
20922,19500,14
20922,20000,13
21314,500,9
21314,1000,3
21314,1500,10
21314,2000,11
21314,5000,8
21314,10500,8
21314,12000,8
21314,12500,10
21314,13000,9
21314,13500,5
21314,14000,9
21314,14500,8
21314,15000,11
21314,15500,5
21314,16500,5
21314,17000,6
21314,17500,7
21314,18000,7
21314,18500,8
21314,19000,9
21314,19500,3
21314,20000,3
21314,20500,7
21319,500,14
21319,1000,21
21319,1500,23
21319,5000,14
21319,10500,14
21319,12000,12
21319,12500,15
21319,13000,10
21319,13500,11
21319,14500,14
21319,15000,14
21319,15500,13
21319,16000,15
21319,16500,16
21319,17500,12
21319,18000,13
21319,19000,11
21319,19500,16
21319,20000,14
21770,500,13
21770,1000,13
21770,1500,16
21770,2000,12
21770,2500,13
21770,3000,16
21770,3500,17
21770,5000,14
21770,10500,13
21770,12000,14
21770,12500,12
21770,13000,12
21770,13500,13
21770,14000,15
21770,14500,18
21770,15000,15
21770,15500,15
21770,16000,16
21770,16500,16
21770,17000,16
21770,17500,16
21770,18000,14
21770,18500,13
21770,19000,13
21770,19500,16
21770,20000,14
21770,20500,15
21772,500,12
21772,1000,9
21772,1500,9
21772,2000,10
21772,2500,8
21772,3000,8
21772,3500,9
21772,4000,9
21772,4500,8
21772,5000,10
21772,10500,9
21772,12000,12
21772,12500,16
21772,13000,15
21772,13500,13
21772,14000,12
21772,14500,12
21772,15000,13
21772,15500,15
21772,16000,12
21772,16500,14
21772,17000,13
21772,17500,10
21772,18000,12
21772,18500,14
21772,19000,9
21772,19500,14
21772,20000,11
21772,20500,12
21774,500,10
21774,5000,8
21774,10500,11
21774,12000,8
21774,12500,9
21774,13000,10
21774,13500,11
21774,14000,9
21774,14500,10
21774,15000,9
21774,15500,10
21774,16000,11
21774,16500,11
21774,17000,10
21774,17500,8
21774,18000,10
21774,18500,10
21774,19000,11
21774,19500,9
21774,20000,7
21774,20500,11
219,500,20
219,1000,16
219,1500,19
219,2000,23
219,2500,25
219,3000,13
219,5000,21
219,10500,19
219,12000,16
219,12500,18
219,13000,17
219,13500,16
219,14000,19
219,14500,20
219,15000,17
219,15500,19
219,16000,15
219,16500,20
219,17000,14
219,17500,15
219,18000,14
219,18500,13
219,19500,21
219,20000,17
219,20500,17
22400,500,18
22400,1000,21
22400,1500,21
22400,2000,19
22400,2500,19
22400,3000,18
22400,3500,18
22400,4000,18
22400,4500,17
22400,5000,19
22400,5500,17
22400,6000,19
22400,7000,17
22400,7500,16
22400,8000,16
22400,8500,16
22400,9000,14
22400,9500,19
22400,10000,21
22400,10500,16
22400,11000,17
22400,11500,20
22400,12000,18
22400,12500,19
22400,13000,18
22400,13500,20
22400,14000,17
22400,14500,17
22400,15000,18
22400,15500,22
22400,16000,19
22400,16500,19
22400,17000,16
22400,17500,17
22400,18500,21
22400,19000,15
22400,19500,19
22400,20000,21
22400,20500,17
22407,500,13
22407,1000,15
22407,1500,16
22407,2000,16
22407,2500,25
22407,3000,17
22407,3500,13
22407,4000,16
22407,4500,16
22407,5000,15
22407,10500,12
22407,12000,14
22407,12500,20
22407,13000,14
22407,13500,16
22407,14000,14
22407,14500,15
22407,15000,18
22407,15500,13
22407,16000,15
22407,16500,16
22407,17000,16
22407,17500,16
22407,18000,14
22407,18500,20
22407,19000,16
22407,19500,18
22407,20000,16
22407,20500,16
2265,1000,19
2265,1500,13
2265,2000,18
2265,2500,11
2265,3000,17
2265,5000,16
2265,10500,17
2265,12000,16
2265,12500,18
2265,13000,13
2265,13500,14
2265,14000,18
2265,14500,13
2265,15000,13
2265,15500,17
2265,16000,14
2265,16500,15
2265,17000,10
2265,17500,17
2265,18000,16
2265,18500,16
2265,19000,14
2265,20000,13
2265,20500,15
2270,500,21
2270,1000,19
2270,1500,19
2270,2000,20
2270,2500,20
2270,3000,23
2270,3500,18
2270,4000,20
2270,4500,21
2270,5000,23
2270,5500,19
2270,6000,22
2270,6500,21
2270,7000,18
2270,7500,22
2270,8000,20
2270,8500,19
2270,10500,19
2270,12000,24
2270,12500,21
2270,13000,19
2270,13500,19
2270,14000,22
2270,14500,19
2270,15000,20
2270,15500,17
2270,16000,19
2270,16500,23
2270,17000,22
2270,17500,24
2270,18000,19
2270,19000,19
2270,19500,18
2270,20000,19
2270,20500,18
228,500,21
228,1000,15
228,1500,20
228,10500,21
228,12000,17
228,12500,18
228,13000,13
228,14500,18
228,15000,18
228,16000,15
228,16500,14
228,17000,20
228,17500,16
228,18000,18
228,18500,23
228,19000,25
228,19500,18
228,20000,23
2286,500,23
2286,5000,25
2286,10500,25
2286,12000,19
2286,12500,21
2286,13000,22
2286,13500,23
2286,14000,21
2286,14500,24
2286,15000,27
2286,15500,19
2286,16000,21
2286,16500,22
2286,17000,17
2286,17500,15
2286,18000,22
2286,18500,17
2286,19000,20
2286,20500,22
2292,500,27
2292,1000,19
2292,1500,21
2292,2000,21
2292,2500,23
2292,3000,21
2292,3500,20
2292,4000,21
2292,5000,19
2292,10500,20
2292,12000,16
2292,12500,19
2292,13000,20
2292,13500,21
2292,14000,21
2292,14500,18
2292,15000,23
2292,15500,20
2292,16000,17
2292,16500,17
2292,17000,20
2292,17500,14
2292,18000,13
2292,18500,12
2292,19000,15
2292,19500,15
2292,20000,17
2292,20500,21
22969,500,13
22969,1000,18
22969,1500,18
22969,2000,18
22969,2500,16
22969,3000,17
22969,5000,16
22969,10500,16
22969,12000,13
22969,12500,17
22969,13000,11
22969,13500,16
22969,14000,19
22969,15000,17
22969,15500,14
22969,16000,18
22969,17000,19
22969,17500,17
22969,18000,19
22969,18500,20
22969,19000,17
22969,19500,20
22969,20000,19
22969,20500,19
2297,500,17
2297,1500,18
2297,10500,19
2297,14000,17
2297,14500,18
2297,15000,19
2297,15500,17
2297,16000,16
2297,16500,20
2297,17000,20
2297,17500,20
2297,18500,18
2297,20000,19
2297,20500,17
2303,10500,19
2303,12500,18
2303,13000,17
2303,13500,15
2303,14000,16
2303,14500,16
2303,15000,18
2303,15500,16
2303,16000,16
2303,16500,18
2303,17000,16
2303,18000,18
2303,18500,18
2303,19000,16
2303,20500,17
2311,1000,11
2311,1500,6
2311,2000,10
2311,2500,7
2311,3000,8
2311,3500,6
2311,4000,8
2311,4500,9
2311,5000,11
2311,5500,9
2311,6000,13
2311,6500,12
2311,10500,10
2311,12000,10
2311,13000,10
2311,13500,7
2311,14000,10
2311,14500,8
2311,15000,7
2311,15500,9
2311,16000,7
2311,16500,9
2311,17000,10
2311,17500,11
2311,18000,12
2311,18500,12
2311,19000,12
2311,19500,10
2311,20000,11
2311,20500,9
2314,500,26
2314,1000,27
2314,2000,22
2314,3000,23
2314,3500,14
2314,4000,15
2314,5000,26
2314,10500,26
2314,12000,30
2314,12500,27
2314,13000,27
2314,13500,25
2314,14000,29
2314,15000,25
2314,15500,21
2314,16000,21
2314,16500,23
2314,17500,23
2314,18500,25
2314,19500,19
2314,20500,27
2318,5000,20
2318,10500,15
2318,12000,15
2318,12500,16
2318,13000,17
2318,13500,21
2318,14000,20
2318,14500,19
2318,15000,19
2318,15500,15
2318,16000,15
2318,16500,13
2318,17000,16
2318,18000,16
2318,18500,16
2318,19000,20
2318,19500,13
2318,20000,8
2318,20500,21
2324,1000,12
2324,1500,9
2324,3000,12
2324,6000,5
2324,12000,7
2324,13500,7
2324,14500,7
2324,15000,9
2324,16000,6
2324,16500,7
2324,17000,7
2324,17500,9
2324,18500,10
2324,19000,9
2324,19500,10
2324,20000,11
2324,20500,7
2332,500,20
2332,1000,25
2332,1500,27
2332,2000,24
2332,5000,17
2332,10500,21
2332,12000,24
2332,12500,17
2332,13000,22
2332,13500,20
2332,14000,21
2332,14500,18
2332,15000,20
2332,15500,23
2332,16000,21
2332,16500,22
2332,17000,21
2332,17500,24
2332,18000,22
2332,18500,23
2332,19000,20
2332,19500,19
2332,20000,23
2332,20500,22
2338,500,22
2338,5000,19
2338,10500,14
2338,12000,21
2338,12500,18
2338,13000,15
2338,13500,14
2338,14000,14
2338,14500,16
2338,15000,18
2338,15500,16
2338,16000,14
2338,16500,18
2338,17000,17
2338,17500,14
2338,18000,11
2338,20500,17
234,500,17
234,1000,13
234,1500,15
234,2500,14
234,3000,19
234,4000,13
234,4500,17
234,5000,8
234,10500,13
234,12000,13
234,12500,12
234,13000,13
234,13500,16
234,14500,15
234,15000,13
234,15500,14
234,16000,14
234,16500,20
234,17000,25
234,17500,19
234,18000,22
234,18500,12
234,19500,15
234,20500,14
2351,500,7
2351,1000,9
2351,1500,8
2351,2000,6
2351,2500,9
2351,3000,8
2351,3500,6
2351,4500,9
2351,5000,10
2351,5500,9
2351,6000,14
2351,6500,19
2351,10500,9
2351,12500,9
2351,13000,10
2351,14000,7
2351,14500,7
2351,15000,9
2351,16000,8
2351,16500,8
2351,17000,7
2351,17500,7
2351,18000,10
2351,18500,10
2351,19000,12
2377,500,18
2377,1000,18
2377,5000,16
2377,10500,16
2377,12000,14
2377,12500,17
2377,13000,17
2377,13500,14
2377,14000,16
2377,14500,12
2377,15000,17
2377,15500,15
2377,16000,14
2377,16500,17
2377,17000,10
2377,17500,16
2377,18000,18
2377,18500,15
2377,19000,15
2377,19500,15
2377,20000,15
2377,20500,15
2378,500,24
2378,1500,24
2378,2500,24
2378,3000,22
2378,3500,20
2378,4000,23
2378,4500,21
2378,5000,22
2378,10500,28
2378,12000,23
2378,13000,18
2378,13500,22
2378,14000,22
2378,14500,24
2378,15000,22
2378,15500,20
2378,16000,18
2378,16500,19
2378,17000,16
2378,18000,18
2378,19000,19
2378,19500,25
2378,20000,19
2378,20500,24
238,1000,21
238,5000,17
238,10500,19
238,12000,18
238,12500,20
238,13000,20
238,13500,19
238,14000,19
238,14500,21
238,15500,21
238,16000,16
238,16500,23
238,17000,18
238,17500,19
238,18000,23
238,18500,20
238,19000,23
238,19500,18
238,20000,24
2385,500,29
2385,1500,27
2385,2000,29
2385,2500,26
2385,3000,19
2385,5000,19
2385,10500,23
2385,12000,23
2385,12500,24
2385,13000,23
2385,13500,24
2385,14000,21
2385,14500,22
2385,15000,27
2385,15500,20
2385,16000,26
2385,16500,30
2385,17000,23
2385,18000,23
2385,18500,24
2385,19500,24
2385,20000,21
2385,20500,20
239,500,24
239,1000,25
239,1500,20
239,2000,31
239,2500,25
239,3000,20
239,3500,24
239,4000,20
239,4500,22
239,5000,22
239,5500,19
239,6500,21
239,7500,23
239,8000,21
239,8500,27
239,9000,20
239,9500,23
239,10000,20
239,11000,21
239,11500,22
239,12000,24
239,12500,21
239,13000,20
239,14000,25
239,14500,23
239,15000,24
239,15500,24
239,16000,26
239,16500,23
239,17000,25
239,18000,17
239,18500,23
239,19000,18
239,19500,19
239,20000,24
239,20500,20
2391,500,19
2391,1000,15
2391,1500,19
2391,2000,20
2391,2500,19
2391,3000,17
2391,3500,22
2391,4000,20
2391,4500,15
2391,5000,17
2391,5500,16
2391,10500,13
2391,12000,19
2391,12500,12
2391,13000,11
2391,13500,20
2391,14500,19
2391,15000,21
2391,15500,14
2391,16000,14
2391,16500,15
2391,17000,15
2391,17500,18
2391,18000,19
2391,18500,18
2391,19000,24
2391,19500,19
2391,20500,16
2476,500,12
2476,1000,11
2476,1500,11
2476,2000,9
2476,2500,10
2476,3000,13
2476,3500,13
2476,4000,10
2476,4500,11
2476,5000,13
2476,5500,5
2476,10500,11
2476,12000,13
2476,12500,11
2476,13000,9
2476,13500,11
2476,14000,10
2476,14500,13
2476,15000,14
2476,15500,12
2476,16000,7
2476,16500,9
2476,17000,9
2476,17500,12
2476,18000,10
2476,18500,13
2476,19000,9
2476,19500,11
2476,20000,10
2476,20500,10
25,500,13
25,1000,11
25,1500,11
25,3000,8
25,4000,13
25,6000,14
25,8500,10
25,13000,11
25,15500,8
25,17000,10
25,17500,12
25,18500,11
25,19500,11
253,500,14
253,1000,11
253,1500,10
253,2000,9
253,2500,13
253,5000,9
253,10500,11
253,12000,13
253,12500,11
253,13000,13
253,13500,9
253,14000,12
253,14500,11
253,15000,10
253,15500,12
253,16000,11
253,16500,12
253,17000,11
253,17500,9
253,18000,9
253,18500,13
253,19000,11
253,19500,12
253,20000,9
253,20500,11
254,500,28
254,1000,25
254,2000,19
254,3000,25
254,3500,25
254,4000,18
254,4500,18
254,5000,21
254,5500,23
254,6000,21
254,10500,19
254,12000,20
254,12500,23
254,13000,23
254,13500,25
254,14000,21
254,14500,25
254,15000,22
254,15500,20
254,16500,25
254,18000,22
254,19000,22
254,20500,20
2576,500,17
2576,1000,13
2576,2000,16
2576,2500,17
2576,3000,16
2576,3500,15
2576,4000,14
2576,4500,16
2576,5000,19
2576,10500,15
2576,12000,16
2576,12500,18
2576,13000,15
2576,13500,15
2576,14000,17
2576,14500,16
2576,15000,16
2576,15500,17
2576,16000,17
2576,16500,14
2576,17000,17
2576,17500,16
2576,18500,14
2576,19000,12
2576,20000,13
2576,20500,14
2580,500,12
2580,1000,11
2580,1500,15
2580,2000,16
2580,2500,11
2580,3000,8
2580,5000,11
2580,10500,6
2580,12500,10
2580,13000,10
2580,14000,9
2580,14500,9
2580,15000,7
2580,15500,8
2580,16000,9
2580,16500,13
2580,17000,8
2580,17500,7
2580,18000,10
2580,18500,10
2580,19000,6
2580,19500,14
2580,20000,14
2586,500,20
2586,1000,23
2586,1500,18
2586,2500,21
2586,3000,21
2586,3500,17
2586,5000,18
2586,12000,17
2586,12500,19
2586,13000,18
2586,13500,18
2586,14000,17
2586,14500,21
2586,15000,20
2586,15500,18
2586,16000,16
2586,16500,17
2586,17000,16
2586,17500,16
2586,18000,20
2586,18500,17
2586,19000,18
2586,19500,18
2586,20000,19
2586,20500,21
2588,500,25
2588,1000,16
2588,1500,19
2588,2000,20
2588,3000,19
2588,4500,21
2588,5000,22
2588,6000,22
2588,12500,13
2588,13500,24
2588,14000,20
2588,14500,23
2588,15000,20
2588,15500,20
2588,16000,21
2588,16500,17
2588,18000,23
2588,18500,19
2588,19000,20
2588,19500,17
2590,500,12
2590,1500,13
2590,2000,10
2590,3000,14
2590,3500,16
2590,4000,18
2590,4500,15
2590,5000,9
2590,10500,11
2590,12000,10
2590,12500,8
2590,13000,7
2590,13500,12
2590,14000,14
2590,14500,10
2590,15000,8
2590,15500,10
2590,16000,5
2590,16500,8
2590,17000,11
2590,17500,12
2590,18000,12
2590,18500,11
2590,19000,13
2590,19500,13
2590,20000,11
2590,20500,10
2593,500,22
2593,1000,14
2593,1500,12
2593,2000,14
2593,2500,15
2593,3000,18
2593,3500,16
2593,4000,18
2593,4500,19
2593,5000,15
2593,5500,17
2593,6000,16
2593,10500,14
2593,12000,14
2593,12500,15
2593,13000,15
2593,13500,16
2593,14000,14
2593,14500,17
2593,15000,20
2593,15500,18
2593,16000,17
2593,16500,16
2593,17000,16
2593,17500,14
2593,18000,18
2593,18500,16
2593,19000,17
2593,19500,20
2593,20000,17
2593,20500,19
2599,500,18
2599,1000,16
2599,1500,15
2599,2000,10
2599,2500,16
2599,3000,14
2599,12500,17
2599,13500,15
2599,14500,18
2599,15000,17
2599,16000,17
2599,17500,19
2599,18000,17
2599,18500,19
2599,19000,19
2599,19500,15
2599,20000,17
2599,20500,20
260,500,25
260,1000,19
260,2500,17
260,3000,18
260,3500,18
260,4000,17
260,5000,21
260,6000,18
260,10500,18
260,12000,22
260,12500,21
260,13000,20
260,13500,17
260,14000,18
260,14500,19
260,15000,25
260,15500,17
260,16000,19
260,16500,17
260,17000,19
260,17500,15
260,18000,18
260,18500,14
260,19500,17
260,20000,20
260,20500,20
2609,1000,20
2609,1500,21
2609,2000,21
2609,2500,18
2609,3000,18
2609,3500,29
2609,4000,22
2609,4500,21
2609,5000,17
2609,5500,19
2609,6000,24
2609,6500,15
2609,7000,8
2609,7500,13
2609,8000,19
2609,8500,16
2609,15000,19
2609,16500,20
2609,17000,21
2609,17500,18
2609,18000,18
2609,18500,15
2609,19500,16
2609,20000,15
2609,20500,18
2610,500,12
2610,1000,22
2610,5000,12
2610,10500,10
2610,12000,10
2610,12500,16
2610,13000,13
2610,13500,12
2610,14000,14
2610,14500,15
2610,15000,12
2610,15500,12
2610,16000,13
2610,16500,12
2610,17000,13
2610,17500,15
2610,18000,11
2610,18500,17
2610,19000,17
2610,19500,14
2610,20000,15
2610,20500,12
2611,500,12
2611,1000,8
2611,1500,12
2611,2000,8
2611,2500,8
2611,5000,13
2611,10500,11
2611,12000,13
2611,12500,11
2611,13000,14
2611,13500,12
2611,14000,11
2611,14500,10
2611,15000,13
2611,15500,10
2611,16000,11
2611,16500,13
2611,17000,12
2611,17500,13
2611,18000,15
2611,18500,13
2611,19000,15
2611,19500,10
2611,20000,12
2611,20500,13
2615,500,12
2615,1000,8
2615,1500,8
2615,2000,9
2615,2500,9
2615,3000,10
2615,3500,4
2615,5000,12
2615,10500,7
2615,12000,11
2615,12500,11
2615,13000,8
2615,13500,12
2615,14000,13
2615,14500,12
2615,15000,10
2615,15500,12
2615,16000,14
2615,16500,14
2615,17000,12
2615,17500,10
2615,18000,12
2615,18500,10
2615,19000,14
2615,19500,11
2615,20000,11
2615,20500,11
2617,500,23
2617,1000,13
2617,1500,18
2617,2000,14
2617,2500,11
2617,3000,14
2617,3500,15
2617,4000,16
2617,4500,20
2617,5000,20
2617,5500,21
2617,6000,22
2617,6500,15
2617,10500,20
2617,12000,22
2617,12500,19
2617,13000,18
2617,13500,19
2617,14000,20
2617,14500,19
2617,15000,20
2617,15500,15
2617,16000,21
2617,16500,18
2617,17000,17
2617,17500,19
2617,18000,17
2617,18500,19
2617,19000,17
2617,19500,19
2617,20000,16
2617,20500,19
2619,500,13
2619,1000,14
2619,1500,14
2619,2500,14
2619,3000,13
2619,3500,13
2619,4000,12
2619,4500,16
2619,5000,13
2619,5500,9
2619,6500,11
2619,7000,13
2619,10500,12
2619,12000,11
2619,12500,14
2619,13000,10
2619,13500,13
2619,14000,11
2619,14500,16
2619,15000,12
2619,15500,15
2619,16000,14
2619,16500,13
2619,17000,14
2619,18000,17
2619,19000,15
2619,19500,19
2619,20000,18
2619,20500,17
2622,500,11
2622,1000,9
2622,1500,11
2622,2000,13
2622,5000,11
2622,10500,11
2622,12000,9
2622,12500,11
2622,13000,11
2622,13500,8
2622,14000,10
2622,14500,8
2622,15000,8
2622,15500,10
2622,16000,10
2622,16500,11
2622,17000,12
2622,17500,12
2622,18000,9
2622,18500,11
2622,19000,9
2622,19500,9
2622,20000,9
2622,20500,11
2626,500,28
2626,1000,15
2626,1500,14
2626,2000,15
2626,2500,18
2626,3000,18
2626,3500,16
2626,4000,15
2626,4500,21
2626,5000,19
2626,5500,21
2626,6000,20
2626,6500,21
2626,7000,20
2626,10500,23
2626,12000,26
2626,12500,22
2626,13000,25
2626,13500,24
2626,14000,20
2626,14500,19
2626,15000,24
2626,15500,20
2626,16000,20
2626,16500,20
2626,17000,22
2626,17500,18
2626,18000,19
2626,18500,16
2626,19000,19
2626,19500,17
2626,20000,17
2626,20500,29
2637,500,15
2637,1000,12
2637,1500,15
2637,2000,15
2637,2500,12
2637,3000,12
2637,3500,13
2637,4000,12
2637,5000,12
2637,10500,15
2637,12000,13
2637,12500,14
2637,13000,14
2637,13500,14
2637,14000,11
2637,14500,11
2637,15000,16
2637,15500,15
2637,16000,11
2637,16500,10
2637,17000,12
2637,17500,11
2637,18000,10
2637,18500,12
2637,19000,11
2637,19500,8
2637,20000,11
2637,20500,12
2642,500,11
2642,1000,10
2642,1500,9
2642,2000,11
2642,2500,10
2642,3000,7
2642,3500,9
2642,4000,11
2642,5000,9
2642,5500,8
2642,6500,9
2642,7000,11
2642,8000,9
2642,9000,11
2642,10000,12
2642,10500,10
2642,11000,13
2642,12000,9
2642,12500,12
2642,13000,11
2642,13500,10
2642,14000,9
2642,14500,7
2642,15000,8
2642,15500,6
2642,16000,8
2642,16500,8
2642,17000,11
2642,17500,9
2642,18000,10
2642,18500,10
2642,19000,9
2642,19500,11
2642,20000,11
2642,20500,9
2644,500,10
2644,5000,14
2644,10500,14
2644,12000,11
2644,12500,14
2644,13000,15
2644,13500,12
2644,14000,13
2644,14500,11
2644,15000,11
2644,15500,11
2644,16000,12
2644,16500,16
2644,17000,13
2644,17500,15
2644,18000,16
2644,18500,16
2644,19000,15
2644,19500,15
2644,20000,18
2644,20500,13
2647,500,18
2647,1000,18
2647,1500,14
2647,2000,19
2647,5000,14
2647,10500,12
2647,12000,12
2647,12500,11
2647,13000,13
2647,13500,12
2647,14000,17
2647,14500,16
2647,15000,17
2647,15500,16
2647,16000,15
2647,16500,16
2647,17000,19
2647,17500,16
2647,18000,22
2647,18500,23
2647,19000,25
2647,19500,21
2647,20000,18
2647,20500,14
2652,500,10
2652,1000,11
2652,1500,13
2652,10500,8
2652,12000,10
2652,12500,10
2652,13500,11
2652,14500,11
2652,15500,10
2652,16500,12
2652,17000,11
2652,17500,13
2652,18000,11
2652,18500,9
2652,19000,9
2652,19500,11
2652,20000,10
2652,20500,10
26606,500,17
26606,5000,12
26606,10500,13
26606,12000,13
26606,12500,15
26606,13000,15
26606,13500,14
26606,14000,13
26606,14500,14
26606,15500,13
26606,16000,13
26606,16500,14
26606,17000,15
26606,17500,11
26606,18000,13
26606,18500,15
26606,19000,13
26606,19500,13
26606,20000,12
26606,20500,17
2661,500,8
2661,1500,10
2661,2000,9
2661,3000,7
2661,3500,7
2661,4000,8
2661,4500,9
2661,5000,8
2661,5500,6
2661,6000,6
2661,6500,6
2661,10500,10
2661,12000,10
2661,12500,9
2661,13000,11
2661,13500,7
2661,14000,10
2661,14500,11
2661,15000,9
2661,15500,5
2661,16000,9
2661,16500,8
2661,17000,11
2661,17500,12
2661,18000,12
2661,18500,9
2661,19000,10
2661,19500,7
2661,20000,11
2661,20500,10
2663,500,29
2663,1000,16
2663,1500,13
2663,2000,16
2663,2500,16
2663,3000,23
2663,3500,19
2663,4000,29
2663,4500,21
2663,5000,17
2663,5500,22
2663,6000,19
2663,6500,22
2663,7000,20
2663,7500,26
2663,8000,20
2663,8500,31
2663,9000,21
2663,9500,25
2663,10000,23
2663,10500,18
2663,11000,23
2663,12000,15
2663,12500,17
2663,13000,15
2663,13500,18
2663,14000,14
2663,14500,15
2663,15000,16
2663,15500,16
2663,16000,18
2663,16500,12
2663,17000,13
2663,17500,19
2663,18000,15
2663,18500,12
2663,19000,15
2663,19500,13
2663,20000,19
2663,20500,14
2671,1000,7
2671,1500,10
2671,2000,12
2671,2500,19
2671,3000,24
2671,3500,9
2671,10500,11
2671,12000,13
2671,12500,11
2671,13500,12
2671,14000,10
2671,14500,12
2671,15000,11
2671,15500,12
2671,16000,12
2671,16500,16
2671,17000,12
2671,17500,12
2671,19000,11
2671,20000,10
2671,20500,10
275,500,22
275,1000,19
275,1500,23
275,2000,21
275,2500,17
275,3000,21
275,5000,23
275,10500,20
275,12000,20
275,12500,22
275,13000,20
275,13500,22
275,14000,22
275,14500,20
275,15000,17
275,15500,19
275,16000,27
275,16500,21
275,17000,21
275,17500,24
275,18000,22
275,18500,21
275,19000,23
275,19500,21
275,20000,19
275,20500,20
281,500,22
281,1500,22
281,2000,25
281,2500,23
281,5000,16
281,10500,18
281,12000,21
281,13000,20
281,14000,18
281,15000,16
281,16000,20
281,17000,19
281,18000,21
281,18500,17
281,19500,18
281,20000,22
287,500,19
287,1000,17
287,1500,7
287,2000,12
287,2500,10
287,5000,14
287,10500,21
287,12000,22
287,12500,21
287,13000,18
287,13500,15
287,14000,18
287,14500,19
287,15000,21
287,15500,19
287,16000,16
287,16500,19
287,17000,21
287,17500,18
287,18000,16
287,18500,18
287,19000,14
287,19500,16
287,20000,19
2880,500,19
2880,1000,10
2880,1500,11
2880,5000,15
2880,10500,14
2880,12000,18
2880,12500,18
2880,13000,13
2880,13500,14
2880,14000,14
2880,14500,12
2880,15000,17
2880,15500,12
2880,16000,13
2880,16500,13
2880,17000,13
2880,17500,11
2880,18000,12
2880,18500,12
2880,19000,13
2880,19500,12
2880,20000,10
2880,20500,17
2882,500,8
2882,1000,11
2882,1500,11
2882,2000,7
2882,2500,5
2882,3000,9
2882,4000,6
2882,5000,7
2882,12500,10
2882,14000,8
2882,16500,8
2882,17500,8
2882,18500,11
2882,19500,12
2882,20000,13
2888,500,26
2888,1000,23
2888,1500,19
2888,2500,22
2888,3000,18
2888,12000,20
2888,13000,18
2888,14000,25
2888,15000,24
2888,15500,19
2888,17000,23
2888,18000,25
2888,19000,23
2888,20000,16
2888,20500,23
2919,500,32
2919,1000,20
2919,1500,25
2919,2000,23
2919,2500,23
2919,3000,19
2919,3500,23
2919,5000,25
2919,10500,19
2919,12000,25
2919,12500,19
2919,13000,21
2919,13500,23
2919,14000,23
2919,14500,22
2919,15000,25
2919,15500,23
2919,16000,25
2919,16500,25
2919,17000,16
2919,17500,24
2919,18000,22
2919,19000,19
2919,19500,25
2919,20000,20
2919,20500,23
2951,500,9
2951,1000,20
2951,1500,15
2951,2000,14
2951,10500,14
2951,12000,13
2951,12500,9
2951,13000,10
2951,14000,16
2951,14500,9
2951,15000,16
2951,15500,17
2951,17500,11
2951,18000,17
2951,19000,13
2951,20000,17
2951,20500,16
2953,500,18
2953,1000,10
2953,1500,12
2953,2000,10
2953,2500,12
2953,3000,7
2953,3500,10
2953,4000,15
2953,4500,11
2953,5000,13
2953,5500,8
2953,6000,13
2953,6500,9
2953,10500,12
2953,12000,16
2953,12500,14
2953,13000,15
2953,13500,14
2953,14000,12
2953,15000,15
2953,15500,17
2953,16000,12
2953,16500,13
2953,17000,11
2953,17500,19
2953,18000,13
2953,18500,12
2953,19000,13
2953,19500,14
2953,20000,11
2953,20500,13
2954,500,9
2954,1000,10
2954,1500,10
2954,2000,9
2954,2500,10
2954,3000,13
2954,3500,8
2954,4000,10
2954,4500,14
2954,5000,8
2954,10500,8
2954,12500,7
2954,13500,10
2954,14000,9
2954,14500,10
2954,15000,8
2954,15500,9
2954,16000,7
2954,16500,8
2954,17000,8
2954,17500,10
2954,18000,10
2954,18500,7
2954,19000,10
2954,19500,10
2954,20000,7
2954,20500,8
2959,500,29
2959,1000,24
2959,1500,25
2959,2000,19
2959,2500,19
2959,3000,19
2959,3500,20
2959,4000,16
2959,4500,23
2959,5000,18
2959,5500,18
2959,6000,18
2959,6500,23
2959,7000,25
2959,10500,28
2959,12000,24
2959,12500,26
2959,13000,25
2959,13500,22
2959,14000,28
2959,14500,21
2959,15000,30
2959,15500,21
2959,16000,21
2959,16500,21
2959,17000,30
2959,17500,21
2959,18000,22
2959,18500,14
2959,19000,25
2959,19500,25
2959,20000,24
2959,20500,30
2961,500,19
2961,1000,20
2961,1500,19
2961,2000,17
2961,2500,18
2961,3000,25
2961,3500,21
2961,4000,21
2961,4500,24
2961,5000,19
2961,5500,21
2961,6000,22
2961,10500,17
2961,12000,14
2961,12500,15
2961,13000,22
2961,13500,21
2961,14500,20
2961,15000,17
2961,15500,21
2961,16000,20
2961,16500,19
2961,17500,18
2961,18000,19
2961,18500,13
2961,19000,22
2961,19500,22
2961,20000,20
2961,20500,15
2962,500,9
2962,1000,18
2962,1500,15
2962,2000,16
2962,2500,16
2962,3000,12
2962,5000,11
2962,12000,9
2962,13000,12
2962,14000,9
2962,15000,13
2962,15500,8
2962,16500,11
2962,17000,13
2962,18000,13
2962,18500,11
2962,19000,12
2962,19500,17
2962,20000,15
302,500,11
302,1000,14
302,1500,18
302,2000,17
302,2500,12
302,3000,15
302,3500,17
302,4000,15
302,4500,18
302,5000,12
302,5500,14
302,6000,11
302,10500,13
302,12000,12
302,12500,11
302,13000,12
302,13500,11
302,14000,11
302,14500,12
302,15500,11
302,16000,14
302,16500,12
302,17000,11
302,17500,12
302,18000,10
302,18500,15
302,19000,11
302,19500,11
302,20000,16
302,20500,9
3031,1500,26
3031,2000,23
3031,2500,25
3031,3000,24
3031,3500,24
3031,5000,24
3031,10500,27
3031,12000,21
3031,12500,25
3031,13000,25
3031,13500,23
3031,14000,23
3031,14500,30
3031,15000,29
3031,15500,27
3031,16000,29
3031,16500,20
3031,17000,28
3031,17500,21
3031,18000,27
3031,18500,30
3031,19000,28
3031,19500,26
3031,20000,28
3031,20500,25
3032,500,19
3032,1000,16
3032,1500,21
3032,2000,21
3032,10500,19
3032,12000,19
3032,12500,18
3032,13000,19
3032,13500,20
3032,14000,20
3032,14500,20
3032,15000,18
3032,15500,19
3032,16000,19
3032,16500,19
3032,17000,21
3032,17500,16
3032,18000,20
3032,18500,20
3032,19000,15
3032,19500,17
3032,20000,17
3035,500,25
3035,1500,23
3035,2000,21
3035,2500,22
3035,3000,23
3035,3500,18
3035,4000,26
3035,4500,27
3035,5000,21
3035,5500,24
3035,6000,19
3035,6500,28
3035,10500,24
3035,12000,22
3035,12500,23
3035,13000,21
3035,13500,22
3035,14000,26
3035,14500,22
3035,15000,22
3035,15500,25
3035,16000,22
3035,16500,19
3035,17000,25
3035,17500,20
3035,18000,27
3035,19000,23
3035,19500,25
3035,20000,23
3035,20500,27
304,500,10
304,1000,16
304,1500,20
304,2000,20
304,2500,16
304,3000,16
304,3500,15
304,4000,16
304,4500,16
304,5500,14
304,6000,16
304,6500,18
304,7000,14
304,7500,15
304,8000,21
304,8500,20
304,9000,19
304,10500,10
304,12500,9
304,13500,10
304,14000,9
304,14500,10
304,15500,12
304,16000,11
304,16500,13
304,17000,12
304,17500,15
304,18000,13
304,18500,14
304,19000,16
304,19500,11
304,20000,16
304,20500,11
3047,500,17
3047,5000,13
3047,10500,16
3047,12000,13
3047,12500,12
3047,13000,14
3047,14500,11
3047,16000,13
3047,16500,14
3047,17000,16
3047,17500,15
3047,18000,14
3047,18500,10
3047,19000,13
3047,19500,15
3047,20000,17
3047,20500,16
3050,1000,21
3050,1500,24
3050,2000,20
3050,2500,21
3050,3000,27
3050,3500,23
3050,4000,24
3050,4500,22
3050,5000,23
3050,5500,21
3050,6000,23
3050,10500,23
3050,12000,22
3050,12500,17
3050,13000,21
3050,13500,25
3050,14000,21
3050,14500,23
3050,15500,20
3050,16000,22
3050,16500,22
3050,17000,19
3050,18000,21
3050,18500,19
3050,19000,28
3050,19500,23
3050,20000,21
3050,20500,17
3054,500,13
3054,1000,15
3054,1500,17
3054,2000,16
3054,2500,14
3054,5000,16
3054,10500,17
3054,12000,15
3054,12500,18
3054,13000,13
3054,14000,14
3054,15000,16
3054,16000,14
3054,17000,12
3054,18000,13
3054,19000,17
3054,19500,20
3054,20000,17
3054,20500,15
3056,500,22
3056,1000,16
3056,1500,16
3056,2000,14
3056,2500,15
3056,3000,12
3056,3500,15
3056,4000,12
3056,4500,14
3056,5000,20
3056,12000,19
3056,12500,18
3056,13500,15
3056,14500,16
3056,15000,18
3056,15500,18
3056,16000,14
3056,16500,21
3056,17000,15
3056,17500,15
3056,18000,17
3056,18500,14
3056,19000,19
3056,19500,14
3056,20000,15
3058,500,19
3058,1000,23
3058,1500,23
3058,2000,20
3058,2500,21
3058,3000,17
3058,3500,16
3058,4000,16
3058,4500,23
3058,5000,17
3058,5500,22
3058,10500,19
3058,12000,18
3058,12500,24
3058,13000,14
3058,13500,15
3058,14000,15
3058,14500,18
3058,15000,19
3058,15500,17
3058,16000,13
3058,16500,14
3058,17000,17
3058,17500,17
3058,18000,17
3058,18500,16
3058,19000,17
3058,19500,19
3058,20000,22
3058,20500,18
3125,500,16
3125,1000,17
3125,1500,22
3125,2000,16
3125,2500,17
3125,3000,13
3125,3500,7
3125,5000,19
3125,10500,15
3125,12000,20
3125,12500,18
3125,13000,21
3125,13500,19
3125,14000,18
3125,14500,17
3125,15000,19
3125,15500,19
3125,16000,17
3125,16500,17
3125,17000,18
3125,17500,17
3125,18000,16
3125,18500,20
3125,19000,19
3125,19500,14
3125,20000,16
3125,20500,19
3130,500,21
3130,1500,18
3130,2000,19
3130,2500,19
3130,5000,18
3130,10500,18
3130,12000,17
3130,12500,16
3130,13000,17
3130,13500,14
3130,14000,17
3130,16000,23
3130,16500,15
3130,17500,11
3130,18000,17
3130,20000,15
3130,20500,20
3149,500,11
3149,1000,14
3149,1500,8
3149,5000,8
3149,10500,10
3149,12000,13
3149,12500,10
3149,13000,9
3149,13500,13
3149,14000,11
3149,14500,10
3149,15000,14
3149,15500,11
3149,16000,12
3149,16500,7
3149,17000,9
3149,17500,11
3149,18000,12
3149,18500,9
3149,19500,12
3149,20000,10
3149,20500,12
316,500,20
316,1500,20
316,2000,21
316,2500,19
316,3000,21
316,3500,15
316,4000,13
316,5500,16
316,6000,15
316,6500,16
316,7000,15
316,7500,18
316,8000,19
316,8500,15
316,9000,15
316,9500,14
316,10000,18
316,10500,26
316,11000,18
316,12000,26
316,12500,23
316,13000,17
316,14000,20
316,14500,21
316,15000,18
316,15500,20
316,16500,15
316,17000,21
316,17500,23
316,18500,20
316,19500,16
316,20000,22
316,20500,22
318,500,12
318,1000,16
318,1500,14
318,2000,13
318,2500,17
318,3000,15
318,5000,13
318,10500,12
318,12000,11
318,12500,9
318,13000,13
318,13500,15
318,14000,12
318,14500,15
318,15000,11
318,15500,12
318,16000,13
318,16500,15
318,17000,12
318,17500,10
318,18000,14
318,18500,14
318,19000,13
318,19500,16
318,20000,16
318,20500,11
324,5000,19
324,10500,19
324,12000,20
324,12500,24
324,13000,19
324,13500,22
324,14000,25
324,14500,23
324,15000,22
324,15500,23
324,16000,18
324,16500,25
324,17000,22
324,17500,21
324,18000,15
324,18500,20
324,19000,18
324,19500,18
324,20500,20
328,500,17
328,1000,23
328,1500,23
328,2000,24
328,2500,25
328,3000,24
328,3500,23
328,4000,20
328,4500,21
328,5000,15
328,10500,11
328,12000,15
328,12500,9
328,15000,17
328,15500,21
328,18000,22
328,18500,20
328,19500,22
328,20000,25
328,20500,18
331,500,24
331,1000,21
331,2000,19
331,2500,17
331,3000,18
331,3500,27
331,4000,22
331,4500,24
331,5000,29
331,5500,28
331,6000,23
331,6500,27
331,7000,25
331,7500,17
331,8500,18
331,9500,17
331,10500,23
331,12000,23
331,12500,22
331,13000,22
331,13500,23
331,14000,22
331,15000,23
331,15500,19
331,16000,20
331,16500,17
331,17000,20
331,17500,22
331,18500,14
331,19500,15
331,20000,23
331,20500,22
332,500,17
332,1500,21
332,2000,18
332,5000,17
332,10500,18
332,12000,17
332,12500,16
332,13500,16
332,14000,17
332,14500,18
332,15000,17
332,15500,16
332,16500,13
332,17000,17
332,17500,12
332,18000,13
332,18500,17
332,19000,17
332,19500,17
332,20000,21
332,20500,14
336,500,12
336,1000,9
336,1500,8
336,2000,9
336,5000,13
336,10500,14
336,12000,9
336,12500,14
336,13000,12
336,13500,13
336,14000,15
336,14500,13
336,15000,11
336,15500,15
336,16000,12
336,16500,12
336,17000,13
336,17500,16
336,18000,11
336,18500,13
336,19000,14
336,19500,10
336,20000,13
336,20500,11
339,500,13
339,1000,22
339,1500,17
339,2000,23
339,2500,20
339,3000,24
339,5000,17
339,10500,16
339,12000,14
339,12500,15
339,13000,14
339,13500,12
339,14500,10
339,15000,13
339,15500,14
339,16000,12
339,16500,14
339,17000,16
339,17500,15
339,18000,18
339,18500,10
339,19000,12
339,19500,16
339,20000,14
339,20500,15
340,500,22
340,1000,15
340,5000,16
340,10500,17
340,12500,17
340,13000,15
340,13500,16
340,14500,17
340,15000,13
340,15500,16
340,17000,21
340,17500,18
340,18500,16
340,19500,20
340,20000,20
343,500,16
343,1500,14
343,2000,12
343,4000,11
343,4500,20
343,5000,13
343,5500,18
343,6000,14
343,7000,13
343,7500,18
343,8500,16
343,9000,15
343,10500,15
343,11000,18
343,12000,18
343,12500,15
343,13000,16
343,13500,14
343,14000,18
343,14500,17
343,15000,18
343,15500,17
343,16000,15
343,16500,15
343,17000,17
343,17500,17
343,18000,18
343,18500,18
343,19500,11
343,20000,15
343,20500,16
346,500,21
346,1000,20
346,1500,25
346,10500,17
346,12000,16
346,12500,17
346,13000,21
346,13500,18
346,14000,16
346,14500,19
346,15000,22
346,15500,17
346,16000,18
346,16500,17
346,17000,17
346,17500,20
346,18000,16
346,18500,19
346,19000,20
346,19500,22
346,20000,21
346,20500,23
3471,500,15
3471,5000,14
3471,10500,11
3471,12000,13
3471,12500,15
3471,13000,17
3471,13500,13
3471,14000,18
3471,14500,14
3471,15000,17
3471,15500,13
3471,16000,15
3471,16500,13
3471,17000,18
3471,17500,14
3471,18000,16
3471,20500,13
3482,5000,17
3482,10500,19
3482,12000,19
3482,12500,19
3482,13000,16
3482,13500,17
3482,14000,22
3482,14500,22
3482,15000,22
3482,15500,20
3482,16000,23
3482,16500,24
3482,17000,20
3482,17500,22
3482,18000,21
3482,18500,24
3482,19000,22
3482,19500,22
3482,20000,19
3482,20500,20
3487,500,22
3487,1000,23
3487,1500,23
3487,2000,24
3487,2500,24
3487,3000,21
3487,5000,21
3487,10500,20
3487,12000,23
3487,12500,18
3487,13000,19
3487,13500,19
3487,14000,18
3487,14500,21
3487,15000,21
3487,15500,19
3487,16000,19
3487,16500,17
3487,17000,17
3487,17500,19
3487,18000,19
3487,18500,21
3487,19000,23
3487,19500,20
3487,20000,19
3487,20500,18
3488,1500,25
3488,2000,25
3488,3000,17
3488,3500,25
3488,4000,25
3488,10500,25
3488,13000,25
3488,15000,25
3488,16500,27
3488,18000,25
3488,18500,28
3488,19000,25
3488,20500,21
3492,500,20
3492,1500,19
3492,2000,19
3492,2500,22
3492,3000,18
3492,5000,19
3492,10500,18
3492,12000,21
3492,12500,24
3492,13000,22
3492,13500,19
3492,14000,23
3492,14500,24
3492,15000,16
3492,15500,19
3492,16000,19
3492,16500,19
3492,17000,19
3492,17500,20
3492,18000,18
3492,18500,19
3492,19000,18
3492,19500,23
3492,20000,19
3492,20500,20
3493,1000,20
3493,1500,15
3493,2000,17
3493,3000,18
3493,5000,22
3493,5500,14
3493,6000,24
3493,6500,26
3493,7000,18
3493,7500,18
3493,10500,19
3493,12000,23
3493,12500,22
3493,13000,21
3493,13500,26
3493,14000,28
3493,14500,24
3493,15500,25
3493,16000,26
3493,16500,23
3493,17000,24
3493,17500,21
3493,18000,25
3493,18500,20
3493,19000,21
3493,19500,27
3493,20000,22
3493,20500,25
3500,500,17
3500,1500,26
3500,2000,15
3500,2500,15
3500,3000,19
3500,3500,16
3500,4000,12
3500,4500,16
3500,5000,13
3500,5500,15
3500,6000,18
3500,6500,17
3500,7000,16
3500,7500,15
3500,8000,16
3500,8500,18
3500,9000,16
3500,9500,20
3500,10000,22
3500,11000,28
3500,11500,26
3500,12000,12
3500,12500,11
3500,13000,9
3500,14000,12
3500,14500,10
3500,15000,12
3500,15500,18
3500,16500,14
3500,17000,15
3500,17500,11
3500,18000,16
3500,19000,16
3500,19500,19
3500,20000,18
3500,20500,15
3558,500,24
3558,1000,25
3558,2000,23
3558,2500,21
3558,3000,21
3558,3500,28
3558,5000,18
3558,10500,18
3558,12000,19
3558,12500,29
3558,13000,21
3558,13500,22
3558,14000,23
3558,14500,27
3558,15000,24
3558,15500,24
3558,16000,23
3558,16500,22
3558,17000,22
3558,17500,24
3558,18000,24
3558,18500,23
3558,19000,29
3558,19500,31
3558,20000,27
3558,20500,17
3561,1500,25
3561,2000,19
3561,2500,21
3561,3000,19
3561,3500,17
3561,4500,17
3561,5000,12
3561,5500,19
3561,6000,16
3561,7500,16
3561,8000,18
3561,9000,20
3561,9500,18
3561,10000,17
3561,10500,15
3561,12000,16
3561,12500,16
3561,13000,17
3561,14000,12
3561,15500,17
3561,16500,13
3561,17500,18
3561,18500,19
3561,20000,22
3561,20500,13
3563,500,20
3563,1000,20
3563,1500,20
3563,2500,21
3563,3000,20
3563,3500,22
3563,4000,18
3563,4500,18
3563,5000,17
3563,5500,19
3563,6000,17
3563,6500,16
3563,7000,16
3563,7500,13
3563,10500,18
3563,12000,14
3563,12500,20
3563,13000,17
3563,13500,20
3563,14000,18
3563,14500,18
3563,15000,18
3563,15500,16
3563,16000,13
3563,16500,18
3563,17000,17
3563,17500,17
3563,18000,18
3563,18500,20
3563,19500,18
3563,20000,19
3563,20500,19
3582,1000,23
3582,2000,19
3582,2500,18
3582,4000,23
3582,4500,20
3582,5000,23
3582,5500,13
3582,6000,17
3582,6500,14
3582,7500,15
3582,8000,19
3582,10500,19
3582,11000,15
3582,12500,20
3582,13000,18
3582,14000,16
3582,15000,20
3582,15500,17
3582,16500,25
3582,18500,20
3582,19500,20
3582,20000,21
3582,20500,25
3781,1000,17
3781,1500,22
3781,2000,20
3781,2500,19
3781,3000,21
3781,5000,22
3781,10500,19
3781,12000,20
3781,12500,19
3781,13000,25
3781,13500,26
3781,14000,22
3781,14500,25
3781,15500,27
3781,16000,28
3781,16500,24
3781,17000,24
3781,17500,24
3781,18000,22
3781,18500,23
3781,19000,27
3781,19500,23
3781,20000,21
3781,20500,22
3830,500,21
3830,1500,20
3830,2000,21
3830,3000,20
3830,3500,18
3830,5000,19
3830,5500,17
3830,10500,20
3830,12500,23
3830,13000,16
3830,13500,23
3830,14500,20
3830,15000,19
3830,17000,18
3830,18000,18
3830,18500,19
3830,19500,17
39474,500,21
39474,1000,16
39474,1500,20
39474,2000,19
39474,2500,21
39474,3000,25
39474,3500,21
39474,4000,28
39474,4500,19
39474,5000,19
39474,10500,21
39474,12000,20
39474,12500,20
39474,13000,17
39474,13500,17
39474,14000,16
39474,14500,15
39474,15000,22
39474,15500,16
39474,16000,18
39474,16500,16
39474,17000,17
39474,17500,18
39474,18000,20
39474,18500,16
39474,19000,15
39474,19500,18
39474,20000,15
39474,20500,23
40111,500,14
40111,1000,24
40111,1500,20
40111,2000,19
40111,2500,29
40111,3000,21
40111,3500,21
40111,4000,25
40111,4500,22
40111,5000,18
40111,5500,19
40111,6000,17
40111,6500,23
40111,7000,17
40111,7500,15
40111,8000,16
40111,8500,13
40111,9000,12
40111,9500,13
40111,10000,15
40111,10500,14
40111,12000,12
40111,12500,11
40111,13000,11
40111,13500,12
40111,14000,12
40111,14500,12
40111,15000,15
40111,15500,11
40111,16000,13
40111,16500,13
40111,17000,19
40111,17500,15
40111,18000,15
40111,18500,18
40111,19000,21
40111,19500,16
40111,20000,19
40111,20500,20
40791,500,27
40791,1000,14
40791,1500,18
40791,2500,19
40791,3000,17
40791,3500,18
40791,4500,21
40791,5000,19
40791,10500,18
40791,12000,14
40791,12500,21
40791,13000,16
40791,13500,17
40791,14000,22
40791,14500,17
40791,15000,26
40791,15500,19
40791,16000,16
40791,16500,20
40791,17000,15
40791,17500,14
40791,18000,17
40791,18500,14
40791,19000,14
40791,19500,15
40791,20000,17
40791,20500,20
40793,500,23
40793,1000,16
40793,1500,16
40793,2000,20
40793,2500,16
40793,3000,13
40793,3500,16
40793,4000,19
40793,4500,16
40793,5000,20
40793,5500,22
40793,10500,22
40793,12000,16
40793,12500,20
40793,13000,21
40793,13500,22
40793,14000,16
40793,14500,20
40793,15000,25
40793,15500,21
40793,16000,17
40793,16500,20
40793,17000,18
40793,17500,18
40793,18000,20
40793,18500,18
40793,19000,19
40793,19500,17
40793,20000,20
40793,20500,16
40795,500,29
40795,5000,26
40795,10500,27
40795,12000,29
40795,12500,25
40795,13000,27
40795,13500,30
40795,14000,22
40795,14500,27
40795,15000,27
40795,15500,18
40795,16000,23
40795,16500,24
40795,18500,20
40795,19000,24
40795,19500,18
40795,20500,23
40797,500,30
40797,1000,23
40797,1500,24
40797,2000,20
40797,2500,20
40797,3000,21
40797,3500,20
40797,4000,23
40797,5000,19
40797,10500,20
40797,12000,24
40797,12500,19
40797,13000,21
40797,13500,21
40797,14000,21
40797,14500,25
40797,15000,23
40797,16000,24
40797,17000,26
40797,17500,25
40797,18000,23
40797,18500,21
40797,19000,20
40797,19500,18
40797,20000,18
40797,20500,17
40799,500,33
40799,1000,18
40799,1500,19
40799,2000,19
40799,2500,21
40799,3000,17
40799,3500,19
40799,4000,24
40799,4500,20
40799,5000,17
40799,6000,20
40799,10500,16
40799,12000,22
40799,12500,27
40799,13000,21
40799,13500,23
40799,14000,24
40799,14500,21
40799,15000,27
40799,15500,21
40799,16000,23
40799,16500,20
40799,17000,22
40799,17500,17
40799,18000,20
40799,18500,25
40799,19000,22
40799,19500,23
40799,20000,19
40799,20500,22
40803,500,28
40803,1000,17
40803,1500,19
40803,2000,18
40803,2500,14
40803,3500,15
40803,5000,22
40803,5500,20
40803,6000,18
40803,10500,23
40803,12000,26
40803,12500,26
40803,13000,28
40803,13500,24
40803,14000,18
40803,14500,19
40803,15000,21
40803,15500,23
40803,16000,20
40803,16500,21
40803,17000,17
40803,17500,19
40803,18000,26
40803,18500,16
40803,19000,27
40803,19500,19
40803,20000,15
40803,20500,21
40844,500,28
40844,1000,19
40844,1500,21
40844,2000,20
40844,3000,18
40844,3500,19
40844,4500,17
40844,5000,21
40844,5500,16
40844,6500,18
40844,10500,22
40844,12000,23
40844,13000,25
40844,13500,21
40844,14000,23
40844,14500,23
40844,15000,20
40844,15500,17
40844,16000,24
40844,16500,21
40844,17000,26
40844,17500,26
40844,18000,21
40844,18500,18
40844,19000,19
40844,19500,23
40844,20000,16
40844,20500,25
40854,500,26
40854,1000,18
40854,1500,15
40854,2000,15
40854,2500,21
40854,3000,19
40854,3500,20
40854,4500,17
40854,5000,18
40854,5500,23
40854,6000,14
40854,10500,20
40854,12000,21
40854,12500,19
40854,13000,18
40854,13500,18
40854,14000,21
40854,14500,19
40854,15000,21
40854,15500,20
40854,16000,18
40854,16500,21
40854,17000,17
40854,17500,18
40854,18000,18
40854,18500,15
40854,19000,15
40854,19500,21
40854,20000,16
40854,20500,21
40861,500,18
40861,1000,11
40861,1500,11
40861,2000,15
40861,2500,19
40861,5000,16
40861,10500,16
40861,13000,19
40861,14000,20
40861,14500,19
40861,15000,19
40861,15500,21
40861,16500,15
40861,17500,13
40861,18000,15
40861,19000,15
40861,19500,15
40861,20000,13
40861,20500,16
40875,500,23
40875,1000,16
40875,1500,13
40875,2000,16
40875,2500,13
40875,3000,15
40875,3500,17
40875,4000,21
40875,5000,19
40875,5500,15
40875,6000,15
40875,10500,21
40875,12000,20
40875,12500,20
40875,13000,19
40875,13500,22
40875,14000,19
40875,14500,17
40875,15000,18
40875,15500,16
40875,16000,17
40875,16500,16
40875,17000,18
40875,17500,15
40875,18000,21
40875,18500,20
40875,19000,18
40875,19500,18
40875,20000,19
40875,20500,21
40914,500,27
40914,1000,15
40914,1500,19
40914,2000,21
40914,2500,20
40914,3000,19
40914,3500,20
40914,4000,17
40914,4500,23
40914,5000,17
40914,10500,22
40914,12000,17
40914,12500,15
40914,13000,17
40914,13500,17
40914,14000,19
40914,14500,17
40914,15000,20
40914,15500,16
40914,16000,17
40914,16500,15
40914,17000,14
40914,17500,15
40914,18000,16
40914,18500,19
40914,19000,13
40914,19500,19
40914,20000,14
40914,20500,19
40976,1000,10
40976,1500,16
40976,2000,11
40976,2500,11
40976,3000,8
40976,3500,12
40976,4000,10
40976,5000,8
40976,10500,11
40976,12000,11
40976,12500,15
40976,13000,9
40976,13500,10
40976,14000,9
40976,14500,10
40976,15000,12
40976,15500,8
40976,16000,13
40976,16500,11
40976,17000,11
40976,17500,11
40976,18000,13
40976,18500,12
40976,19000,13
40976,19500,14
40976,20000,13
40976,20500,10
40988,500,30
40988,1000,15
40988,1500,21
40988,2000,21
40988,3500,23
40988,4500,24
40988,5000,21
40988,6000,19
40988,10500,20
40988,12000,25
40988,12500,22
40988,13000,23
40988,13500,23
40988,14000,19
40988,14500,20
40988,15000,24
40988,15500,21
40988,16000,17
40988,16500,18
40988,17000,18
40988,17500,18
40988,18000,17
40988,18500,19
40988,19000,17
40988,19500,16
40988,20000,18
40988,20500,20
40992,500,25
40992,1000,15
40992,1500,14
40992,2000,15
40992,2500,20
40992,3000,18
40992,5000,18
40992,10500,23
40992,12000,14
40992,12500,15
40992,13000,13
40992,13500,11
40992,14000,16
40992,14500,17
40992,15000,22
40992,15500,13
40992,16000,13
40992,16500,15
40992,17000,18
40992,17500,15
40992,18000,18
40992,18500,16
40992,19000,20
40992,19500,15
40992,20000,18
40992,20500,19
41001,500,22
41001,1000,18
41001,5000,19
41001,10500,23
41001,12000,22
41001,12500,20
41001,13000,18
41001,13500,19
41001,14000,19
41001,14500,21
41001,15000,22
41001,15500,20
41001,16000,22
41001,16500,20
41001,17500,20
41001,18500,17
41001,19000,23
41001,19500,19
41001,20000,16
41001,20500,17
41016,500,28
41016,5000,21
41016,10500,19
41016,12000,25
41016,12500,24
41016,13000,21
41016,13500,20
41016,14000,21
41016,14500,20
41016,15000,25
41016,15500,20
41016,16000,20
41016,16500,17
41016,17000,23
41016,17500,23
41016,18000,27
41016,18500,21
41016,19000,18
41016,20500,25
41018,500,28
41018,1000,19
41018,1500,20
41018,2000,23
41018,2500,19
41018,3000,12
41018,3500,24
41018,5000,19
41018,10500,21
41018,12000,22
41018,12500,18
41018,13000,23
41018,13500,23
41018,14000,23
41018,14500,26
41018,15000,21
41018,15500,20
41018,16000,28
41018,16500,24
41018,17000,26
41018,17500,28
41018,18000,20
41018,18500,26
41018,19000,24
41018,19500,21
41018,20000,18
41018,20500,24
41025,500,27
41025,1000,18
41025,1500,12
41025,5000,16
41025,10500,18
41025,12000,17
41025,12500,19
41025,13000,16
41025,13500,18
41025,14000,16
41025,14500,19
41025,15000,23
41025,15500,19
41025,16000,19
41025,16500,17
41025,17000,18
41025,17500,19
41025,18000,15
41025,18500,17
41025,19000,15
41025,19500,17
41025,20000,17
41025,20500,19
41027,500,32
41027,1000,14
41027,1500,16
41027,2500,21
41027,3500,23
41027,5000,21
41027,10500,22
41027,12000,23
41027,12500,23
41027,13000,21
41027,13500,24
41027,14000,23
41027,14500,24
41027,15000,26
41027,15500,21
41027,16000,20
41027,16500,20
41027,17000,20
41027,17500,19
41027,18000,15
41027,18500,20
41027,19000,19
41027,19500,25
41027,20000,20
41027,20500,26
41183,500,14
41183,5000,11
41183,10500,12
41183,12000,9
41183,12500,12
41183,13000,9
41183,13500,11
41183,14000,13
41183,14500,7
41183,15000,11
41183,15500,11
41183,16500,8
41183,17000,7
41183,17500,8
41183,18000,6
41183,18500,10
41183,20500,7
41497,1000,9
41497,1500,7
41497,2000,9
41497,3000,11
41497,3500,10
41497,4500,10
41497,5000,8
41497,5500,9
41497,12000,7
41497,14500,6
41497,16000,8
41497,16500,8
41497,17000,10
41497,18000,7
41497,19000,7
41497,19500,10
41499,500,8
41499,1000,11
41499,1500,10
41499,2500,9
41499,3000,9
41499,5000,9
41499,5500,13
41499,6500,9
41499,10500,8
41499,12500,9
41499,13500,10
41499,14000,6
41499,14500,9
41499,15000,9
41499,15500,7
41499,17000,8
41499,17500,10
41499,18500,8
41499,19000,7
41499,19500,10
41499,20000,11
41499,20500,8
41580,500,16
41580,1000,13
41580,1500,16
41580,2000,10
41580,5000,14
41580,10500,15
41580,12000,16
41580,12500,15
41580,13000,17
41580,13500,14
41580,14000,17
41580,14500,15
41580,15000,16
41580,15500,17
41580,16000,15
41580,16500,15
41580,17000,14
41580,17500,18
41580,18000,14
41580,18500,14
41580,19000,16
41580,19500,17
41580,20000,16
41580,20500,16
41585,500,15
41585,1000,16
41585,1500,15
41585,2000,13
41585,2500,15
41585,3000,18
41585,5000,15
41585,10500,14
41585,12000,18
41585,12500,14
41585,13000,11
41585,13500,12
41585,14000,11
41585,14500,14
41585,15000,14
41585,15500,11
41585,16000,14
41585,16500,13
41585,17000,13
41585,17500,13
41585,18000,16
41585,18500,13
41585,19000,14
41585,20000,16
41585,20500,15
41606,500,14
41606,5000,13
41606,10500,18
41606,12000,13
41606,12500,17
41606,13000,17
41606,13500,15
41606,14000,15
41606,14500,11
41606,15000,19
41606,15500,16
41606,16000,16
41606,16500,17
41606,17000,19
41606,17500,17
41606,18000,16
41606,18500,15
41606,20500,14
41614,500,19
41614,5000,17
41614,10500,18
41614,12000,14
41614,12500,13
41614,13000,16
41614,13500,21
41614,14000,13
41614,14500,14
41614,15000,19
41614,15500,20
41614,16000,17
41614,16500,21
41614,17000,16
41614,17500,18
41614,18000,22
41614,18500,17
41614,19000,16
41614,19500,15
41614,20000,13
41614,20500,16
41762,500,16
41762,1000,12
41762,1500,11
41762,2000,10
41762,2500,14
41762,5000,11
41762,10500,12
41762,12000,12
41762,13000,12
41762,13500,10
41762,14000,15
41762,14500,13
41762,15000,12
41762,15500,13
41762,16000,15
41762,16500,13
41762,17000,14
41762,17500,15
41762,18000,14
41762,18500,15
41762,19000,14
41762,19500,15
41762,20000,11
41762,20500,11
41864,500,14
41864,5000,9
41864,10500,19
41864,12000,15
41864,12500,13
41864,13000,13
41864,13500,16
41864,14000,14
41864,14500,13
41864,15000,14
41864,15500,14
41864,16000,13
41864,16500,10
41864,17000,17
41864,17500,13
41864,18000,17
41864,18500,16
41864,19000,16
41864,19500,17
41864,20500,14
46292,500,20
46292,1000,25
46292,1500,20
46292,2000,25
46292,2500,22
46292,3000,15
46292,3500,13
46292,4000,9
46292,5000,19
46292,5500,10
46292,6000,16
46292,6500,20
46292,10500,20
46292,12000,17
46292,12500,11
46292,13000,13
46292,13500,12
46292,14000,16
46292,14500,18
46292,15000,17
46292,15500,21
46292,16000,22
46292,16500,22
46292,17000,20
46292,18500,24
46292,19000,22
46292,19500,23
46292,20000,22
46292,20500,20
46611,500,16
46611,1000,19
46611,1500,20
46611,2000,22
46611,2500,19
46611,3000,20
46611,3500,18
46611,4000,22
46611,4500,19
46611,5000,14
46611,5500,19
46611,6000,20
46611,6500,15
46611,7000,22
46611,7500,22
46611,8000,16
46611,10500,14
46611,12000,14
46611,12500,17
46611,13000,16
46611,13500,14
46611,14000,17
46611,14500,17
46611,15000,16
46611,15500,19
46611,16000,16
46611,16500,15
46611,17000,15
46611,17500,18
46611,18000,18
46611,18500,20
46611,19000,16
46611,19500,19
46611,20000,17
46611,20500,13
46630,500,15
46630,1000,16
46630,1500,16
46630,2000,12
46630,2500,14
46630,3000,8
46630,3500,4
46630,5000,14
46630,10500,16
46630,12000,19
46630,12500,17
46630,13000,14
46630,13500,11
46630,14000,15
46630,14500,16
46630,15000,15
46630,15500,14
46630,16000,16
46630,16500,15
46630,17000,14
46630,17500,15
46630,18000,14
46630,18500,14
46630,19000,15
46630,19500,16
46630,20000,16
46630,20500,15
46645,500,17
46645,1000,15
46645,1500,19
46645,2000,17
46645,2500,17
46645,3000,21
46645,3500,17
46645,4000,20
46645,4500,19
46645,5000,19
46645,5500,20
46645,6500,22
46645,7000,20
46645,7500,18
46645,8000,19
46645,9000,20
46645,9500,18
46645,10000,20
46645,10500,17
46645,12000,17
46645,12500,19
46645,13000,18
46645,13500,17
46645,14000,22
46645,14500,17
46645,15000,17
46645,15500,14
46645,16000,17
46645,16500,15
46645,17000,15
46645,17500,16
46645,18000,15
46645,18500,17
46645,19000,14
46645,19500,19
46645,20000,14
46645,20500,20
46659,500,11
46659,1000,12
46659,1500,15
46659,2000,14
46659,2500,13
46659,3000,13
46659,3500,12
46659,4000,13
46659,5000,10
46659,5500,12
46659,6500,12
46659,7000,15
46659,7500,14
46659,8000,10
46659,8500,12
46659,9000,10
46659,9500,10
46659,10500,12
46659,12000,12
46659,12500,14
46659,13000,13
46659,13500,12
46659,14000,11
46659,14500,12
46659,15000,10
46659,15500,11
46659,16000,12
46659,16500,11
46659,17000,11
46659,17500,12
46659,18000,12
46659,18500,11
46659,19000,11
46659,19500,11
46659,20000,12
46659,20500,11
46672,500,14
46672,1000,9
46672,1500,8
46672,2000,10
46672,2500,8
46672,3000,9
46672,3500,7
46672,4000,8
46672,4500,6
46672,5000,12
46672,5500,8
46672,6000,10
46672,10500,12
46672,12000,14
46672,12500,11
46672,13000,14
46672,13500,11
46672,14000,11
46672,14500,10
46672,15000,15
46672,15500,12
46672,16000,11
46672,16500,10
46672,17000,8
46672,17500,14
46672,18000,11
46672,18500,11
46672,19000,8
46672,19500,12
46672,20000,13
46672,20500,11
46680,500,11
46680,1000,15
46680,1500,12
46680,5000,10
46680,10500,11
46680,12000,9
46680,12500,10
46680,13000,13
46680,13500,10
46680,14000,12
46680,14500,13
46680,15000,11
46680,15500,14
46680,16000,10
46680,16500,11
46680,17000,13
46680,17500,10
46680,18000,11
46680,18500,7
46680,19000,12
46680,19500,11
46680,20000,11
46680,20500,11
46730,500,20
46730,1000,16
46730,1500,16
46730,2000,20
46730,2500,21
46730,3000,21
46730,3500,25
46730,4000,25
46730,4500,20
46730,12500,15
46730,13500,13
46730,14500,14
46730,15000,12
46730,16000,16
46730,16500,10
46730,17500,16
46730,18000,12
46730,18500,13
46730,19500,16
46730,20000,20
46730,20500,14
46803,500,18
46803,5000,15
46803,10500,12
46803,12000,14
46803,12500,16
46803,13000,15
46803,13500,13
46803,14000,19
46803,14500,16
46803,15000,16
46803,15500,16
46803,16000,19
46803,16500,14
46803,17000,13
46803,17500,14
46803,18000,16
46803,18500,13
46803,19000,9
46803,19500,10
46803,20000,18
46803,20500,15
47555,500,17
47555,1000,18
47555,1500,20
47555,2000,22
47555,2500,21
47555,3000,21
47555,3500,21
47555,4000,25
47555,4500,21
47555,5000,22
47555,5500,23
47555,6000,25
47555,6500,21
47555,10500,22
47555,12000,19
47555,13000,21
47555,13500,19
47555,14500,21
47555,15000,18
47555,15500,18
47555,16500,20
47555,17000,18
47555,18000,18
47555,18500,19
47555,19500,20
47555,20000,23
47555,20500,23
48361,500,9
48361,1500,12
48361,2000,17
48361,2500,11
48361,3000,10
48361,3500,9
48361,4000,11
48361,4500,10
48361,5000,8
48361,5500,10
48361,10500,8
48361,12000,8
48361,12500,8
48361,13000,6
48361,13500,6
48361,14000,6
48361,14500,6
48361,15000,7
48361,15500,9
48361,16000,8
48361,16500,8
48361,17000,7
48361,17500,9
48361,18000,10
48361,19500,12
48361,20000,15
48361,20500,9
48363,500,10
48363,1000,15
48363,1500,17
48363,2000,22
48363,5000,10
48363,10500,14
48363,12000,9
48363,12500,9
48363,13000,10
48363,13500,9
48363,14000,11
48363,14500,12
48363,15000,10
48363,15500,12
48363,16000,12
48363,16500,12
48363,17000,11
48363,17500,13
48363,18000,11
48363,18500,11
48363,19000,13
48363,19500,11
48363,20000,14
48363,20500,10
48616,500,15
48616,1000,14
48616,5000,14
48616,10500,15
48616,12000,12
48616,12500,10
48616,13000,12
48616,13500,8
48616,14000,11
48616,14500,12
48616,15000,14
48616,15500,12
48616,16000,11
48616,16500,11
48616,17000,13
48616,17500,12
48616,18000,9
48616,18500,8
48616,19000,11
48616,19500,10
48616,20000,14
48616,20500,12
48685,1000,25
48685,1500,24
48685,2000,28
48685,2500,23
48685,3000,26
48685,3500,26
48685,4000,22
48685,4500,22
48685,5500,20
48685,6000,21
48685,6500,17
48685,7000,19
48685,7500,18
48685,8000,19
48685,8500,21
48685,9000,24
48685,9500,24
48685,10000,26
48685,17000,27
48685,17500,22
48685,18000,22
48685,18500,26
48685,19000,26
48685,19500,23
48685,20000,17
48721,500,9
48721,5000,11
48721,10500,8
48721,12000,7
48721,12500,7
48721,13000,7
48721,13500,11
48721,14000,11
48721,14500,10
48721,15000,14
48721,15500,7
48721,16000,10
48721,16500,8
48721,17000,8
48721,17500,8
48721,18000,12
48721,18500,11
48721,19000,14
48721,19500,13
48721,20500,13
48816,5000,14
48816,12000,16
48816,12500,13
48816,13000,14
48816,13500,14
48816,14000,13
48816,14500,11
48816,15000,12
48816,15500,16
48816,16000,17
48816,16500,19
48816,17000,15
48816,17500,14
48816,18000,17
48816,18500,20
48816,20500,13
48818,500,22
48818,1000,20
48818,5000,18
48818,10500,17
48818,12000,17
48818,12500,18
48818,13000,16
48818,13500,14
48818,14000,16
48818,14500,16
48818,15000,18
48818,15500,16
48818,16000,15
48818,16500,16
48818,17000,18
48818,17500,16
48818,18000,12
48818,19000,16
48818,20000,17
48818,20500,17
48889,5000,15
48889,10500,17
48889,12000,14
48889,12500,17
48889,13000,15
48889,13500,16
48889,14000,16
48889,14500,18
48889,15000,14
48889,15500,19
48889,16000,18
48889,16500,12
48889,17000,15
48889,17500,13
48889,18000,15
48889,18500,14
48889,19000,13
48889,19500,13
48889,20000,14
48889,20500,15
48895,5000,9
48895,10500,14
48895,12000,15
48895,12500,11
48895,13000,16
48895,13500,15
48895,14000,15
48895,14500,14
48895,15500,10
48895,16000,11
48895,16500,9
48895,17000,9
48895,17500,13
48895,18000,9
48895,18500,11
48895,19000,14
48895,19500,10
48895,20500,17
489,500,20
489,1000,21
489,1500,24
489,2500,22
489,3000,17
489,5000,18
489,10500,19
489,12000,23
489,12500,20
489,13000,20
489,13500,18
489,14000,19
489,14500,20
489,15000,20
489,15500,18
489,16000,19
489,16500,21
489,17000,19
489,17500,22
489,18000,17
489,18500,21
489,19000,22
489,19500,20
489,20500,21
48908,5000,11
48908,10500,12
48908,12000,18
48908,12500,16
48908,13000,15
48908,13500,18
48908,14000,13
48908,14500,15
48908,15500,14
48908,16000,12
48908,16500,12
48908,17000,12
48908,17500,12
48908,18000,12
48908,18500,17
48908,20500,12
48909,5000,11
48909,10500,12
48909,12000,17
48909,12500,14
48909,13000,14
48909,13500,13
48909,14000,13
48909,14500,15
48909,15500,16
48909,16000,12
48909,16500,12
48909,17000,13
48909,17500,13
48909,18000,15
48909,18500,17
48909,20500,11
48925,500,19
48925,1500,22
48925,2500,21
48925,3000,23
48925,3500,12
48925,5000,20
48925,10500,17
48925,12500,19
48925,13000,21
48925,13500,15
48925,14000,20
48925,14500,19
48925,15000,19
48925,15500,16
48925,16000,18
48925,16500,18
48925,17000,16
48925,17500,16
48925,18000,18
48925,18500,17
48925,19000,20
48925,19500,19
48925,20500,16
48940,1000,18
48940,2000,15
48940,5000,11
48940,12000,19
48940,13000,15
48940,13500,15
48940,14500,13
48940,16500,16
48940,18000,16
48940,18500,13
48940,19500,16
48940,20500,18
49082,500,12
49082,1000,17
49082,1500,12
49082,2000,14
49082,2500,11
49082,5000,14
49082,10500,14
49082,12000,15
49082,12500,15
49082,13000,12
49082,13500,14
49082,14000,10
49082,14500,11
49082,15000,15
49082,15500,13
49082,16000,9
49082,16500,13
49082,18500,12
49082,19000,14
49082,19500,11
49082,20000,17
49082,20500,11
49147,500,12
49147,1000,9
49147,1500,6
49147,5000,12
49147,10500,14
49147,12000,10
49147,13000,12
49147,14000,12
49147,14500,10
49147,15000,12
49147,15500,12
49147,16000,12
49147,16500,13
49147,17000,8
49147,18000,11
49147,18500,10
49147,19000,13
49147,19500,7
49147,20000,10
49147,20500,13
49154,500,11
49154,5000,11
49154,10500,12
49154,12000,12
49154,12500,10
49154,13000,11
49154,13500,12
49154,14000,10
49154,14500,11
49154,15000,13
49154,15500,10
49154,16000,12
49154,16500,10
49154,17000,12
49154,17500,11
49154,18000,10
49154,18500,10
49154,19000,12
49154,19500,11
49154,20000,11
49154,20500,10
492,500,22
492,1000,22
492,1500,28
492,2000,26
492,2500,26
492,3000,26
492,3500,28
492,4000,29
492,4500,26
492,5000,13
492,5500,31
492,6000,28
492,6500,22
492,7000,22
492,7500,26
492,8000,18
492,8500,21
492,9000,21
492,9500,23
492,10000,19
492,10500,16
492,11000,20
492,11500,18
492,12000,16
492,12500,17
492,13000,16
492,13500,16
492,14000,13
492,14500,16
492,15000,18
492,15500,16
492,16000,12
492,16500,11
492,17000,15
492,17500,16
492,18000,15
492,18500,16
492,19000,19
492,19500,23
492,20000,25
492,20500,17
49255,500,32
49255,1000,22
49255,1500,21
49255,5000,22
49255,10500,23
49255,12000,26
49255,12500,24
49255,13000,26
49255,13500,23
49255,14000,23
49255,14500,25
49255,15000,20
49255,15500,25
49255,16000,24
49255,16500,24
49255,17000,22
49255,17500,23
49255,18000,22
49255,18500,19
49255,19000,18
49255,19500,18
49255,20000,20
49255,20500,25
49404,500,16
49404,1000,17
49404,1500,12
49404,2000,14
49404,2500,19
49404,3000,18
49404,3500,16
49404,4000,10
49404,4500,19
49404,5000,16
49404,5500,19
49404,10500,15
49404,12000,13
49404,12500,11
49404,13000,14
49404,13500,14
49404,15000,12
49404,15500,15
49404,16000,13
49404,16500,16
49404,17000,21
49404,17500,19
49404,18000,17
49404,18500,17
49404,19000,20
49404,19500,19
49404,20000,15
49404,20500,12
49412,1000,17
49412,1500,16
49412,2000,16
49412,2500,18
49412,3000,21
49412,5000,15
49412,10500,17
49412,12000,16
49412,12500,13
49412,13000,18
49412,13500,13
49412,14000,15
49412,14500,17
49412,15500,15
49412,16000,12
49412,16500,16
49412,17000,13
49412,17500,16
49412,18000,14
49412,18500,16
49412,19000,17
49412,19500,9
49412,20000,15
49412,20500,17
49414,500,23
49414,2000,11
49414,2500,10
49414,3000,11
49414,3500,16
49414,4000,16
49414,5000,15
49414,10500,14
49414,12000,14
49414,12500,15
49414,13000,14
49414,13500,16
49414,14000,13
49414,14500,14
49414,15000,15
49414,15500,15
49414,16000,17
49414,16500,17
49414,17000,17
49414,17500,20
49414,18500,17
49414,19000,16
49414,19500,24
49414,20000,20
49414,20500,17
49416,1500,22
49416,2000,15
49416,2500,14
49416,3000,13
49416,3500,20
49416,4000,19
49416,5000,13
49416,10500,11
49416,12000,10
49416,12500,9
49416,13000,13
49416,13500,10
49416,14000,11
49416,14500,17
49416,15000,15
49416,16000,13
49416,16500,13
49416,17000,11
49416,17500,14
49416,18000,17
49416,18500,17
49416,19000,16
49416,19500,19
49416,20000,17
49416,20500,11
49421,500,17
49421,1000,12
49421,1500,17
49421,2000,18
49421,2500,17
49421,3000,19
49421,3500,17
49421,5000,15
49421,10500,16
49421,12000,14
49421,12500,12
49421,13000,17
49421,13500,15
49421,14000,17
49421,14500,16
49421,15000,13
49421,15500,15
49421,16000,17
49421,16500,15
49421,17000,15
49421,17500,18
49421,18000,12
49421,18500,13
49421,19000,16
49421,19500,17
49421,20500,17
497,500,14
497,1500,19
497,2000,20
497,2500,19
497,3000,19
497,3500,20
497,4000,19
497,4500,18
497,5000,21
497,10500,17
497,12000,21
497,12500,19
497,13000,16
497,13500,21
497,14000,17
497,14500,16
497,15000,17
497,15500,10
497,16000,10
497,16500,11
497,17000,13
497,17500,16
497,18000,13
497,18500,17
497,19000,22
497,20000,21
497,20500,17
501,500,14
501,1000,14
501,1500,12
501,2000,15
501,2500,14
501,5000,12
501,10500,11
501,12000,13
501,12500,11
501,13000,13
501,13500,13
501,14000,9
501,14500,9
501,15000,14
501,15500,11
501,16000,11
501,16500,10
501,17000,12
501,17500,9
501,18000,10
501,18500,11
501,19000,11
501,19500,14
501,20000,14
501,20500,9
506,500,23
506,1000,26
506,1500,20
506,2000,20
506,2500,19
506,3000,21
506,3500,17
506,5000,21
506,10500,20
506,12000,18
506,12500,20
506,13000,19
506,14000,18
506,14500,16
506,15000,22
506,15500,17
506,16000,23
506,16500,20
506,17000,18
506,17500,20
506,18000,23
506,18500,23
506,19000,18
506,19500,23
506,20000,17
506,20500,22
510,5000,21
510,12000,21
510,13000,28
510,13500,20
510,14000,19
510,14500,15
510,15000,25
510,15500,20
510,16000,21
510,16500,20
510,17000,15
510,17500,18
510,18000,19
510,18500,21
513,500,15
513,1000,26
513,1500,20
513,2000,27
513,2500,29
513,3000,23
513,3500,27
513,4000,27
513,4500,22
513,5000,14
513,10500,15
513,12000,17
513,13000,13
513,14000,14
513,14500,15
513,15000,20
513,15500,20
513,17000,21
513,18000,19
513,18500,25
513,19000,23
513,19500,20
513,20000,21
513,20500,16
516,500,24
516,1000,17
516,1500,20
516,2000,20
516,3000,20
516,3500,14
516,4500,22
516,5000,18
516,5500,17
516,6000,12
516,10500,19
516,12000,17
516,12500,19
516,13000,18
516,13500,22
516,14000,20
516,14500,21
516,15000,18
516,15500,17
516,16000,18
516,16500,17
516,17000,18
516,17500,15
516,18000,22
516,18500,16
516,19000,12
516,19500,15
516,20000,18
516,20500,20
519,500,17
519,1000,22
519,1500,14
519,2000,19
519,5000,16
519,10500,19
519,12000,19
519,12500,22
519,13000,20
519,13500,19
519,14000,18
519,14500,20
519,15000,15
519,15500,23
519,16000,18
519,16500,20
519,17000,20
519,17500,22
519,18000,19
519,18500,19
519,19000,22
519,19500,21
519,20000,24
519,20500,18
52055,500,20
52055,1000,13
52055,1500,18
52055,2000,17
52055,5000,19
52055,10500,21
52055,12000,17
52055,12500,16
52055,13000,16
52055,13500,18
52055,14000,17
52055,14500,17
52055,15000,21
52055,15500,17
52055,16000,14
52055,16500,14
52055,17000,15
52055,17500,14
52055,18000,12
52055,18500,13
52055,19000,11
52055,19500,13
52055,20000,15
52055,20500,20
52140,500,20
52140,1000,18
52140,2000,18
52140,2500,18
52140,5000,17
52140,10500,17
52140,12000,18
52140,12500,20
52140,13000,18
52140,13500,17
52140,14000,19
52140,14500,13
52140,15000,17
52140,15500,17
52140,16000,17
52140,16500,21
52140,17000,19
52140,17500,17
52140,18000,14
52140,18500,12
52140,19000,18
52140,19500,18
52140,20000,16
52140,20500,18
52142,500,17
52142,3000,11
52142,4000,14
52142,12000,16
52142,12500,17
52142,13000,14
52142,13500,14
52142,14500,14
52142,15000,14
52142,15500,17
52142,16000,19
52142,16500,16
52142,17000,16
52142,18500,14
52142,19500,12
52142,20000,17
52142,20500,18
52144,500,18
52144,1000,19
52144,2000,18
52144,5000,14
52144,10500,12
52144,12000,13
52144,12500,15
52144,13000,13
52144,13500,18
52144,14000,16
52144,14500,14
52144,15000,17
52144,15500,14
52144,16000,12
52144,16500,8
52144,17500,17
52144,18000,16
52144,18500,16
52144,19500,18
52144,20500,13
52209,500,11
52209,1000,11
52209,5000,10
52209,10500,12
52209,12000,12
52209,12500,12
52209,13000,10
52209,13500,12
52209,14000,12
52209,14500,10
52209,15000,13
52209,15500,11
52209,16000,9
52209,16500,11
52209,17000,14
52209,17500,10
52209,18000,12
52209,18500,14
52209,19000,12
52209,19500,10
52209,20000,16
52209,20500,10
525,500,15
525,1000,9
525,1500,12
525,2000,18
525,2500,16
525,3000,13
525,3500,20
525,5000,10
525,10500,11
525,12000,12
525,12500,12
525,13000,11
525,13500,13
525,14000,13
525,14500,13
525,15000,16
525,15500,10
525,16000,12
525,16500,9
525,17000,14
525,17500,14
525,18000,12
525,18500,12
525,19000,12
525,19500,9
525,20000,13
525,20500,11
527,500,10
527,1000,11
527,1500,14
527,2000,12
527,2500,8
527,3000,16
527,5000,14
527,10500,14
527,12000,13
527,12500,9
527,13000,11
527,13500,11
527,14000,11
527,14500,14
527,15000,12
527,15500,10
527,16000,11
527,16500,9
527,17000,13
527,17500,15
527,18000,15
527,18500,17
527,19000,14
527,19500,12
527,20000,12
527,20500,12
532,500,18
532,1000,16
532,5000,16
532,10500,17
532,12000,20
532,12500,16
532,13000,15
532,13500,17
532,14000,14
532,14500,16
532,15000,20
532,15500,17
532,16000,17
532,16500,16
532,17000,16
532,17500,13
532,18000,17
532,18500,17
532,19000,15
532,19500,10
532,20000,13
532,20500,16
539,500,21
539,1000,30
539,2000,22
539,2500,29
539,3500,25
539,4000,24
539,4500,25
539,5000,23
539,5500,25
539,6500,27
539,7000,25
539,8000,31
539,8500,30
539,9000,23
539,9500,26
539,10000,29
539,10500,18
539,11000,27
539,12000,21
539,12500,21
539,13000,18
539,13500,22
539,14000,20
539,14500,21
539,15000,15
539,16000,21
539,17000,14
539,17500,16
539,18000,17
539,19000,19
539,19500,22
543,500,18
543,1000,21
543,1500,15
543,2000,21
543,3000,19
543,4500,19
543,5000,13
543,6000,21
543,10500,18
543,12500,15
543,13000,11
543,13500,15
543,14000,16
543,14500,14
543,15000,14
543,15500,17
543,16000,13
543,16500,13
543,17000,13
543,17500,17
543,18000,16
543,18500,15
543,19000,14
543,19500,17
543,20000,16
543,20500,12
549,5000,11
549,10500,13
549,12000,16
549,12500,12
549,13000,12
549,13500,14
549,14000,11
549,14500,9
549,15000,15
549,15500,11
549,16000,11
549,16500,18
549,17000,14
549,17500,13
549,18000,15
549,20500,11
550,500,18
550,1000,16
550,1500,15
550,2000,13
550,2500,15
550,3000,14
550,3500,15
550,4000,13
550,4500,17
550,5000,9
550,5500,15
550,6000,21
550,6500,18
550,7000,16
550,8000,18
550,8500,13
550,9000,14
550,10000,21
550,10500,17
550,11000,23
550,12000,11
550,12500,14
550,13000,13
550,13500,13
550,14000,15
550,14500,12
550,15000,15
550,15500,12
550,16000,16
550,16500,17
550,18000,16
550,19000,16
550,19500,17
550,20500,15
55180,500,25
55180,1000,17
55180,1500,18
55180,2000,20
55180,2500,24
55180,3000,20
55180,3500,20
55180,4000,20
55180,5000,19
55180,10500,19
55180,12000,20
55180,12500,18
55180,13000,22
55180,13500,18
55180,14000,20
55180,14500,17
55180,15000,14
55180,15500,21
55180,16000,16
55180,16500,16
55180,17000,21
55180,17500,15
55180,18000,17
55180,18500,20
55180,19000,15
55180,19500,20
55180,20500,16
55220,500,27
55220,1000,14
55220,1500,22
55220,2000,21
55220,2500,19
55220,3000,20
55220,3500,18
55220,5000,22
55220,10500,19
55220,12000,13
55220,12500,18
55220,13000,18
55220,13500,17
55220,14000,18
55220,14500,18
55220,15000,13
55220,15500,20
55220,16000,20
55220,16500,15
55220,17000,16
55220,17500,15
55220,18000,18
55220,19000,16
55220,19500,14
55220,20000,17
55220,20500,24
55281,500,22
55281,5000,17
55281,10500,18
55281,12000,18
55281,12500,14
55281,13000,22
55281,13500,18
55281,15000,18
55281,16500,19
55281,19500,19
55281,20500,18
55717,500,29
55717,1000,23
55717,2000,19
55717,2500,18
55717,3000,23
55717,3500,25
55717,4000,23
55717,5000,21
55717,5500,25
55717,7000,20
55717,10500,21
55717,12000,20
55717,13000,21
55717,13500,19
55717,14000,18
55717,14500,22
55717,15000,25
55717,15500,22
55717,16000,24
55717,16500,17
55717,17500,19
55717,18000,16
55717,18500,20
55717,20500,21
55721,500,18
55721,2500,17
55721,3500,17
55721,4500,20
55721,5000,16
55721,6000,19
55721,6500,22
55721,12000,17
55721,12500,19
55721,13000,18
55721,13500,17
55721,14000,20
55721,14500,24
55721,15000,19
55721,15500,22
55721,16500,22
55721,17000,21
55721,19500,20
55721,20500,21
57628,500,22
57628,1500,17
57628,2000,15
57628,2500,7
57628,3000,16
57628,3500,19
57628,5000,17
57628,10500,16
57628,12000,19
57628,12500,19
57628,13000,17
57628,13500,17
57628,14000,17
57628,14500,17
57628,15000,18
57628,15500,14
57628,16000,19
57628,16500,15
57628,17000,14
57628,17500,13
57628,18500,14
57628,19000,16
57628,20000,17
57628,20500,18
57782,500,10
57782,5000,10
57782,10500,12
57782,12000,14
57782,12500,9
57782,13000,12
57782,13500,8
57782,14000,7
57782,14500,10
57782,15000,9
57782,15500,9
57782,16000,13
57782,16500,15
57782,17000,17
57782,17500,13
57782,18000,12
57782,18500,15
57782,19000,13
57782,19500,14
57782,20500,9
57791,5000,22
57791,10500,17
57791,12000,17
57791,12500,16
57791,13000,14
57791,14500,15
57791,15000,16
57791,18500,14
57791,19500,14
57791,20000,15
57791,20500,14
57793,500,10
57793,1000,15
57793,5000,9
57793,10500,8
57793,12000,10
57793,12500,11
57793,13000,9
57793,13500,11
57793,14000,11
57793,14500,9
57793,15000,10
57793,15500,6
57793,16000,12
57793,16500,7
57793,17000,10
57793,17500,8
57793,18000,9
57793,18500,10
57793,19000,10
57793,19500,8
57793,20000,13
57793,20500,9
57799,500,14
57799,1000,16
57799,1500,18
57799,2000,17
57799,2500,17
57799,3000,10
57799,5000,15
57799,10500,10
57799,12000,11
57799,12500,15
57799,13000,14
57799,13500,13
57799,14000,16
57799,14500,13
57799,15000,12
57799,15500,16
57799,16000,18
57799,16500,19
57799,17000,15
57799,17500,18
57799,18000,17
57799,18500,15
57799,19000,16
57799,19500,22
57799,20000,17
57799,20500,15
58047,500,11
58047,1000,11
58047,1500,13
58047,2000,13
58047,2500,13
58047,3000,13
58047,3500,9
58047,5000,10
58047,10500,10
58047,12000,11
58047,13000,12
58047,13500,11
58047,14000,9
58047,14500,11
58047,15000,13
58047,15500,9
58047,16000,9
58047,17000,13
58047,17500,10
58047,18000,10
58047,18500,10
58047,19000,15
58047,19500,11
58047,20000,11
58047,20500,11
58095,500,20
58095,1500,23
58095,2500,19
58095,3000,15
58095,3500,21
58095,4000,18
58095,4500,17
58095,10500,18
58095,12000,20
58095,12500,20
58095,13500,17
58095,14000,24
58095,15000,19
58095,15500,21
58095,16000,21
58095,16500,21
58095,17000,19
58095,17500,23
58095,18000,24
58095,18500,20
58095,19000,18
58095,20000,23
58095,20500,17
58527,500,28
58527,1000,16
58527,5000,26
58527,10500,21
58527,12000,23
58527,12500,25
58527,13000,24
58527,13500,23
58527,14000,21
58527,14500,18
58527,15000,20
58527,15500,17
58527,16500,16
58527,17500,18
58527,20500,27
58587,500,24
58587,2000,21
58587,2500,25
58587,3000,25
58587,3500,28
58587,5000,24
58587,5500,23
58587,7000,19
58587,10500,21
58587,12000,20
58587,12500,23
58587,13000,16
58587,13500,20
58587,14000,20
58587,14500,24
58587,15000,22
58587,15500,22
58587,16000,24
58587,16500,18
58587,17500,18
58587,18000,16
58587,18500,21
58587,20000,23
58587,20500,18
58638,500,18
58638,1000,16
58638,1500,11
58638,2000,9
58638,5000,16
58638,10500,18
58638,12000,11
58638,12500,11
58638,13000,14
58638,13500,13
58638,14000,12
58638,14500,8
58638,15000,20
58638,15500,6
58638,16000,5
58638,16500,7
58638,18000,9
58638,19000,10
58638,19500,11
58638,20000,11
58638,20500,15
59613,500,19
59613,1000,19
59613,5000,19
59613,10500,17
59613,12000,19
59613,12500,19
59613,13000,21
59613,13500,21
59613,14000,21
59613,14500,18
59613,15000,20
59613,15500,17
59613,16000,20
59613,16500,20
59613,17000,18
59613,17500,19
59613,18500,16
59613,19000,17
59613,19500,16
59613,20000,19
59613,20500,15
672,500,26
672,1000,18
672,1500,20
672,2000,21
672,2500,23
672,3000,17
672,3500,21
672,4000,22
672,5000,23
672,10500,23
672,12000,24
672,12500,25
672,13500,22
672,14000,24
672,14500,21
672,15000,23
672,15500,20
672,16000,23
672,16500,19
672,17000,20
672,17500,16
672,18000,15
672,18500,15
672,19000,19
672,19500,22
672,20000,15
672,20500,22
673,500,23
673,1000,18
673,1500,23
673,2500,20
673,3000,26
673,4000,22
673,4500,24
673,5500,21
673,6000,19
673,6500,22
673,10500,20
673,12000,18
673,12500,20
673,13000,19
673,13500,20
673,14500,26
673,15000,27
673,16000,24
673,16500,23
673,17000,24
673,17500,19
673,18000,22
673,18500,22
673,19000,19
673,19500,19
673,20500,20
678,500,11
678,1500,12
678,2000,11
678,2500,13
678,3000,10
678,3500,13
678,5000,9
678,10500,11
678,12000,9
678,12500,7
678,13000,9
678,14000,9
678,15000,7
678,15500,10
678,17000,9
678,17500,10
678,18000,14
678,18500,14
678,19000,11
678,19500,11
678,20000,9
678,20500,9
679,500,24
679,1500,18
679,2000,18
679,2500,20
679,3000,17
679,3500,18
679,4000,12
679,5000,18
679,10500,20
679,12000,21
679,12500,19
679,13000,18
679,13500,19
679,14000,20
679,14500,17
679,15000,20
679,15500,21
679,16000,14
679,16500,19
679,17000,16
679,17500,21
679,18000,17
679,18500,15
679,19000,19
679,19500,17
679,20000,12
679,20500,22
684,500,26
684,1000,23
684,1500,22
684,2000,23
684,2500,23
684,3000,26
684,3500,23
684,4000,20
684,4500,20
684,5000,27
684,5500,24
684,10500,23
684,12000,27
684,12500,22
684,13000,25
684,13500,23
684,14000,24
684,14500,22
684,15000,28
684,15500,28
684,16000,24
684,16500,23
684,17000,24
684,17500,27
684,18000,25
684,18500,25
684,19000,25
684,19500,23
684,20000,24
684,20500,27
691,500,18
691,1000,17
691,1500,16
691,2000,18
691,2500,15
691,3000,15
691,3500,20
691,5000,19
691,10500,15
691,12000,18
691,12500,18
691,13000,16
691,13500,16
691,14500,14
691,15000,18
691,15500,17
691,16000,18
691,16500,12
691,17000,13
691,17500,12
691,18000,13
691,19000,13
691,19500,19
691,20000,16
691,20500,16
701,500,12
701,1000,9
701,1500,9
701,2000,11
701,3000,11
701,3500,13
701,4500,16
701,5000,8
701,6000,15
701,12000,13
701,13000,11
701,14000,11
701,14500,15
701,15000,14
701,16000,12
701,17000,16
701,18000,13
701,18500,16
701,19000,14
701,19500,12
701,20000,12
772,500,23
772,1000,22
772,1500,16
772,2000,19
772,2500,18
772,3000,18
772,3500,15
772,4000,20
772,5000,18
772,5500,17
772,10500,19
772,12000,16
772,13000,17
772,13500,19
772,14000,17
772,14500,21
772,15000,21
772,15500,20
772,16000,20
772,16500,22
772,17000,20
772,17500,21
772,18000,23
772,18500,19
772,19000,18
772,19500,18
772,20000,19
772,20500,23
773,500,23
773,1000,19
773,1500,20
773,2000,21
773,2500,25
773,3000,20
773,3500,19
773,5000,18
773,10500,20
773,12000,20
773,12500,19
773,13000,21
773,13500,23
773,14000,21
773,14500,20
773,15000,19
773,16000,22
773,17000,19
773,18000,20
773,19000,19
773,19500,18
773,20000,21
773,20500,19
777,500,12
777,1000,8
777,1500,11
777,2000,13
777,2500,11
777,3000,18
777,5000,10
777,10500,11
777,12000,8
777,12500,10
777,13000,9
777,13500,7
777,14000,8
777,14500,10
777,15000,10
777,15500,8
777,16000,10
777,16500,11
777,17000,10
777,17500,14
777,18000,13
777,20500,12
790,500,15
790,5000,14
790,10500,15
790,12000,15
790,12500,17
790,13000,14
790,13500,16
790,14000,17
790,14500,16
790,15000,18
790,15500,20
790,16000,18
790,16500,18
790,17000,18
790,17500,15
790,18000,19
790,18500,21
790,19000,24
790,20500,16
796,1000,13
796,1500,16
796,2000,14
796,2500,17
796,3000,20
796,3500,11
796,5000,16
796,10500,11
796,12000,13
796,12500,15
796,13000,13
796,13500,19
796,14000,15
796,14500,18
796,15000,18
796,15500,18
796,16000,16
796,16500,18
796,17500,13
796,18500,17
796,19500,14
796,20500,18
808,500,9
808,1000,11
808,1500,16
808,2000,12
808,2500,16
808,3000,17
808,3500,7
808,4000,10
808,4500,9
808,5000,17
808,10500,14
808,12000,13
808,12500,13
808,13000,14
808,13500,13
808,14000,16
808,14500,10
808,15000,14
808,15500,15
808,16000,16
808,16500,15
808,17000,14
808,17500,10
808,18000,15
808,18500,15
808,19000,16
808,19500,13
808,20000,11
808,20500,13
816,500,16
816,1500,22
816,2500,20
816,3000,20
816,3500,19
816,4000,19
816,5000,22
816,12000,10
816,12500,14
816,13000,11
816,13500,9
816,14000,17
816,15000,13
816,15500,14
816,16500,13
816,17000,17
816,18500,18
816,19000,14
816,20000,10
816,20500,12
821,500,21
821,5000,16
821,10500,21
821,12500,18
821,13000,17
821,13500,18
821,14500,18
821,15000,18
821,15500,19
821,16000,19
821,16500,27
821,17000,18
821,17500,17
821,18000,18
821,18500,25
821,19000,16
821,19500,16
835,500,13
835,1000,16
835,1500,18
835,12000,15
835,12500,15
835,13000,14
835,13500,16
835,14000,19
835,14500,15
835,15000,13
835,15500,15
835,16000,17
835,16500,15
835,17000,12
835,17500,18
835,18000,13
835,18500,14
835,19000,13
835,19500,14
835,20000,15
835,20500,11
841,500,13
841,5000,14
841,10500,15
841,12000,13
841,12500,13
841,13000,14
841,13500,12
841,14000,13
841,14500,12
841,15000,14
841,15500,14
841,16000,12
841,16500,12
841,17000,15
841,18000,14
841,18500,14
841,19500,12
841,20500,10
843,500,13
843,5000,15
843,10500,13
843,12000,11
843,12500,16
843,13500,13
843,14000,13
843,14500,12
843,15000,13
843,15500,11
843,16000,13
843,16500,14
843,17000,11
843,17500,16
843,18000,13
843,18500,13
843,19000,12
843,19500,12
843,20500,13
847,500,23
847,1000,15
847,1500,17
847,2000,19
847,2500,19
847,3500,13
847,4000,19
847,4500,22
847,5000,18
847,5500,13
847,6000,20
847,10500,17
847,12500,17
847,13000,13
847,14500,19
847,15000,24
847,16000,20
847,16500,16
847,17500,17
847,18000,16
847,19000,18
847,20000,15
847,20500,22
852,500,21
852,1000,18
852,1500,16
852,2000,19
852,3000,14
852,3500,19
852,4500,20
852,5000,20
852,5500,17
852,10500,23
852,12000,20
852,12500,18
852,13000,19
852,13500,18
852,14000,20
852,14500,18
852,15000,25
852,15500,22
852,16000,24
852,17000,24
852,17500,19
852,18000,18
852,19000,16
852,19500,19
852,20000,18
852,20500,26
853,500,23
853,5000,23
853,10500,22
853,12000,14
853,13000,22
853,13500,19
853,14000,21
853,14500,18
853,15000,21
853,15500,21
853,16000,16
853,16500,19
853,17000,14
853,17500,19
853,18000,20
853,18500,18
853,19000,22
853,19500,17
853,20000,17
853,20500,23
857,500,21
857,5000,17
857,10500,16
857,12000,21
857,12500,21
857,13000,20
857,13500,21
857,14000,20
857,14500,20
857,15000,24
857,15500,20
857,16000,15
857,16500,17
857,17000,21
857,17500,18
857,18000,22
857,18500,19
857,19000,16
857,19500,23
857,20000,23
857,20500,19
860,500,26
860,1000,22
860,1500,19
860,2000,23
860,2500,24
860,3000,22
860,4000,20
860,4500,25
860,5000,23
860,5500,27
860,10500,24
860,12000,26
860,12500,22
860,13000,23
860,13500,24
860,14000,22
860,14500,24
860,15000,26
860,15500,24
860,16000,19
860,16500,23
860,17000,21
860,17500,22
860,18000,23
860,18500,23
860,19000,21
860,19500,21
860,20000,26
860,20500,29
871,500,23
871,1000,20
871,1500,23
871,2000,22
871,2500,20
871,3000,19
871,3500,21
871,5000,21
871,10500,18
871,12000,21
871,12500,18
871,13000,19
871,13500,18
871,14000,22
871,14500,21
871,15000,17
871,15500,20
871,16000,19
871,16500,18
871,17000,18
871,17500,17
871,18000,18
871,18500,16
871,19000,25
871,19500,17
871,20000,21
871,20500,23
878,500,18
878,1000,15
878,1500,15
878,2000,17
878,2500,19
878,3000,20
878,3500,18
878,4000,17
878,5000,16
878,10500,18
878,12000,17
878,12500,17
878,13000,16
878,13500,18
878,14000,17
878,14500,16
878,15000,17
878,15500,17
878,16000,15
878,16500,17
878,17000,18
878,17500,15
878,18000,17
878,18500,16
878,19000,19
878,19500,15
878,20000,17
878,20500,16
966,500,13
966,1000,17
966,1500,15
966,5000,17
966,10500,14
966,12000,15
966,12500,17
966,13500,16
966,14000,16
966,14500,17
966,15500,16
966,16000,22
966,16500,14
966,18000,20
966,18500,13
966,19000,14
966,19500,19
966,20000,16
969,500,26
969,3000,23
969,5000,15
969,8500,23
969,10500,18
969,12000,16
969,12500,16
969,13000,13
969,13500,20
969,14500,20
969,15000,18
969,15500,14
969,16000,14
969,17000,14
969,19000,23
969,20500,20
971,500,26
971,1000,17
971,1500,20
971,2000,19
971,2500,23
971,3000,25
971,3500,24
971,4000,27
971,5000,18
971,5500,26
971,6000,22
971,10500,18
971,12000,16
971,12500,18
971,13000,17
971,13500,17
971,14000,14
971,14500,15
971,15000,24
971,15500,14
971,16000,14
971,16500,15
971,17000,16
971,17500,18
971,18000,16
971,18500,17
971,19000,16
971,19500,15
971,20000,19
971,20500,20
973,500,27
973,1000,24
973,1500,25
973,2000,25
973,2500,28
973,3000,27
973,5000,22
973,10500,22
973,12000,23
973,12500,23
973,13000,26
973,13500,25
973,14000,24
973,14500,19
973,15000,22
973,15500,21
973,16000,20
973,16500,23
973,17000,22
973,17500,21
973,18000,18
973,18500,19
973,19000,22
973,19500,21
973,20000,27
973,20500,20
987,500,11
987,1000,18
987,5000,15
987,10500,16
987,12000,17
987,12500,14
987,13000,13
987,13500,13
987,14000,15
987,14500,16
987,15000,15
987,15500,15
987,16000,12
987,16500,12
987,17000,15
987,17500,14
987,18000,12
987,18500,17
987,19000,21
987,19500,18
987,20000,15
987,20500,12
