neotoma_names,name,rank,id
Abies,Plantae,kingdom,6
Abies,Tracheophyta,phylum,7707728
Abies,Pinopsida,class,194
Abies,Pinales,order,640
Abies,Pinaceae,family,3925
Abies,Abies,genus,2684876
Acer negundo-type,Plantae,kingdom,6
Acer negundo-type,Tracheophyta,phylum,7707728
Acer negundo-type,Magnoliopsida,class,220
Acer negundo-type,Sapindales,order,933
Acer negundo-type,Sapindaceae,family,6657
Acer negundo-type,Acer,genus,3189834
Acer rubrum,Plantae,kingdom,6
Acer rubrum,Tracheophyta,phylum,7707728
Acer rubrum,Magnoliopsida,class,220
Acer rubrum,Sapindales,order,933
Acer rubrum,Sapindaceae,family,6657
Acer rubrum,Acer,genus,3189834
Acer rubrum,Acer rubrum,species,3189883
Acer saccharum-type,Plantae,kingdom,6
Acer saccharum-type,Tracheophyta,phylum,7707728
Acer saccharum-type,Magnoliopsida,class,220
Acer saccharum-type,Sapindales,order,933
Acer saccharum-type,Sapindaceae,family,6657
Acer saccharum-type,Acer,genus,3189834
Acer undiff.,Plantae,kingdom,6
Acer undiff.,Tracheophyta,phylum,7707728
Acer undiff.,Magnoliopsida,class,220
Acer undiff.,Sapindales,order,933
Acer undiff.,Sapindaceae,family,6657
Acer undiff.,Acer,genus,3189834
Alnus incana-type,Plantae,kingdom,6
Alnus incana-type,Tracheophyta,phylum,7707728
Alnus incana-type,Magnoliopsida,class,220
Alnus incana-type,Fagales,order,1354
Alnus incana-type,Betulaceae,family,4688
Alnus incana-type,Alnus,genus,2876099
Amaranthaceae undiff.,Plantae,kingdom,6
Amaranthaceae undiff.,Tracheophyta,phylum,7707728
Amaranthaceae undiff.,Magnoliopsida,class,220
Amaranthaceae undiff.,Caryophyllales,order,422
Amaranthaceae undiff.,Amaranthaceae,family,3064
Anacardiaceae undiff.,Plantae,kingdom,6
Anacardiaceae undiff.,Tracheophyta,phylum,7707728
Anacardiaceae undiff.,Magnoliopsida,class,220
Anacardiaceae undiff.,Sapindales,order,933
Anacardiaceae undiff.,Anacardiaceae,family,2398
Apiaceae,Plantae,kingdom,6
Apiaceae,Tracheophyta,phylum,7707728
Apiaceae,Magnoliopsida,class,220
Apiaceae,Apiales,order,1351
Apiaceae,Apiaceae,family,6720
Apocynum,Plantae,kingdom,6
Apocynum,Tracheophyta,phylum,7707728
Apocynum,Magnoliopsida,class,220
Apocynum,Gentianales,order,412
Apocynum,Apocynaceae,family,6701
Apocynum,Apocynum,genus,3169789
Arecaceae undiff.,Plantae,kingdom,6
Arecaceae undiff.,Tracheophyta,phylum,7707728
Arecaceae undiff.,Liliopsida,class,196
Arecaceae undiff.,Arecales,order,552
Arecaceae undiff.,Arecaceae,family,7681
Artemisia,Plantae,kingdom,6
Artemisia,Tracheophyta,phylum,7707728
Artemisia,Magnoliopsida,class,220
Artemisia,Asterales,order,414
Artemisia,Asteraceae,family,3065
Artemisia,Artemisia,genus,3120641
Asteroideae undiff.,Animalia,kingdom,1
Asteroideae undiff.,Echinodermata,phylum,50
Asteroideae undiff.,Asteroidea,class,214
Berberidaceae,Plantae,kingdom,6
Berberidaceae,Tracheophyta,phylum,7707728
Berberidaceae,Magnoliopsida,class,220
Berberidaceae,Ranunculales,order,399
Berberidaceae,Berberidaceae,family,6673
Beta vulgaris-type,Plantae,kingdom,6
Beta vulgaris-type,Tracheophyta,phylum,7707728
Beta vulgaris-type,Magnoliopsida,class,220
Beta vulgaris-type,Caryophyllales,order,422
Beta vulgaris-type,Amaranthaceae,family,3064
Beta vulgaris-type,Beta,genus,3083586
Betula,Plantae,kingdom,6
Betula,Tracheophyta,phylum,7707728
Betula,Magnoliopsida,class,220
Betula,Fagales,order,1354
Betula,Betulaceae,family,4688
Betula,Betula,genus,2875008
Brassica,Plantae,kingdom,6
Brassica,Tracheophyta,phylum,7707728
Brassica,Magnoliopsida,class,220
Brassica,Brassicales,order,7225535
Brassica,Brassicaceae,family,3112
Brassica,Brassica,genus,3042506
Brassicaceae undiff.,Plantae,kingdom,6
Brassicaceae undiff.,Tracheophyta,phylum,7707728
Brassicaceae undiff.,Magnoliopsida,class,220
Brassicaceae undiff.,Brassicales,order,7225535
Brassicaceae undiff.,Brassicaceae,family,3112
Bromeliaceae,Plantae,kingdom,6
Bromeliaceae,Tracheophyta,phylum,7707728
Bromeliaceae,Liliopsida,class,196
Bromeliaceae,Poales,order,1369
Bromeliaceae,Bromeliaceae,family,3740
Bursera,Plantae,kingdom,6
Bursera,Tracheophyta,phylum,7707728
Bursera,Magnoliopsida,class,220
Bursera,Sapindales,order,933
Bursera,Burseraceae,family,6659
Bursera,Bursera,genus,3190446
Byrsonima,Plantae,kingdom,6
Byrsonima,Tracheophyta,phylum,7707728
Byrsonima,Magnoliopsida,class,220
Byrsonima,Malpighiales,order,1414
Byrsonima,Malpighiaceae,family,6676
Byrsonima,Byrsonima,genus,3191347
Campanulaceae,Plantae,kingdom,6
Campanulaceae,Tracheophyta,phylum,7707728
Campanulaceae,Magnoliopsida,class,220
Campanulaceae,Asterales,order,414
Campanulaceae,Campanulaceae,family,8801
Carya,Plantae,kingdom,6
Carya,Tracheophyta,phylum,7707728
Carya,Magnoliopsida,class,220
Carya,Fagales,order,1354
Carya,Juglandaceae,family,2499
Carya,Carya,genus,3054287
Caryophyllaceae,Plantae,kingdom,6
Caryophyllaceae,Tracheophyta,phylum,7707728
Caryophyllaceae,Magnoliopsida,class,220
Caryophyllaceae,Caryophyllales,order,422
Caryophyllaceae,Caryophyllaceae,family,2518
Ceanothus,Plantae,kingdom,6
Ceanothus,Tracheophyta,phylum,7707728
Ceanothus,Magnoliopsida,class,220
Ceanothus,Rosales,order,691
Ceanothus,Rhamnaceae,family,2407
Ceanothus,Ceanothus,genus,3039297
Cedrus,Plantae,kingdom,6
Cedrus,Tracheophyta,phylum,7707728
Cedrus,Pinopsida,class,194
Cedrus,Pinales,order,640
Cedrus,Pinaceae,family,3925
Cedrus,Cedrus,genus,2685742
Celtis,Plantae,kingdom,6
Celtis,Tracheophyta,phylum,7707728
Celtis,Magnoliopsida,class,220
Celtis,Rosales,order,691
Celtis,Cannabaceae,family,2384
Celtis,Celtis,genus,2984479
Cephalanthus,Plantae,kingdom,6
Cephalanthus,Tracheophyta,phylum,7707728
Cephalanthus,Magnoliopsida,class,220
Cephalanthus,Gentianales,order,412
Cephalanthus,Rubiaceae,family,8798
Cephalanthus,Cephalanthus,genus,2923932
Ceratiola ericoides-type,Plantae,kingdom,6
Ceratiola ericoides-type,Tracheophyta,phylum,7707728
Ceratiola ericoides-type,Magnoliopsida,class,220
Ceratiola ericoides-type,Ericales,order,1353
Ceratiola ericoides-type,Ericaceae,family,2505
Ceratiola ericoides-type,Ceratiola,genus,2888364
Chamaecrista fasciculata-type,Plantae,kingdom,6
Chamaecrista fasciculata-type,Tracheophyta,phylum,7707728
Chamaecrista fasciculata-type,Magnoliopsida,class,220
Chamaecrista fasciculata-type,Fabales,order,1370
Chamaecrista fasciculata-type,Fabaceae,family,5386
Chamaecrista fasciculata-type,Chamaecrista,genus,2949492
Cistaceae,Plantae,kingdom,6
Cistaceae,Tracheophyta,phylum,7707728
Cistaceae,Magnoliopsida,class,220
Cistaceae,Malvales,order,941
Cistaceae,Cistaceae,family,6635
Clethra,Plantae,kingdom,6
Clethra,Tracheophyta,phylum,7707728
Clethra,Magnoliopsida,class,220
Clethra,Ericales,order,1353
Clethra,Clethraceae,family,6707
Clethra,Clethra,genus,2888321
Corylus,Plantae,kingdom,6
Corylus,Tracheophyta,phylum,7707728
Corylus,Magnoliopsida,class,220
Corylus,Fagales,order,1354
Corylus,Betulaceae,family,4688
Corylus,Corylus,genus,2875967
Cupressaceae undiff.,Plantae,kingdom,6
Cupressaceae undiff.,Tracheophyta,phylum,7707728
Cupressaceae undiff.,Pinopsida,class,194
Cupressaceae undiff.,Pinales,order,640
Cupressaceae undiff.,Cupressaceae,family,8144
Cyclachaena xanthiifolia-type,Plantae,kingdom,6
Cyclachaena xanthiifolia-type,Tracheophyta,phylum,7707728
Cyclachaena xanthiifolia-type,Magnoliopsida,class,220
Cyclachaena xanthiifolia-type,Asterales,order,414
Cyclachaena xanthiifolia-type,Asteraceae,family,3065
Cyclachaena xanthiifolia-type,Cyclachaena,genus,6445679
Cyperaceae,Plantae,kingdom,6
Cyperaceae,Tracheophyta,phylum,7707728
Cyperaceae,Liliopsida,class,196
Cyperaceae,Poales,order,1369
Cyperaceae,Cyperaceae,family,7708
Cyrilla racemiflora,Plantae,kingdom,6
Cyrilla racemiflora,Tracheophyta,phylum,7707728
Cyrilla racemiflora,Magnoliopsida,class,220
Cyrilla racemiflora,Ericales,order,1353
Cyrilla racemiflora,Cyrillaceae,family,6706
Cyrilla racemiflora,Cyrilla,genus,2883102
Cyrilla racemiflora,Cyrilla racemiflora,species,5333448
Dalea,Plantae,kingdom,6
Dalea,Tracheophyta,phylum,7707728
Dalea,Magnoliopsida,class,220
Dalea,Fabales,order,1370
Dalea,Fabaceae,family,5386
Dalea,Dalea,genus,2954771
Dalea candida-type,Plantae,kingdom,6
Dalea candida-type,Tracheophyta,phylum,7707728
Dalea candida-type,Magnoliopsida,class,220
Dalea candida-type,Fabales,order,1370
Dalea candida-type,Fabaceae,family,5386
Dalea candida-type,Dalea,genus,2954771
Dalea purpurea,Plantae,kingdom,6
Dalea purpurea,Tracheophyta,phylum,7707728
Dalea purpurea,Magnoliopsida,class,220
Dalea purpurea,Fabales,order,1370
Dalea purpurea,Fabaceae,family,5386
Dalea purpurea,Dalea,genus,2954771
Dalea purpurea,Dalea purpurea,species,5353342
Dalea undiff.,Plantae,kingdom,6
Dalea undiff.,Tracheophyta,phylum,7707728
Dalea undiff.,Magnoliopsida,class,220
Dalea undiff.,Fabales,order,1370
Dalea undiff.,Fabaceae,family,5386
Dalea undiff.,Dalea,genus,2954771
Dodonaea,Plantae,kingdom,6
Dodonaea,Tracheophyta,phylum,7707728
Dodonaea,Magnoliopsida,class,220
Dodonaea,Sapindales,order,933
Dodonaea,Sapindaceae,family,6657
Dodonaea,Dodonaea,genus,3190017
Ericaceae,Plantae,kingdom,6
Ericaceae,Tracheophyta,phylum,7707728
Ericaceae,Magnoliopsida,class,220
Ericaceae,Ericales,order,1353
Ericaceae,Ericaceae,family,2505
Euphorbia,Plantae,kingdom,6
Euphorbia,Tracheophyta,phylum,7707728
Euphorbia,Magnoliopsida,class,220
Euphorbia,Malpighiales,order,1414
Euphorbia,Euphorbiaceae,family,4691
Euphorbia,Euphorbia,genus,11397237
Fabaceae undiff.,Plantae,kingdom,6
Fabaceae undiff.,Tracheophyta,phylum,7707728
Fabaceae undiff.,Magnoliopsida,class,220
Fabaceae undiff.,Fabales,order,1370
Fabaceae undiff.,Fabaceae,family,5386
Fagus,Plantae,kingdom,6
Fagus,Tracheophyta,phylum,7707728
Fagus,Magnoliopsida,class,220
Fagus,Fagales,order,1354
Fagus,Fagaceae,family,4689
Fagus,Fagus,genus,2874875
Fraxinus nigra-type,Plantae,kingdom,6
Fraxinus nigra-type,Tracheophyta,phylum,7707728
Fraxinus nigra-type,Magnoliopsida,class,220
Fraxinus nigra-type,Lamiales,order,408
Fraxinus nigra-type,Oleaceae,family,6652
Fraxinus nigra-type,Fraxinus,genus,3172323
Fraxinus pennsylvanica-type,Plantae,kingdom,6
Fraxinus pennsylvanica-type,Tracheophyta,phylum,7707728
Fraxinus pennsylvanica-type,Magnoliopsida,class,220
Fraxinus pennsylvanica-type,Lamiales,order,408
Fraxinus pennsylvanica-type,Oleaceae,family,6652
Fraxinus pennsylvanica-type,Fraxinus,genus,3172323
Fraxinus undiff.,Plantae,kingdom,6
Fraxinus undiff.,Tracheophyta,phylum,7707728
Fraxinus undiff.,Magnoliopsida,class,220
Fraxinus undiff.,Lamiales,order,408
Fraxinus undiff.,Oleaceae,family,6652
Fraxinus undiff.,Fraxinus,genus,3172323
Galium,Plantae,kingdom,6
Galium,Tracheophyta,phylum,7707728
Galium,Magnoliopsida,class,220
Galium,Gentianales,order,412
Galium,Rubiaceae,family,8798
Galium,Galium,genus,2913027
Gentiana andrewsii-type,Plantae,kingdom,6
Gentiana andrewsii-type,Tracheophyta,phylum,7707728
Gentiana andrewsii-type,Magnoliopsida,class,220
Gentiana andrewsii-type,Gentianales,order,412
Gentiana andrewsii-type,Gentianaceae,family,2503
Gentiana andrewsii-type,Gentiana,genus,3170037
Gentianaceae undiff.,Plantae,kingdom,6
Gentianaceae undiff.,Tracheophyta,phylum,7707728
Gentianaceae undiff.,Magnoliopsida,class,220
Gentianaceae undiff.,Gentianales,order,412
Gentianaceae undiff.,Gentianaceae,family,2503
Gordonia,Plantae,kingdom,6
Gordonia,Tracheophyta,phylum,7707728
Gordonia,Magnoliopsida,class,220
Gordonia,Ericales,order,1353
Gordonia,Theaceae,family,3189597
Gordonia,Gordonia,genus,3189631
Hedyosmum,Plantae,kingdom,6
Hedyosmum,Tracheophyta,phylum,7707728
Hedyosmum,Magnoliopsida,class,220
Hedyosmum,Chloranthales,order,7226589
Hedyosmum,Chloranthaceae,family,6679
Hedyosmum,Hedyosmum,genus,3086513
Hedysarum,Plantae,kingdom,6
Hedysarum,Tracheophyta,phylum,7707728
Hedysarum,Magnoliopsida,class,220
Hedysarum,Fabales,order,1370
Hedysarum,Fabaceae,family,5386
Hedysarum,Hedysarum,genus,2960767
Ilex,Plantae,kingdom,6
Ilex,Tracheophyta,phylum,7707728
Ilex,Magnoliopsida,class,220
Ilex,Aquifoliales,order,7226638
Ilex,Aquifoliaceae,family,6716
Ilex,Ilex,genus,10792217
Impatiens,Plantae,kingdom,6
Impatiens,Tracheophyta,phylum,7707728
Impatiens,Magnoliopsida,class,220
Impatiens,Ericales,order,1353
Impatiens,Balsaminaceae,family,6699
Impatiens,Impatiens,genus,2891766
Iva frutescens-type,Plantae,kingdom,6
Iva frutescens-type,Tracheophyta,phylum,7707728
Iva frutescens-type,Magnoliopsida,class,220
Iva frutescens-type,Asterales,order,414
Iva frutescens-type,Asteraceae,family,3065
Iva frutescens-type,Iva,genus,3141879
Juglans nigra-type,Plantae,kingdom,6
Juglans nigra-type,Tracheophyta,phylum,7707728
Juglans nigra-type,Magnoliopsida,class,220
Juglans nigra-type,Fagales,order,1354
Juglans nigra-type,Juglandaceae,family,2499
Juglans nigra-type,Juglans,genus,3054350
Lamiaceae,Plantae,kingdom,6
Lamiaceae,Tracheophyta,phylum,7707728
Lamiaceae,Magnoliopsida,class,220
Lamiaceae,Lamiales,order,408
Lamiaceae,Lamiaceae,family,2497
Lechea,Plantae,kingdom,6
Lechea,Tracheophyta,phylum,7707728
Lechea,Magnoliopsida,class,220
Lechea,Malvales,order,941
Lechea,Cistaceae,family,6635
Lechea,Lechea,genus,2874037
Liquidambar,Plantae,kingdom,6
Liquidambar,Tracheophyta,phylum,7707728
Liquidambar,Magnoliopsida,class,220
Liquidambar,Saxifragales,order,7219248
Liquidambar,Altingiaceae,family,4909328
Liquidambar,Liquidambar,genus,3152823
Magnolia,Plantae,kingdom,6
Magnolia,Tracheophyta,phylum,7707728
Magnolia,Magnoliopsida,class,220
Magnolia,Magnoliales,order,718
Magnolia,Magnoliaceae,family,4690
Magnolia,Magnolia,genus,2888195
Malvaceae,Plantae,kingdom,6
Malvaceae,Tracheophyta,phylum,7707728
Malvaceae,Magnoliopsida,class,220
Malvaceae,Malvales,order,941
Malvaceae,Malvaceae,family,6685
Moraceae undiff.,Plantae,kingdom,6
Moraceae undiff.,Tracheophyta,phylum,7707728
Moraceae undiff.,Magnoliopsida,class,220
Moraceae undiff.,Rosales,order,691
Moraceae undiff.,Moraceae,family,6640
Morus,Animalia,kingdom,1
Morus,Chordata,phylum,44
Morus,Aves,class,212
Morus,Suliformes,order,7192775
Morus,Sulidae,family,9351
Morus,Morus,genus,2480962
Morus,Plantae,kingdom,6
Morus,Tracheophyta,phylum,7707728
Morus,Magnoliopsida,class,220
Morus,Rosales,order,691
Morus,Moraceae,family,6640
Morus,Morus,genus,2984545
Myrica,Plantae,kingdom,6
Myrica,Tracheophyta,phylum,7707728
Myrica,Magnoliopsida,class,220
Myrica,Fagales,order,1354
Myrica,Myricaceae,family,2432
Myrica,Myrica,genus,5938218
Myrtaceae undiff.,Plantae,kingdom,6
Myrtaceae undiff.,Tracheophyta,phylum,7707728
Myrtaceae undiff.,Magnoliopsida,class,220
Myrtaceae undiff.,Myrtales,order,690
Myrtaceae undiff.,Myrtaceae,family,5014
Nyssa,Plantae,kingdom,6
Nyssa,Tracheophyta,phylum,7707728
Nyssa,Magnoliopsida,class,220
Nyssa,Cornales,order,949
Nyssa,Nyssaceae,family,6712
Nyssa,Nyssa,genus,3082211
Onagraceae,Plantae,kingdom,6
Onagraceae,Tracheophyta,phylum,7707728
Onagraceae,Magnoliopsida,class,220
Onagraceae,Myrtales,order,690
Onagraceae,Onagraceae,family,2430
Opuntia,Plantae,kingdom,6
Opuntia,Tracheophyta,phylum,7707728
Opuntia,Magnoliopsida,class,220
Opuntia,Caryophyllales,order,422
Opuntia,Cactaceae,family,2519
Opuntia,Opuntia,genus,3084187
Orchidaceae,Plantae,kingdom,6
Orchidaceae,Tracheophyta,phylum,7707728
Orchidaceae,Liliopsida,class,196
Orchidaceae,Asparagales,order,1169
Orchidaceae,Orchidaceae,family,7689
Osmanthus,Plantae,kingdom,6
Osmanthus,Tracheophyta,phylum,7707728
Osmanthus,Magnoliopsida,class,220
Osmanthus,Lamiales,order,408
Osmanthus,Oleaceae,family,6652
Osmanthus,Osmanthus,genus,3172275
Paronychia americana,Plantae,kingdom,6
Paronychia americana,Tracheophyta,phylum,7707728
Paronychia americana,Magnoliopsida,class,220
Paronychia americana,Caryophyllales,order,422
Paronychia americana,Caryophyllaceae,family,2518
Paronychia americana,Paronychia,genus,8020237
Paronychia americana,Paronychia americana,species,5384708
Paronychia chartacea,Plantae,kingdom,6
Paronychia chartacea,Tracheophyta,phylum,7707728
Paronychia chartacea,Magnoliopsida,class,220
Paronychia chartacea,Caryophyllales,order,422
Paronychia chartacea,Caryophyllaceae,family,2518
Paronychia chartacea,Paronychia,genus,8020237
Paronychia chartacea,Paronychia chartacea,species,5384699
Parthenocissus,Plantae,kingdom,6
Parthenocissus,Tracheophyta,phylum,7707728
Parthenocissus,Magnoliopsida,class,220
Parthenocissus,Vitales,order,7222050
Parthenocissus,Vitaceae,family,6672
Parthenocissus,Parthenocissus,genus,3039188
Persicaria amphibia,Plantae,kingdom,6
Persicaria amphibia,Tracheophyta,phylum,7707728
Persicaria amphibia,Magnoliopsida,class,220
Persicaria amphibia,Caryophyllales,order,422
Persicaria amphibia,Polygonaceae,family,2416
Persicaria amphibia,Persicaria,genus,6390748
Persicaria amphibia,Persicaria amphibia,species,6391648
Phoradendron,Plantae,kingdom,6
Phoradendron,Tracheophyta,phylum,7707728
Phoradendron,Magnoliopsida,class,220
Phoradendron,Santalales,order,934
Phoradendron,Viscaceae,family,2399
Phoradendron,Phoradendron,genus,2889864
Picea,Plantae,kingdom,6
Picea,Tracheophyta,phylum,7707728
Picea,Pinopsida,class,194
Picea,Pinales,order,640
Picea,Pinaceae,family,3925
Picea,Picea,genus,7606064
Pinaceae (vesiculate) undiff.,Plantae,kingdom,6
Pinaceae (vesiculate) undiff.,Tracheophyta,phylum,7707728
Pinaceae (vesiculate) undiff.,Pinopsida,class,194
Pinaceae (vesiculate) undiff.,Pinales,order,640
Pinaceae (vesiculate) undiff.,Pinaceae,family,3925
Pinus subg. Pinus,Plantae,kingdom,6
Pinus subg. Pinus,Tracheophyta,phylum,7707728
Pinus subg. Pinus,Pinopsida,class,194
Pinus subg. Pinus,Pinales,order,640
Pinus subg. Pinus,Pinaceae,family,3925
Pinus subg. Pinus,Pinus,genus,2684241
Pinus subg. Strobus,Plantae,kingdom,6
Pinus subg. Strobus,Tracheophyta,phylum,7707728
Pinus subg. Strobus,Pinopsida,class,194
Pinus subg. Strobus,Pinales,order,640
Pinus subg. Strobus,Pinaceae,family,3925
Pinus subg. Strobus,Pinus,genus,2684241
Pinus undiff.,Plantae,kingdom,6
Pinus undiff.,Tracheophyta,phylum,7707728
Pinus undiff.,Pinopsida,class,194
Pinus undiff.,Pinales,order,640
Pinus undiff.,Pinaceae,family,3925
Pinus undiff.,Pinus,genus,2684241
Plantago,Plantae,kingdom,6
Plantago,Tracheophyta,phylum,7707728
Plantago,Magnoliopsida,class,220
Plantago,Lamiales,order,408
Plantago,Plantaginaceae,family,2420
Plantago,Plantago,genus,3189695
Platanus,Plantae,kingdom,6
Platanus,Tracheophyta,phylum,7707728
Platanus,Magnoliopsida,class,220
Platanus,Proteales,order,400
Platanus,Platanaceae,family,6693
Platanus,Platanus,genus,3152811
Poaceae,Plantae,kingdom,6
Poaceae,Tracheophyta,phylum,7707728
Poaceae,Liliopsida,class,196
Poaceae,Poales,order,1369
Poaceae,Poaceae,family,3073
Podocarpus,Plantae,kingdom,6
Podocarpus,Tracheophyta,phylum,7707728
Podocarpus,Pinopsida,class,194
Podocarpus,Pinales,order,640
Podocarpus,Podocarpaceae,family,8830
Podocarpus,Podocarpus,genus,5284386
Polygalaceae,Plantae,kingdom,6
Polygalaceae,Tracheophyta,phylum,7707728
Polygalaceae,Magnoliopsida,class,220
Polygalaceae,Fabales,order,1370
Polygalaceae,Polygalaceae,family,2417
Polygonum delopyrum-type,Plantae,kingdom,6
Polygonum delopyrum-type,Tracheophyta,phylum,7707728
Polygonum delopyrum-type,Magnoliopsida,class,220
Polygonum delopyrum-type,Caryophyllales,order,422
Polygonum delopyrum-type,Polygonaceae,family,2416
Polygonum delopyrum-type,Polygonum,genus,2889077
Polygonum fimbriatum-type,Plantae,kingdom,6
Polygonum fimbriatum-type,Tracheophyta,phylum,7707728
Polygonum fimbriatum-type,Magnoliopsida,class,220
Polygonum fimbriatum-type,Caryophyllales,order,422
Polygonum fimbriatum-type,Polygonaceae,family,2416
Polygonum fimbriatum-type,Polygonum,genus,2889077
Polygonum polygamum-type,Plantae,kingdom,6
Polygonum polygamum-type,Tracheophyta,phylum,7707728
Polygonum polygamum-type,Magnoliopsida,class,220
Polygonum polygamum-type,Caryophyllales,order,422
Polygonum polygamum-type,Polygonaceae,family,2416
Polygonum polygamum-type,Polygonum,genus,2889077
Polygonum tenue-type,Plantae,kingdom,6
Polygonum tenue-type,Tracheophyta,phylum,7707728
Polygonum tenue-type,Magnoliopsida,class,220
Polygonum tenue-type,Caryophyllales,order,422
Polygonum tenue-type,Polygonaceae,family,2416
Polygonum tenue-type,Polygonum,genus,2889077
Populus,Plantae,kingdom,6
Populus,Tracheophyta,phylum,7707728
Populus,Magnoliopsida,class,220
Populus,Malpighiales,order,1414
Populus,Salicaceae,family,6664
Populus,Populus,genus,3040183
Quercus,Plantae,kingdom,6
Quercus,Tracheophyta,phylum,7707728
Quercus,Magnoliopsida,class,220
Quercus,Fagales,order,1354
Quercus,Fagaceae,family,4689
Quercus,Quercus,genus,2877951
Ranunculaceae undiff.,Plantae,kingdom,6
Ranunculaceae undiff.,Tracheophyta,phylum,7707728
Ranunculaceae undiff.,Magnoliopsida,class,220
Ranunculaceae undiff.,Ranunculales,order,399
Ranunculaceae undiff.,Ranunculaceae,family,2410
Rhamnaceae undiff.,Plantae,kingdom,6
Rhamnaceae undiff.,Tracheophyta,phylum,7707728
Rhamnaceae undiff.,Magnoliopsida,class,220
Rhamnaceae undiff.,Rosales,order,691
Rhamnaceae undiff.,Rhamnaceae,family,2407
Rhus,Plantae,kingdom,6
Rhus,Tracheophyta,phylum,7707728
Rhus,Magnoliopsida,class,220
Rhus,Sapindales,order,933
Rhus,Anacardiaceae,family,2398
Rhus,Rhus,genus,3190534
Rosaceae undiff.,Plantae,kingdom,6
Rosaceae undiff.,Tracheophyta,phylum,7707728
Rosaceae undiff.,Magnoliopsida,class,220
Rosaceae undiff.,Rosales,order,691
Rosaceae undiff.,Rosaceae,family,5015
Rubiaceae undiff.,Plantae,kingdom,6
Rubiaceae undiff.,Tracheophyta,phylum,7707728
Rubiaceae undiff.,Magnoliopsida,class,220
Rubiaceae undiff.,Gentianales,order,412
Rubiaceae undiff.,Rubiaceae,family,8798
Rumex,Plantae,kingdom,6
Rumex,Tracheophyta,phylum,7707728
Rumex,Magnoliopsida,class,220
Rumex,Caryophyllales,order,422
Rumex,Polygonaceae,family,2416
Rumex,Rumex,genus,2888942
Rutaceae undiff.,Plantae,kingdom,6
Rutaceae undiff.,Tracheophyta,phylum,7707728
Rutaceae undiff.,Magnoliopsida,class,220
Rutaceae undiff.,Sapindales,order,933
Rutaceae undiff.,Rutaceae,family,2396
Sabal,Plantae,kingdom,6
Sabal,Tracheophyta,phylum,7707728
Sabal,Liliopsida,class,196
Sabal,Arecales,order,552
Sabal,Arecaceae,family,7681
Sabal,Sabal,genus,2732480
Salix,Plantae,kingdom,6
Salix,Tracheophyta,phylum,7707728
Salix,Magnoliopsida,class,220
Salix,Malpighiales,order,1414
Salix,Salicaceae,family,6664
Salix,Salix,genus,3039576
Sambucus,Plantae,kingdom,6
Sambucus,Tracheophyta,phylum,7707728
Sambucus,Magnoliopsida,class,220
Sambucus,Dipsacales,order,946
Sambucus,Viburnaceae,family,4924416
Sambucus,Sambucus,genus,2888721
Sanguisorba,Plantae,kingdom,6
Sanguisorba,Tracheophyta,phylum,7707728
Sanguisorba,Magnoliopsida,class,220
Sanguisorba,Rosales,order,691
Sanguisorba,Rosaceae,family,5015
Sanguisorba,Sanguisorba,genus,3029383
Sapindus,Plantae,kingdom,6
Sapindus,Tracheophyta,phylum,7707728
Sapindus,Magnoliopsida,class,220
Sapindus,Sapindales,order,933
Sapindus,Sapindaceae,family,6657
Sapindus,Sapindus,genus,3189983
Serenoa,Plantae,kingdom,6
Serenoa,Tracheophyta,phylum,7707728
Serenoa,Liliopsida,class,196
Serenoa,Arecales,order,552
Serenoa,Arecaceae,family,7681
Serenoa,Serenoa,genus,2735054
Shepherdia canadensis,Plantae,kingdom,6
Shepherdia canadensis,Tracheophyta,phylum,7707728
Shepherdia canadensis,Magnoliopsida,class,220
Shepherdia canadensis,Rosales,order,691
Shepherdia canadensis,Elaeagnaceae,family,2408
Shepherdia canadensis,Shepherdia,genus,3039276
Shepherdia canadensis,Shepherdia canadensis,species,5372427
Sisyrinchium,Plantae,kingdom,6
Sisyrinchium,Tracheophyta,phylum,7707728
Sisyrinchium,Liliopsida,class,196
Sisyrinchium,Asparagales,order,1169
Sisyrinchium,Iridaceae,family,7698
Sisyrinchium,Sisyrinchium,genus,8311345
Solanaceae undiff.,Plantae,kingdom,6
Solanaceae undiff.,Tracheophyta,phylum,7707728
Solanaceae undiff.,Magnoliopsida,class,220
Solanaceae undiff.,Solanales,order,1176
Solanaceae undiff.,Solanaceae,family,7717
Solanum rostratum,Plantae,kingdom,6
Solanum rostratum,Tracheophyta,phylum,7707728
Solanum rostratum,Magnoliopsida,class,220
Solanum rostratum,Solanales,order,1176
Solanum rostratum,Solanaceae,family,7717
Solanum rostratum,Solanum,genus,2928997
Solanum rostratum,Solanum angustifolium,species,2929800
Symplocos,Plantae,kingdom,6
Symplocos,Tracheophyta,phylum,7707728
Symplocos,Magnoliopsida,class,220
Symplocos,Ericales,order,1353
Symplocos,Symplocaceae,family,6708
Symplocos,Symplocos,genus,3032996
Taxodium,Plantae,kingdom,6
Taxodium,Tracheophyta,phylum,7707728
Taxodium,Pinopsida,class,194
Taxodium,Pinales,order,640
Taxodium,Cupressaceae,family,8144
Taxodium,Taxodium,genus,2684190
Taxus,Plantae,kingdom,6
Taxus,Tracheophyta,phylum,7707728
Taxus,Pinopsida,class,194
Taxus,Pinales,order,640
Taxus,Taxaceae,family,4863
Taxus,Taxus,genus,2684902
Thalictrum,Plantae,kingdom,6
Thalictrum,Tracheophyta,phylum,7707728
Thalictrum,Magnoliopsida,class,220
Thalictrum,Ranunculales,order,399
Thalictrum,Ranunculaceae,family,2410
Thalictrum,Thalictrum,genus,3033112
Tilia,Plantae,kingdom,6
Tilia,Tracheophyta,phylum,7707728
Tilia,Magnoliopsida,class,220
Tilia,Malvales,order,941
Tilia,Malvaceae,family,6685
Tilia,Tilia,genus,3152041
Tillandsia,Plantae,kingdom,6
Tillandsia,Tracheophyta,phylum,7707728
Tillandsia,Liliopsida,class,196
Tillandsia,Poales,order,1369
Tillandsia,Bromeliaceae,family,3740
Tillandsia,Tillandsia,genus,8279994
Trema,Plantae,kingdom,6
Trema,Tracheophyta,phylum,7707728
Trema,Magnoliopsida,class,220
Trema,Rosales,order,691
Trema,Cannabaceae,family,2384
Trema,Trema,genus,2984500
Trifolium repens-type,Plantae,kingdom,6
Trifolium repens-type,Tracheophyta,phylum,7707728
Trifolium repens-type,Magnoliopsida,class,220
Trifolium repens-type,Fabales,order,1370
Trifolium repens-type,Fabaceae,family,5386
Trifolium repens-type,Trifolium,genus,2973363
Trifolium repens-type,Animalia,kingdom,1
Trifolium repens-type,Platyhelminthes,phylum,108
Trifolium repens-type,Trematoda,class,345
Trifolium repens-type,Plagiorchiida,order,434
Trifolium repens-type,Psilostomidae,family,4345426
Trifolium repens-type,Trifolium,genus,3268117
Tsuga,Plantae,kingdom,6
Tsuga,Tracheophyta,phylum,7707728
Tsuga,Pinopsida,class,194
Tsuga,Pinales,order,640
Tsuga,Pinaceae,family,3925
Tsuga,Tsuga,genus,8527396
Ulmus,Plantae,kingdom,6
Ulmus,Tracheophyta,phylum,7707728
Ulmus,Magnoliopsida,class,220
Ulmus,Rosales,order,691
Ulmus,Ulmaceae,family,2382
Ulmus,Ulmus,genus,2984510
Urticaceae undiff.,Plantae,kingdom,6
Urticaceae undiff.,Tracheophyta,phylum,7707728
Urticaceae undiff.,Magnoliopsida,class,220
Urticaceae undiff.,Rosales,order,691
Urticaceae undiff.,Urticaceae,family,6639
Viburnum,Plantae,kingdom,6
Viburnum,Tracheophyta,phylum,7707728
Viburnum,Magnoliopsida,class,220
Viburnum,Dipsacales,order,946
Viburnum,Viburnaceae,family,4924416
Viburnum,Viburnum,genus,2888580
Vitis,Plantae,kingdom,6
Vitis,Tracheophyta,phylum,7707728
Vitis,Magnoliopsida,class,220
Vitis,Vitales,order,7222050
Vitis,Vitaceae,family,6672
Vitis,Vitis,genus,7467468
Xanthium,Plantae,kingdom,6
Xanthium,Tracheophyta,phylum,7707728
Xanthium,Magnoliopsida,class,220
Xanthium,Asterales,order,414
Xanthium,Asteraceae,family,3065
Xanthium,Xanthium,genus,3089139
Ximenia,Plantae,kingdom,6
Ximenia,Tracheophyta,phylum,7707728
Ximenia,Magnoliopsida,class,220
Ximenia,Santalales,order,934
Ximenia,Ximeniaceae,family,4930777
Ximenia,Ximenia,genus,2889810
Xyris,Plantae,kingdom,6
Xyris,Tracheophyta,phylum,7707728
Xyris,Liliopsida,class,196
Xyris,Poales,order,1369
Xyris,Xyridaceae,family,8496
Xyris,Xyris,genus,2692599
Alnus incana,Plantae,kingdom,6
Alnus incana,Tracheophyta,phylum,7707728
Alnus incana,Magnoliopsida,class,220
Alnus incana,Fagales,order,1354
Alnus incana,Betulaceae,family,4688
Alnus incana,Alnus,genus,2876099
Alnus incana,Alnus incana,species,9148577
Alnus undiff.,Plantae,kingdom,6
Alnus undiff.,Tracheophyta,phylum,7707728
Alnus undiff.,Magnoliopsida,class,220
Alnus undiff.,Fagales,order,1354
Alnus undiff.,Betulaceae,family,4688
Alnus undiff.,Alnus,genus,2876099
Amaranthaceae,Plantae,kingdom,6
Amaranthaceae,Tracheophyta,phylum,7707728
Amaranthaceae,Magnoliopsida,class,220
Amaranthaceae,Caryophyllales,order,422
Amaranthaceae,Amaranthaceae,family,3064
Amelanchier,Plantae,kingdom,6
Amelanchier,Tracheophyta,phylum,7707728
Amelanchier,Magnoliopsida,class,220
Amelanchier,Rosales,order,691
Amelanchier,Rosaceae,family,5015
Amelanchier,Amelanchier,genus,3023817
Arceuthobium,Plantae,kingdom,6
Arceuthobium,Tracheophyta,phylum,7707728
Arceuthobium,Magnoliopsida,class,220
Arceuthobium,Santalales,order,934
Arceuthobium,Viscaceae,family,2399
Arceuthobium,Arceuthobium,genus,2889830
Brassicaceae,Plantae,kingdom,6
Brassicaceae,Tracheophyta,phylum,7707728
Brassicaceae,Magnoliopsida,class,220
Brassicaceae,Brassicales,order,7225535
Brassicaceae,Brassicaceae,family,3112
Ephedra,Plantae,kingdom,6
Ephedra,Tracheophyta,phylum,7707728
Ephedra,Gnetopsida,class,282
Ephedra,Ephedrales,order,424
Ephedra,Ephedraceae,family,3114
Ephedra,Ephedra,genus,2653237
Eriogonum,Plantae,kingdom,6
Eriogonum,Tracheophyta,phylum,7707728
Eriogonum,Magnoliopsida,class,220
Eriogonum,Caryophyllales,order,422
Eriogonum,Polygonaceae,family,2416
Eriogonum,Eriogonum,genus,8381158
Fabaceae,Plantae,kingdom,6
Fabaceae,Tracheophyta,phylum,7707728
Fabaceae,Magnoliopsida,class,220
Fabaceae,Fabales,order,1370
Fabaceae,Fabaceae,family,5386
Fraxinus,Plantae,kingdom,6
Fraxinus,Tracheophyta,phylum,7707728
Fraxinus,Magnoliopsida,class,220
Fraxinus,Lamiales,order,408
Fraxinus,Oleaceae,family,6652
Fraxinus,Fraxinus,genus,3172323
Juniperus,Plantae,kingdom,6
Juniperus,Tracheophyta,phylum,7707728
Juniperus,Pinopsida,class,194
Juniperus,Pinales,order,640
Juniperus,Cupressaceae,family,8144
Juniperus,Juniperus,genus,2684359
Pinus albicaulis-type,Plantae,kingdom,6
Pinus albicaulis-type,Tracheophyta,phylum,7707728
Pinus albicaulis-type,Pinopsida,class,194
Pinus albicaulis-type,Pinales,order,640
Pinus albicaulis-type,Pinaceae,family,3925
Pinus albicaulis-type,Pinus,genus,2684241
Pinus contorta-type,Plantae,kingdom,6
Pinus contorta-type,Tracheophyta,phylum,7707728
Pinus contorta-type,Pinopsida,class,194
Pinus contorta-type,Pinales,order,640
Pinus contorta-type,Pinaceae,family,3925
Pinus contorta-type,Pinus,genus,2684241
Polygonaceae undiff.,Plantae,kingdom,6
Polygonaceae undiff.,Tracheophyta,phylum,7707728
Polygonaceae undiff.,Magnoliopsida,class,220
Polygonaceae undiff.,Caryophyllales,order,422
Polygonaceae undiff.,Polygonaceae,family,2416
Potentilla,Plantae,kingdom,6
Potentilla,Tracheophyta,phylum,7707728
Potentilla,Magnoliopsida,class,220
Potentilla,Rosales,order,691
Potentilla,Rosaceae,family,5015
Potentilla,Potentilla,genus,8079058
Pseudotsuga,Plantae,kingdom,6
Pseudotsuga,Tracheophyta,phylum,7707728
Pseudotsuga,Pinopsida,class,194
Pseudotsuga,Pinales,order,640
Pseudotsuga,Pinaceae,family,3925
Pseudotsuga,Pseudotsuga,genus,2685775
Sarcobatus,Plantae,kingdom,6
Sarcobatus,Tracheophyta,phylum,7707728
Sarcobatus,Magnoliopsida,class,220
Sarcobatus,Caryophyllales,order,422
Sarcobatus,Sarcobataceae,family,3715435
Sarcobatus,Sarcobatus,genus,3083989
Sphaeralcea,Plantae,kingdom,6
Sphaeralcea,Tracheophyta,phylum,7707728
Sphaeralcea,Magnoliopsida,class,220
Sphaeralcea,Malvales,order,941
Sphaeralcea,Malvaceae,family,6685
Sphaeralcea,Sphaeralcea,genus,7412190
Acer,Plantae,kingdom,6
Acer,Tracheophyta,phylum,7707728
Acer,Magnoliopsida,class,220
Acer,Sapindales,order,933
Acer,Sapindaceae,family,6657
Acer,Acer,genus,3189834
Alnus,Plantae,kingdom,6
Alnus,Tracheophyta,phylum,7707728
Alnus,Magnoliopsida,class,220
Alnus,Fagales,order,1354
Alnus,Betulaceae,family,4688
Alnus,Alnus,genus,2876099
Asteraceae undiff.,Plantae,kingdom,6
Asteraceae undiff.,Tracheophyta,phylum,7707728
Asteraceae undiff.,Magnoliopsida,class,220
Asteraceae undiff.,Asterales,order,414
Asteraceae undiff.,Asteraceae,family,3065
Castanea,Plantae,kingdom,6
Castanea,Tracheophyta,phylum,7707728
Castanea,Magnoliopsida,class,220
Castanea,Fagales,order,1354
Castanea,Fagaceae,family,4689
Castanea,Castanea,genus,2882140
Cornus,Plantae,kingdom,6
Cornus,Tracheophyta,phylum,7707728
Cornus,Magnoliopsida,class,220
Cornus,Cornales,order,949
Cornus,Cornaceae,family,6713
Cornus,Cornus,genus,3082226
Juglans,Plantae,kingdom,6
Juglans,Tracheophyta,phylum,7707728
Juglans,Magnoliopsida,class,220
Juglans,Fagales,order,1354
Juglans,Juglandaceae,family,2499
Juglans,Juglans,genus,3054350
Pinus,Plantae,kingdom,6
Pinus,Tracheophyta,phylum,7707728
Pinus,Pinopsida,class,194
Pinus,Pinales,order,640
Pinus,Pinaceae,family,3925
Pinus,Pinus,genus,2684241
Rosaceae,Plantae,kingdom,6
Rosaceae,Tracheophyta,phylum,7707728
Rosaceae,Magnoliopsida,class,220
Rosaceae,Rosales,order,691
Rosaceae,Rosaceae,family,5015
Cupressaceae,Plantae,kingdom,6
Cupressaceae,Tracheophyta,phylum,7707728
Cupressaceae,Pinopsida,class,194
Cupressaceae,Pinales,order,640
Cupressaceae,Cupressaceae,family,8144
Elaeagnus,Plantae,kingdom,6
Elaeagnus,Tracheophyta,phylum,7707728
Elaeagnus,Magnoliopsida,class,220
Elaeagnus,Rosales,order,691
Elaeagnus,Elaeagnaceae,family,2408
Elaeagnus,Elaeagnus,genus,3039266
Ephedra viridis-type,Plantae,kingdom,6
Ephedra viridis-type,Tracheophyta,phylum,7707728
Ephedra viridis-type,Gnetopsida,class,282
Ephedra viridis-type,Ephedrales,order,424
Ephedra viridis-type,Ephedraceae,family,3114
Ephedra viridis-type,Ephedra,genus,2653237
Euphorbiaceae,Plantae,kingdom,6
Euphorbiaceae,Tracheophyta,phylum,7707728
Euphorbiaceae,Magnoliopsida,class,220
Euphorbiaceae,Malpighiales,order,1414
Euphorbiaceae,Euphorbiaceae,family,4691
Lamiaceae undiff.,Plantae,kingdom,6
Lamiaceae undiff.,Tracheophyta,phylum,7707728
Lamiaceae undiff.,Magnoliopsida,class,220
Lamiaceae undiff.,Lamiales,order,408
Lamiaceae undiff.,Lamiaceae,family,2497
Larix,Plantae,kingdom,6
Larix,Tracheophyta,phylum,7707728
Larix,Pinopsida,class,194
Larix,Pinales,order,640
Larix,Pinaceae,family,3925
Larix,Larix,genus,2686156
Malvaceae sensu stricto,Plantae,kingdom,6
Malvaceae sensu stricto,Tracheophyta,phylum,7707728
Malvaceae sensu stricto,Magnoliopsida,class,220
Malvaceae sensu stricto,Malvales,order,941
Malvaceae sensu stricto,Malvaceae,family,6685
Persicaria lapathifolia-type,Plantae,kingdom,6
Persicaria lapathifolia-type,Tracheophyta,phylum,7707728
Persicaria lapathifolia-type,Magnoliopsida,class,220
Persicaria lapathifolia-type,Caryophyllales,order,422
Persicaria lapathifolia-type,Polygonaceae,family,2416
Persicaria lapathifolia-type,Persicaria,genus,6390748
Plantago major,Plantae,kingdom,6
Plantago major,Tracheophyta,phylum,7707728
Plantago major,Magnoliopsida,class,220
Plantago major,Lamiales,order,408
Plantago major,Plantaginaceae,family,2420
Plantago major,Plantago,genus,3189695
Plantago major,Plantago major,species,3189767
Polemonium,Plantae,kingdom,6
Polemonium,Tracheophyta,phylum,7707728
Polemonium,Magnoliopsida,class,220
Polemonium,Ericales,order,1353
Polemonium,Polemoniaceae,family,6648
Polemonium,Polemonium,genus,2927831
Polygonum aviculare-type,Plantae,kingdom,6
Polygonum aviculare-type,Tracheophyta,phylum,7707728
Polygonum aviculare-type,Magnoliopsida,class,220
Polygonum aviculare-type,Caryophyllales,order,422
Polygonum aviculare-type,Polygonaceae,family,2416
Polygonum aviculare-type,Polygonum,genus,2889077
Primulaceae,Plantae,kingdom,6
Primulaceae,Tracheophyta,phylum,7707728
Primulaceae,Magnoliopsida,class,220
Primulaceae,Ericales,order,1353
Primulaceae,Primulaceae,family,6674
Rhamnus,Plantae,kingdom,6
Rhamnus,Tracheophyta,phylum,7707728
Rhamnus,Magnoliopsida,class,220
Rhamnus,Rosales,order,691
Rhamnus,Rhamnaceae,family,2407
Rhamnus,Rhamnus,genus,3039471
Sarcobatus vermiculatus,Plantae,kingdom,6
Sarcobatus vermiculatus,Tracheophyta,phylum,7707728
Sarcobatus vermiculatus,Magnoliopsida,class,220
Sarcobatus vermiculatus,Caryophyllales,order,422
Sarcobatus vermiculatus,Sarcobataceae,family,3715435
Sarcobatus vermiculatus,Sarcobatus,genus,3083989
Sarcobatus vermiculatus,Sarcobatus vermiculatus,species,3083990
Saxifragaceae,Plantae,kingdom,6
Saxifragaceae,Tracheophyta,phylum,7707728
Saxifragaceae,Magnoliopsida,class,220
Saxifragaceae,Saxifragales,order,7219248
Saxifragaceae,Saxifragaceae,family,2402
Scrophulariaceae,Plantae,kingdom,6
Scrophulariaceae,Tracheophyta,phylum,7707728
Scrophulariaceae,Magnoliopsida,class,220
Scrophulariaceae,Lamiales,order,408
Scrophulariaceae,Scrophulariaceae,family,2390
Solanaceae,Plantae,kingdom,6
Solanaceae,Tracheophyta,phylum,7707728
Solanaceae,Magnoliopsida,class,220
Solanaceae,Solanales,order,1176
Solanaceae,Solanaceae,family,7717
Viscaceae sensu stricto,Plantae,kingdom,6
Viscaceae sensu stricto,Tracheophyta,phylum,7707728
Viscaceae sensu stricto,Magnoliopsida,class,220
Viscaceae sensu stricto,Santalales,order,934
Viscaceae sensu stricto,Viscaceae,family,2399
Ambrosia,Plantae,kingdom,6
Ambrosia,Tracheophyta,phylum,7707728
Ambrosia,Magnoliopsida,class,220
Ambrosia,Asterales,order,414
Ambrosia,Asteraceae,family,3065
Ambrosia,Ambrosia,genus,3110576
Arctostaphylos,Plantae,kingdom,6
Arctostaphylos,Tracheophyta,phylum,7707728
Arctostaphylos,Magnoliopsida,class,220
Arctostaphylos,Ericales,order,1353
Arctostaphylos,Ericaceae,family,2505
Arctostaphylos,Arctostaphylos,genus,2882486
Berberis,Plantae,kingdom,6
Berberis,Tracheophyta,phylum,7707728
Berberis,Magnoliopsida,class,220
Berberis,Ranunculales,order,399
Berberis,Berberidaceae,family,6673
Berberis,Berberis,genus,3033893
Bistorta bistortoides,Plantae,kingdom,6
Bistorta bistortoides,Tracheophyta,phylum,7707728
Bistorta bistortoides,Magnoliopsida,class,220
Bistorta bistortoides,Caryophyllales,order,422
Bistorta bistortoides,Polygonaceae,family,2416
Bistorta bistortoides,Bistorta,genus,8148051
Bistorta bistortoides,Bistorta bistortoides,species,2889291
Cactaceae,Plantae,kingdom,6
Cactaceae,Tracheophyta,phylum,7707728
Cactaceae,Magnoliopsida,class,220
Cactaceae,Caryophyllales,order,422
Cactaceae,Cactaceae,family,2519
Cercocarpus,Plantae,kingdom,6
Cercocarpus,Tracheophyta,phylum,7707728
Cercocarpus,Magnoliopsida,class,220
Cercocarpus,Rosales,order,691
Cercocarpus,Rosaceae,family,5015
Cercocarpus,Cercocarpus,genus,3001885
Cirsium,Plantae,kingdom,6
Cirsium,Tracheophyta,phylum,7707728
Cirsium,Magnoliopsida,class,220
Cirsium,Asterales,order,414
Cirsium,Asteraceae,family,3065
Cirsium,Cirsium,genus,3112554
Holodiscus,Plantae,kingdom,6
Holodiscus,Tracheophyta,phylum,7707728
Holodiscus,Magnoliopsida,class,220
Holodiscus,Rosales,order,691
Holodiscus,Rosaceae,family,5015
Holodiscus,Holodiscus,genus,2987758
Liliaceae,Plantae,kingdom,6
Liliaceae,Tracheophyta,phylum,7707728
Liliaceae,Liliopsida,class,196
Liliaceae,Liliales,order,1172
Liliaceae,Liliaceae,family,7699
Lonicera,Plantae,kingdom,6
Lonicera,Tracheophyta,phylum,7707728
Lonicera,Magnoliopsida,class,220
Lonicera,Dipsacales,order,946
Lonicera,Caprifoliaceae,family,6710
Lonicera,Lonicera,genus,2888645
Parkinsonia,Plantae,kingdom,6
Parkinsonia,Tracheophyta,phylum,7707728
Parkinsonia,Magnoliopsida,class,220
Parkinsonia,Fabales,order,1370
Parkinsonia,Fabaceae,family,5386
Parkinsonia,Parkinsonia,genus,2964820
Parkinsonia,Animalia,kingdom,1
Parkinsonia,Mollusca,phylum,52
Parkinsonia,Cephalopoda,class,136
Parkinsonia,Parkinsoniidae,family,3245851
Parkinsonia,Parkinsonia,genus,3245852
Pinus edulis-type,Plantae,kingdom,6
Pinus edulis-type,Tracheophyta,phylum,7707728
Pinus edulis-type,Pinopsida,class,194
Pinus edulis-type,Pinales,order,640
Pinus edulis-type,Pinaceae,family,3925
Pinus edulis-type,Pinus,genus,2684241
Pinus flexilis-type,Plantae,kingdom,6
Pinus flexilis-type,Tracheophyta,phylum,7707728
Pinus flexilis-type,Pinopsida,class,194
Pinus flexilis-type,Pinales,order,640
Pinus flexilis-type,Pinaceae,family,3925
Pinus flexilis-type,Pinus,genus,2684241
Polygonum sensu lato undiff.,Plantae,kingdom,6
Polygonum sensu lato undiff.,Tracheophyta,phylum,7707728
Polygonum sensu lato undiff.,Magnoliopsida,class,220
Polygonum sensu lato undiff.,Caryophyllales,order,422
Polygonum sensu lato undiff.,Polygonaceae,family,2416
Polygonum sensu lato undiff.,Polygonum,genus,2889077
Portulacaceae,Plantae,kingdom,6
Portulacaceae,Tracheophyta,phylum,7707728
Portulacaceae,Magnoliopsida,class,220
Portulacaceae,Caryophyllales,order,422
Portulacaceae,Portulacaceae,family,6717
Ranunculus,Plantae,kingdom,6
Ranunculus,Tracheophyta,phylum,7707728
Ranunculus,Magnoliopsida,class,220
Ranunculus,Ranunculales,order,399
Ranunculus,Ranunculaceae,family,2410
Ranunculus,Ranunculus,genus,3033294
Ribes,Plantae,kingdom,6
Ribes,Tracheophyta,phylum,7707728
Ribes,Magnoliopsida,class,220
Ribes,Saxifragales,order,7219248
Ribes,Grossulariaceae,family,2403
Ribes,Ribes,genus,2986095
Rubus,Plantae,kingdom,6
Rubus,Tracheophyta,phylum,7707728
Rubus,Magnoliopsida,class,220
Rubus,Rosales,order,691
Rubus,Rosaceae,family,5015
Rubus,Rubus,genus,2988638
Trixis,Plantae,kingdom,6
Trixis,Tracheophyta,phylum,7707728
Trixis,Magnoliopsida,class,220
Trixis,Asterales,order,414
Trixis,Asteraceae,family,3065
Trixis,Trixis,genus,5398941
Acer negundo,Plantae,kingdom,6
Acer negundo,Tracheophyta,phylum,7707728
Acer negundo,Magnoliopsida,class,220
Acer negundo,Sapindales,order,933
Acer negundo,Sapindaceae,family,6657
Acer negundo,Acer,genus,3189834
Acer negundo,Acer negundo,species,3189866
Acer saccharinum-type,Plantae,kingdom,6
Acer saccharinum-type,Tracheophyta,phylum,7707728
Acer saccharinum-type,Magnoliopsida,class,220
Acer saccharinum-type,Sapindales,order,933
Acer saccharinum-type,Sapindaceae,family,6657
Acer saccharinum-type,Acer,genus,3189834
Caprifoliaceae sensu lato undiff.,Plantae,kingdom,6
Caprifoliaceae sensu lato undiff.,Tracheophyta,phylum,7707728
Caprifoliaceae sensu lato undiff.,Magnoliopsida,class,220
Caprifoliaceae sensu lato undiff.,Dipsacales,order,946
Caprifoliaceae sensu lato undiff.,Caprifoliaceae,family,6710
Fraxinus (tetracolpate),Plantae,kingdom,6
Fraxinus (tetracolpate),Tracheophyta,phylum,7707728
Fraxinus (tetracolpate),Magnoliopsida,class,220
Fraxinus (tetracolpate),Lamiales,order,408
Fraxinus (tetracolpate),Oleaceae,family,6652
Fraxinus (tetracolpate),Fraxinus,genus,3172323
Fraxinus (tricolpate),Plantae,kingdom,6
Fraxinus (tricolpate),Tracheophyta,phylum,7707728
Fraxinus (tricolpate),Magnoliopsida,class,220
Fraxinus (tricolpate),Lamiales,order,408
Fraxinus (tricolpate),Oleaceae,family,6652
Fraxinus (tricolpate),Fraxinus,genus,3172323
Juglans cinerea,Plantae,kingdom,6
Juglans cinerea,Tracheophyta,phylum,7707728
Juglans cinerea,Magnoliopsida,class,220
Juglans cinerea,Fagales,order,1354
Juglans cinerea,Juglandaceae,family,2499
Juglans cinerea,Juglans,genus,3054350
Juglans cinerea,Juglans cinerea,species,3054352
Juglans nigra,Plantae,kingdom,6
Juglans nigra,Tracheophyta,phylum,7707728
Juglans nigra,Magnoliopsida,class,220
Juglans nigra,Fagales,order,1354
Juglans nigra,Juglandaceae,family,2499
Juglans nigra,Juglans,genus,3054350
Juglans nigra,Juglans nigra,species,3054357
Oxyria digyna,Plantae,kingdom,6
Oxyria digyna,Tracheophyta,phylum,7707728
Oxyria digyna,Magnoliopsida,class,220
Oxyria digyna,Caryophyllales,order,422
Oxyria digyna,Polygonaceae,family,2416
Oxyria digyna,Oxyria,genus,2889357
Oxyria digyna,Oxyria digyna,species,2889358
Rhamnaceae,Plantae,kingdom,6
Rhamnaceae,Tracheophyta,phylum,7707728
Rhamnaceae,Magnoliopsida,class,220
Rhamnaceae,Rosales,order,691
Rhamnaceae,Rhamnaceae,family,2407
Salsola,Plantae,kingdom,6
Salsola,Tracheophyta,phylum,7707728
Salsola,Magnoliopsida,class,220
Salsola,Caryophyllales,order,422
Salsola,Amaranthaceae,family,3064
Salsola,Salsola,genus,3083944
Asteroideae,Animalia,kingdom,1
Asteroideae,Echinodermata,phylum,50
Asteroideae,Asteroidea,class,214
Cyclachaena xanthiifolia,Plantae,kingdom,6
Cyclachaena xanthiifolia,Tracheophyta,phylum,7707728
Cyclachaena xanthiifolia,Magnoliopsida,class,220
Cyclachaena xanthiifolia,Asterales,order,414
Cyclachaena xanthiifolia,Asteraceae,family,3065
Cyclachaena xanthiifolia,Cyclachaena,genus,6445679
Cyclachaena xanthiifolia,Cyclachaena xanthiifolia,species,3141890
Ephedra nevadensis-type,Plantae,kingdom,6
Ephedra nevadensis-type,Tracheophyta,phylum,7707728
Ephedra nevadensis-type,Gnetopsida,class,282
Ephedra nevadensis-type,Ephedrales,order,424
Ephedra nevadensis-type,Ephedraceae,family,3114
Ephedra nevadensis-type,Ephedra,genus,2653237
Shepherdia argentea,Plantae,kingdom,6
Shepherdia argentea,Tracheophyta,phylum,7707728
Shepherdia argentea,Magnoliopsida,class,220
Shepherdia argentea,Rosales,order,691
Shepherdia argentea,Elaeagnaceae,family,2408
Shepherdia argentea,Shepherdia,genus,3039276
Shepherdia argentea,Shepherdia argentea,species,5372429
Abies balsamea,Plantae,kingdom,6
Abies balsamea,Tracheophyta,phylum,7707728
Abies balsamea,Pinopsida,class,194
Abies balsamea,Pinales,order,640
Abies balsamea,Pinaceae,family,3925
Abies balsamea,Abies,genus,2684876
Abies balsamea,Abies balsamea,species,2685383
Acer pensylvanicum,Plantae,kingdom,6
Acer pensylvanicum,Tracheophyta,phylum,7707728
Acer pensylvanicum,Magnoliopsida,class,220
Acer pensylvanicum,Sapindales,order,933
Acer pensylvanicum,Sapindaceae,family,6657
Acer pensylvanicum,Acer,genus,3189834
Acer pensylvanicum,Acer pensylvanicum,species,3189836
Acer saccharum,Plantae,kingdom,6
Acer saccharum,Tracheophyta,phylum,7707728
Acer saccharum,Magnoliopsida,class,220
Acer saccharum,Sapindales,order,933
Acer saccharum,Sapindaceae,family,6657
Acer saccharum,Acer,genus,3189834
Acer saccharum,Acer saccharum,species,3189859
Acer spicatum,Plantae,kingdom,6
Acer spicatum,Tracheophyta,phylum,7707728
Acer spicatum,Magnoliopsida,class,220
Acer spicatum,Sapindales,order,933
Acer spicatum,Sapindaceae,family,6657
Acer spicatum,Acer,genus,3189834
Acer spicatum,Acer spicatum,species,3189848
Alnus viridis-type,Plantae,kingdom,6
Alnus viridis-type,Tracheophyta,phylum,7707728
Alnus viridis-type,Magnoliopsida,class,220
Alnus viridis-type,Fagales,order,1354
Alnus viridis-type,Betulaceae,family,4688
Alnus viridis-type,Alnus,genus,2876099
Betula undiff.,Plantae,kingdom,6
Betula undiff.,Tracheophyta,phylum,7707728
Betula undiff.,Magnoliopsida,class,220
Betula undiff.,Fagales,order,1354
Betula undiff.,Betulaceae,family,4688
Betula undiff.,Betula,genus,2875008
Bistorta vivipara,Plantae,kingdom,6
Bistorta vivipara,Tracheophyta,phylum,7707728
Bistorta vivipara,Magnoliopsida,class,220
Bistorta vivipara,Caryophyllales,order,422
Bistorta vivipara,Polygonaceae,family,2416
Bistorta vivipara,Bistorta,genus,8148051
Bistorta vivipara,Bistorta vivipara,species,2889299
Carya ovata,Plantae,kingdom,6
Carya ovata,Tracheophyta,phylum,7707728
Carya ovata,Magnoliopsida,class,220
Carya ovata,Fagales,order,1354
Carya ovata,Juglandaceae,family,2499
Carya ovata,Carya,genus,3054287
Carya ovata,Carya ovata,species,3054296
Castanea dentata,Plantae,kingdom,6
Castanea dentata,Tracheophyta,phylum,7707728
Castanea dentata,Magnoliopsida,class,220
Castanea dentata,Fagales,order,1354
Castanea dentata,Fagaceae,family,4689
Castanea dentata,Castanea,genus,2882140
Castanea dentata,Castanea dentata,species,5333230
Corylus cornuta,Plantae,kingdom,6
Corylus cornuta,Tracheophyta,phylum,7707728
Corylus cornuta,Magnoliopsida,class,220
Corylus cornuta,Fagales,order,1354
Corylus cornuta,Betulaceae,family,4688
Corylus cornuta,Corylus,genus,2875967
Corylus cornuta,Corylus cornuta,species,2876032
Epilobium,Plantae,kingdom,6
Epilobium,Tracheophyta,phylum,7707728
Epilobium,Magnoliopsida,class,220
Epilobium,Myrtales,order,690
Epilobium,Onagraceae,family,2430
Epilobium,Epilobium,genus,3189067
Juniperus communis/Thuja occidentalis-type,Plantae,kingdom,6
Juniperus communis/Thuja occidentalis-type,Tracheophyta,phylum,7707728
Juniperus communis/Thuja occidentalis-type,Pinopsida,class,194
Juniperus communis/Thuja occidentalis-type,Pinales,order,640
Juniperus communis/Thuja occidentalis-type,Cupressaceae,family,8144
Juniperus communis/Thuja occidentalis-type,Juniperus,genus,2684359
Koenigia islandica,Plantae,kingdom,6
Koenigia islandica,Tracheophyta,phylum,7707728
Koenigia islandica,Magnoliopsida,class,220
Koenigia islandica,Caryophyllales,order,422
Koenigia islandica,Polygonaceae,family,2416
Koenigia islandica,Koenigia,genus,2889050
Koenigia islandica,Koenigia islandica,species,5334283
Myrica gale,Plantae,kingdom,6
Myrica gale,Tracheophyta,phylum,7707728
Myrica gale,Magnoliopsida,class,220
Myrica gale,Fagales,order,1354
Myrica gale,Myricaceae,family,2432
Myrica gale,Myrica,genus,5938218
Myrica gale,Myrica gale,species,5414202
Oxytropis maydelliana-type,Plantae,kingdom,6
Oxytropis maydelliana-type,Tracheophyta,phylum,7707728
Oxytropis maydelliana-type,Magnoliopsida,class,220
Oxytropis maydelliana-type,Fabales,order,1370
Oxytropis maydelliana-type,Fabaceae,family,5386
Oxytropis maydelliana-type,Oxytropis,genus,2982894
Pedicularis,Plantae,kingdom,6
Pedicularis,Tracheophyta,phylum,7707728
Pedicularis,Magnoliopsida,class,220
Pedicularis,Lamiales,order,408
Pedicularis,Orobanchaceae,family,6651
Pedicularis,Pedicularis,genus,3171670
Picea glauca-type,Plantae,kingdom,6
Picea glauca-type,Tracheophyta,phylum,7707728
Picea glauca-type,Pinopsida,class,194
Picea glauca-type,Pinales,order,640
Picea glauca-type,Pinaceae,family,3925
Picea glauca-type,Picea,genus,7606064
Picea mariana-type,Plantae,kingdom,6
Picea mariana-type,Tracheophyta,phylum,7707728
Picea mariana-type,Pinopsida,class,194
Picea mariana-type,Pinales,order,640
Picea mariana-type,Pinaceae,family,3925
Picea mariana-type,Picea,genus,7606064
Picea undiff.,Plantae,kingdom,6
Picea undiff.,Tracheophyta,phylum,7707728
Picea undiff.,Pinopsida,class,194
Picea undiff.,Pinales,order,640
Picea undiff.,Pinaceae,family,3925
Picea undiff.,Picea,genus,7606064
Pinaceae,Plantae,kingdom,6
Pinaceae,Tracheophyta,phylum,7707728
Pinaceae,Pinopsida,class,194
Pinaceae,Pinales,order,640
Pinaceae,Pinaceae,family,3925
Pinus banksiana-type,Plantae,kingdom,6
Pinus banksiana-type,Tracheophyta,phylum,7707728
Pinus banksiana-type,Pinopsida,class,194
Pinus banksiana-type,Pinales,order,640
Pinus banksiana-type,Pinaceae,family,3925
Pinus banksiana-type,Pinus,genus,2684241
Pinus strobus,Plantae,kingdom,6
Pinus strobus,Tracheophyta,phylum,7707728
Pinus strobus,Pinopsida,class,194
Pinus strobus,Pinales,order,640
Pinus strobus,Pinaceae,family,3925
Pinus strobus,Pinus,genus,2684241
Pinus strobus,Pinus strobus,species,5284982
Populus balsamifera-type,Plantae,kingdom,6
Populus balsamifera-type,Tracheophyta,phylum,7707728
Populus balsamifera-type,Magnoliopsida,class,220
Populus balsamifera-type,Malpighiales,order,1414
Populus balsamifera-type,Salicaceae,family,6664
Populus balsamifera-type,Populus,genus,3040183
Populus tremuloides-type,Plantae,kingdom,6
Populus tremuloides-type,Tracheophyta,phylum,7707728
Populus tremuloides-type,Magnoliopsida,class,220
Populus tremuloides-type,Malpighiales,order,1414
Populus tremuloides-type,Salicaceae,family,6664
Populus tremuloides-type,Populus,genus,3040183
Prunus,Plantae,kingdom,6
Prunus,Tracheophyta,phylum,7707728
Prunus,Magnoliopsida,class,220
Prunus,Rosales,order,691
Prunus,Rosaceae,family,5015
Prunus,Prunus,genus,3020559
Rhamnus alnifolia/Frangula alnus,Plantae,kingdom,6
Rhamnus alnifolia/Frangula alnus,Tracheophyta,phylum,7707728
Rhamnus alnifolia/Frangula alnus,Magnoliopsida,class,220
Rhamnus alnifolia/Frangula alnus,Rosales,order,691
Rhamnus alnifolia/Frangula alnus,Rhamnaceae,family,2407
Rhamnus alnifolia/Frangula alnus,Rhamnus,genus,3039471
Saxifraga cernua-type,Plantae,kingdom,6
Saxifraga cernua-type,Tracheophyta,phylum,7707728
Saxifraga cernua-type,Magnoliopsida,class,220
Saxifraga cernua-type,Saxifragales,order,7219248
Saxifraga cernua-type,Saxifragaceae,family,2402
Saxifraga cernua-type,Saxifraga,genus,2987833
Saxifraga oppositifolia-type,Plantae,kingdom,6
Saxifraga oppositifolia-type,Tracheophyta,phylum,7707728
Saxifraga oppositifolia-type,Magnoliopsida,class,220
Saxifraga oppositifolia-type,Saxifragales,order,7219248
Saxifraga oppositifolia-type,Saxifragaceae,family,2402
Saxifraga oppositifolia-type,Saxifraga,genus,2987833
Tsuga canadensis,Plantae,kingdom,6
Tsuga canadensis,Tracheophyta,phylum,7707728
Tsuga canadensis,Pinopsida,class,194
Tsuga canadensis,Pinales,order,640
Tsuga canadensis,Pinaceae,family,3925
Tsuga canadensis,Tsuga,genus,8527396
Tsuga canadensis,Tsuga canadensis,species,2687182
Anacardiaceae,Plantae,kingdom,6
Anacardiaceae,Tracheophyta,phylum,7707728
Anacardiaceae,Magnoliopsida,class,220
Anacardiaceae,Sapindales,order,933
Anacardiaceae,Anacardiaceae,family,2398
Aquifoliaceae,Plantae,kingdom,6
Aquifoliaceae,Tracheophyta,phylum,7707728
Aquifoliaceae,Magnoliopsida,class,220
Aquifoliaceae,Aquifoliales,order,7226638
Aquifoliaceae,Aquifoliaceae,family,6716
Gleditsia,Plantae,kingdom,6
Gleditsia,Tracheophyta,phylum,7707728
Gleditsia,Magnoliopsida,class,220
Gleditsia,Fabales,order,1370
Gleditsia,Fabaceae,family,5386
Gleditsia,Gleditsia,genus,2959442
Iva annua-type,Plantae,kingdom,6
Iva annua-type,Tracheophyta,phylum,7707728
Iva annua-type,Magnoliopsida,class,220
Iva annua-type,Asterales,order,414
Iva annua-type,Asteraceae,family,3065
Iva annua-type,Iva,genus,3141879
Poaceae (Cerealia),Animalia,kingdom,1
Poaceae (Cerealia),Mollusca,phylum,52
Poaceae (Cerealia),Cerealis,genus,4617655
Poaceae undiff.,Plantae,kingdom,6
Poaceae undiff.,Tracheophyta,phylum,7707728
Poaceae undiff.,Liliopsida,class,196
Poaceae undiff.,Poales,order,1369
Poaceae undiff.,Poaceae,family,3073
Polygonum sensu lato,Plantae,kingdom,6
Polygonum sensu lato,Tracheophyta,phylum,7707728
Polygonum sensu lato,Magnoliopsida,class,220
Polygonum sensu lato,Caryophyllales,order,422
Polygonum sensu lato,Polygonaceae,family,2416
Polygonum sensu lato,Polygonum,genus,2889077
Shepherdia,Plantae,kingdom,6
Shepherdia,Tracheophyta,phylum,7707728
Shepherdia,Magnoliopsida,class,220
Shepherdia,Rosales,order,691
Shepherdia,Elaeagnaceae,family,2408
Shepherdia,Shepherdia,genus,3039276
Aconitum,Plantae,kingdom,6
Aconitum,Tracheophyta,phylum,7707728
Aconitum,Magnoliopsida,class,220
Aconitum,Ranunculales,order,399
Aconitum,Ranunculaceae,family,2410
Aconitum,Aconitum,genus,3033663
Alnus viridis,Plantae,kingdom,6
Alnus viridis,Tracheophyta,phylum,7707728
Alnus viridis,Magnoliopsida,class,220
Alnus viridis,Fagales,order,1354
Alnus viridis,Betulaceae,family,4688
Alnus viridis,Alnus,genus,2876099
Alnus viridis,Alnus alnobetula,species,8956987
Alnus viridis,Plantae,kingdom,6
Alnus viridis,Tracheophyta,phylum,7707728
Alnus viridis,Magnoliopsida,class,220
Alnus viridis,Fagales,order,1354
Alnus viridis,Betulaceae,family,4688
Alnus viridis,Alnus,genus,2876099
Alnus viridis,Alnus alnobetula,species,8956987
Boraginaceae,Plantae,kingdom,6
Boraginaceae,Tracheophyta,phylum,7707728
Boraginaceae,Magnoliopsida,class,220
Boraginaceae,Boraginales,order,7226464
Boraginaceae,Boraginaceae,family,2498
Ericales,Plantae,kingdom,6
Ericales,Tracheophyta,phylum,7707728
Ericales,Magnoliopsida,class,220
Ericales,Ericales,order,1353
Gentiana,Plantae,kingdom,6
Gentiana,Tracheophyta,phylum,7707728
Gentiana,Magnoliopsida,class,220
Gentiana,Gentianales,order,412
Gentiana,Gentianaceae,family,2503
Gentiana,Gentiana,genus,3170037
Micranthes hieraciifolia,Plantae,kingdom,6
Micranthes hieraciifolia,Tracheophyta,phylum,7707728
Micranthes hieraciifolia,Magnoliopsida,class,220
Micranthes hieraciifolia,Saxifragales,order,7219248
Micranthes hieraciifolia,Saxifragaceae,family,2402
Micranthes hieraciifolia,Micranthes,genus,6447095
Micranthes hieraciifolia,Micranthes hieraciifolia,species,5567671
Pedicularis langsdorffii,Plantae,kingdom,6
Pedicularis langsdorffii,Tracheophyta,phylum,7707728
Pedicularis langsdorffii,Magnoliopsida,class,220
Pedicularis langsdorffii,Lamiales,order,408
Pedicularis langsdorffii,Orobanchaceae,family,6651
Pedicularis langsdorffii,Pedicularis,genus,3171670
Pedicularis langsdorffii,Pedicularis langsdorffii,species,6440507
Pedicularis verticillata,Plantae,kingdom,6
Pedicularis verticillata,Tracheophyta,phylum,7707728
Pedicularis verticillata,Magnoliopsida,class,220
Pedicularis verticillata,Lamiales,order,408
Pedicularis verticillata,Orobanchaceae,family,6651
Pedicularis verticillata,Pedicularis,genus,3171670
Pedicularis verticillata,Pedicularis verticillata,species,3171697
Rubus chamaemorus,Plantae,kingdom,6
Rubus chamaemorus,Tracheophyta,phylum,7707728
Rubus chamaemorus,Magnoliopsida,class,220
Rubus chamaemorus,Rosales,order,691
Rubus chamaemorus,Rosaceae,family,5015
Rubus chamaemorus,Rubus,genus,2988638
Rubus chamaemorus,Rubus chamaemorus,species,2998290
Saxifraga cernua,Plantae,kingdom,6
Saxifraga cernua,Tracheophyta,phylum,7707728
Saxifraga cernua,Magnoliopsida,class,220
Saxifraga cernua,Saxifragales,order,7219248
Saxifraga cernua,Saxifragaceae,family,2402
Saxifraga cernua,Saxifraga,genus,2987833
Saxifraga cernua,Saxifraga cernua,species,3032869
Saxifraga tricuspidata,Plantae,kingdom,6
Saxifraga tricuspidata,Tracheophyta,phylum,7707728
Saxifraga tricuspidata,Magnoliopsida,class,220
Saxifraga tricuspidata,Saxifragales,order,7219248
Saxifraga tricuspidata,Saxifragaceae,family,2402
Saxifraga tricuspidata,Saxifraga,genus,2987833
Saxifraga tricuspidata,Saxifraga tricuspidata,species,3032759
Saxifragaceae undiff.,Plantae,kingdom,6
Saxifragaceae undiff.,Tracheophyta,phylum,7707728
Saxifragaceae undiff.,Magnoliopsida,class,220
Saxifragaceae undiff.,Saxifragales,order,7219248
Saxifragaceae undiff.,Saxifragaceae,family,2402
Valeriana,Plantae,kingdom,6
Valeriana,Tracheophyta,phylum,7707728
Valeriana,Magnoliopsida,class,220
Valeriana,Dipsacales,order,946
Valeriana,Caprifoliaceae,family,6710
Valeriana,Valeriana,genus,2888741
Astragalus,Plantae,kingdom,6
Astragalus,Tracheophyta,phylum,7707728
Astragalus,Magnoliopsida,class,220
Astragalus,Fabales,order,1370
Astragalus,Fabaceae,family,5386
Astragalus,Astragalus,genus,2933951
Bistorta officinalis,Plantae,kingdom,6
Bistorta officinalis,Tracheophyta,phylum,7707728
Bistorta officinalis,Magnoliopsida,class,220
Bistorta officinalis,Caryophyllales,order,422
Bistorta officinalis,Polygonaceae,family,2416
Bistorta officinalis,Bistorta,genus,8148051
Bistorta officinalis,Bistorta officinalis,species,7925535
Dryas,Animalia,kingdom,1
Dryas,Arthropoda,phylum,54
Dryas,Insecta,class,216
Dryas,Lepidoptera,order,797
Dryas,Nymphalidae,family,7017
Dryas,Dryas,genus,1893309
Dryas,Plantae,kingdom,6
Dryas,Tracheophyta,phylum,7707728
Dryas,Magnoliopsida,class,220
Dryas,Rosales,order,691
Dryas,Rosaceae,family,5015
Dryas,Dryas,genus,3000739
Linnaea borealis,Plantae,kingdom,6
Linnaea borealis,Tracheophyta,phylum,7707728
Linnaea borealis,Magnoliopsida,class,220
Linnaea borealis,Dipsacales,order,946
Linnaea borealis,Caprifoliaceae,family,6710
Linnaea borealis,Linnaea,genus,2888574
Linnaea borealis,Linnaea borealis,species,5334220
Oxytropis,Plantae,kingdom,6
Oxytropis,Tracheophyta,phylum,7707728
Oxytropis,Magnoliopsida,class,220
Oxytropis,Fabales,order,1370
Oxytropis,Fabaceae,family,5386
Oxytropis,Oxytropis,genus,2982894
Rubus arcticus,Plantae,kingdom,6
Rubus arcticus,Tracheophyta,phylum,7707728
Rubus arcticus,Magnoliopsida,class,220
Rubus arcticus,Rosales,order,691
Rubus arcticus,Rosaceae,family,5015
Rubus arcticus,Rubus,genus,2988638
Rubus arcticus,Rubus arcticus,species,2992051
Saussurea,Plantae,kingdom,6
Saussurea,Tracheophyta,phylum,7707728
Saussurea,Magnoliopsida,class,220
Saussurea,Asterales,order,414
Saussurea,Asteraceae,family,3065
Saussurea,Saussurea,genus,2752681
Urtica,Plantae,kingdom,6
Urtica,Tracheophyta,phylum,7707728
Urtica,Magnoliopsida,class,220
Urtica,Rosales,order,691
Urtica,Urticaceae,family,6639
Urtica,Urtica,genus,2984391
Eucalyptus,Plantae,kingdom,6
Eucalyptus,Tracheophyta,phylum,7707728
Eucalyptus,Magnoliopsida,class,220
Eucalyptus,Myrtales,order,690
Eucalyptus,Myrtaceae,family,5014
Eucalyptus,Eucalyptus,genus,7493935
Ranunculaceae,Plantae,kingdom,6
Ranunculaceae,Tracheophyta,phylum,7707728
Ranunculaceae,Magnoliopsida,class,220
Ranunculaceae,Ranunculales,order,399
Ranunculaceae,Ranunculaceae,family,2410
Saxifraga oppositifolia,Plantae,kingdom,6
Saxifraga oppositifolia,Tracheophyta,phylum,7707728
Saxifraga oppositifolia,Magnoliopsida,class,220
Saxifraga oppositifolia,Saxifragales,order,7219248
Saxifraga oppositifolia,Saxifragaceae,family,2402
Saxifraga oppositifolia,Saxifraga,genus,2987833
Saxifraga oppositifolia,Saxifraga oppositifolia,species,8353146
Valerianoideae,Plantae,kingdom,6
Valerianoideae,Tracheophyta,phylum,7707728
Valerianoideae,Magnoliopsida,class,220
Valerianoideae,Lamiales,order,408
Valerianoideae,Verbenaceae,family,6689
Valerianoideae,Stachytarpheta,genus,2925448
Asteraceae,Plantae,kingdom,6
Asteraceae,Tracheophyta,phylum,7707728
Asteraceae,Magnoliopsida,class,220
Asteraceae,Asterales,order,414
Asteraceae,Asteraceae,family,3065
Cornaceae,Plantae,kingdom,6
Cornaceae,Tracheophyta,phylum,7707728
Cornaceae,Magnoliopsida,class,220
Cornaceae,Cornales,order,949
Cornaceae,Cornaceae,family,6713
Gentianaceae,Plantae,kingdom,6
Gentianaceae,Tracheophyta,phylum,7707728
Gentianaceae,Magnoliopsida,class,220
Gentianaceae,Gentianales,order,412
Gentianaceae,Gentianaceae,family,2503
Rubiaceae,Plantae,kingdom,6
Rubiaceae,Tracheophyta,phylum,7707728
Rubiaceae,Magnoliopsida,class,220
Rubiaceae,Gentianales,order,412
Rubiaceae,Rubiaceae,family,8798
Sapindaceae,Plantae,kingdom,6
Sapindaceae,Tracheophyta,phylum,7707728
Sapindaceae,Magnoliopsida,class,220
Sapindaceae,Sapindales,order,933
Sapindaceae,Sapindaceae,family,6657
Tsuga heterophylla,Plantae,kingdom,6
Tsuga heterophylla,Tracheophyta,phylum,7707728
Tsuga heterophylla,Pinopsida,class,194
Tsuga heterophylla,Pinales,order,640
Tsuga heterophylla,Pinaceae,family,3925
Tsuga heterophylla,Tsuga,genus,8527396
Tsuga heterophylla,Tsuga heterophylla,species,2687210
Tsuga mertensiana,Plantae,kingdom,6
Tsuga mertensiana,Tracheophyta,phylum,7707728
Tsuga mertensiana,Pinopsida,class,194
Tsuga mertensiana,Pinales,order,640
Tsuga mertensiana,Pinaceae,family,3925
Tsuga mertensiana,Tsuga,genus,8527396
Tsuga mertensiana,Tsuga mertensiana,species,2687201
Alnus viridis subsp. crispa,Plantae,kingdom,6
Alnus viridis subsp. crispa,Tracheophyta,phylum,7707728
Alnus viridis subsp. crispa,Magnoliopsida,class,220
Alnus viridis subsp. crispa,Fagales,order,1354
Alnus viridis subsp. crispa,Betulaceae,family,4688
Alnus viridis subsp. crispa,Alnus,genus,2876099
Alnus viridis subsp. crispa,Alnus alnobetula,species,8956987
Alnus viridis subsp. crispa,Alnus viridis crispa,subspecies,2876281
Betulaceae undiff.,Plantae,kingdom,6
Betulaceae undiff.,Tracheophyta,phylum,7707728
Betulaceae undiff.,Magnoliopsida,class,220
Betulaceae undiff.,Fagales,order,1354
Betulaceae undiff.,Betulaceae,family,4688
Elaeagnaceae undiff.,Plantae,kingdom,6
Elaeagnaceae undiff.,Tracheophyta,phylum,7707728
Elaeagnaceae undiff.,Magnoliopsida,class,220
Elaeagnaceae undiff.,Rosales,order,691
Elaeagnaceae undiff.,Elaeagnaceae,family,2408
Lamium,Plantae,kingdom,6
Lamium,Tracheophyta,phylum,7707728
Lamium,Magnoliopsida,class,220
Lamium,Lamiales,order,408
Lamium,Lamiaceae,family,2497
Lamium,Lamium,genus,2926678
Penstemon,Plantae,kingdom,6
Penstemon,Tracheophyta,phylum,7707728
Penstemon,Magnoliopsida,class,220
Penstemon,Lamiales,order,408
Penstemon,Plantaginaceae,family,2420
Penstemon,Penstemon,genus,3171306
Phlox,Plantae,kingdom,6
Phlox,Tracheophyta,phylum,7707728
Phlox,Magnoliopsida,class,220
Phlox,Ericales,order,1353
Phlox,Polemoniaceae,family,6648
Phlox,Phlox,genus,2927698
Plantaginaceae undiff.,Plantae,kingdom,6
Plantaginaceae undiff.,Tracheophyta,phylum,7707728
Plantaginaceae undiff.,Magnoliopsida,class,220
Plantaginaceae undiff.,Lamiales,order,408
Plantaginaceae undiff.,Plantaginaceae,family,2420
Polygonum,Plantae,kingdom,6
Polygonum,Tracheophyta,phylum,7707728
Polygonum,Magnoliopsida,class,220
Polygonum,Caryophyllales,order,422
Polygonum,Polygonaceae,family,2416
Polygonum,Polygonum,genus,2889077
Populus balsamifera,Plantae,kingdom,6
Populus balsamifera,Tracheophyta,phylum,7707728
Populus balsamifera,Magnoliopsida,class,220
Populus balsamifera,Malpighiales,order,1414
Populus balsamifera,Salicaceae,family,6664
Populus balsamifera,Populus,genus,3040183
Populus balsamifera,Populus balsamifera,species,3040184
Populus tremuloides,Plantae,kingdom,6
Populus tremuloides,Tracheophyta,phylum,7707728
Populus tremuloides,Magnoliopsida,class,220
Populus tremuloides,Malpighiales,order,1414
Populus tremuloides,Salicaceae,family,6664
Populus tremuloides,Populus,genus,3040183
Populus tremuloides,Populus tremuloides,species,3040215
Populus undiff.,Plantae,kingdom,6
Populus undiff.,Tracheophyta,phylum,7707728
Populus undiff.,Magnoliopsida,class,220
Populus undiff.,Malpighiales,order,1414
Populus undiff.,Salicaceae,family,6664
Populus undiff.,Populus,genus,3040183
Caprifoliaceae sensu lato,Plantae,kingdom,6
Caprifoliaceae sensu lato,Tracheophyta,phylum,7707728
Caprifoliaceae sensu lato,Magnoliopsida,class,220
Caprifoliaceae sensu lato,Dipsacales,order,946
Caprifoliaceae sensu lato,Caprifoliaceae,family,6710
Claytonia,Plantae,kingdom,6
Claytonia,Tracheophyta,phylum,7707728
Claytonia,Magnoliopsida,class,220
Claytonia,Caryophyllales,order,422
Claytonia,Montiaceae,family,4898338
Claytonia,Claytonia,genus,3084729
Polemoniaceae undiff.,Plantae,kingdom,6
Polemoniaceae undiff.,Tracheophyta,phylum,7707728
Polemoniaceae undiff.,Magnoliopsida,class,220
Polemoniaceae undiff.,Ericales,order,1353
Polemoniaceae undiff.,Polemoniaceae,family,6648
Diapensia,Plantae,kingdom,6
Diapensia,Tracheophyta,phylum,7707728
Diapensia,Magnoliopsida,class,220
Diapensia,Ericales,order,1353
Diapensia,Diapensiaceae,family,2512
Diapensia,Diapensia,genus,2882384
Empetrum,Plantae,kingdom,6
Empetrum,Tracheophyta,phylum,7707728
Empetrum,Magnoliopsida,class,220
Empetrum,Ericales,order,1353
Empetrum,Ericaceae,family,2505
Empetrum,Empetrum,genus,2888367
Allium,Plantae,kingdom,6
Allium,Tracheophyta,phylum,7707728
Allium,Liliopsida,class,196
Allium,Asparagales,order,1169
Allium,Amaryllidaceae,family,7682
Allium,Allium,genus,9624496
Anemone canadensis-type,Plantae,kingdom,6
Anemone canadensis-type,Tracheophyta,phylum,7707728
Anemone canadensis-type,Magnoliopsida,class,220
Anemone canadensis-type,Ranunculales,order,399
Anemone canadensis-type,Ranunculaceae,family,2410
Anemone canadensis-type,Anemone,genus,3016227
Chamaecrista,Plantae,kingdom,6
Chamaecrista,Tracheophyta,phylum,7707728
Chamaecrista,Magnoliopsida,class,220
Chamaecrista,Fabales,order,1370
Chamaecrista,Fabaceae,family,5386
Chamaecrista,Chamaecrista,genus,2949492
Cornus sericea-type,Plantae,kingdom,6
Cornus sericea-type,Tracheophyta,phylum,7707728
Cornus sericea-type,Magnoliopsida,class,220
Cornus sericea-type,Cornales,order,949
Cornus sericea-type,Cornaceae,family,6713
Cornus sericea-type,Cornus,genus,3082226
Ephedra trifurca-type,Plantae,kingdom,6
Ephedra trifurca-type,Tracheophyta,phylum,7707728
Ephedra trifurca-type,Gnetopsida,class,282
Ephedra trifurca-type,Ephedrales,order,424
Ephedra trifurca-type,Ephedraceae,family,3114
Ephedra trifurca-type,Ephedra,genus,2653237
Humulus,Plantae,kingdom,6
Humulus,Tracheophyta,phylum,7707728
Humulus,Magnoliopsida,class,220
Humulus,Rosales,order,691
Humulus,Cannabaceae,family,2384
Humulus,Humulus,genus,2984534
Hydrophyllum,Plantae,kingdom,6
Hydrophyllum,Tracheophyta,phylum,7707728
Hydrophyllum,Magnoliopsida,class,220
Hydrophyllum,Boraginales,order,7226464
Hydrophyllum,Hydrophyllaceae,family,2387
Hydrophyllum,Hydrophyllum,genus,8906001
Hypoxis,Plantae,kingdom,6
Hypoxis,Tracheophyta,phylum,7707728
Hypoxis,Liliopsida,class,196
Hypoxis,Asparagales,order,1169
Hypoxis,Hypoxidaceae,family,7686
Hypoxis,Hypoxis,genus,2740390
Liliaceae undiff.,Plantae,kingdom,6
Liliaceae undiff.,Tracheophyta,phylum,7707728
Liliaceae undiff.,Liliopsida,class,196
Liliaceae undiff.,Liliales,order,1172
Liliaceae undiff.,Liliaceae,family,7699
Lilium philadelphicum-type,Plantae,kingdom,6
Lilium philadelphicum-type,Tracheophyta,phylum,7707728
Lilium philadelphicum-type,Liliopsida,class,196
Lilium philadelphicum-type,Liliales,order,1172
Lilium philadelphicum-type,Liliaceae,family,7699
Lilium philadelphicum-type,Lilium,genus,2752977
Lysimachia thyrsiflora,Plantae,kingdom,6
Lysimachia thyrsiflora,Tracheophyta,phylum,7707728
Lysimachia thyrsiflora,Magnoliopsida,class,220
Lysimachia thyrsiflora,Ericales,order,1353
Lysimachia thyrsiflora,Primulaceae,family,6674
Lysimachia thyrsiflora,Lysimachia,genus,3169330
Lysimachia thyrsiflora,Lysimachia thyrsiflora,species,3169358
Lythrum,Plantae,kingdom,6
Lythrum,Tracheophyta,phylum,7707728
Lythrum,Magnoliopsida,class,220
Lythrum,Myrtales,order,690
Lythrum,Lythraceae,family,6684
Lythrum,Lythrum,genus,3188731
Parietaria,Plantae,kingdom,6
Parietaria,Tracheophyta,phylum,7707728
Parietaria,Magnoliopsida,class,220
Parietaria,Rosales,order,691
Parietaria,Urticaceae,family,6639
Parietaria,Parietaria,genus,2984308
Pinaceae undiff.,Plantae,kingdom,6
Pinaceae undiff.,Tracheophyta,phylum,7707728
Pinaceae undiff.,Pinopsida,class,194
Pinaceae undiff.,Pinales,order,640
Pinaceae undiff.,Pinaceae,family,3925
Pinus subg. Strobus undiff.,Plantae,kingdom,6
Pinus subg. Strobus undiff.,Tracheophyta,phylum,7707728
Pinus subg. Strobus undiff.,Pinopsida,class,194
Pinus subg. Strobus undiff.,Pinales,order,640
Pinus subg. Strobus undiff.,Pinaceae,family,3925
Pinus subg. Strobus undiff.,Pinus,genus,2684241
Ranunculaceae (tricolpate),Plantae,kingdom,6
Ranunculaceae (tricolpate),Tracheophyta,phylum,7707728
Ranunculaceae (tricolpate),Magnoliopsida,class,220
Ranunculaceae (tricolpate),Ranunculales,order,399
Ranunculaceae (tricolpate),Ranunculaceae,family,2410
Tidestromia,Plantae,kingdom,6
Tidestromia,Tracheophyta,phylum,7707728
Tidestromia,Magnoliopsida,class,220
Tidestromia,Caryophyllales,order,422
Tidestromia,Amaranthaceae,family,3064
Tidestromia,Tidestromia,genus,3085003
Viburnum lentago,Plantae,kingdom,6
Viburnum lentago,Tracheophyta,phylum,7707728
Viburnum lentago,Magnoliopsida,class,220
Viburnum lentago,Dipsacales,order,946
Viburnum lentago,Viburnaceae,family,4924416
Viburnum lentago,Viburnum,genus,2888580
Viburnum lentago,Viburnum lentago,species,2888586
Zea mays,Plantae,kingdom,6
Zea mays,Tracheophyta,phylum,7707728
Zea mays,Liliopsida,class,196
Zea mays,Poales,order,1369
Zea mays,Poaceae,family,3073
Zea mays,Zea,genus,2705049
Zea mays,Zea mays,species,5290052
Zigadenus,Plantae,kingdom,6
Zigadenus,Tracheophyta,phylum,7707728
Zigadenus,Liliopsida,class,196
Zigadenus,Liliales,order,1172
Zigadenus,Melanthiaceae,family,7700
Zigadenus,Zigadenus,genus,2741557
Calluna vulgaris,Plantae,kingdom,6
Calluna vulgaris,Tracheophyta,phylum,7707728
Calluna vulgaris,Magnoliopsida,class,220
Calluna vulgaris,Ericales,order,1353
Calluna vulgaris,Ericaceae,family,2505
Calluna vulgaris,Calluna,genus,2882481
Calluna vulgaris,Calluna vulgaris,species,2882482
Carpinus,Plantae,kingdom,6
Carpinus,Tracheophyta,phylum,7707728
Carpinus,Magnoliopsida,class,220
Carpinus,Fagales,order,1354
Carpinus,Betulaceae,family,4688
Carpinus,Carpinus,genus,2875770
Centaurea cyanus,Plantae,kingdom,6
Centaurea cyanus,Tracheophyta,phylum,7707728
Centaurea cyanus,Magnoliopsida,class,220
Centaurea cyanus,Asterales,order,414
Centaurea cyanus,Asteraceae,family,3065
Centaurea cyanus,Centaurea,genus,3127469
Centaurea cyanus,Centaurea cyanus,species,3089561
Fagopyrum,Plantae,kingdom,6
Fagopyrum,Tracheophyta,phylum,7707728
Fagopyrum,Magnoliopsida,class,220
Fagopyrum,Caryophyllales,order,422
Fagopyrum,Polygonaceae,family,2416
Fagopyrum,Fagopyrum,genus,2889372
Frangula alnus,Plantae,kingdom,6
Frangula alnus,Tracheophyta,phylum,7707728
Frangula alnus,Magnoliopsida,class,220
Frangula alnus,Rosales,order,691
Frangula alnus,Rhamnaceae,family,2407
Frangula alnus,Frangula,genus,3039453
Frangula alnus,Frangula alnus,species,3039454
Hedera,Plantae,kingdom,6
Hedera,Tracheophyta,phylum,7707728
Hedera,Magnoliopsida,class,220
Hedera,Apiales,order,1351
Hedera,Araliaceae,family,8800
Hedera,Hedera,genus,3036021
Hedera,Animalia,kingdom,1
Hedera,Cnidaria,phylum,43
Hedera,Anthozoa,class,206
Hedera,Malacalcyonacea,order,12204028
Hedera,Alcyoniidae,family,3933
Hedera,Hedera,genus,9361949
Plantago lanceolata,Plantae,kingdom,6
Plantago lanceolata,Tracheophyta,phylum,7707728
Plantago lanceolata,Magnoliopsida,class,220
Plantago lanceolata,Lamiales,order,408
Plantago lanceolata,Plantaginaceae,family,2420
Plantago lanceolata,Plantago,genus,3189695
Plantago lanceolata,Plantago lanceolata,species,8208358
Plantago media,Plantae,kingdom,6
Plantago media,Tracheophyta,phylum,7707728
Plantago media,Magnoliopsida,class,220
Plantago media,Lamiales,order,408
Plantago media,Plantaginaceae,family,2420
Plantago media,Plantago,genus,3189695
Plantago media,Plantago media,species,3189747
Viscum,Plantae,kingdom,6
Viscum,Tracheophyta,phylum,7707728
Viscum,Magnoliopsida,class,220
Viscum,Santalales,order,934
Viscum,Viscaceae,family,2399
Viscum,Viscum,genus,2889827
Calluna,Plantae,kingdom,6
Calluna,Tracheophyta,phylum,7707728
Calluna,Magnoliopsida,class,220
Calluna,Ericales,order,1353
Calluna,Ericaceae,family,2505
Calluna,Calluna,genus,2882481
Campanula,Plantae,kingdom,6
Campanula,Tracheophyta,phylum,7707728
Campanula,Magnoliopsida,class,220
Campanula,Asterales,order,414
Campanula,Campanulaceae,family,8801
Campanula,Campanula,genus,3161935
Circaea,Plantae,kingdom,6
Circaea,Tracheophyta,phylum,7707728
Circaea,Magnoliopsida,class,220
Circaea,Myrtales,order,690
Circaea,Onagraceae,family,2430
Circaea,Circaea,genus,3188793
Crataegus,Plantae,kingdom,6
Crataegus,Tracheophyta,phylum,7707728
Crataegus,Magnoliopsida,class,220
Crataegus,Rosales,order,691
Crataegus,Rosaceae,family,5015
Crataegus,Crataegus,genus,3013395
Filipendula,Plantae,kingdom,6
Filipendula,Tracheophyta,phylum,7707728
Filipendula,Magnoliopsida,class,220
Filipendula,Rosales,order,691
Filipendula,Rosaceae,family,5015
Filipendula,Filipendula,genus,2987968
Helianthemum,Plantae,kingdom,6
Helianthemum,Tracheophyta,phylum,7707728
Helianthemum,Magnoliopsida,class,220
Helianthemum,Malvales,order,941
Helianthemum,Cistaceae,family,6635
Helianthemum,Helianthemum,genus,2874068
Lactuca,Plantae,kingdom,6
Lactuca,Tracheophyta,phylum,7707728
Lactuca,Magnoliopsida,class,220
Lactuca,Asterales,order,414
Lactuca,Asteraceae,family,3065
Lactuca,Lactuca,genus,3140231
Lythrum salicaria,Plantae,kingdom,6
Lythrum salicaria,Tracheophyta,phylum,7707728
Lythrum salicaria,Magnoliopsida,class,220
Lythrum salicaria,Myrtales,order,690
Lythrum salicaria,Lythraceae,family,6684
Lythrum salicaria,Lythrum,genus,3188731
Lythrum salicaria,Lythrum salicaria,species,3188736
Melampyrum,Plantae,kingdom,6
Melampyrum,Tracheophyta,phylum,7707728
Melampyrum,Magnoliopsida,class,220
Melampyrum,Lamiales,order,408
Melampyrum,Orobanchaceae,family,6651
Melampyrum,Melampyrum,genus,3171737
Narthecium,Plantae,kingdom,6
Narthecium,Tracheophyta,phylum,7707728
Narthecium,Liliopsida,class,196
Narthecium,Dioscoreales,order,1171
Narthecium,Nartheciaceae,family,3734
Narthecium,Narthecium,genus,2756031
Plantago undiff.,Plantae,kingdom,6
Plantago undiff.,Tracheophyta,phylum,7707728
Plantago undiff.,Magnoliopsida,class,220
Plantago undiff.,Lamiales,order,408
Plantago undiff.,Plantaginaceae,family,2420
Plantago undiff.,Plantago,genus,3189695
Polygala,Plantae,kingdom,6
Polygala,Tracheophyta,phylum,7707728
Polygala,Magnoliopsida,class,220
Polygala,Fabales,order,1370
Polygala,Polygalaceae,family,2417
Polygala,Polygala,genus,3191366
Pulmonaria obscura-type,Plantae,kingdom,6
Pulmonaria obscura-type,Tracheophyta,phylum,7707728
Pulmonaria obscura-type,Magnoliopsida,class,220
Pulmonaria obscura-type,Boraginales,order,7226464
Pulmonaria obscura-type,Boraginaceae,family,2498
Pulmonaria obscura-type,Pulmonaria,genus,2925903
Rhinanthus,Plantae,kingdom,6
Rhinanthus,Tracheophyta,phylum,7707728
Rhinanthus,Magnoliopsida,class,220
Rhinanthus,Lamiales,order,408
Rhinanthus,Orobanchaceae,family,6651
Rhinanthus,Rhinanthus,genus,3172042
Rumex acetosa,Plantae,kingdom,6
Rumex acetosa,Tracheophyta,phylum,7707728
Rumex acetosa,Magnoliopsida,class,220
Rumex acetosa,Caryophyllales,order,422
Rumex acetosa,Polygonaceae,family,2416
Rumex acetosa,Rumex,genus,2888942
Rumex acetosa,Rumex acetosa,species,2888951
Rumex acetosella,Plantae,kingdom,6
Rumex acetosella,Tracheophyta,phylum,7707728
Rumex acetosella,Magnoliopsida,class,220
Rumex acetosella,Caryophyllales,order,422
Rumex acetosella,Polygonaceae,family,2416
Rumex acetosella,Rumex,genus,2888942
Rumex acetosella,Rumex acetosella,species,2888995
Rumex obtusifolius,Plantae,kingdom,6
Rumex obtusifolius,Tracheophyta,phylum,7707728
Rumex obtusifolius,Magnoliopsida,class,220
Rumex obtusifolius,Caryophyllales,order,422
Rumex obtusifolius,Polygonaceae,family,2416
Rumex obtusifolius,Rumex,genus,2888942
Rumex obtusifolius,Rumex obtusifolius,species,2889011
Rumex undiff.,Plantae,kingdom,6
Rumex undiff.,Tracheophyta,phylum,7707728
Rumex undiff.,Magnoliopsida,class,220
Rumex undiff.,Caryophyllales,order,422
Rumex undiff.,Polygonaceae,family,2416
Rumex undiff.,Rumex,genus,2888942
Scabiosa,Plantae,kingdom,6
Scabiosa,Tracheophyta,phylum,7707728
Scabiosa,Magnoliopsida,class,220
Scabiosa,Dipsacales,order,946
Scabiosa,Caprifoliaceae,family,6710
Scabiosa,Scabiosa,genus,2888800
Sorbus,Plantae,kingdom,6
Sorbus,Tracheophyta,phylum,7707728
Sorbus,Magnoliopsida,class,220
Sorbus,Rosales,order,691
Sorbus,Rosaceae,family,5015
Sorbus,Sorbus,genus,3012146
Succisa,Plantae,kingdom,6
Succisa,Tracheophyta,phylum,7707728
Succisa,Magnoliopsida,class,220
Succisa,Dipsacales,order,946
Succisa,Caprifoliaceae,family,6710
Succisa,Succisa,genus,2888810
Ulex,Plantae,kingdom,6
Ulex,Tracheophyta,phylum,7707728
Ulex,Magnoliopsida,class,220
Ulex,Fabales,order,1370
Ulex,Fabaceae,family,5386
Ulex,Ulex,genus,2951953
Armeria,Plantae,kingdom,6
Armeria,Tracheophyta,phylum,7707728
Armeria,Magnoliopsida,class,220
Armeria,Caryophyllales,order,422
Armeria,Plumbaginaceae,family,2419
Armeria,Armeria,genus,3082288
Centaurea,Plantae,kingdom,6
Centaurea,Tracheophyta,phylum,7707728
Centaurea,Magnoliopsida,class,220
Centaurea,Asterales,order,414
Centaurea,Asteraceae,family,3065
Centaurea,Centaurea,genus,3127469
Chenopodiaceae sensu stricto,Plantae,kingdom,6
Chenopodiaceae sensu stricto,Tracheophyta,phylum,7707728
Chenopodiaceae sensu stricto,Magnoliopsida,class,220
Chenopodiaceae sensu stricto,Caryophyllales,order,422
Chenopodiaceae sensu stricto,Amaranthaceae,family,3064
Faboideae,Plantae,kingdom,6
Faboideae,Tracheophyta,phylum,7707728
Faboideae,Magnoliopsida,class,220
Faboideae,Fabales,order,1370
Faboideae,Fabaceae,family,5386
Faboideae,Faboidea,genus,4895647
Gentianella,Plantae,kingdom,6
Gentianella,Tracheophyta,phylum,7707728
Gentianella,Magnoliopsida,class,220
Gentianella,Gentianales,order,412
Gentianella,Gentianaceae,family,2503
Gentianella,Gentianella,genus,3169845
Geraniaceae,Plantae,kingdom,6
Geraniaceae,Tracheophyta,phylum,7707728
Geraniaceae,Magnoliopsida,class,220
Geraniaceae,Geraniales,order,624
Geraniaceae,Geraniaceae,family,4676
Hypericum,Plantae,kingdom,6
Hypericum,Tracheophyta,phylum,7707728
Hypericum,Magnoliopsida,class,220
Hypericum,Malpighiales,order,1414
Hypericum,Hypericaceae,family,4900406
Hypericum,Hypericum,genus,3189452
Plantago maritima,Plantae,kingdom,6
Plantago maritima,Tracheophyta,phylum,7707728
Plantago maritima,Magnoliopsida,class,220
Plantago maritima,Lamiales,order,408
Plantago maritima,Plantaginaceae,family,2420
Plantago maritima,Plantago,genus,3189695
Plantago maritima,Plantago maritima,species,3189755
Prunella,Animalia,kingdom,1
Prunella,Chordata,phylum,44
Prunella,Aves,class,212
Prunella,Passeriformes,order,729
Prunella,Prunellidae,family,5273
Prunella,Prunella,genus,2495070
Prunella,Plantae,kingdom,6
Prunella,Tracheophyta,phylum,7707728
Prunella,Magnoliopsida,class,220
Prunella,Lamiales,order,408
Prunella,Lamiaceae,family,2497
Prunella,Prunella,genus,2926553
Pterocarya,Plantae,kingdom,6
Pterocarya,Tracheophyta,phylum,7707728
Pterocarya,Magnoliopsida,class,220
Pterocarya,Fagales,order,1354
Pterocarya,Juglandaceae,family,2499
Pterocarya,Pterocarya,genus,3054376
Trifolium,Plantae,kingdom,6
Trifolium,Tracheophyta,phylum,7707728
Trifolium,Magnoliopsida,class,220
Trifolium,Fabales,order,1370
Trifolium,Fabaceae,family,5386
Trifolium,Trifolium,genus,2973363
Trifolium,Animalia,kingdom,1
Trifolium,Platyhelminthes,phylum,108
Trifolium,Trematoda,class,345
Trifolium,Plagiorchiida,order,434
Trifolium,Psilostomidae,family,4345426
Trifolium,Trifolium,genus,3268117
Verbenaceae,Plantae,kingdom,6
Verbenaceae,Tracheophyta,phylum,7707728
Verbenaceae,Magnoliopsida,class,220
Verbenaceae,Lamiales,order,408
Verbenaceae,Verbenaceae,family,6689
Betula nana-type,Plantae,kingdom,6
Betula nana-type,Tracheophyta,phylum,7707728
Betula nana-type,Magnoliopsida,class,220
Betula nana-type,Fagales,order,1354
Betula nana-type,Betulaceae,family,4688
Betula nana-type,Betula,genus,2875008
Ericales undiff.,Plantae,kingdom,6
Ericales undiff.,Tracheophyta,phylum,7707728
Ericales undiff.,Magnoliopsida,class,220
Ericales undiff.,Ericales,order,1353
Plantago major/P. media,Plantae,kingdom,6
Plantago major/P. media,Tracheophyta,phylum,7707728
Plantago major/P. media,Magnoliopsida,class,220
Plantago major/P. media,Lamiales,order,408
Plantago major/P. media,Plantaginaceae,family,2420
Plantago major/P. media,Plantago,genus,3189695
Rumex subg. Acetosa,Plantae,kingdom,6
Rumex subg. Acetosa,Tracheophyta,phylum,7707728
Rumex subg. Acetosa,Magnoliopsida,class,220
Rumex subg. Acetosa,Caryophyllales,order,422
Rumex subg. Acetosa,Polygonaceae,family,2416
Rumex subg. Acetosa,Rumex,genus,2888942
Abies alba,Plantae,kingdom,6
Abies alba,Tracheophyta,phylum,7707728
Abies alba,Pinopsida,class,194
Abies alba,Pinales,order,640
Abies alba,Pinaceae,family,3925
Abies alba,Abies,genus,2684876
Abies alba,Abies alba,species,2685484
Bistorta officinalis-type,Plantae,kingdom,6
Bistorta officinalis-type,Tracheophyta,phylum,7707728
Bistorta officinalis-type,Magnoliopsida,class,220
Bistorta officinalis-type,Caryophyllales,order,422
Bistorta officinalis-type,Polygonaceae,family,2416
Bistorta officinalis-type,Bistorta,genus,8148051
Cardamine pratensis-type,Plantae,kingdom,6
Cardamine pratensis-type,Tracheophyta,phylum,7707728
Cardamine pratensis-type,Magnoliopsida,class,220
Cardamine pratensis-type,Brassicales,order,7225535
Cardamine pratensis-type,Brassicaceae,family,3112
Cardamine pratensis-type,Cardamine,genus,3045622
Carpinus betulus,Plantae,kingdom,6
Carpinus betulus,Tracheophyta,phylum,7707728
Carpinus betulus,Magnoliopsida,class,220
Carpinus betulus,Fagales,order,1354
Carpinus betulus,Betulaceae,family,4688
Carpinus betulus,Carpinus,genus,2875770
Carpinus betulus,Carpinus betulus,species,2875818
Centaurea scabiosa,Plantae,kingdom,6
Centaurea scabiosa,Tracheophyta,phylum,7707728
Centaurea scabiosa,Magnoliopsida,class,220
Centaurea scabiosa,Asterales,order,414
Centaurea scabiosa,Asteraceae,family,3065
Centaurea scabiosa,Centaurea,genus,3127469
Centaurea scabiosa,Centaurea scabiosa,species,8087525
Chamaenerion angustifolium,Plantae,kingdom,6
Chamaenerion angustifolium,Tracheophyta,phylum,7707728
Chamaenerion angustifolium,Magnoliopsida,class,220
Chamaenerion angustifolium,Myrtales,order,690
Chamaenerion angustifolium,Onagraceae,family,2430
Chamaenerion angustifolium,Chamaenerion,genus,8406741
Chamaenerion angustifolium,Chamaenerion angustifolium,species,6428353
Chrysosplenium,Plantae,kingdom,6
Chrysosplenium,Tracheophyta,phylum,7707728
Chrysosplenium,Magnoliopsida,class,220
Chrysosplenium,Saxifragales,order,7219248
Chrysosplenium,Saxifragaceae,family,2402
Chrysosplenium,Chrysosplenium,genus,3032632
Corylus avellana,Plantae,kingdom,6
Corylus avellana,Tracheophyta,phylum,7707728
Corylus avellana,Magnoliopsida,class,220
Corylus avellana,Fagales,order,1354
Corylus avellana,Betulaceae,family,4688
Corylus avellana,Corylus,genus,2875967
Corylus avellana,Corylus avellana,species,2875979
Echium,Plantae,kingdom,6
Echium,Tracheophyta,phylum,7707728
Echium,Magnoliopsida,class,220
Echium,Boraginales,order,7226464
Echium,Boraginaceae,family,2498
Echium,Echium,genus,2925888
Ephedra foeminea-type,Plantae,kingdom,6
Ephedra foeminea-type,Tracheophyta,phylum,7707728
Ephedra foeminea-type,Gnetopsida,class,282
Ephedra foeminea-type,Ephedrales,order,424
Ephedra foeminea-type,Ephedraceae,family,3114
Ephedra foeminea-type,Ephedra,genus,2653237
Euonymus,Plantae,kingdom,6
Euonymus,Tracheophyta,phylum,7707728
Euonymus,Magnoliopsida,class,220
Euonymus,Celastrales,order,950
Euonymus,Celastraceae,family,6715
Euonymus,Euonymus,genus,3169115
Fagus sylvatica,Plantae,kingdom,6
Fagus sylvatica,Tracheophyta,phylum,7707728
Fagus sylvatica,Magnoliopsida,class,220
Fagus sylvatica,Fagales,order,1354
Fagus sylvatica,Fagaceae,family,4689
Fagus sylvatica,Fagus,genus,2874875
Fagus sylvatica,Fagus sylvatica,species,2882316
Larix decidua,Plantae,kingdom,6
Larix decidua,Tracheophyta,phylum,7707728
Larix decidua,Pinopsida,class,194
Larix decidua,Pinales,order,640
Larix decidua,Pinaceae,family,3925
Larix decidua,Larix,genus,2686156
Larix decidua,Larix decidua,species,2686212
Lysimachia vulgaris-type,Plantae,kingdom,6
Lysimachia vulgaris-type,Tracheophyta,phylum,7707728
Lysimachia vulgaris-type,Magnoliopsida,class,220
Lysimachia vulgaris-type,Ericales,order,1353
Lysimachia vulgaris-type,Primulaceae,family,6674
Lysimachia vulgaris-type,Lysimachia,genus,3169330
Parnassia palustris,Plantae,kingdom,6
Parnassia palustris,Tracheophyta,phylum,7707728
Parnassia palustris,Magnoliopsida,class,220
Parnassia palustris,Celastrales,order,950
Parnassia palustris,Parnassiaceae,family,3592363
Parnassia palustris,Parnassia,genus,3032572
Parnassia palustris,Parnassia palustris,species,3032585
Persicaria maculosa-type,Plantae,kingdom,6
Persicaria maculosa-type,Tracheophyta,phylum,7707728
Persicaria maculosa-type,Magnoliopsida,class,220
Persicaria maculosa-type,Caryophyllales,order,422
Persicaria maculosa-type,Polygonaceae,family,2416
Persicaria maculosa-type,Persicaria,genus,6390748
Picea abies,Plantae,kingdom,6
Picea abies,Tracheophyta,phylum,7707728
Picea abies,Pinopsida,class,194
Picea abies,Pinales,order,640
Picea abies,Pinaceae,family,3925
Picea abies,Picea,genus,7606064
Picea abies,Picea abies,species,5284884
Pleurospermum,Plantae,kingdom,6
Pleurospermum,Tracheophyta,phylum,7707728
Pleurospermum,Magnoliopsida,class,220
Pleurospermum,Apiales,order,1351
Pleurospermum,Apiaceae,family,6720
Pleurospermum,Pleurospermum,genus,6026568
Poaceae (Cerealia) undiff.,Animalia,kingdom,1
Poaceae (Cerealia) undiff.,Mollusca,phylum,52
Poaceae (Cerealia) undiff.,Cerealis,genus,4617655
Polygonum aviculare,Plantae,kingdom,6
Polygonum aviculare,Tracheophyta,phylum,7707728
Polygonum aviculare,Magnoliopsida,class,220
Polygonum aviculare,Caryophyllales,order,422
Polygonum aviculare,Polygonaceae,family,2416
Polygonum aviculare,Polygonum,genus,2889077
Polygonum aviculare,Polygonum aviculare,species,7821030
Ranunculus arvensis-type,Plantae,kingdom,6
Ranunculus arvensis-type,Tracheophyta,phylum,7707728
Ranunculus arvensis-type,Magnoliopsida,class,220
Ranunculus arvensis-type,Ranunculales,order,399
Ranunculus arvensis-type,Ranunculaceae,family,2410
Ranunculus arvensis-type,Ranunculus,genus,3033294
Rumex acetosa-type,Plantae,kingdom,6
Rumex acetosa-type,Tracheophyta,phylum,7707728
Rumex acetosa-type,Magnoliopsida,class,220
Rumex acetosa-type,Caryophyllales,order,422
Rumex acetosa-type,Polygonaceae,family,2416
Rumex acetosa-type,Rumex,genus,2888942
Sambucus nigra-type,Plantae,kingdom,6
Sambucus nigra-type,Tracheophyta,phylum,7707728
Sambucus nigra-type,Magnoliopsida,class,220
Sambucus nigra-type,Dipsacales,order,946
Sambucus nigra-type,Viburnaceae,family,4924416
Sambucus nigra-type,Sambucus,genus,2888721
Sanguisorba officinalis,Plantae,kingdom,6
Sanguisorba officinalis,Tracheophyta,phylum,7707728
Sanguisorba officinalis,Magnoliopsida,class,220
Sanguisorba officinalis,Rosales,order,691
Sanguisorba officinalis,Rosaceae,family,5015
Sanguisorba officinalis,Sanguisorba,genus,3029383
Sanguisorba officinalis,Sanguisorba officinalis,species,3029627
Trifolium pratense-type,Plantae,kingdom,6
Trifolium pratense-type,Tracheophyta,phylum,7707728
Trifolium pratense-type,Magnoliopsida,class,220
Trifolium pratense-type,Fabales,order,1370
Trifolium pratense-type,Fabaceae,family,5386
Trifolium pratense-type,Trifolium,genus,2973363
Trifolium pratense-type,Animalia,kingdom,1
Trifolium pratense-type,Platyhelminthes,phylum,108
Trifolium pratense-type,Trematoda,class,345
Trifolium pratense-type,Plagiorchiida,order,434
Trifolium pratense-type,Psilostomidae,family,4345426
Trifolium pratense-type,Trifolium,genus,3268117
Viburnum undiff.,Plantae,kingdom,6
Viburnum undiff.,Tracheophyta,phylum,7707728
Viburnum undiff.,Magnoliopsida,class,220
Viburnum undiff.,Dipsacales,order,946
Viburnum undiff.,Viburnaceae,family,4924416
Viburnum undiff.,Viburnum,genus,2888580
Betula nana,Plantae,kingdom,6
Betula nana,Tracheophyta,phylum,7707728
Betula nana,Magnoliopsida,class,220
Betula nana,Fagales,order,1354
Betula nana,Betulaceae,family,4688
Betula nana,Betula,genus,2875008
Betula nana,Betula nana,species,5332004
Dryas octopetala,Plantae,kingdom,6
Dryas octopetala,Tracheophyta,phylum,7707728
Dryas octopetala,Magnoliopsida,class,220
Dryas octopetala,Rosales,order,691
Dryas octopetala,Rosaceae,family,5015
Dryas octopetala,Dryas,genus,3000739
Dryas octopetala,Dryas octopetala,species,4889932
Hippophaë,Plantae,kingdom,6
Hippophaë,Tracheophyta,phylum,7707728
Hippophaë,Magnoliopsida,class,220
Hippophaë,Rosales,order,691
Hippophaë,Elaeagnaceae,family,2408
Hippophaë,Hippophae,genus,3039284
Mercurialis,Plantae,kingdom,6
Mercurialis,Tracheophyta,phylum,7707728
Mercurialis,Magnoliopsida,class,220
Mercurialis,Malpighiales,order,1414
Mercurialis,Euphorbiaceae,family,4691
Mercurialis,Mercurialis,genus,3062956
Portulaca,Plantae,kingdom,6
Portulaca,Tracheophyta,phylum,7707728
Portulaca,Magnoliopsida,class,220
Portulaca,Caryophyllales,order,422
Portulaca,Portulacaceae,family,6717
Portulaca,Portulaca,genus,3084696
Secale,Plantae,kingdom,6
Secale,Tracheophyta,phylum,7707728
Secale,Liliopsida,class,196
Secale,Poales,order,1369
Secale,Poaceae,family,3073
Secale,Secale,genus,2705965
Triticum,Plantae,kingdom,6
Triticum,Tracheophyta,phylum,7707728
Triticum,Liliopsida,class,196
Triticum,Poales,order,1369
Triticum,Poaceae,family,3073
Triticum,Triticum,genus,2706388
Acer platanoides,Plantae,kingdom,6
Acer platanoides,Tracheophyta,phylum,7707728
Acer platanoides,Magnoliopsida,class,220
Acer platanoides,Sapindales,order,933
Acer platanoides,Sapindaceae,family,6657
Acer platanoides,Acer,genus,3189834
Acer platanoides,Acer platanoides,species,3189846
Alnus glutinosa,Plantae,kingdom,6
Alnus glutinosa,Tracheophyta,phylum,7707728
Alnus glutinosa,Magnoliopsida,class,220
Alnus glutinosa,Fagales,order,1354
Alnus glutinosa,Betulaceae,family,4688
Alnus glutinosa,Alnus,genus,2876099
Alnus glutinosa,Alnus glutinosa,species,2876213
Caryophyllaceae undiff.,Plantae,kingdom,6
Caryophyllaceae undiff.,Tracheophyta,phylum,7707728
Caryophyllaceae undiff.,Magnoliopsida,class,220
Caryophyllaceae undiff.,Caryophyllales,order,422
Caryophyllaceae undiff.,Caryophyllaceae,family,2518
Convolvulaceae,Plantae,kingdom,6
Convolvulaceae,Tracheophyta,phylum,7707728
Convolvulaceae,Magnoliopsida,class,220
Convolvulaceae,Solanales,order,1176
Convolvulaceae,Convolvulaceae,family,2389
Echinops,Animalia,kingdom,1
Echinops,Chordata,phylum,44
Echinops,Mammalia,class,359
Echinops,Afrosoricida,order,828
Echinops,Tenrecidae,family,9613
Echinops,Echinops,genus,2432114
Echinops,Plantae,kingdom,6
Echinops,Tracheophyta,phylum,7707728
Echinops,Magnoliopsida,class,220
Echinops,Asterales,order,414
Echinops,Asteraceae,family,3065
Echinops,Echinops,genus,3109550
Fagopyrum esculentum,Plantae,kingdom,6
Fagopyrum esculentum,Tracheophyta,phylum,7707728
Fagopyrum esculentum,Magnoliopsida,class,220
Fagopyrum esculentum,Caryophyllales,order,422
Fagopyrum esculentum,Polygonaceae,family,2416
Fagopyrum esculentum,Fagopyrum,genus,2889372
Fagopyrum esculentum,Fagopyrum esculentum,species,2889373
Fagopyrum tataricum,Plantae,kingdom,6
Fagopyrum tataricum,Tracheophyta,phylum,7707728
Fagopyrum tataricum,Magnoliopsida,class,220
Fagopyrum tataricum,Caryophyllales,order,422
Fagopyrum tataricum,Polygonaceae,family,2416
Fagopyrum tataricum,Fagopyrum,genus,2889372
Fagopyrum tataricum,Fagopyrum tataricum,species,2889378
Fagopyrum undiff.,Plantae,kingdom,6
Fagopyrum undiff.,Tracheophyta,phylum,7707728
Fagopyrum undiff.,Magnoliopsida,class,220
Fagopyrum undiff.,Caryophyllales,order,422
Fagopyrum undiff.,Polygonaceae,family,2416
Fagopyrum undiff.,Fagopyrum,genus,2889372
Hippophaë rhamnoides,Plantae,kingdom,6
Hippophaë rhamnoides,Tracheophyta,phylum,7707728
Hippophaë rhamnoides,Magnoliopsida,class,220
Hippophaë rhamnoides,Rosales,order,691
Hippophaë rhamnoides,Elaeagnaceae,family,2408
Hippophaë rhamnoides,Hippophae,genus,3039284
Hippophaë rhamnoides,Hippophae rhamnoides,species,3039285
Knautia arvensis,Plantae,kingdom,6
Knautia arvensis,Tracheophyta,phylum,7707728
Knautia arvensis,Magnoliopsida,class,220
Knautia arvensis,Dipsacales,order,946
Knautia arvensis,Caprifoliaceae,family,6710
Knautia arvensis,Knautia,genus,2888807
Knautia arvensis,Knautia arvensis,species,2888808
Pinus sylvestris,Plantae,kingdom,6
Pinus sylvestris,Tracheophyta,phylum,7707728
Pinus sylvestris,Pinopsida,class,194
Pinus sylvestris,Pinales,order,640
Pinus sylvestris,Pinaceae,family,3925
Pinus sylvestris,Pinus,genus,2684241
Pinus sylvestris,Pinus sylvestris,species,5285637
Plumbaginaceae,Plantae,kingdom,6
Plumbaginaceae,Tracheophyta,phylum,7707728
Plumbaginaceae,Magnoliopsida,class,220
Plumbaginaceae,Caryophyllales,order,422
Plumbaginaceae,Plumbaginaceae,family,2419
Thalictrum aquilegiifolium,Plantae,kingdom,6
Thalictrum aquilegiifolium,Tracheophyta,phylum,7707728
Thalictrum aquilegiifolium,Magnoliopsida,class,220
Thalictrum aquilegiifolium,Ranunculales,order,399
Thalictrum aquilegiifolium,Ranunculaceae,family,2410
Thalictrum aquilegiifolium,Thalictrum,genus,3033112
Thalictrum aquilegiifolium,Thalictrum aquilegiifolium,species,6376340
Thalictrum lucidum,Plantae,kingdom,6
Thalictrum lucidum,Tracheophyta,phylum,7707728
Thalictrum lucidum,Magnoliopsida,class,220
Thalictrum lucidum,Ranunculales,order,399
Thalictrum lucidum,Ranunculaceae,family,2410
Thalictrum lucidum,Thalictrum,genus,3033112
Thalictrum lucidum,Thalictrum lucidum,species,7277720
Thalictrum undiff.,Plantae,kingdom,6
Thalictrum undiff.,Tracheophyta,phylum,7707728
Thalictrum undiff.,Magnoliopsida,class,220
Thalictrum undiff.,Ranunculales,order,399
Thalictrum undiff.,Ranunculaceae,family,2410
Thalictrum undiff.,Thalictrum,genus,3033112
Ulmus glabra,Plantae,kingdom,6
Ulmus glabra,Tracheophyta,phylum,7707728
Ulmus glabra,Magnoliopsida,class,220
Ulmus glabra,Rosales,order,691
Ulmus glabra,Ulmaceae,family,2382
Ulmus glabra,Ulmus,genus,2984510
Ulmus glabra,Ulmus glabra,species,5361866
Ulmus laevis,Plantae,kingdom,6
Ulmus laevis,Tracheophyta,phylum,7707728
Ulmus laevis,Magnoliopsida,class,220
Ulmus laevis,Rosales,order,691
Ulmus laevis,Ulmaceae,family,2382
Ulmus laevis,Ulmus,genus,2984510
Ulmus laevis,Ulmus laevis,species,7303616
Ulmus minor,Plantae,kingdom,6
Ulmus minor,Tracheophyta,phylum,7707728
Ulmus minor,Magnoliopsida,class,220
Ulmus minor,Rosales,order,691
Ulmus minor,Ulmaceae,family,2382
Ulmus minor,Ulmus,genus,2984510
Ulmus minor,Ulmus minor,species,5361865
Vitis vinifera,Plantae,kingdom,6
Vitis vinifera,Tracheophyta,phylum,7707728
Vitis vinifera,Magnoliopsida,class,220
Vitis vinifera,Vitales,order,7222050
Vitis vinifera,Vitaceae,family,6672
Vitis vinifera,Vitis,genus,7467468
Vitis vinifera,Vitis vinifera,species,5372392
Anemone,Plantae,kingdom,6
Anemone,Tracheophyta,phylum,7707728
Anemone,Magnoliopsida,class,220
Anemone,Ranunculales,order,399
Anemone,Ranunculaceae,family,2410
Anemone,Anemone,genus,3016227
Arctium,Plantae,kingdom,6
Arctium,Tracheophyta,phylum,7707728
Arctium,Magnoliopsida,class,220
Arctium,Asterales,order,414
Arctium,Asteraceae,family,3065
Arctium,Arctium,genus,8106066
Hypericaceae,Plantae,kingdom,6
Hypericaceae,Tracheophyta,phylum,7707728
Hypericaceae,Magnoliopsida,class,220
Hypericaceae,Malpighiales,order,1414
Hypericaceae,Hypericaceae,family,4900406
Matricaria,Plantae,kingdom,6
Matricaria,Tracheophyta,phylum,7707728
Matricaria,Magnoliopsida,class,220
Matricaria,Asterales,order,414
Matricaria,Asteraceae,family,3065
Matricaria,Matricaria,genus,3103757
Tilia platyphyllos,Plantae,kingdom,6
Tilia platyphyllos,Tracheophyta,phylum,7707728
Tilia platyphyllos,Magnoliopsida,class,220
Tilia platyphyllos,Malvales,order,941
Tilia platyphyllos,Malvaceae,family,6685
Tilia platyphyllos,Tilia,genus,3152041
Tilia platyphyllos,Tilia platyphyllos,species,3152048
Koenigia,Plantae,kingdom,6
Koenigia,Tracheophyta,phylum,7707728
Koenigia,Magnoliopsida,class,220
Koenigia,Caryophyllales,order,422
Koenigia,Polygonaceae,family,2416
Koenigia,Koenigia,genus,2889050
Medicago,Plantae,kingdom,6
Medicago,Tracheophyta,phylum,7707728
Medicago,Magnoliopsida,class,220
Medicago,Fabales,order,1370
Medicago,Fabaceae,family,5386
Medicago,Medicago,genus,2965200
Tilia cordata,Plantae,kingdom,6
Tilia cordata,Tracheophyta,phylum,7707728
Tilia cordata,Magnoliopsida,class,220
Tilia cordata,Malvales,order,941
Tilia cordata,Malvaceae,family,6685
Tilia cordata,Tilia,genus,3152041
Tilia cordata,Tilia cordata,species,3152047
Arbutus unedo,Plantae,kingdom,6
Arbutus unedo,Tracheophyta,phylum,7707728
Arbutus unedo,Magnoliopsida,class,220
Arbutus unedo,Ericales,order,1353
Arbutus unedo,Ericaceae,family,2505
Arbutus unedo,Arbutus,genus,2882796
Arbutus unedo,Arbutus unedo,species,2882803
Armeria maritima (type A),Plantae,kingdom,6
Armeria maritima (type A),Tracheophyta,phylum,7707728
Armeria maritima (type A),Magnoliopsida,class,220
Armeria maritima (type A),Caryophyllales,order,422
Armeria maritima (type A),Plumbaginaceae,family,2419
Armeria maritima (type A),Armeria,genus,3082288
Armeria maritima (type A),Armeria maritima,species,8930531
Empetrum nigrum,Plantae,kingdom,6
Empetrum nigrum,Tracheophyta,phylum,7707728
Empetrum nigrum,Magnoliopsida,class,220
Empetrum nigrum,Ericales,order,1353
Empetrum nigrum,Ericaceae,family,2505
Empetrum nigrum,Empetrum,genus,2888367
Empetrum nigrum,Empetrum nigrum,species,8925249
Erica tetralix,Plantae,kingdom,6
Erica tetralix,Tracheophyta,phylum,7707728
Erica tetralix,Magnoliopsida,class,220
Erica tetralix,Ericales,order,1353
Erica tetralix,Ericaceae,family,2505
Erica tetralix,Erica,genus,2882780
Erica tetralix,Erica tetralix,species,5333412
Fraxinus excelsior,Plantae,kingdom,6
Fraxinus excelsior,Tracheophyta,phylum,7707728
Fraxinus excelsior,Magnoliopsida,class,220
Fraxinus excelsior,Lamiales,order,408
Fraxinus excelsior,Oleaceae,family,6652
Fraxinus excelsior,Fraxinus,genus,3172323
Fraxinus excelsior,Fraxinus excelsior,species,3172358
Hedera helix,Plantae,kingdom,6
Hedera helix,Tracheophyta,phylum,7707728
Hedera helix,Magnoliopsida,class,220
Hedera helix,Apiales,order,1351
Hedera helix,Araliaceae,family,8800
Hedera helix,Hedera,genus,3036021
Hedera helix,Hedera helix,species,8351737
Ilex aquifolium,Plantae,kingdom,6
Ilex aquifolium,Tracheophyta,phylum,7707728
Ilex aquifolium,Magnoliopsida,class,220
Ilex aquifolium,Aquifoliales,order,7226638
Ilex aquifolium,Aquifoliaceae,family,6716
Ilex aquifolium,Ilex,genus,10792217
Ilex aquifolium,Ilex aquifolium,species,5414222
Juglans regia,Plantae,kingdom,6
Juglans regia,Tracheophyta,phylum,7707728
Juglans regia,Magnoliopsida,class,220
Juglans regia,Fagales,order,1354
Juglans regia,Juglandaceae,family,2499
Juglans regia,Juglans,genus,3054350
Juglans regia,Juglans regia,species,3054368
Lonicera periclymenum,Plantae,kingdom,6
Lonicera periclymenum,Tracheophyta,phylum,7707728
Lonicera periclymenum,Magnoliopsida,class,220
Lonicera periclymenum,Dipsacales,order,946
Lonicera periclymenum,Caprifoliaceae,family,6710
Lonicera periclymenum,Lonicera,genus,2888645
Lonicera periclymenum,Lonicera periclymenum,species,5334277
Narthecium ossifragum,Plantae,kingdom,6
Narthecium ossifragum,Tracheophyta,phylum,7707728
Narthecium ossifragum,Liliopsida,class,196
Narthecium ossifragum,Dioscoreales,order,1171
Narthecium ossifragum,Nartheciaceae,family,3734
Narthecium ossifragum,Narthecium,genus,2756031
Narthecium ossifragum,Narthecium ossifragum,species,5602614
Plantago coronopus,Plantae,kingdom,6
Plantago coronopus,Tracheophyta,phylum,7707728
Plantago coronopus,Magnoliopsida,class,220
Plantago coronopus,Lamiales,order,408
Plantago coronopus,Plantaginaceae,family,2420
Plantago coronopus,Plantago,genus,3189695
Plantago coronopus,Plantago coronopus,species,3189739
Plantago lanceolata-type,Plantae,kingdom,6
Plantago lanceolata-type,Tracheophyta,phylum,7707728
Plantago lanceolata-type,Magnoliopsida,class,220
Plantago lanceolata-type,Lamiales,order,408
Plantago lanceolata-type,Plantaginaceae,family,2420
Plantago lanceolata-type,Plantago,genus,3189695
Plantago uniflora,Plantae,kingdom,6
Plantago uniflora,Tracheophyta,phylum,7707728
Plantago uniflora,Magnoliopsida,class,220
Plantago uniflora,Lamiales,order,408
Plantago uniflora,Plantaginaceae,family,2420
Plantago uniflora,Plantago,genus,3189695
Plantago uniflora,Plantago uniglumis,species,7303065
Plantago uniflora,Plantae,kingdom,6
Plantago uniflora,Tracheophyta,phylum,7707728
Plantago uniflora,Magnoliopsida,class,220
Plantago uniflora,Lamiales,order,408
Plantago uniflora,Plantaginaceae,family,2420
Plantago uniflora,Plantago,genus,3189695
Plantago uniflora,Plantago unibracteata,species,4155890
Plantago uniflora,Plantae,kingdom,6
Plantago uniflora,Tracheophyta,phylum,7707728
Plantago uniflora,Magnoliopsida,class,220
Plantago uniflora,Lamiales,order,408
Plantago uniflora,Plantaginaceae,family,2420
Plantago uniflora,Littorella,genus,3189795
Plantago uniflora,Littorella uniflora,species,5421111
Potentilla undiff.,Plantae,kingdom,6
Potentilla undiff.,Tracheophyta,phylum,7707728
Potentilla undiff.,Magnoliopsida,class,220
Potentilla undiff.,Rosales,order,691
Potentilla undiff.,Rosaceae,family,5015
Potentilla undiff.,Potentilla,genus,8079058
Saxifraga,Plantae,kingdom,6
Saxifraga,Tracheophyta,phylum,7707728
Saxifraga,Magnoliopsida,class,220
Saxifraga,Saxifragales,order,7219248
Saxifraga,Saxifragaceae,family,2402
Saxifraga,Saxifraga,genus,2987833
Sedum,Plantae,kingdom,6
Sedum,Tracheophyta,phylum,7707728
Sedum,Magnoliopsida,class,220
Sedum,Saxifragales,order,7219248
Sedum,Crassulaceae,family,2406
Sedum,Sedum,genus,5361975
Taxus baccata,Plantae,kingdom,6
Taxus baccata,Tracheophyta,phylum,7707728
Taxus baccata,Pinopsida,class,194
Taxus baccata,Pinales,order,640
Taxus baccata,Taxaceae,family,4863
Taxus baccata,Taxus,genus,2684902
Taxus baccata,Taxus baccata,species,5284517
Teucrium,Plantae,kingdom,6
Teucrium,Tracheophyta,phylum,7707728
Teucrium,Magnoliopsida,class,220
Teucrium,Lamiales,order,408
Teucrium,Lamiaceae,family,2497
Teucrium,Teucrium,genus,2926895
Urtica dioica,Plantae,kingdom,6
Urtica dioica,Tracheophyta,phylum,7707728
Urtica dioica,Magnoliopsida,class,220
Urtica dioica,Rosales,order,691
Urtica dioica,Urticaceae,family,6639
Urtica dioica,Urtica,genus,2984391
Urtica dioica,Urtica dioica,species,7960979
Vaccinium,Plantae,kingdom,6
Vaccinium,Tracheophyta,phylum,7707728
Vaccinium,Magnoliopsida,class,220
Vaccinium,Ericales,order,1353
Vaccinium,Ericaceae,family,2505
Vaccinium,Vaccinium,genus,2882813
Vicia,Plantae,kingdom,6
Vicia,Tracheophyta,phylum,7707728
Vicia,Magnoliopsida,class,220
Vicia,Fabales,order,1370
Vicia,Fabaceae,family,5386
Vicia,Vicia,genus,2974751
Ranunculus lingua,Plantae,kingdom,6
Ranunculus lingua,Tracheophyta,phylum,7707728
Ranunculus lingua,Magnoliopsida,class,220
Ranunculus lingua,Ranunculales,order,399
Ranunculus lingua,Ranunculaceae,family,2410
Ranunculus lingua,Ranunculus,genus,3033294
Ranunculus lingua,Ranunculus lingua,species,8310009
Buxus,Plantae,kingdom,6
Buxus,Tracheophyta,phylum,7707728
Buxus,Magnoliopsida,class,220
Buxus,Buxales,order,5939628
Buxus,Buxaceae,family,6703
Buxus,Buxus,genus,2984666
Cannabis,Plantae,kingdom,6
Cannabis,Tracheophyta,phylum,7707728
Cannabis,Magnoliopsida,class,220
Cannabis,Rosales,order,691
Cannabis,Cannabaceae,family,2384
Cannabis,Cannabis,genus,2984538
Ligustrum,Plantae,kingdom,6
Ligustrum,Tracheophyta,phylum,7707728
Ligustrum,Magnoliopsida,class,220
Ligustrum,Lamiales,order,408
Ligustrum,Oleaceae,family,6652
Ligustrum,Ligustrum,genus,3172289
Polygonum oxyspermum subsp. raii,Plantae,kingdom,6
Polygonum oxyspermum subsp. raii,Tracheophyta,phylum,7707728
Polygonum oxyspermum subsp. raii,Magnoliopsida,class,220
Polygonum oxyspermum subsp. raii,Caryophyllales,order,422
Polygonum oxyspermum subsp. raii,Polygonaceae,family,2416
Polygonum oxyspermum subsp. raii,Polygonum,genus,2889077
Polygonum oxyspermum subsp. raii,Polygonum raii,species,5334423
Polygonum oxyspermum subsp. raii,Polygonum oxyspermum raii,subspecies,5334424
Ranunculus acris,Plantae,kingdom,6
Ranunculus acris,Tracheophyta,phylum,7707728
Ranunculus acris,Magnoliopsida,class,220
Ranunculus acris,Ranunculales,order,399
Ranunculus acris,Ranunculaceae,family,2410
Ranunculus acris,Ranunculus,genus,3033294
Ranunculus acris,Ranunculus acris,species,3033363
Stachys,Plantae,kingdom,6
Stachys,Tracheophyta,phylum,7707728
Stachys,Magnoliopsida,class,220
Stachys,Lamiales,order,408
Stachys,Lamiaceae,family,2497
Stachys,Stachys,genus,2927228
Valerianella,Plantae,kingdom,6
Valerianella,Tracheophyta,phylum,7707728
Valerianella,Magnoliopsida,class,220
Valerianella,Dipsacales,order,946
Valerianella,Caprifoliaceae,family,6710
Valerianella,Valerianella,genus,2888767
Anchusa,Plantae,kingdom,6
Anchusa,Tracheophyta,phylum,7707728
Anchusa,Magnoliopsida,class,220
Anchusa,Boraginales,order,7226464
Anchusa,Boraginaceae,family,2498
Anchusa,Anchusa,genus,5341194
Daphne,Plantae,kingdom,6
Daphne,Tracheophyta,phylum,7707728
Daphne,Magnoliopsida,class,220
Daphne,Malvales,order,941
Daphne,Thymelaeaceae,family,2428
Daphne,Daphne,genus,3188453
Frangula,Plantae,kingdom,6
Frangula,Tracheophyta,phylum,7707728
Frangula,Magnoliopsida,class,220
Frangula,Rosales,order,691
Frangula,Rhamnaceae,family,2407
Frangula,Frangula,genus,3039453
Geranium,Plantae,kingdom,6
Geranium,Tracheophyta,phylum,7707728
Geranium,Magnoliopsida,class,220
Geranium,Geraniales,order,624
Geranium,Geraniaceae,family,4676
Geranium,Geranium,genus,2889949
Linum catharticum,Plantae,kingdom,6
Linum catharticum,Tracheophyta,phylum,7707728
Linum catharticum,Magnoliopsida,class,220
Linum catharticum,Malpighiales,order,1414
Linum catharticum,Linaceae,family,2493
Linum catharticum,Linum,genus,2873855
Linum catharticum,Linum catharticum,species,2873865
Olea,Animalia,kingdom,1
Olea,Mollusca,phylum,52
Olea,Gastropoda,class,225
Olea,Limapontiidae,family,2633
Olea,Olea,genus,2298946
Olea,Plantae,kingdom,6
Olea,Tracheophyta,phylum,7707728
Olea,Magnoliopsida,class,220
Olea,Lamiales,order,408
Olea,Oleaceae,family,6652
Olea,Olea,genus,3172244
Papaver,Plantae,kingdom,6
Papaver,Tracheophyta,phylum,7707728
Papaver,Magnoliopsida,class,220
Papaver,Ranunculales,order,399
Papaver,Papaveraceae,family,2422
Papaver,Papaver,genus,2888431
Phillyrea,Plantae,kingdom,6
Phillyrea,Tracheophyta,phylum,7707728
Phillyrea,Magnoliopsida,class,220
Phillyrea,Lamiales,order,408
Phillyrea,Oleaceae,family,6652
Phillyrea,Phillyrea,genus,7325888
Pistacia,Plantae,kingdom,6
Pistacia,Tracheophyta,phylum,7707728
Pistacia,Magnoliopsida,class,220
Pistacia,Sapindales,order,933
Pistacia,Anacardiaceae,family,2398
Pistacia,Pistacia,genus,3190459
Quercus ilex,Plantae,kingdom,6
Quercus ilex,Tracheophyta,phylum,7707728
Quercus ilex,Magnoliopsida,class,220
Quercus ilex,Fagales,order,1354
Quercus ilex,Fagaceae,family,4689
Quercus ilex,Quercus,genus,2877951
Quercus ilex,Quercus ilex,species,2879098
Adonis aestivalis,Plantae,kingdom,6
Adonis aestivalis,Tracheophyta,phylum,7707728
Adonis aestivalis,Magnoliopsida,class,220
Adonis aestivalis,Ranunculales,order,399
Adonis aestivalis,Ranunculaceae,family,2410
Adonis aestivalis,Adonis,genus,3033821
Adonis aestivalis,Adonis aestivalis,species,5371707
Anagallis,Plantae,kingdom,6
Anagallis,Tracheophyta,phylum,7707728
Anagallis,Magnoliopsida,class,220
Anagallis,Ericales,order,1353
Anagallis,Primulaceae,family,6674
Anagallis,Lysimachia,genus,3169330
Anarrhinum,Plantae,kingdom,6
Anarrhinum,Tracheophyta,phylum,7707728
Anarrhinum,Magnoliopsida,class,220
Anarrhinum,Lamiales,order,408
Anarrhinum,Plantaginaceae,family,2420
Anarrhinum,Anarrhinum,genus,7333412
Anthemis,Plantae,kingdom,6
Anthemis,Tracheophyta,phylum,7707728
Anthemis,Magnoliopsida,class,220
Anthemis,Asterales,order,414
Anthemis,Asteraceae,family,3065
Anthemis,Anthemis,genus,3122476
Aster,Plantae,kingdom,6
Aster,Tracheophyta,phylum,7707728
Aster,Magnoliopsida,class,220
Aster,Asterales,order,414
Aster,Asteraceae,family,3065
Aster,Aster,genus,3093921
Centranthus,Plantae,kingdom,6
Centranthus,Tracheophyta,phylum,7707728
Centranthus,Magnoliopsida,class,220
Centranthus,Dipsacales,order,946
Centranthus,Caprifoliaceae,family,6710
Centranthus,Centranthus,genus,8069836
Erica arborea,Plantae,kingdom,6
Erica arborea,Tracheophyta,phylum,7707728
Erica arborea,Magnoliopsida,class,220
Erica arborea,Ericales,order,1353
Erica arborea,Ericaceae,family,2505
Erica arborea,Erica,genus,2882780
Erica arborea,Erica arborea,species,5333410
Erica australis,Plantae,kingdom,6
Erica australis,Tracheophyta,phylum,7707728
Erica australis,Magnoliopsida,class,220
Erica australis,Ericales,order,1353
Erica australis,Ericaceae,family,2505
Erica australis,Erica,genus,2882780
Erica australis,Erica australis,species,5682851
Erica umbellata,Plantae,kingdom,6
Erica umbellata,Tracheophyta,phylum,7707728
Erica umbellata,Magnoliopsida,class,220
Erica umbellata,Ericales,order,1353
Erica umbellata,Ericaceae,family,2505
Erica umbellata,Erica,genus,2882780
Erica umbellata,Erica umbellata,species,7531424
Fumana,Plantae,kingdom,6
Fumana,Tracheophyta,phylum,7707728
Fumana,Magnoliopsida,class,220
Fumana,Malvales,order,941
Fumana,Cistaceae,family,6635
Fumana,Fumana,genus,7331269
Herniaria,Plantae,kingdom,6
Herniaria,Tracheophyta,phylum,7707728
Herniaria,Magnoliopsida,class,220
Herniaria,Caryophyllales,order,422
Herniaria,Caryophyllaceae,family,2518
Herniaria,Herniaria,genus,3085796
Lithospermum,Plantae,kingdom,6
Lithospermum,Tracheophyta,phylum,7707728
Lithospermum,Magnoliopsida,class,220
Lithospermum,Boraginales,order,7226464
Lithospermum,Boraginaceae,family,2498
Lithospermum,Lithospermum,genus,2926071
Lotus,Plantae,kingdom,6
Lotus,Tracheophyta,phylum,7707728
Lotus,Magnoliopsida,class,220
Lotus,Fabales,order,1370
Lotus,Fabaceae,family,5386
Lotus,Lotus,genus,10220564
Mentha,Plantae,kingdom,6
Mentha,Tracheophyta,phylum,7707728
Mentha,Magnoliopsida,class,220
Mentha,Lamiales,order,408
Mentha,Lamiaceae,family,2497
Mentha,Mentha,genus,2927173
Onobrychis,Plantae,kingdom,6
Onobrychis,Tracheophyta,phylum,7707728
Onobrychis,Magnoliopsida,class,220
Onobrychis,Fabales,order,1370
Onobrychis,Fabaceae,family,5386
Onobrychis,Onobrychis,genus,2972544
Paronychia,Plantae,kingdom,6
Paronychia,Tracheophyta,phylum,7707728
Paronychia,Magnoliopsida,class,220
Paronychia,Caryophyllales,order,422
Paronychia,Caryophyllaceae,family,2518
Paronychia,Paronychia,genus,8020237
Serratula,Animalia,kingdom,1
Serratula,Annelida,phylum,42
Serratula,Polychaeta,class,256
Serratula,Serratula,genus,2319143
Serratula,Plantae,kingdom,6
Serratula,Tracheophyta,phylum,7707728
Serratula,Magnoliopsida,class,220
Serratula,Asterales,order,414
Serratula,Asteraceae,family,3065
Serratula,Serratula,genus,3097718
Sinapis,Plantae,kingdom,6
Sinapis,Tracheophyta,phylum,7707728
Sinapis,Magnoliopsida,class,220
Sinapis,Brassicales,order,7225535
Sinapis,Brassicaceae,family,3112
Sinapis,Sinapis,genus,3047584
Trollius,Plantae,kingdom,6
Trollius,Tracheophyta,phylum,7707728
Trollius,Magnoliopsida,class,220
Trollius,Ranunculales,order,399
Trollius,Ranunculaceae,family,2410
Trollius,Trollius,genus,3033288
Cannabis sativa,Plantae,kingdom,6
Cannabis sativa,Tracheophyta,phylum,7707728
Cannabis sativa,Magnoliopsida,class,220
Cannabis sativa,Rosales,order,691
Cannabis sativa,Cannabaceae,family,2384
Cannabis sativa,Cannabis,genus,2984538
Cannabis sativa,Cannabis sativa,species,5361880
Cornus sanguinea,Plantae,kingdom,6
Cornus sanguinea,Tracheophyta,phylum,7707728
Cornus sanguinea,Magnoliopsida,class,220
Cornus sanguinea,Cornales,order,949
Cornus sanguinea,Cornaceae,family,6713
Cornus sanguinea,Cornus,genus,3082226
Cornus sanguinea,Cornus sanguinea,species,3082234
Ericaceae undiff.,Plantae,kingdom,6
Ericaceae undiff.,Tracheophyta,phylum,7707728
Ericaceae undiff.,Magnoliopsida,class,220
Ericaceae undiff.,Ericales,order,1353
Ericaceae undiff.,Ericaceae,family,2505
Iris,Animalia,kingdom,1
Iris,Arthropoda,phylum,54
Iris,Insecta,class,216
Iris,Mantodea,order,788
Iris,Eremiaphilidae,family,9382
Iris,Iris,genus,1404282
Iris,Plantae,kingdom,6
Iris,Tracheophyta,phylum,7707728
Iris,Liliopsida,class,196
Iris,Asparagales,order,1169
Iris,Iridaceae,family,7698
Iris,Iris,genus,2748017
Lathyrus,Plantae,kingdom,6
Lathyrus,Tracheophyta,phylum,7707728
Lathyrus,Magnoliopsida,class,220
Lathyrus,Fabales,order,1370
Lathyrus,Fabaceae,family,5386
Lathyrus,Lathyrus,genus,10356062
Linum,Plantae,kingdom,6
Linum,Tracheophyta,phylum,7707728
Linum,Magnoliopsida,class,220
Linum,Malpighiales,order,1414
Linum,Linaceae,family,2493
Linum,Linum,genus,2873855
Malva,Plantae,kingdom,6
Malva,Tracheophyta,phylum,7707728
Malva,Magnoliopsida,class,220
Malva,Malvales,order,941
Malva,Malvaceae,family,6685
Malva,Malva,genus,3152364
Polygonaceae,Plantae,kingdom,6
Polygonaceae,Tracheophyta,phylum,7707728
Polygonaceae,Magnoliopsida,class,220
Polygonaceae,Caryophyllales,order,422
Polygonaceae,Polygonaceae,family,2416
Rhamnus cathartica,Plantae,kingdom,6
Rhamnus cathartica,Tracheophyta,phylum,7707728
Rhamnus cathartica,Magnoliopsida,class,220
Rhamnus cathartica,Rosales,order,691
Rhamnus cathartica,Rhamnaceae,family,2407
Rhamnus cathartica,Rhamnus,genus,3039471
Rhamnus cathartica,Rhamnus cathartica,species,3039491
Sambucus nigra,Plantae,kingdom,6
Sambucus nigra,Tracheophyta,phylum,7707728
Sambucus nigra,Magnoliopsida,class,220
Sambucus nigra,Dipsacales,order,946
Sambucus nigra,Viburnaceae,family,4924416
Sambucus nigra,Sambucus,genus,2888721
Sambucus nigra,Sambucus nigra,species,2888728
Secale cereale,Plantae,kingdom,6
Secale cereale,Tracheophyta,phylum,7707728
Secale cereale,Liliopsida,class,196
Secale cereale,Poales,order,1369
Secale cereale,Poaceae,family,3073
Secale cereale,Secale,genus,2705965
Secale cereale,Secale cereale,species,2705966
Viola,Animalia,kingdom,1
Viola,Arthropoda,phylum,54
Viola,Insecta,class,216
Viola,Lepidoptera,order,797
Viola,Hesperiidae,family,6953
Viola,Viola,genus,1944973
Viola,Plantae,kingdom,6
Viola,Tracheophyta,phylum,7707728
Viola,Magnoliopsida,class,220
Viola,Malpighiales,order,1414
Viola,Violaceae,family,6631
Viola,Viola,genus,2874237
Aesculus,Plantae,kingdom,6
Aesculus,Tracheophyta,phylum,7707728
Aesculus,Magnoliopsida,class,220
Aesculus,Sapindales,order,933
Aesculus,Sapindaceae,family,6657
Aesculus,Aesculus,genus,3189801
Avena,Plantae,kingdom,6
Avena,Tracheophyta,phylum,7707728
Avena,Liliopsida,class,196
Avena,Poales,order,1369
Avena,Poaceae,family,3073
Avena,Avena,genus,2705282
Eryngium,Plantae,kingdom,6
Eryngium,Tracheophyta,phylum,7707728
Eryngium,Magnoliopsida,class,220
Eryngium,Apiales,order,1351
Eryngium,Apiaceae,family,6720
Eryngium,Eryngium,genus,3034387
Helleborus,Plantae,kingdom,6
Helleborus,Tracheophyta,phylum,7707728
Helleborus,Magnoliopsida,class,220
Helleborus,Ranunculales,order,399
Helleborus,Ranunculaceae,family,2410
Helleborus,Helleborus,genus,2741682
Heracleum sphondylium,Plantae,kingdom,6
Heracleum sphondylium,Tracheophyta,phylum,7707728
Heracleum sphondylium,Magnoliopsida,class,220
Heracleum sphondylium,Apiales,order,1351
Heracleum sphondylium,Apiaceae,family,6720
Heracleum sphondylium,Heracleum,genus,3034824
Heracleum sphondylium,Heracleum sphondylium,species,3034830
Hordeum,Plantae,kingdom,6
Hordeum,Tracheophyta,phylum,7707728
Hordeum,Liliopsida,class,196
Hordeum,Poales,order,1369
Hordeum,Poaceae,family,3073
Hordeum,Hordeum,genus,2706050
Jasione,Plantae,kingdom,6
Jasione,Tracheophyta,phylum,7707728
Jasione,Magnoliopsida,class,220
Jasione,Asterales,order,414
Jasione,Campanulaceae,family,8801
Jasione,Jasione,genus,3165617
Lobelia,Plantae,kingdom,6
Lobelia,Tracheophyta,phylum,7707728
Lobelia,Magnoliopsida,class,220
Lobelia,Asterales,order,414
Lobelia,Campanulaceae,family,8801
Lobelia,Lobelia,genus,2756426
Oxyria,Plantae,kingdom,6
Oxyria,Tracheophyta,phylum,7707728
Oxyria,Magnoliopsida,class,220
Oxyria,Caryophyllales,order,422
Oxyria,Polygonaceae,family,2416
Oxyria,Oxyria,genus,2889357
Oxyria,Animalia,kingdom,1
Oxyria,Arthropoda,phylum,54
Oxyria,Insecta,class,216
Oxyria,Diptera,order,811
Oxyria,Ceratopogonidae,family,3340
Oxyria,Oxyria,genus,9356136
Persicaria,Plantae,kingdom,6
Persicaria,Tracheophyta,phylum,7707728
Persicaria,Magnoliopsida,class,220
Persicaria,Caryophyllales,order,422
Persicaria,Polygonaceae,family,2416
Persicaria,Persicaria,genus,6390748
Primula,Plantae,kingdom,6
Primula,Tracheophyta,phylum,7707728
Primula,Magnoliopsida,class,220
Primula,Ericales,order,1353
Primula,Primulaceae,family,6674
Primula,Primula,genus,8026112
Prunus spinosa,Plantae,kingdom,6
Prunus spinosa,Tracheophyta,phylum,7707728
Prunus spinosa,Magnoliopsida,class,220
Prunus spinosa,Rosales,order,691
Prunus spinosa,Rosaceae,family,5015
Prunus spinosa,Prunus,genus,3020559
Prunus spinosa,Prunus spinosa,species,3023221
Anthyllis vulneraria,Plantae,kingdom,6
Anthyllis vulneraria,Tracheophyta,phylum,7707728
Anthyllis vulneraria,Magnoliopsida,class,220
Anthyllis vulneraria,Fabales,order,1370
Anthyllis vulneraria,Fabaceae,family,5386
Anthyllis vulneraria,Anthyllis,genus,2952416
Anthyllis vulneraria,Anthyllis vulneraria,species,5352367
Chelidonium,Animalia,kingdom,1
Chelidonium,Arthropoda,phylum,54
Chelidonium,Insecta,class,216
Chelidonium,Coleoptera,order,1470
Chelidonium,Cerambycidae,family,5602
Chelidonium,Chelidonium,genus,1109331
Chelidonium,Plantae,kingdom,6
Chelidonium,Tracheophyta,phylum,7707728
Chelidonium,Magnoliopsida,class,220
Chelidonium,Ranunculales,order,399
Chelidonium,Papaveraceae,family,2422
Chelidonium,Chelidonium,genus,2888412
Ephedra distachya-type,Plantae,kingdom,6
Ephedra distachya-type,Tracheophyta,phylum,7707728
Ephedra distachya-type,Gnetopsida,class,282
Ephedra distachya-type,Ephedrales,order,424
Ephedra distachya-type,Ephedraceae,family,3114
Ephedra distachya-type,Ephedra,genus,2653237
Erica tetralix-type,Animalia,kingdom,1
Erica tetralix-type,Arthropoda,phylum,54
Erica tetralix-type,Arachnida,class,367
Erica tetralix-type,Araneae,order,1496
Erica tetralix-type,Salticidae,family,5644
Erica tetralix-type,Erica,genus,2177120
Erica tetralix-type,Plantae,kingdom,6
Erica tetralix-type,Tracheophyta,phylum,7707728
Erica tetralix-type,Magnoliopsida,class,220
Erica tetralix-type,Ericales,order,1353
Erica tetralix-type,Ericaceae,family,2505
Erica tetralix-type,Erica,genus,2882780
Erodium,Plantae,kingdom,6
Erodium,Tracheophyta,phylum,7707728
Erodium,Magnoliopsida,class,220
Erodium,Geraniales,order,624
Erodium,Geraniaceae,family,4676
Erodium,Erodium,genus,2891616
Micranthes stellaris-type,Plantae,kingdom,6
Micranthes stellaris-type,Tracheophyta,phylum,7707728
Micranthes stellaris-type,Magnoliopsida,class,220
Micranthes stellaris-type,Saxifragales,order,7219248
Micranthes stellaris-type,Saxifragaceae,family,2402
Micranthes stellaris-type,Micranthes,genus,6447095
Mimulus,Plantae,kingdom,6
Mimulus,Tracheophyta,phylum,7707728
Mimulus,Magnoliopsida,class,220
Mimulus,Lamiales,order,408
Mimulus,Phrymaceae,family,4194986
Mimulus,Mimulus,genus,6008574
Montia fontana,Plantae,kingdom,6
Montia fontana,Tracheophyta,phylum,7707728
Montia fontana,Magnoliopsida,class,220
Montia fontana,Caryophyllales,order,422
Montia fontana,Montiaceae,family,4898338
Montia fontana,Montia,genus,3084779
Montia fontana,Montia fontana,species,9004024
Ononis,Plantae,kingdom,6
Ononis,Tracheophyta,phylum,7707728
Ononis,Magnoliopsida,class,220
Ononis,Fabales,order,1370
Ononis,Fabaceae,family,5386
Ononis,Ononis,genus,2977094
Pinguicula,Plantae,kingdom,6
Pinguicula,Tracheophyta,phylum,7707728
Pinguicula,Magnoliopsida,class,220
Pinguicula,Lamiales,order,408
Pinguicula,Lentibulariaceae,family,2391
Pinguicula,Pinguicula,genus,3172450
Plantago coronopus-type,Plantae,kingdom,6
Plantago coronopus-type,Tracheophyta,phylum,7707728
Plantago coronopus-type,Magnoliopsida,class,220
Plantago coronopus-type,Lamiales,order,408
Plantago coronopus-type,Plantaginaceae,family,2420
Plantago coronopus-type,Plantago,genus,3189695
Plantago major/P. media-type,Plantae,kingdom,6
Plantago major/P. media-type,Tracheophyta,phylum,7707728
Plantago major/P. media-type,Magnoliopsida,class,220
Plantago major/P. media-type,Lamiales,order,408
Plantago major/P. media-type,Plantaginaceae,family,2420
Plantago major/P. media-type,Plantago,genus,3189695
Plantago maritima-type,Plantae,kingdom,6
Plantago maritima-type,Tracheophyta,phylum,7707728
Plantago maritima-type,Magnoliopsida,class,220
Plantago maritima-type,Lamiales,order,408
Plantago maritima-type,Plantaginaceae,family,2420
Plantago maritima-type,Plantago,genus,3189695
Poterium sanguisorba,Plantae,kingdom,6
Poterium sanguisorba,Tracheophyta,phylum,7707728
Poterium sanguisorba,Magnoliopsida,class,220
Poterium sanguisorba,Rosales,order,691
Poterium sanguisorba,Rosaceae,family,5015
Poterium sanguisorba,Poterium,genus,3001016
Poterium sanguisorba,Poterium sanguisorba,species,5364245
Saxifraga hypnoides-type,Plantae,kingdom,6
Saxifraga hypnoides-type,Tracheophyta,phylum,7707728
Saxifraga hypnoides-type,Magnoliopsida,class,220
Saxifraga hypnoides-type,Saxifragales,order,7219248
Saxifraga hypnoides-type,Saxifragaceae,family,2402
Saxifraga hypnoides-type,Saxifraga,genus,2987833
Scutellaria,Plantae,kingdom,6
Scutellaria,Tracheophyta,phylum,7707728
Scutellaria,Magnoliopsida,class,220
Scutellaria,Lamiales,order,408
Scutellaria,Lamiaceae,family,2497
Scutellaria,Scutellaria,genus,2926730
Silene dioica-type,Plantae,kingdom,6
Silene dioica-type,Tracheophyta,phylum,7707728
Silene dioica-type,Magnoliopsida,class,220
Silene dioica-type,Caryophyllales,order,422
Silene dioica-type,Caryophyllaceae,family,2518
Silene dioica-type,Silene,genus,3085897
Silene flos-cuculi,Plantae,kingdom,6
Silene flos-cuculi,Tracheophyta,phylum,7707728
Silene flos-cuculi,Magnoliopsida,class,220
Silene flos-cuculi,Caryophyllales,order,422
Silene flos-cuculi,Caryophyllaceae,family,2518
Silene flos-cuculi,Silene,genus,3085897
Silene flos-cuculi,Silene flos-cuculi,species,5384738
Stellaria holostea,Plantae,kingdom,6
Stellaria holostea,Tracheophyta,phylum,7707728
Stellaria holostea,Magnoliopsida,class,220
Stellaria holostea,Caryophyllales,order,422
Stellaria holostea,Caryophyllaceae,family,2518
Stellaria holostea,Rabelera,genus,11086674
Stellaria holostea,Rabelera holostea,species,11071158
Valeriana officinalis-type,Plantae,kingdom,6
Valeriana officinalis-type,Tracheophyta,phylum,7707728
Valeriana officinalis-type,Magnoliopsida,class,220
Valeriana officinalis-type,Dipsacales,order,946
Valeriana officinalis-type,Caprifoliaceae,family,6710
Valeriana officinalis-type,Valeriana,genus,2888741
Acacia,Plantae,kingdom,6
Acacia,Tracheophyta,phylum,7707728
Acacia,Magnoliopsida,class,220
Acacia,Fabales,order,1370
Acacia,Fabaceae,family,5386
Acacia,Acacia,genus,2978223
Adenostyles,Plantae,kingdom,6
Adenostyles,Tracheophyta,phylum,7707728
Adenostyles,Magnoliopsida,class,220
Adenostyles,Asterales,order,414
Adenostyles,Asteraceae,family,3065
Adenostyles,Adenostyles,genus,3133701
Calceolaria,Plantae,kingdom,6
Calceolaria,Tracheophyta,phylum,7707728
Calceolaria,Magnoliopsida,class,220
Calceolaria,Lamiales,order,408
Calceolaria,Calceolariaceae,family,3593883
Calceolaria,Calceolaria,genus,3172125
Carex,Plantae,kingdom,6
Carex,Tracheophyta,phylum,7707728
Carex,Liliopsida,class,196
Carex,Poales,order,1369
Carex,Cyperaceae,family,7708
Carex,Carex,genus,2721893
Cicuta virosa,Plantae,kingdom,6
Cicuta virosa,Tracheophyta,phylum,7707728
Cicuta virosa,Magnoliopsida,class,220
Cicuta virosa,Apiales,order,1351
Cicuta virosa,Apiaceae,family,6720
Cicuta virosa,Cicuta,genus,5371861
Cicuta virosa,Cicuta virosa,species,5371864
Coronilla,Plantae,kingdom,6
Coronilla,Tracheophyta,phylum,7707728
Coronilla,Magnoliopsida,class,220
Coronilla,Fabales,order,1370
Coronilla,Fabaceae,family,5386
Coronilla,Coronilla,genus,2943640
Dalechampia,Plantae,kingdom,6
Dalechampia,Tracheophyta,phylum,7707728
Dalechampia,Magnoliopsida,class,220
Dalechampia,Malpighiales,order,1414
Dalechampia,Euphorbiaceae,family,4691
Dalechampia,Dalechampia,genus,3055556
Gladiolus,Plantae,kingdom,6
Gladiolus,Tracheophyta,phylum,7707728
Gladiolus,Liliopsida,class,196
Gladiolus,Asparagales,order,1169
Gladiolus,Iridaceae,family,7698
Gladiolus,Gladiolus,genus,2749747
Glaucium,Plantae,kingdom,6
Glaucium,Tracheophyta,phylum,7707728
Glaucium,Magnoliopsida,class,220
Glaucium,Ranunculales,order,399
Glaucium,Papaveraceae,family,2422
Glaucium,Glaucium,genus,2888419
Helianthus,Plantae,kingdom,6
Helianthus,Tracheophyta,phylum,7707728
Helianthus,Magnoliopsida,class,220
Helianthus,Asterales,order,414
Helianthus,Asteraceae,family,3065
Helianthus,Helianthus,genus,3119134
Ligustrum vulgare,Plantae,kingdom,6
Ligustrum vulgare,Tracheophyta,phylum,7707728
Ligustrum vulgare,Magnoliopsida,class,220
Ligustrum vulgare,Lamiales,order,408
Ligustrum vulgare,Oleaceae,family,6652
Ligustrum vulgare,Ligustrum,genus,3172289
Ligustrum vulgare,Ligustrum vulgare,species,3172300
Lilium martagon,Plantae,kingdom,6
Lilium martagon,Tracheophyta,phylum,7707728
Lilium martagon,Liliopsida,class,196
Lilium martagon,Liliales,order,1172
Lilium martagon,Liliaceae,family,7699
Lilium martagon,Lilium,genus,2752977
Lilium martagon,Lilium martagon,species,2753146
Limosella,Plantae,kingdom,6
Limosella,Tracheophyta,phylum,7707728
Limosella,Magnoliopsida,class,220
Limosella,Lamiales,order,408
Limosella,Scrophulariaceae,family,2390
Limosella,Limosella,genus,3172210
Luzula,Plantae,kingdom,6
Luzula,Tracheophyta,phylum,7707728
Luzula,Liliopsida,class,196
Luzula,Poales,order,1369
Luzula,Juncaceae,family,5353
Luzula,Luzula,genus,2700604
Portulaca oleracea-type,Plantae,kingdom,6
Portulaca oleracea-type,Tracheophyta,phylum,7707728
Portulaca oleracea-type,Magnoliopsida,class,220
Portulaca oleracea-type,Caryophyllales,order,422
Portulaca oleracea-type,Portulacaceae,family,6717
Portulaca oleracea-type,Portulaca,genus,3084696
Primula vulgaris,Plantae,kingdom,6
Primula vulgaris,Tracheophyta,phylum,7707728
Primula vulgaris,Magnoliopsida,class,220
Primula vulgaris,Ericales,order,1353
Primula vulgaris,Primulaceae,family,6674
Primula vulgaris,Primula,genus,8026112
Primula vulgaris,Primula vulgaris,species,5414335
Rhododendron,Plantae,kingdom,6
Rhododendron,Tracheophyta,phylum,7707728
Rhododendron,Magnoliopsida,class,220
Rhododendron,Ericales,order,1353
Rhododendron,Ericaceae,family,2505
Rhododendron,Rhododendron,genus,2883026
Silene dioica,Plantae,kingdom,6
Silene dioica,Tracheophyta,phylum,7707728
Silene dioica,Magnoliopsida,class,220
Silene dioica,Caryophyllales,order,422
Silene dioica,Caryophyllaceae,family,2518
Silene dioica,Silene,genus,3085897
Silene dioica,Silene dioica,species,5384795
Viburnum opulus,Plantae,kingdom,6
Viburnum opulus,Tracheophyta,phylum,7707728
Viburnum opulus,Magnoliopsida,class,220
Viburnum opulus,Dipsacales,order,946
Viburnum opulus,Viburnaceae,family,4924416
Viburnum opulus,Viburnum,genus,2888580
Viburnum opulus,Viburnum opulus,species,2888605
Zea,Plantae,kingdom,6
Zea,Tracheophyta,phylum,7707728
Zea,Liliopsida,class,196
Zea,Poales,order,1369
Zea,Poaceae,family,3073
Zea,Zea,genus,2705049
Acer campestre-type,Plantae,kingdom,6
Acer campestre-type,Tracheophyta,phylum,7707728
Acer campestre-type,Magnoliopsida,class,220
Acer campestre-type,Sapindales,order,933
Acer campestre-type,Sapindaceae,family,6657
Acer campestre-type,Acer,genus,3189834
Apiaceae undiff.,Plantae,kingdom,6
Apiaceae undiff.,Tracheophyta,phylum,7707728
Apiaceae undiff.,Magnoliopsida,class,220
Apiaceae undiff.,Apiales,order,1351
Apiaceae undiff.,Apiaceae,family,6720
Campanulaceae undiff.,Plantae,kingdom,6
Campanulaceae undiff.,Tracheophyta,phylum,7707728
Campanulaceae undiff.,Magnoliopsida,class,220
Campanulaceae undiff.,Asterales,order,414
Campanulaceae undiff.,Campanulaceae,family,8801
Castanea sativa,Plantae,kingdom,6
Castanea sativa,Tracheophyta,phylum,7707728
Castanea sativa,Magnoliopsida,class,220
Castanea sativa,Fagales,order,1354
Castanea sativa,Fagaceae,family,4689
Castanea sativa,Castanea,genus,2882140
Castanea sativa,Castanea sativa,species,5333294
Centaurea jacea-type,Plantae,kingdom,6
Centaurea jacea-type,Tracheophyta,phylum,7707728
Centaurea jacea-type,Magnoliopsida,class,220
Centaurea jacea-type,Asterales,order,414
Centaurea jacea-type,Asteraceae,family,3065
Centaurea jacea-type,Centaurea,genus,3127469
Convolvulus arvensis,Plantae,kingdom,6
Convolvulus arvensis,Tracheophyta,phylum,7707728
Convolvulus arvensis,Magnoliopsida,class,220
Convolvulus arvensis,Solanales,order,1176
Convolvulus arvensis,Convolvulaceae,family,2389
Convolvulus arvensis,Convolvulus,genus,2928386
Convolvulus arvensis,Convolvulus arvensis,species,2928390
Cyperaceae undiff.,Plantae,kingdom,6
Cyperaceae undiff.,Tracheophyta,phylum,7707728
Cyperaceae undiff.,Liliopsida,class,196
Cyperaceae undiff.,Poales,order,1369
Cyperaceae undiff.,Cyperaceae,family,7708
Fallopia convolvulus-type,Plantae,kingdom,6
Fallopia convolvulus-type,Tracheophyta,phylum,7707728
Fallopia convolvulus-type,Magnoliopsida,class,220
Fallopia convolvulus-type,Caryophyllales,order,422
Fallopia convolvulus-type,Polygonaceae,family,2416
Fallopia convolvulus-type,Fallopia,genus,2889418
Gypsophila,Plantae,kingdom,6
Gypsophila,Tracheophyta,phylum,7707728
Gypsophila,Magnoliopsida,class,220
Gypsophila,Caryophyllales,order,422
Gypsophila,Caryophyllaceae,family,2518
Gypsophila,Gypsophila,genus,3085251
Lysimachia,Plantae,kingdom,6
Lysimachia,Tracheophyta,phylum,7707728
Lysimachia,Magnoliopsida,class,220
Lysimachia,Ericales,order,1353
Lysimachia,Primulaceae,family,6674
Lysimachia,Lysimachia,genus,3169330
Mercurialis perennis,Plantae,kingdom,6
Mercurialis perennis,Tracheophyta,phylum,7707728
Mercurialis perennis,Magnoliopsida,class,220
Mercurialis perennis,Malpighiales,order,1414
Mercurialis perennis,Euphorbiaceae,family,4691
Mercurialis perennis,Mercurialis,genus,3062956
Mercurialis perennis,Mercurialis perennis,species,3063016
Ranunculus acris-type,Plantae,kingdom,6
Ranunculus acris-type,Tracheophyta,phylum,7707728
Ranunculus acris-type,Magnoliopsida,class,220
Ranunculus acris-type,Ranunculales,order,399
Ranunculus acris-type,Ranunculaceae,family,2410
Ranunculus acris-type,Ranunculus,genus,3033294
Scleranthus perennis,Plantae,kingdom,6
Scleranthus perennis,Tracheophyta,phylum,7707728
Scleranthus perennis,Magnoliopsida,class,220
Scleranthus perennis,Caryophyllales,order,422
Scleranthus perennis,Caryophyllaceae,family,2518
Scleranthus perennis,Scleranthus,genus,3085893
Scleranthus perennis,Scleranthus perennis,species,3085895
Scrophulariaceae undiff.,Plantae,kingdom,6
Scrophulariaceae undiff.,Tracheophyta,phylum,7707728
Scrophulariaceae undiff.,Magnoliopsida,class,220
Scrophulariaceae undiff.,Lamiales,order,408
Scrophulariaceae undiff.,Scrophulariaceae,family,2390
Solanum dulcamara,Plantae,kingdom,6
Solanum dulcamara,Tracheophyta,phylum,7707728
Solanum dulcamara,Magnoliopsida,class,220
Solanum dulcamara,Solanales,order,1176
Solanum dulcamara,Solanaceae,family,7717
Solanum dulcamara,Solanum,genus,2928997
Solanum dulcamara,Solanum dulcamara,species,2932737
Viscum album,Plantae,kingdom,6
Viscum album,Tracheophyta,phylum,7707728
Viscum album,Magnoliopsida,class,220
Viscum album,Santalales,order,934
Viscum album,Viscaceae,family,2399
Viscum album,Viscum,genus,2889827
Viscum album,Viscum album,species,2889828
Adoxa moschatellina,Plantae,kingdom,6
Adoxa moschatellina,Tracheophyta,phylum,7707728
Adoxa moschatellina,Magnoliopsida,class,220
Adoxa moschatellina,Dipsacales,order,946
Adoxa moschatellina,Viburnaceae,family,4924416
Adoxa moschatellina,Adoxa,genus,2888793
Adoxa moschatellina,Adoxa moschatellina,species,2888794
Anemone nemorosa-type,Plantae,kingdom,6
Anemone nemorosa-type,Tracheophyta,phylum,7707728
Anemone nemorosa-type,Magnoliopsida,class,220
Anemone nemorosa-type,Ranunculales,order,399
Anemone nemorosa-type,Ranunculaceae,family,2410
Anemone nemorosa-type,Anemone,genus,3016227
Arctostaphylos uva-ursi,Plantae,kingdom,6
Arctostaphylos uva-ursi,Tracheophyta,phylum,7707728
Arctostaphylos uva-ursi,Magnoliopsida,class,220
Arctostaphylos uva-ursi,Ericales,order,1353
Arctostaphylos uva-ursi,Ericaceae,family,2505
Arctostaphylos uva-ursi,Arctostaphylos,genus,2882486
Arctostaphylos uva-ursi,Arctostaphylos uva-ursi,species,2882580
Astragalus alpinus,Plantae,kingdom,6
Astragalus alpinus,Tracheophyta,phylum,7707728
Astragalus alpinus,Magnoliopsida,class,220
Astragalus alpinus,Fabales,order,1370
Astragalus alpinus,Fabaceae,family,5386
Astragalus alpinus,Astragalus,genus,2933951
Astragalus alpinus,Astragalus alpinus,species,5345014
Astragalus cf. A. glycyphyllos,Plantae,kingdom,6
Astragalus cf. A. glycyphyllos,Tracheophyta,phylum,7707728
Astragalus cf. A. glycyphyllos,Magnoliopsida,class,220
Astragalus cf. A. glycyphyllos,Fabales,order,1370
Astragalus cf. A. glycyphyllos,Fabaceae,family,5386
Astragalus cf. A. glycyphyllos,Astragalus,genus,2933951
Cornus suecica,Plantae,kingdom,6
Cornus suecica,Tracheophyta,phylum,7707728
Cornus suecica,Magnoliopsida,class,220
Cornus suecica,Cornales,order,949
Cornus suecica,Cornaceae,family,6713
Cornus suecica,Cornus,genus,3082226
Cornus suecica,Cornus suecica,species,3082246
Humulus lupulus,Plantae,kingdom,6
Humulus lupulus,Tracheophyta,phylum,7707728
Humulus lupulus,Magnoliopsida,class,220
Humulus lupulus,Rosales,order,691
Humulus lupulus,Cannabaceae,family,2384
Humulus lupulus,Humulus,genus,2984534
Humulus lupulus,Humulus lupulus,species,2984535
Hypericum perforatum,Plantae,kingdom,6
Hypericum perforatum,Tracheophyta,phylum,7707728
Hypericum perforatum,Magnoliopsida,class,220
Hypericum perforatum,Malpighiales,order,1414
Hypericum perforatum,Hypericaceae,family,4900406
Hypericum perforatum,Hypericum,genus,3189452
Hypericum perforatum,Hypericum perforatum,species,3189486
Juniperus communis,Plantae,kingdom,6
Juniperus communis,Tracheophyta,phylum,7707728
Juniperus communis,Pinopsida,class,194
Juniperus communis,Pinales,order,640
Juniperus communis,Cupressaceae,family,8144
Juniperus communis,Juniperus,genus,2684359
Juniperus communis,Juniperus communis,species,2684709
Papaver rhoeas-type,Plantae,kingdom,6
Papaver rhoeas-type,Tracheophyta,phylum,7707728
Papaver rhoeas-type,Magnoliopsida,class,220
Papaver rhoeas-type,Ranunculales,order,399
Papaver rhoeas-type,Papaveraceae,family,2422
Papaver rhoeas-type,Papaver,genus,2888431
Potentilla recta,Plantae,kingdom,6
Potentilla recta,Tracheophyta,phylum,7707728
Potentilla recta,Magnoliopsida,class,220
Potentilla recta,Rosales,order,691
Potentilla recta,Rosaceae,family,5015
Potentilla recta,Potentilla,genus,8079058
Potentilla recta,Potentilla recta,species,5367294
Prunus padus,Plantae,kingdom,6
Prunus padus,Tracheophyta,phylum,7707728
Prunus padus,Magnoliopsida,class,220
Prunus padus,Rosales,order,691
Prunus padus,Rosaceae,family,5015
Prunus padus,Prunus,genus,3020559
Prunus padus,Prunus padus,species,3021037
Ranunculus undiff.,Plantae,kingdom,6
Ranunculus undiff.,Tracheophyta,phylum,7707728
Ranunculus undiff.,Magnoliopsida,class,220
Ranunculus undiff.,Ranunculales,order,399
Ranunculus undiff.,Ranunculaceae,family,2410
Ranunculus undiff.,Ranunculus,genus,3033294
Rhododendron tomentosum,Plantae,kingdom,6
Rhododendron tomentosum,Tracheophyta,phylum,7707728
Rhododendron tomentosum,Magnoliopsida,class,220
Rhododendron tomentosum,Ericales,order,1353
Rhododendron tomentosum,Ericaceae,family,2505
Rhododendron tomentosum,Rhododendron,genus,2883026
Rhododendron tomentosum,Rhododendron tomentosum,species,6400569
Sorbus aucuparia,Plantae,kingdom,6
Sorbus aucuparia,Tracheophyta,phylum,7707728
Sorbus aucuparia,Magnoliopsida,class,220
Sorbus aucuparia,Rosales,order,691
Sorbus aucuparia,Rosaceae,family,5015
Sorbus aucuparia,Sorbus,genus,3012146
Sorbus aucuparia,Sorbus aucuparia,species,3012167
Stachys sylvatica-type,Plantae,kingdom,6
Stachys sylvatica-type,Tracheophyta,phylum,7707728
Stachys sylvatica-type,Magnoliopsida,class,220
Stachys sylvatica-type,Lamiales,order,408
Stachys sylvatica-type,Lamiaceae,family,2497
Stachys sylvatica-type,Stachys,genus,2927228
Trientalis europaea,Plantae,kingdom,6
Trientalis europaea,Tracheophyta,phylum,7707728
Trientalis europaea,Magnoliopsida,class,220
Trientalis europaea,Ericales,order,1353
Trientalis europaea,Primulaceae,family,6674
Trientalis europaea,Lysimachia,genus,3169330
Trientalis europaea,Lysimachia europaea,species,8272844
Trientalis europaea,Plantae,kingdom,6
Trientalis europaea,Tracheophyta,phylum,7707728
Trientalis europaea,Magnoliopsida,class,220
Trientalis europaea,Ericales,order,1353
Trientalis europaea,Primulaceae,family,6674
Trientalis europaea,Lysimachia,genus,3169330
Trientalis europaea,Lysimachia borealis,species,7983163
Gentianella campestris-type,Plantae,kingdom,6
Gentianella campestris-type,Tracheophyta,phylum,7707728
Gentianella campestris-type,Magnoliopsida,class,220
Gentianella campestris-type,Gentianales,order,412
Gentianella campestris-type,Gentianaceae,family,2503
Gentianella campestris-type,Gentianella,genus,3169845
Silene vulgaris-type,Plantae,kingdom,6
Silene vulgaris-type,Tracheophyta,phylum,7707728
Silene vulgaris-type,Magnoliopsida,class,220
Silene vulgaris-type,Caryophyllales,order,422
Silene vulgaris-type,Caryophyllaceae,family,2518
Silene vulgaris-type,Silene,genus,3085897
Valeriana officinalis,Plantae,kingdom,6
Valeriana officinalis,Tracheophyta,phylum,7707728
Valeriana officinalis,Magnoliopsida,class,220
Valeriana officinalis,Dipsacales,order,946
Valeriana officinalis,Caprifoliaceae,family,6710
Valeriana officinalis,Valeriana,genus,2888741
Valeriana officinalis,Valeriana officinalis,species,2888763
Rumex subg. Rumex,Plantae,kingdom,6
Rumex subg. Rumex,Tracheophyta,phylum,7707728
Rumex subg. Rumex,Magnoliopsida,class,220
Rumex subg. Rumex,Caryophyllales,order,422
Rumex subg. Rumex,Polygonaceae,family,2416
Rumex subg. Rumex,Rumex,genus,2888942
Trientalis,Plantae,kingdom,6
Trientalis,Tracheophyta,phylum,7707728
Trientalis,Magnoliopsida,class,220
Trientalis,Ericales,order,1353
Trientalis,Primulaceae,family,6674
Trientalis,Lysimachia,genus,3169330
Achillea,Plantae,kingdom,6
Achillea,Tracheophyta,phylum,7707728
Achillea,Magnoliopsida,class,220
Achillea,Asterales,order,414
Achillea,Asteraceae,family,3065
Achillea,Achillea,genus,3119995
Alchemilla,Plantae,kingdom,6
Alchemilla,Tracheophyta,phylum,7707728
Alchemilla,Magnoliopsida,class,220
Alchemilla,Rosales,order,691
Alchemilla,Rosaceae,family,5015
Alchemilla,Alchemilla,genus,3027437
Arctous alpina,Plantae,kingdom,6
Arctous alpina,Tracheophyta,phylum,7707728
Arctous alpina,Magnoliopsida,class,220
Arctous alpina,Ericales,order,1353
Arctous alpina,Ericaceae,family,2505
Arctous alpina,Arctostaphylos,genus,2882486
Arctous alpina,Arctostaphylos alpinus,species,8317978
Arenaria,Animalia,kingdom,1
Arenaria,Chordata,phylum,44
Arenaria,Aves,class,212
Arenaria,Charadriiformes,order,7192402
Arenaria,Scolopacidae,family,5282
Arenaria,Arenaria,genus,2481774
Arenaria,Plantae,kingdom,6
Arenaria,Tracheophyta,phylum,7707728
Arenaria,Magnoliopsida,class,220
Arenaria,Caryophyllales,order,422
Arenaria,Caryophyllaceae,family,2518
Arenaria,Arenaria,genus,7937950
Artemisia norvegica,Plantae,kingdom,6
Artemisia norvegica,Tracheophyta,phylum,7707728
Artemisia norvegica,Magnoliopsida,class,220
Artemisia norvegica,Asterales,order,414
Artemisia norvegica,Asteraceae,family,3065
Artemisia norvegica,Artemisia,genus,3120641
Artemisia norvegica,Artemisia norvegica,species,3121563
Astragalus frigidus,Plantae,kingdom,6
Astragalus frigidus,Tracheophyta,phylum,7707728
Astragalus frigidus,Magnoliopsida,class,220
Astragalus frigidus,Fabales,order,1370
Astragalus frigidus,Fabaceae,family,5386
Astragalus frigidus,Astragalus,genus,2933951
Astragalus frigidus,Astragalus frigidus,species,5343710
Bistorta,Plantae,kingdom,6
Bistorta,Tracheophyta,phylum,7707728
Bistorta,Magnoliopsida,class,220
Bistorta,Caryophyllales,order,422
Bistorta,Polygonaceae,family,2416
Bistorta,Bistorta,genus,8148051
Convallaria,Plantae,kingdom,6
Convallaria,Tracheophyta,phylum,7707728
Convallaria,Liliopsida,class,196
Convallaria,Asparagales,order,1169
Convallaria,Asparagaceae,family,7683
Convallaria,Convallaria,genus,2752066
Ephedra distachya,Plantae,kingdom,6
Ephedra distachya,Tracheophyta,phylum,7707728
Ephedra distachya,Gnetopsida,class,282
Ephedra distachya,Ephedrales,order,424
Ephedra distachya,Ephedraceae,family,3114
Ephedra distachya,Ephedra,genus,2653237
Ephedra distachya,Ephedra distachya,species,2653321
Ephedra fragilis,Plantae,kingdom,6
Ephedra fragilis,Tracheophyta,phylum,7707728
Ephedra fragilis,Gnetopsida,class,282
Ephedra fragilis,Ephedrales,order,424
Ephedra fragilis,Ephedraceae,family,3114
Ephedra fragilis,Ephedra,genus,2653237
Ephedra fragilis,Ephedra fragilis,species,2653414
Euphrasia,Plantae,kingdom,6
Euphrasia,Tracheophyta,phylum,7707728
Euphrasia,Magnoliopsida,class,220
Euphrasia,Lamiales,order,408
Euphrasia,Orobanchaceae,family,6651
Euphrasia,Euphrasia,genus,3171955
Gentiana campestris,Plantae,kingdom,6
Gentiana campestris,Tracheophyta,phylum,7707728
Gentiana campestris,Magnoliopsida,class,220
Gentiana campestris,Gentianales,order,412
Gentiana campestris,Gentianaceae,family,2503
Gentiana campestris,Gentianella,genus,3169845
Gentiana campestris,Gentianella amarella,species,8196434
Gentiana campestris,Plantae,kingdom,6
Gentiana campestris,Tracheophyta,phylum,7707728
Gentiana campestris,Magnoliopsida,class,220
Gentiana campestris,Gentianales,order,412
Gentiana campestris,Gentianaceae,family,2503
Gentiana campestris,Gentianella,genus,3169845
Gentiana campestris,Gentianella germanica,species,7539382
Gentiana campestris,Plantae,kingdom,6
Gentiana campestris,Tracheophyta,phylum,7707728
Gentiana campestris,Magnoliopsida,class,220
Gentiana campestris,Gentianales,order,412
Gentiana campestris,Gentianaceae,family,2503
Gentiana campestris,Gentianella,genus,3169845
Gentiana campestris,Gentianella campestris,species,7270427
Gentiana nivalis,Plantae,kingdom,6
Gentiana nivalis,Tracheophyta,phylum,7707728
Gentiana nivalis,Magnoliopsida,class,220
Gentiana nivalis,Gentianales,order,412
Gentiana nivalis,Gentianaceae,family,2503
Gentiana nivalis,Gentiana,genus,3170037
Gentiana nivalis,Gentiana nivalis,species,3170097
Geum,Plantae,kingdom,6
Geum,Tracheophyta,phylum,7707728
Geum,Magnoliopsida,class,220
Geum,Rosales,order,691
Geum,Rosaceae,family,5015
Geum,Geum,genus,3024294
Micranthes stellaris,Plantae,kingdom,6
Micranthes stellaris,Tracheophyta,phylum,7707728
Micranthes stellaris,Magnoliopsida,class,220
Micranthes stellaris,Saxifragales,order,7219248
Micranthes stellaris,Saxifragaceae,family,2402
Micranthes stellaris,Micranthes,genus,6447095
Micranthes stellaris,Micranthes stellaris,species,5567578
Myricaria,Plantae,kingdom,6
Myricaria,Tracheophyta,phylum,7707728
Myricaria,Magnoliopsida,class,220
Myricaria,Caryophyllales,order,422
Myricaria,Tamaricaceae,family,6632
Myricaria,Myricaria,genus,7316450
Parnassia,Plantae,kingdom,6
Parnassia,Tracheophyta,phylum,7707728
Parnassia,Magnoliopsida,class,220
Parnassia,Celastrales,order,950
Parnassia,Parnassiaceae,family,3592363
Parnassia,Parnassia,genus,3032572
Ranunculus sp.,Plantae,kingdom,6
Ranunculus sp.,Tracheophyta,phylum,7707728
Ranunculus sp.,Magnoliopsida,class,220
Ranunculus sp.,Ranunculales,order,399
Ranunculus sp.,Ranunculaceae,family,2410
Ranunculus sp.,Ranunculus,genus,3033294
Rubus sp.,Plantae,kingdom,6
Rubus sp.,Tracheophyta,phylum,7707728
Rubus sp.,Magnoliopsida,class,220
Rubus sp.,Rosales,order,691
Rubus sp.,Rosaceae,family,5015
Rubus sp.,Rubus,genus,2988638
Rumex longifolius,Plantae,kingdom,6
Rumex longifolius,Tracheophyta,phylum,7707728
Rumex longifolius,Magnoliopsida,class,220
Rumex longifolius,Caryophyllales,order,422
Rumex longifolius,Polygonaceae,family,2416
Rumex longifolius,Rumex,genus,2888942
Rumex longifolius,Rumex longifolius,species,2888946
Sagina,Plantae,kingdom,6
Sagina,Tracheophyta,phylum,7707728
Sagina,Magnoliopsida,class,220
Sagina,Caryophyllales,order,422
Sagina,Caryophyllaceae,family,2518
Sagina,Sagina,genus,3085387
Salix herbacea,Plantae,kingdom,6
Salix herbacea,Tracheophyta,phylum,7707728
Salix herbacea,Magnoliopsida,class,220
Salix herbacea,Malpighiales,order,1414
Salix herbacea,Salicaceae,family,6664
Salix herbacea,Salix,genus,3039576
Salix herbacea,Salix herbacea,species,5373083
Saxifraga hirculus,Plantae,kingdom,6
Saxifraga hirculus,Tracheophyta,phylum,7707728
Saxifraga hirculus,Magnoliopsida,class,220
Saxifraga hirculus,Saxifragales,order,7219248
Saxifraga hirculus,Saxifragaceae,family,2402
Saxifraga hirculus,Saxifraga,genus,2987833
Saxifraga hirculus,Saxifraga hirculus,species,3032811
Sibbaldia,Plantae,kingdom,6
Sibbaldia,Tracheophyta,phylum,7707728
Sibbaldia,Magnoliopsida,class,220
Sibbaldia,Rosales,order,691
Sibbaldia,Rosaceae,family,5015
Sibbaldia,Sibbaldia,genus,3025001
Silene acaulis,Plantae,kingdom,6
Silene acaulis,Tracheophyta,phylum,7707728
Silene acaulis,Magnoliopsida,class,220
Silene acaulis,Caryophyllales,order,422
Silene acaulis,Caryophyllaceae,family,2518
Silene acaulis,Silene,genus,3085897
Silene acaulis,Silene acaulis,species,5384754
Tofieldia,Plantae,kingdom,6
Tofieldia,Tracheophyta,phylum,7707728
Tofieldia,Liliopsida,class,196
Tofieldia,Alismatales,order,551
Tofieldia,Tofieldiaceae,family,3724
Tofieldia,Tofieldia,genus,8114354
Verbascum,Plantae,kingdom,6
Verbascum,Tracheophyta,phylum,7707728
Verbascum,Magnoliopsida,class,220
Verbascum,Lamiales,order,408
Verbascum,Scrophulariaceae,family,2390
Verbascum,Verbascum,genus,2928970
Veronica,Plantae,kingdom,6
Veronica,Tracheophyta,phylum,7707728
Veronica,Magnoliopsida,class,220
Veronica,Lamiales,order,408
Veronica,Plantaginaceae,family,2420
Veronica,Veronica,genus,3172047
Astragalus cf. A. alpinus,Plantae,kingdom,6
Astragalus cf. A. alpinus,Tracheophyta,phylum,7707728
Astragalus cf. A. alpinus,Magnoliopsida,class,220
Astragalus cf. A. alpinus,Fabales,order,1370
Astragalus cf. A. alpinus,Fabaceae,family,5386
Astragalus cf. A. alpinus,Astragalus,genus,2933951
Geranium sylvaticum-type,Plantae,kingdom,6
Geranium sylvaticum-type,Tracheophyta,phylum,7707728
Geranium sylvaticum-type,Magnoliopsida,class,220
Geranium sylvaticum-type,Geraniales,order,624
Geranium sylvaticum-type,Geraniaceae,family,4676
Geranium sylvaticum-type,Geranium,genus,2889949
Rumex acetosa/R. acetosella-type,Plantae,kingdom,6
Rumex acetosa/R. acetosella-type,Tracheophyta,phylum,7707728
Rumex acetosa/R. acetosella-type,Magnoliopsida,class,220
Rumex acetosa/R. acetosella-type,Caryophyllales,order,422
Rumex acetosa/R. acetosella-type,Polygonaceae,family,2416
Rumex acetosa/R. acetosella-type,Rumex,genus,2888942
Rumex acetosella-type,Plantae,kingdom,6
Rumex acetosella-type,Tracheophyta,phylum,7707728
Rumex acetosella-type,Magnoliopsida,class,220
Rumex acetosella-type,Caryophyllales,order,422
Rumex acetosella-type,Polygonaceae,family,2416
Rumex acetosella-type,Rumex,genus,2888942
Salix herbacea-type,Plantae,kingdom,6
Salix herbacea-type,Tracheophyta,phylum,7707728
Salix herbacea-type,Magnoliopsida,class,220
Salix herbacea-type,Malpighiales,order,1414
Salix herbacea-type,Salicaceae,family,6664
Salix herbacea-type,Salix,genus,3039576
Salix undiff.,Plantae,kingdom,6
Salix undiff.,Tracheophyta,phylum,7707728
Salix undiff.,Magnoliopsida,class,220
Salix undiff.,Malpighiales,order,1414
Salix undiff.,Salicaceae,family,6664
Salix undiff.,Salix,genus,3039576
Tofieldia pusilla,Plantae,kingdom,6
Tofieldia pusilla,Tracheophyta,phylum,7707728
Tofieldia pusilla,Liliopsida,class,196
Tofieldia pusilla,Alismatales,order,551
Tofieldia pusilla,Tofieldiaceae,family,3724
Tofieldia pusilla,Tofieldia,genus,8114354
Tofieldia pusilla,Tofieldia pusilla,species,2864429
Trollius europaeus,Plantae,kingdom,6
Trollius europaeus,Tracheophyta,phylum,7707728
Trollius europaeus,Magnoliopsida,class,220
Trollius europaeus,Ranunculales,order,399
Trollius europaeus,Ranunculaceae,family,2410
Trollius europaeus,Trollius,genus,3033288
Trollius europaeus,Trollius europaeus,species,3033289
Valeriana excelsa subsp. sambucifolia-type,Plantae,kingdom,6
Valeriana excelsa subsp. sambucifolia-type,Tracheophyta,phylum,7707728
Valeriana excelsa subsp. sambucifolia-type,Magnoliopsida,class,220
Valeriana excelsa subsp. sambucifolia-type,Dipsacales,order,946
Valeriana excelsa subsp. sambucifolia-type,Caprifoliaceae,family,6710
Valeriana excelsa subsp. sambucifolia-type,Valeriana,genus,2888741
Valeriana excelsa subsp. sambucifolia-type,Valeriana excelsa,species,8188719
Cannabaceae undiff.,Plantae,kingdom,6
Cannabaceae undiff.,Tracheophyta,phylum,7707728
Cannabaceae undiff.,Magnoliopsida,class,220
Cannabaceae undiff.,Rosales,order,691
Cannabaceae undiff.,Cannabaceae,family,2384
Cerastium cerastoides-type,Plantae,kingdom,6
Cerastium cerastoides-type,Tracheophyta,phylum,7707728
Cerastium cerastoides-type,Magnoliopsida,class,220
Cerastium cerastoides-type,Caryophyllales,order,422
Cerastium cerastoides-type,Caryophyllaceae,family,2518
Cerastium cerastoides-type,Cerastium,genus,2873815
Geranium sylvaticum,Plantae,kingdom,6
Geranium sylvaticum,Tracheophyta,phylum,7707728
Geranium sylvaticum,Magnoliopsida,class,220
Geranium sylvaticum,Geraniales,order,624
Geranium sylvaticum,Geraniaceae,family,4676
Geranium sylvaticum,Geranium,genus,2889949
Geranium sylvaticum,Geranium sylvaticum,species,2891147
Pedicularis palustris-type,Plantae,kingdom,6
Pedicularis palustris-type,Tracheophyta,phylum,7707728
Pedicularis palustris-type,Magnoliopsida,class,220
Pedicularis palustris-type,Lamiales,order,408
Pedicularis palustris-type,Orobanchaceae,family,6651
Pedicularis palustris-type,Pedicularis,genus,3171670
Silene acaulis-type,Plantae,kingdom,6
Silene acaulis-type,Tracheophyta,phylum,7707728
Silene acaulis-type,Magnoliopsida,class,220
Silene acaulis-type,Caryophyllales,order,422
Silene acaulis-type,Caryophyllaceae,family,2518
Silene acaulis-type,Silene,genus,3085897
Artemisia cf. A. norvegica,Plantae,kingdom,6
Artemisia cf. A. norvegica,Tracheophyta,phylum,7707728
Artemisia cf. A. norvegica,Magnoliopsida,class,220
Artemisia cf. A. norvegica,Asterales,order,414
Artemisia cf. A. norvegica,Asteraceae,family,3065
Artemisia cf. A. norvegica,Artemisia,genus,3120641
Lobelia dortmanna,Plantae,kingdom,6
Lobelia dortmanna,Tracheophyta,phylum,7707728
Lobelia dortmanna,Magnoliopsida,class,220
Lobelia dortmanna,Asterales,order,414
Lobelia dortmanna,Campanulaceae,family,8801
Lobelia dortmanna,Lobelia,genus,2756426
Lobelia dortmanna,Lobelia dortmanna,species,5408512
Micranthes nivalis-type,Plantae,kingdom,6
Micranthes nivalis-type,Tracheophyta,phylum,7707728
Micranthes nivalis-type,Magnoliopsida,class,220
Micranthes nivalis-type,Saxifragales,order,7219248
Micranthes nivalis-type,Saxifragaceae,family,2402
Micranthes nivalis-type,Micranthes,genus,6447095
Populus tremula,Plantae,kingdom,6
Populus tremula,Tracheophyta,phylum,7707728
Populus tremula,Magnoliopsida,class,220
Populus tremula,Malpighiales,order,1414
Populus tremula,Salicaceae,family,6664
Populus tremula,Populus,genus,3040183
Populus tremula,Populus tremula,species,3040249
Rumex longifolius-type,Plantae,kingdom,6
Rumex longifolius-type,Tracheophyta,phylum,7707728
Rumex longifolius-type,Magnoliopsida,class,220
Rumex longifolius-type,Caryophyllales,order,422
Rumex longifolius-type,Polygonaceae,family,2416
Rumex longifolius-type,Rumex,genus,2888942
Saxifraga cespitosa-type,Plantae,kingdom,6
Saxifraga cespitosa-type,Tracheophyta,phylum,7707728
Saxifraga cespitosa-type,Magnoliopsida,class,220
Saxifraga cespitosa-type,Saxifragales,order,7219248
Saxifraga cespitosa-type,Saxifragaceae,family,2402
Saxifraga cespitosa-type,Saxifraga,genus,2987833
Cerastium,Plantae,kingdom,6
Cerastium,Tracheophyta,phylum,7707728
Cerastium,Magnoliopsida,class,220
Cerastium,Caryophyllales,order,422
Cerastium,Caryophyllaceae,family,2518
Cerastium,Cerastium,genus,2873815
Ephedra distachya subsp. helvetica-type,Plantae,kingdom,6
Ephedra distachya subsp. helvetica-type,Tracheophyta,phylum,7707728
Ephedra distachya subsp. helvetica-type,Gnetopsida,class,282
Ephedra distachya subsp. helvetica-type,Ephedrales,order,424
Ephedra distachya subsp. helvetica-type,Ephedraceae,family,3114
Ephedra distachya subsp. helvetica-type,Ephedra,genus,2653237
Ephedra distachya subsp. helvetica-type,Ephedra distachya,species,2653321
Ephedra fragilis-type,Plantae,kingdom,6
Ephedra fragilis-type,Tracheophyta,phylum,7707728
Ephedra fragilis-type,Gnetopsida,class,282
Ephedra fragilis-type,Ephedrales,order,424
Ephedra fragilis-type,Ephedraceae,family,3114
Ephedra fragilis-type,Ephedra,genus,2653237
Erica,Animalia,kingdom,1
Erica,Arthropoda,phylum,54
Erica,Arachnida,class,367
Erica,Araneae,order,1496
Erica,Salticidae,family,5644
Erica,Erica,genus,2177120
Erica,Plantae,kingdom,6
Erica,Tracheophyta,phylum,7707728
Erica,Magnoliopsida,class,220
Erica,Ericales,order,1353
Erica,Ericaceae,family,2505
Erica,Erica,genus,2882780
Silene,Plantae,kingdom,6
Silene,Tracheophyta,phylum,7707728
Silene,Magnoliopsida,class,220
Silene,Caryophyllales,order,422
Silene,Caryophyllaceae,family,2518
Silene,Silene,genus,3085897
Cornus suecica (thick wall),Plantae,kingdom,6
Cornus suecica (thick wall),Tracheophyta,phylum,7707728
Cornus suecica (thick wall),Magnoliopsida,class,220
Cornus suecica (thick wall),Cornales,order,949
Cornus suecica (thick wall),Cornaceae,family,6713
Cornus suecica (thick wall),Cornus,genus,3082226
Cornus suecica (thick wall),Cornus suecica,species,3082246
Ericaceae cf. Calluna,Plantae,kingdom,6
Ericaceae cf. Calluna,Tracheophyta,phylum,7707728
Ericaceae cf. Calluna,Magnoliopsida,class,220
Ericaceae cf. Calluna,Ericales,order,1353
Ericaceae cf. Calluna,Ericaceae,family,2505
Euphorbiaceae cf. Mercurialis,Plantae,kingdom,6
Euphorbiaceae cf. Mercurialis,Tracheophyta,phylum,7707728
Euphorbiaceae cf. Mercurialis,Magnoliopsida,class,220
Euphorbiaceae cf. Mercurialis,Malpighiales,order,1414
Euphorbiaceae cf. Mercurialis,Euphorbiaceae,family,4691
Onagraceae cf. Epilobium,Plantae,kingdom,6
Onagraceae cf. Epilobium,Tracheophyta,phylum,7707728
Onagraceae cf. Epilobium,Magnoliopsida,class,220
Onagraceae cf. Epilobium,Myrtales,order,690
Onagraceae cf. Epilobium,Onagraceae,family,2430
Rubus cf. R. idaeus,Plantae,kingdom,6
Rubus cf. R. idaeus,Tracheophyta,phylum,7707728
Rubus cf. R. idaeus,Magnoliopsida,class,220
Rubus cf. R. idaeus,Rosales,order,691
Rubus cf. R. idaeus,Rosaceae,family,5015
Rubus cf. R. idaeus,Rubus,genus,2988638
Anagallis cf. A. arvensis,Plantae,kingdom,6
Anagallis cf. A. arvensis,Tracheophyta,phylum,7707728
Anagallis cf. A. arvensis,Magnoliopsida,class,220
Anagallis cf. A. arvensis,Ericales,order,1353
Anagallis cf. A. arvensis,Primulaceae,family,6674
Anagallis cf. A. arvensis,Lysimachia,genus,3169330
Anagallis cf. A. tenella,Plantae,kingdom,6
Anagallis cf. A. tenella,Tracheophyta,phylum,7707728
Anagallis cf. A. tenella,Magnoliopsida,class,220
Anagallis cf. A. tenella,Ericales,order,1353
Anagallis cf. A. tenella,Primulaceae,family,6674
Anagallis cf. A. tenella,Lysimachia,genus,3169330
Cannabaceae,Plantae,kingdom,6
Cannabaceae,Tracheophyta,phylum,7707728
Cannabaceae,Magnoliopsida,class,220
Cannabaceae,Rosales,order,691
Cannabaceae,Cannabaceae,family,2384
Centaurea cyanus-type,Plantae,kingdom,6
Centaurea cyanus-type,Tracheophyta,phylum,7707728
Centaurea cyanus-type,Magnoliopsida,class,220
Centaurea cyanus-type,Asterales,order,414
Centaurea cyanus-type,Asteraceae,family,3065
Centaurea cyanus-type,Centaurea,genus,3127469
Centaurea nigra-type,Plantae,kingdom,6
Centaurea nigra-type,Tracheophyta,phylum,7707728
Centaurea nigra-type,Magnoliopsida,class,220
Centaurea nigra-type,Asterales,order,414
Centaurea nigra-type,Asteraceae,family,3065
Centaurea nigra-type,Centaurea,genus,3127469
Diapensia lapponica,Plantae,kingdom,6
Diapensia lapponica,Tracheophyta,phylum,7707728
Diapensia lapponica,Magnoliopsida,class,220
Diapensia lapponica,Ericales,order,1353
Diapensia lapponica,Diapensiaceae,family,2512
Diapensia lapponica,Diapensia,genus,2882384
Diapensia lapponica,Diapensia lapponica,species,5333323
Polygonum cf. P. aviculare,Plantae,kingdom,6
Polygonum cf. P. aviculare,Tracheophyta,phylum,7707728
Polygonum cf. P. aviculare,Magnoliopsida,class,220
Polygonum cf. P. aviculare,Caryophyllales,order,422
Polygonum cf. P. aviculare,Polygonaceae,family,2416
Polygonum cf. P. aviculare,Polygonum,genus,2889077
Primula farinosa,Plantae,kingdom,6
Primula farinosa,Tracheophyta,phylum,7707728
Primula farinosa,Magnoliopsida,class,220
Primula farinosa,Ericales,order,1353
Primula farinosa,Primulaceae,family,6674
Primula farinosa,Primula,genus,8026112
Primula farinosa,Primula farinosa,species,7931979
Rumex cf. R. longifolius,Plantae,kingdom,6
Rumex cf. R. longifolius,Tracheophyta,phylum,7707728
Rumex cf. R. longifolius,Magnoliopsida,class,220
Rumex cf. R. longifolius,Caryophyllales,order,422
Rumex cf. R. longifolius,Polygonaceae,family,2416
Rumex cf. R. longifolius,Rumex,genus,2888942
"Alnus (shrub, pale shallow pores)",Plantae,kingdom,6
"Alnus (shrub, pale shallow pores)",Tracheophyta,phylum,7707728
"Alnus (shrub, pale shallow pores)",Magnoliopsida,class,220
"Alnus (shrub, pale shallow pores)",Fagales,order,1354
"Alnus (shrub, pale shallow pores)",Betulaceae,family,4688
"Alnus (shrub, pale shallow pores)",Alnus,genus,2876099
"Alnus (tree, robust deep pores)",Plantae,kingdom,6
"Alnus (tree, robust deep pores)",Tracheophyta,phylum,7707728
"Alnus (tree, robust deep pores)",Magnoliopsida,class,220
"Alnus (tree, robust deep pores)",Fagales,order,1354
"Alnus (tree, robust deep pores)",Betulaceae,family,4688
"Alnus (tree, robust deep pores)",Alnus,genus,2876099
Betula (hybrid),Plantae,kingdom,6
Betula (hybrid),Tracheophyta,phylum,7707728
Betula (hybrid),Magnoliopsida,class,220
Betula (hybrid),Fagales,order,1354
Betula (hybrid),Betulaceae,family,4688
Betula (hybrid),Betula,genus,2875008
Betula (tree),Plantae,kingdom,6
Betula (tree),Tracheophyta,phylum,7707728
Betula (tree),Magnoliopsida,class,220
Betula (tree),Fagales,order,1354
Betula (tree),Betulaceae,family,4688
Betula (tree),Betula,genus,2875008
Cannabaceae cf. Cannabis sativa,Plantae,kingdom,6
Cannabaceae cf. Cannabis sativa,Tracheophyta,phylum,7707728
Cannabaceae cf. Cannabis sativa,Magnoliopsida,class,220
Cannabaceae cf. Cannabis sativa,Rosales,order,691
Cannabaceae cf. Cannabis sativa,Cannabaceae,family,2384
Centaurea cf. C. cyanus,Plantae,kingdom,6
Centaurea cf. C. cyanus,Tracheophyta,phylum,7707728
Centaurea cf. C. cyanus,Magnoliopsida,class,220
Centaurea cf. C. cyanus,Asterales,order,414
Centaurea cf. C. cyanus,Asteraceae,family,3065
Centaurea cf. C. cyanus,Centaurea,genus,3127469
Micranthes cf. M. stellaris,Plantae,kingdom,6
Micranthes cf. M. stellaris,Tracheophyta,phylum,7707728
Micranthes cf. M. stellaris,Magnoliopsida,class,220
Micranthes cf. M. stellaris,Saxifragales,order,7219248
Micranthes cf. M. stellaris,Saxifragaceae,family,2402
Micranthes cf. M. stellaris,Micranthes,genus,6447095
Plantago cf. P. coronopus,Plantae,kingdom,6
Plantago cf. P. coronopus,Tracheophyta,phylum,7707728
Plantago cf. P. coronopus,Magnoliopsida,class,220
Plantago cf. P. coronopus,Lamiales,order,408
Plantago cf. P. coronopus,Plantaginaceae,family,2420
Plantago cf. P. coronopus,Plantago,genus,3189695
Saxifraga cf. S. oppositifolia,Plantae,kingdom,6
Saxifraga cf. S. oppositifolia,Tracheophyta,phylum,7707728
Saxifraga cf. S. oppositifolia,Magnoliopsida,class,220
Saxifraga cf. S. oppositifolia,Saxifragales,order,7219248
Saxifraga cf. S. oppositifolia,Saxifragaceae,family,2402
Saxifraga cf. S. oppositifolia,Saxifraga,genus,2987833
Saxifraga granulata-type,Plantae,kingdom,6
Saxifraga granulata-type,Tracheophyta,phylum,7707728
Saxifraga granulata-type,Magnoliopsida,class,220
Saxifraga granulata-type,Saxifragales,order,7219248
Saxifraga granulata-type,Saxifragaceae,family,2402
Saxifraga granulata-type,Saxifraga,genus,2987833
Spergularia,Plantae,kingdom,6
Spergularia,Tracheophyta,phylum,7707728
Spergularia,Magnoliopsida,class,220
Spergularia,Caryophyllales,order,422
Spergularia,Caryophyllaceae,family,2518
Spergularia,Spergularia,genus,8832859
Anagallis arvensis,Plantae,kingdom,6
Anagallis arvensis,Tracheophyta,phylum,7707728
Anagallis arvensis,Magnoliopsida,class,220
Anagallis arvensis,Ericales,order,1353
Anagallis arvensis,Primulaceae,family,6674
Anagallis arvensis,Lysimachia,genus,3169330
Anagallis arvensis,Lysimachia arvensis,species,8184903
Corylus avellana-type,Plantae,kingdom,6
Corylus avellana-type,Tracheophyta,phylum,7707728
Corylus avellana-type,Magnoliopsida,class,220
Corylus avellana-type,Fagales,order,1354
Corylus avellana-type,Betulaceae,family,4688
Corylus avellana-type,Corylus,genus,2875967
Jasione montana,Plantae,kingdom,6
Jasione montana,Tracheophyta,phylum,7707728
Jasione montana,Magnoliopsida,class,220
Jasione montana,Asterales,order,414
Jasione montana,Campanulaceae,family,8801
Jasione montana,Jasione,genus,3165617
Jasione montana,Jasione montana,species,8366345
Vicia sylvatica-type,Plantae,kingdom,6
Vicia sylvatica-type,Tracheophyta,phylum,7707728
Vicia sylvatica-type,Magnoliopsida,class,220
Vicia sylvatica-type,Fabales,order,1370
Vicia sylvatica-type,Fabaceae,family,5386
Vicia sylvatica-type,Vicia,genus,2974751
Alnus glutinosa-type,Plantae,kingdom,6
Alnus glutinosa-type,Tracheophyta,phylum,7707728
Alnus glutinosa-type,Magnoliopsida,class,220
Alnus glutinosa-type,Fagales,order,1354
Alnus glutinosa-type,Betulaceae,family,4688
Alnus glutinosa-type,Alnus,genus,2876099
Anthriscus sylvestris-type,Plantae,kingdom,6
Anthriscus sylvestris-type,Tracheophyta,phylum,7707728
Anthriscus sylvestris-type,Magnoliopsida,class,220
Anthriscus sylvestris-type,Apiales,order,1351
Anthriscus sylvestris-type,Apiaceae,family,6720
Anthriscus sylvestris-type,Anthriscus,genus,5371741
Bidens,Plantae,kingdom,6
Bidens,Tracheophyta,phylum,7707728
Bidens,Magnoliopsida,class,220
Bidens,Asterales,order,414
Bidens,Asteraceae,family,3065
Bidens,Bidens,genus,3105856
Chaerophyllum hirsutum-type,Plantae,kingdom,6
Chaerophyllum hirsutum-type,Tracheophyta,phylum,7707728
Chaerophyllum hirsutum-type,Magnoliopsida,class,220
Chaerophyllum hirsutum-type,Apiales,order,1351
Chaerophyllum hirsutum-type,Apiaceae,family,6720
Chaerophyllum hirsutum-type,Chaerophyllum,genus,3034649
Dipsacus,Plantae,kingdom,6
Dipsacus,Tracheophyta,phylum,7707728
Dipsacus,Magnoliopsida,class,220
Dipsacus,Dipsacales,order,946
Dipsacus,Caprifoliaceae,family,6710
Dipsacus,Dipsacus,genus,2888813
Lonicera xylosteum,Plantae,kingdom,6
Lonicera xylosteum,Tracheophyta,phylum,7707728
Lonicera xylosteum,Magnoliopsida,class,220
Lonicera xylosteum,Dipsacales,order,946
Lonicera xylosteum,Caprifoliaceae,family,6710
Lonicera xylosteum,Lonicera,genus,2888645
Lonicera xylosteum,Lonicera xylosteum,species,5334259
Phyteuma,Plantae,kingdom,6
Phyteuma,Tracheophyta,phylum,7707728
Phyteuma,Magnoliopsida,class,220
Phyteuma,Asterales,order,414
Phyteuma,Campanulaceae,family,8801
Phyteuma,Phyteuma,genus,3166599
Pimpinella major-type,Plantae,kingdom,6
Pimpinella major-type,Tracheophyta,phylum,7707728
Pimpinella major-type,Magnoliopsida,class,220
Pimpinella major-type,Apiales,order,1351
Pimpinella major-type,Apiaceae,family,6720
Pimpinella major-type,Pimpinella,genus,3034784
Ranunculus arvensis,Plantae,kingdom,6
Ranunculus arvensis,Tracheophyta,phylum,7707728
Ranunculus arvensis,Magnoliopsida,class,220
Ranunculus arvensis,Ranunculales,order,399
Ranunculus arvensis,Ranunculaceae,family,2410
Ranunculus arvensis,Ranunculus,genus,3033294
Ranunculus arvensis,Ranunculus arvensis,species,3033348
Rumex obtusifolius-type,Plantae,kingdom,6
Rumex obtusifolius-type,Tracheophyta,phylum,7707728
Rumex obtusifolius-type,Magnoliopsida,class,220
Rumex obtusifolius-type,Caryophyllales,order,422
Rumex obtusifolius-type,Polygonaceae,family,2416
Rumex obtusifolius-type,Rumex,genus,2888942
Vicia cracca-type,Plantae,kingdom,6
Vicia cracca-type,Tracheophyta,phylum,7707728
Vicia cracca-type,Magnoliopsida,class,220
Vicia cracca-type,Fabales,order,1370
Vicia cracca-type,Fabaceae,family,5386
Vicia cracca-type,Vicia,genus,2974751
Carduus,Plantae,kingdom,6
Carduus,Tracheophyta,phylum,7707728
Carduus,Magnoliopsida,class,220
Carduus,Asterales,order,414
Carduus,Asteraceae,family,3065
Carduus,Carduus,genus,3114511
Carum carvi,Plantae,kingdom,6
Carum carvi,Tracheophyta,phylum,7707728
Carum carvi,Magnoliopsida,class,220
Carum carvi,Apiales,order,1351
Carum carvi,Apiaceae,family,6720
Carum carvi,Carum,genus,3034712
Carum carvi,Carum carvi,species,3034714
Chamaenerion angustifolium-type,Plantae,kingdom,6
Chamaenerion angustifolium-type,Tracheophyta,phylum,7707728
Chamaenerion angustifolium-type,Magnoliopsida,class,220
Chamaenerion angustifolium-type,Myrtales,order,690
Chamaenerion angustifolium-type,Onagraceae,family,2430
Chamaenerion angustifolium-type,Chamaenerion,genus,8406741
Daucus,Plantae,kingdom,6
Daucus,Tracheophyta,phylum,7707728
Daucus,Magnoliopsida,class,220
Daucus,Apiales,order,1351
Daucus,Apiaceae,family,6720
Daucus,Daucus,genus,3034740
Polygonatum,Plantae,kingdom,6
Polygonatum,Tracheophyta,phylum,7707728
Polygonatum,Liliopsida,class,196
Polygonatum,Asparagales,order,1169
Polygonatum,Asparagaceae,family,7683
Polygonatum,Polygonatum,genus,2769995
Sanicula europaea,Plantae,kingdom,6
Sanicula europaea,Tracheophyta,phylum,7707728
Sanicula europaea,Magnoliopsida,class,220
Sanicula europaea,Apiales,order,1351
Sanicula europaea,Apiaceae,family,6720
Sanicula europaea,Sanicula,genus,3034831
Sanicula europaea,Sanicula europaea,species,6027128
Viburnum lantana,Plantae,kingdom,6
Viburnum lantana,Tracheophyta,phylum,7707728
Viburnum lantana,Magnoliopsida,class,220
Viburnum lantana,Dipsacales,order,946
Viburnum lantana,Viburnaceae,family,4924416
Viburnum lantana,Viburnum,genus,2888580
Viburnum lantana,Viburnum lantana,species,2888615
Gagea,Plantae,kingdom,6
Gagea,Tracheophyta,phylum,7707728
Gagea,Liliopsida,class,196
Gagea,Liliales,order,1172
Gagea,Liliaceae,family,7699
Gagea,Gagea,genus,2751406
Knautia,Plantae,kingdom,6
Knautia,Tracheophyta,phylum,7707728
Knautia,Magnoliopsida,class,220
Knautia,Dipsacales,order,946
Knautia,Caprifoliaceae,family,6710
Knautia,Knautia,genus,2888807
Pinus cembra-type,Plantae,kingdom,6
Pinus cembra-type,Tracheophyta,phylum,7707728
Pinus cembra-type,Pinopsida,class,194
Pinus cembra-type,Pinales,order,640
Pinus cembra-type,Pinaceae,family,3925
Pinus cembra-type,Pinus,genus,2684241
Plantago sp.,Plantae,kingdom,6
Plantago sp.,Tracheophyta,phylum,7707728
Plantago sp.,Magnoliopsida,class,220
Plantago sp.,Lamiales,order,408
Plantago sp.,Plantaginaceae,family,2420
Plantago sp.,Plantago,genus,3189695
Pulmonaria,Plantae,kingdom,6
Pulmonaria,Tracheophyta,phylum,7707728
Pulmonaria,Magnoliopsida,class,220
Pulmonaria,Boraginales,order,7226464
Pulmonaria,Boraginaceae,family,2498
Pulmonaria,Pulmonaria,genus,2925903
Symphytum,Plantae,kingdom,6
Symphytum,Tracheophyta,phylum,7707728
Symphytum,Magnoliopsida,class,220
Symphytum,Boraginales,order,7226464
Symphytum,Boraginaceae,family,2498
Symphytum,Symphytum,genus,2926061
Fallopia,Plantae,kingdom,6
Fallopia,Tracheophyta,phylum,7707728
Fallopia,Magnoliopsida,class,220
Fallopia,Caryophyllales,order,422
Fallopia,Polygonaceae,family,2416
Fallopia,Fallopia,genus,2889418
Gypsophila repens-type,Plantae,kingdom,6
Gypsophila repens-type,Tracheophyta,phylum,7707728
Gypsophila repens-type,Magnoliopsida,class,220
Gypsophila repens-type,Caryophyllales,order,422
Gypsophila repens-type,Caryophyllaceae,family,2518
Gypsophila repens-type,Gypsophila,genus,3085251
Koenigia alpina,Plantae,kingdom,6
Koenigia alpina,Tracheophyta,phylum,7707728
Koenigia alpina,Magnoliopsida,class,220
Koenigia alpina,Caryophyllales,order,422
Koenigia alpina,Polygonaceae,family,2416
Koenigia alpina,Koenigia,genus,2889050
Koenigia alpina,Koenigia alpina,species,9020499
Montia,Plantae,kingdom,6
Montia,Tracheophyta,phylum,7707728
Montia,Magnoliopsida,class,220
Montia,Caryophyllales,order,422
Montia,Montiaceae,family,4898338
Montia,Montia,genus,3084779
Montia,Animalia,kingdom,1
Montia,Mollusca,phylum,52
Montia,Gastropoda,class,225
Montia,Neogastropoda,order,982
Montia,Volutidae,family,6767
Montia,Montia,genus,3243327
Papaveraceae,Plantae,kingdom,6
Papaveraceae,Tracheophyta,phylum,7707728
Papaveraceae,Magnoliopsida,class,220
Papaveraceae,Ranunculales,order,399
Papaveraceae,Papaveraceae,family,2422
Plantago major-type,Plantae,kingdom,6
Plantago major-type,Tracheophyta,phylum,7707728
Plantago major-type,Magnoliopsida,class,220
Plantago major-type,Lamiales,order,408
Plantago major-type,Plantaginaceae,family,2420
Plantago major-type,Plantago,genus,3189695
Pleurospermum austriacum,Plantae,kingdom,6
Pleurospermum austriacum,Tracheophyta,phylum,7707728
Pleurospermum austriacum,Magnoliopsida,class,220
Pleurospermum austriacum,Apiales,order,1351
Pleurospermum austriacum,Apiaceae,family,6720
Pleurospermum austriacum,Pleurospermum,genus,6026568
Pleurospermum austriacum,Pleurospermum austriacum,species,3632864
Scleranthus annuus,Plantae,kingdom,6
Scleranthus annuus,Tracheophyta,phylum,7707728
Scleranthus annuus,Magnoliopsida,class,220
Scleranthus annuus,Caryophyllales,order,422
Scleranthus annuus,Caryophyllaceae,family,2518
Scleranthus annuus,Scleranthus,genus,3085893
Scleranthus annuus,Scleranthus annuus,species,3085894
Soldanella,Plantae,kingdom,6
Soldanella,Tracheophyta,phylum,7707728
Soldanella,Magnoliopsida,class,220
Soldanella,Ericales,order,1353
Soldanella,Primulaceae,family,6674
Soldanella,Soldanella,genus,7290442
Valeriana dioica-type,Plantae,kingdom,6
Valeriana dioica-type,Tracheophyta,phylum,7707728
Valeriana dioica-type,Magnoliopsida,class,220
Valeriana dioica-type,Dipsacales,order,946
Valeriana dioica-type,Caprifoliaceae,family,6710
Valeriana dioica-type,Valeriana,genus,2888741
Plantago media-type,Plantae,kingdom,6
Plantago media-type,Tracheophyta,phylum,7707728
Plantago media-type,Magnoliopsida,class,220
Plantago media-type,Lamiales,order,408
Plantago media-type,Plantaginaceae,family,2420
Plantago media-type,Plantago,genus,3189695
Centaurea stoebe-type,Plantae,kingdom,6
Centaurea stoebe-type,Tracheophyta,phylum,7707728
Centaurea stoebe-type,Magnoliopsida,class,220
Centaurea stoebe-type,Asterales,order,414
Centaurea stoebe-type,Asteraceae,family,3065
Centaurea stoebe-type,Centaurea,genus,3127469
Galeopsis,Animalia,kingdom,1
Galeopsis,Bryozoa,phylum,53
Galeopsis,Gymnolaemata,class,252
Galeopsis,Cheilostomatida,order,467
Galeopsis,Celleporidae,family,2110
Galeopsis,Galeopsis,genus,1009734
Galeopsis,Plantae,kingdom,6
Galeopsis,Tracheophyta,phylum,7707728
Galeopsis,Magnoliopsida,class,220
Galeopsis,Lamiales,order,408
Galeopsis,Lamiaceae,family,2497
Galeopsis,Galeopsis,genus,8423109
Gentiana asclepiadea-type,Plantae,kingdom,6
Gentiana asclepiadea-type,Tracheophyta,phylum,7707728
Gentiana asclepiadea-type,Magnoliopsida,class,220
Gentiana asclepiadea-type,Gentianales,order,412
Gentiana asclepiadea-type,Gentianaceae,family,2503
Gentiana asclepiadea-type,Gentiana,genus,3170037
Lysimachia vulgaris,Plantae,kingdom,6
Lysimachia vulgaris,Tracheophyta,phylum,7707728
Lysimachia vulgaris,Magnoliopsida,class,220
Lysimachia vulgaris,Ericales,order,1353
Lysimachia vulgaris,Primulaceae,family,6674
Lysimachia vulgaris,Lysimachia,genus,3169330
Lysimachia vulgaris,Lysimachia vulgaris,species,3169386
Oxalis,Plantae,kingdom,6
Oxalis,Tracheophyta,phylum,7707728
Oxalis,Magnoliopsida,class,220
Oxalis,Oxalidales,order,7224021
Oxalis,Oxalidaceae,family,6697
Oxalis,Oxalis,genus,2891642
Ribes cf. R. alpinum,Plantae,kingdom,6
Ribes cf. R. alpinum,Tracheophyta,phylum,7707728
Ribes cf. R. alpinum,Magnoliopsida,class,220
Ribes cf. R. alpinum,Saxifragales,order,7219248
Ribes cf. R. alpinum,Grossulariaceae,family,2403
Ribes cf. R. alpinum,Ribes,genus,2986095
Sambucus cf. S. ebulus,Plantae,kingdom,6
Sambucus cf. S. ebulus,Tracheophyta,phylum,7707728
Sambucus cf. S. ebulus,Magnoliopsida,class,220
Sambucus cf. S. ebulus,Dipsacales,order,946
Sambucus cf. S. ebulus,Viburnaceae,family,4924416
Sambucus cf. S. ebulus,Sambucus,genus,2888721
Valeriana dioica subsp. simplicifolia,Plantae,kingdom,6
Valeriana dioica subsp. simplicifolia,Tracheophyta,phylum,7707728
Valeriana dioica subsp. simplicifolia,Magnoliopsida,class,220
Valeriana dioica subsp. simplicifolia,Dipsacales,order,946
Valeriana dioica subsp. simplicifolia,Caprifoliaceae,family,6710
Valeriana dioica subsp. simplicifolia,Valeriana,genus,2888741
Valeriana dioica subsp. simplicifolia,Valeriana dioica,species,2888762
Valeriana dioica subsp. simplicifolia,Valeriana dioica simplicifolia,subspecies,8153721
Valeriana dioica subsp. simplicifolia,Plantae,kingdom,6
Valeriana dioica subsp. simplicifolia,Tracheophyta,phylum,7707728
Valeriana dioica subsp. simplicifolia,Magnoliopsida,class,220
Valeriana dioica subsp. simplicifolia,Dipsacales,order,946
Valeriana dioica subsp. simplicifolia,Caprifoliaceae,family,6710
Valeriana dioica subsp. simplicifolia,Valeriana,genus,2888741
Valeriana dioica subsp. simplicifolia,Valeriana dioica,species,2888762
Valeriana dioica subsp. simplicifolia,Valeriana dioica simplicifolia,subspecies,12148657
Veratrum,Plantae,kingdom,6
Veratrum,Tracheophyta,phylum,7707728
Veratrum,Liliopsida,class,196
Veratrum,Liliales,order,1172
Veratrum,Melanthiaceae,family,7700
Veratrum,Veratrum,genus,2742049
Viola arvensis-type,Animalia,kingdom,1
Viola arvensis-type,Arthropoda,phylum,54
Viola arvensis-type,Insecta,class,216
Viola arvensis-type,Lepidoptera,order,797
Viola arvensis-type,Hesperiidae,family,6953
Viola arvensis-type,Viola,genus,1944973
Viola arvensis-type,Plantae,kingdom,6
Viola arvensis-type,Tracheophyta,phylum,7707728
Viola arvensis-type,Magnoliopsida,class,220
Viola arvensis-type,Malpighiales,order,1414
Viola arvensis-type,Violaceae,family,6631
Viola arvensis-type,Viola,genus,2874237
Lysimachia nemorum,Plantae,kingdom,6
Lysimachia nemorum,Tracheophyta,phylum,7707728
Lysimachia nemorum,Magnoliopsida,class,220
Lysimachia nemorum,Ericales,order,1353
Lysimachia nemorum,Primulaceae,family,6674
Lysimachia nemorum,Lysimachia,genus,3169330
Lysimachia nemorum,Lysimachia nemorum,species,7702019
Pinguicula vulgaris,Plantae,kingdom,6
Pinguicula vulgaris,Tracheophyta,phylum,7707728
Pinguicula vulgaris,Magnoliopsida,class,220
Pinguicula vulgaris,Lamiales,order,408
Pinguicula vulgaris,Lentibulariaceae,family,2391
Pinguicula vulgaris,Pinguicula,genus,3172450
Pinguicula vulgaris,Pinguicula vulgaris,species,5415065
Helianthemum nummularium-type,Plantae,kingdom,6
Helianthemum nummularium-type,Tracheophyta,phylum,7707728
Helianthemum nummularium-type,Magnoliopsida,class,220
Helianthemum nummularium-type,Malvales,order,941
Helianthemum nummularium-type,Cistaceae,family,6635
Helianthemum nummularium-type,Helianthemum,genus,2874068
Helianthemum oelandicum subsp. alpestris-type,Plantae,kingdom,6
Helianthemum oelandicum subsp. alpestris-type,Tracheophyta,phylum,7707728
Helianthemum oelandicum subsp. alpestris-type,Magnoliopsida,class,220
Helianthemum oelandicum subsp. alpestris-type,Malvales,order,941
Helianthemum oelandicum subsp. alpestris-type,Cistaceae,family,6635
Helianthemum oelandicum subsp. alpestris-type,Helianthemum,genus,2874068
Helianthemum oelandicum subsp. alpestris-type,Helianthemum oelandicum,species,7331276
Paradisea liliastrum,Plantae,kingdom,6
Paradisea liliastrum,Tracheophyta,phylum,7707728
Paradisea liliastrum,Liliopsida,class,196
Paradisea liliastrum,Asparagales,order,1169
Paradisea liliastrum,Asparagaceae,family,7683
Paradisea liliastrum,Paradisea,genus,2752723
Paradisea liliastrum,Paradisea liliastrum,species,5304344
Pinus cembra,Plantae,kingdom,6
Pinus cembra,Tracheophyta,phylum,7707728
Pinus cembra,Pinopsida,class,194
Pinus cembra,Pinales,order,640
Pinus cembra,Pinaceae,family,3925
Pinus cembra,Pinus,genus,2684241
Pinus cembra,Pinus cembra,species,5285134
Plantago alpina-type,Plantae,kingdom,6
Plantago alpina-type,Tracheophyta,phylum,7707728
Plantago alpina-type,Magnoliopsida,class,220
Plantago alpina-type,Lamiales,order,408
Plantago alpina-type,Plantaginaceae,family,2420
Plantago alpina-type,Plantago,genus,3189695
Plantago atrata-type,Plantae,kingdom,6
Plantago atrata-type,Tracheophyta,phylum,7707728
Plantago atrata-type,Magnoliopsida,class,220
Plantago atrata-type,Lamiales,order,408
Plantago atrata-type,Plantaginaceae,family,2420
Plantago atrata-type,Plantago,genus,3189695
Androsace,Plantae,kingdom,6
Androsace,Tracheophyta,phylum,7707728
Androsace,Magnoliopsida,class,220
Androsace,Ericales,order,1353
Androsace,Primulaceae,family,6674
Androsace,Androsace,genus,3169318
Bupleurum,Plantae,kingdom,6
Bupleurum,Tracheophyta,phylum,7707728
Bupleurum,Magnoliopsida,class,220
Bupleurum,Apiales,order,1351
Bupleurum,Apiaceae,family,6720
Bupleurum,Bupleurum,genus,3034551
Centaurea nigra,Plantae,kingdom,6
Centaurea nigra,Tracheophyta,phylum,7707728
Centaurea nigra,Magnoliopsida,class,220
Centaurea nigra,Asterales,order,414
Centaurea nigra,Asteraceae,family,3065
Centaurea nigra,Centaurea,genus,3127469
Centaurea nigra,Centaurea nigra,species,3128225
Crassulaceae,Plantae,kingdom,6
Crassulaceae,Tracheophyta,phylum,7707728
Crassulaceae,Magnoliopsida,class,220
Crassulaceae,Saxifragales,order,7219248
Crassulaceae,Crassulaceae,family,2406
Linaria,Plantae,kingdom,6
Linaria,Tracheophyta,phylum,7707728
Linaria,Magnoliopsida,class,220
Linaria,Lamiales,order,408
Linaria,Plantaginaceae,family,2420
Linaria,Linaria,genus,3172168
Linaria,Animalia,kingdom,1
Linaria,Chordata,phylum,44
Linaria,Aves,class,212
Linaria,Passeriformes,order,729
Linaria,Fringillidae,family,5242
Linaria,Linaria,genus,8741507
Odontites,Plantae,kingdom,6
Odontites,Tracheophyta,phylum,7707728
Odontites,Magnoliopsida,class,220
Odontites,Lamiales,order,408
Odontites,Orobanchaceae,family,6651
Odontites,Odontites,genus,3172217
Oleaceae,Plantae,kingdom,6
Oleaceae,Tracheophyta,phylum,7707728
Oleaceae,Magnoliopsida,class,220
Oleaceae,Lamiales,order,408
Oleaceae,Oleaceae,family,6652
Ostrya,Plantae,kingdom,6
Ostrya,Tracheophyta,phylum,7707728
Ostrya,Magnoliopsida,class,220
Ostrya,Fagales,order,1354
Ostrya,Betulaceae,family,4688
Ostrya,Ostrya,genus,8091875
Quercus ilex-type,Plantae,kingdom,6
Quercus ilex-type,Tracheophyta,phylum,7707728
Quercus ilex-type,Magnoliopsida,class,220
Quercus ilex-type,Fagales,order,1354
Quercus ilex-type,Fagaceae,family,4689
Quercus ilex-type,Quercus,genus,2877951
Quercus robur-type,Plantae,kingdom,6
Quercus robur-type,Tracheophyta,phylum,7707728
Quercus robur-type,Magnoliopsida,class,220
Quercus robur-type,Fagales,order,1354
Quercus robur-type,Fagaceae,family,4689
Quercus robur-type,Quercus,genus,2877951
Urticaceae,Plantae,kingdom,6
Urticaceae,Tracheophyta,phylum,7707728
Urticaceae,Magnoliopsida,class,220
Urticaceae,Rosales,order,691
Urticaceae,Urticaceae,family,6639
Calystegia,Plantae,kingdom,6
Calystegia,Tracheophyta,phylum,7707728
Calystegia,Magnoliopsida,class,220
Calystegia,Solanales,order,1176
Calystegia,Convolvulaceae,family,2389
Calystegia,Calystegia,genus,2928418
Centaurea jacea,Plantae,kingdom,6
Centaurea jacea,Tracheophyta,phylum,7707728
Centaurea jacea,Magnoliopsida,class,220
Centaurea jacea,Asterales,order,414
Centaurea jacea,Asteraceae,family,3065
Centaurea jacea,Centaurea,genus,3127469
Centaurea jacea,Centaurea jacea,species,3128547
Cynoglossum,Plantae,kingdom,6
Cynoglossum,Tracheophyta,phylum,7707728
Cynoglossum,Magnoliopsida,class,220
Cynoglossum,Boraginales,order,7226464
Cynoglossum,Boraginaceae,family,2498
Cynoglossum,Cynoglossum,genus,2925812
Dianthus,Plantae,kingdom,6
Dianthus,Tracheophyta,phylum,7707728
Dianthus,Magnoliopsida,class,220
Dianthus,Caryophyllales,order,422
Dianthus,Caryophyllaceae,family,2518
Dianthus,Dianthus,genus,3085411
Digitalis,Plantae,kingdom,6
Digitalis,Tracheophyta,phylum,7707728
Digitalis,Magnoliopsida,class,220
Digitalis,Lamiales,order,408
Digitalis,Plantaginaceae,family,2420
Digitalis,Digitalis,genus,3172032
Gentiana pneumonanthe-type,Plantae,kingdom,6
Gentiana pneumonanthe-type,Tracheophyta,phylum,7707728
Gentiana pneumonanthe-type,Magnoliopsida,class,220
Gentiana pneumonanthe-type,Gentianales,order,412
Gentiana pneumonanthe-type,Gentianaceae,family,2503
Gentiana pneumonanthe-type,Gentiana,genus,3170037
Linum usitatissimum,Plantae,kingdom,6
Linum usitatissimum,Tracheophyta,phylum,7707728
Linum usitatissimum,Magnoliopsida,class,220
Linum usitatissimum,Malpighiales,order,1414
Linum usitatissimum,Linaceae,family,2493
Linum usitatissimum,Linum,genus,2873855
Linum usitatissimum,Linum usitatissimum,species,2873861
Lotus pedunculatus,Plantae,kingdom,6
Lotus pedunculatus,Tracheophyta,phylum,7707728
Lotus pedunculatus,Magnoliopsida,class,220
Lotus pedunculatus,Fabales,order,1370
Lotus pedunculatus,Fabaceae,family,5386
Lotus pedunculatus,Lotus,genus,10220564
Lotus pedunculatus,Lotus pedunculatus,species,5356854
Myosotis,Plantae,kingdom,6
Myosotis,Tracheophyta,phylum,7707728
Myosotis,Magnoliopsida,class,220
Myosotis,Boraginales,order,7226464
Myosotis,Boraginaceae,family,2498
Myosotis,Myosotis,genus,2925668
Reseda,Plantae,kingdom,6
Reseda,Tracheophyta,phylum,7707728
Reseda,Magnoliopsida,class,220
Reseda,Brassicales,order,7225535
Reseda,Resedaceae,family,3110
Reseda,Reseda,genus,3040250
Scleranthus,Plantae,kingdom,6
Scleranthus,Tracheophyta,phylum,7707728
Scleranthus,Magnoliopsida,class,220
Scleranthus,Caryophyllales,order,422
Scleranthus,Caryophyllaceae,family,2518
Scleranthus,Scleranthus,genus,3085893
Solanum nigrum,Plantae,kingdom,6
Solanum nigrum,Tracheophyta,phylum,7707728
Solanum nigrum,Magnoliopsida,class,220
Solanum nigrum,Solanales,order,1176
Solanum nigrum,Solanaceae,family,7717
Solanum nigrum,Solanum,genus,2928997
Solanum nigrum,Solanum nigrum,species,9150405
Spergula arvensis,Plantae,kingdom,6
Spergula arvensis,Tracheophyta,phylum,7707728
Spergula arvensis,Magnoliopsida,class,220
Spergula arvensis,Caryophyllales,order,422
Spergula arvensis,Caryophyllaceae,family,2518
Spergula arvensis,Spergula,genus,3085807
Spergula arvensis,Spergula arvensis,species,3085810
Vicia cracca,Plantae,kingdom,6
Vicia cracca,Tracheophyta,phylum,7707728
Vicia cracca,Magnoliopsida,class,220
Vicia cracca,Fabales,order,1370
Vicia cracca,Fabaceae,family,5386
Vicia cracca,Vicia,genus,2974751
Vicia cracca,Vicia cracca,species,2975287
Aquilegia,Plantae,kingdom,6
Aquilegia,Tracheophyta,phylum,7707728
Aquilegia,Magnoliopsida,class,220
Aquilegia,Ranunculales,order,399
Aquilegia,Ranunculaceae,family,2410
Aquilegia,Aquilegia,genus,3033167
Asphodelus,Plantae,kingdom,6
Asphodelus,Tracheophyta,phylum,7707728
Asphodelus,Liliopsida,class,196
Asphodelus,Asparagales,order,1169
Asphodelus,Asphodelaceae,family,4259209
Asphodelus,Asphodelus,genus,7502499
Centaurea collina,Plantae,kingdom,6
Centaurea collina,Tracheophyta,phylum,7707728
Centaurea collina,Magnoliopsida,class,220
Centaurea collina,Asterales,order,414
Centaurea collina,Asteraceae,family,3065
Centaurea collina,Centaurea,genus,3127469
Centaurea collina,Centaurea collina,species,3128943
Convolvulus,Plantae,kingdom,6
Convolvulus,Tracheophyta,phylum,7707728
Convolvulus,Magnoliopsida,class,220
Convolvulus,Solanales,order,1176
Convolvulus,Convolvulaceae,family,2389
Convolvulus,Convolvulus,genus,2928386
Juncaceae,Plantae,kingdom,6
Juncaceae,Tracheophyta,phylum,7707728
Juncaceae,Liliopsida,class,196
Juncaceae,Poales,order,1369
Juncaceae,Juncaceae,family,5353
Ceratonia,Plantae,kingdom,6
Ceratonia,Tracheophyta,phylum,7707728
Ceratonia,Magnoliopsida,class,220
Ceratonia,Fabales,order,1370
Ceratonia,Fabaceae,family,5386
Ceratonia,Ceratonia,genus,2962230
Cistus,Plantae,kingdom,6
Cistus,Tracheophyta,phylum,7707728
Cistus,Magnoliopsida,class,220
Cistus,Malvales,order,941
Cistus,Cistaceae,family,6635
Cistus,Cistus,genus,2874026
Quercus suber-type,Plantae,kingdom,6
Quercus suber-type,Tracheophyta,phylum,7707728
Quercus suber-type,Magnoliopsida,class,220
Quercus suber-type,Fagales,order,1354
Quercus suber-type,Fagaceae,family,4689
Quercus suber-type,Quercus,genus,2877951
Cytisus,Plantae,kingdom,6
Cytisus,Tracheophyta,phylum,7707728
Cytisus,Magnoliopsida,class,220
Cytisus,Fabales,order,1370
Cytisus,Fabaceae,family,5386
Cytisus,Cytisus,genus,8089532
Lilium,Plantae,kingdom,6
Lilium,Tracheophyta,phylum,7707728
Lilium,Liliopsida,class,196
Lilium,Liliales,order,1172
Lilium,Liliaceae,family,7699
Lilium,Lilium,genus,2752977
Quercus robur,Plantae,kingdom,6
Quercus robur,Tracheophyta,phylum,7707728
Quercus robur,Magnoliopsida,class,220
Quercus robur,Fagales,order,1354
Quercus robur,Fagaceae,family,4689
Quercus robur,Quercus,genus,2877951
Quercus robur,Quercus robur,species,2878688
Spergula,Plantae,kingdom,6
Spergula,Tracheophyta,phylum,7707728
Spergula,Magnoliopsida,class,220
Spergula,Caryophyllales,order,422
Spergula,Caryophyllaceae,family,2518
Spergula,Spergula,genus,3085807
Cuscuta,Plantae,kingdom,6
Cuscuta,Tracheophyta,phylum,7707728
Cuscuta,Magnoliopsida,class,220
Cuscuta,Solanales,order,1176
Cuscuta,Convolvulaceae,family,2389
Cuscuta,Cuscuta,genus,2927479
Epipactis,Plantae,kingdom,6
Epipactis,Tracheophyta,phylum,7707728
Epipactis,Liliopsida,class,196
Epipactis,Asparagales,order,1169
Epipactis,Orchidaceae,family,7689
Epipactis,Epipactis,genus,8254469
Hypericum perforatum-type,Plantae,kingdom,6
Hypericum perforatum-type,Tracheophyta,phylum,7707728
Hypericum perforatum-type,Magnoliopsida,class,220
Hypericum perforatum-type,Malpighiales,order,1414
Hypericum perforatum-type,Hypericaceae,family,4900406
Hypericum perforatum-type,Hypericum,genus,3189452
Lycopsis arvensis-type,Plantae,kingdom,6
Lycopsis arvensis-type,Tracheophyta,phylum,7707728
Lycopsis arvensis-type,Magnoliopsida,class,220
Lycopsis arvensis-type,Boraginales,order,7226464
Lycopsis arvensis-type,Boraginaceae,family,2498
Lycopsis arvensis-type,Lycopsis,genus,2926003
Rhododendron subsect. Ledum,Plantae,kingdom,6
Rhododendron subsect. Ledum,Tracheophyta,phylum,7707728
Rhododendron subsect. Ledum,Magnoliopsida,class,220
Rhododendron subsect. Ledum,Ericales,order,1353
Rhododendron subsect. Ledum,Ericaceae,family,2505
Rhododendron subsect. Ledum,Rhododendron,genus,2883026
Rhus coriaria-type,Plantae,kingdom,6
Rhus coriaria-type,Tracheophyta,phylum,7707728
Rhus coriaria-type,Magnoliopsida,class,220
Rhus coriaria-type,Sapindales,order,933
Rhus coriaria-type,Anacardiaceae,family,2398
Rhus coriaria-type,Rhus,genus,3190534
Convolvulus arvensis-type,Plantae,kingdom,6
Convolvulus arvensis-type,Tracheophyta,phylum,7707728
Convolvulus arvensis-type,Magnoliopsida,class,220
Convolvulus arvensis-type,Solanales,order,1176
Convolvulus arvensis-type,Convolvulaceae,family,2389
Convolvulus arvensis-type,Convolvulus,genus,2928386
Cuscuta europaea-type,Plantae,kingdom,6
Cuscuta europaea-type,Tracheophyta,phylum,7707728
Cuscuta europaea-type,Magnoliopsida,class,220
Cuscuta europaea-type,Solanales,order,1176
Cuscuta europaea-type,Convolvulaceae,family,2389
Cuscuta europaea-type,Cuscuta,genus,2927479
Iris pseudacorus-type,Animalia,kingdom,1
Iris pseudacorus-type,Arthropoda,phylum,54
Iris pseudacorus-type,Insecta,class,216
Iris pseudacorus-type,Mantodea,order,788
Iris pseudacorus-type,Eremiaphilidae,family,9382
Iris pseudacorus-type,Iris,genus,1404282
Iris pseudacorus-type,Plantae,kingdom,6
Iris pseudacorus-type,Tracheophyta,phylum,7707728
Iris pseudacorus-type,Liliopsida,class,196
Iris pseudacorus-type,Asparagales,order,1169
Iris pseudacorus-type,Iridaceae,family,7698
Iris pseudacorus-type,Iris,genus,2748017
Jasione montana-type,Plantae,kingdom,6
Jasione montana-type,Tracheophyta,phylum,7707728
Jasione montana-type,Magnoliopsida,class,220
Jasione montana-type,Asterales,order,414
Jasione montana-type,Campanulaceae,family,8801
Jasione montana-type,Jasione,genus,3165617
Rumex aquaticus-type,Plantae,kingdom,6
Rumex aquaticus-type,Tracheophyta,phylum,7707728
Rumex aquaticus-type,Magnoliopsida,class,220
Rumex aquaticus-type,Caryophyllales,order,422
Rumex aquaticus-type,Polygonaceae,family,2416
Rumex aquaticus-type,Rumex,genus,2888942
Rumex crispus-type,Plantae,kingdom,6
Rumex crispus-type,Tracheophyta,phylum,7707728
Rumex crispus-type,Magnoliopsida,class,220
Rumex crispus-type,Caryophyllales,order,422
Rumex crispus-type,Polygonaceae,family,2416
Rumex crispus-type,Rumex,genus,2888942
Sanguisorba minor-type,Plantae,kingdom,6
Sanguisorba minor-type,Tracheophyta,phylum,7707728
Sanguisorba minor-type,Magnoliopsida,class,220
Sanguisorba minor-type,Rosales,order,691
Sanguisorba minor-type,Rosaceae,family,5015
Sanguisorba minor-type,Sanguisorba,genus,3029383
Saxifraga aizoides-type,Plantae,kingdom,6
Saxifraga aizoides-type,Tracheophyta,phylum,7707728
Saxifraga aizoides-type,Magnoliopsida,class,220
Saxifraga aizoides-type,Saxifragales,order,7219248
Saxifraga aizoides-type,Saxifragaceae,family,2402
Saxifraga aizoides-type,Saxifraga,genus,2987833
Thesium,Animalia,kingdom,1
Thesium,Arthropoda,phylum,54
Thesium,Insecta,class,216
Thesium,Coleoptera,order,1470
Thesium,Staphylinidae,family,7854
Thesium,Thesium,genus,1040408
Thesium,Plantae,kingdom,6
Thesium,Tracheophyta,phylum,7707728
Thesium,Magnoliopsida,class,220
Thesium,Santalales,order,934
Thesium,Thesiaceae,family,4935842
Thesium,Thesium,genus,2889786
Tilia cordata-type,Plantae,kingdom,6
Tilia cordata-type,Tracheophyta,phylum,7707728
Tilia cordata-type,Magnoliopsida,class,220
Tilia cordata-type,Malvales,order,941
Tilia cordata-type,Malvaceae,family,6685
Tilia cordata-type,Tilia,genus,3152041
Tilia platyphyllos-type,Plantae,kingdom,6
Tilia platyphyllos-type,Tracheophyta,phylum,7707728
Tilia platyphyllos-type,Magnoliopsida,class,220
Tilia platyphyllos-type,Malvales,order,941
Tilia platyphyllos-type,Malvaceae,family,6685
Tilia platyphyllos-type,Tilia,genus,3152041
Viburnum opulus-type,Plantae,kingdom,6
Viburnum opulus-type,Tracheophyta,phylum,7707728
Viburnum opulus-type,Magnoliopsida,class,220
Viburnum opulus-type,Dipsacales,order,946
Viburnum opulus-type,Viburnaceae,family,4924416
Viburnum opulus-type,Viburnum,genus,2888580
Cerastium alpinum-type,Plantae,kingdom,6
Cerastium alpinum-type,Tracheophyta,phylum,7707728
Cerastium alpinum-type,Magnoliopsida,class,220
Cerastium alpinum-type,Caryophyllales,order,422
Cerastium alpinum-type,Caryophyllaceae,family,2518
Cerastium alpinum-type,Cerastium,genus,2873815
Cerastium undiff.,Plantae,kingdom,6
Cerastium undiff.,Tracheophyta,phylum,7707728
Cerastium undiff.,Magnoliopsida,class,220
Cerastium undiff.,Caryophyllales,order,422
Cerastium undiff.,Caryophyllaceae,family,2518
Cerastium undiff.,Cerastium,genus,2873815
Filipendula vulgaris,Plantae,kingdom,6
Filipendula vulgaris,Tracheophyta,phylum,7707728
Filipendula vulgaris,Magnoliopsida,class,220
Filipendula vulgaris,Rosales,order,691
Filipendula vulgaris,Rosaceae,family,5015
Filipendula vulgaris,Filipendula,genus,2987968
Filipendula vulgaris,Filipendula vulgaris,species,2988069
Hypericum pulchrum-type,Plantae,kingdom,6
Hypericum pulchrum-type,Tracheophyta,phylum,7707728
Hypericum pulchrum-type,Magnoliopsida,class,220
Hypericum pulchrum-type,Malpighiales,order,1414
Hypericum pulchrum-type,Hypericaceae,family,4900406
Hypericum pulchrum-type,Hypericum,genus,3189452
Prunus cf. P. padus,Plantae,kingdom,6
Prunus cf. P. padus,Tracheophyta,phylum,7707728
Prunus cf. P. padus,Magnoliopsida,class,220
Prunus cf. P. padus,Rosales,order,691
Prunus cf. P. padus,Rosaceae,family,5015
Prunus cf. P. padus,Prunus,genus,3020559
Rubus saxatilis,Plantae,kingdom,6
Rubus saxatilis,Tracheophyta,phylum,7707728
Rubus saxatilis,Magnoliopsida,class,220
Rubus saxatilis,Rosales,order,691
Rubus saxatilis,Rosaceae,family,5015
Rubus saxatilis,Rubus,genus,2988638
Rubus saxatilis,Rubus saxatilis,species,2992808
Salix pentandra-type,Plantae,kingdom,6
Salix pentandra-type,Tracheophyta,phylum,7707728
Salix pentandra-type,Magnoliopsida,class,220
Salix pentandra-type,Malpighiales,order,1414
Salix pentandra-type,Salicaceae,family,6664
Salix pentandra-type,Salix,genus,3039576
Saussurea nuda,Plantae,kingdom,6
Saussurea nuda,Tracheophyta,phylum,7707728
Saussurea nuda,Magnoliopsida,class,220
Saussurea nuda,Asterales,order,414
Saussurea nuda,Asteraceae,family,3065
Saussurea nuda,Saussurea,genus,2752681
Saussurea nuda,Saussurea nuda,species,5404462
Saxifraga aizoides,Plantae,kingdom,6
Saxifraga aizoides,Tracheophyta,phylum,7707728
Saxifraga aizoides,Magnoliopsida,class,220
Saxifraga aizoides,Saxifragales,order,7219248
Saxifraga aizoides,Saxifragaceae,family,2402
Saxifraga aizoides,Saxifraga,genus,2987833
Saxifraga aizoides,Saxifraga aizoides,species,8165236
Stellaria undiff.,Plantae,kingdom,6
Stellaria undiff.,Tracheophyta,phylum,7707728
Stellaria undiff.,Magnoliopsida,class,220
Stellaria undiff.,Caryophyllales,order,422
Stellaria undiff.,Caryophyllaceae,family,2518
Stellaria undiff.,Stellaria,genus,3085667
Stellaria undiff.,Animalia,kingdom,1
Stellaria undiff.,Mollusca,phylum,52
Stellaria undiff.,Gastropoda,class,225
Stellaria undiff.,Littorinimorpha,order,7390893
Stellaria undiff.,Xenophoridae,family,7055
Stellaria undiff.,Stellaria,genus,3244642
Succisa pratensis,Plantae,kingdom,6
Succisa pratensis,Tracheophyta,phylum,7707728
Succisa pratensis,Magnoliopsida,class,220
Succisa pratensis,Dipsacales,order,946
Succisa pratensis,Caprifoliaceae,family,6710
Succisa pratensis,Succisa,genus,2888810
Succisa pratensis,Succisa pratensis,species,2888811
Chrysosplenium oppositifolium,Plantae,kingdom,6
Chrysosplenium oppositifolium,Tracheophyta,phylum,7707728
Chrysosplenium oppositifolium,Magnoliopsida,class,220
Chrysosplenium oppositifolium,Saxifragales,order,7219248
Chrysosplenium oppositifolium,Saxifragaceae,family,2402
Chrysosplenium oppositifolium,Chrysosplenium,genus,3032632
Chrysosplenium oppositifolium,Chrysosplenium oppositifolium,species,7526486
Prunus avium/P. spinosa,Plantae,kingdom,6
Prunus avium/P. spinosa,Tracheophyta,phylum,7707728
Prunus avium/P. spinosa,Magnoliopsida,class,220
Prunus avium/P. spinosa,Rosales,order,691
Prunus avium/P. spinosa,Rosaceae,family,5015
Prunus avium/P. spinosa,Prunus,genus,3020559
Silene uniflora subsp. uniflora-type,Plantae,kingdom,6
Silene uniflora subsp. uniflora-type,Tracheophyta,phylum,7707728
Silene uniflora subsp. uniflora-type,Magnoliopsida,class,220
Silene uniflora subsp. uniflora-type,Caryophyllales,order,422
Silene uniflora subsp. uniflora-type,Caryophyllaceae,family,2518
Silene uniflora subsp. uniflora-type,Silene,genus,3085897
Silene uniflora subsp. uniflora-type,Silene uniflora,species,8406661
Alnus glutinosa/A. incana,Plantae,kingdom,6
Alnus glutinosa/A. incana,Tracheophyta,phylum,7707728
Alnus glutinosa/A. incana,Magnoliopsida,class,220
Alnus glutinosa/A. incana,Fagales,order,1354
Alnus glutinosa/A. incana,Betulaceae,family,4688
Alnus glutinosa/A. incana,Alnus,genus,2876099
Centaurea collina-type,Plantae,kingdom,6
Centaurea collina-type,Tracheophyta,phylum,7707728
Centaurea collina-type,Magnoliopsida,class,220
Centaurea collina-type,Asterales,order,414
Centaurea collina-type,Asteraceae,family,3065
Centaurea collina-type,Centaurea,genus,3127469
Koenigia alpina-type,Plantae,kingdom,6
Koenigia alpina-type,Tracheophyta,phylum,7707728
Koenigia alpina-type,Magnoliopsida,class,220
Koenigia alpina-type,Caryophyllales,order,422
Koenigia alpina-type,Polygonaceae,family,2416
Koenigia alpina-type,Koenigia,genus,2889050
Persicaria amphibia-type,Plantae,kingdom,6
Persicaria amphibia-type,Tracheophyta,phylum,7707728
Persicaria amphibia-type,Magnoliopsida,class,220
Persicaria amphibia-type,Caryophyllales,order,422
Persicaria amphibia-type,Polygonaceae,family,2416
Persicaria amphibia-type,Persicaria,genus,6390748
Plantago alpina,Plantae,kingdom,6
Plantago alpina,Tracheophyta,phylum,7707728
Plantago alpina,Magnoliopsida,class,220
Plantago alpina,Lamiales,order,408
Plantago alpina,Plantaginaceae,family,2420
Plantago alpina,Plantago,genus,3189695
Plantago alpina,Plantago alpina,species,7303060
Centaurea montana-type,Plantae,kingdom,6
Centaurea montana-type,Tracheophyta,phylum,7707728
Centaurea montana-type,Magnoliopsida,class,220
Centaurea montana-type,Asterales,order,414
Centaurea montana-type,Asteraceae,family,3065
Centaurea montana-type,Centaurea,genus,3127469
Eranthis hyemalis,Plantae,kingdom,6
Eranthis hyemalis,Tracheophyta,phylum,7707728
Eranthis hyemalis,Magnoliopsida,class,220
Eranthis hyemalis,Ranunculales,order,399
Eranthis hyemalis,Ranunculaceae,family,2410
Eranthis hyemalis,Eranthis,genus,3033226
Eranthis hyemalis,Eranthis hyemalis,species,3033227
Falcaria vulgaris,Plantae,kingdom,6
Falcaria vulgaris,Tracheophyta,phylum,7707728
Falcaria vulgaris,Magnoliopsida,class,220
Falcaria vulgaris,Apiales,order,1351
Falcaria vulgaris,Apiaceae,family,6720
Falcaria vulgaris,Falcaria,genus,3034533
Falcaria vulgaris,Falcaria vulgaris,species,5371782
Petasites,Plantae,kingdom,6
Petasites,Tracheophyta,phylum,7707728
Petasites,Magnoliopsida,class,220
Petasites,Asterales,order,414
Petasites,Asteraceae,family,3065
Petasites,Petasites,genus,10717129
Rumex alpinus,Plantae,kingdom,6
Rumex alpinus,Tracheophyta,phylum,7707728
Rumex alpinus,Magnoliopsida,class,220
Rumex alpinus,Caryophyllales,order,422
Rumex alpinus,Polygonaceae,family,2416
Rumex alpinus,Rumex,genus,2888942
Rumex alpinus,Rumex alpinus,species,2888948
Spiraea,Plantae,kingdom,6
Spiraea,Tracheophyta,phylum,7707728
Spiraea,Magnoliopsida,class,220
Spiraea,Rosales,order,691
Spiraea,Rosaceae,family,5015
Spiraea,Spiraea,genus,3026392
Agrimonia,Plantae,kingdom,6
Agrimonia,Tracheophyta,phylum,7707728
Agrimonia,Magnoliopsida,class,220
Agrimonia,Rosales,order,691
Agrimonia,Rosaceae,family,5015
Agrimonia,Agrimonia,genus,3001953
Allium ursinum-type,Plantae,kingdom,6
Allium ursinum-type,Tracheophyta,phylum,7707728
Allium ursinum-type,Liliopsida,class,196
Allium ursinum-type,Asparagales,order,1169
Allium ursinum-type,Amaryllidaceae,family,7682
Allium ursinum-type,Allium,genus,9624496
Anemone sect. Pulsatilla,Plantae,kingdom,6
Anemone sect. Pulsatilla,Tracheophyta,phylum,7707728
Anemone sect. Pulsatilla,Magnoliopsida,class,220
Anemone sect. Pulsatilla,Ranunculales,order,399
Anemone sect. Pulsatilla,Ranunculaceae,family,2410
Anemone sect. Pulsatilla,Pulsatilla,genus,3033620
Anthericum,Plantae,kingdom,6
Anthericum,Tracheophyta,phylum,7707728
Anthericum,Liliopsida,class,196
Anthericum,Asparagales,order,1169
Anthericum,Asparagaceae,family,7683
Anthericum,Anthericum,genus,2741565
Aruncus dioicus,Plantae,kingdom,6
Aruncus dioicus,Tracheophyta,phylum,7707728
Aruncus dioicus,Magnoliopsida,class,220
Aruncus dioicus,Rosales,order,691
Aruncus dioicus,Rosaceae,family,5015
Aruncus dioicus,Aruncus,genus,10811219
Aruncus dioicus,Aruncus dioicus,species,5362136
Bistorta officinalis/B. vivipara,Plantae,kingdom,6
Bistorta officinalis/B. vivipara,Tracheophyta,phylum,7707728
Bistorta officinalis/B. vivipara,Magnoliopsida,class,220
Bistorta officinalis/B. vivipara,Caryophyllales,order,422
Bistorta officinalis/B. vivipara,Polygonaceae,family,2416
Bistorta officinalis/B. vivipara,Bistorta,genus,8148051
Calystegia sepium,Plantae,kingdom,6
Calystegia sepium,Tracheophyta,phylum,7707728
Calystegia sepium,Magnoliopsida,class,220
Calystegia sepium,Solanales,order,1176
Calystegia sepium,Convolvulaceae,family,2389
Calystegia sepium,Calystegia,genus,2928418
Calystegia sepium,Calystegia sepium,species,2928441
Centaurea scabiosa-type,Plantae,kingdom,6
Centaurea scabiosa-type,Tracheophyta,phylum,7707728
Centaurea scabiosa-type,Magnoliopsida,class,220
Centaurea scabiosa-type,Asterales,order,414
Centaurea scabiosa-type,Asteraceae,family,3065
Centaurea scabiosa-type,Centaurea,genus,3127469
Echium vulgare,Plantae,kingdom,6
Echium vulgare,Tracheophyta,phylum,7707728
Echium vulgare,Magnoliopsida,class,220
Echium vulgare,Boraginales,order,7226464
Echium vulgare,Boraginaceae,family,2498
Echium vulgare,Echium,genus,2925888
Echium vulgare,Echium vulgare,species,2925892
Epipactis palustris,Plantae,kingdom,6
Epipactis palustris,Tracheophyta,phylum,7707728
Epipactis palustris,Liliopsida,class,196
Epipactis palustris,Asparagales,order,1169
Epipactis palustris,Orchidaceae,family,7689
Epipactis palustris,Epipactis,genus,8254469
Epipactis palustris,Epipactis palustris,species,5319226
Gypsophila fastigiata,Plantae,kingdom,6
Gypsophila fastigiata,Tracheophyta,phylum,7707728
Gypsophila fastigiata,Magnoliopsida,class,220
Gypsophila fastigiata,Caryophyllales,order,422
Gypsophila fastigiata,Caryophyllaceae,family,2518
Gypsophila fastigiata,Gypsophila,genus,3085251
Gypsophila fastigiata,Gypsophila fastigiata,species,7267655
Helianthemum canum-type,Plantae,kingdom,6
Helianthemum canum-type,Tracheophyta,phylum,7707728
Helianthemum canum-type,Magnoliopsida,class,220
Helianthemum canum-type,Malvales,order,941
Helianthemum canum-type,Cistaceae,family,6635
Helianthemum canum-type,Helianthemum,genus,2874068
Helianthemum oelandicum-type,Plantae,kingdom,6
Helianthemum oelandicum-type,Tracheophyta,phylum,7707728
Helianthemum oelandicum-type,Magnoliopsida,class,220
Helianthemum oelandicum-type,Malvales,order,941
Helianthemum oelandicum-type,Cistaceae,family,6635
Helianthemum oelandicum-type,Helianthemum,genus,2874068
Linum catharticum-type,Plantae,kingdom,6
Linum catharticum-type,Tracheophyta,phylum,7707728
Linum catharticum-type,Magnoliopsida,class,220
Linum catharticum-type,Malpighiales,order,1414
Linum catharticum-type,Linaceae,family,2493
Linum catharticum-type,Linum,genus,2873855
Lithospermum officinale,Plantae,kingdom,6
Lithospermum officinale,Tracheophyta,phylum,7707728
Lithospermum officinale,Magnoliopsida,class,220
Lithospermum officinale,Boraginales,order,7226464
Lithospermum officinale,Boraginaceae,family,2498
Lithospermum officinale,Lithospermum,genus,2926071
Lithospermum officinale,Lithospermum officinale,species,2926086
Loranthus europaeus,Plantae,kingdom,6
Loranthus europaeus,Tracheophyta,phylum,7707728
Loranthus europaeus,Magnoliopsida,class,220
Loranthus europaeus,Santalales,order,934
Loranthus europaeus,Loranthaceae,family,6663
Loranthus europaeus,Loranthus,genus,7715950
Loranthus europaeus,Loranthus europaeus,species,5639535
Lysimachia nummularia,Plantae,kingdom,6
Lysimachia nummularia,Tracheophyta,phylum,7707728
Lysimachia nummularia,Magnoliopsida,class,220
Lysimachia nummularia,Ericales,order,1353
Lysimachia nummularia,Primulaceae,family,6674
Lysimachia nummularia,Lysimachia,genus,3169330
Lysimachia nummularia,Lysimachia nummularia,species,3169379
Lythrum portula,Plantae,kingdom,6
Lythrum portula,Tracheophyta,phylum,7707728
Lythrum portula,Magnoliopsida,class,220
Lythrum portula,Myrtales,order,690
Lythrum portula,Lythraceae,family,6684
Lythrum portula,Lythrum,genus,3188731
Lythrum portula,Lythrum portula,species,3188743
Malus,Plantae,kingdom,6
Malus,Tracheophyta,phylum,7707728
Malus,Magnoliopsida,class,220
Malus,Rosales,order,691
Malus,Rosaceae,family,5015
Malus,Malus,genus,3001068
Medicago sativa,Plantae,kingdom,6
Medicago sativa,Tracheophyta,phylum,7707728
Medicago sativa,Magnoliopsida,class,220
Medicago sativa,Fabales,order,1370
Medicago sativa,Fabaceae,family,5386
Medicago sativa,Medicago,genus,2965200
Medicago sativa,Medicago sativa,species,9151957
Ranunculus flammula-type,Plantae,kingdom,6
Ranunculus flammula-type,Tracheophyta,phylum,7707728
Ranunculus flammula-type,Magnoliopsida,class,220
Ranunculus flammula-type,Ranunculales,order,399
Ranunculus flammula-type,Ranunculaceae,family,2410
Ranunculus flammula-type,Ranunculus,genus,3033294
Rumex acetosa/Oxyria-type,Plantae,kingdom,6
Rumex acetosa/Oxyria-type,Tracheophyta,phylum,7707728
Rumex acetosa/Oxyria-type,Magnoliopsida,class,220
Rumex acetosa/Oxyria-type,Caryophyllales,order,422
Rumex acetosa/Oxyria-type,Polygonaceae,family,2416
Rumex acetosa/Oxyria-type,Rumex,genus,2888942
Rumex crispus,Plantae,kingdom,6
Rumex crispus,Tracheophyta,phylum,7707728
Rumex crispus,Magnoliopsida,class,220
Rumex crispus,Caryophyllales,order,422
Rumex crispus,Polygonaceae,family,2416
Rumex crispus,Rumex,genus,2888942
Rumex crispus,Rumex crispus,species,8195144
Salix glauca-type,Plantae,kingdom,6
Salix glauca-type,Tracheophyta,phylum,7707728
Salix glauca-type,Magnoliopsida,class,220
Salix glauca-type,Malpighiales,order,1414
Salix glauca-type,Salicaceae,family,6664
Salix glauca-type,Salix,genus,3039576
Salix polaris-type,Plantae,kingdom,6
Salix polaris-type,Tracheophyta,phylum,7707728
Salix polaris-type,Magnoliopsida,class,220
Salix polaris-type,Malpighiales,order,1414
Salix polaris-type,Salicaceae,family,6664
Salix polaris-type,Salix,genus,3039576
Salvia,Plantae,kingdom,6
Salvia,Tracheophyta,phylum,7707728
Salvia,Magnoliopsida,class,220
Salvia,Lamiales,order,408
Salvia,Lamiaceae,family,2497
Salvia,Salvia,genus,2926981
Scorzonera humilis-type,Plantae,kingdom,6
Scorzonera humilis-type,Tracheophyta,phylum,7707728
Scorzonera humilis-type,Magnoliopsida,class,220
Scorzonera humilis-type,Asterales,order,414
Scorzonera humilis-type,Asteraceae,family,3065
Scorzonera humilis-type,Scorzonera,genus,3110888
Scrophularia,Plantae,kingdom,6
Scrophularia,Tracheophyta,phylum,7707728
Scrophularia,Magnoliopsida,class,220
Scrophularia,Lamiales,order,408
Scrophularia,Scrophulariaceae,family,2390
Scrophularia,Scrophularia,genus,3170861
Solanum nigrum-type,Plantae,kingdom,6
Solanum nigrum-type,Tracheophyta,phylum,7707728
Solanum nigrum-type,Magnoliopsida,class,220
Solanum nigrum-type,Solanales,order,1176
Solanum nigrum-type,Solanaceae,family,7717
Solanum nigrum-type,Solanum,genus,2928997
Syringa vulgaris,Plantae,kingdom,6
Syringa vulgaris,Tracheophyta,phylum,7707728
Syringa vulgaris,Magnoliopsida,class,220
Syringa vulgaris,Lamiales,order,408
Syringa vulgaris,Oleaceae,family,6652
Syringa vulgaris,Syringa,genus,3172235
Syringa vulgaris,Syringa vulgaris,species,5415039
Trifolium repens,Plantae,kingdom,6
Trifolium repens,Tracheophyta,phylum,7707728
Trifolium repens,Magnoliopsida,class,220
Trifolium repens,Fabales,order,1370
Trifolium repens,Fabaceae,family,5386
Trifolium repens,Trifolium,genus,2973363
Trifolium repens,Trifolium repens,species,5358748
Urtica urens,Plantae,kingdom,6
Urtica urens,Tracheophyta,phylum,7707728
Urtica urens,Magnoliopsida,class,220
Urtica urens,Rosales,order,691
Urtica urens,Urticaceae,family,6639
Urtica urens,Urtica,genus,2984391
Urtica urens,Urtica urens,species,5361815
Valeriana dioica,Plantae,kingdom,6
Valeriana dioica,Tracheophyta,phylum,7707728
Valeriana dioica,Magnoliopsida,class,220
Valeriana dioica,Dipsacales,order,946
Valeriana dioica,Caprifoliaceae,family,6710
Valeriana dioica,Valeriana,genus,2888741
Valeriana dioica,Valeriana dioica,species,2888762
Rosaceae (trees),Plantae,kingdom,6
Rosaceae (trees),Tracheophyta,phylum,7707728
Rosaceae (trees),Magnoliopsida,class,220
Rosaceae (trees),Rosales,order,691
Rosaceae (trees),Rosaceae,family,5015
Centaurea montana,Plantae,kingdom,6
Centaurea montana,Tracheophyta,phylum,7707728
Centaurea montana,Magnoliopsida,class,220
Centaurea montana,Asterales,order,414
Centaurea montana,Asteraceae,family,3065
Centaurea montana,Centaurea,genus,3127469
Centaurea montana,Centaurea montana,species,9023462
Heracleum,Plantae,kingdom,6
Heracleum,Tracheophyta,phylum,7707728
Heracleum,Magnoliopsida,class,220
Heracleum,Apiales,order,1351
Heracleum,Apiaceae,family,6720
Heracleum,Heracleum,genus,3034824
Lilium martagon-type,Plantae,kingdom,6
Lilium martagon-type,Tracheophyta,phylum,7707728
Lilium martagon-type,Liliopsida,class,196
Lilium martagon-type,Liliales,order,1172
Lilium martagon-type,Liliaceae,family,7699
Lilium martagon-type,Lilium,genus,2752977
Euphorbiaceae undiff.,Plantae,kingdom,6
Euphorbiaceae undiff.,Tracheophyta,phylum,7707728
Euphorbiaceae undiff.,Magnoliopsida,class,220
Euphorbiaceae undiff.,Malpighiales,order,1414
Euphorbiaceae undiff.,Euphorbiaceae,family,4691
Gentiana pneumonanthe,Plantae,kingdom,6
Gentiana pneumonanthe,Tracheophyta,phylum,7707728
Gentiana pneumonanthe,Magnoliopsida,class,220
Gentiana pneumonanthe,Gentianales,order,412
Gentiana pneumonanthe,Gentianaceae,family,2503
Gentiana pneumonanthe,Gentiana,genus,3170037
Gentiana pneumonanthe,Gentiana pneumonanthe,species,7270598
Jasminum,Plantae,kingdom,6
Jasminum,Tracheophyta,phylum,7707728
Jasminum,Magnoliopsida,class,220
Jasminum,Lamiales,order,408
Jasminum,Oleaceae,family,6652
Jasminum,Jasminum,genus,3172260
Solanum,Plantae,kingdom,6
Solanum,Tracheophyta,phylum,7707728
Solanum,Magnoliopsida,class,220
Solanum,Solanales,order,1176
Solanum,Solanaceae,family,7717
Solanum,Solanum,genus,2928997
Viola arvensis,Plantae,kingdom,6
Viola arvensis,Tracheophyta,phylum,7707728
Viola arvensis,Magnoliopsida,class,220
Viola arvensis,Malpighiales,order,1414
Viola arvensis,Violaceae,family,6631
Viola arvensis,Viola,genus,2874237
Viola arvensis,Viola arvensis,species,5331235
Viola riviniana,Plantae,kingdom,6
Viola riviniana,Tracheophyta,phylum,7707728
Viola riviniana,Magnoliopsida,class,220
Viola riviniana,Malpighiales,order,1414
Viola riviniana,Violaceae,family,6631
Viola riviniana,Viola,genus,2874237
Viola riviniana,Viola riviniana,species,7296321
Sambucus nigra/S. racemosa,Plantae,kingdom,6
Sambucus nigra/S. racemosa,Tracheophyta,phylum,7707728
Sambucus nigra/S. racemosa,Magnoliopsida,class,220
Sambucus nigra/S. racemosa,Dipsacales,order,946
Sambucus nigra/S. racemosa,Viburnaceae,family,4924416
Sambucus nigra/S. racemosa,Sambucus,genus,2888721
Nigella,Plantae,kingdom,6
Nigella,Tracheophyta,phylum,7707728
Nigella,Magnoliopsida,class,220
Nigella,Ranunculales,order,399
Nigella,Ranunculaceae,family,2410
Nigella,Nigella,genus,3033657
Persicaria maculosa,Plantae,kingdom,6
Persicaria maculosa,Tracheophyta,phylum,7707728
Persicaria maculosa,Magnoliopsida,class,220
Persicaria maculosa,Caryophyllales,order,422
Persicaria maculosa,Polygonaceae,family,2416
Persicaria maculosa,Persicaria,genus,6390748
Persicaria maculosa,Persicaria maculosa,species,6391194
Chenopodium,Plantae,kingdom,6
Chenopodium,Tracheophyta,phylum,7707728
Chenopodium,Magnoliopsida,class,220
Chenopodium,Caryophyllales,order,422
Chenopodium,Amaranthaceae,family,3064
Chenopodium,Chenopodium,genus,3083823
Fraxinus ornus,Plantae,kingdom,6
Fraxinus ornus,Tracheophyta,phylum,7707728
Fraxinus ornus,Magnoliopsida,class,220
Fraxinus ornus,Lamiales,order,408
Fraxinus ornus,Oleaceae,family,6652
Fraxinus ornus,Fraxinus,genus,3172323
Fraxinus ornus,Fraxinus ornus,species,3172347
Genista,Plantae,kingdom,6
Genista,Tracheophyta,phylum,7707728
Genista,Magnoliopsida,class,220
Genista,Fabales,order,1370
Genista,Fabaceae,family,5386
Genista,Genista,genus,2940025
Pinus pinaster-type,Plantae,kingdom,6
Pinus pinaster-type,Tracheophyta,phylum,7707728
Pinus pinaster-type,Pinopsida,class,194
Pinus pinaster-type,Pinales,order,640
Pinus pinaster-type,Pinaceae,family,3925
Pinus pinaster-type,Pinus,genus,2684241
Quercus coccifera,Plantae,kingdom,6
Quercus coccifera,Tracheophyta,phylum,7707728
Quercus coccifera,Magnoliopsida,class,220
Quercus coccifera,Fagales,order,1354
Quercus coccifera,Fagaceae,family,4689
Quercus coccifera,Quercus,genus,2877951
Quercus coccifera,Quercus coccifera,species,2879175
Bruckenthalia,Plantae,kingdom,6
Bruckenthalia,Tracheophyta,phylum,7707728
Bruckenthalia,Magnoliopsida,class,220
Bruckenthalia,Ericales,order,1353
Bruckenthalia,Ericaceae,family,2505
Bruckenthalia,Erica,genus,2882780
Cornus mas,Plantae,kingdom,6
Cornus mas,Tracheophyta,phylum,7707728
Cornus mas,Magnoliopsida,class,220
Cornus mas,Cornales,order,949
Cornus mas,Cornaceae,family,6713
Cornus mas,Cornus,genus,3082226
Cornus mas,Cornus mas,species,3082263
Rheum,Plantae,kingdom,6
Rheum,Tracheophyta,phylum,7707728
Rheum,Magnoliopsida,class,220
Rheum,Caryophyllales,order,422
Rheum,Polygonaceae,family,2416
Rheum,Rheum,genus,2888863
Apium,Plantae,kingdom,6
Apium,Tracheophyta,phylum,7707728
Apium,Magnoliopsida,class,220
Apium,Apiales,order,1351
Apium,Apiaceae,family,6720
Apium,Apium,genus,3034812
Araliaceae undiff.,Plantae,kingdom,6
Araliaceae undiff.,Tracheophyta,phylum,7707728
Araliaceae undiff.,Magnoliopsida,class,220
Araliaceae undiff.,Apiales,order,1351
Araliaceae undiff.,Araliaceae,family,8800
Astrantia major,Plantae,kingdom,6
Astrantia major,Tracheophyta,phylum,7707728
Astrantia major,Magnoliopsida,class,220
Astrantia major,Apiales,order,1351
Astrantia major,Apiaceae,family,6720
Astrantia major,Astrantia,genus,3034914
Astrantia major,Astrantia major,species,3034915
Bryonia,Plantae,kingdom,6
Bryonia,Tracheophyta,phylum,7707728
Bryonia,Magnoliopsida,class,220
Bryonia,Cucurbitales,order,7224005
Bryonia,Cucurbitaceae,family,6634
Bryonia,Bryonia,genus,2874495
Chelidonium majus,Plantae,kingdom,6
Chelidonium majus,Tracheophyta,phylum,7707728
Chelidonium majus,Magnoliopsida,class,220
Chelidonium majus,Ranunculales,order,399
Chelidonium majus,Papaveraceae,family,2422
Chelidonium majus,Chelidonium,genus,2888412
Chelidonium majus,Chelidonium majus,species,5334186
Cornus mas-type,Plantae,kingdom,6
Cornus mas-type,Tracheophyta,phylum,7707728
Cornus mas-type,Magnoliopsida,class,220
Cornus mas-type,Cornales,order,949
Cornus mas-type,Cornaceae,family,6713
Cornus mas-type,Cornus,genus,3082226
Euonymus europaeus,Plantae,kingdom,6
Euonymus europaeus,Tracheophyta,phylum,7707728
Euonymus europaeus,Magnoliopsida,class,220
Euonymus europaeus,Celastrales,order,950
Euonymus europaeus,Celastraceae,family,6715
Euonymus europaeus,Euonymus,genus,3169115
Euonymus europaeus,Euonymus europaeus,species,3169131
Fallopia convolvulus,Plantae,kingdom,6
Fallopia convolvulus,Tracheophyta,phylum,7707728
Fallopia convolvulus,Magnoliopsida,class,220
Fallopia convolvulus,Caryophyllales,order,422
Fallopia convolvulus,Polygonaceae,family,2416
Fallopia convolvulus,Fallopia,genus,2889418
Fallopia convolvulus,Fallopia convolvulus,species,6391461
Hippocrepis,Plantae,kingdom,6
Hippocrepis,Tracheophyta,phylum,7707728
Hippocrepis,Magnoliopsida,class,220
Hippocrepis,Fabales,order,1370
Hippocrepis,Fabaceae,family,5386
Hippocrepis,Hippocrepis,genus,2956616
Hippocrepis,Animalia,kingdom,1
Hippocrepis,Platyhelminthes,phylum,108
Hippocrepis,Trematoda,class,345
Hippocrepis,Plagiorchiida,order,434
Hippocrepis,Notocotylidae,family,2521
Hippocrepis,Hippocrepis,genus,3268263
Linum alpinum-type,Plantae,kingdom,6
Linum alpinum-type,Tracheophyta,phylum,7707728
Linum alpinum-type,Magnoliopsida,class,220
Linum alpinum-type,Malpighiales,order,1414
Linum alpinum-type,Linaceae,family,2493
Linum alpinum-type,Linum,genus,2873855
Oxalis acetosella,Plantae,kingdom,6
Oxalis acetosella,Tracheophyta,phylum,7707728
Oxalis acetosella,Magnoliopsida,class,220
Oxalis acetosella,Oxalidales,order,7224021
Oxalis acetosella,Oxalidaceae,family,6697
Oxalis acetosella,Oxalis,genus,2891642
Oxalis acetosella,Oxalis acetosella,species,8211958
Papaver argemone-type,Plantae,kingdom,6
Papaver argemone-type,Tracheophyta,phylum,7707728
Papaver argemone-type,Magnoliopsida,class,220
Papaver argemone-type,Ranunculales,order,399
Papaver argemone-type,Papaveraceae,family,2422
Papaver argemone-type,Papaver,genus,2888431
Trifolium spadiceum,Plantae,kingdom,6
Trifolium spadiceum,Tracheophyta,phylum,7707728
Trifolium spadiceum,Magnoliopsida,class,220
Trifolium spadiceum,Fabales,order,1370
Trifolium spadiceum,Fabaceae,family,5386
Trifolium spadiceum,Trifolium,genus,2973363
Trifolium spadiceum,Trifolium spadiceum,species,5358902
Anemone nemorosa,Plantae,kingdom,6
Anemone nemorosa,Tracheophyta,phylum,7707728
Anemone nemorosa,Magnoliopsida,class,220
Anemone nemorosa,Ranunculales,order,399
Anemone nemorosa,Ranunculaceae,family,2410
Anemone nemorosa,Anemone,genus,3016227
Anemone nemorosa,Anemone nemorosa,species,3033263
Poaceae undiff. (>40 µm),Plantae,kingdom,6
Poaceae undiff. (>40 µm),Tracheophyta,phylum,7707728
Poaceae undiff. (>40 µm),Liliopsida,class,196
Poaceae undiff. (>40 µm),Poales,order,1369
Poaceae undiff. (>40 µm),Poaceae,family,3073
Poaceae undiff. (<40 µm),Plantae,kingdom,6
Poaceae undiff. (<40 µm),Tracheophyta,phylum,7707728
Poaceae undiff. (<40 µm),Liliopsida,class,196
Poaceae undiff. (<40 µm),Poales,order,1369
Poaceae undiff. (<40 µm),Poaceae,family,3073
Rumex acetosa/R. acetosella,Plantae,kingdom,6
Rumex acetosa/R. acetosella,Tracheophyta,phylum,7707728
Rumex acetosa/R. acetosella,Magnoliopsida,class,220
Rumex acetosa/R. acetosella,Caryophyllales,order,422
Rumex acetosa/R. acetosella,Polygonaceae,family,2416
Rumex acetosa/R. acetosella,Rumex,genus,2888942
Stachys sylvatica,Plantae,kingdom,6
Stachys sylvatica,Tracheophyta,phylum,7707728
Stachys sylvatica,Magnoliopsida,class,220
Stachys sylvatica,Lamiales,order,408
Stachys sylvatica,Lamiaceae,family,2497
Stachys sylvatica,Stachys,genus,2927228
Stachys sylvatica,Stachys sylvatica,species,2927282
Armeria maritima (type B),Plantae,kingdom,6
Armeria maritima (type B),Tracheophyta,phylum,7707728
Armeria maritima (type B),Magnoliopsida,class,220
Armeria maritima (type B),Caryophyllales,order,422
Armeria maritima (type B),Plumbaginaceae,family,2419
Armeria maritima (type B),Armeria,genus,3082288
Armeria maritima (type B),Armeria maritima,species,8930531
Cuscuta lupuliformis,Plantae,kingdom,6
Cuscuta lupuliformis,Tracheophyta,phylum,7707728
Cuscuta lupuliformis,Magnoliopsida,class,220
Cuscuta lupuliformis,Solanales,order,1176
Cuscuta lupuliformis,Convolvulaceae,family,2389
Cuscuta lupuliformis,Cuscuta,genus,2927479
Cuscuta lupuliformis,Cuscuta lupuliformis,species,3678256
Helianthemum undiff.,Plantae,kingdom,6
Helianthemum undiff.,Tracheophyta,phylum,7707728
Helianthemum undiff.,Magnoliopsida,class,220
Helianthemum undiff.,Malvales,order,941
Helianthemum undiff.,Cistaceae,family,6635
Helianthemum undiff.,Helianthemum,genus,2874068
Spergula arvensis-type,Plantae,kingdom,6
Spergula arvensis-type,Tracheophyta,phylum,7707728
Spergula arvensis-type,Magnoliopsida,class,220
Spergula arvensis-type,Caryophyllales,order,422
Spergula arvensis-type,Caryophyllaceae,family,2518
Spergula arvensis-type,Spergula,genus,3085807
Verbena officinalis,Plantae,kingdom,6
Verbena officinalis,Tracheophyta,phylum,7707728
Verbena officinalis,Magnoliopsida,class,220
Verbena officinalis,Lamiales,order,408
Verbena officinalis,Verbenaceae,family,6689
Verbena officinalis,Verbena,genus,2925470
Verbena officinalis,Verbena officinalis,species,2925529
Agrostemma githago,Plantae,kingdom,6
Agrostemma githago,Tracheophyta,phylum,7707728
Agrostemma githago,Magnoliopsida,class,220
Agrostemma githago,Caryophyllales,order,422
Agrostemma githago,Caryophyllaceae,family,2518
Agrostemma githago,Agrostemma,genus,3085365
Agrostemma githago,Agrostemma githago,species,3085368
Cornus cf. C. suecica,Plantae,kingdom,6
Cornus cf. C. suecica,Tracheophyta,phylum,7707728
Cornus cf. C. suecica,Magnoliopsida,class,220
Cornus cf. C. suecica,Cornales,order,949
Cornus cf. C. suecica,Cornaceae,family,6713
Cornus cf. C. suecica,Cornus,genus,3082226
Gentianella campestris,Plantae,kingdom,6
Gentianella campestris,Tracheophyta,phylum,7707728
Gentianella campestris,Magnoliopsida,class,220
Gentianella campestris,Gentianales,order,412
Gentianella campestris,Gentianaceae,family,2503
Gentianella campestris,Gentianella,genus,3169845
Gentianella campestris,Gentianella campestris,species,7270427
Hystrix,Animalia,kingdom,1
Hystrix,Chordata,phylum,44
Hystrix,Mammalia,class,359
Hystrix,Rodentia,order,1459
Hystrix,Hystricidae,family,9705
Hystrix,Hystrix,genus,2311276
Primula vulgaris-type,Plantae,kingdom,6
Primula vulgaris-type,Tracheophyta,phylum,7707728
Primula vulgaris-type,Magnoliopsida,class,220
Primula vulgaris-type,Ericales,order,1353
Primula vulgaris-type,Primulaceae,family,6674
Primula vulgaris-type,Primula,genus,8026112
Sambucus cf. S. racemosa,Plantae,kingdom,6
Sambucus cf. S. racemosa,Tracheophyta,phylum,7707728
Sambucus cf. S. racemosa,Magnoliopsida,class,220
Sambucus cf. S. racemosa,Dipsacales,order,946
Sambucus cf. S. racemosa,Viburnaceae,family,4924416
Sambucus cf. S. racemosa,Sambucus,genus,2888721
Saxifraga cf. S. nivalis,Plantae,kingdom,6
Saxifraga cf. S. nivalis,Tracheophyta,phylum,7707728
Saxifraga cf. S. nivalis,Magnoliopsida,class,220
Saxifraga cf. S. nivalis,Saxifragales,order,7219248
Saxifraga cf. S. nivalis,Saxifragaceae,family,2402
Saxifraga cf. S. nivalis,Saxifraga,genus,2987833
Stellaria cf. S. palustris,Plantae,kingdom,6
Stellaria cf. S. palustris,Tracheophyta,phylum,7707728
Stellaria cf. S. palustris,Magnoliopsida,class,220
Stellaria cf. S. palustris,Caryophyllales,order,422
Stellaria cf. S. palustris,Caryophyllaceae,family,2518
Stellaria cf. S. palustris,Stellaria,genus,3085667
Stellaria cf. S. palustris,Animalia,kingdom,1
Stellaria cf. S. palustris,Mollusca,phylum,52
Stellaria cf. S. palustris,Gastropoda,class,225
Stellaria cf. S. palustris,Littorinimorpha,order,7390893
Stellaria cf. S. palustris,Xenophoridae,family,7055
Stellaria cf. S. palustris,Stellaria,genus,3244642
Stellaria graminea,Plantae,kingdom,6
Stellaria graminea,Tracheophyta,phylum,7707728
Stellaria graminea,Magnoliopsida,class,220
Stellaria graminea,Caryophyllales,order,422
Stellaria graminea,Caryophyllaceae,family,2518
Stellaria graminea,Stellaria,genus,3085667
Stellaria graminea,Stellaria graminea,species,5384616
Carex hirta-type,Plantae,kingdom,6
Carex hirta-type,Tracheophyta,phylum,7707728
Carex hirta-type,Liliopsida,class,196
Carex hirta-type,Poales,order,1369
Carex hirta-type,Cyperaceae,family,7708
Carex hirta-type,Carex,genus,2721893
Caryophyllaceae cf. Silene latifolia subsp. alba,Plantae,kingdom,6
Caryophyllaceae cf. Silene latifolia subsp. alba,Tracheophyta,phylum,7707728
Caryophyllaceae cf. Silene latifolia subsp. alba,Magnoliopsida,class,220
Caryophyllaceae cf. Silene latifolia subsp. alba,Caryophyllales,order,422
Caryophyllaceae cf. Silene latifolia subsp. alba,Caryophyllaceae,family,2518
Gypsophila muralis,Plantae,kingdom,6
Gypsophila muralis,Tracheophyta,phylum,7707728
Gypsophila muralis,Magnoliopsida,class,220
Gypsophila muralis,Caryophyllales,order,422
Gypsophila muralis,Caryophyllaceae,family,2518
Gypsophila muralis,Psammophiliella,genus,7268062
Gypsophila muralis,Psammophiliella muralis,species,3085257
Melilotus officinalis,Plantae,kingdom,6
Melilotus officinalis,Tracheophyta,phylum,7707728
Melilotus officinalis,Magnoliopsida,class,220
Melilotus officinalis,Fabales,order,1370
Melilotus officinalis,Fabaceae,family,5386
Melilotus officinalis,Melilotus,genus,4924408
Melilotus officinalis,Melilotus officinalis,species,8193111
Pyrola,Plantae,kingdom,6
Pyrola,Tracheophyta,phylum,7707728
Pyrola,Magnoliopsida,class,220
Pyrola,Ericales,order,1353
Pyrola,Ericaceae,family,2505
Pyrola,Pyrola,genus,2888249
Stellaria,Plantae,kingdom,6
Stellaria,Tracheophyta,phylum,7707728
Stellaria,Magnoliopsida,class,220
Stellaria,Caryophyllales,order,422
Stellaria,Caryophyllaceae,family,2518
Stellaria,Stellaria,genus,3085667
Stellaria,Animalia,kingdom,1
Stellaria,Mollusca,phylum,52
Stellaria,Gastropoda,class,225
Stellaria,Littorinimorpha,order,7390893
Stellaria,Xenophoridae,family,7055
Stellaria,Stellaria,genus,3244642
Stellaria cf. S. media,Plantae,kingdom,6
Stellaria cf. S. media,Tracheophyta,phylum,7707728
Stellaria cf. S. media,Magnoliopsida,class,220
Stellaria cf. S. media,Caryophyllales,order,422
Stellaria cf. S. media,Caryophyllaceae,family,2518
Stellaria cf. S. media,Stellaria,genus,3085667
Stellaria cf. S. media,Animalia,kingdom,1
Stellaria cf. S. media,Mollusca,phylum,52
Stellaria cf. S. media,Gastropoda,class,225
Stellaria cf. S. media,Littorinimorpha,order,7390893
Stellaria cf. S. media,Xenophoridae,family,7055
Stellaria cf. S. media,Stellaria,genus,3244642
Allium vineale-type,Plantae,kingdom,6
Allium vineale-type,Tracheophyta,phylum,7707728
Allium vineale-type,Liliopsida,class,196
Allium vineale-type,Asparagales,order,1169
Allium vineale-type,Amaryllidaceae,family,7682
Allium vineale-type,Allium,genus,9624496
Armeria maritima subsp. elongata,Plantae,kingdom,6
Armeria maritima subsp. elongata,Tracheophyta,phylum,7707728
Armeria maritima subsp. elongata,Magnoliopsida,class,220
Armeria maritima subsp. elongata,Caryophyllales,order,422
Armeria maritima subsp. elongata,Plumbaginaceae,family,2419
Armeria maritima subsp. elongata,Armeria,genus,3082288
Armeria maritima subsp. elongata,Armeria maritima,species,8930531
Armeria maritima subsp. elongata,Armeria maritima elongata,subspecies,4090836
Iris pseudacorus,Plantae,kingdom,6
Iris pseudacorus,Tracheophyta,phylum,7707728
Iris pseudacorus,Liliopsida,class,196
Iris pseudacorus,Asparagales,order,1169
Iris pseudacorus,Iridaceae,family,7698
Iris pseudacorus,Iris,genus,2748017
Iris pseudacorus,Iris pseudacorus,species,5298231
Papaver argemone,Plantae,kingdom,6
Papaver argemone,Tracheophyta,phylum,7707728
Papaver argemone,Magnoliopsida,class,220
Papaver argemone,Ranunculales,order,399
Papaver argemone,Papaveraceae,family,2422
Papaver argemone,Roemeria,genus,2888427
Papaver argemone,Roemeria argemone,species,5531435
Polygala vulgaris,Plantae,kingdom,6
Polygala vulgaris,Tracheophyta,phylum,7707728
Polygala vulgaris,Magnoliopsida,class,220
Polygala vulgaris,Fabales,order,1370
Polygala vulgaris,Polygalaceae,family,2417
Polygala vulgaris,Polygala,genus,3191366
Polygala vulgaris,Polygala vulgaris,species,3191374
Rumex conglomeratus-type,Plantae,kingdom,6
Rumex conglomeratus-type,Tracheophyta,phylum,7707728
Rumex conglomeratus-type,Magnoliopsida,class,220
Rumex conglomeratus-type,Caryophyllales,order,422
Rumex conglomeratus-type,Polygonaceae,family,2416
Rumex conglomeratus-type,Rumex,genus,2888942
Saxifraga cf. S. aizoides,Plantae,kingdom,6
Saxifraga cf. S. aizoides,Tracheophyta,phylum,7707728
Saxifraga cf. S. aizoides,Magnoliopsida,class,220
Saxifraga cf. S. aizoides,Saxifragales,order,7219248
Saxifraga cf. S. aizoides,Saxifragaceae,family,2402
Saxifraga cf. S. aizoides,Saxifraga,genus,2987833
Trifolium pratense,Plantae,kingdom,6
Trifolium pratense,Tracheophyta,phylum,7707728
Trifolium pratense,Magnoliopsida,class,220
Trifolium pratense,Fabales,order,1370
Trifolium pratense,Fabaceae,family,5386
Trifolium pratense,Trifolium,genus,2973363
Trifolium pratense,Trifolium pratense,species,8324121
Chenopodium album,Plantae,kingdom,6
Chenopodium album,Tracheophyta,phylum,7707728
Chenopodium album,Magnoliopsida,class,220
Chenopodium album,Caryophyllales,order,422
Chenopodium album,Amaranthaceae,family,3064
Chenopodium album,Chenopodium,genus,3083823
Chenopodium album,Chenopodium album,species,3083838
Fumaria,Plantae,kingdom,6
Fumaria,Tracheophyta,phylum,7707728
Fumaria,Magnoliopsida,class,220
Fumaria,Ranunculales,order,399
Fumaria,Papaveraceae,family,2422
Fumaria,Fumaria,genus,2888567
Pimpinella,Plantae,kingdom,6
Pimpinella,Tracheophyta,phylum,7707728
Pimpinella,Magnoliopsida,class,220
Pimpinella,Apiales,order,1351
Pimpinella,Apiaceae,family,6720
Pimpinella,Pimpinella,genus,3034784
Scabiosa columbaria,Plantae,kingdom,6
Scabiosa columbaria,Tracheophyta,phylum,7707728
Scabiosa columbaria,Magnoliopsida,class,220
Scabiosa columbaria,Dipsacales,order,946
Scabiosa columbaria,Caprifoliaceae,family,6710
Scabiosa columbaria,Scabiosa,genus,2888800
Scabiosa columbaria,Scabiosa columbaria,species,2888802
Valerianella dentata,Plantae,kingdom,6
Valerianella dentata,Tracheophyta,phylum,7707728
Valerianella dentata,Magnoliopsida,class,220
Valerianella dentata,Dipsacales,order,946
Valerianella dentata,Caprifoliaceae,family,6710
Valerianella dentata,Valerianella,genus,2888767
Valerianella dentata,Valerianella dentata,species,2888789
Hornungia,Plantae,kingdom,6
Hornungia,Tracheophyta,phylum,7707728
Hornungia,Magnoliopsida,class,220
Hornungia,Brassicales,order,7225535
Hornungia,Brassicaceae,family,3112
Hornungia,Hornungia,genus,7376101
Listera,Plantae,kingdom,6
Listera,Tracheophyta,phylum,7707728
Listera,Liliopsida,class,196
Listera,Asparagales,order,1169
Listera,Orchidaceae,family,7689
Listera,Neottia,genus,2816155
Listera,Plantae,kingdom,6
Listera,Tracheophyta,phylum,7707728
Listera,Magnoliopsida,class,220
Listera,Fabales,order,1370
Listera,Fabaceae,family,5386
Listera,Genista,genus,2940025
Listera,Animalia,kingdom,1
Listera,Mollusca,phylum,52
Listera,Bivalvia,class,137
Listera,Cardiida,order,9529005
Listera,Semelidae,family,6845
Listera,Scrobicularia,genus,2286770
Listera,Bacteria,kingdom,3
Listera,Firmicutes,phylum,87
Listera,Bacilli,class,303
Listera,Lactobacillales,order,577
Listera,Listeriaceae,family,4705
Listera,Listeria,genus,3225442
Listera,Listeria spec.,species,12246949
Poaceae (large),Plantae,kingdom,6
Poaceae (large),Tracheophyta,phylum,7707728
Poaceae (large),Liliopsida,class,196
Poaceae (large),Poales,order,1369
Poaceae (large),Poaceae,family,3073
Anthriscus sylvestris,Plantae,kingdom,6
Anthriscus sylvestris,Tracheophyta,phylum,7707728
Anthriscus sylvestris,Magnoliopsida,class,220
Anthriscus sylvestris,Apiales,order,1351
Anthriscus sylvestris,Apiaceae,family,6720
Anthriscus sylvestris,Anthriscus,genus,5371741
Anthriscus sylvestris,Anthriscus sylvestris,species,5371742
Calluna vulgaris-type,Plantae,kingdom,6
Calluna vulgaris-type,Tracheophyta,phylum,7707728
Calluna vulgaris-type,Magnoliopsida,class,220
Calluna vulgaris-type,Ericales,order,1353
Calluna vulgaris-type,Ericaceae,family,2505
Calluna vulgaris-type,Calluna,genus,2882481
Centaurea montana/Cyanus triumfettii,Plantae,kingdom,6
Centaurea montana/Cyanus triumfettii,Tracheophyta,phylum,7707728
Centaurea montana/Cyanus triumfettii,Magnoliopsida,class,220
Centaurea montana/Cyanus triumfettii,Asterales,order,414
Centaurea montana/Cyanus triumfettii,Asteraceae,family,3065
Centaurea montana/Cyanus triumfettii,Centaurea,genus,3127469
Cerastium fontanum-type,Plantae,kingdom,6
Cerastium fontanum-type,Tracheophyta,phylum,7707728
Cerastium fontanum-type,Magnoliopsida,class,220
Cerastium fontanum-type,Caryophyllales,order,422
Cerastium fontanum-type,Caryophyllaceae,family,2518
Cerastium fontanum-type,Cerastium,genus,2873815
Cornus sanguinea-type,Plantae,kingdom,6
Cornus sanguinea-type,Tracheophyta,phylum,7707728
Cornus sanguinea-type,Magnoliopsida,class,220
Cornus sanguinea-type,Cornales,order,949
Cornus sanguinea-type,Cornaceae,family,6713
Cornus sanguinea-type,Cornus,genus,3082226
Falcaria vulgaris-type,Animalia,kingdom,1
Falcaria vulgaris-type,Arthropoda,phylum,54
Falcaria vulgaris-type,Insecta,class,216
Falcaria vulgaris-type,Lepidoptera,order,797
Falcaria vulgaris-type,Drepanidae,family,7294
Falcaria vulgaris-type,Falcaria,genus,1952001
Falcaria vulgaris-type,Plantae,kingdom,6
Falcaria vulgaris-type,Tracheophyta,phylum,7707728
Falcaria vulgaris-type,Magnoliopsida,class,220
Falcaria vulgaris-type,Apiales,order,1351
Falcaria vulgaris-type,Apiaceae,family,6720
Falcaria vulgaris-type,Falcaria,genus,3034533
Fraxinus excelsior-type,Plantae,kingdom,6
Fraxinus excelsior-type,Tracheophyta,phylum,7707728
Fraxinus excelsior-type,Magnoliopsida,class,220
Fraxinus excelsior-type,Lamiales,order,408
Fraxinus excelsior-type,Oleaceae,family,6652
Fraxinus excelsior-type,Fraxinus,genus,3172323
Herniaria glabra-type,Plantae,kingdom,6
Herniaria glabra-type,Tracheophyta,phylum,7707728
Herniaria glabra-type,Magnoliopsida,class,220
Herniaria glabra-type,Caryophyllales,order,422
Herniaria glabra-type,Caryophyllaceae,family,2518
Herniaria glabra-type,Herniaria,genus,3085796
Ilex aquifolium-type,Plantae,kingdom,6
Ilex aquifolium-type,Tracheophyta,phylum,7707728
Ilex aquifolium-type,Magnoliopsida,class,220
Ilex aquifolium-type,Aquifoliales,order,7226638
Ilex aquifolium-type,Aquifoliaceae,family,6716
Ilex aquifolium-type,Ilex,genus,10792217
Laurus,Plantae,kingdom,6
Laurus,Tracheophyta,phylum,7707728
Laurus,Magnoliopsida,class,220
Laurus,Laurales,order,407
Laurus,Lauraceae,family,6688
Laurus,Laurus,genus,2988444
Ligusticum mutellina,Plantae,kingdom,6
Ligusticum mutellina,Tracheophyta,phylum,7707728
Ligusticum mutellina,Magnoliopsida,class,220
Ligusticum mutellina,Apiales,order,1351
Ligusticum mutellina,Apiaceae,family,6720
Ligusticum mutellina,Mutellina,genus,6026331
Ligusticum mutellina,Mutellina adonidifolia,species,7318319
Linum austriacum-type,Plantae,kingdom,6
Linum austriacum-type,Tracheophyta,phylum,7707728
Linum austriacum-type,Magnoliopsida,class,220
Linum austriacum-type,Malpighiales,order,1414
Linum austriacum-type,Linaceae,family,2493
Linum austriacum-type,Linum,genus,2873855
Morus alba,Plantae,kingdom,6
Morus alba,Tracheophyta,phylum,7707728
Morus alba,Magnoliopsida,class,220
Morus alba,Rosales,order,691
Morus alba,Moraceae,family,6640
Morus alba,Morus,genus,2984545
Morus alba,Morus alba,species,5361889
Pentaglottis sempervirens,Plantae,kingdom,6
Pentaglottis sempervirens,Tracheophyta,phylum,7707728
Pentaglottis sempervirens,Magnoliopsida,class,220
Pentaglottis sempervirens,Boraginales,order,7226464
Pentaglottis sempervirens,Boraginaceae,family,2498
Pentaglottis sempervirens,Pentaglottis,genus,2926129
Pentaglottis sempervirens,Pentaglottis sempervirens,species,2926130
Pinus sylvestris-type,Plantae,kingdom,6
Pinus sylvestris-type,Tracheophyta,phylum,7707728
Pinus sylvestris-type,Pinopsida,class,194
Pinus sylvestris-type,Pinales,order,640
Pinus sylvestris-type,Pinaceae,family,3925
Pinus sylvestris-type,Pinus,genus,2684241
Sambucus racemosa,Plantae,kingdom,6
Sambucus racemosa,Tracheophyta,phylum,7707728
Sambucus racemosa,Magnoliopsida,class,220
Sambucus racemosa,Dipsacales,order,946
Sambucus racemosa,Viburnaceae,family,4924416
Sambucus racemosa,Sambucus,genus,2888721
Sambucus racemosa,Sambucus racemosa,species,2888723
Saxifraga granulata,Plantae,kingdom,6
Saxifraga granulata,Tracheophyta,phylum,7707728
Saxifraga granulata,Magnoliopsida,class,220
Saxifraga granulata,Saxifragales,order,7219248
Saxifraga granulata,Saxifragaceae,family,2402
Saxifraga granulata,Saxifraga,genus,2987833
Saxifraga granulata,Saxifraga granulata,species,7887000
Sorbus aucuparia-type,Plantae,kingdom,6
Sorbus aucuparia-type,Tracheophyta,phylum,7707728
Sorbus aucuparia-type,Magnoliopsida,class,220
Sorbus aucuparia-type,Rosales,order,691
Sorbus aucuparia-type,Rosaceae,family,5015
Sorbus aucuparia-type,Sorbus,genus,3012146
Trifolium badium-type,Plantae,kingdom,6
Trifolium badium-type,Tracheophyta,phylum,7707728
Trifolium badium-type,Magnoliopsida,class,220
Trifolium badium-type,Fabales,order,1370
Trifolium badium-type,Fabaceae,family,5386
Trifolium badium-type,Trifolium,genus,2973363
Trifolium badium-type,Animalia,kingdom,1
Trifolium badium-type,Platyhelminthes,phylum,108
Trifolium badium-type,Trematoda,class,345
Trifolium badium-type,Plagiorchiida,order,434
Trifolium badium-type,Psilostomidae,family,4345426
Trifolium badium-type,Trifolium,genus,3268117
Berberis vulgaris,Plantae,kingdom,6
Berberis vulgaris,Tracheophyta,phylum,7707728
Berberis vulgaris,Magnoliopsida,class,220
Berberis vulgaris,Ranunculales,order,399
Berberis vulgaris,Berberidaceae,family,6673
Berberis vulgaris,Berberis,genus,3033893
Berberis vulgaris,Berberis vulgaris,species,3033894
Betula cf. B. nana,Plantae,kingdom,6
Betula cf. B. nana,Tracheophyta,phylum,7707728
Betula cf. B. nana,Magnoliopsida,class,220
Betula cf. B. nana,Fagales,order,1354
Betula cf. B. nana,Betulaceae,family,4688
Betula cf. B. nana,Betula,genus,2875008
Corydalis,Plantae,kingdom,6
Corydalis,Tracheophyta,phylum,7707728
Corydalis,Magnoliopsida,class,220
Corydalis,Ranunculales,order,399
Corydalis,Papaveraceae,family,2422
Corydalis,Corydalis,genus,7576308
Cyperus,Plantae,kingdom,6
Cyperus,Tracheophyta,phylum,7707728
Cyperus,Liliopsida,class,196
Cyperus,Poales,order,1369
Cyperus,Cyperaceae,family,7708
Cyperus,Cyperus,genus,2713455
Empetrum cf. E. nigrum,Plantae,kingdom,6
Empetrum cf. E. nigrum,Tracheophyta,phylum,7707728
Empetrum cf. E. nigrum,Magnoliopsida,class,220
Empetrum cf. E. nigrum,Ericales,order,1353
Empetrum cf. E. nigrum,Ericaceae,family,2505
Empetrum cf. E. nigrum,Empetrum,genus,2888367
Gypsophila fastigiata-type,Plantae,kingdom,6
Gypsophila fastigiata-type,Tracheophyta,phylum,7707728
Gypsophila fastigiata-type,Magnoliopsida,class,220
Gypsophila fastigiata-type,Caryophyllales,order,422
Gypsophila fastigiata-type,Caryophyllaceae,family,2518
Gypsophila fastigiata-type,Gypsophila,genus,3085251
Populus tremula-type,Plantae,kingdom,6
Populus tremula-type,Tracheophyta,phylum,7707728
Populus tremula-type,Magnoliopsida,class,220
Populus tremula-type,Malpighiales,order,1414
Populus tremula-type,Salicaceae,family,6664
Populus tremula-type,Populus,genus,3040183
Silene undiff.,Plantae,kingdom,6
Silene undiff.,Tracheophyta,phylum,7707728
Silene undiff.,Magnoliopsida,class,220
Silene undiff.,Caryophyllales,order,422
Silene undiff.,Caryophyllaceae,family,2518
Silene undiff.,Silene,genus,3085897
Urtica cf. U. dioica,Plantae,kingdom,6
Urtica cf. U. dioica,Tracheophyta,phylum,7707728
Urtica cf. U. dioica,Magnoliopsida,class,220
Urtica cf. U. dioica,Rosales,order,691
Urtica cf. U. dioica,Urticaceae,family,6639
Urtica cf. U. dioica,Urtica,genus,2984391
Buxus sempervirens,Plantae,kingdom,6
Buxus sempervirens,Tracheophyta,phylum,7707728
Buxus sempervirens,Magnoliopsida,class,220
Buxus sempervirens,Buxales,order,5939628
Buxus sempervirens,Buxaceae,family,6703
Buxus sempervirens,Buxus,genus,2984666
Buxus sempervirens,Buxus sempervirens,species,2984671
Fallopia convolvulus/F. dumetorum,Plantae,kingdom,6
Fallopia convolvulus/F. dumetorum,Tracheophyta,phylum,7707728
Fallopia convolvulus/F. dumetorum,Magnoliopsida,class,220
Fallopia convolvulus/F. dumetorum,Caryophyllales,order,422
Fallopia convolvulus/F. dumetorum,Polygonaceae,family,2416
Fallopia convolvulus/F. dumetorum,Fallopia,genus,2889418
Polygonatum verticillatum,Plantae,kingdom,6
Polygonatum verticillatum,Tracheophyta,phylum,7707728
Polygonatum verticillatum,Liliopsida,class,196
Polygonatum verticillatum,Asparagales,order,1169
Polygonatum verticillatum,Asparagaceae,family,7683
Polygonatum verticillatum,Polygonatum,genus,2769995
Polygonatum verticillatum,Polygonatum verticillatum,species,2770004
Primula farinosa-type,Plantae,kingdom,6
Primula farinosa-type,Tracheophyta,phylum,7707728
Primula farinosa-type,Magnoliopsida,class,220
Primula farinosa-type,Ericales,order,1353
Primula farinosa-type,Primulaceae,family,6674
Primula farinosa-type,Primula,genus,8026112
Rumex cf. R. obtusifolius,Plantae,kingdom,6
Rumex cf. R. obtusifolius,Tracheophyta,phylum,7707728
Rumex cf. R. obtusifolius,Magnoliopsida,class,220
Rumex cf. R. obtusifolius,Caryophyllales,order,422
Rumex cf. R. obtusifolius,Polygonaceae,family,2416
Rumex cf. R. obtusifolius,Rumex,genus,2888942
Sambucus cf. S. nigra,Plantae,kingdom,6
Sambucus cf. S. nigra,Tracheophyta,phylum,7707728
Sambucus cf. S. nigra,Magnoliopsida,class,220
Sambucus cf. S. nigra,Dipsacales,order,946
Sambucus cf. S. nigra,Viburnaceae,family,4924416
Sambucus cf. S. nigra,Sambucus,genus,2888721
Saxifraga cf. S. hirculus,Plantae,kingdom,6
Saxifraga cf. S. hirculus,Tracheophyta,phylum,7707728
Saxifraga cf. S. hirculus,Magnoliopsida,class,220
Saxifraga cf. S. hirculus,Saxifragales,order,7219248
Saxifraga cf. S. hirculus,Saxifragaceae,family,2402
Saxifraga cf. S. hirculus,Saxifraga,genus,2987833
Staphylea,Plantae,kingdom,6
Staphylea,Tracheophyta,phylum,7707728
Staphylea,Magnoliopsida,class,220
Staphylea,Crossosomatales,order,7222036
Staphylea,Staphyleaceae,family,6656
Staphylea,Staphylea,genus,3190465
Syringa,Plantae,kingdom,6
Syringa,Tracheophyta,phylum,7707728
Syringa,Magnoliopsida,class,220
Syringa,Lamiales,order,408
Syringa,Oleaceae,family,6652
Syringa,Syringa,genus,3172235
Anthyllis,Plantae,kingdom,6
Anthyllis,Tracheophyta,phylum,7707728
Anthyllis,Magnoliopsida,class,220
Anthyllis,Fabales,order,1370
Anthyllis,Fabaceae,family,5386
Anthyllis,Anthyllis,genus,2952416
Arnica montana,Plantae,kingdom,6
Arnica montana,Tracheophyta,phylum,7707728
Arnica montana,Magnoliopsida,class,220
Arnica montana,Asterales,order,414
Arnica montana,Asteraceae,family,3065
Arnica montana,Arnica,genus,7885920
Arnica montana,Arnica montana,species,5405976
Astragalus alpinus-type,Plantae,kingdom,6
Astragalus alpinus-type,Tracheophyta,phylum,7707728
Astragalus alpinus-type,Magnoliopsida,class,220
Astragalus alpinus-type,Fabales,order,1370
Astragalus alpinus-type,Fabaceae,family,5386
Astragalus alpinus-type,Astragalus,genus,2933951
Bellis,Plantae,kingdom,6
Bellis,Tracheophyta,phylum,7707728
Bellis,Magnoliopsida,class,220
Bellis,Asterales,order,414
Bellis,Asteraceae,family,3065
Bellis,Bellis,genus,3117399
Cerastium arvense-type,Plantae,kingdom,6
Cerastium arvense-type,Tracheophyta,phylum,7707728
Cerastium arvense-type,Magnoliopsida,class,220
Cerastium arvense-type,Caryophyllales,order,422
Cerastium arvense-type,Caryophyllaceae,family,2518
Cerastium arvense-type,Cerastium,genus,2873815
Convallaria majalis,Plantae,kingdom,6
Convallaria majalis,Tracheophyta,phylum,7707728
Convallaria majalis,Liliopsida,class,196
Convallaria majalis,Asparagales,order,1169
Convallaria majalis,Asparagaceae,family,7683
Convallaria majalis,Convallaria,genus,2752066
Convallaria majalis,Convallaria majalis,species,7459480
Cytisus scoparius,Plantae,kingdom,6
Cytisus scoparius,Tracheophyta,phylum,7707728
Cytisus scoparius,Magnoliopsida,class,220
Cytisus scoparius,Fabales,order,1370
Cytisus scoparius,Fabaceae,family,5386
Cytisus scoparius,Cytisus,genus,8089532
Cytisus scoparius,Cytisus scoparius,species,5354656
Daucus carota,Plantae,kingdom,6
Daucus carota,Tracheophyta,phylum,7707728
Daucus carota,Magnoliopsida,class,220
Daucus carota,Apiales,order,1351
Daucus carota,Apiaceae,family,6720
Daucus carota,Daucus,genus,3034740
Daucus carota,Daucus carota,species,3034742
Dianthus superbus-type,Plantae,kingdom,6
Dianthus superbus-type,Tracheophyta,phylum,7707728
Dianthus superbus-type,Magnoliopsida,class,220
Dianthus superbus-type,Caryophyllales,order,422
Dianthus superbus-type,Caryophyllaceae,family,2518
Dianthus superbus-type,Dianthus,genus,3085411
Erigeron,Plantae,kingdom,6
Erigeron,Tracheophyta,phylum,7707728
Erigeron,Magnoliopsida,class,220
Erigeron,Asterales,order,414
Erigeron,Asteraceae,family,3065
Erigeron,Erigeron,genus,3146588
Homogyne,Plantae,kingdom,6
Homogyne,Tracheophyta,phylum,7707728
Homogyne,Magnoliopsida,class,220
Homogyne,Asterales,order,414
Homogyne,Asteraceae,family,3065
Homogyne,Homogyne,genus,3133688
Lonicera xylosteum-type,Plantae,kingdom,6
Lonicera xylosteum-type,Tracheophyta,phylum,7707728
Lonicera xylosteum-type,Magnoliopsida,class,220
Lonicera xylosteum-type,Dipsacales,order,946
Lonicera xylosteum-type,Caprifoliaceae,family,6710
Lonicera xylosteum-type,Lonicera,genus,2888645
Medicago falcata-type,Plantae,kingdom,6
Medicago falcata-type,Tracheophyta,phylum,7707728
Medicago falcata-type,Magnoliopsida,class,220
Medicago falcata-type,Fabales,order,1370
Medicago falcata-type,Fabaceae,family,5386
Medicago falcata-type,Medicago,genus,2965200
Mercurialis annua,Plantae,kingdom,6
Mercurialis annua,Tracheophyta,phylum,7707728
Mercurialis annua,Magnoliopsida,class,220
Mercurialis annua,Malpighiales,order,1414
Mercurialis annua,Euphorbiaceae,family,4691
Mercurialis annua,Mercurialis,genus,3062956
Mercurialis annua,Mercurialis annua,species,3062975
Minuartia rubra-type,Plantae,kingdom,6
Minuartia rubra-type,Tracheophyta,phylum,7707728
Minuartia rubra-type,Magnoliopsida,class,220
Minuartia rubra-type,Caryophyllales,order,422
Minuartia rubra-type,Caryophyllaceae,family,2518
Minuartia rubra-type,Minuartia,genus,8776773
Onosma,Plantae,kingdom,6
Onosma,Tracheophyta,phylum,7707728
Onosma,Magnoliopsida,class,220
Onosma,Boraginales,order,7226464
Onosma,Boraginaceae,family,2498
Onosma,Onosma,genus,2925854
Primula hirsuta-type,Plantae,kingdom,6
Primula hirsuta-type,Tracheophyta,phylum,7707728
Primula hirsuta-type,Magnoliopsida,class,220
Primula hirsuta-type,Ericales,order,1353
Primula hirsuta-type,Primulaceae,family,6674
Primula hirsuta-type,Primula,genus,8026112
Rosa,Plantae,kingdom,6
Rosa,Tracheophyta,phylum,7707728
Rosa,Magnoliopsida,class,220
Rosa,Rosales,order,691
Rosa,Rosaceae,family,5015
Rosa,Rosa,genus,8395064
Senecio,Plantae,kingdom,6
Senecio,Tracheophyta,phylum,7707728
Senecio,Magnoliopsida,class,220
Senecio,Asterales,order,414
Senecio,Asteraceae,family,3065
Senecio,Senecio,genus,3106738
Solidago,Plantae,kingdom,6
Solidago,Tracheophyta,phylum,7707728
Solidago,Magnoliopsida,class,220
Solidago,Asterales,order,414
Solidago,Asteraceae,family,3065
Solidago,Solidago,genus,5388868
Tussilago farfara,Plantae,kingdom,6
Tussilago farfara,Tracheophyta,phylum,7707728
Tussilago farfara,Magnoliopsida,class,220
Tussilago farfara,Asterales,order,414
Tussilago farfara,Asteraceae,family,3065
Tussilago farfara,Tussilago,genus,3149878
Tussilago farfara,Tussilago farfara,species,3149879
Valeriana tripteris-type,Plantae,kingdom,6
Valeriana tripteris-type,Tracheophyta,phylum,7707728
Valeriana tripteris-type,Magnoliopsida,class,220
Valeriana tripteris-type,Dipsacales,order,946
Valeriana tripteris-type,Caprifoliaceae,family,6710
Valeriana tripteris-type,Valeriana,genus,2888741
Ranunculus lingua-type,Plantae,kingdom,6
Ranunculus lingua-type,Tracheophyta,phylum,7707728
Ranunculus lingua-type,Magnoliopsida,class,220
Ranunculus lingua-type,Ranunculales,order,399
Ranunculus lingua-type,Ranunculaceae,family,2410
Ranunculus lingua-type,Ranunculus,genus,3033294
Arbutus,Plantae,kingdom,6
Arbutus,Tracheophyta,phylum,7707728
Arbutus,Magnoliopsida,class,220
Arbutus,Ericales,order,1353
Arbutus,Ericaceae,family,2505
Arbutus,Arbutus,genus,2882796
Arceuthobium oxycedri,Plantae,kingdom,6
Arceuthobium oxycedri,Tracheophyta,phylum,7707728
Arceuthobium oxycedri,Magnoliopsida,class,220
Arceuthobium oxycedri,Santalales,order,934
Arceuthobium oxycedri,Viscaceae,family,2399
Arceuthobium oxycedri,Arceuthobium,genus,2889830
Arceuthobium oxycedri,Arceuthobium oxycedri,species,2889841
Asparagus acutifolius,Plantae,kingdom,6
Asparagus acutifolius,Tracheophyta,phylum,7707728
Asparagus acutifolius,Liliopsida,class,196
Asparagus acutifolius,Asparagales,order,1169
Asparagus acutifolius,Asparagaceae,family,7683
Asparagus acutifolius,Asparagus,genus,9527393
Asparagus acutifolius,Asparagus acutifolius,species,2768995
Asphodeline,Plantae,kingdom,6
Asphodeline,Tracheophyta,phylum,7707728
Asphodeline,Liliopsida,class,196
Asphodeline,Asparagales,order,1169
Asphodeline,Asphodelaceae,family,4259209
Asphodeline,Asphodeline,genus,2777075
Asphodelus albus-type,Plantae,kingdom,6
Asphodelus albus-type,Tracheophyta,phylum,7707728
Asphodelus albus-type,Liliopsida,class,196
Asphodelus albus-type,Asparagales,order,1169
Asphodelus albus-type,Asphodelaceae,family,4259209
Asphodelus albus-type,Asphodelus,genus,7502499
Calligonum,Plantae,kingdom,6
Calligonum,Tracheophyta,phylum,7707728
Calligonum,Magnoliopsida,class,220
Calligonum,Caryophyllales,order,422
Calligonum,Polygonaceae,family,2416
Calligonum,Calligonum,genus,7788813
Carlina,Plantae,kingdom,6
Carlina,Tracheophyta,phylum,7707728
Carlina,Magnoliopsida,class,220
Carlina,Asterales,order,414
Carlina,Asteraceae,family,3065
Carlina,Carlina,genus,3105349
Carthamus,Plantae,kingdom,6
Carthamus,Tracheophyta,phylum,7707728
Carthamus,Magnoliopsida,class,220
Carthamus,Asterales,order,414
Carthamus,Asteraceae,family,3065
Carthamus,Carthamus,genus,3138214
Celtis australis,Plantae,kingdom,6
Celtis australis,Tracheophyta,phylum,7707728
Celtis australis,Magnoliopsida,class,220
Celtis australis,Rosales,order,691
Celtis australis,Cannabaceae,family,2384
Celtis australis,Celtis,genus,2984479
Celtis australis,Celtis australis,species,2984492
Centaurium,Plantae,kingdom,6
Centaurium,Tracheophyta,phylum,7707728
Centaurium,Magnoliopsida,class,220
Centaurium,Gentianales,order,412
Centaurium,Gentianaceae,family,2503
Centaurium,Centaurium,genus,7412173
Cerinthe,Plantae,kingdom,6
Cerinthe,Tracheophyta,phylum,7707728
Cerinthe,Magnoliopsida,class,220
Cerinthe,Boraginales,order,7226464
Cerinthe,Boraginaceae,family,2498
Cerinthe,Cerinthe,genus,2926107
Cistus monspeliensis,Plantae,kingdom,6
Cistus monspeliensis,Tracheophyta,phylum,7707728
Cistus monspeliensis,Magnoliopsida,class,220
Cistus monspeliensis,Malvales,order,941
Cistus monspeliensis,Cistaceae,family,6635
Cistus monspeliensis,Cistus,genus,2874026
Cistus monspeliensis,Cistus monspeliensis,species,2874030
Cistus salviifolius,Plantae,kingdom,6
Cistus salviifolius,Tracheophyta,phylum,7707728
Cistus salviifolius,Magnoliopsida,class,220
Cistus salviifolius,Malvales,order,941
Cistus salviifolius,Cistaceae,family,6635
Cistus salviifolius,Cistus,genus,2874026
Cistus salviifolius,Cistus salviifolius,species,2874027
Epipactis palustris-type,Plantae,kingdom,6
Epipactis palustris-type,Tracheophyta,phylum,7707728
Epipactis palustris-type,Liliopsida,class,196
Epipactis palustris-type,Asparagales,order,1169
Epipactis palustris-type,Orchidaceae,family,7689
Epipactis palustris-type,Epipactis,genus,8254469
Erica arborea-type,Animalia,kingdom,1
Erica arborea-type,Arthropoda,phylum,54
Erica arborea-type,Arachnida,class,367
Erica arborea-type,Araneae,order,1496
Erica arborea-type,Salticidae,family,5644
Erica arborea-type,Erica,genus,2177120
Erica arborea-type,Plantae,kingdom,6
Erica arborea-type,Tracheophyta,phylum,7707728
Erica arborea-type,Magnoliopsida,class,220
Erica arborea-type,Ericales,order,1353
Erica arborea-type,Ericaceae,family,2505
Erica arborea-type,Erica,genus,2882780
Ficus,Animalia,kingdom,1
Ficus,Mollusca,phylum,52
Ficus,Gastropoda,class,225
Ficus,Littorinimorpha,order,7390893
Ficus,Ficidae,family,6567
Ficus,Ficus,genus,2301388
Ficus,Plantae,kingdom,6
Ficus,Tracheophyta,phylum,7707728
Ficus,Magnoliopsida,class,220
Ficus,Rosales,order,691
Ficus,Moraceae,family,6640
Ficus,Ficus,genus,2984588
Helleborus foetidus,Plantae,kingdom,6
Helleborus foetidus,Tracheophyta,phylum,7707728
Helleborus foetidus,Magnoliopsida,class,220
Helleborus foetidus,Ranunculales,order,399
Helleborus foetidus,Ranunculaceae,family,2410
Helleborus foetidus,Helleborus,genus,2741682
Helleborus foetidus,Helleborus foetidus,species,6375040
Linum usitatissimum-type,Plantae,kingdom,6
Linum usitatissimum-type,Tracheophyta,phylum,7707728
Linum usitatissimum-type,Magnoliopsida,class,220
Linum usitatissimum-type,Malpighiales,order,1414
Linum usitatissimum-type,Linaceae,family,2493
Linum usitatissimum-type,Linum,genus,2873855
Lycopsis arvensis,Plantae,kingdom,6
Lycopsis arvensis,Tracheophyta,phylum,7707728
Lycopsis arvensis,Magnoliopsida,class,220
Lycopsis arvensis,Boraginales,order,7226464
Lycopsis arvensis,Boraginaceae,family,2498
Lycopsis arvensis,Lycopsis,genus,2926003
Lycopsis arvensis,Lycopsis arvensis,species,5341197
Lygeum spartum,Plantae,kingdom,6
Lygeum spartum,Tracheophyta,phylum,7707728
Lygeum spartum,Liliopsida,class,196
Lygeum spartum,Poales,order,1369
Lygeum spartum,Poaceae,family,3073
Lygeum spartum,Lygeum,genus,7719175
Lygeum spartum,Lygeum spartum,species,2704651
Myrtus communis,Plantae,kingdom,6
Myrtus communis,Tracheophyta,phylum,7707728
Myrtus communis,Magnoliopsida,class,220
Myrtus communis,Myrtales,order,690
Myrtus communis,Myrtaceae,family,5014
Myrtus communis,Myrtus,genus,3032317
Myrtus communis,Myrtus communis,species,3180085
Nerium oleander,Plantae,kingdom,6
Nerium oleander,Tracheophyta,phylum,7707728
Nerium oleander,Magnoliopsida,class,220
Nerium oleander,Gentianales,order,412
Nerium oleander,Apocynaceae,family,6701
Nerium oleander,Nerium,genus,3169755
Nerium oleander,Nerium oleander,species,3169756
Pinus halepensis-type,Plantae,kingdom,6
Pinus halepensis-type,Tracheophyta,phylum,7707728
Pinus halepensis-type,Pinopsida,class,194
Pinus halepensis-type,Pinales,order,640
Pinus halepensis-type,Pinaceae,family,3925
Pinus halepensis-type,Pinus,genus,2684241
Quercus cerris/Q. suber,Plantae,kingdom,6
Quercus cerris/Q. suber,Tracheophyta,phylum,7707728
Quercus cerris/Q. suber,Magnoliopsida,class,220
Quercus cerris/Q. suber,Fagales,order,1354
Quercus cerris/Q. suber,Fagaceae,family,4689
Quercus cerris/Q. suber,Quercus,genus,2877951
Quercus pubescens-type,Plantae,kingdom,6
Quercus pubescens-type,Tracheophyta,phylum,7707728
Quercus pubescens-type,Magnoliopsida,class,220
Quercus pubescens-type,Fagales,order,1354
Quercus pubescens-type,Fagaceae,family,4689
Quercus pubescens-type,Quercus,genus,2877951
Theligonum cynocrambe,Plantae,kingdom,6
Theligonum cynocrambe,Tracheophyta,phylum,7707728
Theligonum cynocrambe,Magnoliopsida,class,220
Theligonum cynocrambe,Gentianales,order,412
Theligonum cynocrambe,Rubiaceae,family,8798
Theligonum cynocrambe,Theligonum,genus,2919291
Theligonum cynocrambe,Theligonum cynocrambe,species,2919295
Thymelaeaceae,Plantae,kingdom,6
Thymelaeaceae,Tracheophyta,phylum,7707728
Thymelaeaceae,Magnoliopsida,class,220
Thymelaeaceae,Malvales,order,941
Thymelaeaceae,Thymelaeaceae,family,2428
Viburnum tinus,Plantae,kingdom,6
Viburnum tinus,Tracheophyta,phylum,7707728
Viburnum tinus,Magnoliopsida,class,220
Viburnum tinus,Dipsacales,order,946
Viburnum tinus,Viburnaceae,family,4924416
Viburnum tinus,Viburnum,genus,2888580
Viburnum tinus,Viburnum tinus,species,2888585
Carpinus orientalis,Plantae,kingdom,6
Carpinus orientalis,Tracheophyta,phylum,7707728
Carpinus orientalis,Magnoliopsida,class,220
Carpinus orientalis,Fagales,order,1354
Carpinus orientalis,Betulaceae,family,4688
Carpinus orientalis,Carpinus,genus,2875770
Carpinus orientalis,Carpinus orientalis,species,2875780
Jurinea,Plantae,kingdom,6
Jurinea,Tracheophyta,phylum,7707728
Jurinea,Magnoliopsida,class,220
Jurinea,Asterales,order,414
Jurinea,Asteraceae,family,3065
Jurinea,Jurinea,genus,3109185
Quercus cerris,Plantae,kingdom,6
Quercus cerris,Tracheophyta,phylum,7707728
Quercus cerris,Magnoliopsida,class,220
Quercus cerris,Fagales,order,1354
Quercus cerris,Fagaceae,family,4689
Quercus cerris,Quercus,genus,2877951
Quercus cerris,Quercus cerris,species,2880580
Anemone sect. Hepatica,Animalia,kingdom,1
Anemone sect. Hepatica,Arthropoda,phylum,54
Anemone sect. Hepatica,Insecta,class,216
Anemone sect. Hepatica,Lepidoptera,order,797
Anemone sect. Hepatica,Erebidae,family,4532185
Anemone sect. Hepatica,Hepatica,genus,1780194
Anemone sect. Hepatica,Plantae,kingdom,6
Anemone sect. Hepatica,Tracheophyta,phylum,7707728
Anemone sect. Hepatica,Magnoliopsida,class,220
Anemone sect. Hepatica,Ranunculales,order,399
Anemone sect. Hepatica,Ranunculaceae,family,2410
Anemone sect. Hepatica,Hepatica,genus,3033655
Mercurialis perennis-type,Plantae,kingdom,6
Mercurialis perennis-type,Tracheophyta,phylum,7707728
Mercurialis perennis-type,Magnoliopsida,class,220
Mercurialis perennis-type,Malpighiales,order,1414
Mercurialis perennis-type,Euphorbiaceae,family,4691
Mercurialis perennis-type,Mercurialis,genus,3062956
Orlaya grandiflora,Plantae,kingdom,6
Orlaya grandiflora,Tracheophyta,phylum,7707728
Orlaya grandiflora,Magnoliopsida,class,220
Orlaya grandiflora,Apiales,order,1351
Orlaya grandiflora,Apiaceae,family,6720
Orlaya grandiflora,Orlaya,genus,6027056
Orlaya grandiflora,Orlaya grandiflora,species,3638282
Torilis arvensis,Plantae,kingdom,6
Torilis arvensis,Tracheophyta,phylum,7707728
Torilis arvensis,Magnoliopsida,class,220
Torilis arvensis,Apiales,order,1351
Torilis arvensis,Apiaceae,family,6720
Torilis arvensis,Torilis,genus,3034818
Torilis arvensis,Torilis arvensis,species,3034823
Trifolium alpinum-type,Plantae,kingdom,6
Trifolium alpinum-type,Tracheophyta,phylum,7707728
Trifolium alpinum-type,Magnoliopsida,class,220
Trifolium alpinum-type,Fabales,order,1370
Trifolium alpinum-type,Fabaceae,family,5386
Trifolium alpinum-type,Trifolium,genus,2973363
Trifolium alpinum-type,Animalia,kingdom,1
Trifolium alpinum-type,Platyhelminthes,phylum,108
Trifolium alpinum-type,Trematoda,class,345
Trifolium alpinum-type,Plagiorchiida,order,434
Trifolium alpinum-type,Psilostomidae,family,4345426
Trifolium alpinum-type,Trifolium,genus,3268117
Asarum europaeum,Plantae,kingdom,6
Asarum europaeum,Tracheophyta,phylum,7707728
Asarum europaeum,Magnoliopsida,class,220
Asarum europaeum,Piperales,order,404
Asarum europaeum,Aristolochiaceae,family,3066
Asarum europaeum,Asarum,genus,2873945
Asarum europaeum,Asarum europaeum,species,7313595
Betula pendula,Plantae,kingdom,6
Betula pendula,Tracheophyta,phylum,7707728
Betula pendula,Magnoliopsida,class,220
Betula pendula,Fagales,order,1354
Betula pendula,Betulaceae,family,4688
Betula pendula,Betula,genus,2875008
Betula pendula,Betula pendula,species,5331916
Betula pubescens,Plantae,kingdom,6
Betula pubescens,Tracheophyta,phylum,7707728
Betula pubescens,Magnoliopsida,class,220
Betula pubescens,Fagales,order,1354
Betula pubescens,Betulaceae,family,4688
Betula pubescens,Betula,genus,2875008
Betula pubescens,Betula pubescens,species,9118014
Cichorium,Plantae,kingdom,6
Cichorium,Tracheophyta,phylum,7707728
Cichorium,Magnoliopsida,class,220
Cichorium,Asterales,order,414
Cichorium,Asteraceae,family,3065
Cichorium,Cichorium,genus,3106707
Illecebrum,Plantae,kingdom,6
Illecebrum,Tracheophyta,phylum,7707728
Illecebrum,Magnoliopsida,class,220
Illecebrum,Caryophyllales,order,422
Illecebrum,Caryophyllaceae,family,2518
Illecebrum,Illecebrum,genus,3085609
Oxalidaceae,Plantae,kingdom,6
Oxalidaceae,Tracheophyta,phylum,7707728
Oxalidaceae,Magnoliopsida,class,220
Oxalidaceae,Oxalidales,order,7224021
Oxalidaceae,Oxalidaceae,family,6697
Plantaginaceae,Plantae,kingdom,6
Plantaginaceae,Tracheophyta,phylum,7707728
Plantaginaceae,Magnoliopsida,class,220
Plantaginaceae,Lamiales,order,408
Plantaginaceae,Plantaginaceae,family,2420
Santalaceae,Plantae,kingdom,6
Santalaceae,Tracheophyta,phylum,7707728
Santalaceae,Magnoliopsida,class,220
Santalaceae,Santalales,order,934
Santalaceae,Santalaceae,family,6661
Violaceae,Plantae,kingdom,6
Violaceae,Tracheophyta,phylum,7707728
Violaceae,Magnoliopsida,class,220
Violaceae,Malpighiales,order,1414
Violaceae,Violaceae,family,6631
Iridaceae,Plantae,kingdom,6
Iridaceae,Tracheophyta,phylum,7707728
Iridaceae,Liliopsida,class,196
Iridaceae,Asparagales,order,1169
Iridaceae,Iridaceae,family,7698
Pinus peuce,Plantae,kingdom,6
Pinus peuce,Tracheophyta,phylum,7707728
Pinus peuce,Pinopsida,class,194
Pinus peuce,Pinales,order,640
Pinus peuce,Pinaceae,family,3925
Pinus peuce,Pinus,genus,2684241
Pinus peuce,Pinus peuce,species,5285079
Quercus cerris-type,Plantae,kingdom,6
Quercus cerris-type,Tracheophyta,phylum,7707728
Quercus cerris-type,Magnoliopsida,class,220
Quercus cerris-type,Fagales,order,1354
Quercus cerris-type,Fagaceae,family,4689
Quercus cerris-type,Quercus,genus,2877951
Plantago media/P. montana,Plantae,kingdom,6
Plantago media/P. montana,Tracheophyta,phylum,7707728
Plantago media/P. montana,Magnoliopsida,class,220
Plantago media/P. montana,Lamiales,order,408
Plantago media/P. montana,Plantaginaceae,family,2420
Plantago media/P. montana,Plantago,genus,3189695
Pistacia lentiscus,Plantae,kingdom,6
Pistacia lentiscus,Tracheophyta,phylum,7707728
Pistacia lentiscus,Magnoliopsida,class,220
Pistacia lentiscus,Sapindales,order,933
Pistacia lentiscus,Anacardiaceae,family,2398
Pistacia lentiscus,Pistacia,genus,3190459
Pistacia lentiscus,Pistacia lentiscus,species,3190583
Saxifraga paniculata-type,Plantae,kingdom,6
Saxifraga paniculata-type,Tracheophyta,phylum,7707728
Saxifraga paniculata-type,Magnoliopsida,class,220
Saxifraga paniculata-type,Saxifragales,order,7219248
Saxifraga paniculata-type,Saxifragaceae,family,2402
Saxifraga paniculata-type,Saxifraga,genus,2987833
Sempervivum,Plantae,kingdom,6
Sempervivum,Tracheophyta,phylum,7707728
Sempervivum,Magnoliopsida,class,220
Sempervivum,Saxifragales,order,7219248
Sempervivum,Crassulaceae,family,2406
Sempervivum,Sempervivum,genus,2985948
Streptopus amplexifolius,Plantae,kingdom,6
Streptopus amplexifolius,Tracheophyta,phylum,7707728
Streptopus amplexifolius,Liliopsida,class,196
Streptopus amplexifolius,Liliales,order,1172
Streptopus amplexifolius,Liliaceae,family,7699
Streptopus amplexifolius,Streptopus,genus,2752729
Streptopus amplexifolius,Streptopus amplexifolius,species,2752734
Vincetoxicum,Plantae,kingdom,6
Vincetoxicum,Tracheophyta,phylum,7707728
Vincetoxicum,Magnoliopsida,class,220
Vincetoxicum,Gentianales,order,412
Vincetoxicum,Apocynaceae,family,6701
Vincetoxicum,Vincetoxicum,genus,7588865
Xeranthemum,Plantae,kingdom,6
Xeranthemum,Tracheophyta,phylum,7707728
Xeranthemum,Magnoliopsida,class,220
Xeranthemum,Asterales,order,414
Xeranthemum,Asteraceae,family,3065
Xeranthemum,Xeranthemum,genus,3144032
Myosotis arvensis-type,Plantae,kingdom,6
Myosotis arvensis-type,Tracheophyta,phylum,7707728
Myosotis arvensis-type,Magnoliopsida,class,220
Myosotis arvensis-type,Boraginales,order,7226464
Myosotis arvensis-type,Boraginaceae,family,2498
Myosotis arvensis-type,Myosotis,genus,2925668
Lotus corniculatus,Plantae,kingdom,6
Lotus corniculatus,Tracheophyta,phylum,7707728
Lotus corniculatus,Magnoliopsida,class,220
Lotus corniculatus,Fabales,order,1370
Lotus corniculatus,Fabaceae,family,5386
Lotus corniculatus,Lotus,genus,10220564
Lotus corniculatus,Lotus corniculatus,species,5357013
Persicaria lapathifolia,Plantae,kingdom,6
Persicaria lapathifolia,Tracheophyta,phylum,7707728
Persicaria lapathifolia,Magnoliopsida,class,220
Persicaria lapathifolia,Caryophyllales,order,422
Persicaria lapathifolia,Polygonaceae,family,2416
Persicaria lapathifolia,Persicaria,genus,6390748
Persicaria lapathifolia,Persicaria lapathifolia,species,2889262
Poterium,Plantae,kingdom,6
Poterium,Tracheophyta,phylum,7707728
Poterium,Magnoliopsida,class,220
Poterium,Rosales,order,691
Poterium,Rosaceae,family,5015
Poterium,Poterium,genus,3001016
Quercus (deciduous),Plantae,kingdom,6
Quercus (deciduous),Tracheophyta,phylum,7707728
Quercus (deciduous),Magnoliopsida,class,220
Quercus (deciduous),Fagales,order,1354
Quercus (deciduous),Fagaceae,family,4689
Quercus (deciduous),Quercus,genus,2877951
Rumex aquaticus,Plantae,kingdom,6
Rumex aquaticus,Tracheophyta,phylum,7707728
Rumex aquaticus,Magnoliopsida,class,220
Rumex aquaticus,Caryophyllales,order,422
Rumex aquaticus,Polygonaceae,family,2416
Rumex aquaticus,Rumex,genus,2888942
Rumex aquaticus,Rumex aquaticus,species,2888992
Sambucus ebulus,Plantae,kingdom,6
Sambucus ebulus,Tracheophyta,phylum,7707728
Sambucus ebulus,Magnoliopsida,class,220
Sambucus ebulus,Dipsacales,order,946
Sambucus ebulus,Viburnaceae,family,4924416
Sambucus ebulus,Sambucus,genus,2888721
Sambucus ebulus,Sambucus ebulus,species,2888722
Tilia undiff.,Plantae,kingdom,6
Tilia undiff.,Tracheophyta,phylum,7707728
Tilia undiff.,Magnoliopsida,class,220
Tilia undiff.,Malvales,order,941
Tilia undiff.,Malvaceae,family,6685
Tilia undiff.,Tilia,genus,3152041
Arctostaphylos uva-ursi-type,Plantae,kingdom,6
Arctostaphylos uva-ursi-type,Tracheophyta,phylum,7707728
Arctostaphylos uva-ursi-type,Magnoliopsida,class,220
Arctostaphylos uva-ursi-type,Ericales,order,1353
Arctostaphylos uva-ursi-type,Ericaceae,family,2505
Arctostaphylos uva-ursi-type,Arctostaphylos,genus,2882486
Betula pubescens-type,Plantae,kingdom,6
Betula pubescens-type,Tracheophyta,phylum,7707728
Betula pubescens-type,Magnoliopsida,class,220
Betula pubescens-type,Fagales,order,1354
Betula pubescens-type,Betulaceae,family,4688
Betula pubescens-type,Betula,genus,2875008
Chamaenerion,Plantae,kingdom,6
Chamaenerion,Tracheophyta,phylum,7707728
Chamaenerion,Magnoliopsida,class,220
Chamaenerion,Myrtales,order,690
Chamaenerion,Onagraceae,family,2430
Chamaenerion,Chamaenerion,genus,8406741
Cryptomeria,Animalia,kingdom,1
Cryptomeria,Arthropoda,phylum,54
Cryptomeria,Insecta,class,216
Cryptomeria,Lepidoptera,order,797
Cryptomeria,Erebidae,family,4532185
Cryptomeria,Cryptomeria,genus,1768285
Cryptomeria,Plantae,kingdom,6
Cryptomeria,Tracheophyta,phylum,7707728
Cryptomeria,Pinopsida,class,194
Cryptomeria,Pinales,order,640
Cryptomeria,Cupressaceae,family,8144
Cryptomeria,Cryptomeria,genus,2683915
Rumex cf. R. alpinus,Plantae,kingdom,6
Rumex cf. R. alpinus,Tracheophyta,phylum,7707728
Rumex cf. R. alpinus,Magnoliopsida,class,220
Rumex cf. R. alpinus,Caryophyllales,order,422
Rumex cf. R. alpinus,Polygonaceae,family,2416
Rumex cf. R. alpinus,Rumex,genus,2888942
Saxifraga undiff.,Plantae,kingdom,6
Saxifraga undiff.,Tracheophyta,phylum,7707728
Saxifraga undiff.,Magnoliopsida,class,220
Saxifraga undiff.,Saxifragales,order,7219248
Saxifraga undiff.,Saxifragaceae,family,2402
Saxifraga undiff.,Saxifraga,genus,2987833
Sciadopitys,Plantae,kingdom,6
Sciadopitys,Tracheophyta,phylum,7707728
Sciadopitys,Pinopsida,class,194
Sciadopitys,Pinales,order,640
Sciadopitys,Sciadopityaceae,family,8831
Sciadopitys,Sciadopitys,genus,2684903
Sequoia,Plantae,kingdom,6
Sequoia,Tracheophyta,phylum,7707728
Sequoia,Pinopsida,class,194
Sequoia,Pinales,order,640
Sequoia,Cupressaceae,family,8144
Sequoia,Sequoia,genus,2683908
Sorbus aria-type,Plantae,kingdom,6
Sorbus aria-type,Tracheophyta,phylum,7707728
Sorbus aria-type,Magnoliopsida,class,220
Sorbus aria-type,Rosales,order,691
Sorbus aria-type,Rosaceae,family,5015
Sorbus aria-type,Sorbus,genus,3012146
Tsuga diversifolia-type,Plantae,kingdom,6
Tsuga diversifolia-type,Tracheophyta,phylum,7707728
Tsuga diversifolia-type,Pinopsida,class,194
Tsuga diversifolia-type,Pinales,order,640
Tsuga diversifolia-type,Pinaceae,family,3925
Tsuga diversifolia-type,Tsuga,genus,8527396
Buphthalmum,Plantae,kingdom,6
Buphthalmum,Tracheophyta,phylum,7707728
Buphthalmum,Magnoliopsida,class,220
Buphthalmum,Asterales,order,414
Buphthalmum,Asteraceae,family,3065
Buphthalmum,Buphthalmum,genus,8293692
Geum montanum-type,Plantae,kingdom,6
Geum montanum-type,Tracheophyta,phylum,7707728
Geum montanum-type,Magnoliopsida,class,220
Geum montanum-type,Rosales,order,691
Geum montanum-type,Rosaceae,family,5015
Geum montanum-type,Geum,genus,3024294
Holosteum umbellatum,Plantae,kingdom,6
Holosteum umbellatum,Tracheophyta,phylum,7707728
Holosteum umbellatum,Magnoliopsida,class,220
Holosteum umbellatum,Caryophyllales,order,422
Holosteum umbellatum,Caryophyllaceae,family,2518
Holosteum umbellatum,Holosteum,genus,3085347
Holosteum umbellatum,Holosteum umbellatum,species,3085349
Ligusticum mutellinoides-type,Plantae,kingdom,6
Ligusticum mutellinoides-type,Tracheophyta,phylum,7707728
Ligusticum mutellinoides-type,Magnoliopsida,class,220
Ligusticum mutellinoides-type,Apiales,order,1351
Ligusticum mutellinoides-type,Apiaceae,family,6720
Ligusticum mutellinoides-type,Ligusticum,genus,3034791
Minuartia verna-type,Plantae,kingdom,6
Minuartia verna-type,Tracheophyta,phylum,7707728
Minuartia verna-type,Magnoliopsida,class,220
Minuartia verna-type,Caryophyllales,order,422
Minuartia verna-type,Caryophyllaceae,family,2518
Minuartia verna-type,Minuartia,genus,8776773
Myricaria germanica,Plantae,kingdom,6
Myricaria germanica,Tracheophyta,phylum,7707728
Myricaria germanica,Magnoliopsida,class,220
Myricaria germanica,Caryophyllales,order,422
Myricaria germanica,Tamaricaceae,family,6632
Myricaria germanica,Myricaria,genus,7316450
Myricaria germanica,Myricaria germanica,species,3612876
Turgenia latifolia,Plantae,kingdom,6
Turgenia latifolia,Tracheophyta,phylum,7707728
Turgenia latifolia,Magnoliopsida,class,220
Turgenia latifolia,Apiales,order,1351
Turgenia latifolia,Apiaceae,family,6720
Turgenia latifolia,Turgenia,genus,3034777
Turgenia latifolia,Turgenia latifolia,species,3034778
Linaceae,Plantae,kingdom,6
Linaceae,Tracheophyta,phylum,7707728
Linaceae,Magnoliopsida,class,220
Linaceae,Malpighiales,order,1414
Linaceae,Linaceae,family,2493
Olea europaea,Plantae,kingdom,6
Olea europaea,Tracheophyta,phylum,7707728
Olea europaea,Magnoliopsida,class,220
Olea europaea,Lamiales,order,408
Olea europaea,Oleaceae,family,6652
Olea europaea,Olea,genus,3172244
Olea europaea,Olea europaea,species,5415040
Quercus canariensis,Plantae,kingdom,6
Quercus canariensis,Tracheophyta,phylum,7707728
Quercus canariensis,Magnoliopsida,class,220
Quercus canariensis,Fagales,order,1354
Quercus canariensis,Fagaceae,family,4689
Quercus canariensis,Quercus,genus,2877951
Quercus canariensis,Quercus canariensis,species,2880808
Quercus suber,Plantae,kingdom,6
Quercus suber,Tracheophyta,phylum,7707728
Quercus suber,Magnoliopsida,class,220
Quercus suber,Fagales,order,1354
Quercus suber,Fagaceae,family,4689
Quercus suber,Quercus,genus,2877951
Quercus suber,Quercus suber,species,2879411
Centaurea undiff.,Plantae,kingdom,6
Centaurea undiff.,Tracheophyta,phylum,7707728
Centaurea undiff.,Magnoliopsida,class,220
Centaurea undiff.,Asterales,order,414
Centaurea undiff.,Asteraceae,family,3065
Centaurea undiff.,Centaurea,genus,3127469
Knautia arvensis-type,Plantae,kingdom,6
Knautia arvensis-type,Tracheophyta,phylum,7707728
Knautia arvensis-type,Magnoliopsida,class,220
Knautia arvensis-type,Dipsacales,order,946
Knautia arvensis-type,Caprifoliaceae,family,6710
Knautia arvensis-type,Knautia,genus,2888807
Lycopus,Animalia,kingdom,1
Lycopus,Arthropoda,phylum,54
Lycopus,Arachnida,class,367
Lycopus,Araneae,order,1496
Lycopus,Thomisidae,family,6163
Lycopus,Lycopus,genus,2165503
Lycopus,Plantae,kingdom,6
Lycopus,Tracheophyta,phylum,7707728
Lycopus,Magnoliopsida,class,220
Lycopus,Lamiales,order,408
Lycopus,Lamiaceae,family,2497
Lycopus,Lycopus,genus,2927122
Scleranthus annuus-type,Plantae,kingdom,6
Scleranthus annuus-type,Tracheophyta,phylum,7707728
Scleranthus annuus-type,Magnoliopsida,class,220
Scleranthus annuus-type,Caryophyllales,order,422
Scleranthus annuus-type,Caryophyllaceae,family,2518
Scleranthus annuus-type,Scleranthus,genus,3085893
Sorbus torminalis,Plantae,kingdom,6
Sorbus torminalis,Tracheophyta,phylum,7707728
Sorbus torminalis,Magnoliopsida,class,220
Sorbus torminalis,Rosales,order,691
Sorbus torminalis,Rosaceae,family,5015
Sorbus torminalis,Torminalis,genus,3026338
Sorbus torminalis,Torminalis glaberrima,species,9410160
Sorbus torminalis,Plantae,kingdom,6
Sorbus torminalis,Tracheophyta,phylum,7707728
Sorbus torminalis,Magnoliopsida,class,220
Sorbus torminalis,Rosales,order,691
Sorbus torminalis,Rosaceae,family,5015
Sorbus torminalis,Torminalis,genus,3026338
Sorbus torminalis,Torminalis glaberrima,species,9410160
Angelica sylvestris,Plantae,kingdom,6
Angelica sylvestris,Tracheophyta,phylum,7707728
Angelica sylvestris,Magnoliopsida,class,220
Angelica sylvestris,Apiales,order,1351
Angelica sylvestris,Apiaceae,family,6720
Angelica sylvestris,Angelica,genus,3034560
Angelica sylvestris,Angelica sylvestris,species,5371818
Athamanta cretensis,Plantae,kingdom,6
Athamanta cretensis,Tracheophyta,phylum,7707728
Athamanta cretensis,Magnoliopsida,class,220
Athamanta cretensis,Apiales,order,1351
Athamanta cretensis,Apiaceae,family,6720
Athamanta cretensis,Athamanta,genus,6026674
Athamanta cretensis,Athamanta cretensis,species,7607769
Lonicera alpigena,Plantae,kingdom,6
Lonicera alpigena,Tracheophyta,phylum,7707728
Lonicera alpigena,Magnoliopsida,class,220
Lonicera alpigena,Dipsacales,order,946
Lonicera alpigena,Caprifoliaceae,family,6710
Lonicera alpigena,Lonicera,genus,2888645
Lonicera alpigena,Lonicera alpigena,species,6369729
Acanthus,Plantae,kingdom,6
Acanthus,Tracheophyta,phylum,7707728
Acanthus,Magnoliopsida,class,220
Acanthus,Lamiales,order,408
Acanthus,Acanthaceae,family,2393
Acanthus,Acanthus,genus,3173198
Coriaria,Plantae,kingdom,6
Coriaria,Tracheophyta,phylum,7707728
Coriaria,Magnoliopsida,class,220
Coriaria,Cucurbitales,order,7224005
Coriaria,Coriariaceae,family,3701754
Coriaria,Coriaria,genus,7323108
Cyperus capitatus,Plantae,kingdom,6
Cyperus capitatus,Tracheophyta,phylum,7707728
Cyperus capitatus,Liliopsida,class,196
Cyperus capitatus,Poales,order,1369
Cyperus capitatus,Cyperaceae,family,7708
Cyperus capitatus,Cyperus,genus,2713455
Cyperus capitatus,Cyperus capitatus,species,2714938
Gentiana verna,Plantae,kingdom,6
Gentiana verna,Tracheophyta,phylum,7707728
Gentiana verna,Magnoliopsida,class,220
Gentiana verna,Gentianales,order,412
Gentiana verna,Gentianaceae,family,2503
Gentiana verna,Gentiana,genus,3170037
Gentiana verna,Gentiana verna,species,8232412
Ranunculus lanuginosus,Plantae,kingdom,6
Ranunculus lanuginosus,Tracheophyta,phylum,7707728
Ranunculus lanuginosus,Magnoliopsida,class,220
Ranunculus lanuginosus,Ranunculales,order,399
Ranunculus lanuginosus,Ranunculaceae,family,2410
Ranunculus lanuginosus,Ranunculus,genus,3033294
Ranunculus lanuginosus,Ranunculus lanuginosus,species,7826351
Stellaria holostea-type,Plantae,kingdom,6
Stellaria holostea-type,Tracheophyta,phylum,7707728
Stellaria holostea-type,Magnoliopsida,class,220
Stellaria holostea-type,Caryophyllales,order,422
Stellaria holostea-type,Caryophyllaceae,family,2518
Stellaria holostea-type,Stellaria,genus,3085667
Stellaria holostea-type,Animalia,kingdom,1
Stellaria holostea-type,Mollusca,phylum,52
Stellaria holostea-type,Gastropoda,class,225
Stellaria holostea-type,Littorinimorpha,order,7390893
Stellaria holostea-type,Xenophoridae,family,7055
Stellaria holostea-type,Stellaria,genus,3244642
Centaurea solstitialis-type,Plantae,kingdom,6
Centaurea solstitialis-type,Tracheophyta,phylum,7707728
Centaurea solstitialis-type,Magnoliopsida,class,220
Centaurea solstitialis-type,Asterales,order,414
Centaurea solstitialis-type,Asteraceae,family,3065
Centaurea solstitialis-type,Centaurea,genus,3127469
Cistus albidus-type,Plantae,kingdom,6
Cistus albidus-type,Tracheophyta,phylum,7707728
Cistus albidus-type,Magnoliopsida,class,220
Cistus albidus-type,Malvales,order,941
Cistus albidus-type,Cistaceae,family,6635
Cistus albidus-type,Cistus,genus,2874026
Fraxinus angustifolia-type,Plantae,kingdom,6
Fraxinus angustifolia-type,Tracheophyta,phylum,7707728
Fraxinus angustifolia-type,Magnoliopsida,class,220
Fraxinus angustifolia-type,Lamiales,order,408
Fraxinus angustifolia-type,Oleaceae,family,6652
Fraxinus angustifolia-type,Fraxinus,genus,3172323
Marrubium,Plantae,kingdom,6
Marrubium,Tracheophyta,phylum,7707728
Marrubium,Magnoliopsida,class,220
Marrubium,Lamiales,order,408
Marrubium,Lamiaceae,family,2497
Marrubium,Marrubium,genus,2927068
Myrtus,Plantae,kingdom,6
Myrtus,Tracheophyta,phylum,7707728
Myrtus,Magnoliopsida,class,220
Myrtus,Myrtales,order,690
Myrtus,Myrtaceae,family,5014
Myrtus,Myrtus,genus,3032317
Plantago lagopus-type,Plantae,kingdom,6
Plantago lagopus-type,Tracheophyta,phylum,7707728
Plantago lagopus-type,Magnoliopsida,class,220
Plantago lagopus-type,Lamiales,order,408
Plantago lagopus-type,Plantaginaceae,family,2420
Plantago lagopus-type,Plantago,genus,3189695
Quercus (deciduous-type),Plantae,kingdom,6
Quercus (deciduous-type),Tracheophyta,phylum,7707728
Quercus (deciduous-type),Magnoliopsida,class,220
Quercus (deciduous-type),Fagales,order,1354
Quercus (deciduous-type),Fagaceae,family,4689
Quercus (deciduous-type),Quercus,genus,2877951
Quercus (evergreen-type),Plantae,kingdom,6
Quercus (evergreen-type),Tracheophyta,phylum,7707728
Quercus (evergreen-type),Magnoliopsida,class,220
Quercus (evergreen-type),Fagales,order,1354
Quercus (evergreen-type),Fagaceae,family,4689
Quercus (evergreen-type),Quercus,genus,2877951
Anthemideae,Animalia,kingdom,1
Anthemideae,Cnidaria,phylum,43
Anthemideae,Anthozoa,class,206
Anthemideae,Actiniaria,order,705
Anthemideae,Antheidae,family,7671182
Crepis,Animalia,kingdom,1
Crepis,Bryozoa,phylum,53
Crepis,Gymnolaemata,class,252
Crepis,Cheilostomatida,order,467
Crepis,Cymuloporidae,family,8428519
Crepis,Crepis,genus,1005637
Crepis,Plantae,kingdom,6
Crepis,Tracheophyta,phylum,7707728
Crepis,Magnoliopsida,class,220
Crepis,Asterales,order,414
Crepis,Asteraceae,family,3065
Crepis,Crepis,genus,3143303
Hypericum elodes,Plantae,kingdom,6
Hypericum elodes,Tracheophyta,phylum,7707728
Hypericum elodes,Magnoliopsida,class,220
Hypericum elodes,Malpighiales,order,1414
Hypericum elodes,Hypericaceae,family,4900406
Hypericum elodes,Hypericum,genus,3189452
Hypericum elodes,Hypericum elodes,species,3713039
Rumex hydrolapathum,Plantae,kingdom,6
Rumex hydrolapathum,Tracheophyta,phylum,7707728
Rumex hydrolapathum,Magnoliopsida,class,220
Rumex hydrolapathum,Caryophyllales,order,422
Rumex hydrolapathum,Polygonaceae,family,2416
Rumex hydrolapathum,Rumex,genus,2888942
Rumex hydrolapathum,Rumex hydrolapathum,species,7291247
Verbena,Plantae,kingdom,6
Verbena,Tracheophyta,phylum,7707728
Verbena,Magnoliopsida,class,220
Verbena,Lamiales,order,408
Verbena,Verbenaceae,family,6689
Verbena,Verbena,genus,2925470
Armeria maritima,Plantae,kingdom,6
Armeria maritima,Tracheophyta,phylum,7707728
Armeria maritima,Magnoliopsida,class,220
Armeria maritima,Caryophyllales,order,422
Armeria maritima,Plumbaginaceae,family,2419
Armeria maritima,Armeria,genus,3082288
Armeria maritima,Armeria maritima,species,8930531
Atropa belladonna,Plantae,kingdom,6
Atropa belladonna,Tracheophyta,phylum,7707728
Atropa belladonna,Magnoliopsida,class,220
Atropa belladonna,Solanales,order,1176
Atropa belladonna,Solanaceae,family,7717
Atropa belladonna,Atropa,genus,2928892
Atropa belladonna,Atropa belladonna,species,3802655
Borago,Plantae,kingdom,6
Borago,Tracheophyta,phylum,7707728
Borago,Magnoliopsida,class,220
Borago,Boraginales,order,7226464
Borago,Boraginaceae,family,2498
Borago,Borago,genus,2926109
Limonium,Plantae,kingdom,6
Limonium,Tracheophyta,phylum,7707728
Limonium,Magnoliopsida,class,220
Limonium,Caryophyllales,order,422
Limonium,Plumbaginaceae,family,2419
Limonium,Limonium,genus,3082293
Resedaceae,Plantae,kingdom,6
Resedaceae,Tracheophyta,phylum,7707728
Resedaceae,Magnoliopsida,class,220
Resedaceae,Brassicales,order,7225535
Resedaceae,Resedaceae,family,3110
Spartium,Plantae,kingdom,6
Spartium,Tracheophyta,phylum,7707728
Spartium,Magnoliopsida,class,220
Spartium,Fabales,order,1370
Spartium,Fabaceae,family,5386
Spartium,Spartium,genus,8109416
Viola tricolor,Plantae,kingdom,6
Viola tricolor,Tracheophyta,phylum,7707728
Viola tricolor,Magnoliopsida,class,220
Viola tricolor,Malpighiales,order,1414
Viola tricolor,Violaceae,family,6631
Viola tricolor,Viola,genus,2874237
Viola tricolor,Viola tricolor,species,5331347
Calystegia sepium-type,Plantae,kingdom,6
Calystegia sepium-type,Tracheophyta,phylum,7707728
Calystegia sepium-type,Magnoliopsida,class,220
Calystegia sepium-type,Solanales,order,1176
Calystegia sepium-type,Convolvulaceae,family,2389
Calystegia sepium-type,Calystegia,genus,2928418
Dioscorea,Plantae,kingdom,6
Dioscorea,Tracheophyta,phylum,7707728
Dioscorea,Liliopsida,class,196
Dioscorea,Dioscoreales,order,1171
Dioscorea,Dioscoreaceae,family,7694
Dioscorea,Dioscorea,genus,2754367
Plantago pro parte,Plantae,kingdom,6
Plantago pro parte,Tracheophyta,phylum,7707728
Plantago pro parte,Magnoliopsida,class,220
Plantago pro parte,Lamiales,order,408
Plantago pro parte,Plantaginaceae,family,2420
Plantago pro parte,Plantago,genus,3189695
Ammi,Plantae,kingdom,6
Ammi,Tracheophyta,phylum,7707728
Ammi,Magnoliopsida,class,220
Ammi,Apiales,order,1351
Ammi,Apiaceae,family,6720
Ammi,Ammi,genus,3034181
Atriplex,Plantae,kingdom,6
Atriplex,Tracheophyta,phylum,7707728
Atriplex,Magnoliopsida,class,220
Atriplex,Caryophyllales,order,422
Atriplex,Amaranthaceae,family,3064
Atriplex,Atriplex,genus,10651755
Calendula,Plantae,kingdom,6
Calendula,Tracheophyta,phylum,7707728
Calendula,Magnoliopsida,class,220
Calendula,Asterales,order,414
Calendula,Asteraceae,family,3065
Calendula,Calendula,genus,3104843
Draba,Plantae,kingdom,6
Draba,Tracheophyta,phylum,7707728
Draba,Magnoliopsida,class,220
Draba,Brassicales,order,7225535
Draba,Brassicaceae,family,3112
Draba,Draba,genus,3049396
Rosaceae (type A),Plantae,kingdom,6
Rosaceae (type A),Tracheophyta,phylum,7707728
Rosaceae (type A),Magnoliopsida,class,220
Rosaceae (type A),Rosales,order,691
Rosaceae (type A),Rosaceae,family,5015
Rosaceae (type B),Plantae,kingdom,6
Rosaceae (type B),Tracheophyta,phylum,7707728
Rosaceae (type B),Magnoliopsida,class,220
Rosaceae (type B),Rosales,order,691
Rosaceae (type B),Rosaceae,family,5015
Androsace alpina-type,Plantae,kingdom,6
Androsace alpina-type,Tracheophyta,phylum,7707728
Androsace alpina-type,Magnoliopsida,class,220
Androsace alpina-type,Ericales,order,1353
Androsace alpina-type,Primulaceae,family,6674
Androsace alpina-type,Androsace,genus,3169318
Chrysosplenium undiff.,Plantae,kingdom,6
Chrysosplenium undiff.,Tracheophyta,phylum,7707728
Chrysosplenium undiff.,Magnoliopsida,class,220
Chrysosplenium undiff.,Saxifragales,order,7219248
Chrysosplenium undiff.,Saxifragaceae,family,2402
Chrysosplenium undiff.,Chrysosplenium,genus,3032632
Lamium album-type,Plantae,kingdom,6
Lamium album-type,Tracheophyta,phylum,7707728
Lamium album-type,Magnoliopsida,class,220
Lamium album-type,Lamiales,order,408
Lamium album-type,Lamiaceae,family,2497
Lamium album-type,Lamium,genus,2926678
Narcissus pseudonarcissus-type,Plantae,kingdom,6
Narcissus pseudonarcissus-type,Tracheophyta,phylum,7707728
Narcissus pseudonarcissus-type,Liliopsida,class,196
Narcissus pseudonarcissus-type,Asparagales,order,1169
Narcissus pseudonarcissus-type,Amaryllidaceae,family,7682
Narcissus pseudonarcissus-type,Narcissus,genus,2858200
Saxifraga hirculus-type,Plantae,kingdom,6
Saxifraga hirculus-type,Tracheophyta,phylum,7707728
Saxifraga hirculus-type,Magnoliopsida,class,220
Saxifraga hirculus-type,Saxifragales,order,7219248
Saxifraga hirculus-type,Saxifragaceae,family,2402
Saxifraga hirculus-type,Saxifraga,genus,2987833
Helleborus viridis-type,Plantae,kingdom,6
Helleborus viridis-type,Tracheophyta,phylum,7707728
Helleborus viridis-type,Magnoliopsida,class,220
Helleborus viridis-type,Ranunculales,order,399
Helleborus viridis-type,Ranunculaceae,family,2410
Helleborus viridis-type,Helleborus,genus,2741682
Boraginaceae undiff.,Plantae,kingdom,6
Boraginaceae undiff.,Tracheophyta,phylum,7707728
Boraginaceae undiff.,Magnoliopsida,class,220
Boraginaceae undiff.,Boraginales,order,7226464
Boraginaceae undiff.,Boraginaceae,family,2498
Tozzia alpina,Plantae,kingdom,6
Tozzia alpina,Tracheophyta,phylum,7707728
Tozzia alpina,Magnoliopsida,class,220
Tozzia alpina,Lamiales,order,408
Tozzia alpina,Orobanchaceae,family,6651
Tozzia alpina,Tozzia,genus,7331622
Tozzia alpina,Tozzia alpina,species,3724824
Asteroideae pro parte,Animalia,kingdom,1
Asteroideae pro parte,Echinodermata,phylum,50
Asteroideae pro parte,Asteroidea,class,214
Caryophyllaceae pro parte,Plantae,kingdom,6
Caryophyllaceae pro parte,Tracheophyta,phylum,7707728
Caryophyllaceae pro parte,Magnoliopsida,class,220
Caryophyllaceae pro parte,Caryophyllales,order,422
Caryophyllaceae pro parte,Caryophyllaceae,family,2518
Euphorbia cf. E. palustris,Plantae,kingdom,6
Euphorbia cf. E. palustris,Tracheophyta,phylum,7707728
Euphorbia cf. E. palustris,Magnoliopsida,class,220
Euphorbia cf. E. palustris,Malpighiales,order,1414
Euphorbia cf. E. palustris,Euphorbiaceae,family,4691
Euphorbia cf. E. palustris,Euphorbia,genus,11397237
Fabaceae pro parte,Plantae,kingdom,6
Fabaceae pro parte,Tracheophyta,phylum,7707728
Fabaceae pro parte,Magnoliopsida,class,220
Fabaceae pro parte,Fabales,order,1370
Fabaceae pro parte,Fabaceae,family,5386
Lamiaceae pro parte,Plantae,kingdom,6
Lamiaceae pro parte,Tracheophyta,phylum,7707728
Lamiaceae pro parte,Magnoliopsida,class,220
Lamiaceae pro parte,Lamiales,order,408
Lamiaceae pro parte,Lamiaceae,family,2497
Liliaceae pro parte,Plantae,kingdom,6
Liliaceae pro parte,Tracheophyta,phylum,7707728
Liliaceae pro parte,Liliopsida,class,196
Liliaceae pro parte,Liliales,order,1172
Liliaceae pro parte,Liliaceae,family,7699
Melampyrum pratense,Plantae,kingdom,6
Melampyrum pratense,Tracheophyta,phylum,7707728
Melampyrum pratense,Magnoliopsida,class,220
Melampyrum pratense,Lamiales,order,408
Melampyrum pratense,Orobanchaceae,family,6651
Melampyrum pratense,Melampyrum,genus,3171737
Melampyrum pratense,Melampyrum pratense,species,7693914
Poaceae pro parte,Plantae,kingdom,6
Poaceae pro parte,Tracheophyta,phylum,7707728
Poaceae pro parte,Liliopsida,class,196
Poaceae pro parte,Poales,order,1369
Poaceae pro parte,Poaceae,family,3073
Ranunculaceae pro parte,Plantae,kingdom,6
Ranunculaceae pro parte,Tracheophyta,phylum,7707728
Ranunculaceae pro parte,Magnoliopsida,class,220
Ranunculaceae pro parte,Ranunculales,order,399
Ranunculaceae pro parte,Ranunculaceae,family,2410
Rosaceae pro parte,Plantae,kingdom,6
Rosaceae pro parte,Tracheophyta,phylum,7707728
Rosaceae pro parte,Magnoliopsida,class,220
Rosaceae pro parte,Rosales,order,691
Rosaceae pro parte,Rosaceae,family,5015
Muscari,Plantae,kingdom,6
Muscari,Tracheophyta,phylum,7707728
Muscari,Liliopsida,class,196
Muscari,Asparagales,order,1169
Muscari,Asparagaceae,family,7683
Muscari,Muscari,genus,2772004
Gentiana lutea,Plantae,kingdom,6
Gentiana lutea,Tracheophyta,phylum,7707728
Gentiana lutea,Magnoliopsida,class,220
Gentiana lutea,Gentianales,order,412
Gentiana lutea,Gentianaceae,family,2503
Gentiana lutea,Gentiana,genus,3170037
Gentiana lutea,Gentiana lutea,species,3170040
Centaurea cf. C. cyanus-type,Plantae,kingdom,6
Centaurea cf. C. cyanus-type,Tracheophyta,phylum,7707728
Centaurea cf. C. cyanus-type,Magnoliopsida,class,220
Centaurea cf. C. cyanus-type,Asterales,order,414
Centaurea cf. C. cyanus-type,Asteraceae,family,3065
Centaurea cf. C. cyanus-type,Centaurea,genus,3127469
Centaurea cf. C. nigra-type,Plantae,kingdom,6
Centaurea cf. C. nigra-type,Tracheophyta,phylum,7707728
Centaurea cf. C. nigra-type,Magnoliopsida,class,220
Centaurea cf. C. nigra-type,Asterales,order,414
Centaurea cf. C. nigra-type,Asteraceae,family,3065
Centaurea cf. C. nigra-type,Centaurea,genus,3127469
Centaurea cf. C. scabiosa-type,Plantae,kingdom,6
Centaurea cf. C. scabiosa-type,Tracheophyta,phylum,7707728
Centaurea cf. C. scabiosa-type,Magnoliopsida,class,220
Centaurea cf. C. scabiosa-type,Asterales,order,414
Centaurea cf. C. scabiosa-type,Asteraceae,family,3065
Centaurea cf. C. scabiosa-type,Centaurea,genus,3127469
Quercus undiff.,Plantae,kingdom,6
Quercus undiff.,Tracheophyta,phylum,7707728
Quercus undiff.,Magnoliopsida,class,220
Quercus undiff.,Fagales,order,1354
Quercus undiff.,Fagaceae,family,4689
Quercus undiff.,Quercus,genus,2877951
Andromeda polifolia,Plantae,kingdom,6
Andromeda polifolia,Tracheophyta,phylum,7707728
Andromeda polifolia,Magnoliopsida,class,220
Andromeda polifolia,Ericales,order,1353
Andromeda polifolia,Ericaceae,family,2505
Andromeda polifolia,Andromeda,genus,2882786
Andromeda polifolia,Andromeda polifolia,species,5333413
Eupatorium,Plantae,kingdom,6
Eupatorium,Tracheophyta,phylum,7707728
Eupatorium,Magnoliopsida,class,220
Eupatorium,Asterales,order,414
Eupatorium,Asteraceae,family,3065
Eupatorium,Eupatorium,genus,3142374
Sison amomum,Plantae,kingdom,6
Sison amomum,Tracheophyta,phylum,7707728
Sison amomum,Magnoliopsida,class,220
Sison amomum,Apiales,order,1351
Sison amomum,Apiaceae,family,6720
Sison amomum,Sison,genus,6026814
Sison amomum,Sison amomum,species,3641433
Sium latifolium-type,Plantae,kingdom,6
Sium latifolium-type,Tracheophyta,phylum,7707728
Sium latifolium-type,Magnoliopsida,class,220
Sium latifolium-type,Apiales,order,1351
Sium latifolium-type,Apiaceae,family,6720
Sium latifolium-type,Sium,genus,3034525
Torilis nodosa,Plantae,kingdom,6
Torilis nodosa,Tracheophyta,phylum,7707728
Torilis nodosa,Magnoliopsida,class,220
Torilis nodosa,Apiales,order,1351
Torilis nodosa,Apiaceae,family,6720
Torilis nodosa,Torilis,genus,3034818
Torilis nodosa,Torilis nodosa,species,3034819
Trinia glauca,Plantae,kingdom,6
Trinia glauca,Tracheophyta,phylum,7707728
Trinia glauca,Magnoliopsida,class,220
Trinia glauca,Apiales,order,1351
Trinia glauca,Apiaceae,family,6720
Trinia glauca,Trinia,genus,3232515
Trinia glauca,Trinia glauca,species,6027378
Betula humilis,Plantae,kingdom,6
Betula humilis,Tracheophyta,phylum,7707728
Betula humilis,Magnoliopsida,class,220
Betula humilis,Fagales,order,1354
Betula humilis,Betulaceae,family,4688
Betula humilis,Betula,genus,2875008
Betula humilis,Betula humilis,species,5331629
Caprifoliaceae,Plantae,kingdom,6
Caprifoliaceae,Tracheophyta,phylum,7707728
Caprifoliaceae,Magnoliopsida,class,220
Caprifoliaceae,Dipsacales,order,946
Caprifoliaceae,Caprifoliaceae,family,6710
Lamiaceae (hexacolpate),Plantae,kingdom,6
Lamiaceae (hexacolpate),Tracheophyta,phylum,7707728
Lamiaceae (hexacolpate),Magnoliopsida,class,220
Lamiaceae (hexacolpate),Lamiales,order,408
Lamiaceae (hexacolpate),Lamiaceae,family,2497
Lamiaceae (tricolpate),Plantae,kingdom,6
Lamiaceae (tricolpate),Tracheophyta,phylum,7707728
Lamiaceae (tricolpate),Magnoliopsida,class,220
Lamiaceae (tricolpate),Lamiales,order,408
Lamiaceae (tricolpate),Lamiaceae,family,2497
Psylliostachys spicata,Plantae,kingdom,6
Psylliostachys spicata,Tracheophyta,phylum,7707728
Psylliostachys spicata,Magnoliopsida,class,220
Psylliostachys spicata,Caryophyllales,order,422
Psylliostachys spicata,Plumbaginaceae,family,2419
Psylliostachys spicata,Psylliostachys,genus,7298047
Psylliostachys spicata,Psylliostachys spicatus,species,4089314
Rumex cf. R. hydrolapathum,Plantae,kingdom,6
Rumex cf. R. hydrolapathum,Tracheophyta,phylum,7707728
Rumex cf. R. hydrolapathum,Magnoliopsida,class,220
Rumex cf. R. hydrolapathum,Caryophyllales,order,422
Rumex cf. R. hydrolapathum,Polygonaceae,family,2416
Rumex cf. R. hydrolapathum,Rumex,genus,2888942
Zygophyllum,Plantae,kingdom,6
Zygophyllum,Tracheophyta,phylum,7707728
Zygophyllum,Magnoliopsida,class,220
Zygophyllum,Zygophyllales,order,7219293
Zygophyllum,Zygophyllaceae,family,2394
Zygophyllum,Zygophyllum,genus,3189901
Coniferae undiff.,Animalia,kingdom,1
Coniferae undiff.,Arthropoda,phylum,54
Coniferae undiff.,Ostracoda,class,353
Coniferae undiff.,Podocopida,order,1438
Coniferae undiff.,Coniferina,genus,4807381
Clematis,Plantae,kingdom,6
Clematis,Tracheophyta,phylum,7707728
Clematis,Magnoliopsida,class,220
Clematis,Ranunculales,order,399
Clematis,Ranunculaceae,family,2410
Clematis,Clematis,genus,3033512
Dioscorea communis,Plantae,kingdom,6
Dioscorea communis,Tracheophyta,phylum,7707728
Dioscorea communis,Liliopsida,class,196
Dioscorea communis,Dioscoreales,order,1171
Dioscorea communis,Dioscoreaceae,family,7694
Dioscorea communis,Dioscorea,genus,2754367
Dioscorea communis,Dioscorea communis,species,2755063
Lonicera nigra,Plantae,kingdom,6
Lonicera nigra,Tracheophyta,phylum,7707728
Lonicera nigra,Magnoliopsida,class,220
Lonicera nigra,Dipsacales,order,946
Lonicera nigra,Caprifoliaceae,family,6710
Lonicera nigra,Lonicera,genus,2888645
Lonicera nigra,Lonicera nigra,species,7768870
Maianthemum bifolium,Plantae,kingdom,6
Maianthemum bifolium,Tracheophyta,phylum,7707728
Maianthemum bifolium,Liliopsida,class,196
Maianthemum bifolium,Asparagales,order,1169
Maianthemum bifolium,Asparagaceae,family,7683
Maianthemum bifolium,Maianthemum,genus,9608430
Maianthemum bifolium,Maianthemum bifolium,species,2769317
Saxifraga hirsuta-type,Plantae,kingdom,6
Saxifraga hirsuta-type,Tracheophyta,phylum,7707728
Saxifraga hirsuta-type,Magnoliopsida,class,220
Saxifraga hirsuta-type,Saxifragales,order,7219248
Saxifraga hirsuta-type,Saxifragaceae,family,2402
Saxifraga hirsuta-type,Saxifraga,genus,2987833
Silaum silaus,Plantae,kingdom,6
Silaum silaus,Tracheophyta,phylum,7707728
Silaum silaus,Magnoliopsida,class,220
Silaum silaus,Apiales,order,1351
Silaum silaus,Apiaceae,family,6720
Silaum silaus,Silaum,genus,6027385
Silaum silaus,Silaum silaus,species,6027388
Linum undiff.,Plantae,kingdom,6
Linum undiff.,Tracheophyta,phylum,7707728
Linum undiff.,Magnoliopsida,class,220
Linum undiff.,Malpighiales,order,1414
Linum undiff.,Linaceae,family,2493
Linum undiff.,Linum,genus,2873855
Myricaria germanica-type,Plantae,kingdom,6
Myricaria germanica-type,Tracheophyta,phylum,7707728
Myricaria germanica-type,Magnoliopsida,class,220
Myricaria germanica-type,Caryophyllales,order,422
Myricaria germanica-type,Tamaricaceae,family,6632
Myricaria germanica-type,Myricaria,genus,7316450
Bistorta vivipara-type,Plantae,kingdom,6
Bistorta vivipara-type,Tracheophyta,phylum,7707728
Bistorta vivipara-type,Magnoliopsida,class,220
Bistorta vivipara-type,Caryophyllales,order,422
Bistorta vivipara-type,Polygonaceae,family,2416
Bistorta vivipara-type,Bistorta,genus,8148051
Cerastium fontanum,Plantae,kingdom,6
Cerastium fontanum,Tracheophyta,phylum,7707728
Cerastium fontanum,Magnoliopsida,class,220
Cerastium fontanum,Caryophyllales,order,422
Cerastium fontanum,Caryophyllaceae,family,2518
Cerastium fontanum,Cerastium,genus,2873815
Cerastium fontanum,Cerastium fontanum,species,3085458
Aesculus hippocastanum,Plantae,kingdom,6
Aesculus hippocastanum,Tracheophyta,phylum,7707728
Aesculus hippocastanum,Magnoliopsida,class,220
Aesculus hippocastanum,Sapindales,order,933
Aesculus hippocastanum,Sapindaceae,family,6657
Aesculus hippocastanum,Aesculus,genus,3189801
Aesculus hippocastanum,Aesculus hippocastanum,species,3189815
Nicotiana,Plantae,kingdom,6
Nicotiana,Tracheophyta,phylum,7707728
Nicotiana,Magnoliopsida,class,220
Nicotiana,Solanales,order,1176
Nicotiana,Solanaceae,family,7717
Nicotiana,Nicotiana,genus,2928756
Laserpitium latifolium-type,Plantae,kingdom,6
Laserpitium latifolium-type,Tracheophyta,phylum,7707728
Laserpitium latifolium-type,Magnoliopsida,class,220
Laserpitium latifolium-type,Apiales,order,1351
Laserpitium latifolium-type,Apiaceae,family,6720
Laserpitium latifolium-type,Laserpitium,genus,6026344
Meum athamanticum,Plantae,kingdom,6
Meum athamanticum,Tracheophyta,phylum,7707728
Meum athamanticum,Magnoliopsida,class,220
Meum athamanticum,Apiales,order,1351
Meum athamanticum,Apiaceae,family,6720
Meum athamanticum,Meum,genus,6026466
Meum athamanticum,Meum athamanticum,species,6026490
Cornus mas/C. suecica,Plantae,kingdom,6
Cornus mas/C. suecica,Tracheophyta,phylum,7707728
Cornus mas/C. suecica,Magnoliopsida,class,220
Cornus mas/C. suecica,Cornales,order,949
Cornus mas/C. suecica,Cornaceae,family,6713
Cornus mas/C. suecica,Cornus,genus,3082226
Ericales (tetrad),Plantae,kingdom,6
Ericales (tetrad),Tracheophyta,phylum,7707728
Ericales (tetrad),Magnoliopsida,class,220
Ericales (tetrad),Ericales,order,1353
Acer campestre,Plantae,kingdom,6
Acer campestre,Tracheophyta,phylum,7707728
Acer campestre,Magnoliopsida,class,220
Acer campestre,Sapindales,order,933
Acer campestre,Sapindaceae,family,6657
Acer campestre,Acer,genus,3189834
Acer campestre,Acer campestre,species,3189863
Anthriscus caucalis,Plantae,kingdom,6
Anthriscus caucalis,Tracheophyta,phylum,7707728
Anthriscus caucalis,Magnoliopsida,class,220
Anthriscus caucalis,Apiales,order,1351
Anthriscus caucalis,Apiaceae,family,6720
Anthriscus caucalis,Anthriscus,genus,5371741
Anthriscus caucalis,Anthriscus caucalis,species,5371743
Hypericum undiff.,Plantae,kingdom,6
Hypericum undiff.,Tracheophyta,phylum,7707728
Hypericum undiff.,Magnoliopsida,class,220
Hypericum undiff.,Malpighiales,order,1414
Hypericum undiff.,Hypericaceae,family,4900406
Hypericum undiff.,Hypericum,genus,3189452
Polemonium caeruleum,Plantae,kingdom,6
Polemonium caeruleum,Tracheophyta,phylum,7707728
Polemonium caeruleum,Magnoliopsida,class,220
Polemonium caeruleum,Ericales,order,1353
Polemonium caeruleum,Polemoniaceae,family,6648
Polemonium caeruleum,Polemonium,genus,2927831
Polemonium caeruleum,Polemonium caeruleum,species,2927850
Sagina cf. S. nodosa,Plantae,kingdom,6
Sagina cf. S. nodosa,Tracheophyta,phylum,7707728
Sagina cf. S. nodosa,Magnoliopsida,class,220
Sagina cf. S. nodosa,Caryophyllales,order,422
Sagina cf. S. nodosa,Caryophyllaceae,family,2518
Sagina cf. S. nodosa,Sagina,genus,3085387
Sorbus aria,Plantae,kingdom,6
Sorbus aria,Tracheophyta,phylum,7707728
Sorbus aria,Magnoliopsida,class,220
Sorbus aria,Rosales,order,691
Sorbus aria,Rosaceae,family,5015
Sorbus aria,Aria,genus,3025452
Sorbus aria,Aria edulis,species,8411755
Aethusa cynapium,Plantae,kingdom,6
Aethusa cynapium,Tracheophyta,phylum,7707728
Aethusa cynapium,Magnoliopsida,class,220
Aethusa cynapium,Apiales,order,1351
Aethusa cynapium,Apiaceae,family,6720
Aethusa cynapium,Aethusa,genus,3034624
Aethusa cynapium,Aethusa cynapium,species,5371825
Agrostemma,Plantae,kingdom,6
Agrostemma,Tracheophyta,phylum,7707728
Agrostemma,Magnoliopsida,class,220
Agrostemma,Caryophyllales,order,422
Agrostemma,Caryophyllaceae,family,2518
Agrostemma,Agrostemma,genus,3085365
Arnica,Plantae,kingdom,6
Arnica,Tracheophyta,phylum,7707728
Arnica,Magnoliopsida,class,220
Arnica,Asterales,order,414
Arnica,Asteraceae,family,3065
Arnica,Arnica,genus,7885920
Carum carvi-type,Plantae,kingdom,6
Carum carvi-type,Tracheophyta,phylum,7707728
Carum carvi-type,Magnoliopsida,class,220
Carum carvi-type,Apiales,order,1351
Carum carvi-type,Apiaceae,family,6720
Carum carvi-type,Carum,genus,3034712
Chaerophyllum,Plantae,kingdom,6
Chaerophyllum,Tracheophyta,phylum,7707728
Chaerophyllum,Magnoliopsida,class,220
Chaerophyllum,Apiales,order,1351
Chaerophyllum,Apiaceae,family,6720
Chaerophyllum,Chaerophyllum,genus,3034649
Conium maculatum,Plantae,kingdom,6
Conium maculatum,Tracheophyta,phylum,7707728
Conium maculatum,Magnoliopsida,class,220
Conium maculatum,Apiales,order,1351
Conium maculatum,Apiaceae,family,6720
Conium maculatum,Conium,genus,3034806
Conium maculatum,Conium maculatum,species,3034807
Inula,Plantae,kingdom,6
Inula,Tracheophyta,phylum,7707728
Inula,Magnoliopsida,class,220
Inula,Asterales,order,414
Inula,Asteraceae,family,3065
Inula,Inula,genus,3148323
Pastinaca sativa,Plantae,kingdom,6
Pastinaca sativa,Tracheophyta,phylum,7707728
Pastinaca sativa,Magnoliopsida,class,220
Pastinaca sativa,Apiales,order,1351
Pastinaca sativa,Apiaceae,family,6720
Pastinaca sativa,Pastinaca,genus,9009923
Pastinaca sativa,Pastinaca sativa,species,8262702
Peucedanum palustre,Plantae,kingdom,6
Peucedanum palustre,Tracheophyta,phylum,7707728
Peucedanum palustre,Magnoliopsida,class,220
Peucedanum palustre,Apiales,order,1351
Peucedanum palustre,Apiaceae,family,6720
Peucedanum palustre,Thysselinum,genus,6026775
Peucedanum palustre,Thysselinum palustre,species,3634395
Primula veris-type,Plantae,kingdom,6
Primula veris-type,Tracheophyta,phylum,7707728
Primula veris-type,Magnoliopsida,class,220
Primula veris-type,Ericales,order,1353
Primula veris-type,Primulaceae,family,6674
Primula veris-type,Primula,genus,8026112
Ranunculus flammula,Plantae,kingdom,6
Ranunculus flammula,Tracheophyta,phylum,7707728
Ranunculus flammula,Magnoliopsida,class,220
Ranunculus flammula,Ranunculales,order,399
Ranunculus flammula,Ranunculaceae,family,2410
Ranunculus flammula,Ranunculus,genus,3033294
Ranunculus flammula,Ranunculus flammula,species,3033312
Scandix pecten-veneris,Plantae,kingdom,6
Scandix pecten-veneris,Tracheophyta,phylum,7707728
Scandix pecten-veneris,Magnoliopsida,class,220
Scandix pecten-veneris,Apiales,order,1351
Scandix pecten-veneris,Apiaceae,family,6720
Scandix pecten-veneris,Scandix,genus,3034232
Scandix pecten-veneris,Scandix pecten-veneris,species,3034233
Silene viscaria-type,Plantae,kingdom,6
Silene viscaria-type,Tracheophyta,phylum,7707728
Silene viscaria-type,Magnoliopsida,class,220
Silene viscaria-type,Caryophyllales,order,422
Silene viscaria-type,Caryophyllaceae,family,2518
Silene viscaria-type,Silene,genus,3085897
Sium,Plantae,kingdom,6
Sium,Tracheophyta,phylum,7707728
Sium,Magnoliopsida,class,220
Sium,Apiales,order,1351
Sium,Apiaceae,family,6720
Sium,Sium,genus,3034525
Swertia perennis,Plantae,kingdom,6
Swertia perennis,Tracheophyta,phylum,7707728
Swertia perennis,Magnoliopsida,class,220
Swertia perennis,Gentianales,order,412
Swertia perennis,Gentianaceae,family,2503
Swertia perennis,Swertia,genus,3170182
Swertia perennis,Swertia perennis,species,5414540
Torilis japonica,Plantae,kingdom,6
Torilis japonica,Tracheophyta,phylum,7707728
Torilis japonica,Magnoliopsida,class,220
Torilis japonica,Apiales,order,1351
Torilis japonica,Apiaceae,family,6720
Torilis japonica,Torilis,genus,3034818
Torilis japonica,Torilis japonica,species,3034820
Buglossoides arvensis,Plantae,kingdom,6
Buglossoides arvensis,Tracheophyta,phylum,7707728
Buglossoides arvensis,Magnoliopsida,class,220
Buglossoides arvensis,Boraginales,order,7226464
Buglossoides arvensis,Boraginaceae,family,2498
Buglossoides arvensis,Buglossoides,genus,2925900
Buglossoides arvensis,Buglossoides arvensis,species,2925901
Eryngium campestre,Plantae,kingdom,6
Eryngium campestre,Tracheophyta,phylum,7707728
Eryngium campestre,Magnoliopsida,class,220
Eryngium campestre,Apiales,order,1351
Eryngium campestre,Apiaceae,family,6720
Eryngium campestre,Eryngium,genus,3034387
Eryngium campestre,Eryngium campestre,species,3034426
Primulaceae undiff.,Plantae,kingdom,6
Primulaceae undiff.,Tracheophyta,phylum,7707728
Primulaceae undiff.,Magnoliopsida,class,220
Primulaceae undiff.,Ericales,order,1353
Primulaceae undiff.,Primulaceae,family,6674
Orthilia,Plantae,kingdom,6
Orthilia,Tracheophyta,phylum,7707728
Orthilia,Magnoliopsida,class,220
Orthilia,Ericales,order,1353
Orthilia,Ericaceae,family,2505
Orthilia,Orthilia,genus,2888309
Digitalis purpurea-type,Plantae,kingdom,6
Digitalis purpurea-type,Tracheophyta,phylum,7707728
Digitalis purpurea-type,Magnoliopsida,class,220
Digitalis purpurea-type,Lamiales,order,408
Digitalis purpurea-type,Plantaginaceae,family,2420
Digitalis purpurea-type,Digitalis,genus,3172032
Erica ciliaris-type,Animalia,kingdom,1
Erica ciliaris-type,Arthropoda,phylum,54
Erica ciliaris-type,Arachnida,class,367
Erica ciliaris-type,Araneae,order,1496
Erica ciliaris-type,Salticidae,family,5644
Erica ciliaris-type,Erica,genus,2177120
Erica ciliaris-type,Plantae,kingdom,6
Erica ciliaris-type,Tracheophyta,phylum,7707728
Erica ciliaris-type,Magnoliopsida,class,220
Erica ciliaris-type,Ericales,order,1353
Erica ciliaris-type,Ericaceae,family,2505
Erica ciliaris-type,Erica,genus,2882780
Lythrum salicaria-type,Plantae,kingdom,6
Lythrum salicaria-type,Tracheophyta,phylum,7707728
Lythrum salicaria-type,Magnoliopsida,class,220
Lythrum salicaria-type,Myrtales,order,690
Lythrum salicaria-type,Lythraceae,family,6684
Lythrum salicaria-type,Lythrum,genus,3188731
Poaceae (annulus >10 µm),Plantae,kingdom,6
Poaceae (annulus >10 µm),Tracheophyta,phylum,7707728
Poaceae (annulus >10 µm),Liliopsida,class,196
Poaceae (annulus >10 µm),Poales,order,1369
Poaceae (annulus >10 µm),Poaceae,family,3073
Rumex sanguineus-type,Plantae,kingdom,6
Rumex sanguineus-type,Tracheophyta,phylum,7707728
Rumex sanguineus-type,Magnoliopsida,class,220
Rumex sanguineus-type,Caryophyllales,order,422
Rumex sanguineus-type,Polygonaceae,family,2416
Rumex sanguineus-type,Rumex,genus,2888942
Solidago virgaurea-type,Plantae,kingdom,6
Solidago virgaurea-type,Tracheophyta,phylum,7707728
Solidago virgaurea-type,Magnoliopsida,class,220
Solidago virgaurea-type,Asterales,order,414
Solidago virgaurea-type,Asteraceae,family,3065
Solidago virgaurea-type,Solidago,genus,5388868
Anagallis tenella,Plantae,kingdom,6
Anagallis tenella,Tracheophyta,phylum,7707728
Anagallis tenella,Magnoliopsida,class,220
Anagallis tenella,Ericales,order,1353
Anagallis tenella,Primulaceae,family,6674
Anagallis tenella,Lysimachia,genus,3169330
Anagallis tenella,Lysimachia tenella,species,4005183
Crassulaceae undiff.,Plantae,kingdom,6
Crassulaceae undiff.,Tracheophyta,phylum,7707728
Crassulaceae undiff.,Magnoliopsida,class,220
Crassulaceae undiff.,Saxifragales,order,7219248
Crassulaceae undiff.,Crassulaceae,family,2406
Myosotis arvensis,Plantae,kingdom,6
Myosotis arvensis,Tracheophyta,phylum,7707728
Myosotis arvensis,Magnoliopsida,class,220
Myosotis arvensis,Boraginales,order,7226464
Myosotis arvensis,Boraginaceae,family,2498
Myosotis arvensis,Myosotis,genus,2925668
Myosotis arvensis,Myosotis arvensis,species,5341170
Poaceae (<37 µm),Plantae,kingdom,6
Poaceae (<37 µm),Tracheophyta,phylum,7707728
Poaceae (<37 µm),Liliopsida,class,196
Poaceae (<37 µm),Poales,order,1369
Poaceae (<37 µm),Poaceae,family,3073
Andromeda,Plantae,kingdom,6
Andromeda,Tracheophyta,phylum,7707728
Andromeda,Magnoliopsida,class,220
Andromeda,Ericales,order,1353
Andromeda,Ericaceae,family,2505
Andromeda,Andromeda,genus,2882786
Crataegus monogyna,Plantae,kingdom,6
Crataegus monogyna,Tracheophyta,phylum,7707728
Crataegus monogyna,Magnoliopsida,class,220
Crataegus monogyna,Rosales,order,691
Crataegus monogyna,Rosaceae,family,5015
Crataegus monogyna,Crataegus,genus,3013395
Crataegus monogyna,Crataegus monogyna,species,9220780
Plantago tenuiflora,Plantae,kingdom,6
Plantago tenuiflora,Tracheophyta,phylum,7707728
Plantago tenuiflora,Magnoliopsida,class,220
Plantago tenuiflora,Lamiales,order,408
Plantago tenuiflora,Plantaginaceae,family,2420
Plantago tenuiflora,Plantago,genus,3189695
Plantago tenuiflora,Plantago tenuiflora,species,4156439
Umbilicus rupestris,Plantae,kingdom,6
Umbilicus rupestris,Tracheophyta,phylum,7707728
Umbilicus rupestris,Magnoliopsida,class,220
Umbilicus rupestris,Saxifragales,order,7219248
Umbilicus rupestris,Crassulaceae,family,2406
Umbilicus rupestris,Umbilicus,genus,3230691
Umbilicus rupestris,Umbilicus rupestris,species,7334368
Vicia sylvatica,Plantae,kingdom,6
Vicia sylvatica,Tracheophyta,phylum,7707728
Vicia sylvatica,Magnoliopsida,class,220
Vicia sylvatica,Fabales,order,1370
Vicia sylvatica,Fabaceae,family,5386
Vicia sylvatica,Vicia,genus,2974751
Vicia sylvatica,Vicia sylvatica,species,2974793
Monotropa,Plantae,kingdom,6
Monotropa,Tracheophyta,phylum,7707728
Monotropa,Magnoliopsida,class,220
Monotropa,Ericales,order,1353
Monotropa,Ericaceae,family,2505
Monotropa,Monotropa,genus,2888339
Anemone alpina,Plantae,kingdom,6
Anemone alpina,Tracheophyta,phylum,7707728
Anemone alpina,Magnoliopsida,class,220
Anemone alpina,Ranunculales,order,399
Anemone alpina,Ranunculaceae,family,2410
Anemone alpina,Anemone,genus,3016227
Anemone alpina,Anemone baldensis,species,3927618
Anemone alpina,Plantae,kingdom,6
Anemone alpina,Tracheophyta,phylum,7707728
Anemone alpina,Magnoliopsida,class,220
Anemone alpina,Ranunculales,order,399
Anemone alpina,Ranunculaceae,family,2410
Anemone alpina,Pulsatilla,genus,3033620
Anemone alpina,Pulsatilla alpina,species,7278071
Ligusticum,Plantae,kingdom,6
Ligusticum,Tracheophyta,phylum,7707728
Ligusticum,Magnoliopsida,class,220
Ligusticum,Apiales,order,1351
Ligusticum,Apiaceae,family,6720
Ligusticum,Ligusticum,genus,3034791
Peucedanum,Plantae,kingdom,6
Peucedanum,Tracheophyta,phylum,7707728
Peucedanum,Magnoliopsida,class,220
Peucedanum,Apiales,order,1351
Peucedanum,Apiaceae,family,6720
Peucedanum,Peucedanum,genus,3034224
Plantago montana,Plantae,kingdom,6
Plantago montana,Tracheophyta,phylum,7707728
Plantago montana,Magnoliopsida,class,220
Plantago montana,Lamiales,order,408
Plantago montana,Plantaginaceae,family,2420
Plantago montana,Plantago,genus,3189695
Plantago montana,Plantago atrata,species,8083357
Plantago montana,Plantae,kingdom,6
Plantago montana,Tracheophyta,phylum,7707728
Plantago montana,Magnoliopsida,class,220
Plantago montana,Lamiales,order,408
Plantago montana,Plantaginaceae,family,2420
Plantago montana,Plantago,genus,3189695
Plantago montana,Plantago maritima,species,3189755
Polygala vulgaris-type,Plantae,kingdom,6
Polygala vulgaris-type,Tracheophyta,phylum,7707728
Polygala vulgaris-type,Magnoliopsida,class,220
Polygala vulgaris-type,Fabales,order,1370
Polygala vulgaris-type,Polygalaceae,family,2417
Polygala vulgaris-type,Polygala,genus,3191366
Ranunculus aconitifolius,Plantae,kingdom,6
Ranunculus aconitifolius,Tracheophyta,phylum,7707728
Ranunculus aconitifolius,Magnoliopsida,class,220
Ranunculus aconitifolius,Ranunculales,order,399
Ranunculus aconitifolius,Ranunculaceae,family,2410
Ranunculus aconitifolius,Ranunculus,genus,3033294
Ranunculus aconitifolius,Ranunculus aconitifolius,species,3928139
Seseli,Plantae,kingdom,6
Seseli,Tracheophyta,phylum,7707728
Seseli,Magnoliopsida,class,220
Seseli,Apiales,order,1351
Seseli,Apiaceae,family,6720
Seseli,Seseli,genus,3034132
Homogyne alpina,Plantae,kingdom,6
Homogyne alpina,Tracheophyta,phylum,7707728
Homogyne alpina,Magnoliopsida,class,220
Homogyne alpina,Asterales,order,414
Homogyne alpina,Asteraceae,family,3065
Homogyne alpina,Homogyne,genus,3133688
Homogyne alpina,Homogyne alpina,species,3133692
Xanthium spinosum-type,Plantae,kingdom,6
Xanthium spinosum-type,Tracheophyta,phylum,7707728
Xanthium spinosum-type,Magnoliopsida,class,220
Xanthium spinosum-type,Asterales,order,414
Xanthium spinosum-type,Asteraceae,family,3065
Xanthium spinosum-type,Xanthium,genus,3089139
Oenanthe fistulosa-type,Animalia,kingdom,1
Oenanthe fistulosa-type,Chordata,phylum,44
Oenanthe fistulosa-type,Aves,class,212
Oenanthe fistulosa-type,Passeriformes,order,729
Oenanthe fistulosa-type,Muscicapidae,family,9322
Oenanthe fistulosa-type,Oenanthe,genus,2492483
Oenanthe fistulosa-type,Plantae,kingdom,6
Oenanthe fistulosa-type,Tracheophyta,phylum,7707728
Oenanthe fistulosa-type,Magnoliopsida,class,220
Oenanthe fistulosa-type,Apiales,order,1351
Oenanthe fistulosa-type,Apiaceae,family,6720
Oenanthe fistulosa-type,Oenanthe,genus,3034893
Plantago atrata,Plantae,kingdom,6
Plantago atrata,Tracheophyta,phylum,7707728
Plantago atrata,Magnoliopsida,class,220
Plantago atrata,Lamiales,order,408
Plantago atrata,Plantaginaceae,family,2420
Plantago atrata,Plantago,genus,3189695
Plantago atrata,Plantago atrata,species,8083357
Pseudofumaria lutea-type,Plantae,kingdom,6
Pseudofumaria lutea-type,Tracheophyta,phylum,7707728
Pseudofumaria lutea-type,Magnoliopsida,class,220
Pseudofumaria lutea-type,Ranunculales,order,399
Pseudofumaria lutea-type,Papaveraceae,family,2422
Pseudofumaria lutea-type,Pseudofumaria,genus,9513921
Rumex alpinus-type,Plantae,kingdom,6
Rumex alpinus-type,Tracheophyta,phylum,7707728
Rumex alpinus-type,Magnoliopsida,class,220
Rumex alpinus-type,Caryophyllales,order,422
Rumex alpinus-type,Polygonaceae,family,2416
Rumex alpinus-type,Rumex,genus,2888942
Scabiosa columbaria-type,Plantae,kingdom,6
Scabiosa columbaria-type,Tracheophyta,phylum,7707728
Scabiosa columbaria-type,Magnoliopsida,class,220
Scabiosa columbaria-type,Dipsacales,order,946
Scabiosa columbaria-type,Caprifoliaceae,family,6710
Scabiosa columbaria-type,Scabiosa,genus,2888800
Staphylea pinnata,Plantae,kingdom,6
Staphylea pinnata,Tracheophyta,phylum,7707728
Staphylea pinnata,Magnoliopsida,class,220
Staphylea pinnata,Crossosomatales,order,7222036
Staphylea pinnata,Staphyleaceae,family,6656
Staphylea pinnata,Staphylea,genus,3190465
Staphylea pinnata,Staphylea pinnata,species,3686235
Succisa pratensis-type,Plantae,kingdom,6
Succisa pratensis-type,Tracheophyta,phylum,7707728
Succisa pratensis-type,Magnoliopsida,class,220
Succisa pratensis-type,Dipsacales,order,946
Succisa pratensis-type,Caprifoliaceae,family,6710
Succisa pratensis-type,Succisa,genus,2888810
Trachycarpus fortunei,Plantae,kingdom,6
Trachycarpus fortunei,Tracheophyta,phylum,7707728
Trachycarpus fortunei,Liliopsida,class,196
Trachycarpus fortunei,Arecales,order,552
Trachycarpus fortunei,Arecaceae,family,7681
Trachycarpus fortunei,Trachycarpus,genus,2739070
Trachycarpus fortunei,Trachycarpus fortunei,species,2739071
Tribulus terrestris,Plantae,kingdom,6
Tribulus terrestris,Tracheophyta,phylum,7707728
Tribulus terrestris,Magnoliopsida,class,220
Tribulus terrestris,Zygophyllales,order,7219293
Tribulus terrestris,Zygophyllaceae,family,2394
Tribulus terrestris,Tribulus,genus,3189918
Tribulus terrestris,Tribulus terrestris,species,5421116
Viola canina-type,Animalia,kingdom,1
Viola canina-type,Arthropoda,phylum,54
Viola canina-type,Insecta,class,216
Viola canina-type,Lepidoptera,order,797
Viola canina-type,Hesperiidae,family,6953
Viola canina-type,Viola,genus,1944973
Viola canina-type,Plantae,kingdom,6
Viola canina-type,Tracheophyta,phylum,7707728
Viola canina-type,Magnoliopsida,class,220
Viola canina-type,Malpighiales,order,1414
Viola canina-type,Violaceae,family,6631
Viola canina-type,Viola,genus,2874237
Berula erecta,Plantae,kingdom,6
Berula erecta,Tracheophyta,phylum,7707728
Berula erecta,Magnoliopsida,class,220
Berula erecta,Apiales,order,1351
Berula erecta,Apiaceae,family,6720
Berula erecta,Berula,genus,7607352
Berula erecta,Berula erecta,species,3034699
Morus alba-type,Animalia,kingdom,1
Morus alba-type,Chordata,phylum,44
Morus alba-type,Aves,class,212
Morus alba-type,Suliformes,order,7192775
Morus alba-type,Sulidae,family,9351
Morus alba-type,Morus,genus,2480962
Morus alba-type,Plantae,kingdom,6
Morus alba-type,Tracheophyta,phylum,7707728
Morus alba-type,Magnoliopsida,class,220
Morus alba-type,Rosales,order,691
Morus alba-type,Moraceae,family,6640
Morus alba-type,Morus,genus,2984545
Artemisia herba-alba-type,Plantae,kingdom,6
Artemisia herba-alba-type,Tracheophyta,phylum,7707728
Artemisia herba-alba-type,Magnoliopsida,class,220
Artemisia herba-alba-type,Asterales,order,414
Artemisia herba-alba-type,Asteraceae,family,3065
Artemisia herba-alba-type,Artemisia,genus,3120641
Artemisia vulgaris-type,Plantae,kingdom,6
Artemisia vulgaris-type,Tracheophyta,phylum,7707728
Artemisia vulgaris-type,Magnoliopsida,class,220
Artemisia vulgaris-type,Asterales,order,414
Artemisia vulgaris-type,Asteraceae,family,3065
Artemisia vulgaris-type,Artemisia,genus,3120641
Betulaceae,Plantae,kingdom,6
Betulaceae,Tracheophyta,phylum,7707728
Betulaceae,Magnoliopsida,class,220
Betulaceae,Fagales,order,1354
Betulaceae,Betulaceae,family,4688
Cotinus coggygria,Plantae,kingdom,6
Cotinus coggygria,Tracheophyta,phylum,7707728
Cotinus coggygria,Magnoliopsida,class,220
Cotinus coggygria,Sapindales,order,933
Cotinus coggygria,Anacardiaceae,family,2398
Cotinus coggygria,Cotinus,genus,3190519
Cotinus coggygria,Cotinus coggygria,species,3190522
Loranthus,Plantae,kingdom,6
Loranthus,Tracheophyta,phylum,7707728
Loranthus,Magnoliopsida,class,220
Loranthus,Santalales,order,934
Loranthus,Loranthaceae,family,6663
Loranthus,Loranthus,genus,5334518
Paliurus,Animalia,kingdom,1
Paliurus,Annelida,phylum,42
Paliurus,Polychaeta,class,256
Paliurus,Paliurus,genus,2319152
Paliurus,Plantae,kingdom,6
Paliurus,Tracheophyta,phylum,7707728
Paliurus,Magnoliopsida,class,220
Paliurus,Rosales,order,691
Paliurus,Rhamnaceae,family,2407
Paliurus,Paliurus,genus,3039502
Ranunculus repens-type,Plantae,kingdom,6
Ranunculus repens-type,Tracheophyta,phylum,7707728
Ranunculus repens-type,Magnoliopsida,class,220
Ranunculus repens-type,Ranunculales,order,399
Ranunculus repens-type,Ranunculaceae,family,2410
Ranunculus repens-type,Ranunculus,genus,3033294
Ranunculus sceleratus-type,Plantae,kingdom,6
Ranunculus sceleratus-type,Tracheophyta,phylum,7707728
Ranunculus sceleratus-type,Magnoliopsida,class,220
Ranunculus sceleratus-type,Ranunculales,order,399
Ranunculus sceleratus-type,Ranunculaceae,family,2410
Ranunculus sceleratus-type,Ranunculus,genus,3033294
Rubus fruticosus,Plantae,kingdom,6
Rubus fruticosus,Tracheophyta,phylum,7707728
Rubus fruticosus,Magnoliopsida,class,220
Rubus fruticosus,Rosales,order,691
Rubus fruticosus,Rosaceae,family,5015
Rubus fruticosus,Rubus,genus,2988638
Rubus fruticosus,Rubus cochinchinensis,species,2999072
Adonis,Plantae,kingdom,6
Adonis,Tracheophyta,phylum,7707728
Adonis,Magnoliopsida,class,220
Adonis,Ranunculales,order,399
Adonis,Ranunculaceae,family,2410
Adonis,Adonis,genus,3033821
Armeria (type A),Plantae,kingdom,6
Armeria (type A),Tracheophyta,phylum,7707728
Armeria (type A),Magnoliopsida,class,220
Armeria (type A),Caryophyllales,order,422
Armeria (type A),Plumbaginaceae,family,2419
Armeria (type A),Armeria,genus,3082288
Armeria (type B),Plantae,kingdom,6
Armeria (type B),Tracheophyta,phylum,7707728
Armeria (type B),Magnoliopsida,class,220
Armeria (type B),Caryophyllales,order,422
Armeria (type B),Plumbaginaceae,family,2419
Armeria (type B),Armeria,genus,3082288
Glaux,Plantae,kingdom,6
Glaux,Tracheophyta,phylum,7707728
Glaux,Magnoliopsida,class,220
Glaux,Ericales,order,1353
Glaux,Primulaceae,family,6674
Glaux,Lysimachia,genus,3169330
Glaux,Plantae,kingdom,6
Glaux,Tracheophyta,phylum,7707728
Glaux,Magnoliopsida,class,220
Glaux,Fabales,order,1370
Glaux,Fabaceae,family,5386
Glaux,Astragalus,genus,2933951
Trifolium undiff.,Plantae,kingdom,6
Trifolium undiff.,Tracheophyta,phylum,7707728
Trifolium undiff.,Magnoliopsida,class,220
Trifolium undiff.,Fabales,order,1370
Trifolium undiff.,Fabaceae,family,5386
Trifolium undiff.,Trifolium,genus,2973363
Trifolium undiff.,Animalia,kingdom,1
Trifolium undiff.,Platyhelminthes,phylum,108
Trifolium undiff.,Trematoda,class,345
Trifolium undiff.,Plagiorchiida,order,434
Trifolium undiff.,Psilostomidae,family,4345426
Trifolium undiff.,Trifolium,genus,3268117
Malva sylvestris-type,Plantae,kingdom,6
Malva sylvestris-type,Tracheophyta,phylum,7707728
Malva sylvestris-type,Magnoliopsida,class,220
Malva sylvestris-type,Malvales,order,941
Malva sylvestris-type,Malvaceae,family,6685
Malva sylvestris-type,Malva,genus,3152364
Pinus pinaster,Plantae,kingdom,6
Pinus pinaster,Tracheophyta,phylum,7707728
Pinus pinaster,Pinopsida,class,194
Pinus pinaster,Pinales,order,640
Pinus pinaster,Pinaceae,family,3925
Pinus pinaster,Pinus,genus,2684241
Pinus pinaster,Pinus pinaster,species,5285565
Quercus pyrenaica-type,Plantae,kingdom,6
Quercus pyrenaica-type,Tracheophyta,phylum,7707728
Quercus pyrenaica-type,Magnoliopsida,class,220
Quercus pyrenaica-type,Fagales,order,1354
Quercus pyrenaica-type,Fagaceae,family,4689
Quercus pyrenaica-type,Quercus,genus,2877951
Urtica dioica-type,Plantae,kingdom,6
Urtica dioica-type,Tracheophyta,phylum,7707728
Urtica dioica-type,Magnoliopsida,class,220
Urtica dioica-type,Rosales,order,691
Urtica dioica-type,Urticaceae,family,6639
Urtica dioica-type,Urtica,genus,2984391
Amaranthus,Plantae,kingdom,6
Amaranthus,Tracheophyta,phylum,7707728
Amaranthus,Magnoliopsida,class,220
Amaranthus,Caryophyllales,order,422
Amaranthus,Amaranthaceae,family,3064
Amaranthus,Amaranthus,genus,3085074
Anemone hortensis-type,Plantae,kingdom,6
Anemone hortensis-type,Tracheophyta,phylum,7707728
Anemone hortensis-type,Magnoliopsida,class,220
Anemone hortensis-type,Ranunculales,order,399
Anemone hortensis-type,Ranunculaceae,family,2410
Anemone hortensis-type,Anemone,genus,3016227
Asparagus,Plantae,kingdom,6
Asparagus,Tracheophyta,phylum,7707728
Asparagus,Liliopsida,class,196
Asparagus,Asparagales,order,1169
Asparagus,Asparagaceae,family,7683
Asparagus,Asparagus,genus,9527393
Asphodelus fistulosus,Plantae,kingdom,6
Asphodelus fistulosus,Tracheophyta,phylum,7707728
Asphodelus fistulosus,Liliopsida,class,196
Asphodelus fistulosus,Asparagales,order,1169
Asphodelus fistulosus,Asphodelaceae,family,4259209
Asphodelus fistulosus,Asphodelus,genus,7502499
Asphodelus fistulosus,Asphodelus fistulosus,species,2778437
Bituminaria bituminosa,Plantae,kingdom,6
Bituminaria bituminosa,Tracheophyta,phylum,7707728
Bituminaria bituminosa,Magnoliopsida,class,220
Bituminaria bituminosa,Fabales,order,1370
Bituminaria bituminosa,Fabaceae,family,5386
Bituminaria bituminosa,Bituminaria,genus,2952881
Bituminaria bituminosa,Bituminaria bituminosa,species,2952882
Borago officinalis,Plantae,kingdom,6
Borago officinalis,Tracheophyta,phylum,7707728
Borago officinalis,Magnoliopsida,class,220
Borago officinalis,Boraginales,order,7226464
Borago officinalis,Boraginaceae,family,2498
Borago officinalis,Borago,genus,2926109
Borago officinalis,Borago officinalis,species,2926110
Chamaerops humilis,Plantae,kingdom,6
Chamaerops humilis,Tracheophyta,phylum,7707728
Chamaerops humilis,Liliopsida,class,196
Chamaerops humilis,Arecales,order,552
Chamaerops humilis,Arecaceae,family,7681
Chamaerops humilis,Chamaerops,genus,2736624
Chamaerops humilis,Chamaerops humilis,species,2736625
Citrus,Plantae,kingdom,6
Citrus,Tracheophyta,phylum,7707728
Citrus,Magnoliopsida,class,220
Citrus,Sapindales,order,933
Citrus,Rutaceae,family,2396
Citrus,Citrus,genus,3190155
Cynoglossum officinale-type,Plantae,kingdom,6
Cynoglossum officinale-type,Tracheophyta,phylum,7707728
Cynoglossum officinale-type,Magnoliopsida,class,220
Cynoglossum officinale-type,Boraginales,order,7226464
Cynoglossum officinale-type,Boraginaceae,family,2498
Cynoglossum officinale-type,Cynoglossum,genus,2925812
Dorycnium,Plantae,kingdom,6
Dorycnium,Tracheophyta,phylum,7707728
Dorycnium,Magnoliopsida,class,220
Dorycnium,Fabales,order,1370
Dorycnium,Fabaceae,family,5386
Dorycnium,Lotus,genus,10220564
Fedia cornucopiae,Plantae,kingdom,6
Fedia cornucopiae,Tracheophyta,phylum,7707728
Fedia cornucopiae,Magnoliopsida,class,220
Fedia cornucopiae,Dipsacales,order,946
Fedia cornucopiae,Caprifoliaceae,family,6710
Fedia cornucopiae,Fedia,genus,8338972
Fedia cornucopiae,Fedia cornucopiae,species,7298906
Ficus carica,Plantae,kingdom,6
Ficus carica,Tracheophyta,phylum,7707728
Ficus carica,Magnoliopsida,class,220
Ficus carica,Rosales,order,691
Ficus carica,Moraceae,family,6640
Ficus carica,Ficus,genus,2984588
Ficus carica,Ficus carica,species,5361909
Gypsophila arrostii,Plantae,kingdom,6
Gypsophila arrostii,Tracheophyta,phylum,7707728
Gypsophila arrostii,Magnoliopsida,class,220
Gypsophila arrostii,Caryophyllales,order,422
Gypsophila arrostii,Caryophyllaceae,family,2518
Gypsophila arrostii,Gypsophila,genus,3085251
Gypsophila arrostii,Gypsophila arrostii,species,5384456
Helleborus viridis,Plantae,kingdom,6
Helleborus viridis,Tracheophyta,phylum,7707728
Helleborus viridis,Magnoliopsida,class,220
Helleborus viridis,Ranunculales,order,399
Helleborus viridis,Ranunculaceae,family,2410
Helleborus viridis,Helleborus,genus,2741682
Helleborus viridis,Helleborus viridis,species,3033108
Ornithopus,Plantae,kingdom,6
Ornithopus,Tracheophyta,phylum,7707728
Ornithopus,Magnoliopsida,class,220
Ornithopus,Fabales,order,1370
Ornithopus,Fabaceae,family,5386
Ornithopus,Ornithopus,genus,2967979
Phlomis,Plantae,kingdom,6
Phlomis,Tracheophyta,phylum,7707728
Phlomis,Magnoliopsida,class,220
Phlomis,Lamiales,order,408
Phlomis,Lamiaceae,family,2497
Phlomis,Phlomis,genus,2927450
Rumex scutatus-type,Plantae,kingdom,6
Rumex scutatus-type,Tracheophyta,phylum,7707728
Rumex scutatus-type,Magnoliopsida,class,220
Rumex scutatus-type,Caryophyllales,order,422
Rumex scutatus-type,Polygonaceae,family,2416
Rumex scutatus-type,Rumex,genus,2888942
Saxifraga tridactylitis-type,Plantae,kingdom,6
Saxifraga tridactylitis-type,Tracheophyta,phylum,7707728
Saxifraga tridactylitis-type,Magnoliopsida,class,220
Saxifraga tridactylitis-type,Saxifragales,order,7219248
Saxifraga tridactylitis-type,Saxifragaceae,family,2402
Saxifraga tridactylitis-type,Saxifraga,genus,2987833
Sideritis,Plantae,kingdom,6
Sideritis,Tracheophyta,phylum,7707728
Sideritis,Magnoliopsida,class,220
Sideritis,Lamiales,order,408
Sideritis,Lamiaceae,family,2497
Sideritis,Sideritis,genus,2926685
Simethis planifolia,Plantae,kingdom,6
Simethis planifolia,Tracheophyta,phylum,7707728
Simethis planifolia,Liliopsida,class,196
Simethis planifolia,Asparagales,order,1169
Simethis planifolia,Asphodelaceae,family,4259209
Simethis planifolia,Simethis,genus,2778329
Simethis planifolia,Simethis mattiazzii,species,2778346
Tamarix,Plantae,kingdom,6
Tamarix,Tracheophyta,phylum,7707728
Tamarix,Magnoliopsida,class,220
Tamarix,Caryophyllales,order,422
Tamarix,Tamaricaceae,family,6632
Tamarix,Tamarix,genus,2874694
Tuberaria,Plantae,kingdom,6
Tuberaria,Tracheophyta,phylum,7707728
Tuberaria,Magnoliopsida,class,220
Tuberaria,Malvales,order,941
Tuberaria,Cistaceae,family,6635
Tuberaria,Tuberaria,genus,2874023
Urtica membranacea-type,Plantae,kingdom,6
Urtica membranacea-type,Tracheophyta,phylum,7707728
Urtica membranacea-type,Magnoliopsida,class,220
Urtica membranacea-type,Rosales,order,691
Urtica membranacea-type,Urticaceae,family,6639
Urtica membranacea-type,Urtica,genus,2984391
Urtica pilulifera,Plantae,kingdom,6
Urtica pilulifera,Tracheophyta,phylum,7707728
Urtica pilulifera,Magnoliopsida,class,220
Urtica pilulifera,Rosales,order,691
Urtica pilulifera,Urticaceae,family,6639
Urtica pilulifera,Urtica,genus,2984391
Urtica pilulifera,Urtica pilulifera,species,5670646
Zelkova,Plantae,kingdom,6
Zelkova,Tracheophyta,phylum,7707728
Zelkova,Magnoliopsida,class,220
Zelkova,Rosales,order,691
Zelkova,Ulmaceae,family,2382
Zelkova,Zelkova,genus,2984531
Aruncus,Plantae,kingdom,6
Aruncus,Tracheophyta,phylum,7707728
Aruncus,Magnoliopsida,class,220
Aruncus,Rosales,order,691
Aruncus,Rosaceae,family,5015
Aruncus,Aruncus,genus,2986358
Astrantia,Plantae,kingdom,6
Astrantia,Tracheophyta,phylum,7707728
Astrantia,Magnoliopsida,class,220
Astrantia,Apiales,order,1351
Astrantia,Apiaceae,family,6720
Astrantia,Astrantia,genus,3034914
Bartsia,Plantae,kingdom,6
Bartsia,Tracheophyta,phylum,7707728
Bartsia,Magnoliopsida,class,220
Bartsia,Lamiales,order,408
Bartsia,Orobanchaceae,family,6651
Bartsia,Bartsia,genus,3170806
Filipendula ulmaria,Plantae,kingdom,6
Filipendula ulmaria,Tracheophyta,phylum,7707728
Filipendula ulmaria,Magnoliopsida,class,220
Filipendula ulmaria,Rosales,order,691
Filipendula ulmaria,Rosaceae,family,5015
Filipendula ulmaria,Filipendula,genus,2987968
Filipendula ulmaria,Filipendula ulmaria,species,2987999
Gnaphalium,Plantae,kingdom,6
Gnaphalium,Tracheophyta,phylum,7707728
Gnaphalium,Magnoliopsida,class,220
Gnaphalium,Asterales,order,414
Gnaphalium,Asteraceae,family,3065
Gnaphalium,Gnaphalium,genus,5390705
Pedicularis palustris,Plantae,kingdom,6
Pedicularis palustris,Tracheophyta,phylum,7707728
Pedicularis palustris,Magnoliopsida,class,220
Pedicularis palustris,Lamiales,order,408
Pedicularis palustris,Orobanchaceae,family,6651
Pedicularis palustris,Pedicularis,genus,3171670
Pedicularis palustris,Pedicularis palustris,species,3171734
Ribes alpinum,Plantae,kingdom,6
Ribes alpinum,Tracheophyta,phylum,7707728
Ribes alpinum,Magnoliopsida,class,220
Ribes alpinum,Saxifragales,order,7219248
Ribes alpinum,Grossulariaceae,family,2403
Ribes alpinum,Ribes,genus,2986095
Ribes alpinum,Ribes alpinum,species,2986184
Silene vulgaris,Plantae,kingdom,6
Silene vulgaris,Tracheophyta,phylum,7707728
Silene vulgaris,Magnoliopsida,class,220
Silene vulgaris,Caryophyllales,order,422
Silene vulgaris,Caryophyllaceae,family,2518
Silene vulgaris,Silene,genus,3085897
Silene vulgaris,Silene vulgaris,species,9172281
Veratrum album,Plantae,kingdom,6
Veratrum album,Tracheophyta,phylum,7707728
Veratrum album,Liliopsida,class,196
Veratrum album,Liliales,order,1172
Veratrum album,Melanthiaceae,family,7700
Veratrum album,Veratrum,genus,2742049
Veratrum album,Veratrum album,species,2742119
Ailanthus,Plantae,kingdom,6
Ailanthus,Tracheophyta,phylum,7707728
Ailanthus,Magnoliopsida,class,220
Ailanthus,Sapindales,order,933
Ailanthus,Simaroubaceae,family,2395
Ailanthus,Ailanthus,genus,3190652
Centaurea solstitialis,Plantae,kingdom,6
Centaurea solstitialis,Tracheophyta,phylum,7707728
Centaurea solstitialis,Magnoliopsida,class,220
Centaurea solstitialis,Asterales,order,414
Centaurea solstitialis,Asteraceae,family,3065
Centaurea solstitialis,Centaurea,genus,3127469
Centaurea solstitialis,Centaurea solstitialis,species,3128888
Radiola linoides,Plantae,kingdom,6
Radiola linoides,Tracheophyta,phylum,7707728
Radiola linoides,Magnoliopsida,class,220
Radiola linoides,Malpighiales,order,1414
Radiola linoides,Linaceae,family,2493
Radiola linoides,Radiola,genus,2873843
Radiola linoides,Radiola linoides,species,2873844
Consolida,Plantae,kingdom,6
Consolida,Tracheophyta,phylum,7707728
Consolida,Magnoliopsida,class,220
Consolida,Ranunculales,order,399
Consolida,Ranunculaceae,family,2410
Consolida,Delphinium,genus,3033687
Delphinium,Plantae,kingdom,6
Delphinium,Tracheophyta,phylum,7707728
Delphinium,Magnoliopsida,class,220
Delphinium,Ranunculales,order,399
Delphinium,Ranunculaceae,family,2410
Delphinium,Delphinium,genus,3033687
Nonea,Plantae,kingdom,6
Nonea,Tracheophyta,phylum,7707728
Nonea,Magnoliopsida,class,220
Nonea,Boraginales,order,7226464
Nonea,Boraginaceae,family,2498
Nonea,Nonea,genus,2926040
Orlaya,Plantae,kingdom,6
Orlaya,Tracheophyta,phylum,7707728
Orlaya,Magnoliopsida,class,220
Orlaya,Apiales,order,1351
Orlaya,Apiaceae,family,6720
Orlaya,Orlaya,genus,6027056
Pulmonaria obscura,Plantae,kingdom,6
Pulmonaria obscura,Tracheophyta,phylum,7707728
Pulmonaria obscura,Magnoliopsida,class,220
Pulmonaria obscura,Boraginales,order,7226464
Pulmonaria obscura,Boraginaceae,family,2498
Pulmonaria obscura,Pulmonaria,genus,2925903
Pulmonaria obscura,Pulmonaria obscura,species,5439925
Alkanna,Plantae,kingdom,6
Alkanna,Tracheophyta,phylum,7707728
Alkanna,Magnoliopsida,class,220
Alkanna,Boraginales,order,7226464
Alkanna,Boraginaceae,family,2498
Alkanna,Alkanna,genus,2926056
Gentiana purpurea-type,Plantae,kingdom,6
Gentiana purpurea-type,Tracheophyta,phylum,7707728
Gentiana purpurea-type,Magnoliopsida,class,220
Gentiana purpurea-type,Gentianales,order,412
Gentiana purpurea-type,Gentianaceae,family,2503
Gentiana purpurea-type,Gentiana,genus,3170037
Globularia,Plantae,kingdom,6
Globularia,Tracheophyta,phylum,7707728
Globularia,Magnoliopsida,class,220
Globularia,Lamiales,order,408
Globularia,Plantaginaceae,family,2420
Globularia,Globularia,genus,3233698
Globularia,Animalia,kingdom,1
Globularia,Mollusca,phylum,52
Globularia,Gastropoda,class,225
Globularia,Architaenioglossa,order,455
Globularia,Ampullinidae,family,4617251
Globularia,Globularia,genus,3244636
Gentianella tenella-type,Plantae,kingdom,6
Gentianella tenella-type,Tracheophyta,phylum,7707728
Gentianella tenella-type,Magnoliopsida,class,220
Gentianella tenella-type,Gentianales,order,412
Gentianella tenella-type,Gentianaceae,family,2503
Gentianella tenella-type,Gentianella,genus,3169845
Rubus fruticosus-type,Plantae,kingdom,6
Rubus fruticosus-type,Tracheophyta,phylum,7707728
Rubus fruticosus-type,Magnoliopsida,class,220
Rubus fruticosus-type,Rosales,order,691
Rubus fruticosus-type,Rosaceae,family,5015
Rubus fruticosus-type,Rubus,genus,2988638
Vicia faba-type,Plantae,kingdom,6
Vicia faba-type,Tracheophyta,phylum,7707728
Vicia faba-type,Magnoliopsida,class,220
Vicia faba-type,Fabales,order,1370
Vicia faba-type,Fabaceae,family,5386
Vicia faba-type,Vicia,genus,2974751
Cistus ladanifer-type,Plantae,kingdom,6
Cistus ladanifer-type,Tracheophyta,phylum,7707728
Cistus ladanifer-type,Magnoliopsida,class,220
Cistus ladanifer-type,Malvales,order,941
Cistus ladanifer-type,Cistaceae,family,6635
Cistus ladanifer-type,Cistus,genus,2874026
Colchicum,Plantae,kingdom,6
Colchicum,Tracheophyta,phylum,7707728
Colchicum,Liliopsida,class,196
Colchicum,Liliales,order,1172
Colchicum,Colchicaceae,family,7697
Colchicum,Colchicum,genus,2739608
Gentiana verna-type,Plantae,kingdom,6
Gentiana verna-type,Tracheophyta,phylum,7707728
Gentiana verna-type,Magnoliopsida,class,220
Gentiana verna-type,Gentianales,order,412
Gentiana verna-type,Gentianaceae,family,2503
Gentiana verna-type,Gentiana,genus,3170037
Glyceria,Plantae,kingdom,6
Glyceria,Tracheophyta,phylum,7707728
Glyceria,Liliopsida,class,196
Glyceria,Poales,order,1369
Glyceria,Poaceae,family,3073
Glyceria,Glyceria,genus,2705475
Hordelymus,Plantae,kingdom,6
Hordelymus,Tracheophyta,phylum,7707728
Hordelymus,Liliopsida,class,196
Hordelymus,Poales,order,1369
Hordelymus,Poaceae,family,3073
Hordelymus,Hordelymus,genus,5428469
Lonicera caerulea,Plantae,kingdom,6
Lonicera caerulea,Tracheophyta,phylum,7707728
Lonicera caerulea,Magnoliopsida,class,220
Lonicera caerulea,Dipsacales,order,946
Lonicera caerulea,Caprifoliaceae,family,6710
Lonicera caerulea,Lonicera,genus,2888645
Lonicera caerulea,Lonicera caerulea,species,5334269
Colchicum autumnale-type,Plantae,kingdom,6
Colchicum autumnale-type,Tracheophyta,phylum,7707728
Colchicum autumnale-type,Liliopsida,class,196
Colchicum autumnale-type,Liliales,order,1172
Colchicum autumnale-type,Colchicaceae,family,7697
Colchicum autumnale-type,Colchicum,genus,2739608
Polygonum oxyspermum,Plantae,kingdom,6
Polygonum oxyspermum,Tracheophyta,phylum,7707728
Polygonum oxyspermum,Magnoliopsida,class,220
Polygonum oxyspermum,Caryophyllales,order,422
Polygonum oxyspermum,Polygonaceae,family,2416
Polygonum oxyspermum,Polygonum,genus,2889077
Polygonum oxyspermum,Polygonum oxyspermum,species,8370223
Primula integrifolia-type,Plantae,kingdom,6
Primula integrifolia-type,Tracheophyta,phylum,7707728
Primula integrifolia-type,Magnoliopsida,class,220
Primula integrifolia-type,Ericales,order,1353
Primula integrifolia-type,Primulaceae,family,6674
Primula integrifolia-type,Primula,genus,8026112
Angelica archangelica-type,Animalia,kingdom,1
Angelica archangelica-type,Arthropoda,phylum,54
Angelica archangelica-type,Insecta,class,216
Angelica archangelica-type,Hymenoptera,order,1457
Angelica archangelica-type,Braconidae,family,6910
Angelica archangelica-type,Angelica,genus,1253626
Angelica archangelica-type,Plantae,kingdom,6
Angelica archangelica-type,Tracheophyta,phylum,7707728
Angelica archangelica-type,Magnoliopsida,class,220
Angelica archangelica-type,Apiales,order,1351
Angelica archangelica-type,Apiaceae,family,6720
Angelica archangelica-type,Angelica,genus,3034560
Angelica palustris-type,Animalia,kingdom,1
Angelica palustris-type,Arthropoda,phylum,54
Angelica palustris-type,Insecta,class,216
Angelica palustris-type,Hymenoptera,order,1457
Angelica palustris-type,Braconidae,family,6910
Angelica palustris-type,Angelica,genus,1253626
Angelica palustris-type,Plantae,kingdom,6
Angelica palustris-type,Tracheophyta,phylum,7707728
Angelica palustris-type,Magnoliopsida,class,220
Angelica palustris-type,Apiales,order,1351
Angelica palustris-type,Apiaceae,family,6720
Angelica palustris-type,Angelica,genus,3034560
Apium nodiflorum,Plantae,kingdom,6
Apium nodiflorum,Tracheophyta,phylum,7707728
Apium nodiflorum,Magnoliopsida,class,220
Apium nodiflorum,Apiales,order,1351
Apium nodiflorum,Apiaceae,family,6720
Apium nodiflorum,Helosciadium,genus,6026485
Apium nodiflorum,Helosciadium nodiflorum,species,3631293
Apium nodiflorum,Plantae,kingdom,6
Apium nodiflorum,Tracheophyta,phylum,7707728
Apium nodiflorum,Magnoliopsida,class,220
Apium nodiflorum,Apiales,order,1351
Apium nodiflorum,Apiaceae,family,6720
Apium nodiflorum,Helosciadium,genus,6026485
Apium nodiflorum,Helosciadium nodiflorum,species,3631293
Asphodelus albus,Plantae,kingdom,6
Asphodelus albus,Tracheophyta,phylum,7707728
Asphodelus albus,Liliopsida,class,196
Asphodelus albus,Asparagales,order,1169
Asphodelus albus,Asphodelaceae,family,4259209
Asphodelus albus,Asphodelus,genus,7502499
Asphodelus albus,Asphodelus albus,species,2778457
Carum verticillatum,Plantae,kingdom,6
Carum verticillatum,Tracheophyta,phylum,7707728
Carum verticillatum,Magnoliopsida,class,220
Carum verticillatum,Apiales,order,1351
Carum verticillatum,Apiaceae,family,6720
Carum verticillatum,Trocdaris,genus,6027349
Carum verticillatum,Trocdaris verticillatum,species,3642051
Chaerophyllum temulum,Plantae,kingdom,6
Chaerophyllum temulum,Tracheophyta,phylum,7707728
Chaerophyllum temulum,Magnoliopsida,class,220
Chaerophyllum temulum,Apiales,order,1351
Chaerophyllum temulum,Apiaceae,family,6720
Chaerophyllum temulum,Chaerophyllum,genus,3034649
Chaerophyllum temulum,Chaerophyllum temulum,species,3034650
Colchicum montanum,Plantae,kingdom,6
Colchicum montanum,Tracheophyta,phylum,7707728
Colchicum montanum,Liliopsida,class,196
Colchicum montanum,Liliales,order,1172
Colchicum montanum,Colchicaceae,family,7697
Colchicum montanum,Colchicum,genus,2739608
Colchicum montanum,Colchicum montanum,species,2739671
Cytisus grandiflorus,Plantae,kingdom,6
Cytisus grandiflorus,Tracheophyta,phylum,7707728
Cytisus grandiflorus,Magnoliopsida,class,220
Cytisus grandiflorus,Fabales,order,1370
Cytisus grandiflorus,Fabaceae,family,5386
Cytisus grandiflorus,Cytisus,genus,8089532
Cytisus grandiflorus,Cytisus grandiflorus,species,5354590
Dianthus lusitanus-type,Plantae,kingdom,6
Dianthus lusitanus-type,Tracheophyta,phylum,7707728
Dianthus lusitanus-type,Magnoliopsida,class,220
Dianthus lusitanus-type,Caryophyllales,order,422
Dianthus lusitanus-type,Caryophyllaceae,family,2518
Dianthus lusitanus-type,Dianthus,genus,3085411
Fraxinus angustifolia,Plantae,kingdom,6
Fraxinus angustifolia,Tracheophyta,phylum,7707728
Fraxinus angustifolia,Magnoliopsida,class,220
Fraxinus angustifolia,Lamiales,order,408
Fraxinus angustifolia,Oleaceae,family,6652
Fraxinus angustifolia,Fraxinus,genus,3172323
Fraxinus angustifolia,Fraxinus angustifolia,species,7325877
Fritillaria lusitanica,Plantae,kingdom,6
Fritillaria lusitanica,Tracheophyta,phylum,7707728
Fritillaria lusitanica,Liliopsida,class,196
Fritillaria lusitanica,Liliales,order,1172
Fritillaria lusitanica,Liliaceae,family,7699
Fritillaria lusitanica,Fritillaria,genus,2752152
Fritillaria lusitanica,Fritillaria lusitanica,species,5300414
Gagea nevadensis,Plantae,kingdom,6
Gagea nevadensis,Tracheophyta,phylum,7707728
Gagea nevadensis,Liliopsida,class,196
Gagea nevadensis,Liliales,order,1172
Gagea nevadensis,Liliaceae,family,7699
Gagea nevadensis,Gagea,genus,2751406
Gagea nevadensis,Gagea nevadensis,species,5300055
Gentiana lutea/G. pneumonanthe,Plantae,kingdom,6
Gentiana lutea/G. pneumonanthe,Tracheophyta,phylum,7707728
Gentiana lutea/G. pneumonanthe,Magnoliopsida,class,220
Gentiana lutea/G. pneumonanthe,Gentianales,order,412
Gentiana lutea/G. pneumonanthe,Gentianaceae,family,2503
Gentiana lutea/G. pneumonanthe,Gentiana,genus,3170037
Laserpitium,Plantae,kingdom,6
Laserpitium,Tracheophyta,phylum,7707728
Laserpitium,Magnoliopsida,class,220
Laserpitium,Apiales,order,1351
Laserpitium,Apiaceae,family,6720
Laserpitium,Laserpitium,genus,6026344
Lythrum undiff.,Plantae,kingdom,6
Lythrum undiff.,Tracheophyta,phylum,7707728
Lythrum undiff.,Magnoliopsida,class,220
Lythrum undiff.,Myrtales,order,690
Lythrum undiff.,Lythraceae,family,6684
Lythrum undiff.,Lythrum,genus,3188731
Minuartia recurva,Plantae,kingdom,6
Minuartia recurva,Tracheophyta,phylum,7707728
Minuartia recurva,Magnoliopsida,class,220
Minuartia recurva,Caryophyllales,order,422
Minuartia recurva,Caryophyllaceae,family,2518
Minuartia recurva,Minuartia,genus,8776773
Minuartia recurva,Minuartia recurva,species,7267522
Narcissus bulbocodium,Plantae,kingdom,6
Narcissus bulbocodium,Tracheophyta,phylum,7707728
Narcissus bulbocodium,Liliopsida,class,196
Narcissus bulbocodium,Asparagales,order,1169
Narcissus bulbocodium,Amaryllidaceae,family,7682
Narcissus bulbocodium,Narcissus,genus,2858200
Narcissus bulbocodium,Narcissus bulbocodium,species,2858846
Paronychia polygonifolia-type,Plantae,kingdom,6
Paronychia polygonifolia-type,Tracheophyta,phylum,7707728
Paronychia polygonifolia-type,Magnoliopsida,class,220
Paronychia polygonifolia-type,Caryophyllales,order,422
Paronychia polygonifolia-type,Caryophyllaceae,family,2518
Paronychia polygonifolia-type,Paronychia,genus,8020237
Pedicularis sylvatica,Plantae,kingdom,6
Pedicularis sylvatica,Tracheophyta,phylum,7707728
Pedicularis sylvatica,Magnoliopsida,class,220
Pedicularis sylvatica,Lamiales,order,408
Pedicularis sylvatica,Orobanchaceae,family,6651
Pedicularis sylvatica,Pedicularis,genus,3171670
Pedicularis sylvatica,Pedicularis sylvatica,species,3171712
Physospermum cornubiense,Plantae,kingdom,6
Physospermum cornubiense,Tracheophyta,phylum,7707728
Physospermum cornubiense,Magnoliopsida,class,220
Physospermum cornubiense,Apiales,order,1351
Physospermum cornubiense,Apiaceae,family,6720
Physospermum cornubiense,Physospermum,genus,7954070
Physospermum cornubiense,Physospermum cornubiense,species,3639129
Pimpinella anisum,Plantae,kingdom,6
Pimpinella anisum,Tracheophyta,phylum,7707728
Pimpinella anisum,Magnoliopsida,class,220
Pimpinella anisum,Apiales,order,1351
Pimpinella anisum,Apiaceae,family,6720
Pimpinella anisum,Pimpinella,genus,3034784
Pimpinella anisum,Pimpinella anisum,species,8080300
Pimpinella saxifraga-type,Plantae,kingdom,6
Pimpinella saxifraga-type,Tracheophyta,phylum,7707728
Pimpinella saxifraga-type,Magnoliopsida,class,220
Pimpinella saxifraga-type,Apiales,order,1351
Pimpinella saxifraga-type,Apiaceae,family,6720
Pimpinella saxifraga-type,Pimpinella,genus,3034784
Plantago coronopus sensu stricto,Plantae,kingdom,6
Plantago coronopus sensu stricto,Tracheophyta,phylum,7707728
Plantago coronopus sensu stricto,Magnoliopsida,class,220
Plantago coronopus sensu stricto,Lamiales,order,408
Plantago coronopus sensu stricto,Plantaginaceae,family,2420
Plantago coronopus sensu stricto,Plantago,genus,3189695
Plantago coronopus sensu stricto,Plantago coronopus,species,3189739
Plantago subulata-type,Plantae,kingdom,6
Plantago subulata-type,Tracheophyta,phylum,7707728
Plantago subulata-type,Magnoliopsida,class,220
Plantago subulata-type,Lamiales,order,408
Plantago subulata-type,Plantaginaceae,family,2420
Plantago subulata-type,Plantago,genus,3189695
Sanguisorba officinalis-type,Plantae,kingdom,6
Sanguisorba officinalis-type,Tracheophyta,phylum,7707728
Sanguisorba officinalis-type,Magnoliopsida,class,220
Sanguisorba officinalis-type,Rosales,order,691
Sanguisorba officinalis-type,Rosaceae,family,5015
Sanguisorba officinalis-type,Sanguisorba,genus,3029383
Selinum carvifolia,Plantae,kingdom,6
Selinum carvifolia,Tracheophyta,phylum,7707728
Selinum carvifolia,Magnoliopsida,class,220
Selinum carvifolia,Apiales,order,1351
Selinum carvifolia,Apiaceae,family,6720
Selinum carvifolia,Selinum,genus,5371780
Selinum carvifolia,Selinum carvifolia,species,5371781
Seseli libanotis-type,Plantae,kingdom,6
Seseli libanotis-type,Tracheophyta,phylum,7707728
Seseli libanotis-type,Magnoliopsida,class,220
Seseli libanotis-type,Apiales,order,1351
Seseli libanotis-type,Apiaceae,family,6720
Seseli libanotis-type,Seseli,genus,3034132
Silaum silaus-type,Plantae,kingdom,6
Silaum silaus-type,Tracheophyta,phylum,7707728
Silaum silaus-type,Magnoliopsida,class,220
Silaum silaus-type,Apiales,order,1351
Silaum silaus-type,Apiaceae,family,6720
Silaum silaus-type,Silaum,genus,6027385
Silene ciliata-type,Plantae,kingdom,6
Silene ciliata-type,Tracheophyta,phylum,7707728
Silene ciliata-type,Magnoliopsida,class,220
Silene ciliata-type,Caryophyllales,order,422
Silene ciliata-type,Caryophyllaceae,family,2518
Silene ciliata-type,Silene,genus,3085897
Silene foetida-type,Plantae,kingdom,6
Silene foetida-type,Tracheophyta,phylum,7707728
Silene foetida-type,Magnoliopsida,class,220
Silene foetida-type,Caryophyllales,order,422
Silene foetida-type,Caryophyllaceae,family,2518
Silene foetida-type,Silene,genus,3085897
Torilis arvensis-type,Plantae,kingdom,6
Torilis arvensis-type,Tracheophyta,phylum,7707728
Torilis arvensis-type,Magnoliopsida,class,220
Torilis arvensis-type,Apiales,order,1351
Torilis arvensis-type,Apiaceae,family,6720
Torilis arvensis-type,Torilis,genus,3034818
Trinia glauca-type,Plantae,kingdom,6
Trinia glauca-type,Tracheophyta,phylum,7707728
Trinia glauca-type,Magnoliopsida,class,220
Trinia glauca-type,Apiales,order,1351
Trinia glauca-type,Apiaceae,family,6720
Trinia glauca-type,Trinia,genus,3232515
Hedysarum cf. H. hedysaroides,Plantae,kingdom,6
Hedysarum cf. H. hedysaroides,Tracheophyta,phylum,7707728
Hedysarum cf. H. hedysaroides,Magnoliopsida,class,220
Hedysarum cf. H. hedysaroides,Fabales,order,1370
Hedysarum cf. H. hedysaroides,Fabaceae,family,5386
Hedysarum cf. H. hedysaroides,Hedysarum,genus,2960767
Vaccinium myrtillus,Plantae,kingdom,6
Vaccinium myrtillus,Tracheophyta,phylum,7707728
Vaccinium myrtillus,Magnoliopsida,class,220
Vaccinium myrtillus,Ericales,order,1353
Vaccinium myrtillus,Ericaceae,family,2505
Vaccinium myrtillus,Vaccinium,genus,2882813
Vaccinium myrtillus,Vaccinium myrtillus,species,2882833
Centaurea stoebe,Plantae,kingdom,6
Centaurea stoebe,Tracheophyta,phylum,7707728
Centaurea stoebe,Magnoliopsida,class,220
Centaurea stoebe,Asterales,order,414
Centaurea stoebe,Asteraceae,family,3065
Centaurea stoebe,Centaurea,genus,3127469
Centaurea stoebe,Centaurea stoebe,species,3127727
Juglandaceae,Plantae,kingdom,6
Juglandaceae,Tracheophyta,phylum,7707728
Juglandaceae,Magnoliopsida,class,220
Juglandaceae,Fagales,order,1354
Juglandaceae,Juglandaceae,family,2499
Matthiola,Plantae,kingdom,6
Matthiola,Tracheophyta,phylum,7707728
Matthiola,Magnoliopsida,class,220
Matthiola,Brassicales,order,7225535
Matthiola,Brassicaceae,family,3112
Matthiola,Matthiola,genus,3052933
Trifolium arvense,Plantae,kingdom,6
Trifolium arvense,Tracheophyta,phylum,7707728
Trifolium arvense,Magnoliopsida,class,220
Trifolium arvense,Fabales,order,1370
Trifolium arvense,Fabaceae,family,5386
Trifolium arvense,Trifolium,genus,2973363
Trifolium arvense,Trifolium arvense,species,5359246
Valeriana tripteris,Plantae,kingdom,6
Valeriana tripteris,Tracheophyta,phylum,7707728
Valeriana tripteris,Magnoliopsida,class,220
Valeriana tripteris,Dipsacales,order,946
Valeriana tripteris,Caprifoliaceae,family,6710
Valeriana tripteris,Valeriana,genus,2888741
Valeriana tripteris,Valeriana tripteris,species,7298997
Empetrum hermaphroditum,Plantae,kingdom,6
Empetrum hermaphroditum,Tracheophyta,phylum,7707728
Empetrum hermaphroditum,Magnoliopsida,class,220
Empetrum hermaphroditum,Ericales,order,1353
Empetrum hermaphroditum,Ericaceae,family,2505
Empetrum hermaphroditum,Empetrum,genus,2888367
Empetrum hermaphroditum,Empetrum hermaphroditum,species,6387994
Erica cinerea,Plantae,kingdom,6
Erica cinerea,Tracheophyta,phylum,7707728
Erica cinerea,Magnoliopsida,class,220
Erica cinerea,Ericales,order,1353
Erica cinerea,Ericaceae,family,2505
Erica cinerea,Erica,genus,2882780
Erica cinerea,Erica cinerea,species,5333411
Faboideae undiff.,Plantae,kingdom,6
Faboideae undiff.,Tracheophyta,phylum,7707728
Faboideae undiff.,Magnoliopsida,class,220
Faboideae undiff.,Fabales,order,1370
Faboideae undiff.,Fabaceae,family,5386
Faboideae undiff.,Faboidea,genus,4895647
Geum cf. G. rivale,Plantae,kingdom,6
Geum cf. G. rivale,Tracheophyta,phylum,7707728
Geum cf. G. rivale,Magnoliopsida,class,220
Geum cf. G. rivale,Rosales,order,691
Geum cf. G. rivale,Rosaceae,family,5015
Geum cf. G. rivale,Geum,genus,3024294
Geum cf. G. urbanum,Plantae,kingdom,6
Geum cf. G. urbanum,Tracheophyta,phylum,7707728
Geum cf. G. urbanum,Magnoliopsida,class,220
Geum cf. G. urbanum,Rosales,order,691
Geum cf. G. urbanum,Rosaceae,family,5015
Geum cf. G. urbanum,Geum,genus,3024294
Lotus cf. L. corniculatus,Plantae,kingdom,6
Lotus cf. L. corniculatus,Tracheophyta,phylum,7707728
Lotus cf. L. corniculatus,Magnoliopsida,class,220
Lotus cf. L. corniculatus,Fabales,order,1370
Lotus cf. L. corniculatus,Fabaceae,family,5386
Lotus cf. L. corniculatus,Lotus,genus,10220564
Lotus pedunculatus-type,Plantae,kingdom,6
Lotus pedunculatus-type,Tracheophyta,phylum,7707728
Lotus pedunculatus-type,Magnoliopsida,class,220
Lotus pedunculatus-type,Fabales,order,1370
Lotus pedunculatus-type,Fabaceae,family,5386
Lotus pedunculatus-type,Lotus,genus,10220564
Saxifraga cf. S. cespitosa,Plantae,kingdom,6
Saxifraga cf. S. cespitosa,Tracheophyta,phylum,7707728
Saxifraga cf. S. cespitosa,Magnoliopsida,class,220
Saxifraga cf. S. cespitosa,Saxifragales,order,7219248
Saxifraga cf. S. cespitosa,Saxifragaceae,family,2402
Saxifraga cf. S. cespitosa,Saxifraga,genus,2987833
Ranunculus sceleratus/R. repens,Plantae,kingdom,6
Ranunculus sceleratus/R. repens,Tracheophyta,phylum,7707728
Ranunculus sceleratus/R. repens,Magnoliopsida,class,220
Ranunculus sceleratus/R. repens,Ranunculales,order,399
Ranunculus sceleratus/R. repens,Ranunculaceae,family,2410
Ranunculus sceleratus/R. repens,Ranunculus,genus,3033294
Silene nutans,Plantae,kingdom,6
Silene nutans,Tracheophyta,phylum,7707728
Silene nutans,Magnoliopsida,class,220
Silene nutans,Caryophyllales,order,422
Silene nutans,Caryophyllaceae,family,2518
Silene nutans,Silene,genus,3085897
Silene nutans,Silene nutans,species,5384781
Swertia,Plantae,kingdom,6
Swertia,Tracheophyta,phylum,7707728
Swertia,Magnoliopsida,class,220
Swertia,Gentianales,order,412
Swertia,Gentianaceae,family,2503
Swertia,Swertia,genus,3170182
Teucrium chamaedrys,Plantae,kingdom,6
Teucrium chamaedrys,Tracheophyta,phylum,7707728
Teucrium chamaedrys,Magnoliopsida,class,220
Teucrium chamaedrys,Lamiales,order,408
Teucrium chamaedrys,Lamiaceae,family,2497
Teucrium chamaedrys,Teucrium,genus,2926895
Teucrium chamaedrys,Teucrium chamaedrys,species,6411747
Lycopus europaeus,Plantae,kingdom,6
Lycopus europaeus,Tracheophyta,phylum,7707728
Lycopus europaeus,Magnoliopsida,class,220
Lycopus europaeus,Lamiales,order,408
Lycopus europaeus,Lamiaceae,family,2497
Lycopus europaeus,Lycopus,genus,2927122
Lycopus europaeus,Lycopus europaeus,species,5341478
Oleaceae undiff.,Plantae,kingdom,6
Oleaceae undiff.,Tracheophyta,phylum,7707728
Oleaceae undiff.,Magnoliopsida,class,220
Oleaceae undiff.,Lamiales,order,408
Oleaceae undiff.,Oleaceae,family,6652
Conium maculatum-type,Plantae,kingdom,6
Conium maculatum-type,Tracheophyta,phylum,7707728
Conium maculatum-type,Magnoliopsida,class,220
Conium maculatum-type,Apiales,order,1351
Conium maculatum-type,Apiaceae,family,6720
Conium maculatum-type,Conium,genus,3034806
Pimpinella saxifraga,Plantae,kingdom,6
Pimpinella saxifraga,Tracheophyta,phylum,7707728
Pimpinella saxifraga,Magnoliopsida,class,220
Pimpinella saxifraga,Apiales,order,1351
Pimpinella saxifraga,Apiaceae,family,6720
Pimpinella saxifraga,Pimpinella,genus,3034784
Pimpinella saxifraga,Pimpinella saxifraga,species,7622278
Viscum album sensu lato,Plantae,kingdom,6
Viscum album sensu lato,Tracheophyta,phylum,7707728
Viscum album sensu lato,Magnoliopsida,class,220
Viscum album sensu lato,Santalales,order,934
Viscum album sensu lato,Viscaceae,family,2399
Viscum album sensu lato,Viscum,genus,2889827
Viscum album sensu lato,Viscum album,species,2889828
Abies undiff.,Plantae,kingdom,6
Abies undiff.,Tracheophyta,phylum,7707728
Abies undiff.,Pinopsida,class,194
Abies undiff.,Pinales,order,640
Abies undiff.,Pinaceae,family,3925
Abies undiff.,Abies,genus,2684876
Centaurium pulchellum,Plantae,kingdom,6
Centaurium pulchellum,Tracheophyta,phylum,7707728
Centaurium pulchellum,Magnoliopsida,class,220
Centaurium pulchellum,Gentianales,order,412
Centaurium pulchellum,Gentianaceae,family,2503
Centaurium pulchellum,Centaurium,genus,7412173
Centaurium pulchellum,Centaurium pulchellum,species,7439391
Chaerophyllum hirsutum,Plantae,kingdom,6
Chaerophyllum hirsutum,Tracheophyta,phylum,7707728
Chaerophyllum hirsutum,Magnoliopsida,class,220
Chaerophyllum hirsutum,Apiales,order,1351
Chaerophyllum hirsutum,Apiaceae,family,6720
Chaerophyllum hirsutum,Chaerophyllum,genus,3034649
Chaerophyllum hirsutum,Chaerophyllum hirsutum,species,6027328
Gratiola officinalis,Plantae,kingdom,6
Gratiola officinalis,Tracheophyta,phylum,7707728
Gratiola officinalis,Magnoliopsida,class,220
Gratiola officinalis,Lamiales,order,408
Gratiola officinalis,Plantaginaceae,family,2420
Gratiola officinalis,Gratiola,genus,3171914
Gratiola officinalis,Gratiola officinalis,species,3171915
Onobrychis viciifolia,Plantae,kingdom,6
Onobrychis viciifolia,Tracheophyta,phylum,7707728
Onobrychis viciifolia,Magnoliopsida,class,220
Onobrychis viciifolia,Fabales,order,1370
Onobrychis viciifolia,Fabaceae,family,5386
Onobrychis viciifolia,Onobrychis,genus,2972544
Onobrychis viciifolia,Onobrychis viciifolia,species,2972595
Torilis,Plantae,kingdom,6
Torilis,Tracheophyta,phylum,7707728
Torilis,Magnoliopsida,class,220
Torilis,Apiales,order,1351
Torilis,Apiaceae,family,6720
Torilis,Torilis,genus,3034818
Aethusa cynapium-type,Plantae,kingdom,6
Aethusa cynapium-type,Tracheophyta,phylum,7707728
Aethusa cynapium-type,Magnoliopsida,class,220
Aethusa cynapium-type,Apiales,order,1351
Aethusa cynapium-type,Apiaceae,family,6720
Aethusa cynapium-type,Aethusa,genus,3034624
Carum,Plantae,kingdom,6
Carum,Tracheophyta,phylum,7707728
Carum,Magnoliopsida,class,220
Carum,Apiales,order,1351
Carum,Apiaceae,family,6720
Carum,Carum,genus,3034712
Caucalis platycarpos,Plantae,kingdom,6
Caucalis platycarpos,Tracheophyta,phylum,7707728
Caucalis platycarpos,Magnoliopsida,class,220
Caucalis platycarpos,Apiales,order,1351
Caucalis platycarpos,Apiaceae,family,6720
Caucalis platycarpos,Caucalis,genus,3034522
Caucalis platycarpos,Caucalis platycarpos,species,3034523
Centaurium pulchellum-type,Plantae,kingdom,6
Centaurium pulchellum-type,Tracheophyta,phylum,7707728
Centaurium pulchellum-type,Magnoliopsida,class,220
Centaurium pulchellum-type,Gentianales,order,412
Centaurium pulchellum-type,Gentianaceae,family,2503
Centaurium pulchellum-type,Centaurium,genus,7412173
Foeniculum vulgare,Plantae,kingdom,6
Foeniculum vulgare,Tracheophyta,phylum,7707728
Foeniculum vulgare,Magnoliopsida,class,220
Foeniculum vulgare,Apiales,order,1351
Foeniculum vulgare,Apiaceae,family,6720
Foeniculum vulgare,Foeniculum,genus,10704390
Foeniculum vulgare,Foeniculum vulgare,species,3034922
Meum athamanticum-type,Plantae,kingdom,6
Meum athamanticum-type,Tracheophyta,phylum,7707728
Meum athamanticum-type,Magnoliopsida,class,220
Meum athamanticum-type,Apiales,order,1351
Meum athamanticum-type,Apiaceae,family,6720
Meum athamanticum-type,Meum,genus,6026466
Monotropa hypopitys,Plantae,kingdom,6
Monotropa hypopitys,Tracheophyta,phylum,7707728
Monotropa hypopitys,Magnoliopsida,class,220
Monotropa hypopitys,Ericales,order,1353
Monotropa hypopitys,Ericaceae,family,2505
Monotropa hypopitys,Hypopitys,genus,6399062
Monotropa hypopitys,Hypopitys monotropa,species,2888342
Peucedanum palustre-type,Plantae,kingdom,6
Peucedanum palustre-type,Tracheophyta,phylum,7707728
Peucedanum palustre-type,Magnoliopsida,class,220
Peucedanum palustre-type,Apiales,order,1351
Peucedanum palustre-type,Apiaceae,family,6720
Peucedanum palustre-type,Peucedanum,genus,3034224
Pleurospermum austriacum-type,Plantae,kingdom,6
Pleurospermum austriacum-type,Tracheophyta,phylum,7707728
Pleurospermum austriacum-type,Magnoliopsida,class,220
Pleurospermum austriacum-type,Apiales,order,1351
Pleurospermum austriacum-type,Apiaceae,family,6720
Pleurospermum austriacum-type,Pleurospermum,genus,6026568
Ruta graveolens,Plantae,kingdom,6
Ruta graveolens,Tracheophyta,phylum,7707728
Ruta graveolens,Magnoliopsida,class,220
Ruta graveolens,Sapindales,order,933
Ruta graveolens,Rutaceae,family,2396
Ruta graveolens,Ruta,genus,3190380
Ruta graveolens,Ruta graveolens,species,3190382
Sambucus undiff.,Plantae,kingdom,6
Sambucus undiff.,Tracheophyta,phylum,7707728
Sambucus undiff.,Magnoliopsida,class,220
Sambucus undiff.,Dipsacales,order,946
Sambucus undiff.,Viburnaceae,family,4924416
Sambucus undiff.,Sambucus,genus,2888721
Scrophulariaceae pro parte,Plantae,kingdom,6
Scrophulariaceae pro parte,Tracheophyta,phylum,7707728
Scrophulariaceae pro parte,Magnoliopsida,class,220
Scrophulariaceae pro parte,Lamiales,order,408
Scrophulariaceae pro parte,Scrophulariaceae,family,2390
Torilis japonica-type,Plantae,kingdom,6
Torilis japonica-type,Tracheophyta,phylum,7707728
Torilis japonica-type,Magnoliopsida,class,220
Torilis japonica-type,Apiales,order,1351
Torilis japonica-type,Apiaceae,family,6720
Torilis japonica-type,Torilis,genus,3034818
Aphanes,Plantae,kingdom,6
Aphanes,Tracheophyta,phylum,7707728
Aphanes,Magnoliopsida,class,220
Aphanes,Rosales,order,691
Aphanes,Rosaceae,family,5015
Aphanes,Aphanes,genus,3011997
Astrantia major-type,Plantae,kingdom,6
Astrantia major-type,Tracheophyta,phylum,7707728
Astrantia major-type,Magnoliopsida,class,220
Astrantia major-type,Apiales,order,1351
Astrantia major-type,Apiaceae,family,6720
Astrantia major-type,Astrantia,genus,3034914
Ballota,Plantae,kingdom,6
Ballota,Tracheophyta,phylum,7707728
Ballota,Magnoliopsida,class,220
Ballota,Lamiales,order,408
Ballota,Lamiaceae,family,2497
Ballota,Ballota,genus,2926893
Campanula trachelium-type,Plantae,kingdom,6
Campanula trachelium-type,Tracheophyta,phylum,7707728
Campanula trachelium-type,Magnoliopsida,class,220
Campanula trachelium-type,Asterales,order,414
Campanula trachelium-type,Campanulaceae,family,8801
Campanula trachelium-type,Campanula,genus,3161935
Datura stramonium,Plantae,kingdom,6
Datura stramonium,Tracheophyta,phylum,7707728
Datura stramonium,Magnoliopsida,class,220
Datura stramonium,Solanales,order,1176
Datura stramonium,Solanaceae,family,7717
Datura stramonium,Datura,genus,2928734
Datura stramonium,Datura stramonium,species,2928751
Descurainia sophia,Plantae,kingdom,6
Descurainia sophia,Tracheophyta,phylum,7707728
Descurainia sophia,Magnoliopsida,class,220
Descurainia sophia,Brassicales,order,7225535
Descurainia sophia,Brassicaceae,family,3112
Descurainia sophia,Descurainia,genus,3044104
Descurainia sophia,Descurainia sophia,species,3044318
Kickxia,Plantae,kingdom,6
Kickxia,Tracheophyta,phylum,7707728
Kickxia,Magnoliopsida,class,220
Kickxia,Lamiales,order,408
Kickxia,Plantaginaceae,family,2420
Kickxia,Kickxia,genus,3170816
Microrrhinum minus,Plantae,kingdom,6
Microrrhinum minus,Tracheophyta,phylum,7707728
Microrrhinum minus,Magnoliopsida,class,220
Microrrhinum minus,Lamiales,order,408
Microrrhinum minus,Plantaginaceae,family,2420
Microrrhinum minus,Chaenorhinum,genus,3171668
Microrrhinum minus,Chaenorhinum minus,species,3171669
Pisum sativum,Plantae,kingdom,6
Pisum sativum,Tracheophyta,phylum,7707728
Pisum sativum,Magnoliopsida,class,220
Pisum sativum,Fabales,order,1370
Pisum sativum,Fabaceae,family,5386
Pisum sativum,Lathyrus,genus,10356062
Pisum sativum,Lathyrus oleraceus,species,5347846
Ephedra strobilacea-type,Plantae,kingdom,6
Ephedra strobilacea-type,Tracheophyta,phylum,7707728
Ephedra strobilacea-type,Gnetopsida,class,282
Ephedra strobilacea-type,Ephedrales,order,424
Ephedra strobilacea-type,Ephedraceae,family,3114
Ephedra strobilacea-type,Ephedra,genus,2653237
Apium inundatum-type,Plantae,kingdom,6
Apium inundatum-type,Tracheophyta,phylum,7707728
Apium inundatum-type,Magnoliopsida,class,220
Apium inundatum-type,Apiales,order,1351
Apium inundatum-type,Apiaceae,family,6720
Apium inundatum-type,Apium,genus,3034812
Corydalis pumila-type,Plantae,kingdom,6
Corydalis pumila-type,Tracheophyta,phylum,7707728
Corydalis pumila-type,Magnoliopsida,class,220
Corydalis pumila-type,Ranunculales,order,399
Corydalis pumila-type,Papaveraceae,family,2422
Corydalis pumila-type,Corydalis,genus,7576308
Eryngium campestre-type,Plantae,kingdom,6
Eryngium campestre-type,Tracheophyta,phylum,7707728
Eryngium campestre-type,Magnoliopsida,class,220
Eryngium campestre-type,Apiales,order,1351
Eryngium campestre-type,Apiaceae,family,6720
Eryngium campestre-type,Eryngium,genus,3034387
Ornithogalum umbellatum-type,Plantae,kingdom,6
Ornithogalum umbellatum-type,Tracheophyta,phylum,7707728
Ornithogalum umbellatum-type,Liliopsida,class,196
Ornithogalum umbellatum-type,Asparagales,order,1169
Ornithogalum umbellatum-type,Asparagaceae,family,7683
Ornithogalum umbellatum-type,Ornithogalum,genus,9606396
Pedicularis verticillata-type,Plantae,kingdom,6
Pedicularis verticillata-type,Tracheophyta,phylum,7707728
Pedicularis verticillata-type,Magnoliopsida,class,220
Pedicularis verticillata-type,Lamiales,order,408
Pedicularis verticillata-type,Orobanchaceae,family,6651
Pedicularis verticillata-type,Pedicularis,genus,3171670
Teucrium chamaedrys-type,Plantae,kingdom,6
Teucrium chamaedrys-type,Tracheophyta,phylum,7707728
Teucrium chamaedrys-type,Magnoliopsida,class,220
Teucrium chamaedrys-type,Lamiales,order,408
Teucrium chamaedrys-type,Lamiaceae,family,2497
Teucrium chamaedrys-type,Teucrium,genus,2926895
Turgenia latifolia-type,Plantae,kingdom,6
Turgenia latifolia-type,Tracheophyta,phylum,7707728
Turgenia latifolia-type,Magnoliopsida,class,220
Turgenia latifolia-type,Apiales,order,1351
Turgenia latifolia-type,Apiaceae,family,6720
Turgenia latifolia-type,Turgenia,genus,3034777
Viola tricolor-type,Animalia,kingdom,1
Viola tricolor-type,Arthropoda,phylum,54
Viola tricolor-type,Insecta,class,216
Viola tricolor-type,Lepidoptera,order,797
Viola tricolor-type,Hesperiidae,family,6953
Viola tricolor-type,Viola,genus,1944973
Viola tricolor-type,Plantae,kingdom,6
Viola tricolor-type,Tracheophyta,phylum,7707728
Viola tricolor-type,Magnoliopsida,class,220
Viola tricolor-type,Malpighiales,order,1414
Viola tricolor-type,Violaceae,family,6631
Viola tricolor-type,Viola,genus,2874237
Berula erecta-type,Plantae,kingdom,6
Berula erecta-type,Tracheophyta,phylum,7707728
Berula erecta-type,Magnoliopsida,class,220
Berula erecta-type,Apiales,order,1351
Berula erecta-type,Apiaceae,family,6720
Berula erecta-type,Berula,genus,7607352
Lythrum portula-type,Plantae,kingdom,6
Lythrum portula-type,Tracheophyta,phylum,7707728
Lythrum portula-type,Magnoliopsida,class,220
Lythrum portula-type,Myrtales,order,690
Lythrum portula-type,Lythraceae,family,6684
Lythrum portula-type,Lythrum,genus,3188731
Agrimonia eupatoria-type,Plantae,kingdom,6
Agrimonia eupatoria-type,Tracheophyta,phylum,7707728
Agrimonia eupatoria-type,Magnoliopsida,class,220
Agrimonia eupatoria-type,Rosales,order,691
Agrimonia eupatoria-type,Rosaceae,family,5015
Agrimonia eupatoria-type,Agrimonia,genus,3001953
Aphanes arvensis-type,Plantae,kingdom,6
Aphanes arvensis-type,Tracheophyta,phylum,7707728
Aphanes arvensis-type,Magnoliopsida,class,220
Aphanes arvensis-type,Rosales,order,691
Aphanes arvensis-type,Rosaceae,family,5015
Aphanes arvensis-type,Aphanes,genus,3011997
Ballota group,Plantae,kingdom,6
Ballota group,Tracheophyta,phylum,7707728
Ballota group,Magnoliopsida,class,220
Ballota group,Lamiales,order,408
Ballota group,Lamiaceae,family,2497
Ballota group,Ballota,genus,2926893
Descurainia sophia-type,Plantae,kingdom,6
Descurainia sophia-type,Tracheophyta,phylum,7707728
Descurainia sophia-type,Magnoliopsida,class,220
Descurainia sophia-type,Brassicales,order,7225535
Descurainia sophia-type,Brassicaceae,family,3112
Descurainia sophia-type,Descurainia,genus,3044104
Eupatorium cannabinum-type,Plantae,kingdom,6
Eupatorium cannabinum-type,Tracheophyta,phylum,7707728
Eupatorium cannabinum-type,Magnoliopsida,class,220
Eupatorium cannabinum-type,Asterales,order,414
Eupatorium cannabinum-type,Asteraceae,family,3065
Eupatorium cannabinum-type,Eupatorium,genus,3142374
Geranium pratense-type,Plantae,kingdom,6
Geranium pratense-type,Tracheophyta,phylum,7707728
Geranium pratense-type,Magnoliopsida,class,220
Geranium pratense-type,Geraniales,order,624
Geranium pratense-type,Geraniaceae,family,4676
Geranium pratense-type,Geranium,genus,2889949
Impatiens noli-tangere,Plantae,kingdom,6
Impatiens noli-tangere,Tracheophyta,phylum,7707728
Impatiens noli-tangere,Magnoliopsida,class,220
Impatiens noli-tangere,Ericales,order,1353
Impatiens noli-tangere,Balsaminaceae,family,6699
Impatiens noli-tangere,Impatiens,genus,2891766
Impatiens noli-tangere,Impatiens noli-tangere,species,2891779
Liriodendron tulipifera,Plantae,kingdom,6
Liriodendron tulipifera,Tracheophyta,phylum,7707728
Liriodendron tulipifera,Magnoliopsida,class,220
Liriodendron tulipifera,Magnoliales,order,718
Liriodendron tulipifera,Magnoliaceae,family,4690
Liriodendron tulipifera,Liriodendron,genus,3152860
Liriodendron tulipifera,Liriodendron tulipifera,species,3152861
Lonicera periclymenum-type,Plantae,kingdom,6
Lonicera periclymenum-type,Tracheophyta,phylum,7707728
Lonicera periclymenum-type,Magnoliopsida,class,220
Lonicera periclymenum-type,Dipsacales,order,946
Lonicera periclymenum-type,Caprifoliaceae,family,6710
Lonicera periclymenum-type,Lonicera,genus,2888645
Mercurialis undiff.,Plantae,kingdom,6
Mercurialis undiff.,Tracheophyta,phylum,7707728
Mercurialis undiff.,Magnoliopsida,class,220
Mercurialis undiff.,Malpighiales,order,1414
Mercurialis undiff.,Euphorbiaceae,family,4691
Mercurialis undiff.,Mercurialis,genus,3062956
Narcissus poeticus-type,Plantae,kingdom,6
Narcissus poeticus-type,Tracheophyta,phylum,7707728
Narcissus poeticus-type,Liliopsida,class,196
Narcissus poeticus-type,Asparagales,order,1169
Narcissus poeticus-type,Amaryllidaceae,family,7682
Narcissus poeticus-type,Narcissus,genus,2858200
Sagina nodosa group,Plantae,kingdom,6
Sagina nodosa group,Tracheophyta,phylum,7707728
Sagina nodosa group,Magnoliopsida,class,220
Sagina nodosa group,Caryophyllales,order,422
Sagina nodosa group,Caryophyllaceae,family,2518
Sagina nodosa group,Sagina,genus,3085387
Sagina nodosa group,Sagina nodosa,species,3085388
Silene viscaria,Plantae,kingdom,6
Silene viscaria,Tracheophyta,phylum,7707728
Silene viscaria,Magnoliopsida,class,220
Silene viscaria,Caryophyllales,order,422
Silene viscaria,Caryophyllaceae,family,2518
Silene viscaria,Viscaria,genus,8176971
Silene viscaria,Viscaria vulgaris,species,8153621
Silene viscaria,Plantae,kingdom,6
Silene viscaria,Tracheophyta,phylum,7707728
Silene viscaria,Magnoliopsida,class,220
Silene viscaria,Caryophyllales,order,422
Silene viscaria,Caryophyllaceae,family,2518
Silene viscaria,Viscaria,genus,8176971
Silene viscaria,Viscaria vulgaris,species,8153621
Mercurialis annua-type,Plantae,kingdom,6
Mercurialis annua-type,Tracheophyta,phylum,7707728
Mercurialis annua-type,Magnoliopsida,class,220
Mercurialis annua-type,Malpighiales,order,1414
Mercurialis annua-type,Euphorbiaceae,family,4691
Mercurialis annua-type,Mercurialis,genus,3062956
Alchemilla cf. A. glabra,Plantae,kingdom,6
Alchemilla cf. A. glabra,Tracheophyta,phylum,7707728
Alchemilla cf. A. glabra,Magnoliopsida,class,220
Alchemilla cf. A. glabra,Rosales,order,691
Alchemilla cf. A. glabra,Rosaceae,family,5015
Alchemilla cf. A. glabra,Alchemilla,genus,3027437
Gentiana nivalis-type,Plantae,kingdom,6
Gentiana nivalis-type,Tracheophyta,phylum,7707728
Gentiana nivalis-type,Magnoliopsida,class,220
Gentiana nivalis-type,Gentianales,order,412
Gentiana nivalis-type,Gentianaceae,family,2503
Gentiana nivalis-type,Gentiana,genus,3170037
Helianthemum cf. H. canum,Plantae,kingdom,6
Helianthemum cf. H. canum,Tracheophyta,phylum,7707728
Helianthemum cf. H. canum,Magnoliopsida,class,220
Helianthemum cf. H. canum,Malvales,order,941
Helianthemum cf. H. canum,Cistaceae,family,6635
Helianthemum cf. H. canum,Helianthemum,genus,2874068
Oxyria digyna-type,Plantae,kingdom,6
Oxyria digyna-type,Tracheophyta,phylum,7707728
Oxyria digyna-type,Magnoliopsida,class,220
Oxyria digyna-type,Caryophyllales,order,422
Oxyria digyna-type,Polygonaceae,family,2416
Oxyria digyna-type,Oxyria,genus,2889357
Oxyria digyna-type,Animalia,kingdom,1
Oxyria digyna-type,Arthropoda,phylum,54
Oxyria digyna-type,Insecta,class,216
Oxyria digyna-type,Diptera,order,811
Oxyria digyna-type,Ceratopogonidae,family,3340
Oxyria digyna-type,Oxyria,genus,9356136
Penthorum sedoides,Plantae,kingdom,6
Penthorum sedoides,Tracheophyta,phylum,7707728
Penthorum sedoides,Magnoliopsida,class,220
Penthorum sedoides,Saxifragales,order,7219248
Penthorum sedoides,Penthoraceae,family,4256025
Penthorum sedoides,Penthorum,genus,2985708
Penthorum sedoides,Penthorum sedoides,species,2985709
Vicia cf. V. cracca,Plantae,kingdom,6
Vicia cf. V. cracca,Tracheophyta,phylum,7707728
Vicia cf. V. cracca,Magnoliopsida,class,220
Vicia cf. V. cracca,Fabales,order,1370
Vicia cf. V. cracca,Fabaceae,family,5386
Vicia cf. V. cracca,Vicia,genus,2974751
Betula sect. Apterocaryon,Plantae,kingdom,6
Betula sect. Apterocaryon,Tracheophyta,phylum,7707728
Betula sect. Apterocaryon,Magnoliopsida,class,220
Betula sect. Apterocaryon,Fagales,order,1354
Betula sect. Apterocaryon,Betulaceae,family,4688
Betula sect. Apterocaryon,Betula,genus,2875008
Betula sect. Betula,Plantae,kingdom,6
Betula sect. Betula,Tracheophyta,phylum,7707728
Betula sect. Betula,Magnoliopsida,class,220
Betula sect. Betula,Fagales,order,1354
Betula sect. Betula,Betulaceae,family,4688
Betula sect. Betula,Betula,genus,2875008
Bromus,Plantae,kingdom,6
Bromus,Tracheophyta,phylum,7707728
Bromus,Liliopsida,class,196
Bromus,Poales,order,1369
Bromus,Poaceae,family,3073
Bromus,Bromus,genus,2703642
Plantago maritima/P. alpina,Plantae,kingdom,6
Plantago maritima/P. alpina,Tracheophyta,phylum,7707728
Plantago maritima/P. alpina,Magnoliopsida,class,220
Plantago maritima/P. alpina,Lamiales,order,408
Plantago maritima/P. alpina,Plantaginaceae,family,2420
Plantago maritima/P. alpina,Plantago,genus,3189695
Polemonium boreale,Plantae,kingdom,6
Polemonium boreale,Tracheophyta,phylum,7707728
Polemonium boreale,Magnoliopsida,class,220
Polemonium boreale,Ericales,order,1353
Polemonium boreale,Polemoniaceae,family,6648
Polemonium boreale,Polemonium,genus,2927831
Polemonium boreale,Polemonium boreale,species,2927837
Trifolium striatum-type,Plantae,kingdom,6
Trifolium striatum-type,Tracheophyta,phylum,7707728
Trifolium striatum-type,Magnoliopsida,class,220
Trifolium striatum-type,Fabales,order,1370
Trifolium striatum-type,Fabaceae,family,5386
Trifolium striatum-type,Trifolium,genus,2973363
Trifolium striatum-type,Animalia,kingdom,1
Trifolium striatum-type,Platyhelminthes,phylum,108
Trifolium striatum-type,Trematoda,class,345
Trifolium striatum-type,Plagiorchiida,order,434
Trifolium striatum-type,Psilostomidae,family,4345426
Trifolium striatum-type,Trifolium,genus,3268117
Loranthaceae,Plantae,kingdom,6
Loranthaceae,Tracheophyta,phylum,7707728
Loranthaceae,Magnoliopsida,class,220
Loranthaceae,Santalales,order,934
Loranthaceae,Loranthaceae,family,6663
Bupleurum ranunculoides,Plantae,kingdom,6
Bupleurum ranunculoides,Tracheophyta,phylum,7707728
Bupleurum ranunculoides,Magnoliopsida,class,220
Bupleurum ranunculoides,Apiales,order,1351
Bupleurum ranunculoides,Apiaceae,family,6720
Bupleurum ranunculoides,Bupleurum,genus,3034551
Bupleurum ranunculoides,Bupleurum ranunculoides,species,6026947
Pulmonaria officinalis,Plantae,kingdom,6
Pulmonaria officinalis,Tracheophyta,phylum,7707728
Pulmonaria officinalis,Magnoliopsida,class,220
Pulmonaria officinalis,Boraginales,order,7226464
Pulmonaria officinalis,Boraginaceae,family,2498
Pulmonaria officinalis,Pulmonaria,genus,2925903
Pulmonaria officinalis,Pulmonaria officinalis,species,5341204
Thymus,Animalia,kingdom,1
Thymus,Arthropoda,phylum,54
Thymus,Insecta,class,216
Thymus,Hymenoptera,order,1457
Thymus,Eulophidae,family,5505
Thymus,Thymus,genus,1380742
Thymus,Plantae,kingdom,6
Thymus,Tracheophyta,phylum,7707728
Thymus,Magnoliopsida,class,220
Thymus,Lamiales,order,408
Thymus,Lamiaceae,family,2497
Thymus,Thymus,genus,2926960
Cannabaceae sensu stricto,Plantae,kingdom,6
Cannabaceae sensu stricto,Tracheophyta,phylum,7707728
Cannabaceae sensu stricto,Magnoliopsida,class,220
Cannabaceae sensu stricto,Rosales,order,691
Cannabaceae sensu stricto,Cannabaceae,family,2384
Erica cf. E. tetralix,Animalia,kingdom,1
Erica cf. E. tetralix,Arthropoda,phylum,54
Erica cf. E. tetralix,Arachnida,class,367
Erica cf. E. tetralix,Araneae,order,1496
Erica cf. E. tetralix,Salticidae,family,5644
Erica cf. E. tetralix,Erica,genus,2177120
Erica cf. E. tetralix,Plantae,kingdom,6
Erica cf. E. tetralix,Tracheophyta,phylum,7707728
Erica cf. E. tetralix,Magnoliopsida,class,220
Erica cf. E. tetralix,Ericales,order,1353
Erica cf. E. tetralix,Ericaceae,family,2505
Erica cf. E. tetralix,Erica,genus,2882780
Persicaria cf. P. maculosa,Plantae,kingdom,6
Persicaria cf. P. maculosa,Tracheophyta,phylum,7707728
Persicaria cf. P. maculosa,Magnoliopsida,class,220
Persicaria cf. P. maculosa,Caryophyllales,order,422
Persicaria cf. P. maculosa,Polygonaceae,family,2416
Persicaria cf. P. maculosa,Persicaria,genus,6390748
Elymus,Plantae,kingdom,6
Elymus,Tracheophyta,phylum,7707728
Elymus,Liliopsida,class,196
Elymus,Poales,order,1369
Elymus,Poaceae,family,3073
Elymus,Elymus,genus,10465436
Centaurea depressa-type,Plantae,kingdom,6
Centaurea depressa-type,Tracheophyta,phylum,7707728
Centaurea depressa-type,Magnoliopsida,class,220
Centaurea depressa-type,Asterales,order,414
Centaurea depressa-type,Asteraceae,family,3065
Centaurea depressa-type,Centaurea,genus,3127469
Artemisia campestris-type,Plantae,kingdom,6
Artemisia campestris-type,Tracheophyta,phylum,7707728
Artemisia campestris-type,Magnoliopsida,class,220
Artemisia campestris-type,Asterales,order,414
Artemisia campestris-type,Asteraceae,family,3065
Artemisia campestris-type,Artemisia,genus,3120641
Artemisia undiff.,Plantae,kingdom,6
Artemisia undiff.,Tracheophyta,phylum,7707728
Artemisia undiff.,Magnoliopsida,class,220
Artemisia undiff.,Asterales,order,414
Artemisia undiff.,Asteraceae,family,3065
Artemisia undiff.,Artemisia,genus,3120641
Droseraceae,Plantae,kingdom,6
Droseraceae,Tracheophyta,phylum,7707728
Droseraceae,Magnoliopsida,class,220
Droseraceae,Caryophyllales,order,422
Droseraceae,Droseraceae,family,5399
Rubus idaeus-type,Plantae,kingdom,6
Rubus idaeus-type,Tracheophyta,phylum,7707728
Rubus idaeus-type,Magnoliopsida,class,220
Rubus idaeus-type,Rosales,order,691
Rubus idaeus-type,Rosaceae,family,5015
Rubus idaeus-type,Rubus,genus,2988638
Polemoniaceae,Plantae,kingdom,6
Polemoniaceae,Tracheophyta,phylum,7707728
Polemoniaceae,Magnoliopsida,class,220
Polemoniaceae,Ericales,order,1353
Polemoniaceae,Polemoniaceae,family,6648
Hypericum calycinum-type,Plantae,kingdom,6
Hypericum calycinum-type,Tracheophyta,phylum,7707728
Hypericum calycinum-type,Magnoliopsida,class,220
Hypericum calycinum-type,Malpighiales,order,1414
Hypericum calycinum-type,Hypericaceae,family,4900406
Hypericum calycinum-type,Hypericum,genus,3189452
Sedum acre,Plantae,kingdom,6
Sedum acre,Tracheophyta,phylum,7707728
Sedum acre,Magnoliopsida,class,220
Sedum acre,Saxifragales,order,7219248
Sedum acre,Crassulaceae,family,2406
Sedum acre,Sedum,genus,5361975
Sedum acre,Sedum acre,species,5362007
Rosaceae (trees) undiff.,Plantae,kingdom,6
Rosaceae (trees) undiff.,Tracheophyta,phylum,7707728
Rosaceae (trees) undiff.,Magnoliopsida,class,220
Rosaceae (trees) undiff.,Rosales,order,691
Rosaceae (trees) undiff.,Rosaceae,family,5015
Viburnum cf. V. opulus,Plantae,kingdom,6
Viburnum cf. V. opulus,Tracheophyta,phylum,7707728
Viburnum cf. V. opulus,Magnoliopsida,class,220
Viburnum cf. V. opulus,Dipsacales,order,946
Viburnum cf. V. opulus,Viburnaceae,family,4924416
Viburnum cf. V. opulus,Viburnum,genus,2888580
Fallopia cf. F. convolvulus,Plantae,kingdom,6
Fallopia cf. F. convolvulus,Tracheophyta,phylum,7707728
Fallopia cf. F. convolvulus,Magnoliopsida,class,220
Fallopia cf. F. convolvulus,Caryophyllales,order,422
Fallopia cf. F. convolvulus,Polygonaceae,family,2416
Fallopia cf. F. convolvulus,Fallopia,genus,2889418
Micranthes nivalis/M. tenuis,Plantae,kingdom,6
Micranthes nivalis/M. tenuis,Tracheophyta,phylum,7707728
Micranthes nivalis/M. tenuis,Magnoliopsida,class,220
Micranthes nivalis/M. tenuis,Saxifragales,order,7219248
Micranthes nivalis/M. tenuis,Saxifragaceae,family,2402
Micranthes nivalis/M. tenuis,Micranthes,genus,6447095
Rubus cf. R. saxatilis,Plantae,kingdom,6
Rubus cf. R. saxatilis,Tracheophyta,phylum,7707728
Rubus cf. R. saxatilis,Magnoliopsida,class,220
Rubus cf. R. saxatilis,Rosales,order,691
Rubus cf. R. saxatilis,Rosaceae,family,5015
Rubus cf. R. saxatilis,Rubus,genus,2988638
Quercus (evergreen),Plantae,kingdom,6
Quercus (evergreen),Tracheophyta,phylum,7707728
Quercus (evergreen),Magnoliopsida,class,220
Quercus (evergreen),Fagales,order,1354
Quercus (evergreen),Fagaceae,family,4689
Quercus (evergreen),Quercus,genus,2877951
Polygonum aviculare/Bistorta officinalis,Plantae,kingdom,6
Polygonum aviculare/Bistorta officinalis,Tracheophyta,phylum,7707728
Polygonum aviculare/Bistorta officinalis,Magnoliopsida,class,220
Polygonum aviculare/Bistorta officinalis,Caryophyllales,order,422
Polygonum aviculare/Bistorta officinalis,Polygonaceae,family,2416
Polygonum aviculare/Bistorta officinalis,Polygonum,genus,2889077
Pistacia terebinthus,Plantae,kingdom,6
Pistacia terebinthus,Tracheophyta,phylum,7707728
Pistacia terebinthus,Magnoliopsida,class,220
Pistacia terebinthus,Sapindales,order,933
Pistacia terebinthus,Anacardiaceae,family,2398
Pistacia terebinthus,Pistacia,genus,3190459
Pistacia terebinthus,Pistacia terebinthus,species,3190580
Polygonoideae pro parte,Plantae,kingdom,6
Polygonoideae pro parte,Tracheophyta,phylum,7707728
Polygonoideae pro parte,Magnoliopsida,class,220
Polygonoideae pro parte,Caryophyllales,order,422
Polygonoideae pro parte,Polygonaceae,family,2416
Polygonoideae pro parte,Calligonum,genus,7788813
Adonis aestivalis-type,Plantae,kingdom,6
Adonis aestivalis-type,Tracheophyta,phylum,7707728
Adonis aestivalis-type,Magnoliopsida,class,220
Adonis aestivalis-type,Ranunculales,order,399
Adonis aestivalis-type,Ranunculaceae,family,2410
Adonis aestivalis-type,Adonis,genus,3033821
Alchemilla group,Plantae,kingdom,6
Alchemilla group,Tracheophyta,phylum,7707728
Alchemilla group,Magnoliopsida,class,220
Alchemilla group,Rosales,order,691
Alchemilla group,Rosaceae,family,5015
Alchemilla group,Alchemilla,genus,3027437
Anemone coronaria,Plantae,kingdom,6
Anemone coronaria,Tracheophyta,phylum,7707728
Anemone coronaria,Magnoliopsida,class,220
Anemone coronaria,Ranunculales,order,399
Anemone coronaria,Ranunculaceae,family,2410
Anemone coronaria,Anemone,genus,3016227
Anemone coronaria,Anemone coronaria,species,3033261
Arum,Plantae,kingdom,6
Arum,Tracheophyta,phylum,7707728
Arum,Liliopsida,class,196
Arum,Alismatales,order,551
Arum,Araceae,family,6979
Arum,Arum,genus,2869757
Ceratonia siliqua,Plantae,kingdom,6
Ceratonia siliqua,Tracheophyta,phylum,7707728
Ceratonia siliqua,Magnoliopsida,class,220
Ceratonia siliqua,Fabales,order,1370
Ceratonia siliqua,Fabaceae,family,5386
Ceratonia siliqua,Ceratonia,genus,2962230
Ceratonia siliqua,Ceratonia siliqua,species,5356354
Genista group,Plantae,kingdom,6
Genista group,Tracheophyta,phylum,7707728
Genista group,Magnoliopsida,class,220
Genista group,Fabales,order,1370
Genista group,Fabaceae,family,5386
Genista group,Genista,genus,2940025
Liliaceae sensu lato,Plantae,kingdom,6
Liliaceae sensu lato,Tracheophyta,phylum,7707728
Liliaceae sensu lato,Liliopsida,class,196
Liliaceae sensu lato,Liliales,order,1172
Liliaceae sensu lato,Liliaceae,family,7699
Lomelosia argentea-type,Plantae,kingdom,6
Lomelosia argentea-type,Tracheophyta,phylum,7707728
Lomelosia argentea-type,Magnoliopsida,class,220
Lomelosia argentea-type,Dipsacales,order,946
Lomelosia argentea-type,Caprifoliaceae,family,6710
Lomelosia argentea-type,Lomelosia,genus,7139039
Platanus orientalis,Plantae,kingdom,6
Platanus orientalis,Tracheophyta,phylum,7707728
Platanus orientalis,Magnoliopsida,class,220
Platanus orientalis,Proteales,order,400
Platanus orientalis,Platanaceae,family,6693
Platanus orientalis,Platanus,genus,3152811
Platanus orientalis,Platanus orientalis,species,3152816
Polycnemum,Plantae,kingdom,6
Polycnemum,Tracheophyta,phylum,7707728
Polycnemum,Magnoliopsida,class,220
Polycnemum,Caryophyllales,order,422
Polycnemum,Amaranthaceae,family,3064
Polycnemum,Polycnemum,genus,6429410
Ranunculus lanuginosus-type,Plantae,kingdom,6
Ranunculus lanuginosus-type,Tracheophyta,phylum,7707728
Ranunculus lanuginosus-type,Magnoliopsida,class,220
Ranunculus lanuginosus-type,Ranunculales,order,399
Ranunculus lanuginosus-type,Ranunculaceae,family,2410
Ranunculus lanuginosus-type,Ranunculus,genus,3033294
Rhinanthus group,Plantae,kingdom,6
Rhinanthus group,Tracheophyta,phylum,7707728
Rhinanthus group,Magnoliopsida,class,220
Rhinanthus group,Lamiales,order,408
Rhinanthus group,Orobanchaceae,family,6651
Rhinanthus group,Rhinanthus,genus,3172042
Sorbus group,Plantae,kingdom,6
Sorbus group,Tracheophyta,phylum,7707728
Sorbus group,Magnoliopsida,class,220
Sorbus group,Rosales,order,691
Sorbus group,Rosaceae,family,5015
Sorbus group,Sorbus,genus,3012146
Corrigiola litoralis-type,Plantae,kingdom,6
Corrigiola litoralis-type,Tracheophyta,phylum,7707728
Corrigiola litoralis-type,Magnoliopsida,class,220
Corrigiola litoralis-type,Caryophyllales,order,422
Corrigiola litoralis-type,Caryophyllaceae,family,2518
Corrigiola litoralis-type,Corrigiola,genus,5384679
Echium vulgare-type,Plantae,kingdom,6
Echium vulgare-type,Tracheophyta,phylum,7707728
Echium vulgare-type,Magnoliopsida,class,220
Echium vulgare-type,Boraginales,order,7226464
Echium vulgare-type,Boraginaceae,family,2498
Echium vulgare-type,Echium,genus,2925888
Erica australis-type,Animalia,kingdom,1
Erica australis-type,Arthropoda,phylum,54
Erica australis-type,Arachnida,class,367
Erica australis-type,Araneae,order,1496
Erica australis-type,Salticidae,family,5644
Erica australis-type,Erica,genus,2177120
Erica australis-type,Plantae,kingdom,6
Erica australis-type,Tracheophyta,phylum,7707728
Erica australis-type,Magnoliopsida,class,220
Erica australis-type,Ericales,order,1353
Erica australis-type,Ericaceae,family,2505
Erica australis-type,Erica,genus,2882780
Erica umbellata-type,Animalia,kingdom,1
Erica umbellata-type,Arthropoda,phylum,54
Erica umbellata-type,Arachnida,class,367
Erica umbellata-type,Araneae,order,1496
Erica umbellata-type,Salticidae,family,5644
Erica umbellata-type,Erica,genus,2177120
Erica umbellata-type,Plantae,kingdom,6
Erica umbellata-type,Tracheophyta,phylum,7707728
Erica umbellata-type,Magnoliopsida,class,220
Erica umbellata-type,Ericales,order,1353
Erica umbellata-type,Ericaceae,family,2505
Erica umbellata-type,Erica,genus,2882780
Erica undiff.,Animalia,kingdom,1
Erica undiff.,Arthropoda,phylum,54
Erica undiff.,Arachnida,class,367
Erica undiff.,Araneae,order,1496
Erica undiff.,Salticidae,family,5644
Erica undiff.,Erica,genus,2177120
Erica undiff.,Plantae,kingdom,6
Erica undiff.,Tracheophyta,phylum,7707728
Erica undiff.,Magnoliopsida,class,220
Erica undiff.,Ericales,order,1353
Erica undiff.,Ericaceae,family,2505
Erica undiff.,Erica,genus,2882780
Geranium molle-type,Plantae,kingdom,6
Geranium molle-type,Tracheophyta,phylum,7707728
Geranium molle-type,Magnoliopsida,class,220
Geranium molle-type,Geraniales,order,624
Geranium molle-type,Geraniaceae,family,4676
Geranium molle-type,Geranium,genus,2889949
Hypecoum,Plantae,kingdom,6
Hypecoum,Tracheophyta,phylum,7707728
Hypecoum,Magnoliopsida,class,220
Hypecoum,Ranunculales,order,399
Hypecoum,Papaveraceae,family,2422
Hypecoum,Hypecoum,genus,2888556
Illecebrum verticillatum-type,Plantae,kingdom,6
Illecebrum verticillatum-type,Tracheophyta,phylum,7707728
Illecebrum verticillatum-type,Magnoliopsida,class,220
Illecebrum verticillatum-type,Caryophyllales,order,422
Illecebrum verticillatum-type,Caryophyllaceae,family,2518
Illecebrum verticillatum-type,Illecebrum,genus,3085609
Montia fontana-type,Plantae,kingdom,6
Montia fontana-type,Tracheophyta,phylum,7707728
Montia fontana-type,Magnoliopsida,class,220
Montia fontana-type,Caryophyllales,order,422
Montia fontana-type,Montiaceae,family,4898338
Montia fontana-type,Montia,genus,3084779
Montia fontana-type,Animalia,kingdom,1
Montia fontana-type,Mollusca,phylum,52
Montia fontana-type,Gastropoda,class,225
Montia fontana-type,Neogastropoda,order,982
Montia fontana-type,Volutidae,family,6767
Montia fontana-type,Montia,genus,3243327
Trollius europaeus-type,Plantae,kingdom,6
Trollius europaeus-type,Tracheophyta,phylum,7707728
Trollius europaeus-type,Magnoliopsida,class,220
Trollius europaeus-type,Ranunculales,order,399
Trollius europaeus-type,Ranunculaceae,family,2410
Trollius europaeus-type,Trollius,genus,3033288
Aconitum napellus-type,Plantae,kingdom,6
Aconitum napellus-type,Tracheophyta,phylum,7707728
Aconitum napellus-type,Magnoliopsida,class,220
Aconitum napellus-type,Ranunculales,order,399
Aconitum napellus-type,Ranunculaceae,family,2410
Aconitum napellus-type,Aconitum,genus,3033663
Arenaria serpyllifolia-type,Animalia,kingdom,1
Arenaria serpyllifolia-type,Chordata,phylum,44
Arenaria serpyllifolia-type,Aves,class,212
Arenaria serpyllifolia-type,Charadriiformes,order,7192402
Arenaria serpyllifolia-type,Scolopacidae,family,5282
Arenaria serpyllifolia-type,Arenaria,genus,2481774
Arenaria serpyllifolia-type,Plantae,kingdom,6
Arenaria serpyllifolia-type,Tracheophyta,phylum,7707728
Arenaria serpyllifolia-type,Magnoliopsida,class,220
Arenaria serpyllifolia-type,Caryophyllales,order,422
Arenaria serpyllifolia-type,Caryophyllaceae,family,2518
Arenaria serpyllifolia-type,Arenaria,genus,7937950
Blackstonia perfoliata-type,Plantae,kingdom,6
Blackstonia perfoliata-type,Tracheophyta,phylum,7707728
Blackstonia perfoliata-type,Magnoliopsida,class,220
Blackstonia perfoliata-type,Gentianales,order,412
Blackstonia perfoliata-type,Gentianaceae,family,2503
Blackstonia perfoliata-type,Blackstonia,genus,6366885
Circaea lutetiana-type,Plantae,kingdom,6
Circaea lutetiana-type,Tracheophyta,phylum,7707728
Circaea lutetiana-type,Magnoliopsida,class,220
Circaea lutetiana-type,Myrtales,order,690
Circaea lutetiana-type,Onagraceae,family,2430
Circaea lutetiana-type,Circaea,genus,3188793
Corrigiola telephiifolia-type,Plantae,kingdom,6
Corrigiola telephiifolia-type,Tracheophyta,phylum,7707728
Corrigiola telephiifolia-type,Magnoliopsida,class,220
Corrigiola telephiifolia-type,Caryophyllales,order,422
Corrigiola telephiifolia-type,Caryophyllaceae,family,2518
Corrigiola telephiifolia-type,Corrigiola,genus,5384679
Daucus carota-type,Plantae,kingdom,6
Daucus carota-type,Tracheophyta,phylum,7707728
Daucus carota-type,Magnoliopsida,class,220
Daucus carota-type,Apiales,order,1351
Daucus carota-type,Apiaceae,family,6720
Daucus carota-type,Daucus,genus,3034740
Dipsacus fullonum-type,Plantae,kingdom,6
Dipsacus fullonum-type,Tracheophyta,phylum,7707728
Dipsacus fullonum-type,Magnoliopsida,class,220
Dipsacus fullonum-type,Dipsacales,order,946
Dipsacus fullonum-type,Caprifoliaceae,family,6710
Dipsacus fullonum-type,Dipsacus,genus,2888813
Erodium cicutarium-type,Plantae,kingdom,6
Erodium cicutarium-type,Tracheophyta,phylum,7707728
Erodium cicutarium-type,Magnoliopsida,class,220
Erodium cicutarium-type,Geraniales,order,624
Erodium cicutarium-type,Geraniaceae,family,4676
Erodium cicutarium-type,Erodium,genus,2891616
Filipendula vulgaris-type,Plantae,kingdom,6
Filipendula vulgaris-type,Tracheophyta,phylum,7707728
Filipendula vulgaris-type,Magnoliopsida,class,220
Filipendula vulgaris-type,Rosales,order,691
Filipendula vulgaris-type,Rosaceae,family,5015
Filipendula vulgaris-type,Filipendula,genus,2987968
Hedera helix-type,Plantae,kingdom,6
Hedera helix-type,Tracheophyta,phylum,7707728
Hedera helix-type,Magnoliopsida,class,220
Hedera helix-type,Apiales,order,1351
Hedera helix-type,Araliaceae,family,8800
Hedera helix-type,Hedera,genus,3036021
Hedera helix-type,Animalia,kingdom,1
Hedera helix-type,Cnidaria,phylum,43
Hedera helix-type,Anthozoa,class,206
Hedera helix-type,Malacalcyonacea,order,12204028
Hedera helix-type,Alcyoniidae,family,3933
Hedera helix-type,Hedera,genus,9361949
Humulus lupulus-type,Plantae,kingdom,6
Humulus lupulus-type,Tracheophyta,phylum,7707728
Humulus lupulus-type,Magnoliopsida,class,220
Humulus lupulus-type,Rosales,order,691
Humulus lupulus-type,Cannabaceae,family,2384
Humulus lupulus-type,Humulus,genus,2984534
Ligustrum vulgare-type,Plantae,kingdom,6
Ligustrum vulgare-type,Tracheophyta,phylum,7707728
Ligustrum vulgare-type,Magnoliopsida,class,220
Ligustrum vulgare-type,Lamiales,order,408
Ligustrum vulgare-type,Oleaceae,family,6652
Ligustrum vulgare-type,Ligustrum,genus,3172289
Limonium humile-type,Plantae,kingdom,6
Limonium humile-type,Tracheophyta,phylum,7707728
Limonium humile-type,Magnoliopsida,class,220
Limonium humile-type,Caryophyllales,order,422
Limonium humile-type,Plumbaginaceae,family,2419
Limonium humile-type,Limonium,genus,3082293
Moehringia trinervia-type,Plantae,kingdom,6
Moehringia trinervia-type,Tracheophyta,phylum,7707728
Moehringia trinervia-type,Magnoliopsida,class,220
Moehringia trinervia-type,Caryophyllales,order,422
Moehringia trinervia-type,Caryophyllaceae,family,2518
Moehringia trinervia-type,Moehringia,genus,3085369
Phillyrea angustifolia-type,Plantae,kingdom,6
Phillyrea angustifolia-type,Tracheophyta,phylum,7707728
Phillyrea angustifolia-type,Magnoliopsida,class,220
Phillyrea angustifolia-type,Lamiales,order,408
Phillyrea angustifolia-type,Oleaceae,family,6652
Phillyrea angustifolia-type,Phillyrea,genus,7325888
Pinguicula vulgaris-type,Plantae,kingdom,6
Pinguicula vulgaris-type,Tracheophyta,phylum,7707728
Pinguicula vulgaris-type,Magnoliopsida,class,220
Pinguicula vulgaris-type,Lamiales,order,408
Pinguicula vulgaris-type,Lentibulariaceae,family,2391
Pinguicula vulgaris-type,Pinguicula,genus,3172450
Sagina procumbens-type,Plantae,kingdom,6
Sagina procumbens-type,Tracheophyta,phylum,7707728
Sagina procumbens-type,Magnoliopsida,class,220
Sagina procumbens-type,Caryophyllales,order,422
Sagina procumbens-type,Caryophyllaceae,family,2518
Sagina procumbens-type,Sagina,genus,3085387
Viburnum lantana-type,Plantae,kingdom,6
Viburnum lantana-type,Tracheophyta,phylum,7707728
Viburnum lantana-type,Magnoliopsida,class,220
Viburnum lantana-type,Dipsacales,order,946
Viburnum lantana-type,Viburnaceae,family,4924416
Viburnum lantana-type,Viburnum,genus,2888580
Crocus vernus,Plantae,kingdom,6
Crocus vernus,Tracheophyta,phylum,7707728
Crocus vernus,Liliopsida,class,196
Crocus vernus,Asparagales,order,1169
Crocus vernus,Iridaceae,family,7698
Crocus vernus,Crocus,genus,2747303
Crocus vernus,Crocus vernus,species,2747567
Heliotropium,Plantae,kingdom,6
Heliotropium,Tracheophyta,phylum,7707728
Heliotropium,Magnoliopsida,class,220
Heliotropium,Boraginales,order,7226464
Heliotropium,Heliotropiaceae,family,4930387
Heliotropium,Heliotropium,genus,2925766
Smyrnium,Plantae,kingdom,6
Smyrnium,Tracheophyta,phylum,7707728
Smyrnium,Magnoliopsida,class,220
Smyrnium,Apiales,order,1351
Smyrnium,Apiaceae,family,6720
Smyrnium,Smyrnium,genus,3034781
Ranunculus glacialis-type,Plantae,kingdom,6
Ranunculus glacialis-type,Tracheophyta,phylum,7707728
Ranunculus glacialis-type,Magnoliopsida,class,220
Ranunculus glacialis-type,Ranunculales,order,399
Ranunculus glacialis-type,Ranunculaceae,family,2410
Ranunculus glacialis-type,Ranunculus,genus,3033294
Silene cf. S. acaulis,Plantae,kingdom,6
Silene cf. S. acaulis,Tracheophyta,phylum,7707728
Silene cf. S. acaulis,Magnoliopsida,class,220
Silene cf. S. acaulis,Caryophyllales,order,422
Silene cf. S. acaulis,Caryophyllaceae,family,2518
Silene cf. S. acaulis,Silene,genus,3085897
Aconitum lycoctonum subsp. septentrionale,Plantae,kingdom,6
Aconitum lycoctonum subsp. septentrionale,Tracheophyta,phylum,7707728
Aconitum lycoctonum subsp. septentrionale,Magnoliopsida,class,220
Aconitum lycoctonum subsp. septentrionale,Ranunculales,order,399
Aconitum lycoctonum subsp. septentrionale,Ranunculaceae,family,2410
Aconitum lycoctonum subsp. septentrionale,Aconitum,genus,3033663
Aconitum lycoctonum subsp. septentrionale,Aconitum septentrionale,species,6374443
Aconitum lycoctonum subsp. septentrionale,Aconitum lycoctonum septentrionale,subspecies,7959810
Polygonum oxyspermum-type,Plantae,kingdom,6
Polygonum oxyspermum-type,Tracheophyta,phylum,7707728
Polygonum oxyspermum-type,Magnoliopsida,class,220
Polygonum oxyspermum-type,Caryophyllales,order,422
Polygonum oxyspermum-type,Polygonaceae,family,2416
Polygonum oxyspermum-type,Polygonum,genus,2889077
Secale (primitive),Plantae,kingdom,6
Secale (primitive),Tracheophyta,phylum,7707728
Secale (primitive),Liliopsida,class,196
Secale (primitive),Poales,order,1369
Secale (primitive),Poaceae,family,3073
Secale (primitive),Secale,genus,2705965
Triticum spelta-type,Plantae,kingdom,6
Triticum spelta-type,Tracheophyta,phylum,7707728
Triticum spelta-type,Liliopsida,class,196
Triticum spelta-type,Poales,order,1369
Triticum spelta-type,Poaceae,family,3073
Triticum spelta-type,Triticum,genus,2706388
Poaceae (>40 µm),Plantae,kingdom,6
Poaceae (>40 µm),Tracheophyta,phylum,7707728
Poaceae (>40 µm),Liliopsida,class,196
Poaceae (>40 µm),Poales,order,1369
Poaceae (>40 µm),Poaceae,family,3073
Crassula,Plantae,kingdom,6
Crassula,Tracheophyta,phylum,7707728
Crassula,Magnoliopsida,class,220
Crassula,Saxifragales,order,7219248
Crassula,Crassulaceae,family,2406
Crassula,Crassula,genus,2985823
Crassula,Animalia,kingdom,1
Crassula,Mollusca,phylum,52
Crassula,Bivalvia,class,137
Crassula,Venerida,order,9310756
Crassula,Mactridae,family,3454
Crassula,Crassula,genus,3248417
Gentiana punctata,Plantae,kingdom,6
Gentiana punctata,Tracheophyta,phylum,7707728
Gentiana punctata,Magnoliopsida,class,220
Gentiana punctata,Gentianales,order,412
Gentiana punctata,Gentianaceae,family,2503
Gentiana punctata,Gentiana,genus,3170037
Gentiana punctata,Gentiana punctata,species,8008282
Geum rivale,Plantae,kingdom,6
Geum rivale,Tracheophyta,phylum,7707728
Geum rivale,Magnoliopsida,class,220
Geum rivale,Rosales,order,691
Geum rivale,Rosaceae,family,5015
Geum rivale,Geum,genus,3024294
Geum rivale,Geum rivale,species,5369701
Ericaceae cf. Cassiope,Plantae,kingdom,6
Ericaceae cf. Cassiope,Tracheophyta,phylum,7707728
Ericaceae cf. Cassiope,Magnoliopsida,class,220
Ericaceae cf. Cassiope,Ericales,order,1353
Ericaceae cf. Cassiope,Ericaceae,family,2505
Artemisia norvegica-type,Plantae,kingdom,6
Artemisia norvegica-type,Tracheophyta,phylum,7707728
Artemisia norvegica-type,Magnoliopsida,class,220
Artemisia norvegica-type,Asterales,order,414
Artemisia norvegica-type,Asteraceae,family,3065
Artemisia norvegica-type,Artemisia,genus,3120641
Poaceae (annulus 8-10 µm),Plantae,kingdom,6
Poaceae (annulus 8-10 µm),Tracheophyta,phylum,7707728
Poaceae (annulus 8-10 µm),Liliopsida,class,196
Poaceae (annulus 8-10 µm),Poales,order,1369
Poaceae (annulus 8-10 µm),Poaceae,family,3073
Saxifraga cernua/S. rivularis,Plantae,kingdom,6
Saxifraga cernua/S. rivularis,Tracheophyta,phylum,7707728
Saxifraga cernua/S. rivularis,Magnoliopsida,class,220
Saxifraga cernua/S. rivularis,Saxifragales,order,7219248
Saxifraga cernua/S. rivularis,Saxifragaceae,family,2402
Saxifraga cernua/S. rivularis,Saxifraga,genus,2987833
Cornus undiff.,Plantae,kingdom,6
Cornus undiff.,Tracheophyta,phylum,7707728
Cornus undiff.,Magnoliopsida,class,220
Cornus undiff.,Cornales,order,949
Cornus undiff.,Cornaceae,family,6713
Cornus undiff.,Cornus,genus,3082226
Corydalis cava-type,Plantae,kingdom,6
Corydalis cava-type,Tracheophyta,phylum,7707728
Corydalis cava-type,Magnoliopsida,class,220
Corydalis cava-type,Ranunculales,order,399
Corydalis cava-type,Papaveraceae,family,2422
Corydalis cava-type,Corydalis,genus,7576308
Lavandula,Plantae,kingdom,6
Lavandula,Tracheophyta,phylum,7707728
Lavandula,Magnoliopsida,class,220
Lavandula,Lamiales,order,408
Lavandula,Lamiaceae,family,2497
Lavandula,Lavandula,genus,2927302
Blackstonia,Plantae,kingdom,6
Blackstonia,Tracheophyta,phylum,7707728
Blackstonia,Magnoliopsida,class,220
Blackstonia,Gentianales,order,412
Blackstonia,Gentianaceae,family,2503
Blackstonia,Blackstonia,genus,6366885
Erica ciliaris,Plantae,kingdom,6
Erica ciliaris,Tracheophyta,phylum,7707728
Erica ciliaris,Magnoliopsida,class,220
Erica ciliaris,Ericales,order,1353
Erica ciliaris,Ericaceae,family,2505
Erica ciliaris,Erica,genus,2882780
Erica ciliaris,Erica ciliaris,species,5682320
Cardamine,Plantae,kingdom,6
Cardamine,Tracheophyta,phylum,7707728
Cardamine,Magnoliopsida,class,220
Cardamine,Brassicales,order,7225535
Cardamine,Brassicaceae,family,3112
Cardamine,Cardamine,genus,3045622
Chamaerops,Plantae,kingdom,6
Chamaerops,Tracheophyta,phylum,7707728
Chamaerops,Liliopsida,class,196
Chamaerops,Arecales,order,552
Chamaerops,Arecaceae,family,7681
Chamaerops,Chamaerops,genus,2736624
Ephedra cf. E. fragilis,Plantae,kingdom,6
Ephedra cf. E. fragilis,Tracheophyta,phylum,7707728
Ephedra cf. E. fragilis,Gnetopsida,class,282
Ephedra cf. E. fragilis,Ephedrales,order,424
Ephedra cf. E. fragilis,Ephedraceae,family,3114
Ephedra cf. E. fragilis,Ephedra,genus,2653237
Ephedra undiff.,Plantae,kingdom,6
Ephedra undiff.,Tracheophyta,phylum,7707728
Ephedra undiff.,Gnetopsida,class,282
Ephedra undiff.,Ephedrales,order,424
Ephedra undiff.,Ephedraceae,family,3114
Ephedra undiff.,Ephedra,genus,2653237
Falcaria,Animalia,kingdom,1
Falcaria,Arthropoda,phylum,54
Falcaria,Insecta,class,216
Falcaria,Lepidoptera,order,797
Falcaria,Drepanidae,family,7294
Falcaria,Falcaria,genus,1952001
Falcaria,Plantae,kingdom,6
Falcaria,Tracheophyta,phylum,7707728
Falcaria,Magnoliopsida,class,220
Falcaria,Apiales,order,1351
Falcaria,Apiaceae,family,6720
Falcaria,Falcaria,genus,3034533
Pinus halepensis,Plantae,kingdom,6
Pinus halepensis,Tracheophyta,phylum,7707728
Pinus halepensis,Pinopsida,class,194
Pinus halepensis,Pinales,order,640
Pinus halepensis,Pinaceae,family,3925
Pinus halepensis,Pinus,genus,2684241
Pinus halepensis,Pinus halepensis,species,5285604
Radiola,Plantae,kingdom,6
Radiola,Tracheophyta,phylum,7707728
Radiola,Magnoliopsida,class,220
Radiola,Malpighiales,order,1414
Radiola,Linaceae,family,2493
Radiola,Radiola,genus,2873843
Smilax,Plantae,kingdom,6
Smilax,Tracheophyta,phylum,7707728
Smilax,Liliopsida,class,196
Smilax,Liliales,order,1172
Smilax,Smilacaceae,family,7702
Smilax,Smilax,genus,2740627
Smilax,Animalia,kingdom,1
Smilax,Arthropoda,phylum,54
Smilax,Insecta,class,216
Smilax,Coleoptera,order,1470
Smilax,Staphylinidae,family,7854
Smilax,Smilax,genus,3262240
Thymelaea,Plantae,kingdom,6
Thymelaea,Tracheophyta,phylum,7707728
Thymelaea,Magnoliopsida,class,220
Thymelaea,Malvales,order,941
Thymelaea,Thymelaeaceae,family,2428
Thymelaea,Thymelaea,genus,7766225
Ziziphus,Plantae,kingdom,6
Ziziphus,Tracheophyta,phylum,7707728
Ziziphus,Magnoliopsida,class,220
Ziziphus,Rosales,order,691
Ziziphus,Rhamnaceae,family,2407
Ziziphus,Ziziphus,genus,3039411
Corrigiola litoralis,Plantae,kingdom,6
Corrigiola litoralis,Tracheophyta,phylum,7707728
Corrigiola litoralis,Magnoliopsida,class,220
Corrigiola litoralis,Caryophyllales,order,422
Corrigiola litoralis,Caryophyllaceae,family,2518
Corrigiola litoralis,Corrigiola,genus,5384679
Corrigiola litoralis,Corrigiola litoralis,species,5384680
Cyclamen purpurascens,Plantae,kingdom,6
Cyclamen purpurascens,Tracheophyta,phylum,7707728
Cyclamen purpurascens,Magnoliopsida,class,220
Cyclamen purpurascens,Ericales,order,1353
Cyclamen purpurascens,Primulaceae,family,6674
Cyclamen purpurascens,Cyclamen,genus,3169314
Cyclamen purpurascens,Cyclamen purpurascens,species,3169315
Adenostyles alliariae,Plantae,kingdom,6
Adenostyles alliariae,Tracheophyta,phylum,7707728
Adenostyles alliariae,Magnoliopsida,class,220
Adenostyles alliariae,Asterales,order,414
Adenostyles alliariae,Asteraceae,family,3065
Adenostyles alliariae,Adenostyles,genus,3133701
Adenostyles alliariae,Adenostyles alliariae,species,3133702
Anemone nemorosa group,Plantae,kingdom,6
Anemone nemorosa group,Tracheophyta,phylum,7707728
Anemone nemorosa group,Magnoliopsida,class,220
Anemone nemorosa group,Ranunculales,order,399
Anemone nemorosa group,Ranunculaceae,family,2410
Anemone nemorosa group,Anemone,genus,3016227
Anemone nemorosa group,Anemone nemorosa,species,3033263
Anthemis arvensis-type,Plantae,kingdom,6
Anthemis arvensis-type,Tracheophyta,phylum,7707728
Anthemis arvensis-type,Magnoliopsida,class,220
Anthemis arvensis-type,Asterales,order,414
Anthemis arvensis-type,Asteraceae,family,3065
Anthemis arvensis-type,Anthemis,genus,3122476
Gypsophila repens,Plantae,kingdom,6
Gypsophila repens,Tracheophyta,phylum,7707728
Gypsophila repens,Magnoliopsida,class,220
Gypsophila repens,Caryophyllales,order,422
Gypsophila repens,Caryophyllaceae,family,2518
Gypsophila repens,Gypsophila,genus,3085251
Gypsophila repens,Gypsophila repens,species,5384464
Petasites hybridus-type,Plantae,kingdom,6
Petasites hybridus-type,Tracheophyta,phylum,7707728
Petasites hybridus-type,Magnoliopsida,class,220
Petasites hybridus-type,Asterales,order,414
Petasites hybridus-type,Asteraceae,family,3065
Petasites hybridus-type,Petasites,genus,10717129
Primula clusiana-type,Plantae,kingdom,6
Primula clusiana-type,Tracheophyta,phylum,7707728
Primula clusiana-type,Magnoliopsida,class,220
Primula clusiana-type,Ericales,order,1353
Primula clusiana-type,Primulaceae,family,6674
Primula clusiana-type,Primula,genus,8026112
Ranunculus acris/R. flammula/R. sceleratus group,Plantae,kingdom,6
Ranunculus acris/R. flammula/R. sceleratus group,Tracheophyta,phylum,7707728
Ranunculus acris/R. flammula/R. sceleratus group,Magnoliopsida,class,220
Ranunculus acris/R. flammula/R. sceleratus group,Ranunculales,order,399
Ranunculus acris/R. flammula/R. sceleratus group,Ranunculaceae,family,2410
Ranunculus acris/R. flammula/R. sceleratus group,Ranunculus,genus,3033294
Androsace elongata-type,Plantae,kingdom,6
Androsace elongata-type,Tracheophyta,phylum,7707728
Androsace elongata-type,Magnoliopsida,class,220
Androsace elongata-type,Ericales,order,1353
Androsace elongata-type,Primulaceae,family,6674
Androsace elongata-type,Androsace,genus,3169318
Ribes uva-crispa,Plantae,kingdom,6
Ribes uva-crispa,Tracheophyta,phylum,7707728
Ribes uva-crispa,Magnoliopsida,class,220
Ribes uva-crispa,Saxifragales,order,7219248
Ribes uva-crispa,Grossulariaceae,family,2403
Ribes uva-crispa,Ribes,genus,2986095
Ribes uva-crispa,Ribes uva-crispa,species,2986185
Tripolium pannonicum subsp. tripolium-type,Plantae,kingdom,6
Tripolium pannonicum subsp. tripolium-type,Tracheophyta,phylum,7707728
Tripolium pannonicum subsp. tripolium-type,Magnoliopsida,class,220
Tripolium pannonicum subsp. tripolium-type,Asterales,order,414
Tripolium pannonicum subsp. tripolium-type,Asteraceae,family,3065
Tripolium pannonicum subsp. tripolium-type,Tripolium,genus,3098611
Tripolium pannonicum subsp. tripolium-type,Tripolium pannonicum,species,3098616
Triticum undiff.,Plantae,kingdom,6
Triticum undiff.,Tracheophyta,phylum,7707728
Triticum undiff.,Liliopsida,class,196
Triticum undiff.,Poales,order,1369
Triticum undiff.,Poaceae,family,3073
Triticum undiff.,Triticum,genus,2706388
Orthilia secunda,Plantae,kingdom,6
Orthilia secunda,Tracheophyta,phylum,7707728
Orthilia secunda,Magnoliopsida,class,220
Orthilia secunda,Ericales,order,1353
Orthilia secunda,Ericaceae,family,2505
Orthilia secunda,Orthilia,genus,2888309
Orthilia secunda,Orthilia secunda,species,2888310
Taraxacum officinale,Plantae,kingdom,6
Taraxacum officinale,Tracheophyta,phylum,7707728
Taraxacum officinale,Magnoliopsida,class,220
Taraxacum officinale,Asterales,order,414
Taraxacum officinale,Asteraceae,family,3065
Taraxacum officinale,Taraxacum,genus,7787708
Taraxacum officinale,Taraxacum officinale,species,5394163
"Caryophyllaceae (periporate, excluding Paronychioideae)",Plantae,kingdom,6
"Caryophyllaceae (periporate, excluding Paronychioideae)",Tracheophyta,phylum,7707728
"Caryophyllaceae (periporate, excluding Paronychioideae)",Magnoliopsida,class,220
"Caryophyllaceae (periporate, excluding Paronychioideae)",Caryophyllales,order,422
"Caryophyllaceae (periporate, excluding Paronychioideae)",Caryophyllaceae,family,2518
Juniperus communis-type,Plantae,kingdom,6
Juniperus communis-type,Tracheophyta,phylum,7707728
Juniperus communis-type,Pinopsida,class,194
Juniperus communis-type,Pinales,order,640
Juniperus communis-type,Cupressaceae,family,8144
Juniperus communis-type,Juniperus,genus,2684359
Cannabis sativa-type,Plantae,kingdom,6
Cannabis sativa-type,Tracheophyta,phylum,7707728
Cannabis sativa-type,Magnoliopsida,class,220
Cannabis sativa-type,Rosales,order,691
Cannabis sativa-type,Cannabaceae,family,2384
Cannabis sativa-type,Cannabis,genus,2984538
"Poaceae (Cerealia, 37-40 µm)",Plantae,kingdom,6
"Poaceae (Cerealia, 37-40 µm)",Tracheophyta,phylum,7707728
"Poaceae (Cerealia, 37-40 µm)",Liliopsida,class,196
"Poaceae (Cerealia, 37-40 µm)",Poales,order,1369
"Poaceae (Cerealia, 37-40 µm)",Poaceae,family,3073
"Poaceae (Cerealia, 40-50 µm)",Plantae,kingdom,6
"Poaceae (Cerealia, 40-50 µm)",Tracheophyta,phylum,7707728
"Poaceae (Cerealia, 40-50 µm)",Liliopsida,class,196
"Poaceae (Cerealia, 40-50 µm)",Poales,order,1369
"Poaceae (Cerealia, 40-50 µm)",Poaceae,family,3073
"Poaceae (Cerealia, >50 µm)",Plantae,kingdom,6
"Poaceae (Cerealia, >50 µm)",Tracheophyta,phylum,7707728
"Poaceae (Cerealia, >50 µm)",Liliopsida,class,196
"Poaceae (Cerealia, >50 µm)",Poales,order,1369
"Poaceae (Cerealia, >50 µm)",Poaceae,family,3073
Vicia faba,Plantae,kingdom,6
Vicia faba,Tracheophyta,phylum,7707728
Vicia faba,Magnoliopsida,class,220
Vicia faba,Fabales,order,1370
Vicia faba,Fabaceae,family,5386
Vicia faba,Vicia,genus,2974751
Vicia faba,Vicia faba,species,2974832
Festuca,Plantae,kingdom,6
Festuca,Tracheophyta,phylum,7707728
Festuca,Liliopsida,class,196
Festuca,Poales,order,1369
Festuca,Poaceae,family,3073
Festuca,Festuca,genus,2704913
Rosaceae (herbs) undiff.,Plantae,kingdom,6
Rosaceae (herbs) undiff.,Tracheophyta,phylum,7707728
Rosaceae (herbs) undiff.,Magnoliopsida,class,220
Rosaceae (herbs) undiff.,Rosales,order,691
Rosaceae (herbs) undiff.,Rosaceae,family,5015
Quercus faginea-type,Plantae,kingdom,6
Quercus faginea-type,Tracheophyta,phylum,7707728
Quercus faginea-type,Magnoliopsida,class,220
Quercus faginea-type,Fagales,order,1354
Quercus faginea-type,Fagaceae,family,4689
Quercus faginea-type,Quercus,genus,2877951
Scilla,Plantae,kingdom,6
Scilla,Tracheophyta,phylum,7707728
Scilla,Liliopsida,class,196
Scilla,Asparagales,order,1169
Scilla,Asparagaceae,family,7683
Scilla,Scilla,genus,9555189
Filago,Plantae,kingdom,6
Filago,Tracheophyta,phylum,7707728
Filago,Magnoliopsida,class,220
Filago,Asterales,order,414
Filago,Asteraceae,family,3065
Filago,Filago,genus,3115745
Ricinus communis,Plantae,kingdom,6
Ricinus communis,Tracheophyta,phylum,7707728
Ricinus communis,Magnoliopsida,class,220
Ricinus communis,Malpighiales,order,1414
Ricinus communis,Euphorbiaceae,family,4691
Ricinus communis,Ricinus,genus,9188216
Ricinus communis,Ricinus communis,species,5380041
Spartium junceum,Plantae,kingdom,6
Spartium junceum,Tracheophyta,phylum,7707728
Spartium junceum,Magnoliopsida,class,220
Spartium junceum,Fabales,order,1370
Spartium junceum,Fabaceae,family,5386
Spartium junceum,Spartium,genus,8109416
Spartium junceum,Spartium junceum,species,5355395
Moraceae,Plantae,kingdom,6
Moraceae,Tracheophyta,phylum,7707728
Moraceae,Magnoliopsida,class,220
Moraceae,Rosales,order,691
Moraceae,Moraceae,family,6640
Plantago cf. P. lanceolata,Plantae,kingdom,6
Plantago cf. P. lanceolata,Tracheophyta,phylum,7707728
Plantago cf. P. lanceolata,Magnoliopsida,class,220
Plantago cf. P. lanceolata,Lamiales,order,408
Plantago cf. P. lanceolata,Plantaginaceae,family,2420
Plantago cf. P. lanceolata,Plantago,genus,3189695
Rubus chamaemorus-type,Plantae,kingdom,6
Rubus chamaemorus-type,Tracheophyta,phylum,7707728
Rubus chamaemorus-type,Magnoliopsida,class,220
Rubus chamaemorus-type,Rosales,order,691
Rubus chamaemorus-type,Rosaceae,family,5015
Rubus chamaemorus-type,Rubus,genus,2988638
Cistus undiff.,Plantae,kingdom,6
Cistus undiff.,Tracheophyta,phylum,7707728
Cistus undiff.,Magnoliopsida,class,220
Cistus undiff.,Malvales,order,941
Cistus undiff.,Cistaceae,family,6635
Cistus undiff.,Cistus,genus,2874026
Quercus ilex/Q. coccifera-type,Plantae,kingdom,6
Quercus ilex/Q. coccifera-type,Tracheophyta,phylum,7707728
Quercus ilex/Q. coccifera-type,Magnoliopsida,class,220
Quercus ilex/Q. coccifera-type,Fagales,order,1354
Quercus ilex/Q. coccifera-type,Fagaceae,family,4689
Quercus ilex/Q. coccifera-type,Quercus,genus,2877951
Rubiaceae cf. Galium,Plantae,kingdom,6
Rubiaceae cf. Galium,Tracheophyta,phylum,7707728
Rubiaceae cf. Galium,Magnoliopsida,class,220
Rubiaceae cf. Galium,Gentianales,order,412
Rubiaceae cf. Galium,Rubiaceae,family,8798
Valeriana undiff.,Plantae,kingdom,6
Valeriana undiff.,Tracheophyta,phylum,7707728
Valeriana undiff.,Magnoliopsida,class,220
Valeriana undiff.,Dipsacales,order,946
Valeriana undiff.,Caprifoliaceae,family,6710
Valeriana undiff.,Valeriana,genus,2888741
Vitex agnus-castus,Plantae,kingdom,6
Vitex agnus-castus,Tracheophyta,phylum,7707728
Vitex agnus-castus,Magnoliopsida,class,220
Vitex agnus-castus,Lamiales,order,408
Vitex agnus-castus,Lamiaceae,family,2497
Vitex agnus-castus,Vitex,genus,2925556
Vitex agnus-castus,Vitex agnus-castus,species,2925562
Ephedra major-type,Plantae,kingdom,6
Ephedra major-type,Tracheophyta,phylum,7707728
Ephedra major-type,Gnetopsida,class,282
Ephedra major-type,Ephedrales,order,424
Ephedra major-type,Ephedraceae,family,3114
Ephedra major-type,Ephedra,genus,2653237
Roemeria,Plantae,kingdom,6
Roemeria,Tracheophyta,phylum,7707728
Roemeria,Magnoliopsida,class,220
Roemeria,Ranunculales,order,399
Roemeria,Papaveraceae,family,2422
Roemeria,Roemeria,genus,2888427
Ruta,Plantae,kingdom,6
Ruta,Tracheophyta,phylum,7707728
Ruta,Magnoliopsida,class,220
Ruta,Sapindales,order,933
Ruta,Rutaceae,family,2396
Ruta,Ruta,genus,3190380
Crocus,Plantae,kingdom,6
Crocus,Tracheophyta,phylum,7707728
Crocus,Liliopsida,class,196
Crocus,Asparagales,order,1169
Crocus,Iridaceae,family,7698
Crocus,Crocus,genus,2747303
Nerium,Plantae,kingdom,6
Nerium,Tracheophyta,phylum,7707728
Nerium,Magnoliopsida,class,220
Nerium,Gentianales,order,412
Nerium,Apocynaceae,family,6701
Nerium,Nerium,genus,3169755
Ephedra major subsp. major,Plantae,kingdom,6
Ephedra major subsp. major,Tracheophyta,phylum,7707728
Ephedra major subsp. major,Gnetopsida,class,282
Ephedra major subsp. major,Ephedrales,order,424
Ephedra major subsp. major,Ephedraceae,family,3114
Ephedra major subsp. major,Ephedra,genus,2653237
Ephedra major subsp. major,Ephedra foeminea,species,2653458
Ephedra major subsp. major,Ephedra major major,subspecies,7230738
Pinus nigra-type,Plantae,kingdom,6
Pinus nigra-type,Tracheophyta,phylum,7707728
Pinus nigra-type,Pinopsida,class,194
Pinus nigra-type,Pinales,order,640
Pinus nigra-type,Pinaceae,family,3925
Pinus nigra-type,Pinus,genus,2684241
Lygeum,Plantae,kingdom,6
Lygeum,Tracheophyta,phylum,7707728
Lygeum,Liliopsida,class,196
Lygeum,Poales,order,1369
Lygeum,Poaceae,family,3073
Lygeum,Lygeum,genus,7719175
Myrtaceae,Plantae,kingdom,6
Myrtaceae,Tracheophyta,phylum,7707728
Myrtaceae,Magnoliopsida,class,220
Myrtaceae,Myrtales,order,690
Myrtaceae,Myrtaceae,family,5014
Balsaminaceae,Plantae,kingdom,6
Balsaminaceae,Tracheophyta,phylum,7707728
Balsaminaceae,Magnoliopsida,class,220
Balsaminaceae,Ericales,order,1353
Balsaminaceae,Balsaminaceae,family,6699
Cotoneaster,Plantae,kingdom,6
Cotoneaster,Tracheophyta,phylum,7707728
Cotoneaster,Magnoliopsida,class,220
Cotoneaster,Rosales,order,691
Cotoneaster,Rosaceae,family,5015
Cotoneaster,Cotoneaster,genus,3025563
Ficaria,Plantae,kingdom,6
Ficaria,Tracheophyta,phylum,7707728
Ficaria,Magnoliopsida,class,220
Ficaria,Ranunculales,order,399
Ficaria,Ranunculaceae,family,2410
Ficaria,Ficaria,genus,3234342
Helianthemum marifolium,Plantae,kingdom,6
Helianthemum marifolium,Tracheophyta,phylum,7707728
Helianthemum marifolium,Magnoliopsida,class,220
Helianthemum marifolium,Malvales,order,941
Helianthemum marifolium,Cistaceae,family,6635
Helianthemum marifolium,Helianthemum,genus,2874068
Helianthemum marifolium,Helianthemum marifolium,species,7331330
Hyoscyamus,Plantae,kingdom,6
Hyoscyamus,Tracheophyta,phylum,7707728
Hyoscyamus,Magnoliopsida,class,220
Hyoscyamus,Solanales,order,1176
Hyoscyamus,Solanaceae,family,7717
Hyoscyamus,Hyoscyamus,genus,2928976
Lotus undiff.,Plantae,kingdom,6
Lotus undiff.,Tracheophyta,phylum,7707728
Lotus undiff.,Magnoliopsida,class,220
Lotus undiff.,Fabales,order,1370
Lotus undiff.,Fabaceae,family,5386
Lotus undiff.,Lotus,genus,10220564
Malvaceae undiff.,Plantae,kingdom,6
Malvaceae undiff.,Tracheophyta,phylum,7707728
Malvaceae undiff.,Magnoliopsida,class,220
Malvaceae undiff.,Malvales,order,941
Malvaceae undiff.,Malvaceae,family,6685
Phacelia,Plantae,kingdom,6
Phacelia,Tracheophyta,phylum,7707728
Phacelia,Magnoliopsida,class,220
Phacelia,Boraginales,order,7226464
Phacelia,Hydrophyllaceae,family,2387
Phacelia,Phacelia,genus,8988077
Poaceae (>37 µm),Plantae,kingdom,6
Poaceae (>37 µm),Tracheophyta,phylum,7707728
Poaceae (>37 µm),Liliopsida,class,196
Poaceae (>37 µm),Poales,order,1369
Poaceae (>37 µm),Poaceae,family,3073
Primula elatior-type,Plantae,kingdom,6
Primula elatior-type,Tracheophyta,phylum,7707728
Primula elatior-type,Magnoliopsida,class,220
Primula elatior-type,Ericales,order,1353
Primula elatior-type,Primulaceae,family,6674
Primula elatior-type,Primula,genus,8026112
Sagina apetala-type,Plantae,kingdom,6
Sagina apetala-type,Tracheophyta,phylum,7707728
Sagina apetala-type,Magnoliopsida,class,220
Sagina apetala-type,Caryophyllales,order,422
Sagina apetala-type,Caryophyllaceae,family,2518
Sagina apetala-type,Sagina,genus,3085387
Saponaria,Plantae,kingdom,6
Saponaria,Tracheophyta,phylum,7707728
Saponaria,Magnoliopsida,class,220
Saponaria,Caryophyllales,order,422
Saponaria,Caryophyllaceae,family,2518
Saponaria,Saponaria,genus,3085356
Scrophularia nodosa-type,Plantae,kingdom,6
Scrophularia nodosa-type,Tracheophyta,phylum,7707728
Scrophularia nodosa-type,Magnoliopsida,class,220
Scrophularia nodosa-type,Lamiales,order,408
Scrophularia nodosa-type,Scrophulariaceae,family,2390
Scrophularia nodosa-type,Scrophularia,genus,3170861
Viola odorata-type,Animalia,kingdom,1
Viola odorata-type,Arthropoda,phylum,54
Viola odorata-type,Insecta,class,216
Viola odorata-type,Lepidoptera,order,797
Viola odorata-type,Hesperiidae,family,6953
Viola odorata-type,Viola,genus,1944973
Viola odorata-type,Plantae,kingdom,6
Viola odorata-type,Tracheophyta,phylum,7707728
Viola odorata-type,Magnoliopsida,class,220
Viola odorata-type,Malpighiales,order,1414
Viola odorata-type,Violaceae,family,6631
Viola odorata-type,Viola,genus,2874237
Alchemilla pentaphyllea,Plantae,kingdom,6
Alchemilla pentaphyllea,Tracheophyta,phylum,7707728
Alchemilla pentaphyllea,Magnoliopsida,class,220
Alchemilla pentaphyllea,Rosales,order,691
Alchemilla pentaphyllea,Rosaceae,family,5015
Alchemilla pentaphyllea,Alchemilla,genus,3027437
Alchemilla pentaphyllea,Alchemilla pentaphyllea,species,3028493
Hypericum elodes-type,Plantae,kingdom,6
Hypericum elodes-type,Tracheophyta,phylum,7707728
Hypericum elodes-type,Magnoliopsida,class,220
Hypericum elodes-type,Malpighiales,order,1414
Hypericum elodes-type,Hypericaceae,family,4900406
Hypericum elodes-type,Hypericum,genus,3189452
Lupinus,Plantae,kingdom,6
Lupinus,Tracheophyta,phylum,7707728
Lupinus,Magnoliopsida,class,220
Lupinus,Fabales,order,1370
Lupinus,Fabaceae,family,5386
Lupinus,Lupinus,genus,2963774
Ailanthus altissima,Plantae,kingdom,6
Ailanthus altissima,Tracheophyta,phylum,7707728
Ailanthus altissima,Magnoliopsida,class,220
Ailanthus altissima,Sapindales,order,933
Ailanthus altissima,Simaroubaceae,family,2395
Ailanthus altissima,Ailanthus,genus,3190652
Ailanthus altissima,Ailanthus altissima,species,3190653
Angelica archangelica,Plantae,kingdom,6
Angelica archangelica,Tracheophyta,phylum,7707728
Angelica archangelica,Magnoliopsida,class,220
Angelica archangelica,Apiales,order,1351
Angelica archangelica,Apiaceae,family,6720
Angelica archangelica,Angelica,genus,3034560
Angelica archangelica,Angelica archangelica,species,5371808
Anthericum liliago,Plantae,kingdom,6
Anthericum liliago,Tracheophyta,phylum,7707728
Anthericum liliago,Liliopsida,class,196
Anthericum liliago,Asparagales,order,1169
Anthericum liliago,Asparagaceae,family,7683
Anthericum liliago,Anthericum,genus,2741565
Anthericum liliago,Anthericum liliago,species,2773902
Anthriscus cerefolium,Plantae,kingdom,6
Anthriscus cerefolium,Tracheophyta,phylum,7707728
Anthriscus cerefolium,Magnoliopsida,class,220
Anthriscus cerefolium,Apiales,order,1351
Anthriscus cerefolium,Apiaceae,family,6720
Anthriscus cerefolium,Anthriscus,genus,5371741
Anthriscus cerefolium,Anthriscus cerefolium,species,5371746
Arctium lappa-type,Plantae,kingdom,6
Arctium lappa-type,Tracheophyta,phylum,7707728
Arctium lappa-type,Magnoliopsida,class,220
Arctium lappa-type,Asterales,order,414
Arctium lappa-type,Asteraceae,family,3065
Arctium lappa-type,Arctium,genus,8106066
Campanula rapunculoides,Plantae,kingdom,6
Campanula rapunculoides,Tracheophyta,phylum,7707728
Campanula rapunculoides,Magnoliopsida,class,220
Campanula rapunculoides,Asterales,order,414
Campanula rapunculoides,Campanulaceae,family,8801
Campanula rapunculoides,Campanula,genus,3161935
Campanula rapunculoides,Campanula rapunculoides,species,5410436
Cicer arietinum,Plantae,kingdom,6
Cicer arietinum,Tracheophyta,phylum,7707728
Cicer arietinum,Magnoliopsida,class,220
Cicer arietinum,Fabales,order,1370
Cicer arietinum,Fabaceae,family,5386
Cicer arietinum,Cicer,genus,2947292
Cicer arietinum,Cicer arietinum,species,2947311
Colchicum autumnale,Plantae,kingdom,6
Colchicum autumnale,Tracheophyta,phylum,7707728
Colchicum autumnale,Liliopsida,class,196
Colchicum autumnale,Liliales,order,1172
Colchicum autumnale,Colchicaceae,family,7697
Colchicum autumnale,Colchicum,genus,2739608
Colchicum autumnale,Colchicum autumnale,species,2739622
Geranium molle group,Plantae,kingdom,6
Geranium molle group,Tracheophyta,phylum,7707728
Geranium molle group,Magnoliopsida,class,220
Geranium molle group,Geraniales,order,624
Geranium molle group,Geraniaceae,family,4676
Geranium molle group,Geranium,genus,2889949
Geranium molle group,Geranium molle,species,2891488
Geranium pratense group,Plantae,kingdom,6
Geranium pratense group,Tracheophyta,phylum,7707728
Geranium pratense group,Magnoliopsida,class,220
Geranium pratense group,Geraniales,order,624
Geranium pratense group,Geraniaceae,family,4676
Geranium pratense group,Geranium,genus,2889949
Geranium pratense group,Geranium pratense,species,2891304
Hyoscyamus niger,Plantae,kingdom,6
Hyoscyamus niger,Tracheophyta,phylum,7707728
Hyoscyamus niger,Magnoliopsida,class,220
Hyoscyamus niger,Solanales,order,1176
Hyoscyamus niger,Solanaceae,family,7717
Hyoscyamus niger,Hyoscyamus,genus,2928976
Hyoscyamus niger,Hyoscyamus niger,species,2928978
Larix decidua-type,Plantae,kingdom,6
Larix decidua-type,Tracheophyta,phylum,7707728
Larix decidua-type,Pinopsida,class,194
Larix decidua-type,Pinales,order,640
Larix decidua-type,Pinaceae,family,3925
Larix decidua-type,Larix,genus,2686156
Magnoliaceae,Plantae,kingdom,6
Magnoliaceae,Tracheophyta,phylum,7707728
Magnoliaceae,Magnoliopsida,class,220
Magnoliaceae,Magnoliales,order,718
Magnoliaceae,Magnoliaceae,family,4690
Medicago lupulina-type,Plantae,kingdom,6
Medicago lupulina-type,Tracheophyta,phylum,7707728
Medicago lupulina-type,Magnoliopsida,class,220
Medicago lupulina-type,Fabales,order,1370
Medicago lupulina-type,Fabaceae,family,5386
Medicago lupulina-type,Medicago,genus,2965200
Medicago sativa-type,Plantae,kingdom,6
Medicago sativa-type,Tracheophyta,phylum,7707728
Medicago sativa-type,Magnoliopsida,class,220
Medicago sativa-type,Fabales,order,1370
Medicago sativa-type,Fabaceae,family,5386
Medicago sativa-type,Medicago,genus,2965200
Polygala comosa-type,Plantae,kingdom,6
Polygala comosa-type,Tracheophyta,phylum,7707728
Polygala comosa-type,Magnoliopsida,class,220
Polygala comosa-type,Fabales,order,1370
Polygala comosa-type,Polygalaceae,family,2417
Polygala comosa-type,Polygala,genus,3191366
Polygonatum odoratum-type,Plantae,kingdom,6
Polygonatum odoratum-type,Tracheophyta,phylum,7707728
Polygonatum odoratum-type,Liliopsida,class,196
Polygonatum odoratum-type,Asparagales,order,1169
Polygonatum odoratum-type,Asparagaceae,family,7683
Polygonatum odoratum-type,Polygonatum,genus,2769995
Rubus undiff.,Plantae,kingdom,6
Rubus undiff.,Tracheophyta,phylum,7707728
Rubus undiff.,Magnoliopsida,class,220
Rubus undiff.,Rosales,order,691
Rubus undiff.,Rosaceae,family,5015
Rubus undiff.,Rubus,genus,2988638
Salvia pratensis-type,Plantae,kingdom,6
Salvia pratensis-type,Tracheophyta,phylum,7707728
Salvia pratensis-type,Magnoliopsida,class,220
Salvia pratensis-type,Lamiales,order,408
Salvia pratensis-type,Lamiaceae,family,2497
Salvia pratensis-type,Salvia,genus,2926981
Vicia hirsuta/V. tetrasperma,Plantae,kingdom,6
Vicia hirsuta/V. tetrasperma,Tracheophyta,phylum,7707728
Vicia hirsuta/V. tetrasperma,Magnoliopsida,class,220
Vicia hirsuta/V. tetrasperma,Fabales,order,1370
Vicia hirsuta/V. tetrasperma,Fabaceae,family,5386
Vicia hirsuta/V. tetrasperma,Vicia,genus,2974751
Lysimachia nemorum-type,Plantae,kingdom,6
Lysimachia nemorum-type,Tracheophyta,phylum,7707728
Lysimachia nemorum-type,Magnoliopsida,class,220
Lysimachia nemorum-type,Ericales,order,1353
Lysimachia nemorum-type,Primulaceae,family,6674
Lysimachia nemorum-type,Lysimachia,genus,3169330
Caprifoliaceae undiff.,Plantae,kingdom,6
Caprifoliaceae undiff.,Tracheophyta,phylum,7707728
Caprifoliaceae undiff.,Magnoliopsida,class,220
Caprifoliaceae undiff.,Dipsacales,order,946
Caprifoliaceae undiff.,Caprifoliaceae,family,6710
Asteraceae undiff. (type 2),Plantae,kingdom,6
Asteraceae undiff. (type 2),Tracheophyta,phylum,7707728
Asteraceae undiff. (type 2),Magnoliopsida,class,220
Asteraceae undiff. (type 2),Asterales,order,414
Asteraceae undiff. (type 2),Asteraceae,family,3065
Asteraceae (echinate),Plantae,kingdom,6
Asteraceae (echinate),Tracheophyta,phylum,7707728
Asteraceae (echinate),Magnoliopsida,class,220
Asteraceae (echinate),Asterales,order,414
Asteraceae (echinate),Asteraceae,family,3065
Cedrus atlantica,Plantae,kingdom,6
Cedrus atlantica,Tracheophyta,phylum,7707728
Cedrus atlantica,Pinopsida,class,194
Cedrus atlantica,Pinales,order,640
Cedrus atlantica,Pinaceae,family,3925
Cedrus atlantica,Cedrus,genus,2685742
Cedrus atlantica,Cedrus atlantica,species,5284702
Cupressus,Plantae,kingdom,6
Cupressus,Tracheophyta,phylum,7707728
Cupressus,Pinopsida,class,194
Cupressus,Pinales,order,640
Cupressus,Cupressaceae,family,8144
Cupressus,Cupressus,genus,10225588
Daphne gnidium,Plantae,kingdom,6
Daphne gnidium,Tracheophyta,phylum,7707728
Daphne gnidium,Magnoliopsida,class,220
Daphne gnidium,Malvales,order,941
Daphne gnidium,Thymelaeaceae,family,2428
Daphne gnidium,Daphne,genus,3188453
Daphne gnidium,Daphne gnidium,species,7311306
Quercus canariensis/Q. pyrenaica,Plantae,kingdom,6
Quercus canariensis/Q. pyrenaica,Tracheophyta,phylum,7707728
Quercus canariensis/Q. pyrenaica,Magnoliopsida,class,220
Quercus canariensis/Q. pyrenaica,Fagales,order,1354
Quercus canariensis/Q. pyrenaica,Fagaceae,family,4689
Quercus canariensis/Q. pyrenaica,Quercus,genus,2877951
Quercus ilex/Q. coccifera,Plantae,kingdom,6
Quercus ilex/Q. coccifera,Tracheophyta,phylum,7707728
Quercus ilex/Q. coccifera,Magnoliopsida,class,220
Quercus ilex/Q. coccifera,Fagales,order,1354
Quercus ilex/Q. coccifera,Fagaceae,family,4689
Quercus ilex/Q. coccifera,Quercus,genus,2877951
Pinguicula cf. P. vulgaris,Plantae,kingdom,6
Pinguicula cf. P. vulgaris,Tracheophyta,phylum,7707728
Pinguicula cf. P. vulgaris,Magnoliopsida,class,220
Pinguicula cf. P. vulgaris,Lamiales,order,408
Pinguicula cf. P. vulgaris,Lentibulariaceae,family,2391
Pinguicula cf. P. vulgaris,Pinguicula,genus,3172450
Scleranthus cf. S. perennis,Plantae,kingdom,6
Scleranthus cf. S. perennis,Tracheophyta,phylum,7707728
Scleranthus cf. S. perennis,Magnoliopsida,class,220
Scleranthus cf. S. perennis,Caryophyllales,order,422
Scleranthus cf. S. perennis,Caryophyllaceae,family,2518
Scleranthus cf. S. perennis,Scleranthus,genus,3085893
Asperula,Plantae,kingdom,6
Asperula,Tracheophyta,phylum,7707728
Asperula,Magnoliopsida,class,220
Asperula,Gentianales,order,412
Asperula,Rubiaceae,family,8798
Asperula,Asperula,genus,2916597
Centaurium erythraea,Plantae,kingdom,6
Centaurium erythraea,Tracheophyta,phylum,7707728
Centaurium erythraea,Magnoliopsida,class,220
Centaurium erythraea,Gentianales,order,412
Centaurium erythraea,Gentianaceae,family,2503
Centaurium erythraea,Centaurium,genus,7412173
Centaurium erythraea,Centaurium erythraea,species,5414457
Fumaria officinalis,Plantae,kingdom,6
Fumaria officinalis,Tracheophyta,phylum,7707728
Fumaria officinalis,Magnoliopsida,class,220
Fumaria officinalis,Ranunculales,order,399
Fumaria officinalis,Papaveraceae,family,2422
Fumaria officinalis,Fumaria,genus,2888567
Fumaria officinalis,Fumaria officinalis,species,5334217
Theligonum,Plantae,kingdom,6
Theligonum,Tracheophyta,phylum,7707728
Theligonum,Magnoliopsida,class,220
Theligonum,Gentianales,order,412
Theligonum,Rubiaceae,family,8798
Theligonum,Theligonum,genus,2919291
Taraxacum,Plantae,kingdom,6
Taraxacum,Tracheophyta,phylum,7707728
Taraxacum,Magnoliopsida,class,220
Taraxacum,Asterales,order,414
Taraxacum,Asteraceae,family,3065
Taraxacum,Taraxacum,genus,7787708
Alnus subg. Alnobetula,Plantae,kingdom,6
Alnus subg. Alnobetula,Tracheophyta,phylum,7707728
Alnus subg. Alnobetula,Magnoliopsida,class,220
Alnus subg. Alnobetula,Fagales,order,1354
Alnus subg. Alnobetula,Betulaceae,family,4688
Alnus subg. Alnobetula,Alnus,genus,2876099
Carpinus betulus-type,Plantae,kingdom,6
Carpinus betulus-type,Tracheophyta,phylum,7707728
Carpinus betulus-type,Magnoliopsida,class,220
Carpinus betulus-type,Fagales,order,1354
Carpinus betulus-type,Betulaceae,family,4688
Carpinus betulus-type,Carpinus,genus,2875770
Aristolochia,Plantae,kingdom,6
Aristolochia,Tracheophyta,phylum,7707728
Aristolochia,Magnoliopsida,class,220
Aristolochia,Piperales,order,404
Aristolochia,Aristolochiaceae,family,3066
Aristolochia,Aristolochia,genus,2873978
Orobanchaceae,Plantae,kingdom,6
Orobanchaceae,Tracheophyta,phylum,7707728
Orobanchaceae,Magnoliopsida,class,220
Orobanchaceae,Lamiales,order,408
Orobanchaceae,Orobanchaceae,family,6651
Quercus faginea,Plantae,kingdom,6
Quercus faginea,Tracheophyta,phylum,7707728
Quercus faginea,Magnoliopsida,class,220
Quercus faginea,Fagales,order,1354
Quercus faginea,Fagaceae,family,4689
Quercus faginea,Quercus,genus,2877951
Quercus faginea,Quercus faginea,species,2881480
Anagallis arvensis-type,Plantae,kingdom,6
Anagallis arvensis-type,Tracheophyta,phylum,7707728
Anagallis arvensis-type,Magnoliopsida,class,220
Anagallis arvensis-type,Ericales,order,1353
Anagallis arvensis-type,Primulaceae,family,6674
Anagallis arvensis-type,Lysimachia,genus,3169330
Cichorium intybus-type,Plantae,kingdom,6
Cichorium intybus-type,Tracheophyta,phylum,7707728
Cichorium intybus-type,Magnoliopsida,class,220
Cichorium intybus-type,Asterales,order,414
Cichorium intybus-type,Asteraceae,family,3065
Cichorium intybus-type,Cichorium,genus,3106707
Poaceae (annulus 10-12 µm),Plantae,kingdom,6
Poaceae (annulus 10-12 µm),Tracheophyta,phylum,7707728
Poaceae (annulus 10-12 µm),Liliopsida,class,196
Poaceae (annulus 10-12 µm),Poales,order,1369
Poaceae (annulus 10-12 µm),Poaceae,family,3073
Cornus suecica-type,Plantae,kingdom,6
Cornus suecica-type,Tracheophyta,phylum,7707728
Cornus suecica-type,Magnoliopsida,class,220
Cornus suecica-type,Cornales,order,949
Cornus suecica-type,Cornaceae,family,6713
Cornus suecica-type,Cornus,genus,3082226
Malus sylvestris,Plantae,kingdom,6
Malus sylvestris,Tracheophyta,phylum,7707728
Malus sylvestris,Magnoliopsida,class,220
Malus sylvestris,Rosales,order,691
Malus sylvestris,Rosaceae,family,5015
Malus sylvestris,Malus,genus,3001068
Malus sylvestris,Malus sylvestris,species,3001509
Poterium sanguisorba subsp. sanguisorba,Plantae,kingdom,6
Poterium sanguisorba subsp. sanguisorba,Tracheophyta,phylum,7707728
Poterium sanguisorba subsp. sanguisorba,Magnoliopsida,class,220
Poterium sanguisorba subsp. sanguisorba,Rosales,order,691
Poterium sanguisorba subsp. sanguisorba,Rosaceae,family,5015
Poterium sanguisorba subsp. sanguisorba,Poterium,genus,3001016
Poterium sanguisorba subsp. sanguisorba,Poterium sanguisorba,species,5364245
Poterium sanguisorba subsp. sanguisorba,Poterium sanguisorba sanguisorba,subspecies,7220805
Narcissus,Plantae,kingdom,6
Narcissus,Tracheophyta,phylum,7707728
Narcissus,Liliopsida,class,196
Narcissus,Asparagales,order,1169
Narcissus,Amaryllidaceae,family,7682
Narcissus,Narcissus,genus,2858200
Cistaceae undiff.,Plantae,kingdom,6
Cistaceae undiff.,Tracheophyta,phylum,7707728
Cistaceae undiff.,Magnoliopsida,class,220
Cistaceae undiff.,Malvales,order,941
Cistaceae undiff.,Cistaceae,family,6635
Amaranthaceae (broken),Plantae,kingdom,6
Amaranthaceae (broken),Tracheophyta,phylum,7707728
Amaranthaceae (broken),Magnoliopsida,class,220
Amaranthaceae (broken),Caryophyllales,order,422
Amaranthaceae (broken),Amaranthaceae,family,3064
Amaranthaceae (crumpled),Plantae,kingdom,6
Amaranthaceae (crumpled),Tracheophyta,phylum,7707728
Amaranthaceae (crumpled),Magnoliopsida,class,220
Amaranthaceae (crumpled),Caryophyllales,order,422
Amaranthaceae (crumpled),Amaranthaceae,family,3064
Asteraceae undiff. (broken),Plantae,kingdom,6
Asteraceae undiff. (broken),Tracheophyta,phylum,7707728
Asteraceae undiff. (broken),Magnoliopsida,class,220
Asteraceae undiff. (broken),Asterales,order,414
Asteraceae undiff. (broken),Asteraceae,family,3065
Asteraceae undiff. (crumpled),Plantae,kingdom,6
Asteraceae undiff. (crumpled),Tracheophyta,phylum,7707728
Asteraceae undiff. (crumpled),Magnoliopsida,class,220
Asteraceae undiff. (crumpled),Asterales,order,414
Asteraceae undiff. (crumpled),Asteraceae,family,3065
Cedrus (broken),Plantae,kingdom,6
Cedrus (broken),Tracheophyta,phylum,7707728
Cedrus (broken),Pinopsida,class,194
Cedrus (broken),Pinales,order,640
Cedrus (broken),Pinaceae,family,3925
Cedrus (broken),Cedrus,genus,2685742
Cedrus (crumpled),Plantae,kingdom,6
Cedrus (crumpled),Tracheophyta,phylum,7707728
Cedrus (crumpled),Pinopsida,class,194
Cedrus (crumpled),Pinales,order,640
Cedrus (crumpled),Pinaceae,family,3925
Cedrus (crumpled),Cedrus,genus,2685742
Cedrus (degraded),Plantae,kingdom,6
Cedrus (degraded),Tracheophyta,phylum,7707728
Cedrus (degraded),Pinopsida,class,194
Cedrus (degraded),Pinales,order,640
Cedrus (degraded),Pinaceae,family,3925
Cedrus (degraded),Cedrus,genus,2685742
Cyperaceae (broken),Plantae,kingdom,6
Cyperaceae (broken),Tracheophyta,phylum,7707728
Cyperaceae (broken),Liliopsida,class,196
Cyperaceae (broken),Poales,order,1369
Cyperaceae (broken),Cyperaceae,family,7708
Cyperaceae (corroded),Plantae,kingdom,6
Cyperaceae (corroded),Tracheophyta,phylum,7707728
Cyperaceae (corroded),Liliopsida,class,196
Cyperaceae (corroded),Poales,order,1369
Cyperaceae (corroded),Cyperaceae,family,7708
Cyperaceae (crumpled),Plantae,kingdom,6
Cyperaceae (crumpled),Tracheophyta,phylum,7707728
Cyperaceae (crumpled),Liliopsida,class,196
Cyperaceae (crumpled),Poales,order,1369
Cyperaceae (crumpled),Cyperaceae,family,7708
Cyperaceae (degraded),Plantae,kingdom,6
Cyperaceae (degraded),Tracheophyta,phylum,7707728
Cyperaceae (degraded),Liliopsida,class,196
Cyperaceae (degraded),Poales,order,1369
Cyperaceae (degraded),Cyperaceae,family,7708
Fraxinus ornus-type,Plantae,kingdom,6
Fraxinus ornus-type,Tracheophyta,phylum,7707728
Fraxinus ornus-type,Magnoliopsida,class,220
Fraxinus ornus-type,Lamiales,order,408
Fraxinus ornus-type,Oleaceae,family,6652
Fraxinus ornus-type,Fraxinus,genus,3172323
Oleaceae (broken),Plantae,kingdom,6
Oleaceae (broken),Tracheophyta,phylum,7707728
Oleaceae (broken),Magnoliopsida,class,220
Oleaceae (broken),Lamiales,order,408
Oleaceae (broken),Oleaceae,family,6652
Oleaceae (crumpled),Plantae,kingdom,6
Oleaceae (crumpled),Tracheophyta,phylum,7707728
Oleaceae (crumpled),Magnoliopsida,class,220
Oleaceae (crumpled),Lamiales,order,408
Oleaceae (crumpled),Oleaceae,family,6652
Oleaceae (obscured),Plantae,kingdom,6
Oleaceae (obscured),Tracheophyta,phylum,7707728
Oleaceae (obscured),Magnoliopsida,class,220
Oleaceae (obscured),Lamiales,order,408
Oleaceae (obscured),Oleaceae,family,6652
Pinaceae (broken),Plantae,kingdom,6
Pinaceae (broken),Tracheophyta,phylum,7707728
Pinaceae (broken),Pinopsida,class,194
Pinaceae (broken),Pinales,order,640
Pinaceae (broken),Pinaceae,family,3925
Pinaceae (corroded),Plantae,kingdom,6
Pinaceae (corroded),Tracheophyta,phylum,7707728
Pinaceae (corroded),Pinopsida,class,194
Pinaceae (corroded),Pinales,order,640
Pinaceae (corroded),Pinaceae,family,3925
Pinaceae (crumpled),Plantae,kingdom,6
Pinaceae (crumpled),Tracheophyta,phylum,7707728
Pinaceae (crumpled),Pinopsida,class,194
Pinaceae (crumpled),Pinales,order,640
Pinaceae (crumpled),Pinaceae,family,3925
Pinaceae (degraded),Plantae,kingdom,6
Pinaceae (degraded),Tracheophyta,phylum,7707728
Pinaceae (degraded),Pinopsida,class,194
Pinaceae (degraded),Pinales,order,640
Pinaceae (degraded),Pinaceae,family,3925
Pinaceae (obscured),Plantae,kingdom,6
Pinaceae (obscured),Tracheophyta,phylum,7707728
Pinaceae (obscured),Pinopsida,class,194
Pinaceae (obscured),Pinales,order,640
Pinaceae (obscured),Pinaceae,family,3925
Pinus (broken),Plantae,kingdom,6
Pinus (broken),Tracheophyta,phylum,7707728
Pinus (broken),Pinopsida,class,194
Pinus (broken),Pinales,order,640
Pinus (broken),Pinaceae,family,3925
Pinus (broken),Pinus,genus,2684241
Pinus (corroded),Plantae,kingdom,6
Pinus (corroded),Tracheophyta,phylum,7707728
Pinus (corroded),Pinopsida,class,194
Pinus (corroded),Pinales,order,640
Pinus (corroded),Pinaceae,family,3925
Pinus (corroded),Pinus,genus,2684241
Pinus (crumpled),Plantae,kingdom,6
Pinus (crumpled),Tracheophyta,phylum,7707728
Pinus (crumpled),Pinopsida,class,194
Pinus (crumpled),Pinales,order,640
Pinus (crumpled),Pinaceae,family,3925
Pinus (crumpled),Pinus,genus,2684241
Pinus (degraded),Plantae,kingdom,6
Pinus (degraded),Tracheophyta,phylum,7707728
Pinus (degraded),Pinopsida,class,194
Pinus (degraded),Pinales,order,640
Pinus (degraded),Pinaceae,family,3925
Pinus (degraded),Pinus,genus,2684241
Pinus (fragmented),Plantae,kingdom,6
Pinus (fragmented),Tracheophyta,phylum,7707728
Pinus (fragmented),Pinopsida,class,194
Pinus (fragmented),Pinales,order,640
Pinus (fragmented),Pinaceae,family,3925
Pinus (fragmented),Pinus,genus,2684241
Poaceae (broken),Plantae,kingdom,6
Poaceae (broken),Tracheophyta,phylum,7707728
Poaceae (broken),Liliopsida,class,196
Poaceae (broken),Poales,order,1369
Poaceae (broken),Poaceae,family,3073
"Poaceae (Cerealia-type, broken)",Plantae,kingdom,6
"Poaceae (Cerealia-type, broken)",Tracheophyta,phylum,7707728
"Poaceae (Cerealia-type, broken)",Liliopsida,class,196
"Poaceae (Cerealia-type, broken)",Poales,order,1369
"Poaceae (Cerealia-type, broken)",Poaceae,family,3073
"Poaceae (Cerealia-type, corroded)",Plantae,kingdom,6
"Poaceae (Cerealia-type, corroded)",Tracheophyta,phylum,7707728
"Poaceae (Cerealia-type, corroded)",Liliopsida,class,196
"Poaceae (Cerealia-type, corroded)",Poales,order,1369
"Poaceae (Cerealia-type, corroded)",Poaceae,family,3073
"Poaceae (Cerealia-type, crumpled)",Plantae,kingdom,6
"Poaceae (Cerealia-type, crumpled)",Tracheophyta,phylum,7707728
"Poaceae (Cerealia-type, crumpled)",Liliopsida,class,196
"Poaceae (Cerealia-type, crumpled)",Poales,order,1369
"Poaceae (Cerealia-type, crumpled)",Poaceae,family,3073
Poaceae (corroded),Plantae,kingdom,6
Poaceae (corroded),Tracheophyta,phylum,7707728
Poaceae (corroded),Liliopsida,class,196
Poaceae (corroded),Poales,order,1369
Poaceae (corroded),Poaceae,family,3073
Poaceae (crumpled),Plantae,kingdom,6
Poaceae (crumpled),Tracheophyta,phylum,7707728
Poaceae (crumpled),Liliopsida,class,196
Poaceae (crumpled),Poales,order,1369
Poaceae (crumpled),Poaceae,family,3073
Poaceae (degraded),Plantae,kingdom,6
Poaceae (degraded),Tracheophyta,phylum,7707728
Poaceae (degraded),Liliopsida,class,196
Poaceae (degraded),Poales,order,1369
Poaceae (degraded),Poaceae,family,3073
Quercus coccifera-type,Plantae,kingdom,6
Quercus coccifera-type,Tracheophyta,phylum,7707728
Quercus coccifera-type,Magnoliopsida,class,220
Quercus coccifera-type,Fagales,order,1354
Quercus coccifera-type,Fagaceae,family,4689
Quercus coccifera-type,Quercus,genus,2877951
Quercus coccifera-type (broken),Plantae,kingdom,6
Quercus coccifera-type (broken),Tracheophyta,phylum,7707728
Quercus coccifera-type (broken),Magnoliopsida,class,220
Quercus coccifera-type (broken),Fagales,order,1354
Quercus coccifera-type (broken),Fagaceae,family,4689
Quercus coccifera-type (broken),Quercus,genus,2877951
Quercus coccifera-type: corroded,Plantae,kingdom,6
Quercus coccifera-type: corroded,Tracheophyta,phylum,7707728
Quercus coccifera-type: corroded,Magnoliopsida,class,220
Quercus coccifera-type: corroded,Fagales,order,1354
Quercus coccifera-type: corroded,Fagaceae,family,4689
Quercus coccifera-type: corroded,Quercus,genus,2877951
Quercus coccifera-type (crumpled),Plantae,kingdom,6
Quercus coccifera-type (crumpled),Tracheophyta,phylum,7707728
Quercus coccifera-type (crumpled),Magnoliopsida,class,220
Quercus coccifera-type (crumpled),Fagales,order,1354
Quercus coccifera-type (crumpled),Fagaceae,family,4689
Quercus coccifera-type (crumpled),Quercus,genus,2877951
Quercus undiff. (broken),Plantae,kingdom,6
Quercus undiff. (broken),Tracheophyta,phylum,7707728
Quercus undiff. (broken),Magnoliopsida,class,220
Quercus undiff. (broken),Fagales,order,1354
Quercus undiff. (broken),Fagaceae,family,4689
Quercus undiff. (broken),Quercus,genus,2877951
Quercus undiff. (corroded),Plantae,kingdom,6
Quercus undiff. (corroded),Tracheophyta,phylum,7707728
Quercus undiff. (corroded),Magnoliopsida,class,220
Quercus undiff. (corroded),Fagales,order,1354
Quercus undiff. (corroded),Fagaceae,family,4689
Quercus undiff. (corroded),Quercus,genus,2877951
Quercus undiff. (crumpled),Plantae,kingdom,6
Quercus undiff. (crumpled),Tracheophyta,phylum,7707728
Quercus undiff. (crumpled),Magnoliopsida,class,220
Quercus undiff. (crumpled),Fagales,order,1354
Quercus undiff. (crumpled),Fagaceae,family,4689
Quercus undiff. (crumpled),Quercus,genus,2877951
Quercus undiff. (degraded),Plantae,kingdom,6
Quercus undiff. (degraded),Tracheophyta,phylum,7707728
Quercus undiff. (degraded),Magnoliopsida,class,220
Quercus undiff. (degraded),Fagales,order,1354
Quercus undiff. (degraded),Fagaceae,family,4689
Quercus undiff. (degraded),Quercus,genus,2877951
Quercus undiff. (obscured),Plantae,kingdom,6
Quercus undiff. (obscured),Tracheophyta,phylum,7707728
Quercus undiff. (obscured),Magnoliopsida,class,220
Quercus undiff. (obscured),Fagales,order,1354
Quercus undiff. (obscured),Fagaceae,family,4689
Quercus undiff. (obscured),Quercus,genus,2877951
Anagallis tenella-type,Plantae,kingdom,6
Anagallis tenella-type,Tracheophyta,phylum,7707728
Anagallis tenella-type,Magnoliopsida,class,220
Anagallis tenella-type,Ericales,order,1353
Anagallis tenella-type,Primulaceae,family,6674
Anagallis tenella-type,Lysimachia,genus,3169330
Arnoseris,Plantae,kingdom,6
Arnoseris,Tracheophyta,phylum,7707728
Arnoseris,Magnoliopsida,class,220
Arnoseris,Asterales,order,414
Arnoseris,Asteraceae,family,3065
Arnoseris,Arnoseris,genus,3087402
Cicendia filiformis,Plantae,kingdom,6
Cicendia filiformis,Tracheophyta,phylum,7707728
Cicendia filiformis,Magnoliopsida,class,220
Cicendia filiformis,Gentianales,order,412
Cicendia filiformis,Gentianaceae,family,2503
Cicendia filiformis,Cicendia,genus,10783986
Cicendia filiformis,Cicendia filiformis,species,3841406
Cistus monspeliensis-type,Plantae,kingdom,6
Cistus monspeliensis-type,Tracheophyta,phylum,7707728
Cistus monspeliensis-type,Magnoliopsida,class,220
Cistus monspeliensis-type,Malvales,order,941
Cistus monspeliensis-type,Cistaceae,family,6635
Cistus monspeliensis-type,Cistus,genus,2874026
Erica scoparia-type,Animalia,kingdom,1
Erica scoparia-type,Arthropoda,phylum,54
Erica scoparia-type,Arachnida,class,367
Erica scoparia-type,Araneae,order,1496
Erica scoparia-type,Salticidae,family,5644
Erica scoparia-type,Erica,genus,2177120
Erica scoparia-type,Plantae,kingdom,6
Erica scoparia-type,Tracheophyta,phylum,7707728
Erica scoparia-type,Magnoliopsida,class,220
Erica scoparia-type,Ericales,order,1353
Erica scoparia-type,Ericaceae,family,2505
Erica scoparia-type,Erica,genus,2882780
Frankenia,Plantae,kingdom,6
Frankenia,Tracheophyta,phylum,7707728
Frankenia,Magnoliopsida,class,220
Frankenia,Caryophyllales,order,422
Frankenia,Frankeniaceae,family,2380
Frankenia,Frankenia,genus,2874684
Fumaria officinalis-type,Plantae,kingdom,6
Fumaria officinalis-type,Tracheophyta,phylum,7707728
Fumaria officinalis-type,Magnoliopsida,class,220
Fumaria officinalis-type,Ranunculales,order,399
Fumaria officinalis-type,Papaveraceae,family,2422
Fumaria officinalis-type,Fumaria,genus,2888567
Gynandriris sisyrinchium,Plantae,kingdom,6
Gynandriris sisyrinchium,Tracheophyta,phylum,7707728
Gynandriris sisyrinchium,Liliopsida,class,196
Gynandriris sisyrinchium,Asparagales,order,1169
Gynandriris sisyrinchium,Iridaceae,family,7698
Gynandriris sisyrinchium,Moraea,genus,2744168
Gynandriris sisyrinchium,Moraea sisyrinchium,species,2744255
Halimium halimifolium-type,Plantae,kingdom,6
Halimium halimifolium-type,Tracheophyta,phylum,7707728
Halimium halimifolium-type,Magnoliopsida,class,220
Halimium halimifolium-type,Malvales,order,941
Halimium halimifolium-type,Cistaceae,family,6635
Halimium halimifolium-type,Halimium,genus,6437972
Helianthemum croceum-type,Plantae,kingdom,6
Helianthemum croceum-type,Tracheophyta,phylum,7707728
Helianthemum croceum-type,Magnoliopsida,class,220
Helianthemum croceum-type,Malvales,order,941
Helianthemum croceum-type,Cistaceae,family,6635
Helianthemum croceum-type,Helianthemum,genus,2874068
Tuberaria guttata,Plantae,kingdom,6
Tuberaria guttata,Tracheophyta,phylum,7707728
Tuberaria guttata,Magnoliopsida,class,220
Tuberaria guttata,Malvales,order,941
Tuberaria guttata,Cistaceae,family,6635
Tuberaria guttata,Tuberaria,genus,2874023
Tuberaria guttata,Tuberaria guttata,species,2874024
Actaea spicata,Plantae,kingdom,6
Actaea spicata,Tracheophyta,phylum,7707728
Actaea spicata,Magnoliopsida,class,220
Actaea spicata,Ranunculales,order,399
Actaea spicata,Ranunculaceae,family,2410
Actaea spicata,Actaea,genus,3032252
Actaea spicata,Actaea spicata,species,5371473
Aegopodium podagraria,Plantae,kingdom,6
Aegopodium podagraria,Tracheophyta,phylum,7707728
Aegopodium podagraria,Magnoliopsida,class,220
Aegopodium podagraria,Apiales,order,1351
Aegopodium podagraria,Apiaceae,family,6720
Aegopodium podagraria,Aegopodium,genus,3034619
Aegopodium podagraria,Aegopodium podagraria,species,3034620
Anemone pulsatilla-type,Plantae,kingdom,6
Anemone pulsatilla-type,Tracheophyta,phylum,7707728
Anemone pulsatilla-type,Magnoliopsida,class,220
Anemone pulsatilla-type,Ranunculales,order,399
Anemone pulsatilla-type,Ranunculaceae,family,2410
Anemone pulsatilla-type,Anemone,genus,3016227
Anethum graveolens,Plantae,kingdom,6
Anethum graveolens,Tracheophyta,phylum,7707728
Anethum graveolens,Magnoliopsida,class,220
Anethum graveolens,Apiales,order,1351
Anethum graveolens,Apiaceae,family,6720
Anethum graveolens,Anethum,genus,3034645
Anethum graveolens,Anethum graveolens,species,3034646
Fragaria,Plantae,kingdom,6
Fragaria,Tracheophyta,phylum,7707728
Fragaria,Magnoliopsida,class,220
Fragaria,Rosales,order,691
Fragaria,Rosaceae,family,5015
Fragaria,Fragaria,genus,3029779
Iris germanica-type,Animalia,kingdom,1
Iris germanica-type,Arthropoda,phylum,54
Iris germanica-type,Insecta,class,216
Iris germanica-type,Mantodea,order,788
Iris germanica-type,Eremiaphilidae,family,9382
Iris germanica-type,Iris,genus,1404282
Iris germanica-type,Plantae,kingdom,6
Iris germanica-type,Tracheophyta,phylum,7707728
Iris germanica-type,Liliopsida,class,196
Iris germanica-type,Asparagales,order,1169
Iris germanica-type,Iridaceae,family,7698
Iris germanica-type,Iris,genus,2748017
Legousia,Plantae,kingdom,6
Legousia,Tracheophyta,phylum,7707728
Legousia,Magnoliopsida,class,220
Legousia,Asterales,order,414
Legousia,Campanulaceae,family,8801
Legousia,Legousia,genus,3158769
Leucojum,Plantae,kingdom,6
Leucojum,Tracheophyta,phylum,7707728
Leucojum,Liliopsida,class,196
Leucojum,Asparagales,order,1169
Leucojum,Amaryllidaceae,family,7682
Leucojum,Leucojum,genus,2852742
Robinia pseudoacacia,Plantae,kingdom,6
Robinia pseudoacacia,Tracheophyta,phylum,7707728
Robinia pseudoacacia,Magnoliopsida,class,220
Robinia pseudoacacia,Fabales,order,1370
Robinia pseudoacacia,Fabaceae,family,5386
Robinia pseudoacacia,Robinia,genus,2952066
Robinia pseudoacacia,Robinia pseudoacacia,species,5352251
Vaccaria hispanica,Plantae,kingdom,6
Vaccaria hispanica,Tracheophyta,phylum,7707728
Vaccaria hispanica,Magnoliopsida,class,220
Vaccaria hispanica,Caryophyllales,order,422
Vaccaria hispanica,Caryophyllaceae,family,2518
Vaccaria hispanica,Gypsophila,genus,3085251
Vaccaria hispanica,Gypsophila vaccaria,species,8091998
Viburnum opulus/V. tinus,Plantae,kingdom,6
Viburnum opulus/V. tinus,Tracheophyta,phylum,7707728
Viburnum opulus/V. tinus,Magnoliopsida,class,220
Viburnum opulus/V. tinus,Dipsacales,order,946
Viburnum opulus/V. tinus,Viburnaceae,family,4924416
Viburnum opulus/V. tinus,Viburnum,genus,2888580
Carya glabra-type,Plantae,kingdom,6
Carya glabra-type,Tracheophyta,phylum,7707728
Carya glabra-type,Magnoliopsida,class,220
Carya glabra-type,Fagales,order,1354
Carya glabra-type,Juglandaceae,family,2499
Carya glabra-type,Carya,genus,3054287
Carya tomentosa-type,Plantae,kingdom,6
Carya tomentosa-type,Tracheophyta,phylum,7707728
Carya tomentosa-type,Magnoliopsida,class,220
Carya tomentosa-type,Fagales,order,1354
Carya tomentosa-type,Juglandaceae,family,2499
Carya tomentosa-type,Carya,genus,3054287
Anemone subg. Anemone,Plantae,kingdom,6
Anemone subg. Anemone,Tracheophyta,phylum,7707728
Anemone subg. Anemone,Magnoliopsida,class,220
Anemone subg. Anemone,Ranunculales,order,399
Anemone subg. Anemone,Ranunculaceae,family,2410
Anemone subg. Anemone,Anemone,genus,3016227
Artemisia alba-type,Plantae,kingdom,6
Artemisia alba-type,Tracheophyta,phylum,7707728
Artemisia alba-type,Magnoliopsida,class,220
Artemisia alba-type,Asterales,order,414
Artemisia alba-type,Asteraceae,family,3065
Artemisia alba-type,Artemisia,genus,3120641
Lathyrus linifolius-type,Plantae,kingdom,6
Lathyrus linifolius-type,Tracheophyta,phylum,7707728
Lathyrus linifolius-type,Magnoliopsida,class,220
Lathyrus linifolius-type,Fabales,order,1370
Lathyrus linifolius-type,Fabaceae,family,5386
Lathyrus linifolius-type,Lathyrus,genus,10356062
Potentilla erecta,Plantae,kingdom,6
Potentilla erecta,Tracheophyta,phylum,7707728
Potentilla erecta,Magnoliopsida,class,220
Potentilla erecta,Rosales,order,691
Potentilla erecta,Rosaceae,family,5015
Potentilla erecta,Potentilla,genus,8079058
Potentilla erecta,Potentilla erecta,species,5365576
Centaurea jacea/C. nigra-type,Plantae,kingdom,6
Centaurea jacea/C. nigra-type,Tracheophyta,phylum,7707728
Centaurea jacea/C. nigra-type,Magnoliopsida,class,220
Centaurea jacea/C. nigra-type,Asterales,order,414
Centaurea jacea/C. nigra-type,Asteraceae,family,3065
Centaurea jacea/C. nigra-type,Centaurea,genus,3127469
Lamium amplexicaule-type,Plantae,kingdom,6
Lamium amplexicaule-type,Tracheophyta,phylum,7707728
Lamium amplexicaule-type,Magnoliopsida,class,220
Lamium amplexicaule-type,Lamiales,order,408
Lamium amplexicaule-type,Lamiaceae,family,2497
Lamium amplexicaule-type,Lamium,genus,2926678
Lamium purpureum var. hybridum-type,Plantae,kingdom,6
Lamium purpureum var. hybridum-type,Tracheophyta,phylum,7707728
Lamium purpureum var. hybridum-type,Magnoliopsida,class,220
Lamium purpureum var. hybridum-type,Lamiales,order,408
Lamium purpureum var. hybridum-type,Lamiaceae,family,2497
Lamium purpureum var. hybridum-type,Lamium,genus,2926678
Lamium purpureum var. hybridum-type,Lamium purpureum,species,2926682
Polygonum cognatum,Plantae,kingdom,6
Polygonum cognatum,Tracheophyta,phylum,7707728
Polygonum cognatum,Magnoliopsida,class,220
Polygonum cognatum,Caryophyllales,order,422
Polygonum cognatum,Polygonaceae,family,2416
Polygonum cognatum,Polygonum,genus,2889077
Polygonum cognatum,Polygonum cognatum,species,7291308
Rumex conglomeratus,Plantae,kingdom,6
Rumex conglomeratus,Tracheophyta,phylum,7707728
Rumex conglomeratus,Magnoliopsida,class,220
Rumex conglomeratus,Caryophyllales,order,422
Rumex conglomeratus,Polygonaceae,family,2416
Rumex conglomeratus,Rumex,genus,2888942
Rumex conglomeratus,Rumex conglomeratus,species,2888963
Teucrium pyrenaicum-type,Plantae,kingdom,6
Teucrium pyrenaicum-type,Tracheophyta,phylum,7707728
Teucrium pyrenaicum-type,Magnoliopsida,class,220
Teucrium pyrenaicum-type,Lamiales,order,408
Teucrium pyrenaicum-type,Lamiaceae,family,2497
Teucrium pyrenaicum-type,Teucrium,genus,2926895
Urtica atrovirens,Plantae,kingdom,6
Urtica atrovirens,Tracheophyta,phylum,7707728
Urtica atrovirens,Magnoliopsida,class,220
Urtica atrovirens,Rosales,order,691
Urtica atrovirens,Urticaceae,family,6639
Urtica atrovirens,Urtica,genus,2984391
Urtica atrovirens,Urtica atrovirens,species,5671245
Geranium columbinum-type,Plantae,kingdom,6
Geranium columbinum-type,Tracheophyta,phylum,7707728
Geranium columbinum-type,Magnoliopsida,class,220
Geranium columbinum-type,Geraniales,order,624
Geranium columbinum-type,Geraniaceae,family,4676
Geranium columbinum-type,Geranium,genus,2889949
Geranium pusillum-type,Plantae,kingdom,6
Geranium pusillum-type,Tracheophyta,phylum,7707728
Geranium pusillum-type,Magnoliopsida,class,220
Geranium pusillum-type,Geraniales,order,624
Geranium pusillum-type,Geraniaceae,family,4676
Geranium pusillum-type,Geranium,genus,2889949
Amaryllidaceae,Plantae,kingdom,6
Amaryllidaceae,Tracheophyta,phylum,7707728
Amaryllidaceae,Liliopsida,class,196
Amaryllidaceae,Asparagales,order,1169
Amaryllidaceae,Amaryllidaceae,family,7682
Cercis,Plantae,kingdom,6
Cercis,Tracheophyta,phylum,7707728
Cercis,Magnoliopsida,class,220
Cercis,Fabales,order,1370
Cercis,Fabaceae,family,5386
Cercis,Cercis,genus,2955919
Chenopodium sp.,Plantae,kingdom,6
Chenopodium sp.,Tracheophyta,phylum,7707728
Chenopodium sp.,Magnoliopsida,class,220
Chenopodium sp.,Caryophyllales,order,422
Chenopodium sp.,Amaranthaceae,family,3064
Chenopodium sp.,Chenopodium,genus,3083823
Convolvulus undiff.,Plantae,kingdom,6
Convolvulus undiff.,Tracheophyta,phylum,7707728
Convolvulus undiff.,Magnoliopsida,class,220
Convolvulus undiff.,Solanales,order,1176
Convolvulus undiff.,Convolvulaceae,family,2389
Convolvulus undiff.,Convolvulus,genus,2928386
Cyclamen,Plantae,kingdom,6
Cyclamen,Tracheophyta,phylum,7707728
Cyclamen,Magnoliopsida,class,220
Cyclamen,Ericales,order,1353
Cyclamen,Primulaceae,family,6674
Cyclamen,Cyclamen,genus,3169314
Dracunculus,Plantae,kingdom,6
Dracunculus,Tracheophyta,phylum,7707728
Dracunculus,Liliopsida,class,196
Dracunculus,Alismatales,order,551
Dracunculus,Araceae,family,6979
Dracunculus,Dracunculus,genus,2866727
Dracunculus,Animalia,kingdom,1
Dracunculus,Nematoda,phylum,5967481
Dracunculus,Chromadorea,class,11133537
Dracunculus,Rhabditida,order,440
Dracunculus,Dracunculidae,family,3249045
Dracunculus,Dracunculus,genus,6007988
Gentiana undiff.,Plantae,kingdom,6
Gentiana undiff.,Tracheophyta,phylum,7707728
Gentiana undiff.,Magnoliopsida,class,220
Gentiana undiff.,Gentianales,order,412
Gentiana undiff.,Gentianaceae,family,2503
Gentiana undiff.,Gentiana,genus,3170037
Mesembryanthemum,Plantae,kingdom,6
Mesembryanthemum,Tracheophyta,phylum,7707728
Mesembryanthemum,Magnoliopsida,class,220
Mesembryanthemum,Caryophyllales,order,422
Mesembryanthemum,Aizoaceae,family,6752
Mesembryanthemum,Mesembryanthemum,genus,3084836
Oenothera,Plantae,kingdom,6
Oenothera,Tracheophyta,phylum,7707728
Oenothera,Magnoliopsida,class,220
Oenothera,Myrtales,order,690
Oenothera,Onagraceae,family,2430
Oenothera,Oenothera,genus,3188799
Paeonia,Plantae,kingdom,6
Paeonia,Tracheophyta,phylum,7707728
Paeonia,Magnoliopsida,class,220
Paeonia,Saxifragales,order,7219248
Paeonia,Paeoniaceae,family,6711
Paeonia,Paeonia,genus,3083483
Plantago lanceolata/P. lagopus,Plantae,kingdom,6
Plantago lanceolata/P. lagopus,Tracheophyta,phylum,7707728
Plantago lanceolata/P. lagopus,Magnoliopsida,class,220
Plantago lanceolata/P. lagopus,Lamiales,order,408
Plantago lanceolata/P. lagopus,Plantaginaceae,family,2420
Plantago lanceolata/P. lagopus,Plantago,genus,3189695
Prunus sp.,Plantae,kingdom,6
Prunus sp.,Tracheophyta,phylum,7707728
Prunus sp.,Magnoliopsida,class,220
Prunus sp.,Rosales,order,691
Prunus sp.,Rosaceae,family,5015
Prunus sp.,Prunus,genus,3020559
Punica granatum,Plantae,kingdom,6
Punica granatum,Tracheophyta,phylum,7707728
Punica granatum,Magnoliopsida,class,220
Punica granatum,Myrtales,order,690
Punica granatum,Lythraceae,family,6684
Punica granatum,Punica,genus,3188663
Punica granatum,Punica granatum,species,5420901
Rumex subg. Emex,Plantae,kingdom,6
Rumex subg. Emex,Tracheophyta,phylum,7707728
Rumex subg. Emex,Magnoliopsida,class,220
Rumex subg. Emex,Caryophyllales,order,422
Rumex subg. Emex,Polygonaceae,family,2416
Rumex subg. Emex,Rumex,genus,2888942
Sarcopoterium spinosum/Poterium sanguisorba,Plantae,kingdom,6
Sarcopoterium spinosum/Poterium sanguisorba,Tracheophyta,phylum,7707728
Sarcopoterium spinosum/Poterium sanguisorba,Magnoliopsida,class,220
Sarcopoterium spinosum/Poterium sanguisorba,Rosales,order,691
Sarcopoterium spinosum/Poterium sanguisorba,Rosaceae,family,5015
Sarcopoterium spinosum/Poterium sanguisorba,Sarcopoterium,genus,3001878
Senecio sp.,Plantae,kingdom,6
Senecio sp.,Tracheophyta,phylum,7707728
Senecio sp.,Magnoliopsida,class,220
Senecio sp.,Asterales,order,414
Senecio sp.,Asteraceae,family,3065
Senecio sp.,Senecio,genus,3106738
Styrax,Plantae,kingdom,6
Styrax,Tracheophyta,phylum,7707728
Styrax,Magnoliopsida,class,220
Styrax,Ericales,order,1353
Styrax,Styracaceae,family,2507
Styrax,Styrax,genus,3032925
Urtica pilulifera-type,Plantae,kingdom,6
Urtica pilulifera-type,Tracheophyta,phylum,7707728
Urtica pilulifera-type,Magnoliopsida,class,220
Urtica pilulifera-type,Rosales,order,691
Urtica pilulifera-type,Urticaceae,family,6639
Urtica pilulifera-type,Urtica,genus,2984391
Arnoseris minima,Plantae,kingdom,6
Arnoseris minima,Tracheophyta,phylum,7707728
Arnoseris minima,Magnoliopsida,class,220
Arnoseris minima,Asterales,order,414
Arnoseris minima,Asteraceae,family,3065
Arnoseris minima,Arnoseris,genus,3087402
Arnoseris minima,Arnoseris minima,species,3087403
Caryophyllaceae (porate),Plantae,kingdom,6
Caryophyllaceae (porate),Tracheophyta,phylum,7707728
Caryophyllaceae (porate),Magnoliopsida,class,220
Caryophyllaceae (porate),Caryophyllales,order,422
Caryophyllaceae (porate),Caryophyllaceae,family,2518
Conopodium majus,Plantae,kingdom,6
Conopodium majus,Tracheophyta,phylum,7707728
Conopodium majus,Magnoliopsida,class,220
Conopodium majus,Apiales,order,1351
Conopodium majus,Apiaceae,family,6720
Conopodium majus,Conopodium,genus,6026723
Conopodium majus,Conopodium majus,species,6026760
Artemisia sp.,Plantae,kingdom,6
Artemisia sp.,Tracheophyta,phylum,7707728
Artemisia sp.,Magnoliopsida,class,220
Artemisia sp.,Asterales,order,414
Artemisia sp.,Asteraceae,family,3065
Artemisia sp.,Artemisia,genus,3120641
Capsella,Plantae,kingdom,6
Capsella,Tracheophyta,phylum,7707728
Capsella,Magnoliopsida,class,220
Capsella,Brassicales,order,7225535
Capsella,Brassicaceae,family,3112
Capsella,Capsella,genus,3047430
Gentianella sp.,Plantae,kingdom,6
Gentianella sp.,Tracheophyta,phylum,7707728
Gentianella sp.,Magnoliopsida,class,220
Gentianella sp.,Gentianales,order,412
Gentianella sp.,Gentianaceae,family,2503
Gentianella sp.,Gentianella,genus,3169845
Ranunculus glacialis,Plantae,kingdom,6
Ranunculus glacialis,Tracheophyta,phylum,7707728
Ranunculus glacialis,Magnoliopsida,class,220
Ranunculus glacialis,Ranunculales,order,399
Ranunculus glacialis,Ranunculaceae,family,2410
Ranunculus glacialis,Ranunculus,genus,3033294
Ranunculus glacialis,Ranunculus glacialis,species,3033461
Sonchus,Plantae,kingdom,6
Sonchus,Tracheophyta,phylum,7707728
Sonchus,Magnoliopsida,class,220
Sonchus,Asterales,order,414
Sonchus,Asteraceae,family,3065
Sonchus,Sonchus,genus,3105646
Primula scandinavica-type,Plantae,kingdom,6
Primula scandinavica-type,Tracheophyta,phylum,7707728
Primula scandinavica-type,Magnoliopsida,class,220
Primula scandinavica-type,Ericales,order,1353
Primula scandinavica-type,Primulaceae,family,6674
Primula scandinavica-type,Primula,genus,8026112
Sorbus cf. S. aucuparia,Plantae,kingdom,6
Sorbus cf. S. aucuparia,Tracheophyta,phylum,7707728
Sorbus cf. S. aucuparia,Magnoliopsida,class,220
Sorbus cf. S. aucuparia,Rosales,order,691
Sorbus cf. S. aucuparia,Rosaceae,family,5015
Sorbus cf. S. aucuparia,Sorbus,genus,3012146
Linnaea,Plantae,kingdom,6
Linnaea,Tracheophyta,phylum,7707728
Linnaea,Magnoliopsida,class,220
Linnaea,Dipsacales,order,946
Linnaea,Caprifoliaceae,family,6710
Linnaea,Linnaea,genus,2888574
Linnaea,Animalia,kingdom,1
Linnaea,Arthropoda,phylum,54
Linnaea,Insecta,class,216
Linnaea,Hemiptera,order,809
Linnaea,Rhyparochromidae,family,4326
Linnaea,Linnaea,genus,3266252
Rumex sp.,Plantae,kingdom,6
Rumex sp.,Tracheophyta,phylum,7707728
Rumex sp.,Magnoliopsida,class,220
Rumex sp.,Caryophyllales,order,422
Rumex sp.,Polygonaceae,family,2416
Rumex sp.,Rumex,genus,2888942
Avena sativa,Plantae,kingdom,6
Avena sativa,Tracheophyta,phylum,7707728
Avena sativa,Liliopsida,class,196
Avena sativa,Poales,order,1369
Avena sativa,Poaceae,family,3073
Avena sativa,Avena,genus,2705282
Avena sativa,Avena sativa,species,2705290
Linum bienne-type,Plantae,kingdom,6
Linum bienne-type,Tracheophyta,phylum,7707728
Linum bienne-type,Magnoliopsida,class,220
Linum bienne-type,Malpighiales,order,1414
Linum bienne-type,Linaceae,family,2493
Linum bienne-type,Linum,genus,2873855
Sorbus sp.,Plantae,kingdom,6
Sorbus sp.,Tracheophyta,phylum,7707728
Sorbus sp.,Magnoliopsida,class,220
Sorbus sp.,Rosales,order,691
Sorbus sp.,Rosaceae,family,5015
Sorbus sp.,Sorbus,genus,3012146
Thalictrum flavum,Plantae,kingdom,6
Thalictrum flavum,Tracheophyta,phylum,7707728
Thalictrum flavum,Magnoliopsida,class,220
Thalictrum flavum,Ranunculales,order,399
Thalictrum flavum,Ranunculaceae,family,2410
Thalictrum flavum,Thalictrum,genus,3033112
Thalictrum flavum,Thalictrum flavum,species,7509607
Triticum aestivum,Plantae,kingdom,6
Triticum aestivum,Tracheophyta,phylum,7707728
Triticum aestivum,Liliopsida,class,196
Triticum aestivum,Poales,order,1369
Triticum aestivum,Poaceae,family,3073
Triticum aestivum,Triticum,genus,2706388
Triticum aestivum,Triticum aestivum,species,7795888
Vaccinium sp.,Plantae,kingdom,6
Vaccinium sp.,Tracheophyta,phylum,7707728
Vaccinium sp.,Magnoliopsida,class,220
Vaccinium sp.,Ericales,order,1353
Vaccinium sp.,Ericaceae,family,2505
Vaccinium sp.,Vaccinium,genus,2882813
Plantago cf. P. major,Plantae,kingdom,6
Plantago cf. P. major,Tracheophyta,phylum,7707728
Plantago cf. P. major,Magnoliopsida,class,220
Plantago cf. P. major,Lamiales,order,408
Plantago cf. P. major,Plantaginaceae,family,2420
Plantago cf. P. major,Plantago,genus,3189695
Vaccinium uliginosum,Plantae,kingdom,6
Vaccinium uliginosum,Tracheophyta,phylum,7707728
Vaccinium uliginosum,Magnoliopsida,class,220
Vaccinium uliginosum,Ericales,order,1353
Vaccinium uliginosum,Ericaceae,family,2505
Vaccinium uliginosum,Vaccinium,genus,2882813
Vaccinium uliginosum,Vaccinium uliginosum,species,8073364
Vaccinium vitis-idaea,Plantae,kingdom,6
Vaccinium vitis-idaea,Tracheophyta,phylum,7707728
Vaccinium vitis-idaea,Magnoliopsida,class,220
Vaccinium vitis-idaea,Ericales,order,1353
Vaccinium vitis-idaea,Ericaceae,family,2505
Vaccinium vitis-idaea,Vaccinium,genus,2882813
Vaccinium vitis-idaea,Vaccinium vitis-idaea,species,2882835
Apiaceae cf. Pleurospermum,Plantae,kingdom,6
Apiaceae cf. Pleurospermum,Tracheophyta,phylum,7707728
Apiaceae cf. Pleurospermum,Magnoliopsida,class,220
Apiaceae cf. Pleurospermum,Apiales,order,1351
Apiaceae cf. Pleurospermum,Apiaceae,family,6720
Ericaceae cf. Vaccinium,Plantae,kingdom,6
Ericaceae cf. Vaccinium,Tracheophyta,phylum,7707728
Ericaceae cf. Vaccinium,Magnoliopsida,class,220
Ericaceae cf. Vaccinium,Ericales,order,1353
Ericaceae cf. Vaccinium,Ericaceae,family,2505
Rosaceae cf. Prunus,Plantae,kingdom,6
Rosaceae cf. Prunus,Tracheophyta,phylum,7707728
Rosaceae cf. Prunus,Magnoliopsida,class,220
Rosaceae cf. Prunus,Rosales,order,691
Rosaceae cf. Prunus,Rosaceae,family,5015
Rosaceae cf. Sorbus,Plantae,kingdom,6
Rosaceae cf. Sorbus,Tracheophyta,phylum,7707728
Rosaceae cf. Sorbus,Magnoliopsida,class,220
Rosaceae cf. Sorbus,Rosales,order,691
Rosaceae cf. Sorbus,Rosaceae,family,5015
Dipsacaceae undiff.,Plantae,kingdom,6
Dipsacaceae undiff.,Tracheophyta,phylum,7707728
Dipsacaceae undiff.,Magnoliopsida,class,220
Dipsacaceae undiff.,Dipsacales,order,946
Dipsacaceae undiff.,Dipsacaceae,family,2509
Hordeum group,Plantae,kingdom,6
Hordeum group,Tracheophyta,phylum,7707728
Hordeum group,Liliopsida,class,196
Hordeum group,Poales,order,1369
Hordeum group,Poaceae,family,3073
Hordeum group,Hordeum,genus,2706050
Atriplex sp.,Plantae,kingdom,6
Atriplex sp.,Tracheophyta,phylum,7707728
Atriplex sp.,Magnoliopsida,class,220
Atriplex sp.,Caryophyllales,order,422
Atriplex sp.,Amaranthaceae,family,3064
Atriplex sp.,Atriplex,genus,10651755
Centaurea sp.,Plantae,kingdom,6
Centaurea sp.,Tracheophyta,phylum,7707728
Centaurea sp.,Magnoliopsida,class,220
Centaurea sp.,Asterales,order,414
Centaurea sp.,Asteraceae,family,3065
Centaurea sp.,Centaurea,genus,3127469
Chrysosplenium alternifolium,Plantae,kingdom,6
Chrysosplenium alternifolium,Tracheophyta,phylum,7707728
Chrysosplenium alternifolium,Magnoliopsida,class,220
Chrysosplenium alternifolium,Saxifragales,order,7219248
Chrysosplenium alternifolium,Saxifragaceae,family,2402
Chrysosplenium alternifolium,Chrysosplenium,genus,3032632
Chrysosplenium alternifolium,Chrysosplenium alternifolium,species,7339315
Helianthemum sp.,Plantae,kingdom,6
Helianthemum sp.,Tracheophyta,phylum,7707728
Helianthemum sp.,Magnoliopsida,class,220
Helianthemum sp.,Malvales,order,941
Helianthemum sp.,Cistaceae,family,6635
Helianthemum sp.,Helianthemum,genus,2874068
Krascheninnikovia ceratoides,Plantae,kingdom,6
Krascheninnikovia ceratoides,Tracheophyta,phylum,7707728
Krascheninnikovia ceratoides,Magnoliopsida,class,220
Krascheninnikovia ceratoides,Caryophyllales,order,422
Krascheninnikovia ceratoides,Amaranthaceae,family,3064
Krascheninnikovia ceratoides,Krascheninnikovia,genus,3083816
Krascheninnikovia ceratoides,Krascheninnikovia ceratoides,species,3083570
Salsola sp.,Plantae,kingdom,6
Salsola sp.,Tracheophyta,phylum,7707728
Salsola sp.,Magnoliopsida,class,220
Salsola sp.,Caryophyllales,order,422
Salsola sp.,Amaranthaceae,family,3064
Salsola sp.,Salsola,genus,3083944
Thalictrum sp.,Plantae,kingdom,6
Thalictrum sp.,Tracheophyta,phylum,7707728
Thalictrum sp.,Magnoliopsida,class,220
Thalictrum sp.,Ranunculales,order,399
Thalictrum sp.,Ranunculaceae,family,2410
Thalictrum sp.,Thalictrum,genus,3033112
Medicago lupulina,Plantae,kingdom,6
Medicago lupulina,Tracheophyta,phylum,7707728
Medicago lupulina,Magnoliopsida,class,220
Medicago lupulina,Fabales,order,1370
Medicago lupulina,Fabaceae,family,5386
Medicago lupulina,Medicago,genus,2965200
Medicago lupulina,Medicago lupulina,species,2965201
Trifolium montanum-type,Plantae,kingdom,6
Trifolium montanum-type,Tracheophyta,phylum,7707728
Trifolium montanum-type,Magnoliopsida,class,220
Trifolium montanum-type,Fabales,order,1370
Trifolium montanum-type,Fabaceae,family,5386
Trifolium montanum-type,Trifolium,genus,2973363
Trifolium montanum-type,Animalia,kingdom,1
Trifolium montanum-type,Platyhelminthes,phylum,108
Trifolium montanum-type,Trematoda,class,345
Trifolium montanum-type,Plagiorchiida,order,434
Trifolium montanum-type,Psilostomidae,family,4345426
Trifolium montanum-type,Trifolium,genus,3268117
Pinus cembroides,Plantae,kingdom,6
Pinus cembroides,Tracheophyta,phylum,7707728
Pinus cembroides,Pinopsida,class,194
Pinus cembroides,Pinales,order,640
Pinus cembroides,Pinaceae,family,3925
Pinus cembroides,Pinus,genus,2684241
Pinus cembroides,Pinus cembroides,species,5285172
Angelica,Animalia,kingdom,1
Angelica,Arthropoda,phylum,54
Angelica,Insecta,class,216
Angelica,Hymenoptera,order,1457
Angelica,Braconidae,family,6910
Angelica,Angelica,genus,1253626
Angelica,Plantae,kingdom,6
Angelica,Tracheophyta,phylum,7707728
Angelica,Magnoliopsida,class,220
Angelica,Apiales,order,1351
Angelica,Apiaceae,family,6720
Angelica,Angelica,genus,3034560
Dictamnus albus,Plantae,kingdom,6
Dictamnus albus,Tracheophyta,phylum,7707728
Dictamnus albus,Magnoliopsida,class,220
Dictamnus albus,Sapindales,order,933
Dictamnus albus,Rutaceae,family,2396
Dictamnus albus,Dictamnus,genus,3190395
Dictamnus albus,Dictamnus albus,species,5421338
Pinus (haplostellate),Plantae,kingdom,6
Pinus (haplostellate),Tracheophyta,phylum,7707728
Pinus (haplostellate),Pinopsida,class,194
Pinus (haplostellate),Pinales,order,640
Pinus (haplostellate),Pinaceae,family,3925
Pinus (haplostellate),Pinus,genus,2684241
Sanicula,Plantae,kingdom,6
Sanicula,Tracheophyta,phylum,7707728
Sanicula,Magnoliopsida,class,220
Sanicula,Apiales,order,1351
Sanicula,Apiaceae,family,6720
Sanicula,Sanicula,genus,3034831
Tussilago,Plantae,kingdom,6
Tussilago,Tracheophyta,phylum,7707728
Tussilago,Magnoliopsida,class,220
Tussilago,Asterales,order,414
Tussilago,Asteraceae,family,3065
Tussilago,Tussilago,genus,3149878
Kalmia,Plantae,kingdom,6
Kalmia,Tracheophyta,phylum,7707728
Kalmia,Magnoliopsida,class,220
Kalmia,Ericales,order,1353
Kalmia,Ericaceae,family,2505
Kalmia,Kalmia,genus,2882989
Minuartia,Plantae,kingdom,6
Minuartia,Tracheophyta,phylum,7707728
Minuartia,Magnoliopsida,class,220
Minuartia,Caryophyllales,order,422
Minuartia,Caryophyllaceae,family,2518
Minuartia,Minuartia,genus,8776773
Pinus strobus-type,Plantae,kingdom,6
Pinus strobus-type,Tracheophyta,phylum,7707728
Pinus strobus-type,Pinopsida,class,194
Pinus strobus-type,Pinales,order,640
Pinus strobus-type,Pinaceae,family,3925
Pinus strobus-type,Pinus,genus,2684241
Pyrus,Plantae,kingdom,6
Pyrus,Tracheophyta,phylum,7707728
Pyrus,Magnoliopsida,class,220
Pyrus,Rosales,order,691
Pyrus,Rosaceae,family,5015
Pyrus,Pyrus,genus,2986532
Kalmia procumbens,Plantae,kingdom,6
Kalmia procumbens,Tracheophyta,phylum,7707728
Kalmia procumbens,Magnoliopsida,class,220
Kalmia procumbens,Ericales,order,1353
Kalmia procumbens,Ericaceae,family,2505
Kalmia procumbens,Kalmia,genus,2882989
Kalmia procumbens,Kalmia procumbens,species,7601217
Fragaria vesca,Plantae,kingdom,6
Fragaria vesca,Tracheophyta,phylum,7707728
Fragaria vesca,Magnoliopsida,class,220
Fragaria vesca,Rosales,order,691
Fragaria vesca,Rosaceae,family,5015
Fragaria vesca,Fragaria,genus,3029779
Fragaria vesca,Fragaria vesca,species,3029817
Pinus mugo,Plantae,kingdom,6
Pinus mugo,Tracheophyta,phylum,7707728
Pinus mugo,Pinopsida,class,194
Pinus mugo,Pinales,order,640
Pinus mugo,Pinaceae,family,3925
Pinus mugo,Pinus,genus,2684241
Pinus mugo,Pinus mugo,species,5285385
Pinus nigra,Plantae,kingdom,6
Pinus nigra,Tracheophyta,phylum,7707728
Pinus nigra,Pinopsida,class,194
Pinus nigra,Pinales,order,640
Pinus nigra,Pinaceae,family,3925
Pinus nigra,Pinus,genus,2684241
Pinus nigra,Pinus nigra,species,5284809
Ajuga,Plantae,kingdom,6
Ajuga,Tracheophyta,phylum,7707728
Ajuga,Magnoliopsida,class,220
Ajuga,Lamiales,order,408
Ajuga,Lamiaceae,family,2497
Ajuga,Ajuga,genus,2927077
Lotus sp.,Plantae,kingdom,6
Lotus sp.,Tracheophyta,phylum,7707728
Lotus sp.,Magnoliopsida,class,220
Lotus sp.,Fabales,order,1370
Lotus sp.,Fabaceae,family,5386
Lotus sp.,Lotus,genus,10220564
Melilotus,Plantae,kingdom,6
Melilotus,Tracheophyta,phylum,7707728
Melilotus,Magnoliopsida,class,220
Melilotus,Fabales,order,1370
Melilotus,Fabaceae,family,5386
Melilotus,Melilotus,genus,4924408
Sambucus racemosa-type,Plantae,kingdom,6
Sambucus racemosa-type,Tracheophyta,phylum,7707728
Sambucus racemosa-type,Magnoliopsida,class,220
Sambucus racemosa-type,Dipsacales,order,946
Sambucus racemosa-type,Viburnaceae,family,4924416
Sambucus racemosa-type,Sambucus,genus,2888721
Morus nigra,Plantae,kingdom,6
Morus nigra,Tracheophyta,phylum,7707728
Morus nigra,Magnoliopsida,class,220
Morus nigra,Rosales,order,691
Morus nigra,Moraceae,family,6640
Morus nigra,Morus,genus,2984545
Morus nigra,Morus nigra,species,5361888
Centaurea aspera-type,Plantae,kingdom,6
Centaurea aspera-type,Tracheophyta,phylum,7707728
Centaurea aspera-type,Magnoliopsida,class,220
Centaurea aspera-type,Asterales,order,414
Centaurea aspera-type,Asteraceae,family,3065
Centaurea aspera-type,Centaurea,genus,3127469
Cirsium cf. C. palustre,Plantae,kingdom,6
Cirsium cf. C. palustre,Tracheophyta,phylum,7707728
Cirsium cf. C. palustre,Magnoliopsida,class,220
Cirsium cf. C. palustre,Asterales,order,414
Cirsium cf. C. palustre,Asteraceae,family,3065
Cirsium cf. C. palustre,Cirsium,genus,3112554
Cyanus triumfettii,Plantae,kingdom,6
Cyanus triumfettii,Tracheophyta,phylum,7707728
Cyanus triumfettii,Magnoliopsida,class,220
Cyanus triumfettii,Asterales,order,414
Cyanus triumfettii,Asteraceae,family,3065
Cyanus triumfettii,Centaurea,genus,3127469
Cyanus triumfettii,Centaurea triumfettii,species,3127633
Liliales,Plantae,kingdom,6
Liliales,Tracheophyta,phylum,7707728
Liliales,Liliopsida,class,196
Liliales,Liliales,order,1172
Pinus mugo/P. sylvestris,Plantae,kingdom,6
Pinus mugo/P. sylvestris,Tracheophyta,phylum,7707728
Pinus mugo/P. sylvestris,Pinopsida,class,194
Pinus mugo/P. sylvestris,Pinales,order,640
Pinus mugo/P. sylvestris,Pinaceae,family,3925
Pinus mugo/P. sylvestris,Pinus,genus,2684241
Plantago maritima subsp. serpentina,Plantae,kingdom,6
Plantago maritima subsp. serpentina,Tracheophyta,phylum,7707728
Plantago maritima subsp. serpentina,Magnoliopsida,class,220
Plantago maritima subsp. serpentina,Lamiales,order,408
Plantago maritima subsp. serpentina,Plantaginaceae,family,2420
Plantago maritima subsp. serpentina,Plantago,genus,3189695
Plantago maritima subsp. serpentina,Plantago strictissima,species,4155529
Plantago maritima subsp. serpentina,Plantago maritima serpentina,subspecies,4936228
Plantago maritima subsp. serpentina,Plantae,kingdom,6
Plantago maritima subsp. serpentina,Tracheophyta,phylum,7707728
Plantago maritima subsp. serpentina,Magnoliopsida,class,220
Plantago maritima subsp. serpentina,Lamiales,order,408
Plantago maritima subsp. serpentina,Plantaginaceae,family,2420
Plantago maritima subsp. serpentina,Plantago,genus,3189695
Plantago maritima subsp. serpentina,Plantago maritima,species,3189755
Plantago maritima subsp. serpentina,Plantago maritima serpentina,subspecies,12296452
Polycarpon tetraphyllum,Plantae,kingdom,6
Polycarpon tetraphyllum,Tracheophyta,phylum,7707728
Polycarpon tetraphyllum,Magnoliopsida,class,220
Polycarpon tetraphyllum,Caryophyllales,order,422
Polycarpon tetraphyllum,Caryophyllaceae,family,2518
Polycarpon tetraphyllum,Polycarpon,genus,3085379
Polycarpon tetraphyllum,Polycarpon tetraphyllum,species,3085381
Ranunculus fluitans-type,Plantae,kingdom,6
Ranunculus fluitans-type,Tracheophyta,phylum,7707728
Ranunculus fluitans-type,Magnoliopsida,class,220
Ranunculus fluitans-type,Ranunculales,order,399
Ranunculus fluitans-type,Ranunculaceae,family,2410
Ranunculus fluitans-type,Ranunculus,genus,3033294
Sesamoides,Plantae,kingdom,6
Sesamoides,Tracheophyta,phylum,7707728
Sesamoides,Magnoliopsida,class,220
Sesamoides,Brassicales,order,7225535
Sesamoides,Resedaceae,family,3110
Sesamoides,Sesamoides,genus,7275908
Solanum dulcamara/Sedum,Plantae,kingdom,6
Solanum dulcamara/Sedum,Tracheophyta,phylum,7707728
Solanum dulcamara/Sedum,Magnoliopsida,class,220
Solanum dulcamara/Sedum,Solanales,order,1176
Solanum dulcamara/Sedum,Solanaceae,family,7717
Solanum dulcamara/Sedum,Solanum,genus,2928997
Thalictrum minus,Plantae,kingdom,6
Thalictrum minus,Tracheophyta,phylum,7707728
Thalictrum minus,Magnoliopsida,class,220
Thalictrum minus,Ranunculales,order,399
Thalictrum minus,Ranunculaceae,family,2410
Thalictrum minus,Thalictrum,genus,3033112
Thalictrum minus,Thalictrum minus,species,3033129
Valeriana tuberosa,Plantae,kingdom,6
Valeriana tuberosa,Tracheophyta,phylum,7707728
Valeriana tuberosa,Magnoliopsida,class,220
Valeriana tuberosa,Dipsacales,order,946
Valeriana tuberosa,Caprifoliaceae,family,6710
Valeriana tuberosa,Valeriana,genus,2888741
Valeriana tuberosa,Valeriana tuberosa,species,4096119
Aconitum group,Plantae,kingdom,6
Aconitum group,Tracheophyta,phylum,7707728
Aconitum group,Magnoliopsida,class,220
Aconitum group,Ranunculales,order,399
Aconitum group,Ranunculaceae,family,2410
Aconitum group,Aconitum,genus,3033663
Anemone pulsatilla,Plantae,kingdom,6
Anemone pulsatilla,Tracheophyta,phylum,7707728
Anemone pulsatilla,Magnoliopsida,class,220
Anemone pulsatilla,Ranunculales,order,399
Anemone pulsatilla,Ranunculaceae,family,2410
Anemone pulsatilla,Pulsatilla,genus,3033620
Anemone pulsatilla,Pulsatilla vulgaris,species,3033621
Anemone pulsatilla,Plantae,kingdom,6
Anemone pulsatilla,Tracheophyta,phylum,7707728
Anemone pulsatilla,Magnoliopsida,class,220
Anemone pulsatilla,Ranunculales,order,399
Anemone pulsatilla,Ranunculaceae,family,2410
Anemone pulsatilla,Pulsatilla,genus,3033620
Anemone pulsatilla,Pulsatilla montana,species,7277925
Anemone pulsatilla group,Plantae,kingdom,6
Anemone pulsatilla group,Tracheophyta,phylum,7707728
Anemone pulsatilla group,Magnoliopsida,class,220
Anemone pulsatilla group,Ranunculales,order,399
Anemone pulsatilla group,Ranunculaceae,family,2410
Anemone pulsatilla group,Pulsatilla,genus,3033620
Anemone pulsatilla group,Pulsatilla vulgaris,species,3033621
Anemone pulsatilla group,Plantae,kingdom,6
Anemone pulsatilla group,Tracheophyta,phylum,7707728
Anemone pulsatilla group,Magnoliopsida,class,220
Anemone pulsatilla group,Ranunculales,order,399
Anemone pulsatilla group,Ranunculaceae,family,2410
Anemone pulsatilla group,Pulsatilla,genus,3033620
Anemone pulsatilla group,Pulsatilla montana,species,7277925
Consolida ambigua-type,Plantae,kingdom,6
Consolida ambigua-type,Tracheophyta,phylum,7707728
Consolida ambigua-type,Magnoliopsida,class,220
Consolida ambigua-type,Ranunculales,order,399
Consolida ambigua-type,Ranunculaceae,family,2410
Consolida ambigua-type,Delphinium,genus,3033687
Frangula alnus-type,Plantae,kingdom,6
Frangula alnus-type,Tracheophyta,phylum,7707728
Frangula alnus-type,Magnoliopsida,class,220
Frangula alnus-type,Rosales,order,691
Frangula alnus-type,Rhamnaceae,family,2407
Frangula alnus-type,Frangula,genus,3039453
Gratiola,Plantae,kingdom,6
Gratiola,Tracheophyta,phylum,7707728
Gratiola,Magnoliopsida,class,220
Gratiola,Lamiales,order,408
Gratiola,Plantaginaceae,family,2420
Gratiola,Gratiola,genus,3171914
Limonium vulgare (type A),Plantae,kingdom,6
Limonium vulgare (type A),Tracheophyta,phylum,7707728
Limonium vulgare (type A),Magnoliopsida,class,220
Limonium vulgare (type A),Caryophyllales,order,422
Limonium vulgare (type A),Plumbaginaceae,family,2419
Limonium vulgare (type A),Limonium,genus,3082293
Limonium vulgare (type A),Limonium vulgare,species,3082322
Ribes rubrum-type,Plantae,kingdom,6
Ribes rubrum-type,Tracheophyta,phylum,7707728
Ribes rubrum-type,Magnoliopsida,class,220
Ribes rubrum-type,Saxifragales,order,7219248
Ribes rubrum-type,Grossulariaceae,family,2403
Ribes rubrum-type,Ribes,genus,2986095
Sison amomum-type,Plantae,kingdom,6
Sison amomum-type,Tracheophyta,phylum,7707728
Sison amomum-type,Magnoliopsida,class,220
Sison amomum-type,Apiales,order,1351
Sison amomum-type,Apiaceae,family,6720
Sison amomum-type,Sison,genus,6026814
Solanum dulcamara-type,Plantae,kingdom,6
Solanum dulcamara-type,Tracheophyta,phylum,7707728
Solanum dulcamara-type,Magnoliopsida,class,220
Solanum dulcamara-type,Solanales,order,1176
Solanum dulcamara-type,Solanaceae,family,7717
Solanum dulcamara-type,Solanum,genus,2928997
Empetrum nigrum-type,Plantae,kingdom,6
Empetrum nigrum-type,Tracheophyta,phylum,7707728
Empetrum nigrum-type,Magnoliopsida,class,220
Empetrum nigrum-type,Ericales,order,1353
Empetrum nigrum-type,Ericaceae,family,2505
Empetrum nigrum-type,Empetrum,genus,2888367
Prunella vulgaris-type,Animalia,kingdom,1
Prunella vulgaris-type,Chordata,phylum,44
Prunella vulgaris-type,Aves,class,212
Prunella vulgaris-type,Passeriformes,order,729
Prunella vulgaris-type,Prunellidae,family,5273
Prunella vulgaris-type,Prunella,genus,2495070
Prunella vulgaris-type,Plantae,kingdom,6
Prunella vulgaris-type,Tracheophyta,phylum,7707728
Prunella vulgaris-type,Magnoliopsida,class,220
Prunella vulgaris-type,Lamiales,order,408
Prunella vulgaris-type,Lamiaceae,family,2497
Prunella vulgaris-type,Prunella,genus,2926553
Amaranthaceae (small),Plantae,kingdom,6
Amaranthaceae (small),Tracheophyta,phylum,7707728
Amaranthaceae (small),Magnoliopsida,class,220
Amaranthaceae (small),Caryophyllales,order,422
Amaranthaceae (small),Amaranthaceae,family,3064
Apiaceae (apiculate),Plantae,kingdom,6
Apiaceae (apiculate),Tracheophyta,phylum,7707728
Apiaceae (apiculate),Magnoliopsida,class,220
Apiaceae (apiculate),Apiales,order,1351
Apiaceae (apiculate),Apiaceae,family,6720
Apiaceae (large),Plantae,kingdom,6
Apiaceae (large),Tracheophyta,phylum,7707728
Apiaceae (large),Magnoliopsida,class,220
Apiaceae (large),Apiales,order,1351
Apiaceae (large),Apiaceae,family,6720
Apiaceae (medium),Plantae,kingdom,6
Apiaceae (medium),Tracheophyta,phylum,7707728
Apiaceae (medium),Magnoliopsida,class,220
Apiaceae (medium),Apiales,order,1351
Apiaceae (medium),Apiaceae,family,6720
Apiaceae (small),Plantae,kingdom,6
Apiaceae (small),Tracheophyta,phylum,7707728
Apiaceae (small),Magnoliopsida,class,220
Apiaceae (small),Apiales,order,1351
Apiaceae (small),Apiaceae,family,6720
Caryophyllaceae (large),Plantae,kingdom,6
Caryophyllaceae (large),Tracheophyta,phylum,7707728
Caryophyllaceae (large),Magnoliopsida,class,220
Caryophyllaceae (large),Caryophyllales,order,422
Caryophyllaceae (large),Caryophyllaceae,family,2518
Caryophyllaceae (small),Plantae,kingdom,6
Caryophyllaceae (small),Tracheophyta,phylum,7707728
Caryophyllaceae (small),Magnoliopsida,class,220
Caryophyllaceae (small),Caryophyllales,order,422
Caryophyllaceae (small),Caryophyllaceae,family,2518
Pinus (large),Plantae,kingdom,6
Pinus (large),Tracheophyta,phylum,7707728
Pinus (large),Pinopsida,class,194
Pinus (large),Pinales,order,640
Pinus (large),Pinaceae,family,3925
Pinus (large),Pinus,genus,2684241
Pinus (small),Plantae,kingdom,6
Pinus (small),Tracheophyta,phylum,7707728
Pinus (small),Pinopsida,class,194
Pinus (small),Pinales,order,640
Pinus (small),Pinaceae,family,3925
Pinus (small),Pinus,genus,2684241
Poaceae (small),Plantae,kingdom,6
Poaceae (small),Tracheophyta,phylum,7707728
Poaceae (small),Liliopsida,class,196
Poaceae (small),Poales,order,1369
Poaceae (small),Poaceae,family,3073
Quercus rotundifolia,Plantae,kingdom,6
Quercus rotundifolia,Tracheophyta,phylum,7707728
Quercus rotundifolia,Magnoliopsida,class,220
Quercus rotundifolia,Fagales,order,1354
Quercus rotundifolia,Fagaceae,family,4689
Quercus rotundifolia,Quercus,genus,2877951
Quercus rotundifolia,Quercus rotundifolia,species,2881550
Symphoricarpos,Plantae,kingdom,6
Symphoricarpos,Tracheophyta,phylum,7707728
Symphoricarpos,Magnoliopsida,class,220
Symphoricarpos,Dipsacales,order,946
Symphoricarpos,Caprifoliaceae,family,6710
Symphoricarpos,Symphoricarpos,genus,7892576
Lotus maritimus,Plantae,kingdom,6
Lotus maritimus,Tracheophyta,phylum,7707728
Lotus maritimus,Magnoliopsida,class,220
Lotus maritimus,Fabales,order,1370
Lotus maritimus,Fabaceae,family,5386
Lotus maritimus,Lotus,genus,10220564
Lotus maritimus,Lotus maritimus,species,5356973
Trifolium pannonicum,Plantae,kingdom,6
Trifolium pannonicum,Tracheophyta,phylum,7707728
Trifolium pannonicum,Magnoliopsida,class,220
Trifolium pannonicum,Fabales,order,1370
Trifolium pannonicum,Fabaceae,family,5386
Trifolium pannonicum,Trifolium,genus,2973363
Trifolium pannonicum,Trifolium pannonicum,species,5359067
"Poaceae (Cerealia-type, indeterminable)",Plantae,kingdom,6
"Poaceae (Cerealia-type, indeterminable)",Tracheophyta,phylum,7707728
"Poaceae (Cerealia-type, indeterminable)",Liliopsida,class,196
"Poaceae (Cerealia-type, indeterminable)",Poales,order,1369
"Poaceae (Cerealia-type, indeterminable)",Poaceae,family,3073
Centaurea pro parte,Plantae,kingdom,6
Centaurea pro parte,Tracheophyta,phylum,7707728
Centaurea pro parte,Magnoliopsida,class,220
Centaurea pro parte,Asterales,order,414
Centaurea pro parte,Asteraceae,family,3065
Centaurea pro parte,Centaurea,genus,3127469
Cistus pro parte,Plantae,kingdom,6
Cistus pro parte,Tracheophyta,phylum,7707728
Cistus pro parte,Magnoliopsida,class,220
Cistus pro parte,Malvales,order,941
Cistus pro parte,Cistaceae,family,6635
Cistus pro parte,Cistus,genus,2874026
Plantago altissima-type,Plantae,kingdom,6
Plantago altissima-type,Tracheophyta,phylum,7707728
Plantago altissima-type,Magnoliopsida,class,220
Plantago altissima-type,Lamiales,order,408
Plantago altissima-type,Plantaginaceae,family,2420
Plantago altissima-type,Plantago,genus,3189695
Plantago argentea-type,Plantae,kingdom,6
Plantago argentea-type,Tracheophyta,phylum,7707728
Plantago argentea-type,Magnoliopsida,class,220
Plantago argentea-type,Lamiales,order,408
Plantago argentea-type,Plantaginaceae,family,2420
Plantago argentea-type,Plantago,genus,3189695
Plantago carinata-type,Plantae,kingdom,6
Plantago carinata-type,Tracheophyta,phylum,7707728
Plantago carinata-type,Magnoliopsida,class,220
Plantago carinata-type,Lamiales,order,408
Plantago carinata-type,Plantaginaceae,family,2420
Plantago carinata-type,Plantago,genus,3189695
Quercus pro parte,Plantae,kingdom,6
Quercus pro parte,Tracheophyta,phylum,7707728
Quercus pro parte,Magnoliopsida,class,220
Quercus pro parte,Fagales,order,1354
Quercus pro parte,Fagaceae,family,4689
Quercus pro parte,Quercus,genus,2877951
Alnus viridis subsp. suaveolens,Plantae,kingdom,6
Alnus viridis subsp. suaveolens,Tracheophyta,phylum,7707728
Alnus viridis subsp. suaveolens,Magnoliopsida,class,220
Alnus viridis subsp. suaveolens,Fagales,order,1354
Alnus viridis subsp. suaveolens,Betulaceae,family,4688
Alnus viridis subsp. suaveolens,Alnus,genus,2876099
Alnus viridis subsp. suaveolens,Alnus alnobetula,species,8956987
Alnus viridis subsp. suaveolens,Alnus viridis suaveolens,subspecies,2876366
Pinus laricio,Plantae,kingdom,6
Pinus laricio,Tracheophyta,phylum,7707728
Pinus laricio,Pinopsida,class,194
Pinus laricio,Pinales,order,640
Pinus laricio,Pinaceae,family,3925
Pinus laricio,Pinus,genus,2684241
Pinus laricio,Pinus pinaster,species,5285565
Pinus laricio,Plantae,kingdom,6
Pinus laricio,Tracheophyta,phylum,7707728
Pinus laricio,Pinopsida,class,194
Pinus laricio,Pinales,order,640
Pinus laricio,Pinaceae,family,3925
Pinus laricio,Pinus,genus,2684241
Pinus laricio,Pinus nigra,species,5284809
Pinus maritima,Plantae,kingdom,6
Pinus maritima,Tracheophyta,phylum,7707728
Pinus maritima,Pinopsida,class,194
Pinus maritima,Pinales,order,640
Pinus maritima,Pinaceae,family,3925
Pinus maritima,Pinus,genus,2684241
Pinus maritima,Pinus halepensis,species,5285604
Pinus maritima,Plantae,kingdom,6
Pinus maritima,Tracheophyta,phylum,7707728
Pinus maritima,Pinopsida,class,194
Pinus maritima,Pinales,order,640
Pinus maritima,Pinaceae,family,3925
Pinus maritima,Pinus,genus,2684241
Pinus maritima,Pinus pinaster,species,5285565
Pinus maritima,Plantae,kingdom,6
Pinus maritima,Tracheophyta,phylum,7707728
Pinus maritima,Pinopsida,class,194
Pinus maritima,Pinales,order,640
Pinus maritima,Pinaceae,family,3925
Pinus maritima,Pinus,genus,2684241
Pinus maritima,Pinus halepensis,species,5285604
Coriaria myrtifolia,Plantae,kingdom,6
Coriaria myrtifolia,Tracheophyta,phylum,7707728
Coriaria myrtifolia,Magnoliopsida,class,220
Coriaria myrtifolia,Cucurbitales,order,7224005
Coriaria myrtifolia,Coriariaceae,family,3701754
Coriaria myrtifolia,Coriaria,genus,7323108
Coriaria myrtifolia,Coriaria myrtifolia,species,3701787
Linum cf. L. usitatissimum,Plantae,kingdom,6
Linum cf. L. usitatissimum,Tracheophyta,phylum,7707728
Linum cf. L. usitatissimum,Magnoliopsida,class,220
Linum cf. L. usitatissimum,Malpighiales,order,1414
Linum cf. L. usitatissimum,Linaceae,family,2493
Linum cf. L. usitatissimum,Linum,genus,2873855
Papaver rhoeas,Plantae,kingdom,6
Papaver rhoeas,Tracheophyta,phylum,7707728
Papaver rhoeas,Magnoliopsida,class,220
Papaver rhoeas,Ranunculales,order,399
Papaver rhoeas,Papaveraceae,family,2422
Papaver rhoeas,Papaver,genus,2888431
Papaver rhoeas,Papaver rhoeas,species,2888443
Convolvulaceae undiff.,Plantae,kingdom,6
Convolvulaceae undiff.,Tracheophyta,phylum,7707728
Convolvulaceae undiff.,Magnoliopsida,class,220
Convolvulaceae undiff.,Solanales,order,1176
Convolvulaceae undiff.,Convolvulaceae,family,2389
Cornus subg. Thelycrania,Plantae,kingdom,6
Cornus subg. Thelycrania,Tracheophyta,phylum,7707728
Cornus subg. Thelycrania,Magnoliopsida,class,220
Cornus subg. Thelycrania,Cornales,order,949
Cornus subg. Thelycrania,Cornaceae,family,6713
Cornus subg. Thelycrania,Cornus,genus,3082226
Lythraceae undiff.,Plantae,kingdom,6
Lythraceae undiff.,Tracheophyta,phylum,7707728
Lythraceae undiff.,Magnoliopsida,class,220
Lythraceae undiff.,Myrtales,order,690
Lythraceae undiff.,Lythraceae,family,6684
Cousinia,Plantae,kingdom,6
Cousinia,Tracheophyta,phylum,7707728
Cousinia,Magnoliopsida,class,220
Cousinia,Asterales,order,414
Cousinia,Asteraceae,family,3065
Cousinia,Cousinia,genus,3101721
Lomelosia rotata-type,Plantae,kingdom,6
Lomelosia rotata-type,Tracheophyta,phylum,7707728
Lomelosia rotata-type,Magnoliopsida,class,220
Lomelosia rotata-type,Dipsacales,order,946
Lomelosia rotata-type,Caprifoliaceae,family,6710
Lomelosia rotata-type,Lomelosia,genus,7139039
Arctous alpina/A. rubra,Plantae,kingdom,6
Arctous alpina/A. rubra,Tracheophyta,phylum,7707728
Arctous alpina/A. rubra,Magnoliopsida,class,220
Arctous alpina/A. rubra,Ericales,order,1353
Arctous alpina/A. rubra,Ericaceae,family,2505
Arctous alpina/A. rubra,Arctous,genus,7134933
Elaeagnus commutata,Plantae,kingdom,6
Elaeagnus commutata,Tracheophyta,phylum,7707728
Elaeagnus commutata,Magnoliopsida,class,220
Elaeagnus commutata,Rosales,order,691
Elaeagnus commutata,Elaeagnaceae,family,2408
Elaeagnus commutata,Elaeagnus,genus,3039266
Elaeagnus commutata,Elaeagnus commutata,species,3039274
Picea glauca,Plantae,kingdom,6
Picea glauca,Tracheophyta,phylum,7707728
Picea glauca,Pinopsida,class,194
Picea glauca,Pinales,order,640
Picea glauca,Pinaceae,family,3925
Picea glauca,Picea,genus,7606064
Picea glauca,Picea glauca,species,5284745
Picea mariana,Plantae,kingdom,6
Picea mariana,Tracheophyta,phylum,7707728
Picea mariana,Pinopsida,class,194
Picea mariana,Pinales,order,640
Picea mariana,Pinaceae,family,3925
Picea mariana,Picea,genus,7606064
Picea mariana,Picea mariana,species,5284802
Iva annua,Plantae,kingdom,6
Iva annua,Tracheophyta,phylum,7707728
Iva annua,Magnoliopsida,class,220
Iva annua,Asterales,order,414
Iva annua,Asteraceae,family,3065
Iva annua,Iva,genus,3141879
Iva annua,Iva annua,species,5402627
Cassiope,Plantae,kingdom,6
Cassiope,Tracheophyta,phylum,7707728
Cassiope,Magnoliopsida,class,220
Cassiope,Ericales,order,1353
Cassiope,Ericaceae,family,2505
Cassiope,Cassiope,genus,2882766
Cassiope,Animalia,kingdom,1
Cassiope,Mollusca,phylum,52
Cassiope,Gastropoda,class,225
Cassiope,Cassiopidae,family,3243807
Cassiope,Cassiope,genus,3244691
Cnidium,Plantae,kingdom,6
Cnidium,Tracheophyta,phylum,7707728
Cnidium,Magnoliopsida,class,220
Cnidium,Apiales,order,1351
Cnidium,Apiaceae,family,6720
Cnidium,Cnidium,genus,8163350
Dodecatheon,Plantae,kingdom,6
Dodecatheon,Tracheophyta,phylum,7707728
Dodecatheon,Magnoliopsida,class,220
Dodecatheon,Ericales,order,1353
Dodecatheon,Primulaceae,family,6674
Dodecatheon,Dodecatheon,genus,7597718
Douglasia,Plantae,kingdom,6
Douglasia,Tracheophyta,phylum,7707728
Douglasia,Magnoliopsida,class,220
Douglasia,Ericales,order,1353
Douglasia,Primulaceae,family,6674
Douglasia,Androsace,genus,3169318
Douglasia,Animalia,kingdom,1
Douglasia,Arthropoda,phylum,54
Douglasia,Insecta,class,216
Douglasia,Lepidoptera,order,797
Douglasia,Douglasiidae,family,5320
Douglasia,Tinagma,genus,1751200
Lagotis glauca,Plantae,kingdom,6
Lagotis glauca,Tracheophyta,phylum,7707728
Lagotis glauca,Magnoliopsida,class,220
Lagotis glauca,Lamiales,order,408
Lagotis glauca,Plantaginaceae,family,2420
Lagotis glauca,Lagotis,genus,5938802
Lagotis glauca,Lagotis glauca,species,5938803
Lesquerella,Plantae,kingdom,6
Lesquerella,Tracheophyta,phylum,7707728
Lesquerella,Magnoliopsida,class,220
Lesquerella,Brassicales,order,7225535
Lesquerella,Brassicaceae,family,3112
Lesquerella,Physaria,genus,8616804
Pedicularis lanceolata,Plantae,kingdom,6
Pedicularis lanceolata,Tracheophyta,phylum,7707728
Pedicularis lanceolata,Magnoliopsida,class,220
Pedicularis lanceolata,Lamiales,order,408
Pedicularis lanceolata,Orobanchaceae,family,6651
Pedicularis lanceolata,Pedicularis,genus,3171670
Pedicularis lanceolata,Pedicularis lanceolata,species,3171676
Plantago canescens,Plantae,kingdom,6
Plantago canescens,Tracheophyta,phylum,7707728
Plantago canescens,Magnoliopsida,class,220
Plantago canescens,Lamiales,order,408
Plantago canescens,Plantaginaceae,family,2420
Plantago canescens,Plantago,genus,3189695
Plantago canescens,Plantago canescens,species,3189756
Mertensia,Animalia,kingdom,1
Mertensia,Ctenophora,phylum,51
Mertensia,Tentaculata,class,365
Mertensia,Cydippida,order,1489
Mertensia,Mertensiidae,family,7396
Mertensia,Mertensia,genus,2501160
Mertensia,Plantae,kingdom,6
Mertensia,Tracheophyta,phylum,7707728
Mertensia,Magnoliopsida,class,220
Mertensia,Boraginales,order,7226464
Mertensia,Boraginaceae,family,2498
Mertensia,Mertensia,genus,2663415
Acer cf. A. negundo,Plantae,kingdom,6
Acer cf. A. negundo,Tracheophyta,phylum,7707728
Acer cf. A. negundo,Magnoliopsida,class,220
Acer cf. A. negundo,Sapindales,order,933
Acer cf. A. negundo,Sapindaceae,family,6657
Acer cf. A. negundo,Acer,genus,3189834
Lewisia,Plantae,kingdom,6
Lewisia,Tracheophyta,phylum,7707728
Lewisia,Magnoliopsida,class,220
Lewisia,Caryophyllales,order,422
Lewisia,Montiaceae,family,4898338
Lewisia,Lewisia,genus,3084625
Lewisia,Animalia,kingdom,1
Lewisia,Mollusca,phylum,52
Lewisia,Gastropoda,class,225
Lewisia,Cycloneritida,order,9680972
Lewisia,Helicinidae,family,7054
Lewisia,Lewisia,genus,3248516
Polygonum californicum-type,Plantae,kingdom,6
Polygonum californicum-type,Tracheophyta,phylum,7707728
Polygonum californicum-type,Magnoliopsida,class,220
Polygonum californicum-type,Caryophyllales,order,422
Polygonum californicum-type,Polygonaceae,family,2416
Polygonum californicum-type,Polygonum,genus,2889077
Cornus canadensis,Plantae,kingdom,6
Cornus canadensis,Tracheophyta,phylum,7707728
Cornus canadensis,Magnoliopsida,class,220
Cornus canadensis,Cornales,order,949
Cornus canadensis,Cornaceae,family,6713
Cornus canadensis,Cornus,genus,3082226
Cornus canadensis,Cornus canadensis,species,3082270
Cornus racemosa,Plantae,kingdom,6
Cornus racemosa,Tracheophyta,phylum,7707728
Cornus racemosa,Magnoliopsida,class,220
Cornus racemosa,Cornales,order,949
Cornus racemosa,Cornaceae,family,6713
Cornus racemosa,Cornus,genus,3082226
Cornus racemosa,Cornus racemosa,species,3082264
Fraxinus nigra,Plantae,kingdom,6
Fraxinus nigra,Tracheophyta,phylum,7707728
Fraxinus nigra,Magnoliopsida,class,220
Fraxinus nigra,Lamiales,order,408
Fraxinus nigra,Oleaceae,family,6652
Fraxinus nigra,Fraxinus,genus,3172323
Fraxinus nigra,Fraxinus nigra,species,3172369
Fraxinus pennsylvanica,Plantae,kingdom,6
Fraxinus pennsylvanica,Tracheophyta,phylum,7707728
Fraxinus pennsylvanica,Magnoliopsida,class,220
Fraxinus pennsylvanica,Lamiales,order,408
Fraxinus pennsylvanica,Oleaceae,family,6652
Fraxinus pennsylvanica,Fraxinus,genus,3172323
Fraxinus pennsylvanica,Fraxinus pennsylvanica,species,3172348
Pinus contorta,Plantae,kingdom,6
Pinus contorta,Tracheophyta,phylum,7707728
Pinus contorta,Pinopsida,class,194
Pinus contorta,Pinales,order,640
Pinus contorta,Pinaceae,family,3925
Pinus contorta,Pinus,genus,2684241
Pinus contorta,Pinus contorta,species,5285750
Acer circinatum-type,Plantae,kingdom,6
Acer circinatum-type,Tracheophyta,phylum,7707728
Acer circinatum-type,Magnoliopsida,class,220
Acer circinatum-type,Sapindales,order,933
Acer circinatum-type,Sapindaceae,family,6657
Acer circinatum-type,Acer,genus,3189834
Acer macrophyllum-type,Plantae,kingdom,6
Acer macrophyllum-type,Tracheophyta,phylum,7707728
Acer macrophyllum-type,Magnoliopsida,class,220
Acer macrophyllum-type,Sapindales,order,933
Acer macrophyllum-type,Sapindaceae,family,6657
Acer macrophyllum-type,Acer,genus,3189834
Bistorta bistortoides-type,Plantae,kingdom,6
Bistorta bistortoides-type,Tracheophyta,phylum,7707728
Bistorta bistortoides-type,Magnoliopsida,class,220
Bistorta bistortoides-type,Caryophyllales,order,422
Bistorta bistortoides-type,Polygonaceae,family,2416
Bistorta bistortoides-type,Bistorta,genus,8148051
Cornus canadensis-type,Plantae,kingdom,6
Cornus canadensis-type,Tracheophyta,phylum,7707728
Cornus canadensis-type,Magnoliopsida,class,220
Cornus canadensis-type,Cornales,order,949
Cornus canadensis-type,Cornaceae,family,6713
Cornus canadensis-type,Cornus,genus,3082226
Lysichiton,Plantae,kingdom,6
Lysichiton,Tracheophyta,phylum,7707728
Lysichiton,Liliopsida,class,196
Lysichiton,Alismatales,order,551
Lysichiton,Araceae,family,6979
Lysichiton,Lysichiton,genus,2869300
Alnus (pentaporate),Plantae,kingdom,6
Alnus (pentaporate),Tracheophyta,phylum,7707728
Alnus (pentaporate),Magnoliopsida,class,220
Alnus (pentaporate),Fagales,order,1354
Alnus (pentaporate),Betulaceae,family,4688
Alnus (pentaporate),Alnus,genus,2876099
Alnus (tetraporate),Plantae,kingdom,6
Alnus (tetraporate),Tracheophyta,phylum,7707728
Alnus (tetraporate),Magnoliopsida,class,220
Alnus (tetraporate),Fagales,order,1354
Alnus (tetraporate),Betulaceae,family,4688
Alnus (tetraporate),Alnus,genus,2876099
Amorpha,Animalia,kingdom,1
Amorpha,Arthropoda,phylum,54
Amorpha,Insecta,class,216
Amorpha,Lepidoptera,order,797
Amorpha,Sphingidae,family,8868
Amorpha,Amorpha,genus,1863091
Amorpha,Plantae,kingdom,6
Amorpha,Tracheophyta,phylum,7707728
Amorpha,Magnoliopsida,class,220
Amorpha,Fabales,order,1370
Amorpha,Fabaceae,family,5386
Amorpha,Amorpha,genus,2965599
Gilia,Animalia,kingdom,1
Gilia,Cnidaria,phylum,43
Gilia,Hydrozoa,class,205
Gilia,Siphonophorae,order,6180736
Gilia,Diphyidae,family,8188
Gilia,Gilia,genus,2264938
Gilia,Plantae,kingdom,6
Gilia,Tracheophyta,phylum,7707728
Gilia,Magnoliopsida,class,220
Gilia,Ericales,order,1353
Gilia,Polemoniaceae,family,6648
Gilia,Gilia,genus,2927566
Pedicularis contorta-type,Plantae,kingdom,6
Pedicularis contorta-type,Tracheophyta,phylum,7707728
Pedicularis contorta-type,Magnoliopsida,class,220
Pedicularis contorta-type,Lamiales,order,408
Pedicularis contorta-type,Orobanchaceae,family,6651
Pedicularis contorta-type,Pedicularis,genus,3171670
Pedicularis groenlandica-type,Plantae,kingdom,6
Pedicularis groenlandica-type,Tracheophyta,phylum,7707728
Pedicularis groenlandica-type,Magnoliopsida,class,220
Pedicularis groenlandica-type,Lamiales,order,408
Pedicularis groenlandica-type,Orobanchaceae,family,6651
Pedicularis groenlandica-type,Pedicularis,genus,3171670
Polygonum californicum,Plantae,kingdom,6
Polygonum californicum,Tracheophyta,phylum,7707728
Polygonum californicum,Magnoliopsida,class,220
Polygonum californicum,Caryophyllales,order,422
Polygonum californicum,Polygonaceae,family,2416
Polygonum californicum,Polygonum,genus,2889077
Polygonum californicum,Polygonum californicum,species,5334309
Ribes lacustre,Plantae,kingdom,6
Ribes lacustre,Tracheophyta,phylum,7707728
Ribes lacustre,Magnoliopsida,class,220
Ribes lacustre,Saxifragales,order,7219248
Ribes lacustre,Grossulariaceae,family,2403
Ribes lacustre,Ribes,genus,2986095
Ribes lacustre,Ribes lacustre,species,2986194
Ribes montigenum,Plantae,kingdom,6
Ribes montigenum,Tracheophyta,phylum,7707728
Ribes montigenum,Magnoliopsida,class,220
Ribes montigenum,Saxifragales,order,7219248
Ribes montigenum,Grossulariaceae,family,2403
Ribes montigenum,Ribes,genus,2986095
Ribes montigenum,Ribes montigenum,species,10137876
Ribes undiff.,Plantae,kingdom,6
Ribes undiff.,Tracheophyta,phylum,7707728
Ribes undiff.,Magnoliopsida,class,220
Ribes undiff.,Saxifragales,order,7219248
Ribes undiff.,Grossulariaceae,family,2403
Ribes undiff.,Ribes,genus,2986095
Juglans cinerea-type,Plantae,kingdom,6
Juglans cinerea-type,Tracheophyta,phylum,7707728
Juglans cinerea-type,Magnoliopsida,class,220
Juglans cinerea-type,Fagales,order,1354
Juglans cinerea-type,Juglandaceae,family,2499
Juglans cinerea-type,Juglans,genus,3054350
Pinus banksiana/P. resinosa,Plantae,kingdom,6
Pinus banksiana/P. resinosa,Tracheophyta,phylum,7707728
Pinus banksiana/P. resinosa,Pinopsida,class,194
Pinus banksiana/P. resinosa,Pinales,order,640
Pinus banksiana/P. resinosa,Pinaceae,family,3925
Pinus banksiana/P. resinosa,Pinus,genus,2684241
Zanthoxylum,Plantae,kingdom,6
Zanthoxylum,Tracheophyta,phylum,7707728
Zanthoxylum,Magnoliopsida,class,220
Zanthoxylum,Sapindales,order,933
Zanthoxylum,Rutaceae,family,2396
Zanthoxylum,Zanthoxylum,genus,3190076
Acer saccharinum,Plantae,kingdom,6
Acer saccharinum,Tracheophyta,phylum,7707728
Acer saccharinum,Magnoliopsida,class,220
Acer saccharinum,Sapindales,order,933
Acer saccharinum,Sapindaceae,family,6657
Acer saccharinum,Acer,genus,3189834
Acer saccharinum,Acer saccharinum,species,3189837
Cornus florida,Plantae,kingdom,6
Cornus florida,Tracheophyta,phylum,7707728
Cornus florida,Magnoliopsida,class,220
Cornus florida,Cornales,order,949
Cornus florida,Cornaceae,family,6713
Cornus florida,Cornus,genus,3082226
Cornus florida,Cornus florida,species,3082240
Itea,Plantae,kingdom,6
Itea,Tracheophyta,phylum,7707728
Itea,Magnoliopsida,class,220
Itea,Saxifragales,order,7219248
Itea,Iteaceae,family,3230646
Itea,Itea,genus,2986224
Juglans undiff.,Plantae,kingdom,6
Juglans undiff.,Tracheophyta,phylum,7707728
Juglans undiff.,Magnoliopsida,class,220
Juglans undiff.,Fagales,order,1354
Juglans undiff.,Juglandaceae,family,2499
Juglans undiff.,Juglans,genus,3054350
Liriodendron,Plantae,kingdom,6
Liriodendron,Tracheophyta,phylum,7707728
Liriodendron,Magnoliopsida,class,220
Liriodendron,Magnoliales,order,718
Liriodendron,Magnoliaceae,family,4690
Liriodendron,Liriodendron,genus,3152860
Persicaria hydropiper-type,Plantae,kingdom,6
Persicaria hydropiper-type,Tracheophyta,phylum,7707728
Persicaria hydropiper-type,Magnoliopsida,class,220
Persicaria hydropiper-type,Caryophyllales,order,422
Persicaria hydropiper-type,Polygonaceae,family,2416
Persicaria hydropiper-type,Persicaria,genus,6390748
Sanguisorba canadensis,Plantae,kingdom,6
Sanguisorba canadensis,Tracheophyta,phylum,7707728
Sanguisorba canadensis,Magnoliopsida,class,220
Sanguisorba canadensis,Rosales,order,691
Sanguisorba canadensis,Rosaceae,family,5015
Sanguisorba canadensis,Sanguisorba,genus,3029383
Sanguisorba canadensis,Sanguisorba canadensis,species,3029411
Ephedra torreyana-type,Plantae,kingdom,6
Ephedra torreyana-type,Tracheophyta,phylum,7707728
Ephedra torreyana-type,Gnetopsida,class,282
Ephedra torreyana-type,Ephedrales,order,424
Ephedra torreyana-type,Ephedraceae,family,3114
Ephedra torreyana-type,Ephedra,genus,2653237
Lamiaceae cf. Stachys,Plantae,kingdom,6
Lamiaceae cf. Stachys,Tracheophyta,phylum,7707728
Lamiaceae cf. Stachys,Magnoliopsida,class,220
Lamiaceae cf. Stachys,Lamiales,order,408
Lamiaceae cf. Stachys,Lamiaceae,family,2497
Dalea candida,Plantae,kingdom,6
Dalea candida,Tracheophyta,phylum,7707728
Dalea candida,Magnoliopsida,class,220
Dalea candida,Fabales,order,1370
Dalea candida,Fabaceae,family,5386
Dalea candida,Dalea,genus,2954771
Dalea candida,Dalea candida,species,5353279
Dalea purpurea-type,Plantae,kingdom,6
Dalea purpurea-type,Tracheophyta,phylum,7707728
Dalea purpurea-type,Magnoliopsida,class,220
Dalea purpurea-type,Fabales,order,1370
Dalea purpurea-type,Fabaceae,family,5386
Dalea purpurea-type,Dalea,genus,2954771
Pinus banksiana,Plantae,kingdom,6
Pinus banksiana,Tracheophyta,phylum,7707728
Pinus banksiana,Pinopsida,class,194
Pinus banksiana,Pinales,order,640
Pinus banksiana,Pinaceae,family,3925
Pinus banksiana,Pinus,genus,2684241
Pinus banksiana,Pinus banksiana,species,5285533
Micranthes foliolosa-type,Plantae,kingdom,6
Micranthes foliolosa-type,Tracheophyta,phylum,7707728
Micranthes foliolosa-type,Magnoliopsida,class,220
Micranthes foliolosa-type,Saxifragales,order,7219248
Micranthes foliolosa-type,Saxifragaceae,family,2402
Micranthes foliolosa-type,Micranthes,genus,6447095
Micranthes hieraciifolia-type,Plantae,kingdom,6
Micranthes hieraciifolia-type,Tracheophyta,phylum,7707728
Micranthes hieraciifolia-type,Magnoliopsida,class,220
Micranthes hieraciifolia-type,Saxifragales,order,7219248
Micranthes hieraciifolia-type,Saxifragaceae,family,2402
Micranthes hieraciifolia-type,Micranthes,genus,6447095
Plantago canescens-type,Plantae,kingdom,6
Plantago canescens-type,Tracheophyta,phylum,7707728
Plantago canescens-type,Magnoliopsida,class,220
Plantago canescens-type,Lamiales,order,408
Plantago canescens-type,Plantaginaceae,family,2420
Plantago canescens-type,Plantago,genus,3189695
Saxifraga tricuspidata-type,Plantae,kingdom,6
Saxifraga tricuspidata-type,Tracheophyta,phylum,7707728
Saxifraga tricuspidata-type,Magnoliopsida,class,220
Saxifraga tricuspidata-type,Saxifragales,order,7219248
Saxifraga tricuspidata-type,Saxifragaceae,family,2402
Saxifraga tricuspidata-type,Saxifraga,genus,2987833
Micranthes foliolosa,Plantae,kingdom,6
Micranthes foliolosa,Tracheophyta,phylum,7707728
Micranthes foliolosa,Magnoliopsida,class,220
Micranthes foliolosa,Saxifragales,order,7219248
Micranthes foliolosa,Saxifragaceae,family,2402
Micranthes foliolosa,Micranthes,genus,6447095
Micranthes foliolosa,Micranthes foliolosa,species,5567695
Fraxinus americana,Plantae,kingdom,6
Fraxinus americana,Tracheophyta,phylum,7707728
Fraxinus americana,Magnoliopsida,class,220
Fraxinus americana,Lamiales,order,408
Fraxinus americana,Oleaceae,family,6652
Fraxinus americana,Fraxinus,genus,3172323
Fraxinus americana,Fraxinus americana,species,3172327
Myricaceae undiff.,Plantae,kingdom,6
Myricaceae undiff.,Tracheophyta,phylum,7707728
Myricaceae undiff.,Magnoliopsida,class,220
Myricaceae undiff.,Fagales,order,1354
Myricaceae undiff.,Myricaceae,family,2432
Picea cf. P. glauca,Plantae,kingdom,6
Picea cf. P. glauca,Tracheophyta,phylum,7707728
Picea cf. P. glauca,Pinopsida,class,194
Picea cf. P. glauca,Pinales,order,640
Picea cf. P. glauca,Pinaceae,family,3925
Picea cf. P. glauca,Picea,genus,7606064
Picea cf. P. mariana,Plantae,kingdom,6
Picea cf. P. mariana,Tracheophyta,phylum,7707728
Picea cf. P. mariana,Pinopsida,class,194
Picea cf. P. mariana,Pinales,order,640
Picea cf. P. mariana,Pinaceae,family,3925
Picea cf. P. mariana,Picea,genus,7606064
Pinus det. P. banksiana/P. resinosa,Plantae,kingdom,6
Pinus det. P. banksiana/P. resinosa,Tracheophyta,phylum,7707728
Pinus det. P. banksiana/P. resinosa,Pinopsida,class,194
Pinus det. P. banksiana/P. resinosa,Pinales,order,640
Pinus det. P. banksiana/P. resinosa,Pinaceae,family,3925
Pinus det. P. banksiana/P. resinosa,Pinus,genus,2684241
Pinus det. P. strobus,Plantae,kingdom,6
Pinus det. P. strobus,Tracheophyta,phylum,7707728
Pinus det. P. strobus,Pinopsida,class,194
Pinus det. P. strobus,Pinales,order,640
Pinus det. P. strobus,Pinaceae,family,3925
Pinus det. P. strobus,Pinus,genus,2684241
Abies lasiocarpa,Plantae,kingdom,6
Abies lasiocarpa,Tracheophyta,phylum,7707728
Abies lasiocarpa,Pinopsida,class,194
Abies lasiocarpa,Pinales,order,640
Abies lasiocarpa,Pinaceae,family,3925
Abies lasiocarpa,Abies,genus,2684876
Abies lasiocarpa,Abies lasiocarpa,species,2685313
Acer glabrum,Plantae,kingdom,6
Acer glabrum,Tracheophyta,phylum,7707728
Acer glabrum,Magnoliopsida,class,220
Acer glabrum,Sapindales,order,933
Acer glabrum,Sapindaceae,family,6657
Acer glabrum,Acer,genus,3189834
Acer glabrum,Acer glabrum,species,3189864
Agoseris glauca-type,Plantae,kingdom,6
Agoseris glauca-type,Tracheophyta,phylum,7707728
Agoseris glauca-type,Magnoliopsida,class,220
Agoseris glauca-type,Asterales,order,414
Agoseris glauca-type,Asteraceae,family,3065
Agoseris glauca-type,Agoseris,genus,3092887
Cornus sericea,Plantae,kingdom,6
Cornus sericea,Tracheophyta,phylum,7707728
Cornus sericea,Magnoliopsida,class,220
Cornus sericea,Cornales,order,949
Cornus sericea,Cornaceae,family,6713
Cornus sericea,Cornus,genus,3082226
Cornus sericea,Cornus sericea,species,3082244
Solidago canadensis,Plantae,kingdom,6
Solidago canadensis,Tracheophyta,phylum,7707728
Solidago canadensis,Magnoliopsida,class,220
Solidago canadensis,Asterales,order,414
Solidago canadensis,Asteraceae,family,3065
Solidago canadensis,Solidago,genus,5388868
Solidago canadensis,Solidago canadensis,species,5389029
Betula (shrub),Plantae,kingdom,6
Betula (shrub),Tracheophyta,phylum,7707728
Betula (shrub),Magnoliopsida,class,220
Betula (shrub),Fagales,order,1354
Betula (shrub),Betulaceae,family,4688
Betula (shrub),Betula,genus,2875008
Betula (small),Plantae,kingdom,6
Betula (small),Tracheophyta,phylum,7707728
Betula (small),Magnoliopsida,class,220
Betula (small),Fagales,order,1354
Betula (small),Betulaceae,family,4688
Betula (small),Betula,genus,2875008
Pinus subg. Pinus undiff.,Plantae,kingdom,6
Pinus subg. Pinus undiff.,Tracheophyta,phylum,7707728
Pinus subg. Pinus undiff.,Pinopsida,class,194
Pinus subg. Pinus undiff.,Pinales,order,640
Pinus subg. Pinus undiff.,Pinaceae,family,3925
Pinus subg. Pinus undiff.,Pinus,genus,2684241
Acer macrophyllum,Plantae,kingdom,6
Acer macrophyllum,Tracheophyta,phylum,7707728
Acer macrophyllum,Magnoliopsida,class,220
Acer macrophyllum,Sapindales,order,933
Acer macrophyllum,Sapindaceae,family,6657
Acer macrophyllum,Acer,genus,3189834
Acer macrophyllum,Acer macrophyllum,species,3189835
Alnus rubra,Plantae,kingdom,6
Alnus rubra,Tracheophyta,phylum,7707728
Alnus rubra,Magnoliopsida,class,220
Alnus rubra,Fagales,order,1354
Alnus rubra,Betulaceae,family,4688
Alnus rubra,Alnus,genus,2876099
Alnus rubra,Alnus rubra,species,2876176
Alnus viridis subsp. sinuata,Plantae,kingdom,6
Alnus viridis subsp. sinuata,Tracheophyta,phylum,7707728
Alnus viridis subsp. sinuata,Magnoliopsida,class,220
Alnus viridis subsp. sinuata,Fagales,order,1354
Alnus viridis subsp. sinuata,Betulaceae,family,4688
Alnus viridis subsp. sinuata,Alnus,genus,2876099
Alnus viridis subsp. sinuata,Alnus alnobetula,species,8956987
Alnus viridis subsp. sinuata,Alnus viridis sinuata,subspecies,7418275
Alnus (hexaporate),Plantae,kingdom,6
Alnus (hexaporate),Tracheophyta,phylum,7707728
Alnus (hexaporate),Magnoliopsida,class,220
Alnus (hexaporate),Fagales,order,1354
Alnus (hexaporate),Betulaceae,family,4688
Alnus (hexaporate),Alnus,genus,2876099
Chrysolepis,Plantae,kingdom,6
Chrysolepis,Tracheophyta,phylum,7707728
Chrysolepis,Magnoliopsida,class,220
Chrysolepis,Fagales,order,1354
Chrysolepis,Fagaceae,family,4689
Chrysolepis,Chrysolepis,genus,2882253
Nyctaginaceae,Plantae,kingdom,6
Nyctaginaceae,Tracheophyta,phylum,7707728
Nyctaginaceae,Magnoliopsida,class,220
Nyctaginaceae,Caryophyllales,order,422
Nyctaginaceae,Nyctaginaceae,family,6718
Onagraceae undiff.,Plantae,kingdom,6
Onagraceae undiff.,Tracheophyta,phylum,7707728
Onagraceae undiff.,Magnoliopsida,class,220
Onagraceae undiff.,Myrtales,order,690
Onagraceae undiff.,Onagraceae,family,2430
Pinus edulis,Plantae,kingdom,6
Pinus edulis,Tracheophyta,phylum,7707728
Pinus edulis,Pinopsida,class,194
Pinus edulis,Pinales,order,640
Pinus edulis,Pinaceae,family,3925
Pinus edulis,Pinus,genus,2684241
Pinus edulis,Pinus edulis,species,5285796
Pinus flexilis,Plantae,kingdom,6
Pinus flexilis,Tracheophyta,phylum,7707728
Pinus flexilis,Pinopsida,class,194
Pinus flexilis,Pinales,order,640
Pinus flexilis,Pinaceae,family,3925
Pinus flexilis,Pinus,genus,2684241
Pinus flexilis,Pinus flexilis,species,5285551
Pinus ponderosa,Plantae,kingdom,6
Pinus ponderosa,Tracheophyta,phylum,7707728
Pinus ponderosa,Pinopsida,class,194
Pinus ponderosa,Pinales,order,640
Pinus ponderosa,Pinaceae,family,3925
Pinus ponderosa,Pinus,genus,2684241
Pinus ponderosa,Pinus ponderosa,species,5285053
Asteroideae (coarse spine),Animalia,kingdom,1
Asteroideae (coarse spine),Echinodermata,phylum,50
Asteroideae (coarse spine),Asteroidea,class,214
Asteroideae (large),Animalia,kingdom,1
Asteroideae (large),Echinodermata,phylum,50
Asteroideae (large),Asteroidea,class,214
Pinus aristata,Plantae,kingdom,6
Pinus aristata,Tracheophyta,phylum,7707728
Pinus aristata,Pinopsida,class,194
Pinus aristata,Pinales,order,640
Pinus aristata,Pinaceae,family,3925
Pinus aristata,Pinus,genus,2684241
Pinus aristata,Pinus aristata,species,5285256
Myricaceae,Plantae,kingdom,6
Myricaceae,Tracheophyta,phylum,7707728
Myricaceae,Magnoliopsida,class,220
Myricaceae,Fagales,order,1354
Myricaceae,Myricaceae,family,2432
Alnus viridis subsp. crispa-type,Plantae,kingdom,6
Alnus viridis subsp. crispa-type,Tracheophyta,phylum,7707728
Alnus viridis subsp. crispa-type,Magnoliopsida,class,220
Alnus viridis subsp. crispa-type,Fagales,order,1354
Alnus viridis subsp. crispa-type,Betulaceae,family,4688
Alnus viridis subsp. crispa-type,Alnus,genus,2876099
Alnus viridis subsp. crispa-type,Alnus alnobetula,species,8956987
Caryophyllaceae cf. Dianthus,Plantae,kingdom,6
Caryophyllaceae cf. Dianthus,Tracheophyta,phylum,7707728
Caryophyllaceae cf. Dianthus,Magnoliopsida,class,220
Caryophyllaceae cf. Dianthus,Caryophyllales,order,422
Caryophyllaceae cf. Dianthus,Caryophyllaceae,family,2518
Ranunculus pensylvanicus-type,Plantae,kingdom,6
Ranunculus pensylvanicus-type,Tracheophyta,phylum,7707728
Ranunculus pensylvanicus-type,Magnoliopsida,class,220
Ranunculus pensylvanicus-type,Ranunculales,order,399
Ranunculus pensylvanicus-type,Ranunculaceae,family,2410
Ranunculus pensylvanicus-type,Ranunculus,genus,3033294
Asteraceae (high spine),Plantae,kingdom,6
Asteraceae (high spine),Tracheophyta,phylum,7707728
Asteraceae (high spine),Magnoliopsida,class,220
Asteraceae (high spine),Asterales,order,414
Asteraceae (high spine),Asteraceae,family,3065
Asteraceae (low spine),Plantae,kingdom,6
Asteraceae (low spine),Tracheophyta,phylum,7707728
Asteraceae (low spine),Magnoliopsida,class,220
Asteraceae (low spine),Asterales,order,414
Asteraceae (low spine),Asteraceae,family,3065
Fraxinus pennsylvanica/F. americana-type,Plantae,kingdom,6
Fraxinus pennsylvanica/F. americana-type,Tracheophyta,phylum,7707728
Fraxinus pennsylvanica/F. americana-type,Magnoliopsida,class,220
Fraxinus pennsylvanica/F. americana-type,Lamiales,order,408
Fraxinus pennsylvanica/F. americana-type,Oleaceae,family,6652
Fraxinus pennsylvanica/F. americana-type,Fraxinus,genus,3172323
Acalypha,Plantae,kingdom,6
Acalypha,Tracheophyta,phylum,7707728
Acalypha,Magnoliopsida,class,220
Acalypha,Malpighiales,order,1414
Acalypha,Euphorbiaceae,family,4691
Acalypha,Acalypha,genus,3055964
Chamaecyparis thyoides,Plantae,kingdom,6
Chamaecyparis thyoides,Tracheophyta,phylum,7707728
Chamaecyparis thyoides,Pinopsida,class,194
Chamaecyparis thyoides,Pinales,order,640
Chamaecyparis thyoides,Cupressaceae,family,8144
Chamaecyparis thyoides,Chamaecyparis,genus,2683848
Chamaecyparis thyoides,Chamaecyparis thyoides,species,2683871
Fagaceae,Plantae,kingdom,6
Fagaceae,Tracheophyta,phylum,7707728
Fagaceae,Magnoliopsida,class,220
Fagaceae,Fagales,order,1354
Fagaceae,Fagaceae,family,4689
Pseudotsuga menziesii,Plantae,kingdom,6
Pseudotsuga menziesii,Tracheophyta,phylum,7707728
Pseudotsuga menziesii,Pinopsida,class,194
Pseudotsuga menziesii,Pinales,order,640
Pseudotsuga menziesii,Pinaceae,family,3925
Pseudotsuga menziesii,Pseudotsuga,genus,2685775
Pseudotsuga menziesii,Pseudotsuga menziesii,species,2685796
Acer circinatum,Plantae,kingdom,6
Acer circinatum,Tracheophyta,phylum,7707728
Acer circinatum,Magnoliopsida,class,220
Acer circinatum,Sapindales,order,933
Acer circinatum,Sapindaceae,family,6657
Acer circinatum,Acer,genus,3189834
Acer circinatum,Acer circinatum,species,3189884
Alnus rubra-type,Plantae,kingdom,6
Alnus rubra-type,Tracheophyta,phylum,7707728
Alnus rubra-type,Magnoliopsida,class,220
Alnus rubra-type,Fagales,order,1354
Alnus rubra-type,Betulaceae,family,4688
Alnus rubra-type,Alnus,genus,2876099
Robinia,Plantae,kingdom,6
Robinia,Tracheophyta,phylum,7707728
Robinia,Magnoliopsida,class,220
Robinia,Fabales,order,1370
Robinia,Fabaceae,family,5386
Robinia,Robinia,genus,2952066
Robinia,Animalia,kingdom,1
Robinia,Platyhelminthes,phylum,108
Robinia,Trematoda,class,345
Robinia,Plagiorchiida,order,434
Robinia,Hemiuridae,family,6454
Robinia,Robinia,genus,3268336
Menispermaceae,Plantae,kingdom,6
Menispermaceae,Tracheophyta,phylum,7707728
Menispermaceae,Magnoliopsida,class,220
Menispermaceae,Ranunculales,order,399
Menispermaceae,Menispermaceae,family,2411
Mitella,Plantae,kingdom,6
Mitella,Tracheophyta,phylum,7707728
Mitella,Magnoliopsida,class,220
Mitella,Saxifragales,order,7219248
Mitella,Saxifragaceae,family,2402
Mitella,Mitella,genus,3032892
Planera aquatica,Plantae,kingdom,6
Planera aquatica,Tracheophyta,phylum,7707728
Planera aquatica,Magnoliopsida,class,220
Planera aquatica,Rosales,order,691
Planera aquatica,Ulmaceae,family,2382
Planera aquatica,Planera,genus,2984477
Planera aquatica,Planera aquatica,species,5361858
Actaea rubra,Plantae,kingdom,6
Actaea rubra,Tracheophyta,phylum,7707728
Actaea rubra,Magnoliopsida,class,220
Actaea rubra,Ranunculales,order,399
Actaea rubra,Ranunculaceae,family,2410
Actaea rubra,Actaea,genus,3032252
Actaea rubra,Actaea rubra,species,5371704
Mitchella repens,Plantae,kingdom,6
Mitchella repens,Tracheophyta,phylum,7707728
Mitchella repens,Magnoliopsida,class,220
Mitchella repens,Gentianales,order,412
Mitchella repens,Rubiaceae,family,8798
Mitchella repens,Mitchella,genus,2907867
Mitchella repens,Mitchella repens,species,5338762
Allenrolfea occidentalis,Plantae,kingdom,6
Allenrolfea occidentalis,Tracheophyta,phylum,7707728
Allenrolfea occidentalis,Magnoliopsida,class,220
Allenrolfea occidentalis,Caryophyllales,order,422
Allenrolfea occidentalis,Amaranthaceae,family,3064
Allenrolfea occidentalis,Allenrolfea,genus,3083573
Allenrolfea occidentalis,Allenrolfea occidentalis,species,3083574
Ephedra nevadensis,Plantae,kingdom,6
Ephedra nevadensis,Tracheophyta,phylum,7707728
Ephedra nevadensis,Gnetopsida,class,282
Ephedra nevadensis,Ephedrales,order,424
Ephedra nevadensis,Ephedraceae,family,3114
Ephedra nevadensis,Ephedra,genus,2653237
Ephedra nevadensis,Ephedra nevadensis,species,2653311
Ephedra viridis,Plantae,kingdom,6
Ephedra viridis,Tracheophyta,phylum,7707728
Ephedra viridis,Gnetopsida,class,282
Ephedra viridis,Ephedrales,order,424
Ephedra viridis,Ephedraceae,family,3114
Ephedra viridis,Ephedra,genus,2653237
Ephedra viridis,Ephedra viridis,species,2653272
Comarum palustre-type,Plantae,kingdom,6
Comarum palustre-type,Tracheophyta,phylum,7707728
Comarum palustre-type,Magnoliopsida,class,220
Comarum palustre-type,Rosales,order,691
Comarum palustre-type,Rosaceae,family,5015
Comarum palustre-type,Comarum,genus,3020531
Fagus grandifolia,Plantae,kingdom,6
Fagus grandifolia,Tracheophyta,phylum,7707728
Fagus grandifolia,Magnoliopsida,class,220
Fagus grandifolia,Fagales,order,1354
Fagus grandifolia,Fagaceae,family,4689
Fagus grandifolia,Fagus,genus,2874875
Fagus grandifolia,Fagus grandifolia,species,2882274
Viburnum edule,Plantae,kingdom,6
Viburnum edule,Tracheophyta,phylum,7707728
Viburnum edule,Magnoliopsida,class,220
Viburnum edule,Dipsacales,order,946
Viburnum edule,Viburnaceae,family,4924416
Viburnum edule,Viburnum,genus,2888580
Viburnum edule,Viburnum edule,species,2888613
Betula glandulosa,Plantae,kingdom,6
Betula glandulosa,Tracheophyta,phylum,7707728
Betula glandulosa,Magnoliopsida,class,220
Betula glandulosa,Fagales,order,1354
Betula glandulosa,Betulaceae,family,4688
Betula glandulosa,Betula,genus,2875008
Betula glandulosa,Betula glandulosa,species,5331640
Adenostoma fasciculatum,Plantae,kingdom,6
Adenostoma fasciculatum,Tracheophyta,phylum,7707728
Adenostoma fasciculatum,Magnoliopsida,class,220
Adenostoma fasciculatum,Rosales,order,691
Adenostoma fasciculatum,Rosaceae,family,5015
Adenostoma fasciculatum,Adenostoma,genus,3030222
Adenostoma fasciculatum,Adenostoma fasciculatum,species,3030227
Adenostoma sparsifolium,Plantae,kingdom,6
Adenostoma sparsifolium,Tracheophyta,phylum,7707728
Adenostoma sparsifolium,Magnoliopsida,class,220
Adenostoma sparsifolium,Rosales,order,691
Adenostoma sparsifolium,Rosaceae,family,5015
Adenostoma sparsifolium,Adenostoma,genus,3030222
Adenostoma sparsifolium,Adenostoma sparsifolium,species,3030225
Pinus jeffreyi-type,Plantae,kingdom,6
Pinus jeffreyi-type,Tracheophyta,phylum,7707728
Pinus jeffreyi-type,Pinopsida,class,194
Pinus jeffreyi-type,Pinales,order,640
Pinus jeffreyi-type,Pinaceae,family,3925
Pinus jeffreyi-type,Pinus,genus,2684241
Quercus chrysolepis,Plantae,kingdom,6
Quercus chrysolepis,Tracheophyta,phylum,7707728
Quercus chrysolepis,Magnoliopsida,class,220
Quercus chrysolepis,Fagales,order,1354
Quercus chrysolepis,Fagaceae,family,4689
Quercus chrysolepis,Quercus,genus,2877951
Quercus chrysolepis,Quercus chrysolepis,species,2879984
Trillium,Plantae,kingdom,6
Trillium,Tracheophyta,phylum,7707728
Trillium,Liliopsida,class,196
Trillium,Liliales,order,1172
Trillium,Melanthiaceae,family,7700
Trillium,Trillium,genus,2742182
Pinus monticola-type,Plantae,kingdom,6
Pinus monticola-type,Tracheophyta,phylum,7707728
Pinus monticola-type,Pinopsida,class,194
Pinus monticola-type,Pinales,order,640
Pinus monticola-type,Pinaceae,family,3925
Pinus monticola-type,Pinus,genus,2684241
Castanopsis,Plantae,kingdom,6
Castanopsis,Tracheophyta,phylum,7707728
Castanopsis,Magnoliopsida,class,220
Castanopsis,Fagales,order,1354
Castanopsis,Fagaceae,family,4689
Castanopsis,Castanopsis,genus,2881728
Garrya,Plantae,kingdom,6
Garrya,Tracheophyta,phylum,7707728
Garrya,Magnoliopsida,class,220
Garrya,Garryales,order,628
Garrya,Garryaceae,family,8805
Garrya,Garrya,genus,3033006
Navarretia,Plantae,kingdom,6
Navarretia,Tracheophyta,phylum,7707728
Navarretia,Magnoliopsida,class,220
Navarretia,Ericales,order,1353
Navarretia,Polemoniaceae,family,6648
Navarretia,Navarretia,genus,2927663
Alnus (triporate),Plantae,kingdom,6
Alnus (triporate),Tracheophyta,phylum,7707728
Alnus (triporate),Magnoliopsida,class,220
Alnus (triporate),Fagales,order,1354
Alnus (triporate),Betulaceae,family,4688
Alnus (triporate),Alnus,genus,2876099
Pinus monticola,Plantae,kingdom,6
Pinus monticola,Tracheophyta,phylum,7707728
Pinus monticola,Pinopsida,class,194
Pinus monticola,Pinales,order,640
Pinus monticola,Pinaceae,family,3925
Pinus monticola,Pinus,genus,2684241
Pinus monticola,Pinus monticola,species,5285621
Purshia,Plantae,kingdom,6
Purshia,Tracheophyta,phylum,7707728
Purshia,Magnoliopsida,class,220
Purshia,Rosales,order,691
Purshia,Rosaceae,family,5015
Purshia,Purshia,genus,7956655
Celtis occidentalis,Plantae,kingdom,6
Celtis occidentalis,Tracheophyta,phylum,7707728
Celtis occidentalis,Magnoliopsida,class,220
Celtis occidentalis,Rosales,order,691
Celtis occidentalis,Cannabaceae,family,2384
Celtis occidentalis,Celtis,genus,2984479
Celtis occidentalis,Celtis occidentalis,species,2984481
Platanus occidentalis,Plantae,kingdom,6
Platanus occidentalis,Tracheophyta,phylum,7707728
Platanus occidentalis,Magnoliopsida,class,220
Platanus occidentalis,Proteales,order,400
Platanus occidentalis,Platanaceae,family,6693
Platanus occidentalis,Platanus,genus,3152811
Platanus occidentalis,Platanus occidentalis,species,3152820
Quercus vaccinifolia-type,Plantae,kingdom,6
Quercus vaccinifolia-type,Tracheophyta,phylum,7707728
Quercus vaccinifolia-type,Magnoliopsida,class,220
Quercus vaccinifolia-type,Fagales,order,1354
Quercus vaccinifolia-type,Fagaceae,family,4689
Quercus vaccinifolia-type,Quercus,genus,2877951
Apocynaceae,Plantae,kingdom,6
Apocynaceae,Tracheophyta,phylum,7707728
Apocynaceae,Magnoliopsida,class,220
Apocynaceae,Gentianales,order,412
Apocynaceae,Apocynaceae,family,6701
Araceae,Plantae,kingdom,6
Araceae,Tracheophyta,phylum,7707728
Araceae,Liliopsida,class,196
Araceae,Alismatales,order,551
Araceae,Araceae,family,6979
Leptospermum,Plantae,kingdom,6
Leptospermum,Tracheophyta,phylum,7707728
Leptospermum,Magnoliopsida,class,220
Leptospermum,Myrtales,order,690
Leptospermum,Myrtaceae,family,5014
Leptospermum,Leptospermum,genus,3181696
Ulmaceae,Plantae,kingdom,6
Ulmaceae,Tracheophyta,phylum,7707728
Ulmaceae,Magnoliopsida,class,220
Ulmaceae,Rosales,order,691
Ulmaceae,Ulmaceae,family,2382
Alnus viridis subsp. sinuata-type,Plantae,kingdom,6
Alnus viridis subsp. sinuata-type,Tracheophyta,phylum,7707728
Alnus viridis subsp. sinuata-type,Magnoliopsida,class,220
Alnus viridis subsp. sinuata-type,Fagales,order,1354
Alnus viridis subsp. sinuata-type,Betulaceae,family,4688
Alnus viridis subsp. sinuata-type,Alnus,genus,2876099
Alnus viridis subsp. sinuata-type,Alnus alnobetula,species,8956987
Arecaceae,Plantae,kingdom,6
Arecaceae,Tracheophyta,phylum,7707728
Arecaceae,Liliopsida,class,196
Arecaceae,Arecales,order,552
Arecaceae,Arecaceae,family,7681
Camassia,Plantae,kingdom,6
Camassia,Tracheophyta,phylum,7707728
Camassia,Liliopsida,class,196
Camassia,Asparagales,order,1169
Camassia,Asparagaceae,family,7683
Camassia,Camassia,genus,2769068
Elaeagnaceae,Plantae,kingdom,6
Elaeagnaceae,Tracheophyta,phylum,7707728
Elaeagnaceae,Magnoliopsida,class,220
Elaeagnaceae,Rosales,order,691
Elaeagnaceae,Elaeagnaceae,family,2408
Sequoiadendron,Plantae,kingdom,6
Sequoiadendron,Tracheophyta,phylum,7707728
Sequoiadendron,Pinopsida,class,194
Sequoiadendron,Pinales,order,640
Sequoiadendron,Cupressaceae,family,8144
Sequoiadendron,Sequoiadendron,genus,2684119
Larix laricina,Plantae,kingdom,6
Larix laricina,Tracheophyta,phylum,7707728
Larix laricina,Pinopsida,class,194
Larix laricina,Pinales,order,640
Larix laricina,Pinaceae,family,3925
Larix laricina,Larix,genus,2686156
Larix laricina,Larix laricina,species,2686231
Nemopanthus,Plantae,kingdom,6
Nemopanthus,Tracheophyta,phylum,7707728
Nemopanthus,Magnoliopsida,class,220
Nemopanthus,Aquifoliales,order,7226638
Nemopanthus,Aquifoliaceae,family,6716
Nemopanthus,Ilex,genus,3169013
Taxus canadensis,Plantae,kingdom,6
Taxus canadensis,Tracheophyta,phylum,7707728
Taxus canadensis,Pinopsida,class,194
Taxus canadensis,Pinales,order,640
Taxus canadensis,Taxaceae,family,4863
Taxus canadensis,Taxus,genus,2684902
Taxus canadensis,Taxus canadensis,species,5284570
Tilia americana,Plantae,kingdom,6
Tilia americana,Tracheophyta,phylum,7707728
Tilia americana,Magnoliopsida,class,220
Tilia americana,Malvales,order,941
Tilia americana,Malvaceae,family,6685
Tilia americana,Tilia,genus,3152041
Tilia americana,Tilia americana,species,3152042
Viburnum nudum,Plantae,kingdom,6
Viburnum nudum,Tracheophyta,phylum,7707728
Viburnum nudum,Magnoliopsida,class,220
Viburnum nudum,Dipsacales,order,946
Viburnum nudum,Viburnaceae,family,4924416
Viburnum nudum,Viburnum,genus,2888580
Viburnum nudum,Viburnum nudum,species,2888627
Liquidambar styraciflua,Plantae,kingdom,6
Liquidambar styraciflua,Tracheophyta,phylum,7707728
Liquidambar styraciflua,Magnoliopsida,class,220
Liquidambar styraciflua,Saxifragales,order,7219248
Liquidambar styraciflua,Altingiaceae,family,4909328
Liquidambar styraciflua,Liquidambar,genus,3152823
Liquidambar styraciflua,Liquidambar styraciflua,species,3152824
Iva,Plantae,kingdom,6
Iva,Tracheophyta,phylum,7707728
Iva,Magnoliopsida,class,220
Iva,Asterales,order,414
Iva,Asteraceae,family,3065
Iva,Iva,genus,3141879
Lysichiton americanus,Plantae,kingdom,6
Lysichiton americanus,Tracheophyta,phylum,7707728
Lysichiton americanus,Liliopsida,class,196
Lysichiton americanus,Alismatales,order,551
Lysichiton americanus,Araceae,family,6979
Lysichiton americanus,Lysichiton,genus,2869300
Lysichiton americanus,Lysichiton americanus,species,2869311
Castilleja,Plantae,kingdom,6
Castilleja,Tracheophyta,phylum,7707728
Castilleja,Magnoliopsida,class,220
Castilleja,Lamiales,order,408
Castilleja,Orobanchaceae,family,6651
Castilleja,Castilleja,genus,3170565
Cryptantha,Plantae,kingdom,6
Cryptantha,Tracheophyta,phylum,7707728
Cryptantha,Magnoliopsida,class,220
Cryptantha,Boraginales,order,7226464
Cryptantha,Boraginaceae,family,2498
Cryptantha,Cryptantha,genus,8057105
Erodium cicutarium,Plantae,kingdom,6
Erodium cicutarium,Tracheophyta,phylum,7707728
Erodium cicutarium,Magnoliopsida,class,220
Erodium cicutarium,Geraniales,order,624
Erodium cicutarium,Geraniaceae,family,4676
Erodium cicutarium,Erodium,genus,2891616
Erodium cicutarium,Erodium cicutarium,species,9485490
Gossypium,Plantae,kingdom,6
Gossypium,Tracheophyta,phylum,7707728
Gossypium,Magnoliopsida,class,220
Gossypium,Malvales,order,941
Gossypium,Malvaceae,family,6685
Gossypium,Gossypium,genus,3152652
Kallstroemia,Plantae,kingdom,6
Kallstroemia,Tracheophyta,phylum,7707728
Kallstroemia,Magnoliopsida,class,220
Kallstroemia,Zygophyllales,order,7219293
Kallstroemia,Zygophyllaceae,family,2394
Kallstroemia,Kallstroemia,genus,3189885
Larrea,Plantae,kingdom,6
Larrea,Tracheophyta,phylum,7707728
Larrea,Magnoliopsida,class,220
Larrea,Zygophyllales,order,7219293
Larrea,Zygophyllaceae,family,2394
Larrea,Larrea,genus,3189928
Linanthus,Plantae,kingdom,6
Linanthus,Tracheophyta,phylum,7707728
Linanthus,Magnoliopsida,class,220
Linanthus,Ericales,order,1353
Linanthus,Polemoniaceae,family,6648
Linanthus,Linanthus,genus,2927868
Vitaceae,Plantae,kingdom,6
Vitaceae,Tracheophyta,phylum,7707728
Vitaceae,Magnoliopsida,class,220
Vitaceae,Vitales,order,7222050
Vitaceae,Vitaceae,family,6672
Prunus pensylvanica,Plantae,kingdom,6
Prunus pensylvanica,Tracheophyta,phylum,7707728
Prunus pensylvanica,Magnoliopsida,class,220
Prunus pensylvanica,Rosales,order,691
Prunus pensylvanica,Rosaceae,family,5015
Prunus pensylvanica,Prunus,genus,3020559
Prunus pensylvanica,Prunus pensylvanica,species,8202030
Prunus undiff.,Plantae,kingdom,6
Prunus undiff.,Tracheophyta,phylum,7707728
Prunus undiff.,Magnoliopsida,class,220
Prunus undiff.,Rosales,order,691
Prunus undiff.,Rosaceae,family,5015
Prunus undiff.,Prunus,genus,3020559
Rhus typhina-type,Plantae,kingdom,6
Rhus typhina-type,Tracheophyta,phylum,7707728
Rhus typhina-type,Magnoliopsida,class,220
Rhus typhina-type,Sapindales,order,933
Rhus typhina-type,Anacardiaceae,family,2398
Rhus typhina-type,Rhus,genus,3190534
Tsuga undiff.,Plantae,kingdom,6
Tsuga undiff.,Tracheophyta,phylum,7707728
Tsuga undiff.,Pinopsida,class,194
Tsuga undiff.,Pinales,order,640
Tsuga undiff.,Pinaceae,family,3925
Tsuga undiff.,Tsuga,genus,8527396
Nyssa sylvatica,Plantae,kingdom,6
Nyssa sylvatica,Tracheophyta,phylum,7707728
Nyssa sylvatica,Magnoliopsida,class,220
Nyssa sylvatica,Cornales,order,949
Nyssa sylvatica,Nyssaceae,family,6712
Nyssa sylvatica,Nyssa,genus,3082211
Nyssa sylvatica,Nyssa sylvatica,species,5383717
Suaeda calceoliformis,Plantae,kingdom,6
Suaeda calceoliformis,Tracheophyta,phylum,7707728
Suaeda calceoliformis,Magnoliopsida,class,220
Suaeda calceoliformis,Caryophyllales,order,422
Suaeda calceoliformis,Amaranthaceae,family,3064
Suaeda calceoliformis,Suaeda,genus,7677792
Suaeda calceoliformis,Suaeda calceoliformis,species,3083542
Arceuthobium pusillum,Plantae,kingdom,6
Arceuthobium pusillum,Tracheophyta,phylum,7707728
Arceuthobium pusillum,Magnoliopsida,class,220
Arceuthobium pusillum,Santalales,order,934
Arceuthobium pusillum,Viscaceae,family,2399
Arceuthobium pusillum,Arceuthobium,genus,2889830
Arceuthobium pusillum,Arceuthobium pusillum,species,2889838
Chamaesyce,Plantae,kingdom,6
Chamaesyce,Tracheophyta,phylum,7707728
Chamaesyce,Magnoliopsida,class,220
Chamaesyce,Malpighiales,order,1414
Chamaesyce,Euphorbiaceae,family,4691
Chamaesyce,Euphorbia,genus,11397237
Hudsonia,Plantae,kingdom,6
Hudsonia,Tracheophyta,phylum,7707728
Hudsonia,Magnoliopsida,class,220
Hudsonia,Malvales,order,941
Hudsonia,Cistaceae,family,6635
Hudsonia,Hudsonia,genus,2874031
Hudsonia,Animalia,kingdom,1
Hudsonia,Nematoda,phylum,5967481
Hudsonia,Chromadorea,class,11133537
Hudsonia,Rhabditida,order,440
Hudsonia,Strongylidae,family,2251
Hudsonia,Hudsonia,genus,6756583
Lycium,Plantae,kingdom,6
Lycium,Tracheophyta,phylum,7707728
Lycium,Magnoliopsida,class,220
Lycium,Solanales,order,1176
Lycium,Solanaceae,family,7717
Lycium,Lycium,genus,2928808
Chamaebatiaria millefolium,Plantae,kingdom,6
Chamaebatiaria millefolium,Tracheophyta,phylum,7707728
Chamaebatiaria millefolium,Magnoliopsida,class,220
Chamaebatiaria millefolium,Rosales,order,691
Chamaebatiaria millefolium,Rosaceae,family,5015
Chamaebatiaria millefolium,Chamaebatiaria,genus,3026350
Chamaebatiaria millefolium,Chamaebatiaria millefolium,species,3026352
Monardella,Plantae,kingdom,6
Monardella,Tracheophyta,phylum,7707728
Monardella,Magnoliopsida,class,220
Monardella,Lamiales,order,408
Monardella,Lamiaceae,family,2497
Monardella,Monardella,genus,2926504
Iris versicolor,Plantae,kingdom,6
Iris versicolor,Tracheophyta,phylum,7707728
Iris versicolor,Liliopsida,class,196
Iris versicolor,Asparagales,order,1169
Iris versicolor,Iridaceae,family,7698
Iris versicolor,Iris,genus,2748017
Iris versicolor,Iris versicolor,species,5298019
Actaea,Animalia,kingdom,1
Actaea,Arthropoda,phylum,54
Actaea,Malacostraca,class,229
Actaea,Decapoda,order,637
Actaea,Xanthidae,family,4568
Actaea,Actaea,genus,2227733
Actaea,Plantae,kingdom,6
Actaea,Tracheophyta,phylum,7707728
Actaea,Magnoliopsida,class,220
Actaea,Ranunculales,order,399
Actaea,Ranunculaceae,family,2410
Actaea,Actaea,genus,3032252
Berberis repens,Plantae,kingdom,6
Berberis repens,Tracheophyta,phylum,7707728
Berberis repens,Magnoliopsida,class,220
Berberis repens,Ranunculales,order,399
Berberis repens,Berberidaceae,family,6673
Berberis repens,Mahonia,genus,3033842
Berberis repens,Mahonia repens,species,3033850
Leptosiphon,Plantae,kingdom,6
Leptosiphon,Tracheophyta,phylum,7707728
Leptosiphon,Magnoliopsida,class,220
Leptosiphon,Ericales,order,1353
Leptosiphon,Polemoniaceae,family,6648
Leptosiphon,Leptosiphon,genus,7130866
Commelinaceae,Plantae,kingdom,6
Commelinaceae,Tracheophyta,phylum,7707728
Commelinaceae,Liliopsida,class,196
Commelinaceae,Commelinales,order,553
Commelinaceae,Commelinaceae,family,2763195
Fraxinus americana-type,Plantae,kingdom,6
Fraxinus americana-type,Tracheophyta,phylum,7707728
Fraxinus americana-type,Magnoliopsida,class,220
Fraxinus americana-type,Lamiales,order,408
Fraxinus americana-type,Oleaceae,family,6652
Fraxinus americana-type,Fraxinus,genus,3172323
Morus rubra-type,Animalia,kingdom,1
Morus rubra-type,Chordata,phylum,44
Morus rubra-type,Aves,class,212
Morus rubra-type,Suliformes,order,7192775
Morus rubra-type,Sulidae,family,9351
Morus rubra-type,Morus,genus,2480962
Morus rubra-type,Plantae,kingdom,6
Morus rubra-type,Tracheophyta,phylum,7707728
Morus rubra-type,Magnoliopsida,class,220
Morus rubra-type,Rosales,order,691
Morus rubra-type,Moraceae,family,6640
Morus rubra-type,Morus,genus,2984545
Pedicularis undiff.,Plantae,kingdom,6
Pedicularis undiff.,Tracheophyta,phylum,7707728
Pedicularis undiff.,Magnoliopsida,class,220
Pedicularis undiff.,Lamiales,order,408
Pedicularis undiff.,Orobanchaceae,family,6651
Pedicularis undiff.,Pedicularis,genus,3171670
Aralia hispida,Plantae,kingdom,6
Aralia hispida,Tracheophyta,phylum,7707728
Aralia hispida,Magnoliopsida,class,220
Aralia hispida,Apiales,order,1351
Aralia hispida,Araliaceae,family,8800
Aralia hispida,Aralia,genus,3036858
Aralia hispida,Aralia hispida,species,3037033
Cornus alternifolia,Plantae,kingdom,6
Cornus alternifolia,Tracheophyta,phylum,7707728
Cornus alternifolia,Magnoliopsida,class,220
Cornus alternifolia,Cornales,order,949
Cornus alternifolia,Cornaceae,family,6713
Cornus alternifolia,Cornus,genus,3082226
Cornus alternifolia,Cornus alternifolia,species,3082242
Maclura pomifera-type,Plantae,kingdom,6
Maclura pomifera-type,Tracheophyta,phylum,7707728
Maclura pomifera-type,Magnoliopsida,class,220
Maclura pomifera-type,Rosales,order,691
Maclura pomifera-type,Moraceae,family,6640
Maclura pomifera-type,Maclura,genus,2984579
Fraxinus latifolia,Plantae,kingdom,6
Fraxinus latifolia,Tracheophyta,phylum,7707728
Fraxinus latifolia,Magnoliopsida,class,220
Fraxinus latifolia,Lamiales,order,408
Fraxinus latifolia,Oleaceae,family,6652
Fraxinus latifolia,Fraxinus,genus,3172323
Fraxinus latifolia,Fraxinus latifolia,species,3172343
Shepherdia canadensis-type,Plantae,kingdom,6
Shepherdia canadensis-type,Tracheophyta,phylum,7707728
Shepherdia canadensis-type,Magnoliopsida,class,220
Shepherdia canadensis-type,Rosales,order,691
Shepherdia canadensis-type,Elaeagnaceae,family,2408
Shepherdia canadensis-type,Shepherdia,genus,3039276
Taxus brevifolia,Plantae,kingdom,6
Taxus brevifolia,Tracheophyta,phylum,7707728
Taxus brevifolia,Pinopsida,class,194
Taxus brevifolia,Pinales,order,640
Taxus brevifolia,Taxaceae,family,4863
Taxus brevifolia,Taxus,genus,2684902
Taxus brevifolia,Taxus brevifolia,species,5284555
Ceratiola ericoides,Plantae,kingdom,6
Ceratiola ericoides,Tracheophyta,phylum,7707728
Ceratiola ericoides,Magnoliopsida,class,220
Ceratiola ericoides,Ericales,order,1353
Ceratiola ericoides,Ericaceae,family,2505
Ceratiola ericoides,Ceratiola,genus,2888364
Ceratiola ericoides,Ceratiola ericoides,species,2888365
Arceuthobium americanum,Plantae,kingdom,6
Arceuthobium americanum,Tracheophyta,phylum,7707728
Arceuthobium americanum,Magnoliopsida,class,220
Arceuthobium americanum,Santalales,order,934
Arceuthobium americanum,Viscaceae,family,2399
Arceuthobium americanum,Arceuthobium,genus,2889830
Arceuthobium americanum,Arceuthobium americanum,species,8428083
Betula det. shrub,Plantae,kingdom,6
Betula det. shrub,Tracheophyta,phylum,7707728
Betula det. shrub,Magnoliopsida,class,220
Betula det. shrub,Fagales,order,1354
Betula det. shrub,Betulaceae,family,4688
Betula det. shrub,Betula,genus,2875008
Betula det. tree,Plantae,kingdom,6
Betula det. tree,Tracheophyta,phylum,7707728
Betula det. tree,Magnoliopsida,class,220
Betula det. tree,Fagales,order,1354
Betula det. tree,Betulaceae,family,4688
Betula det. tree,Betula,genus,2875008
Picea det. P. glauca,Plantae,kingdom,6
Picea det. P. glauca,Tracheophyta,phylum,7707728
Picea det. P. glauca,Pinopsida,class,194
Picea det. P. glauca,Pinales,order,640
Picea det. P. glauca,Pinaceae,family,3925
Picea det. P. glauca,Picea,genus,7606064
Picea det. P. mariana,Plantae,kingdom,6
Picea det. P. mariana,Tracheophyta,phylum,7707728
Picea det. P. mariana,Pinopsida,class,194
Picea det. P. mariana,Pinales,order,640
Picea det. P. mariana,Pinaceae,family,3925
Picea det. P. mariana,Picea,genus,7606064
Impatiens capensis,Plantae,kingdom,6
Impatiens capensis,Tracheophyta,phylum,7707728
Impatiens capensis,Magnoliopsida,class,220
Impatiens capensis,Ericales,order,1353
Impatiens capensis,Balsaminaceae,family,6699
Impatiens capensis,Impatiens,genus,2891766
Impatiens capensis,Impatiens capensis,species,2891774
Caltha leptosepala,Plantae,kingdom,6
Caltha leptosepala,Tracheophyta,phylum,7707728
Caltha leptosepala,Magnoliopsida,class,220
Caltha leptosepala,Ranunculales,order,399
Caltha leptosepala,Ranunculaceae,family,2410
Caltha leptosepala,Caltha,genus,3033282
Caltha leptosepala,Caltha leptosepala,species,5371684
Coptis aspleniifolia,Plantae,kingdom,6
Coptis aspleniifolia,Tracheophyta,phylum,7707728
Coptis aspleniifolia,Magnoliopsida,class,220
Coptis aspleniifolia,Ranunculales,order,399
Coptis aspleniifolia,Ranunculaceae,family,2410
Coptis aspleniifolia,Coptis,genus,3033631
Coptis aspleniifolia,Coptis aspleniifolia,species,3033636
Gentiana douglasiana,Plantae,kingdom,6
Gentiana douglasiana,Tracheophyta,phylum,7707728
Gentiana douglasiana,Magnoliopsida,class,220
Gentiana douglasiana,Gentianales,order,412
Gentiana douglasiana,Gentianaceae,family,2503
Gentiana douglasiana,Gentiana,genus,3170037
Gentiana douglasiana,Gentiana douglasiana,species,3170124
Avicennia,Plantae,kingdom,6
Avicennia,Tracheophyta,phylum,7707728
Avicennia,Magnoliopsida,class,220
Avicennia,Lamiales,order,408
Avicennia,Acanthaceae,family,2393
Avicennia,Avicennia,genus,2925398
Coccoloba,Plantae,kingdom,6
Coccoloba,Tracheophyta,phylum,7707728
Coccoloba,Magnoliopsida,class,220
Coccoloba,Caryophyllales,order,422
Coccoloba,Polygonaceae,family,2416
Coccoloba,Coccoloba,genus,2888822
Conocarpus,Plantae,kingdom,6
Conocarpus,Tracheophyta,phylum,7707728
Conocarpus,Magnoliopsida,class,220
Conocarpus,Myrtales,order,690
Conocarpus,Combretaceae,family,2431
Conocarpus,Conocarpus,genus,3189384
Forestiera,Plantae,kingdom,6
Forestiera,Tracheophyta,phylum,7707728
Forestiera,Magnoliopsida,class,220
Forestiera,Lamiales,order,408
Forestiera,Oleaceae,family,6652
Forestiera,Forestiera,genus,3172377
Laguncularia,Plantae,kingdom,6
Laguncularia,Tracheophyta,phylum,7707728
Laguncularia,Magnoliopsida,class,220
Laguncularia,Myrtales,order,690
Laguncularia,Combretaceae,family,2431
Laguncularia,Laguncularia,genus,3189381
Rhizophora,Plantae,kingdom,6
Rhizophora,Tracheophyta,phylum,7707728
Rhizophora,Magnoliopsida,class,220
Rhizophora,Malpighiales,order,1414
Rhizophora,Rhizophoraceae,family,6671
Rhizophora,Rhizophora,genus,3086525
Sapindaceae undiff.,Plantae,kingdom,6
Sapindaceae undiff.,Tracheophyta,phylum,7707728
Sapindaceae undiff.,Magnoliopsida,class,220
Sapindaceae undiff.,Sapindales,order,933
Sapindaceae undiff.,Sapindaceae,family,6657
Toxicodendron radicans,Plantae,kingdom,6
Toxicodendron radicans,Tracheophyta,phylum,7707728
Toxicodendron radicans,Magnoliopsida,class,220
Toxicodendron radicans,Sapindales,order,933
Toxicodendron radicans,Anacardiaceae,family,2398
Toxicodendron radicans,Toxicodendron,genus,8686559
Toxicodendron radicans,Toxicodendron radicans,species,3190628
Nemopanthus mucronatus,Plantae,kingdom,6
Nemopanthus mucronatus,Tracheophyta,phylum,7707728
Nemopanthus mucronatus,Magnoliopsida,class,220
Nemopanthus mucronatus,Aquifoliales,order,7226638
Nemopanthus mucronatus,Aquifoliaceae,family,6716
Nemopanthus mucronatus,Ilex,genus,10792217
Nemopanthus mucronatus,Ilex mucronata,species,5534659
Nemopanthus mucronatus,Plantae,kingdom,6
Nemopanthus mucronatus,Tracheophyta,phylum,7707728
Nemopanthus mucronatus,Magnoliopsida,class,220
Nemopanthus mucronatus,Aquifoliales,order,7226638
Nemopanthus mucronatus,Aquifoliaceae,family,6716
Nemopanthus mucronatus,Ilex,genus,10792217
Nemopanthus mucronatus,Ilex mucronata,species,5534659
Pinus resinosa-type,Plantae,kingdom,6
Pinus resinosa-type,Tracheophyta,phylum,7707728
Pinus resinosa-type,Pinopsida,class,194
Pinus resinosa-type,Pinales,order,640
Pinus resinosa-type,Pinaceae,family,3925
Pinus resinosa-type,Pinus,genus,2684241
Prunus virginiana,Plantae,kingdom,6
Prunus virginiana,Tracheophyta,phylum,7707728
Prunus virginiana,Magnoliopsida,class,220
Prunus virginiana,Rosales,order,691
Prunus virginiana,Rosaceae,family,5015
Prunus virginiana,Prunus,genus,3020559
Prunus virginiana,Prunus virginiana,species,3022668
Rosaceae cf. Prunus serotina,Plantae,kingdom,6
Rosaceae cf. Prunus serotina,Tracheophyta,phylum,7707728
Rosaceae cf. Prunus serotina,Magnoliopsida,class,220
Rosaceae cf. Prunus serotina,Rosales,order,691
Rosaceae cf. Prunus serotina,Rosaceae,family,5015
Salix vestita-type,Plantae,kingdom,6
Salix vestita-type,Tracheophyta,phylum,7707728
Salix vestita-type,Magnoliopsida,class,220
Salix vestita-type,Malpighiales,order,1414
Salix vestita-type,Salicaceae,family,6664
Salix vestita-type,Salix,genus,3039576
Acer nigrum,Plantae,kingdom,6
Acer nigrum,Tracheophyta,phylum,7707728
Acer nigrum,Magnoliopsida,class,220
Acer nigrum,Sapindales,order,933
Acer nigrum,Sapindaceae,family,6657
Acer nigrum,Acer,genus,3189834
Acer nigrum,Acer nigrum,species,3189854
Carya cordiformis,Plantae,kingdom,6
Carya cordiformis,Tracheophyta,phylum,7707728
Carya cordiformis,Magnoliopsida,class,220
Carya cordiformis,Fagales,order,1354
Carya cordiformis,Juglandaceae,family,2499
Carya cordiformis,Carya,genus,3054287
Carya cordiformis,Carya cordiformis,species,3054299
Populus deltoides-type,Plantae,kingdom,6
Populus deltoides-type,Tracheophyta,phylum,7707728
Populus deltoides-type,Magnoliopsida,class,220
Populus deltoides-type,Malpighiales,order,1414
Populus deltoides-type,Salicaceae,family,6664
Populus deltoides-type,Populus,genus,3040183
Agastache,Plantae,kingdom,6
Agastache,Tracheophyta,phylum,7707728
Agastache,Magnoliopsida,class,220
Agastache,Lamiales,order,408
Agastache,Lamiaceae,family,2497
Agastache,Agastache,genus,2926389
Cistanthe,Plantae,kingdom,6
Cistanthe,Tracheophyta,phylum,7707728
Cistanthe,Magnoliopsida,class,220
Cistanthe,Caryophyllales,order,422
Cistanthe,Montiaceae,family,4898338
Cistanthe,Cistanthe,genus,7952030
Polygonum sect. Duravia,Plantae,kingdom,6
Polygonum sect. Duravia,Tracheophyta,phylum,7707728
Polygonum sect. Duravia,Magnoliopsida,class,220
Polygonum sect. Duravia,Caryophyllales,order,422
Polygonum sect. Duravia,Polygonaceae,family,2416
Polygonum sect. Duravia,Polygonum,genus,2889077
Ranunculus orthorhynchus,Plantae,kingdom,6
Ranunculus orthorhynchus,Tracheophyta,phylum,7707728
Ranunculus orthorhynchus,Magnoliopsida,class,220
Ranunculus orthorhynchus,Ranunculales,order,399
Ranunculus orthorhynchus,Ranunculaceae,family,2410
Ranunculus orthorhynchus,Ranunculus,genus,3033294
Ranunculus orthorhynchus,Ranunculus orthorhynchus,species,3033458
Iva undiff.,Plantae,kingdom,6
Iva undiff.,Tracheophyta,phylum,7707728
Iva undiff.,Magnoliopsida,class,220
Iva undiff.,Asterales,order,414
Iva undiff.,Asteraceae,family,3065
Iva undiff.,Iva,genus,3141879
Lagotis,Plantae,kingdom,6
Lagotis,Tracheophyta,phylum,7707728
Lagotis,Magnoliopsida,class,220
Lagotis,Lamiales,order,408
Lagotis,Plantaginaceae,family,2420
Lagotis,Lagotis,genus,5938802
Salix reticulata-type,Plantae,kingdom,6
Salix reticulata-type,Tracheophyta,phylum,7707728
Salix reticulata-type,Magnoliopsida,class,220
Salix reticulata-type,Malpighiales,order,1414
Salix reticulata-type,Salicaceae,family,6664
Salix reticulata-type,Salix,genus,3039576
Pinus subsect. Cembroides,Animalia,kingdom,1
Pinus subsect. Cembroides,Arthropoda,phylum,54
Pinus subsect. Cembroides,Insecta,class,216
Pinus subsect. Cembroides,Coleoptera,order,1470
Pinus subsect. Cembroides,Curculionidae,family,4239
Pinus subsect. Cembroides,Conophthorus,genus,1236103
Pinus subsect. Cembroides,Conophthorus cembroides,species,1236106
Agave,Plantae,kingdom,6
Agave,Tracheophyta,phylum,7707728
Agave,Liliopsida,class,196
Agave,Asparagales,order,1169
Agave,Asparagaceae,family,7683
Agave,Agave,genus,2766430
Allionia,Plantae,kingdom,6
Allionia,Tracheophyta,phylum,7707728
Allionia,Magnoliopsida,class,220
Allionia,Caryophyllales,order,422
Allionia,Nyctaginaceae,family,6718
Allionia,Allionia,genus,3086082
Canotia,Plantae,kingdom,6
Canotia,Tracheophyta,phylum,7707728
Canotia,Magnoliopsida,class,220
Canotia,Celastrales,order,950
Canotia,Celastraceae,family,6715
Canotia,Canotia,genus,3169166
Fouquieria,Plantae,kingdom,6
Fouquieria,Tracheophyta,phylum,7707728
Fouquieria,Magnoliopsida,class,220
Fouquieria,Ericales,order,1353
Fouquieria,Fouquieriaceae,family,6649
Fouquieria,Fouquieria,genus,2927458
Hydrophyllaceae,Plantae,kingdom,6
Hydrophyllaceae,Tracheophyta,phylum,7707728
Hydrophyllaceae,Magnoliopsida,class,220
Hydrophyllaceae,Boraginales,order,7226464
Hydrophyllaceae,Hydrophyllaceae,family,2387
Mimosa,Plantae,kingdom,6
Mimosa,Tracheophyta,phylum,7707728
Mimosa,Magnoliopsida,class,220
Mimosa,Fabales,order,1370
Mimosa,Fabaceae,family,5386
Mimosa,Mimosa,genus,2969235
Prosopis,Plantae,kingdom,6
Prosopis,Tracheophyta,phylum,7707728
Prosopis,Magnoliopsida,class,220
Prosopis,Fabales,order,1370
Prosopis,Fabaceae,family,5386
Prosopis,Prosopis,genus,2970763
Simmondsia chinensis,Plantae,kingdom,6
Simmondsia chinensis,Tracheophyta,phylum,7707728
Simmondsia chinensis,Magnoliopsida,class,220
Simmondsia chinensis,Caryophyllales,order,422
Simmondsia chinensis,Simmondsiaceae,family,6702
Simmondsia chinensis,Simmondsia,genus,2984662
Simmondsia chinensis,Simmondsia chinensis,species,5361949
Yucca,Plantae,kingdom,6
Yucca,Tracheophyta,phylum,7707728
Yucca,Liliopsida,class,196
Yucca,Asparagales,order,1169
Yucca,Asparagaceae,family,7683
Yucca,Yucca,genus,2775496
Campanula rotundifolia-type,Plantae,kingdom,6
Campanula rotundifolia-type,Tracheophyta,phylum,7707728
Campanula rotundifolia-type,Magnoliopsida,class,220
Campanula rotundifolia-type,Asterales,order,414
Campanula rotundifolia-type,Campanulaceae,family,8801
Campanula rotundifolia-type,Campanula,genus,3161935
Gaura,Plantae,kingdom,6
Gaura,Tracheophyta,phylum,7707728
Gaura,Magnoliopsida,class,220
Gaura,Malvales,order,941
Gaura,Cistaceae,family,6635
Gaura,Lechea,genus,8013057
Gaura,Plantae,kingdom,6
Gaura,Tracheophyta,phylum,7707728
Gaura,Magnoliopsida,class,220
Gaura,Myrtales,order,690
Gaura,Onagraceae,family,2430
Gaura,Oenothera,genus,3188799
Momipites,Plantae,kingdom,6
Momipites,Tracheophyta,phylum,7707728
Momipites,Magnoliopsida,class,220
Momipites,Fagales,order,1354
Momipites,Juglandaceae,family,2499
Momipites,Momipites,genus,4888779
Ranunculaceae (pericolpate),Plantae,kingdom,6
Ranunculaceae (pericolpate),Tracheophyta,phylum,7707728
Ranunculaceae (pericolpate),Magnoliopsida,class,220
Ranunculaceae (pericolpate),Ranunculales,order,399
Ranunculaceae (pericolpate),Ranunculaceae,family,2410
Ranunculaceae (tricolpate) undiff.,Plantae,kingdom,6
Ranunculaceae (tricolpate) undiff.,Tracheophyta,phylum,7707728
Ranunculaceae (tricolpate) undiff.,Magnoliopsida,class,220
Ranunculaceae (tricolpate) undiff.,Ranunculales,order,399
Ranunculaceae (tricolpate) undiff.,Ranunculaceae,family,2410
Dicentra,Plantae,kingdom,6
Dicentra,Tracheophyta,phylum,7707728
Dicentra,Magnoliopsida,class,220
Dicentra,Ranunculales,order,399
Dicentra,Papaveraceae,family,2422
Dicentra,Dicentra,genus,2888542
Menispermum,Plantae,kingdom,6
Menispermum,Tracheophyta,phylum,7707728
Menispermum,Magnoliopsida,class,220
Menispermum,Ranunculales,order,399
Menispermum,Menispermaceae,family,2411
Menispermum,Menispermum,genus,3033950
Fritillaria camschatcensis,Plantae,kingdom,6
Fritillaria camschatcensis,Tracheophyta,phylum,7707728
Fritillaria camschatcensis,Liliopsida,class,196
Fritillaria camschatcensis,Liliales,order,1172
Fritillaria camschatcensis,Liliaceae,family,7699
Fritillaria camschatcensis,Fritillaria,genus,2752152
Fritillaria camschatcensis,Fritillaria camschatcensis,species,5300639
Oplopanax horridus,Plantae,kingdom,6
Oplopanax horridus,Tracheophyta,phylum,7707728
Oplopanax horridus,Magnoliopsida,class,220
Oplopanax horridus,Apiales,order,1351
Oplopanax horridus,Araliaceae,family,8800
Oplopanax horridus,Oplopanax,genus,3036346
Oplopanax horridus,Oplopanax horridus,species,3036356
Picea sitchensis,Plantae,kingdom,6
Picea sitchensis,Tracheophyta,phylum,7707728
Picea sitchensis,Pinopsida,class,194
Picea sitchensis,Pinales,order,640
Picea sitchensis,Pinaceae,family,3925
Picea sitchensis,Picea,genus,7606064
Picea sitchensis,Picea sitchensis,species,5284827
Populus trichocarpa,Plantae,kingdom,6
Populus trichocarpa,Tracheophyta,phylum,7707728
Populus trichocarpa,Magnoliopsida,class,220
Populus trichocarpa,Malpighiales,order,1414
Populus trichocarpa,Salicaceae,family,6664
Populus trichocarpa,Populus,genus,3040183
Populus trichocarpa,Populus trichocarpa,species,6362904
Sanguisorba stipulata,Plantae,kingdom,6
Sanguisorba stipulata,Tracheophyta,phylum,7707728
Sanguisorba stipulata,Magnoliopsida,class,220
Sanguisorba stipulata,Rosales,order,691
Sanguisorba stipulata,Rosaceae,family,5015
Sanguisorba stipulata,Sanguisorba,genus,3029383
Sanguisorba stipulata,Sanguisorba stipulata,species,3029415
Alternanthera,Plantae,kingdom,6
Alternanthera,Tracheophyta,phylum,7707728
Alternanthera,Magnoliopsida,class,220
Alternanthera,Caryophyllales,order,422
Alternanthera,Amaranthaceae,family,3064
Alternanthera,Alternanthera,genus,3084921
Filipendula rubra,Plantae,kingdom,6
Filipendula rubra,Tracheophyta,phylum,7707728
Filipendula rubra,Magnoliopsida,class,220
Filipendula rubra,Rosales,order,691
Filipendula rubra,Rosaceae,family,5015
Filipendula rubra,Filipendula,genus,2987968
Filipendula rubra,Filipendula rubra,species,2988113
Polygonum subsect. Polygonella,Plantae,kingdom,6
Polygonum subsect. Polygonella,Tracheophyta,phylum,7707728
Polygonum subsect. Polygonella,Magnoliopsida,class,220
Polygonum subsect. Polygonella,Caryophyllales,order,422
Polygonum subsect. Polygonella,Polygonaceae,family,2416
Polygonum subsect. Polygonella,Polygonella,genus,8314096
Arabis,Plantae,kingdom,6
Arabis,Tracheophyta,phylum,7707728
Arabis,Magnoliopsida,class,220
Arabis,Brassicales,order,7225535
Arabis,Brassicaceae,family,3112
Arabis,Arabis,genus,5374837
Chamaedaphne,Plantae,kingdom,6
Chamaedaphne,Tracheophyta,phylum,7707728
Chamaedaphne,Magnoliopsida,class,220
Chamaedaphne,Ericales,order,1353
Chamaedaphne,Ericaceae,family,2505
Chamaedaphne,Chamaedaphne,genus,8388331
Hamamelis,Plantae,kingdom,6
Hamamelis,Tracheophyta,phylum,7707728
Hamamelis,Magnoliopsida,class,220
Hamamelis,Saxifragales,order,7219248
Hamamelis,Hamamelidaceae,family,2500
Hamamelis,Hamamelis,genus,3152826
Maianthemum,Plantae,kingdom,6
Maianthemum,Tracheophyta,phylum,7707728
Maianthemum,Liliopsida,class,196
Maianthemum,Asparagales,order,1169
Maianthemum,Asparagaceae,family,7683
Maianthemum,Maianthemum,genus,9608430
Hamamelidaceae,Plantae,kingdom,6
Hamamelidaceae,Tracheophyta,phylum,7707728
Hamamelidaceae,Magnoliopsida,class,220
Hamamelidaceae,Saxifragales,order,7219248
Hamamelidaceae,Hamamelidaceae,family,2500
Platanaceae,Plantae,kingdom,6
Platanaceae,Tracheophyta,phylum,7707728
Platanaceae,Magnoliopsida,class,220
Platanaceae,Proteales,order,400
Platanaceae,Platanaceae,family,6693
Symphoricarpos albus,Plantae,kingdom,6
Symphoricarpos albus,Tracheophyta,phylum,7707728
Symphoricarpos albus,Magnoliopsida,class,220
Symphoricarpos albus,Dipsacales,order,946
Symphoricarpos albus,Caprifoliaceae,family,6710
Symphoricarpos albus,Symphoricarpos,genus,7892576
Symphoricarpos albus,Symphoricarpos albus,species,8012439
Circaea alpina,Plantae,kingdom,6
Circaea alpina,Tracheophyta,phylum,7707728
Circaea alpina,Magnoliopsida,class,220
Circaea alpina,Myrtales,order,690
Circaea alpina,Onagraceae,family,2430
Circaea alpina,Circaea,genus,3188793
Circaea alpina,Circaea alpina,species,3188797
Claytonia acutifolia,Plantae,kingdom,6
Claytonia acutifolia,Tracheophyta,phylum,7707728
Claytonia acutifolia,Magnoliopsida,class,220
Claytonia acutifolia,Caryophyllales,order,422
Claytonia acutifolia,Montiaceae,family,4898338
Claytonia acutifolia,Claytonia,genus,3084729
Claytonia acutifolia,Claytonia acutifolia,species,7593208
Pinus aristata-type,Plantae,kingdom,6
Pinus aristata-type,Tracheophyta,phylum,7707728
Pinus aristata-type,Pinopsida,class,194
Pinus aristata-type,Pinales,order,640
Pinus aristata-type,Pinaceae,family,3925
Pinus aristata-type,Pinus,genus,2684241
Pinus ponderosa-type,Plantae,kingdom,6
Pinus ponderosa-type,Tracheophyta,phylum,7707728
Pinus ponderosa-type,Pinopsida,class,194
Pinus ponderosa-type,Pinales,order,640
Pinus ponderosa-type,Pinaceae,family,3925
Pinus ponderosa-type,Pinus,genus,2684241
Berchemia scandens,Plantae,kingdom,6
Berchemia scandens,Tracheophyta,phylum,7707728
Berchemia scandens,Magnoliopsida,class,220
Berchemia scandens,Rosales,order,691
Berchemia scandens,Rhamnaceae,family,2407
Berchemia scandens,Berchemia,genus,8397079
Berchemia scandens,Berchemia scandens,species,3039506
Calycanthus,Plantae,kingdom,6
Calycanthus,Tracheophyta,phylum,7707728
Calycanthus,Magnoliopsida,class,220
Calycanthus,Laurales,order,407
Calycanthus,Calycanthaceae,family,2496
Calycanthus,Calycanthus,genus,3034109
Cephalanthus occidentalis,Plantae,kingdom,6
Cephalanthus occidentalis,Tracheophyta,phylum,7707728
Cephalanthus occidentalis,Magnoliopsida,class,220
Cephalanthus occidentalis,Gentianales,order,412
Cephalanthus occidentalis,Rubiaceae,family,8798
Cephalanthus occidentalis,Cephalanthus,genus,2923932
Cephalanthus occidentalis,Cephalanthus occidentalis,species,2923947
Fraxinus quadrangulata/F. nigra-type,Plantae,kingdom,6
Fraxinus quadrangulata/F. nigra-type,Tracheophyta,phylum,7707728
Fraxinus quadrangulata/F. nigra-type,Magnoliopsida,class,220
Fraxinus quadrangulata/F. nigra-type,Lamiales,order,408
Fraxinus quadrangulata/F. nigra-type,Oleaceae,family,6652
Fraxinus quadrangulata/F. nigra-type,Fraxinus,genus,3172323
Prunus americana-type,Plantae,kingdom,6
Prunus americana-type,Tracheophyta,phylum,7707728
Prunus americana-type,Magnoliopsida,class,220
Prunus americana-type,Rosales,order,691
Prunus americana-type,Rosaceae,family,5015
Prunus americana-type,Prunus,genus,3020559
Prunus virginiana-type,Plantae,kingdom,6
Prunus virginiana-type,Tracheophyta,phylum,7707728
Prunus virginiana-type,Magnoliopsida,class,220
Prunus virginiana-type,Rosales,order,691
Prunus virginiana-type,Rosaceae,family,5015
Prunus virginiana-type,Prunus,genus,3020559
Viburnum acerifolium-type,Plantae,kingdom,6
Viburnum acerifolium-type,Tracheophyta,phylum,7707728
Viburnum acerifolium-type,Magnoliopsida,class,220
Viburnum acerifolium-type,Dipsacales,order,946
Viburnum acerifolium-type,Viburnaceae,family,4924416
Viburnum acerifolium-type,Viburnum,genus,2888580
Viburnum lentago-type,Plantae,kingdom,6
Viburnum lentago-type,Tracheophyta,phylum,7707728
Viburnum lentago-type,Magnoliopsida,class,220
Viburnum lentago-type,Dipsacales,order,946
Viburnum lentago-type,Viburnaceae,family,4924416
Viburnum lentago-type,Viburnum,genus,2888580
Chamaedaphne calyculata,Plantae,kingdom,6
Chamaedaphne calyculata,Tracheophyta,phylum,7707728
Chamaedaphne calyculata,Magnoliopsida,class,220
Chamaedaphne calyculata,Ericales,order,1353
Chamaedaphne calyculata,Ericaceae,family,2505
Chamaedaphne calyculata,Chamaedaphne,genus,8388331
Chamaedaphne calyculata,Chamaedaphne calyculata,species,5333436
Gaultheria,Plantae,kingdom,6
Gaultheria,Tracheophyta,phylum,7707728
Gaultheria,Magnoliopsida,class,220
Gaultheria,Ericales,order,1353
Gaultheria,Ericaceae,family,2505
Gaultheria,Gaultheria,genus,2882751
Gaylussacia,Plantae,kingdom,6
Gaylussacia,Tracheophyta,phylum,7707728
Gaylussacia,Magnoliopsida,class,220
Gaylussacia,Ericales,order,1353
Gaylussacia,Ericaceae,family,2505
Gaylussacia,Gaylussacia,genus,2882726
Lithocarpus,Plantae,kingdom,6
Lithocarpus,Tracheophyta,phylum,7707728
Lithocarpus,Magnoliopsida,class,220
Lithocarpus,Fagales,order,1354
Lithocarpus,Fagaceae,family,4689
Lithocarpus,Lithocarpus,genus,2876673
Maclura,Plantae,kingdom,6
Maclura,Tracheophyta,phylum,7707728
Maclura,Magnoliopsida,class,220
Maclura,Rosales,order,691
Maclura,Moraceae,family,6640
Maclura,Maclura,genus,2984579
Anemone patens,Plantae,kingdom,6
Anemone patens,Tracheophyta,phylum,7707728
Anemone patens,Magnoliopsida,class,220
Anemone patens,Ranunculales,order,399
Anemone patens,Ranunculaceae,family,2410
Anemone patens,Pulsatilla,genus,3033620
Anemone patens,Pulsatilla patens,species,3033623
Anemone patens,Plantae,kingdom,6
Anemone patens,Tracheophyta,phylum,7707728
Anemone patens,Magnoliopsida,class,220
Anemone patens,Ranunculales,order,399
Anemone patens,Ranunculaceae,family,2410
Anemone patens,Pulsatilla,genus,3033620
Anemone patens,Pulsatilla halleri,species,3929423
Anemone quinquefolia-type,Plantae,kingdom,6
Anemone quinquefolia-type,Tracheophyta,phylum,7707728
Anemone quinquefolia-type,Magnoliopsida,class,220
Anemone quinquefolia-type,Ranunculales,order,399
Anemone quinquefolia-type,Ranunculaceae,family,2410
Anemone quinquefolia-type,Anemone,genus,3016227
Asteraceae cf. Cirsium,Plantae,kingdom,6
Asteraceae cf. Cirsium,Tracheophyta,phylum,7707728
Asteraceae cf. Cirsium,Magnoliopsida,class,220
Asteraceae cf. Cirsium,Asterales,order,414
Asteraceae cf. Cirsium,Asteraceae,family,3065
Calylophus,Plantae,kingdom,6
Calylophus,Tracheophyta,phylum,7707728
Calylophus,Magnoliopsida,class,220
Calylophus,Myrtales,order,690
Calylophus,Onagraceae,family,2430
Calylophus,Oenothera,genus,3188799
Mentzelia,Plantae,kingdom,6
Mentzelia,Tracheophyta,phylum,7707728
Mentzelia,Magnoliopsida,class,220
Mentzelia,Cornales,order,949
Mentzelia,Loasaceae,family,2379
Mentzelia,Mentzelia,genus,2874733
Picea indet.,Plantae,kingdom,6
Picea indet.,Tracheophyta,phylum,7707728
Picea indet.,Pinopsida,class,194
Picea indet.,Pinales,order,640
Picea indet.,Pinaceae,family,3925
Picea indet.,Picea,genus,7606064
Polygonum ramosissimum-type,Plantae,kingdom,6
Polygonum ramosissimum-type,Tracheophyta,phylum,7707728
Polygonum ramosissimum-type,Magnoliopsida,class,220
Polygonum ramosissimum-type,Caryophyllales,order,422
Polygonum ramosissimum-type,Polygonaceae,family,2416
Polygonum ramosissimum-type,Polygonum,genus,2889077
Tsuga canadensis-type,Plantae,kingdom,6
Tsuga canadensis-type,Tracheophyta,phylum,7707728
Tsuga canadensis-type,Pinopsida,class,194
Tsuga canadensis-type,Pinales,order,640
Tsuga canadensis-type,Pinaceae,family,3925
Tsuga canadensis-type,Tsuga,genus,8527396
Viburnum rafinesquianum-type,Plantae,kingdom,6
Viburnum rafinesquianum-type,Tracheophyta,phylum,7707728
Viburnum rafinesquianum-type,Magnoliopsida,class,220
Viburnum rafinesquianum-type,Dipsacales,order,946
Viburnum rafinesquianum-type,Viburnaceae,family,4924416
Viburnum rafinesquianum-type,Viburnum,genus,2888580
Leitneria floridana,Plantae,kingdom,6
Leitneria floridana,Tracheophyta,phylum,7707728
Leitneria floridana,Magnoliopsida,class,220
Leitneria floridana,Sapindales,order,933
Leitneria floridana,Simaroubaceae,family,2395
Leitneria floridana,Leitneria,genus,2984678
Leitneria floridana,Leitneria floridana,species,5361951
Ephedra (branched folds),Plantae,kingdom,6
Ephedra (branched folds),Tracheophyta,phylum,7707728
Ephedra (branched folds),Gnetopsida,class,282
Ephedra (branched folds),Ephedrales,order,424
Ephedra (branched folds),Ephedraceae,family,3114
Ephedra (branched folds),Ephedra,genus,2653237
Ephedra (simple folds),Plantae,kingdom,6
Ephedra (simple folds),Tracheophyta,phylum,7707728
Ephedra (simple folds),Gnetopsida,class,282
Ephedra (simple folds),Ephedrales,order,424
Ephedra (simple folds),Ephedraceae,family,3114
Ephedra (simple folds),Ephedra,genus,2653237
Pinus subg. Strobus (large),Plantae,kingdom,6
Pinus subg. Strobus (large),Tracheophyta,phylum,7707728
Pinus subg. Strobus (large),Pinopsida,class,194
Pinus subg. Strobus (large),Pinales,order,640
Pinus subg. Strobus (large),Pinaceae,family,3925
Pinus subg. Strobus (large),Pinus,genus,2684241
Pinus subg. Strobus (small),Plantae,kingdom,6
Pinus subg. Strobus (small),Tracheophyta,phylum,7707728
Pinus subg. Strobus (small),Pinopsida,class,194
Pinus subg. Strobus (small),Pinales,order,640
Pinus subg. Strobus (small),Pinaceae,family,3925
Pinus subg. Strobus (small),Pinus,genus,2684241
Zygophyllaceae,Plantae,kingdom,6
Zygophyllaceae,Tracheophyta,phylum,7707728
Zygophyllaceae,Magnoliopsida,class,220
Zygophyllaceae,Zygophyllales,order,7219293
Zygophyllaceae,Zygophyllaceae,family,2394
Ephedraceae,Plantae,kingdom,6
Ephedraceae,Tracheophyta,phylum,7707728
Ephedraceae,Gnetopsida,class,282
Ephedraceae,Ephedrales,order,424
Ephedraceae,Ephedraceae,family,3114
Cassiope tetragona,Plantae,kingdom,6
Cassiope tetragona,Tracheophyta,phylum,7707728
Cassiope tetragona,Magnoliopsida,class,220
Cassiope tetragona,Ericales,order,1353
Cassiope tetragona,Ericaceae,family,2505
Cassiope tetragona,Cassiope,genus,2882766
Cassiope tetragona,Cassiope tetragona,species,5333401
Cannabaceae sensu stricto undiff.,Plantae,kingdom,6
Cannabaceae sensu stricto undiff.,Tracheophyta,phylum,7707728
Cannabaceae sensu stricto undiff.,Magnoliopsida,class,220
Cannabaceae sensu stricto undiff.,Rosales,order,691
Cannabaceae sensu stricto undiff.,Cannabaceae,family,2384
Quercus vaccinifolia,Plantae,kingdom,6
Quercus vaccinifolia,Tracheophyta,phylum,7707728
Quercus vaccinifolia,Magnoliopsida,class,220
Quercus vaccinifolia,Fagales,order,1354
Quercus vaccinifolia,Fagaceae,family,4689
Quercus vaccinifolia,Quercus,genus,2877951
Quercus vaccinifolia,Quercus vacciniifolia,species,10918497
Rutaceae,Plantae,kingdom,6
Rutaceae,Tracheophyta,phylum,7707728
Rutaceae,Magnoliopsida,class,220
Rutaceae,Sapindales,order,933
Rutaceae,Rutaceae,family,2396
Betula glandulosa-type,Plantae,kingdom,6
Betula glandulosa-type,Tracheophyta,phylum,7707728
Betula glandulosa-type,Magnoliopsida,class,220
Betula glandulosa-type,Fagales,order,1354
Betula glandulosa-type,Betulaceae,family,4688
Betula glandulosa-type,Betula,genus,2875008
Grossulariaceae,Plantae,kingdom,6
Grossulariaceae,Tracheophyta,phylum,7707728
Grossulariaceae,Magnoliopsida,class,220
Grossulariaceae,Saxifragales,order,7219248
Grossulariaceae,Grossulariaceae,family,2403
Populus grandidentata-type,Plantae,kingdom,6
Populus grandidentata-type,Tracheophyta,phylum,7707728
Populus grandidentata-type,Magnoliopsida,class,220
Populus grandidentata-type,Malpighiales,order,1414
Populus grandidentata-type,Salicaceae,family,6664
Populus grandidentata-type,Populus,genus,3040183
Asteroideae (high spine),Animalia,kingdom,1
Asteroideae (high spine),Echinodermata,phylum,50
Asteroideae (high spine),Asteroidea,class,214
Coptis,Plantae,kingdom,6
Coptis,Tracheophyta,phylum,7707728
Coptis,Magnoliopsida,class,220
Coptis,Ranunculales,order,399
Coptis,Ranunculaceae,family,2410
Coptis,Coptis,genus,3033631
Fritillaria,Animalia,kingdom,1
Fritillaria,Chordata,phylum,44
Fritillaria,Copelata,order,1441
Fritillaria,Fritillariidae,family,5224
Fritillaria,Fritillaria,genus,2332495
Fritillaria,Plantae,kingdom,6
Fritillaria,Tracheophyta,phylum,7707728
Fritillaria,Liliopsida,class,196
Fritillaria,Liliales,order,1172
Fritillaria,Liliaceae,family,7699
Fritillaria,Fritillaria,genus,2752152
Populus cf. P. tremuloides,Plantae,kingdom,6
Populus cf. P. tremuloides,Tracheophyta,phylum,7707728
Populus cf. P. tremuloides,Magnoliopsida,class,220
Populus cf. P. tremuloides,Malpighiales,order,1414
Populus cf. P. tremuloides,Salicaceae,family,6664
Populus cf. P. tremuloides,Populus,genus,3040183
Thuja,Plantae,kingdom,6
Thuja,Tracheophyta,phylum,7707728
Thuja,Pinopsida,class,194
Thuja,Pinales,order,640
Thuja,Cupressaceae,family,8144
Thuja,Thuja,genus,2684168
Conioselinum,Plantae,kingdom,6
Conioselinum,Tracheophyta,phylum,7707728
Conioselinum,Magnoliopsida,class,220
Conioselinum,Apiales,order,1351
Conioselinum,Apiaceae,family,6720
Conioselinum,Conioselinum,genus,3034688
Valeriana sitchensis,Plantae,kingdom,6
Valeriana sitchensis,Tracheophyta,phylum,7707728
Valeriana sitchensis,Magnoliopsida,class,220
Valeriana sitchensis,Dipsacales,order,946
Valeriana sitchensis,Caprifoliaceae,family,6710
Valeriana sitchensis,Valeriana,genus,2888741
Valeriana sitchensis,Valeriana sitchensis,species,2888754
Rosaceae (>20 µm),Plantae,kingdom,6
Rosaceae (>20 µm),Tracheophyta,phylum,7707728
Rosaceae (>20 µm),Magnoliopsida,class,220
Rosaceae (>20 µm),Rosales,order,691
Rosaceae (>20 µm),Rosaceae,family,5015
Rosaceae (<20 µm),Plantae,kingdom,6
Rosaceae (<20 µm),Tracheophyta,phylum,7707728
Rosaceae (<20 µm),Magnoliopsida,class,220
Rosaceae (<20 µm),Rosales,order,691
Rosaceae (<20 µm),Rosaceae,family,5015
Rosaceae cf. Holodiscus,Plantae,kingdom,6
Rosaceae cf. Holodiscus,Tracheophyta,phylum,7707728
Rosaceae cf. Holodiscus,Magnoliopsida,class,220
Rosaceae cf. Holodiscus,Rosales,order,691
Rosaceae cf. Holodiscus,Rosaceae,family,5015
Vaccinium uliginosum-type,Plantae,kingdom,6
Vaccinium uliginosum-type,Tracheophyta,phylum,7707728
Vaccinium uliginosum-type,Magnoliopsida,class,220
Vaccinium uliginosum-type,Ericales,order,1353
Vaccinium uliginosum-type,Ericaceae,family,2505
Vaccinium uliginosum-type,Vaccinium,genus,2882813
Comptonia peregrina,Plantae,kingdom,6
Comptonia peregrina,Tracheophyta,phylum,7707728
Comptonia peregrina,Magnoliopsida,class,220
Comptonia peregrina,Fagales,order,1354
Comptonia peregrina,Myricaceae,family,2432
Comptonia peregrina,Comptonia,genus,8464883
Comptonia peregrina,Comptonia peregrina,species,5414197
Viburnum alnifolium,Plantae,kingdom,6
Viburnum alnifolium,Tracheophyta,phylum,7707728
Viburnum alnifolium,Magnoliopsida,class,220
Viburnum alnifolium,Dipsacales,order,946
Viburnum alnifolium,Viburnaceae,family,4924416
Viburnum alnifolium,Viburnum,genus,2888580
Viburnum alnifolium,Viburnum lantanoides,species,2888601
Batis,Animalia,kingdom,1
Batis,Chordata,phylum,44
Batis,Aves,class,212
Batis,Passeriformes,order,729
Batis,Platysteiridae,family,9335
Batis,Batis,genus,2492286
Batis,Plantae,kingdom,6
Batis,Tracheophyta,phylum,7707728
Batis,Magnoliopsida,class,220
Batis,Brassicales,order,7225535
Batis,Bataceae,family,6353
Batis,Batis,genus,2870361
Collinsia,Animalia,kingdom,1
Collinsia,Arthropoda,phylum,54
Collinsia,Arachnida,class,367
Collinsia,Araneae,order,1496
Collinsia,Linyphiidae,family,3415
Collinsia,Collinsia,genus,2138262
Collinsia,Plantae,kingdom,6
Collinsia,Tracheophyta,phylum,7707728
Collinsia,Magnoliopsida,class,220
Collinsia,Lamiales,order,408
Collinsia,Plantaginaceae,family,2420
Collinsia,Collinsia,genus,3171755
Heliantheae undiff.,Plantae,kingdom,6
Heliantheae undiff.,Tracheophyta,phylum,7707728
Heliantheae undiff.,Magnoliopsida,class,220
Heliantheae undiff.,Asterales,order,414
Heliantheae undiff.,Asteraceae,family,3065
Heliantheae undiff.,Heliantheae,genus,6102576
Acer cf. A. pensylvanicum,Plantae,kingdom,6
Acer cf. A. pensylvanicum,Tracheophyta,phylum,7707728
Acer cf. A. pensylvanicum,Magnoliopsida,class,220
Acer cf. A. pensylvanicum,Sapindales,order,933
Acer cf. A. pensylvanicum,Sapindaceae,family,6657
Acer cf. A. pensylvanicum,Acer,genus,3189834
Frangula purshiana-type,Plantae,kingdom,6
Frangula purshiana-type,Tracheophyta,phylum,7707728
Frangula purshiana-type,Magnoliopsida,class,220
Frangula purshiana-type,Rosales,order,691
Frangula purshiana-type,Rhamnaceae,family,2407
Frangula purshiana-type,Frangula,genus,3039453
Pinus contorta/P. ponderosa,Plantae,kingdom,6
Pinus contorta/P. ponderosa,Tracheophyta,phylum,7707728
Pinus contorta/P. ponderosa,Pinopsida,class,194
Pinus contorta/P. ponderosa,Pinales,order,640
Pinus contorta/P. ponderosa,Pinaceae,family,3925
Pinus contorta/P. ponderosa,Pinus,genus,2684241
Pinus monticola/P. albicaulis,Plantae,kingdom,6
Pinus monticola/P. albicaulis,Tracheophyta,phylum,7707728
Pinus monticola/P. albicaulis,Pinopsida,class,194
Pinus monticola/P. albicaulis,Pinales,order,640
Pinus monticola/P. albicaulis,Pinaceae,family,3925
Pinus monticola/P. albicaulis,Pinus,genus,2684241
Populus trichocarpa-type,Plantae,kingdom,6
Populus trichocarpa-type,Tracheophyta,phylum,7707728
Populus trichocarpa-type,Magnoliopsida,class,220
Populus trichocarpa-type,Malpighiales,order,1414
Populus trichocarpa-type,Salicaceae,family,6664
Populus trichocarpa-type,Populus,genus,3040183
Prunus cf. P. serotina,Plantae,kingdom,6
Prunus cf. P. serotina,Tracheophyta,phylum,7707728
Prunus cf. P. serotina,Magnoliopsida,class,220
Prunus cf. P. serotina,Rosales,order,691
Prunus cf. P. serotina,Rosaceae,family,5015
Prunus cf. P. serotina,Prunus,genus,3020559
Thuja plicata-type,Plantae,kingdom,6
Thuja plicata-type,Tracheophyta,phylum,7707728
Thuja plicata-type,Pinopsida,class,194
Thuja plicata-type,Pinales,order,640
Thuja plicata-type,Cupressaceae,family,8144
Thuja plicata-type,Thuja,genus,2684168
Cannabaceae cf. Humulus,Plantae,kingdom,6
Cannabaceae cf. Humulus,Tracheophyta,phylum,7707728
Cannabaceae cf. Humulus,Magnoliopsida,class,220
Cannabaceae cf. Humulus,Rosales,order,691
Cannabaceae cf. Humulus,Cannabaceae,family,2384
Ranunculaceae cf. Aconitum,Plantae,kingdom,6
Ranunculaceae cf. Aconitum,Tracheophyta,phylum,7707728
Ranunculaceae cf. Aconitum,Magnoliopsida,class,220
Ranunculaceae cf. Aconitum,Ranunculales,order,399
Ranunculaceae cf. Aconitum,Ranunculaceae,family,2410
Rosaceae cf. Adenostoma,Plantae,kingdom,6
Rosaceae cf. Adenostoma,Tracheophyta,phylum,7707728
Rosaceae cf. Adenostoma,Magnoliopsida,class,220
Rosaceae cf. Adenostoma,Rosales,order,691
Rosaceae cf. Adenostoma,Rosaceae,family,5015
Betula (>20 µm),Plantae,kingdom,6
Betula (>20 µm),Tracheophyta,phylum,7707728
Betula (>20 µm),Magnoliopsida,class,220
Betula (>20 µm),Fagales,order,1354
Betula (>20 µm),Betulaceae,family,4688
Betula (>20 µm),Betula,genus,2875008
Betula (<20 µm),Plantae,kingdom,6
Betula (<20 µm),Tracheophyta,phylum,7707728
Betula (<20 µm),Magnoliopsida,class,220
Betula (<20 µm),Fagales,order,1354
Betula (<20 µm),Betulaceae,family,4688
Betula (<20 µm),Betula,genus,2875008
Acer cf. A. glabrum,Plantae,kingdom,6
Acer cf. A. glabrum,Tracheophyta,phylum,7707728
Acer cf. A. glabrum,Magnoliopsida,class,220
Acer cf. A. glabrum,Sapindales,order,933
Acer cf. A. glabrum,Sapindaceae,family,6657
Acer cf. A. glabrum,Acer,genus,3189834
Plectritis,Plantae,kingdom,6
Plectritis,Tracheophyta,phylum,7707728
Plectritis,Magnoliopsida,class,220
Plectritis,Dipsacales,order,946
Plectritis,Caprifoliaceae,family,6710
Plectritis,Plectritis,genus,2888735
Quercus garryana,Plantae,kingdom,6
Quercus garryana,Tracheophyta,phylum,7707728
Quercus garryana,Magnoliopsida,class,220
Quercus garryana,Fagales,order,1354
Quercus garryana,Fagaceae,family,4689
Quercus garryana,Quercus,genus,2877951
Quercus garryana,Quercus garryana,species,2879260
Betula papyrifera,Plantae,kingdom,6
Betula papyrifera,Tracheophyta,phylum,7707728
Betula papyrifera,Magnoliopsida,class,220
Betula papyrifera,Fagales,order,1354
Betula papyrifera,Betulaceae,family,4688
Betula papyrifera,Betula,genus,2875008
Betula papyrifera,Betula papyrifera,species,5332120
Morus rubra,Plantae,kingdom,6
Morus rubra,Tracheophyta,phylum,7707728
Morus rubra,Magnoliopsida,class,220
Morus rubra,Rosales,order,691
Morus rubra,Moraceae,family,6640
Morus rubra,Morus,genus,2984545
Morus rubra,Morus rubra,species,5361886
Pinus resinosa,Plantae,kingdom,6
Pinus resinosa,Tracheophyta,phylum,7707728
Pinus resinosa,Pinopsida,class,194
Pinus resinosa,Pinales,order,640
Pinus resinosa,Pinaceae,family,3925
Pinus resinosa,Pinus,genus,2684241
Pinus resinosa,Pinus resinosa,species,5285067
Araliaceae,Plantae,kingdom,6
Araliaceae,Tracheophyta,phylum,7707728
Araliaceae,Magnoliopsida,class,220
Araliaceae,Apiales,order,1351
Araliaceae,Araliaceae,family,8800
Bumelia,Plantae,kingdom,6
Bumelia,Tracheophyta,phylum,7707728
Bumelia,Magnoliopsida,class,220
Bumelia,Ericales,order,1353
Bumelia,Sapotaceae,family,8802
Bumelia,Sideroxylon,genus,2886817
Cecropia,Plantae,kingdom,6
Cecropia,Tracheophyta,phylum,7707728
Cecropia,Magnoliopsida,class,220
Cecropia,Rosales,order,691
Cecropia,Urticaceae,family,6639
Cecropia,Cecropia,genus,2984472
Eugenia,Animalia,kingdom,1
Eugenia,Arthropoda,phylum,54
Eugenia,Insecta,class,216
Eugenia,Diptera,order,811
Eugenia,Tachinidae,family,6918
Eugenia,Eugenia,genus,1470783
Eugenia,Plantae,kingdom,6
Eugenia,Tracheophyta,phylum,7707728
Eugenia,Magnoliopsida,class,220
Eugenia,Myrtales,order,690
Eugenia,Myrtaceae,family,5014
Eugenia,Eugenia,genus,3177662
Myrsine,Plantae,kingdom,6
Myrsine,Tracheophyta,phylum,7707728
Myrsine,Magnoliopsida,class,220
Myrsine,Ericales,order,1353
Myrsine,Primulaceae,family,6674
Myrsine,Myrsine,genus,3169412
Pinus clausa-type,Plantae,kingdom,6
Pinus clausa-type,Tracheophyta,phylum,7707728
Pinus clausa-type,Pinopsida,class,194
Pinus clausa-type,Pinales,order,640
Pinus clausa-type,Pinaceae,family,3925
Pinus clausa-type,Pinus,genus,2684241
Brassicaceae cf. Brassica,Plantae,kingdom,6
Brassicaceae cf. Brassica,Tracheophyta,phylum,7707728
Brassicaceae cf. Brassica,Magnoliopsida,class,220
Brassicaceae cf. Brassica,Brassicales,order,7225535
Brassicaceae cf. Brassica,Brassicaceae,family,3112
Campanula aparinoides-type,Plantae,kingdom,6
Campanula aparinoides-type,Tracheophyta,phylum,7707728
Campanula aparinoides-type,Magnoliopsida,class,220
Campanula aparinoides-type,Asterales,order,414
Campanula aparinoides-type,Campanulaceae,family,8801
Campanula aparinoides-type,Campanula,genus,3161935
Koenigia alaskana,Plantae,kingdom,6
Koenigia alaskana,Tracheophyta,phylum,7707728
Koenigia alaskana,Magnoliopsida,class,220
Koenigia alaskana,Caryophyllales,order,422
Koenigia alaskana,Polygonaceae,family,2416
Koenigia alaskana,Koenigia,genus,2889050
Koenigia alaskana,Koenigia lapathifolia,species,11514470
Comandra,Plantae,kingdom,6
Comandra,Tracheophyta,phylum,7707728
Comandra,Magnoliopsida,class,220
Comandra,Santalales,order,934
Comandra,Comandraceae,family,4936000
Comandra,Comandra,genus,2889776
Lysimachia quadriflora-type,Plantae,kingdom,6
Lysimachia quadriflora-type,Tracheophyta,phylum,7707728
Lysimachia quadriflora-type,Magnoliopsida,class,220
Lysimachia quadriflora-type,Ericales,order,1353
Lysimachia quadriflora-type,Primulaceae,family,6674
Lysimachia quadriflora-type,Lysimachia,genus,3169330
Ribes aureum,Plantae,kingdom,6
Ribes aureum,Tracheophyta,phylum,7707728
Ribes aureum,Magnoliopsida,class,220
Ribes aureum,Saxifragales,order,7219248
Ribes aureum,Grossulariaceae,family,2403
Ribes aureum,Ribes,genus,2986095
Ribes aureum,Ribes aureum,species,2986111
Boerhavia,Plantae,kingdom,6
Boerhavia,Tracheophyta,phylum,7707728
Boerhavia,Magnoliopsida,class,220
Boerhavia,Caryophyllales,order,422
Boerhavia,Nyctaginaceae,family,6718
Boerhavia,Boerhavia,genus,3086275
Diospyros,Plantae,kingdom,6
Diospyros,Tracheophyta,phylum,7707728
Diospyros,Magnoliopsida,class,220
Diospyros,Ericales,order,1353
Diospyros,Ebenaceae,family,6709
Diospyros,Diospyros,genus,3030169
Styloceras,Chromista,kingdom,4
Styloceras,Ochrophyta,phylum,98
Styloceras,Chrysophyceae,class,7073563
Styloceras,Hibberdiales,order,597
Styloceras,Stylococcaceae,family,2912
Styloceras,Styloceras,genus,3195412
Styloceras,Plantae,kingdom,6
Styloceras,Tracheophyta,phylum,7707728
Styloceras,Magnoliopsida,class,220
Styloceras,Buxales,order,5939628
Styloceras,Buxaceae,family,6703
Styloceras,Styloceras,genus,3234701
Viscaceae sensu stricto undiff.,Plantae,kingdom,6
Viscaceae sensu stricto undiff.,Tracheophyta,phylum,7707728
Viscaceae sensu stricto undiff.,Magnoliopsida,class,220
Viscaceae sensu stricto undiff.,Santalales,order,934
Viscaceae sensu stricto undiff.,Viscaceae,family,2399
Alnus rhombifolia-type,Plantae,kingdom,6
Alnus rhombifolia-type,Tracheophyta,phylum,7707728
Alnus rhombifolia-type,Magnoliopsida,class,220
Alnus rhombifolia-type,Fagales,order,1354
Alnus rhombifolia-type,Betulaceae,family,4688
Alnus rhombifolia-type,Alnus,genus,2876099
Fraxinus latifolia-type,Plantae,kingdom,6
Fraxinus latifolia-type,Tracheophyta,phylum,7707728
Fraxinus latifolia-type,Magnoliopsida,class,220
Fraxinus latifolia-type,Lamiales,order,408
Fraxinus latifolia-type,Oleaceae,family,6652
Fraxinus latifolia-type,Fraxinus,genus,3172323
Triantha glutinosa,Plantae,kingdom,6
Triantha glutinosa,Tracheophyta,phylum,7707728
Triantha glutinosa,Liliopsida,class,196
Triantha glutinosa,Alismatales,order,551
Triantha glutinosa,Tofieldiaceae,family,3724
Triantha glutinosa,Triantha,genus,2864284
Triantha glutinosa,Triantha glutinosa,species,9206474
Parthenocissus vitacea,Plantae,kingdom,6
Parthenocissus vitacea,Tracheophyta,phylum,7707728
Parthenocissus vitacea,Magnoliopsida,class,220
Parthenocissus vitacea,Vitales,order,7222050
Parthenocissus vitacea,Vitaceae,family,6672
Parthenocissus vitacea,Parthenocissus,genus,3039188
Parthenocissus vitacea,Parthenocissus inserta,species,3039203
Boehmeria,Plantae,kingdom,6
Boehmeria,Tracheophyta,phylum,7707728
Boehmeria,Magnoliopsida,class,220
Boehmeria,Rosales,order,691
Boehmeria,Urticaceae,family,6639
Boehmeria,Boehmeria,genus,2984344
Picea rubens-type,Plantae,kingdom,6
Picea rubens-type,Tracheophyta,phylum,7707728
Picea rubens-type,Pinopsida,class,194
Picea rubens-type,Pinales,order,640
Picea rubens-type,Pinaceae,family,3925
Picea rubens-type,Picea,genus,7606064
Acer rubrum-type,Plantae,kingdom,6
Acer rubrum-type,Tracheophyta,phylum,7707728
Acer rubrum-type,Magnoliopsida,class,220
Acer rubrum-type,Sapindales,order,933
Acer rubrum-type,Sapindaceae,family,6657
Acer rubrum-type,Acer,genus,3189834
Magnolia virginiana-type,Plantae,kingdom,6
Magnolia virginiana-type,Tracheophyta,phylum,7707728
Magnolia virginiana-type,Magnoliopsida,class,220
Magnolia virginiana-type,Magnoliales,order,718
Magnolia virginiana-type,Magnoliaceae,family,4690
Magnolia virginiana-type,Magnolia,genus,2888195
Coniferae,Animalia,kingdom,1
Coniferae,Arthropoda,phylum,54
Coniferae,Ostracoda,class,353
Coniferae,Podocopida,order,1438
Coniferae,Coniferina,genus,4807381
Combretaceae,Plantae,kingdom,6
Combretaceae,Tracheophyta,phylum,7707728
Combretaceae,Magnoliopsida,class,220
Combretaceae,Myrtales,order,690
Combretaceae,Combretaceae,family,2431
Pinus rigida,Plantae,kingdom,6
Pinus rigida,Tracheophyta,phylum,7707728
Pinus rigida,Pinopsida,class,194
Pinus rigida,Pinales,order,640
Pinus rigida,Pinaceae,family,3925
Pinus rigida,Pinus,genus,2684241
Pinus rigida,Pinus rigida,species,5285635
Acer saccharum/A. nigrum,Plantae,kingdom,6
Acer saccharum/A. nigrum,Tracheophyta,phylum,7707728
Acer saccharum/A. nigrum,Magnoliopsida,class,220
Acer saccharum/A. nigrum,Sapindales,order,933
Acer saccharum/A. nigrum,Sapindaceae,family,6657
Acer saccharum/A. nigrum,Acer,genus,3189834
Acer spicatum-type,Plantae,kingdom,6
Acer spicatum-type,Tracheophyta,phylum,7707728
Acer spicatum-type,Magnoliopsida,class,220
Acer spicatum-type,Sapindales,order,933
Acer spicatum-type,Sapindaceae,family,6657
Acer spicatum-type,Acer,genus,3189834
Physocarpus,Plantae,kingdom,6
Physocarpus,Tracheophyta,phylum,7707728
Physocarpus,Magnoliopsida,class,220
Physocarpus,Rosales,order,691
Physocarpus,Rosaceae,family,5015
Physocarpus,Physocarpus,genus,7903731
Pinus rigida-type,Plantae,kingdom,6
Pinus rigida-type,Tracheophyta,phylum,7707728
Pinus rigida-type,Pinopsida,class,194
Pinus rigida-type,Pinales,order,640
Pinus rigida-type,Pinaceae,family,3925
Pinus rigida-type,Pinus,genus,2684241
Acer sp.,Plantae,kingdom,6
Acer sp.,Tracheophyta,phylum,7707728
Acer sp.,Magnoliopsida,class,220
Acer sp.,Sapindales,order,933
Acer sp.,Sapindaceae,family,6657
Acer sp.,Acer,genus,3189834
Ptelea trifoliata,Plantae,kingdom,6
Ptelea trifoliata,Tracheophyta,phylum,7707728
Ptelea trifoliata,Magnoliopsida,class,220
Ptelea trifoliata,Sapindales,order,933
Ptelea trifoliata,Rutaceae,family,2396
Ptelea trifoliata,Ptelea,genus,3189970
Ptelea trifoliata,Ptelea trifoliata,species,3190411
Cucurbita,Plantae,kingdom,6
Cucurbita,Tracheophyta,phylum,7707728
Cucurbita,Magnoliopsida,class,220
Cucurbita,Cucurbitales,order,7224005
Cucurbita,Cucurbitaceae,family,6634
Cucurbita,Cucurbita,genus,2874506
Cucurbita,Chromista,kingdom,4
Cucurbita,Foraminifera,phylum,8376456
Cucurbita,Tubothalamea,class,8297263
Cucurbita,Miliolida,order,8238441
Cucurbita,Milioliporidae,family,8358636
Cucurbita,Cucurbita,genus,7853991
Rhexia,Animalia,kingdom,1
Rhexia,Arthropoda,phylum,54
Rhexia,Insecta,class,216
Rhexia,Hemiptera,order,809
Rhexia,Membracidae,family,7889
Rhexia,Rhexia,genus,2021134
Rhexia,Plantae,kingdom,6
Rhexia,Tracheophyta,phylum,7707728
Rhexia,Magnoliopsida,class,220
Rhexia,Myrtales,order,690
Rhexia,Melastomataceae,family,6683
Rhexia,Rhexia,genus,7793133
Pinus subg. Pinus (large),Plantae,kingdom,6
Pinus subg. Pinus (large),Tracheophyta,phylum,7707728
Pinus subg. Pinus (large),Pinopsida,class,194
Pinus subg. Pinus (large),Pinales,order,640
Pinus subg. Pinus (large),Pinaceae,family,3925
Pinus subg. Pinus (large),Pinus,genus,2684241
Pinus subg. Pinus (small),Plantae,kingdom,6
Pinus subg. Pinus (small),Tracheophyta,phylum,7707728
Pinus subg. Pinus (small),Pinopsida,class,194
Pinus subg. Pinus (small),Pinales,order,640
Pinus subg. Pinus (small),Pinaceae,family,3925
Pinus subg. Pinus (small),Pinus,genus,2684241
Planera,Plantae,kingdom,6
Planera,Tracheophyta,phylum,7707728
Planera,Magnoliopsida,class,220
Planera,Rosales,order,691
Planera,Ulmaceae,family,2382
Planera,Planera,genus,2984477
Cassiope tetragona-type,Plantae,kingdom,6
Cassiope tetragona-type,Tracheophyta,phylum,7707728
Cassiope tetragona-type,Magnoliopsida,class,220
Cassiope tetragona-type,Ericales,order,1353
Cassiope tetragona-type,Ericaceae,family,2505
Cassiope tetragona-type,Cassiope,genus,2882766
Cassiope tetragona-type,Animalia,kingdom,1
Cassiope tetragona-type,Mollusca,phylum,52
Cassiope tetragona-type,Gastropoda,class,225
Cassiope tetragona-type,Cassiopidae,family,3243807
Cassiope tetragona-type,Cassiope,genus,3244691
Oplopanax,Plantae,kingdom,6
Oplopanax,Tracheophyta,phylum,7707728
Oplopanax,Magnoliopsida,class,220
Oplopanax,Apiales,order,1351
Oplopanax,Araliaceae,family,8800
Oplopanax,Oplopanax,genus,3036346
Agrostis,Plantae,kingdom,6
Agrostis,Tracheophyta,phylum,7707728
Agrostis,Liliopsida,class,196
Agrostis,Poales,order,1369
Agrostis,Poaceae,family,3073
Agrostis,Agrostis,genus,2706434
Araceae undiff.,Plantae,kingdom,6
Araceae undiff.,Tracheophyta,phylum,7707728
Araceae undiff.,Liliopsida,class,196
Araceae undiff.,Alismatales,order,551
Araceae undiff.,Araceae,family,6979
Chimaphila,Plantae,kingdom,6
Chimaphila,Tracheophyta,phylum,7707728
Chimaphila,Magnoliopsida,class,220
Chimaphila,Ericales,order,1353
Chimaphila,Ericaceae,family,2505
Chimaphila,Chimaphila,genus,2888303
Chimaphila,Animalia,kingdom,1
Chimaphila,Arthropoda,phylum,54
Chimaphila,Insecta,class,216
Chimaphila,Lepidoptera,order,797
Chimaphila,Geometridae,family,6950
Chimaphila,Chimaphila,genus,9389650
Poa,Plantae,kingdom,6
Poa,Tracheophyta,phylum,7707728
Poa,Liliopsida,class,196
Poa,Poales,order,1369
Poa,Poaceae,family,3073
Poa,Poa,genus,2704173
Apiaceae (coarse reticulate),Plantae,kingdom,6
Apiaceae (coarse reticulate),Tracheophyta,phylum,7707728
Apiaceae (coarse reticulate),Magnoliopsida,class,220
Apiaceae (coarse reticulate),Apiales,order,1351
Apiaceae (coarse reticulate),Apiaceae,family,6720
"Apiaceae (medium, slender)",Plantae,kingdom,6
"Apiaceae (medium, slender)",Tracheophyta,phylum,7707728
"Apiaceae (medium, slender)",Magnoliopsida,class,220
"Apiaceae (medium, slender)",Apiales,order,1351
"Apiaceae (medium, slender)",Apiaceae,family,6720
"Ericaceae (large, round)",Plantae,kingdom,6
"Ericaceae (large, round)",Tracheophyta,phylum,7707728
"Ericaceae (large, round)",Magnoliopsida,class,220
"Ericaceae (large, round)",Ericales,order,1353
"Ericaceae (large, round)",Ericaceae,family,2505
"Ericaceae (large, triangular)",Plantae,kingdom,6
"Ericaceae (large, triangular)",Tracheophyta,phylum,7707728
"Ericaceae (large, triangular)",Magnoliopsida,class,220
"Ericaceae (large, triangular)",Ericales,order,1353
"Ericaceae (large, triangular)",Ericaceae,family,2505
"Ericaceae (medium, soccer ball)",Plantae,kingdom,6
"Ericaceae (medium, soccer ball)",Tracheophyta,phylum,7707728
"Ericaceae (medium, soccer ball)",Magnoliopsida,class,220
"Ericaceae (medium, soccer ball)",Ericales,order,1353
"Ericaceae (medium, soccer ball)",Ericaceae,family,2505
"Ericaceae (small, round)",Plantae,kingdom,6
"Ericaceae (small, round)",Tracheophyta,phylum,7707728
"Ericaceae (small, round)",Magnoliopsida,class,220
"Ericaceae (small, round)",Ericales,order,1353
"Ericaceae (small, round)",Ericaceae,family,2505
"Ericaceae (small, triangular)",Plantae,kingdom,6
"Ericaceae (small, triangular)",Tracheophyta,phylum,7707728
"Ericaceae (small, triangular)",Magnoliopsida,class,220
"Ericaceae (small, triangular)",Ericales,order,1353
"Ericaceae (small, triangular)",Ericaceae,family,2505
Betula (large),Plantae,kingdom,6
Betula (large),Tracheophyta,phylum,7707728
Betula (large),Magnoliopsida,class,220
Betula (large),Fagales,order,1354
Betula (large),Betulaceae,family,4688
Betula (large),Betula,genus,2875008
Abies sp.,Plantae,kingdom,6
Abies sp.,Tracheophyta,phylum,7707728
Abies sp.,Pinopsida,class,194
Abies sp.,Pinales,order,640
Abies sp.,Pinaceae,family,3925
Abies sp.,Abies,genus,2684876
Picea sp.,Plantae,kingdom,6
Picea sp.,Tracheophyta,phylum,7707728
Picea sp.,Pinopsida,class,194
Picea sp.,Pinales,order,640
Picea sp.,Pinaceae,family,3925
Picea sp.,Picea,genus,7606064
Salix sp.,Plantae,kingdom,6
Salix sp.,Tracheophyta,phylum,7707728
Salix sp.,Magnoliopsida,class,220
Salix sp.,Malpighiales,order,1414
Salix sp.,Salicaceae,family,6664
Salix sp.,Salix,genus,3039576
Taxaceae,Plantae,kingdom,6
Taxaceae,Tracheophyta,phylum,7707728
Taxaceae,Pinopsida,class,194
Taxaceae,Pinales,order,640
Taxaceae,Taxaceae,family,4863
Coptis trifolia,Plantae,kingdom,6
Coptis trifolia,Tracheophyta,phylum,7707728
Coptis trifolia,Magnoliopsida,class,220
Coptis trifolia,Ranunculales,order,399
Coptis trifolia,Ranunculaceae,family,2410
Coptis trifolia,Coptis,genus,3033631
Coptis trifolia,Coptis trifolia,species,3033632
Epilobium palustre,Plantae,kingdom,6
Epilobium palustre,Tracheophyta,phylum,7707728
Epilobium palustre,Magnoliopsida,class,220
Epilobium palustre,Myrtales,order,690
Epilobium palustre,Onagraceae,family,2430
Epilobium palustre,Epilobium,genus,3189067
Epilobium palustre,Epilobium palustre,species,3189080
Scutellaria galericulata,Plantae,kingdom,6
Scutellaria galericulata,Tracheophyta,phylum,7707728
Scutellaria galericulata,Magnoliopsida,class,220
Scutellaria galericulata,Lamiales,order,408
Scutellaria galericulata,Lamiaceae,family,2497
Scutellaria galericulata,Scutellaria,genus,2926730
Scutellaria galericulata,Scutellaria galericulata,species,2926759
Pinus indet.,Plantae,kingdom,6
Pinus indet.,Tracheophyta,phylum,7707728
Pinus indet.,Pinopsida,class,194
Pinus indet.,Pinales,order,640
Pinus indet.,Pinaceae,family,3925
Pinus indet.,Pinus,genus,2684241
Valerianaceae undiff.,Plantae,kingdom,6
Valerianaceae undiff.,Tracheophyta,phylum,7707728
Valerianaceae undiff.,Magnoliopsida,class,220
Valerianaceae undiff.,Dipsacales,order,946
Valerianaceae undiff.,Valerianaceae,family,2508
Erythranthe guttata,Plantae,kingdom,6
Erythranthe guttata,Tracheophyta,phylum,7707728
Erythranthe guttata,Magnoliopsida,class,220
Erythranthe guttata,Lamiales,order,408
Erythranthe guttata,Phrymaceae,family,4194986
Erythranthe guttata,Erythranthe,genus,3171742
Erythranthe guttata,Erythranthe guttata,species,7346102
Andromeda polifolia var. latifolia,Plantae,kingdom,6
Andromeda polifolia var. latifolia,Tracheophyta,phylum,7707728
Andromeda polifolia var. latifolia,Magnoliopsida,class,220
Andromeda polifolia var. latifolia,Ericales,order,1353
Andromeda polifolia var. latifolia,Ericaceae,family,2505
Andromeda polifolia var. latifolia,Andromeda,genus,2882786
Andromeda polifolia var. latifolia,Andromeda polifolia,species,5333413
Andromeda polifolia var. latifolia,Andromeda polifolia latifolia,variety,5684071
Cupressaceae cf. Thuja occidentalis,Plantae,kingdom,6
Cupressaceae cf. Thuja occidentalis,Tracheophyta,phylum,7707728
Cupressaceae cf. Thuja occidentalis,Pinopsida,class,194
Cupressaceae cf. Thuja occidentalis,Pinales,order,640
Cupressaceae cf. Thuja occidentalis,Cupressaceae,family,8144
Prunus serotina,Plantae,kingdom,6
Prunus serotina,Tracheophyta,phylum,7707728
Prunus serotina,Magnoliopsida,class,220
Prunus serotina,Rosales,order,691
Prunus serotina,Rosaceae,family,5015
Prunus serotina,Prunus,genus,3020559
Prunus serotina,Prunus serotina,species,3021850
Rhododendron canadense,Plantae,kingdom,6
Rhododendron canadense,Tracheophyta,phylum,7707728
Rhododendron canadense,Magnoliopsida,class,220
Rhododendron canadense,Ericales,order,1353
Rhododendron canadense,Ericaceae,family,2505
Rhododendron canadense,Rhododendron,genus,2883026
Rhododendron canadense,Rhododendron canadense,species,2883070
Vaccinium angustifolium-type,Plantae,kingdom,6
Vaccinium angustifolium-type,Tracheophyta,phylum,7707728
Vaccinium angustifolium-type,Magnoliopsida,class,220
Vaccinium angustifolium-type,Ericales,order,1353
Vaccinium angustifolium-type,Ericaceae,family,2505
Vaccinium angustifolium-type,Vaccinium,genus,2882813
Vaccinium oxycoccos,Plantae,kingdom,6
Vaccinium oxycoccos,Tracheophyta,phylum,7707728
Vaccinium oxycoccos,Magnoliopsida,class,220
Vaccinium oxycoccos,Ericales,order,1353
Vaccinium oxycoccos,Ericaceae,family,2505
Vaccinium oxycoccos,Vaccinium,genus,2882813
Vaccinium oxycoccos,Vaccinium oxycoccos,species,2882940
Vaccinium undiff.,Plantae,kingdom,6
Vaccinium undiff.,Tracheophyta,phylum,7707728
Vaccinium undiff.,Magnoliopsida,class,220
Vaccinium undiff.,Ericales,order,1353
Vaccinium undiff.,Ericaceae,family,2505
Vaccinium undiff.,Vaccinium,genus,2882813
Ilex verticillata,Plantae,kingdom,6
Ilex verticillata,Tracheophyta,phylum,7707728
Ilex verticillata,Magnoliopsida,class,220
Ilex verticillata,Aquifoliales,order,7226638
Ilex verticillata,Aquifoliaceae,family,6716
Ilex verticillata,Ilex,genus,10792217
Ilex verticillata,Ilex verticillata,species,5414267
Lyonia,Plantae,kingdom,6
Lyonia,Tracheophyta,phylum,7707728
Lyonia,Magnoliopsida,class,220
Lyonia,Ericales,order,1353
Lyonia,Ericaceae,family,2505
Lyonia,Lyonia,genus,2882692
Lyonia,Animalia,kingdom,1
Lyonia,Brachiopoda,phylum,110
Lyonia,Monticuliferidae,family,3252520
Lyonia,Lyonia,genus,3252522
Sanguinaria canadensis,Plantae,kingdom,6
Sanguinaria canadensis,Tracheophyta,phylum,7707728
Sanguinaria canadensis,Magnoliopsida,class,220
Sanguinaria canadensis,Ranunculales,order,399
Sanguinaria canadensis,Papaveraceae,family,2422
Sanguinaria canadensis,Sanguinaria,genus,2888501
Sanguinaria canadensis,Sanguinaria canadensis,species,5334192
Toxicodendron,Plantae,kingdom,6
Toxicodendron,Tracheophyta,phylum,7707728
Toxicodendron,Magnoliopsida,class,220
Toxicodendron,Sapindales,order,933
Toxicodendron,Anacardiaceae,family,2398
Toxicodendron,Toxicodendron,genus,8686559
Cassia,Plantae,kingdom,6
Cassia,Tracheophyta,phylum,7707728
Cassia,Magnoliopsida,class,220
Cassia,Fabales,order,1370
Cassia,Fabaceae,family,5386
Cassia,Cassia,genus,2963414
Fabaceae (reticulate),Plantae,kingdom,6
Fabaceae (reticulate),Tracheophyta,phylum,7707728
Fabaceae (reticulate),Magnoliopsida,class,220
Fabaceae (reticulate),Fabales,order,1370
Fabaceae (reticulate),Fabaceae,family,5386
Hibiscus,Plantae,kingdom,6
Hibiscus,Tracheophyta,phylum,7707728
Hibiscus,Magnoliopsida,class,220
Hibiscus,Malvales,order,941
Hibiscus,Malvaceae,family,6685
Hibiscus,Hibiscus,genus,3152542
Cucurbitaceae,Plantae,kingdom,6
Cucurbitaceae,Tracheophyta,phylum,7707728
Cucurbitaceae,Magnoliopsida,class,220
Cucurbitaceae,Cucurbitales,order,7224005
Cucurbitaceae,Cucurbitaceae,family,6634
Bromus hordeaceus-type,Plantae,kingdom,6
Bromus hordeaceus-type,Tracheophyta,phylum,7707728
Bromus hordeaceus-type,Liliopsida,class,196
Bromus hordeaceus-type,Poales,order,1369
Bromus hordeaceus-type,Poaceae,family,3073
Bromus hordeaceus-type,Bromus,genus,2703642
Pinus haploxylon,Plantae,kingdom,6
Pinus haploxylon,Tracheophyta,phylum,7707728
Pinus haploxylon,Pinopsida,class,194
Pinus haploxylon,Pinales,order,640
Pinus haploxylon,Pinaceae,family,3925
Pinus haploxylon,Pinus,genus,2684241
Orontium,Plantae,kingdom,6
Orontium,Tracheophyta,phylum,7707728
Orontium,Liliopsida,class,196
Orontium,Alismatales,order,551
Orontium,Araceae,family,6979
Orontium,Orontium,genus,2774333
Asteraceae indet.,Plantae,kingdom,6
Asteraceae indet.,Tracheophyta,phylum,7707728
Asteraceae indet.,Magnoliopsida,class,220
Asteraceae indet.,Asterales,order,414
Asteraceae indet.,Asteraceae,family,3065
Baccharis,Plantae,kingdom,6
Baccharis,Tracheophyta,phylum,7707728
Baccharis,Magnoliopsida,class,220
Baccharis,Asterales,order,414
Baccharis,Asteraceae,family,3065
Baccharis,Baccharis,genus,3129135
Chaenactis,Plantae,kingdom,6
Chaenactis,Tracheophyta,phylum,7707728
Chaenactis,Magnoliopsida,class,220
Chaenactis,Asterales,order,414
Chaenactis,Asteraceae,family,3065
Chaenactis,Chaenactis,genus,3114807
Ambrosia sp.,Plantae,kingdom,6
Ambrosia sp.,Tracheophyta,phylum,7707728
Ambrosia sp.,Magnoliopsida,class,220
Ambrosia sp.,Asterales,order,414
Ambrosia sp.,Asteraceae,family,3065
Ambrosia sp.,Ambrosia,genus,3110576
Rumex mexicanus,Plantae,kingdom,6
Rumex mexicanus,Tracheophyta,phylum,7707728
Rumex mexicanus,Magnoliopsida,class,220
Rumex mexicanus,Caryophyllales,order,422
Rumex mexicanus,Polygonaceae,family,2416
Rumex mexicanus,Rumex,genus,2888942
Rumex mexicanus,Rumex triangulivalvis,species,6391377
Microsteris,Plantae,kingdom,6
Microsteris,Tracheophyta,phylum,7707728
Microsteris,Magnoliopsida,class,220
Microsteris,Ericales,order,1353
Microsteris,Polemoniaceae,family,6648
Microsteris,Microsteris,genus,6394282
Dryas integrifolia,Plantae,kingdom,6
Dryas integrifolia,Tracheophyta,phylum,7707728
Dryas integrifolia,Magnoliopsida,class,220
Dryas integrifolia,Rosales,order,691
Dryas integrifolia,Rosaceae,family,5015
Dryas integrifolia,Dryas,genus,3000739
Dryas integrifolia,Dryas integrifolia,species,5364129
Rhus typhina,Plantae,kingdom,6
Rhus typhina,Tracheophyta,phylum,7707728
Rhus typhina,Magnoliopsida,class,220
Rhus typhina,Sapindales,order,933
Rhus typhina,Anacardiaceae,family,2398
Rhus typhina,Rhus,genus,3190534
Rhus typhina,Rhus typhina,species,3190538
Mentha arvensis,Plantae,kingdom,6
Mentha arvensis,Tracheophyta,phylum,7707728
Mentha arvensis,Magnoliopsida,class,220
Mentha arvensis,Lamiales,order,408
Mentha arvensis,Lamiaceae,family,2497
Mentha arvensis,Mentha,genus,2927173
Mentha arvensis,Mentha arvensis,species,2927192
Micranthes cf. M. punctata,Plantae,kingdom,6
Micranthes cf. M. punctata,Tracheophyta,phylum,7707728
Micranthes cf. M. punctata,Magnoliopsida,class,220
Micranthes cf. M. punctata,Saxifragales,order,7219248
Micranthes cf. M. punctata,Saxifragaceae,family,2402
Micranthes cf. M. punctata,Micranthes,genus,6447095
Rubus cf. R. chamaemorus,Plantae,kingdom,6
Rubus cf. R. chamaemorus,Tracheophyta,phylum,7707728
Rubus cf. R. chamaemorus,Magnoliopsida,class,220
Rubus cf. R. chamaemorus,Rosales,order,691
Rubus cf. R. chamaemorus,Rosaceae,family,5015
Rubus cf. R. chamaemorus,Rubus,genus,2988638
Betula (20-25 µm),Plantae,kingdom,6
Betula (20-25 µm),Tracheophyta,phylum,7707728
Betula (20-25 µm),Magnoliopsida,class,220
Betula (20-25 µm),Fagales,order,1354
Betula (20-25 µm),Betulaceae,family,4688
Betula (20-25 µm),Betula,genus,2875008
Betula (>25 µm),Plantae,kingdom,6
Betula (>25 µm),Tracheophyta,phylum,7707728
Betula (>25 µm),Magnoliopsida,class,220
Betula (>25 µm),Fagales,order,1354
Betula (>25 µm),Betulaceae,family,4688
Betula (>25 µm),Betula,genus,2875008
Nitraria,Plantae,kingdom,6
Nitraria,Tracheophyta,phylum,7707728
Nitraria,Magnoliopsida,class,220
Nitraria,Sapindales,order,933
Nitraria,Nitrariaceae,family,3233023
Nitraria,Nitraria,genus,6384813
Tamaricaceae,Plantae,kingdom,6
Tamaricaceae,Tracheophyta,phylum,7707728
Tamaricaceae,Magnoliopsida,class,220
Tamaricaceae,Caryophyllales,order,422
Tamaricaceae,Tamaricaceae,family,6632
Alnus hirsuta,Plantae,kingdom,6
Alnus hirsuta,Tracheophyta,phylum,7707728
Alnus hirsuta,Magnoliopsida,class,220
Alnus hirsuta,Fagales,order,1354
Alnus hirsuta,Betulaceae,family,4688
Alnus hirsuta,Alnus,genus,2876099
Alnus hirsuta,Alnus hirsuta,species,2876105
Alnus viridis subsp. fruticosa,Plantae,kingdom,6
Alnus viridis subsp. fruticosa,Tracheophyta,phylum,7707728
Alnus viridis subsp. fruticosa,Magnoliopsida,class,220
Alnus viridis subsp. fruticosa,Fagales,order,1354
Alnus viridis subsp. fruticosa,Betulaceae,family,4688
Alnus viridis subsp. fruticosa,Alnus,genus,2876099
Alnus viridis subsp. fruticosa,Alnus alnobetula,species,8956987
Alnus viridis subsp. fruticosa,Alnus viridis fruticosa,subspecies,2876325
Betula nana subsp. exilis,Plantae,kingdom,6
Betula nana subsp. exilis,Tracheophyta,phylum,7707728
Betula nana subsp. exilis,Magnoliopsida,class,220
Betula nana subsp. exilis,Fagales,order,1354
Betula nana subsp. exilis,Betulaceae,family,4688
Betula nana subsp. exilis,Betula,genus,2875008
Betula nana subsp. exilis,Betula glandulosa,species,5331640
Betula nana subsp. exilis,Betula nana exilis,subspecies,5332024
Betula pendula subsp. mandshurica,Plantae,kingdom,6
Betula pendula subsp. mandshurica,Tracheophyta,phylum,7707728
Betula pendula subsp. mandshurica,Magnoliopsida,class,220
Betula pendula subsp. mandshurica,Fagales,order,1354
Betula pendula subsp. mandshurica,Betulaceae,family,4688
Betula pendula subsp. mandshurica,Betula,genus,2875008
Betula pendula subsp. mandshurica,Betula pendula,species,5331916
Betula pendula subsp. mandshurica,Betula pendula mandshurica,subspecies,8245043
Chrozophora tinctoria,Plantae,kingdom,6
Chrozophora tinctoria,Tracheophyta,phylum,7707728
Chrozophora tinctoria,Magnoliopsida,class,220
Chrozophora tinctoria,Malpighiales,order,1414
Chrozophora tinctoria,Euphorbiaceae,family,4691
Chrozophora tinctoria,Chrozophora,genus,3054428
Chrozophora tinctoria,Chrozophora tinctoria,species,3054465
Larix gmelinii,Plantae,kingdom,6
Larix gmelinii,Tracheophyta,phylum,7707728
Larix gmelinii,Pinopsida,class,194
Larix gmelinii,Pinales,order,640
Larix gmelinii,Pinaceae,family,3925
Larix gmelinii,Larix,genus,2686156
Larix gmelinii,Larix gmelinii,species,2686170
Phlox sibirica,Plantae,kingdom,6
Phlox sibirica,Tracheophyta,phylum,7707728
Phlox sibirica,Magnoliopsida,class,220
Phlox sibirica,Ericales,order,1353
Phlox sibirica,Polemoniaceae,family,6648
Phlox sibirica,Phlox,genus,2927698
Phlox sibirica,Phlox sibirica,species,2927778
Picea obovata,Plantae,kingdom,6
Picea obovata,Tracheophyta,phylum,7707728
Picea obovata,Pinopsida,class,194
Picea obovata,Pinales,order,640
Picea obovata,Pinaceae,family,3925
Picea obovata,Picea,genus,7606064
Picea obovata,Picea obovata,species,5284765
Haloragis,Plantae,kingdom,6
Haloragis,Tracheophyta,phylum,7707728
Haloragis,Magnoliopsida,class,220
Haloragis,Saxifragales,order,7219248
Haloragis,Haloragaceae,family,6694
Haloragis,Haloragis,genus,2984250
Quercus sect. Cyclobalanopsis,Plantae,kingdom,6
Quercus sect. Cyclobalanopsis,Tracheophyta,phylum,7707728
Quercus sect. Cyclobalanopsis,Magnoliopsida,class,220
Quercus sect. Cyclobalanopsis,Fagales,order,1354
Quercus sect. Cyclobalanopsis,Fagaceae,family,4689
Quercus sect. Cyclobalanopsis,Quercus,genus,2877951
Quercus subg. Quercus,Plantae,kingdom,6
Quercus subg. Quercus,Tracheophyta,phylum,7707728
Quercus subg. Quercus,Magnoliopsida,class,220
Quercus subg. Quercus,Fagales,order,1354
Quercus subg. Quercus,Fagaceae,family,4689
Quercus subg. Quercus,Quercus,genus,2877951
Carpinus tschonoskii,Plantae,kingdom,6
Carpinus tschonoskii,Tracheophyta,phylum,7707728
Carpinus tschonoskii,Magnoliopsida,class,220
Carpinus tschonoskii,Fagales,order,1354
Carpinus tschonoskii,Betulaceae,family,4688
Carpinus tschonoskii,Carpinus,genus,2875770
Carpinus tschonoskii,Carpinus tschonoskii,species,2875940
Fagus crenata,Plantae,kingdom,6
Fagus crenata,Tracheophyta,phylum,7707728
Fagus crenata,Magnoliopsida,class,220
Fagus crenata,Fagales,order,1354
Fagus crenata,Fagaceae,family,4689
Fagus crenata,Fagus,genus,2874875
Fagus crenata,Fagus crenata,species,2882300
Fagus japonica,Plantae,kingdom,6
Fagus japonica,Tracheophyta,phylum,7707728
Fagus japonica,Magnoliopsida,class,220
Fagus japonica,Fagales,order,1354
Fagus japonica,Fagaceae,family,4689
Fagus japonica,Fagus,genus,2874875
Fagus japonica,Fagus japonica,species,2882368
Mallotus,Animalia,kingdom,1
Mallotus,Chordata,phylum,44
Mallotus,Osmeriformes,order,1068
Mallotus,Osmeridae,family,8480
Mallotus,Mallotus,genus,2410910
Mallotus,Plantae,kingdom,6
Mallotus,Tracheophyta,phylum,7707728
Mallotus,Magnoliopsida,class,220
Mallotus,Malpighiales,order,1414
Mallotus,Euphorbiaceae,family,4691
Mallotus,Mallotus,genus,3062330
Phellodendron,Plantae,kingdom,6
Phellodendron,Tracheophyta,phylum,7707728
Phellodendron,Magnoliopsida,class,220
Phellodendron,Sapindales,order,933
Phellodendron,Rutaceae,family,2396
Phellodendron,Phellodendron,genus,3190151
Weigela,Plantae,kingdom,6
Weigela,Tracheophyta,phylum,7707728
Weigela,Magnoliopsida,class,220
Weigela,Dipsacales,order,946
Weigela,Caprifoliaceae,family,6710
Weigela,Weigela,genus,2888729
Reynoutria,Plantae,kingdom,6
Reynoutria,Tracheophyta,phylum,7707728
Reynoutria,Magnoliopsida,class,220
Reynoutria,Caryophyllales,order,422
Reynoutria,Polygonaceae,family,2416
Reynoutria,Reynoutria,genus,8420120
Skimmia,Plantae,kingdom,6
Skimmia,Tracheophyta,phylum,7707728
Skimmia,Magnoliopsida,class,220
Skimmia,Sapindales,order,933
Skimmia,Rutaceae,family,2396
Skimmia,Skimmia,genus,7269586
Dacrydium,Animalia,kingdom,1
Dacrydium,Mollusca,phylum,52
Dacrydium,Bivalvia,class,137
Dacrydium,Mytilida,order,9330464
Dacrydium,Mytilidae,family,3476
Dacrydium,Dacrydium,genus,2285637
Dacrydium,Plantae,kingdom,6
Dacrydium,Tracheophyta,phylum,7707728
Dacrydium,Pinopsida,class,194
Dacrydium,Pinales,order,640
Dacrydium,Podocarpaceae,family,8830
Dacrydium,Dacrydium,genus,2684232
Koenigia sect. Aconogonon,Plantae,kingdom,6
Koenigia sect. Aconogonon,Tracheophyta,phylum,7707728
Koenigia sect. Aconogonon,Magnoliopsida,class,220
Koenigia sect. Aconogonon,Caryophyllales,order,422
Koenigia sect. Aconogonon,Polygonaceae,family,2416
Koenigia sect. Aconogonon,Koenigia,genus,2889050
Lythraceae,Plantae,kingdom,6
Lythraceae,Tracheophyta,phylum,7707728
Lythraceae,Magnoliopsida,class,220
Lythraceae,Myrtales,order,690
Lythraceae,Lythraceae,family,6684
Picea sect. Omorika,Fungi,kingdom,5
Picea sect. Omorika,Omoriza,genus,3311308
Tsuga diversifolia,Plantae,kingdom,6
Tsuga diversifolia,Tracheophyta,phylum,7707728
Tsuga diversifolia,Pinopsida,class,194
Tsuga diversifolia,Pinales,order,640
Tsuga diversifolia,Pinaceae,family,3925
Tsuga diversifolia,Tsuga,genus,8527396
Tsuga diversifolia,Tsuga diversifolia,species,2687216
Betula costata,Plantae,kingdom,6
Betula costata,Tracheophyta,phylum,7707728
Betula costata,Magnoliopsida,class,220
Betula costata,Fagales,order,1354
Betula costata,Betulaceae,family,4688
Betula costata,Betula,genus,2875008
Betula costata,Betula costata,species,5331601
Betula dahurica,Plantae,kingdom,6
Betula dahurica,Tracheophyta,phylum,7707728
Betula dahurica,Magnoliopsida,class,220
Betula dahurica,Fagales,order,1354
Betula dahurica,Betulaceae,family,4688
Betula dahurica,Betula,genus,2875008
Betula dahurica,Betula dahurica,species,5331890
Betula ermanii,Plantae,kingdom,6
Betula ermanii,Tracheophyta,phylum,7707728
Betula ermanii,Magnoliopsida,class,220
Betula ermanii,Fagales,order,1354
Betula ermanii,Betulaceae,family,4688
Betula ermanii,Betula,genus,2875008
Betula ermanii,Betula ermanii,species,5332231
Betula schmidtii,Plantae,kingdom,6
Betula schmidtii,Tracheophyta,phylum,7707728
Betula schmidtii,Magnoliopsida,class,220
Betula schmidtii,Fagales,order,1354
Betula schmidtii,Betulaceae,family,4688
Betula schmidtii,Betula,genus,2875008
Betula schmidtii,Betula schmidtii,species,5331904
Pinus koraiensis,Plantae,kingdom,6
Pinus koraiensis,Tracheophyta,phylum,7707728
Pinus koraiensis,Pinopsida,class,194
Pinus koraiensis,Pinales,order,640
Pinus koraiensis,Pinaceae,family,3925
Pinus koraiensis,Pinus,genus,2684241
Pinus koraiensis,Pinus koraiensis,species,5284979
Polygonum sect. Polygonum,Plantae,kingdom,6
Polygonum sect. Polygonum,Tracheophyta,phylum,7707728
Polygonum sect. Polygonum,Magnoliopsida,class,220
Polygonum sect. Polygonum,Caryophyllales,order,422
Polygonum sect. Polygonum,Polygonaceae,family,2416
Polygonum sect. Polygonum,Polygonum,genus,2889077
Astragalus onobrychis-type,Plantae,kingdom,6
Astragalus onobrychis-type,Tracheophyta,phylum,7707728
Astragalus onobrychis-type,Magnoliopsida,class,220
Astragalus onobrychis-type,Fabales,order,1370
Astragalus onobrychis-type,Fabaceae,family,5386
Astragalus onobrychis-type,Astragalus,genus,2933951
Eremurus,Plantae,kingdom,6
Eremurus,Tracheophyta,phylum,7707728
Eremurus,Liliopsida,class,196
Eremurus,Asparagales,order,1169
Eremurus,Asphodelaceae,family,4259209
Eremurus,Eremurus,genus,2768073
Primula farinosa-type (large),Plantae,kingdom,6
Primula farinosa-type (large),Tracheophyta,phylum,7707728
Primula farinosa-type (large),Magnoliopsida,class,220
Primula farinosa-type (large),Ericales,order,1353
Primula farinosa-type (large),Primulaceae,family,6674
Primula farinosa-type (large),Primula,genus,8026112
Pterocarya fraxinifolia,Plantae,kingdom,6
Pterocarya fraxinifolia,Tracheophyta,phylum,7707728
Pterocarya fraxinifolia,Magnoliopsida,class,220
Pterocarya fraxinifolia,Fagales,order,1354
Pterocarya fraxinifolia,Juglandaceae,family,2499
Pterocarya fraxinifolia,Pterocarya,genus,3054376
Pterocarya fraxinifolia,Pterocarya fraxinifolia,species,8288647
Rheum officinale,Plantae,kingdom,6
Rheum officinale,Tracheophyta,phylum,7707728
Rheum officinale,Magnoliopsida,class,220
Rheum officinale,Caryophyllales,order,422
Rheum officinale,Polygonaceae,family,2416
Rheum officinale,Rheum,genus,2888863
Rheum officinale,Rheum officinale,species,2888865
Claytonia arctica,Plantae,kingdom,6
Claytonia arctica,Tracheophyta,phylum,7707728
Claytonia arctica,Magnoliopsida,class,220
Claytonia arctica,Caryophyllales,order,422
Claytonia arctica,Montiaceae,family,4898338
Claytonia arctica,Claytonia,genus,3084729
Claytonia arctica,Claytonia arctica,species,3084770
Claytonia undiff.,Plantae,kingdom,6
Claytonia undiff.,Tracheophyta,phylum,7707728
Claytonia undiff.,Magnoliopsida,class,220
Claytonia undiff.,Caryophyllales,order,422
Claytonia undiff.,Montiaceae,family,4898338
Claytonia undiff.,Claytonia,genus,3084729
Pinus sibirica,Plantae,kingdom,6
Pinus sibirica,Tracheophyta,phylum,7707728
Pinus sibirica,Pinopsida,class,194
Pinus sibirica,Pinales,order,640
Pinus sibirica,Pinaceae,family,3925
Pinus sibirica,Pinus,genus,2684241
Pinus sibirica,Pinus sibirica,species,5284667
Ulmus sp.,Plantae,kingdom,6
Ulmus sp.,Tracheophyta,phylum,7707728
Ulmus sp.,Magnoliopsida,class,220
Ulmus sp.,Rosales,order,691
Ulmus sp.,Ulmaceae,family,2382
Ulmus sp.,Ulmus,genus,2984510
Claytonia sarmentosa,Plantae,kingdom,6
Claytonia sarmentosa,Tracheophyta,phylum,7707728
Claytonia sarmentosa,Magnoliopsida,class,220
Claytonia sarmentosa,Caryophyllales,order,422
Claytonia sarmentosa,Montiaceae,family,4898338
Claytonia sarmentosa,Claytonia,genus,3084729
Claytonia sarmentosa,Claytonia sarmentosa,species,3084753
Claytoniella vassilievii,Plantae,kingdom,6
Claytoniella vassilievii,Tracheophyta,phylum,7707728
Claytoniella vassilievii,Magnoliopsida,class,220
Claytoniella vassilievii,Caryophyllales,order,422
Claytoniella vassilievii,Montiaceae,family,4898338
Claytoniella vassilievii,Montia,genus,3084779
Claytoniella vassilievii,Montia vassilievii,species,10072609
Betula cf. B. fruticosa,Plantae,kingdom,6
Betula cf. B. fruticosa,Tracheophyta,phylum,7707728
Betula cf. B. fruticosa,Magnoliopsida,class,220
Betula cf. B. fruticosa,Fagales,order,1354
Betula cf. B. fruticosa,Betulaceae,family,4688
Betula cf. B. fruticosa,Betula,genus,2875008
Betula cf. B. pendula,Plantae,kingdom,6
Betula cf. B. pendula,Tracheophyta,phylum,7707728
Betula cf. B. pendula,Magnoliopsida,class,220
Betula cf. B. pendula,Fagales,order,1354
Betula cf. B. pendula,Betulaceae,family,4688
Betula cf. B. pendula,Betula,genus,2875008
Patrinia,Plantae,kingdom,6
Patrinia,Tracheophyta,phylum,7707728
Patrinia,Magnoliopsida,class,220
Patrinia,Dipsacales,order,946
Patrinia,Caprifoliaceae,family,6710
Patrinia,Patrinia,genus,3234647
Ulmus undiff.,Plantae,kingdom,6
Ulmus undiff.,Tracheophyta,phylum,7707728
Ulmus undiff.,Magnoliopsida,class,220
Ulmus undiff.,Rosales,order,691
Ulmus undiff.,Ulmaceae,family,2382
Ulmus undiff.,Ulmus,genus,2984510
Abies sibirica,Plantae,kingdom,6
Abies sibirica,Tracheophyta,phylum,7707728
Abies sibirica,Pinopsida,class,194
Abies sibirica,Pinales,order,640
Abies sibirica,Pinaceae,family,3925
Abies sibirica,Abies,genus,2684876
Abies sibirica,Abies sibirica,species,2685654
Alnus hirsuta-type,Plantae,kingdom,6
Alnus hirsuta-type,Tracheophyta,phylum,7707728
Alnus hirsuta-type,Magnoliopsida,class,220
Alnus hirsuta-type,Fagales,order,1354
Alnus hirsuta-type,Betulaceae,family,4688
Alnus hirsuta-type,Alnus,genus,2876099
Aquilegia undiff.,Plantae,kingdom,6
Aquilegia undiff.,Tracheophyta,phylum,7707728
Aquilegia undiff.,Magnoliopsida,class,220
Aquilegia undiff.,Ranunculales,order,399
Aquilegia undiff.,Ranunculaceae,family,2410
Aquilegia undiff.,Aquilegia,genus,3033167
Bergenia crassifolia,Plantae,kingdom,6
Bergenia crassifolia,Tracheophyta,phylum,7707728
Bergenia crassifolia,Magnoliopsida,class,220
Bergenia crassifolia,Saxifragales,order,7219248
Bergenia crassifolia,Saxifragaceae,family,2402
Bergenia crassifolia,Bergenia,genus,3230650
Bergenia crassifolia,Bergenia crassifolia,species,5567694
Betula fruticosa,Plantae,kingdom,6
Betula fruticosa,Tracheophyta,phylum,7707728
Betula fruticosa,Magnoliopsida,class,220
Betula fruticosa,Fagales,order,1354
Betula fruticosa,Betulaceae,family,4688
Betula fruticosa,Betula,genus,2875008
Betula fruticosa,Betula fruticosa,species,5332101
Pedicularis oederi-type,Plantae,kingdom,6
Pedicularis oederi-type,Tracheophyta,phylum,7707728
Pedicularis oederi-type,Magnoliopsida,class,220
Pedicularis oederi-type,Lamiales,order,408
Pedicularis oederi-type,Orobanchaceae,family,6651
Pedicularis oederi-type,Pedicularis,genus,3171670
Saxifraga hirsuta,Plantae,kingdom,6
Saxifraga hirsuta,Tracheophyta,phylum,7707728
Saxifraga hirsuta,Magnoliopsida,class,220
Saxifraga hirsuta,Saxifragales,order,7219248
Saxifraga hirsuta,Saxifragaceae,family,2402
Saxifraga hirsuta,Saxifraga,genus,2987833
Saxifraga hirsuta,Saxifraga hirsuta,species,3032748
Acanthaceae,Plantae,kingdom,6
Acanthaceae,Tracheophyta,phylum,7707728
Acanthaceae,Magnoliopsida,class,220
Acanthaceae,Lamiales,order,408
Acanthaceae,Acanthaceae,family,2393
Adenophora,Animalia,kingdom,1
Adenophora,Arthropoda,phylum,54
Adenophora,Insecta,class,216
Adenophora,Diptera,order,811
Adenophora,Phoridae,family,9502
Adenophora,Adenophora,genus,1546232
Adenophora,Plantae,kingdom,6
Adenophora,Tracheophyta,phylum,7707728
Adenophora,Magnoliopsida,class,220
Adenophora,Asterales,order,414
Adenophora,Campanulaceae,family,8801
Adenophora,Adenophora,genus,3161042
Alangium,Plantae,kingdom,6
Alangium,Tracheophyta,phylum,7707728
Alangium,Magnoliopsida,class,220
Alangium,Cornales,order,949
Alangium,Cornaceae,family,6713
Alangium,Alangium,genus,7326259
Aporosa,Plantae,kingdom,6
Aporosa,Tracheophyta,phylum,7707728
Aporosa,Magnoliopsida,class,220
Aporosa,Malpighiales,order,1414
Aporosa,Phyllanthaceae,family,8807
Aporosa,Aporosa,genus,3075057
Biebersteinia,Plantae,kingdom,6
Biebersteinia,Tracheophyta,phylum,7707728
Biebersteinia,Magnoliopsida,class,220
Biebersteinia,Sapindales,order,933
Biebersteinia,Biebersteiniaceae,family,4908001
Biebersteinia,Biebersteinia,genus,7268536
Bignoniaceae undiff.,Plantae,kingdom,6
Bignoniaceae undiff.,Tracheophyta,phylum,7707728
Bignoniaceae undiff.,Magnoliopsida,class,220
Bignoniaceae undiff.,Lamiales,order,408
Bignoniaceae undiff.,Bignoniaceae,family,6655
Catalpa,Plantae,kingdom,6
Catalpa,Tracheophyta,phylum,7707728
Catalpa,Magnoliopsida,class,220
Catalpa,Lamiales,order,408
Catalpa,Bignoniaceae,family,6655
Catalpa,Catalpa,genus,3172611
Celastraceae,Plantae,kingdom,6
Celastraceae,Tracheophyta,phylum,7707728
Celastraceae,Magnoliopsida,class,220
Celastraceae,Celastrales,order,950
Celastraceae,Celastraceae,family,6715
Engelhardia,Plantae,kingdom,6
Engelhardia,Tracheophyta,phylum,7707728
Engelhardia,Magnoliopsida,class,220
Engelhardia,Fagales,order,1354
Engelhardia,Juglandaceae,family,2499
Engelhardia,Engelhardia,genus,7310511
Garcinia,Plantae,kingdom,6
Garcinia,Tracheophyta,phylum,7707728
Garcinia,Magnoliopsida,class,220
Garcinia,Malpighiales,order,1414
Garcinia,Clusiaceae,family,6646
Garcinia,Garcinia,genus,3189556
Gesneriaceae,Plantae,kingdom,6
Gesneriaceae,Tracheophyta,phylum,7707728
Gesneriaceae,Magnoliopsida,class,220
Gesneriaceae,Lamiales,order,408
Gesneriaceae,Gesneriaceae,family,6654
Illicium,Plantae,kingdom,6
Illicium,Tracheophyta,phylum,7707728
Illicium,Magnoliopsida,class,220
Illicium,Austrobaileyales,order,7221318
Illicium,Schisandraceae,family,6691
Illicium,Illicium,genus,2889755
Lauraceae,Plantae,kingdom,6
Lauraceae,Tracheophyta,phylum,7707728
Lauraceae,Magnoliopsida,class,220
Lauraceae,Laurales,order,407
Lauraceae,Lauraceae,family,6688
Melastomataceae,Plantae,kingdom,6
Melastomataceae,Tracheophyta,phylum,7707728
Melastomataceae,Magnoliopsida,class,220
Melastomataceae,Myrtales,order,690
Melastomataceae,Melastomataceae,family,6683
Meliaceae undiff.,Plantae,kingdom,6
Meliaceae undiff.,Tracheophyta,phylum,7707728
Meliaceae undiff.,Magnoliopsida,class,220
Meliaceae undiff.,Sapindales,order,933
Meliaceae undiff.,Meliaceae,family,2397
Morina,Plantae,kingdom,6
Morina,Tracheophyta,phylum,7707728
Morina,Magnoliopsida,class,220
Morina,Dipsacales,order,946
Morina,Caprifoliaceae,family,6710
Morina,Morina,genus,3234630
Phyllanthus,Animalia,kingdom,1
Phyllanthus,Chordata,phylum,44
Phyllanthus,Aves,class,212
Phyllanthus,Passeriformes,order,729
Phyllanthus,Leiothrichidae,family,6101112
Phyllanthus,Phyllanthus,genus,2493569
Phyllanthus,Plantae,kingdom,6
Phyllanthus,Tracheophyta,phylum,7707728
Phyllanthus,Magnoliopsida,class,220
Phyllanthus,Malpighiales,order,1414
Phyllanthus,Phyllanthaceae,family,8807
Phyllanthus,Phyllanthus,genus,3061139
Platycarya,Plantae,kingdom,6
Platycarya,Tracheophyta,phylum,7707728
Platycarya,Magnoliopsida,class,220
Platycarya,Fagales,order,1354
Platycarya,Juglandaceae,family,2499
Platycarya,Platycarya,genus,7148629
Polygonum sp.,Plantae,kingdom,6
Polygonum sp.,Tracheophyta,phylum,7707728
Polygonum sp.,Magnoliopsida,class,220
Polygonum sp.,Caryophyllales,order,422
Polygonum sp.,Polygonaceae,family,2416
Polygonum sp.,Polygonum,genus,2889077
Pseudolarix,Plantae,kingdom,6
Pseudolarix,Tracheophyta,phylum,7707728
Pseudolarix,Pinopsida,class,194
Pseudolarix,Pinales,order,640
Pseudolarix,Pinaceae,family,3925
Pseudolarix,Pseudolarix,genus,2686286
Reevesia,Plantae,kingdom,6
Reevesia,Tracheophyta,phylum,7707728
Reevesia,Magnoliopsida,class,220
Reevesia,Malvales,order,941
Reevesia,Malvaceae,family,6685
Reevesia,Reevesia,genus,7322888
Salicaceae undiff.,Plantae,kingdom,6
Salicaceae undiff.,Tracheophyta,phylum,7707728
Salicaceae undiff.,Magnoliopsida,class,220
Salicaceae undiff.,Malpighiales,order,1414
Salicaceae undiff.,Salicaceae,family,6664
Schisandra,Plantae,kingdom,6
Schisandra,Tracheophyta,phylum,7707728
Schisandra,Magnoliopsida,class,220
Schisandra,Austrobaileyales,order,7221318
Schisandra,Schisandraceae,family,6691
Schisandra,Schisandra,genus,2889759
Styracaceae,Plantae,kingdom,6
Styracaceae,Tracheophyta,phylum,7707728
Styracaceae,Magnoliopsida,class,220
Styracaceae,Ericales,order,1353
Styracaceae,Styracaceae,family,2507
Tetracentron,Plantae,kingdom,6
Tetracentron,Tracheophyta,phylum,7707728
Tetracentron,Magnoliopsida,class,220
Tetracentron,Trochodendrales,order,7471799
Tetracentron,Trochodendraceae,family,3234476
Tetracentron,Tetracentron,genus,3234477
Tournefortia,Plantae,kingdom,6
Tournefortia,Tracheophyta,phylum,7707728
Tournefortia,Magnoliopsida,class,220
Tournefortia,Boraginales,order,7226464
Tournefortia,Heliotropiaceae,family,4930387
Tournefortia,Tournefortia,genus,2925828
Tsuga dumosa,Plantae,kingdom,6
Tsuga dumosa,Tracheophyta,phylum,7707728
Tsuga dumosa,Pinopsida,class,194
Tsuga dumosa,Pinales,order,640
Tsuga dumosa,Pinaceae,family,3925
Tsuga dumosa,Tsuga,genus,8527396
Tsuga dumosa,Tsuga dumosa,species,2687227
Alnus viridis subsp. fruticosa-type,Plantae,kingdom,6
Alnus viridis subsp. fruticosa-type,Tracheophyta,phylum,7707728
Alnus viridis subsp. fruticosa-type,Magnoliopsida,class,220
Alnus viridis subsp. fruticosa-type,Fagales,order,1354
Alnus viridis subsp. fruticosa-type,Betulaceae,family,4688
Alnus viridis subsp. fruticosa-type,Alnus,genus,2876099
Alnus viridis subsp. fruticosa-type,Alnus alnobetula,species,8956987
Pinus pumila,Plantae,kingdom,6
Pinus pumila,Tracheophyta,phylum,7707728
Pinus pumila,Pinopsida,class,194
Pinus pumila,Pinales,order,640
Pinus pumila,Pinaceae,family,3925
Pinus pumila,Pinus,genus,2684241
Pinus pumila,Pinus pumila,species,5285355
Ephedra alata-type,Plantae,kingdom,6
Ephedra alata-type,Tracheophyta,phylum,7707728
Ephedra alata-type,Gnetopsida,class,282
Ephedra alata-type,Ephedrales,order,424
Ephedra alata-type,Ephedraceae,family,3114
Ephedra alata-type,Ephedra,genus,2653237
Ephedra sp.,Plantae,kingdom,6
Ephedra sp.,Tracheophyta,phylum,7707728
Ephedra sp.,Gnetopsida,class,282
Ephedra sp.,Ephedrales,order,424
Ephedra sp.,Ephedraceae,family,3114
Ephedra sp.,Ephedra,genus,2653237
Haplophyllum,Animalia,kingdom,1
Haplophyllum,Arthropoda,phylum,54
Haplophyllum,Diplopoda,class,361
Haplophyllum,Julida,order,1019
Haplophyllum,Julidae,family,4012
Haplophyllum,Haplophyllum,genus,1012447
Haplophyllum,Plantae,kingdom,6
Haplophyllum,Tracheophyta,phylum,7707728
Haplophyllum,Magnoliopsida,class,220
Haplophyllum,Sapindales,order,933
Haplophyllum,Rutaceae,family,2396
Haplophyllum,Haplophyllum,genus,3232972
Parrotia persica,Plantae,kingdom,6
Parrotia persica,Tracheophyta,phylum,7707728
Parrotia persica,Magnoliopsida,class,220
Parrotia persica,Saxifragales,order,7219248
Parrotia persica,Hamamelidaceae,family,2500
Parrotia persica,Parrotia,genus,3230680
Parrotia persica,Parrotia persica,species,5553951
Polygonum aviculare/Bistorta officinalis-type,Plantae,kingdom,6
Polygonum aviculare/Bistorta officinalis-type,Tracheophyta,phylum,7707728
Polygonum aviculare/Bistorta officinalis-type,Magnoliopsida,class,220
Polygonum aviculare/Bistorta officinalis-type,Caryophyllales,order,422
Polygonum aviculare/Bistorta officinalis-type,Polygonaceae,family,2416
Polygonum aviculare/Bistorta officinalis-type,Polygonum,genus,2889077
Rubiaceae (hexacolpate),Plantae,kingdom,6
Rubiaceae (hexacolpate),Tracheophyta,phylum,7707728
Rubiaceae (hexacolpate),Magnoliopsida,class,220
Rubiaceae (hexacolpate),Gentianales,order,412
Rubiaceae (hexacolpate),Rubiaceae,family,8798
Betula pubescens var. pumila,Plantae,kingdom,6
Betula pubescens var. pumila,Tracheophyta,phylum,7707728
Betula pubescens var. pumila,Magnoliopsida,class,220
Betula pubescens var. pumila,Fagales,order,1354
Betula pubescens var. pumila,Betulaceae,family,4688
Betula pubescens var. pumila,Betula,genus,2875008
Betula pubescens var. pumila,Betula pubescens,species,9118014
Betula pubescens var. pumila,Betula pubescens pumila,variety,5331751
Atraphaxis,Plantae,kingdom,6
Atraphaxis,Tracheophyta,phylum,7707728
Atraphaxis,Magnoliopsida,class,220
Atraphaxis,Caryophyllales,order,422
Atraphaxis,Polygonaceae,family,2416
Atraphaxis,Atraphaxis,genus,7291216
Bongardia,Plantae,kingdom,6
Bongardia,Tracheophyta,phylum,7707728
Bongardia,Magnoliopsida,class,220
Bongardia,Ranunculales,order,399
Bongardia,Berberidaceae,family,6673
Bongardia,Bongardia,genus,7300334
Cephalaria,Plantae,kingdom,6
Cephalaria,Tracheophyta,phylum,7707728
Cephalaria,Magnoliopsida,class,220
Cephalaria,Dipsacales,order,946
Cephalaria,Caprifoliaceae,family,6710
Cephalaria,Cephalaria,genus,7968533
Datisca cannabina,Plantae,kingdom,6
Datisca cannabina,Tracheophyta,phylum,7707728
Datisca cannabina,Magnoliopsida,class,220
Datisca cannabina,Cucurbitales,order,7224005
Datisca cannabina,Datiscaceae,family,6633
Datisca cannabina,Datisca,genus,2874724
Datisca cannabina,Datisca cannabina,species,2874725
Gentiana olivieri-type,Plantae,kingdom,6
Gentiana olivieri-type,Tracheophyta,phylum,7707728
Gentiana olivieri-type,Magnoliopsida,class,220
Gentiana olivieri-type,Gentianales,order,412
Gentiana olivieri-type,Gentianaceae,family,2503
Gentiana olivieri-type,Gentiana,genus,3170037
Hypericum hirtellum var. assyriacum-type,Plantae,kingdom,6
Hypericum hirtellum var. assyriacum-type,Tracheophyta,phylum,7707728
Hypericum hirtellum var. assyriacum-type,Magnoliopsida,class,220
Hypericum hirtellum var. assyriacum-type,Malpighiales,order,1414
Hypericum hirtellum var. assyriacum-type,Hypericaceae,family,4900406
Hypericum hirtellum var. assyriacum-type,Hypericum,genus,3189452
Hypericum hirtellum var. assyriacum-type,Hypericum hirtellum,species,3711771
Leontice leontopetalum,Plantae,kingdom,6
Leontice leontopetalum,Tracheophyta,phylum,7707728
Leontice leontopetalum,Magnoliopsida,class,220
Leontice leontopetalum,Ranunculales,order,399
Leontice leontopetalum,Berberidaceae,family,6673
Leontice leontopetalum,Leontice,genus,7300296
Leontice leontopetalum,Leontice leontopetalum,species,7944367
Malabaila,Plantae,kingdom,6
Malabaila,Tracheophyta,phylum,7707728
Malabaila,Magnoliopsida,class,220
Malabaila,Apiales,order,1351
Malabaila,Apiaceae,family,6720
Malabaila,Grafia,genus,3232393
Malabaila,Plantae,kingdom,6
Malabaila,Tracheophyta,phylum,7707728
Malabaila,Magnoliopsida,class,220
Malabaila,Apiales,order,1351
Malabaila,Apiaceae,family,6720
Malabaila,Pastinaca,genus,9009923
Plantago ovata-type,Plantae,kingdom,6
Plantago ovata-type,Tracheophyta,phylum,7707728
Plantago ovata-type,Magnoliopsida,class,220
Plantago ovata-type,Lamiales,order,408
Plantago ovata-type,Plantaginaceae,family,2420
Plantago ovata-type,Plantago,genus,3189695
Psylliostachys,Plantae,kingdom,6
Psylliostachys,Tracheophyta,phylum,7707728
Psylliostachys,Magnoliopsida,class,220
Psylliostachys,Caryophyllales,order,422
Psylliostachys,Plumbaginaceae,family,2419
Psylliostachys,Psylliostachys,genus,7298047
Psylliostachys spicata-type,Plantae,kingdom,6
Psylliostachys spicata-type,Tracheophyta,phylum,7707728
Psylliostachys spicata-type,Magnoliopsida,class,220
Psylliostachys spicata-type,Caryophyllales,order,422
Psylliostachys spicata-type,Plumbaginaceae,family,2419
Psylliostachys spicata-type,Psylliostachys,genus,7298047
Ranunculus asiaticus-type,Plantae,kingdom,6
Ranunculus asiaticus-type,Tracheophyta,phylum,7707728
Ranunculus asiaticus-type,Magnoliopsida,class,220
Ranunculus asiaticus-type,Ranunculales,order,399
Ranunculus asiaticus-type,Ranunculaceae,family,2410
Ranunculus asiaticus-type,Ranunculus,genus,3033294
Rumex cyprius-type,Plantae,kingdom,6
Rumex cyprius-type,Tracheophyta,phylum,7707728
Rumex cyprius-type,Magnoliopsida,class,220
Rumex cyprius-type,Caryophyllales,order,422
Rumex cyprius-type,Polygonaceae,family,2416
Rumex cyprius-type,Rumex,genus,2888942
Rumex patientia-type,Plantae,kingdom,6
Rumex patientia-type,Tracheophyta,phylum,7707728
Rumex patientia-type,Magnoliopsida,class,220
Rumex patientia-type,Caryophyllales,order,422
Rumex patientia-type,Polygonaceae,family,2416
Rumex patientia-type,Rumex,genus,2888942
Podocarpaceae,Plantae,kingdom,6
Podocarpaceae,Tracheophyta,phylum,7707728
Podocarpaceae,Pinopsida,class,194
Podocarpaceae,Pinales,order,640
Podocarpaceae,Podocarpaceae,family,8830
Polygonaceae (excluding Rumex),Plantae,kingdom,6
Polygonaceae (excluding Rumex),Tracheophyta,phylum,7707728
Polygonaceae (excluding Rumex),Magnoliopsida,class,220
Polygonaceae (excluding Rumex),Caryophyllales,order,422
Polygonaceae (excluding Rumex),Polygonaceae,family,2416
Ranunculaceae cf. Anemone/Caltha,Plantae,kingdom,6
Ranunculaceae cf. Anemone/Caltha,Tracheophyta,phylum,7707728
Ranunculaceae cf. Anemone/Caltha,Magnoliopsida,class,220
Ranunculaceae cf. Anemone/Caltha,Ranunculales,order,399
Ranunculaceae cf. Anemone/Caltha,Ranunculaceae,family,2410
Hedysarum hedysaroides,Plantae,kingdom,6
Hedysarum hedysaroides,Tracheophyta,phylum,7707728
Hedysarum hedysaroides,Magnoliopsida,class,220
Hedysarum hedysaroides,Fabales,order,1370
Hedysarum hedysaroides,Fabaceae,family,5386
Hedysarum hedysaroides,Hedysarum,genus,2960767
Hedysarum hedysaroides,Hedysarum hedysaroides,species,2960823
Delphinium elatum,Plantae,kingdom,6
Delphinium elatum,Tracheophyta,phylum,7707728
Delphinium elatum,Magnoliopsida,class,220
Delphinium elatum,Ranunculales,order,399
Delphinium elatum,Ranunculaceae,family,2410
Delphinium elatum,Delphinium,genus,3033687
Delphinium elatum,Delphinium elatum,species,3033757
Silene suecica-type,Plantae,kingdom,6
Silene suecica-type,Tracheophyta,phylum,7707728
Silene suecica-type,Magnoliopsida,class,220
Silene suecica-type,Caryophyllales,order,422
Silene suecica-type,Caryophyllaceae,family,2518
Silene suecica-type,Silene,genus,3085897
Quercus indet.,Plantae,kingdom,6
Quercus indet.,Tracheophyta,phylum,7707728
Quercus indet.,Magnoliopsida,class,220
Quercus indet.,Fagales,order,1354
Quercus indet.,Fagaceae,family,4689
Quercus indet.,Quercus,genus,2877951
Quercus ithaburensis,Plantae,kingdom,6
Quercus ithaburensis,Tracheophyta,phylum,7707728
Quercus ithaburensis,Magnoliopsida,class,220
Quercus ithaburensis,Fagales,order,1354
Quercus ithaburensis,Fagaceae,family,4689
Quercus ithaburensis,Quercus,genus,2877951
Quercus ithaburensis,Quercus ithaburensis,species,2878323
Allium cf. A. sibiricum,Plantae,kingdom,6
Allium cf. A. sibiricum,Tracheophyta,phylum,7707728
Allium cf. A. sibiricum,Liliopsida,class,196
Allium cf. A. sibiricum,Asparagales,order,1169
Allium cf. A. sibiricum,Amaryllidaceae,family,7682
Allium cf. A. sibiricum,Allium,genus,9624496
Papaver radicatum-type,Plantae,kingdom,6
Papaver radicatum-type,Tracheophyta,phylum,7707728
Papaver radicatum-type,Magnoliopsida,class,220
Papaver radicatum-type,Ranunculales,order,399
Papaver radicatum-type,Papaveraceae,family,2422
Papaver radicatum-type,Papaver,genus,2888431
Anthriscus,Plantae,kingdom,6
Anthriscus,Tracheophyta,phylum,7707728
Anthriscus,Magnoliopsida,class,220
Anthriscus,Apiales,order,1351
Anthriscus,Apiaceae,family,6720
Anthriscus,Anthriscus,genus,5371741
Biscutella,Plantae,kingdom,6
Biscutella,Tracheophyta,phylum,7707728
Biscutella,Magnoliopsida,class,220
Biscutella,Brassicales,order,7225535
Biscutella,Brassicaceae,family,3112
Biscutella,Biscutella,genus,3041728
Centaurea alpina,Plantae,kingdom,6
Centaurea alpina,Tracheophyta,phylum,7707728
Centaurea alpina,Magnoliopsida,class,220
Centaurea alpina,Asterales,order,414
Centaurea alpina,Asteraceae,family,3065
Centaurea alpina,Rhaponticoides,genus,9800631
Centaurea alpina,Rhaponticoides alpina,species,3128930
Omalotheca,Plantae,kingdom,6
Omalotheca,Tracheophyta,phylum,7707728
Omalotheca,Magnoliopsida,class,220
Omalotheca,Asterales,order,414
Omalotheca,Asteraceae,family,3065
Omalotheca,Omalotheca,genus,8214135
Betula sect. Costatae,Animalia,kingdom,1
Betula sect. Costatae,Platyhelminthes,phylum,108
Betula sect. Costatae,Monogenea,class,7774442
Betula sect. Costatae,Gyrodactylidea,order,7936126
Betula sect. Costatae,Gyrodactylidae,family,3209
Betula sect. Costatae,Gyrodactylus,genus,7235375
Betula sect. Costatae,Gyrodactylus costatae,species,9812548
