neotoma_names,name,rank
Abies,Plantae,kingdom
Abies,Tracheophyta,phylum
Abies,Pinopsida,class
Abies,Pinales,order
Abies,Pinaceae,family
Abies,Abies,genus
Acer negundo-type,Plantae,kingdom
Acer negundo-type,Tracheophyta,phylum
Acer negundo-type,Magnoliopsida,class
Acer negundo-type,Sapindales,order
Acer negundo-type,Sapindaceae,family
Acer negundo-type,Acer,genus
Acer rubrum,Plantae,kingdom
Acer rubrum,Tracheophyta,phylum
Acer rubrum,Magnoliopsida,class
Acer rubrum,Sapindales,order
Acer rubrum,Sapindaceae,family
Acer rubrum,Acer,genus
Acer rubrum,Acer rubrum,species
Acer saccharum-type,Plantae,kingdom
Acer saccharum-type,Tracheophyta,phylum
Acer saccharum-type,Magnoliopsida,class
Acer saccharum-type,Sapindales,order
Acer saccharum-type,Sapindaceae,family
Acer saccharum-type,Acer,genus
Acer undiff.,Plantae,kingdom
Acer undiff.,Tracheophyta,phylum
Acer undiff.,Magnoliopsida,class
Acer undiff.,Sapindales,order
Acer undiff.,Sapindaceae,family
Acer undiff.,Acer,genus
Alnus incana-type,Plantae,kingdom
Alnus incana-type,Tracheophyta,phylum
Alnus incana-type,Magnoliopsida,class
Alnus incana-type,Fagales,order
Alnus incana-type,Betulaceae,family
Alnus incana-type,Alnus,genus
Amaranthaceae undiff.,Plantae,kingdom
Amaranthaceae undiff.,Tracheophyta,phylum
Amaranthaceae undiff.,Magnoliopsida,class
Amaranthaceae undiff.,Caryophyllales,order
Amaranthaceae undiff.,Amaranthaceae,family
Anacardiaceae undiff.,Plantae,kingdom
Anacardiaceae undiff.,Tracheophyta,phylum
Anacardiaceae undiff.,Magnoliopsida,class
Anacardiaceae undiff.,Sapindales,order
Anacardiaceae undiff.,Anacardiaceae,family
Apiaceae,Plantae,kingdom
Apiaceae,Tracheophyta,phylum
Apiaceae,Magnoliopsida,class
Apiaceae,Apiales,order
Apiaceae,Apiaceae,family
Apocynum,Plantae,kingdom
Apocynum,Tracheophyta,phylum
Apocynum,Magnoliopsida,class
Apocynum,Gentianales,order
Apocynum,Apocynaceae,family
Apocynum,Apocynum,genus
Arecaceae undiff.,Plantae,kingdom
Arecaceae undiff.,Tracheophyta,phylum
Arecaceae undiff.,Liliopsida,class
Arecaceae undiff.,Arecales,order
Arecaceae undiff.,Arecaceae,family
Artemisia,Plantae,kingdom
Artemisia,Tracheophyta,phylum
Artemisia,Magnoliopsida,class
Artemisia,Asterales,order
Artemisia,Asteraceae,family
Artemisia,Artemisia,genus
Asteroideae undiff.,Animalia,kingdom
Asteroideae undiff.,Echinodermata,phylum
Asteroideae undiff.,Asteroidea,class
Berberidaceae,Plantae,kingdom
Berberidaceae,Tracheophyta,phylum
Berberidaceae,Magnoliopsida,class
Berberidaceae,Ranunculales,order
Berberidaceae,Berberidaceae,family
Beta vulgaris-type,Plantae,kingdom
Beta vulgaris-type,Tracheophyta,phylum
Beta vulgaris-type,Magnoliopsida,class
Beta vulgaris-type,Caryophyllales,order
Beta vulgaris-type,Amaranthaceae,family
Beta vulgaris-type,Beta,genus
Betula,Plantae,kingdom
Betula,Tracheophyta,phylum
Betula,Magnoliopsida,class
Betula,Fagales,order
Betula,Betulaceae,family
Betula,Betula,genus
Brassica,Plantae,kingdom
Brassica,Tracheophyta,phylum
Brassica,Magnoliopsida,class
Brassica,Brassicales,order
Brassica,Brassicaceae,family
Brassica,Brassica,genus
Brassicaceae undiff.,Plantae,kingdom
Brassicaceae undiff.,Tracheophyta,phylum
Brassicaceae undiff.,Magnoliopsida,class
Brassicaceae undiff.,Brassicales,order
Brassicaceae undiff.,Brassicaceae,family
Bromeliaceae,Plantae,kingdom
Bromeliaceae,Tracheophyta,phylum
Bromeliaceae,Liliopsida,class
Bromeliaceae,Poales,order
Bromeliaceae,Bromeliaceae,family
Bursera,Plantae,kingdom
Bursera,Tracheophyta,phylum
Bursera,Magnoliopsida,class
Bursera,Sapindales,order
Bursera,Burseraceae,family
Bursera,Bursera,genus
Byrsonima,Plantae,kingdom
Byrsonima,Tracheophyta,phylum
Byrsonima,Magnoliopsida,class
Byrsonima,Malpighiales,order
Byrsonima,Malpighiaceae,family
Byrsonima,Byrsonima,genus
Campanulaceae,Plantae,kingdom
Campanulaceae,Tracheophyta,phylum
Campanulaceae,Magnoliopsida,class
Campanulaceae,Asterales,order
Campanulaceae,Campanulaceae,family
Carya,Plantae,kingdom
Carya,Tracheophyta,phylum
Carya,Magnoliopsida,class
Carya,Fagales,order
Carya,Juglandaceae,family
Carya,Carya,genus
Caryophyllaceae,Plantae,kingdom
Caryophyllaceae,Tracheophyta,phylum
Caryophyllaceae,Magnoliopsida,class
Caryophyllaceae,Caryophyllales,order
Caryophyllaceae,Caryophyllaceae,family
Ceanothus,Plantae,kingdom
Ceanothus,Tracheophyta,phylum
Ceanothus,Magnoliopsida,class
Ceanothus,Rosales,order
Ceanothus,Rhamnaceae,family
Ceanothus,Ceanothus,genus
Cedrus,Plantae,kingdom
Cedrus,Tracheophyta,phylum
Cedrus,Pinopsida,class
Cedrus,Pinales,order
Cedrus,Pinaceae,family
Cedrus,Cedrus,genus
Celtis,Plantae,kingdom
Celtis,Tracheophyta,phylum
Celtis,Magnoliopsida,class
Celtis,Rosales,order
Celtis,Cannabaceae,family
Celtis,Celtis,genus
Cephalanthus,Plantae,kingdom
Cephalanthus,Tracheophyta,phylum
Cephalanthus,Magnoliopsida,class
Cephalanthus,Gentianales,order
Cephalanthus,Rubiaceae,family
Cephalanthus,Cephalanthus,genus
Ceratiola ericoides-type,Plantae,kingdom
Ceratiola ericoides-type,Tracheophyta,phylum
Ceratiola ericoides-type,Magnoliopsida,class
Ceratiola ericoides-type,Ericales,order
Ceratiola ericoides-type,Ericaceae,family
Ceratiola ericoides-type,Ceratiola,genus
Chamaecrista fasciculata-type,Plantae,kingdom
Chamaecrista fasciculata-type,Tracheophyta,phylum
Chamaecrista fasciculata-type,Magnoliopsida,class
Chamaecrista fasciculata-type,Fabales,order
Chamaecrista fasciculata-type,Fabaceae,family
Chamaecrista fasciculata-type,Chamaecrista,genus
Cistaceae,Plantae,kingdom
Cistaceae,Tracheophyta,phylum
Cistaceae,Magnoliopsida,class
Cistaceae,Malvales,order
Cistaceae,Cistaceae,family
Clethra,Plantae,kingdom
Clethra,Tracheophyta,phylum
Clethra,Magnoliopsida,class
Clethra,Ericales,order
Clethra,Clethraceae,family
Clethra,Clethra,genus
Corylus,Plantae,kingdom
Corylus,Tracheophyta,phylum
Corylus,Magnoliopsida,class
Corylus,Fagales,order
Corylus,Betulaceae,family
Corylus,Corylus,genus
Cupressaceae undiff.,Plantae,kingdom
Cupressaceae undiff.,Tracheophyta,phylum
Cupressaceae undiff.,Pinopsida,class
Cupressaceae undiff.,Pinales,order
Cupressaceae undiff.,Cupressaceae,family
Cyclachaena xanthiifolia-type,Plantae,kingdom
Cyclachaena xanthiifolia-type,Tracheophyta,phylum
Cyclachaena xanthiifolia-type,Magnoliopsida,class
Cyclachaena xanthiifolia-type,Asterales,order
Cyclachaena xanthiifolia-type,Asteraceae,family
Cyclachaena xanthiifolia-type,Cyclachaena,genus
Cyperaceae,Plantae,kingdom
Cyperaceae,Tracheophyta,phylum
Cyperaceae,Liliopsida,class
Cyperaceae,Poales,order
Cyperaceae,Cyperaceae,family
Cyrilla racemiflora,Plantae,kingdom
Cyrilla racemiflora,Tracheophyta,phylum
Cyrilla racemiflora,Magnoliopsida,class
Cyrilla racemiflora,Ericales,order
Cyrilla racemiflora,Cyrillaceae,family
Cyrilla racemiflora,Cyrilla,genus
Cyrilla racemiflora,Cyrilla racemiflora,species
Dalea,Plantae,kingdom
Dalea,Tracheophyta,phylum
Dalea,Magnoliopsida,class
Dalea,Fabales,order
Dalea,Fabaceae,family
Dalea,Dalea,genus
Dalea candida-type,Plantae,kingdom
Dalea candida-type,Tracheophyta,phylum
Dalea candida-type,Magnoliopsida,class
Dalea candida-type,Fabales,order
Dalea candida-type,Fabaceae,family
Dalea candida-type,Dalea,genus
Dalea purpurea,Plantae,kingdom
Dalea purpurea,Tracheophyta,phylum
Dalea purpurea,Magnoliopsida,class
Dalea purpurea,Fabales,order
Dalea purpurea,Fabaceae,family
Dalea purpurea,Dalea,genus
Dalea purpurea,Dalea purpurea,species
Dalea undiff.,Plantae,kingdom
Dalea undiff.,Tracheophyta,phylum
Dalea undiff.,Magnoliopsida,class
Dalea undiff.,Fabales,order
Dalea undiff.,Fabaceae,family
Dalea undiff.,Dalea,genus
Dodonaea,Plantae,kingdom
Dodonaea,Tracheophyta,phylum
Dodonaea,Magnoliopsida,class
Dodonaea,Sapindales,order
Dodonaea,Sapindaceae,family
Dodonaea,Dodonaea,genus
Ericaceae,Plantae,kingdom
Ericaceae,Tracheophyta,phylum
Ericaceae,Magnoliopsida,class
Ericaceae,Ericales,order
Ericaceae,Ericaceae,family
Euphorbia,Plantae,kingdom
Euphorbia,Tracheophyta,phylum
Euphorbia,Magnoliopsida,class
Euphorbia,Malpighiales,order
Euphorbia,Euphorbiaceae,family
Euphorbia,Euphorbia,genus
Fabaceae undiff.,Plantae,kingdom
Fabaceae undiff.,Tracheophyta,phylum
Fabaceae undiff.,Magnoliopsida,class
Fabaceae undiff.,Fabales,order
Fabaceae undiff.,Fabaceae,family
Fagus,Plantae,kingdom
Fagus,Tracheophyta,phylum
Fagus,Magnoliopsida,class
Fagus,Fagales,order
Fagus,Fagaceae,family
Fagus,Fagus,genus
Fraxinus nigra-type,Plantae,kingdom
Fraxinus nigra-type,Tracheophyta,phylum
Fraxinus nigra-type,Magnoliopsida,class
Fraxinus nigra-type,Lamiales,order
Fraxinus nigra-type,Oleaceae,family
Fraxinus nigra-type,Fraxinus,genus
Fraxinus pennsylvanica-type,Plantae,kingdom
Fraxinus pennsylvanica-type,Tracheophyta,phylum
Fraxinus pennsylvanica-type,Magnoliopsida,class
Fraxinus pennsylvanica-type,Lamiales,order
Fraxinus pennsylvanica-type,Oleaceae,family
Fraxinus pennsylvanica-type,Fraxinus,genus
Fraxinus undiff.,Plantae,kingdom
Fraxinus undiff.,Tracheophyta,phylum
Fraxinus undiff.,Magnoliopsida,class
Fraxinus undiff.,Lamiales,order
Fraxinus undiff.,Oleaceae,family
Fraxinus undiff.,Fraxinus,genus
Galium,Plantae,kingdom
Galium,Tracheophyta,phylum
Galium,Magnoliopsida,class
Galium,Gentianales,order
Galium,Rubiaceae,family
Galium,Galium,genus
Gentiana andrewsii-type,Plantae,kingdom
Gentiana andrewsii-type,Tracheophyta,phylum
Gentiana andrewsii-type,Magnoliopsida,class
Gentiana andrewsii-type,Gentianales,order
Gentiana andrewsii-type,Gentianaceae,family
Gentiana andrewsii-type,Gentiana,genus
Gentianaceae undiff.,Plantae,kingdom
Gentianaceae undiff.,Tracheophyta,phylum
Gentianaceae undiff.,Magnoliopsida,class
Gentianaceae undiff.,Gentianales,order
Gentianaceae undiff.,Gentianaceae,family
Gordonia,Plantae,kingdom
Gordonia,Tracheophyta,phylum
Gordonia,Magnoliopsida,class
Gordonia,Ericales,order
Gordonia,Theaceae,family
Gordonia,Gordonia,genus
Hedyosmum,Plantae,kingdom
Hedyosmum,Tracheophyta,phylum
Hedyosmum,Magnoliopsida,class
Hedyosmum,Chloranthales,order
Hedyosmum,Chloranthaceae,family
Hedyosmum,Hedyosmum,genus
Hedysarum,Plantae,kingdom
Hedysarum,Tracheophyta,phylum
Hedysarum,Magnoliopsida,class
Hedysarum,Fabales,order
Hedysarum,Fabaceae,family
Hedysarum,Hedysarum,genus
Ilex,Plantae,kingdom
Ilex,Tracheophyta,phylum
Ilex,Magnoliopsida,class
Ilex,Aquifoliales,order
Ilex,Aquifoliaceae,family
Ilex,Ilex,genus
Impatiens,Plantae,kingdom
Impatiens,Tracheophyta,phylum
Impatiens,Magnoliopsida,class
Impatiens,Ericales,order
Impatiens,Balsaminaceae,family
Impatiens,Impatiens,genus
Iva frutescens-type,Plantae,kingdom
Iva frutescens-type,Tracheophyta,phylum
Iva frutescens-type,Magnoliopsida,class
Iva frutescens-type,Asterales,order
Iva frutescens-type,Asteraceae,family
Iva frutescens-type,Iva,genus
Juglans nigra-type,Plantae,kingdom
Juglans nigra-type,Tracheophyta,phylum
Juglans nigra-type,Magnoliopsida,class
Juglans nigra-type,Fagales,order
Juglans nigra-type,Juglandaceae,family
Juglans nigra-type,Juglans,genus
Lamiaceae,Plantae,kingdom
Lamiaceae,Tracheophyta,phylum
Lamiaceae,Magnoliopsida,class
Lamiaceae,Lamiales,order
Lamiaceae,Lamiaceae,family
Lechea,Plantae,kingdom
Lechea,Tracheophyta,phylum
Lechea,Magnoliopsida,class
Lechea,Malvales,order
Lechea,Cistaceae,family
Lechea,Lechea,genus
Liquidambar,Plantae,kingdom
Liquidambar,Tracheophyta,phylum
Liquidambar,Magnoliopsida,class
Liquidambar,Saxifragales,order
Liquidambar,Altingiaceae,family
Liquidambar,Liquidambar,genus
Magnolia,Plantae,kingdom
Magnolia,Tracheophyta,phylum
Magnolia,Magnoliopsida,class
Magnolia,Magnoliales,order
Magnolia,Magnoliaceae,family
Magnolia,Magnolia,genus
Malvaceae,Plantae,kingdom
Malvaceae,Tracheophyta,phylum
Malvaceae,Magnoliopsida,class
Malvaceae,Malvales,order
Malvaceae,Malvaceae,family
Moraceae undiff.,Plantae,kingdom
Moraceae undiff.,Tracheophyta,phylum
Moraceae undiff.,Magnoliopsida,class
Moraceae undiff.,Rosales,order
Moraceae undiff.,Moraceae,family
Morus,Animalia,kingdom
Morus,Chordata,phylum
Morus,Aves,class
Morus,Suliformes,order
Morus,Sulidae,family
Morus,Morus,genus
Morus,Plantae,kingdom
Morus,Tracheophyta,phylum
Morus,Magnoliopsida,class
Morus,Rosales,order
Morus,Moraceae,family
Morus,Morus,genus
Myrica,Plantae,kingdom
Myrica,Tracheophyta,phylum
Myrica,Magnoliopsida,class
Myrica,Fagales,order
Myrica,Myricaceae,family
Myrica,Myrica,genus
Myrtaceae undiff.,Plantae,kingdom
Myrtaceae undiff.,Tracheophyta,phylum
Myrtaceae undiff.,Magnoliopsida,class
Myrtaceae undiff.,Myrtales,order
Myrtaceae undiff.,Myrtaceae,family
Nyssa,Plantae,kingdom
Nyssa,Tracheophyta,phylum
Nyssa,Magnoliopsida,class
Nyssa,Cornales,order
Nyssa,Nyssaceae,family
Nyssa,Nyssa,genus
Onagraceae,Plantae,kingdom
Onagraceae,Tracheophyta,phylum
Onagraceae,Magnoliopsida,class
Onagraceae,Myrtales,order
Onagraceae,Onagraceae,family
Opuntia,Plantae,kingdom
Opuntia,Tracheophyta,phylum
Opuntia,Magnoliopsida,class
Opuntia,Caryophyllales,order
Opuntia,Cactaceae,family
Opuntia,Opuntia,genus
Orchidaceae,Plantae,kingdom
Orchidaceae,Tracheophyta,phylum
Orchidaceae,Liliopsida,class
Orchidaceae,Asparagales,order
Orchidaceae,Orchidaceae,family
Osmanthus,Plantae,kingdom
Osmanthus,Tracheophyta,phylum
Osmanthus,Magnoliopsida,class
Osmanthus,Lamiales,order
Osmanthus,Oleaceae,family
Osmanthus,Osmanthus,genus
Paronychia americana,Plantae,kingdom
Paronychia americana,Tracheophyta,phylum
Paronychia americana,Magnoliopsida,class
Paronychia americana,Caryophyllales,order
Paronychia americana,Caryophyllaceae,family
Paronychia americana,Paronychia,genus
Paronychia americana,Paronychia americana,species
Paronychia chartacea,Plantae,kingdom
Paronychia chartacea,Tracheophyta,phylum
Paronychia chartacea,Magnoliopsida,class
Paronychia chartacea,Caryophyllales,order
Paronychia chartacea,Caryophyllaceae,family
Paronychia chartacea,Paronychia,genus
Paronychia chartacea,Paronychia chartacea,species
Parthenocissus,Plantae,kingdom
Parthenocissus,Tracheophyta,phylum
Parthenocissus,Magnoliopsida,class
Parthenocissus,Vitales,order
Parthenocissus,Vitaceae,family
Parthenocissus,Parthenocissus,genus
Persicaria amphibia,Plantae,kingdom
Persicaria amphibia,Tracheophyta,phylum
Persicaria amphibia,Magnoliopsida,class
Persicaria amphibia,Caryophyllales,order
Persicaria amphibia,Polygonaceae,family
Persicaria amphibia,Persicaria,genus
Persicaria amphibia,Persicaria amphibia,species
Phoradendron,Plantae,kingdom
Phoradendron,Tracheophyta,phylum
Phoradendron,Magnoliopsida,class
Phoradendron,Santalales,order
Phoradendron,Viscaceae,family
Phoradendron,Phoradendron,genus
Picea,Plantae,kingdom
Picea,Tracheophyta,phylum
Picea,Pinopsida,class
Picea,Pinales,order
Picea,Pinaceae,family
Picea,Picea,genus
Pinaceae (vesiculate) undiff.,Plantae,kingdom
Pinaceae (vesiculate) undiff.,Tracheophyta,phylum
Pinaceae (vesiculate) undiff.,Pinopsida,class
Pinaceae (vesiculate) undiff.,Pinales,order
Pinaceae (vesiculate) undiff.,Pinaceae,family
Pinus subg. Pinus,Plantae,kingdom
Pinus subg. Pinus,Tracheophyta,phylum
Pinus subg. Pinus,Pinopsida,class
Pinus subg. Pinus,Pinales,order
Pinus subg. Pinus,Pinaceae,family
Pinus subg. Pinus,Pinus,genus
Pinus subg. Strobus,Plantae,kingdom
Pinus subg. Strobus,Tracheophyta,phylum
Pinus subg. Strobus,Pinopsida,class
Pinus subg. Strobus,Pinales,order
Pinus subg. Strobus,Pinaceae,family
Pinus subg. Strobus,Pinus,genus
Pinus undiff.,Plantae,kingdom
Pinus undiff.,Tracheophyta,phylum
Pinus undiff.,Pinopsida,class
Pinus undiff.,Pinales,order
Pinus undiff.,Pinaceae,family
Pinus undiff.,Pinus,genus
Plantago,Plantae,kingdom
Plantago,Tracheophyta,phylum
Plantago,Magnoliopsida,class
Plantago,Lamiales,order
Plantago,Plantaginaceae,family
Plantago,Plantago,genus
Platanus,Plantae,kingdom
Platanus,Tracheophyta,phylum
Platanus,Magnoliopsida,class
Platanus,Proteales,order
Platanus,Platanaceae,family
Platanus,Platanus,genus
Poaceae,Plantae,kingdom
Poaceae,Tracheophyta,phylum
Poaceae,Liliopsida,class
Poaceae,Poales,order
Poaceae,Poaceae,family
Podocarpus,Plantae,kingdom
Podocarpus,Tracheophyta,phylum
Podocarpus,Pinopsida,class
Podocarpus,Pinales,order
Podocarpus,Podocarpaceae,family
Podocarpus,Podocarpus,genus
Polygalaceae,Plantae,kingdom
Polygalaceae,Tracheophyta,phylum
Polygalaceae,Magnoliopsida,class
Polygalaceae,Fabales,order
Polygalaceae,Polygalaceae,family
Polygonum delopyrum-type,Plantae,kingdom
Polygonum delopyrum-type,Tracheophyta,phylum
Polygonum delopyrum-type,Magnoliopsida,class
Polygonum delopyrum-type,Caryophyllales,order
Polygonum delopyrum-type,Polygonaceae,family
Polygonum delopyrum-type,Polygonum,genus
Polygonum fimbriatum-type,Plantae,kingdom
Polygonum fimbriatum-type,Tracheophyta,phylum
Polygonum fimbriatum-type,Magnoliopsida,class
Polygonum fimbriatum-type,Caryophyllales,order
Polygonum fimbriatum-type,Polygonaceae,family
Polygonum fimbriatum-type,Polygonum,genus
Polygonum polygamum-type,Plantae,kingdom
Polygonum polygamum-type,Tracheophyta,phylum
Polygonum polygamum-type,Magnoliopsida,class
Polygonum polygamum-type,Caryophyllales,order
Polygonum polygamum-type,Polygonaceae,family
Polygonum polygamum-type,Polygonum,genus
Polygonum tenue-type,Plantae,kingdom
Polygonum tenue-type,Tracheophyta,phylum
Polygonum tenue-type,Magnoliopsida,class
Polygonum tenue-type,Caryophyllales,order
Polygonum tenue-type,Polygonaceae,family
Polygonum tenue-type,Polygonum,genus
Populus,Plantae,kingdom
Populus,Tracheophyta,phylum
Populus,Magnoliopsida,class
Populus,Malpighiales,order
Populus,Salicaceae,family
Populus,Populus,genus
Quercus,Plantae,kingdom
Quercus,Tracheophyta,phylum
Quercus,Magnoliopsida,class
Quercus,Fagales,order
Quercus,Fagaceae,family
Quercus,Quercus,genus
Ranunculaceae undiff.,Plantae,kingdom
Ranunculaceae undiff.,Tracheophyta,phylum
Ranunculaceae undiff.,Magnoliopsida,class
Ranunculaceae undiff.,Ranunculales,order
Ranunculaceae undiff.,Ranunculaceae,family
Rhamnaceae undiff.,Plantae,kingdom
Rhamnaceae undiff.,Tracheophyta,phylum
Rhamnaceae undiff.,Magnoliopsida,class
Rhamnaceae undiff.,Rosales,order
Rhamnaceae undiff.,Rhamnaceae,family
Rhus,Plantae,kingdom
Rhus,Tracheophyta,phylum
Rhus,Magnoliopsida,class
Rhus,Sapindales,order
Rhus,Anacardiaceae,family
Rhus,Rhus,genus
Rosaceae undiff.,Plantae,kingdom
Rosaceae undiff.,Tracheophyta,phylum
Rosaceae undiff.,Magnoliopsida,class
Rosaceae undiff.,Rosales,order
Rosaceae undiff.,Rosaceae,family
Rubiaceae undiff.,Plantae,kingdom
Rubiaceae undiff.,Tracheophyta,phylum
Rubiaceae undiff.,Magnoliopsida,class
Rubiaceae undiff.,Gentianales,order
Rubiaceae undiff.,Rubiaceae,family
Rumex,Plantae,kingdom
Rumex,Tracheophyta,phylum
Rumex,Magnoliopsida,class
Rumex,Caryophyllales,order
Rumex,Polygonaceae,family
Rumex,Rumex,genus
Rutaceae undiff.,Plantae,kingdom
Rutaceae undiff.,Tracheophyta,phylum
Rutaceae undiff.,Magnoliopsida,class
Rutaceae undiff.,Sapindales,order
Rutaceae undiff.,Rutaceae,family
Sabal,Plantae,kingdom
Sabal,Tracheophyta,phylum
Sabal,Liliopsida,class
Sabal,Arecales,order
Sabal,Arecaceae,family
Sabal,Sabal,genus
Salix,Plantae,kingdom
Salix,Tracheophyta,phylum
Salix,Magnoliopsida,class
Salix,Malpighiales,order
Salix,Salicaceae,family
Salix,Salix,genus
Sambucus,Plantae,kingdom
Sambucus,Tracheophyta,phylum
Sambucus,Magnoliopsida,class
Sambucus,Dipsacales,order
Sambucus,Viburnaceae,family
Sambucus,Sambucus,genus
Sanguisorba,Plantae,kingdom
Sanguisorba,Tracheophyta,phylum
Sanguisorba,Magnoliopsida,class
Sanguisorba,Rosales,order
Sanguisorba,Rosaceae,family
Sanguisorba,Sanguisorba,genus
Sapindus,Plantae,kingdom
Sapindus,Tracheophyta,phylum
Sapindus,Magnoliopsida,class
Sapindus,Sapindales,order
Sapindus,Sapindaceae,family
Sapindus,Sapindus,genus
Serenoa,Plantae,kingdom
Serenoa,Tracheophyta,phylum
Serenoa,Liliopsida,class
Serenoa,Arecales,order
Serenoa,Arecaceae,family
Serenoa,Serenoa,genus
Shepherdia canadensis,Plantae,kingdom
Shepherdia canadensis,Tracheophyta,phylum
Shepherdia canadensis,Magnoliopsida,class
Shepherdia canadensis,Rosales,order
Shepherdia canadensis,Elaeagnaceae,family
Shepherdia canadensis,Shepherdia,genus
Shepherdia canadensis,Shepherdia canadensis,species
Sisyrinchium,Plantae,kingdom
Sisyrinchium,Tracheophyta,phylum
Sisyrinchium,Liliopsida,class
Sisyrinchium,Asparagales,order
Sisyrinchium,Iridaceae,family
Sisyrinchium,Sisyrinchium,genus
Solanaceae undiff.,Plantae,kingdom
Solanaceae undiff.,Tracheophyta,phylum
Solanaceae undiff.,Magnoliopsida,class
Solanaceae undiff.,Solanales,order
Solanaceae undiff.,Solanaceae,family
Solanum rostratum,Plantae,kingdom
Solanum rostratum,Tracheophyta,phylum
Solanum rostratum,Magnoliopsida,class
Solanum rostratum,Solanales,order
Solanum rostratum,Solanaceae,family
Solanum rostratum,Solanum,genus
Solanum rostratum,Solanum angustifolium,species
Symplocos,Plantae,kingdom
Symplocos,Tracheophyta,phylum
Symplocos,Magnoliopsida,class
Symplocos,Ericales,order
Symplocos,Symplocaceae,family
Symplocos,Symplocos,genus
Taxodium,Plantae,kingdom
Taxodium,Tracheophyta,phylum
Taxodium,Pinopsida,class
Taxodium,Pinales,order
Taxodium,Cupressaceae,family
Taxodium,Taxodium,genus
Taxus,Plantae,kingdom
Taxus,Tracheophyta,phylum
Taxus,Pinopsida,class
Taxus,Pinales,order
Taxus,Taxaceae,family
Taxus,Taxus,genus
Thalictrum,Plantae,kingdom
Thalictrum,Tracheophyta,phylum
Thalictrum,Magnoliopsida,class
Thalictrum,Ranunculales,order
Thalictrum,Ranunculaceae,family
Thalictrum,Thalictrum,genus
Tilia,Plantae,kingdom
Tilia,Tracheophyta,phylum
Tilia,Magnoliopsida,class
Tilia,Malvales,order
Tilia,Malvaceae,family
Tilia,Tilia,genus
Tillandsia,Plantae,kingdom
Tillandsia,Tracheophyta,phylum
Tillandsia,Liliopsida,class
Tillandsia,Poales,order
Tillandsia,Bromeliaceae,family
Tillandsia,Tillandsia,genus
Trema,Plantae,kingdom
Trema,Tracheophyta,phylum
Trema,Magnoliopsida,class
Trema,Rosales,order
Trema,Cannabaceae,family
Trema,Trema,genus
Trifolium repens-type,Plantae,kingdom
Trifolium repens-type,Tracheophyta,phylum
Trifolium repens-type,Magnoliopsida,class
Trifolium repens-type,Fabales,order
Trifolium repens-type,Fabaceae,family
Trifolium repens-type,Trifolium,genus
Trifolium repens-type,Animalia,kingdom
Trifolium repens-type,Platyhelminthes,phylum
Trifolium repens-type,Trematoda,class
Trifolium repens-type,Plagiorchiida,order
Trifolium repens-type,Psilostomidae,family
Trifolium repens-type,Trifolium,genus
Tsuga,Plantae,kingdom
Tsuga,Tracheophyta,phylum
Tsuga,Pinopsida,class
Tsuga,Pinales,order
Tsuga,Pinaceae,family
Tsuga,Tsuga,genus
Ulmus,Plantae,kingdom
Ulmus,Tracheophyta,phylum
Ulmus,Magnoliopsida,class
Ulmus,Rosales,order
Ulmus,Ulmaceae,family
Ulmus,Ulmus,genus
Urticaceae undiff.,Plantae,kingdom
Urticaceae undiff.,Tracheophyta,phylum
Urticaceae undiff.,Magnoliopsida,class
Urticaceae undiff.,Rosales,order
Urticaceae undiff.,Urticaceae,family
Viburnum,Plantae,kingdom
Viburnum,Tracheophyta,phylum
Viburnum,Magnoliopsida,class
Viburnum,Dipsacales,order
Viburnum,Viburnaceae,family
Viburnum,Viburnum,genus
Vitis,Plantae,kingdom
Vitis,Tracheophyta,phylum
Vitis,Magnoliopsida,class
Vitis,Vitales,order
Vitis,Vitaceae,family
Vitis,Vitis,genus
Xanthium,Plantae,kingdom
Xanthium,Tracheophyta,phylum
Xanthium,Magnoliopsida,class
Xanthium,Asterales,order
Xanthium,Asteraceae,family
Xanthium,Xanthium,genus
Ximenia,Plantae,kingdom
Ximenia,Tracheophyta,phylum
Ximenia,Magnoliopsida,class
Ximenia,Santalales,order
Ximenia,Ximeniaceae,family
Ximenia,Ximenia,genus
Xyris,Plantae,kingdom
Xyris,Tracheophyta,phylum
Xyris,Liliopsida,class
Xyris,Poales,order
Xyris,Xyridaceae,family
Xyris,Xyris,genus
Alnus incana,Plantae,kingdom
Alnus incana,Tracheophyta,phylum
Alnus incana,Magnoliopsida,class
Alnus incana,Fagales,order
Alnus incana,Betulaceae,family
Alnus incana,Alnus,genus
Alnus incana,Alnus incana,species
Alnus undiff.,Plantae,kingdom
Alnus undiff.,Tracheophyta,phylum
Alnus undiff.,Magnoliopsida,class
Alnus undiff.,Fagales,order
Alnus undiff.,Betulaceae,family
Alnus undiff.,Alnus,genus
Amaranthaceae,Plantae,kingdom
Amaranthaceae,Tracheophyta,phylum
Amaranthaceae,Magnoliopsida,class
Amaranthaceae,Caryophyllales,order
Amaranthaceae,Amaranthaceae,family
Amelanchier,Plantae,kingdom
Amelanchier,Tracheophyta,phylum
Amelanchier,Magnoliopsida,class
Amelanchier,Rosales,order
Amelanchier,Rosaceae,family
Amelanchier,Amelanchier,genus
Arceuthobium,Plantae,kingdom
Arceuthobium,Tracheophyta,phylum
Arceuthobium,Magnoliopsida,class
Arceuthobium,Santalales,order
Arceuthobium,Viscaceae,family
Arceuthobium,Arceuthobium,genus
Brassicaceae,Plantae,kingdom
Brassicaceae,Tracheophyta,phylum
Brassicaceae,Magnoliopsida,class
Brassicaceae,Brassicales,order
Brassicaceae,Brassicaceae,family
Ephedra,Plantae,kingdom
Ephedra,Tracheophyta,phylum
Ephedra,Gnetopsida,class
Ephedra,Ephedrales,order
Ephedra,Ephedraceae,family
Ephedra,Ephedra,genus
Eriogonum,Plantae,kingdom
Eriogonum,Tracheophyta,phylum
Eriogonum,Magnoliopsida,class
Eriogonum,Caryophyllales,order
Eriogonum,Polygonaceae,family
Eriogonum,Eriogonum,genus
Fabaceae,Plantae,kingdom
Fabaceae,Tracheophyta,phylum
Fabaceae,Magnoliopsida,class
Fabaceae,Fabales,order
Fabaceae,Fabaceae,family
Fraxinus,Plantae,kingdom
Fraxinus,Tracheophyta,phylum
Fraxinus,Magnoliopsida,class
Fraxinus,Lamiales,order
Fraxinus,Oleaceae,family
Fraxinus,Fraxinus,genus
Juniperus,Plantae,kingdom
Juniperus,Tracheophyta,phylum
Juniperus,Pinopsida,class
Juniperus,Pinales,order
Juniperus,Cupressaceae,family
Juniperus,Juniperus,genus
Pinus albicaulis-type,Plantae,kingdom
Pinus albicaulis-type,Tracheophyta,phylum
Pinus albicaulis-type,Pinopsida,class
Pinus albicaulis-type,Pinales,order
Pinus albicaulis-type,Pinaceae,family
Pinus albicaulis-type,Pinus,genus
Pinus contorta-type,Plantae,kingdom
Pinus contorta-type,Tracheophyta,phylum
Pinus contorta-type,Pinopsida,class
Pinus contorta-type,Pinales,order
Pinus contorta-type,Pinaceae,family
Pinus contorta-type,Pinus,genus
Polygonaceae undiff.,Plantae,kingdom
Polygonaceae undiff.,Tracheophyta,phylum
Polygonaceae undiff.,Magnoliopsida,class
Polygonaceae undiff.,Caryophyllales,order
Polygonaceae undiff.,Polygonaceae,family
Potentilla,Plantae,kingdom
Potentilla,Tracheophyta,phylum
Potentilla,Magnoliopsida,class
Potentilla,Rosales,order
Potentilla,Rosaceae,family
Potentilla,Potentilla,genus
Pseudotsuga,Plantae,kingdom
Pseudotsuga,Tracheophyta,phylum
Pseudotsuga,Pinopsida,class
Pseudotsuga,Pinales,order
Pseudotsuga,Pinaceae,family
Pseudotsuga,Pseudotsuga,genus
Sarcobatus,Plantae,kingdom
Sarcobatus,Tracheophyta,phylum
Sarcobatus,Magnoliopsida,class
Sarcobatus,Caryophyllales,order
Sarcobatus,Sarcobataceae,family
Sarcobatus,Sarcobatus,genus
Sphaeralcea,Plantae,kingdom
Sphaeralcea,Tracheophyta,phylum
Sphaeralcea,Magnoliopsida,class
Sphaeralcea,Malvales,order
Sphaeralcea,Malvaceae,family
Sphaeralcea,Sphaeralcea,genus
Acer,Plantae,kingdom
Acer,Tracheophyta,phylum
Acer,Magnoliopsida,class
Acer,Sapindales,order
Acer,Sapindaceae,family
Acer,Acer,genus
Alnus,Plantae,kingdom
Alnus,Tracheophyta,phylum
Alnus,Magnoliopsida,class
Alnus,Fagales,order
Alnus,Betulaceae,family
Alnus,Alnus,genus
Asteraceae undiff.,Plantae,kingdom
Asteraceae undiff.,Tracheophyta,phylum
Asteraceae undiff.,Magnoliopsida,class
Asteraceae undiff.,Asterales,order
Asteraceae undiff.,Asteraceae,family
Castanea,Plantae,kingdom
Castanea,Tracheophyta,phylum
Castanea,Magnoliopsida,class
Castanea,Fagales,order
Castanea,Fagaceae,family
Castanea,Castanea,genus
Cornus,Plantae,kingdom
Cornus,Tracheophyta,phylum
Cornus,Magnoliopsida,class
Cornus,Cornales,order
Cornus,Cornaceae,family
Cornus,Cornus,genus
Juglans,Plantae,kingdom
Juglans,Tracheophyta,phylum
Juglans,Magnoliopsida,class
Juglans,Fagales,order
Juglans,Juglandaceae,family
Juglans,Juglans,genus
Pinus,Plantae,kingdom
Pinus,Tracheophyta,phylum
Pinus,Pinopsida,class
Pinus,Pinales,order
Pinus,Pinaceae,family
Pinus,Pinus,genus
Rosaceae,Plantae,kingdom
Rosaceae,Tracheophyta,phylum
Rosaceae,Magnoliopsida,class
Rosaceae,Rosales,order
Rosaceae,Rosaceae,family
Cupressaceae,Plantae,kingdom
Cupressaceae,Tracheophyta,phylum
Cupressaceae,Pinopsida,class
Cupressaceae,Pinales,order
Cupressaceae,Cupressaceae,family
Elaeagnus,Plantae,kingdom
Elaeagnus,Tracheophyta,phylum
Elaeagnus,Magnoliopsida,class
Elaeagnus,Rosales,order
Elaeagnus,Elaeagnaceae,family
Elaeagnus,Elaeagnus,genus
Ephedra viridis-type,Plantae,kingdom
Ephedra viridis-type,Tracheophyta,phylum
Ephedra viridis-type,Gnetopsida,class
Ephedra viridis-type,Ephedrales,order
Ephedra viridis-type,Ephedraceae,family
Ephedra viridis-type,Ephedra,genus
Euphorbiaceae,Plantae,kingdom
Euphorbiaceae,Tracheophyta,phylum
Euphorbiaceae,Magnoliopsida,class
Euphorbiaceae,Malpighiales,order
Euphorbiaceae,Euphorbiaceae,family
Lamiaceae undiff.,Plantae,kingdom
Lamiaceae undiff.,Tracheophyta,phylum
Lamiaceae undiff.,Magnoliopsida,class
Lamiaceae undiff.,Lamiales,order
Lamiaceae undiff.,Lamiaceae,family
Larix,Plantae,kingdom
Larix,Tracheophyta,phylum
Larix,Pinopsida,class
Larix,Pinales,order
Larix,Pinaceae,family
Larix,Larix,genus
Malvaceae sensu stricto,Plantae,kingdom
Malvaceae sensu stricto,Tracheophyta,phylum
Malvaceae sensu stricto,Magnoliopsida,class
Malvaceae sensu stricto,Malvales,order
Malvaceae sensu stricto,Malvaceae,family
Persicaria lapathifolia-type,Plantae,kingdom
Persicaria lapathifolia-type,Tracheophyta,phylum
Persicaria lapathifolia-type,Magnoliopsida,class
Persicaria lapathifolia-type,Caryophyllales,order
Persicaria lapathifolia-type,Polygonaceae,family
Persicaria lapathifolia-type,Persicaria,genus
Plantago major,Plantae,kingdom
Plantago major,Tracheophyta,phylum
Plantago major,Magnoliopsida,class
Plantago major,Lamiales,order
Plantago major,Plantaginaceae,family
Plantago major,Plantago,genus
Plantago major,Plantago major,species
Polemonium,Plantae,kingdom
Polemonium,Tracheophyta,phylum
Polemonium,Magnoliopsida,class
Polemonium,Ericales,order
Polemonium,Polemoniaceae,family
Polemonium,Polemonium,genus
Polygonum aviculare-type,Plantae,kingdom
Polygonum aviculare-type,Tracheophyta,phylum
Polygonum aviculare-type,Magnoliopsida,class
Polygonum aviculare-type,Caryophyllales,order
Polygonum aviculare-type,Polygonaceae,family
Polygonum aviculare-type,Polygonum,genus
Primulaceae,Plantae,kingdom
Primulaceae,Tracheophyta,phylum
Primulaceae,Magnoliopsida,class
Primulaceae,Ericales,order
Primulaceae,Primulaceae,family
Rhamnus,Plantae,kingdom
Rhamnus,Tracheophyta,phylum
Rhamnus,Magnoliopsida,class
Rhamnus,Rosales,order
Rhamnus,Rhamnaceae,family
Rhamnus,Rhamnus,genus
Sarcobatus vermiculatus,Plantae,kingdom
Sarcobatus vermiculatus,Tracheophyta,phylum
Sarcobatus vermiculatus,Magnoliopsida,class
Sarcobatus vermiculatus,Caryophyllales,order
Sarcobatus vermiculatus,Sarcobataceae,family
Sarcobatus vermiculatus,Sarcobatus,genus
Sarcobatus vermiculatus,Sarcobatus vermiculatus,species
Saxifragaceae,Plantae,kingdom
Saxifragaceae,Tracheophyta,phylum
Saxifragaceae,Magnoliopsida,class
Saxifragaceae,Saxifragales,order
Saxifragaceae,Saxifragaceae,family
Scrophulariaceae,Plantae,kingdom
Scrophulariaceae,Tracheophyta,phylum
Scrophulariaceae,Magnoliopsida,class
Scrophulariaceae,Lamiales,order
Scrophulariaceae,Scrophulariaceae,family
Solanaceae,Plantae,kingdom
Solanaceae,Tracheophyta,phylum
Solanaceae,Magnoliopsida,class
Solanaceae,Solanales,order
Solanaceae,Solanaceae,family
Viscaceae sensu stricto,Plantae,kingdom
Viscaceae sensu stricto,Tracheophyta,phylum
Viscaceae sensu stricto,Magnoliopsida,class
Viscaceae sensu stricto,Santalales,order
Viscaceae sensu stricto,Viscaceae,family
Ambrosia,Plantae,kingdom
Ambrosia,Tracheophyta,phylum
Ambrosia,Magnoliopsida,class
Ambrosia,Asterales,order
Ambrosia,Asteraceae,family
Ambrosia,Ambrosia,genus
Arctostaphylos,Plantae,kingdom
Arctostaphylos,Tracheophyta,phylum
Arctostaphylos,Magnoliopsida,class
Arctostaphylos,Ericales,order
Arctostaphylos,Ericaceae,family
Arctostaphylos,Arctostaphylos,genus
Berberis,Plantae,kingdom
Berberis,Tracheophyta,phylum
Berberis,Magnoliopsida,class
Berberis,Ranunculales,order
Berberis,Berberidaceae,family
Berberis,Berberis,genus
Bistorta bistortoides,Plantae,kingdom
Bistorta bistortoides,Tracheophyta,phylum
Bistorta bistortoides,Magnoliopsida,class
Bistorta bistortoides,Caryophyllales,order
Bistorta bistortoides,Polygonaceae,family
Bistorta bistortoides,Bistorta,genus
Bistorta bistortoides,Bistorta bistortoides,species
Cactaceae,Plantae,kingdom
Cactaceae,Tracheophyta,phylum
Cactaceae,Magnoliopsida,class
Cactaceae,Caryophyllales,order
Cactaceae,Cactaceae,family
Cercocarpus,Plantae,kingdom
Cercocarpus,Tracheophyta,phylum
Cercocarpus,Magnoliopsida,class
Cercocarpus,Rosales,order
Cercocarpus,Rosaceae,family
Cercocarpus,Cercocarpus,genus
Cirsium,Plantae,kingdom
Cirsium,Tracheophyta,phylum
Cirsium,Magnoliopsida,class
Cirsium,Asterales,order
Cirsium,Asteraceae,family
Cirsium,Cirsium,genus
Holodiscus,Plantae,kingdom
Holodiscus,Tracheophyta,phylum
Holodiscus,Magnoliopsida,class
Holodiscus,Rosales,order
Holodiscus,Rosaceae,family
Holodiscus,Holodiscus,genus
Liliaceae,Plantae,kingdom
Liliaceae,Tracheophyta,phylum
Liliaceae,Liliopsida,class
Liliaceae,Liliales,order
Liliaceae,Liliaceae,family
Lonicera,Plantae,kingdom
Lonicera,Tracheophyta,phylum
Lonicera,Magnoliopsida,class
Lonicera,Dipsacales,order
Lonicera,Caprifoliaceae,family
Lonicera,Lonicera,genus
Parkinsonia,Plantae,kingdom
Parkinsonia,Tracheophyta,phylum
Parkinsonia,Magnoliopsida,class
Parkinsonia,Fabales,order
Parkinsonia,Fabaceae,family
Parkinsonia,Parkinsonia,genus
Parkinsonia,Animalia,kingdom
Parkinsonia,Mollusca,phylum
Parkinsonia,Cephalopoda,class
Parkinsonia,Parkinsoniidae,family
Parkinsonia,Parkinsonia,genus
Pinus edulis-type,Plantae,kingdom
Pinus edulis-type,Tracheophyta,phylum
Pinus edulis-type,Pinopsida,class
Pinus edulis-type,Pinales,order
Pinus edulis-type,Pinaceae,family
Pinus edulis-type,Pinus,genus
Pinus flexilis-type,Plantae,kingdom
Pinus flexilis-type,Tracheophyta,phylum
Pinus flexilis-type,Pinopsida,class
Pinus flexilis-type,Pinales,order
Pinus flexilis-type,Pinaceae,family
Pinus flexilis-type,Pinus,genus
Polygonum sensu lato undiff.,Plantae,kingdom
Polygonum sensu lato undiff.,Tracheophyta,phylum
Polygonum sensu lato undiff.,Magnoliopsida,class
Polygonum sensu lato undiff.,Caryophyllales,order
Polygonum sensu lato undiff.,Polygonaceae,family
Polygonum sensu lato undiff.,Polygonum,genus
Portulacaceae,Plantae,kingdom
Portulacaceae,Tracheophyta,phylum
Portulacaceae,Magnoliopsida,class
Portulacaceae,Caryophyllales,order
Portulacaceae,Portulacaceae,family
Ranunculus,Plantae,kingdom
Ranunculus,Tracheophyta,phylum
Ranunculus,Magnoliopsida,class
Ranunculus,Ranunculales,order
Ranunculus,Ranunculaceae,family
Ranunculus,Ranunculus,genus
Ribes,Plantae,kingdom
Ribes,Tracheophyta,phylum
Ribes,Magnoliopsida,class
Ribes,Saxifragales,order
Ribes,Grossulariaceae,family
Ribes,Ribes,genus
Rubus,Plantae,kingdom
Rubus,Tracheophyta,phylum
Rubus,Magnoliopsida,class
Rubus,Rosales,order
Rubus,Rosaceae,family
Rubus,Rubus,genus
Trixis,Plantae,kingdom
Trixis,Tracheophyta,phylum
Trixis,Magnoliopsida,class
Trixis,Asterales,order
Trixis,Asteraceae,family
Trixis,Trixis,genus
Acer negundo,Plantae,kingdom
Acer negundo,Tracheophyta,phylum
Acer negundo,Magnoliopsida,class
Acer negundo,Sapindales,order
Acer negundo,Sapindaceae,family
Acer negundo,Acer,genus
Acer negundo,Acer negundo,species
Acer saccharinum-type,Plantae,kingdom
Acer saccharinum-type,Tracheophyta,phylum
Acer saccharinum-type,Magnoliopsida,class
Acer saccharinum-type,Sapindales,order
Acer saccharinum-type,Sapindaceae,family
Acer saccharinum-type,Acer,genus
Caprifoliaceae sensu lato undiff.,Plantae,kingdom
Caprifoliaceae sensu lato undiff.,Tracheophyta,phylum
Caprifoliaceae sensu lato undiff.,Magnoliopsida,class
Caprifoliaceae sensu lato undiff.,Dipsacales,order
Caprifoliaceae sensu lato undiff.,Caprifoliaceae,family
Fraxinus (tetracolpate),Plantae,kingdom
Fraxinus (tetracolpate),Tracheophyta,phylum
Fraxinus (tetracolpate),Magnoliopsida,class
Fraxinus (tetracolpate),Lamiales,order
Fraxinus (tetracolpate),Oleaceae,family
Fraxinus (tetracolpate),Fraxinus,genus
Fraxinus (tricolpate),Plantae,kingdom
Fraxinus (tricolpate),Tracheophyta,phylum
Fraxinus (tricolpate),Magnoliopsida,class
Fraxinus (tricolpate),Lamiales,order
Fraxinus (tricolpate),Oleaceae,family
Fraxinus (tricolpate),Fraxinus,genus
Juglans cinerea,Plantae,kingdom
Juglans cinerea,Tracheophyta,phylum
Juglans cinerea,Magnoliopsida,class
Juglans cinerea,Fagales,order
Juglans cinerea,Juglandaceae,family
Juglans cinerea,Juglans,genus
Juglans cinerea,Juglans cinerea,species
Juglans nigra,Plantae,kingdom
Juglans nigra,Tracheophyta,phylum
Juglans nigra,Magnoliopsida,class
Juglans nigra,Fagales,order
Juglans nigra,Juglandaceae,family
Juglans nigra,Juglans,genus
Juglans nigra,Juglans nigra,species
Oxyria digyna,Plantae,kingdom
Oxyria digyna,Tracheophyta,phylum
Oxyria digyna,Magnoliopsida,class
Oxyria digyna,Caryophyllales,order
Oxyria digyna,Polygonaceae,family
Oxyria digyna,Oxyria,genus
Oxyria digyna,Oxyria digyna,species
Rhamnaceae,Plantae,kingdom
Rhamnaceae,Tracheophyta,phylum
Rhamnaceae,Magnoliopsida,class
Rhamnaceae,Rosales,order
Rhamnaceae,Rhamnaceae,family
Salsola,Plantae,kingdom
Salsola,Tracheophyta,phylum
Salsola,Magnoliopsida,class
Salsola,Caryophyllales,order
Salsola,Amaranthaceae,family
Salsola,Salsola,genus
Asteroideae,Animalia,kingdom
Asteroideae,Echinodermata,phylum
Asteroideae,Asteroidea,class
Cyclachaena xanthiifolia,Plantae,kingdom
Cyclachaena xanthiifolia,Tracheophyta,phylum
Cyclachaena xanthiifolia,Magnoliopsida,class
Cyclachaena xanthiifolia,Asterales,order
Cyclachaena xanthiifolia,Asteraceae,family
Cyclachaena xanthiifolia,Cyclachaena,genus
Cyclachaena xanthiifolia,Cyclachaena xanthiifolia,species
Ephedra nevadensis-type,Plantae,kingdom
Ephedra nevadensis-type,Tracheophyta,phylum
Ephedra nevadensis-type,Gnetopsida,class
Ephedra nevadensis-type,Ephedrales,order
Ephedra nevadensis-type,Ephedraceae,family
Ephedra nevadensis-type,Ephedra,genus
Shepherdia argentea,Plantae,kingdom
Shepherdia argentea,Tracheophyta,phylum
Shepherdia argentea,Magnoliopsida,class
Shepherdia argentea,Rosales,order
Shepherdia argentea,Elaeagnaceae,family
Shepherdia argentea,Shepherdia,genus
Shepherdia argentea,Shepherdia argentea,species
Abies balsamea,Plantae,kingdom
Abies balsamea,Tracheophyta,phylum
Abies balsamea,Pinopsida,class
Abies balsamea,Pinales,order
Abies balsamea,Pinaceae,family
Abies balsamea,Abies,genus
Abies balsamea,Abies balsamea,species
Acer pensylvanicum,Plantae,kingdom
Acer pensylvanicum,Tracheophyta,phylum
Acer pensylvanicum,Magnoliopsida,class
Acer pensylvanicum,Sapindales,order
Acer pensylvanicum,Sapindaceae,family
Acer pensylvanicum,Acer,genus
Acer pensylvanicum,Acer pensylvanicum,species
Acer saccharum,Plantae,kingdom
Acer saccharum,Tracheophyta,phylum
Acer saccharum,Magnoliopsida,class
Acer saccharum,Sapindales,order
Acer saccharum,Sapindaceae,family
Acer saccharum,Acer,genus
Acer saccharum,Acer saccharum,species
Acer spicatum,Plantae,kingdom
Acer spicatum,Tracheophyta,phylum
Acer spicatum,Magnoliopsida,class
Acer spicatum,Sapindales,order
Acer spicatum,Sapindaceae,family
Acer spicatum,Acer,genus
Acer spicatum,Acer spicatum,species
Alnus viridis-type,Plantae,kingdom
Alnus viridis-type,Tracheophyta,phylum
Alnus viridis-type,Magnoliopsida,class
Alnus viridis-type,Fagales,order
Alnus viridis-type,Betulaceae,family
Alnus viridis-type,Alnus,genus
Betula undiff.,Plantae,kingdom
Betula undiff.,Tracheophyta,phylum
Betula undiff.,Magnoliopsida,class
Betula undiff.,Fagales,order
Betula undiff.,Betulaceae,family
Betula undiff.,Betula,genus
Bistorta vivipara,Plantae,kingdom
Bistorta vivipara,Tracheophyta,phylum
Bistorta vivipara,Magnoliopsida,class
Bistorta vivipara,Caryophyllales,order
Bistorta vivipara,Polygonaceae,family
Bistorta vivipara,Bistorta,genus
Bistorta vivipara,Bistorta vivipara,species
Carya ovata,Plantae,kingdom
Carya ovata,Tracheophyta,phylum
Carya ovata,Magnoliopsida,class
Carya ovata,Fagales,order
Carya ovata,Juglandaceae,family
Carya ovata,Carya,genus
Carya ovata,Carya ovata,species
Castanea dentata,Plantae,kingdom
Castanea dentata,Tracheophyta,phylum
Castanea dentata,Magnoliopsida,class
Castanea dentata,Fagales,order
Castanea dentata,Fagaceae,family
Castanea dentata,Castanea,genus
Castanea dentata,Castanea dentata,species
Corylus cornuta,Plantae,kingdom
Corylus cornuta,Tracheophyta,phylum
Corylus cornuta,Magnoliopsida,class
Corylus cornuta,Fagales,order
Corylus cornuta,Betulaceae,family
Corylus cornuta,Corylus,genus
Corylus cornuta,Corylus cornuta,species
Epilobium,Plantae,kingdom
Epilobium,Tracheophyta,phylum
Epilobium,Magnoliopsida,class
Epilobium,Myrtales,order
Epilobium,Onagraceae,family
Epilobium,Epilobium,genus
Juniperus communis/Thuja occidentalis-type,Plantae,kingdom
Juniperus communis/Thuja occidentalis-type,Tracheophyta,phylum
Juniperus communis/Thuja occidentalis-type,Pinopsida,class
Juniperus communis/Thuja occidentalis-type,Pinales,order
Juniperus communis/Thuja occidentalis-type,Cupressaceae,family
Juniperus communis/Thuja occidentalis-type,Juniperus,genus
Koenigia islandica,Plantae,kingdom
Koenigia islandica,Tracheophyta,phylum
Koenigia islandica,Magnoliopsida,class
Koenigia islandica,Caryophyllales,order
Koenigia islandica,Polygonaceae,family
Koenigia islandica,Koenigia,genus
Koenigia islandica,Koenigia islandica,species
Myrica gale,Plantae,kingdom
Myrica gale,Tracheophyta,phylum
Myrica gale,Magnoliopsida,class
Myrica gale,Fagales,order
Myrica gale,Myricaceae,family
Myrica gale,Myrica,genus
Myrica gale,Myrica gale,species
Oxytropis maydelliana-type,Plantae,kingdom
Oxytropis maydelliana-type,Tracheophyta,phylum
Oxytropis maydelliana-type,Magnoliopsida,class
Oxytropis maydelliana-type,Fabales,order
Oxytropis maydelliana-type,Fabaceae,family
Oxytropis maydelliana-type,Oxytropis,genus
Pedicularis,Plantae,kingdom
Pedicularis,Tracheophyta,phylum
Pedicularis,Magnoliopsida,class
Pedicularis,Lamiales,order
Pedicularis,Orobanchaceae,family
Pedicularis,Pedicularis,genus
Picea glauca-type,Plantae,kingdom
Picea glauca-type,Tracheophyta,phylum
Picea glauca-type,Pinopsida,class
Picea glauca-type,Pinales,order
Picea glauca-type,Pinaceae,family
Picea glauca-type,Picea,genus
Picea mariana-type,Plantae,kingdom
Picea mariana-type,Tracheophyta,phylum
Picea mariana-type,Pinopsida,class
Picea mariana-type,Pinales,order
Picea mariana-type,Pinaceae,family
Picea mariana-type,Picea,genus
Picea undiff.,Plantae,kingdom
Picea undiff.,Tracheophyta,phylum
Picea undiff.,Pinopsida,class
Picea undiff.,Pinales,order
Picea undiff.,Pinaceae,family
Picea undiff.,Picea,genus
Pinaceae,Plantae,kingdom
Pinaceae,Tracheophyta,phylum
Pinaceae,Pinopsida,class
Pinaceae,Pinales,order
Pinaceae,Pinaceae,family
Pinus banksiana-type,Plantae,kingdom
Pinus banksiana-type,Tracheophyta,phylum
Pinus banksiana-type,Pinopsida,class
Pinus banksiana-type,Pinales,order
Pinus banksiana-type,Pinaceae,family
Pinus banksiana-type,Pinus,genus
Pinus strobus,Plantae,kingdom
Pinus strobus,Tracheophyta,phylum
Pinus strobus,Pinopsida,class
Pinus strobus,Pinales,order
Pinus strobus,Pinaceae,family
Pinus strobus,Pinus,genus
Pinus strobus,Pinus strobus,species
Populus balsamifera-type,Plantae,kingdom
Populus balsamifera-type,Tracheophyta,phylum
Populus balsamifera-type,Magnoliopsida,class
Populus balsamifera-type,Malpighiales,order
Populus balsamifera-type,Salicaceae,family
Populus balsamifera-type,Populus,genus
Populus tremuloides-type,Plantae,kingdom
Populus tremuloides-type,Tracheophyta,phylum
Populus tremuloides-type,Magnoliopsida,class
Populus tremuloides-type,Malpighiales,order
Populus tremuloides-type,Salicaceae,family
Populus tremuloides-type,Populus,genus
Prunus,Plantae,kingdom
Prunus,Tracheophyta,phylum
Prunus,Magnoliopsida,class
Prunus,Rosales,order
Prunus,Rosaceae,family
Prunus,Prunus,genus
Rhamnus alnifolia/Frangula alnus,Plantae,kingdom
Rhamnus alnifolia/Frangula alnus,Tracheophyta,phylum
Rhamnus alnifolia/Frangula alnus,Magnoliopsida,class
Rhamnus alnifolia/Frangula alnus,Rosales,order
Rhamnus alnifolia/Frangula alnus,Rhamnaceae,family
Rhamnus alnifolia/Frangula alnus,Rhamnus,genus
Saxifraga cernua-type,Plantae,kingdom
Saxifraga cernua-type,Tracheophyta,phylum
Saxifraga cernua-type,Magnoliopsida,class
Saxifraga cernua-type,Saxifragales,order
Saxifraga cernua-type,Saxifragaceae,family
Saxifraga cernua-type,Saxifraga,genus
Saxifraga oppositifolia-type,Plantae,kingdom
Saxifraga oppositifolia-type,Tracheophyta,phylum
Saxifraga oppositifolia-type,Magnoliopsida,class
Saxifraga oppositifolia-type,Saxifragales,order
Saxifraga oppositifolia-type,Saxifragaceae,family
Saxifraga oppositifolia-type,Saxifraga,genus
Tsuga canadensis,Plantae,kingdom
Tsuga canadensis,Tracheophyta,phylum
Tsuga canadensis,Pinopsida,class
Tsuga canadensis,Pinales,order
Tsuga canadensis,Pinaceae,family
Tsuga canadensis,Tsuga,genus
Tsuga canadensis,Tsuga canadensis,species
Anacardiaceae,Plantae,kingdom
Anacardiaceae,Tracheophyta,phylum
Anacardiaceae,Magnoliopsida,class
Anacardiaceae,Sapindales,order
Anacardiaceae,Anacardiaceae,family
Aquifoliaceae,Plantae,kingdom
Aquifoliaceae,Tracheophyta,phylum
Aquifoliaceae,Magnoliopsida,class
Aquifoliaceae,Aquifoliales,order
Aquifoliaceae,Aquifoliaceae,family
Gleditsia,Plantae,kingdom
Gleditsia,Tracheophyta,phylum
Gleditsia,Magnoliopsida,class
Gleditsia,Fabales,order
Gleditsia,Fabaceae,family
Gleditsia,Gleditsia,genus
Iva annua-type,Plantae,kingdom
Iva annua-type,Tracheophyta,phylum
Iva annua-type,Magnoliopsida,class
Iva annua-type,Asterales,order
Iva annua-type,Asteraceae,family
Iva annua-type,Iva,genus
Poaceae (Cerealia),Animalia,kingdom
Poaceae (Cerealia),Mollusca,phylum
Poaceae (Cerealia),Cerealis,genus
Poaceae undiff.,Plantae,kingdom
Poaceae undiff.,Tracheophyta,phylum
Poaceae undiff.,Liliopsida,class
Poaceae undiff.,Poales,order
Poaceae undiff.,Poaceae,family
Polygonum sensu lato,Plantae,kingdom
Polygonum sensu lato,Tracheophyta,phylum
Polygonum sensu lato,Magnoliopsida,class
Polygonum sensu lato,Caryophyllales,order
Polygonum sensu lato,Polygonaceae,family
Polygonum sensu lato,Polygonum,genus
Shepherdia,Plantae,kingdom
Shepherdia,Tracheophyta,phylum
Shepherdia,Magnoliopsida,class
Shepherdia,Rosales,order
Shepherdia,Elaeagnaceae,family
Shepherdia,Shepherdia,genus
Aconitum,Plantae,kingdom
Aconitum,Tracheophyta,phylum
Aconitum,Magnoliopsida,class
Aconitum,Ranunculales,order
Aconitum,Ranunculaceae,family
Aconitum,Aconitum,genus
Alnus viridis,Plantae,kingdom
Alnus viridis,Plantae,kingdom
Alnus viridis,Tracheophyta,phylum
Alnus viridis,Tracheophyta,phylum
Alnus viridis,Magnoliopsida,class
Alnus viridis,Magnoliopsida,class
Alnus viridis,Fagales,order
Alnus viridis,Fagales,order
Alnus viridis,Betulaceae,family
Alnus viridis,Betulaceae,family
Alnus viridis,Alnus,genus
Alnus viridis,Alnus,genus
Alnus viridis,Alnus alnobetula,species
Alnus viridis,Alnus alnobetula,species
Alnus viridis,Plantae,kingdom
Alnus viridis,Plantae,kingdom
Alnus viridis,Tracheophyta,phylum
Alnus viridis,Tracheophyta,phylum
Alnus viridis,Magnoliopsida,class
Alnus viridis,Magnoliopsida,class
Alnus viridis,Fagales,order
Alnus viridis,Fagales,order
Alnus viridis,Betulaceae,family
Alnus viridis,Betulaceae,family
Alnus viridis,Alnus,genus
Alnus viridis,Alnus,genus
Alnus viridis,Alnus alnobetula,species
Alnus viridis,Alnus alnobetula,species
Boraginaceae,Plantae,kingdom
Boraginaceae,Tracheophyta,phylum
Boraginaceae,Magnoliopsida,class
Boraginaceae,Boraginales,order
Boraginaceae,Boraginaceae,family
Ericales,Plantae,kingdom
Ericales,Tracheophyta,phylum
Ericales,Magnoliopsida,class
Ericales,Ericales,order
Gentiana,Plantae,kingdom
Gentiana,Tracheophyta,phylum
Gentiana,Magnoliopsida,class
Gentiana,Gentianales,order
Gentiana,Gentianaceae,family
Gentiana,Gentiana,genus
Micranthes hieraciifolia,Plantae,kingdom
Micranthes hieraciifolia,Tracheophyta,phylum
Micranthes hieraciifolia,Magnoliopsida,class
Micranthes hieraciifolia,Saxifragales,order
Micranthes hieraciifolia,Saxifragaceae,family
Micranthes hieraciifolia,Micranthes,genus
Micranthes hieraciifolia,Micranthes hieraciifolia,species
Pedicularis langsdorffii,Plantae,kingdom
Pedicularis langsdorffii,Tracheophyta,phylum
Pedicularis langsdorffii,Magnoliopsida,class
Pedicularis langsdorffii,Lamiales,order
Pedicularis langsdorffii,Orobanchaceae,family
Pedicularis langsdorffii,Pedicularis,genus
Pedicularis langsdorffii,Pedicularis langsdorffii,species
Pedicularis verticillata,Plantae,kingdom
Pedicularis verticillata,Tracheophyta,phylum
Pedicularis verticillata,Magnoliopsida,class
Pedicularis verticillata,Lamiales,order
Pedicularis verticillata,Orobanchaceae,family
Pedicularis verticillata,Pedicularis,genus
Pedicularis verticillata,Pedicularis verticillata,species
Rubus chamaemorus,Plantae,kingdom
Rubus chamaemorus,Tracheophyta,phylum
Rubus chamaemorus,Magnoliopsida,class
Rubus chamaemorus,Rosales,order
Rubus chamaemorus,Rosaceae,family
Rubus chamaemorus,Rubus,genus
Rubus chamaemorus,Rubus chamaemorus,species
Saxifraga cernua,Plantae,kingdom
Saxifraga cernua,Tracheophyta,phylum
Saxifraga cernua,Magnoliopsida,class
Saxifraga cernua,Saxifragales,order
Saxifraga cernua,Saxifragaceae,family
Saxifraga cernua,Saxifraga,genus
Saxifraga cernua,Saxifraga cernua,species
Saxifraga tricuspidata,Plantae,kingdom
Saxifraga tricuspidata,Tracheophyta,phylum
Saxifraga tricuspidata,Magnoliopsida,class
Saxifraga tricuspidata,Saxifragales,order
Saxifraga tricuspidata,Saxifragaceae,family
Saxifraga tricuspidata,Saxifraga,genus
Saxifraga tricuspidata,Saxifraga tricuspidata,species
Saxifragaceae undiff.,Plantae,kingdom
Saxifragaceae undiff.,Tracheophyta,phylum
Saxifragaceae undiff.,Magnoliopsida,class
Saxifragaceae undiff.,Saxifragales,order
Saxifragaceae undiff.,Saxifragaceae,family
Valeriana,Plantae,kingdom
Valeriana,Tracheophyta,phylum
Valeriana,Magnoliopsida,class
Valeriana,Dipsacales,order
Valeriana,Caprifoliaceae,family
Valeriana,Valeriana,genus
Astragalus,Plantae,kingdom
Astragalus,Tracheophyta,phylum
Astragalus,Magnoliopsida,class
Astragalus,Fabales,order
Astragalus,Fabaceae,family
Astragalus,Astragalus,genus
Bistorta officinalis,Plantae,kingdom
Bistorta officinalis,Tracheophyta,phylum
Bistorta officinalis,Magnoliopsida,class
Bistorta officinalis,Caryophyllales,order
Bistorta officinalis,Polygonaceae,family
Bistorta officinalis,Bistorta,genus
Bistorta officinalis,Bistorta officinalis,species
Dryas,Animalia,kingdom
Dryas,Arthropoda,phylum
Dryas,Insecta,class
Dryas,Lepidoptera,order
Dryas,Nymphalidae,family
Dryas,Dryas,genus
Dryas,Plantae,kingdom
Dryas,Tracheophyta,phylum
Dryas,Magnoliopsida,class
Dryas,Rosales,order
Dryas,Rosaceae,family
Dryas,Dryas,genus
Linnaea borealis,Plantae,kingdom
Linnaea borealis,Tracheophyta,phylum
Linnaea borealis,Magnoliopsida,class
Linnaea borealis,Dipsacales,order
Linnaea borealis,Caprifoliaceae,family
Linnaea borealis,Linnaea,genus
Linnaea borealis,Linnaea borealis,species
Oxytropis,Plantae,kingdom
Oxytropis,Tracheophyta,phylum
Oxytropis,Magnoliopsida,class
Oxytropis,Fabales,order
Oxytropis,Fabaceae,family
Oxytropis,Oxytropis,genus
Rubus arcticus,Plantae,kingdom
Rubus arcticus,Tracheophyta,phylum
Rubus arcticus,Magnoliopsida,class
Rubus arcticus,Rosales,order
Rubus arcticus,Rosaceae,family
Rubus arcticus,Rubus,genus
Rubus arcticus,Rubus arcticus,species
Saussurea,Plantae,kingdom
Saussurea,Tracheophyta,phylum
Saussurea,Magnoliopsida,class
Saussurea,Asterales,order
Saussurea,Asteraceae,family
Saussurea,Saussurea,genus
Urtica,Plantae,kingdom
Urtica,Tracheophyta,phylum
Urtica,Magnoliopsida,class
Urtica,Rosales,order
Urtica,Urticaceae,family
Urtica,Urtica,genus
Eucalyptus,Plantae,kingdom
Eucalyptus,Tracheophyta,phylum
Eucalyptus,Magnoliopsida,class
Eucalyptus,Myrtales,order
Eucalyptus,Myrtaceae,family
Eucalyptus,Eucalyptus,genus
Ranunculaceae,Plantae,kingdom
Ranunculaceae,Tracheophyta,phylum
Ranunculaceae,Magnoliopsida,class
Ranunculaceae,Ranunculales,order
Ranunculaceae,Ranunculaceae,family
Saxifraga oppositifolia,Plantae,kingdom
Saxifraga oppositifolia,Tracheophyta,phylum
Saxifraga oppositifolia,Magnoliopsida,class
Saxifraga oppositifolia,Saxifragales,order
Saxifraga oppositifolia,Saxifragaceae,family
Saxifraga oppositifolia,Saxifraga,genus
Saxifraga oppositifolia,Saxifraga oppositifolia,species
Valerianoideae,Plantae,kingdom
Valerianoideae,Tracheophyta,phylum
Valerianoideae,Magnoliopsida,class
Valerianoideae,Lamiales,order
Valerianoideae,Verbenaceae,family
Valerianoideae,Stachytarpheta,genus
Asteraceae,Plantae,kingdom
Asteraceae,Tracheophyta,phylum
Asteraceae,Magnoliopsida,class
Asteraceae,Asterales,order
Asteraceae,Asteraceae,family
Cornaceae,Plantae,kingdom
Cornaceae,Tracheophyta,phylum
Cornaceae,Magnoliopsida,class
Cornaceae,Cornales,order
Cornaceae,Cornaceae,family
Gentianaceae,Plantae,kingdom
Gentianaceae,Tracheophyta,phylum
Gentianaceae,Magnoliopsida,class
Gentianaceae,Gentianales,order
Gentianaceae,Gentianaceae,family
Rubiaceae,Plantae,kingdom
Rubiaceae,Tracheophyta,phylum
Rubiaceae,Magnoliopsida,class
Rubiaceae,Gentianales,order
Rubiaceae,Rubiaceae,family
Sapindaceae,Plantae,kingdom
Sapindaceae,Tracheophyta,phylum
Sapindaceae,Magnoliopsida,class
Sapindaceae,Sapindales,order
Sapindaceae,Sapindaceae,family
Tsuga heterophylla,Plantae,kingdom
Tsuga heterophylla,Tracheophyta,phylum
Tsuga heterophylla,Pinopsida,class
Tsuga heterophylla,Pinales,order
Tsuga heterophylla,Pinaceae,family
Tsuga heterophylla,Tsuga,genus
Tsuga heterophylla,Tsuga heterophylla,species
Tsuga mertensiana,Plantae,kingdom
Tsuga mertensiana,Tracheophyta,phylum
Tsuga mertensiana,Pinopsida,class
Tsuga mertensiana,Pinales,order
Tsuga mertensiana,Pinaceae,family
Tsuga mertensiana,Tsuga,genus
Tsuga mertensiana,Tsuga mertensiana,species
Alnus viridis subsp. crispa,Plantae,kingdom
Alnus viridis subsp. crispa,Tracheophyta,phylum
Alnus viridis subsp. crispa,Magnoliopsida,class
Alnus viridis subsp. crispa,Fagales,order
Alnus viridis subsp. crispa,Betulaceae,family
Alnus viridis subsp. crispa,Alnus,genus
Alnus viridis subsp. crispa,Alnus alnobetula,species
Alnus viridis subsp. crispa,Alnus viridis crispa,subspecies
Betulaceae undiff.,Plantae,kingdom
Betulaceae undiff.,Tracheophyta,phylum
Betulaceae undiff.,Magnoliopsida,class
Betulaceae undiff.,Fagales,order
Betulaceae undiff.,Betulaceae,family
Elaeagnaceae undiff.,Plantae,kingdom
Elaeagnaceae undiff.,Tracheophyta,phylum
Elaeagnaceae undiff.,Magnoliopsida,class
Elaeagnaceae undiff.,Rosales,order
Elaeagnaceae undiff.,Elaeagnaceae,family
Lamium,Plantae,kingdom
Lamium,Tracheophyta,phylum
Lamium,Magnoliopsida,class
Lamium,Lamiales,order
Lamium,Lamiaceae,family
Lamium,Lamium,genus
Penstemon,Plantae,kingdom
Penstemon,Tracheophyta,phylum
Penstemon,Magnoliopsida,class
Penstemon,Lamiales,order
Penstemon,Plantaginaceae,family
Penstemon,Penstemon,genus
Phlox,Plantae,kingdom
Phlox,Tracheophyta,phylum
Phlox,Magnoliopsida,class
Phlox,Ericales,order
Phlox,Polemoniaceae,family
Phlox,Phlox,genus
Plantaginaceae undiff.,Plantae,kingdom
Plantaginaceae undiff.,Tracheophyta,phylum
Plantaginaceae undiff.,Magnoliopsida,class
Plantaginaceae undiff.,Lamiales,order
Plantaginaceae undiff.,Plantaginaceae,family
Polygonum,Plantae,kingdom
Polygonum,Tracheophyta,phylum
Polygonum,Magnoliopsida,class
Polygonum,Caryophyllales,order
Polygonum,Polygonaceae,family
Polygonum,Polygonum,genus
Populus balsamifera,Plantae,kingdom
Populus balsamifera,Tracheophyta,phylum
Populus balsamifera,Magnoliopsida,class
Populus balsamifera,Malpighiales,order
Populus balsamifera,Salicaceae,family
Populus balsamifera,Populus,genus
Populus balsamifera,Populus balsamifera,species
Populus tremuloides,Plantae,kingdom
Populus tremuloides,Tracheophyta,phylum
Populus tremuloides,Magnoliopsida,class
Populus tremuloides,Malpighiales,order
Populus tremuloides,Salicaceae,family
Populus tremuloides,Populus,genus
Populus tremuloides,Populus tremuloides,species
Populus undiff.,Plantae,kingdom
Populus undiff.,Tracheophyta,phylum
Populus undiff.,Magnoliopsida,class
Populus undiff.,Malpighiales,order
Populus undiff.,Salicaceae,family
Populus undiff.,Populus,genus
Caprifoliaceae sensu lato,Plantae,kingdom
Caprifoliaceae sensu lato,Tracheophyta,phylum
Caprifoliaceae sensu lato,Magnoliopsida,class
Caprifoliaceae sensu lato,Dipsacales,order
Caprifoliaceae sensu lato,Caprifoliaceae,family
Claytonia,Plantae,kingdom
Claytonia,Tracheophyta,phylum
Claytonia,Magnoliopsida,class
Claytonia,Caryophyllales,order
Claytonia,Montiaceae,family
Claytonia,Claytonia,genus
Polemoniaceae undiff.,Plantae,kingdom
Polemoniaceae undiff.,Tracheophyta,phylum
Polemoniaceae undiff.,Magnoliopsida,class
Polemoniaceae undiff.,Ericales,order
Polemoniaceae undiff.,Polemoniaceae,family
Diapensia,Plantae,kingdom
Diapensia,Tracheophyta,phylum
Diapensia,Magnoliopsida,class
Diapensia,Ericales,order
Diapensia,Diapensiaceae,family
Diapensia,Diapensia,genus
Empetrum,Plantae,kingdom
Empetrum,Tracheophyta,phylum
Empetrum,Magnoliopsida,class
Empetrum,Ericales,order
Empetrum,Ericaceae,family
Empetrum,Empetrum,genus
Allium,Plantae,kingdom
Allium,Tracheophyta,phylum
Allium,Liliopsida,class
Allium,Asparagales,order
Allium,Amaryllidaceae,family
Allium,Allium,genus
Anemone canadensis-type,Plantae,kingdom
Anemone canadensis-type,Tracheophyta,phylum
Anemone canadensis-type,Magnoliopsida,class
Anemone canadensis-type,Ranunculales,order
Anemone canadensis-type,Ranunculaceae,family
Anemone canadensis-type,Anemone,genus
Chamaecrista,Plantae,kingdom
Chamaecrista,Tracheophyta,phylum
Chamaecrista,Magnoliopsida,class
Chamaecrista,Fabales,order
Chamaecrista,Fabaceae,family
Chamaecrista,Chamaecrista,genus
Cornus sericea-type,Plantae,kingdom
Cornus sericea-type,Tracheophyta,phylum
Cornus sericea-type,Magnoliopsida,class
Cornus sericea-type,Cornales,order
Cornus sericea-type,Cornaceae,family
Cornus sericea-type,Cornus,genus
Ephedra trifurca-type,Plantae,kingdom
Ephedra trifurca-type,Tracheophyta,phylum
Ephedra trifurca-type,Gnetopsida,class
Ephedra trifurca-type,Ephedrales,order
Ephedra trifurca-type,Ephedraceae,family
Ephedra trifurca-type,Ephedra,genus
Humulus,Plantae,kingdom
Humulus,Tracheophyta,phylum
Humulus,Magnoliopsida,class
Humulus,Rosales,order
Humulus,Cannabaceae,family
Humulus,Humulus,genus
Hydrophyllum,Plantae,kingdom
Hydrophyllum,Tracheophyta,phylum
Hydrophyllum,Magnoliopsida,class
Hydrophyllum,Boraginales,order
Hydrophyllum,Hydrophyllaceae,family
Hydrophyllum,Hydrophyllum,genus
Hypoxis,Plantae,kingdom
Hypoxis,Tracheophyta,phylum
Hypoxis,Liliopsida,class
Hypoxis,Asparagales,order
Hypoxis,Hypoxidaceae,family
Hypoxis,Hypoxis,genus
Liliaceae undiff.,Plantae,kingdom
Liliaceae undiff.,Tracheophyta,phylum
Liliaceae undiff.,Liliopsida,class
Liliaceae undiff.,Liliales,order
Liliaceae undiff.,Liliaceae,family
Lilium philadelphicum-type,Plantae,kingdom
Lilium philadelphicum-type,Tracheophyta,phylum
Lilium philadelphicum-type,Liliopsida,class
Lilium philadelphicum-type,Liliales,order
Lilium philadelphicum-type,Liliaceae,family
Lilium philadelphicum-type,Lilium,genus
Lysimachia thyrsiflora,Plantae,kingdom
Lysimachia thyrsiflora,Tracheophyta,phylum
Lysimachia thyrsiflora,Magnoliopsida,class
Lysimachia thyrsiflora,Ericales,order
Lysimachia thyrsiflora,Primulaceae,family
Lysimachia thyrsiflora,Lysimachia,genus
Lysimachia thyrsiflora,Lysimachia thyrsiflora,species
Lythrum,Plantae,kingdom
Lythrum,Tracheophyta,phylum
Lythrum,Magnoliopsida,class
Lythrum,Myrtales,order
Lythrum,Lythraceae,family
Lythrum,Lythrum,genus
Parietaria,Plantae,kingdom
Parietaria,Tracheophyta,phylum
Parietaria,Magnoliopsida,class
Parietaria,Rosales,order
Parietaria,Urticaceae,family
Parietaria,Parietaria,genus
Pinaceae undiff.,Plantae,kingdom
Pinaceae undiff.,Tracheophyta,phylum
Pinaceae undiff.,Pinopsida,class
Pinaceae undiff.,Pinales,order
Pinaceae undiff.,Pinaceae,family
Pinus subg. Strobus undiff.,Plantae,kingdom
Pinus subg. Strobus undiff.,Tracheophyta,phylum
Pinus subg. Strobus undiff.,Pinopsida,class
Pinus subg. Strobus undiff.,Pinales,order
Pinus subg. Strobus undiff.,Pinaceae,family
Pinus subg. Strobus undiff.,Pinus,genus
Ranunculaceae (tricolpate),Plantae,kingdom
Ranunculaceae (tricolpate),Tracheophyta,phylum
Ranunculaceae (tricolpate),Magnoliopsida,class
Ranunculaceae (tricolpate),Ranunculales,order
Ranunculaceae (tricolpate),Ranunculaceae,family
Tidestromia,Plantae,kingdom
Tidestromia,Tracheophyta,phylum
Tidestromia,Magnoliopsida,class
Tidestromia,Caryophyllales,order
Tidestromia,Amaranthaceae,family
Tidestromia,Tidestromia,genus
Viburnum lentago,Plantae,kingdom
Viburnum lentago,Tracheophyta,phylum
Viburnum lentago,Magnoliopsida,class
Viburnum lentago,Dipsacales,order
Viburnum lentago,Viburnaceae,family
Viburnum lentago,Viburnum,genus
Viburnum lentago,Viburnum lentago,species
Zea mays,Plantae,kingdom
Zea mays,Tracheophyta,phylum
Zea mays,Liliopsida,class
Zea mays,Poales,order
Zea mays,Poaceae,family
Zea mays,Zea,genus
Zea mays,Zea mays,species
Zigadenus,Plantae,kingdom
Zigadenus,Tracheophyta,phylum
Zigadenus,Liliopsida,class
Zigadenus,Liliales,order
Zigadenus,Melanthiaceae,family
Zigadenus,Zigadenus,genus
Calluna vulgaris,Plantae,kingdom
Calluna vulgaris,Tracheophyta,phylum
Calluna vulgaris,Magnoliopsida,class
Calluna vulgaris,Ericales,order
Calluna vulgaris,Ericaceae,family
Calluna vulgaris,Calluna,genus
Calluna vulgaris,Calluna vulgaris,species
Carpinus,Plantae,kingdom
Carpinus,Tracheophyta,phylum
Carpinus,Magnoliopsida,class
Carpinus,Fagales,order
Carpinus,Betulaceae,family
Carpinus,Carpinus,genus
Centaurea cyanus,Plantae,kingdom
Centaurea cyanus,Tracheophyta,phylum
Centaurea cyanus,Magnoliopsida,class
Centaurea cyanus,Asterales,order
Centaurea cyanus,Asteraceae,family
Centaurea cyanus,Centaurea,genus
Centaurea cyanus,Centaurea cyanus,species
Fagopyrum,Plantae,kingdom
Fagopyrum,Tracheophyta,phylum
Fagopyrum,Magnoliopsida,class
Fagopyrum,Caryophyllales,order
Fagopyrum,Polygonaceae,family
Fagopyrum,Fagopyrum,genus
Frangula alnus,Plantae,kingdom
Frangula alnus,Tracheophyta,phylum
Frangula alnus,Magnoliopsida,class
Frangula alnus,Rosales,order
Frangula alnus,Rhamnaceae,family
Frangula alnus,Frangula,genus
Frangula alnus,Frangula alnus,species
Hedera,Plantae,kingdom
Hedera,Tracheophyta,phylum
Hedera,Magnoliopsida,class
Hedera,Apiales,order
Hedera,Araliaceae,family
Hedera,Hedera,genus
Hedera,Animalia,kingdom
Hedera,Cnidaria,phylum
Hedera,Anthozoa,class
Hedera,Malacalcyonacea,order
Hedera,Alcyoniidae,family
Hedera,Hedera,genus
Plantago lanceolata,Plantae,kingdom
Plantago lanceolata,Tracheophyta,phylum
Plantago lanceolata,Magnoliopsida,class
Plantago lanceolata,Lamiales,order
Plantago lanceolata,Plantaginaceae,family
Plantago lanceolata,Plantago,genus
Plantago lanceolata,Plantago lanceolata,species
Plantago media,Plantae,kingdom
Plantago media,Tracheophyta,phylum
Plantago media,Magnoliopsida,class
Plantago media,Lamiales,order
Plantago media,Plantaginaceae,family
Plantago media,Plantago,genus
Plantago media,Plantago media,species
Viscum,Plantae,kingdom
Viscum,Tracheophyta,phylum
Viscum,Magnoliopsida,class
Viscum,Santalales,order
Viscum,Viscaceae,family
Viscum,Viscum,genus
Calluna,Plantae,kingdom
Calluna,Tracheophyta,phylum
Calluna,Magnoliopsida,class
Calluna,Ericales,order
Calluna,Ericaceae,family
Calluna,Calluna,genus
Campanula,Plantae,kingdom
Campanula,Tracheophyta,phylum
Campanula,Magnoliopsida,class
Campanula,Asterales,order
Campanula,Campanulaceae,family
Campanula,Campanula,genus
Circaea,Plantae,kingdom
Circaea,Tracheophyta,phylum
Circaea,Magnoliopsida,class
Circaea,Myrtales,order
Circaea,Onagraceae,family
Circaea,Circaea,genus
Crataegus,Plantae,kingdom
Crataegus,Tracheophyta,phylum
Crataegus,Magnoliopsida,class
Crataegus,Rosales,order
Crataegus,Rosaceae,family
Crataegus,Crataegus,genus
Filipendula,Plantae,kingdom
Filipendula,Tracheophyta,phylum
Filipendula,Magnoliopsida,class
Filipendula,Rosales,order
Filipendula,Rosaceae,family
Filipendula,Filipendula,genus
Helianthemum,Plantae,kingdom
Helianthemum,Tracheophyta,phylum
Helianthemum,Magnoliopsida,class
Helianthemum,Malvales,order
Helianthemum,Cistaceae,family
Helianthemum,Helianthemum,genus
Lactuca,Plantae,kingdom
Lactuca,Tracheophyta,phylum
Lactuca,Magnoliopsida,class
Lactuca,Asterales,order
Lactuca,Asteraceae,family
Lactuca,Lactuca,genus
Lythrum salicaria,Plantae,kingdom
Lythrum salicaria,Tracheophyta,phylum
Lythrum salicaria,Magnoliopsida,class
Lythrum salicaria,Myrtales,order
Lythrum salicaria,Lythraceae,family
Lythrum salicaria,Lythrum,genus
Lythrum salicaria,Lythrum salicaria,species
Melampyrum,Plantae,kingdom
Melampyrum,Tracheophyta,phylum
Melampyrum,Magnoliopsida,class
Melampyrum,Lamiales,order
Melampyrum,Orobanchaceae,family
Melampyrum,Melampyrum,genus
Narthecium,Plantae,kingdom
Narthecium,Tracheophyta,phylum
Narthecium,Liliopsida,class
Narthecium,Dioscoreales,order
Narthecium,Nartheciaceae,family
Narthecium,Narthecium,genus
Plantago undiff.,Plantae,kingdom
Plantago undiff.,Tracheophyta,phylum
Plantago undiff.,Magnoliopsida,class
Plantago undiff.,Lamiales,order
Plantago undiff.,Plantaginaceae,family
Plantago undiff.,Plantago,genus
Polygala,Plantae,kingdom
Polygala,Tracheophyta,phylum
Polygala,Magnoliopsida,class
Polygala,Fabales,order
Polygala,Polygalaceae,family
Polygala,Polygala,genus
Pulmonaria obscura-type,Plantae,kingdom
Pulmonaria obscura-type,Tracheophyta,phylum
Pulmonaria obscura-type,Magnoliopsida,class
Pulmonaria obscura-type,Boraginales,order
Pulmonaria obscura-type,Boraginaceae,family
Pulmonaria obscura-type,Pulmonaria,genus
Rhinanthus,Plantae,kingdom
Rhinanthus,Tracheophyta,phylum
Rhinanthus,Magnoliopsida,class
Rhinanthus,Lamiales,order
Rhinanthus,Orobanchaceae,family
Rhinanthus,Rhinanthus,genus
Rumex acetosa,Plantae,kingdom
Rumex acetosa,Tracheophyta,phylum
Rumex acetosa,Magnoliopsida,class
Rumex acetosa,Caryophyllales,order
Rumex acetosa,Polygonaceae,family
Rumex acetosa,Rumex,genus
Rumex acetosa,Rumex acetosa,species
Rumex acetosella,Plantae,kingdom
Rumex acetosella,Tracheophyta,phylum
Rumex acetosella,Magnoliopsida,class
Rumex acetosella,Caryophyllales,order
Rumex acetosella,Polygonaceae,family
Rumex acetosella,Rumex,genus
Rumex acetosella,Rumex acetosella,species
Rumex obtusifolius,Plantae,kingdom
Rumex obtusifolius,Tracheophyta,phylum
Rumex obtusifolius,Magnoliopsida,class
Rumex obtusifolius,Caryophyllales,order
Rumex obtusifolius,Polygonaceae,family
Rumex obtusifolius,Rumex,genus
Rumex obtusifolius,Rumex obtusifolius,species
Rumex undiff.,Plantae,kingdom
Rumex undiff.,Tracheophyta,phylum
Rumex undiff.,Magnoliopsida,class
Rumex undiff.,Caryophyllales,order
Rumex undiff.,Polygonaceae,family
Rumex undiff.,Rumex,genus
Scabiosa,Plantae,kingdom
Scabiosa,Tracheophyta,phylum
Scabiosa,Magnoliopsida,class
Scabiosa,Dipsacales,order
Scabiosa,Caprifoliaceae,family
Scabiosa,Scabiosa,genus
Sorbus,Plantae,kingdom
Sorbus,Tracheophyta,phylum
Sorbus,Magnoliopsida,class
Sorbus,Rosales,order
Sorbus,Rosaceae,family
Sorbus,Sorbus,genus
Succisa,Plantae,kingdom
Succisa,Tracheophyta,phylum
Succisa,Magnoliopsida,class
Succisa,Dipsacales,order
Succisa,Caprifoliaceae,family
Succisa,Succisa,genus
Ulex,Plantae,kingdom
Ulex,Tracheophyta,phylum
Ulex,Magnoliopsida,class
Ulex,Fabales,order
Ulex,Fabaceae,family
Ulex,Ulex,genus
Armeria,Plantae,kingdom
Armeria,Tracheophyta,phylum
Armeria,Magnoliopsida,class
Armeria,Caryophyllales,order
Armeria,Plumbaginaceae,family
Armeria,Armeria,genus
Centaurea,Plantae,kingdom
Centaurea,Tracheophyta,phylum
Centaurea,Magnoliopsida,class
Centaurea,Asterales,order
Centaurea,Asteraceae,family
Centaurea,Centaurea,genus
Chenopodiaceae sensu stricto,Plantae,kingdom
Chenopodiaceae sensu stricto,Tracheophyta,phylum
Chenopodiaceae sensu stricto,Magnoliopsida,class
Chenopodiaceae sensu stricto,Caryophyllales,order
Chenopodiaceae sensu stricto,Amaranthaceae,family
Faboideae,Plantae,kingdom
Faboideae,Tracheophyta,phylum
Faboideae,Magnoliopsida,class
Faboideae,Fabales,order
Faboideae,Fabaceae,family
Faboideae,Faboidea,genus
Gentianella,Plantae,kingdom
Gentianella,Tracheophyta,phylum
Gentianella,Magnoliopsida,class
Gentianella,Gentianales,order
Gentianella,Gentianaceae,family
Gentianella,Gentianella,genus
Geraniaceae,Plantae,kingdom
Geraniaceae,Tracheophyta,phylum
Geraniaceae,Magnoliopsida,class
Geraniaceae,Geraniales,order
Geraniaceae,Geraniaceae,family
Hypericum,Plantae,kingdom
Hypericum,Tracheophyta,phylum
Hypericum,Magnoliopsida,class
Hypericum,Malpighiales,order
Hypericum,Hypericaceae,family
Hypericum,Hypericum,genus
Plantago maritima,Plantae,kingdom
Plantago maritima,Tracheophyta,phylum
Plantago maritima,Magnoliopsida,class
Plantago maritima,Lamiales,order
Plantago maritima,Plantaginaceae,family
Plantago maritima,Plantago,genus
Plantago maritima,Plantago maritima,species
Prunella,Animalia,kingdom
Prunella,Chordata,phylum
Prunella,Aves,class
Prunella,Passeriformes,order
Prunella,Prunellidae,family
Prunella,Prunella,genus
Prunella,Plantae,kingdom
Prunella,Tracheophyta,phylum
Prunella,Magnoliopsida,class
Prunella,Lamiales,order
Prunella,Lamiaceae,family
Prunella,Prunella,genus
Pterocarya,Plantae,kingdom
Pterocarya,Tracheophyta,phylum
Pterocarya,Magnoliopsida,class
Pterocarya,Fagales,order
Pterocarya,Juglandaceae,family
Pterocarya,Pterocarya,genus
Trifolium,Plantae,kingdom
Trifolium,Tracheophyta,phylum
Trifolium,Magnoliopsida,class
Trifolium,Fabales,order
Trifolium,Fabaceae,family
Trifolium,Trifolium,genus
Trifolium,Animalia,kingdom
Trifolium,Platyhelminthes,phylum
Trifolium,Trematoda,class
Trifolium,Plagiorchiida,order
Trifolium,Psilostomidae,family
Trifolium,Trifolium,genus
Verbenaceae,Plantae,kingdom
Verbenaceae,Tracheophyta,phylum
Verbenaceae,Magnoliopsida,class
Verbenaceae,Lamiales,order
Verbenaceae,Verbenaceae,family
Betula nana-type,Plantae,kingdom
Betula nana-type,Tracheophyta,phylum
Betula nana-type,Magnoliopsida,class
Betula nana-type,Fagales,order
Betula nana-type,Betulaceae,family
Betula nana-type,Betula,genus
Ericales undiff.,Plantae,kingdom
Ericales undiff.,Tracheophyta,phylum
Ericales undiff.,Magnoliopsida,class
Ericales undiff.,Ericales,order
Plantago major/P. media,Plantae,kingdom
Plantago major/P. media,Tracheophyta,phylum
Plantago major/P. media,Magnoliopsida,class
Plantago major/P. media,Lamiales,order
Plantago major/P. media,Plantaginaceae,family
Plantago major/P. media,Plantago,genus
Rumex subg. Acetosa,Plantae,kingdom
Rumex subg. Acetosa,Tracheophyta,phylum
Rumex subg. Acetosa,Magnoliopsida,class
Rumex subg. Acetosa,Caryophyllales,order
Rumex subg. Acetosa,Polygonaceae,family
Rumex subg. Acetosa,Rumex,genus
Abies alba,Plantae,kingdom
Abies alba,Tracheophyta,phylum
Abies alba,Pinopsida,class
Abies alba,Pinales,order
Abies alba,Pinaceae,family
Abies alba,Abies,genus
Abies alba,Abies alba,species
Bistorta officinalis-type,Plantae,kingdom
Bistorta officinalis-type,Tracheophyta,phylum
Bistorta officinalis-type,Magnoliopsida,class
Bistorta officinalis-type,Caryophyllales,order
Bistorta officinalis-type,Polygonaceae,family
Bistorta officinalis-type,Bistorta,genus
Cardamine pratensis-type,Plantae,kingdom
Cardamine pratensis-type,Tracheophyta,phylum
Cardamine pratensis-type,Magnoliopsida,class
Cardamine pratensis-type,Brassicales,order
Cardamine pratensis-type,Brassicaceae,family
Cardamine pratensis-type,Cardamine,genus
Carpinus betulus,Plantae,kingdom
Carpinus betulus,Tracheophyta,phylum
Carpinus betulus,Magnoliopsida,class
Carpinus betulus,Fagales,order
Carpinus betulus,Betulaceae,family
Carpinus betulus,Carpinus,genus
Carpinus betulus,Carpinus betulus,species
Centaurea scabiosa,Plantae,kingdom
Centaurea scabiosa,Tracheophyta,phylum
Centaurea scabiosa,Magnoliopsida,class
Centaurea scabiosa,Asterales,order
Centaurea scabiosa,Asteraceae,family
Centaurea scabiosa,Centaurea,genus
Centaurea scabiosa,Centaurea scabiosa,species
Chamaenerion angustifolium,Plantae,kingdom
Chamaenerion angustifolium,Tracheophyta,phylum
Chamaenerion angustifolium,Magnoliopsida,class
Chamaenerion angustifolium,Myrtales,order
Chamaenerion angustifolium,Onagraceae,family
Chamaenerion angustifolium,Chamaenerion,genus
Chamaenerion angustifolium,Chamaenerion angustifolium,species
Chrysosplenium,Plantae,kingdom
Chrysosplenium,Tracheophyta,phylum
Chrysosplenium,Magnoliopsida,class
Chrysosplenium,Saxifragales,order
Chrysosplenium,Saxifragaceae,family
Chrysosplenium,Chrysosplenium,genus
Corylus avellana,Plantae,kingdom
Corylus avellana,Tracheophyta,phylum
Corylus avellana,Magnoliopsida,class
Corylus avellana,Fagales,order
Corylus avellana,Betulaceae,family
Corylus avellana,Corylus,genus
Corylus avellana,Corylus avellana,species
Echium,Plantae,kingdom
Echium,Tracheophyta,phylum
Echium,Magnoliopsida,class
Echium,Boraginales,order
Echium,Boraginaceae,family
Echium,Echium,genus
Ephedra foeminea-type,Plantae,kingdom
Ephedra foeminea-type,Tracheophyta,phylum
Ephedra foeminea-type,Gnetopsida,class
Ephedra foeminea-type,Ephedrales,order
Ephedra foeminea-type,Ephedraceae,family
Ephedra foeminea-type,Ephedra,genus
Euonymus,Plantae,kingdom
Euonymus,Tracheophyta,phylum
Euonymus,Magnoliopsida,class
Euonymus,Celastrales,order
Euonymus,Celastraceae,family
Euonymus,Euonymus,genus
Fagus sylvatica,Plantae,kingdom
Fagus sylvatica,Tracheophyta,phylum
Fagus sylvatica,Magnoliopsida,class
Fagus sylvatica,Fagales,order
Fagus sylvatica,Fagaceae,family
Fagus sylvatica,Fagus,genus
Fagus sylvatica,Fagus sylvatica,species
Larix decidua,Plantae,kingdom
Larix decidua,Tracheophyta,phylum
Larix decidua,Pinopsida,class
Larix decidua,Pinales,order
Larix decidua,Pinaceae,family
Larix decidua,Larix,genus
Larix decidua,Larix decidua,species
Lysimachia vulgaris-type,Plantae,kingdom
Lysimachia vulgaris-type,Tracheophyta,phylum
Lysimachia vulgaris-type,Magnoliopsida,class
Lysimachia vulgaris-type,Ericales,order
Lysimachia vulgaris-type,Primulaceae,family
Lysimachia vulgaris-type,Lysimachia,genus
Parnassia palustris,Plantae,kingdom
Parnassia palustris,Tracheophyta,phylum
Parnassia palustris,Magnoliopsida,class
Parnassia palustris,Celastrales,order
Parnassia palustris,Parnassiaceae,family
Parnassia palustris,Parnassia,genus
Parnassia palustris,Parnassia palustris,species
Persicaria maculosa-type,Plantae,kingdom
Persicaria maculosa-type,Tracheophyta,phylum
Persicaria maculosa-type,Magnoliopsida,class
Persicaria maculosa-type,Caryophyllales,order
Persicaria maculosa-type,Polygonaceae,family
Persicaria maculosa-type,Persicaria,genus
Picea abies,Plantae,kingdom
Picea abies,Tracheophyta,phylum
Picea abies,Pinopsida,class
Picea abies,Pinales,order
Picea abies,Pinaceae,family
Picea abies,Picea,genus
Picea abies,Picea abies,species
Pleurospermum,Plantae,kingdom
Pleurospermum,Tracheophyta,phylum
Pleurospermum,Magnoliopsida,class
Pleurospermum,Apiales,order
Pleurospermum,Apiaceae,family
Pleurospermum,Pleurospermum,genus
Poaceae (Cerealia) undiff.,Animalia,kingdom
Poaceae (Cerealia) undiff.,Mollusca,phylum
Poaceae (Cerealia) undiff.,Cerealis,genus
Polygonum aviculare,Plantae,kingdom
Polygonum aviculare,Tracheophyta,phylum
Polygonum aviculare,Magnoliopsida,class
Polygonum aviculare,Caryophyllales,order
Polygonum aviculare,Polygonaceae,family
Polygonum aviculare,Polygonum,genus
Polygonum aviculare,Polygonum aviculare,species
Ranunculus arvensis-type,Plantae,kingdom
Ranunculus arvensis-type,Tracheophyta,phylum
Ranunculus arvensis-type,Magnoliopsida,class
Ranunculus arvensis-type,Ranunculales,order
Ranunculus arvensis-type,Ranunculaceae,family
Ranunculus arvensis-type,Ranunculus,genus
Rumex acetosa-type,Plantae,kingdom
Rumex acetosa-type,Tracheophyta,phylum
Rumex acetosa-type,Magnoliopsida,class
Rumex acetosa-type,Caryophyllales,order
Rumex acetosa-type,Polygonaceae,family
Rumex acetosa-type,Rumex,genus
Sambucus nigra-type,Plantae,kingdom
Sambucus nigra-type,Tracheophyta,phylum
Sambucus nigra-type,Magnoliopsida,class
Sambucus nigra-type,Dipsacales,order
Sambucus nigra-type,Viburnaceae,family
Sambucus nigra-type,Sambucus,genus
Sanguisorba officinalis,Plantae,kingdom
Sanguisorba officinalis,Tracheophyta,phylum
Sanguisorba officinalis,Magnoliopsida,class
Sanguisorba officinalis,Rosales,order
Sanguisorba officinalis,Rosaceae,family
Sanguisorba officinalis,Sanguisorba,genus
Sanguisorba officinalis,Sanguisorba officinalis,species
Trifolium pratense-type,Plantae,kingdom
Trifolium pratense-type,Tracheophyta,phylum
Trifolium pratense-type,Magnoliopsida,class
Trifolium pratense-type,Fabales,order
Trifolium pratense-type,Fabaceae,family
Trifolium pratense-type,Trifolium,genus
Trifolium pratense-type,Animalia,kingdom
Trifolium pratense-type,Platyhelminthes,phylum
Trifolium pratense-type,Trematoda,class
Trifolium pratense-type,Plagiorchiida,order
Trifolium pratense-type,Psilostomidae,family
Trifolium pratense-type,Trifolium,genus
Viburnum undiff.,Plantae,kingdom
Viburnum undiff.,Tracheophyta,phylum
Viburnum undiff.,Magnoliopsida,class
Viburnum undiff.,Dipsacales,order
Viburnum undiff.,Viburnaceae,family
Viburnum undiff.,Viburnum,genus
Betula nana,Plantae,kingdom
Betula nana,Tracheophyta,phylum
Betula nana,Magnoliopsida,class
Betula nana,Fagales,order
Betula nana,Betulaceae,family
Betula nana,Betula,genus
Betula nana,Betula nana,species
Dryas octopetala,Plantae,kingdom
Dryas octopetala,Tracheophyta,phylum
Dryas octopetala,Magnoliopsida,class
Dryas octopetala,Rosales,order
Dryas octopetala,Rosaceae,family
Dryas octopetala,Dryas,genus
Dryas octopetala,Dryas octopetala,species
Hippophaë,Plantae,kingdom
Hippophaë,Tracheophyta,phylum
Hippophaë,Magnoliopsida,class
Hippophaë,Rosales,order
Hippophaë,Elaeagnaceae,family
Hippophaë,Hippophae,genus
Mercurialis,Plantae,kingdom
Mercurialis,Tracheophyta,phylum
Mercurialis,Magnoliopsida,class
Mercurialis,Malpighiales,order
Mercurialis,Euphorbiaceae,family
Mercurialis,Mercurialis,genus
Portulaca,Plantae,kingdom
Portulaca,Tracheophyta,phylum
Portulaca,Magnoliopsida,class
Portulaca,Caryophyllales,order
Portulaca,Portulacaceae,family
Portulaca,Portulaca,genus
Secale,Plantae,kingdom
Secale,Tracheophyta,phylum
Secale,Liliopsida,class
Secale,Poales,order
Secale,Poaceae,family
Secale,Secale,genus
Triticum,Plantae,kingdom
Triticum,Tracheophyta,phylum
Triticum,Liliopsida,class
Triticum,Poales,order
Triticum,Poaceae,family
Triticum,Triticum,genus
Acer platanoides,Plantae,kingdom
Acer platanoides,Tracheophyta,phylum
Acer platanoides,Magnoliopsida,class
Acer platanoides,Sapindales,order
Acer platanoides,Sapindaceae,family
Acer platanoides,Acer,genus
Acer platanoides,Acer platanoides,species
Alnus glutinosa,Plantae,kingdom
Alnus glutinosa,Tracheophyta,phylum
Alnus glutinosa,Magnoliopsida,class
Alnus glutinosa,Fagales,order
Alnus glutinosa,Betulaceae,family
Alnus glutinosa,Alnus,genus
Alnus glutinosa,Alnus glutinosa,species
Caryophyllaceae undiff.,Plantae,kingdom
Caryophyllaceae undiff.,Tracheophyta,phylum
Caryophyllaceae undiff.,Magnoliopsida,class
Caryophyllaceae undiff.,Caryophyllales,order
Caryophyllaceae undiff.,Caryophyllaceae,family
Convolvulaceae,Plantae,kingdom
Convolvulaceae,Tracheophyta,phylum
Convolvulaceae,Magnoliopsida,class
Convolvulaceae,Solanales,order
Convolvulaceae,Convolvulaceae,family
Echinops,Animalia,kingdom
Echinops,Chordata,phylum
Echinops,Mammalia,class
Echinops,Afrosoricida,order
Echinops,Tenrecidae,family
Echinops,Echinops,genus
Echinops,Plantae,kingdom
Echinops,Tracheophyta,phylum
Echinops,Magnoliopsida,class
Echinops,Asterales,order
Echinops,Asteraceae,family
Echinops,Echinops,genus
Fagopyrum esculentum,Plantae,kingdom
Fagopyrum esculentum,Tracheophyta,phylum
Fagopyrum esculentum,Magnoliopsida,class
Fagopyrum esculentum,Caryophyllales,order
Fagopyrum esculentum,Polygonaceae,family
Fagopyrum esculentum,Fagopyrum,genus
Fagopyrum esculentum,Fagopyrum esculentum,species
Fagopyrum tataricum,Plantae,kingdom
Fagopyrum tataricum,Tracheophyta,phylum
Fagopyrum tataricum,Magnoliopsida,class
Fagopyrum tataricum,Caryophyllales,order
Fagopyrum tataricum,Polygonaceae,family
Fagopyrum tataricum,Fagopyrum,genus
Fagopyrum tataricum,Fagopyrum tataricum,species
Fagopyrum undiff.,Plantae,kingdom
Fagopyrum undiff.,Tracheophyta,phylum
Fagopyrum undiff.,Magnoliopsida,class
Fagopyrum undiff.,Caryophyllales,order
Fagopyrum undiff.,Polygonaceae,family
Fagopyrum undiff.,Fagopyrum,genus
Hippophaë rhamnoides,Plantae,kingdom
Hippophaë rhamnoides,Tracheophyta,phylum
Hippophaë rhamnoides,Magnoliopsida,class
Hippophaë rhamnoides,Rosales,order
Hippophaë rhamnoides,Elaeagnaceae,family
Hippophaë rhamnoides,Hippophae,genus
Hippophaë rhamnoides,Hippophae rhamnoides,species
Knautia arvensis,Plantae,kingdom
Knautia arvensis,Tracheophyta,phylum
Knautia arvensis,Magnoliopsida,class
Knautia arvensis,Dipsacales,order
Knautia arvensis,Caprifoliaceae,family
Knautia arvensis,Knautia,genus
Knautia arvensis,Knautia arvensis,species
Pinus sylvestris,Plantae,kingdom
Pinus sylvestris,Tracheophyta,phylum
Pinus sylvestris,Pinopsida,class
Pinus sylvestris,Pinales,order
Pinus sylvestris,Pinaceae,family
Pinus sylvestris,Pinus,genus
Pinus sylvestris,Pinus sylvestris,species
Plumbaginaceae,Plantae,kingdom
Plumbaginaceae,Tracheophyta,phylum
Plumbaginaceae,Magnoliopsida,class
Plumbaginaceae,Caryophyllales,order
Plumbaginaceae,Plumbaginaceae,family
Thalictrum aquilegiifolium,Plantae,kingdom
Thalictrum aquilegiifolium,Tracheophyta,phylum
Thalictrum aquilegiifolium,Magnoliopsida,class
Thalictrum aquilegiifolium,Ranunculales,order
Thalictrum aquilegiifolium,Ranunculaceae,family
Thalictrum aquilegiifolium,Thalictrum,genus
Thalictrum aquilegiifolium,Thalictrum aquilegiifolium,species
Thalictrum lucidum,Plantae,kingdom
Thalictrum lucidum,Tracheophyta,phylum
Thalictrum lucidum,Magnoliopsida,class
Thalictrum lucidum,Ranunculales,order
Thalictrum lucidum,Ranunculaceae,family
Thalictrum lucidum,Thalictrum,genus
Thalictrum lucidum,Thalictrum lucidum,species
Thalictrum undiff.,Plantae,kingdom
Thalictrum undiff.,Tracheophyta,phylum
Thalictrum undiff.,Magnoliopsida,class
Thalictrum undiff.,Ranunculales,order
Thalictrum undiff.,Ranunculaceae,family
Thalictrum undiff.,Thalictrum,genus
Ulmus glabra,Plantae,kingdom
Ulmus glabra,Tracheophyta,phylum
Ulmus glabra,Magnoliopsida,class
Ulmus glabra,Rosales,order
Ulmus glabra,Ulmaceae,family
Ulmus glabra,Ulmus,genus
Ulmus glabra,Ulmus glabra,species
Ulmus laevis,Plantae,kingdom
Ulmus laevis,Tracheophyta,phylum
Ulmus laevis,Magnoliopsida,class
Ulmus laevis,Rosales,order
Ulmus laevis,Ulmaceae,family
Ulmus laevis,Ulmus,genus
Ulmus laevis,Ulmus laevis,species
Ulmus minor,Plantae,kingdom
Ulmus minor,Tracheophyta,phylum
Ulmus minor,Magnoliopsida,class
Ulmus minor,Rosales,order
Ulmus minor,Ulmaceae,family
Ulmus minor,Ulmus,genus
Ulmus minor,Ulmus minor,species
Vitis vinifera,Plantae,kingdom
Vitis vinifera,Tracheophyta,phylum
Vitis vinifera,Magnoliopsida,class
Vitis vinifera,Vitales,order
Vitis vinifera,Vitaceae,family
Vitis vinifera,Vitis,genus
Vitis vinifera,Vitis vinifera,species
Anemone,Plantae,kingdom
Anemone,Tracheophyta,phylum
Anemone,Magnoliopsida,class
Anemone,Ranunculales,order
Anemone,Ranunculaceae,family
Anemone,Anemone,genus
Arctium,Plantae,kingdom
Arctium,Tracheophyta,phylum
Arctium,Magnoliopsida,class
Arctium,Asterales,order
Arctium,Asteraceae,family
Arctium,Arctium,genus
Hypericaceae,Plantae,kingdom
Hypericaceae,Tracheophyta,phylum
Hypericaceae,Magnoliopsida,class
Hypericaceae,Malpighiales,order
Hypericaceae,Hypericaceae,family
Matricaria,Plantae,kingdom
Matricaria,Tracheophyta,phylum
Matricaria,Magnoliopsida,class
Matricaria,Asterales,order
Matricaria,Asteraceae,family
Matricaria,Matricaria,genus
Tilia platyphyllos,Plantae,kingdom
Tilia platyphyllos,Tracheophyta,phylum
Tilia platyphyllos,Magnoliopsida,class
Tilia platyphyllos,Malvales,order
Tilia platyphyllos,Malvaceae,family
Tilia platyphyllos,Tilia,genus
Tilia platyphyllos,Tilia platyphyllos,species
Koenigia,Plantae,kingdom
Koenigia,Tracheophyta,phylum
Koenigia,Magnoliopsida,class
Koenigia,Caryophyllales,order
Koenigia,Polygonaceae,family
Koenigia,Koenigia,genus
Medicago,Plantae,kingdom
Medicago,Tracheophyta,phylum
Medicago,Magnoliopsida,class
Medicago,Fabales,order
Medicago,Fabaceae,family
Medicago,Medicago,genus
Tilia cordata,Plantae,kingdom
Tilia cordata,Tracheophyta,phylum
Tilia cordata,Magnoliopsida,class
Tilia cordata,Malvales,order
Tilia cordata,Malvaceae,family
Tilia cordata,Tilia,genus
Tilia cordata,Tilia cordata,species
Arbutus unedo,Plantae,kingdom
Arbutus unedo,Tracheophyta,phylum
Arbutus unedo,Magnoliopsida,class
Arbutus unedo,Ericales,order
Arbutus unedo,Ericaceae,family
Arbutus unedo,Arbutus,genus
Arbutus unedo,Arbutus unedo,species
Armeria maritima (type A),Plantae,kingdom
Armeria maritima (type A),Tracheophyta,phylum
Armeria maritima (type A),Magnoliopsida,class
Armeria maritima (type A),Caryophyllales,order
Armeria maritima (type A),Plumbaginaceae,family
Armeria maritima (type A),Armeria,genus
Armeria maritima (type A),Armeria maritima,species
Empetrum nigrum,Plantae,kingdom
Empetrum nigrum,Tracheophyta,phylum
Empetrum nigrum,Magnoliopsida,class
Empetrum nigrum,Ericales,order
Empetrum nigrum,Ericaceae,family
Empetrum nigrum,Empetrum,genus
Empetrum nigrum,Empetrum nigrum,species
Erica tetralix,Plantae,kingdom
Erica tetralix,Tracheophyta,phylum
Erica tetralix,Magnoliopsida,class
Erica tetralix,Ericales,order
Erica tetralix,Ericaceae,family
Erica tetralix,Erica,genus
Erica tetralix,Erica tetralix,species
Fraxinus excelsior,Plantae,kingdom
Fraxinus excelsior,Tracheophyta,phylum
Fraxinus excelsior,Magnoliopsida,class
Fraxinus excelsior,Lamiales,order
Fraxinus excelsior,Oleaceae,family
Fraxinus excelsior,Fraxinus,genus
Fraxinus excelsior,Fraxinus excelsior,species
Hedera helix,Plantae,kingdom
Hedera helix,Tracheophyta,phylum
Hedera helix,Magnoliopsida,class
Hedera helix,Apiales,order
Hedera helix,Araliaceae,family
Hedera helix,Hedera,genus
Hedera helix,Hedera helix,species
Ilex aquifolium,Plantae,kingdom
Ilex aquifolium,Tracheophyta,phylum
Ilex aquifolium,Magnoliopsida,class
Ilex aquifolium,Aquifoliales,order
Ilex aquifolium,Aquifoliaceae,family
Ilex aquifolium,Ilex,genus
Ilex aquifolium,Ilex aquifolium,species
Juglans regia,Plantae,kingdom
Juglans regia,Tracheophyta,phylum
Juglans regia,Magnoliopsida,class
Juglans regia,Fagales,order
Juglans regia,Juglandaceae,family
Juglans regia,Juglans,genus
Juglans regia,Juglans regia,species
Lonicera periclymenum,Plantae,kingdom
Lonicera periclymenum,Tracheophyta,phylum
Lonicera periclymenum,Magnoliopsida,class
Lonicera periclymenum,Dipsacales,order
Lonicera periclymenum,Caprifoliaceae,family
Lonicera periclymenum,Lonicera,genus
Lonicera periclymenum,Lonicera periclymenum,species
Narthecium ossifragum,Plantae,kingdom
Narthecium ossifragum,Tracheophyta,phylum
Narthecium ossifragum,Liliopsida,class
Narthecium ossifragum,Dioscoreales,order
Narthecium ossifragum,Nartheciaceae,family
Narthecium ossifragum,Narthecium,genus
Narthecium ossifragum,Narthecium ossifragum,species
Plantago coronopus,Plantae,kingdom
Plantago coronopus,Tracheophyta,phylum
Plantago coronopus,Magnoliopsida,class
Plantago coronopus,Lamiales,order
Plantago coronopus,Plantaginaceae,family
Plantago coronopus,Plantago,genus
Plantago coronopus,Plantago coronopus,species
Plantago lanceolata-type,Plantae,kingdom
Plantago lanceolata-type,Tracheophyta,phylum
Plantago lanceolata-type,Magnoliopsida,class
Plantago lanceolata-type,Lamiales,order
Plantago lanceolata-type,Plantaginaceae,family
Plantago lanceolata-type,Plantago,genus
Plantago uniflora,Plantae,kingdom
Plantago uniflora,Plantae,kingdom
Plantago uniflora,Plantae,kingdom
Plantago uniflora,Tracheophyta,phylum
Plantago uniflora,Tracheophyta,phylum
Plantago uniflora,Tracheophyta,phylum
Plantago uniflora,Magnoliopsida,class
Plantago uniflora,Magnoliopsida,class
Plantago uniflora,Magnoliopsida,class
Plantago uniflora,Lamiales,order
Plantago uniflora,Lamiales,order
Plantago uniflora,Lamiales,order
Plantago uniflora,Plantaginaceae,family
Plantago uniflora,Plantaginaceae,family
Plantago uniflora,Plantaginaceae,family
Plantago uniflora,Plantago,genus
Plantago uniflora,Plantago,genus
Plantago uniflora,Plantago,genus
Plantago uniflora,Plantago uniglumis,species
Plantago uniflora,Plantago uniglumis,species
Plantago uniflora,Plantago uniglumis,species
Plantago uniflora,Plantae,kingdom
Plantago uniflora,Plantae,kingdom
Plantago uniflora,Plantae,kingdom
Plantago uniflora,Tracheophyta,phylum
Plantago uniflora,Tracheophyta,phylum
Plantago uniflora,Tracheophyta,phylum
Plantago uniflora,Magnoliopsida,class
Plantago uniflora,Magnoliopsida,class
Plantago uniflora,Magnoliopsida,class
Plantago uniflora,Lamiales,order
Plantago uniflora,Lamiales,order
Plantago uniflora,Lamiales,order
Plantago uniflora,Plantaginaceae,family
Plantago uniflora,Plantaginaceae,family
Plantago uniflora,Plantaginaceae,family
Plantago uniflora,Plantago,genus
Plantago uniflora,Plantago,genus
Plantago uniflora,Plantago,genus
Plantago uniflora,Plantago unibracteata,species
Plantago uniflora,Plantago unibracteata,species
Plantago uniflora,Plantago unibracteata,species
Plantago uniflora,Plantae,kingdom
Plantago uniflora,Plantae,kingdom
Plantago uniflora,Plantae,kingdom
Plantago uniflora,Tracheophyta,phylum
Plantago uniflora,Tracheophyta,phylum
Plantago uniflora,Tracheophyta,phylum
Plantago uniflora,Magnoliopsida,class
Plantago uniflora,Magnoliopsida,class
Plantago uniflora,Magnoliopsida,class
Plantago uniflora,Lamiales,order
Plantago uniflora,Lamiales,order
Plantago uniflora,Lamiales,order
Plantago uniflora,Plantaginaceae,family
Plantago uniflora,Plantaginaceae,family
Plantago uniflora,Plantaginaceae,family
Plantago uniflora,Littorella,genus
Plantago uniflora,Littorella,genus
Plantago uniflora,Littorella,genus
Plantago uniflora,Littorella uniflora,species
Plantago uniflora,Littorella uniflora,species
Plantago uniflora,Littorella uniflora,species
Potentilla undiff.,Plantae,kingdom
Potentilla undiff.,Tracheophyta,phylum
Potentilla undiff.,Magnoliopsida,class
Potentilla undiff.,Rosales,order
Potentilla undiff.,Rosaceae,family
Potentilla undiff.,Potentilla,genus
Saxifraga,Plantae,kingdom
Saxifraga,Tracheophyta,phylum
Saxifraga,Magnoliopsida,class
Saxifraga,Saxifragales,order
Saxifraga,Saxifragaceae,family
Saxifraga,Saxifraga,genus
Sedum,Plantae,kingdom
Sedum,Tracheophyta,phylum
Sedum,Magnoliopsida,class
Sedum,Saxifragales,order
Sedum,Crassulaceae,family
Sedum,Sedum,genus
Taxus baccata,Plantae,kingdom
Taxus baccata,Tracheophyta,phylum
Taxus baccata,Pinopsida,class
Taxus baccata,Pinales,order
Taxus baccata,Taxaceae,family
Taxus baccata,Taxus,genus
Taxus baccata,Taxus baccata,species
Teucrium,Plantae,kingdom
Teucrium,Tracheophyta,phylum
Teucrium,Magnoliopsida,class
Teucrium,Lamiales,order
Teucrium,Lamiaceae,family
Teucrium,Teucrium,genus
Urtica dioica,Plantae,kingdom
Urtica dioica,Tracheophyta,phylum
Urtica dioica,Magnoliopsida,class
Urtica dioica,Rosales,order
Urtica dioica,Urticaceae,family
Urtica dioica,Urtica,genus
Urtica dioica,Urtica dioica,species
Vaccinium,Plantae,kingdom
Vaccinium,Tracheophyta,phylum
Vaccinium,Magnoliopsida,class
Vaccinium,Ericales,order
Vaccinium,Ericaceae,family
Vaccinium,Vaccinium,genus
Vicia,Plantae,kingdom
Vicia,Tracheophyta,phylum
Vicia,Magnoliopsida,class
Vicia,Fabales,order
Vicia,Fabaceae,family
Vicia,Vicia,genus
Ranunculus lingua,Plantae,kingdom
Ranunculus lingua,Tracheophyta,phylum
Ranunculus lingua,Magnoliopsida,class
Ranunculus lingua,Ranunculales,order
Ranunculus lingua,Ranunculaceae,family
Ranunculus lingua,Ranunculus,genus
Ranunculus lingua,Ranunculus lingua,species
Buxus,Plantae,kingdom
Buxus,Tracheophyta,phylum
Buxus,Magnoliopsida,class
Buxus,Buxales,order
Buxus,Buxaceae,family
Buxus,Buxus,genus
Cannabis,Plantae,kingdom
Cannabis,Tracheophyta,phylum
Cannabis,Magnoliopsida,class
Cannabis,Rosales,order
Cannabis,Cannabaceae,family
Cannabis,Cannabis,genus
Ligustrum,Plantae,kingdom
Ligustrum,Tracheophyta,phylum
Ligustrum,Magnoliopsida,class
Ligustrum,Lamiales,order
Ligustrum,Oleaceae,family
Ligustrum,Ligustrum,genus
Polygonum oxyspermum subsp. raii,Plantae,kingdom
Polygonum oxyspermum subsp. raii,Tracheophyta,phylum
Polygonum oxyspermum subsp. raii,Magnoliopsida,class
Polygonum oxyspermum subsp. raii,Caryophyllales,order
Polygonum oxyspermum subsp. raii,Polygonaceae,family
Polygonum oxyspermum subsp. raii,Polygonum,genus
Polygonum oxyspermum subsp. raii,Polygonum raii,species
Polygonum oxyspermum subsp. raii,Polygonum oxyspermum raii,subspecies
Ranunculus acris,Plantae,kingdom
Ranunculus acris,Tracheophyta,phylum
Ranunculus acris,Magnoliopsida,class
Ranunculus acris,Ranunculales,order
Ranunculus acris,Ranunculaceae,family
Ranunculus acris,Ranunculus,genus
Ranunculus acris,Ranunculus acris,species
Stachys,Plantae,kingdom
Stachys,Tracheophyta,phylum
Stachys,Magnoliopsida,class
Stachys,Lamiales,order
Stachys,Lamiaceae,family
Stachys,Stachys,genus
Valerianella,Plantae,kingdom
Valerianella,Tracheophyta,phylum
Valerianella,Magnoliopsida,class
Valerianella,Dipsacales,order
Valerianella,Caprifoliaceae,family
Valerianella,Valerianella,genus
Anchusa,Plantae,kingdom
Anchusa,Tracheophyta,phylum
Anchusa,Magnoliopsida,class
Anchusa,Boraginales,order
Anchusa,Boraginaceae,family
Anchusa,Anchusa,genus
Daphne,Plantae,kingdom
Daphne,Tracheophyta,phylum
Daphne,Magnoliopsida,class
Daphne,Malvales,order
Daphne,Thymelaeaceae,family
Daphne,Daphne,genus
Frangula,Plantae,kingdom
Frangula,Tracheophyta,phylum
Frangula,Magnoliopsida,class
Frangula,Rosales,order
Frangula,Rhamnaceae,family
Frangula,Frangula,genus
Geranium,Plantae,kingdom
Geranium,Tracheophyta,phylum
Geranium,Magnoliopsida,class
Geranium,Geraniales,order
Geranium,Geraniaceae,family
Geranium,Geranium,genus
Linum catharticum,Plantae,kingdom
Linum catharticum,Tracheophyta,phylum
Linum catharticum,Magnoliopsida,class
Linum catharticum,Malpighiales,order
Linum catharticum,Linaceae,family
Linum catharticum,Linum,genus
Linum catharticum,Linum catharticum,species
Olea,Animalia,kingdom
Olea,Mollusca,phylum
Olea,Gastropoda,class
Olea,Limapontiidae,family
Olea,Olea,genus
Olea,Plantae,kingdom
Olea,Tracheophyta,phylum
Olea,Magnoliopsida,class
Olea,Lamiales,order
Olea,Oleaceae,family
Olea,Olea,genus
Papaver,Plantae,kingdom
Papaver,Tracheophyta,phylum
Papaver,Magnoliopsida,class
Papaver,Ranunculales,order
Papaver,Papaveraceae,family
Papaver,Papaver,genus
Phillyrea,Plantae,kingdom
Phillyrea,Tracheophyta,phylum
Phillyrea,Magnoliopsida,class
Phillyrea,Lamiales,order
Phillyrea,Oleaceae,family
Phillyrea,Phillyrea,genus
Pistacia,Plantae,kingdom
Pistacia,Tracheophyta,phylum
Pistacia,Magnoliopsida,class
Pistacia,Sapindales,order
Pistacia,Anacardiaceae,family
Pistacia,Pistacia,genus
Quercus ilex,Plantae,kingdom
Quercus ilex,Tracheophyta,phylum
Quercus ilex,Magnoliopsida,class
Quercus ilex,Fagales,order
Quercus ilex,Fagaceae,family
Quercus ilex,Quercus,genus
Quercus ilex,Quercus ilex,species
Adonis aestivalis,Plantae,kingdom
Adonis aestivalis,Tracheophyta,phylum
Adonis aestivalis,Magnoliopsida,class
Adonis aestivalis,Ranunculales,order
Adonis aestivalis,Ranunculaceae,family
Adonis aestivalis,Adonis,genus
Adonis aestivalis,Adonis aestivalis,species
Anagallis,Plantae,kingdom
Anagallis,Tracheophyta,phylum
Anagallis,Magnoliopsida,class
Anagallis,Ericales,order
Anagallis,Primulaceae,family
Anagallis,Lysimachia,genus
Anarrhinum,Plantae,kingdom
Anarrhinum,Tracheophyta,phylum
Anarrhinum,Magnoliopsida,class
Anarrhinum,Lamiales,order
Anarrhinum,Plantaginaceae,family
Anarrhinum,Anarrhinum,genus
Anthemis,Plantae,kingdom
Anthemis,Tracheophyta,phylum
Anthemis,Magnoliopsida,class
Anthemis,Asterales,order
Anthemis,Asteraceae,family
Anthemis,Anthemis,genus
Aster,Plantae,kingdom
Aster,Tracheophyta,phylum
Aster,Magnoliopsida,class
Aster,Asterales,order
Aster,Asteraceae,family
Aster,Aster,genus
Centranthus,Plantae,kingdom
Centranthus,Tracheophyta,phylum
Centranthus,Magnoliopsida,class
Centranthus,Dipsacales,order
Centranthus,Caprifoliaceae,family
Centranthus,Centranthus,genus
Erica arborea,Plantae,kingdom
Erica arborea,Tracheophyta,phylum
Erica arborea,Magnoliopsida,class
Erica arborea,Ericales,order
Erica arborea,Ericaceae,family
Erica arborea,Erica,genus
Erica arborea,Erica arborea,species
Erica australis,Plantae,kingdom
Erica australis,Tracheophyta,phylum
Erica australis,Magnoliopsida,class
Erica australis,Ericales,order
Erica australis,Ericaceae,family
Erica australis,Erica,genus
Erica australis,Erica australis,species
Erica umbellata,Plantae,kingdom
Erica umbellata,Tracheophyta,phylum
Erica umbellata,Magnoliopsida,class
Erica umbellata,Ericales,order
Erica umbellata,Ericaceae,family
Erica umbellata,Erica,genus
Erica umbellata,Erica umbellata,species
Fumana,Plantae,kingdom
Fumana,Tracheophyta,phylum
Fumana,Magnoliopsida,class
Fumana,Malvales,order
Fumana,Cistaceae,family
Fumana,Fumana,genus
Herniaria,Plantae,kingdom
Herniaria,Tracheophyta,phylum
Herniaria,Magnoliopsida,class
Herniaria,Caryophyllales,order
Herniaria,Caryophyllaceae,family
Herniaria,Herniaria,genus
Lithospermum,Plantae,kingdom
Lithospermum,Tracheophyta,phylum
Lithospermum,Magnoliopsida,class
Lithospermum,Boraginales,order
Lithospermum,Boraginaceae,family
Lithospermum,Lithospermum,genus
Lotus,Plantae,kingdom
Lotus,Tracheophyta,phylum
Lotus,Magnoliopsida,class
Lotus,Fabales,order
Lotus,Fabaceae,family
Lotus,Lotus,genus
Mentha,Plantae,kingdom
Mentha,Tracheophyta,phylum
Mentha,Magnoliopsida,class
Mentha,Lamiales,order
Mentha,Lamiaceae,family
Mentha,Mentha,genus
Onobrychis,Plantae,kingdom
Onobrychis,Tracheophyta,phylum
Onobrychis,Magnoliopsida,class
Onobrychis,Fabales,order
Onobrychis,Fabaceae,family
Onobrychis,Onobrychis,genus
Paronychia,Plantae,kingdom
Paronychia,Tracheophyta,phylum
Paronychia,Magnoliopsida,class
Paronychia,Caryophyllales,order
Paronychia,Caryophyllaceae,family
Paronychia,Paronychia,genus
Serratula,Animalia,kingdom
Serratula,Annelida,phylum
Serratula,Polychaeta,class
Serratula,Serratula,genus
Serratula,Plantae,kingdom
Serratula,Tracheophyta,phylum
Serratula,Magnoliopsida,class
Serratula,Asterales,order
Serratula,Asteraceae,family
Serratula,Serratula,genus
Sinapis,Plantae,kingdom
Sinapis,Tracheophyta,phylum
Sinapis,Magnoliopsida,class
Sinapis,Brassicales,order
Sinapis,Brassicaceae,family
Sinapis,Sinapis,genus
Trollius,Plantae,kingdom
Trollius,Tracheophyta,phylum
Trollius,Magnoliopsida,class
Trollius,Ranunculales,order
Trollius,Ranunculaceae,family
Trollius,Trollius,genus
Cannabis sativa,Plantae,kingdom
Cannabis sativa,Tracheophyta,phylum
Cannabis sativa,Magnoliopsida,class
Cannabis sativa,Rosales,order
Cannabis sativa,Cannabaceae,family
Cannabis sativa,Cannabis,genus
Cannabis sativa,Cannabis sativa,species
Cornus sanguinea,Plantae,kingdom
Cornus sanguinea,Tracheophyta,phylum
Cornus sanguinea,Magnoliopsida,class
Cornus sanguinea,Cornales,order
Cornus sanguinea,Cornaceae,family
Cornus sanguinea,Cornus,genus
Cornus sanguinea,Cornus sanguinea,species
Ericaceae undiff.,Plantae,kingdom
Ericaceae undiff.,Tracheophyta,phylum
Ericaceae undiff.,Magnoliopsida,class
Ericaceae undiff.,Ericales,order
Ericaceae undiff.,Ericaceae,family
Iris,Animalia,kingdom
Iris,Arthropoda,phylum
Iris,Insecta,class
Iris,Mantodea,order
Iris,Eremiaphilidae,family
Iris,Iris,genus
Iris,Plantae,kingdom
Iris,Tracheophyta,phylum
Iris,Liliopsida,class
Iris,Asparagales,order
Iris,Iridaceae,family
Iris,Iris,genus
Lathyrus,Plantae,kingdom
Lathyrus,Tracheophyta,phylum
Lathyrus,Magnoliopsida,class
Lathyrus,Fabales,order
Lathyrus,Fabaceae,family
Lathyrus,Lathyrus,genus
Linum,Plantae,kingdom
Linum,Tracheophyta,phylum
Linum,Magnoliopsida,class
Linum,Malpighiales,order
Linum,Linaceae,family
Linum,Linum,genus
Malva,Plantae,kingdom
Malva,Tracheophyta,phylum
Malva,Magnoliopsida,class
Malva,Malvales,order
Malva,Malvaceae,family
Malva,Malva,genus
Polygonaceae,Plantae,kingdom
Polygonaceae,Tracheophyta,phylum
Polygonaceae,Magnoliopsida,class
Polygonaceae,Caryophyllales,order
Polygonaceae,Polygonaceae,family
Rhamnus cathartica,Plantae,kingdom
Rhamnus cathartica,Tracheophyta,phylum
Rhamnus cathartica,Magnoliopsida,class
Rhamnus cathartica,Rosales,order
Rhamnus cathartica,Rhamnaceae,family
Rhamnus cathartica,Rhamnus,genus
Rhamnus cathartica,Rhamnus cathartica,species
Sambucus nigra,Plantae,kingdom
Sambucus nigra,Tracheophyta,phylum
Sambucus nigra,Magnoliopsida,class
Sambucus nigra,Dipsacales,order
Sambucus nigra,Viburnaceae,family
Sambucus nigra,Sambucus,genus
Sambucus nigra,Sambucus nigra,species
Secale cereale,Plantae,kingdom
Secale cereale,Tracheophyta,phylum
Secale cereale,Liliopsida,class
Secale cereale,Poales,order
Secale cereale,Poaceae,family
Secale cereale,Secale,genus
Secale cereale,Secale cereale,species
Viola,Animalia,kingdom
Viola,Arthropoda,phylum
Viola,Insecta,class
Viola,Lepidoptera,order
Viola,Hesperiidae,family
Viola,Viola,genus
Viola,Plantae,kingdom
Viola,Tracheophyta,phylum
Viola,Magnoliopsida,class
Viola,Malpighiales,order
Viola,Violaceae,family
Viola,Viola,genus
Aesculus,Plantae,kingdom
Aesculus,Tracheophyta,phylum
Aesculus,Magnoliopsida,class
Aesculus,Sapindales,order
Aesculus,Sapindaceae,family
Aesculus,Aesculus,genus
Avena,Plantae,kingdom
Avena,Tracheophyta,phylum
Avena,Liliopsida,class
Avena,Poales,order
Avena,Poaceae,family
Avena,Avena,genus
Eryngium,Plantae,kingdom
Eryngium,Tracheophyta,phylum
Eryngium,Magnoliopsida,class
Eryngium,Apiales,order
Eryngium,Apiaceae,family
Eryngium,Eryngium,genus
Helleborus,Plantae,kingdom
Helleborus,Tracheophyta,phylum
Helleborus,Magnoliopsida,class
Helleborus,Ranunculales,order
Helleborus,Ranunculaceae,family
Helleborus,Helleborus,genus
Heracleum sphondylium,Plantae,kingdom
Heracleum sphondylium,Tracheophyta,phylum
Heracleum sphondylium,Magnoliopsida,class
Heracleum sphondylium,Apiales,order
Heracleum sphondylium,Apiaceae,family
Heracleum sphondylium,Heracleum,genus
Heracleum sphondylium,Heracleum sphondylium,species
Hordeum,Plantae,kingdom
Hordeum,Tracheophyta,phylum
Hordeum,Liliopsida,class
Hordeum,Poales,order
Hordeum,Poaceae,family
Hordeum,Hordeum,genus
Jasione,Plantae,kingdom
Jasione,Tracheophyta,phylum
Jasione,Magnoliopsida,class
Jasione,Asterales,order
Jasione,Campanulaceae,family
Jasione,Jasione,genus
Lobelia,Plantae,kingdom
Lobelia,Tracheophyta,phylum
Lobelia,Magnoliopsida,class
Lobelia,Asterales,order
Lobelia,Campanulaceae,family
Lobelia,Lobelia,genus
Oxyria,Plantae,kingdom
Oxyria,Tracheophyta,phylum
Oxyria,Magnoliopsida,class
Oxyria,Caryophyllales,order
Oxyria,Polygonaceae,family
Oxyria,Oxyria,genus
Oxyria,Animalia,kingdom
Oxyria,Arthropoda,phylum
Oxyria,Insecta,class
Oxyria,Diptera,order
Oxyria,Ceratopogonidae,family
Oxyria,Oxyria,genus
Persicaria,Plantae,kingdom
Persicaria,Tracheophyta,phylum
Persicaria,Magnoliopsida,class
Persicaria,Caryophyllales,order
Persicaria,Polygonaceae,family
Persicaria,Persicaria,genus
Primula,Plantae,kingdom
Primula,Tracheophyta,phylum
Primula,Magnoliopsida,class
Primula,Ericales,order
Primula,Primulaceae,family
Primula,Primula,genus
Prunus spinosa,Plantae,kingdom
Prunus spinosa,Tracheophyta,phylum
Prunus spinosa,Magnoliopsida,class
Prunus spinosa,Rosales,order
Prunus spinosa,Rosaceae,family
Prunus spinosa,Prunus,genus
Prunus spinosa,Prunus spinosa,species
Anthyllis vulneraria,Plantae,kingdom
Anthyllis vulneraria,Tracheophyta,phylum
Anthyllis vulneraria,Magnoliopsida,class
Anthyllis vulneraria,Fabales,order
Anthyllis vulneraria,Fabaceae,family
Anthyllis vulneraria,Anthyllis,genus
Anthyllis vulneraria,Anthyllis vulneraria,species
Chelidonium,Animalia,kingdom
Chelidonium,Arthropoda,phylum
Chelidonium,Insecta,class
Chelidonium,Coleoptera,order
Chelidonium,Cerambycidae,family
Chelidonium,Chelidonium,genus
Chelidonium,Plantae,kingdom
Chelidonium,Tracheophyta,phylum
Chelidonium,Magnoliopsida,class
Chelidonium,Ranunculales,order
Chelidonium,Papaveraceae,family
Chelidonium,Chelidonium,genus
Ephedra distachya-type,Plantae,kingdom
Ephedra distachya-type,Tracheophyta,phylum
Ephedra distachya-type,Gnetopsida,class
Ephedra distachya-type,Ephedrales,order
Ephedra distachya-type,Ephedraceae,family
Ephedra distachya-type,Ephedra,genus
Erica tetralix-type,Animalia,kingdom
Erica tetralix-type,Arthropoda,phylum
Erica tetralix-type,Arachnida,class
Erica tetralix-type,Araneae,order
Erica tetralix-type,Salticidae,family
Erica tetralix-type,Erica,genus
Erica tetralix-type,Plantae,kingdom
Erica tetralix-type,Tracheophyta,phylum
Erica tetralix-type,Magnoliopsida,class
Erica tetralix-type,Ericales,order
Erica tetralix-type,Ericaceae,family
Erica tetralix-type,Erica,genus
Erodium,Plantae,kingdom
Erodium,Tracheophyta,phylum
Erodium,Magnoliopsida,class
Erodium,Geraniales,order
Erodium,Geraniaceae,family
Erodium,Erodium,genus
Micranthes stellaris-type,Plantae,kingdom
Micranthes stellaris-type,Tracheophyta,phylum
Micranthes stellaris-type,Magnoliopsida,class
Micranthes stellaris-type,Saxifragales,order
Micranthes stellaris-type,Saxifragaceae,family
Micranthes stellaris-type,Micranthes,genus
Mimulus,Plantae,kingdom
Mimulus,Tracheophyta,phylum
Mimulus,Magnoliopsida,class
Mimulus,Lamiales,order
Mimulus,Phrymaceae,family
Mimulus,Mimulus,genus
Montia fontana,Plantae,kingdom
Montia fontana,Tracheophyta,phylum
Montia fontana,Magnoliopsida,class
Montia fontana,Caryophyllales,order
Montia fontana,Montiaceae,family
Montia fontana,Montia,genus
Montia fontana,Montia fontana,species
Ononis,Plantae,kingdom
Ononis,Tracheophyta,phylum
Ononis,Magnoliopsida,class
Ononis,Fabales,order
Ononis,Fabaceae,family
Ononis,Ononis,genus
Pinguicula,Plantae,kingdom
Pinguicula,Tracheophyta,phylum
Pinguicula,Magnoliopsida,class
Pinguicula,Lamiales,order
Pinguicula,Lentibulariaceae,family
Pinguicula,Pinguicula,genus
Plantago coronopus-type,Plantae,kingdom
Plantago coronopus-type,Tracheophyta,phylum
Plantago coronopus-type,Magnoliopsida,class
Plantago coronopus-type,Lamiales,order
Plantago coronopus-type,Plantaginaceae,family
Plantago coronopus-type,Plantago,genus
Plantago major/P. media-type,Plantae,kingdom
Plantago major/P. media-type,Tracheophyta,phylum
Plantago major/P. media-type,Magnoliopsida,class
Plantago major/P. media-type,Lamiales,order
Plantago major/P. media-type,Plantaginaceae,family
Plantago major/P. media-type,Plantago,genus
Plantago maritima-type,Plantae,kingdom
Plantago maritima-type,Tracheophyta,phylum
Plantago maritima-type,Magnoliopsida,class
Plantago maritima-type,Lamiales,order
Plantago maritima-type,Plantaginaceae,family
Plantago maritima-type,Plantago,genus
Poterium sanguisorba,Plantae,kingdom
Poterium sanguisorba,Tracheophyta,phylum
Poterium sanguisorba,Magnoliopsida,class
Poterium sanguisorba,Rosales,order
Poterium sanguisorba,Rosaceae,family
Poterium sanguisorba,Poterium,genus
Poterium sanguisorba,Poterium sanguisorba,species
Saxifraga hypnoides-type,Plantae,kingdom
Saxifraga hypnoides-type,Tracheophyta,phylum
Saxifraga hypnoides-type,Magnoliopsida,class
Saxifraga hypnoides-type,Saxifragales,order
Saxifraga hypnoides-type,Saxifragaceae,family
Saxifraga hypnoides-type,Saxifraga,genus
Scutellaria,Plantae,kingdom
Scutellaria,Tracheophyta,phylum
Scutellaria,Magnoliopsida,class
Scutellaria,Lamiales,order
Scutellaria,Lamiaceae,family
Scutellaria,Scutellaria,genus
Silene dioica-type,Plantae,kingdom
Silene dioica-type,Tracheophyta,phylum
Silene dioica-type,Magnoliopsida,class
Silene dioica-type,Caryophyllales,order
Silene dioica-type,Caryophyllaceae,family
Silene dioica-type,Silene,genus
Silene flos-cuculi,Plantae,kingdom
Silene flos-cuculi,Tracheophyta,phylum
Silene flos-cuculi,Magnoliopsida,class
Silene flos-cuculi,Caryophyllales,order
Silene flos-cuculi,Caryophyllaceae,family
Silene flos-cuculi,Silene,genus
Silene flos-cuculi,Silene flos-cuculi,species
Stellaria holostea,Plantae,kingdom
Stellaria holostea,Tracheophyta,phylum
Stellaria holostea,Magnoliopsida,class
Stellaria holostea,Caryophyllales,order
Stellaria holostea,Caryophyllaceae,family
Stellaria holostea,Rabelera,genus
Stellaria holostea,Rabelera holostea,species
Valeriana officinalis-type,Plantae,kingdom
Valeriana officinalis-type,Tracheophyta,phylum
Valeriana officinalis-type,Magnoliopsida,class
Valeriana officinalis-type,Dipsacales,order
Valeriana officinalis-type,Caprifoliaceae,family
Valeriana officinalis-type,Valeriana,genus
Acacia,Plantae,kingdom
Acacia,Tracheophyta,phylum
Acacia,Magnoliopsida,class
Acacia,Fabales,order
Acacia,Fabaceae,family
Acacia,Acacia,genus
Adenostyles,Plantae,kingdom
Adenostyles,Tracheophyta,phylum
Adenostyles,Magnoliopsida,class
Adenostyles,Asterales,order
Adenostyles,Asteraceae,family
Adenostyles,Adenostyles,genus
Calceolaria,Plantae,kingdom
Calceolaria,Tracheophyta,phylum
Calceolaria,Magnoliopsida,class
Calceolaria,Lamiales,order
Calceolaria,Calceolariaceae,family
Calceolaria,Calceolaria,genus
Carex,Plantae,kingdom
Carex,Tracheophyta,phylum
Carex,Liliopsida,class
Carex,Poales,order
Carex,Cyperaceae,family
Carex,Carex,genus
Cicuta virosa,Plantae,kingdom
Cicuta virosa,Tracheophyta,phylum
Cicuta virosa,Magnoliopsida,class
Cicuta virosa,Apiales,order
Cicuta virosa,Apiaceae,family
Cicuta virosa,Cicuta,genus
Cicuta virosa,Cicuta virosa,species
Coronilla,Plantae,kingdom
Coronilla,Tracheophyta,phylum
Coronilla,Magnoliopsida,class
Coronilla,Fabales,order
Coronilla,Fabaceae,family
Coronilla,Coronilla,genus
Dalechampia,Plantae,kingdom
Dalechampia,Tracheophyta,phylum
Dalechampia,Magnoliopsida,class
Dalechampia,Malpighiales,order
Dalechampia,Euphorbiaceae,family
Dalechampia,Dalechampia,genus
Gladiolus,Plantae,kingdom
Gladiolus,Tracheophyta,phylum
Gladiolus,Liliopsida,class
Gladiolus,Asparagales,order
Gladiolus,Iridaceae,family
Gladiolus,Gladiolus,genus
Glaucium,Plantae,kingdom
Glaucium,Tracheophyta,phylum
Glaucium,Magnoliopsida,class
Glaucium,Ranunculales,order
Glaucium,Papaveraceae,family
Glaucium,Glaucium,genus
Helianthus,Plantae,kingdom
Helianthus,Tracheophyta,phylum
Helianthus,Magnoliopsida,class
Helianthus,Asterales,order
Helianthus,Asteraceae,family
Helianthus,Helianthus,genus
Ligustrum vulgare,Plantae,kingdom
Ligustrum vulgare,Tracheophyta,phylum
Ligustrum vulgare,Magnoliopsida,class
Ligustrum vulgare,Lamiales,order
Ligustrum vulgare,Oleaceae,family
Ligustrum vulgare,Ligustrum,genus
Ligustrum vulgare,Ligustrum vulgare,species
Lilium martagon,Plantae,kingdom
Lilium martagon,Tracheophyta,phylum
Lilium martagon,Liliopsida,class
Lilium martagon,Liliales,order
Lilium martagon,Liliaceae,family
Lilium martagon,Lilium,genus
Lilium martagon,Lilium martagon,species
Limosella,Plantae,kingdom
Limosella,Tracheophyta,phylum
Limosella,Magnoliopsida,class
Limosella,Lamiales,order
Limosella,Scrophulariaceae,family
Limosella,Limosella,genus
Luzula,Plantae,kingdom
Luzula,Tracheophyta,phylum
Luzula,Liliopsida,class
Luzula,Poales,order
Luzula,Juncaceae,family
Luzula,Luzula,genus
Portulaca oleracea-type,Plantae,kingdom
Portulaca oleracea-type,Tracheophyta,phylum
Portulaca oleracea-type,Magnoliopsida,class
Portulaca oleracea-type,Caryophyllales,order
Portulaca oleracea-type,Portulacaceae,family
Portulaca oleracea-type,Portulaca,genus
Primula vulgaris,Plantae,kingdom
Primula vulgaris,Tracheophyta,phylum
Primula vulgaris,Magnoliopsida,class
Primula vulgaris,Ericales,order
Primula vulgaris,Primulaceae,family
Primula vulgaris,Primula,genus
Primula vulgaris,Primula vulgaris,species
Rhododendron,Plantae,kingdom
Rhododendron,Tracheophyta,phylum
Rhododendron,Magnoliopsida,class
Rhododendron,Ericales,order
Rhododendron,Ericaceae,family
Rhododendron,Rhododendron,genus
Silene dioica,Plantae,kingdom
Silene dioica,Tracheophyta,phylum
Silene dioica,Magnoliopsida,class
Silene dioica,Caryophyllales,order
Silene dioica,Caryophyllaceae,family
Silene dioica,Silene,genus
Silene dioica,Silene dioica,species
Viburnum opulus,Plantae,kingdom
Viburnum opulus,Tracheophyta,phylum
Viburnum opulus,Magnoliopsida,class
Viburnum opulus,Dipsacales,order
Viburnum opulus,Viburnaceae,family
Viburnum opulus,Viburnum,genus
Viburnum opulus,Viburnum opulus,species
Zea,Plantae,kingdom
Zea,Tracheophyta,phylum
Zea,Liliopsida,class
Zea,Poales,order
Zea,Poaceae,family
Zea,Zea,genus
Acer campestre-type,Plantae,kingdom
Acer campestre-type,Tracheophyta,phylum
Acer campestre-type,Magnoliopsida,class
Acer campestre-type,Sapindales,order
Acer campestre-type,Sapindaceae,family
Acer campestre-type,Acer,genus
Apiaceae undiff.,Plantae,kingdom
Apiaceae undiff.,Tracheophyta,phylum
Apiaceae undiff.,Magnoliopsida,class
Apiaceae undiff.,Apiales,order
Apiaceae undiff.,Apiaceae,family
Campanulaceae undiff.,Plantae,kingdom
Campanulaceae undiff.,Tracheophyta,phylum
Campanulaceae undiff.,Magnoliopsida,class
Campanulaceae undiff.,Asterales,order
Campanulaceae undiff.,Campanulaceae,family
Castanea sativa,Plantae,kingdom
Castanea sativa,Tracheophyta,phylum
Castanea sativa,Magnoliopsida,class
Castanea sativa,Fagales,order
Castanea sativa,Fagaceae,family
Castanea sativa,Castanea,genus
Castanea sativa,Castanea sativa,species
Centaurea jacea-type,Plantae,kingdom
Centaurea jacea-type,Tracheophyta,phylum
Centaurea jacea-type,Magnoliopsida,class
Centaurea jacea-type,Asterales,order
Centaurea jacea-type,Asteraceae,family
Centaurea jacea-type,Centaurea,genus
Convolvulus arvensis,Plantae,kingdom
Convolvulus arvensis,Tracheophyta,phylum
Convolvulus arvensis,Magnoliopsida,class
Convolvulus arvensis,Solanales,order
Convolvulus arvensis,Convolvulaceae,family
Convolvulus arvensis,Convolvulus,genus
Convolvulus arvensis,Convolvulus arvensis,species
Cyperaceae undiff.,Plantae,kingdom
Cyperaceae undiff.,Tracheophyta,phylum
Cyperaceae undiff.,Liliopsida,class
Cyperaceae undiff.,Poales,order
Cyperaceae undiff.,Cyperaceae,family
Fallopia convolvulus-type,Plantae,kingdom
Fallopia convolvulus-type,Tracheophyta,phylum
Fallopia convolvulus-type,Magnoliopsida,class
Fallopia convolvulus-type,Caryophyllales,order
Fallopia convolvulus-type,Polygonaceae,family
Fallopia convolvulus-type,Fallopia,genus
Gypsophila,Plantae,kingdom
Gypsophila,Tracheophyta,phylum
Gypsophila,Magnoliopsida,class
Gypsophila,Caryophyllales,order
Gypsophila,Caryophyllaceae,family
Gypsophila,Gypsophila,genus
Lysimachia,Plantae,kingdom
Lysimachia,Tracheophyta,phylum
Lysimachia,Magnoliopsida,class
Lysimachia,Ericales,order
Lysimachia,Primulaceae,family
Lysimachia,Lysimachia,genus
Mercurialis perennis,Plantae,kingdom
Mercurialis perennis,Tracheophyta,phylum
Mercurialis perennis,Magnoliopsida,class
Mercurialis perennis,Malpighiales,order
Mercurialis perennis,Euphorbiaceae,family
Mercurialis perennis,Mercurialis,genus
Mercurialis perennis,Mercurialis perennis,species
Ranunculus acris-type,Plantae,kingdom
Ranunculus acris-type,Tracheophyta,phylum
Ranunculus acris-type,Magnoliopsida,class
Ranunculus acris-type,Ranunculales,order
Ranunculus acris-type,Ranunculaceae,family
Ranunculus acris-type,Ranunculus,genus
Scleranthus perennis,Plantae,kingdom
Scleranthus perennis,Tracheophyta,phylum
Scleranthus perennis,Magnoliopsida,class
Scleranthus perennis,Caryophyllales,order
Scleranthus perennis,Caryophyllaceae,family
Scleranthus perennis,Scleranthus,genus
Scleranthus perennis,Scleranthus perennis,species
Scrophulariaceae undiff.,Plantae,kingdom
Scrophulariaceae undiff.,Tracheophyta,phylum
Scrophulariaceae undiff.,Magnoliopsida,class
Scrophulariaceae undiff.,Lamiales,order
Scrophulariaceae undiff.,Scrophulariaceae,family
Solanum dulcamara,Plantae,kingdom
Solanum dulcamara,Tracheophyta,phylum
Solanum dulcamara,Magnoliopsida,class
Solanum dulcamara,Solanales,order
Solanum dulcamara,Solanaceae,family
Solanum dulcamara,Solanum,genus
Solanum dulcamara,Solanum dulcamara,species
Viscum album,Plantae,kingdom
Viscum album,Tracheophyta,phylum
Viscum album,Magnoliopsida,class
Viscum album,Santalales,order
Viscum album,Viscaceae,family
Viscum album,Viscum,genus
Viscum album,Viscum album,species
Adoxa moschatellina,Plantae,kingdom
Adoxa moschatellina,Tracheophyta,phylum
Adoxa moschatellina,Magnoliopsida,class
Adoxa moschatellina,Dipsacales,order
Adoxa moschatellina,Viburnaceae,family
Adoxa moschatellina,Adoxa,genus
Adoxa moschatellina,Adoxa moschatellina,species
Anemone nemorosa-type,Plantae,kingdom
Anemone nemorosa-type,Tracheophyta,phylum
Anemone nemorosa-type,Magnoliopsida,class
Anemone nemorosa-type,Ranunculales,order
Anemone nemorosa-type,Ranunculaceae,family
Anemone nemorosa-type,Anemone,genus
Arctostaphylos uva-ursi,Plantae,kingdom
Arctostaphylos uva-ursi,Tracheophyta,phylum
Arctostaphylos uva-ursi,Magnoliopsida,class
Arctostaphylos uva-ursi,Ericales,order
Arctostaphylos uva-ursi,Ericaceae,family
Arctostaphylos uva-ursi,Arctostaphylos,genus
Arctostaphylos uva-ursi,Arctostaphylos uva-ursi,species
Astragalus alpinus,Plantae,kingdom
Astragalus alpinus,Tracheophyta,phylum
Astragalus alpinus,Magnoliopsida,class
Astragalus alpinus,Fabales,order
Astragalus alpinus,Fabaceae,family
Astragalus alpinus,Astragalus,genus
Astragalus alpinus,Astragalus alpinus,species
Astragalus cf. A. glycyphyllos,Plantae,kingdom
Astragalus cf. A. glycyphyllos,Tracheophyta,phylum
Astragalus cf. A. glycyphyllos,Magnoliopsida,class
Astragalus cf. A. glycyphyllos,Fabales,order
Astragalus cf. A. glycyphyllos,Fabaceae,family
Astragalus cf. A. glycyphyllos,Astragalus,genus
Cornus suecica,Plantae,kingdom
Cornus suecica,Tracheophyta,phylum
Cornus suecica,Magnoliopsida,class
Cornus suecica,Cornales,order
Cornus suecica,Cornaceae,family
Cornus suecica,Cornus,genus
Cornus suecica,Cornus suecica,species
Humulus lupulus,Plantae,kingdom
Humulus lupulus,Tracheophyta,phylum
Humulus lupulus,Magnoliopsida,class
Humulus lupulus,Rosales,order
Humulus lupulus,Cannabaceae,family
Humulus lupulus,Humulus,genus
Humulus lupulus,Humulus lupulus,species
Hypericum perforatum,Plantae,kingdom
Hypericum perforatum,Tracheophyta,phylum
Hypericum perforatum,Magnoliopsida,class
Hypericum perforatum,Malpighiales,order
Hypericum perforatum,Hypericaceae,family
Hypericum perforatum,Hypericum,genus
Hypericum perforatum,Hypericum perforatum,species
Juniperus communis,Plantae,kingdom
Juniperus communis,Tracheophyta,phylum
Juniperus communis,Pinopsida,class
Juniperus communis,Pinales,order
Juniperus communis,Cupressaceae,family
Juniperus communis,Juniperus,genus
Juniperus communis,Juniperus communis,species
Papaver rhoeas-type,Plantae,kingdom
Papaver rhoeas-type,Tracheophyta,phylum
Papaver rhoeas-type,Magnoliopsida,class
Papaver rhoeas-type,Ranunculales,order
Papaver rhoeas-type,Papaveraceae,family
Papaver rhoeas-type,Papaver,genus
Potentilla recta,Plantae,kingdom
Potentilla recta,Tracheophyta,phylum
Potentilla recta,Magnoliopsida,class
Potentilla recta,Rosales,order
Potentilla recta,Rosaceae,family
Potentilla recta,Potentilla,genus
Potentilla recta,Potentilla recta,species
Prunus padus,Plantae,kingdom
Prunus padus,Tracheophyta,phylum
Prunus padus,Magnoliopsida,class
Prunus padus,Rosales,order
Prunus padus,Rosaceae,family
Prunus padus,Prunus,genus
Prunus padus,Prunus padus,species
Ranunculus undiff.,Plantae,kingdom
Ranunculus undiff.,Tracheophyta,phylum
Ranunculus undiff.,Magnoliopsida,class
Ranunculus undiff.,Ranunculales,order
Ranunculus undiff.,Ranunculaceae,family
Ranunculus undiff.,Ranunculus,genus
Rhododendron tomentosum,Plantae,kingdom
Rhododendron tomentosum,Tracheophyta,phylum
Rhododendron tomentosum,Magnoliopsida,class
Rhododendron tomentosum,Ericales,order
Rhododendron tomentosum,Ericaceae,family
Rhododendron tomentosum,Rhododendron,genus
Rhododendron tomentosum,Rhododendron tomentosum,species
Sorbus aucuparia,Plantae,kingdom
Sorbus aucuparia,Tracheophyta,phylum
Sorbus aucuparia,Magnoliopsida,class
Sorbus aucuparia,Rosales,order
Sorbus aucuparia,Rosaceae,family
Sorbus aucuparia,Sorbus,genus
Sorbus aucuparia,Sorbus aucuparia,species
Stachys sylvatica-type,Plantae,kingdom
Stachys sylvatica-type,Tracheophyta,phylum
Stachys sylvatica-type,Magnoliopsida,class
Stachys sylvatica-type,Lamiales,order
Stachys sylvatica-type,Lamiaceae,family
Stachys sylvatica-type,Stachys,genus
Trientalis europaea,Plantae,kingdom
Trientalis europaea,Plantae,kingdom
Trientalis europaea,Tracheophyta,phylum
Trientalis europaea,Tracheophyta,phylum
Trientalis europaea,Magnoliopsida,class
Trientalis europaea,Magnoliopsida,class
Trientalis europaea,Ericales,order
Trientalis europaea,Ericales,order
Trientalis europaea,Primulaceae,family
Trientalis europaea,Primulaceae,family
Trientalis europaea,Lysimachia,genus
Trientalis europaea,Lysimachia,genus
Trientalis europaea,Lysimachia europaea,species
Trientalis europaea,Lysimachia europaea,species
Trientalis europaea,Plantae,kingdom
Trientalis europaea,Plantae,kingdom
Trientalis europaea,Tracheophyta,phylum
Trientalis europaea,Tracheophyta,phylum
Trientalis europaea,Magnoliopsida,class
Trientalis europaea,Magnoliopsida,class
Trientalis europaea,Ericales,order
Trientalis europaea,Ericales,order
Trientalis europaea,Primulaceae,family
Trientalis europaea,Primulaceae,family
Trientalis europaea,Lysimachia,genus
Trientalis europaea,Lysimachia,genus
Trientalis europaea,Lysimachia borealis,species
Trientalis europaea,Lysimachia borealis,species
Gentianella campestris-type,Plantae,kingdom
Gentianella campestris-type,Tracheophyta,phylum
Gentianella campestris-type,Magnoliopsida,class
Gentianella campestris-type,Gentianales,order
Gentianella campestris-type,Gentianaceae,family
Gentianella campestris-type,Gentianella,genus
Silene vulgaris-type,Plantae,kingdom
Silene vulgaris-type,Tracheophyta,phylum
Silene vulgaris-type,Magnoliopsida,class
Silene vulgaris-type,Caryophyllales,order
Silene vulgaris-type,Caryophyllaceae,family
Silene vulgaris-type,Silene,genus
Valeriana officinalis,Plantae,kingdom
Valeriana officinalis,Tracheophyta,phylum
Valeriana officinalis,Magnoliopsida,class
Valeriana officinalis,Dipsacales,order
Valeriana officinalis,Caprifoliaceae,family
Valeriana officinalis,Valeriana,genus
Valeriana officinalis,Valeriana officinalis,species
Rumex subg. Rumex,Plantae,kingdom
Rumex subg. Rumex,Tracheophyta,phylum
Rumex subg. Rumex,Magnoliopsida,class
Rumex subg. Rumex,Caryophyllales,order
Rumex subg. Rumex,Polygonaceae,family
Rumex subg. Rumex,Rumex,genus
Trientalis,Plantae,kingdom
Trientalis,Tracheophyta,phylum
Trientalis,Magnoliopsida,class
Trientalis,Ericales,order
Trientalis,Primulaceae,family
Trientalis,Lysimachia,genus
Achillea,Plantae,kingdom
Achillea,Tracheophyta,phylum
Achillea,Magnoliopsida,class
Achillea,Asterales,order
Achillea,Asteraceae,family
Achillea,Achillea,genus
Alchemilla,Plantae,kingdom
Alchemilla,Tracheophyta,phylum
Alchemilla,Magnoliopsida,class
Alchemilla,Rosales,order
Alchemilla,Rosaceae,family
Alchemilla,Alchemilla,genus
Arctous alpina,Plantae,kingdom
Arctous alpina,Tracheophyta,phylum
Arctous alpina,Magnoliopsida,class
Arctous alpina,Ericales,order
Arctous alpina,Ericaceae,family
Arctous alpina,Arctostaphylos,genus
Arctous alpina,Arctostaphylos alpinus,species
Arenaria,Animalia,kingdom
Arenaria,Chordata,phylum
Arenaria,Aves,class
Arenaria,Charadriiformes,order
Arenaria,Scolopacidae,family
Arenaria,Arenaria,genus
Arenaria,Plantae,kingdom
Arenaria,Tracheophyta,phylum
Arenaria,Magnoliopsida,class
Arenaria,Caryophyllales,order
Arenaria,Caryophyllaceae,family
Arenaria,Arenaria,genus
Artemisia norvegica,Plantae,kingdom
Artemisia norvegica,Tracheophyta,phylum
Artemisia norvegica,Magnoliopsida,class
Artemisia norvegica,Asterales,order
Artemisia norvegica,Asteraceae,family
Artemisia norvegica,Artemisia,genus
Artemisia norvegica,Artemisia norvegica,species
Astragalus frigidus,Plantae,kingdom
Astragalus frigidus,Tracheophyta,phylum
Astragalus frigidus,Magnoliopsida,class
Astragalus frigidus,Fabales,order
Astragalus frigidus,Fabaceae,family
Astragalus frigidus,Astragalus,genus
Astragalus frigidus,Astragalus frigidus,species
Bistorta,Plantae,kingdom
Bistorta,Tracheophyta,phylum
Bistorta,Magnoliopsida,class
Bistorta,Caryophyllales,order
Bistorta,Polygonaceae,family
Bistorta,Bistorta,genus
Convallaria,Plantae,kingdom
Convallaria,Tracheophyta,phylum
Convallaria,Liliopsida,class
Convallaria,Asparagales,order
Convallaria,Asparagaceae,family
Convallaria,Convallaria,genus
Ephedra distachya,Plantae,kingdom
Ephedra distachya,Tracheophyta,phylum
Ephedra distachya,Gnetopsida,class
Ephedra distachya,Ephedrales,order
Ephedra distachya,Ephedraceae,family
Ephedra distachya,Ephedra,genus
Ephedra distachya,Ephedra distachya,species
Ephedra fragilis,Plantae,kingdom
Ephedra fragilis,Tracheophyta,phylum
Ephedra fragilis,Gnetopsida,class
Ephedra fragilis,Ephedrales,order
Ephedra fragilis,Ephedraceae,family
Ephedra fragilis,Ephedra,genus
Ephedra fragilis,Ephedra fragilis,species
Euphrasia,Plantae,kingdom
Euphrasia,Tracheophyta,phylum
Euphrasia,Magnoliopsida,class
Euphrasia,Lamiales,order
Euphrasia,Orobanchaceae,family
Euphrasia,Euphrasia,genus
Gentiana campestris,Plantae,kingdom
Gentiana campestris,Plantae,kingdom
Gentiana campestris,Plantae,kingdom
Gentiana campestris,Tracheophyta,phylum
Gentiana campestris,Tracheophyta,phylum
Gentiana campestris,Tracheophyta,phylum
Gentiana campestris,Magnoliopsida,class
Gentiana campestris,Magnoliopsida,class
Gentiana campestris,Magnoliopsida,class
Gentiana campestris,Gentianales,order
Gentiana campestris,Gentianales,order
Gentiana campestris,Gentianales,order
Gentiana campestris,Gentianaceae,family
Gentiana campestris,Gentianaceae,family
Gentiana campestris,Gentianaceae,family
Gentiana campestris,Gentianella,genus
Gentiana campestris,Gentianella,genus
Gentiana campestris,Gentianella,genus
Gentiana campestris,Gentianella amarella,species
Gentiana campestris,Gentianella amarella,species
Gentiana campestris,Gentianella amarella,species
Gentiana campestris,Plantae,kingdom
Gentiana campestris,Plantae,kingdom
Gentiana campestris,Plantae,kingdom
Gentiana campestris,Tracheophyta,phylum
Gentiana campestris,Tracheophyta,phylum
Gentiana campestris,Tracheophyta,phylum
Gentiana campestris,Magnoliopsida,class
Gentiana campestris,Magnoliopsida,class
Gentiana campestris,Magnoliopsida,class
Gentiana campestris,Gentianales,order
Gentiana campestris,Gentianales,order
Gentiana campestris,Gentianales,order
Gentiana campestris,Gentianaceae,family
Gentiana campestris,Gentianaceae,family
Gentiana campestris,Gentianaceae,family
Gentiana campestris,Gentianella,genus
Gentiana campestris,Gentianella,genus
Gentiana campestris,Gentianella,genus
Gentiana campestris,Gentianella germanica,species
Gentiana campestris,Gentianella germanica,species
Gentiana campestris,Gentianella germanica,species
Gentiana campestris,Plantae,kingdom
Gentiana campestris,Plantae,kingdom
Gentiana campestris,Plantae,kingdom
Gentiana campestris,Tracheophyta,phylum
Gentiana campestris,Tracheophyta,phylum
Gentiana campestris,Tracheophyta,phylum
Gentiana campestris,Magnoliopsida,class
Gentiana campestris,Magnoliopsida,class
Gentiana campestris,Magnoliopsida,class
Gentiana campestris,Gentianales,order
Gentiana campestris,Gentianales,order
Gentiana campestris,Gentianales,order
Gentiana campestris,Gentianaceae,family
Gentiana campestris,Gentianaceae,family
Gentiana campestris,Gentianaceae,family
Gentiana campestris,Gentianella,genus
Gentiana campestris,Gentianella,genus
Gentiana campestris,Gentianella,genus
Gentiana campestris,Gentianella campestris,species
Gentiana campestris,Gentianella campestris,species
Gentiana campestris,Gentianella campestris,species
Gentiana nivalis,Plantae,kingdom
Gentiana nivalis,Tracheophyta,phylum
Gentiana nivalis,Magnoliopsida,class
Gentiana nivalis,Gentianales,order
Gentiana nivalis,Gentianaceae,family
Gentiana nivalis,Gentiana,genus
Gentiana nivalis,Gentiana nivalis,species
Geum,Plantae,kingdom
Geum,Tracheophyta,phylum
Geum,Magnoliopsida,class
Geum,Rosales,order
Geum,Rosaceae,family
Geum,Geum,genus
Micranthes stellaris,Plantae,kingdom
Micranthes stellaris,Tracheophyta,phylum
Micranthes stellaris,Magnoliopsida,class
Micranthes stellaris,Saxifragales,order
Micranthes stellaris,Saxifragaceae,family
Micranthes stellaris,Micranthes,genus
Micranthes stellaris,Micranthes stellaris,species
Myricaria,Plantae,kingdom
Myricaria,Tracheophyta,phylum
Myricaria,Magnoliopsida,class
Myricaria,Caryophyllales,order
Myricaria,Tamaricaceae,family
Myricaria,Myricaria,genus
Parnassia,Plantae,kingdom
Parnassia,Tracheophyta,phylum
Parnassia,Magnoliopsida,class
Parnassia,Celastrales,order
Parnassia,Parnassiaceae,family
Parnassia,Parnassia,genus
Ranunculus sp.,Plantae,kingdom
Ranunculus sp.,Tracheophyta,phylum
Ranunculus sp.,Magnoliopsida,class
Ranunculus sp.,Ranunculales,order
Ranunculus sp.,Ranunculaceae,family
Ranunculus sp.,Ranunculus,genus
Rubus sp.,Plantae,kingdom
Rubus sp.,Tracheophyta,phylum
Rubus sp.,Magnoliopsida,class
Rubus sp.,Rosales,order
Rubus sp.,Rosaceae,family
Rubus sp.,Rubus,genus
Rumex longifolius,Plantae,kingdom
Rumex longifolius,Tracheophyta,phylum
Rumex longifolius,Magnoliopsida,class
Rumex longifolius,Caryophyllales,order
Rumex longifolius,Polygonaceae,family
Rumex longifolius,Rumex,genus
Rumex longifolius,Rumex longifolius,species
Sagina,Plantae,kingdom
Sagina,Tracheophyta,phylum
Sagina,Magnoliopsida,class
Sagina,Caryophyllales,order
Sagina,Caryophyllaceae,family
Sagina,Sagina,genus
Salix herbacea,Plantae,kingdom
Salix herbacea,Tracheophyta,phylum
Salix herbacea,Magnoliopsida,class
Salix herbacea,Malpighiales,order
Salix herbacea,Salicaceae,family
Salix herbacea,Salix,genus
Salix herbacea,Salix herbacea,species
Saxifraga hirculus,Plantae,kingdom
Saxifraga hirculus,Tracheophyta,phylum
Saxifraga hirculus,Magnoliopsida,class
Saxifraga hirculus,Saxifragales,order
Saxifraga hirculus,Saxifragaceae,family
Saxifraga hirculus,Saxifraga,genus
Saxifraga hirculus,Saxifraga hirculus,species
Sibbaldia,Plantae,kingdom
Sibbaldia,Tracheophyta,phylum
Sibbaldia,Magnoliopsida,class
Sibbaldia,Rosales,order
Sibbaldia,Rosaceae,family
Sibbaldia,Sibbaldia,genus
Silene acaulis,Plantae,kingdom
Silene acaulis,Tracheophyta,phylum
Silene acaulis,Magnoliopsida,class
Silene acaulis,Caryophyllales,order
Silene acaulis,Caryophyllaceae,family
Silene acaulis,Silene,genus
Silene acaulis,Silene acaulis,species
Tofieldia,Plantae,kingdom
Tofieldia,Tracheophyta,phylum
Tofieldia,Liliopsida,class
Tofieldia,Alismatales,order
Tofieldia,Tofieldiaceae,family
Tofieldia,Tofieldia,genus
Verbascum,Plantae,kingdom
Verbascum,Tracheophyta,phylum
Verbascum,Magnoliopsida,class
Verbascum,Lamiales,order
Verbascum,Scrophulariaceae,family
Verbascum,Verbascum,genus
Veronica,Plantae,kingdom
Veronica,Tracheophyta,phylum
Veronica,Magnoliopsida,class
Veronica,Lamiales,order
Veronica,Plantaginaceae,family
Veronica,Veronica,genus
Astragalus cf. A. alpinus,Plantae,kingdom
Astragalus cf. A. alpinus,Tracheophyta,phylum
Astragalus cf. A. alpinus,Magnoliopsida,class
Astragalus cf. A. alpinus,Fabales,order
Astragalus cf. A. alpinus,Fabaceae,family
Astragalus cf. A. alpinus,Astragalus,genus
Geranium sylvaticum-type,Plantae,kingdom
Geranium sylvaticum-type,Tracheophyta,phylum
Geranium sylvaticum-type,Magnoliopsida,class
Geranium sylvaticum-type,Geraniales,order
Geranium sylvaticum-type,Geraniaceae,family
Geranium sylvaticum-type,Geranium,genus
Rumex acetosa/R. acetosella-type,Plantae,kingdom
Rumex acetosa/R. acetosella-type,Tracheophyta,phylum
Rumex acetosa/R. acetosella-type,Magnoliopsida,class
Rumex acetosa/R. acetosella-type,Caryophyllales,order
Rumex acetosa/R. acetosella-type,Polygonaceae,family
Rumex acetosa/R. acetosella-type,Rumex,genus
Rumex acetosella-type,Plantae,kingdom
Rumex acetosella-type,Tracheophyta,phylum
Rumex acetosella-type,Magnoliopsida,class
Rumex acetosella-type,Caryophyllales,order
Rumex acetosella-type,Polygonaceae,family
Rumex acetosella-type,Rumex,genus
Salix herbacea-type,Plantae,kingdom
Salix herbacea-type,Tracheophyta,phylum
Salix herbacea-type,Magnoliopsida,class
Salix herbacea-type,Malpighiales,order
Salix herbacea-type,Salicaceae,family
Salix herbacea-type,Salix,genus
Salix undiff.,Plantae,kingdom
Salix undiff.,Tracheophyta,phylum
Salix undiff.,Magnoliopsida,class
Salix undiff.,Malpighiales,order
Salix undiff.,Salicaceae,family
Salix undiff.,Salix,genus
Tofieldia pusilla,Plantae,kingdom
Tofieldia pusilla,Tracheophyta,phylum
Tofieldia pusilla,Liliopsida,class
Tofieldia pusilla,Alismatales,order
Tofieldia pusilla,Tofieldiaceae,family
Tofieldia pusilla,Tofieldia,genus
Tofieldia pusilla,Tofieldia pusilla,species
Trollius europaeus,Plantae,kingdom
Trollius europaeus,Tracheophyta,phylum
Trollius europaeus,Magnoliopsida,class
Trollius europaeus,Ranunculales,order
Trollius europaeus,Ranunculaceae,family
Trollius europaeus,Trollius,genus
Trollius europaeus,Trollius europaeus,species
Valeriana excelsa subsp. sambucifolia-type,Plantae,kingdom
Valeriana excelsa subsp. sambucifolia-type,Tracheophyta,phylum
Valeriana excelsa subsp. sambucifolia-type,Magnoliopsida,class
Valeriana excelsa subsp. sambucifolia-type,Dipsacales,order
Valeriana excelsa subsp. sambucifolia-type,Caprifoliaceae,family
Valeriana excelsa subsp. sambucifolia-type,Valeriana,genus
Valeriana excelsa subsp. sambucifolia-type,Valeriana excelsa,species
Cannabaceae undiff.,Plantae,kingdom
Cannabaceae undiff.,Tracheophyta,phylum
Cannabaceae undiff.,Magnoliopsida,class
Cannabaceae undiff.,Rosales,order
Cannabaceae undiff.,Cannabaceae,family
Cerastium cerastoides-type,Plantae,kingdom
Cerastium cerastoides-type,Tracheophyta,phylum
Cerastium cerastoides-type,Magnoliopsida,class
Cerastium cerastoides-type,Caryophyllales,order
Cerastium cerastoides-type,Caryophyllaceae,family
Cerastium cerastoides-type,Cerastium,genus
Geranium sylvaticum,Plantae,kingdom
Geranium sylvaticum,Tracheophyta,phylum
Geranium sylvaticum,Magnoliopsida,class
Geranium sylvaticum,Geraniales,order
Geranium sylvaticum,Geraniaceae,family
Geranium sylvaticum,Geranium,genus
Geranium sylvaticum,Geranium sylvaticum,species
Pedicularis palustris-type,Plantae,kingdom
Pedicularis palustris-type,Tracheophyta,phylum
Pedicularis palustris-type,Magnoliopsida,class
Pedicularis palustris-type,Lamiales,order
Pedicularis palustris-type,Orobanchaceae,family
Pedicularis palustris-type,Pedicularis,genus
Silene acaulis-type,Plantae,kingdom
Silene acaulis-type,Tracheophyta,phylum
Silene acaulis-type,Magnoliopsida,class
Silene acaulis-type,Caryophyllales,order
Silene acaulis-type,Caryophyllaceae,family
Silene acaulis-type,Silene,genus
Artemisia cf. A. norvegica,Plantae,kingdom
Artemisia cf. A. norvegica,Tracheophyta,phylum
Artemisia cf. A. norvegica,Magnoliopsida,class
Artemisia cf. A. norvegica,Asterales,order
Artemisia cf. A. norvegica,Asteraceae,family
Artemisia cf. A. norvegica,Artemisia,genus
Lobelia dortmanna,Plantae,kingdom
Lobelia dortmanna,Tracheophyta,phylum
Lobelia dortmanna,Magnoliopsida,class
Lobelia dortmanna,Asterales,order
Lobelia dortmanna,Campanulaceae,family
Lobelia dortmanna,Lobelia,genus
Lobelia dortmanna,Lobelia dortmanna,species
Micranthes nivalis-type,Plantae,kingdom
Micranthes nivalis-type,Tracheophyta,phylum
Micranthes nivalis-type,Magnoliopsida,class
Micranthes nivalis-type,Saxifragales,order
Micranthes nivalis-type,Saxifragaceae,family
Micranthes nivalis-type,Micranthes,genus
Populus tremula,Plantae,kingdom
Populus tremula,Tracheophyta,phylum
Populus tremula,Magnoliopsida,class
Populus tremula,Malpighiales,order
Populus tremula,Salicaceae,family
Populus tremula,Populus,genus
Populus tremula,Populus tremula,species
Rumex longifolius-type,Plantae,kingdom
Rumex longifolius-type,Tracheophyta,phylum
Rumex longifolius-type,Magnoliopsida,class
Rumex longifolius-type,Caryophyllales,order
Rumex longifolius-type,Polygonaceae,family
Rumex longifolius-type,Rumex,genus
Saxifraga cespitosa-type,Plantae,kingdom
Saxifraga cespitosa-type,Tracheophyta,phylum
Saxifraga cespitosa-type,Magnoliopsida,class
Saxifraga cespitosa-type,Saxifragales,order
Saxifraga cespitosa-type,Saxifragaceae,family
Saxifraga cespitosa-type,Saxifraga,genus
Cerastium,Plantae,kingdom
Cerastium,Tracheophyta,phylum
Cerastium,Magnoliopsida,class
Cerastium,Caryophyllales,order
Cerastium,Caryophyllaceae,family
Cerastium,Cerastium,genus
Ephedra distachya subsp. helvetica-type,Plantae,kingdom
Ephedra distachya subsp. helvetica-type,Tracheophyta,phylum
Ephedra distachya subsp. helvetica-type,Gnetopsida,class
Ephedra distachya subsp. helvetica-type,Ephedrales,order
Ephedra distachya subsp. helvetica-type,Ephedraceae,family
Ephedra distachya subsp. helvetica-type,Ephedra,genus
Ephedra distachya subsp. helvetica-type,Ephedra distachya,species
Ephedra fragilis-type,Plantae,kingdom
Ephedra fragilis-type,Tracheophyta,phylum
Ephedra fragilis-type,Gnetopsida,class
Ephedra fragilis-type,Ephedrales,order
Ephedra fragilis-type,Ephedraceae,family
Ephedra fragilis-type,Ephedra,genus
Erica,Animalia,kingdom
Erica,Arthropoda,phylum
Erica,Arachnida,class
Erica,Araneae,order
Erica,Salticidae,family
Erica,Erica,genus
Erica,Plantae,kingdom
Erica,Tracheophyta,phylum
Erica,Magnoliopsida,class
Erica,Ericales,order
Erica,Ericaceae,family
Erica,Erica,genus
Silene,Plantae,kingdom
Silene,Tracheophyta,phylum
Silene,Magnoliopsida,class
Silene,Caryophyllales,order
Silene,Caryophyllaceae,family
Silene,Silene,genus
Cornus suecica (thick wall),Plantae,kingdom
Cornus suecica (thick wall),Tracheophyta,phylum
Cornus suecica (thick wall),Magnoliopsida,class
Cornus suecica (thick wall),Cornales,order
Cornus suecica (thick wall),Cornaceae,family
Cornus suecica (thick wall),Cornus,genus
Cornus suecica (thick wall),Cornus suecica,species
Ericaceae cf. Calluna,Plantae,kingdom
Ericaceae cf. Calluna,Tracheophyta,phylum
Ericaceae cf. Calluna,Magnoliopsida,class
Ericaceae cf. Calluna,Ericales,order
Ericaceae cf. Calluna,Ericaceae,family
Euphorbiaceae cf. Mercurialis,Plantae,kingdom
Euphorbiaceae cf. Mercurialis,Tracheophyta,phylum
Euphorbiaceae cf. Mercurialis,Magnoliopsida,class
Euphorbiaceae cf. Mercurialis,Malpighiales,order
Euphorbiaceae cf. Mercurialis,Euphorbiaceae,family
Onagraceae cf. Epilobium,Plantae,kingdom
Onagraceae cf. Epilobium,Tracheophyta,phylum
Onagraceae cf. Epilobium,Magnoliopsida,class
Onagraceae cf. Epilobium,Myrtales,order
Onagraceae cf. Epilobium,Onagraceae,family
Rubus cf. R. idaeus,Plantae,kingdom
Rubus cf. R. idaeus,Tracheophyta,phylum
Rubus cf. R. idaeus,Magnoliopsida,class
Rubus cf. R. idaeus,Rosales,order
Rubus cf. R. idaeus,Rosaceae,family
Rubus cf. R. idaeus,Rubus,genus
Anagallis cf. A. arvensis,Plantae,kingdom
Anagallis cf. A. arvensis,Tracheophyta,phylum
Anagallis cf. A. arvensis,Magnoliopsida,class
Anagallis cf. A. arvensis,Ericales,order
Anagallis cf. A. arvensis,Primulaceae,family
Anagallis cf. A. arvensis,Lysimachia,genus
Anagallis cf. A. tenella,Plantae,kingdom
Anagallis cf. A. tenella,Tracheophyta,phylum
Anagallis cf. A. tenella,Magnoliopsida,class
Anagallis cf. A. tenella,Ericales,order
Anagallis cf. A. tenella,Primulaceae,family
Anagallis cf. A. tenella,Lysimachia,genus
Cannabaceae,Plantae,kingdom
Cannabaceae,Tracheophyta,phylum
Cannabaceae,Magnoliopsida,class
Cannabaceae,Rosales,order
Cannabaceae,Cannabaceae,family
Centaurea cyanus-type,Plantae,kingdom
Centaurea cyanus-type,Tracheophyta,phylum
Centaurea cyanus-type,Magnoliopsida,class
Centaurea cyanus-type,Asterales,order
Centaurea cyanus-type,Asteraceae,family
Centaurea cyanus-type,Centaurea,genus
Centaurea nigra-type,Plantae,kingdom
Centaurea nigra-type,Tracheophyta,phylum
Centaurea nigra-type,Magnoliopsida,class
Centaurea nigra-type,Asterales,order
Centaurea nigra-type,Asteraceae,family
Centaurea nigra-type,Centaurea,genus
Diapensia lapponica,Plantae,kingdom
Diapensia lapponica,Tracheophyta,phylum
Diapensia lapponica,Magnoliopsida,class
Diapensia lapponica,Ericales,order
Diapensia lapponica,Diapensiaceae,family
Diapensia lapponica,Diapensia,genus
Diapensia lapponica,Diapensia lapponica,species
Polygonum cf. P. aviculare,Plantae,kingdom
Polygonum cf. P. aviculare,Tracheophyta,phylum
Polygonum cf. P. aviculare,Magnoliopsida,class
Polygonum cf. P. aviculare,Caryophyllales,order
Polygonum cf. P. aviculare,Polygonaceae,family
Polygonum cf. P. aviculare,Polygonum,genus
Primula farinosa,Plantae,kingdom
Primula farinosa,Tracheophyta,phylum
Primula farinosa,Magnoliopsida,class
Primula farinosa,Ericales,order
Primula farinosa,Primulaceae,family
Primula farinosa,Primula,genus
Primula farinosa,Primula farinosa,species
Rumex cf. R. longifolius,Plantae,kingdom
Rumex cf. R. longifolius,Tracheophyta,phylum
Rumex cf. R. longifolius,Magnoliopsida,class
Rumex cf. R. longifolius,Caryophyllales,order
Rumex cf. R. longifolius,Polygonaceae,family
Rumex cf. R. longifolius,Rumex,genus
"Alnus (shrub, pale shallow pores)",Plantae,kingdom
"Alnus (shrub, pale shallow pores)",Tracheophyta,phylum
"Alnus (shrub, pale shallow pores)",Magnoliopsida,class
"Alnus (shrub, pale shallow pores)",Fagales,order
"Alnus (shrub, pale shallow pores)",Betulaceae,family
"Alnus (shrub, pale shallow pores)",Alnus,genus
"Alnus (tree, robust deep pores)",Plantae,kingdom
"Alnus (tree, robust deep pores)",Tracheophyta,phylum
"Alnus (tree, robust deep pores)",Magnoliopsida,class
"Alnus (tree, robust deep pores)",Fagales,order
"Alnus (tree, robust deep pores)",Betulaceae,family
"Alnus (tree, robust deep pores)",Alnus,genus
Betula (hybrid),Plantae,kingdom
Betula (hybrid),Tracheophyta,phylum
Betula (hybrid),Magnoliopsida,class
Betula (hybrid),Fagales,order
Betula (hybrid),Betulaceae,family
Betula (hybrid),Betula,genus
Betula (tree),Plantae,kingdom
Betula (tree),Tracheophyta,phylum
Betula (tree),Magnoliopsida,class
Betula (tree),Fagales,order
Betula (tree),Betulaceae,family
Betula (tree),Betula,genus
Cannabaceae cf. Cannabis sativa,Plantae,kingdom
Cannabaceae cf. Cannabis sativa,Tracheophyta,phylum
Cannabaceae cf. Cannabis sativa,Magnoliopsida,class
Cannabaceae cf. Cannabis sativa,Rosales,order
Cannabaceae cf. Cannabis sativa,Cannabaceae,family
Centaurea cf. C. cyanus,Plantae,kingdom
Centaurea cf. C. cyanus,Tracheophyta,phylum
Centaurea cf. C. cyanus,Magnoliopsida,class
Centaurea cf. C. cyanus,Asterales,order
Centaurea cf. C. cyanus,Asteraceae,family
Centaurea cf. C. cyanus,Centaurea,genus
Micranthes cf. M. stellaris,Plantae,kingdom
Micranthes cf. M. stellaris,Tracheophyta,phylum
Micranthes cf. M. stellaris,Magnoliopsida,class
Micranthes cf. M. stellaris,Saxifragales,order
Micranthes cf. M. stellaris,Saxifragaceae,family
Micranthes cf. M. stellaris,Micranthes,genus
Plantago cf. P. coronopus,Plantae,kingdom
Plantago cf. P. coronopus,Tracheophyta,phylum
Plantago cf. P. coronopus,Magnoliopsida,class
Plantago cf. P. coronopus,Lamiales,order
Plantago cf. P. coronopus,Plantaginaceae,family
Plantago cf. P. coronopus,Plantago,genus
Saxifraga cf. S. oppositifolia,Plantae,kingdom
Saxifraga cf. S. oppositifolia,Tracheophyta,phylum
Saxifraga cf. S. oppositifolia,Magnoliopsida,class
Saxifraga cf. S. oppositifolia,Saxifragales,order
Saxifraga cf. S. oppositifolia,Saxifragaceae,family
Saxifraga cf. S. oppositifolia,Saxifraga,genus
Saxifraga granulata-type,Plantae,kingdom
Saxifraga granulata-type,Tracheophyta,phylum
Saxifraga granulata-type,Magnoliopsida,class
Saxifraga granulata-type,Saxifragales,order
Saxifraga granulata-type,Saxifragaceae,family
Saxifraga granulata-type,Saxifraga,genus
Spergularia,Plantae,kingdom
Spergularia,Tracheophyta,phylum
Spergularia,Magnoliopsida,class
Spergularia,Caryophyllales,order
Spergularia,Caryophyllaceae,family
Spergularia,Spergularia,genus
Anagallis arvensis,Plantae,kingdom
Anagallis arvensis,Tracheophyta,phylum
Anagallis arvensis,Magnoliopsida,class
Anagallis arvensis,Ericales,order
Anagallis arvensis,Primulaceae,family
Anagallis arvensis,Lysimachia,genus
Anagallis arvensis,Lysimachia arvensis,species
Corylus avellana-type,Plantae,kingdom
Corylus avellana-type,Tracheophyta,phylum
Corylus avellana-type,Magnoliopsida,class
Corylus avellana-type,Fagales,order
Corylus avellana-type,Betulaceae,family
Corylus avellana-type,Corylus,genus
Jasione montana,Plantae,kingdom
Jasione montana,Tracheophyta,phylum
Jasione montana,Magnoliopsida,class
Jasione montana,Asterales,order
Jasione montana,Campanulaceae,family
Jasione montana,Jasione,genus
Jasione montana,Jasione montana,species
Vicia sylvatica-type,Plantae,kingdom
Vicia sylvatica-type,Tracheophyta,phylum
Vicia sylvatica-type,Magnoliopsida,class
Vicia sylvatica-type,Fabales,order
Vicia sylvatica-type,Fabaceae,family
Vicia sylvatica-type,Vicia,genus
Alnus glutinosa-type,Plantae,kingdom
Alnus glutinosa-type,Tracheophyta,phylum
Alnus glutinosa-type,Magnoliopsida,class
Alnus glutinosa-type,Fagales,order
Alnus glutinosa-type,Betulaceae,family
Alnus glutinosa-type,Alnus,genus
Anthriscus sylvestris-type,Plantae,kingdom
Anthriscus sylvestris-type,Tracheophyta,phylum
Anthriscus sylvestris-type,Magnoliopsida,class
Anthriscus sylvestris-type,Apiales,order
Anthriscus sylvestris-type,Apiaceae,family
Anthriscus sylvestris-type,Anthriscus,genus
Bidens,Plantae,kingdom
Bidens,Tracheophyta,phylum
Bidens,Magnoliopsida,class
Bidens,Asterales,order
Bidens,Asteraceae,family
Bidens,Bidens,genus
Chaerophyllum hirsutum-type,Plantae,kingdom
Chaerophyllum hirsutum-type,Tracheophyta,phylum
Chaerophyllum hirsutum-type,Magnoliopsida,class
Chaerophyllum hirsutum-type,Apiales,order
Chaerophyllum hirsutum-type,Apiaceae,family
Chaerophyllum hirsutum-type,Chaerophyllum,genus
Dipsacus,Plantae,kingdom
Dipsacus,Tracheophyta,phylum
Dipsacus,Magnoliopsida,class
Dipsacus,Dipsacales,order
Dipsacus,Caprifoliaceae,family
Dipsacus,Dipsacus,genus
Lonicera xylosteum,Plantae,kingdom
Lonicera xylosteum,Tracheophyta,phylum
Lonicera xylosteum,Magnoliopsida,class
Lonicera xylosteum,Dipsacales,order
Lonicera xylosteum,Caprifoliaceae,family
Lonicera xylosteum,Lonicera,genus
Lonicera xylosteum,Lonicera xylosteum,species
Phyteuma,Plantae,kingdom
Phyteuma,Tracheophyta,phylum
Phyteuma,Magnoliopsida,class
Phyteuma,Asterales,order
Phyteuma,Campanulaceae,family
Phyteuma,Phyteuma,genus
Pimpinella major-type,Plantae,kingdom
Pimpinella major-type,Tracheophyta,phylum
Pimpinella major-type,Magnoliopsida,class
Pimpinella major-type,Apiales,order
Pimpinella major-type,Apiaceae,family
Pimpinella major-type,Pimpinella,genus
Ranunculus arvensis,Plantae,kingdom
Ranunculus arvensis,Tracheophyta,phylum
Ranunculus arvensis,Magnoliopsida,class
Ranunculus arvensis,Ranunculales,order
Ranunculus arvensis,Ranunculaceae,family
Ranunculus arvensis,Ranunculus,genus
Ranunculus arvensis,Ranunculus arvensis,species
Rumex obtusifolius-type,Plantae,kingdom
Rumex obtusifolius-type,Tracheophyta,phylum
Rumex obtusifolius-type,Magnoliopsida,class
Rumex obtusifolius-type,Caryophyllales,order
Rumex obtusifolius-type,Polygonaceae,family
Rumex obtusifolius-type,Rumex,genus
Vicia cracca-type,Plantae,kingdom
Vicia cracca-type,Tracheophyta,phylum
Vicia cracca-type,Magnoliopsida,class
Vicia cracca-type,Fabales,order
Vicia cracca-type,Fabaceae,family
Vicia cracca-type,Vicia,genus
Carduus,Plantae,kingdom
Carduus,Tracheophyta,phylum
Carduus,Magnoliopsida,class
Carduus,Asterales,order
Carduus,Asteraceae,family
Carduus,Carduus,genus
Carum carvi,Plantae,kingdom
Carum carvi,Tracheophyta,phylum
Carum carvi,Magnoliopsida,class
Carum carvi,Apiales,order
Carum carvi,Apiaceae,family
Carum carvi,Carum,genus
Carum carvi,Carum carvi,species
Chamaenerion angustifolium-type,Plantae,kingdom
Chamaenerion angustifolium-type,Tracheophyta,phylum
Chamaenerion angustifolium-type,Magnoliopsida,class
Chamaenerion angustifolium-type,Myrtales,order
Chamaenerion angustifolium-type,Onagraceae,family
Chamaenerion angustifolium-type,Chamaenerion,genus
Daucus,Plantae,kingdom
Daucus,Tracheophyta,phylum
Daucus,Magnoliopsida,class
Daucus,Apiales,order
Daucus,Apiaceae,family
Daucus,Daucus,genus
Polygonatum,Plantae,kingdom
Polygonatum,Tracheophyta,phylum
Polygonatum,Liliopsida,class
Polygonatum,Asparagales,order
Polygonatum,Asparagaceae,family
Polygonatum,Polygonatum,genus
Sanicula europaea,Plantae,kingdom
Sanicula europaea,Tracheophyta,phylum
Sanicula europaea,Magnoliopsida,class
Sanicula europaea,Apiales,order
Sanicula europaea,Apiaceae,family
Sanicula europaea,Sanicula,genus
Sanicula europaea,Sanicula europaea,species
Viburnum lantana,Plantae,kingdom
Viburnum lantana,Tracheophyta,phylum
Viburnum lantana,Magnoliopsida,class
Viburnum lantana,Dipsacales,order
Viburnum lantana,Viburnaceae,family
Viburnum lantana,Viburnum,genus
Viburnum lantana,Viburnum lantana,species
Gagea,Plantae,kingdom
Gagea,Tracheophyta,phylum
Gagea,Liliopsida,class
Gagea,Liliales,order
Gagea,Liliaceae,family
Gagea,Gagea,genus
Knautia,Plantae,kingdom
Knautia,Tracheophyta,phylum
Knautia,Magnoliopsida,class
Knautia,Dipsacales,order
Knautia,Caprifoliaceae,family
Knautia,Knautia,genus
Pinus cembra-type,Plantae,kingdom
Pinus cembra-type,Tracheophyta,phylum
Pinus cembra-type,Pinopsida,class
Pinus cembra-type,Pinales,order
Pinus cembra-type,Pinaceae,family
Pinus cembra-type,Pinus,genus
Plantago sp.,Plantae,kingdom
Plantago sp.,Tracheophyta,phylum
Plantago sp.,Magnoliopsida,class
Plantago sp.,Lamiales,order
Plantago sp.,Plantaginaceae,family
Plantago sp.,Plantago,genus
Pulmonaria,Plantae,kingdom
Pulmonaria,Tracheophyta,phylum
Pulmonaria,Magnoliopsida,class
Pulmonaria,Boraginales,order
Pulmonaria,Boraginaceae,family
Pulmonaria,Pulmonaria,genus
Symphytum,Plantae,kingdom
Symphytum,Tracheophyta,phylum
Symphytum,Magnoliopsida,class
Symphytum,Boraginales,order
Symphytum,Boraginaceae,family
Symphytum,Symphytum,genus
Fallopia,Plantae,kingdom
Fallopia,Tracheophyta,phylum
Fallopia,Magnoliopsida,class
Fallopia,Caryophyllales,order
Fallopia,Polygonaceae,family
Fallopia,Fallopia,genus
Gypsophila repens-type,Plantae,kingdom
Gypsophila repens-type,Tracheophyta,phylum
Gypsophila repens-type,Magnoliopsida,class
Gypsophila repens-type,Caryophyllales,order
Gypsophila repens-type,Caryophyllaceae,family
Gypsophila repens-type,Gypsophila,genus
Koenigia alpina,Plantae,kingdom
Koenigia alpina,Tracheophyta,phylum
Koenigia alpina,Magnoliopsida,class
Koenigia alpina,Caryophyllales,order
Koenigia alpina,Polygonaceae,family
Koenigia alpina,Koenigia,genus
Koenigia alpina,Koenigia alpina,species
Montia,Plantae,kingdom
Montia,Tracheophyta,phylum
Montia,Magnoliopsida,class
Montia,Caryophyllales,order
Montia,Montiaceae,family
Montia,Montia,genus
Montia,Animalia,kingdom
Montia,Mollusca,phylum
Montia,Gastropoda,class
Montia,Neogastropoda,order
Montia,Volutidae,family
Montia,Montia,genus
Papaveraceae,Plantae,kingdom
Papaveraceae,Tracheophyta,phylum
Papaveraceae,Magnoliopsida,class
Papaveraceae,Ranunculales,order
Papaveraceae,Papaveraceae,family
Plantago major-type,Plantae,kingdom
Plantago major-type,Tracheophyta,phylum
Plantago major-type,Magnoliopsida,class
Plantago major-type,Lamiales,order
Plantago major-type,Plantaginaceae,family
Plantago major-type,Plantago,genus
Pleurospermum austriacum,Plantae,kingdom
Pleurospermum austriacum,Tracheophyta,phylum
Pleurospermum austriacum,Magnoliopsida,class
Pleurospermum austriacum,Apiales,order
Pleurospermum austriacum,Apiaceae,family
Pleurospermum austriacum,Pleurospermum,genus
Pleurospermum austriacum,Pleurospermum austriacum,species
Scleranthus annuus,Plantae,kingdom
Scleranthus annuus,Tracheophyta,phylum
Scleranthus annuus,Magnoliopsida,class
Scleranthus annuus,Caryophyllales,order
Scleranthus annuus,Caryophyllaceae,family
Scleranthus annuus,Scleranthus,genus
Scleranthus annuus,Scleranthus annuus,species
Soldanella,Plantae,kingdom
Soldanella,Tracheophyta,phylum
Soldanella,Magnoliopsida,class
Soldanella,Ericales,order
Soldanella,Primulaceae,family
Soldanella,Soldanella,genus
Valeriana dioica-type,Plantae,kingdom
Valeriana dioica-type,Tracheophyta,phylum
Valeriana dioica-type,Magnoliopsida,class
Valeriana dioica-type,Dipsacales,order
Valeriana dioica-type,Caprifoliaceae,family
Valeriana dioica-type,Valeriana,genus
Plantago media-type,Plantae,kingdom
Plantago media-type,Tracheophyta,phylum
Plantago media-type,Magnoliopsida,class
Plantago media-type,Lamiales,order
Plantago media-type,Plantaginaceae,family
Plantago media-type,Plantago,genus
Centaurea stoebe-type,Plantae,kingdom
Centaurea stoebe-type,Tracheophyta,phylum
Centaurea stoebe-type,Magnoliopsida,class
Centaurea stoebe-type,Asterales,order
Centaurea stoebe-type,Asteraceae,family
Centaurea stoebe-type,Centaurea,genus
Galeopsis,Animalia,kingdom
Galeopsis,Bryozoa,phylum
Galeopsis,Gymnolaemata,class
Galeopsis,Cheilostomatida,order
Galeopsis,Celleporidae,family
Galeopsis,Galeopsis,genus
Galeopsis,Plantae,kingdom
Galeopsis,Tracheophyta,phylum
Galeopsis,Magnoliopsida,class
Galeopsis,Lamiales,order
Galeopsis,Lamiaceae,family
Galeopsis,Galeopsis,genus
Gentiana asclepiadea-type,Plantae,kingdom
Gentiana asclepiadea-type,Tracheophyta,phylum
Gentiana asclepiadea-type,Magnoliopsida,class
Gentiana asclepiadea-type,Gentianales,order
Gentiana asclepiadea-type,Gentianaceae,family
Gentiana asclepiadea-type,Gentiana,genus
Lysimachia vulgaris,Plantae,kingdom
Lysimachia vulgaris,Tracheophyta,phylum
Lysimachia vulgaris,Magnoliopsida,class
Lysimachia vulgaris,Ericales,order
Lysimachia vulgaris,Primulaceae,family
Lysimachia vulgaris,Lysimachia,genus
Lysimachia vulgaris,Lysimachia vulgaris,species
Oxalis,Plantae,kingdom
Oxalis,Tracheophyta,phylum
Oxalis,Magnoliopsida,class
Oxalis,Oxalidales,order
Oxalis,Oxalidaceae,family
Oxalis,Oxalis,genus
Ribes cf. R. alpinum,Plantae,kingdom
Ribes cf. R. alpinum,Tracheophyta,phylum
Ribes cf. R. alpinum,Magnoliopsida,class
Ribes cf. R. alpinum,Saxifragales,order
Ribes cf. R. alpinum,Grossulariaceae,family
Ribes cf. R. alpinum,Ribes,genus
Sambucus cf. S. ebulus,Plantae,kingdom
Sambucus cf. S. ebulus,Tracheophyta,phylum
Sambucus cf. S. ebulus,Magnoliopsida,class
Sambucus cf. S. ebulus,Dipsacales,order
Sambucus cf. S. ebulus,Viburnaceae,family
Sambucus cf. S. ebulus,Sambucus,genus
Valeriana dioica subsp. simplicifolia,Plantae,kingdom
Valeriana dioica subsp. simplicifolia,Plantae,kingdom
Valeriana dioica subsp. simplicifolia,Tracheophyta,phylum
Valeriana dioica subsp. simplicifolia,Tracheophyta,phylum
Valeriana dioica subsp. simplicifolia,Magnoliopsida,class
Valeriana dioica subsp. simplicifolia,Magnoliopsida,class
Valeriana dioica subsp. simplicifolia,Dipsacales,order
Valeriana dioica subsp. simplicifolia,Dipsacales,order
Valeriana dioica subsp. simplicifolia,Caprifoliaceae,family
Valeriana dioica subsp. simplicifolia,Caprifoliaceae,family
Valeriana dioica subsp. simplicifolia,Valeriana,genus
Valeriana dioica subsp. simplicifolia,Valeriana,genus
Valeriana dioica subsp. simplicifolia,Valeriana dioica,species
Valeriana dioica subsp. simplicifolia,Valeriana dioica,species
Valeriana dioica subsp. simplicifolia,Valeriana dioica simplicifolia,subspecies
Valeriana dioica subsp. simplicifolia,Valeriana dioica simplicifolia,subspecies
Valeriana dioica subsp. simplicifolia,Plantae,kingdom
Valeriana dioica subsp. simplicifolia,Plantae,kingdom
Valeriana dioica subsp. simplicifolia,Tracheophyta,phylum
Valeriana dioica subsp. simplicifolia,Tracheophyta,phylum
Valeriana dioica subsp. simplicifolia,Magnoliopsida,class
Valeriana dioica subsp. simplicifolia,Magnoliopsida,class
Valeriana dioica subsp. simplicifolia,Dipsacales,order
Valeriana dioica subsp. simplicifolia,Dipsacales,order
Valeriana dioica subsp. simplicifolia,Caprifoliaceae,family
Valeriana dioica subsp. simplicifolia,Caprifoliaceae,family
Valeriana dioica subsp. simplicifolia,Valeriana,genus
Valeriana dioica subsp. simplicifolia,Valeriana,genus
Valeriana dioica subsp. simplicifolia,Valeriana dioica,species
Valeriana dioica subsp. simplicifolia,Valeriana dioica,species
Valeriana dioica subsp. simplicifolia,Valeriana dioica simplicifolia,subspecies
Valeriana dioica subsp. simplicifolia,Valeriana dioica simplicifolia,subspecies
Veratrum,Plantae,kingdom
Veratrum,Tracheophyta,phylum
Veratrum,Liliopsida,class
Veratrum,Liliales,order
Veratrum,Melanthiaceae,family
Veratrum,Veratrum,genus
Viola arvensis-type,Animalia,kingdom
Viola arvensis-type,Arthropoda,phylum
Viola arvensis-type,Insecta,class
Viola arvensis-type,Lepidoptera,order
Viola arvensis-type,Hesperiidae,family
Viola arvensis-type,Viola,genus
Viola arvensis-type,Plantae,kingdom
Viola arvensis-type,Tracheophyta,phylum
Viola arvensis-type,Magnoliopsida,class
Viola arvensis-type,Malpighiales,order
Viola arvensis-type,Violaceae,family
Viola arvensis-type,Viola,genus
Lysimachia nemorum,Plantae,kingdom
Lysimachia nemorum,Tracheophyta,phylum
Lysimachia nemorum,Magnoliopsida,class
Lysimachia nemorum,Ericales,order
Lysimachia nemorum,Primulaceae,family
Lysimachia nemorum,Lysimachia,genus
Lysimachia nemorum,Lysimachia nemorum,species
Pinguicula vulgaris,Plantae,kingdom
Pinguicula vulgaris,Tracheophyta,phylum
Pinguicula vulgaris,Magnoliopsida,class
Pinguicula vulgaris,Lamiales,order
Pinguicula vulgaris,Lentibulariaceae,family
Pinguicula vulgaris,Pinguicula,genus
Pinguicula vulgaris,Pinguicula vulgaris,species
Helianthemum nummularium-type,Plantae,kingdom
Helianthemum nummularium-type,Tracheophyta,phylum
Helianthemum nummularium-type,Magnoliopsida,class
Helianthemum nummularium-type,Malvales,order
Helianthemum nummularium-type,Cistaceae,family
Helianthemum nummularium-type,Helianthemum,genus
Helianthemum oelandicum subsp. alpestris-type,Plantae,kingdom
Helianthemum oelandicum subsp. alpestris-type,Tracheophyta,phylum
Helianthemum oelandicum subsp. alpestris-type,Magnoliopsida,class
Helianthemum oelandicum subsp. alpestris-type,Malvales,order
Helianthemum oelandicum subsp. alpestris-type,Cistaceae,family
Helianthemum oelandicum subsp. alpestris-type,Helianthemum,genus
Helianthemum oelandicum subsp. alpestris-type,Helianthemum oelandicum,species
Paradisea liliastrum,Plantae,kingdom
Paradisea liliastrum,Tracheophyta,phylum
Paradisea liliastrum,Liliopsida,class
Paradisea liliastrum,Asparagales,order
Paradisea liliastrum,Asparagaceae,family
Paradisea liliastrum,Paradisea,genus
Paradisea liliastrum,Paradisea liliastrum,species
Pinus cembra,Plantae,kingdom
Pinus cembra,Tracheophyta,phylum
Pinus cembra,Pinopsida,class
Pinus cembra,Pinales,order
Pinus cembra,Pinaceae,family
Pinus cembra,Pinus,genus
Pinus cembra,Pinus cembra,species
Plantago alpina-type,Plantae,kingdom
Plantago alpina-type,Tracheophyta,phylum
Plantago alpina-type,Magnoliopsida,class
Plantago alpina-type,Lamiales,order
Plantago alpina-type,Plantaginaceae,family
Plantago alpina-type,Plantago,genus
Plantago atrata-type,Plantae,kingdom
Plantago atrata-type,Tracheophyta,phylum
Plantago atrata-type,Magnoliopsida,class
Plantago atrata-type,Lamiales,order
Plantago atrata-type,Plantaginaceae,family
Plantago atrata-type,Plantago,genus
Androsace,Plantae,kingdom
Androsace,Tracheophyta,phylum
Androsace,Magnoliopsida,class
Androsace,Ericales,order
Androsace,Primulaceae,family
Androsace,Androsace,genus
Bupleurum,Plantae,kingdom
Bupleurum,Tracheophyta,phylum
Bupleurum,Magnoliopsida,class
Bupleurum,Apiales,order
Bupleurum,Apiaceae,family
Bupleurum,Bupleurum,genus
Centaurea nigra,Plantae,kingdom
Centaurea nigra,Tracheophyta,phylum
Centaurea nigra,Magnoliopsida,class
Centaurea nigra,Asterales,order
Centaurea nigra,Asteraceae,family
Centaurea nigra,Centaurea,genus
Centaurea nigra,Centaurea nigra,species
Crassulaceae,Plantae,kingdom
Crassulaceae,Tracheophyta,phylum
Crassulaceae,Magnoliopsida,class
Crassulaceae,Saxifragales,order
Crassulaceae,Crassulaceae,family
Linaria,Plantae,kingdom
Linaria,Tracheophyta,phylum
Linaria,Magnoliopsida,class
Linaria,Lamiales,order
Linaria,Plantaginaceae,family
Linaria,Linaria,genus
Linaria,Animalia,kingdom
Linaria,Chordata,phylum
Linaria,Aves,class
Linaria,Passeriformes,order
Linaria,Fringillidae,family
Linaria,Linaria,genus
Odontites,Plantae,kingdom
Odontites,Tracheophyta,phylum
Odontites,Magnoliopsida,class
Odontites,Lamiales,order
Odontites,Orobanchaceae,family
Odontites,Odontites,genus
Oleaceae,Plantae,kingdom
Oleaceae,Tracheophyta,phylum
Oleaceae,Magnoliopsida,class
Oleaceae,Lamiales,order
Oleaceae,Oleaceae,family
Ostrya,Plantae,kingdom
Ostrya,Tracheophyta,phylum
Ostrya,Magnoliopsida,class
Ostrya,Fagales,order
Ostrya,Betulaceae,family
Ostrya,Ostrya,genus
Quercus ilex-type,Plantae,kingdom
Quercus ilex-type,Tracheophyta,phylum
Quercus ilex-type,Magnoliopsida,class
Quercus ilex-type,Fagales,order
Quercus ilex-type,Fagaceae,family
Quercus ilex-type,Quercus,genus
Quercus robur-type,Plantae,kingdom
Quercus robur-type,Tracheophyta,phylum
Quercus robur-type,Magnoliopsida,class
Quercus robur-type,Fagales,order
Quercus robur-type,Fagaceae,family
Quercus robur-type,Quercus,genus
Urticaceae,Plantae,kingdom
Urticaceae,Tracheophyta,phylum
Urticaceae,Magnoliopsida,class
Urticaceae,Rosales,order
Urticaceae,Urticaceae,family
Calystegia,Plantae,kingdom
Calystegia,Tracheophyta,phylum
Calystegia,Magnoliopsida,class
Calystegia,Solanales,order
Calystegia,Convolvulaceae,family
Calystegia,Calystegia,genus
Centaurea jacea,Plantae,kingdom
Centaurea jacea,Tracheophyta,phylum
Centaurea jacea,Magnoliopsida,class
Centaurea jacea,Asterales,order
Centaurea jacea,Asteraceae,family
Centaurea jacea,Centaurea,genus
Centaurea jacea,Centaurea jacea,species
Cynoglossum,Plantae,kingdom
Cynoglossum,Tracheophyta,phylum
Cynoglossum,Magnoliopsida,class
Cynoglossum,Boraginales,order
Cynoglossum,Boraginaceae,family
Cynoglossum,Cynoglossum,genus
Dianthus,Plantae,kingdom
Dianthus,Tracheophyta,phylum
Dianthus,Magnoliopsida,class
Dianthus,Caryophyllales,order
Dianthus,Caryophyllaceae,family
Dianthus,Dianthus,genus
Digitalis,Plantae,kingdom
Digitalis,Tracheophyta,phylum
Digitalis,Magnoliopsida,class
Digitalis,Lamiales,order
Digitalis,Plantaginaceae,family
Digitalis,Digitalis,genus
Gentiana pneumonanthe-type,Plantae,kingdom
Gentiana pneumonanthe-type,Tracheophyta,phylum
Gentiana pneumonanthe-type,Magnoliopsida,class
Gentiana pneumonanthe-type,Gentianales,order
Gentiana pneumonanthe-type,Gentianaceae,family
Gentiana pneumonanthe-type,Gentiana,genus
Linum usitatissimum,Plantae,kingdom
Linum usitatissimum,Tracheophyta,phylum
Linum usitatissimum,Magnoliopsida,class
Linum usitatissimum,Malpighiales,order
Linum usitatissimum,Linaceae,family
Linum usitatissimum,Linum,genus
Linum usitatissimum,Linum usitatissimum,species
Lotus pedunculatus,Plantae,kingdom
Lotus pedunculatus,Tracheophyta,phylum
Lotus pedunculatus,Magnoliopsida,class
Lotus pedunculatus,Fabales,order
Lotus pedunculatus,Fabaceae,family
Lotus pedunculatus,Lotus,genus
Lotus pedunculatus,Lotus pedunculatus,species
Myosotis,Plantae,kingdom
Myosotis,Tracheophyta,phylum
Myosotis,Magnoliopsida,class
Myosotis,Boraginales,order
Myosotis,Boraginaceae,family
Myosotis,Myosotis,genus
Reseda,Plantae,kingdom
Reseda,Tracheophyta,phylum
Reseda,Magnoliopsida,class
Reseda,Brassicales,order
Reseda,Resedaceae,family
Reseda,Reseda,genus
Scleranthus,Plantae,kingdom
Scleranthus,Tracheophyta,phylum
Scleranthus,Magnoliopsida,class
Scleranthus,Caryophyllales,order
Scleranthus,Caryophyllaceae,family
Scleranthus,Scleranthus,genus
Solanum nigrum,Plantae,kingdom
Solanum nigrum,Tracheophyta,phylum
Solanum nigrum,Magnoliopsida,class
Solanum nigrum,Solanales,order
Solanum nigrum,Solanaceae,family
Solanum nigrum,Solanum,genus
Solanum nigrum,Solanum nigrum,species
Spergula arvensis,Plantae,kingdom
Spergula arvensis,Tracheophyta,phylum
Spergula arvensis,Magnoliopsida,class
Spergula arvensis,Caryophyllales,order
Spergula arvensis,Caryophyllaceae,family
Spergula arvensis,Spergula,genus
Spergula arvensis,Spergula arvensis,species
Vicia cracca,Plantae,kingdom
Vicia cracca,Tracheophyta,phylum
Vicia cracca,Magnoliopsida,class
Vicia cracca,Fabales,order
Vicia cracca,Fabaceae,family
Vicia cracca,Vicia,genus
Vicia cracca,Vicia cracca,species
Aquilegia,Plantae,kingdom
Aquilegia,Tracheophyta,phylum
Aquilegia,Magnoliopsida,class
Aquilegia,Ranunculales,order
Aquilegia,Ranunculaceae,family
Aquilegia,Aquilegia,genus
Asphodelus,Plantae,kingdom
Asphodelus,Tracheophyta,phylum
Asphodelus,Liliopsida,class
Asphodelus,Asparagales,order
Asphodelus,Asphodelaceae,family
Asphodelus,Asphodelus,genus
Centaurea collina,Plantae,kingdom
Centaurea collina,Tracheophyta,phylum
Centaurea collina,Magnoliopsida,class
Centaurea collina,Asterales,order
Centaurea collina,Asteraceae,family
Centaurea collina,Centaurea,genus
Centaurea collina,Centaurea collina,species
Convolvulus,Plantae,kingdom
Convolvulus,Tracheophyta,phylum
Convolvulus,Magnoliopsida,class
Convolvulus,Solanales,order
Convolvulus,Convolvulaceae,family
Convolvulus,Convolvulus,genus
Juncaceae,Plantae,kingdom
Juncaceae,Tracheophyta,phylum
Juncaceae,Liliopsida,class
Juncaceae,Poales,order
Juncaceae,Juncaceae,family
Ceratonia,Plantae,kingdom
Ceratonia,Tracheophyta,phylum
Ceratonia,Magnoliopsida,class
Ceratonia,Fabales,order
Ceratonia,Fabaceae,family
Ceratonia,Ceratonia,genus
Cistus,Plantae,kingdom
Cistus,Tracheophyta,phylum
Cistus,Magnoliopsida,class
Cistus,Malvales,order
Cistus,Cistaceae,family
Cistus,Cistus,genus
Quercus suber-type,Plantae,kingdom
Quercus suber-type,Tracheophyta,phylum
Quercus suber-type,Magnoliopsida,class
Quercus suber-type,Fagales,order
Quercus suber-type,Fagaceae,family
Quercus suber-type,Quercus,genus
Cytisus,Plantae,kingdom
Cytisus,Tracheophyta,phylum
Cytisus,Magnoliopsida,class
Cytisus,Fabales,order
Cytisus,Fabaceae,family
Cytisus,Cytisus,genus
Lilium,Plantae,kingdom
Lilium,Tracheophyta,phylum
Lilium,Liliopsida,class
Lilium,Liliales,order
Lilium,Liliaceae,family
Lilium,Lilium,genus
Quercus robur,Plantae,kingdom
Quercus robur,Tracheophyta,phylum
Quercus robur,Magnoliopsida,class
Quercus robur,Fagales,order
Quercus robur,Fagaceae,family
Quercus robur,Quercus,genus
Quercus robur,Quercus robur,species
Spergula,Plantae,kingdom
Spergula,Tracheophyta,phylum
Spergula,Magnoliopsida,class
Spergula,Caryophyllales,order
Spergula,Caryophyllaceae,family
Spergula,Spergula,genus
Cuscuta,Plantae,kingdom
Cuscuta,Tracheophyta,phylum
Cuscuta,Magnoliopsida,class
Cuscuta,Solanales,order
Cuscuta,Convolvulaceae,family
Cuscuta,Cuscuta,genus
Epipactis,Plantae,kingdom
Epipactis,Tracheophyta,phylum
Epipactis,Liliopsida,class
Epipactis,Asparagales,order
Epipactis,Orchidaceae,family
Epipactis,Epipactis,genus
Hypericum perforatum-type,Plantae,kingdom
Hypericum perforatum-type,Tracheophyta,phylum
Hypericum perforatum-type,Magnoliopsida,class
Hypericum perforatum-type,Malpighiales,order
Hypericum perforatum-type,Hypericaceae,family
Hypericum perforatum-type,Hypericum,genus
Lycopsis arvensis-type,Plantae,kingdom
Lycopsis arvensis-type,Tracheophyta,phylum
Lycopsis arvensis-type,Magnoliopsida,class
Lycopsis arvensis-type,Boraginales,order
Lycopsis arvensis-type,Boraginaceae,family
Lycopsis arvensis-type,Lycopsis,genus
Rhododendron subsect. Ledum,Plantae,kingdom
Rhododendron subsect. Ledum,Tracheophyta,phylum
Rhododendron subsect. Ledum,Magnoliopsida,class
Rhododendron subsect. Ledum,Ericales,order
Rhododendron subsect. Ledum,Ericaceae,family
Rhododendron subsect. Ledum,Rhododendron,genus
Rhus coriaria-type,Plantae,kingdom
Rhus coriaria-type,Tracheophyta,phylum
Rhus coriaria-type,Magnoliopsida,class
Rhus coriaria-type,Sapindales,order
Rhus coriaria-type,Anacardiaceae,family
Rhus coriaria-type,Rhus,genus
Convolvulus arvensis-type,Plantae,kingdom
Convolvulus arvensis-type,Tracheophyta,phylum
Convolvulus arvensis-type,Magnoliopsida,class
Convolvulus arvensis-type,Solanales,order
Convolvulus arvensis-type,Convolvulaceae,family
Convolvulus arvensis-type,Convolvulus,genus
Cuscuta europaea-type,Plantae,kingdom
Cuscuta europaea-type,Tracheophyta,phylum
Cuscuta europaea-type,Magnoliopsida,class
Cuscuta europaea-type,Solanales,order
Cuscuta europaea-type,Convolvulaceae,family
Cuscuta europaea-type,Cuscuta,genus
Iris pseudacorus-type,Animalia,kingdom
Iris pseudacorus-type,Arthropoda,phylum
Iris pseudacorus-type,Insecta,class
Iris pseudacorus-type,Mantodea,order
Iris pseudacorus-type,Eremiaphilidae,family
Iris pseudacorus-type,Iris,genus
Iris pseudacorus-type,Plantae,kingdom
Iris pseudacorus-type,Tracheophyta,phylum
Iris pseudacorus-type,Liliopsida,class
Iris pseudacorus-type,Asparagales,order
Iris pseudacorus-type,Iridaceae,family
Iris pseudacorus-type,Iris,genus
Jasione montana-type,Plantae,kingdom
Jasione montana-type,Tracheophyta,phylum
Jasione montana-type,Magnoliopsida,class
Jasione montana-type,Asterales,order
Jasione montana-type,Campanulaceae,family
Jasione montana-type,Jasione,genus
Rumex aquaticus-type,Plantae,kingdom
Rumex aquaticus-type,Tracheophyta,phylum
Rumex aquaticus-type,Magnoliopsida,class
Rumex aquaticus-type,Caryophyllales,order
Rumex aquaticus-type,Polygonaceae,family
Rumex aquaticus-type,Rumex,genus
Rumex crispus-type,Plantae,kingdom
Rumex crispus-type,Tracheophyta,phylum
Rumex crispus-type,Magnoliopsida,class
Rumex crispus-type,Caryophyllales,order
Rumex crispus-type,Polygonaceae,family
Rumex crispus-type,Rumex,genus
Sanguisorba minor-type,Plantae,kingdom
Sanguisorba minor-type,Tracheophyta,phylum
Sanguisorba minor-type,Magnoliopsida,class
Sanguisorba minor-type,Rosales,order
Sanguisorba minor-type,Rosaceae,family
Sanguisorba minor-type,Sanguisorba,genus
Saxifraga aizoides-type,Plantae,kingdom
Saxifraga aizoides-type,Tracheophyta,phylum
Saxifraga aizoides-type,Magnoliopsida,class
Saxifraga aizoides-type,Saxifragales,order
Saxifraga aizoides-type,Saxifragaceae,family
Saxifraga aizoides-type,Saxifraga,genus
Thesium,Animalia,kingdom
Thesium,Arthropoda,phylum
Thesium,Insecta,class
Thesium,Coleoptera,order
Thesium,Staphylinidae,family
Thesium,Thesium,genus
Thesium,Plantae,kingdom
Thesium,Tracheophyta,phylum
Thesium,Magnoliopsida,class
Thesium,Santalales,order
Thesium,Thesiaceae,family
Thesium,Thesium,genus
Tilia cordata-type,Plantae,kingdom
Tilia cordata-type,Tracheophyta,phylum
Tilia cordata-type,Magnoliopsida,class
Tilia cordata-type,Malvales,order
Tilia cordata-type,Malvaceae,family
Tilia cordata-type,Tilia,genus
Tilia platyphyllos-type,Plantae,kingdom
Tilia platyphyllos-type,Tracheophyta,phylum
Tilia platyphyllos-type,Magnoliopsida,class
Tilia platyphyllos-type,Malvales,order
Tilia platyphyllos-type,Malvaceae,family
Tilia platyphyllos-type,Tilia,genus
Viburnum opulus-type,Plantae,kingdom
Viburnum opulus-type,Tracheophyta,phylum
Viburnum opulus-type,Magnoliopsida,class
Viburnum opulus-type,Dipsacales,order
Viburnum opulus-type,Viburnaceae,family
Viburnum opulus-type,Viburnum,genus
Cerastium alpinum-type,Plantae,kingdom
Cerastium alpinum-type,Tracheophyta,phylum
Cerastium alpinum-type,Magnoliopsida,class
Cerastium alpinum-type,Caryophyllales,order
Cerastium alpinum-type,Caryophyllaceae,family
Cerastium alpinum-type,Cerastium,genus
Cerastium undiff.,Plantae,kingdom
Cerastium undiff.,Tracheophyta,phylum
Cerastium undiff.,Magnoliopsida,class
Cerastium undiff.,Caryophyllales,order
Cerastium undiff.,Caryophyllaceae,family
Cerastium undiff.,Cerastium,genus
Filipendula vulgaris,Plantae,kingdom
Filipendula vulgaris,Tracheophyta,phylum
Filipendula vulgaris,Magnoliopsida,class
Filipendula vulgaris,Rosales,order
Filipendula vulgaris,Rosaceae,family
Filipendula vulgaris,Filipendula,genus
Filipendula vulgaris,Filipendula vulgaris,species
Hypericum pulchrum-type,Plantae,kingdom
Hypericum pulchrum-type,Tracheophyta,phylum
Hypericum pulchrum-type,Magnoliopsida,class
Hypericum pulchrum-type,Malpighiales,order
Hypericum pulchrum-type,Hypericaceae,family
Hypericum pulchrum-type,Hypericum,genus
Prunus cf. P. padus,Plantae,kingdom
Prunus cf. P. padus,Tracheophyta,phylum
Prunus cf. P. padus,Magnoliopsida,class
Prunus cf. P. padus,Rosales,order
Prunus cf. P. padus,Rosaceae,family
Prunus cf. P. padus,Prunus,genus
Rubus saxatilis,Plantae,kingdom
Rubus saxatilis,Tracheophyta,phylum
Rubus saxatilis,Magnoliopsida,class
Rubus saxatilis,Rosales,order
Rubus saxatilis,Rosaceae,family
Rubus saxatilis,Rubus,genus
Rubus saxatilis,Rubus saxatilis,species
Salix pentandra-type,Plantae,kingdom
Salix pentandra-type,Tracheophyta,phylum
Salix pentandra-type,Magnoliopsida,class
Salix pentandra-type,Malpighiales,order
Salix pentandra-type,Salicaceae,family
Salix pentandra-type,Salix,genus
Saussurea nuda,Plantae,kingdom
Saussurea nuda,Tracheophyta,phylum
Saussurea nuda,Magnoliopsida,class
Saussurea nuda,Asterales,order
Saussurea nuda,Asteraceae,family
Saussurea nuda,Saussurea,genus
Saussurea nuda,Saussurea nuda,species
Saxifraga aizoides,Plantae,kingdom
Saxifraga aizoides,Tracheophyta,phylum
Saxifraga aizoides,Magnoliopsida,class
Saxifraga aizoides,Saxifragales,order
Saxifraga aizoides,Saxifragaceae,family
Saxifraga aizoides,Saxifraga,genus
Saxifraga aizoides,Saxifraga aizoides,species
Stellaria undiff.,Plantae,kingdom
Stellaria undiff.,Tracheophyta,phylum
Stellaria undiff.,Magnoliopsida,class
Stellaria undiff.,Caryophyllales,order
Stellaria undiff.,Caryophyllaceae,family
Stellaria undiff.,Stellaria,genus
Stellaria undiff.,Animalia,kingdom
Stellaria undiff.,Mollusca,phylum
Stellaria undiff.,Gastropoda,class
Stellaria undiff.,Littorinimorpha,order
Stellaria undiff.,Xenophoridae,family
Stellaria undiff.,Stellaria,genus
Succisa pratensis,Plantae,kingdom
Succisa pratensis,Tracheophyta,phylum
Succisa pratensis,Magnoliopsida,class
Succisa pratensis,Dipsacales,order
Succisa pratensis,Caprifoliaceae,family
Succisa pratensis,Succisa,genus
Succisa pratensis,Succisa pratensis,species
Chrysosplenium oppositifolium,Plantae,kingdom
Chrysosplenium oppositifolium,Tracheophyta,phylum
Chrysosplenium oppositifolium,Magnoliopsida,class
Chrysosplenium oppositifolium,Saxifragales,order
Chrysosplenium oppositifolium,Saxifragaceae,family
Chrysosplenium oppositifolium,Chrysosplenium,genus
Chrysosplenium oppositifolium,Chrysosplenium oppositifolium,species
Prunus avium/P. spinosa,Plantae,kingdom
Prunus avium/P. spinosa,Tracheophyta,phylum
Prunus avium/P. spinosa,Magnoliopsida,class
Prunus avium/P. spinosa,Rosales,order
Prunus avium/P. spinosa,Rosaceae,family
Prunus avium/P. spinosa,Prunus,genus
Silene uniflora subsp. uniflora-type,Plantae,kingdom
Silene uniflora subsp. uniflora-type,Tracheophyta,phylum
Silene uniflora subsp. uniflora-type,Magnoliopsida,class
Silene uniflora subsp. uniflora-type,Caryophyllales,order
Silene uniflora subsp. uniflora-type,Caryophyllaceae,family
Silene uniflora subsp. uniflora-type,Silene,genus
Silene uniflora subsp. uniflora-type,Silene uniflora,species
Alnus glutinosa/A. incana,Plantae,kingdom
Alnus glutinosa/A. incana,Tracheophyta,phylum
Alnus glutinosa/A. incana,Magnoliopsida,class
Alnus glutinosa/A. incana,Fagales,order
Alnus glutinosa/A. incana,Betulaceae,family
Alnus glutinosa/A. incana,Alnus,genus
Centaurea collina-type,Plantae,kingdom
Centaurea collina-type,Tracheophyta,phylum
Centaurea collina-type,Magnoliopsida,class
Centaurea collina-type,Asterales,order
Centaurea collina-type,Asteraceae,family
Centaurea collina-type,Centaurea,genus
Koenigia alpina-type,Plantae,kingdom
Koenigia alpina-type,Tracheophyta,phylum
Koenigia alpina-type,Magnoliopsida,class
Koenigia alpina-type,Caryophyllales,order
Koenigia alpina-type,Polygonaceae,family
Koenigia alpina-type,Koenigia,genus
Persicaria amphibia-type,Plantae,kingdom
Persicaria amphibia-type,Tracheophyta,phylum
Persicaria amphibia-type,Magnoliopsida,class
Persicaria amphibia-type,Caryophyllales,order
Persicaria amphibia-type,Polygonaceae,family
Persicaria amphibia-type,Persicaria,genus
Plantago alpina,Plantae,kingdom
Plantago alpina,Tracheophyta,phylum
Plantago alpina,Magnoliopsida,class
Plantago alpina,Lamiales,order
Plantago alpina,Plantaginaceae,family
Plantago alpina,Plantago,genus
Plantago alpina,Plantago alpina,species
Centaurea montana-type,Plantae,kingdom
Centaurea montana-type,Tracheophyta,phylum
Centaurea montana-type,Magnoliopsida,class
Centaurea montana-type,Asterales,order
Centaurea montana-type,Asteraceae,family
Centaurea montana-type,Centaurea,genus
Eranthis hyemalis,Plantae,kingdom
Eranthis hyemalis,Tracheophyta,phylum
Eranthis hyemalis,Magnoliopsida,class
Eranthis hyemalis,Ranunculales,order
Eranthis hyemalis,Ranunculaceae,family
Eranthis hyemalis,Eranthis,genus
Eranthis hyemalis,Eranthis hyemalis,species
Falcaria vulgaris,Plantae,kingdom
Falcaria vulgaris,Tracheophyta,phylum
Falcaria vulgaris,Magnoliopsida,class
Falcaria vulgaris,Apiales,order
Falcaria vulgaris,Apiaceae,family
Falcaria vulgaris,Falcaria,genus
Falcaria vulgaris,Falcaria vulgaris,species
Petasites,Plantae,kingdom
Petasites,Tracheophyta,phylum
Petasites,Magnoliopsida,class
Petasites,Asterales,order
Petasites,Asteraceae,family
Petasites,Petasites,genus
Rumex alpinus,Plantae,kingdom
Rumex alpinus,Tracheophyta,phylum
Rumex alpinus,Magnoliopsida,class
Rumex alpinus,Caryophyllales,order
Rumex alpinus,Polygonaceae,family
Rumex alpinus,Rumex,genus
Rumex alpinus,Rumex alpinus,species
Spiraea,Plantae,kingdom
Spiraea,Tracheophyta,phylum
Spiraea,Magnoliopsida,class
Spiraea,Rosales,order
Spiraea,Rosaceae,family
Spiraea,Spiraea,genus
Agrimonia,Plantae,kingdom
Agrimonia,Tracheophyta,phylum
Agrimonia,Magnoliopsida,class
Agrimonia,Rosales,order
Agrimonia,Rosaceae,family
Agrimonia,Agrimonia,genus
Allium ursinum-type,Plantae,kingdom
Allium ursinum-type,Tracheophyta,phylum
Allium ursinum-type,Liliopsida,class
Allium ursinum-type,Asparagales,order
Allium ursinum-type,Amaryllidaceae,family
Allium ursinum-type,Allium,genus
Anemone sect. Pulsatilla,Plantae,kingdom
Anemone sect. Pulsatilla,Tracheophyta,phylum
Anemone sect. Pulsatilla,Magnoliopsida,class
Anemone sect. Pulsatilla,Ranunculales,order
Anemone sect. Pulsatilla,Ranunculaceae,family
Anemone sect. Pulsatilla,Pulsatilla,genus
Anthericum,Plantae,kingdom
Anthericum,Tracheophyta,phylum
Anthericum,Liliopsida,class
Anthericum,Asparagales,order
Anthericum,Asparagaceae,family
Anthericum,Anthericum,genus
Aruncus dioicus,Plantae,kingdom
Aruncus dioicus,Tracheophyta,phylum
Aruncus dioicus,Magnoliopsida,class
Aruncus dioicus,Rosales,order
Aruncus dioicus,Rosaceae,family
Aruncus dioicus,Aruncus,genus
Aruncus dioicus,Aruncus dioicus,species
Bistorta officinalis/B. vivipara,Plantae,kingdom
Bistorta officinalis/B. vivipara,Tracheophyta,phylum
Bistorta officinalis/B. vivipara,Magnoliopsida,class
Bistorta officinalis/B. vivipara,Caryophyllales,order
Bistorta officinalis/B. vivipara,Polygonaceae,family
Bistorta officinalis/B. vivipara,Bistorta,genus
Calystegia sepium,Plantae,kingdom
Calystegia sepium,Tracheophyta,phylum
Calystegia sepium,Magnoliopsida,class
Calystegia sepium,Solanales,order
Calystegia sepium,Convolvulaceae,family
Calystegia sepium,Calystegia,genus
Calystegia sepium,Calystegia sepium,species
Centaurea scabiosa-type,Plantae,kingdom
Centaurea scabiosa-type,Tracheophyta,phylum
Centaurea scabiosa-type,Magnoliopsida,class
Centaurea scabiosa-type,Asterales,order
Centaurea scabiosa-type,Asteraceae,family
Centaurea scabiosa-type,Centaurea,genus
Echium vulgare,Plantae,kingdom
Echium vulgare,Tracheophyta,phylum
Echium vulgare,Magnoliopsida,class
Echium vulgare,Boraginales,order
Echium vulgare,Boraginaceae,family
Echium vulgare,Echium,genus
Echium vulgare,Echium vulgare,species
Epipactis palustris,Plantae,kingdom
Epipactis palustris,Tracheophyta,phylum
Epipactis palustris,Liliopsida,class
Epipactis palustris,Asparagales,order
Epipactis palustris,Orchidaceae,family
Epipactis palustris,Epipactis,genus
Epipactis palustris,Epipactis palustris,species
Gypsophila fastigiata,Plantae,kingdom
Gypsophila fastigiata,Tracheophyta,phylum
Gypsophila fastigiata,Magnoliopsida,class
Gypsophila fastigiata,Caryophyllales,order
Gypsophila fastigiata,Caryophyllaceae,family
Gypsophila fastigiata,Gypsophila,genus
Gypsophila fastigiata,Gypsophila fastigiata,species
Helianthemum canum-type,Plantae,kingdom
Helianthemum canum-type,Tracheophyta,phylum
Helianthemum canum-type,Magnoliopsida,class
Helianthemum canum-type,Malvales,order
Helianthemum canum-type,Cistaceae,family
Helianthemum canum-type,Helianthemum,genus
Helianthemum oelandicum-type,Plantae,kingdom
Helianthemum oelandicum-type,Tracheophyta,phylum
Helianthemum oelandicum-type,Magnoliopsida,class
Helianthemum oelandicum-type,Malvales,order
Helianthemum oelandicum-type,Cistaceae,family
Helianthemum oelandicum-type,Helianthemum,genus
Linum catharticum-type,Plantae,kingdom
Linum catharticum-type,Tracheophyta,phylum
Linum catharticum-type,Magnoliopsida,class
Linum catharticum-type,Malpighiales,order
Linum catharticum-type,Linaceae,family
Linum catharticum-type,Linum,genus
Lithospermum officinale,Plantae,kingdom
Lithospermum officinale,Tracheophyta,phylum
Lithospermum officinale,Magnoliopsida,class
Lithospermum officinale,Boraginales,order
Lithospermum officinale,Boraginaceae,family
Lithospermum officinale,Lithospermum,genus
Lithospermum officinale,Lithospermum officinale,species
Loranthus europaeus,Plantae,kingdom
Loranthus europaeus,Tracheophyta,phylum
Loranthus europaeus,Magnoliopsida,class
Loranthus europaeus,Santalales,order
Loranthus europaeus,Loranthaceae,family
Loranthus europaeus,Loranthus,genus
Loranthus europaeus,Loranthus europaeus,species
Lysimachia nummularia,Plantae,kingdom
Lysimachia nummularia,Tracheophyta,phylum
Lysimachia nummularia,Magnoliopsida,class
Lysimachia nummularia,Ericales,order
Lysimachia nummularia,Primulaceae,family
Lysimachia nummularia,Lysimachia,genus
Lysimachia nummularia,Lysimachia nummularia,species
Lythrum portula,Plantae,kingdom
Lythrum portula,Tracheophyta,phylum
Lythrum portula,Magnoliopsida,class
Lythrum portula,Myrtales,order
Lythrum portula,Lythraceae,family
Lythrum portula,Lythrum,genus
Lythrum portula,Lythrum portula,species
Malus,Plantae,kingdom
Malus,Tracheophyta,phylum
Malus,Magnoliopsida,class
Malus,Rosales,order
Malus,Rosaceae,family
Malus,Malus,genus
Medicago sativa,Plantae,kingdom
Medicago sativa,Tracheophyta,phylum
Medicago sativa,Magnoliopsida,class
Medicago sativa,Fabales,order
Medicago sativa,Fabaceae,family
Medicago sativa,Medicago,genus
Medicago sativa,Medicago sativa,species
Ranunculus flammula-type,Plantae,kingdom
Ranunculus flammula-type,Tracheophyta,phylum
Ranunculus flammula-type,Magnoliopsida,class
Ranunculus flammula-type,Ranunculales,order
Ranunculus flammula-type,Ranunculaceae,family
Ranunculus flammula-type,Ranunculus,genus
Rumex acetosa/Oxyria-type,Plantae,kingdom
Rumex acetosa/Oxyria-type,Tracheophyta,phylum
Rumex acetosa/Oxyria-type,Magnoliopsida,class
Rumex acetosa/Oxyria-type,Caryophyllales,order
Rumex acetosa/Oxyria-type,Polygonaceae,family
Rumex acetosa/Oxyria-type,Rumex,genus
Rumex crispus,Plantae,kingdom
Rumex crispus,Tracheophyta,phylum
Rumex crispus,Magnoliopsida,class
Rumex crispus,Caryophyllales,order
Rumex crispus,Polygonaceae,family
Rumex crispus,Rumex,genus
Rumex crispus,Rumex crispus,species
Salix glauca-type,Plantae,kingdom
Salix glauca-type,Tracheophyta,phylum
Salix glauca-type,Magnoliopsida,class
Salix glauca-type,Malpighiales,order
Salix glauca-type,Salicaceae,family
Salix glauca-type,Salix,genus
Salix polaris-type,Plantae,kingdom
Salix polaris-type,Tracheophyta,phylum
Salix polaris-type,Magnoliopsida,class
Salix polaris-type,Malpighiales,order
Salix polaris-type,Salicaceae,family
Salix polaris-type,Salix,genus
Salvia,Plantae,kingdom
Salvia,Tracheophyta,phylum
Salvia,Magnoliopsida,class
Salvia,Lamiales,order
Salvia,Lamiaceae,family
Salvia,Salvia,genus
Scorzonera humilis-type,Plantae,kingdom
Scorzonera humilis-type,Tracheophyta,phylum
Scorzonera humilis-type,Magnoliopsida,class
Scorzonera humilis-type,Asterales,order
Scorzonera humilis-type,Asteraceae,family
Scorzonera humilis-type,Scorzonera,genus
Scrophularia,Plantae,kingdom
Scrophularia,Tracheophyta,phylum
Scrophularia,Magnoliopsida,class
Scrophularia,Lamiales,order
Scrophularia,Scrophulariaceae,family
Scrophularia,Scrophularia,genus
Solanum nigrum-type,Plantae,kingdom
Solanum nigrum-type,Tracheophyta,phylum
Solanum nigrum-type,Magnoliopsida,class
Solanum nigrum-type,Solanales,order
Solanum nigrum-type,Solanaceae,family
Solanum nigrum-type,Solanum,genus
Syringa vulgaris,Plantae,kingdom
Syringa vulgaris,Tracheophyta,phylum
Syringa vulgaris,Magnoliopsida,class
Syringa vulgaris,Lamiales,order
Syringa vulgaris,Oleaceae,family
Syringa vulgaris,Syringa,genus
Syringa vulgaris,Syringa vulgaris,species
Trifolium repens,Plantae,kingdom
Trifolium repens,Tracheophyta,phylum
Trifolium repens,Magnoliopsida,class
Trifolium repens,Fabales,order
Trifolium repens,Fabaceae,family
Trifolium repens,Trifolium,genus
Trifolium repens,Trifolium repens,species
Urtica urens,Plantae,kingdom
Urtica urens,Tracheophyta,phylum
Urtica urens,Magnoliopsida,class
Urtica urens,Rosales,order
Urtica urens,Urticaceae,family
Urtica urens,Urtica,genus
Urtica urens,Urtica urens,species
Valeriana dioica,Plantae,kingdom
Valeriana dioica,Tracheophyta,phylum
Valeriana dioica,Magnoliopsida,class
Valeriana dioica,Dipsacales,order
Valeriana dioica,Caprifoliaceae,family
Valeriana dioica,Valeriana,genus
Valeriana dioica,Valeriana dioica,species
Rosaceae (trees),Plantae,kingdom
Rosaceae (trees),Tracheophyta,phylum
Rosaceae (trees),Magnoliopsida,class
Rosaceae (trees),Rosales,order
Rosaceae (trees),Rosaceae,family
Centaurea montana,Plantae,kingdom
Centaurea montana,Tracheophyta,phylum
Centaurea montana,Magnoliopsida,class
Centaurea montana,Asterales,order
Centaurea montana,Asteraceae,family
Centaurea montana,Centaurea,genus
Centaurea montana,Centaurea montana,species
Heracleum,Plantae,kingdom
Heracleum,Tracheophyta,phylum
Heracleum,Magnoliopsida,class
Heracleum,Apiales,order
Heracleum,Apiaceae,family
Heracleum,Heracleum,genus
Lilium martagon-type,Plantae,kingdom
Lilium martagon-type,Tracheophyta,phylum
Lilium martagon-type,Liliopsida,class
Lilium martagon-type,Liliales,order
Lilium martagon-type,Liliaceae,family
Lilium martagon-type,Lilium,genus
Euphorbiaceae undiff.,Plantae,kingdom
Euphorbiaceae undiff.,Tracheophyta,phylum
Euphorbiaceae undiff.,Magnoliopsida,class
Euphorbiaceae undiff.,Malpighiales,order
Euphorbiaceae undiff.,Euphorbiaceae,family
Gentiana pneumonanthe,Plantae,kingdom
Gentiana pneumonanthe,Tracheophyta,phylum
Gentiana pneumonanthe,Magnoliopsida,class
Gentiana pneumonanthe,Gentianales,order
Gentiana pneumonanthe,Gentianaceae,family
Gentiana pneumonanthe,Gentiana,genus
Gentiana pneumonanthe,Gentiana pneumonanthe,species
Jasminum,Plantae,kingdom
Jasminum,Tracheophyta,phylum
Jasminum,Magnoliopsida,class
Jasminum,Lamiales,order
Jasminum,Oleaceae,family
Jasminum,Jasminum,genus
Solanum,Plantae,kingdom
Solanum,Tracheophyta,phylum
Solanum,Magnoliopsida,class
Solanum,Solanales,order
Solanum,Solanaceae,family
Solanum,Solanum,genus
Viola arvensis,Plantae,kingdom
Viola arvensis,Tracheophyta,phylum
Viola arvensis,Magnoliopsida,class
Viola arvensis,Malpighiales,order
Viola arvensis,Violaceae,family
Viola arvensis,Viola,genus
Viola arvensis,Viola arvensis,species
Viola riviniana,Plantae,kingdom
Viola riviniana,Tracheophyta,phylum
Viola riviniana,Magnoliopsida,class
Viola riviniana,Malpighiales,order
Viola riviniana,Violaceae,family
Viola riviniana,Viola,genus
Viola riviniana,Viola riviniana,species
Sambucus nigra/S. racemosa,Plantae,kingdom
Sambucus nigra/S. racemosa,Tracheophyta,phylum
Sambucus nigra/S. racemosa,Magnoliopsida,class
Sambucus nigra/S. racemosa,Dipsacales,order
Sambucus nigra/S. racemosa,Viburnaceae,family
Sambucus nigra/S. racemosa,Sambucus,genus
Nigella,Plantae,kingdom
Nigella,Tracheophyta,phylum
Nigella,Magnoliopsida,class
Nigella,Ranunculales,order
Nigella,Ranunculaceae,family
Nigella,Nigella,genus
Persicaria maculosa,Plantae,kingdom
Persicaria maculosa,Tracheophyta,phylum
Persicaria maculosa,Magnoliopsida,class
Persicaria maculosa,Caryophyllales,order
Persicaria maculosa,Polygonaceae,family
Persicaria maculosa,Persicaria,genus
Persicaria maculosa,Persicaria maculosa,species
Chenopodium,Plantae,kingdom
Chenopodium,Tracheophyta,phylum
Chenopodium,Magnoliopsida,class
Chenopodium,Caryophyllales,order
Chenopodium,Amaranthaceae,family
Chenopodium,Chenopodium,genus
Fraxinus ornus,Plantae,kingdom
Fraxinus ornus,Tracheophyta,phylum
Fraxinus ornus,Magnoliopsida,class
Fraxinus ornus,Lamiales,order
Fraxinus ornus,Oleaceae,family
Fraxinus ornus,Fraxinus,genus
Fraxinus ornus,Fraxinus ornus,species
Genista,Plantae,kingdom
Genista,Tracheophyta,phylum
Genista,Magnoliopsida,class
Genista,Fabales,order
Genista,Fabaceae,family
Genista,Genista,genus
Pinus pinaster-type,Plantae,kingdom
Pinus pinaster-type,Tracheophyta,phylum
Pinus pinaster-type,Pinopsida,class
Pinus pinaster-type,Pinales,order
Pinus pinaster-type,Pinaceae,family
Pinus pinaster-type,Pinus,genus
Quercus coccifera,Plantae,kingdom
Quercus coccifera,Tracheophyta,phylum
Quercus coccifera,Magnoliopsida,class
Quercus coccifera,Fagales,order
Quercus coccifera,Fagaceae,family
Quercus coccifera,Quercus,genus
Quercus coccifera,Quercus coccifera,species
Bruckenthalia,Plantae,kingdom
Bruckenthalia,Tracheophyta,phylum
Bruckenthalia,Magnoliopsida,class
Bruckenthalia,Ericales,order
Bruckenthalia,Ericaceae,family
Bruckenthalia,Erica,genus
Cornus mas,Plantae,kingdom
Cornus mas,Tracheophyta,phylum
Cornus mas,Magnoliopsida,class
Cornus mas,Cornales,order
Cornus mas,Cornaceae,family
Cornus mas,Cornus,genus
Cornus mas,Cornus mas,species
Rheum,Plantae,kingdom
Rheum,Tracheophyta,phylum
Rheum,Magnoliopsida,class
Rheum,Caryophyllales,order
Rheum,Polygonaceae,family
Rheum,Rheum,genus
Apium,Plantae,kingdom
Apium,Tracheophyta,phylum
Apium,Magnoliopsida,class
Apium,Apiales,order
Apium,Apiaceae,family
Apium,Apium,genus
Araliaceae undiff.,Plantae,kingdom
Araliaceae undiff.,Tracheophyta,phylum
Araliaceae undiff.,Magnoliopsida,class
Araliaceae undiff.,Apiales,order
Araliaceae undiff.,Araliaceae,family
Astrantia major,Plantae,kingdom
Astrantia major,Tracheophyta,phylum
Astrantia major,Magnoliopsida,class
Astrantia major,Apiales,order
Astrantia major,Apiaceae,family
Astrantia major,Astrantia,genus
Astrantia major,Astrantia major,species
Bryonia,Plantae,kingdom
Bryonia,Tracheophyta,phylum
Bryonia,Magnoliopsida,class
Bryonia,Cucurbitales,order
Bryonia,Cucurbitaceae,family
Bryonia,Bryonia,genus
Chelidonium majus,Plantae,kingdom
Chelidonium majus,Tracheophyta,phylum
Chelidonium majus,Magnoliopsida,class
Chelidonium majus,Ranunculales,order
Chelidonium majus,Papaveraceae,family
Chelidonium majus,Chelidonium,genus
Chelidonium majus,Chelidonium majus,species
Cornus mas-type,Plantae,kingdom
Cornus mas-type,Tracheophyta,phylum
Cornus mas-type,Magnoliopsida,class
Cornus mas-type,Cornales,order
Cornus mas-type,Cornaceae,family
Cornus mas-type,Cornus,genus
Euonymus europaeus,Plantae,kingdom
Euonymus europaeus,Tracheophyta,phylum
Euonymus europaeus,Magnoliopsida,class
Euonymus europaeus,Celastrales,order
Euonymus europaeus,Celastraceae,family
Euonymus europaeus,Euonymus,genus
Euonymus europaeus,Euonymus europaeus,species
Fallopia convolvulus,Plantae,kingdom
Fallopia convolvulus,Tracheophyta,phylum
Fallopia convolvulus,Magnoliopsida,class
Fallopia convolvulus,Caryophyllales,order
Fallopia convolvulus,Polygonaceae,family
Fallopia convolvulus,Fallopia,genus
Fallopia convolvulus,Fallopia convolvulus,species
Hippocrepis,Plantae,kingdom
Hippocrepis,Tracheophyta,phylum
Hippocrepis,Magnoliopsida,class
Hippocrepis,Fabales,order
Hippocrepis,Fabaceae,family
Hippocrepis,Hippocrepis,genus
Hippocrepis,Animalia,kingdom
Hippocrepis,Platyhelminthes,phylum
Hippocrepis,Trematoda,class
Hippocrepis,Plagiorchiida,order
Hippocrepis,Notocotylidae,family
Hippocrepis,Hippocrepis,genus
Linum alpinum-type,Plantae,kingdom
Linum alpinum-type,Tracheophyta,phylum
Linum alpinum-type,Magnoliopsida,class
Linum alpinum-type,Malpighiales,order
Linum alpinum-type,Linaceae,family
Linum alpinum-type,Linum,genus
Oxalis acetosella,Plantae,kingdom
Oxalis acetosella,Tracheophyta,phylum
Oxalis acetosella,Magnoliopsida,class
Oxalis acetosella,Oxalidales,order
Oxalis acetosella,Oxalidaceae,family
Oxalis acetosella,Oxalis,genus
Oxalis acetosella,Oxalis acetosella,species
Papaver argemone-type,Plantae,kingdom
Papaver argemone-type,Tracheophyta,phylum
Papaver argemone-type,Magnoliopsida,class
Papaver argemone-type,Ranunculales,order
Papaver argemone-type,Papaveraceae,family
Papaver argemone-type,Papaver,genus
Trifolium spadiceum,Plantae,kingdom
Trifolium spadiceum,Tracheophyta,phylum
Trifolium spadiceum,Magnoliopsida,class
Trifolium spadiceum,Fabales,order
Trifolium spadiceum,Fabaceae,family
Trifolium spadiceum,Trifolium,genus
Trifolium spadiceum,Trifolium spadiceum,species
Anemone nemorosa,Plantae,kingdom
Anemone nemorosa,Tracheophyta,phylum
Anemone nemorosa,Magnoliopsida,class
Anemone nemorosa,Ranunculales,order
Anemone nemorosa,Ranunculaceae,family
Anemone nemorosa,Anemone,genus
Anemone nemorosa,Anemone nemorosa,species
Poaceae undiff. (>40 µm),Plantae,kingdom
Poaceae undiff. (>40 µm),Tracheophyta,phylum
Poaceae undiff. (>40 µm),Liliopsida,class
Poaceae undiff. (>40 µm),Poales,order
Poaceae undiff. (>40 µm),Poaceae,family
Poaceae undiff. (<40 µm),Plantae,kingdom
Poaceae undiff. (<40 µm),Tracheophyta,phylum
Poaceae undiff. (<40 µm),Liliopsida,class
Poaceae undiff. (<40 µm),Poales,order
Poaceae undiff. (<40 µm),Poaceae,family
Rumex acetosa/R. acetosella,Plantae,kingdom
Rumex acetosa/R. acetosella,Tracheophyta,phylum
Rumex acetosa/R. acetosella,Magnoliopsida,class
Rumex acetosa/R. acetosella,Caryophyllales,order
Rumex acetosa/R. acetosella,Polygonaceae,family
Rumex acetosa/R. acetosella,Rumex,genus
Stachys sylvatica,Plantae,kingdom
Stachys sylvatica,Tracheophyta,phylum
Stachys sylvatica,Magnoliopsida,class
Stachys sylvatica,Lamiales,order
Stachys sylvatica,Lamiaceae,family
Stachys sylvatica,Stachys,genus
Stachys sylvatica,Stachys sylvatica,species
Armeria maritima (type B),Plantae,kingdom
Armeria maritima (type B),Tracheophyta,phylum
Armeria maritima (type B),Magnoliopsida,class
Armeria maritima (type B),Caryophyllales,order
Armeria maritima (type B),Plumbaginaceae,family
Armeria maritima (type B),Armeria,genus
Armeria maritima (type B),Armeria maritima,species
Cuscuta lupuliformis,Plantae,kingdom
Cuscuta lupuliformis,Tracheophyta,phylum
Cuscuta lupuliformis,Magnoliopsida,class
Cuscuta lupuliformis,Solanales,order
Cuscuta lupuliformis,Convolvulaceae,family
Cuscuta lupuliformis,Cuscuta,genus
Cuscuta lupuliformis,Cuscuta lupuliformis,species
Helianthemum undiff.,Plantae,kingdom
Helianthemum undiff.,Tracheophyta,phylum
Helianthemum undiff.,Magnoliopsida,class
Helianthemum undiff.,Malvales,order
Helianthemum undiff.,Cistaceae,family
Helianthemum undiff.,Helianthemum,genus
Spergula arvensis-type,Plantae,kingdom
Spergula arvensis-type,Tracheophyta,phylum
Spergula arvensis-type,Magnoliopsida,class
Spergula arvensis-type,Caryophyllales,order
Spergula arvensis-type,Caryophyllaceae,family
Spergula arvensis-type,Spergula,genus
Verbena officinalis,Plantae,kingdom
Verbena officinalis,Tracheophyta,phylum
Verbena officinalis,Magnoliopsida,class
Verbena officinalis,Lamiales,order
Verbena officinalis,Verbenaceae,family
Verbena officinalis,Verbena,genus
Verbena officinalis,Verbena officinalis,species
Agrostemma githago,Plantae,kingdom
Agrostemma githago,Tracheophyta,phylum
Agrostemma githago,Magnoliopsida,class
Agrostemma githago,Caryophyllales,order
Agrostemma githago,Caryophyllaceae,family
Agrostemma githago,Agrostemma,genus
Agrostemma githago,Agrostemma githago,species
Cornus cf. C. suecica,Plantae,kingdom
Cornus cf. C. suecica,Tracheophyta,phylum
Cornus cf. C. suecica,Magnoliopsida,class
Cornus cf. C. suecica,Cornales,order
Cornus cf. C. suecica,Cornaceae,family
Cornus cf. C. suecica,Cornus,genus
Gentianella campestris,Plantae,kingdom
Gentianella campestris,Tracheophyta,phylum
Gentianella campestris,Magnoliopsida,class
Gentianella campestris,Gentianales,order
Gentianella campestris,Gentianaceae,family
Gentianella campestris,Gentianella,genus
Gentianella campestris,Gentianella campestris,species
Hystrix,Animalia,kingdom
Hystrix,Chordata,phylum
Hystrix,Mammalia,class
Hystrix,Rodentia,order
Hystrix,Hystricidae,family
Hystrix,Hystrix,genus
Primula vulgaris-type,Plantae,kingdom
Primula vulgaris-type,Tracheophyta,phylum
Primula vulgaris-type,Magnoliopsida,class
Primula vulgaris-type,Ericales,order
Primula vulgaris-type,Primulaceae,family
Primula vulgaris-type,Primula,genus
Sambucus cf. S. racemosa,Plantae,kingdom
Sambucus cf. S. racemosa,Tracheophyta,phylum
Sambucus cf. S. racemosa,Magnoliopsida,class
Sambucus cf. S. racemosa,Dipsacales,order
Sambucus cf. S. racemosa,Viburnaceae,family
Sambucus cf. S. racemosa,Sambucus,genus
Saxifraga cf. S. nivalis,Plantae,kingdom
Saxifraga cf. S. nivalis,Tracheophyta,phylum
Saxifraga cf. S. nivalis,Magnoliopsida,class
Saxifraga cf. S. nivalis,Saxifragales,order
Saxifraga cf. S. nivalis,Saxifragaceae,family
Saxifraga cf. S. nivalis,Saxifraga,genus
Stellaria cf. S. palustris,Plantae,kingdom
Stellaria cf. S. palustris,Tracheophyta,phylum
Stellaria cf. S. palustris,Magnoliopsida,class
Stellaria cf. S. palustris,Caryophyllales,order
Stellaria cf. S. palustris,Caryophyllaceae,family
Stellaria cf. S. palustris,Stellaria,genus
Stellaria cf. S. palustris,Animalia,kingdom
Stellaria cf. S. palustris,Mollusca,phylum
Stellaria cf. S. palustris,Gastropoda,class
Stellaria cf. S. palustris,Littorinimorpha,order
Stellaria cf. S. palustris,Xenophoridae,family
Stellaria cf. S. palustris,Stellaria,genus
Stellaria graminea,Plantae,kingdom
Stellaria graminea,Tracheophyta,phylum
Stellaria graminea,Magnoliopsida,class
Stellaria graminea,Caryophyllales,order
Stellaria graminea,Caryophyllaceae,family
Stellaria graminea,Stellaria,genus
Stellaria graminea,Stellaria graminea,species
Carex hirta-type,Plantae,kingdom
Carex hirta-type,Tracheophyta,phylum
Carex hirta-type,Liliopsida,class
Carex hirta-type,Poales,order
Carex hirta-type,Cyperaceae,family
Carex hirta-type,Carex,genus
Caryophyllaceae cf. Silene latifolia subsp. alba,Plantae,kingdom
Caryophyllaceae cf. Silene latifolia subsp. alba,Tracheophyta,phylum
Caryophyllaceae cf. Silene latifolia subsp. alba,Magnoliopsida,class
Caryophyllaceae cf. Silene latifolia subsp. alba,Caryophyllales,order
Caryophyllaceae cf. Silene latifolia subsp. alba,Caryophyllaceae,family
Gypsophila muralis,Plantae,kingdom
Gypsophila muralis,Tracheophyta,phylum
Gypsophila muralis,Magnoliopsida,class
Gypsophila muralis,Caryophyllales,order
Gypsophila muralis,Caryophyllaceae,family
Gypsophila muralis,Psammophiliella,genus
Gypsophila muralis,Psammophiliella muralis,species
Melilotus officinalis,Plantae,kingdom
Melilotus officinalis,Tracheophyta,phylum
Melilotus officinalis,Magnoliopsida,class
Melilotus officinalis,Fabales,order
Melilotus officinalis,Fabaceae,family
Melilotus officinalis,Melilotus,genus
Melilotus officinalis,Melilotus officinalis,species
Pyrola,Plantae,kingdom
Pyrola,Tracheophyta,phylum
Pyrola,Magnoliopsida,class
Pyrola,Ericales,order
Pyrola,Ericaceae,family
Pyrola,Pyrola,genus
Stellaria,Plantae,kingdom
Stellaria,Tracheophyta,phylum
Stellaria,Magnoliopsida,class
Stellaria,Caryophyllales,order
Stellaria,Caryophyllaceae,family
Stellaria,Stellaria,genus
Stellaria,Animalia,kingdom
Stellaria,Mollusca,phylum
Stellaria,Gastropoda,class
Stellaria,Littorinimorpha,order
Stellaria,Xenophoridae,family
Stellaria,Stellaria,genus
Stellaria cf. S. media,Plantae,kingdom
Stellaria cf. S. media,Tracheophyta,phylum
Stellaria cf. S. media,Magnoliopsida,class
Stellaria cf. S. media,Caryophyllales,order
Stellaria cf. S. media,Caryophyllaceae,family
Stellaria cf. S. media,Stellaria,genus
Stellaria cf. S. media,Animalia,kingdom
Stellaria cf. S. media,Mollusca,phylum
Stellaria cf. S. media,Gastropoda,class
Stellaria cf. S. media,Littorinimorpha,order
Stellaria cf. S. media,Xenophoridae,family
Stellaria cf. S. media,Stellaria,genus
Allium vineale-type,Plantae,kingdom
Allium vineale-type,Tracheophyta,phylum
Allium vineale-type,Liliopsida,class
Allium vineale-type,Asparagales,order
Allium vineale-type,Amaryllidaceae,family
Allium vineale-type,Allium,genus
Armeria maritima subsp. elongata,Plantae,kingdom
Armeria maritima subsp. elongata,Tracheophyta,phylum
Armeria maritima subsp. elongata,Magnoliopsida,class
Armeria maritima subsp. elongata,Caryophyllales,order
Armeria maritima subsp. elongata,Plumbaginaceae,family
Armeria maritima subsp. elongata,Armeria,genus
Armeria maritima subsp. elongata,Armeria maritima,species
Armeria maritima subsp. elongata,Armeria maritima elongata,subspecies
Iris pseudacorus,Plantae,kingdom
Iris pseudacorus,Tracheophyta,phylum
Iris pseudacorus,Liliopsida,class
Iris pseudacorus,Asparagales,order
Iris pseudacorus,Iridaceae,family
Iris pseudacorus,Iris,genus
Iris pseudacorus,Iris pseudacorus,species
Papaver argemone,Plantae,kingdom
Papaver argemone,Tracheophyta,phylum
Papaver argemone,Magnoliopsida,class
Papaver argemone,Ranunculales,order
Papaver argemone,Papaveraceae,family
Papaver argemone,Roemeria,genus
Papaver argemone,Roemeria argemone,species
Polygala vulgaris,Plantae,kingdom
Polygala vulgaris,Tracheophyta,phylum
Polygala vulgaris,Magnoliopsida,class
Polygala vulgaris,Fabales,order
Polygala vulgaris,Polygalaceae,family
Polygala vulgaris,Polygala,genus
Polygala vulgaris,Polygala vulgaris,species
Rumex conglomeratus-type,Plantae,kingdom
Rumex conglomeratus-type,Tracheophyta,phylum
Rumex conglomeratus-type,Magnoliopsida,class
Rumex conglomeratus-type,Caryophyllales,order
Rumex conglomeratus-type,Polygonaceae,family
Rumex conglomeratus-type,Rumex,genus
Saxifraga cf. S. aizoides,Plantae,kingdom
Saxifraga cf. S. aizoides,Tracheophyta,phylum
Saxifraga cf. S. aizoides,Magnoliopsida,class
Saxifraga cf. S. aizoides,Saxifragales,order
Saxifraga cf. S. aizoides,Saxifragaceae,family
Saxifraga cf. S. aizoides,Saxifraga,genus
Trifolium pratense,Plantae,kingdom
Trifolium pratense,Tracheophyta,phylum
Trifolium pratense,Magnoliopsida,class
Trifolium pratense,Fabales,order
Trifolium pratense,Fabaceae,family
Trifolium pratense,Trifolium,genus
Trifolium pratense,Trifolium pratense,species
Chenopodium album,Plantae,kingdom
Chenopodium album,Tracheophyta,phylum
Chenopodium album,Magnoliopsida,class
Chenopodium album,Caryophyllales,order
Chenopodium album,Amaranthaceae,family
Chenopodium album,Chenopodium,genus
Chenopodium album,Chenopodium album,species
Fumaria,Plantae,kingdom
Fumaria,Tracheophyta,phylum
Fumaria,Magnoliopsida,class
Fumaria,Ranunculales,order
Fumaria,Papaveraceae,family
Fumaria,Fumaria,genus
Pimpinella,Plantae,kingdom
Pimpinella,Tracheophyta,phylum
Pimpinella,Magnoliopsida,class
Pimpinella,Apiales,order
Pimpinella,Apiaceae,family
Pimpinella,Pimpinella,genus
Scabiosa columbaria,Plantae,kingdom
Scabiosa columbaria,Tracheophyta,phylum
Scabiosa columbaria,Magnoliopsida,class
Scabiosa columbaria,Dipsacales,order
Scabiosa columbaria,Caprifoliaceae,family
Scabiosa columbaria,Scabiosa,genus
Scabiosa columbaria,Scabiosa columbaria,species
Valerianella dentata,Plantae,kingdom
Valerianella dentata,Tracheophyta,phylum
Valerianella dentata,Magnoliopsida,class
Valerianella dentata,Dipsacales,order
Valerianella dentata,Caprifoliaceae,family
Valerianella dentata,Valerianella,genus
Valerianella dentata,Valerianella dentata,species
Hornungia,Plantae,kingdom
Hornungia,Tracheophyta,phylum
Hornungia,Magnoliopsida,class
Hornungia,Brassicales,order
Hornungia,Brassicaceae,family
Hornungia,Hornungia,genus
Listera,Plantae,kingdom
Listera,Plantae,kingdom
Listera,Tracheophyta,phylum
Listera,Tracheophyta,phylum
Listera,Liliopsida,class
Listera,Liliopsida,class
Listera,Asparagales,order
Listera,Asparagales,order
Listera,Orchidaceae,family
Listera,Orchidaceae,family
Listera,Neottia,genus
Listera,Neottia,genus
Listera,Plantae,kingdom
Listera,Plantae,kingdom
Listera,Tracheophyta,phylum
Listera,Tracheophyta,phylum
Listera,Magnoliopsida,class
Listera,Magnoliopsida,class
Listera,Fabales,order
Listera,Fabales,order
Listera,Fabaceae,family
Listera,Fabaceae,family
Listera,Genista,genus
Listera,Genista,genus
Listera,Animalia,kingdom
Listera,Animalia,kingdom
Listera,Mollusca,phylum
Listera,Mollusca,phylum
Listera,Bivalvia,class
Listera,Bivalvia,class
Listera,Cardiida,order
Listera,Cardiida,order
Listera,Semelidae,family
Listera,Semelidae,family
Listera,Scrobicularia,genus
Listera,Scrobicularia,genus
Listera,Bacteria,kingdom
Listera,Bacteria,kingdom
Listera,Firmicutes,phylum
Listera,Firmicutes,phylum
Listera,Bacilli,class
Listera,Bacilli,class
Listera,Lactobacillales,order
Listera,Lactobacillales,order
Listera,Listeriaceae,family
Listera,Listeriaceae,family
Listera,Listeria,genus
Listera,Listeria,genus
Listera,Listeria spec.,species
Listera,Listeria spec.,species
Poaceae (large),Plantae,kingdom
Poaceae (large),Tracheophyta,phylum
Poaceae (large),Liliopsida,class
Poaceae (large),Poales,order
Poaceae (large),Poaceae,family
Anthriscus sylvestris,Plantae,kingdom
Anthriscus sylvestris,Tracheophyta,phylum
Anthriscus sylvestris,Magnoliopsida,class
Anthriscus sylvestris,Apiales,order
Anthriscus sylvestris,Apiaceae,family
Anthriscus sylvestris,Anthriscus,genus
Anthriscus sylvestris,Anthriscus sylvestris,species
Calluna vulgaris-type,Plantae,kingdom
Calluna vulgaris-type,Tracheophyta,phylum
Calluna vulgaris-type,Magnoliopsida,class
Calluna vulgaris-type,Ericales,order
Calluna vulgaris-type,Ericaceae,family
Calluna vulgaris-type,Calluna,genus
Centaurea montana/Cyanus triumfettii,Plantae,kingdom
Centaurea montana/Cyanus triumfettii,Tracheophyta,phylum
Centaurea montana/Cyanus triumfettii,Magnoliopsida,class
Centaurea montana/Cyanus triumfettii,Asterales,order
Centaurea montana/Cyanus triumfettii,Asteraceae,family
Centaurea montana/Cyanus triumfettii,Centaurea,genus
Cerastium fontanum-type,Plantae,kingdom
Cerastium fontanum-type,Tracheophyta,phylum
Cerastium fontanum-type,Magnoliopsida,class
Cerastium fontanum-type,Caryophyllales,order
Cerastium fontanum-type,Caryophyllaceae,family
Cerastium fontanum-type,Cerastium,genus
Cornus sanguinea-type,Plantae,kingdom
Cornus sanguinea-type,Tracheophyta,phylum
Cornus sanguinea-type,Magnoliopsida,class
Cornus sanguinea-type,Cornales,order
Cornus sanguinea-type,Cornaceae,family
Cornus sanguinea-type,Cornus,genus
Falcaria vulgaris-type,Animalia,kingdom
Falcaria vulgaris-type,Arthropoda,phylum
Falcaria vulgaris-type,Insecta,class
Falcaria vulgaris-type,Lepidoptera,order
Falcaria vulgaris-type,Drepanidae,family
Falcaria vulgaris-type,Falcaria,genus
Falcaria vulgaris-type,Plantae,kingdom
Falcaria vulgaris-type,Tracheophyta,phylum
Falcaria vulgaris-type,Magnoliopsida,class
Falcaria vulgaris-type,Apiales,order
Falcaria vulgaris-type,Apiaceae,family
Falcaria vulgaris-type,Falcaria,genus
Fraxinus excelsior-type,Plantae,kingdom
Fraxinus excelsior-type,Tracheophyta,phylum
Fraxinus excelsior-type,Magnoliopsida,class
Fraxinus excelsior-type,Lamiales,order
Fraxinus excelsior-type,Oleaceae,family
Fraxinus excelsior-type,Fraxinus,genus
Herniaria glabra-type,Plantae,kingdom
Herniaria glabra-type,Tracheophyta,phylum
Herniaria glabra-type,Magnoliopsida,class
Herniaria glabra-type,Caryophyllales,order
Herniaria glabra-type,Caryophyllaceae,family
Herniaria glabra-type,Herniaria,genus
Ilex aquifolium-type,Plantae,kingdom
Ilex aquifolium-type,Tracheophyta,phylum
Ilex aquifolium-type,Magnoliopsida,class
Ilex aquifolium-type,Aquifoliales,order
Ilex aquifolium-type,Aquifoliaceae,family
Ilex aquifolium-type,Ilex,genus
Laurus,Plantae,kingdom
Laurus,Tracheophyta,phylum
Laurus,Magnoliopsida,class
Laurus,Laurales,order
Laurus,Lauraceae,family
Laurus,Laurus,genus
Ligusticum mutellina,Plantae,kingdom
Ligusticum mutellina,Tracheophyta,phylum
Ligusticum mutellina,Magnoliopsida,class
Ligusticum mutellina,Apiales,order
Ligusticum mutellina,Apiaceae,family
Ligusticum mutellina,Mutellina,genus
Ligusticum mutellina,Mutellina adonidifolia,species
Linum austriacum-type,Plantae,kingdom
Linum austriacum-type,Tracheophyta,phylum
Linum austriacum-type,Magnoliopsida,class
Linum austriacum-type,Malpighiales,order
Linum austriacum-type,Linaceae,family
Linum austriacum-type,Linum,genus
Morus alba,Plantae,kingdom
Morus alba,Tracheophyta,phylum
Morus alba,Magnoliopsida,class
Morus alba,Rosales,order
Morus alba,Moraceae,family
Morus alba,Morus,genus
Morus alba,Morus alba,species
Pentaglottis sempervirens,Plantae,kingdom
Pentaglottis sempervirens,Tracheophyta,phylum
Pentaglottis sempervirens,Magnoliopsida,class
Pentaglottis sempervirens,Boraginales,order
Pentaglottis sempervirens,Boraginaceae,family
Pentaglottis sempervirens,Pentaglottis,genus
Pentaglottis sempervirens,Pentaglottis sempervirens,species
Pinus sylvestris-type,Plantae,kingdom
Pinus sylvestris-type,Tracheophyta,phylum
Pinus sylvestris-type,Pinopsida,class
Pinus sylvestris-type,Pinales,order
Pinus sylvestris-type,Pinaceae,family
Pinus sylvestris-type,Pinus,genus
Sambucus racemosa,Plantae,kingdom
Sambucus racemosa,Tracheophyta,phylum
Sambucus racemosa,Magnoliopsida,class
Sambucus racemosa,Dipsacales,order
Sambucus racemosa,Viburnaceae,family
Sambucus racemosa,Sambucus,genus
Sambucus racemosa,Sambucus racemosa,species
Saxifraga granulata,Plantae,kingdom
Saxifraga granulata,Tracheophyta,phylum
Saxifraga granulata,Magnoliopsida,class
Saxifraga granulata,Saxifragales,order
Saxifraga granulata,Saxifragaceae,family
Saxifraga granulata,Saxifraga,genus
Saxifraga granulata,Saxifraga granulata,species
Sorbus aucuparia-type,Plantae,kingdom
Sorbus aucuparia-type,Tracheophyta,phylum
Sorbus aucuparia-type,Magnoliopsida,class
Sorbus aucuparia-type,Rosales,order
Sorbus aucuparia-type,Rosaceae,family
Sorbus aucuparia-type,Sorbus,genus
Trifolium badium-type,Plantae,kingdom
Trifolium badium-type,Tracheophyta,phylum
Trifolium badium-type,Magnoliopsida,class
Trifolium badium-type,Fabales,order
Trifolium badium-type,Fabaceae,family
Trifolium badium-type,Trifolium,genus
Trifolium badium-type,Animalia,kingdom
Trifolium badium-type,Platyhelminthes,phylum
Trifolium badium-type,Trematoda,class
Trifolium badium-type,Plagiorchiida,order
Trifolium badium-type,Psilostomidae,family
Trifolium badium-type,Trifolium,genus
Berberis vulgaris,Plantae,kingdom
Berberis vulgaris,Tracheophyta,phylum
Berberis vulgaris,Magnoliopsida,class
Berberis vulgaris,Ranunculales,order
Berberis vulgaris,Berberidaceae,family
Berberis vulgaris,Berberis,genus
Berberis vulgaris,Berberis vulgaris,species
Betula cf. B. nana,Plantae,kingdom
Betula cf. B. nana,Tracheophyta,phylum
Betula cf. B. nana,Magnoliopsida,class
Betula cf. B. nana,Fagales,order
Betula cf. B. nana,Betulaceae,family
Betula cf. B. nana,Betula,genus
Corydalis,Plantae,kingdom
Corydalis,Tracheophyta,phylum
Corydalis,Magnoliopsida,class
Corydalis,Ranunculales,order
Corydalis,Papaveraceae,family
Corydalis,Corydalis,genus
Cyperus,Plantae,kingdom
Cyperus,Tracheophyta,phylum
Cyperus,Liliopsida,class
Cyperus,Poales,order
Cyperus,Cyperaceae,family
Cyperus,Cyperus,genus
Empetrum cf. E. nigrum,Plantae,kingdom
Empetrum cf. E. nigrum,Tracheophyta,phylum
Empetrum cf. E. nigrum,Magnoliopsida,class
Empetrum cf. E. nigrum,Ericales,order
Empetrum cf. E. nigrum,Ericaceae,family
Empetrum cf. E. nigrum,Empetrum,genus
Gypsophila fastigiata-type,Plantae,kingdom
Gypsophila fastigiata-type,Tracheophyta,phylum
Gypsophila fastigiata-type,Magnoliopsida,class
Gypsophila fastigiata-type,Caryophyllales,order
Gypsophila fastigiata-type,Caryophyllaceae,family
Gypsophila fastigiata-type,Gypsophila,genus
Populus tremula-type,Plantae,kingdom
Populus tremula-type,Tracheophyta,phylum
Populus tremula-type,Magnoliopsida,class
Populus tremula-type,Malpighiales,order
Populus tremula-type,Salicaceae,family
Populus tremula-type,Populus,genus
Silene undiff.,Plantae,kingdom
Silene undiff.,Tracheophyta,phylum
Silene undiff.,Magnoliopsida,class
Silene undiff.,Caryophyllales,order
Silene undiff.,Caryophyllaceae,family
Silene undiff.,Silene,genus
Urtica cf. U. dioica,Plantae,kingdom
Urtica cf. U. dioica,Tracheophyta,phylum
Urtica cf. U. dioica,Magnoliopsida,class
Urtica cf. U. dioica,Rosales,order
Urtica cf. U. dioica,Urticaceae,family
Urtica cf. U. dioica,Urtica,genus
Buxus sempervirens,Plantae,kingdom
Buxus sempervirens,Tracheophyta,phylum
Buxus sempervirens,Magnoliopsida,class
Buxus sempervirens,Buxales,order
Buxus sempervirens,Buxaceae,family
Buxus sempervirens,Buxus,genus
Buxus sempervirens,Buxus sempervirens,species
Fallopia convolvulus/F. dumetorum,Plantae,kingdom
Fallopia convolvulus/F. dumetorum,Tracheophyta,phylum
Fallopia convolvulus/F. dumetorum,Magnoliopsida,class
Fallopia convolvulus/F. dumetorum,Caryophyllales,order
Fallopia convolvulus/F. dumetorum,Polygonaceae,family
Fallopia convolvulus/F. dumetorum,Fallopia,genus
Polygonatum verticillatum,Plantae,kingdom
Polygonatum verticillatum,Tracheophyta,phylum
Polygonatum verticillatum,Liliopsida,class
Polygonatum verticillatum,Asparagales,order
Polygonatum verticillatum,Asparagaceae,family
Polygonatum verticillatum,Polygonatum,genus
Polygonatum verticillatum,Polygonatum verticillatum,species
Primula farinosa-type,Plantae,kingdom
Primula farinosa-type,Tracheophyta,phylum
Primula farinosa-type,Magnoliopsida,class
Primula farinosa-type,Ericales,order
Primula farinosa-type,Primulaceae,family
Primula farinosa-type,Primula,genus
Rumex cf. R. obtusifolius,Plantae,kingdom
Rumex cf. R. obtusifolius,Tracheophyta,phylum
Rumex cf. R. obtusifolius,Magnoliopsida,class
Rumex cf. R. obtusifolius,Caryophyllales,order
Rumex cf. R. obtusifolius,Polygonaceae,family
Rumex cf. R. obtusifolius,Rumex,genus
Sambucus cf. S. nigra,Plantae,kingdom
Sambucus cf. S. nigra,Tracheophyta,phylum
Sambucus cf. S. nigra,Magnoliopsida,class
Sambucus cf. S. nigra,Dipsacales,order
Sambucus cf. S. nigra,Viburnaceae,family
Sambucus cf. S. nigra,Sambucus,genus
Saxifraga cf. S. hirculus,Plantae,kingdom
Saxifraga cf. S. hirculus,Tracheophyta,phylum
Saxifraga cf. S. hirculus,Magnoliopsida,class
Saxifraga cf. S. hirculus,Saxifragales,order
Saxifraga cf. S. hirculus,Saxifragaceae,family
Saxifraga cf. S. hirculus,Saxifraga,genus
Staphylea,Plantae,kingdom
Staphylea,Tracheophyta,phylum
Staphylea,Magnoliopsida,class
Staphylea,Crossosomatales,order
Staphylea,Staphyleaceae,family
Staphylea,Staphylea,genus
Syringa,Plantae,kingdom
Syringa,Tracheophyta,phylum
Syringa,Magnoliopsida,class
Syringa,Lamiales,order
Syringa,Oleaceae,family
Syringa,Syringa,genus
Anthyllis,Plantae,kingdom
Anthyllis,Tracheophyta,phylum
Anthyllis,Magnoliopsida,class
Anthyllis,Fabales,order
Anthyllis,Fabaceae,family
Anthyllis,Anthyllis,genus
Arnica montana,Plantae,kingdom
Arnica montana,Tracheophyta,phylum
Arnica montana,Magnoliopsida,class
Arnica montana,Asterales,order
Arnica montana,Asteraceae,family
Arnica montana,Arnica,genus
Arnica montana,Arnica montana,species
Astragalus alpinus-type,Plantae,kingdom
Astragalus alpinus-type,Tracheophyta,phylum
Astragalus alpinus-type,Magnoliopsida,class
Astragalus alpinus-type,Fabales,order
Astragalus alpinus-type,Fabaceae,family
Astragalus alpinus-type,Astragalus,genus
Bellis,Plantae,kingdom
Bellis,Tracheophyta,phylum
Bellis,Magnoliopsida,class
Bellis,Asterales,order
Bellis,Asteraceae,family
Bellis,Bellis,genus
Cerastium arvense-type,Plantae,kingdom
Cerastium arvense-type,Tracheophyta,phylum
Cerastium arvense-type,Magnoliopsida,class
Cerastium arvense-type,Caryophyllales,order
Cerastium arvense-type,Caryophyllaceae,family
Cerastium arvense-type,Cerastium,genus
Convallaria majalis,Plantae,kingdom
Convallaria majalis,Tracheophyta,phylum
Convallaria majalis,Liliopsida,class
Convallaria majalis,Asparagales,order
Convallaria majalis,Asparagaceae,family
Convallaria majalis,Convallaria,genus
Convallaria majalis,Convallaria majalis,species
Cytisus scoparius,Plantae,kingdom
Cytisus scoparius,Tracheophyta,phylum
Cytisus scoparius,Magnoliopsida,class
Cytisus scoparius,Fabales,order
Cytisus scoparius,Fabaceae,family
Cytisus scoparius,Cytisus,genus
Cytisus scoparius,Cytisus scoparius,species
Daucus carota,Plantae,kingdom
Daucus carota,Tracheophyta,phylum
Daucus carota,Magnoliopsida,class
Daucus carota,Apiales,order
Daucus carota,Apiaceae,family
Daucus carota,Daucus,genus
Daucus carota,Daucus carota,species
Dianthus superbus-type,Plantae,kingdom
Dianthus superbus-type,Tracheophyta,phylum
Dianthus superbus-type,Magnoliopsida,class
Dianthus superbus-type,Caryophyllales,order
Dianthus superbus-type,Caryophyllaceae,family
Dianthus superbus-type,Dianthus,genus
Erigeron,Plantae,kingdom
Erigeron,Tracheophyta,phylum
Erigeron,Magnoliopsida,class
Erigeron,Asterales,order
Erigeron,Asteraceae,family
Erigeron,Erigeron,genus
Homogyne,Plantae,kingdom
Homogyne,Tracheophyta,phylum
Homogyne,Magnoliopsida,class
Homogyne,Asterales,order
Homogyne,Asteraceae,family
Homogyne,Homogyne,genus
Lonicera xylosteum-type,Plantae,kingdom
Lonicera xylosteum-type,Tracheophyta,phylum
Lonicera xylosteum-type,Magnoliopsida,class
Lonicera xylosteum-type,Dipsacales,order
Lonicera xylosteum-type,Caprifoliaceae,family
Lonicera xylosteum-type,Lonicera,genus
Medicago falcata-type,Plantae,kingdom
Medicago falcata-type,Tracheophyta,phylum
Medicago falcata-type,Magnoliopsida,class
Medicago falcata-type,Fabales,order
Medicago falcata-type,Fabaceae,family
Medicago falcata-type,Medicago,genus
Mercurialis annua,Plantae,kingdom
Mercurialis annua,Tracheophyta,phylum
Mercurialis annua,Magnoliopsida,class
Mercurialis annua,Malpighiales,order
Mercurialis annua,Euphorbiaceae,family
Mercurialis annua,Mercurialis,genus
Mercurialis annua,Mercurialis annua,species
Minuartia rubra-type,Plantae,kingdom
Minuartia rubra-type,Tracheophyta,phylum
Minuartia rubra-type,Magnoliopsida,class
Minuartia rubra-type,Caryophyllales,order
Minuartia rubra-type,Caryophyllaceae,family
Minuartia rubra-type,Minuartia,genus
Onosma,Plantae,kingdom
Onosma,Tracheophyta,phylum
Onosma,Magnoliopsida,class
Onosma,Boraginales,order
Onosma,Boraginaceae,family
Onosma,Onosma,genus
Primula hirsuta-type,Plantae,kingdom
Primula hirsuta-type,Tracheophyta,phylum
Primula hirsuta-type,Magnoliopsida,class
Primula hirsuta-type,Ericales,order
Primula hirsuta-type,Primulaceae,family
Primula hirsuta-type,Primula,genus
Rosa,Plantae,kingdom
Rosa,Tracheophyta,phylum
Rosa,Magnoliopsida,class
Rosa,Rosales,order
Rosa,Rosaceae,family
Rosa,Rosa,genus
Senecio,Plantae,kingdom
Senecio,Tracheophyta,phylum
Senecio,Magnoliopsida,class
Senecio,Asterales,order
Senecio,Asteraceae,family
Senecio,Senecio,genus
Solidago,Plantae,kingdom
Solidago,Tracheophyta,phylum
Solidago,Magnoliopsida,class
Solidago,Asterales,order
Solidago,Asteraceae,family
Solidago,Solidago,genus
Tussilago farfara,Plantae,kingdom
Tussilago farfara,Tracheophyta,phylum
Tussilago farfara,Magnoliopsida,class
Tussilago farfara,Asterales,order
Tussilago farfara,Asteraceae,family
Tussilago farfara,Tussilago,genus
Tussilago farfara,Tussilago farfara,species
Valeriana tripteris-type,Plantae,kingdom
Valeriana tripteris-type,Tracheophyta,phylum
Valeriana tripteris-type,Magnoliopsida,class
Valeriana tripteris-type,Dipsacales,order
Valeriana tripteris-type,Caprifoliaceae,family
Valeriana tripteris-type,Valeriana,genus
Ranunculus lingua-type,Plantae,kingdom
Ranunculus lingua-type,Tracheophyta,phylum
Ranunculus lingua-type,Magnoliopsida,class
Ranunculus lingua-type,Ranunculales,order
Ranunculus lingua-type,Ranunculaceae,family
Ranunculus lingua-type,Ranunculus,genus
Arbutus,Plantae,kingdom
Arbutus,Tracheophyta,phylum
Arbutus,Magnoliopsida,class
Arbutus,Ericales,order
Arbutus,Ericaceae,family
Arbutus,Arbutus,genus
Arceuthobium oxycedri,Plantae,kingdom
Arceuthobium oxycedri,Tracheophyta,phylum
Arceuthobium oxycedri,Magnoliopsida,class
Arceuthobium oxycedri,Santalales,order
Arceuthobium oxycedri,Viscaceae,family
Arceuthobium oxycedri,Arceuthobium,genus
Arceuthobium oxycedri,Arceuthobium oxycedri,species
Asparagus acutifolius,Plantae,kingdom
Asparagus acutifolius,Tracheophyta,phylum
Asparagus acutifolius,Liliopsida,class
Asparagus acutifolius,Asparagales,order
Asparagus acutifolius,Asparagaceae,family
Asparagus acutifolius,Asparagus,genus
Asparagus acutifolius,Asparagus acutifolius,species
Asphodeline,Plantae,kingdom
Asphodeline,Tracheophyta,phylum
Asphodeline,Liliopsida,class
Asphodeline,Asparagales,order
Asphodeline,Asphodelaceae,family
Asphodeline,Asphodeline,genus
Asphodelus albus-type,Plantae,kingdom
Asphodelus albus-type,Tracheophyta,phylum
Asphodelus albus-type,Liliopsida,class
Asphodelus albus-type,Asparagales,order
Asphodelus albus-type,Asphodelaceae,family
Asphodelus albus-type,Asphodelus,genus
Calligonum,Plantae,kingdom
Calligonum,Tracheophyta,phylum
Calligonum,Magnoliopsida,class
Calligonum,Caryophyllales,order
Calligonum,Polygonaceae,family
Calligonum,Calligonum,genus
Carlina,Plantae,kingdom
Carlina,Tracheophyta,phylum
Carlina,Magnoliopsida,class
Carlina,Asterales,order
Carlina,Asteraceae,family
Carlina,Carlina,genus
Carthamus,Plantae,kingdom
Carthamus,Tracheophyta,phylum
Carthamus,Magnoliopsida,class
Carthamus,Asterales,order
Carthamus,Asteraceae,family
Carthamus,Carthamus,genus
Celtis australis,Plantae,kingdom
Celtis australis,Tracheophyta,phylum
Celtis australis,Magnoliopsida,class
Celtis australis,Rosales,order
Celtis australis,Cannabaceae,family
Celtis australis,Celtis,genus
Celtis australis,Celtis australis,species
Centaurium,Plantae,kingdom
Centaurium,Tracheophyta,phylum
Centaurium,Magnoliopsida,class
Centaurium,Gentianales,order
Centaurium,Gentianaceae,family
Centaurium,Centaurium,genus
Cerinthe,Plantae,kingdom
Cerinthe,Tracheophyta,phylum
Cerinthe,Magnoliopsida,class
Cerinthe,Boraginales,order
Cerinthe,Boraginaceae,family
Cerinthe,Cerinthe,genus
Cistus monspeliensis,Plantae,kingdom
Cistus monspeliensis,Tracheophyta,phylum
Cistus monspeliensis,Magnoliopsida,class
Cistus monspeliensis,Malvales,order
Cistus monspeliensis,Cistaceae,family
Cistus monspeliensis,Cistus,genus
Cistus monspeliensis,Cistus monspeliensis,species
Cistus salviifolius,Plantae,kingdom
Cistus salviifolius,Tracheophyta,phylum
Cistus salviifolius,Magnoliopsida,class
Cistus salviifolius,Malvales,order
Cistus salviifolius,Cistaceae,family
Cistus salviifolius,Cistus,genus
Cistus salviifolius,Cistus salviifolius,species
Epipactis palustris-type,Plantae,kingdom
Epipactis palustris-type,Tracheophyta,phylum
Epipactis palustris-type,Liliopsida,class
Epipactis palustris-type,Asparagales,order
Epipactis palustris-type,Orchidaceae,family
Epipactis palustris-type,Epipactis,genus
Erica arborea-type,Animalia,kingdom
Erica arborea-type,Arthropoda,phylum
Erica arborea-type,Arachnida,class
Erica arborea-type,Araneae,order
Erica arborea-type,Salticidae,family
Erica arborea-type,Erica,genus
Erica arborea-type,Plantae,kingdom
Erica arborea-type,Tracheophyta,phylum
Erica arborea-type,Magnoliopsida,class
Erica arborea-type,Ericales,order
Erica arborea-type,Ericaceae,family
Erica arborea-type,Erica,genus
Ficus,Animalia,kingdom
Ficus,Mollusca,phylum
Ficus,Gastropoda,class
Ficus,Littorinimorpha,order
Ficus,Ficidae,family
Ficus,Ficus,genus
Ficus,Plantae,kingdom
Ficus,Tracheophyta,phylum
Ficus,Magnoliopsida,class
Ficus,Rosales,order
Ficus,Moraceae,family
Ficus,Ficus,genus
Helleborus foetidus,Plantae,kingdom
Helleborus foetidus,Tracheophyta,phylum
Helleborus foetidus,Magnoliopsida,class
Helleborus foetidus,Ranunculales,order
Helleborus foetidus,Ranunculaceae,family
Helleborus foetidus,Helleborus,genus
Helleborus foetidus,Helleborus foetidus,species
Linum usitatissimum-type,Plantae,kingdom
Linum usitatissimum-type,Tracheophyta,phylum
Linum usitatissimum-type,Magnoliopsida,class
Linum usitatissimum-type,Malpighiales,order
Linum usitatissimum-type,Linaceae,family
Linum usitatissimum-type,Linum,genus
Lycopsis arvensis,Plantae,kingdom
Lycopsis arvensis,Tracheophyta,phylum
Lycopsis arvensis,Magnoliopsida,class
Lycopsis arvensis,Boraginales,order
Lycopsis arvensis,Boraginaceae,family
Lycopsis arvensis,Lycopsis,genus
Lycopsis arvensis,Lycopsis arvensis,species
Lygeum spartum,Plantae,kingdom
Lygeum spartum,Tracheophyta,phylum
Lygeum spartum,Liliopsida,class
Lygeum spartum,Poales,order
Lygeum spartum,Poaceae,family
Lygeum spartum,Lygeum,genus
Lygeum spartum,Lygeum spartum,species
Myrtus communis,Plantae,kingdom
Myrtus communis,Tracheophyta,phylum
Myrtus communis,Magnoliopsida,class
Myrtus communis,Myrtales,order
Myrtus communis,Myrtaceae,family
Myrtus communis,Myrtus,genus
Myrtus communis,Myrtus communis,species
Nerium oleander,Plantae,kingdom
Nerium oleander,Tracheophyta,phylum
Nerium oleander,Magnoliopsida,class
Nerium oleander,Gentianales,order
Nerium oleander,Apocynaceae,family
Nerium oleander,Nerium,genus
Nerium oleander,Nerium oleander,species
Pinus halepensis-type,Plantae,kingdom
Pinus halepensis-type,Tracheophyta,phylum
Pinus halepensis-type,Pinopsida,class
Pinus halepensis-type,Pinales,order
Pinus halepensis-type,Pinaceae,family
Pinus halepensis-type,Pinus,genus
Quercus cerris/Q. suber,Plantae,kingdom
Quercus cerris/Q. suber,Tracheophyta,phylum
Quercus cerris/Q. suber,Magnoliopsida,class
Quercus cerris/Q. suber,Fagales,order
Quercus cerris/Q. suber,Fagaceae,family
Quercus cerris/Q. suber,Quercus,genus
Quercus pubescens-type,Plantae,kingdom
Quercus pubescens-type,Tracheophyta,phylum
Quercus pubescens-type,Magnoliopsida,class
Quercus pubescens-type,Fagales,order
Quercus pubescens-type,Fagaceae,family
Quercus pubescens-type,Quercus,genus
Theligonum cynocrambe,Plantae,kingdom
Theligonum cynocrambe,Tracheophyta,phylum
Theligonum cynocrambe,Magnoliopsida,class
Theligonum cynocrambe,Gentianales,order
Theligonum cynocrambe,Rubiaceae,family
Theligonum cynocrambe,Theligonum,genus
Theligonum cynocrambe,Theligonum cynocrambe,species
Thymelaeaceae,Plantae,kingdom
Thymelaeaceae,Tracheophyta,phylum
Thymelaeaceae,Magnoliopsida,class
Thymelaeaceae,Malvales,order
Thymelaeaceae,Thymelaeaceae,family
Viburnum tinus,Plantae,kingdom
Viburnum tinus,Tracheophyta,phylum
Viburnum tinus,Magnoliopsida,class
Viburnum tinus,Dipsacales,order
Viburnum tinus,Viburnaceae,family
Viburnum tinus,Viburnum,genus
Viburnum tinus,Viburnum tinus,species
Carpinus orientalis,Plantae,kingdom
Carpinus orientalis,Tracheophyta,phylum
Carpinus orientalis,Magnoliopsida,class
Carpinus orientalis,Fagales,order
Carpinus orientalis,Betulaceae,family
Carpinus orientalis,Carpinus,genus
Carpinus orientalis,Carpinus orientalis,species
Jurinea,Plantae,kingdom
Jurinea,Tracheophyta,phylum
Jurinea,Magnoliopsida,class
Jurinea,Asterales,order
Jurinea,Asteraceae,family
Jurinea,Jurinea,genus
Quercus cerris,Plantae,kingdom
Quercus cerris,Tracheophyta,phylum
Quercus cerris,Magnoliopsida,class
Quercus cerris,Fagales,order
Quercus cerris,Fagaceae,family
Quercus cerris,Quercus,genus
Quercus cerris,Quercus cerris,species
Anemone sect. Hepatica,Animalia,kingdom
Anemone sect. Hepatica,Arthropoda,phylum
Anemone sect. Hepatica,Insecta,class
Anemone sect. Hepatica,Lepidoptera,order
Anemone sect. Hepatica,Erebidae,family
Anemone sect. Hepatica,Hepatica,genus
Anemone sect. Hepatica,Plantae,kingdom
Anemone sect. Hepatica,Tracheophyta,phylum
Anemone sect. Hepatica,Magnoliopsida,class
Anemone sect. Hepatica,Ranunculales,order
Anemone sect. Hepatica,Ranunculaceae,family
Anemone sect. Hepatica,Hepatica,genus
Mercurialis perennis-type,Plantae,kingdom
Mercurialis perennis-type,Tracheophyta,phylum
Mercurialis perennis-type,Magnoliopsida,class
Mercurialis perennis-type,Malpighiales,order
Mercurialis perennis-type,Euphorbiaceae,family
Mercurialis perennis-type,Mercurialis,genus
Orlaya grandiflora,Plantae,kingdom
Orlaya grandiflora,Tracheophyta,phylum
Orlaya grandiflora,Magnoliopsida,class
Orlaya grandiflora,Apiales,order
Orlaya grandiflora,Apiaceae,family
Orlaya grandiflora,Orlaya,genus
Orlaya grandiflora,Orlaya grandiflora,species
Torilis arvensis,Plantae,kingdom
Torilis arvensis,Tracheophyta,phylum
Torilis arvensis,Magnoliopsida,class
Torilis arvensis,Apiales,order
Torilis arvensis,Apiaceae,family
Torilis arvensis,Torilis,genus
Torilis arvensis,Torilis arvensis,species
Trifolium alpinum-type,Plantae,kingdom
Trifolium alpinum-type,Tracheophyta,phylum
Trifolium alpinum-type,Magnoliopsida,class
Trifolium alpinum-type,Fabales,order
Trifolium alpinum-type,Fabaceae,family
Trifolium alpinum-type,Trifolium,genus
Trifolium alpinum-type,Animalia,kingdom
Trifolium alpinum-type,Platyhelminthes,phylum
Trifolium alpinum-type,Trematoda,class
Trifolium alpinum-type,Plagiorchiida,order
Trifolium alpinum-type,Psilostomidae,family
Trifolium alpinum-type,Trifolium,genus
Asarum europaeum,Plantae,kingdom
Asarum europaeum,Tracheophyta,phylum
Asarum europaeum,Magnoliopsida,class
Asarum europaeum,Piperales,order
Asarum europaeum,Aristolochiaceae,family
Asarum europaeum,Asarum,genus
Asarum europaeum,Asarum europaeum,species
Betula pendula,Plantae,kingdom
Betula pendula,Tracheophyta,phylum
Betula pendula,Magnoliopsida,class
Betula pendula,Fagales,order
Betula pendula,Betulaceae,family
Betula pendula,Betula,genus
Betula pendula,Betula pendula,species
Betula pubescens,Plantae,kingdom
Betula pubescens,Tracheophyta,phylum
Betula pubescens,Magnoliopsida,class
Betula pubescens,Fagales,order
Betula pubescens,Betulaceae,family
Betula pubescens,Betula,genus
Betula pubescens,Betula pubescens,species
Cichorium,Plantae,kingdom
Cichorium,Tracheophyta,phylum
Cichorium,Magnoliopsida,class
Cichorium,Asterales,order
Cichorium,Asteraceae,family
Cichorium,Cichorium,genus
Illecebrum,Plantae,kingdom
Illecebrum,Tracheophyta,phylum
Illecebrum,Magnoliopsida,class
Illecebrum,Caryophyllales,order
Illecebrum,Caryophyllaceae,family
Illecebrum,Illecebrum,genus
Oxalidaceae,Plantae,kingdom
Oxalidaceae,Tracheophyta,phylum
Oxalidaceae,Magnoliopsida,class
Oxalidaceae,Oxalidales,order
Oxalidaceae,Oxalidaceae,family
Plantaginaceae,Plantae,kingdom
Plantaginaceae,Tracheophyta,phylum
Plantaginaceae,Magnoliopsida,class
Plantaginaceae,Lamiales,order
Plantaginaceae,Plantaginaceae,family
Santalaceae,Plantae,kingdom
Santalaceae,Tracheophyta,phylum
Santalaceae,Magnoliopsida,class
Santalaceae,Santalales,order
Santalaceae,Santalaceae,family
Violaceae,Plantae,kingdom
Violaceae,Tracheophyta,phylum
Violaceae,Magnoliopsida,class
Violaceae,Malpighiales,order
Violaceae,Violaceae,family
Iridaceae,Plantae,kingdom
Iridaceae,Tracheophyta,phylum
Iridaceae,Liliopsida,class
Iridaceae,Asparagales,order
Iridaceae,Iridaceae,family
Pinus peuce,Plantae,kingdom
Pinus peuce,Tracheophyta,phylum
Pinus peuce,Pinopsida,class
Pinus peuce,Pinales,order
Pinus peuce,Pinaceae,family
Pinus peuce,Pinus,genus
Pinus peuce,Pinus peuce,species
Quercus cerris-type,Plantae,kingdom
Quercus cerris-type,Tracheophyta,phylum
Quercus cerris-type,Magnoliopsida,class
Quercus cerris-type,Fagales,order
Quercus cerris-type,Fagaceae,family
Quercus cerris-type,Quercus,genus
Plantago media/P. montana,Plantae,kingdom
Plantago media/P. montana,Tracheophyta,phylum
Plantago media/P. montana,Magnoliopsida,class
Plantago media/P. montana,Lamiales,order
Plantago media/P. montana,Plantaginaceae,family
Plantago media/P. montana,Plantago,genus
Pistacia lentiscus,Plantae,kingdom
Pistacia lentiscus,Tracheophyta,phylum
Pistacia lentiscus,Magnoliopsida,class
Pistacia lentiscus,Sapindales,order
Pistacia lentiscus,Anacardiaceae,family
Pistacia lentiscus,Pistacia,genus
Pistacia lentiscus,Pistacia lentiscus,species
Saxifraga paniculata-type,Plantae,kingdom
Saxifraga paniculata-type,Tracheophyta,phylum
Saxifraga paniculata-type,Magnoliopsida,class
Saxifraga paniculata-type,Saxifragales,order
Saxifraga paniculata-type,Saxifragaceae,family
Saxifraga paniculata-type,Saxifraga,genus
Sempervivum,Plantae,kingdom
Sempervivum,Tracheophyta,phylum
Sempervivum,Magnoliopsida,class
Sempervivum,Saxifragales,order
Sempervivum,Crassulaceae,family
Sempervivum,Sempervivum,genus
Streptopus amplexifolius,Plantae,kingdom
Streptopus amplexifolius,Tracheophyta,phylum
Streptopus amplexifolius,Liliopsida,class
Streptopus amplexifolius,Liliales,order
Streptopus amplexifolius,Liliaceae,family
Streptopus amplexifolius,Streptopus,genus
Streptopus amplexifolius,Streptopus amplexifolius,species
Vincetoxicum,Plantae,kingdom
Vincetoxicum,Tracheophyta,phylum
Vincetoxicum,Magnoliopsida,class
Vincetoxicum,Gentianales,order
Vincetoxicum,Apocynaceae,family
Vincetoxicum,Vincetoxicum,genus
Xeranthemum,Plantae,kingdom
Xeranthemum,Tracheophyta,phylum
Xeranthemum,Magnoliopsida,class
Xeranthemum,Asterales,order
Xeranthemum,Asteraceae,family
Xeranthemum,Xeranthemum,genus
Myosotis arvensis-type,Plantae,kingdom
Myosotis arvensis-type,Tracheophyta,phylum
Myosotis arvensis-type,Magnoliopsida,class
Myosotis arvensis-type,Boraginales,order
Myosotis arvensis-type,Boraginaceae,family
Myosotis arvensis-type,Myosotis,genus
Lotus corniculatus,Plantae,kingdom
Lotus corniculatus,Tracheophyta,phylum
Lotus corniculatus,Magnoliopsida,class
Lotus corniculatus,Fabales,order
Lotus corniculatus,Fabaceae,family
Lotus corniculatus,Lotus,genus
Lotus corniculatus,Lotus corniculatus,species
Persicaria lapathifolia,Plantae,kingdom
Persicaria lapathifolia,Tracheophyta,phylum
Persicaria lapathifolia,Magnoliopsida,class
Persicaria lapathifolia,Caryophyllales,order
Persicaria lapathifolia,Polygonaceae,family
Persicaria lapathifolia,Persicaria,genus
Persicaria lapathifolia,Persicaria lapathifolia,species
Poterium,Plantae,kingdom
Poterium,Tracheophyta,phylum
Poterium,Magnoliopsida,class
Poterium,Rosales,order
Poterium,Rosaceae,family
Poterium,Poterium,genus
Quercus (deciduous),Plantae,kingdom
Quercus (deciduous),Tracheophyta,phylum
Quercus (deciduous),Magnoliopsida,class
Quercus (deciduous),Fagales,order
Quercus (deciduous),Fagaceae,family
Quercus (deciduous),Quercus,genus
Rumex aquaticus,Plantae,kingdom
Rumex aquaticus,Tracheophyta,phylum
Rumex aquaticus,Magnoliopsida,class
Rumex aquaticus,Caryophyllales,order
Rumex aquaticus,Polygonaceae,family
Rumex aquaticus,Rumex,genus
Rumex aquaticus,Rumex aquaticus,species
Sambucus ebulus,Plantae,kingdom
Sambucus ebulus,Tracheophyta,phylum
Sambucus ebulus,Magnoliopsida,class
Sambucus ebulus,Dipsacales,order
Sambucus ebulus,Viburnaceae,family
Sambucus ebulus,Sambucus,genus
Sambucus ebulus,Sambucus ebulus,species
Tilia undiff.,Plantae,kingdom
Tilia undiff.,Tracheophyta,phylum
Tilia undiff.,Magnoliopsida,class
Tilia undiff.,Malvales,order
Tilia undiff.,Malvaceae,family
Tilia undiff.,Tilia,genus
Arctostaphylos uva-ursi-type,Plantae,kingdom
Arctostaphylos uva-ursi-type,Tracheophyta,phylum
Arctostaphylos uva-ursi-type,Magnoliopsida,class
Arctostaphylos uva-ursi-type,Ericales,order
Arctostaphylos uva-ursi-type,Ericaceae,family
Arctostaphylos uva-ursi-type,Arctostaphylos,genus
Betula pubescens-type,Plantae,kingdom
Betula pubescens-type,Tracheophyta,phylum
Betula pubescens-type,Magnoliopsida,class
Betula pubescens-type,Fagales,order
Betula pubescens-type,Betulaceae,family
Betula pubescens-type,Betula,genus
Chamaenerion,Plantae,kingdom
Chamaenerion,Tracheophyta,phylum
Chamaenerion,Magnoliopsida,class
Chamaenerion,Myrtales,order
Chamaenerion,Onagraceae,family
Chamaenerion,Chamaenerion,genus
Cryptomeria,Animalia,kingdom
Cryptomeria,Arthropoda,phylum
Cryptomeria,Insecta,class
Cryptomeria,Lepidoptera,order
Cryptomeria,Erebidae,family
Cryptomeria,Cryptomeria,genus
Cryptomeria,Plantae,kingdom
Cryptomeria,Tracheophyta,phylum
Cryptomeria,Pinopsida,class
Cryptomeria,Pinales,order
Cryptomeria,Cupressaceae,family
Cryptomeria,Cryptomeria,genus
Rumex cf. R. alpinus,Plantae,kingdom
Rumex cf. R. alpinus,Tracheophyta,phylum
Rumex cf. R. alpinus,Magnoliopsida,class
Rumex cf. R. alpinus,Caryophyllales,order
Rumex cf. R. alpinus,Polygonaceae,family
Rumex cf. R. alpinus,Rumex,genus
Saxifraga undiff.,Plantae,kingdom
Saxifraga undiff.,Tracheophyta,phylum
Saxifraga undiff.,Magnoliopsida,class
Saxifraga undiff.,Saxifragales,order
Saxifraga undiff.,Saxifragaceae,family
Saxifraga undiff.,Saxifraga,genus
Sciadopitys,Plantae,kingdom
Sciadopitys,Tracheophyta,phylum
Sciadopitys,Pinopsida,class
Sciadopitys,Pinales,order
Sciadopitys,Sciadopityaceae,family
Sciadopitys,Sciadopitys,genus
Sequoia,Plantae,kingdom
Sequoia,Tracheophyta,phylum
Sequoia,Pinopsida,class
Sequoia,Pinales,order
Sequoia,Cupressaceae,family
Sequoia,Sequoia,genus
Sorbus aria-type,Plantae,kingdom
Sorbus aria-type,Tracheophyta,phylum
Sorbus aria-type,Magnoliopsida,class
Sorbus aria-type,Rosales,order
Sorbus aria-type,Rosaceae,family
Sorbus aria-type,Sorbus,genus
Tsuga diversifolia-type,Plantae,kingdom
Tsuga diversifolia-type,Tracheophyta,phylum
Tsuga diversifolia-type,Pinopsida,class
Tsuga diversifolia-type,Pinales,order
Tsuga diversifolia-type,Pinaceae,family
Tsuga diversifolia-type,Tsuga,genus
Buphthalmum,Plantae,kingdom
Buphthalmum,Tracheophyta,phylum
Buphthalmum,Magnoliopsida,class
Buphthalmum,Asterales,order
Buphthalmum,Asteraceae,family
Buphthalmum,Buphthalmum,genus
Geum montanum-type,Plantae,kingdom
Geum montanum-type,Tracheophyta,phylum
Geum montanum-type,Magnoliopsida,class
Geum montanum-type,Rosales,order
Geum montanum-type,Rosaceae,family
Geum montanum-type,Geum,genus
Holosteum umbellatum,Plantae,kingdom
Holosteum umbellatum,Tracheophyta,phylum
Holosteum umbellatum,Magnoliopsida,class
Holosteum umbellatum,Caryophyllales,order
Holosteum umbellatum,Caryophyllaceae,family
Holosteum umbellatum,Holosteum,genus
Holosteum umbellatum,Holosteum umbellatum,species
Ligusticum mutellinoides-type,Plantae,kingdom
Ligusticum mutellinoides-type,Tracheophyta,phylum
Ligusticum mutellinoides-type,Magnoliopsida,class
Ligusticum mutellinoides-type,Apiales,order
Ligusticum mutellinoides-type,Apiaceae,family
Ligusticum mutellinoides-type,Ligusticum,genus
Minuartia verna-type,Plantae,kingdom
Minuartia verna-type,Tracheophyta,phylum
Minuartia verna-type,Magnoliopsida,class
Minuartia verna-type,Caryophyllales,order
Minuartia verna-type,Caryophyllaceae,family
Minuartia verna-type,Minuartia,genus
Myricaria germanica,Plantae,kingdom
Myricaria germanica,Tracheophyta,phylum
Myricaria germanica,Magnoliopsida,class
Myricaria germanica,Caryophyllales,order
Myricaria germanica,Tamaricaceae,family
Myricaria germanica,Myricaria,genus
Myricaria germanica,Myricaria germanica,species
Turgenia latifolia,Plantae,kingdom
Turgenia latifolia,Tracheophyta,phylum
Turgenia latifolia,Magnoliopsida,class
Turgenia latifolia,Apiales,order
Turgenia latifolia,Apiaceae,family
Turgenia latifolia,Turgenia,genus
Turgenia latifolia,Turgenia latifolia,species
Linaceae,Plantae,kingdom
Linaceae,Tracheophyta,phylum
Linaceae,Magnoliopsida,class
Linaceae,Malpighiales,order
Linaceae,Linaceae,family
Olea europaea,Plantae,kingdom
Olea europaea,Tracheophyta,phylum
Olea europaea,Magnoliopsida,class
Olea europaea,Lamiales,order
Olea europaea,Oleaceae,family
Olea europaea,Olea,genus
Olea europaea,Olea europaea,species
Quercus canariensis,Plantae,kingdom
Quercus canariensis,Tracheophyta,phylum
Quercus canariensis,Magnoliopsida,class
Quercus canariensis,Fagales,order
Quercus canariensis,Fagaceae,family
Quercus canariensis,Quercus,genus
Quercus canariensis,Quercus canariensis,species
Quercus suber,Plantae,kingdom
Quercus suber,Tracheophyta,phylum
Quercus suber,Magnoliopsida,class
Quercus suber,Fagales,order
Quercus suber,Fagaceae,family
Quercus suber,Quercus,genus
Quercus suber,Quercus suber,species
Centaurea undiff.,Plantae,kingdom
Centaurea undiff.,Tracheophyta,phylum
Centaurea undiff.,Magnoliopsida,class
Centaurea undiff.,Asterales,order
Centaurea undiff.,Asteraceae,family
Centaurea undiff.,Centaurea,genus
Knautia arvensis-type,Plantae,kingdom
Knautia arvensis-type,Tracheophyta,phylum
Knautia arvensis-type,Magnoliopsida,class
Knautia arvensis-type,Dipsacales,order
Knautia arvensis-type,Caprifoliaceae,family
Knautia arvensis-type,Knautia,genus
Lycopus,Animalia,kingdom
Lycopus,Arthropoda,phylum
Lycopus,Arachnida,class
Lycopus,Araneae,order
Lycopus,Thomisidae,family
Lycopus,Lycopus,genus
Lycopus,Plantae,kingdom
Lycopus,Tracheophyta,phylum
Lycopus,Magnoliopsida,class
Lycopus,Lamiales,order
Lycopus,Lamiaceae,family
Lycopus,Lycopus,genus
Scleranthus annuus-type,Plantae,kingdom
Scleranthus annuus-type,Tracheophyta,phylum
Scleranthus annuus-type,Magnoliopsida,class
Scleranthus annuus-type,Caryophyllales,order
Scleranthus annuus-type,Caryophyllaceae,family
Scleranthus annuus-type,Scleranthus,genus
Sorbus torminalis,Plantae,kingdom
Sorbus torminalis,Plantae,kingdom
Sorbus torminalis,Tracheophyta,phylum
Sorbus torminalis,Tracheophyta,phylum
Sorbus torminalis,Magnoliopsida,class
Sorbus torminalis,Magnoliopsida,class
Sorbus torminalis,Rosales,order
Sorbus torminalis,Rosales,order
Sorbus torminalis,Rosaceae,family
Sorbus torminalis,Rosaceae,family
Sorbus torminalis,Torminalis,genus
Sorbus torminalis,Torminalis,genus
Sorbus torminalis,Torminalis glaberrima,species
Sorbus torminalis,Torminalis glaberrima,species
Sorbus torminalis,Plantae,kingdom
Sorbus torminalis,Plantae,kingdom
Sorbus torminalis,Tracheophyta,phylum
Sorbus torminalis,Tracheophyta,phylum
Sorbus torminalis,Magnoliopsida,class
Sorbus torminalis,Magnoliopsida,class
Sorbus torminalis,Rosales,order
Sorbus torminalis,Rosales,order
Sorbus torminalis,Rosaceae,family
Sorbus torminalis,Rosaceae,family
Sorbus torminalis,Torminalis,genus
Sorbus torminalis,Torminalis,genus
Sorbus torminalis,Torminalis glaberrima,species
Sorbus torminalis,Torminalis glaberrima,species
Angelica sylvestris,Plantae,kingdom
Angelica sylvestris,Tracheophyta,phylum
Angelica sylvestris,Magnoliopsida,class
Angelica sylvestris,Apiales,order
Angelica sylvestris,Apiaceae,family
Angelica sylvestris,Angelica,genus
Angelica sylvestris,Angelica sylvestris,species
Athamanta cretensis,Plantae,kingdom
Athamanta cretensis,Tracheophyta,phylum
Athamanta cretensis,Magnoliopsida,class
Athamanta cretensis,Apiales,order
Athamanta cretensis,Apiaceae,family
Athamanta cretensis,Athamanta,genus
Athamanta cretensis,Athamanta cretensis,species
Lonicera alpigena,Plantae,kingdom
Lonicera alpigena,Tracheophyta,phylum
Lonicera alpigena,Magnoliopsida,class
Lonicera alpigena,Dipsacales,order
Lonicera alpigena,Caprifoliaceae,family
Lonicera alpigena,Lonicera,genus
Lonicera alpigena,Lonicera alpigena,species
Acanthus,Plantae,kingdom
Acanthus,Tracheophyta,phylum
Acanthus,Magnoliopsida,class
Acanthus,Lamiales,order
Acanthus,Acanthaceae,family
Acanthus,Acanthus,genus
Coriaria,Plantae,kingdom
Coriaria,Tracheophyta,phylum
Coriaria,Magnoliopsida,class
Coriaria,Cucurbitales,order
Coriaria,Coriariaceae,family
Coriaria,Coriaria,genus
Cyperus capitatus,Plantae,kingdom
Cyperus capitatus,Tracheophyta,phylum
Cyperus capitatus,Liliopsida,class
Cyperus capitatus,Poales,order
Cyperus capitatus,Cyperaceae,family
Cyperus capitatus,Cyperus,genus
Cyperus capitatus,Cyperus capitatus,species
Gentiana verna,Plantae,kingdom
Gentiana verna,Tracheophyta,phylum
Gentiana verna,Magnoliopsida,class
Gentiana verna,Gentianales,order
Gentiana verna,Gentianaceae,family
Gentiana verna,Gentiana,genus
Gentiana verna,Gentiana verna,species
Ranunculus lanuginosus,Plantae,kingdom
Ranunculus lanuginosus,Tracheophyta,phylum
Ranunculus lanuginosus,Magnoliopsida,class
Ranunculus lanuginosus,Ranunculales,order
Ranunculus lanuginosus,Ranunculaceae,family
Ranunculus lanuginosus,Ranunculus,genus
Ranunculus lanuginosus,Ranunculus lanuginosus,species
Stellaria holostea-type,Plantae,kingdom
Stellaria holostea-type,Tracheophyta,phylum
Stellaria holostea-type,Magnoliopsida,class
Stellaria holostea-type,Caryophyllales,order
Stellaria holostea-type,Caryophyllaceae,family
Stellaria holostea-type,Stellaria,genus
Stellaria holostea-type,Animalia,kingdom
Stellaria holostea-type,Mollusca,phylum
Stellaria holostea-type,Gastropoda,class
Stellaria holostea-type,Littorinimorpha,order
Stellaria holostea-type,Xenophoridae,family
Stellaria holostea-type,Stellaria,genus
Centaurea solstitialis-type,Plantae,kingdom
Centaurea solstitialis-type,Tracheophyta,phylum
Centaurea solstitialis-type,Magnoliopsida,class
Centaurea solstitialis-type,Asterales,order
Centaurea solstitialis-type,Asteraceae,family
Centaurea solstitialis-type,Centaurea,genus
Cistus albidus-type,Plantae,kingdom
Cistus albidus-type,Tracheophyta,phylum
Cistus albidus-type,Magnoliopsida,class
Cistus albidus-type,Malvales,order
Cistus albidus-type,Cistaceae,family
Cistus albidus-type,Cistus,genus
Fraxinus angustifolia-type,Plantae,kingdom
Fraxinus angustifolia-type,Tracheophyta,phylum
Fraxinus angustifolia-type,Magnoliopsida,class
Fraxinus angustifolia-type,Lamiales,order
Fraxinus angustifolia-type,Oleaceae,family
Fraxinus angustifolia-type,Fraxinus,genus
Marrubium,Plantae,kingdom
Marrubium,Tracheophyta,phylum
Marrubium,Magnoliopsida,class
Marrubium,Lamiales,order
Marrubium,Lamiaceae,family
Marrubium,Marrubium,genus
Myrtus,Plantae,kingdom
Myrtus,Tracheophyta,phylum
Myrtus,Magnoliopsida,class
Myrtus,Myrtales,order
Myrtus,Myrtaceae,family
Myrtus,Myrtus,genus
Plantago lagopus-type,Plantae,kingdom
Plantago lagopus-type,Tracheophyta,phylum
Plantago lagopus-type,Magnoliopsida,class
Plantago lagopus-type,Lamiales,order
Plantago lagopus-type,Plantaginaceae,family
Plantago lagopus-type,Plantago,genus
Quercus (deciduous-type),Plantae,kingdom
Quercus (deciduous-type),Tracheophyta,phylum
Quercus (deciduous-type),Magnoliopsida,class
Quercus (deciduous-type),Fagales,order
Quercus (deciduous-type),Fagaceae,family
Quercus (deciduous-type),Quercus,genus
Quercus (evergreen-type),Plantae,kingdom
Quercus (evergreen-type),Tracheophyta,phylum
Quercus (evergreen-type),Magnoliopsida,class
Quercus (evergreen-type),Fagales,order
Quercus (evergreen-type),Fagaceae,family
Quercus (evergreen-type),Quercus,genus
Anthemideae,Animalia,kingdom
Anthemideae,Cnidaria,phylum
Anthemideae,Anthozoa,class
Anthemideae,Actiniaria,order
Anthemideae,Antheidae,family
Crepis,Animalia,kingdom
Crepis,Bryozoa,phylum
Crepis,Gymnolaemata,class
Crepis,Cheilostomatida,order
Crepis,Cymuloporidae,family
Crepis,Crepis,genus
Crepis,Plantae,kingdom
Crepis,Tracheophyta,phylum
Crepis,Magnoliopsida,class
Crepis,Asterales,order
Crepis,Asteraceae,family
Crepis,Crepis,genus
Hypericum elodes,Plantae,kingdom
Hypericum elodes,Tracheophyta,phylum
Hypericum elodes,Magnoliopsida,class
Hypericum elodes,Malpighiales,order
Hypericum elodes,Hypericaceae,family
Hypericum elodes,Hypericum,genus
Hypericum elodes,Hypericum elodes,species
Rumex hydrolapathum,Plantae,kingdom
Rumex hydrolapathum,Tracheophyta,phylum
Rumex hydrolapathum,Magnoliopsida,class
Rumex hydrolapathum,Caryophyllales,order
Rumex hydrolapathum,Polygonaceae,family
Rumex hydrolapathum,Rumex,genus
Rumex hydrolapathum,Rumex hydrolapathum,species
Verbena,Plantae,kingdom
Verbena,Tracheophyta,phylum
Verbena,Magnoliopsida,class
Verbena,Lamiales,order
Verbena,Verbenaceae,family
Verbena,Verbena,genus
Armeria maritima,Plantae,kingdom
Armeria maritima,Tracheophyta,phylum
Armeria maritima,Magnoliopsida,class
Armeria maritima,Caryophyllales,order
Armeria maritima,Plumbaginaceae,family
Armeria maritima,Armeria,genus
Armeria maritima,Armeria maritima,species
Atropa belladonna,Plantae,kingdom
Atropa belladonna,Tracheophyta,phylum
Atropa belladonna,Magnoliopsida,class
Atropa belladonna,Solanales,order
Atropa belladonna,Solanaceae,family
Atropa belladonna,Atropa,genus
Atropa belladonna,Atropa belladonna,species
Borago,Plantae,kingdom
Borago,Tracheophyta,phylum
Borago,Magnoliopsida,class
Borago,Boraginales,order
Borago,Boraginaceae,family
Borago,Borago,genus
Limonium,Plantae,kingdom
Limonium,Tracheophyta,phylum
Limonium,Magnoliopsida,class
Limonium,Caryophyllales,order
Limonium,Plumbaginaceae,family
Limonium,Limonium,genus
Resedaceae,Plantae,kingdom
Resedaceae,Tracheophyta,phylum
Resedaceae,Magnoliopsida,class
Resedaceae,Brassicales,order
Resedaceae,Resedaceae,family
Spartium,Plantae,kingdom
Spartium,Tracheophyta,phylum
Spartium,Magnoliopsida,class
Spartium,Fabales,order
Spartium,Fabaceae,family
Spartium,Spartium,genus
Viola tricolor,Plantae,kingdom
Viola tricolor,Tracheophyta,phylum
Viola tricolor,Magnoliopsida,class
Viola tricolor,Malpighiales,order
Viola tricolor,Violaceae,family
Viola tricolor,Viola,genus
Viola tricolor,Viola tricolor,species
Calystegia sepium-type,Plantae,kingdom
Calystegia sepium-type,Tracheophyta,phylum
Calystegia sepium-type,Magnoliopsida,class
Calystegia sepium-type,Solanales,order
Calystegia sepium-type,Convolvulaceae,family
Calystegia sepium-type,Calystegia,genus
Dioscorea,Plantae,kingdom
Dioscorea,Tracheophyta,phylum
Dioscorea,Liliopsida,class
Dioscorea,Dioscoreales,order
Dioscorea,Dioscoreaceae,family
Dioscorea,Dioscorea,genus
Plantago pro parte,Plantae,kingdom
Plantago pro parte,Tracheophyta,phylum
Plantago pro parte,Magnoliopsida,class
Plantago pro parte,Lamiales,order
Plantago pro parte,Plantaginaceae,family
Plantago pro parte,Plantago,genus
Ammi,Plantae,kingdom
Ammi,Tracheophyta,phylum
Ammi,Magnoliopsida,class
Ammi,Apiales,order
Ammi,Apiaceae,family
Ammi,Ammi,genus
Atriplex,Plantae,kingdom
Atriplex,Tracheophyta,phylum
Atriplex,Magnoliopsida,class
Atriplex,Caryophyllales,order
Atriplex,Amaranthaceae,family
Atriplex,Atriplex,genus
Calendula,Plantae,kingdom
Calendula,Tracheophyta,phylum
Calendula,Magnoliopsida,class
Calendula,Asterales,order
Calendula,Asteraceae,family
Calendula,Calendula,genus
Draba,Plantae,kingdom
Draba,Tracheophyta,phylum
Draba,Magnoliopsida,class
Draba,Brassicales,order
Draba,Brassicaceae,family
Draba,Draba,genus
Rosaceae (type A),Plantae,kingdom
Rosaceae (type A),Tracheophyta,phylum
Rosaceae (type A),Magnoliopsida,class
Rosaceae (type A),Rosales,order
Rosaceae (type A),Rosaceae,family
Rosaceae (type B),Plantae,kingdom
Rosaceae (type B),Tracheophyta,phylum
Rosaceae (type B),Magnoliopsida,class
Rosaceae (type B),Rosales,order
Rosaceae (type B),Rosaceae,family
Androsace alpina-type,Plantae,kingdom
Androsace alpina-type,Tracheophyta,phylum
Androsace alpina-type,Magnoliopsida,class
Androsace alpina-type,Ericales,order
Androsace alpina-type,Primulaceae,family
Androsace alpina-type,Androsace,genus
Chrysosplenium undiff.,Plantae,kingdom
Chrysosplenium undiff.,Tracheophyta,phylum
Chrysosplenium undiff.,Magnoliopsida,class
Chrysosplenium undiff.,Saxifragales,order
Chrysosplenium undiff.,Saxifragaceae,family
Chrysosplenium undiff.,Chrysosplenium,genus
Lamium album-type,Plantae,kingdom
Lamium album-type,Tracheophyta,phylum
Lamium album-type,Magnoliopsida,class
Lamium album-type,Lamiales,order
Lamium album-type,Lamiaceae,family
Lamium album-type,Lamium,genus
Narcissus pseudonarcissus-type,Plantae,kingdom
Narcissus pseudonarcissus-type,Tracheophyta,phylum
Narcissus pseudonarcissus-type,Liliopsida,class
Narcissus pseudonarcissus-type,Asparagales,order
Narcissus pseudonarcissus-type,Amaryllidaceae,family
Narcissus pseudonarcissus-type,Narcissus,genus
Saxifraga hirculus-type,Plantae,kingdom
Saxifraga hirculus-type,Tracheophyta,phylum
Saxifraga hirculus-type,Magnoliopsida,class
Saxifraga hirculus-type,Saxifragales,order
Saxifraga hirculus-type,Saxifragaceae,family
Saxifraga hirculus-type,Saxifraga,genus
Helleborus viridis-type,Plantae,kingdom
Helleborus viridis-type,Tracheophyta,phylum
Helleborus viridis-type,Magnoliopsida,class
Helleborus viridis-type,Ranunculales,order
Helleborus viridis-type,Ranunculaceae,family
Helleborus viridis-type,Helleborus,genus
Boraginaceae undiff.,Plantae,kingdom
Boraginaceae undiff.,Tracheophyta,phylum
Boraginaceae undiff.,Magnoliopsida,class
Boraginaceae undiff.,Boraginales,order
Boraginaceae undiff.,Boraginaceae,family
Tozzia alpina,Plantae,kingdom
Tozzia alpina,Tracheophyta,phylum
Tozzia alpina,Magnoliopsida,class
Tozzia alpina,Lamiales,order
Tozzia alpina,Orobanchaceae,family
Tozzia alpina,Tozzia,genus
Tozzia alpina,Tozzia alpina,species
Asteroideae pro parte,Animalia,kingdom
Asteroideae pro parte,Echinodermata,phylum
Asteroideae pro parte,Asteroidea,class
Caryophyllaceae pro parte,Plantae,kingdom
Caryophyllaceae pro parte,Tracheophyta,phylum
Caryophyllaceae pro parte,Magnoliopsida,class
Caryophyllaceae pro parte,Caryophyllales,order
Caryophyllaceae pro parte,Caryophyllaceae,family
Euphorbia cf. E. palustris,Plantae,kingdom
Euphorbia cf. E. palustris,Tracheophyta,phylum
Euphorbia cf. E. palustris,Magnoliopsida,class
Euphorbia cf. E. palustris,Malpighiales,order
Euphorbia cf. E. palustris,Euphorbiaceae,family
Euphorbia cf. E. palustris,Euphorbia,genus
Fabaceae pro parte,Plantae,kingdom
Fabaceae pro parte,Tracheophyta,phylum
Fabaceae pro parte,Magnoliopsida,class
Fabaceae pro parte,Fabales,order
Fabaceae pro parte,Fabaceae,family
Lamiaceae pro parte,Plantae,kingdom
Lamiaceae pro parte,Tracheophyta,phylum
Lamiaceae pro parte,Magnoliopsida,class
Lamiaceae pro parte,Lamiales,order
Lamiaceae pro parte,Lamiaceae,family
Liliaceae pro parte,Plantae,kingdom
Liliaceae pro parte,Tracheophyta,phylum
Liliaceae pro parte,Liliopsida,class
Liliaceae pro parte,Liliales,order
Liliaceae pro parte,Liliaceae,family
Melampyrum pratense,Plantae,kingdom
Melampyrum pratense,Tracheophyta,phylum
Melampyrum pratense,Magnoliopsida,class
Melampyrum pratense,Lamiales,order
Melampyrum pratense,Orobanchaceae,family
Melampyrum pratense,Melampyrum,genus
Melampyrum pratense,Melampyrum pratense,species
Poaceae pro parte,Plantae,kingdom
Poaceae pro parte,Tracheophyta,phylum
Poaceae pro parte,Liliopsida,class
Poaceae pro parte,Poales,order
Poaceae pro parte,Poaceae,family
Ranunculaceae pro parte,Plantae,kingdom
Ranunculaceae pro parte,Tracheophyta,phylum
Ranunculaceae pro parte,Magnoliopsida,class
Ranunculaceae pro parte,Ranunculales,order
Ranunculaceae pro parte,Ranunculaceae,family
Rosaceae pro parte,Plantae,kingdom
Rosaceae pro parte,Tracheophyta,phylum
Rosaceae pro parte,Magnoliopsida,class
Rosaceae pro parte,Rosales,order
Rosaceae pro parte,Rosaceae,family
Muscari,Plantae,kingdom
Muscari,Tracheophyta,phylum
Muscari,Liliopsida,class
Muscari,Asparagales,order
Muscari,Asparagaceae,family
Muscari,Muscari,genus
Gentiana lutea,Plantae,kingdom
Gentiana lutea,Tracheophyta,phylum
Gentiana lutea,Magnoliopsida,class
Gentiana lutea,Gentianales,order
Gentiana lutea,Gentianaceae,family
Gentiana lutea,Gentiana,genus
Gentiana lutea,Gentiana lutea,species
Centaurea cf. C. cyanus-type,Plantae,kingdom
Centaurea cf. C. cyanus-type,Tracheophyta,phylum
Centaurea cf. C. cyanus-type,Magnoliopsida,class
Centaurea cf. C. cyanus-type,Asterales,order
Centaurea cf. C. cyanus-type,Asteraceae,family
Centaurea cf. C. cyanus-type,Centaurea,genus
Centaurea cf. C. nigra-type,Plantae,kingdom
Centaurea cf. C. nigra-type,Tracheophyta,phylum
Centaurea cf. C. nigra-type,Magnoliopsida,class
Centaurea cf. C. nigra-type,Asterales,order
Centaurea cf. C. nigra-type,Asteraceae,family
Centaurea cf. C. nigra-type,Centaurea,genus
Centaurea cf. C. scabiosa-type,Plantae,kingdom
Centaurea cf. C. scabiosa-type,Tracheophyta,phylum
Centaurea cf. C. scabiosa-type,Magnoliopsida,class
Centaurea cf. C. scabiosa-type,Asterales,order
Centaurea cf. C. scabiosa-type,Asteraceae,family
Centaurea cf. C. scabiosa-type,Centaurea,genus
Quercus undiff.,Plantae,kingdom
Quercus undiff.,Tracheophyta,phylum
Quercus undiff.,Magnoliopsida,class
Quercus undiff.,Fagales,order
Quercus undiff.,Fagaceae,family
Quercus undiff.,Quercus,genus
Andromeda polifolia,Plantae,kingdom
Andromeda polifolia,Tracheophyta,phylum
Andromeda polifolia,Magnoliopsida,class
Andromeda polifolia,Ericales,order
Andromeda polifolia,Ericaceae,family
Andromeda polifolia,Andromeda,genus
Andromeda polifolia,Andromeda polifolia,species
Eupatorium,Plantae,kingdom
Eupatorium,Tracheophyta,phylum
Eupatorium,Magnoliopsida,class
Eupatorium,Asterales,order
Eupatorium,Asteraceae,family
Eupatorium,Eupatorium,genus
Sison amomum,Plantae,kingdom
Sison amomum,Tracheophyta,phylum
Sison amomum,Magnoliopsida,class
Sison amomum,Apiales,order
Sison amomum,Apiaceae,family
Sison amomum,Sison,genus
Sison amomum,Sison amomum,species
Sium latifolium-type,Plantae,kingdom
Sium latifolium-type,Tracheophyta,phylum
Sium latifolium-type,Magnoliopsida,class
Sium latifolium-type,Apiales,order
Sium latifolium-type,Apiaceae,family
Sium latifolium-type,Sium,genus
Torilis nodosa,Plantae,kingdom
Torilis nodosa,Tracheophyta,phylum
Torilis nodosa,Magnoliopsida,class
Torilis nodosa,Apiales,order
Torilis nodosa,Apiaceae,family
Torilis nodosa,Torilis,genus
Torilis nodosa,Torilis nodosa,species
Trinia glauca,Plantae,kingdom
Trinia glauca,Tracheophyta,phylum
Trinia glauca,Magnoliopsida,class
Trinia glauca,Apiales,order
Trinia glauca,Apiaceae,family
Trinia glauca,Trinia,genus
Trinia glauca,Trinia glauca,species
Betula humilis,Plantae,kingdom
Betula humilis,Tracheophyta,phylum
Betula humilis,Magnoliopsida,class
Betula humilis,Fagales,order
Betula humilis,Betulaceae,family
Betula humilis,Betula,genus
Betula humilis,Betula humilis,species
Caprifoliaceae,Plantae,kingdom
Caprifoliaceae,Tracheophyta,phylum
Caprifoliaceae,Magnoliopsida,class
Caprifoliaceae,Dipsacales,order
Caprifoliaceae,Caprifoliaceae,family
Lamiaceae (hexacolpate),Plantae,kingdom
Lamiaceae (hexacolpate),Tracheophyta,phylum
Lamiaceae (hexacolpate),Magnoliopsida,class
Lamiaceae (hexacolpate),Lamiales,order
Lamiaceae (hexacolpate),Lamiaceae,family
Lamiaceae (tricolpate),Plantae,kingdom
Lamiaceae (tricolpate),Tracheophyta,phylum
Lamiaceae (tricolpate),Magnoliopsida,class
Lamiaceae (tricolpate),Lamiales,order
Lamiaceae (tricolpate),Lamiaceae,family
Psylliostachys spicata,Plantae,kingdom
Psylliostachys spicata,Tracheophyta,phylum
Psylliostachys spicata,Magnoliopsida,class
Psylliostachys spicata,Caryophyllales,order
Psylliostachys spicata,Plumbaginaceae,family
Psylliostachys spicata,Psylliostachys,genus
Psylliostachys spicata,Psylliostachys spicatus,species
Rumex cf. R. hydrolapathum,Plantae,kingdom
Rumex cf. R. hydrolapathum,Tracheophyta,phylum
Rumex cf. R. hydrolapathum,Magnoliopsida,class
Rumex cf. R. hydrolapathum,Caryophyllales,order
Rumex cf. R. hydrolapathum,Polygonaceae,family
Rumex cf. R. hydrolapathum,Rumex,genus
Zygophyllum,Plantae,kingdom
Zygophyllum,Tracheophyta,phylum
Zygophyllum,Magnoliopsida,class
Zygophyllum,Zygophyllales,order
Zygophyllum,Zygophyllaceae,family
Zygophyllum,Zygophyllum,genus
Coniferae undiff.,Animalia,kingdom
Coniferae undiff.,Arthropoda,phylum
Coniferae undiff.,Ostracoda,class
Coniferae undiff.,Podocopida,order
Coniferae undiff.,Coniferina,genus
Clematis,Plantae,kingdom
Clematis,Tracheophyta,phylum
Clematis,Magnoliopsida,class
Clematis,Ranunculales,order
Clematis,Ranunculaceae,family
Clematis,Clematis,genus
Dioscorea communis,Plantae,kingdom
Dioscorea communis,Tracheophyta,phylum
Dioscorea communis,Liliopsida,class
Dioscorea communis,Dioscoreales,order
Dioscorea communis,Dioscoreaceae,family
Dioscorea communis,Dioscorea,genus
Dioscorea communis,Dioscorea communis,species
Lonicera nigra,Plantae,kingdom
Lonicera nigra,Tracheophyta,phylum
Lonicera nigra,Magnoliopsida,class
Lonicera nigra,Dipsacales,order
Lonicera nigra,Caprifoliaceae,family
Lonicera nigra,Lonicera,genus
Lonicera nigra,Lonicera nigra,species
Maianthemum bifolium,Plantae,kingdom
Maianthemum bifolium,Tracheophyta,phylum
Maianthemum bifolium,Liliopsida,class
Maianthemum bifolium,Asparagales,order
Maianthemum bifolium,Asparagaceae,family
Maianthemum bifolium,Maianthemum,genus
Maianthemum bifolium,Maianthemum bifolium,species
Saxifraga hirsuta-type,Plantae,kingdom
Saxifraga hirsuta-type,Tracheophyta,phylum
Saxifraga hirsuta-type,Magnoliopsida,class
Saxifraga hirsuta-type,Saxifragales,order
Saxifraga hirsuta-type,Saxifragaceae,family
Saxifraga hirsuta-type,Saxifraga,genus
Silaum silaus,Plantae,kingdom
Silaum silaus,Tracheophyta,phylum
Silaum silaus,Magnoliopsida,class
Silaum silaus,Apiales,order
Silaum silaus,Apiaceae,family
Silaum silaus,Silaum,genus
Silaum silaus,Silaum silaus,species
Linum undiff.,Plantae,kingdom
Linum undiff.,Tracheophyta,phylum
Linum undiff.,Magnoliopsida,class
Linum undiff.,Malpighiales,order
Linum undiff.,Linaceae,family
Linum undiff.,Linum,genus
Myricaria germanica-type,Plantae,kingdom
Myricaria germanica-type,Tracheophyta,phylum
Myricaria germanica-type,Magnoliopsida,class
Myricaria germanica-type,Caryophyllales,order
Myricaria germanica-type,Tamaricaceae,family
Myricaria germanica-type,Myricaria,genus
Bistorta vivipara-type,Plantae,kingdom
Bistorta vivipara-type,Tracheophyta,phylum
Bistorta vivipara-type,Magnoliopsida,class
Bistorta vivipara-type,Caryophyllales,order
Bistorta vivipara-type,Polygonaceae,family
Bistorta vivipara-type,Bistorta,genus
Cerastium fontanum,Plantae,kingdom
Cerastium fontanum,Tracheophyta,phylum
Cerastium fontanum,Magnoliopsida,class
Cerastium fontanum,Caryophyllales,order
Cerastium fontanum,Caryophyllaceae,family
Cerastium fontanum,Cerastium,genus
Cerastium fontanum,Cerastium fontanum,species
Aesculus hippocastanum,Plantae,kingdom
Aesculus hippocastanum,Tracheophyta,phylum
Aesculus hippocastanum,Magnoliopsida,class
Aesculus hippocastanum,Sapindales,order
Aesculus hippocastanum,Sapindaceae,family
Aesculus hippocastanum,Aesculus,genus
Aesculus hippocastanum,Aesculus hippocastanum,species
Nicotiana,Plantae,kingdom
Nicotiana,Tracheophyta,phylum
Nicotiana,Magnoliopsida,class
Nicotiana,Solanales,order
Nicotiana,Solanaceae,family
Nicotiana,Nicotiana,genus
Laserpitium latifolium-type,Plantae,kingdom
Laserpitium latifolium-type,Tracheophyta,phylum
Laserpitium latifolium-type,Magnoliopsida,class
Laserpitium latifolium-type,Apiales,order
Laserpitium latifolium-type,Apiaceae,family
Laserpitium latifolium-type,Laserpitium,genus
Meum athamanticum,Plantae,kingdom
Meum athamanticum,Tracheophyta,phylum
Meum athamanticum,Magnoliopsida,class
Meum athamanticum,Apiales,order
Meum athamanticum,Apiaceae,family
Meum athamanticum,Meum,genus
Meum athamanticum,Meum athamanticum,species
Cornus mas/C. suecica,Plantae,kingdom
Cornus mas/C. suecica,Tracheophyta,phylum
Cornus mas/C. suecica,Magnoliopsida,class
Cornus mas/C. suecica,Cornales,order
Cornus mas/C. suecica,Cornaceae,family
Cornus mas/C. suecica,Cornus,genus
Ericales (tetrad),Plantae,kingdom
Ericales (tetrad),Tracheophyta,phylum
Ericales (tetrad),Magnoliopsida,class
Ericales (tetrad),Ericales,order
Acer campestre,Plantae,kingdom
Acer campestre,Tracheophyta,phylum
Acer campestre,Magnoliopsida,class
Acer campestre,Sapindales,order
Acer campestre,Sapindaceae,family
Acer campestre,Acer,genus
Acer campestre,Acer campestre,species
Anthriscus caucalis,Plantae,kingdom
Anthriscus caucalis,Tracheophyta,phylum
Anthriscus caucalis,Magnoliopsida,class
Anthriscus caucalis,Apiales,order
Anthriscus caucalis,Apiaceae,family
Anthriscus caucalis,Anthriscus,genus
Anthriscus caucalis,Anthriscus caucalis,species
Hypericum undiff.,Plantae,kingdom
Hypericum undiff.,Tracheophyta,phylum
Hypericum undiff.,Magnoliopsida,class
Hypericum undiff.,Malpighiales,order
Hypericum undiff.,Hypericaceae,family
Hypericum undiff.,Hypericum,genus
Polemonium caeruleum,Plantae,kingdom
Polemonium caeruleum,Tracheophyta,phylum
Polemonium caeruleum,Magnoliopsida,class
Polemonium caeruleum,Ericales,order
Polemonium caeruleum,Polemoniaceae,family
Polemonium caeruleum,Polemonium,genus
Polemonium caeruleum,Polemonium caeruleum,species
Sagina cf. S. nodosa,Plantae,kingdom
Sagina cf. S. nodosa,Tracheophyta,phylum
Sagina cf. S. nodosa,Magnoliopsida,class
Sagina cf. S. nodosa,Caryophyllales,order
Sagina cf. S. nodosa,Caryophyllaceae,family
Sagina cf. S. nodosa,Sagina,genus
Sorbus aria,Plantae,kingdom
Sorbus aria,Tracheophyta,phylum
Sorbus aria,Magnoliopsida,class
Sorbus aria,Rosales,order
Sorbus aria,Rosaceae,family
Sorbus aria,Aria,genus
Sorbus aria,Aria edulis,species
Aethusa cynapium,Plantae,kingdom
Aethusa cynapium,Tracheophyta,phylum
Aethusa cynapium,Magnoliopsida,class
Aethusa cynapium,Apiales,order
Aethusa cynapium,Apiaceae,family
Aethusa cynapium,Aethusa,genus
Aethusa cynapium,Aethusa cynapium,species
Agrostemma,Plantae,kingdom
Agrostemma,Tracheophyta,phylum
Agrostemma,Magnoliopsida,class
Agrostemma,Caryophyllales,order
Agrostemma,Caryophyllaceae,family
Agrostemma,Agrostemma,genus
Arnica,Plantae,kingdom
Arnica,Tracheophyta,phylum
Arnica,Magnoliopsida,class
Arnica,Asterales,order
Arnica,Asteraceae,family
Arnica,Arnica,genus
Carum carvi-type,Plantae,kingdom
Carum carvi-type,Tracheophyta,phylum
Carum carvi-type,Magnoliopsida,class
Carum carvi-type,Apiales,order
Carum carvi-type,Apiaceae,family
Carum carvi-type,Carum,genus
Chaerophyllum,Plantae,kingdom
Chaerophyllum,Tracheophyta,phylum
Chaerophyllum,Magnoliopsida,class
Chaerophyllum,Apiales,order
Chaerophyllum,Apiaceae,family
Chaerophyllum,Chaerophyllum,genus
Conium maculatum,Plantae,kingdom
Conium maculatum,Tracheophyta,phylum
Conium maculatum,Magnoliopsida,class
Conium maculatum,Apiales,order
Conium maculatum,Apiaceae,family
Conium maculatum,Conium,genus
Conium maculatum,Conium maculatum,species
Inula,Plantae,kingdom
Inula,Tracheophyta,phylum
Inula,Magnoliopsida,class
Inula,Asterales,order
Inula,Asteraceae,family
Inula,Inula,genus
Pastinaca sativa,Plantae,kingdom
Pastinaca sativa,Tracheophyta,phylum
Pastinaca sativa,Magnoliopsida,class
Pastinaca sativa,Apiales,order
Pastinaca sativa,Apiaceae,family
Pastinaca sativa,Pastinaca,genus
Pastinaca sativa,Pastinaca sativa,species
Peucedanum palustre,Plantae,kingdom
Peucedanum palustre,Tracheophyta,phylum
Peucedanum palustre,Magnoliopsida,class
Peucedanum palustre,Apiales,order
Peucedanum palustre,Apiaceae,family
Peucedanum palustre,Thysselinum,genus
Peucedanum palustre,Thysselinum palustre,species
Primula veris-type,Plantae,kingdom
Primula veris-type,Tracheophyta,phylum
Primula veris-type,Magnoliopsida,class
Primula veris-type,Ericales,order
Primula veris-type,Primulaceae,family
Primula veris-type,Primula,genus
Ranunculus flammula,Plantae,kingdom
Ranunculus flammula,Tracheophyta,phylum
Ranunculus flammula,Magnoliopsida,class
Ranunculus flammula,Ranunculales,order
Ranunculus flammula,Ranunculaceae,family
Ranunculus flammula,Ranunculus,genus
Ranunculus flammula,Ranunculus flammula,species
Scandix pecten-veneris,Plantae,kingdom
Scandix pecten-veneris,Tracheophyta,phylum
Scandix pecten-veneris,Magnoliopsida,class
Scandix pecten-veneris,Apiales,order
Scandix pecten-veneris,Apiaceae,family
Scandix pecten-veneris,Scandix,genus
Scandix pecten-veneris,Scandix pecten-veneris,species
Silene viscaria-type,Plantae,kingdom
Silene viscaria-type,Tracheophyta,phylum
Silene viscaria-type,Magnoliopsida,class
Silene viscaria-type,Caryophyllales,order
Silene viscaria-type,Caryophyllaceae,family
Silene viscaria-type,Silene,genus
Sium,Plantae,kingdom
Sium,Tracheophyta,phylum
Sium,Magnoliopsida,class
Sium,Apiales,order
Sium,Apiaceae,family
Sium,Sium,genus
Swertia perennis,Plantae,kingdom
Swertia perennis,Tracheophyta,phylum
Swertia perennis,Magnoliopsida,class
Swertia perennis,Gentianales,order
Swertia perennis,Gentianaceae,family
Swertia perennis,Swertia,genus
Swertia perennis,Swertia perennis,species
Torilis japonica,Plantae,kingdom
Torilis japonica,Tracheophyta,phylum
Torilis japonica,Magnoliopsida,class
Torilis japonica,Apiales,order
Torilis japonica,Apiaceae,family
Torilis japonica,Torilis,genus
Torilis japonica,Torilis japonica,species
Buglossoides arvensis,Plantae,kingdom
Buglossoides arvensis,Tracheophyta,phylum
Buglossoides arvensis,Magnoliopsida,class
Buglossoides arvensis,Boraginales,order
Buglossoides arvensis,Boraginaceae,family
Buglossoides arvensis,Buglossoides,genus
Buglossoides arvensis,Buglossoides arvensis,species
Eryngium campestre,Plantae,kingdom
Eryngium campestre,Tracheophyta,phylum
Eryngium campestre,Magnoliopsida,class
Eryngium campestre,Apiales,order
Eryngium campestre,Apiaceae,family
Eryngium campestre,Eryngium,genus
Eryngium campestre,Eryngium campestre,species
Primulaceae undiff.,Plantae,kingdom
Primulaceae undiff.,Tracheophyta,phylum
Primulaceae undiff.,Magnoliopsida,class
Primulaceae undiff.,Ericales,order
Primulaceae undiff.,Primulaceae,family
Orthilia,Plantae,kingdom
Orthilia,Tracheophyta,phylum
Orthilia,Magnoliopsida,class
Orthilia,Ericales,order
Orthilia,Ericaceae,family
Orthilia,Orthilia,genus
Digitalis purpurea-type,Plantae,kingdom
Digitalis purpurea-type,Tracheophyta,phylum
Digitalis purpurea-type,Magnoliopsida,class
Digitalis purpurea-type,Lamiales,order
Digitalis purpurea-type,Plantaginaceae,family
Digitalis purpurea-type,Digitalis,genus
Erica ciliaris-type,Animalia,kingdom
Erica ciliaris-type,Arthropoda,phylum
Erica ciliaris-type,Arachnida,class
Erica ciliaris-type,Araneae,order
Erica ciliaris-type,Salticidae,family
Erica ciliaris-type,Erica,genus
Erica ciliaris-type,Plantae,kingdom
Erica ciliaris-type,Tracheophyta,phylum
Erica ciliaris-type,Magnoliopsida,class
Erica ciliaris-type,Ericales,order
Erica ciliaris-type,Ericaceae,family
Erica ciliaris-type,Erica,genus
Lythrum salicaria-type,Plantae,kingdom
Lythrum salicaria-type,Tracheophyta,phylum
Lythrum salicaria-type,Magnoliopsida,class
Lythrum salicaria-type,Myrtales,order
Lythrum salicaria-type,Lythraceae,family
Lythrum salicaria-type,Lythrum,genus
Poaceae (annulus >10 µm),Plantae,kingdom
Poaceae (annulus >10 µm),Tracheophyta,phylum
Poaceae (annulus >10 µm),Liliopsida,class
Poaceae (annulus >10 µm),Poales,order
Poaceae (annulus >10 µm),Poaceae,family
Rumex sanguineus-type,Plantae,kingdom
Rumex sanguineus-type,Tracheophyta,phylum
Rumex sanguineus-type,Magnoliopsida,class
Rumex sanguineus-type,Caryophyllales,order
Rumex sanguineus-type,Polygonaceae,family
Rumex sanguineus-type,Rumex,genus
Solidago virgaurea-type,Plantae,kingdom
Solidago virgaurea-type,Tracheophyta,phylum
Solidago virgaurea-type,Magnoliopsida,class
Solidago virgaurea-type,Asterales,order
Solidago virgaurea-type,Asteraceae,family
Solidago virgaurea-type,Solidago,genus
Anagallis tenella,Plantae,kingdom
Anagallis tenella,Tracheophyta,phylum
Anagallis tenella,Magnoliopsida,class
Anagallis tenella,Ericales,order
Anagallis tenella,Primulaceae,family
Anagallis tenella,Lysimachia,genus
Anagallis tenella,Lysimachia tenella,species
Crassulaceae undiff.,Plantae,kingdom
Crassulaceae undiff.,Tracheophyta,phylum
Crassulaceae undiff.,Magnoliopsida,class
Crassulaceae undiff.,Saxifragales,order
Crassulaceae undiff.,Crassulaceae,family
Myosotis arvensis,Plantae,kingdom
Myosotis arvensis,Tracheophyta,phylum
Myosotis arvensis,Magnoliopsida,class
Myosotis arvensis,Boraginales,order
Myosotis arvensis,Boraginaceae,family
Myosotis arvensis,Myosotis,genus
Myosotis arvensis,Myosotis arvensis,species
Poaceae (<37 µm),Plantae,kingdom
Poaceae (<37 µm),Tracheophyta,phylum
Poaceae (<37 µm),Liliopsida,class
Poaceae (<37 µm),Poales,order
Poaceae (<37 µm),Poaceae,family
Andromeda,Plantae,kingdom
Andromeda,Tracheophyta,phylum
Andromeda,Magnoliopsida,class
Andromeda,Ericales,order
Andromeda,Ericaceae,family
Andromeda,Andromeda,genus
Crataegus monogyna,Plantae,kingdom
Crataegus monogyna,Tracheophyta,phylum
Crataegus monogyna,Magnoliopsida,class
Crataegus monogyna,Rosales,order
Crataegus monogyna,Rosaceae,family
Crataegus monogyna,Crataegus,genus
Crataegus monogyna,Crataegus monogyna,species
Plantago tenuiflora,Plantae,kingdom
Plantago tenuiflora,Tracheophyta,phylum
Plantago tenuiflora,Magnoliopsida,class
Plantago tenuiflora,Lamiales,order
Plantago tenuiflora,Plantaginaceae,family
Plantago tenuiflora,Plantago,genus
Plantago tenuiflora,Plantago tenuiflora,species
Umbilicus rupestris,Plantae,kingdom
Umbilicus rupestris,Tracheophyta,phylum
Umbilicus rupestris,Magnoliopsida,class
Umbilicus rupestris,Saxifragales,order
Umbilicus rupestris,Crassulaceae,family
Umbilicus rupestris,Umbilicus,genus
Umbilicus rupestris,Umbilicus rupestris,species
Vicia sylvatica,Plantae,kingdom
Vicia sylvatica,Tracheophyta,phylum
Vicia sylvatica,Magnoliopsida,class
Vicia sylvatica,Fabales,order
Vicia sylvatica,Fabaceae,family
Vicia sylvatica,Vicia,genus
Vicia sylvatica,Vicia sylvatica,species
Monotropa,Plantae,kingdom
Monotropa,Tracheophyta,phylum
Monotropa,Magnoliopsida,class
Monotropa,Ericales,order
Monotropa,Ericaceae,family
Monotropa,Monotropa,genus
Anemone alpina,Plantae,kingdom
Anemone alpina,Plantae,kingdom
Anemone alpina,Tracheophyta,phylum
Anemone alpina,Tracheophyta,phylum
Anemone alpina,Magnoliopsida,class
Anemone alpina,Magnoliopsida,class
Anemone alpina,Ranunculales,order
Anemone alpina,Ranunculales,order
Anemone alpina,Ranunculaceae,family
Anemone alpina,Ranunculaceae,family
Anemone alpina,Anemone,genus
Anemone alpina,Anemone,genus
Anemone alpina,Anemone baldensis,species
Anemone alpina,Anemone baldensis,species
Anemone alpina,Plantae,kingdom
Anemone alpina,Plantae,kingdom
Anemone alpina,Tracheophyta,phylum
Anemone alpina,Tracheophyta,phylum
Anemone alpina,Magnoliopsida,class
Anemone alpina,Magnoliopsida,class
Anemone alpina,Ranunculales,order
Anemone alpina,Ranunculales,order
Anemone alpina,Ranunculaceae,family
Anemone alpina,Ranunculaceae,family
Anemone alpina,Pulsatilla,genus
Anemone alpina,Pulsatilla,genus
Anemone alpina,Pulsatilla alpina,species
Anemone alpina,Pulsatilla alpina,species
Ligusticum,Plantae,kingdom
Ligusticum,Tracheophyta,phylum
Ligusticum,Magnoliopsida,class
Ligusticum,Apiales,order
Ligusticum,Apiaceae,family
Ligusticum,Ligusticum,genus
Peucedanum,Plantae,kingdom
Peucedanum,Tracheophyta,phylum
Peucedanum,Magnoliopsida,class
Peucedanum,Apiales,order
Peucedanum,Apiaceae,family
Peucedanum,Peucedanum,genus
Plantago montana,Plantae,kingdom
Plantago montana,Plantae,kingdom
Plantago montana,Tracheophyta,phylum
Plantago montana,Tracheophyta,phylum
Plantago montana,Magnoliopsida,class
Plantago montana,Magnoliopsida,class
Plantago montana,Lamiales,order
Plantago montana,Lamiales,order
Plantago montana,Plantaginaceae,family
Plantago montana,Plantaginaceae,family
Plantago montana,Plantago,genus
Plantago montana,Plantago,genus
Plantago montana,Plantago atrata,species
Plantago montana,Plantago atrata,species
Plantago montana,Plantae,kingdom
Plantago montana,Plantae,kingdom
Plantago montana,Tracheophyta,phylum
Plantago montana,Tracheophyta,phylum
Plantago montana,Magnoliopsida,class
Plantago montana,Magnoliopsida,class
Plantago montana,Lamiales,order
Plantago montana,Lamiales,order
Plantago montana,Plantaginaceae,family
Plantago montana,Plantaginaceae,family
Plantago montana,Plantago,genus
Plantago montana,Plantago,genus
Plantago montana,Plantago maritima,species
Plantago montana,Plantago maritima,species
Polygala vulgaris-type,Plantae,kingdom
Polygala vulgaris-type,Tracheophyta,phylum
Polygala vulgaris-type,Magnoliopsida,class
Polygala vulgaris-type,Fabales,order
Polygala vulgaris-type,Polygalaceae,family
Polygala vulgaris-type,Polygala,genus
Ranunculus aconitifolius,Plantae,kingdom
Ranunculus aconitifolius,Tracheophyta,phylum
Ranunculus aconitifolius,Magnoliopsida,class
Ranunculus aconitifolius,Ranunculales,order
Ranunculus aconitifolius,Ranunculaceae,family
Ranunculus aconitifolius,Ranunculus,genus
Ranunculus aconitifolius,Ranunculus aconitifolius,species
Seseli,Plantae,kingdom
Seseli,Tracheophyta,phylum
Seseli,Magnoliopsida,class
Seseli,Apiales,order
Seseli,Apiaceae,family
Seseli,Seseli,genus
Homogyne alpina,Plantae,kingdom
Homogyne alpina,Tracheophyta,phylum
Homogyne alpina,Magnoliopsida,class
Homogyne alpina,Asterales,order
Homogyne alpina,Asteraceae,family
Homogyne alpina,Homogyne,genus
Homogyne alpina,Homogyne alpina,species
Xanthium spinosum-type,Plantae,kingdom
Xanthium spinosum-type,Tracheophyta,phylum
Xanthium spinosum-type,Magnoliopsida,class
Xanthium spinosum-type,Asterales,order
Xanthium spinosum-type,Asteraceae,family
Xanthium spinosum-type,Xanthium,genus
Oenanthe fistulosa-type,Animalia,kingdom
Oenanthe fistulosa-type,Chordata,phylum
Oenanthe fistulosa-type,Aves,class
Oenanthe fistulosa-type,Passeriformes,order
Oenanthe fistulosa-type,Muscicapidae,family
Oenanthe fistulosa-type,Oenanthe,genus
Oenanthe fistulosa-type,Plantae,kingdom
Oenanthe fistulosa-type,Tracheophyta,phylum
Oenanthe fistulosa-type,Magnoliopsida,class
Oenanthe fistulosa-type,Apiales,order
Oenanthe fistulosa-type,Apiaceae,family
Oenanthe fistulosa-type,Oenanthe,genus
Plantago atrata,Plantae,kingdom
Plantago atrata,Tracheophyta,phylum
Plantago atrata,Magnoliopsida,class
Plantago atrata,Lamiales,order
Plantago atrata,Plantaginaceae,family
Plantago atrata,Plantago,genus
Plantago atrata,Plantago atrata,species
Pseudofumaria lutea-type,Plantae,kingdom
Pseudofumaria lutea-type,Tracheophyta,phylum
Pseudofumaria lutea-type,Magnoliopsida,class
Pseudofumaria lutea-type,Ranunculales,order
Pseudofumaria lutea-type,Papaveraceae,family
Pseudofumaria lutea-type,Pseudofumaria,genus
Rumex alpinus-type,Plantae,kingdom
Rumex alpinus-type,Tracheophyta,phylum
Rumex alpinus-type,Magnoliopsida,class
Rumex alpinus-type,Caryophyllales,order
Rumex alpinus-type,Polygonaceae,family
Rumex alpinus-type,Rumex,genus
Scabiosa columbaria-type,Plantae,kingdom
Scabiosa columbaria-type,Tracheophyta,phylum
Scabiosa columbaria-type,Magnoliopsida,class
Scabiosa columbaria-type,Dipsacales,order
Scabiosa columbaria-type,Caprifoliaceae,family
Scabiosa columbaria-type,Scabiosa,genus
Staphylea pinnata,Plantae,kingdom
Staphylea pinnata,Tracheophyta,phylum
Staphylea pinnata,Magnoliopsida,class
Staphylea pinnata,Crossosomatales,order
Staphylea pinnata,Staphyleaceae,family
Staphylea pinnata,Staphylea,genus
Staphylea pinnata,Staphylea pinnata,species
Succisa pratensis-type,Plantae,kingdom
Succisa pratensis-type,Tracheophyta,phylum
Succisa pratensis-type,Magnoliopsida,class
Succisa pratensis-type,Dipsacales,order
Succisa pratensis-type,Caprifoliaceae,family
Succisa pratensis-type,Succisa,genus
Trachycarpus fortunei,Plantae,kingdom
Trachycarpus fortunei,Tracheophyta,phylum
Trachycarpus fortunei,Liliopsida,class
Trachycarpus fortunei,Arecales,order
Trachycarpus fortunei,Arecaceae,family
Trachycarpus fortunei,Trachycarpus,genus
Trachycarpus fortunei,Trachycarpus fortunei,species
Tribulus terrestris,Plantae,kingdom
Tribulus terrestris,Tracheophyta,phylum
Tribulus terrestris,Magnoliopsida,class
Tribulus terrestris,Zygophyllales,order
Tribulus terrestris,Zygophyllaceae,family
Tribulus terrestris,Tribulus,genus
Tribulus terrestris,Tribulus terrestris,species
Viola canina-type,Animalia,kingdom
Viola canina-type,Arthropoda,phylum
Viola canina-type,Insecta,class
Viola canina-type,Lepidoptera,order
Viola canina-type,Hesperiidae,family
Viola canina-type,Viola,genus
Viola canina-type,Plantae,kingdom
Viola canina-type,Tracheophyta,phylum
Viola canina-type,Magnoliopsida,class
Viola canina-type,Malpighiales,order
Viola canina-type,Violaceae,family
Viola canina-type,Viola,genus
Berula erecta,Plantae,kingdom
Berula erecta,Tracheophyta,phylum
Berula erecta,Magnoliopsida,class
Berula erecta,Apiales,order
Berula erecta,Apiaceae,family
Berula erecta,Berula,genus
Berula erecta,Berula erecta,species
Morus alba-type,Animalia,kingdom
Morus alba-type,Chordata,phylum
Morus alba-type,Aves,class
Morus alba-type,Suliformes,order
Morus alba-type,Sulidae,family
Morus alba-type,Morus,genus
Morus alba-type,Plantae,kingdom
Morus alba-type,Tracheophyta,phylum
Morus alba-type,Magnoliopsida,class
Morus alba-type,Rosales,order
Morus alba-type,Moraceae,family
Morus alba-type,Morus,genus
Artemisia herba-alba-type,Plantae,kingdom
Artemisia herba-alba-type,Tracheophyta,phylum
Artemisia herba-alba-type,Magnoliopsida,class
Artemisia herba-alba-type,Asterales,order
Artemisia herba-alba-type,Asteraceae,family
Artemisia herba-alba-type,Artemisia,genus
Artemisia vulgaris-type,Plantae,kingdom
Artemisia vulgaris-type,Tracheophyta,phylum
Artemisia vulgaris-type,Magnoliopsida,class
Artemisia vulgaris-type,Asterales,order
Artemisia vulgaris-type,Asteraceae,family
Artemisia vulgaris-type,Artemisia,genus
Betulaceae,Plantae,kingdom
Betulaceae,Tracheophyta,phylum
Betulaceae,Magnoliopsida,class
Betulaceae,Fagales,order
Betulaceae,Betulaceae,family
Cotinus coggygria,Plantae,kingdom
Cotinus coggygria,Tracheophyta,phylum
Cotinus coggygria,Magnoliopsida,class
Cotinus coggygria,Sapindales,order
Cotinus coggygria,Anacardiaceae,family
Cotinus coggygria,Cotinus,genus
Cotinus coggygria,Cotinus coggygria,species
Loranthus,Plantae,kingdom
Loranthus,Tracheophyta,phylum
Loranthus,Magnoliopsida,class
Loranthus,Santalales,order
Loranthus,Loranthaceae,family
Loranthus,Loranthus,genus
Paliurus,Animalia,kingdom
Paliurus,Annelida,phylum
Paliurus,Polychaeta,class
Paliurus,Paliurus,genus
Paliurus,Plantae,kingdom
Paliurus,Tracheophyta,phylum
Paliurus,Magnoliopsida,class
Paliurus,Rosales,order
Paliurus,Rhamnaceae,family
Paliurus,Paliurus,genus
Ranunculus repens-type,Plantae,kingdom
Ranunculus repens-type,Tracheophyta,phylum
Ranunculus repens-type,Magnoliopsida,class
Ranunculus repens-type,Ranunculales,order
Ranunculus repens-type,Ranunculaceae,family
Ranunculus repens-type,Ranunculus,genus
Ranunculus sceleratus-type,Plantae,kingdom
Ranunculus sceleratus-type,Tracheophyta,phylum
Ranunculus sceleratus-type,Magnoliopsida,class
Ranunculus sceleratus-type,Ranunculales,order
Ranunculus sceleratus-type,Ranunculaceae,family
Ranunculus sceleratus-type,Ranunculus,genus
Rubus fruticosus,Plantae,kingdom
Rubus fruticosus,Tracheophyta,phylum
Rubus fruticosus,Magnoliopsida,class
Rubus fruticosus,Rosales,order
Rubus fruticosus,Rosaceae,family
Rubus fruticosus,Rubus,genus
Rubus fruticosus,Rubus cochinchinensis,species
Adonis,Plantae,kingdom
Adonis,Tracheophyta,phylum
Adonis,Magnoliopsida,class
Adonis,Ranunculales,order
Adonis,Ranunculaceae,family
Adonis,Adonis,genus
Armeria (type A),Plantae,kingdom
Armeria (type A),Tracheophyta,phylum
Armeria (type A),Magnoliopsida,class
Armeria (type A),Caryophyllales,order
Armeria (type A),Plumbaginaceae,family
Armeria (type A),Armeria,genus
Armeria (type B),Plantae,kingdom
Armeria (type B),Tracheophyta,phylum
Armeria (type B),Magnoliopsida,class
Armeria (type B),Caryophyllales,order
Armeria (type B),Plumbaginaceae,family
Armeria (type B),Armeria,genus
Glaux,Plantae,kingdom
Glaux,Plantae,kingdom
Glaux,Tracheophyta,phylum
Glaux,Tracheophyta,phylum
Glaux,Magnoliopsida,class
Glaux,Magnoliopsida,class
Glaux,Ericales,order
Glaux,Ericales,order
Glaux,Primulaceae,family
Glaux,Primulaceae,family
Glaux,Lysimachia,genus
Glaux,Lysimachia,genus
Glaux,Plantae,kingdom
Glaux,Plantae,kingdom
Glaux,Tracheophyta,phylum
Glaux,Tracheophyta,phylum
Glaux,Magnoliopsida,class
Glaux,Magnoliopsida,class
Glaux,Fabales,order
Glaux,Fabales,order
Glaux,Fabaceae,family
Glaux,Fabaceae,family
Glaux,Astragalus,genus
Glaux,Astragalus,genus
Trifolium undiff.,Plantae,kingdom
Trifolium undiff.,Tracheophyta,phylum
Trifolium undiff.,Magnoliopsida,class
Trifolium undiff.,Fabales,order
Trifolium undiff.,Fabaceae,family
Trifolium undiff.,Trifolium,genus
Trifolium undiff.,Animalia,kingdom
Trifolium undiff.,Platyhelminthes,phylum
Trifolium undiff.,Trematoda,class
Trifolium undiff.,Plagiorchiida,order
Trifolium undiff.,Psilostomidae,family
Trifolium undiff.,Trifolium,genus
Malva sylvestris-type,Plantae,kingdom
Malva sylvestris-type,Tracheophyta,phylum
Malva sylvestris-type,Magnoliopsida,class
Malva sylvestris-type,Malvales,order
Malva sylvestris-type,Malvaceae,family
Malva sylvestris-type,Malva,genus
Pinus pinaster,Plantae,kingdom
Pinus pinaster,Tracheophyta,phylum
Pinus pinaster,Pinopsida,class
Pinus pinaster,Pinales,order
Pinus pinaster,Pinaceae,family
Pinus pinaster,Pinus,genus
Pinus pinaster,Pinus pinaster,species
Quercus pyrenaica-type,Plantae,kingdom
Quercus pyrenaica-type,Tracheophyta,phylum
Quercus pyrenaica-type,Magnoliopsida,class
Quercus pyrenaica-type,Fagales,order
Quercus pyrenaica-type,Fagaceae,family
Quercus pyrenaica-type,Quercus,genus
Urtica dioica-type,Plantae,kingdom
Urtica dioica-type,Tracheophyta,phylum
Urtica dioica-type,Magnoliopsida,class
Urtica dioica-type,Rosales,order
Urtica dioica-type,Urticaceae,family
Urtica dioica-type,Urtica,genus
Amaranthus,Plantae,kingdom
Amaranthus,Tracheophyta,phylum
Amaranthus,Magnoliopsida,class
Amaranthus,Caryophyllales,order
Amaranthus,Amaranthaceae,family
Amaranthus,Amaranthus,genus
Anemone hortensis-type,Plantae,kingdom
Anemone hortensis-type,Tracheophyta,phylum
Anemone hortensis-type,Magnoliopsida,class
Anemone hortensis-type,Ranunculales,order
Anemone hortensis-type,Ranunculaceae,family
Anemone hortensis-type,Anemone,genus
Asparagus,Plantae,kingdom
Asparagus,Tracheophyta,phylum
Asparagus,Liliopsida,class
Asparagus,Asparagales,order
Asparagus,Asparagaceae,family
Asparagus,Asparagus,genus
Asphodelus fistulosus,Plantae,kingdom
Asphodelus fistulosus,Tracheophyta,phylum
Asphodelus fistulosus,Liliopsida,class
Asphodelus fistulosus,Asparagales,order
Asphodelus fistulosus,Asphodelaceae,family
Asphodelus fistulosus,Asphodelus,genus
Asphodelus fistulosus,Asphodelus fistulosus,species
Bituminaria bituminosa,Plantae,kingdom
Bituminaria bituminosa,Tracheophyta,phylum
Bituminaria bituminosa,Magnoliopsida,class
Bituminaria bituminosa,Fabales,order
Bituminaria bituminosa,Fabaceae,family
Bituminaria bituminosa,Bituminaria,genus
Bituminaria bituminosa,Bituminaria bituminosa,species
Borago officinalis,Plantae,kingdom
Borago officinalis,Tracheophyta,phylum
Borago officinalis,Magnoliopsida,class
Borago officinalis,Boraginales,order
Borago officinalis,Boraginaceae,family
Borago officinalis,Borago,genus
Borago officinalis,Borago officinalis,species
Chamaerops humilis,Plantae,kingdom
Chamaerops humilis,Tracheophyta,phylum
Chamaerops humilis,Liliopsida,class
Chamaerops humilis,Arecales,order
Chamaerops humilis,Arecaceae,family
Chamaerops humilis,Chamaerops,genus
Chamaerops humilis,Chamaerops humilis,species
Citrus,Plantae,kingdom
Citrus,Tracheophyta,phylum
Citrus,Magnoliopsida,class
Citrus,Sapindales,order
Citrus,Rutaceae,family
Citrus,Citrus,genus
Cynoglossum officinale-type,Plantae,kingdom
Cynoglossum officinale-type,Tracheophyta,phylum
Cynoglossum officinale-type,Magnoliopsida,class
Cynoglossum officinale-type,Boraginales,order
Cynoglossum officinale-type,Boraginaceae,family
Cynoglossum officinale-type,Cynoglossum,genus
Dorycnium,Plantae,kingdom
Dorycnium,Tracheophyta,phylum
Dorycnium,Magnoliopsida,class
Dorycnium,Fabales,order
Dorycnium,Fabaceae,family
Dorycnium,Lotus,genus
Fedia cornucopiae,Plantae,kingdom
Fedia cornucopiae,Tracheophyta,phylum
Fedia cornucopiae,Magnoliopsida,class
Fedia cornucopiae,Dipsacales,order
Fedia cornucopiae,Caprifoliaceae,family
Fedia cornucopiae,Fedia,genus
Fedia cornucopiae,Fedia cornucopiae,species
Ficus carica,Plantae,kingdom
Ficus carica,Tracheophyta,phylum
Ficus carica,Magnoliopsida,class
Ficus carica,Rosales,order
Ficus carica,Moraceae,family
Ficus carica,Ficus,genus
Ficus carica,Ficus carica,species
Gypsophila arrostii,Plantae,kingdom
Gypsophila arrostii,Tracheophyta,phylum
Gypsophila arrostii,Magnoliopsida,class
Gypsophila arrostii,Caryophyllales,order
Gypsophila arrostii,Caryophyllaceae,family
Gypsophila arrostii,Gypsophila,genus
Gypsophila arrostii,Gypsophila arrostii,species
Helleborus viridis,Plantae,kingdom
Helleborus viridis,Tracheophyta,phylum
Helleborus viridis,Magnoliopsida,class
Helleborus viridis,Ranunculales,order
Helleborus viridis,Ranunculaceae,family
Helleborus viridis,Helleborus,genus
Helleborus viridis,Helleborus viridis,species
Ornithopus,Plantae,kingdom
Ornithopus,Tracheophyta,phylum
Ornithopus,Magnoliopsida,class
Ornithopus,Fabales,order
Ornithopus,Fabaceae,family
Ornithopus,Ornithopus,genus
Phlomis,Plantae,kingdom
Phlomis,Tracheophyta,phylum
Phlomis,Magnoliopsida,class
Phlomis,Lamiales,order
Phlomis,Lamiaceae,family
Phlomis,Phlomis,genus
Rumex scutatus-type,Plantae,kingdom
Rumex scutatus-type,Tracheophyta,phylum
Rumex scutatus-type,Magnoliopsida,class
Rumex scutatus-type,Caryophyllales,order
Rumex scutatus-type,Polygonaceae,family
Rumex scutatus-type,Rumex,genus
Saxifraga tridactylitis-type,Plantae,kingdom
Saxifraga tridactylitis-type,Tracheophyta,phylum
Saxifraga tridactylitis-type,Magnoliopsida,class
Saxifraga tridactylitis-type,Saxifragales,order
Saxifraga tridactylitis-type,Saxifragaceae,family
Saxifraga tridactylitis-type,Saxifraga,genus
Sideritis,Plantae,kingdom
Sideritis,Tracheophyta,phylum
Sideritis,Magnoliopsida,class
Sideritis,Lamiales,order
Sideritis,Lamiaceae,family
Sideritis,Sideritis,genus
Simethis planifolia,Plantae,kingdom
Simethis planifolia,Tracheophyta,phylum
Simethis planifolia,Liliopsida,class
Simethis planifolia,Asparagales,order
Simethis planifolia,Asphodelaceae,family
Simethis planifolia,Simethis,genus
Simethis planifolia,Simethis mattiazzii,species
Tamarix,Plantae,kingdom
Tamarix,Tracheophyta,phylum
Tamarix,Magnoliopsida,class
Tamarix,Caryophyllales,order
Tamarix,Tamaricaceae,family
Tamarix,Tamarix,genus
Tuberaria,Plantae,kingdom
Tuberaria,Tracheophyta,phylum
Tuberaria,Magnoliopsida,class
Tuberaria,Malvales,order
Tuberaria,Cistaceae,family
Tuberaria,Tuberaria,genus
Urtica membranacea-type,Plantae,kingdom
Urtica membranacea-type,Tracheophyta,phylum
Urtica membranacea-type,Magnoliopsida,class
Urtica membranacea-type,Rosales,order
Urtica membranacea-type,Urticaceae,family
Urtica membranacea-type,Urtica,genus
Urtica pilulifera,Plantae,kingdom
Urtica pilulifera,Tracheophyta,phylum
Urtica pilulifera,Magnoliopsida,class
Urtica pilulifera,Rosales,order
Urtica pilulifera,Urticaceae,family
Urtica pilulifera,Urtica,genus
Urtica pilulifera,Urtica pilulifera,species
Zelkova,Plantae,kingdom
Zelkova,Tracheophyta,phylum
Zelkova,Magnoliopsida,class
Zelkova,Rosales,order
Zelkova,Ulmaceae,family
Zelkova,Zelkova,genus
Aruncus,Plantae,kingdom
Aruncus,Tracheophyta,phylum
Aruncus,Magnoliopsida,class
Aruncus,Rosales,order
Aruncus,Rosaceae,family
Aruncus,Aruncus,genus
Astrantia,Plantae,kingdom
Astrantia,Tracheophyta,phylum
Astrantia,Magnoliopsida,class
Astrantia,Apiales,order
Astrantia,Apiaceae,family
Astrantia,Astrantia,genus
Bartsia,Plantae,kingdom
Bartsia,Tracheophyta,phylum
Bartsia,Magnoliopsida,class
Bartsia,Lamiales,order
Bartsia,Orobanchaceae,family
Bartsia,Bartsia,genus
Filipendula ulmaria,Plantae,kingdom
Filipendula ulmaria,Tracheophyta,phylum
Filipendula ulmaria,Magnoliopsida,class
Filipendula ulmaria,Rosales,order
Filipendula ulmaria,Rosaceae,family
Filipendula ulmaria,Filipendula,genus
Filipendula ulmaria,Filipendula ulmaria,species
Gnaphalium,Plantae,kingdom
Gnaphalium,Tracheophyta,phylum
Gnaphalium,Magnoliopsida,class
Gnaphalium,Asterales,order
Gnaphalium,Asteraceae,family
Gnaphalium,Gnaphalium,genus
Pedicularis palustris,Plantae,kingdom
Pedicularis palustris,Tracheophyta,phylum
Pedicularis palustris,Magnoliopsida,class
Pedicularis palustris,Lamiales,order
Pedicularis palustris,Orobanchaceae,family
Pedicularis palustris,Pedicularis,genus
Pedicularis palustris,Pedicularis palustris,species
Ribes alpinum,Plantae,kingdom
Ribes alpinum,Tracheophyta,phylum
Ribes alpinum,Magnoliopsida,class
Ribes alpinum,Saxifragales,order
Ribes alpinum,Grossulariaceae,family
Ribes alpinum,Ribes,genus
Ribes alpinum,Ribes alpinum,species
Silene vulgaris,Plantae,kingdom
Silene vulgaris,Tracheophyta,phylum
Silene vulgaris,Magnoliopsida,class
Silene vulgaris,Caryophyllales,order
Silene vulgaris,Caryophyllaceae,family
Silene vulgaris,Silene,genus
Silene vulgaris,Silene vulgaris,species
Veratrum album,Plantae,kingdom
Veratrum album,Tracheophyta,phylum
Veratrum album,Liliopsida,class
Veratrum album,Liliales,order
Veratrum album,Melanthiaceae,family
Veratrum album,Veratrum,genus
Veratrum album,Veratrum album,species
Ailanthus,Plantae,kingdom
Ailanthus,Tracheophyta,phylum
Ailanthus,Magnoliopsida,class
Ailanthus,Sapindales,order
Ailanthus,Simaroubaceae,family
Ailanthus,Ailanthus,genus
Centaurea solstitialis,Plantae,kingdom
Centaurea solstitialis,Tracheophyta,phylum
Centaurea solstitialis,Magnoliopsida,class
Centaurea solstitialis,Asterales,order
Centaurea solstitialis,Asteraceae,family
Centaurea solstitialis,Centaurea,genus
Centaurea solstitialis,Centaurea solstitialis,species
Radiola linoides,Plantae,kingdom
Radiola linoides,Tracheophyta,phylum
Radiola linoides,Magnoliopsida,class
Radiola linoides,Malpighiales,order
Radiola linoides,Linaceae,family
Radiola linoides,Radiola,genus
Radiola linoides,Radiola linoides,species
Consolida,Plantae,kingdom
Consolida,Tracheophyta,phylum
Consolida,Magnoliopsida,class
Consolida,Ranunculales,order
Consolida,Ranunculaceae,family
Consolida,Delphinium,genus
Delphinium,Plantae,kingdom
Delphinium,Tracheophyta,phylum
Delphinium,Magnoliopsida,class
Delphinium,Ranunculales,order
Delphinium,Ranunculaceae,family
Delphinium,Delphinium,genus
Nonea,Plantae,kingdom
Nonea,Tracheophyta,phylum
Nonea,Magnoliopsida,class
Nonea,Boraginales,order
Nonea,Boraginaceae,family
Nonea,Nonea,genus
Orlaya,Plantae,kingdom
Orlaya,Tracheophyta,phylum
Orlaya,Magnoliopsida,class
Orlaya,Apiales,order
Orlaya,Apiaceae,family
Orlaya,Orlaya,genus
Pulmonaria obscura,Plantae,kingdom
Pulmonaria obscura,Tracheophyta,phylum
Pulmonaria obscura,Magnoliopsida,class
Pulmonaria obscura,Boraginales,order
Pulmonaria obscura,Boraginaceae,family
Pulmonaria obscura,Pulmonaria,genus
Pulmonaria obscura,Pulmonaria obscura,species
Alkanna,Plantae,kingdom
Alkanna,Tracheophyta,phylum
Alkanna,Magnoliopsida,class
Alkanna,Boraginales,order
Alkanna,Boraginaceae,family
Alkanna,Alkanna,genus
Gentiana purpurea-type,Plantae,kingdom
Gentiana purpurea-type,Tracheophyta,phylum
Gentiana purpurea-type,Magnoliopsida,class
Gentiana purpurea-type,Gentianales,order
Gentiana purpurea-type,Gentianaceae,family
Gentiana purpurea-type,Gentiana,genus
Globularia,Plantae,kingdom
Globularia,Tracheophyta,phylum
Globularia,Magnoliopsida,class
Globularia,Lamiales,order
Globularia,Plantaginaceae,family
Globularia,Globularia,genus
Globularia,Animalia,kingdom
Globularia,Mollusca,phylum
Globularia,Gastropoda,class
Globularia,Architaenioglossa,order
Globularia,Ampullinidae,family
Globularia,Globularia,genus
Gentianella tenella-type,Plantae,kingdom
Gentianella tenella-type,Tracheophyta,phylum
Gentianella tenella-type,Magnoliopsida,class
Gentianella tenella-type,Gentianales,order
Gentianella tenella-type,Gentianaceae,family
Gentianella tenella-type,Gentianella,genus
Rubus fruticosus-type,Plantae,kingdom
Rubus fruticosus-type,Tracheophyta,phylum
Rubus fruticosus-type,Magnoliopsida,class
Rubus fruticosus-type,Rosales,order
Rubus fruticosus-type,Rosaceae,family
Rubus fruticosus-type,Rubus,genus
Vicia faba-type,Plantae,kingdom
Vicia faba-type,Tracheophyta,phylum
Vicia faba-type,Magnoliopsida,class
Vicia faba-type,Fabales,order
Vicia faba-type,Fabaceae,family
Vicia faba-type,Vicia,genus
Cistus ladanifer-type,Plantae,kingdom
Cistus ladanifer-type,Tracheophyta,phylum
Cistus ladanifer-type,Magnoliopsida,class
Cistus ladanifer-type,Malvales,order
Cistus ladanifer-type,Cistaceae,family
Cistus ladanifer-type,Cistus,genus
Colchicum,Plantae,kingdom
Colchicum,Tracheophyta,phylum
Colchicum,Liliopsida,class
Colchicum,Liliales,order
Colchicum,Colchicaceae,family
Colchicum,Colchicum,genus
Gentiana verna-type,Plantae,kingdom
Gentiana verna-type,Tracheophyta,phylum
Gentiana verna-type,Magnoliopsida,class
Gentiana verna-type,Gentianales,order
Gentiana verna-type,Gentianaceae,family
Gentiana verna-type,Gentiana,genus
Glyceria,Plantae,kingdom
Glyceria,Tracheophyta,phylum
Glyceria,Liliopsida,class
Glyceria,Poales,order
Glyceria,Poaceae,family
Glyceria,Glyceria,genus
Hordelymus,Plantae,kingdom
Hordelymus,Tracheophyta,phylum
Hordelymus,Liliopsida,class
Hordelymus,Poales,order
Hordelymus,Poaceae,family
Hordelymus,Hordelymus,genus
Lonicera caerulea,Plantae,kingdom
Lonicera caerulea,Tracheophyta,phylum
Lonicera caerulea,Magnoliopsida,class
Lonicera caerulea,Dipsacales,order
Lonicera caerulea,Caprifoliaceae,family
Lonicera caerulea,Lonicera,genus
Lonicera caerulea,Lonicera caerulea,species
Colchicum autumnale-type,Plantae,kingdom
Colchicum autumnale-type,Tracheophyta,phylum
Colchicum autumnale-type,Liliopsida,class
Colchicum autumnale-type,Liliales,order
Colchicum autumnale-type,Colchicaceae,family
Colchicum autumnale-type,Colchicum,genus
Polygonum oxyspermum,Plantae,kingdom
Polygonum oxyspermum,Tracheophyta,phylum
Polygonum oxyspermum,Magnoliopsida,class
Polygonum oxyspermum,Caryophyllales,order
Polygonum oxyspermum,Polygonaceae,family
Polygonum oxyspermum,Polygonum,genus
Polygonum oxyspermum,Polygonum oxyspermum,species
Primula integrifolia-type,Plantae,kingdom
Primula integrifolia-type,Tracheophyta,phylum
Primula integrifolia-type,Magnoliopsida,class
Primula integrifolia-type,Ericales,order
Primula integrifolia-type,Primulaceae,family
Primula integrifolia-type,Primula,genus
Angelica archangelica-type,Animalia,kingdom
Angelica archangelica-type,Arthropoda,phylum
Angelica archangelica-type,Insecta,class
Angelica archangelica-type,Hymenoptera,order
Angelica archangelica-type,Braconidae,family
Angelica archangelica-type,Angelica,genus
Angelica archangelica-type,Plantae,kingdom
Angelica archangelica-type,Tracheophyta,phylum
Angelica archangelica-type,Magnoliopsida,class
Angelica archangelica-type,Apiales,order
Angelica archangelica-type,Apiaceae,family
Angelica archangelica-type,Angelica,genus
Angelica palustris-type,Animalia,kingdom
Angelica palustris-type,Arthropoda,phylum
Angelica palustris-type,Insecta,class
Angelica palustris-type,Hymenoptera,order
Angelica palustris-type,Braconidae,family
Angelica palustris-type,Angelica,genus
Angelica palustris-type,Plantae,kingdom
Angelica palustris-type,Tracheophyta,phylum
Angelica palustris-type,Magnoliopsida,class
Angelica palustris-type,Apiales,order
Angelica palustris-type,Apiaceae,family
Angelica palustris-type,Angelica,genus
Apium nodiflorum,Plantae,kingdom
Apium nodiflorum,Plantae,kingdom
Apium nodiflorum,Tracheophyta,phylum
Apium nodiflorum,Tracheophyta,phylum
Apium nodiflorum,Magnoliopsida,class
Apium nodiflorum,Magnoliopsida,class
Apium nodiflorum,Apiales,order
Apium nodiflorum,Apiales,order
Apium nodiflorum,Apiaceae,family
Apium nodiflorum,Apiaceae,family
Apium nodiflorum,Helosciadium,genus
Apium nodiflorum,Helosciadium,genus
Apium nodiflorum,Helosciadium nodiflorum,species
Apium nodiflorum,Helosciadium nodiflorum,species
Apium nodiflorum,Plantae,kingdom
Apium nodiflorum,Plantae,kingdom
Apium nodiflorum,Tracheophyta,phylum
Apium nodiflorum,Tracheophyta,phylum
Apium nodiflorum,Magnoliopsida,class
Apium nodiflorum,Magnoliopsida,class
Apium nodiflorum,Apiales,order
Apium nodiflorum,Apiales,order
Apium nodiflorum,Apiaceae,family
Apium nodiflorum,Apiaceae,family
Apium nodiflorum,Helosciadium,genus
Apium nodiflorum,Helosciadium,genus
Apium nodiflorum,Helosciadium nodiflorum,species
Apium nodiflorum,Helosciadium nodiflorum,species
Asphodelus albus,Plantae,kingdom
Asphodelus albus,Tracheophyta,phylum
Asphodelus albus,Liliopsida,class
Asphodelus albus,Asparagales,order
Asphodelus albus,Asphodelaceae,family
Asphodelus albus,Asphodelus,genus
Asphodelus albus,Asphodelus albus,species
Carum verticillatum,Plantae,kingdom
Carum verticillatum,Tracheophyta,phylum
Carum verticillatum,Magnoliopsida,class
Carum verticillatum,Apiales,order
Carum verticillatum,Apiaceae,family
Carum verticillatum,Trocdaris,genus
Carum verticillatum,Trocdaris verticillatum,species
Chaerophyllum temulum,Plantae,kingdom
Chaerophyllum temulum,Tracheophyta,phylum
Chaerophyllum temulum,Magnoliopsida,class
Chaerophyllum temulum,Apiales,order
Chaerophyllum temulum,Apiaceae,family
Chaerophyllum temulum,Chaerophyllum,genus
Chaerophyllum temulum,Chaerophyllum temulum,species
Colchicum montanum,Plantae,kingdom
Colchicum montanum,Tracheophyta,phylum
Colchicum montanum,Liliopsida,class
Colchicum montanum,Liliales,order
Colchicum montanum,Colchicaceae,family
Colchicum montanum,Colchicum,genus
Colchicum montanum,Colchicum montanum,species
Cytisus grandiflorus,Plantae,kingdom
Cytisus grandiflorus,Tracheophyta,phylum
Cytisus grandiflorus,Magnoliopsida,class
Cytisus grandiflorus,Fabales,order
Cytisus grandiflorus,Fabaceae,family
Cytisus grandiflorus,Cytisus,genus
Cytisus grandiflorus,Cytisus grandiflorus,species
Dianthus lusitanus-type,Plantae,kingdom
Dianthus lusitanus-type,Tracheophyta,phylum
Dianthus lusitanus-type,Magnoliopsida,class
Dianthus lusitanus-type,Caryophyllales,order
Dianthus lusitanus-type,Caryophyllaceae,family
Dianthus lusitanus-type,Dianthus,genus
Fraxinus angustifolia,Plantae,kingdom
Fraxinus angustifolia,Tracheophyta,phylum
Fraxinus angustifolia,Magnoliopsida,class
Fraxinus angustifolia,Lamiales,order
Fraxinus angustifolia,Oleaceae,family
Fraxinus angustifolia,Fraxinus,genus
Fraxinus angustifolia,Fraxinus angustifolia,species
Fritillaria lusitanica,Plantae,kingdom
Fritillaria lusitanica,Tracheophyta,phylum
Fritillaria lusitanica,Liliopsida,class
Fritillaria lusitanica,Liliales,order
Fritillaria lusitanica,Liliaceae,family
Fritillaria lusitanica,Fritillaria,genus
Fritillaria lusitanica,Fritillaria lusitanica,species
Gagea nevadensis,Plantae,kingdom
Gagea nevadensis,Tracheophyta,phylum
Gagea nevadensis,Liliopsida,class
Gagea nevadensis,Liliales,order
Gagea nevadensis,Liliaceae,family
Gagea nevadensis,Gagea,genus
Gagea nevadensis,Gagea nevadensis,species
Gentiana lutea/G. pneumonanthe,Plantae,kingdom
Gentiana lutea/G. pneumonanthe,Tracheophyta,phylum
Gentiana lutea/G. pneumonanthe,Magnoliopsida,class
Gentiana lutea/G. pneumonanthe,Gentianales,order
Gentiana lutea/G. pneumonanthe,Gentianaceae,family
Gentiana lutea/G. pneumonanthe,Gentiana,genus
Laserpitium,Plantae,kingdom
Laserpitium,Tracheophyta,phylum
Laserpitium,Magnoliopsida,class
Laserpitium,Apiales,order
Laserpitium,Apiaceae,family
Laserpitium,Laserpitium,genus
Lythrum undiff.,Plantae,kingdom
Lythrum undiff.,Tracheophyta,phylum
Lythrum undiff.,Magnoliopsida,class
Lythrum undiff.,Myrtales,order
Lythrum undiff.,Lythraceae,family
Lythrum undiff.,Lythrum,genus
Minuartia recurva,Plantae,kingdom
Minuartia recurva,Tracheophyta,phylum
Minuartia recurva,Magnoliopsida,class
Minuartia recurva,Caryophyllales,order
Minuartia recurva,Caryophyllaceae,family
Minuartia recurva,Minuartia,genus
Minuartia recurva,Minuartia recurva,species
Narcissus bulbocodium,Plantae,kingdom
Narcissus bulbocodium,Tracheophyta,phylum
Narcissus bulbocodium,Liliopsida,class
Narcissus bulbocodium,Asparagales,order
Narcissus bulbocodium,Amaryllidaceae,family
Narcissus bulbocodium,Narcissus,genus
Narcissus bulbocodium,Narcissus bulbocodium,species
Paronychia polygonifolia-type,Plantae,kingdom
Paronychia polygonifolia-type,Tracheophyta,phylum
Paronychia polygonifolia-type,Magnoliopsida,class
Paronychia polygonifolia-type,Caryophyllales,order
Paronychia polygonifolia-type,Caryophyllaceae,family
Paronychia polygonifolia-type,Paronychia,genus
Pedicularis sylvatica,Plantae,kingdom
Pedicularis sylvatica,Tracheophyta,phylum
Pedicularis sylvatica,Magnoliopsida,class
Pedicularis sylvatica,Lamiales,order
Pedicularis sylvatica,Orobanchaceae,family
Pedicularis sylvatica,Pedicularis,genus
Pedicularis sylvatica,Pedicularis sylvatica,species
Physospermum cornubiense,Plantae,kingdom
Physospermum cornubiense,Tracheophyta,phylum
Physospermum cornubiense,Magnoliopsida,class
Physospermum cornubiense,Apiales,order
Physospermum cornubiense,Apiaceae,family
Physospermum cornubiense,Physospermum,genus
Physospermum cornubiense,Physospermum cornubiense,species
Pimpinella anisum,Plantae,kingdom
Pimpinella anisum,Tracheophyta,phylum
Pimpinella anisum,Magnoliopsida,class
Pimpinella anisum,Apiales,order
Pimpinella anisum,Apiaceae,family
Pimpinella anisum,Pimpinella,genus
Pimpinella anisum,Pimpinella anisum,species
Pimpinella saxifraga-type,Plantae,kingdom
Pimpinella saxifraga-type,Tracheophyta,phylum
Pimpinella saxifraga-type,Magnoliopsida,class
Pimpinella saxifraga-type,Apiales,order
Pimpinella saxifraga-type,Apiaceae,family
Pimpinella saxifraga-type,Pimpinella,genus
Plantago coronopus sensu stricto,Plantae,kingdom
Plantago coronopus sensu stricto,Tracheophyta,phylum
Plantago coronopus sensu stricto,Magnoliopsida,class
Plantago coronopus sensu stricto,Lamiales,order
Plantago coronopus sensu stricto,Plantaginaceae,family
Plantago coronopus sensu stricto,Plantago,genus
Plantago coronopus sensu stricto,Plantago coronopus,species
Plantago subulata-type,Plantae,kingdom
Plantago subulata-type,Tracheophyta,phylum
Plantago subulata-type,Magnoliopsida,class
Plantago subulata-type,Lamiales,order
Plantago subulata-type,Plantaginaceae,family
Plantago subulata-type,Plantago,genus
Sanguisorba officinalis-type,Plantae,kingdom
Sanguisorba officinalis-type,Tracheophyta,phylum
Sanguisorba officinalis-type,Magnoliopsida,class
Sanguisorba officinalis-type,Rosales,order
Sanguisorba officinalis-type,Rosaceae,family
Sanguisorba officinalis-type,Sanguisorba,genus
Selinum carvifolia,Plantae,kingdom
Selinum carvifolia,Tracheophyta,phylum
Selinum carvifolia,Magnoliopsida,class
Selinum carvifolia,Apiales,order
Selinum carvifolia,Apiaceae,family
Selinum carvifolia,Selinum,genus
Selinum carvifolia,Selinum carvifolia,species
Seseli libanotis-type,Plantae,kingdom
Seseli libanotis-type,Tracheophyta,phylum
Seseli libanotis-type,Magnoliopsida,class
Seseli libanotis-type,Apiales,order
Seseli libanotis-type,Apiaceae,family
Seseli libanotis-type,Seseli,genus
Silaum silaus-type,Plantae,kingdom
Silaum silaus-type,Tracheophyta,phylum
Silaum silaus-type,Magnoliopsida,class
Silaum silaus-type,Apiales,order
Silaum silaus-type,Apiaceae,family
Silaum silaus-type,Silaum,genus
Silene ciliata-type,Plantae,kingdom
Silene ciliata-type,Tracheophyta,phylum
Silene ciliata-type,Magnoliopsida,class
Silene ciliata-type,Caryophyllales,order
Silene ciliata-type,Caryophyllaceae,family
Silene ciliata-type,Silene,genus
Silene foetida-type,Plantae,kingdom
Silene foetida-type,Tracheophyta,phylum
Silene foetida-type,Magnoliopsida,class
Silene foetida-type,Caryophyllales,order
Silene foetida-type,Caryophyllaceae,family
Silene foetida-type,Silene,genus
Torilis arvensis-type,Plantae,kingdom
Torilis arvensis-type,Tracheophyta,phylum
Torilis arvensis-type,Magnoliopsida,class
Torilis arvensis-type,Apiales,order
Torilis arvensis-type,Apiaceae,family
Torilis arvensis-type,Torilis,genus
Trinia glauca-type,Plantae,kingdom
Trinia glauca-type,Tracheophyta,phylum
Trinia glauca-type,Magnoliopsida,class
Trinia glauca-type,Apiales,order
Trinia glauca-type,Apiaceae,family
Trinia glauca-type,Trinia,genus
Hedysarum cf. H. hedysaroides,Plantae,kingdom
Hedysarum cf. H. hedysaroides,Tracheophyta,phylum
Hedysarum cf. H. hedysaroides,Magnoliopsida,class
Hedysarum cf. H. hedysaroides,Fabales,order
Hedysarum cf. H. hedysaroides,Fabaceae,family
Hedysarum cf. H. hedysaroides,Hedysarum,genus
Vaccinium myrtillus,Plantae,kingdom
Vaccinium myrtillus,Tracheophyta,phylum
Vaccinium myrtillus,Magnoliopsida,class
Vaccinium myrtillus,Ericales,order
Vaccinium myrtillus,Ericaceae,family
Vaccinium myrtillus,Vaccinium,genus
Vaccinium myrtillus,Vaccinium myrtillus,species
Centaurea stoebe,Plantae,kingdom
Centaurea stoebe,Tracheophyta,phylum
Centaurea stoebe,Magnoliopsida,class
Centaurea stoebe,Asterales,order
Centaurea stoebe,Asteraceae,family
Centaurea stoebe,Centaurea,genus
Centaurea stoebe,Centaurea stoebe,species
Juglandaceae,Plantae,kingdom
Juglandaceae,Tracheophyta,phylum
Juglandaceae,Magnoliopsida,class
Juglandaceae,Fagales,order
Juglandaceae,Juglandaceae,family
Matthiola,Plantae,kingdom
Matthiola,Tracheophyta,phylum
Matthiola,Magnoliopsida,class
Matthiola,Brassicales,order
Matthiola,Brassicaceae,family
Matthiola,Matthiola,genus
Trifolium arvense,Plantae,kingdom
Trifolium arvense,Tracheophyta,phylum
Trifolium arvense,Magnoliopsida,class
Trifolium arvense,Fabales,order
Trifolium arvense,Fabaceae,family
Trifolium arvense,Trifolium,genus
Trifolium arvense,Trifolium arvense,species
Valeriana tripteris,Plantae,kingdom
Valeriana tripteris,Tracheophyta,phylum
Valeriana tripteris,Magnoliopsida,class
Valeriana tripteris,Dipsacales,order
Valeriana tripteris,Caprifoliaceae,family
Valeriana tripteris,Valeriana,genus
Valeriana tripteris,Valeriana tripteris,species
Empetrum hermaphroditum,Plantae,kingdom
Empetrum hermaphroditum,Tracheophyta,phylum
Empetrum hermaphroditum,Magnoliopsida,class
Empetrum hermaphroditum,Ericales,order
Empetrum hermaphroditum,Ericaceae,family
Empetrum hermaphroditum,Empetrum,genus
Empetrum hermaphroditum,Empetrum hermaphroditum,species
Erica cinerea,Plantae,kingdom
Erica cinerea,Tracheophyta,phylum
Erica cinerea,Magnoliopsida,class
Erica cinerea,Ericales,order
Erica cinerea,Ericaceae,family
Erica cinerea,Erica,genus
Erica cinerea,Erica cinerea,species
Faboideae undiff.,Plantae,kingdom
Faboideae undiff.,Tracheophyta,phylum
Faboideae undiff.,Magnoliopsida,class
Faboideae undiff.,Fabales,order
Faboideae undiff.,Fabaceae,family
Faboideae undiff.,Faboidea,genus
Geum cf. G. rivale,Plantae,kingdom
Geum cf. G. rivale,Tracheophyta,phylum
Geum cf. G. rivale,Magnoliopsida,class
Geum cf. G. rivale,Rosales,order
Geum cf. G. rivale,Rosaceae,family
Geum cf. G. rivale,Geum,genus
Geum cf. G. urbanum,Plantae,kingdom
Geum cf. G. urbanum,Tracheophyta,phylum
Geum cf. G. urbanum,Magnoliopsida,class
Geum cf. G. urbanum,Rosales,order
Geum cf. G. urbanum,Rosaceae,family
Geum cf. G. urbanum,Geum,genus
Lotus cf. L. corniculatus,Plantae,kingdom
Lotus cf. L. corniculatus,Tracheophyta,phylum
Lotus cf. L. corniculatus,Magnoliopsida,class
Lotus cf. L. corniculatus,Fabales,order
Lotus cf. L. corniculatus,Fabaceae,family
Lotus cf. L. corniculatus,Lotus,genus
Lotus pedunculatus-type,Plantae,kingdom
Lotus pedunculatus-type,Tracheophyta,phylum
Lotus pedunculatus-type,Magnoliopsida,class
Lotus pedunculatus-type,Fabales,order
Lotus pedunculatus-type,Fabaceae,family
Lotus pedunculatus-type,Lotus,genus
Saxifraga cf. S. cespitosa,Plantae,kingdom
Saxifraga cf. S. cespitosa,Tracheophyta,phylum
Saxifraga cf. S. cespitosa,Magnoliopsida,class
Saxifraga cf. S. cespitosa,Saxifragales,order
Saxifraga cf. S. cespitosa,Saxifragaceae,family
Saxifraga cf. S. cespitosa,Saxifraga,genus
Ranunculus sceleratus/R. repens,Plantae,kingdom
Ranunculus sceleratus/R. repens,Tracheophyta,phylum
Ranunculus sceleratus/R. repens,Magnoliopsida,class
Ranunculus sceleratus/R. repens,Ranunculales,order
Ranunculus sceleratus/R. repens,Ranunculaceae,family
Ranunculus sceleratus/R. repens,Ranunculus,genus
Silene nutans,Plantae,kingdom
Silene nutans,Tracheophyta,phylum
Silene nutans,Magnoliopsida,class
Silene nutans,Caryophyllales,order
Silene nutans,Caryophyllaceae,family
Silene nutans,Silene,genus
Silene nutans,Silene nutans,species
Swertia,Plantae,kingdom
Swertia,Tracheophyta,phylum
Swertia,Magnoliopsida,class
Swertia,Gentianales,order
Swertia,Gentianaceae,family
Swertia,Swertia,genus
Teucrium chamaedrys,Plantae,kingdom
Teucrium chamaedrys,Tracheophyta,phylum
Teucrium chamaedrys,Magnoliopsida,class
Teucrium chamaedrys,Lamiales,order
Teucrium chamaedrys,Lamiaceae,family
Teucrium chamaedrys,Teucrium,genus
Teucrium chamaedrys,Teucrium chamaedrys,species
Lycopus europaeus,Plantae,kingdom
Lycopus europaeus,Tracheophyta,phylum
Lycopus europaeus,Magnoliopsida,class
Lycopus europaeus,Lamiales,order
Lycopus europaeus,Lamiaceae,family
Lycopus europaeus,Lycopus,genus
Lycopus europaeus,Lycopus europaeus,species
Oleaceae undiff.,Plantae,kingdom
Oleaceae undiff.,Tracheophyta,phylum
Oleaceae undiff.,Magnoliopsida,class
Oleaceae undiff.,Lamiales,order
Oleaceae undiff.,Oleaceae,family
Conium maculatum-type,Plantae,kingdom
Conium maculatum-type,Tracheophyta,phylum
Conium maculatum-type,Magnoliopsida,class
Conium maculatum-type,Apiales,order
Conium maculatum-type,Apiaceae,family
Conium maculatum-type,Conium,genus
Pimpinella saxifraga,Plantae,kingdom
Pimpinella saxifraga,Tracheophyta,phylum
Pimpinella saxifraga,Magnoliopsida,class
Pimpinella saxifraga,Apiales,order
Pimpinella saxifraga,Apiaceae,family
Pimpinella saxifraga,Pimpinella,genus
Pimpinella saxifraga,Pimpinella saxifraga,species
Viscum album sensu lato,Plantae,kingdom
Viscum album sensu lato,Tracheophyta,phylum
Viscum album sensu lato,Magnoliopsida,class
Viscum album sensu lato,Santalales,order
Viscum album sensu lato,Viscaceae,family
Viscum album sensu lato,Viscum,genus
Viscum album sensu lato,Viscum album,species
Abies undiff.,Plantae,kingdom
Abies undiff.,Tracheophyta,phylum
Abies undiff.,Pinopsida,class
Abies undiff.,Pinales,order
Abies undiff.,Pinaceae,family
Abies undiff.,Abies,genus
Centaurium pulchellum,Plantae,kingdom
Centaurium pulchellum,Tracheophyta,phylum
Centaurium pulchellum,Magnoliopsida,class
Centaurium pulchellum,Gentianales,order
Centaurium pulchellum,Gentianaceae,family
Centaurium pulchellum,Centaurium,genus
Centaurium pulchellum,Centaurium pulchellum,species
Chaerophyllum hirsutum,Plantae,kingdom
Chaerophyllum hirsutum,Tracheophyta,phylum
Chaerophyllum hirsutum,Magnoliopsida,class
Chaerophyllum hirsutum,Apiales,order
Chaerophyllum hirsutum,Apiaceae,family
Chaerophyllum hirsutum,Chaerophyllum,genus
Chaerophyllum hirsutum,Chaerophyllum hirsutum,species
Gratiola officinalis,Plantae,kingdom
Gratiola officinalis,Tracheophyta,phylum
Gratiola officinalis,Magnoliopsida,class
Gratiola officinalis,Lamiales,order
Gratiola officinalis,Plantaginaceae,family
Gratiola officinalis,Gratiola,genus
Gratiola officinalis,Gratiola officinalis,species
Onobrychis viciifolia,Plantae,kingdom
Onobrychis viciifolia,Tracheophyta,phylum
Onobrychis viciifolia,Magnoliopsida,class
Onobrychis viciifolia,Fabales,order
Onobrychis viciifolia,Fabaceae,family
Onobrychis viciifolia,Onobrychis,genus
Onobrychis viciifolia,Onobrychis viciifolia,species
Torilis,Plantae,kingdom
Torilis,Tracheophyta,phylum
Torilis,Magnoliopsida,class
Torilis,Apiales,order
Torilis,Apiaceae,family
Torilis,Torilis,genus
Aethusa cynapium-type,Plantae,kingdom
Aethusa cynapium-type,Tracheophyta,phylum
Aethusa cynapium-type,Magnoliopsida,class
Aethusa cynapium-type,Apiales,order
Aethusa cynapium-type,Apiaceae,family
Aethusa cynapium-type,Aethusa,genus
Carum,Plantae,kingdom
Carum,Tracheophyta,phylum
Carum,Magnoliopsida,class
Carum,Apiales,order
Carum,Apiaceae,family
Carum,Carum,genus
Caucalis platycarpos,Plantae,kingdom
Caucalis platycarpos,Tracheophyta,phylum
Caucalis platycarpos,Magnoliopsida,class
Caucalis platycarpos,Apiales,order
Caucalis platycarpos,Apiaceae,family
Caucalis platycarpos,Caucalis,genus
Caucalis platycarpos,Caucalis platycarpos,species
Centaurium pulchellum-type,Plantae,kingdom
Centaurium pulchellum-type,Tracheophyta,phylum
Centaurium pulchellum-type,Magnoliopsida,class
Centaurium pulchellum-type,Gentianales,order
Centaurium pulchellum-type,Gentianaceae,family
Centaurium pulchellum-type,Centaurium,genus
Foeniculum vulgare,Plantae,kingdom
Foeniculum vulgare,Tracheophyta,phylum
Foeniculum vulgare,Magnoliopsida,class
Foeniculum vulgare,Apiales,order
Foeniculum vulgare,Apiaceae,family
Foeniculum vulgare,Foeniculum,genus
Foeniculum vulgare,Foeniculum vulgare,species
Meum athamanticum-type,Plantae,kingdom
Meum athamanticum-type,Tracheophyta,phylum
Meum athamanticum-type,Magnoliopsida,class
Meum athamanticum-type,Apiales,order
Meum athamanticum-type,Apiaceae,family
Meum athamanticum-type,Meum,genus
Monotropa hypopitys,Plantae,kingdom
Monotropa hypopitys,Tracheophyta,phylum
Monotropa hypopitys,Magnoliopsida,class
Monotropa hypopitys,Ericales,order
Monotropa hypopitys,Ericaceae,family
Monotropa hypopitys,Hypopitys,genus
Monotropa hypopitys,Hypopitys monotropa,species
Peucedanum palustre-type,Plantae,kingdom
Peucedanum palustre-type,Tracheophyta,phylum
Peucedanum palustre-type,Magnoliopsida,class
Peucedanum palustre-type,Apiales,order
Peucedanum palustre-type,Apiaceae,family
Peucedanum palustre-type,Peucedanum,genus
Pleurospermum austriacum-type,Plantae,kingdom
Pleurospermum austriacum-type,Tracheophyta,phylum
Pleurospermum austriacum-type,Magnoliopsida,class
Pleurospermum austriacum-type,Apiales,order
Pleurospermum austriacum-type,Apiaceae,family
Pleurospermum austriacum-type,Pleurospermum,genus
Ruta graveolens,Plantae,kingdom
Ruta graveolens,Tracheophyta,phylum
Ruta graveolens,Magnoliopsida,class
Ruta graveolens,Sapindales,order
Ruta graveolens,Rutaceae,family
Ruta graveolens,Ruta,genus
Ruta graveolens,Ruta graveolens,species
Sambucus undiff.,Plantae,kingdom
Sambucus undiff.,Tracheophyta,phylum
Sambucus undiff.,Magnoliopsida,class
Sambucus undiff.,Dipsacales,order
Sambucus undiff.,Viburnaceae,family
Sambucus undiff.,Sambucus,genus
Scrophulariaceae pro parte,Plantae,kingdom
Scrophulariaceae pro parte,Tracheophyta,phylum
Scrophulariaceae pro parte,Magnoliopsida,class
Scrophulariaceae pro parte,Lamiales,order
Scrophulariaceae pro parte,Scrophulariaceae,family
Torilis japonica-type,Plantae,kingdom
Torilis japonica-type,Tracheophyta,phylum
Torilis japonica-type,Magnoliopsida,class
Torilis japonica-type,Apiales,order
Torilis japonica-type,Apiaceae,family
Torilis japonica-type,Torilis,genus
Aphanes,Plantae,kingdom
Aphanes,Tracheophyta,phylum
Aphanes,Magnoliopsida,class
Aphanes,Rosales,order
Aphanes,Rosaceae,family
Aphanes,Aphanes,genus
Astrantia major-type,Plantae,kingdom
Astrantia major-type,Tracheophyta,phylum
Astrantia major-type,Magnoliopsida,class
Astrantia major-type,Apiales,order
Astrantia major-type,Apiaceae,family
Astrantia major-type,Astrantia,genus
Ballota,Plantae,kingdom
Ballota,Tracheophyta,phylum
Ballota,Magnoliopsida,class
Ballota,Lamiales,order
Ballota,Lamiaceae,family
Ballota,Ballota,genus
Campanula trachelium-type,Plantae,kingdom
Campanula trachelium-type,Tracheophyta,phylum
Campanula trachelium-type,Magnoliopsida,class
Campanula trachelium-type,Asterales,order
Campanula trachelium-type,Campanulaceae,family
Campanula trachelium-type,Campanula,genus
Datura stramonium,Plantae,kingdom
Datura stramonium,Tracheophyta,phylum
Datura stramonium,Magnoliopsida,class
Datura stramonium,Solanales,order
Datura stramonium,Solanaceae,family
Datura stramonium,Datura,genus
Datura stramonium,Datura stramonium,species
Descurainia sophia,Plantae,kingdom
Descurainia sophia,Tracheophyta,phylum
Descurainia sophia,Magnoliopsida,class
Descurainia sophia,Brassicales,order
Descurainia sophia,Brassicaceae,family
Descurainia sophia,Descurainia,genus
Descurainia sophia,Descurainia sophia,species
Kickxia,Plantae,kingdom
Kickxia,Tracheophyta,phylum
Kickxia,Magnoliopsida,class
Kickxia,Lamiales,order
Kickxia,Plantaginaceae,family
Kickxia,Kickxia,genus
Microrrhinum minus,Plantae,kingdom
Microrrhinum minus,Tracheophyta,phylum
Microrrhinum minus,Magnoliopsida,class
Microrrhinum minus,Lamiales,order
Microrrhinum minus,Plantaginaceae,family
Microrrhinum minus,Chaenorhinum,genus
Microrrhinum minus,Chaenorhinum minus,species
Pisum sativum,Plantae,kingdom
Pisum sativum,Tracheophyta,phylum
Pisum sativum,Magnoliopsida,class
Pisum sativum,Fabales,order
Pisum sativum,Fabaceae,family
Pisum sativum,Lathyrus,genus
Pisum sativum,Lathyrus oleraceus,species
Ephedra strobilacea-type,Plantae,kingdom
Ephedra strobilacea-type,Tracheophyta,phylum
Ephedra strobilacea-type,Gnetopsida,class
Ephedra strobilacea-type,Ephedrales,order
Ephedra strobilacea-type,Ephedraceae,family
Ephedra strobilacea-type,Ephedra,genus
Apium inundatum-type,Plantae,kingdom
Apium inundatum-type,Tracheophyta,phylum
Apium inundatum-type,Magnoliopsida,class
Apium inundatum-type,Apiales,order
Apium inundatum-type,Apiaceae,family
Apium inundatum-type,Apium,genus
Corydalis pumila-type,Plantae,kingdom
Corydalis pumila-type,Tracheophyta,phylum
Corydalis pumila-type,Magnoliopsida,class
Corydalis pumila-type,Ranunculales,order
Corydalis pumila-type,Papaveraceae,family
Corydalis pumila-type,Corydalis,genus
Eryngium campestre-type,Plantae,kingdom
Eryngium campestre-type,Tracheophyta,phylum
Eryngium campestre-type,Magnoliopsida,class
Eryngium campestre-type,Apiales,order
Eryngium campestre-type,Apiaceae,family
Eryngium campestre-type,Eryngium,genus
Ornithogalum umbellatum-type,Plantae,kingdom
Ornithogalum umbellatum-type,Tracheophyta,phylum
Ornithogalum umbellatum-type,Liliopsida,class
Ornithogalum umbellatum-type,Asparagales,order
Ornithogalum umbellatum-type,Asparagaceae,family
Ornithogalum umbellatum-type,Ornithogalum,genus
Pedicularis verticillata-type,Plantae,kingdom
Pedicularis verticillata-type,Tracheophyta,phylum
Pedicularis verticillata-type,Magnoliopsida,class
Pedicularis verticillata-type,Lamiales,order
Pedicularis verticillata-type,Orobanchaceae,family
Pedicularis verticillata-type,Pedicularis,genus
Teucrium chamaedrys-type,Plantae,kingdom
Teucrium chamaedrys-type,Tracheophyta,phylum
Teucrium chamaedrys-type,Magnoliopsida,class
Teucrium chamaedrys-type,Lamiales,order
Teucrium chamaedrys-type,Lamiaceae,family
Teucrium chamaedrys-type,Teucrium,genus
Turgenia latifolia-type,Plantae,kingdom
Turgenia latifolia-type,Tracheophyta,phylum
Turgenia latifolia-type,Magnoliopsida,class
Turgenia latifolia-type,Apiales,order
Turgenia latifolia-type,Apiaceae,family
Turgenia latifolia-type,Turgenia,genus
Viola tricolor-type,Animalia,kingdom
Viola tricolor-type,Arthropoda,phylum
Viola tricolor-type,Insecta,class
Viola tricolor-type,Lepidoptera,order
Viola tricolor-type,Hesperiidae,family
Viola tricolor-type,Viola,genus
Viola tricolor-type,Plantae,kingdom
Viola tricolor-type,Tracheophyta,phylum
Viola tricolor-type,Magnoliopsida,class
Viola tricolor-type,Malpighiales,order
Viola tricolor-type,Violaceae,family
Viola tricolor-type,Viola,genus
Berula erecta-type,Plantae,kingdom
Berula erecta-type,Tracheophyta,phylum
Berula erecta-type,Magnoliopsida,class
Berula erecta-type,Apiales,order
Berula erecta-type,Apiaceae,family
Berula erecta-type,Berula,genus
Lythrum portula-type,Plantae,kingdom
Lythrum portula-type,Tracheophyta,phylum
Lythrum portula-type,Magnoliopsida,class
Lythrum portula-type,Myrtales,order
Lythrum portula-type,Lythraceae,family
Lythrum portula-type,Lythrum,genus
Agrimonia eupatoria-type,Plantae,kingdom
Agrimonia eupatoria-type,Tracheophyta,phylum
Agrimonia eupatoria-type,Magnoliopsida,class
Agrimonia eupatoria-type,Rosales,order
Agrimonia eupatoria-type,Rosaceae,family
Agrimonia eupatoria-type,Agrimonia,genus
Aphanes arvensis-type,Plantae,kingdom
Aphanes arvensis-type,Tracheophyta,phylum
Aphanes arvensis-type,Magnoliopsida,class
Aphanes arvensis-type,Rosales,order
Aphanes arvensis-type,Rosaceae,family
Aphanes arvensis-type,Aphanes,genus
Ballota group,Plantae,kingdom
Ballota group,Tracheophyta,phylum
Ballota group,Magnoliopsida,class
Ballota group,Lamiales,order
Ballota group,Lamiaceae,family
Ballota group,Ballota,genus
Descurainia sophia-type,Plantae,kingdom
Descurainia sophia-type,Tracheophyta,phylum
Descurainia sophia-type,Magnoliopsida,class
Descurainia sophia-type,Brassicales,order
Descurainia sophia-type,Brassicaceae,family
Descurainia sophia-type,Descurainia,genus
Eupatorium cannabinum-type,Plantae,kingdom
Eupatorium cannabinum-type,Tracheophyta,phylum
Eupatorium cannabinum-type,Magnoliopsida,class
Eupatorium cannabinum-type,Asterales,order
Eupatorium cannabinum-type,Asteraceae,family
Eupatorium cannabinum-type,Eupatorium,genus
Geranium pratense-type,Plantae,kingdom
Geranium pratense-type,Tracheophyta,phylum
Geranium pratense-type,Magnoliopsida,class
Geranium pratense-type,Geraniales,order
Geranium pratense-type,Geraniaceae,family
Geranium pratense-type,Geranium,genus
Impatiens noli-tangere,Plantae,kingdom
Impatiens noli-tangere,Tracheophyta,phylum
Impatiens noli-tangere,Magnoliopsida,class
Impatiens noli-tangere,Ericales,order
Impatiens noli-tangere,Balsaminaceae,family
Impatiens noli-tangere,Impatiens,genus
Impatiens noli-tangere,Impatiens noli-tangere,species
Liriodendron tulipifera,Plantae,kingdom
Liriodendron tulipifera,Tracheophyta,phylum
Liriodendron tulipifera,Magnoliopsida,class
Liriodendron tulipifera,Magnoliales,order
Liriodendron tulipifera,Magnoliaceae,family
Liriodendron tulipifera,Liriodendron,genus
Liriodendron tulipifera,Liriodendron tulipifera,species
Lonicera periclymenum-type,Plantae,kingdom
Lonicera periclymenum-type,Tracheophyta,phylum
Lonicera periclymenum-type,Magnoliopsida,class
Lonicera periclymenum-type,Dipsacales,order
Lonicera periclymenum-type,Caprifoliaceae,family
Lonicera periclymenum-type,Lonicera,genus
Mercurialis undiff.,Plantae,kingdom
Mercurialis undiff.,Tracheophyta,phylum
Mercurialis undiff.,Magnoliopsida,class
Mercurialis undiff.,Malpighiales,order
Mercurialis undiff.,Euphorbiaceae,family
Mercurialis undiff.,Mercurialis,genus
Narcissus poeticus-type,Plantae,kingdom
Narcissus poeticus-type,Tracheophyta,phylum
Narcissus poeticus-type,Liliopsida,class
Narcissus poeticus-type,Asparagales,order
Narcissus poeticus-type,Amaryllidaceae,family
Narcissus poeticus-type,Narcissus,genus
Sagina nodosa group,Plantae,kingdom
Sagina nodosa group,Tracheophyta,phylum
Sagina nodosa group,Magnoliopsida,class
Sagina nodosa group,Caryophyllales,order
Sagina nodosa group,Caryophyllaceae,family
Sagina nodosa group,Sagina,genus
Sagina nodosa group,Sagina nodosa,species
Silene viscaria,Plantae,kingdom
Silene viscaria,Plantae,kingdom
Silene viscaria,Tracheophyta,phylum
Silene viscaria,Tracheophyta,phylum
Silene viscaria,Magnoliopsida,class
Silene viscaria,Magnoliopsida,class
Silene viscaria,Caryophyllales,order
Silene viscaria,Caryophyllales,order
Silene viscaria,Caryophyllaceae,family
Silene viscaria,Caryophyllaceae,family
Silene viscaria,Viscaria,genus
Silene viscaria,Viscaria,genus
Silene viscaria,Viscaria vulgaris,species
Silene viscaria,Viscaria vulgaris,species
Silene viscaria,Plantae,kingdom
Silene viscaria,Plantae,kingdom
Silene viscaria,Tracheophyta,phylum
Silene viscaria,Tracheophyta,phylum
Silene viscaria,Magnoliopsida,class
Silene viscaria,Magnoliopsida,class
Silene viscaria,Caryophyllales,order
Silene viscaria,Caryophyllales,order
Silene viscaria,Caryophyllaceae,family
Silene viscaria,Caryophyllaceae,family
Silene viscaria,Viscaria,genus
Silene viscaria,Viscaria,genus
Silene viscaria,Viscaria vulgaris,species
Silene viscaria,Viscaria vulgaris,species
Mercurialis annua-type,Plantae,kingdom
Mercurialis annua-type,Tracheophyta,phylum
Mercurialis annua-type,Magnoliopsida,class
Mercurialis annua-type,Malpighiales,order
Mercurialis annua-type,Euphorbiaceae,family
Mercurialis annua-type,Mercurialis,genus
Alchemilla cf. A. glabra,Plantae,kingdom
Alchemilla cf. A. glabra,Tracheophyta,phylum
Alchemilla cf. A. glabra,Magnoliopsida,class
Alchemilla cf. A. glabra,Rosales,order
Alchemilla cf. A. glabra,Rosaceae,family
Alchemilla cf. A. glabra,Alchemilla,genus
Gentiana nivalis-type,Plantae,kingdom
Gentiana nivalis-type,Tracheophyta,phylum
Gentiana nivalis-type,Magnoliopsida,class
Gentiana nivalis-type,Gentianales,order
Gentiana nivalis-type,Gentianaceae,family
Gentiana nivalis-type,Gentiana,genus
Helianthemum cf. H. canum,Plantae,kingdom
Helianthemum cf. H. canum,Tracheophyta,phylum
Helianthemum cf. H. canum,Magnoliopsida,class
Helianthemum cf. H. canum,Malvales,order
Helianthemum cf. H. canum,Cistaceae,family
Helianthemum cf. H. canum,Helianthemum,genus
Oxyria digyna-type,Plantae,kingdom
Oxyria digyna-type,Tracheophyta,phylum
Oxyria digyna-type,Magnoliopsida,class
Oxyria digyna-type,Caryophyllales,order
Oxyria digyna-type,Polygonaceae,family
Oxyria digyna-type,Oxyria,genus
Oxyria digyna-type,Animalia,kingdom
Oxyria digyna-type,Arthropoda,phylum
Oxyria digyna-type,Insecta,class
Oxyria digyna-type,Diptera,order
Oxyria digyna-type,Ceratopogonidae,family
Oxyria digyna-type,Oxyria,genus
Penthorum sedoides,Plantae,kingdom
Penthorum sedoides,Tracheophyta,phylum
Penthorum sedoides,Magnoliopsida,class
Penthorum sedoides,Saxifragales,order
Penthorum sedoides,Penthoraceae,family
Penthorum sedoides,Penthorum,genus
Penthorum sedoides,Penthorum sedoides,species
Vicia cf. V. cracca,Plantae,kingdom
Vicia cf. V. cracca,Tracheophyta,phylum
Vicia cf. V. cracca,Magnoliopsida,class
Vicia cf. V. cracca,Fabales,order
Vicia cf. V. cracca,Fabaceae,family
Vicia cf. V. cracca,Vicia,genus
Betula sect. Apterocaryon,Plantae,kingdom
Betula sect. Apterocaryon,Tracheophyta,phylum
Betula sect. Apterocaryon,Magnoliopsida,class
Betula sect. Apterocaryon,Fagales,order
Betula sect. Apterocaryon,Betulaceae,family
Betula sect. Apterocaryon,Betula,genus
Betula sect. Betula,Plantae,kingdom
Betula sect. Betula,Tracheophyta,phylum
Betula sect. Betula,Magnoliopsida,class
Betula sect. Betula,Fagales,order
Betula sect. Betula,Betulaceae,family
Betula sect. Betula,Betula,genus
Bromus,Plantae,kingdom
Bromus,Tracheophyta,phylum
Bromus,Liliopsida,class
Bromus,Poales,order
Bromus,Poaceae,family
Bromus,Bromus,genus
Plantago maritima/P. alpina,Plantae,kingdom
Plantago maritima/P. alpina,Tracheophyta,phylum
Plantago maritima/P. alpina,Magnoliopsida,class
Plantago maritima/P. alpina,Lamiales,order
Plantago maritima/P. alpina,Plantaginaceae,family
Plantago maritima/P. alpina,Plantago,genus
Polemonium boreale,Plantae,kingdom
Polemonium boreale,Tracheophyta,phylum
Polemonium boreale,Magnoliopsida,class
Polemonium boreale,Ericales,order
Polemonium boreale,Polemoniaceae,family
Polemonium boreale,Polemonium,genus
Polemonium boreale,Polemonium boreale,species
Trifolium striatum-type,Plantae,kingdom
Trifolium striatum-type,Tracheophyta,phylum
Trifolium striatum-type,Magnoliopsida,class
Trifolium striatum-type,Fabales,order
Trifolium striatum-type,Fabaceae,family
Trifolium striatum-type,Trifolium,genus
Trifolium striatum-type,Animalia,kingdom
Trifolium striatum-type,Platyhelminthes,phylum
Trifolium striatum-type,Trematoda,class
Trifolium striatum-type,Plagiorchiida,order
Trifolium striatum-type,Psilostomidae,family
Trifolium striatum-type,Trifolium,genus
Loranthaceae,Plantae,kingdom
Loranthaceae,Tracheophyta,phylum
Loranthaceae,Magnoliopsida,class
Loranthaceae,Santalales,order
Loranthaceae,Loranthaceae,family
Bupleurum ranunculoides,Plantae,kingdom
Bupleurum ranunculoides,Tracheophyta,phylum
Bupleurum ranunculoides,Magnoliopsida,class
Bupleurum ranunculoides,Apiales,order
Bupleurum ranunculoides,Apiaceae,family
Bupleurum ranunculoides,Bupleurum,genus
Bupleurum ranunculoides,Bupleurum ranunculoides,species
Pulmonaria officinalis,Plantae,kingdom
Pulmonaria officinalis,Tracheophyta,phylum
Pulmonaria officinalis,Magnoliopsida,class
Pulmonaria officinalis,Boraginales,order
Pulmonaria officinalis,Boraginaceae,family
Pulmonaria officinalis,Pulmonaria,genus
Pulmonaria officinalis,Pulmonaria officinalis,species
Thymus,Animalia,kingdom
Thymus,Arthropoda,phylum
Thymus,Insecta,class
Thymus,Hymenoptera,order
Thymus,Eulophidae,family
Thymus,Thymus,genus
Thymus,Plantae,kingdom
Thymus,Tracheophyta,phylum
Thymus,Magnoliopsida,class
Thymus,Lamiales,order
Thymus,Lamiaceae,family
Thymus,Thymus,genus
Cannabaceae sensu stricto,Plantae,kingdom
Cannabaceae sensu stricto,Tracheophyta,phylum
Cannabaceae sensu stricto,Magnoliopsida,class
Cannabaceae sensu stricto,Rosales,order
Cannabaceae sensu stricto,Cannabaceae,family
Erica cf. E. tetralix,Animalia,kingdom
Erica cf. E. tetralix,Arthropoda,phylum
Erica cf. E. tetralix,Arachnida,class
Erica cf. E. tetralix,Araneae,order
Erica cf. E. tetralix,Salticidae,family
Erica cf. E. tetralix,Erica,genus
Erica cf. E. tetralix,Plantae,kingdom
Erica cf. E. tetralix,Tracheophyta,phylum
Erica cf. E. tetralix,Magnoliopsida,class
Erica cf. E. tetralix,Ericales,order
Erica cf. E. tetralix,Ericaceae,family
Erica cf. E. tetralix,Erica,genus
Persicaria cf. P. maculosa,Plantae,kingdom
Persicaria cf. P. maculosa,Tracheophyta,phylum
Persicaria cf. P. maculosa,Magnoliopsida,class
Persicaria cf. P. maculosa,Caryophyllales,order
Persicaria cf. P. maculosa,Polygonaceae,family
Persicaria cf. P. maculosa,Persicaria,genus
Elymus,Plantae,kingdom
Elymus,Tracheophyta,phylum
Elymus,Liliopsida,class
Elymus,Poales,order
Elymus,Poaceae,family
Elymus,Elymus,genus
Centaurea depressa-type,Plantae,kingdom
Centaurea depressa-type,Tracheophyta,phylum
Centaurea depressa-type,Magnoliopsida,class
Centaurea depressa-type,Asterales,order
Centaurea depressa-type,Asteraceae,family
Centaurea depressa-type,Centaurea,genus
Artemisia campestris-type,Plantae,kingdom
Artemisia campestris-type,Tracheophyta,phylum
Artemisia campestris-type,Magnoliopsida,class
Artemisia campestris-type,Asterales,order
Artemisia campestris-type,Asteraceae,family
Artemisia campestris-type,Artemisia,genus
Artemisia undiff.,Plantae,kingdom
Artemisia undiff.,Tracheophyta,phylum
Artemisia undiff.,Magnoliopsida,class
Artemisia undiff.,Asterales,order
Artemisia undiff.,Asteraceae,family
Artemisia undiff.,Artemisia,genus
Droseraceae,Plantae,kingdom
Droseraceae,Tracheophyta,phylum
Droseraceae,Magnoliopsida,class
Droseraceae,Caryophyllales,order
Droseraceae,Droseraceae,family
Rubus idaeus-type,Plantae,kingdom
Rubus idaeus-type,Tracheophyta,phylum
Rubus idaeus-type,Magnoliopsida,class
Rubus idaeus-type,Rosales,order
Rubus idaeus-type,Rosaceae,family
Rubus idaeus-type,Rubus,genus
Polemoniaceae,Plantae,kingdom
Polemoniaceae,Tracheophyta,phylum
Polemoniaceae,Magnoliopsida,class
Polemoniaceae,Ericales,order
Polemoniaceae,Polemoniaceae,family
Hypericum calycinum-type,Plantae,kingdom
Hypericum calycinum-type,Tracheophyta,phylum
Hypericum calycinum-type,Magnoliopsida,class
Hypericum calycinum-type,Malpighiales,order
Hypericum calycinum-type,Hypericaceae,family
Hypericum calycinum-type,Hypericum,genus
Sedum acre,Plantae,kingdom
Sedum acre,Tracheophyta,phylum
Sedum acre,Magnoliopsida,class
Sedum acre,Saxifragales,order
Sedum acre,Crassulaceae,family
Sedum acre,Sedum,genus
Sedum acre,Sedum acre,species
Rosaceae (trees) undiff.,Plantae,kingdom
Rosaceae (trees) undiff.,Tracheophyta,phylum
Rosaceae (trees) undiff.,Magnoliopsida,class
Rosaceae (trees) undiff.,Rosales,order
Rosaceae (trees) undiff.,Rosaceae,family
Viburnum cf. V. opulus,Plantae,kingdom
Viburnum cf. V. opulus,Tracheophyta,phylum
Viburnum cf. V. opulus,Magnoliopsida,class
Viburnum cf. V. opulus,Dipsacales,order
Viburnum cf. V. opulus,Viburnaceae,family
Viburnum cf. V. opulus,Viburnum,genus
Fallopia cf. F. convolvulus,Plantae,kingdom
Fallopia cf. F. convolvulus,Tracheophyta,phylum
Fallopia cf. F. convolvulus,Magnoliopsida,class
Fallopia cf. F. convolvulus,Caryophyllales,order
Fallopia cf. F. convolvulus,Polygonaceae,family
Fallopia cf. F. convolvulus,Fallopia,genus
Micranthes nivalis/M. tenuis,Plantae,kingdom
Micranthes nivalis/M. tenuis,Tracheophyta,phylum
Micranthes nivalis/M. tenuis,Magnoliopsida,class
Micranthes nivalis/M. tenuis,Saxifragales,order
Micranthes nivalis/M. tenuis,Saxifragaceae,family
Micranthes nivalis/M. tenuis,Micranthes,genus
Rubus cf. R. saxatilis,Plantae,kingdom
Rubus cf. R. saxatilis,Tracheophyta,phylum
Rubus cf. R. saxatilis,Magnoliopsida,class
Rubus cf. R. saxatilis,Rosales,order
Rubus cf. R. saxatilis,Rosaceae,family
Rubus cf. R. saxatilis,Rubus,genus
Quercus (evergreen),Plantae,kingdom
Quercus (evergreen),Tracheophyta,phylum
Quercus (evergreen),Magnoliopsida,class
Quercus (evergreen),Fagales,order
Quercus (evergreen),Fagaceae,family
Quercus (evergreen),Quercus,genus
Polygonum aviculare/Bistorta officinalis,Plantae,kingdom
Polygonum aviculare/Bistorta officinalis,Tracheophyta,phylum
Polygonum aviculare/Bistorta officinalis,Magnoliopsida,class
Polygonum aviculare/Bistorta officinalis,Caryophyllales,order
Polygonum aviculare/Bistorta officinalis,Polygonaceae,family
Polygonum aviculare/Bistorta officinalis,Polygonum,genus
Pistacia terebinthus,Plantae,kingdom
Pistacia terebinthus,Tracheophyta,phylum
Pistacia terebinthus,Magnoliopsida,class
Pistacia terebinthus,Sapindales,order
Pistacia terebinthus,Anacardiaceae,family
Pistacia terebinthus,Pistacia,genus
Pistacia terebinthus,Pistacia terebinthus,species
Polygonoideae pro parte,Plantae,kingdom
Polygonoideae pro parte,Tracheophyta,phylum
Polygonoideae pro parte,Magnoliopsida,class
Polygonoideae pro parte,Caryophyllales,order
Polygonoideae pro parte,Polygonaceae,family
Polygonoideae pro parte,Calligonum,genus
Adonis aestivalis-type,Plantae,kingdom
Adonis aestivalis-type,Tracheophyta,phylum
Adonis aestivalis-type,Magnoliopsida,class
Adonis aestivalis-type,Ranunculales,order
Adonis aestivalis-type,Ranunculaceae,family
Adonis aestivalis-type,Adonis,genus
Alchemilla group,Plantae,kingdom
Alchemilla group,Tracheophyta,phylum
Alchemilla group,Magnoliopsida,class
Alchemilla group,Rosales,order
Alchemilla group,Rosaceae,family
Alchemilla group,Alchemilla,genus
Anemone coronaria,Plantae,kingdom
Anemone coronaria,Tracheophyta,phylum
Anemone coronaria,Magnoliopsida,class
Anemone coronaria,Ranunculales,order
Anemone coronaria,Ranunculaceae,family
Anemone coronaria,Anemone,genus
Anemone coronaria,Anemone coronaria,species
Arum,Plantae,kingdom
Arum,Tracheophyta,phylum
Arum,Liliopsida,class
Arum,Alismatales,order
Arum,Araceae,family
Arum,Arum,genus
Ceratonia siliqua,Plantae,kingdom
Ceratonia siliqua,Tracheophyta,phylum
Ceratonia siliqua,Magnoliopsida,class
Ceratonia siliqua,Fabales,order
Ceratonia siliqua,Fabaceae,family
Ceratonia siliqua,Ceratonia,genus
Ceratonia siliqua,Ceratonia siliqua,species
Genista group,Plantae,kingdom
Genista group,Tracheophyta,phylum
Genista group,Magnoliopsida,class
Genista group,Fabales,order
Genista group,Fabaceae,family
Genista group,Genista,genus
Liliaceae sensu lato,Plantae,kingdom
Liliaceae sensu lato,Tracheophyta,phylum
Liliaceae sensu lato,Liliopsida,class
Liliaceae sensu lato,Liliales,order
Liliaceae sensu lato,Liliaceae,family
Lomelosia argentea-type,Plantae,kingdom
Lomelosia argentea-type,Tracheophyta,phylum
Lomelosia argentea-type,Magnoliopsida,class
Lomelosia argentea-type,Dipsacales,order
Lomelosia argentea-type,Caprifoliaceae,family
Lomelosia argentea-type,Lomelosia,genus
Platanus orientalis,Plantae,kingdom
Platanus orientalis,Tracheophyta,phylum
Platanus orientalis,Magnoliopsida,class
Platanus orientalis,Proteales,order
Platanus orientalis,Platanaceae,family
Platanus orientalis,Platanus,genus
Platanus orientalis,Platanus orientalis,species
Polycnemum,Plantae,kingdom
Polycnemum,Tracheophyta,phylum
Polycnemum,Magnoliopsida,class
Polycnemum,Caryophyllales,order
Polycnemum,Amaranthaceae,family
Polycnemum,Polycnemum,genus
Ranunculus lanuginosus-type,Plantae,kingdom
Ranunculus lanuginosus-type,Tracheophyta,phylum
Ranunculus lanuginosus-type,Magnoliopsida,class
Ranunculus lanuginosus-type,Ranunculales,order
Ranunculus lanuginosus-type,Ranunculaceae,family
Ranunculus lanuginosus-type,Ranunculus,genus
Rhinanthus group,Plantae,kingdom
Rhinanthus group,Tracheophyta,phylum
Rhinanthus group,Magnoliopsida,class
Rhinanthus group,Lamiales,order
Rhinanthus group,Orobanchaceae,family
Rhinanthus group,Rhinanthus,genus
Sorbus group,Plantae,kingdom
Sorbus group,Tracheophyta,phylum
Sorbus group,Magnoliopsida,class
Sorbus group,Rosales,order
Sorbus group,Rosaceae,family
Sorbus group,Sorbus,genus
Corrigiola litoralis-type,Plantae,kingdom
Corrigiola litoralis-type,Tracheophyta,phylum
Corrigiola litoralis-type,Magnoliopsida,class
Corrigiola litoralis-type,Caryophyllales,order
Corrigiola litoralis-type,Caryophyllaceae,family
Corrigiola litoralis-type,Corrigiola,genus
Echium vulgare-type,Plantae,kingdom
Echium vulgare-type,Tracheophyta,phylum
Echium vulgare-type,Magnoliopsida,class
Echium vulgare-type,Boraginales,order
Echium vulgare-type,Boraginaceae,family
Echium vulgare-type,Echium,genus
Erica australis-type,Animalia,kingdom
Erica australis-type,Arthropoda,phylum
Erica australis-type,Arachnida,class
Erica australis-type,Araneae,order
Erica australis-type,Salticidae,family
Erica australis-type,Erica,genus
Erica australis-type,Plantae,kingdom
Erica australis-type,Tracheophyta,phylum
Erica australis-type,Magnoliopsida,class
Erica australis-type,Ericales,order
Erica australis-type,Ericaceae,family
Erica australis-type,Erica,genus
Erica umbellata-type,Animalia,kingdom
Erica umbellata-type,Arthropoda,phylum
Erica umbellata-type,Arachnida,class
Erica umbellata-type,Araneae,order
Erica umbellata-type,Salticidae,family
Erica umbellata-type,Erica,genus
Erica umbellata-type,Plantae,kingdom
Erica umbellata-type,Tracheophyta,phylum
Erica umbellata-type,Magnoliopsida,class
Erica umbellata-type,Ericales,order
Erica umbellata-type,Ericaceae,family
Erica umbellata-type,Erica,genus
Erica undiff.,Animalia,kingdom
Erica undiff.,Arthropoda,phylum
Erica undiff.,Arachnida,class
Erica undiff.,Araneae,order
Erica undiff.,Salticidae,family
Erica undiff.,Erica,genus
Erica undiff.,Plantae,kingdom
Erica undiff.,Tracheophyta,phylum
Erica undiff.,Magnoliopsida,class
Erica undiff.,Ericales,order
Erica undiff.,Ericaceae,family
Erica undiff.,Erica,genus
Geranium molle-type,Plantae,kingdom
Geranium molle-type,Tracheophyta,phylum
Geranium molle-type,Magnoliopsida,class
Geranium molle-type,Geraniales,order
Geranium molle-type,Geraniaceae,family
Geranium molle-type,Geranium,genus
Hypecoum,Plantae,kingdom
Hypecoum,Tracheophyta,phylum
Hypecoum,Magnoliopsida,class
Hypecoum,Ranunculales,order
Hypecoum,Papaveraceae,family
Hypecoum,Hypecoum,genus
Illecebrum verticillatum-type,Plantae,kingdom
Illecebrum verticillatum-type,Tracheophyta,phylum
Illecebrum verticillatum-type,Magnoliopsida,class
Illecebrum verticillatum-type,Caryophyllales,order
Illecebrum verticillatum-type,Caryophyllaceae,family
Illecebrum verticillatum-type,Illecebrum,genus
Montia fontana-type,Plantae,kingdom
Montia fontana-type,Tracheophyta,phylum
Montia fontana-type,Magnoliopsida,class
Montia fontana-type,Caryophyllales,order
Montia fontana-type,Montiaceae,family
Montia fontana-type,Montia,genus
Montia fontana-type,Animalia,kingdom
Montia fontana-type,Mollusca,phylum
Montia fontana-type,Gastropoda,class
Montia fontana-type,Neogastropoda,order
Montia fontana-type,Volutidae,family
Montia fontana-type,Montia,genus
Trollius europaeus-type,Plantae,kingdom
Trollius europaeus-type,Tracheophyta,phylum
Trollius europaeus-type,Magnoliopsida,class
Trollius europaeus-type,Ranunculales,order
Trollius europaeus-type,Ranunculaceae,family
Trollius europaeus-type,Trollius,genus
Aconitum napellus-type,Plantae,kingdom
Aconitum napellus-type,Tracheophyta,phylum
Aconitum napellus-type,Magnoliopsida,class
Aconitum napellus-type,Ranunculales,order
Aconitum napellus-type,Ranunculaceae,family
Aconitum napellus-type,Aconitum,genus
Arenaria serpyllifolia-type,Animalia,kingdom
Arenaria serpyllifolia-type,Chordata,phylum
Arenaria serpyllifolia-type,Aves,class
Arenaria serpyllifolia-type,Charadriiformes,order
Arenaria serpyllifolia-type,Scolopacidae,family
Arenaria serpyllifolia-type,Arenaria,genus
Arenaria serpyllifolia-type,Plantae,kingdom
Arenaria serpyllifolia-type,Tracheophyta,phylum
Arenaria serpyllifolia-type,Magnoliopsida,class
Arenaria serpyllifolia-type,Caryophyllales,order
Arenaria serpyllifolia-type,Caryophyllaceae,family
Arenaria serpyllifolia-type,Arenaria,genus
Blackstonia perfoliata-type,Plantae,kingdom
Blackstonia perfoliata-type,Tracheophyta,phylum
Blackstonia perfoliata-type,Magnoliopsida,class
Blackstonia perfoliata-type,Gentianales,order
Blackstonia perfoliata-type,Gentianaceae,family
Blackstonia perfoliata-type,Blackstonia,genus
Circaea lutetiana-type,Plantae,kingdom
Circaea lutetiana-type,Tracheophyta,phylum
Circaea lutetiana-type,Magnoliopsida,class
Circaea lutetiana-type,Myrtales,order
Circaea lutetiana-type,Onagraceae,family
Circaea lutetiana-type,Circaea,genus
Corrigiola telephiifolia-type,Plantae,kingdom
Corrigiola telephiifolia-type,Tracheophyta,phylum
Corrigiola telephiifolia-type,Magnoliopsida,class
Corrigiola telephiifolia-type,Caryophyllales,order
Corrigiola telephiifolia-type,Caryophyllaceae,family
Corrigiola telephiifolia-type,Corrigiola,genus
Daucus carota-type,Plantae,kingdom
Daucus carota-type,Tracheophyta,phylum
Daucus carota-type,Magnoliopsida,class
Daucus carota-type,Apiales,order
Daucus carota-type,Apiaceae,family
Daucus carota-type,Daucus,genus
Dipsacus fullonum-type,Plantae,kingdom
Dipsacus fullonum-type,Tracheophyta,phylum
Dipsacus fullonum-type,Magnoliopsida,class
Dipsacus fullonum-type,Dipsacales,order
Dipsacus fullonum-type,Caprifoliaceae,family
Dipsacus fullonum-type,Dipsacus,genus
Erodium cicutarium-type,Plantae,kingdom
Erodium cicutarium-type,Tracheophyta,phylum
Erodium cicutarium-type,Magnoliopsida,class
Erodium cicutarium-type,Geraniales,order
Erodium cicutarium-type,Geraniaceae,family
Erodium cicutarium-type,Erodium,genus
Filipendula vulgaris-type,Plantae,kingdom
Filipendula vulgaris-type,Tracheophyta,phylum
Filipendula vulgaris-type,Magnoliopsida,class
Filipendula vulgaris-type,Rosales,order
Filipendula vulgaris-type,Rosaceae,family
Filipendula vulgaris-type,Filipendula,genus
Hedera helix-type,Plantae,kingdom
Hedera helix-type,Tracheophyta,phylum
Hedera helix-type,Magnoliopsida,class
Hedera helix-type,Apiales,order
Hedera helix-type,Araliaceae,family
Hedera helix-type,Hedera,genus
Hedera helix-type,Animalia,kingdom
Hedera helix-type,Cnidaria,phylum
Hedera helix-type,Anthozoa,class
Hedera helix-type,Malacalcyonacea,order
Hedera helix-type,Alcyoniidae,family
Hedera helix-type,Hedera,genus
Humulus lupulus-type,Plantae,kingdom
Humulus lupulus-type,Tracheophyta,phylum
Humulus lupulus-type,Magnoliopsida,class
Humulus lupulus-type,Rosales,order
Humulus lupulus-type,Cannabaceae,family
Humulus lupulus-type,Humulus,genus
Ligustrum vulgare-type,Plantae,kingdom
Ligustrum vulgare-type,Tracheophyta,phylum
Ligustrum vulgare-type,Magnoliopsida,class
Ligustrum vulgare-type,Lamiales,order
Ligustrum vulgare-type,Oleaceae,family
Ligustrum vulgare-type,Ligustrum,genus
Limonium humile-type,Plantae,kingdom
Limonium humile-type,Tracheophyta,phylum
Limonium humile-type,Magnoliopsida,class
Limonium humile-type,Caryophyllales,order
Limonium humile-type,Plumbaginaceae,family
Limonium humile-type,Limonium,genus
Moehringia trinervia-type,Plantae,kingdom
Moehringia trinervia-type,Tracheophyta,phylum
Moehringia trinervia-type,Magnoliopsida,class
Moehringia trinervia-type,Caryophyllales,order
Moehringia trinervia-type,Caryophyllaceae,family
Moehringia trinervia-type,Moehringia,genus
Phillyrea angustifolia-type,Plantae,kingdom
Phillyrea angustifolia-type,Tracheophyta,phylum
Phillyrea angustifolia-type,Magnoliopsida,class
Phillyrea angustifolia-type,Lamiales,order
Phillyrea angustifolia-type,Oleaceae,family
Phillyrea angustifolia-type,Phillyrea,genus
Pinguicula vulgaris-type,Plantae,kingdom
Pinguicula vulgaris-type,Tracheophyta,phylum
Pinguicula vulgaris-type,Magnoliopsida,class
Pinguicula vulgaris-type,Lamiales,order
Pinguicula vulgaris-type,Lentibulariaceae,family
Pinguicula vulgaris-type,Pinguicula,genus
Sagina procumbens-type,Plantae,kingdom
Sagina procumbens-type,Tracheophyta,phylum
Sagina procumbens-type,Magnoliopsida,class
Sagina procumbens-type,Caryophyllales,order
Sagina procumbens-type,Caryophyllaceae,family
Sagina procumbens-type,Sagina,genus
Viburnum lantana-type,Plantae,kingdom
Viburnum lantana-type,Tracheophyta,phylum
Viburnum lantana-type,Magnoliopsida,class
Viburnum lantana-type,Dipsacales,order
Viburnum lantana-type,Viburnaceae,family
Viburnum lantana-type,Viburnum,genus
Crocus vernus,Plantae,kingdom
Crocus vernus,Tracheophyta,phylum
Crocus vernus,Liliopsida,class
Crocus vernus,Asparagales,order
Crocus vernus,Iridaceae,family
Crocus vernus,Crocus,genus
Crocus vernus,Crocus vernus,species
Heliotropium,Plantae,kingdom
Heliotropium,Tracheophyta,phylum
Heliotropium,Magnoliopsida,class
Heliotropium,Boraginales,order
Heliotropium,Heliotropiaceae,family
Heliotropium,Heliotropium,genus
Smyrnium,Plantae,kingdom
Smyrnium,Tracheophyta,phylum
Smyrnium,Magnoliopsida,class
Smyrnium,Apiales,order
Smyrnium,Apiaceae,family
Smyrnium,Smyrnium,genus
Ranunculus glacialis-type,Plantae,kingdom
Ranunculus glacialis-type,Tracheophyta,phylum
Ranunculus glacialis-type,Magnoliopsida,class
Ranunculus glacialis-type,Ranunculales,order
Ranunculus glacialis-type,Ranunculaceae,family
Ranunculus glacialis-type,Ranunculus,genus
Silene cf. S. acaulis,Plantae,kingdom
Silene cf. S. acaulis,Tracheophyta,phylum
Silene cf. S. acaulis,Magnoliopsida,class
Silene cf. S. acaulis,Caryophyllales,order
Silene cf. S. acaulis,Caryophyllaceae,family
Silene cf. S. acaulis,Silene,genus
Aconitum lycoctonum subsp. septentrionale,Plantae,kingdom
Aconitum lycoctonum subsp. septentrionale,Tracheophyta,phylum
Aconitum lycoctonum subsp. septentrionale,Magnoliopsida,class
Aconitum lycoctonum subsp. septentrionale,Ranunculales,order
Aconitum lycoctonum subsp. septentrionale,Ranunculaceae,family
Aconitum lycoctonum subsp. septentrionale,Aconitum,genus
Aconitum lycoctonum subsp. septentrionale,Aconitum septentrionale,species
Aconitum lycoctonum subsp. septentrionale,Aconitum lycoctonum septentrionale,subspecies
Polygonum oxyspermum-type,Plantae,kingdom
Polygonum oxyspermum-type,Tracheophyta,phylum
Polygonum oxyspermum-type,Magnoliopsida,class
Polygonum oxyspermum-type,Caryophyllales,order
Polygonum oxyspermum-type,Polygonaceae,family
Polygonum oxyspermum-type,Polygonum,genus
Secale (primitive),Plantae,kingdom
Secale (primitive),Tracheophyta,phylum
Secale (primitive),Liliopsida,class
Secale (primitive),Poales,order
Secale (primitive),Poaceae,family
Secale (primitive),Secale,genus
Triticum spelta-type,Plantae,kingdom
Triticum spelta-type,Tracheophyta,phylum
Triticum spelta-type,Liliopsida,class
Triticum spelta-type,Poales,order
Triticum spelta-type,Poaceae,family
Triticum spelta-type,Triticum,genus
Poaceae (>40 µm),Plantae,kingdom
Poaceae (>40 µm),Tracheophyta,phylum
Poaceae (>40 µm),Liliopsida,class
Poaceae (>40 µm),Poales,order
Poaceae (>40 µm),Poaceae,family
Crassula,Plantae,kingdom
Crassula,Tracheophyta,phylum
Crassula,Magnoliopsida,class
Crassula,Saxifragales,order
Crassula,Crassulaceae,family
Crassula,Crassula,genus
Crassula,Animalia,kingdom
Crassula,Mollusca,phylum
Crassula,Bivalvia,class
Crassula,Venerida,order
Crassula,Mactridae,family
Crassula,Crassula,genus
Gentiana punctata,Plantae,kingdom
Gentiana punctata,Tracheophyta,phylum
Gentiana punctata,Magnoliopsida,class
Gentiana punctata,Gentianales,order
Gentiana punctata,Gentianaceae,family
Gentiana punctata,Gentiana,genus
Gentiana punctata,Gentiana punctata,species
Geum rivale,Plantae,kingdom
Geum rivale,Tracheophyta,phylum
Geum rivale,Magnoliopsida,class
Geum rivale,Rosales,order
Geum rivale,Rosaceae,family
Geum rivale,Geum,genus
Geum rivale,Geum rivale,species
Ericaceae cf. Cassiope,Plantae,kingdom
Ericaceae cf. Cassiope,Tracheophyta,phylum
Ericaceae cf. Cassiope,Magnoliopsida,class
Ericaceae cf. Cassiope,Ericales,order
Ericaceae cf. Cassiope,Ericaceae,family
Artemisia norvegica-type,Plantae,kingdom
Artemisia norvegica-type,Tracheophyta,phylum
Artemisia norvegica-type,Magnoliopsida,class
Artemisia norvegica-type,Asterales,order
Artemisia norvegica-type,Asteraceae,family
Artemisia norvegica-type,Artemisia,genus
Poaceae (annulus 8-10 µm),Plantae,kingdom
Poaceae (annulus 8-10 µm),Tracheophyta,phylum
Poaceae (annulus 8-10 µm),Liliopsida,class
Poaceae (annulus 8-10 µm),Poales,order
Poaceae (annulus 8-10 µm),Poaceae,family
Saxifraga cernua/S. rivularis,Plantae,kingdom
Saxifraga cernua/S. rivularis,Tracheophyta,phylum
Saxifraga cernua/S. rivularis,Magnoliopsida,class
Saxifraga cernua/S. rivularis,Saxifragales,order
Saxifraga cernua/S. rivularis,Saxifragaceae,family
Saxifraga cernua/S. rivularis,Saxifraga,genus
Cornus undiff.,Plantae,kingdom
Cornus undiff.,Tracheophyta,phylum
Cornus undiff.,Magnoliopsida,class
Cornus undiff.,Cornales,order
Cornus undiff.,Cornaceae,family
Cornus undiff.,Cornus,genus
Corydalis cava-type,Plantae,kingdom
Corydalis cava-type,Tracheophyta,phylum
Corydalis cava-type,Magnoliopsida,class
Corydalis cava-type,Ranunculales,order
Corydalis cava-type,Papaveraceae,family
Corydalis cava-type,Corydalis,genus
Lavandula,Plantae,kingdom
Lavandula,Tracheophyta,phylum
Lavandula,Magnoliopsida,class
Lavandula,Lamiales,order
Lavandula,Lamiaceae,family
Lavandula,Lavandula,genus
Blackstonia,Plantae,kingdom
Blackstonia,Tracheophyta,phylum
Blackstonia,Magnoliopsida,class
Blackstonia,Gentianales,order
Blackstonia,Gentianaceae,family
Blackstonia,Blackstonia,genus
Erica ciliaris,Plantae,kingdom
Erica ciliaris,Tracheophyta,phylum
Erica ciliaris,Magnoliopsida,class
Erica ciliaris,Ericales,order
Erica ciliaris,Ericaceae,family
Erica ciliaris,Erica,genus
Erica ciliaris,Erica ciliaris,species
Cardamine,Plantae,kingdom
Cardamine,Tracheophyta,phylum
Cardamine,Magnoliopsida,class
Cardamine,Brassicales,order
Cardamine,Brassicaceae,family
Cardamine,Cardamine,genus
Chamaerops,Plantae,kingdom
Chamaerops,Tracheophyta,phylum
Chamaerops,Liliopsida,class
Chamaerops,Arecales,order
Chamaerops,Arecaceae,family
Chamaerops,Chamaerops,genus
Ephedra cf. E. fragilis,Plantae,kingdom
Ephedra cf. E. fragilis,Tracheophyta,phylum
Ephedra cf. E. fragilis,Gnetopsida,class
Ephedra cf. E. fragilis,Ephedrales,order
Ephedra cf. E. fragilis,Ephedraceae,family
Ephedra cf. E. fragilis,Ephedra,genus
Ephedra undiff.,Plantae,kingdom
Ephedra undiff.,Tracheophyta,phylum
Ephedra undiff.,Gnetopsida,class
Ephedra undiff.,Ephedrales,order
Ephedra undiff.,Ephedraceae,family
Ephedra undiff.,Ephedra,genus
Falcaria,Animalia,kingdom
Falcaria,Arthropoda,phylum
Falcaria,Insecta,class
Falcaria,Lepidoptera,order
Falcaria,Drepanidae,family
Falcaria,Falcaria,genus
Falcaria,Plantae,kingdom
Falcaria,Tracheophyta,phylum
Falcaria,Magnoliopsida,class
Falcaria,Apiales,order
Falcaria,Apiaceae,family
Falcaria,Falcaria,genus
Pinus halepensis,Plantae,kingdom
Pinus halepensis,Tracheophyta,phylum
Pinus halepensis,Pinopsida,class
Pinus halepensis,Pinales,order
Pinus halepensis,Pinaceae,family
Pinus halepensis,Pinus,genus
Pinus halepensis,Pinus halepensis,species
Radiola,Plantae,kingdom
Radiola,Tracheophyta,phylum
Radiola,Magnoliopsida,class
Radiola,Malpighiales,order
Radiola,Linaceae,family
Radiola,Radiola,genus
Smilax,Plantae,kingdom
Smilax,Tracheophyta,phylum
Smilax,Liliopsida,class
Smilax,Liliales,order
Smilax,Smilacaceae,family
Smilax,Smilax,genus
Smilax,Animalia,kingdom
Smilax,Arthropoda,phylum
Smilax,Insecta,class
Smilax,Coleoptera,order
Smilax,Staphylinidae,family
Smilax,Smilax,genus
Thymelaea,Plantae,kingdom
Thymelaea,Tracheophyta,phylum
Thymelaea,Magnoliopsida,class
Thymelaea,Malvales,order
Thymelaea,Thymelaeaceae,family
Thymelaea,Thymelaea,genus
Ziziphus,Plantae,kingdom
Ziziphus,Tracheophyta,phylum
Ziziphus,Magnoliopsida,class
Ziziphus,Rosales,order
Ziziphus,Rhamnaceae,family
Ziziphus,Ziziphus,genus
Corrigiola litoralis,Plantae,kingdom
Corrigiola litoralis,Tracheophyta,phylum
Corrigiola litoralis,Magnoliopsida,class
Corrigiola litoralis,Caryophyllales,order
Corrigiola litoralis,Caryophyllaceae,family
Corrigiola litoralis,Corrigiola,genus
Corrigiola litoralis,Corrigiola litoralis,species
Cyclamen purpurascens,Plantae,kingdom
Cyclamen purpurascens,Tracheophyta,phylum
Cyclamen purpurascens,Magnoliopsida,class
Cyclamen purpurascens,Ericales,order
Cyclamen purpurascens,Primulaceae,family
Cyclamen purpurascens,Cyclamen,genus
Cyclamen purpurascens,Cyclamen purpurascens,species
Adenostyles alliariae,Plantae,kingdom
Adenostyles alliariae,Tracheophyta,phylum
Adenostyles alliariae,Magnoliopsida,class
Adenostyles alliariae,Asterales,order
Adenostyles alliariae,Asteraceae,family
Adenostyles alliariae,Adenostyles,genus
Adenostyles alliariae,Adenostyles alliariae,species
Anemone nemorosa group,Plantae,kingdom
Anemone nemorosa group,Tracheophyta,phylum
Anemone nemorosa group,Magnoliopsida,class
Anemone nemorosa group,Ranunculales,order
Anemone nemorosa group,Ranunculaceae,family
Anemone nemorosa group,Anemone,genus
Anemone nemorosa group,Anemone nemorosa,species
Anthemis arvensis-type,Plantae,kingdom
Anthemis arvensis-type,Tracheophyta,phylum
Anthemis arvensis-type,Magnoliopsida,class
Anthemis arvensis-type,Asterales,order
Anthemis arvensis-type,Asteraceae,family
Anthemis arvensis-type,Anthemis,genus
Gypsophila repens,Plantae,kingdom
Gypsophila repens,Tracheophyta,phylum
Gypsophila repens,Magnoliopsida,class
Gypsophila repens,Caryophyllales,order
Gypsophila repens,Caryophyllaceae,family
Gypsophila repens,Gypsophila,genus
Gypsophila repens,Gypsophila repens,species
Petasites hybridus-type,Plantae,kingdom
Petasites hybridus-type,Tracheophyta,phylum
Petasites hybridus-type,Magnoliopsida,class
Petasites hybridus-type,Asterales,order
Petasites hybridus-type,Asteraceae,family
Petasites hybridus-type,Petasites,genus
Primula clusiana-type,Plantae,kingdom
Primula clusiana-type,Tracheophyta,phylum
Primula clusiana-type,Magnoliopsida,class
Primula clusiana-type,Ericales,order
Primula clusiana-type,Primulaceae,family
Primula clusiana-type,Primula,genus
Ranunculus acris/R. flammula/R. sceleratus group,Plantae,kingdom
Ranunculus acris/R. flammula/R. sceleratus group,Tracheophyta,phylum
Ranunculus acris/R. flammula/R. sceleratus group,Magnoliopsida,class
Ranunculus acris/R. flammula/R. sceleratus group,Ranunculales,order
Ranunculus acris/R. flammula/R. sceleratus group,Ranunculaceae,family
Ranunculus acris/R. flammula/R. sceleratus group,Ranunculus,genus
Androsace elongata-type,Plantae,kingdom
Androsace elongata-type,Tracheophyta,phylum
Androsace elongata-type,Magnoliopsida,class
Androsace elongata-type,Ericales,order
Androsace elongata-type,Primulaceae,family
Androsace elongata-type,Androsace,genus
Ribes uva-crispa,Plantae,kingdom
Ribes uva-crispa,Tracheophyta,phylum
Ribes uva-crispa,Magnoliopsida,class
Ribes uva-crispa,Saxifragales,order
Ribes uva-crispa,Grossulariaceae,family
Ribes uva-crispa,Ribes,genus
Ribes uva-crispa,Ribes uva-crispa,species
Tripolium pannonicum subsp. tripolium-type,Plantae,kingdom
Tripolium pannonicum subsp. tripolium-type,Tracheophyta,phylum
Tripolium pannonicum subsp. tripolium-type,Magnoliopsida,class
Tripolium pannonicum subsp. tripolium-type,Asterales,order
Tripolium pannonicum subsp. tripolium-type,Asteraceae,family
Tripolium pannonicum subsp. tripolium-type,Tripolium,genus
Tripolium pannonicum subsp. tripolium-type,Tripolium pannonicum,species
Triticum undiff.,Plantae,kingdom
Triticum undiff.,Tracheophyta,phylum
Triticum undiff.,Liliopsida,class
Triticum undiff.,Poales,order
Triticum undiff.,Poaceae,family
Triticum undiff.,Triticum,genus
Orthilia secunda,Plantae,kingdom
Orthilia secunda,Tracheophyta,phylum
Orthilia secunda,Magnoliopsida,class
Orthilia secunda,Ericales,order
Orthilia secunda,Ericaceae,family
Orthilia secunda,Orthilia,genus
Orthilia secunda,Orthilia secunda,species
Taraxacum officinale,Plantae,kingdom
Taraxacum officinale,Tracheophyta,phylum
Taraxacum officinale,Magnoliopsida,class
Taraxacum officinale,Asterales,order
Taraxacum officinale,Asteraceae,family
Taraxacum officinale,Taraxacum,genus
Taraxacum officinale,Taraxacum officinale,species
"Caryophyllaceae (periporate, excluding Paronychioideae)",Plantae,kingdom
"Caryophyllaceae (periporate, excluding Paronychioideae)",Tracheophyta,phylum
"Caryophyllaceae (periporate, excluding Paronychioideae)",Magnoliopsida,class
"Caryophyllaceae (periporate, excluding Paronychioideae)",Caryophyllales,order
"Caryophyllaceae (periporate, excluding Paronychioideae)",Caryophyllaceae,family
Juniperus communis-type,Plantae,kingdom
Juniperus communis-type,Tracheophyta,phylum
Juniperus communis-type,Pinopsida,class
Juniperus communis-type,Pinales,order
Juniperus communis-type,Cupressaceae,family
Juniperus communis-type,Juniperus,genus
Cannabis sativa-type,Plantae,kingdom
Cannabis sativa-type,Tracheophyta,phylum
Cannabis sativa-type,Magnoliopsida,class
Cannabis sativa-type,Rosales,order
Cannabis sativa-type,Cannabaceae,family
Cannabis sativa-type,Cannabis,genus
"Poaceae (Cerealia, 37-40 µm)",Plantae,kingdom
"Poaceae (Cerealia, 37-40 µm)",Tracheophyta,phylum
"Poaceae (Cerealia, 37-40 µm)",Liliopsida,class
"Poaceae (Cerealia, 37-40 µm)",Poales,order
"Poaceae (Cerealia, 37-40 µm)",Poaceae,family
"Poaceae (Cerealia, 40-50 µm)",Plantae,kingdom
"Poaceae (Cerealia, 40-50 µm)",Tracheophyta,phylum
"Poaceae (Cerealia, 40-50 µm)",Liliopsida,class
"Poaceae (Cerealia, 40-50 µm)",Poales,order
"Poaceae (Cerealia, 40-50 µm)",Poaceae,family
"Poaceae (Cerealia, >50 µm)",Plantae,kingdom
"Poaceae (Cerealia, >50 µm)",Tracheophyta,phylum
"Poaceae (Cerealia, >50 µm)",Liliopsida,class
"Poaceae (Cerealia, >50 µm)",Poales,order
"Poaceae (Cerealia, >50 µm)",Poaceae,family
Vicia faba,Plantae,kingdom
Vicia faba,Tracheophyta,phylum
Vicia faba,Magnoliopsida,class
Vicia faba,Fabales,order
Vicia faba,Fabaceae,family
Vicia faba,Vicia,genus
Vicia faba,Vicia faba,species
Festuca,Plantae,kingdom
Festuca,Tracheophyta,phylum
Festuca,Liliopsida,class
Festuca,Poales,order
Festuca,Poaceae,family
Festuca,Festuca,genus
Rosaceae (herbs) undiff.,Plantae,kingdom
Rosaceae (herbs) undiff.,Tracheophyta,phylum
Rosaceae (herbs) undiff.,Magnoliopsida,class
Rosaceae (herbs) undiff.,Rosales,order
Rosaceae (herbs) undiff.,Rosaceae,family
Quercus faginea-type,Plantae,kingdom
Quercus faginea-type,Tracheophyta,phylum
Quercus faginea-type,Magnoliopsida,class
Quercus faginea-type,Fagales,order
Quercus faginea-type,Fagaceae,family
Quercus faginea-type,Quercus,genus
Scilla,Plantae,kingdom
Scilla,Tracheophyta,phylum
Scilla,Liliopsida,class
Scilla,Asparagales,order
Scilla,Asparagaceae,family
Scilla,Scilla,genus
Filago,Plantae,kingdom
Filago,Tracheophyta,phylum
Filago,Magnoliopsida,class
Filago,Asterales,order
Filago,Asteraceae,family
Filago,Filago,genus
Ricinus communis,Plantae,kingdom
Ricinus communis,Tracheophyta,phylum
Ricinus communis,Magnoliopsida,class
Ricinus communis,Malpighiales,order
Ricinus communis,Euphorbiaceae,family
Ricinus communis,Ricinus,genus
Ricinus communis,Ricinus communis,species
Spartium junceum,Plantae,kingdom
Spartium junceum,Tracheophyta,phylum
Spartium junceum,Magnoliopsida,class
Spartium junceum,Fabales,order
Spartium junceum,Fabaceae,family
Spartium junceum,Spartium,genus
Spartium junceum,Spartium junceum,species
Moraceae,Plantae,kingdom
Moraceae,Tracheophyta,phylum
Moraceae,Magnoliopsida,class
Moraceae,Rosales,order
Moraceae,Moraceae,family
Plantago cf. P. lanceolata,Plantae,kingdom
Plantago cf. P. lanceolata,Tracheophyta,phylum
Plantago cf. P. lanceolata,Magnoliopsida,class
Plantago cf. P. lanceolata,Lamiales,order
Plantago cf. P. lanceolata,Plantaginaceae,family
Plantago cf. P. lanceolata,Plantago,genus
Rubus chamaemorus-type,Plantae,kingdom
Rubus chamaemorus-type,Tracheophyta,phylum
Rubus chamaemorus-type,Magnoliopsida,class
Rubus chamaemorus-type,Rosales,order
Rubus chamaemorus-type,Rosaceae,family
Rubus chamaemorus-type,Rubus,genus
Cistus undiff.,Plantae,kingdom
Cistus undiff.,Tracheophyta,phylum
Cistus undiff.,Magnoliopsida,class
Cistus undiff.,Malvales,order
Cistus undiff.,Cistaceae,family
Cistus undiff.,Cistus,genus
Quercus ilex/Q. coccifera-type,Plantae,kingdom
Quercus ilex/Q. coccifera-type,Tracheophyta,phylum
Quercus ilex/Q. coccifera-type,Magnoliopsida,class
Quercus ilex/Q. coccifera-type,Fagales,order
Quercus ilex/Q. coccifera-type,Fagaceae,family
Quercus ilex/Q. coccifera-type,Quercus,genus
Rubiaceae cf. Galium,Plantae,kingdom
Rubiaceae cf. Galium,Tracheophyta,phylum
Rubiaceae cf. Galium,Magnoliopsida,class
Rubiaceae cf. Galium,Gentianales,order
Rubiaceae cf. Galium,Rubiaceae,family
Valeriana undiff.,Plantae,kingdom
Valeriana undiff.,Tracheophyta,phylum
Valeriana undiff.,Magnoliopsida,class
Valeriana undiff.,Dipsacales,order
Valeriana undiff.,Caprifoliaceae,family
Valeriana undiff.,Valeriana,genus
Vitex agnus-castus,Plantae,kingdom
Vitex agnus-castus,Tracheophyta,phylum
Vitex agnus-castus,Magnoliopsida,class
Vitex agnus-castus,Lamiales,order
Vitex agnus-castus,Lamiaceae,family
Vitex agnus-castus,Vitex,genus
Vitex agnus-castus,Vitex agnus-castus,species
Ephedra major-type,Plantae,kingdom
Ephedra major-type,Tracheophyta,phylum
Ephedra major-type,Gnetopsida,class
Ephedra major-type,Ephedrales,order
Ephedra major-type,Ephedraceae,family
Ephedra major-type,Ephedra,genus
Roemeria,Plantae,kingdom
Roemeria,Tracheophyta,phylum
Roemeria,Magnoliopsida,class
Roemeria,Ranunculales,order
Roemeria,Papaveraceae,family
Roemeria,Roemeria,genus
Ruta,Plantae,kingdom
Ruta,Tracheophyta,phylum
Ruta,Magnoliopsida,class
Ruta,Sapindales,order
Ruta,Rutaceae,family
Ruta,Ruta,genus
Crocus,Plantae,kingdom
Crocus,Tracheophyta,phylum
Crocus,Liliopsida,class
Crocus,Asparagales,order
Crocus,Iridaceae,family
Crocus,Crocus,genus
Nerium,Plantae,kingdom
Nerium,Tracheophyta,phylum
Nerium,Magnoliopsida,class
Nerium,Gentianales,order
Nerium,Apocynaceae,family
Nerium,Nerium,genus
Ephedra major subsp. major,Plantae,kingdom
Ephedra major subsp. major,Tracheophyta,phylum
Ephedra major subsp. major,Gnetopsida,class
Ephedra major subsp. major,Ephedrales,order
Ephedra major subsp. major,Ephedraceae,family
Ephedra major subsp. major,Ephedra,genus
Ephedra major subsp. major,Ephedra foeminea,species
Ephedra major subsp. major,Ephedra major major,subspecies
Pinus nigra-type,Plantae,kingdom
Pinus nigra-type,Tracheophyta,phylum
Pinus nigra-type,Pinopsida,class
Pinus nigra-type,Pinales,order
Pinus nigra-type,Pinaceae,family
Pinus nigra-type,Pinus,genus
Lygeum,Plantae,kingdom
Lygeum,Tracheophyta,phylum
Lygeum,Liliopsida,class
Lygeum,Poales,order
Lygeum,Poaceae,family
Lygeum,Lygeum,genus
Myrtaceae,Plantae,kingdom
Myrtaceae,Tracheophyta,phylum
Myrtaceae,Magnoliopsida,class
Myrtaceae,Myrtales,order
Myrtaceae,Myrtaceae,family
Balsaminaceae,Plantae,kingdom
Balsaminaceae,Tracheophyta,phylum
Balsaminaceae,Magnoliopsida,class
Balsaminaceae,Ericales,order
Balsaminaceae,Balsaminaceae,family
Cotoneaster,Plantae,kingdom
Cotoneaster,Tracheophyta,phylum
Cotoneaster,Magnoliopsida,class
Cotoneaster,Rosales,order
Cotoneaster,Rosaceae,family
Cotoneaster,Cotoneaster,genus
Ficaria,Plantae,kingdom
Ficaria,Tracheophyta,phylum
Ficaria,Magnoliopsida,class
Ficaria,Ranunculales,order
Ficaria,Ranunculaceae,family
Ficaria,Ficaria,genus
Helianthemum marifolium,Plantae,kingdom
Helianthemum marifolium,Tracheophyta,phylum
Helianthemum marifolium,Magnoliopsida,class
Helianthemum marifolium,Malvales,order
Helianthemum marifolium,Cistaceae,family
Helianthemum marifolium,Helianthemum,genus
Helianthemum marifolium,Helianthemum marifolium,species
Hyoscyamus,Plantae,kingdom
Hyoscyamus,Tracheophyta,phylum
Hyoscyamus,Magnoliopsida,class
Hyoscyamus,Solanales,order
Hyoscyamus,Solanaceae,family
Hyoscyamus,Hyoscyamus,genus
Lotus undiff.,Plantae,kingdom
Lotus undiff.,Tracheophyta,phylum
Lotus undiff.,Magnoliopsida,class
Lotus undiff.,Fabales,order
Lotus undiff.,Fabaceae,family
Lotus undiff.,Lotus,genus
Malvaceae undiff.,Plantae,kingdom
Malvaceae undiff.,Tracheophyta,phylum
Malvaceae undiff.,Magnoliopsida,class
Malvaceae undiff.,Malvales,order
Malvaceae undiff.,Malvaceae,family
Phacelia,Plantae,kingdom
Phacelia,Tracheophyta,phylum
Phacelia,Magnoliopsida,class
Phacelia,Boraginales,order
Phacelia,Hydrophyllaceae,family
Phacelia,Phacelia,genus
Poaceae (>37 µm),Plantae,kingdom
Poaceae (>37 µm),Tracheophyta,phylum
Poaceae (>37 µm),Liliopsida,class
Poaceae (>37 µm),Poales,order
Poaceae (>37 µm),Poaceae,family
Primula elatior-type,Plantae,kingdom
Primula elatior-type,Tracheophyta,phylum
Primula elatior-type,Magnoliopsida,class
Primula elatior-type,Ericales,order
Primula elatior-type,Primulaceae,family
Primula elatior-type,Primula,genus
Sagina apetala-type,Plantae,kingdom
Sagina apetala-type,Tracheophyta,phylum
Sagina apetala-type,Magnoliopsida,class
Sagina apetala-type,Caryophyllales,order
Sagina apetala-type,Caryophyllaceae,family
Sagina apetala-type,Sagina,genus
Saponaria,Plantae,kingdom
Saponaria,Tracheophyta,phylum
Saponaria,Magnoliopsida,class
Saponaria,Caryophyllales,order
Saponaria,Caryophyllaceae,family
Saponaria,Saponaria,genus
Scrophularia nodosa-type,Plantae,kingdom
Scrophularia nodosa-type,Tracheophyta,phylum
Scrophularia nodosa-type,Magnoliopsida,class
Scrophularia nodosa-type,Lamiales,order
Scrophularia nodosa-type,Scrophulariaceae,family
Scrophularia nodosa-type,Scrophularia,genus
Viola odorata-type,Animalia,kingdom
Viola odorata-type,Arthropoda,phylum
Viola odorata-type,Insecta,class
Viola odorata-type,Lepidoptera,order
Viola odorata-type,Hesperiidae,family
Viola odorata-type,Viola,genus
Viola odorata-type,Plantae,kingdom
Viola odorata-type,Tracheophyta,phylum
Viola odorata-type,Magnoliopsida,class
Viola odorata-type,Malpighiales,order
Viola odorata-type,Violaceae,family
Viola odorata-type,Viola,genus
Alchemilla pentaphyllea,Plantae,kingdom
Alchemilla pentaphyllea,Tracheophyta,phylum
Alchemilla pentaphyllea,Magnoliopsida,class
Alchemilla pentaphyllea,Rosales,order
Alchemilla pentaphyllea,Rosaceae,family
Alchemilla pentaphyllea,Alchemilla,genus
Alchemilla pentaphyllea,Alchemilla pentaphyllea,species
Hypericum elodes-type,Plantae,kingdom
Hypericum elodes-type,Tracheophyta,phylum
Hypericum elodes-type,Magnoliopsida,class
Hypericum elodes-type,Malpighiales,order
Hypericum elodes-type,Hypericaceae,family
Hypericum elodes-type,Hypericum,genus
Lupinus,Plantae,kingdom
Lupinus,Tracheophyta,phylum
Lupinus,Magnoliopsida,class
Lupinus,Fabales,order
Lupinus,Fabaceae,family
Lupinus,Lupinus,genus
Ailanthus altissima,Plantae,kingdom
Ailanthus altissima,Tracheophyta,phylum
Ailanthus altissima,Magnoliopsida,class
Ailanthus altissima,Sapindales,order
Ailanthus altissima,Simaroubaceae,family
Ailanthus altissima,Ailanthus,genus
Ailanthus altissima,Ailanthus altissima,species
Angelica archangelica,Plantae,kingdom
Angelica archangelica,Tracheophyta,phylum
Angelica archangelica,Magnoliopsida,class
Angelica archangelica,Apiales,order
Angelica archangelica,Apiaceae,family
Angelica archangelica,Angelica,genus
Angelica archangelica,Angelica archangelica,species
Anthericum liliago,Plantae,kingdom
Anthericum liliago,Tracheophyta,phylum
Anthericum liliago,Liliopsida,class
Anthericum liliago,Asparagales,order
Anthericum liliago,Asparagaceae,family
Anthericum liliago,Anthericum,genus
Anthericum liliago,Anthericum liliago,species
Anthriscus cerefolium,Plantae,kingdom
Anthriscus cerefolium,Tracheophyta,phylum
Anthriscus cerefolium,Magnoliopsida,class
Anthriscus cerefolium,Apiales,order
Anthriscus cerefolium,Apiaceae,family
Anthriscus cerefolium,Anthriscus,genus
Anthriscus cerefolium,Anthriscus cerefolium,species
Arctium lappa-type,Plantae,kingdom
Arctium lappa-type,Tracheophyta,phylum
Arctium lappa-type,Magnoliopsida,class
Arctium lappa-type,Asterales,order
Arctium lappa-type,Asteraceae,family
Arctium lappa-type,Arctium,genus
Campanula rapunculoides,Plantae,kingdom
Campanula rapunculoides,Tracheophyta,phylum
Campanula rapunculoides,Magnoliopsida,class
Campanula rapunculoides,Asterales,order
Campanula rapunculoides,Campanulaceae,family
Campanula rapunculoides,Campanula,genus
Campanula rapunculoides,Campanula rapunculoides,species
Cicer arietinum,Plantae,kingdom
Cicer arietinum,Tracheophyta,phylum
Cicer arietinum,Magnoliopsida,class
Cicer arietinum,Fabales,order
Cicer arietinum,Fabaceae,family
Cicer arietinum,Cicer,genus
Cicer arietinum,Cicer arietinum,species
Colchicum autumnale,Plantae,kingdom
Colchicum autumnale,Tracheophyta,phylum
Colchicum autumnale,Liliopsida,class
Colchicum autumnale,Liliales,order
Colchicum autumnale,Colchicaceae,family
Colchicum autumnale,Colchicum,genus
Colchicum autumnale,Colchicum autumnale,species
Geranium molle group,Plantae,kingdom
Geranium molle group,Tracheophyta,phylum
Geranium molle group,Magnoliopsida,class
Geranium molle group,Geraniales,order
Geranium molle group,Geraniaceae,family
Geranium molle group,Geranium,genus
Geranium molle group,Geranium molle,species
Geranium pratense group,Plantae,kingdom
Geranium pratense group,Tracheophyta,phylum
Geranium pratense group,Magnoliopsida,class
Geranium pratense group,Geraniales,order
Geranium pratense group,Geraniaceae,family
Geranium pratense group,Geranium,genus
Geranium pratense group,Geranium pratense,species
Hyoscyamus niger,Plantae,kingdom
Hyoscyamus niger,Tracheophyta,phylum
Hyoscyamus niger,Magnoliopsida,class
Hyoscyamus niger,Solanales,order
Hyoscyamus niger,Solanaceae,family
Hyoscyamus niger,Hyoscyamus,genus
Hyoscyamus niger,Hyoscyamus niger,species
Larix decidua-type,Plantae,kingdom
Larix decidua-type,Tracheophyta,phylum
Larix decidua-type,Pinopsida,class
Larix decidua-type,Pinales,order
Larix decidua-type,Pinaceae,family
Larix decidua-type,Larix,genus
Magnoliaceae,Plantae,kingdom
Magnoliaceae,Tracheophyta,phylum
Magnoliaceae,Magnoliopsida,class
Magnoliaceae,Magnoliales,order
Magnoliaceae,Magnoliaceae,family
Medicago lupulina-type,Plantae,kingdom
Medicago lupulina-type,Tracheophyta,phylum
Medicago lupulina-type,Magnoliopsida,class
Medicago lupulina-type,Fabales,order
Medicago lupulina-type,Fabaceae,family
Medicago lupulina-type,Medicago,genus
Medicago sativa-type,Plantae,kingdom
Medicago sativa-type,Tracheophyta,phylum
Medicago sativa-type,Magnoliopsida,class
Medicago sativa-type,Fabales,order
Medicago sativa-type,Fabaceae,family
Medicago sativa-type,Medicago,genus
Polygala comosa-type,Plantae,kingdom
Polygala comosa-type,Tracheophyta,phylum
Polygala comosa-type,Magnoliopsida,class
Polygala comosa-type,Fabales,order
Polygala comosa-type,Polygalaceae,family
Polygala comosa-type,Polygala,genus
Polygonatum odoratum-type,Plantae,kingdom
Polygonatum odoratum-type,Tracheophyta,phylum
Polygonatum odoratum-type,Liliopsida,class
Polygonatum odoratum-type,Asparagales,order
Polygonatum odoratum-type,Asparagaceae,family
Polygonatum odoratum-type,Polygonatum,genus
Rubus undiff.,Plantae,kingdom
Rubus undiff.,Tracheophyta,phylum
Rubus undiff.,Magnoliopsida,class
Rubus undiff.,Rosales,order
Rubus undiff.,Rosaceae,family
Rubus undiff.,Rubus,genus
Salvia pratensis-type,Plantae,kingdom
Salvia pratensis-type,Tracheophyta,phylum
Salvia pratensis-type,Magnoliopsida,class
Salvia pratensis-type,Lamiales,order
Salvia pratensis-type,Lamiaceae,family
Salvia pratensis-type,Salvia,genus
Vicia hirsuta/V. tetrasperma,Plantae,kingdom
Vicia hirsuta/V. tetrasperma,Tracheophyta,phylum
Vicia hirsuta/V. tetrasperma,Magnoliopsida,class
Vicia hirsuta/V. tetrasperma,Fabales,order
Vicia hirsuta/V. tetrasperma,Fabaceae,family
Vicia hirsuta/V. tetrasperma,Vicia,genus
Lysimachia nemorum-type,Plantae,kingdom
Lysimachia nemorum-type,Tracheophyta,phylum
Lysimachia nemorum-type,Magnoliopsida,class
Lysimachia nemorum-type,Ericales,order
Lysimachia nemorum-type,Primulaceae,family
Lysimachia nemorum-type,Lysimachia,genus
Caprifoliaceae undiff.,Plantae,kingdom
Caprifoliaceae undiff.,Tracheophyta,phylum
Caprifoliaceae undiff.,Magnoliopsida,class
Caprifoliaceae undiff.,Dipsacales,order
Caprifoliaceae undiff.,Caprifoliaceae,family
Asteraceae undiff. (type 2),Plantae,kingdom
Asteraceae undiff. (type 2),Tracheophyta,phylum
Asteraceae undiff. (type 2),Magnoliopsida,class
Asteraceae undiff. (type 2),Asterales,order
Asteraceae undiff. (type 2),Asteraceae,family
Asteraceae (echinate),Plantae,kingdom
Asteraceae (echinate),Tracheophyta,phylum
Asteraceae (echinate),Magnoliopsida,class
Asteraceae (echinate),Asterales,order
Asteraceae (echinate),Asteraceae,family
Cedrus atlantica,Plantae,kingdom
Cedrus atlantica,Tracheophyta,phylum
Cedrus atlantica,Pinopsida,class
Cedrus atlantica,Pinales,order
Cedrus atlantica,Pinaceae,family
Cedrus atlantica,Cedrus,genus
Cedrus atlantica,Cedrus atlantica,species
Cupressus,Plantae,kingdom
Cupressus,Tracheophyta,phylum
Cupressus,Pinopsida,class
Cupressus,Pinales,order
Cupressus,Cupressaceae,family
Cupressus,Cupressus,genus
Daphne gnidium,Plantae,kingdom
Daphne gnidium,Tracheophyta,phylum
Daphne gnidium,Magnoliopsida,class
Daphne gnidium,Malvales,order
Daphne gnidium,Thymelaeaceae,family
Daphne gnidium,Daphne,genus
Daphne gnidium,Daphne gnidium,species
Quercus canariensis/Q. pyrenaica,Plantae,kingdom
Quercus canariensis/Q. pyrenaica,Tracheophyta,phylum
Quercus canariensis/Q. pyrenaica,Magnoliopsida,class
Quercus canariensis/Q. pyrenaica,Fagales,order
Quercus canariensis/Q. pyrenaica,Fagaceae,family
Quercus canariensis/Q. pyrenaica,Quercus,genus
Quercus ilex/Q. coccifera,Plantae,kingdom
Quercus ilex/Q. coccifera,Tracheophyta,phylum
Quercus ilex/Q. coccifera,Magnoliopsida,class
Quercus ilex/Q. coccifera,Fagales,order
Quercus ilex/Q. coccifera,Fagaceae,family
Quercus ilex/Q. coccifera,Quercus,genus
Pinguicula cf. P. vulgaris,Plantae,kingdom
Pinguicula cf. P. vulgaris,Tracheophyta,phylum
Pinguicula cf. P. vulgaris,Magnoliopsida,class
Pinguicula cf. P. vulgaris,Lamiales,order
Pinguicula cf. P. vulgaris,Lentibulariaceae,family
Pinguicula cf. P. vulgaris,Pinguicula,genus
Scleranthus cf. S. perennis,Plantae,kingdom
Scleranthus cf. S. perennis,Tracheophyta,phylum
Scleranthus cf. S. perennis,Magnoliopsida,class
Scleranthus cf. S. perennis,Caryophyllales,order
Scleranthus cf. S. perennis,Caryophyllaceae,family
Scleranthus cf. S. perennis,Scleranthus,genus
Asperula,Plantae,kingdom
Asperula,Tracheophyta,phylum
Asperula,Magnoliopsida,class
Asperula,Gentianales,order
Asperula,Rubiaceae,family
Asperula,Asperula,genus
Centaurium erythraea,Plantae,kingdom
Centaurium erythraea,Tracheophyta,phylum
Centaurium erythraea,Magnoliopsida,class
Centaurium erythraea,Gentianales,order
Centaurium erythraea,Gentianaceae,family
Centaurium erythraea,Centaurium,genus
Centaurium erythraea,Centaurium erythraea,species
Fumaria officinalis,Plantae,kingdom
Fumaria officinalis,Tracheophyta,phylum
Fumaria officinalis,Magnoliopsida,class
Fumaria officinalis,Ranunculales,order
Fumaria officinalis,Papaveraceae,family
Fumaria officinalis,Fumaria,genus
Fumaria officinalis,Fumaria officinalis,species
Theligonum,Plantae,kingdom
Theligonum,Tracheophyta,phylum
Theligonum,Magnoliopsida,class
Theligonum,Gentianales,order
Theligonum,Rubiaceae,family
Theligonum,Theligonum,genus
Taraxacum,Plantae,kingdom
Taraxacum,Tracheophyta,phylum
Taraxacum,Magnoliopsida,class
Taraxacum,Asterales,order
Taraxacum,Asteraceae,family
Taraxacum,Taraxacum,genus
Alnus subg. Alnobetula,Plantae,kingdom
Alnus subg. Alnobetula,Tracheophyta,phylum
Alnus subg. Alnobetula,Magnoliopsida,class
Alnus subg. Alnobetula,Fagales,order
Alnus subg. Alnobetula,Betulaceae,family
Alnus subg. Alnobetula,Alnus,genus
Carpinus betulus-type,Plantae,kingdom
Carpinus betulus-type,Tracheophyta,phylum
Carpinus betulus-type,Magnoliopsida,class
Carpinus betulus-type,Fagales,order
Carpinus betulus-type,Betulaceae,family
Carpinus betulus-type,Carpinus,genus
Aristolochia,Plantae,kingdom
Aristolochia,Tracheophyta,phylum
Aristolochia,Magnoliopsida,class
Aristolochia,Piperales,order
Aristolochia,Aristolochiaceae,family
Aristolochia,Aristolochia,genus
Orobanchaceae,Plantae,kingdom
Orobanchaceae,Tracheophyta,phylum
Orobanchaceae,Magnoliopsida,class
Orobanchaceae,Lamiales,order
Orobanchaceae,Orobanchaceae,family
Quercus faginea,Plantae,kingdom
Quercus faginea,Tracheophyta,phylum
Quercus faginea,Magnoliopsida,class
Quercus faginea,Fagales,order
Quercus faginea,Fagaceae,family
Quercus faginea,Quercus,genus
Quercus faginea,Quercus faginea,species
Anagallis arvensis-type,Plantae,kingdom
Anagallis arvensis-type,Tracheophyta,phylum
Anagallis arvensis-type,Magnoliopsida,class
Anagallis arvensis-type,Ericales,order
Anagallis arvensis-type,Primulaceae,family
Anagallis arvensis-type,Lysimachia,genus
Cichorium intybus-type,Plantae,kingdom
Cichorium intybus-type,Tracheophyta,phylum
Cichorium intybus-type,Magnoliopsida,class
Cichorium intybus-type,Asterales,order
Cichorium intybus-type,Asteraceae,family
Cichorium intybus-type,Cichorium,genus
Poaceae (annulus 10-12 µm),Plantae,kingdom
Poaceae (annulus 10-12 µm),Tracheophyta,phylum
Poaceae (annulus 10-12 µm),Liliopsida,class
Poaceae (annulus 10-12 µm),Poales,order
Poaceae (annulus 10-12 µm),Poaceae,family
Cornus suecica-type,Plantae,kingdom
Cornus suecica-type,Tracheophyta,phylum
Cornus suecica-type,Magnoliopsida,class
Cornus suecica-type,Cornales,order
Cornus suecica-type,Cornaceae,family
Cornus suecica-type,Cornus,genus
Malus sylvestris,Plantae,kingdom
Malus sylvestris,Tracheophyta,phylum
Malus sylvestris,Magnoliopsida,class
Malus sylvestris,Rosales,order
Malus sylvestris,Rosaceae,family
Malus sylvestris,Malus,genus
Malus sylvestris,Malus sylvestris,species
Poterium sanguisorba subsp. sanguisorba,Plantae,kingdom
Poterium sanguisorba subsp. sanguisorba,Tracheophyta,phylum
Poterium sanguisorba subsp. sanguisorba,Magnoliopsida,class
Poterium sanguisorba subsp. sanguisorba,Rosales,order
Poterium sanguisorba subsp. sanguisorba,Rosaceae,family
Poterium sanguisorba subsp. sanguisorba,Poterium,genus
Poterium sanguisorba subsp. sanguisorba,Poterium sanguisorba,species
Poterium sanguisorba subsp. sanguisorba,Poterium sanguisorba sanguisorba,subspecies
Narcissus,Plantae,kingdom
Narcissus,Tracheophyta,phylum
Narcissus,Liliopsida,class
Narcissus,Asparagales,order
Narcissus,Amaryllidaceae,family
Narcissus,Narcissus,genus
Cistaceae undiff.,Plantae,kingdom
Cistaceae undiff.,Tracheophyta,phylum
Cistaceae undiff.,Magnoliopsida,class
Cistaceae undiff.,Malvales,order
Cistaceae undiff.,Cistaceae,family
Amaranthaceae (broken),Plantae,kingdom
Amaranthaceae (broken),Tracheophyta,phylum
Amaranthaceae (broken),Magnoliopsida,class
Amaranthaceae (broken),Caryophyllales,order
Amaranthaceae (broken),Amaranthaceae,family
Amaranthaceae (crumpled),Plantae,kingdom
Amaranthaceae (crumpled),Tracheophyta,phylum
Amaranthaceae (crumpled),Magnoliopsida,class
Amaranthaceae (crumpled),Caryophyllales,order
Amaranthaceae (crumpled),Amaranthaceae,family
Asteraceae undiff. (broken),Plantae,kingdom
Asteraceae undiff. (broken),Tracheophyta,phylum
Asteraceae undiff. (broken),Magnoliopsida,class
Asteraceae undiff. (broken),Asterales,order
Asteraceae undiff. (broken),Asteraceae,family
Asteraceae undiff. (crumpled),Plantae,kingdom
Asteraceae undiff. (crumpled),Tracheophyta,phylum
Asteraceae undiff. (crumpled),Magnoliopsida,class
Asteraceae undiff. (crumpled),Asterales,order
Asteraceae undiff. (crumpled),Asteraceae,family
Cedrus (broken),Plantae,kingdom
Cedrus (broken),Tracheophyta,phylum
Cedrus (broken),Pinopsida,class
Cedrus (broken),Pinales,order
Cedrus (broken),Pinaceae,family
Cedrus (broken),Cedrus,genus
Cedrus (crumpled),Plantae,kingdom
Cedrus (crumpled),Tracheophyta,phylum
Cedrus (crumpled),Pinopsida,class
Cedrus (crumpled),Pinales,order
Cedrus (crumpled),Pinaceae,family
Cedrus (crumpled),Cedrus,genus
Cedrus (degraded),Plantae,kingdom
Cedrus (degraded),Tracheophyta,phylum
Cedrus (degraded),Pinopsida,class
Cedrus (degraded),Pinales,order
Cedrus (degraded),Pinaceae,family
Cedrus (degraded),Cedrus,genus
Cyperaceae (broken),Plantae,kingdom
Cyperaceae (broken),Tracheophyta,phylum
Cyperaceae (broken),Liliopsida,class
Cyperaceae (broken),Poales,order
Cyperaceae (broken),Cyperaceae,family
Cyperaceae (corroded),Plantae,kingdom
Cyperaceae (corroded),Tracheophyta,phylum
Cyperaceae (corroded),Liliopsida,class
Cyperaceae (corroded),Poales,order
Cyperaceae (corroded),Cyperaceae,family
Cyperaceae (crumpled),Plantae,kingdom
Cyperaceae (crumpled),Tracheophyta,phylum
Cyperaceae (crumpled),Liliopsida,class
Cyperaceae (crumpled),Poales,order
Cyperaceae (crumpled),Cyperaceae,family
Cyperaceae (degraded),Plantae,kingdom
Cyperaceae (degraded),Tracheophyta,phylum
Cyperaceae (degraded),Liliopsida,class
Cyperaceae (degraded),Poales,order
Cyperaceae (degraded),Cyperaceae,family
Fraxinus ornus-type,Plantae,kingdom
Fraxinus ornus-type,Tracheophyta,phylum
Fraxinus ornus-type,Magnoliopsida,class
Fraxinus ornus-type,Lamiales,order
Fraxinus ornus-type,Oleaceae,family
Fraxinus ornus-type,Fraxinus,genus
Oleaceae (broken),Plantae,kingdom
Oleaceae (broken),Tracheophyta,phylum
Oleaceae (broken),Magnoliopsida,class
Oleaceae (broken),Lamiales,order
Oleaceae (broken),Oleaceae,family
Oleaceae (crumpled),Plantae,kingdom
Oleaceae (crumpled),Tracheophyta,phylum
Oleaceae (crumpled),Magnoliopsida,class
Oleaceae (crumpled),Lamiales,order
Oleaceae (crumpled),Oleaceae,family
Oleaceae (obscured),Plantae,kingdom
Oleaceae (obscured),Tracheophyta,phylum
Oleaceae (obscured),Magnoliopsida,class
Oleaceae (obscured),Lamiales,order
Oleaceae (obscured),Oleaceae,family
Pinaceae (broken),Plantae,kingdom
Pinaceae (broken),Tracheophyta,phylum
Pinaceae (broken),Pinopsida,class
Pinaceae (broken),Pinales,order
Pinaceae (broken),Pinaceae,family
Pinaceae (corroded),Plantae,kingdom
Pinaceae (corroded),Tracheophyta,phylum
Pinaceae (corroded),Pinopsida,class
Pinaceae (corroded),Pinales,order
Pinaceae (corroded),Pinaceae,family
Pinaceae (crumpled),Plantae,kingdom
Pinaceae (crumpled),Tracheophyta,phylum
Pinaceae (crumpled),Pinopsida,class
Pinaceae (crumpled),Pinales,order
Pinaceae (crumpled),Pinaceae,family
Pinaceae (degraded),Plantae,kingdom
Pinaceae (degraded),Tracheophyta,phylum
Pinaceae (degraded),Pinopsida,class
Pinaceae (degraded),Pinales,order
Pinaceae (degraded),Pinaceae,family
Pinaceae (obscured),Plantae,kingdom
Pinaceae (obscured),Tracheophyta,phylum
Pinaceae (obscured),Pinopsida,class
Pinaceae (obscured),Pinales,order
Pinaceae (obscured),Pinaceae,family
Pinus (broken),Plantae,kingdom
Pinus (broken),Tracheophyta,phylum
Pinus (broken),Pinopsida,class
Pinus (broken),Pinales,order
Pinus (broken),Pinaceae,family
Pinus (broken),Pinus,genus
Pinus (corroded),Plantae,kingdom
Pinus (corroded),Tracheophyta,phylum
Pinus (corroded),Pinopsida,class
Pinus (corroded),Pinales,order
Pinus (corroded),Pinaceae,family
Pinus (corroded),Pinus,genus
Pinus (crumpled),Plantae,kingdom
Pinus (crumpled),Tracheophyta,phylum
Pinus (crumpled),Pinopsida,class
Pinus (crumpled),Pinales,order
Pinus (crumpled),Pinaceae,family
Pinus (crumpled),Pinus,genus
Pinus (degraded),Plantae,kingdom
Pinus (degraded),Tracheophyta,phylum
Pinus (degraded),Pinopsida,class
Pinus (degraded),Pinales,order
Pinus (degraded),Pinaceae,family
Pinus (degraded),Pinus,genus
Pinus (fragmented),Plantae,kingdom
Pinus (fragmented),Tracheophyta,phylum
Pinus (fragmented),Pinopsida,class
Pinus (fragmented),Pinales,order
Pinus (fragmented),Pinaceae,family
Pinus (fragmented),Pinus,genus
Poaceae (broken),Plantae,kingdom
Poaceae (broken),Tracheophyta,phylum
Poaceae (broken),Liliopsida,class
Poaceae (broken),Poales,order
Poaceae (broken),Poaceae,family
"Poaceae (Cerealia-type, broken)",Plantae,kingdom
"Poaceae (Cerealia-type, broken)",Tracheophyta,phylum
"Poaceae (Cerealia-type, broken)",Liliopsida,class
"Poaceae (Cerealia-type, broken)",Poales,order
"Poaceae (Cerealia-type, broken)",Poaceae,family
"Poaceae (Cerealia-type, corroded)",Plantae,kingdom
"Poaceae (Cerealia-type, corroded)",Tracheophyta,phylum
"Poaceae (Cerealia-type, corroded)",Liliopsida,class
"Poaceae (Cerealia-type, corroded)",Poales,order
"Poaceae (Cerealia-type, corroded)",Poaceae,family
"Poaceae (Cerealia-type, crumpled)",Plantae,kingdom
"Poaceae (Cerealia-type, crumpled)",Tracheophyta,phylum
"Poaceae (Cerealia-type, crumpled)",Liliopsida,class
"Poaceae (Cerealia-type, crumpled)",Poales,order
"Poaceae (Cerealia-type, crumpled)",Poaceae,family
Poaceae (corroded),Plantae,kingdom
Poaceae (corroded),Tracheophyta,phylum
Poaceae (corroded),Liliopsida,class
Poaceae (corroded),Poales,order
Poaceae (corroded),Poaceae,family
Poaceae (crumpled),Plantae,kingdom
Poaceae (crumpled),Tracheophyta,phylum
Poaceae (crumpled),Liliopsida,class
Poaceae (crumpled),Poales,order
Poaceae (crumpled),Poaceae,family
Poaceae (degraded),Plantae,kingdom
Poaceae (degraded),Tracheophyta,phylum
Poaceae (degraded),Liliopsida,class
Poaceae (degraded),Poales,order
Poaceae (degraded),Poaceae,family
Quercus coccifera-type,Plantae,kingdom
Quercus coccifera-type,Tracheophyta,phylum
Quercus coccifera-type,Magnoliopsida,class
Quercus coccifera-type,Fagales,order
Quercus coccifera-type,Fagaceae,family
Quercus coccifera-type,Quercus,genus
Quercus coccifera-type (broken),Plantae,kingdom
Quercus coccifera-type (broken),Tracheophyta,phylum
Quercus coccifera-type (broken),Magnoliopsida,class
Quercus coccifera-type (broken),Fagales,order
Quercus coccifera-type (broken),Fagaceae,family
Quercus coccifera-type (broken),Quercus,genus
Quercus coccifera-type: corroded,Plantae,kingdom
Quercus coccifera-type: corroded,Tracheophyta,phylum
Quercus coccifera-type: corroded,Magnoliopsida,class
Quercus coccifera-type: corroded,Fagales,order
Quercus coccifera-type: corroded,Fagaceae,family
Quercus coccifera-type: corroded,Quercus,genus
Quercus coccifera-type (crumpled),Plantae,kingdom
Quercus coccifera-type (crumpled),Tracheophyta,phylum
Quercus coccifera-type (crumpled),Magnoliopsida,class
Quercus coccifera-type (crumpled),Fagales,order
Quercus coccifera-type (crumpled),Fagaceae,family
Quercus coccifera-type (crumpled),Quercus,genus
Quercus undiff. (broken),Plantae,kingdom
Quercus undiff. (broken),Tracheophyta,phylum
Quercus undiff. (broken),Magnoliopsida,class
Quercus undiff. (broken),Fagales,order
Quercus undiff. (broken),Fagaceae,family
Quercus undiff. (broken),Quercus,genus
Quercus undiff. (corroded),Plantae,kingdom
Quercus undiff. (corroded),Tracheophyta,phylum
Quercus undiff. (corroded),Magnoliopsida,class
Quercus undiff. (corroded),Fagales,order
Quercus undiff. (corroded),Fagaceae,family
Quercus undiff. (corroded),Quercus,genus
Quercus undiff. (crumpled),Plantae,kingdom
Quercus undiff. (crumpled),Tracheophyta,phylum
Quercus undiff. (crumpled),Magnoliopsida,class
Quercus undiff. (crumpled),Fagales,order
Quercus undiff. (crumpled),Fagaceae,family
Quercus undiff. (crumpled),Quercus,genus
Quercus undiff. (degraded),Plantae,kingdom
Quercus undiff. (degraded),Tracheophyta,phylum
Quercus undiff. (degraded),Magnoliopsida,class
Quercus undiff. (degraded),Fagales,order
Quercus undiff. (degraded),Fagaceae,family
Quercus undiff. (degraded),Quercus,genus
Quercus undiff. (obscured),Plantae,kingdom
Quercus undiff. (obscured),Tracheophyta,phylum
Quercus undiff. (obscured),Magnoliopsida,class
Quercus undiff. (obscured),Fagales,order
Quercus undiff. (obscured),Fagaceae,family
Quercus undiff. (obscured),Quercus,genus
Anagallis tenella-type,Plantae,kingdom
Anagallis tenella-type,Tracheophyta,phylum
Anagallis tenella-type,Magnoliopsida,class
Anagallis tenella-type,Ericales,order
Anagallis tenella-type,Primulaceae,family
Anagallis tenella-type,Lysimachia,genus
Arnoseris,Plantae,kingdom
Arnoseris,Tracheophyta,phylum
Arnoseris,Magnoliopsida,class
Arnoseris,Asterales,order
Arnoseris,Asteraceae,family
Arnoseris,Arnoseris,genus
Cicendia filiformis,Plantae,kingdom
Cicendia filiformis,Tracheophyta,phylum
Cicendia filiformis,Magnoliopsida,class
Cicendia filiformis,Gentianales,order
Cicendia filiformis,Gentianaceae,family
Cicendia filiformis,Cicendia,genus
Cicendia filiformis,Cicendia filiformis,species
Cistus monspeliensis-type,Plantae,kingdom
Cistus monspeliensis-type,Tracheophyta,phylum
Cistus monspeliensis-type,Magnoliopsida,class
Cistus monspeliensis-type,Malvales,order
Cistus monspeliensis-type,Cistaceae,family
Cistus monspeliensis-type,Cistus,genus
Erica scoparia-type,Animalia,kingdom
Erica scoparia-type,Arthropoda,phylum
Erica scoparia-type,Arachnida,class
Erica scoparia-type,Araneae,order
Erica scoparia-type,Salticidae,family
Erica scoparia-type,Erica,genus
Erica scoparia-type,Plantae,kingdom
Erica scoparia-type,Tracheophyta,phylum
Erica scoparia-type,Magnoliopsida,class
Erica scoparia-type,Ericales,order
Erica scoparia-type,Ericaceae,family
Erica scoparia-type,Erica,genus
Frankenia,Plantae,kingdom
Frankenia,Tracheophyta,phylum
Frankenia,Magnoliopsida,class
Frankenia,Caryophyllales,order
Frankenia,Frankeniaceae,family
Frankenia,Frankenia,genus
Fumaria officinalis-type,Plantae,kingdom
Fumaria officinalis-type,Tracheophyta,phylum
Fumaria officinalis-type,Magnoliopsida,class
Fumaria officinalis-type,Ranunculales,order
Fumaria officinalis-type,Papaveraceae,family
Fumaria officinalis-type,Fumaria,genus
Gynandriris sisyrinchium,Plantae,kingdom
Gynandriris sisyrinchium,Tracheophyta,phylum
Gynandriris sisyrinchium,Liliopsida,class
Gynandriris sisyrinchium,Asparagales,order
Gynandriris sisyrinchium,Iridaceae,family
Gynandriris sisyrinchium,Moraea,genus
Gynandriris sisyrinchium,Moraea sisyrinchium,species
Halimium halimifolium-type,Plantae,kingdom
Halimium halimifolium-type,Tracheophyta,phylum
Halimium halimifolium-type,Magnoliopsida,class
Halimium halimifolium-type,Malvales,order
Halimium halimifolium-type,Cistaceae,family
Halimium halimifolium-type,Halimium,genus
Helianthemum croceum-type,Plantae,kingdom
Helianthemum croceum-type,Tracheophyta,phylum
Helianthemum croceum-type,Magnoliopsida,class
Helianthemum croceum-type,Malvales,order
Helianthemum croceum-type,Cistaceae,family
Helianthemum croceum-type,Helianthemum,genus
Tuberaria guttata,Plantae,kingdom
Tuberaria guttata,Tracheophyta,phylum
Tuberaria guttata,Magnoliopsida,class
Tuberaria guttata,Malvales,order
Tuberaria guttata,Cistaceae,family
Tuberaria guttata,Tuberaria,genus
Tuberaria guttata,Tuberaria guttata,species
Actaea spicata,Plantae,kingdom
Actaea spicata,Tracheophyta,phylum
Actaea spicata,Magnoliopsida,class
Actaea spicata,Ranunculales,order
Actaea spicata,Ranunculaceae,family
Actaea spicata,Actaea,genus
Actaea spicata,Actaea spicata,species
Aegopodium podagraria,Plantae,kingdom
Aegopodium podagraria,Tracheophyta,phylum
Aegopodium podagraria,Magnoliopsida,class
Aegopodium podagraria,Apiales,order
Aegopodium podagraria,Apiaceae,family
Aegopodium podagraria,Aegopodium,genus
Aegopodium podagraria,Aegopodium podagraria,species
Anemone pulsatilla-type,Plantae,kingdom
Anemone pulsatilla-type,Tracheophyta,phylum
Anemone pulsatilla-type,Magnoliopsida,class
Anemone pulsatilla-type,Ranunculales,order
Anemone pulsatilla-type,Ranunculaceae,family
Anemone pulsatilla-type,Anemone,genus
Anethum graveolens,Plantae,kingdom
Anethum graveolens,Tracheophyta,phylum
Anethum graveolens,Magnoliopsida,class
Anethum graveolens,Apiales,order
Anethum graveolens,Apiaceae,family
Anethum graveolens,Anethum,genus
Anethum graveolens,Anethum graveolens,species
Fragaria,Plantae,kingdom
Fragaria,Tracheophyta,phylum
Fragaria,Magnoliopsida,class
Fragaria,Rosales,order
Fragaria,Rosaceae,family
Fragaria,Fragaria,genus
Iris germanica-type,Animalia,kingdom
Iris germanica-type,Arthropoda,phylum
Iris germanica-type,Insecta,class
Iris germanica-type,Mantodea,order
Iris germanica-type,Eremiaphilidae,family
Iris germanica-type,Iris,genus
Iris germanica-type,Plantae,kingdom
Iris germanica-type,Tracheophyta,phylum
Iris germanica-type,Liliopsida,class
Iris germanica-type,Asparagales,order
Iris germanica-type,Iridaceae,family
Iris germanica-type,Iris,genus
Legousia,Plantae,kingdom
Legousia,Tracheophyta,phylum
Legousia,Magnoliopsida,class
Legousia,Asterales,order
Legousia,Campanulaceae,family
Legousia,Legousia,genus
Leucojum,Plantae,kingdom
Leucojum,Tracheophyta,phylum
Leucojum,Liliopsida,class
Leucojum,Asparagales,order
Leucojum,Amaryllidaceae,family
Leucojum,Leucojum,genus
Robinia pseudoacacia,Plantae,kingdom
Robinia pseudoacacia,Tracheophyta,phylum
Robinia pseudoacacia,Magnoliopsida,class
Robinia pseudoacacia,Fabales,order
Robinia pseudoacacia,Fabaceae,family
Robinia pseudoacacia,Robinia,genus
Robinia pseudoacacia,Robinia pseudoacacia,species
Vaccaria hispanica,Plantae,kingdom
Vaccaria hispanica,Tracheophyta,phylum
Vaccaria hispanica,Magnoliopsida,class
Vaccaria hispanica,Caryophyllales,order
Vaccaria hispanica,Caryophyllaceae,family
Vaccaria hispanica,Gypsophila,genus
Vaccaria hispanica,Gypsophila vaccaria,species
Viburnum opulus/V. tinus,Plantae,kingdom
Viburnum opulus/V. tinus,Tracheophyta,phylum
Viburnum opulus/V. tinus,Magnoliopsida,class
Viburnum opulus/V. tinus,Dipsacales,order
Viburnum opulus/V. tinus,Viburnaceae,family
Viburnum opulus/V. tinus,Viburnum,genus
Carya glabra-type,Plantae,kingdom
Carya glabra-type,Tracheophyta,phylum
Carya glabra-type,Magnoliopsida,class
Carya glabra-type,Fagales,order
Carya glabra-type,Juglandaceae,family
Carya glabra-type,Carya,genus
Carya tomentosa-type,Plantae,kingdom
Carya tomentosa-type,Tracheophyta,phylum
Carya tomentosa-type,Magnoliopsida,class
Carya tomentosa-type,Fagales,order
Carya tomentosa-type,Juglandaceae,family
Carya tomentosa-type,Carya,genus
Anemone subg. Anemone,Plantae,kingdom
Anemone subg. Anemone,Tracheophyta,phylum
Anemone subg. Anemone,Magnoliopsida,class
Anemone subg. Anemone,Ranunculales,order
Anemone subg. Anemone,Ranunculaceae,family
Anemone subg. Anemone,Anemone,genus
Artemisia alba-type,Plantae,kingdom
Artemisia alba-type,Tracheophyta,phylum
Artemisia alba-type,Magnoliopsida,class
Artemisia alba-type,Asterales,order
Artemisia alba-type,Asteraceae,family
Artemisia alba-type,Artemisia,genus
Lathyrus linifolius-type,Plantae,kingdom
Lathyrus linifolius-type,Tracheophyta,phylum
Lathyrus linifolius-type,Magnoliopsida,class
Lathyrus linifolius-type,Fabales,order
Lathyrus linifolius-type,Fabaceae,family
Lathyrus linifolius-type,Lathyrus,genus
Potentilla erecta,Plantae,kingdom
Potentilla erecta,Tracheophyta,phylum
Potentilla erecta,Magnoliopsida,class
Potentilla erecta,Rosales,order
Potentilla erecta,Rosaceae,family
Potentilla erecta,Potentilla,genus
Potentilla erecta,Potentilla erecta,species
Centaurea jacea/C. nigra-type,Plantae,kingdom
Centaurea jacea/C. nigra-type,Tracheophyta,phylum
Centaurea jacea/C. nigra-type,Magnoliopsida,class
Centaurea jacea/C. nigra-type,Asterales,order
Centaurea jacea/C. nigra-type,Asteraceae,family
Centaurea jacea/C. nigra-type,Centaurea,genus
Lamium amplexicaule-type,Plantae,kingdom
Lamium amplexicaule-type,Tracheophyta,phylum
Lamium amplexicaule-type,Magnoliopsida,class
Lamium amplexicaule-type,Lamiales,order
Lamium amplexicaule-type,Lamiaceae,family
Lamium amplexicaule-type,Lamium,genus
Lamium purpureum var. hybridum-type,Plantae,kingdom
Lamium purpureum var. hybridum-type,Tracheophyta,phylum
Lamium purpureum var. hybridum-type,Magnoliopsida,class
Lamium purpureum var. hybridum-type,Lamiales,order
Lamium purpureum var. hybridum-type,Lamiaceae,family
Lamium purpureum var. hybridum-type,Lamium,genus
Lamium purpureum var. hybridum-type,Lamium purpureum,species
Polygonum cognatum,Plantae,kingdom
Polygonum cognatum,Tracheophyta,phylum
Polygonum cognatum,Magnoliopsida,class
Polygonum cognatum,Caryophyllales,order
Polygonum cognatum,Polygonaceae,family
Polygonum cognatum,Polygonum,genus
Polygonum cognatum,Polygonum cognatum,species
Rumex conglomeratus,Plantae,kingdom
Rumex conglomeratus,Tracheophyta,phylum
Rumex conglomeratus,Magnoliopsida,class
Rumex conglomeratus,Caryophyllales,order
Rumex conglomeratus,Polygonaceae,family
Rumex conglomeratus,Rumex,genus
Rumex conglomeratus,Rumex conglomeratus,species
Teucrium pyrenaicum-type,Plantae,kingdom
Teucrium pyrenaicum-type,Tracheophyta,phylum
Teucrium pyrenaicum-type,Magnoliopsida,class
Teucrium pyrenaicum-type,Lamiales,order
Teucrium pyrenaicum-type,Lamiaceae,family
Teucrium pyrenaicum-type,Teucrium,genus
Urtica atrovirens,Plantae,kingdom
Urtica atrovirens,Tracheophyta,phylum
Urtica atrovirens,Magnoliopsida,class
Urtica atrovirens,Rosales,order
Urtica atrovirens,Urticaceae,family
Urtica atrovirens,Urtica,genus
Urtica atrovirens,Urtica atrovirens,species
Geranium columbinum-type,Plantae,kingdom
Geranium columbinum-type,Tracheophyta,phylum
Geranium columbinum-type,Magnoliopsida,class
Geranium columbinum-type,Geraniales,order
Geranium columbinum-type,Geraniaceae,family
Geranium columbinum-type,Geranium,genus
Geranium pusillum-type,Plantae,kingdom
Geranium pusillum-type,Tracheophyta,phylum
Geranium pusillum-type,Magnoliopsida,class
Geranium pusillum-type,Geraniales,order
Geranium pusillum-type,Geraniaceae,family
Geranium pusillum-type,Geranium,genus
Amaryllidaceae,Plantae,kingdom
Amaryllidaceae,Tracheophyta,phylum
Amaryllidaceae,Liliopsida,class
Amaryllidaceae,Asparagales,order
Amaryllidaceae,Amaryllidaceae,family
Cercis,Plantae,kingdom
Cercis,Tracheophyta,phylum
Cercis,Magnoliopsida,class
Cercis,Fabales,order
Cercis,Fabaceae,family
Cercis,Cercis,genus
Chenopodium sp.,Plantae,kingdom
Chenopodium sp.,Tracheophyta,phylum
Chenopodium sp.,Magnoliopsida,class
Chenopodium sp.,Caryophyllales,order
Chenopodium sp.,Amaranthaceae,family
Chenopodium sp.,Chenopodium,genus
Convolvulus undiff.,Plantae,kingdom
Convolvulus undiff.,Tracheophyta,phylum
Convolvulus undiff.,Magnoliopsida,class
Convolvulus undiff.,Solanales,order
Convolvulus undiff.,Convolvulaceae,family
Convolvulus undiff.,Convolvulus,genus
Cyclamen,Plantae,kingdom
Cyclamen,Tracheophyta,phylum
Cyclamen,Magnoliopsida,class
Cyclamen,Ericales,order
Cyclamen,Primulaceae,family
Cyclamen,Cyclamen,genus
Dracunculus,Plantae,kingdom
Dracunculus,Tracheophyta,phylum
Dracunculus,Liliopsida,class
Dracunculus,Alismatales,order
Dracunculus,Araceae,family
Dracunculus,Dracunculus,genus
Dracunculus,Animalia,kingdom
Dracunculus,Nematoda,phylum
Dracunculus,Chromadorea,class
Dracunculus,Rhabditida,order
Dracunculus,Dracunculidae,family
Dracunculus,Dracunculus,genus
Gentiana undiff.,Plantae,kingdom
Gentiana undiff.,Tracheophyta,phylum
Gentiana undiff.,Magnoliopsida,class
Gentiana undiff.,Gentianales,order
Gentiana undiff.,Gentianaceae,family
Gentiana undiff.,Gentiana,genus
Mesembryanthemum,Plantae,kingdom
Mesembryanthemum,Tracheophyta,phylum
Mesembryanthemum,Magnoliopsida,class
Mesembryanthemum,Caryophyllales,order
Mesembryanthemum,Aizoaceae,family
Mesembryanthemum,Mesembryanthemum,genus
Oenothera,Plantae,kingdom
Oenothera,Tracheophyta,phylum
Oenothera,Magnoliopsida,class
Oenothera,Myrtales,order
Oenothera,Onagraceae,family
Oenothera,Oenothera,genus
Paeonia,Plantae,kingdom
Paeonia,Tracheophyta,phylum
Paeonia,Magnoliopsida,class
Paeonia,Saxifragales,order
Paeonia,Paeoniaceae,family
Paeonia,Paeonia,genus
Plantago lanceolata/P. lagopus,Plantae,kingdom
Plantago lanceolata/P. lagopus,Tracheophyta,phylum
Plantago lanceolata/P. lagopus,Magnoliopsida,class
Plantago lanceolata/P. lagopus,Lamiales,order
Plantago lanceolata/P. lagopus,Plantaginaceae,family
Plantago lanceolata/P. lagopus,Plantago,genus
Prunus sp.,Plantae,kingdom
Prunus sp.,Tracheophyta,phylum
Prunus sp.,Magnoliopsida,class
Prunus sp.,Rosales,order
Prunus sp.,Rosaceae,family
Prunus sp.,Prunus,genus
Punica granatum,Plantae,kingdom
Punica granatum,Tracheophyta,phylum
Punica granatum,Magnoliopsida,class
Punica granatum,Myrtales,order
Punica granatum,Lythraceae,family
Punica granatum,Punica,genus
Punica granatum,Punica granatum,species
Rumex subg. Emex,Plantae,kingdom
Rumex subg. Emex,Tracheophyta,phylum
Rumex subg. Emex,Magnoliopsida,class
Rumex subg. Emex,Caryophyllales,order
Rumex subg. Emex,Polygonaceae,family
Rumex subg. Emex,Rumex,genus
Sarcopoterium spinosum/Poterium sanguisorba,Plantae,kingdom
Sarcopoterium spinosum/Poterium sanguisorba,Tracheophyta,phylum
Sarcopoterium spinosum/Poterium sanguisorba,Magnoliopsida,class
Sarcopoterium spinosum/Poterium sanguisorba,Rosales,order
Sarcopoterium spinosum/Poterium sanguisorba,Rosaceae,family
Sarcopoterium spinosum/Poterium sanguisorba,Sarcopoterium,genus
Senecio sp.,Plantae,kingdom
Senecio sp.,Tracheophyta,phylum
Senecio sp.,Magnoliopsida,class
Senecio sp.,Asterales,order
Senecio sp.,Asteraceae,family
Senecio sp.,Senecio,genus
Styrax,Plantae,kingdom
Styrax,Tracheophyta,phylum
Styrax,Magnoliopsida,class
Styrax,Ericales,order
Styrax,Styracaceae,family
Styrax,Styrax,genus
Urtica pilulifera-type,Plantae,kingdom
Urtica pilulifera-type,Tracheophyta,phylum
Urtica pilulifera-type,Magnoliopsida,class
Urtica pilulifera-type,Rosales,order
Urtica pilulifera-type,Urticaceae,family
Urtica pilulifera-type,Urtica,genus
Arnoseris minima,Plantae,kingdom
Arnoseris minima,Tracheophyta,phylum
Arnoseris minima,Magnoliopsida,class
Arnoseris minima,Asterales,order
Arnoseris minima,Asteraceae,family
Arnoseris minima,Arnoseris,genus
Arnoseris minima,Arnoseris minima,species
Caryophyllaceae (porate),Plantae,kingdom
Caryophyllaceae (porate),Tracheophyta,phylum
Caryophyllaceae (porate),Magnoliopsida,class
Caryophyllaceae (porate),Caryophyllales,order
Caryophyllaceae (porate),Caryophyllaceae,family
Conopodium majus,Plantae,kingdom
Conopodium majus,Tracheophyta,phylum
Conopodium majus,Magnoliopsida,class
Conopodium majus,Apiales,order
Conopodium majus,Apiaceae,family
Conopodium majus,Conopodium,genus
Conopodium majus,Conopodium majus,species
Artemisia sp.,Plantae,kingdom
Artemisia sp.,Tracheophyta,phylum
Artemisia sp.,Magnoliopsida,class
Artemisia sp.,Asterales,order
Artemisia sp.,Asteraceae,family
Artemisia sp.,Artemisia,genus
Capsella,Plantae,kingdom
Capsella,Tracheophyta,phylum
Capsella,Magnoliopsida,class
Capsella,Brassicales,order
Capsella,Brassicaceae,family
Capsella,Capsella,genus
Gentianella sp.,Plantae,kingdom
Gentianella sp.,Tracheophyta,phylum
Gentianella sp.,Magnoliopsida,class
Gentianella sp.,Gentianales,order
Gentianella sp.,Gentianaceae,family
Gentianella sp.,Gentianella,genus
Ranunculus glacialis,Plantae,kingdom
Ranunculus glacialis,Tracheophyta,phylum
Ranunculus glacialis,Magnoliopsida,class
Ranunculus glacialis,Ranunculales,order
Ranunculus glacialis,Ranunculaceae,family
Ranunculus glacialis,Ranunculus,genus
Ranunculus glacialis,Ranunculus glacialis,species
Sonchus,Plantae,kingdom
Sonchus,Tracheophyta,phylum
Sonchus,Magnoliopsida,class
Sonchus,Asterales,order
Sonchus,Asteraceae,family
Sonchus,Sonchus,genus
Primula scandinavica-type,Plantae,kingdom
Primula scandinavica-type,Tracheophyta,phylum
Primula scandinavica-type,Magnoliopsida,class
Primula scandinavica-type,Ericales,order
Primula scandinavica-type,Primulaceae,family
Primula scandinavica-type,Primula,genus
Sorbus cf. S. aucuparia,Plantae,kingdom
Sorbus cf. S. aucuparia,Tracheophyta,phylum
Sorbus cf. S. aucuparia,Magnoliopsida,class
Sorbus cf. S. aucuparia,Rosales,order
Sorbus cf. S. aucuparia,Rosaceae,family
Sorbus cf. S. aucuparia,Sorbus,genus
Linnaea,Plantae,kingdom
Linnaea,Tracheophyta,phylum
Linnaea,Magnoliopsida,class
Linnaea,Dipsacales,order
Linnaea,Caprifoliaceae,family
Linnaea,Linnaea,genus
Linnaea,Animalia,kingdom
Linnaea,Arthropoda,phylum
Linnaea,Insecta,class
Linnaea,Hemiptera,order
Linnaea,Rhyparochromidae,family
Linnaea,Linnaea,genus
Rumex sp.,Plantae,kingdom
Rumex sp.,Tracheophyta,phylum
Rumex sp.,Magnoliopsida,class
Rumex sp.,Caryophyllales,order
Rumex sp.,Polygonaceae,family
Rumex sp.,Rumex,genus
Avena sativa,Plantae,kingdom
Avena sativa,Tracheophyta,phylum
Avena sativa,Liliopsida,class
Avena sativa,Poales,order
Avena sativa,Poaceae,family
Avena sativa,Avena,genus
Avena sativa,Avena sativa,species
Linum bienne-type,Plantae,kingdom
Linum bienne-type,Tracheophyta,phylum
Linum bienne-type,Magnoliopsida,class
Linum bienne-type,Malpighiales,order
Linum bienne-type,Linaceae,family
Linum bienne-type,Linum,genus
Sorbus sp.,Plantae,kingdom
Sorbus sp.,Tracheophyta,phylum
Sorbus sp.,Magnoliopsida,class
Sorbus sp.,Rosales,order
Sorbus sp.,Rosaceae,family
Sorbus sp.,Sorbus,genus
Thalictrum flavum,Plantae,kingdom
Thalictrum flavum,Tracheophyta,phylum
Thalictrum flavum,Magnoliopsida,class
Thalictrum flavum,Ranunculales,order
Thalictrum flavum,Ranunculaceae,family
Thalictrum flavum,Thalictrum,genus
Thalictrum flavum,Thalictrum flavum,species
Triticum aestivum,Plantae,kingdom
Triticum aestivum,Tracheophyta,phylum
Triticum aestivum,Liliopsida,class
Triticum aestivum,Poales,order
Triticum aestivum,Poaceae,family
Triticum aestivum,Triticum,genus
Triticum aestivum,Triticum aestivum,species
Vaccinium sp.,Plantae,kingdom
Vaccinium sp.,Tracheophyta,phylum
Vaccinium sp.,Magnoliopsida,class
Vaccinium sp.,Ericales,order
Vaccinium sp.,Ericaceae,family
Vaccinium sp.,Vaccinium,genus
Plantago cf. P. major,Plantae,kingdom
Plantago cf. P. major,Tracheophyta,phylum
Plantago cf. P. major,Magnoliopsida,class
Plantago cf. P. major,Lamiales,order
Plantago cf. P. major,Plantaginaceae,family
Plantago cf. P. major,Plantago,genus
Vaccinium uliginosum,Plantae,kingdom
Vaccinium uliginosum,Tracheophyta,phylum
Vaccinium uliginosum,Magnoliopsida,class
Vaccinium uliginosum,Ericales,order
Vaccinium uliginosum,Ericaceae,family
Vaccinium uliginosum,Vaccinium,genus
Vaccinium uliginosum,Vaccinium uliginosum,species
Vaccinium vitis-idaea,Plantae,kingdom
Vaccinium vitis-idaea,Tracheophyta,phylum
Vaccinium vitis-idaea,Magnoliopsida,class
Vaccinium vitis-idaea,Ericales,order
Vaccinium vitis-idaea,Ericaceae,family
Vaccinium vitis-idaea,Vaccinium,genus
Vaccinium vitis-idaea,Vaccinium vitis-idaea,species
Apiaceae cf. Pleurospermum,Plantae,kingdom
Apiaceae cf. Pleurospermum,Tracheophyta,phylum
Apiaceae cf. Pleurospermum,Magnoliopsida,class
Apiaceae cf. Pleurospermum,Apiales,order
Apiaceae cf. Pleurospermum,Apiaceae,family
Ericaceae cf. Vaccinium,Plantae,kingdom
Ericaceae cf. Vaccinium,Tracheophyta,phylum
Ericaceae cf. Vaccinium,Magnoliopsida,class
Ericaceae cf. Vaccinium,Ericales,order
Ericaceae cf. Vaccinium,Ericaceae,family
Rosaceae cf. Prunus,Plantae,kingdom
Rosaceae cf. Prunus,Tracheophyta,phylum
Rosaceae cf. Prunus,Magnoliopsida,class
Rosaceae cf. Prunus,Rosales,order
Rosaceae cf. Prunus,Rosaceae,family
Rosaceae cf. Sorbus,Plantae,kingdom
Rosaceae cf. Sorbus,Tracheophyta,phylum
Rosaceae cf. Sorbus,Magnoliopsida,class
Rosaceae cf. Sorbus,Rosales,order
Rosaceae cf. Sorbus,Rosaceae,family
Dipsacaceae undiff.,Plantae,kingdom
Dipsacaceae undiff.,Tracheophyta,phylum
Dipsacaceae undiff.,Magnoliopsida,class
Dipsacaceae undiff.,Dipsacales,order
Dipsacaceae undiff.,Dipsacaceae,family
Hordeum group,Plantae,kingdom
Hordeum group,Tracheophyta,phylum
Hordeum group,Liliopsida,class
Hordeum group,Poales,order
Hordeum group,Poaceae,family
Hordeum group,Hordeum,genus
Atriplex sp.,Plantae,kingdom
Atriplex sp.,Tracheophyta,phylum
Atriplex sp.,Magnoliopsida,class
Atriplex sp.,Caryophyllales,order
Atriplex sp.,Amaranthaceae,family
Atriplex sp.,Atriplex,genus
Centaurea sp.,Plantae,kingdom
Centaurea sp.,Tracheophyta,phylum
Centaurea sp.,Magnoliopsida,class
Centaurea sp.,Asterales,order
Centaurea sp.,Asteraceae,family
Centaurea sp.,Centaurea,genus
Chrysosplenium alternifolium,Plantae,kingdom
Chrysosplenium alternifolium,Tracheophyta,phylum
Chrysosplenium alternifolium,Magnoliopsida,class
Chrysosplenium alternifolium,Saxifragales,order
Chrysosplenium alternifolium,Saxifragaceae,family
Chrysosplenium alternifolium,Chrysosplenium,genus
Chrysosplenium alternifolium,Chrysosplenium alternifolium,species
Helianthemum sp.,Plantae,kingdom
Helianthemum sp.,Tracheophyta,phylum
Helianthemum sp.,Magnoliopsida,class
Helianthemum sp.,Malvales,order
Helianthemum sp.,Cistaceae,family
Helianthemum sp.,Helianthemum,genus
Krascheninnikovia ceratoides,Plantae,kingdom
Krascheninnikovia ceratoides,Tracheophyta,phylum
Krascheninnikovia ceratoides,Magnoliopsida,class
Krascheninnikovia ceratoides,Caryophyllales,order
Krascheninnikovia ceratoides,Amaranthaceae,family
Krascheninnikovia ceratoides,Krascheninnikovia,genus
Krascheninnikovia ceratoides,Krascheninnikovia ceratoides,species
Salsola sp.,Plantae,kingdom
Salsola sp.,Tracheophyta,phylum
Salsola sp.,Magnoliopsida,class
Salsola sp.,Caryophyllales,order
Salsola sp.,Amaranthaceae,family
Salsola sp.,Salsola,genus
Thalictrum sp.,Plantae,kingdom
Thalictrum sp.,Tracheophyta,phylum
Thalictrum sp.,Magnoliopsida,class
Thalictrum sp.,Ranunculales,order
Thalictrum sp.,Ranunculaceae,family
Thalictrum sp.,Thalictrum,genus
Medicago lupulina,Plantae,kingdom
Medicago lupulina,Tracheophyta,phylum
Medicago lupulina,Magnoliopsida,class
Medicago lupulina,Fabales,order
Medicago lupulina,Fabaceae,family
Medicago lupulina,Medicago,genus
Medicago lupulina,Medicago lupulina,species
Trifolium montanum-type,Plantae,kingdom
Trifolium montanum-type,Tracheophyta,phylum
Trifolium montanum-type,Magnoliopsida,class
Trifolium montanum-type,Fabales,order
Trifolium montanum-type,Fabaceae,family
Trifolium montanum-type,Trifolium,genus
Trifolium montanum-type,Animalia,kingdom
Trifolium montanum-type,Platyhelminthes,phylum
Trifolium montanum-type,Trematoda,class
Trifolium montanum-type,Plagiorchiida,order
Trifolium montanum-type,Psilostomidae,family
Trifolium montanum-type,Trifolium,genus
Pinus cembroides,Plantae,kingdom
Pinus cembroides,Tracheophyta,phylum
Pinus cembroides,Pinopsida,class
Pinus cembroides,Pinales,order
Pinus cembroides,Pinaceae,family
Pinus cembroides,Pinus,genus
Pinus cembroides,Pinus cembroides,species
Angelica,Animalia,kingdom
Angelica,Arthropoda,phylum
Angelica,Insecta,class
Angelica,Hymenoptera,order
Angelica,Braconidae,family
Angelica,Angelica,genus
Angelica,Plantae,kingdom
Angelica,Tracheophyta,phylum
Angelica,Magnoliopsida,class
Angelica,Apiales,order
Angelica,Apiaceae,family
Angelica,Angelica,genus
Dictamnus albus,Plantae,kingdom
Dictamnus albus,Tracheophyta,phylum
Dictamnus albus,Magnoliopsida,class
Dictamnus albus,Sapindales,order
Dictamnus albus,Rutaceae,family
Dictamnus albus,Dictamnus,genus
Dictamnus albus,Dictamnus albus,species
Pinus (haplostellate),Plantae,kingdom
Pinus (haplostellate),Tracheophyta,phylum
Pinus (haplostellate),Pinopsida,class
Pinus (haplostellate),Pinales,order
Pinus (haplostellate),Pinaceae,family
Pinus (haplostellate),Pinus,genus
Sanicula,Plantae,kingdom
Sanicula,Tracheophyta,phylum
Sanicula,Magnoliopsida,class
Sanicula,Apiales,order
Sanicula,Apiaceae,family
Sanicula,Sanicula,genus
Tussilago,Plantae,kingdom
Tussilago,Tracheophyta,phylum
Tussilago,Magnoliopsida,class
Tussilago,Asterales,order
Tussilago,Asteraceae,family
Tussilago,Tussilago,genus
Kalmia,Plantae,kingdom
Kalmia,Tracheophyta,phylum
Kalmia,Magnoliopsida,class
Kalmia,Ericales,order
Kalmia,Ericaceae,family
Kalmia,Kalmia,genus
Minuartia,Plantae,kingdom
Minuartia,Tracheophyta,phylum
Minuartia,Magnoliopsida,class
Minuartia,Caryophyllales,order
Minuartia,Caryophyllaceae,family
Minuartia,Minuartia,genus
Pinus strobus-type,Plantae,kingdom
Pinus strobus-type,Tracheophyta,phylum
Pinus strobus-type,Pinopsida,class
Pinus strobus-type,Pinales,order
Pinus strobus-type,Pinaceae,family
Pinus strobus-type,Pinus,genus
Pyrus,Plantae,kingdom
Pyrus,Tracheophyta,phylum
Pyrus,Magnoliopsida,class
Pyrus,Rosales,order
Pyrus,Rosaceae,family
Pyrus,Pyrus,genus
Kalmia procumbens,Plantae,kingdom
Kalmia procumbens,Tracheophyta,phylum
Kalmia procumbens,Magnoliopsida,class
Kalmia procumbens,Ericales,order
Kalmia procumbens,Ericaceae,family
Kalmia procumbens,Kalmia,genus
Kalmia procumbens,Kalmia procumbens,species
Fragaria vesca,Plantae,kingdom
Fragaria vesca,Tracheophyta,phylum
Fragaria vesca,Magnoliopsida,class
Fragaria vesca,Rosales,order
Fragaria vesca,Rosaceae,family
Fragaria vesca,Fragaria,genus
Fragaria vesca,Fragaria vesca,species
Pinus mugo,Plantae,kingdom
Pinus mugo,Tracheophyta,phylum
Pinus mugo,Pinopsida,class
Pinus mugo,Pinales,order
Pinus mugo,Pinaceae,family
Pinus mugo,Pinus,genus
Pinus mugo,Pinus mugo,species
Pinus nigra,Plantae,kingdom
Pinus nigra,Tracheophyta,phylum
Pinus nigra,Pinopsida,class
Pinus nigra,Pinales,order
Pinus nigra,Pinaceae,family
Pinus nigra,Pinus,genus
Pinus nigra,Pinus nigra,species
Ajuga,Plantae,kingdom
Ajuga,Tracheophyta,phylum
Ajuga,Magnoliopsida,class
Ajuga,Lamiales,order
Ajuga,Lamiaceae,family
Ajuga,Ajuga,genus
Lotus sp.,Plantae,kingdom
Lotus sp.,Tracheophyta,phylum
Lotus sp.,Magnoliopsida,class
Lotus sp.,Fabales,order
Lotus sp.,Fabaceae,family
Lotus sp.,Lotus,genus
Melilotus,Plantae,kingdom
Melilotus,Tracheophyta,phylum
Melilotus,Magnoliopsida,class
Melilotus,Fabales,order
Melilotus,Fabaceae,family
Melilotus,Melilotus,genus
Sambucus racemosa-type,Plantae,kingdom
Sambucus racemosa-type,Tracheophyta,phylum
Sambucus racemosa-type,Magnoliopsida,class
Sambucus racemosa-type,Dipsacales,order
Sambucus racemosa-type,Viburnaceae,family
Sambucus racemosa-type,Sambucus,genus
Morus nigra,Plantae,kingdom
Morus nigra,Tracheophyta,phylum
Morus nigra,Magnoliopsida,class
Morus nigra,Rosales,order
Morus nigra,Moraceae,family
Morus nigra,Morus,genus
Morus nigra,Morus nigra,species
Centaurea aspera-type,Plantae,kingdom
Centaurea aspera-type,Tracheophyta,phylum
Centaurea aspera-type,Magnoliopsida,class
Centaurea aspera-type,Asterales,order
Centaurea aspera-type,Asteraceae,family
Centaurea aspera-type,Centaurea,genus
Cirsium cf. C. palustre,Plantae,kingdom
Cirsium cf. C. palustre,Tracheophyta,phylum
Cirsium cf. C. palustre,Magnoliopsida,class
Cirsium cf. C. palustre,Asterales,order
Cirsium cf. C. palustre,Asteraceae,family
Cirsium cf. C. palustre,Cirsium,genus
Cyanus triumfettii,Plantae,kingdom
Cyanus triumfettii,Tracheophyta,phylum
Cyanus triumfettii,Magnoliopsida,class
Cyanus triumfettii,Asterales,order
Cyanus triumfettii,Asteraceae,family
Cyanus triumfettii,Centaurea,genus
Cyanus triumfettii,Centaurea triumfettii,species
Liliales,Plantae,kingdom
Liliales,Tracheophyta,phylum
Liliales,Liliopsida,class
Liliales,Liliales,order
Pinus mugo/P. sylvestris,Plantae,kingdom
Pinus mugo/P. sylvestris,Tracheophyta,phylum
Pinus mugo/P. sylvestris,Pinopsida,class
Pinus mugo/P. sylvestris,Pinales,order
Pinus mugo/P. sylvestris,Pinaceae,family
Pinus mugo/P. sylvestris,Pinus,genus
Plantago maritima subsp. serpentina,Plantae,kingdom
Plantago maritima subsp. serpentina,Plantae,kingdom
Plantago maritima subsp. serpentina,Tracheophyta,phylum
Plantago maritima subsp. serpentina,Tracheophyta,phylum
Plantago maritima subsp. serpentina,Magnoliopsida,class
Plantago maritima subsp. serpentina,Magnoliopsida,class
Plantago maritima subsp. serpentina,Lamiales,order
Plantago maritima subsp. serpentina,Lamiales,order
Plantago maritima subsp. serpentina,Plantaginaceae,family
Plantago maritima subsp. serpentina,Plantaginaceae,family
Plantago maritima subsp. serpentina,Plantago,genus
Plantago maritima subsp. serpentina,Plantago,genus
Plantago maritima subsp. serpentina,Plantago strictissima,species
Plantago maritima subsp. serpentina,Plantago strictissima,species
Plantago maritima subsp. serpentina,Plantago maritima serpentina,subspecies
Plantago maritima subsp. serpentina,Plantago maritima serpentina,subspecies
Plantago maritima subsp. serpentina,Plantae,kingdom
Plantago maritima subsp. serpentina,Plantae,kingdom
Plantago maritima subsp. serpentina,Tracheophyta,phylum
Plantago maritima subsp. serpentina,Tracheophyta,phylum
Plantago maritima subsp. serpentina,Magnoliopsida,class
Plantago maritima subsp. serpentina,Magnoliopsida,class
Plantago maritima subsp. serpentina,Lamiales,order
Plantago maritima subsp. serpentina,Lamiales,order
Plantago maritima subsp. serpentina,Plantaginaceae,family
Plantago maritima subsp. serpentina,Plantaginaceae,family
Plantago maritima subsp. serpentina,Plantago,genus
Plantago maritima subsp. serpentina,Plantago,genus
Plantago maritima subsp. serpentina,Plantago maritima,species
Plantago maritima subsp. serpentina,Plantago maritima,species
Plantago maritima subsp. serpentina,Plantago maritima serpentina,subspecies
Plantago maritima subsp. serpentina,Plantago maritima serpentina,subspecies
Polycarpon tetraphyllum,Plantae,kingdom
Polycarpon tetraphyllum,Tracheophyta,phylum
Polycarpon tetraphyllum,Magnoliopsida,class
Polycarpon tetraphyllum,Caryophyllales,order
Polycarpon tetraphyllum,Caryophyllaceae,family
Polycarpon tetraphyllum,Polycarpon,genus
Polycarpon tetraphyllum,Polycarpon tetraphyllum,species
Ranunculus fluitans-type,Plantae,kingdom
Ranunculus fluitans-type,Tracheophyta,phylum
Ranunculus fluitans-type,Magnoliopsida,class
Ranunculus fluitans-type,Ranunculales,order
Ranunculus fluitans-type,Ranunculaceae,family
Ranunculus fluitans-type,Ranunculus,genus
Sesamoides,Plantae,kingdom
Sesamoides,Tracheophyta,phylum
Sesamoides,Magnoliopsida,class
Sesamoides,Brassicales,order
Sesamoides,Resedaceae,family
Sesamoides,Sesamoides,genus
Solanum dulcamara/Sedum,Plantae,kingdom
Solanum dulcamara/Sedum,Tracheophyta,phylum
Solanum dulcamara/Sedum,Magnoliopsida,class
Solanum dulcamara/Sedum,Solanales,order
Solanum dulcamara/Sedum,Solanaceae,family
Solanum dulcamara/Sedum,Solanum,genus
Thalictrum minus,Plantae,kingdom
Thalictrum minus,Tracheophyta,phylum
Thalictrum minus,Magnoliopsida,class
Thalictrum minus,Ranunculales,order
Thalictrum minus,Ranunculaceae,family
Thalictrum minus,Thalictrum,genus
Thalictrum minus,Thalictrum minus,species
Valeriana tuberosa,Plantae,kingdom
Valeriana tuberosa,Tracheophyta,phylum
Valeriana tuberosa,Magnoliopsida,class
Valeriana tuberosa,Dipsacales,order
Valeriana tuberosa,Caprifoliaceae,family
Valeriana tuberosa,Valeriana,genus
Valeriana tuberosa,Valeriana tuberosa,species
Aconitum group,Plantae,kingdom
Aconitum group,Tracheophyta,phylum
Aconitum group,Magnoliopsida,class
Aconitum group,Ranunculales,order
Aconitum group,Ranunculaceae,family
Aconitum group,Aconitum,genus
Anemone pulsatilla,Plantae,kingdom
Anemone pulsatilla,Plantae,kingdom
Anemone pulsatilla,Tracheophyta,phylum
Anemone pulsatilla,Tracheophyta,phylum
Anemone pulsatilla,Magnoliopsida,class
Anemone pulsatilla,Magnoliopsida,class
Anemone pulsatilla,Ranunculales,order
Anemone pulsatilla,Ranunculales,order
Anemone pulsatilla,Ranunculaceae,family
Anemone pulsatilla,Ranunculaceae,family
Anemone pulsatilla,Pulsatilla,genus
Anemone pulsatilla,Pulsatilla,genus
Anemone pulsatilla,Pulsatilla vulgaris,species
Anemone pulsatilla,Pulsatilla vulgaris,species
Anemone pulsatilla,Plantae,kingdom
Anemone pulsatilla,Plantae,kingdom
Anemone pulsatilla,Tracheophyta,phylum
Anemone pulsatilla,Tracheophyta,phylum
Anemone pulsatilla,Magnoliopsida,class
Anemone pulsatilla,Magnoliopsida,class
Anemone pulsatilla,Ranunculales,order
Anemone pulsatilla,Ranunculales,order
Anemone pulsatilla,Ranunculaceae,family
Anemone pulsatilla,Ranunculaceae,family
Anemone pulsatilla,Pulsatilla,genus
Anemone pulsatilla,Pulsatilla,genus
Anemone pulsatilla,Pulsatilla montana,species
Anemone pulsatilla,Pulsatilla montana,species
Anemone pulsatilla group,Plantae,kingdom
Anemone pulsatilla group,Plantae,kingdom
Anemone pulsatilla group,Tracheophyta,phylum
Anemone pulsatilla group,Tracheophyta,phylum
Anemone pulsatilla group,Magnoliopsida,class
Anemone pulsatilla group,Magnoliopsida,class
Anemone pulsatilla group,Ranunculales,order
Anemone pulsatilla group,Ranunculales,order
Anemone pulsatilla group,Ranunculaceae,family
Anemone pulsatilla group,Ranunculaceae,family
Anemone pulsatilla group,Pulsatilla,genus
Anemone pulsatilla group,Pulsatilla,genus
Anemone pulsatilla group,Pulsatilla vulgaris,species
Anemone pulsatilla group,Pulsatilla vulgaris,species
Anemone pulsatilla group,Plantae,kingdom
Anemone pulsatilla group,Plantae,kingdom
Anemone pulsatilla group,Tracheophyta,phylum
Anemone pulsatilla group,Tracheophyta,phylum
Anemone pulsatilla group,Magnoliopsida,class
Anemone pulsatilla group,Magnoliopsida,class
Anemone pulsatilla group,Ranunculales,order
Anemone pulsatilla group,Ranunculales,order
Anemone pulsatilla group,Ranunculaceae,family
Anemone pulsatilla group,Ranunculaceae,family
Anemone pulsatilla group,Pulsatilla,genus
Anemone pulsatilla group,Pulsatilla,genus
Anemone pulsatilla group,Pulsatilla montana,species
Anemone pulsatilla group,Pulsatilla montana,species
Consolida ambigua-type,Plantae,kingdom
Consolida ambigua-type,Tracheophyta,phylum
Consolida ambigua-type,Magnoliopsida,class
Consolida ambigua-type,Ranunculales,order
Consolida ambigua-type,Ranunculaceae,family
Consolida ambigua-type,Delphinium,genus
Frangula alnus-type,Plantae,kingdom
Frangula alnus-type,Tracheophyta,phylum
Frangula alnus-type,Magnoliopsida,class
Frangula alnus-type,Rosales,order
Frangula alnus-type,Rhamnaceae,family
Frangula alnus-type,Frangula,genus
Gratiola,Plantae,kingdom
Gratiola,Tracheophyta,phylum
Gratiola,Magnoliopsida,class
Gratiola,Lamiales,order
Gratiola,Plantaginaceae,family
Gratiola,Gratiola,genus
Limonium vulgare (type A),Plantae,kingdom
Limonium vulgare (type A),Tracheophyta,phylum
Limonium vulgare (type A),Magnoliopsida,class
Limonium vulgare (type A),Caryophyllales,order
Limonium vulgare (type A),Plumbaginaceae,family
Limonium vulgare (type A),Limonium,genus
Limonium vulgare (type A),Limonium vulgare,species
Ribes rubrum-type,Plantae,kingdom
Ribes rubrum-type,Tracheophyta,phylum
Ribes rubrum-type,Magnoliopsida,class
Ribes rubrum-type,Saxifragales,order
Ribes rubrum-type,Grossulariaceae,family
Ribes rubrum-type,Ribes,genus
Sison amomum-type,Plantae,kingdom
Sison amomum-type,Tracheophyta,phylum
Sison amomum-type,Magnoliopsida,class
Sison amomum-type,Apiales,order
Sison amomum-type,Apiaceae,family
Sison amomum-type,Sison,genus
Solanum dulcamara-type,Plantae,kingdom
Solanum dulcamara-type,Tracheophyta,phylum
Solanum dulcamara-type,Magnoliopsida,class
Solanum dulcamara-type,Solanales,order
Solanum dulcamara-type,Solanaceae,family
Solanum dulcamara-type,Solanum,genus
Empetrum nigrum-type,Plantae,kingdom
Empetrum nigrum-type,Tracheophyta,phylum
Empetrum nigrum-type,Magnoliopsida,class
Empetrum nigrum-type,Ericales,order
Empetrum nigrum-type,Ericaceae,family
Empetrum nigrum-type,Empetrum,genus
Prunella vulgaris-type,Animalia,kingdom
Prunella vulgaris-type,Chordata,phylum
Prunella vulgaris-type,Aves,class
Prunella vulgaris-type,Passeriformes,order
Prunella vulgaris-type,Prunellidae,family
Prunella vulgaris-type,Prunella,genus
Prunella vulgaris-type,Plantae,kingdom
Prunella vulgaris-type,Tracheophyta,phylum
Prunella vulgaris-type,Magnoliopsida,class
Prunella vulgaris-type,Lamiales,order
Prunella vulgaris-type,Lamiaceae,family
Prunella vulgaris-type,Prunella,genus
Amaranthaceae (small),Plantae,kingdom
Amaranthaceae (small),Tracheophyta,phylum
Amaranthaceae (small),Magnoliopsida,class
Amaranthaceae (small),Caryophyllales,order
Amaranthaceae (small),Amaranthaceae,family
Apiaceae (apiculate),Plantae,kingdom
Apiaceae (apiculate),Tracheophyta,phylum
Apiaceae (apiculate),Magnoliopsida,class
Apiaceae (apiculate),Apiales,order
Apiaceae (apiculate),Apiaceae,family
Apiaceae (large),Plantae,kingdom
Apiaceae (large),Tracheophyta,phylum
Apiaceae (large),Magnoliopsida,class
Apiaceae (large),Apiales,order
Apiaceae (large),Apiaceae,family
Apiaceae (medium),Plantae,kingdom
Apiaceae (medium),Tracheophyta,phylum
Apiaceae (medium),Magnoliopsida,class
Apiaceae (medium),Apiales,order
Apiaceae (medium),Apiaceae,family
Apiaceae (small),Plantae,kingdom
Apiaceae (small),Tracheophyta,phylum
Apiaceae (small),Magnoliopsida,class
Apiaceae (small),Apiales,order
Apiaceae (small),Apiaceae,family
Caryophyllaceae (large),Plantae,kingdom
Caryophyllaceae (large),Tracheophyta,phylum
Caryophyllaceae (large),Magnoliopsida,class
Caryophyllaceae (large),Caryophyllales,order
Caryophyllaceae (large),Caryophyllaceae,family
Caryophyllaceae (small),Plantae,kingdom
Caryophyllaceae (small),Tracheophyta,phylum
Caryophyllaceae (small),Magnoliopsida,class
Caryophyllaceae (small),Caryophyllales,order
Caryophyllaceae (small),Caryophyllaceae,family
Pinus (large),Plantae,kingdom
Pinus (large),Tracheophyta,phylum
Pinus (large),Pinopsida,class
Pinus (large),Pinales,order
Pinus (large),Pinaceae,family
Pinus (large),Pinus,genus
Pinus (small),Plantae,kingdom
Pinus (small),Tracheophyta,phylum
Pinus (small),Pinopsida,class
Pinus (small),Pinales,order
Pinus (small),Pinaceae,family
Pinus (small),Pinus,genus
Poaceae (small),Plantae,kingdom
Poaceae (small),Tracheophyta,phylum
Poaceae (small),Liliopsida,class
Poaceae (small),Poales,order
Poaceae (small),Poaceae,family
Quercus rotundifolia,Plantae,kingdom
Quercus rotundifolia,Tracheophyta,phylum
Quercus rotundifolia,Magnoliopsida,class
Quercus rotundifolia,Fagales,order
Quercus rotundifolia,Fagaceae,family
Quercus rotundifolia,Quercus,genus
Quercus rotundifolia,Quercus rotundifolia,species
Symphoricarpos,Plantae,kingdom
Symphoricarpos,Tracheophyta,phylum
Symphoricarpos,Magnoliopsida,class
Symphoricarpos,Dipsacales,order
Symphoricarpos,Caprifoliaceae,family
Symphoricarpos,Symphoricarpos,genus
Lotus maritimus,Plantae,kingdom
Lotus maritimus,Tracheophyta,phylum
Lotus maritimus,Magnoliopsida,class
Lotus maritimus,Fabales,order
Lotus maritimus,Fabaceae,family
Lotus maritimus,Lotus,genus
Lotus maritimus,Lotus maritimus,species
Trifolium pannonicum,Plantae,kingdom
Trifolium pannonicum,Tracheophyta,phylum
Trifolium pannonicum,Magnoliopsida,class
Trifolium pannonicum,Fabales,order
Trifolium pannonicum,Fabaceae,family
Trifolium pannonicum,Trifolium,genus
Trifolium pannonicum,Trifolium pannonicum,species
"Poaceae (Cerealia-type, indeterminable)",Plantae,kingdom
"Poaceae (Cerealia-type, indeterminable)",Tracheophyta,phylum
"Poaceae (Cerealia-type, indeterminable)",Liliopsida,class
"Poaceae (Cerealia-type, indeterminable)",Poales,order
"Poaceae (Cerealia-type, indeterminable)",Poaceae,family
Centaurea pro parte,Plantae,kingdom
Centaurea pro parte,Tracheophyta,phylum
Centaurea pro parte,Magnoliopsida,class
Centaurea pro parte,Asterales,order
Centaurea pro parte,Asteraceae,family
Centaurea pro parte,Centaurea,genus
Cistus pro parte,Plantae,kingdom
Cistus pro parte,Tracheophyta,phylum
Cistus pro parte,Magnoliopsida,class
Cistus pro parte,Malvales,order
Cistus pro parte,Cistaceae,family
Cistus pro parte,Cistus,genus
Plantago altissima-type,Plantae,kingdom
Plantago altissima-type,Tracheophyta,phylum
Plantago altissima-type,Magnoliopsida,class
Plantago altissima-type,Lamiales,order
Plantago altissima-type,Plantaginaceae,family
Plantago altissima-type,Plantago,genus
Plantago argentea-type,Plantae,kingdom
Plantago argentea-type,Tracheophyta,phylum
Plantago argentea-type,Magnoliopsida,class
Plantago argentea-type,Lamiales,order
Plantago argentea-type,Plantaginaceae,family
Plantago argentea-type,Plantago,genus
Plantago carinata-type,Plantae,kingdom
Plantago carinata-type,Tracheophyta,phylum
Plantago carinata-type,Magnoliopsida,class
Plantago carinata-type,Lamiales,order
Plantago carinata-type,Plantaginaceae,family
Plantago carinata-type,Plantago,genus
Quercus pro parte,Plantae,kingdom
Quercus pro parte,Tracheophyta,phylum
Quercus pro parte,Magnoliopsida,class
Quercus pro parte,Fagales,order
Quercus pro parte,Fagaceae,family
Quercus pro parte,Quercus,genus
Alnus viridis subsp. suaveolens,Plantae,kingdom
Alnus viridis subsp. suaveolens,Tracheophyta,phylum
Alnus viridis subsp. suaveolens,Magnoliopsida,class
Alnus viridis subsp. suaveolens,Fagales,order
Alnus viridis subsp. suaveolens,Betulaceae,family
Alnus viridis subsp. suaveolens,Alnus,genus
Alnus viridis subsp. suaveolens,Alnus alnobetula,species
Alnus viridis subsp. suaveolens,Alnus viridis suaveolens,subspecies
Pinus laricio,Plantae,kingdom
Pinus laricio,Plantae,kingdom
Pinus laricio,Tracheophyta,phylum
Pinus laricio,Tracheophyta,phylum
Pinus laricio,Pinopsida,class
Pinus laricio,Pinopsida,class
Pinus laricio,Pinales,order
Pinus laricio,Pinales,order
Pinus laricio,Pinaceae,family
Pinus laricio,Pinaceae,family
Pinus laricio,Pinus,genus
Pinus laricio,Pinus,genus
Pinus laricio,Pinus pinaster,species
Pinus laricio,Pinus pinaster,species
Pinus laricio,Plantae,kingdom
Pinus laricio,Plantae,kingdom
Pinus laricio,Tracheophyta,phylum
Pinus laricio,Tracheophyta,phylum
Pinus laricio,Pinopsida,class
Pinus laricio,Pinopsida,class
Pinus laricio,Pinales,order
Pinus laricio,Pinales,order
Pinus laricio,Pinaceae,family
Pinus laricio,Pinaceae,family
Pinus laricio,Pinus,genus
Pinus laricio,Pinus,genus
Pinus laricio,Pinus nigra,species
Pinus laricio,Pinus nigra,species
Pinus maritima,Plantae,kingdom
Pinus maritima,Plantae,kingdom
Pinus maritima,Plantae,kingdom
Pinus maritima,Tracheophyta,phylum
Pinus maritima,Tracheophyta,phylum
Pinus maritima,Tracheophyta,phylum
Pinus maritima,Pinopsida,class
Pinus maritima,Pinopsida,class
Pinus maritima,Pinopsida,class
Pinus maritima,Pinales,order
Pinus maritima,Pinales,order
Pinus maritima,Pinales,order
Pinus maritima,Pinaceae,family
Pinus maritima,Pinaceae,family
Pinus maritima,Pinaceae,family
Pinus maritima,Pinus,genus
Pinus maritima,Pinus,genus
Pinus maritima,Pinus,genus
Pinus maritima,Pinus halepensis,species
Pinus maritima,Pinus halepensis,species
Pinus maritima,Pinus halepensis,species
Pinus maritima,Plantae,kingdom
Pinus maritima,Plantae,kingdom
Pinus maritima,Plantae,kingdom
Pinus maritima,Tracheophyta,phylum
Pinus maritima,Tracheophyta,phylum
Pinus maritima,Tracheophyta,phylum
Pinus maritima,Pinopsida,class
Pinus maritima,Pinopsida,class
Pinus maritima,Pinopsida,class
Pinus maritima,Pinales,order
Pinus maritima,Pinales,order
Pinus maritima,Pinales,order
Pinus maritima,Pinaceae,family
Pinus maritima,Pinaceae,family
Pinus maritima,Pinaceae,family
Pinus maritima,Pinus,genus
Pinus maritima,Pinus,genus
Pinus maritima,Pinus,genus
Pinus maritima,Pinus pinaster,species
Pinus maritima,Pinus pinaster,species
Pinus maritima,Pinus pinaster,species
Pinus maritima,Plantae,kingdom
Pinus maritima,Plantae,kingdom
Pinus maritima,Plantae,kingdom
Pinus maritima,Tracheophyta,phylum
Pinus maritima,Tracheophyta,phylum
Pinus maritima,Tracheophyta,phylum
Pinus maritima,Pinopsida,class
Pinus maritima,Pinopsida,class
Pinus maritima,Pinopsida,class
Pinus maritima,Pinales,order
Pinus maritima,Pinales,order
Pinus maritima,Pinales,order
Pinus maritima,Pinaceae,family
Pinus maritima,Pinaceae,family
Pinus maritima,Pinaceae,family
Pinus maritima,Pinus,genus
Pinus maritima,Pinus,genus
Pinus maritima,Pinus,genus
Pinus maritima,Pinus halepensis,species
Pinus maritima,Pinus halepensis,species
Pinus maritima,Pinus halepensis,species
Coriaria myrtifolia,Plantae,kingdom
Coriaria myrtifolia,Tracheophyta,phylum
Coriaria myrtifolia,Magnoliopsida,class
Coriaria myrtifolia,Cucurbitales,order
Coriaria myrtifolia,Coriariaceae,family
Coriaria myrtifolia,Coriaria,genus
Coriaria myrtifolia,Coriaria myrtifolia,species
Linum cf. L. usitatissimum,Plantae,kingdom
Linum cf. L. usitatissimum,Tracheophyta,phylum
Linum cf. L. usitatissimum,Magnoliopsida,class
Linum cf. L. usitatissimum,Malpighiales,order
Linum cf. L. usitatissimum,Linaceae,family
Linum cf. L. usitatissimum,Linum,genus
Papaver rhoeas,Plantae,kingdom
Papaver rhoeas,Tracheophyta,phylum
Papaver rhoeas,Magnoliopsida,class
Papaver rhoeas,Ranunculales,order
Papaver rhoeas,Papaveraceae,family
Papaver rhoeas,Papaver,genus
Papaver rhoeas,Papaver rhoeas,species
Convolvulaceae undiff.,Plantae,kingdom
Convolvulaceae undiff.,Tracheophyta,phylum
Convolvulaceae undiff.,Magnoliopsida,class
Convolvulaceae undiff.,Solanales,order
Convolvulaceae undiff.,Convolvulaceae,family
Cornus subg. Thelycrania,Plantae,kingdom
Cornus subg. Thelycrania,Tracheophyta,phylum
Cornus subg. Thelycrania,Magnoliopsida,class
Cornus subg. Thelycrania,Cornales,order
Cornus subg. Thelycrania,Cornaceae,family
Cornus subg. Thelycrania,Cornus,genus
Lythraceae undiff.,Plantae,kingdom
Lythraceae undiff.,Tracheophyta,phylum
Lythraceae undiff.,Magnoliopsida,class
Lythraceae undiff.,Myrtales,order
Lythraceae undiff.,Lythraceae,family
Cousinia,Plantae,kingdom
Cousinia,Tracheophyta,phylum
Cousinia,Magnoliopsida,class
Cousinia,Asterales,order
Cousinia,Asteraceae,family
Cousinia,Cousinia,genus
Lomelosia rotata-type,Plantae,kingdom
Lomelosia rotata-type,Tracheophyta,phylum
Lomelosia rotata-type,Magnoliopsida,class
Lomelosia rotata-type,Dipsacales,order
Lomelosia rotata-type,Caprifoliaceae,family
Lomelosia rotata-type,Lomelosia,genus
Arctous alpina/A. rubra,Plantae,kingdom
Arctous alpina/A. rubra,Tracheophyta,phylum
Arctous alpina/A. rubra,Magnoliopsida,class
Arctous alpina/A. rubra,Ericales,order
Arctous alpina/A. rubra,Ericaceae,family
Arctous alpina/A. rubra,Arctous,genus
Elaeagnus commutata,Plantae,kingdom
Elaeagnus commutata,Tracheophyta,phylum
Elaeagnus commutata,Magnoliopsida,class
Elaeagnus commutata,Rosales,order
Elaeagnus commutata,Elaeagnaceae,family
Elaeagnus commutata,Elaeagnus,genus
Elaeagnus commutata,Elaeagnus commutata,species
Picea glauca,Plantae,kingdom
Picea glauca,Tracheophyta,phylum
Picea glauca,Pinopsida,class
Picea glauca,Pinales,order
Picea glauca,Pinaceae,family
Picea glauca,Picea,genus
Picea glauca,Picea glauca,species
Picea mariana,Plantae,kingdom
Picea mariana,Tracheophyta,phylum
Picea mariana,Pinopsida,class
Picea mariana,Pinales,order
Picea mariana,Pinaceae,family
Picea mariana,Picea,genus
Picea mariana,Picea mariana,species
Iva annua,Plantae,kingdom
Iva annua,Tracheophyta,phylum
Iva annua,Magnoliopsida,class
Iva annua,Asterales,order
Iva annua,Asteraceae,family
Iva annua,Iva,genus
Iva annua,Iva annua,species
Cassiope,Plantae,kingdom
Cassiope,Tracheophyta,phylum
Cassiope,Magnoliopsida,class
Cassiope,Ericales,order
Cassiope,Ericaceae,family
Cassiope,Cassiope,genus
Cassiope,Animalia,kingdom
Cassiope,Mollusca,phylum
Cassiope,Gastropoda,class
Cassiope,Cassiopidae,family
Cassiope,Cassiope,genus
Cnidium,Plantae,kingdom
Cnidium,Tracheophyta,phylum
Cnidium,Magnoliopsida,class
Cnidium,Apiales,order
Cnidium,Apiaceae,family
Cnidium,Cnidium,genus
Dodecatheon,Plantae,kingdom
Dodecatheon,Tracheophyta,phylum
Dodecatheon,Magnoliopsida,class
Dodecatheon,Ericales,order
Dodecatheon,Primulaceae,family
Dodecatheon,Dodecatheon,genus
Douglasia,Plantae,kingdom
Douglasia,Tracheophyta,phylum
Douglasia,Magnoliopsida,class
Douglasia,Ericales,order
Douglasia,Primulaceae,family
Douglasia,Androsace,genus
Douglasia,Animalia,kingdom
Douglasia,Arthropoda,phylum
Douglasia,Insecta,class
Douglasia,Lepidoptera,order
Douglasia,Douglasiidae,family
Douglasia,Tinagma,genus
Lagotis glauca,Plantae,kingdom
Lagotis glauca,Tracheophyta,phylum
Lagotis glauca,Magnoliopsida,class
Lagotis glauca,Lamiales,order
Lagotis glauca,Plantaginaceae,family
Lagotis glauca,Lagotis,genus
Lagotis glauca,Lagotis glauca,species
Lesquerella,Plantae,kingdom
Lesquerella,Tracheophyta,phylum
Lesquerella,Magnoliopsida,class
Lesquerella,Brassicales,order
Lesquerella,Brassicaceae,family
Lesquerella,Physaria,genus
Pedicularis lanceolata,Plantae,kingdom
Pedicularis lanceolata,Tracheophyta,phylum
Pedicularis lanceolata,Magnoliopsida,class
Pedicularis lanceolata,Lamiales,order
Pedicularis lanceolata,Orobanchaceae,family
Pedicularis lanceolata,Pedicularis,genus
Pedicularis lanceolata,Pedicularis lanceolata,species
Plantago canescens,Plantae,kingdom
Plantago canescens,Tracheophyta,phylum
Plantago canescens,Magnoliopsida,class
Plantago canescens,Lamiales,order
Plantago canescens,Plantaginaceae,family
Plantago canescens,Plantago,genus
Plantago canescens,Plantago canescens,species
Mertensia,Animalia,kingdom
Mertensia,Ctenophora,phylum
Mertensia,Tentaculata,class
Mertensia,Cydippida,order
Mertensia,Mertensiidae,family
Mertensia,Mertensia,genus
Mertensia,Plantae,kingdom
Mertensia,Tracheophyta,phylum
Mertensia,Magnoliopsida,class
Mertensia,Boraginales,order
Mertensia,Boraginaceae,family
Mertensia,Mertensia,genus
Acer cf. A. negundo,Plantae,kingdom
Acer cf. A. negundo,Tracheophyta,phylum
Acer cf. A. negundo,Magnoliopsida,class
Acer cf. A. negundo,Sapindales,order
Acer cf. A. negundo,Sapindaceae,family
Acer cf. A. negundo,Acer,genus
Lewisia,Plantae,kingdom
Lewisia,Tracheophyta,phylum
Lewisia,Magnoliopsida,class
Lewisia,Caryophyllales,order
Lewisia,Montiaceae,family
Lewisia,Lewisia,genus
Lewisia,Animalia,kingdom
Lewisia,Mollusca,phylum
Lewisia,Gastropoda,class
Lewisia,Cycloneritida,order
Lewisia,Helicinidae,family
Lewisia,Lewisia,genus
Polygonum californicum-type,Plantae,kingdom
Polygonum californicum-type,Tracheophyta,phylum
Polygonum californicum-type,Magnoliopsida,class
Polygonum californicum-type,Caryophyllales,order
Polygonum californicum-type,Polygonaceae,family
Polygonum californicum-type,Polygonum,genus
Cornus canadensis,Plantae,kingdom
Cornus canadensis,Tracheophyta,phylum
Cornus canadensis,Magnoliopsida,class
Cornus canadensis,Cornales,order
Cornus canadensis,Cornaceae,family
Cornus canadensis,Cornus,genus
Cornus canadensis,Cornus canadensis,species
Cornus racemosa,Plantae,kingdom
Cornus racemosa,Tracheophyta,phylum
Cornus racemosa,Magnoliopsida,class
Cornus racemosa,Cornales,order
Cornus racemosa,Cornaceae,family
Cornus racemosa,Cornus,genus
Cornus racemosa,Cornus racemosa,species
Fraxinus nigra,Plantae,kingdom
Fraxinus nigra,Tracheophyta,phylum
Fraxinus nigra,Magnoliopsida,class
Fraxinus nigra,Lamiales,order
Fraxinus nigra,Oleaceae,family
Fraxinus nigra,Fraxinus,genus
Fraxinus nigra,Fraxinus nigra,species
Fraxinus pennsylvanica,Plantae,kingdom
Fraxinus pennsylvanica,Tracheophyta,phylum
Fraxinus pennsylvanica,Magnoliopsida,class
Fraxinus pennsylvanica,Lamiales,order
Fraxinus pennsylvanica,Oleaceae,family
Fraxinus pennsylvanica,Fraxinus,genus
Fraxinus pennsylvanica,Fraxinus pennsylvanica,species
Pinus contorta,Plantae,kingdom
Pinus contorta,Tracheophyta,phylum
Pinus contorta,Pinopsida,class
Pinus contorta,Pinales,order
Pinus contorta,Pinaceae,family
Pinus contorta,Pinus,genus
Pinus contorta,Pinus contorta,species
Acer circinatum-type,Plantae,kingdom
Acer circinatum-type,Tracheophyta,phylum
Acer circinatum-type,Magnoliopsida,class
Acer circinatum-type,Sapindales,order
Acer circinatum-type,Sapindaceae,family
Acer circinatum-type,Acer,genus
Acer macrophyllum-type,Plantae,kingdom
Acer macrophyllum-type,Tracheophyta,phylum
Acer macrophyllum-type,Magnoliopsida,class
Acer macrophyllum-type,Sapindales,order
Acer macrophyllum-type,Sapindaceae,family
Acer macrophyllum-type,Acer,genus
Bistorta bistortoides-type,Plantae,kingdom
Bistorta bistortoides-type,Tracheophyta,phylum
Bistorta bistortoides-type,Magnoliopsida,class
Bistorta bistortoides-type,Caryophyllales,order
Bistorta bistortoides-type,Polygonaceae,family
Bistorta bistortoides-type,Bistorta,genus
Cornus canadensis-type,Plantae,kingdom
Cornus canadensis-type,Tracheophyta,phylum
Cornus canadensis-type,Magnoliopsida,class
Cornus canadensis-type,Cornales,order
Cornus canadensis-type,Cornaceae,family
Cornus canadensis-type,Cornus,genus
Lysichiton,Plantae,kingdom
Lysichiton,Tracheophyta,phylum
Lysichiton,Liliopsida,class
Lysichiton,Alismatales,order
Lysichiton,Araceae,family
Lysichiton,Lysichiton,genus
Alnus (pentaporate),Plantae,kingdom
Alnus (pentaporate),Tracheophyta,phylum
Alnus (pentaporate),Magnoliopsida,class
Alnus (pentaporate),Fagales,order
Alnus (pentaporate),Betulaceae,family
Alnus (pentaporate),Alnus,genus
Alnus (tetraporate),Plantae,kingdom
Alnus (tetraporate),Tracheophyta,phylum
Alnus (tetraporate),Magnoliopsida,class
Alnus (tetraporate),Fagales,order
Alnus (tetraporate),Betulaceae,family
Alnus (tetraporate),Alnus,genus
Amorpha,Animalia,kingdom
Amorpha,Arthropoda,phylum
Amorpha,Insecta,class
Amorpha,Lepidoptera,order
Amorpha,Sphingidae,family
Amorpha,Amorpha,genus
Amorpha,Plantae,kingdom
Amorpha,Tracheophyta,phylum
Amorpha,Magnoliopsida,class
Amorpha,Fabales,order
Amorpha,Fabaceae,family
Amorpha,Amorpha,genus
Gilia,Animalia,kingdom
Gilia,Cnidaria,phylum
Gilia,Hydrozoa,class
Gilia,Siphonophorae,order
Gilia,Diphyidae,family
Gilia,Gilia,genus
Gilia,Plantae,kingdom
Gilia,Tracheophyta,phylum
Gilia,Magnoliopsida,class
Gilia,Ericales,order
Gilia,Polemoniaceae,family
Gilia,Gilia,genus
Pedicularis contorta-type,Plantae,kingdom
Pedicularis contorta-type,Tracheophyta,phylum
Pedicularis contorta-type,Magnoliopsida,class
Pedicularis contorta-type,Lamiales,order
Pedicularis contorta-type,Orobanchaceae,family
Pedicularis contorta-type,Pedicularis,genus
Pedicularis groenlandica-type,Plantae,kingdom
Pedicularis groenlandica-type,Tracheophyta,phylum
Pedicularis groenlandica-type,Magnoliopsida,class
Pedicularis groenlandica-type,Lamiales,order
Pedicularis groenlandica-type,Orobanchaceae,family
Pedicularis groenlandica-type,Pedicularis,genus
Polygonum californicum,Plantae,kingdom
Polygonum californicum,Tracheophyta,phylum
Polygonum californicum,Magnoliopsida,class
Polygonum californicum,Caryophyllales,order
Polygonum californicum,Polygonaceae,family
Polygonum californicum,Polygonum,genus
Polygonum californicum,Polygonum californicum,species
Ribes lacustre,Plantae,kingdom
Ribes lacustre,Tracheophyta,phylum
Ribes lacustre,Magnoliopsida,class
Ribes lacustre,Saxifragales,order
Ribes lacustre,Grossulariaceae,family
Ribes lacustre,Ribes,genus
Ribes lacustre,Ribes lacustre,species
Ribes montigenum,Plantae,kingdom
Ribes montigenum,Tracheophyta,phylum
Ribes montigenum,Magnoliopsida,class
Ribes montigenum,Saxifragales,order
Ribes montigenum,Grossulariaceae,family
Ribes montigenum,Ribes,genus
Ribes montigenum,Ribes montigenum,species
Ribes undiff.,Plantae,kingdom
Ribes undiff.,Tracheophyta,phylum
Ribes undiff.,Magnoliopsida,class
Ribes undiff.,Saxifragales,order
Ribes undiff.,Grossulariaceae,family
Ribes undiff.,Ribes,genus
Juglans cinerea-type,Plantae,kingdom
Juglans cinerea-type,Tracheophyta,phylum
Juglans cinerea-type,Magnoliopsida,class
Juglans cinerea-type,Fagales,order
Juglans cinerea-type,Juglandaceae,family
Juglans cinerea-type,Juglans,genus
Pinus banksiana/P. resinosa,Plantae,kingdom
Pinus banksiana/P. resinosa,Tracheophyta,phylum
Pinus banksiana/P. resinosa,Pinopsida,class
Pinus banksiana/P. resinosa,Pinales,order
Pinus banksiana/P. resinosa,Pinaceae,family
Pinus banksiana/P. resinosa,Pinus,genus
Zanthoxylum,Plantae,kingdom
Zanthoxylum,Tracheophyta,phylum
Zanthoxylum,Magnoliopsida,class
Zanthoxylum,Sapindales,order
Zanthoxylum,Rutaceae,family
Zanthoxylum,Zanthoxylum,genus
Acer saccharinum,Plantae,kingdom
Acer saccharinum,Tracheophyta,phylum
Acer saccharinum,Magnoliopsida,class
Acer saccharinum,Sapindales,order
Acer saccharinum,Sapindaceae,family
Acer saccharinum,Acer,genus
Acer saccharinum,Acer saccharinum,species
Cornus florida,Plantae,kingdom
Cornus florida,Tracheophyta,phylum
Cornus florida,Magnoliopsida,class
Cornus florida,Cornales,order
Cornus florida,Cornaceae,family
Cornus florida,Cornus,genus
Cornus florida,Cornus florida,species
Itea,Plantae,kingdom
Itea,Tracheophyta,phylum
Itea,Magnoliopsida,class
Itea,Saxifragales,order
Itea,Iteaceae,family
Itea,Itea,genus
Juglans undiff.,Plantae,kingdom
Juglans undiff.,Tracheophyta,phylum
Juglans undiff.,Magnoliopsida,class
Juglans undiff.,Fagales,order
Juglans undiff.,Juglandaceae,family
Juglans undiff.,Juglans,genus
Liriodendron,Plantae,kingdom
Liriodendron,Tracheophyta,phylum
Liriodendron,Magnoliopsida,class
Liriodendron,Magnoliales,order
Liriodendron,Magnoliaceae,family
Liriodendron,Liriodendron,genus
Persicaria hydropiper-type,Plantae,kingdom
Persicaria hydropiper-type,Tracheophyta,phylum
Persicaria hydropiper-type,Magnoliopsida,class
Persicaria hydropiper-type,Caryophyllales,order
Persicaria hydropiper-type,Polygonaceae,family
Persicaria hydropiper-type,Persicaria,genus
Sanguisorba canadensis,Plantae,kingdom
Sanguisorba canadensis,Tracheophyta,phylum
Sanguisorba canadensis,Magnoliopsida,class
Sanguisorba canadensis,Rosales,order
Sanguisorba canadensis,Rosaceae,family
Sanguisorba canadensis,Sanguisorba,genus
Sanguisorba canadensis,Sanguisorba canadensis,species
Ephedra torreyana-type,Plantae,kingdom
Ephedra torreyana-type,Tracheophyta,phylum
Ephedra torreyana-type,Gnetopsida,class
Ephedra torreyana-type,Ephedrales,order
Ephedra torreyana-type,Ephedraceae,family
Ephedra torreyana-type,Ephedra,genus
Lamiaceae cf. Stachys,Plantae,kingdom
Lamiaceae cf. Stachys,Tracheophyta,phylum
Lamiaceae cf. Stachys,Magnoliopsida,class
Lamiaceae cf. Stachys,Lamiales,order
Lamiaceae cf. Stachys,Lamiaceae,family
Dalea candida,Plantae,kingdom
Dalea candida,Tracheophyta,phylum
Dalea candida,Magnoliopsida,class
Dalea candida,Fabales,order
Dalea candida,Fabaceae,family
Dalea candida,Dalea,genus
Dalea candida,Dalea candida,species
Dalea purpurea-type,Plantae,kingdom
Dalea purpurea-type,Tracheophyta,phylum
Dalea purpurea-type,Magnoliopsida,class
Dalea purpurea-type,Fabales,order
Dalea purpurea-type,Fabaceae,family
Dalea purpurea-type,Dalea,genus
Pinus banksiana,Plantae,kingdom
Pinus banksiana,Tracheophyta,phylum
Pinus banksiana,Pinopsida,class
Pinus banksiana,Pinales,order
Pinus banksiana,Pinaceae,family
Pinus banksiana,Pinus,genus
Pinus banksiana,Pinus banksiana,species
Micranthes foliolosa-type,Plantae,kingdom
Micranthes foliolosa-type,Tracheophyta,phylum
Micranthes foliolosa-type,Magnoliopsida,class
Micranthes foliolosa-type,Saxifragales,order
Micranthes foliolosa-type,Saxifragaceae,family
Micranthes foliolosa-type,Micranthes,genus
Micranthes hieraciifolia-type,Plantae,kingdom
Micranthes hieraciifolia-type,Tracheophyta,phylum
Micranthes hieraciifolia-type,Magnoliopsida,class
Micranthes hieraciifolia-type,Saxifragales,order
Micranthes hieraciifolia-type,Saxifragaceae,family
Micranthes hieraciifolia-type,Micranthes,genus
Plantago canescens-type,Plantae,kingdom
Plantago canescens-type,Tracheophyta,phylum
Plantago canescens-type,Magnoliopsida,class
Plantago canescens-type,Lamiales,order
Plantago canescens-type,Plantaginaceae,family
Plantago canescens-type,Plantago,genus
Saxifraga tricuspidata-type,Plantae,kingdom
Saxifraga tricuspidata-type,Tracheophyta,phylum
Saxifraga tricuspidata-type,Magnoliopsida,class
Saxifraga tricuspidata-type,Saxifragales,order
Saxifraga tricuspidata-type,Saxifragaceae,family
Saxifraga tricuspidata-type,Saxifraga,genus
Micranthes foliolosa,Plantae,kingdom
Micranthes foliolosa,Tracheophyta,phylum
Micranthes foliolosa,Magnoliopsida,class
Micranthes foliolosa,Saxifragales,order
Micranthes foliolosa,Saxifragaceae,family
Micranthes foliolosa,Micranthes,genus
Micranthes foliolosa,Micranthes foliolosa,species
Fraxinus americana,Plantae,kingdom
Fraxinus americana,Tracheophyta,phylum
Fraxinus americana,Magnoliopsida,class
Fraxinus americana,Lamiales,order
Fraxinus americana,Oleaceae,family
Fraxinus americana,Fraxinus,genus
Fraxinus americana,Fraxinus americana,species
Myricaceae undiff.,Plantae,kingdom
Myricaceae undiff.,Tracheophyta,phylum
Myricaceae undiff.,Magnoliopsida,class
Myricaceae undiff.,Fagales,order
Myricaceae undiff.,Myricaceae,family
Picea cf. P. glauca,Plantae,kingdom
Picea cf. P. glauca,Tracheophyta,phylum
Picea cf. P. glauca,Pinopsida,class
Picea cf. P. glauca,Pinales,order
Picea cf. P. glauca,Pinaceae,family
Picea cf. P. glauca,Picea,genus
Picea cf. P. mariana,Plantae,kingdom
Picea cf. P. mariana,Tracheophyta,phylum
Picea cf. P. mariana,Pinopsida,class
Picea cf. P. mariana,Pinales,order
Picea cf. P. mariana,Pinaceae,family
Picea cf. P. mariana,Picea,genus
Pinus det. P. banksiana/P. resinosa,Plantae,kingdom
Pinus det. P. banksiana/P. resinosa,Tracheophyta,phylum
Pinus det. P. banksiana/P. resinosa,Pinopsida,class
Pinus det. P. banksiana/P. resinosa,Pinales,order
Pinus det. P. banksiana/P. resinosa,Pinaceae,family
Pinus det. P. banksiana/P. resinosa,Pinus,genus
Pinus det. P. strobus,Plantae,kingdom
Pinus det. P. strobus,Tracheophyta,phylum
Pinus det. P. strobus,Pinopsida,class
Pinus det. P. strobus,Pinales,order
Pinus det. P. strobus,Pinaceae,family
Pinus det. P. strobus,Pinus,genus
Abies lasiocarpa,Plantae,kingdom
Abies lasiocarpa,Tracheophyta,phylum
Abies lasiocarpa,Pinopsida,class
Abies lasiocarpa,Pinales,order
Abies lasiocarpa,Pinaceae,family
Abies lasiocarpa,Abies,genus
Abies lasiocarpa,Abies lasiocarpa,species
Acer glabrum,Plantae,kingdom
Acer glabrum,Tracheophyta,phylum
Acer glabrum,Magnoliopsida,class
Acer glabrum,Sapindales,order
Acer glabrum,Sapindaceae,family
Acer glabrum,Acer,genus
Acer glabrum,Acer glabrum,species
Agoseris glauca-type,Plantae,kingdom
Agoseris glauca-type,Tracheophyta,phylum
Agoseris glauca-type,Magnoliopsida,class
Agoseris glauca-type,Asterales,order
Agoseris glauca-type,Asteraceae,family
Agoseris glauca-type,Agoseris,genus
Cornus sericea,Plantae,kingdom
Cornus sericea,Tracheophyta,phylum
Cornus sericea,Magnoliopsida,class
Cornus sericea,Cornales,order
Cornus sericea,Cornaceae,family
Cornus sericea,Cornus,genus
Cornus sericea,Cornus sericea,species
Solidago canadensis,Plantae,kingdom
Solidago canadensis,Tracheophyta,phylum
Solidago canadensis,Magnoliopsida,class
Solidago canadensis,Asterales,order
Solidago canadensis,Asteraceae,family
Solidago canadensis,Solidago,genus
Solidago canadensis,Solidago canadensis,species
Betula (shrub),Plantae,kingdom
Betula (shrub),Tracheophyta,phylum
Betula (shrub),Magnoliopsida,class
Betula (shrub),Fagales,order
Betula (shrub),Betulaceae,family
Betula (shrub),Betula,genus
Betula (small),Plantae,kingdom
Betula (small),Tracheophyta,phylum
Betula (small),Magnoliopsida,class
Betula (small),Fagales,order
Betula (small),Betulaceae,family
Betula (small),Betula,genus
Pinus subg. Pinus undiff.,Plantae,kingdom
Pinus subg. Pinus undiff.,Tracheophyta,phylum
Pinus subg. Pinus undiff.,Pinopsida,class
Pinus subg. Pinus undiff.,Pinales,order
Pinus subg. Pinus undiff.,Pinaceae,family
Pinus subg. Pinus undiff.,Pinus,genus
Acer macrophyllum,Plantae,kingdom
Acer macrophyllum,Tracheophyta,phylum
Acer macrophyllum,Magnoliopsida,class
Acer macrophyllum,Sapindales,order
Acer macrophyllum,Sapindaceae,family
Acer macrophyllum,Acer,genus
Acer macrophyllum,Acer macrophyllum,species
Alnus rubra,Plantae,kingdom
Alnus rubra,Tracheophyta,phylum
Alnus rubra,Magnoliopsida,class
Alnus rubra,Fagales,order
Alnus rubra,Betulaceae,family
Alnus rubra,Alnus,genus
Alnus rubra,Alnus rubra,species
Alnus viridis subsp. sinuata,Plantae,kingdom
Alnus viridis subsp. sinuata,Tracheophyta,phylum
Alnus viridis subsp. sinuata,Magnoliopsida,class
Alnus viridis subsp. sinuata,Fagales,order
Alnus viridis subsp. sinuata,Betulaceae,family
Alnus viridis subsp. sinuata,Alnus,genus
Alnus viridis subsp. sinuata,Alnus alnobetula,species
Alnus viridis subsp. sinuata,Alnus viridis sinuata,subspecies
Alnus (hexaporate),Plantae,kingdom
Alnus (hexaporate),Tracheophyta,phylum
Alnus (hexaporate),Magnoliopsida,class
Alnus (hexaporate),Fagales,order
Alnus (hexaporate),Betulaceae,family
Alnus (hexaporate),Alnus,genus
Chrysolepis,Plantae,kingdom
Chrysolepis,Tracheophyta,phylum
Chrysolepis,Magnoliopsida,class
Chrysolepis,Fagales,order
Chrysolepis,Fagaceae,family
Chrysolepis,Chrysolepis,genus
Nyctaginaceae,Plantae,kingdom
Nyctaginaceae,Tracheophyta,phylum
Nyctaginaceae,Magnoliopsida,class
Nyctaginaceae,Caryophyllales,order
Nyctaginaceae,Nyctaginaceae,family
Onagraceae undiff.,Plantae,kingdom
Onagraceae undiff.,Tracheophyta,phylum
Onagraceae undiff.,Magnoliopsida,class
Onagraceae undiff.,Myrtales,order
Onagraceae undiff.,Onagraceae,family
Pinus edulis,Plantae,kingdom
Pinus edulis,Tracheophyta,phylum
Pinus edulis,Pinopsida,class
Pinus edulis,Pinales,order
Pinus edulis,Pinaceae,family
Pinus edulis,Pinus,genus
Pinus edulis,Pinus edulis,species
Pinus flexilis,Plantae,kingdom
Pinus flexilis,Tracheophyta,phylum
Pinus flexilis,Pinopsida,class
Pinus flexilis,Pinales,order
Pinus flexilis,Pinaceae,family
Pinus flexilis,Pinus,genus
Pinus flexilis,Pinus flexilis,species
Pinus ponderosa,Plantae,kingdom
Pinus ponderosa,Tracheophyta,phylum
Pinus ponderosa,Pinopsida,class
Pinus ponderosa,Pinales,order
Pinus ponderosa,Pinaceae,family
Pinus ponderosa,Pinus,genus
Pinus ponderosa,Pinus ponderosa,species
Asteroideae (coarse spine),Animalia,kingdom
Asteroideae (coarse spine),Echinodermata,phylum
Asteroideae (coarse spine),Asteroidea,class
Asteroideae (large),Animalia,kingdom
Asteroideae (large),Echinodermata,phylum
Asteroideae (large),Asteroidea,class
Pinus aristata,Plantae,kingdom
Pinus aristata,Tracheophyta,phylum
Pinus aristata,Pinopsida,class
Pinus aristata,Pinales,order
Pinus aristata,Pinaceae,family
Pinus aristata,Pinus,genus
Pinus aristata,Pinus aristata,species
Myricaceae,Plantae,kingdom
Myricaceae,Tracheophyta,phylum
Myricaceae,Magnoliopsida,class
Myricaceae,Fagales,order
Myricaceae,Myricaceae,family
Alnus viridis subsp. crispa-type,Plantae,kingdom
Alnus viridis subsp. crispa-type,Tracheophyta,phylum
Alnus viridis subsp. crispa-type,Magnoliopsida,class
Alnus viridis subsp. crispa-type,Fagales,order
Alnus viridis subsp. crispa-type,Betulaceae,family
Alnus viridis subsp. crispa-type,Alnus,genus
Alnus viridis subsp. crispa-type,Alnus alnobetula,species
Caryophyllaceae cf. Dianthus,Plantae,kingdom
Caryophyllaceae cf. Dianthus,Tracheophyta,phylum
Caryophyllaceae cf. Dianthus,Magnoliopsida,class
Caryophyllaceae cf. Dianthus,Caryophyllales,order
Caryophyllaceae cf. Dianthus,Caryophyllaceae,family
Ranunculus pensylvanicus-type,Plantae,kingdom
Ranunculus pensylvanicus-type,Tracheophyta,phylum
Ranunculus pensylvanicus-type,Magnoliopsida,class
Ranunculus pensylvanicus-type,Ranunculales,order
Ranunculus pensylvanicus-type,Ranunculaceae,family
Ranunculus pensylvanicus-type,Ranunculus,genus
Asteraceae (high spine),Plantae,kingdom
Asteraceae (high spine),Tracheophyta,phylum
Asteraceae (high spine),Magnoliopsida,class
Asteraceae (high spine),Asterales,order
Asteraceae (high spine),Asteraceae,family
Asteraceae (low spine),Plantae,kingdom
Asteraceae (low spine),Tracheophyta,phylum
Asteraceae (low spine),Magnoliopsida,class
Asteraceae (low spine),Asterales,order
Asteraceae (low spine),Asteraceae,family
Fraxinus pennsylvanica/F. americana-type,Plantae,kingdom
Fraxinus pennsylvanica/F. americana-type,Tracheophyta,phylum
Fraxinus pennsylvanica/F. americana-type,Magnoliopsida,class
Fraxinus pennsylvanica/F. americana-type,Lamiales,order
Fraxinus pennsylvanica/F. americana-type,Oleaceae,family
Fraxinus pennsylvanica/F. americana-type,Fraxinus,genus
Acalypha,Plantae,kingdom
Acalypha,Tracheophyta,phylum
Acalypha,Magnoliopsida,class
Acalypha,Malpighiales,order
Acalypha,Euphorbiaceae,family
Acalypha,Acalypha,genus
Chamaecyparis thyoides,Plantae,kingdom
Chamaecyparis thyoides,Tracheophyta,phylum
Chamaecyparis thyoides,Pinopsida,class
Chamaecyparis thyoides,Pinales,order
Chamaecyparis thyoides,Cupressaceae,family
Chamaecyparis thyoides,Chamaecyparis,genus
Chamaecyparis thyoides,Chamaecyparis thyoides,species
Fagaceae,Plantae,kingdom
Fagaceae,Tracheophyta,phylum
Fagaceae,Magnoliopsida,class
Fagaceae,Fagales,order
Fagaceae,Fagaceae,family
Pseudotsuga menziesii,Plantae,kingdom
Pseudotsuga menziesii,Tracheophyta,phylum
Pseudotsuga menziesii,Pinopsida,class
Pseudotsuga menziesii,Pinales,order
Pseudotsuga menziesii,Pinaceae,family
Pseudotsuga menziesii,Pseudotsuga,genus
Pseudotsuga menziesii,Pseudotsuga menziesii,species
Acer circinatum,Plantae,kingdom
Acer circinatum,Tracheophyta,phylum
Acer circinatum,Magnoliopsida,class
Acer circinatum,Sapindales,order
Acer circinatum,Sapindaceae,family
Acer circinatum,Acer,genus
Acer circinatum,Acer circinatum,species
Alnus rubra-type,Plantae,kingdom
Alnus rubra-type,Tracheophyta,phylum
Alnus rubra-type,Magnoliopsida,class
Alnus rubra-type,Fagales,order
Alnus rubra-type,Betulaceae,family
Alnus rubra-type,Alnus,genus
Robinia,Plantae,kingdom
Robinia,Tracheophyta,phylum
Robinia,Magnoliopsida,class
Robinia,Fabales,order
Robinia,Fabaceae,family
Robinia,Robinia,genus
Robinia,Animalia,kingdom
Robinia,Platyhelminthes,phylum
Robinia,Trematoda,class
Robinia,Plagiorchiida,order
Robinia,Hemiuridae,family
Robinia,Robinia,genus
Menispermaceae,Plantae,kingdom
Menispermaceae,Tracheophyta,phylum
Menispermaceae,Magnoliopsida,class
Menispermaceae,Ranunculales,order
Menispermaceae,Menispermaceae,family
Mitella,Plantae,kingdom
Mitella,Tracheophyta,phylum
Mitella,Magnoliopsida,class
Mitella,Saxifragales,order
Mitella,Saxifragaceae,family
Mitella,Mitella,genus
Planera aquatica,Plantae,kingdom
Planera aquatica,Tracheophyta,phylum
Planera aquatica,Magnoliopsida,class
Planera aquatica,Rosales,order
Planera aquatica,Ulmaceae,family
Planera aquatica,Planera,genus
Planera aquatica,Planera aquatica,species
Actaea rubra,Plantae,kingdom
Actaea rubra,Tracheophyta,phylum
Actaea rubra,Magnoliopsida,class
Actaea rubra,Ranunculales,order
Actaea rubra,Ranunculaceae,family
Actaea rubra,Actaea,genus
Actaea rubra,Actaea rubra,species
Mitchella repens,Plantae,kingdom
Mitchella repens,Tracheophyta,phylum
Mitchella repens,Magnoliopsida,class
Mitchella repens,Gentianales,order
Mitchella repens,Rubiaceae,family
Mitchella repens,Mitchella,genus
Mitchella repens,Mitchella repens,species
Allenrolfea occidentalis,Plantae,kingdom
Allenrolfea occidentalis,Tracheophyta,phylum
Allenrolfea occidentalis,Magnoliopsida,class
Allenrolfea occidentalis,Caryophyllales,order
Allenrolfea occidentalis,Amaranthaceae,family
Allenrolfea occidentalis,Allenrolfea,genus
Allenrolfea occidentalis,Allenrolfea occidentalis,species
Ephedra nevadensis,Plantae,kingdom
Ephedra nevadensis,Tracheophyta,phylum
Ephedra nevadensis,Gnetopsida,class
Ephedra nevadensis,Ephedrales,order
Ephedra nevadensis,Ephedraceae,family
Ephedra nevadensis,Ephedra,genus
Ephedra nevadensis,Ephedra nevadensis,species
Ephedra viridis,Plantae,kingdom
Ephedra viridis,Tracheophyta,phylum
Ephedra viridis,Gnetopsida,class
Ephedra viridis,Ephedrales,order
Ephedra viridis,Ephedraceae,family
Ephedra viridis,Ephedra,genus
Ephedra viridis,Ephedra viridis,species
Comarum palustre-type,Plantae,kingdom
Comarum palustre-type,Tracheophyta,phylum
Comarum palustre-type,Magnoliopsida,class
Comarum palustre-type,Rosales,order
Comarum palustre-type,Rosaceae,family
Comarum palustre-type,Comarum,genus
Fagus grandifolia,Plantae,kingdom
Fagus grandifolia,Tracheophyta,phylum
Fagus grandifolia,Magnoliopsida,class
Fagus grandifolia,Fagales,order
Fagus grandifolia,Fagaceae,family
Fagus grandifolia,Fagus,genus
Fagus grandifolia,Fagus grandifolia,species
Viburnum edule,Plantae,kingdom
Viburnum edule,Tracheophyta,phylum
Viburnum edule,Magnoliopsida,class
Viburnum edule,Dipsacales,order
Viburnum edule,Viburnaceae,family
Viburnum edule,Viburnum,genus
Viburnum edule,Viburnum edule,species
Betula glandulosa,Plantae,kingdom
Betula glandulosa,Tracheophyta,phylum
Betula glandulosa,Magnoliopsida,class
Betula glandulosa,Fagales,order
Betula glandulosa,Betulaceae,family
Betula glandulosa,Betula,genus
Betula glandulosa,Betula glandulosa,species
Adenostoma fasciculatum,Plantae,kingdom
Adenostoma fasciculatum,Tracheophyta,phylum
Adenostoma fasciculatum,Magnoliopsida,class
Adenostoma fasciculatum,Rosales,order
Adenostoma fasciculatum,Rosaceae,family
Adenostoma fasciculatum,Adenostoma,genus
Adenostoma fasciculatum,Adenostoma fasciculatum,species
Adenostoma sparsifolium,Plantae,kingdom
Adenostoma sparsifolium,Tracheophyta,phylum
Adenostoma sparsifolium,Magnoliopsida,class
Adenostoma sparsifolium,Rosales,order
Adenostoma sparsifolium,Rosaceae,family
Adenostoma sparsifolium,Adenostoma,genus
Adenostoma sparsifolium,Adenostoma sparsifolium,species
Pinus jeffreyi-type,Plantae,kingdom
Pinus jeffreyi-type,Tracheophyta,phylum
Pinus jeffreyi-type,Pinopsida,class
Pinus jeffreyi-type,Pinales,order
Pinus jeffreyi-type,Pinaceae,family
Pinus jeffreyi-type,Pinus,genus
Quercus chrysolepis,Plantae,kingdom
Quercus chrysolepis,Tracheophyta,phylum
Quercus chrysolepis,Magnoliopsida,class
Quercus chrysolepis,Fagales,order
Quercus chrysolepis,Fagaceae,family
Quercus chrysolepis,Quercus,genus
Quercus chrysolepis,Quercus chrysolepis,species
Trillium,Plantae,kingdom
Trillium,Tracheophyta,phylum
Trillium,Liliopsida,class
Trillium,Liliales,order
Trillium,Melanthiaceae,family
Trillium,Trillium,genus
Pinus monticola-type,Plantae,kingdom
Pinus monticola-type,Tracheophyta,phylum
Pinus monticola-type,Pinopsida,class
Pinus monticola-type,Pinales,order
Pinus monticola-type,Pinaceae,family
Pinus monticola-type,Pinus,genus
Castanopsis,Plantae,kingdom
Castanopsis,Tracheophyta,phylum
Castanopsis,Magnoliopsida,class
Castanopsis,Fagales,order
Castanopsis,Fagaceae,family
Castanopsis,Castanopsis,genus
Garrya,Plantae,kingdom
Garrya,Tracheophyta,phylum
Garrya,Magnoliopsida,class
Garrya,Garryales,order
Garrya,Garryaceae,family
Garrya,Garrya,genus
Navarretia,Plantae,kingdom
Navarretia,Tracheophyta,phylum
Navarretia,Magnoliopsida,class
Navarretia,Ericales,order
Navarretia,Polemoniaceae,family
Navarretia,Navarretia,genus
Alnus (triporate),Plantae,kingdom
Alnus (triporate),Tracheophyta,phylum
Alnus (triporate),Magnoliopsida,class
Alnus (triporate),Fagales,order
Alnus (triporate),Betulaceae,family
Alnus (triporate),Alnus,genus
Pinus monticola,Plantae,kingdom
Pinus monticola,Tracheophyta,phylum
Pinus monticola,Pinopsida,class
Pinus monticola,Pinales,order
Pinus monticola,Pinaceae,family
Pinus monticola,Pinus,genus
Pinus monticola,Pinus monticola,species
Purshia,Plantae,kingdom
Purshia,Tracheophyta,phylum
Purshia,Magnoliopsida,class
Purshia,Rosales,order
Purshia,Rosaceae,family
Purshia,Purshia,genus
Celtis occidentalis,Plantae,kingdom
Celtis occidentalis,Tracheophyta,phylum
Celtis occidentalis,Magnoliopsida,class
Celtis occidentalis,Rosales,order
Celtis occidentalis,Cannabaceae,family
Celtis occidentalis,Celtis,genus
Celtis occidentalis,Celtis occidentalis,species
Platanus occidentalis,Plantae,kingdom
Platanus occidentalis,Tracheophyta,phylum
Platanus occidentalis,Magnoliopsida,class
Platanus occidentalis,Proteales,order
Platanus occidentalis,Platanaceae,family
Platanus occidentalis,Platanus,genus
Platanus occidentalis,Platanus occidentalis,species
Quercus vaccinifolia-type,Plantae,kingdom
Quercus vaccinifolia-type,Tracheophyta,phylum
Quercus vaccinifolia-type,Magnoliopsida,class
Quercus vaccinifolia-type,Fagales,order
Quercus vaccinifolia-type,Fagaceae,family
Quercus vaccinifolia-type,Quercus,genus
Apocynaceae,Plantae,kingdom
Apocynaceae,Tracheophyta,phylum
Apocynaceae,Magnoliopsida,class
Apocynaceae,Gentianales,order
Apocynaceae,Apocynaceae,family
Araceae,Plantae,kingdom
Araceae,Tracheophyta,phylum
Araceae,Liliopsida,class
Araceae,Alismatales,order
Araceae,Araceae,family
Leptospermum,Plantae,kingdom
Leptospermum,Tracheophyta,phylum
Leptospermum,Magnoliopsida,class
Leptospermum,Myrtales,order
Leptospermum,Myrtaceae,family
Leptospermum,Leptospermum,genus
Ulmaceae,Plantae,kingdom
Ulmaceae,Tracheophyta,phylum
Ulmaceae,Magnoliopsida,class
Ulmaceae,Rosales,order
Ulmaceae,Ulmaceae,family
Alnus viridis subsp. sinuata-type,Plantae,kingdom
Alnus viridis subsp. sinuata-type,Tracheophyta,phylum
Alnus viridis subsp. sinuata-type,Magnoliopsida,class
Alnus viridis subsp. sinuata-type,Fagales,order
Alnus viridis subsp. sinuata-type,Betulaceae,family
Alnus viridis subsp. sinuata-type,Alnus,genus
Alnus viridis subsp. sinuata-type,Alnus alnobetula,species
Arecaceae,Plantae,kingdom
Arecaceae,Tracheophyta,phylum
Arecaceae,Liliopsida,class
Arecaceae,Arecales,order
Arecaceae,Arecaceae,family
Camassia,Plantae,kingdom
Camassia,Tracheophyta,phylum
Camassia,Liliopsida,class
Camassia,Asparagales,order
Camassia,Asparagaceae,family
Camassia,Camassia,genus
Elaeagnaceae,Plantae,kingdom
Elaeagnaceae,Tracheophyta,phylum
Elaeagnaceae,Magnoliopsida,class
Elaeagnaceae,Rosales,order
Elaeagnaceae,Elaeagnaceae,family
Sequoiadendron,Plantae,kingdom
Sequoiadendron,Tracheophyta,phylum
Sequoiadendron,Pinopsida,class
Sequoiadendron,Pinales,order
Sequoiadendron,Cupressaceae,family
Sequoiadendron,Sequoiadendron,genus
Larix laricina,Plantae,kingdom
Larix laricina,Tracheophyta,phylum
Larix laricina,Pinopsida,class
Larix laricina,Pinales,order
Larix laricina,Pinaceae,family
Larix laricina,Larix,genus
Larix laricina,Larix laricina,species
Nemopanthus,Plantae,kingdom
Nemopanthus,Tracheophyta,phylum
Nemopanthus,Magnoliopsida,class
Nemopanthus,Aquifoliales,order
Nemopanthus,Aquifoliaceae,family
Nemopanthus,Ilex,genus
Taxus canadensis,Plantae,kingdom
Taxus canadensis,Tracheophyta,phylum
Taxus canadensis,Pinopsida,class
Taxus canadensis,Pinales,order
Taxus canadensis,Taxaceae,family
Taxus canadensis,Taxus,genus
Taxus canadensis,Taxus canadensis,species
Tilia americana,Plantae,kingdom
Tilia americana,Tracheophyta,phylum
Tilia americana,Magnoliopsida,class
Tilia americana,Malvales,order
Tilia americana,Malvaceae,family
Tilia americana,Tilia,genus
Tilia americana,Tilia americana,species
Viburnum nudum,Plantae,kingdom
Viburnum nudum,Tracheophyta,phylum
Viburnum nudum,Magnoliopsida,class
Viburnum nudum,Dipsacales,order
Viburnum nudum,Viburnaceae,family
Viburnum nudum,Viburnum,genus
Viburnum nudum,Viburnum nudum,species
Liquidambar styraciflua,Plantae,kingdom
Liquidambar styraciflua,Tracheophyta,phylum
Liquidambar styraciflua,Magnoliopsida,class
Liquidambar styraciflua,Saxifragales,order
Liquidambar styraciflua,Altingiaceae,family
Liquidambar styraciflua,Liquidambar,genus
Liquidambar styraciflua,Liquidambar styraciflua,species
Iva,Plantae,kingdom
Iva,Tracheophyta,phylum
Iva,Magnoliopsida,class
Iva,Asterales,order
Iva,Asteraceae,family
Iva,Iva,genus
Lysichiton americanus,Plantae,kingdom
Lysichiton americanus,Tracheophyta,phylum
Lysichiton americanus,Liliopsida,class
Lysichiton americanus,Alismatales,order
Lysichiton americanus,Araceae,family
Lysichiton americanus,Lysichiton,genus
Lysichiton americanus,Lysichiton americanus,species
Castilleja,Plantae,kingdom
Castilleja,Tracheophyta,phylum
Castilleja,Magnoliopsida,class
Castilleja,Lamiales,order
Castilleja,Orobanchaceae,family
Castilleja,Castilleja,genus
Cryptantha,Plantae,kingdom
Cryptantha,Tracheophyta,phylum
Cryptantha,Magnoliopsida,class
Cryptantha,Boraginales,order
Cryptantha,Boraginaceae,family
Cryptantha,Cryptantha,genus
Erodium cicutarium,Plantae,kingdom
Erodium cicutarium,Tracheophyta,phylum
Erodium cicutarium,Magnoliopsida,class
Erodium cicutarium,Geraniales,order
Erodium cicutarium,Geraniaceae,family
Erodium cicutarium,Erodium,genus
Erodium cicutarium,Erodium cicutarium,species
Gossypium,Plantae,kingdom
Gossypium,Tracheophyta,phylum
Gossypium,Magnoliopsida,class
Gossypium,Malvales,order
Gossypium,Malvaceae,family
Gossypium,Gossypium,genus
Kallstroemia,Plantae,kingdom
Kallstroemia,Tracheophyta,phylum
Kallstroemia,Magnoliopsida,class
Kallstroemia,Zygophyllales,order
Kallstroemia,Zygophyllaceae,family
Kallstroemia,Kallstroemia,genus
Larrea,Plantae,kingdom
Larrea,Tracheophyta,phylum
Larrea,Magnoliopsida,class
Larrea,Zygophyllales,order
Larrea,Zygophyllaceae,family
Larrea,Larrea,genus
Linanthus,Plantae,kingdom
Linanthus,Tracheophyta,phylum
Linanthus,Magnoliopsida,class
Linanthus,Ericales,order
Linanthus,Polemoniaceae,family
Linanthus,Linanthus,genus
Vitaceae,Plantae,kingdom
Vitaceae,Tracheophyta,phylum
Vitaceae,Magnoliopsida,class
Vitaceae,Vitales,order
Vitaceae,Vitaceae,family
Prunus pensylvanica,Plantae,kingdom
Prunus pensylvanica,Tracheophyta,phylum
Prunus pensylvanica,Magnoliopsida,class
Prunus pensylvanica,Rosales,order
Prunus pensylvanica,Rosaceae,family
Prunus pensylvanica,Prunus,genus
Prunus pensylvanica,Prunus pensylvanica,species
Prunus undiff.,Plantae,kingdom
Prunus undiff.,Tracheophyta,phylum
Prunus undiff.,Magnoliopsida,class
Prunus undiff.,Rosales,order
Prunus undiff.,Rosaceae,family
Prunus undiff.,Prunus,genus
Rhus typhina-type,Plantae,kingdom
Rhus typhina-type,Tracheophyta,phylum
Rhus typhina-type,Magnoliopsida,class
Rhus typhina-type,Sapindales,order
Rhus typhina-type,Anacardiaceae,family
Rhus typhina-type,Rhus,genus
Tsuga undiff.,Plantae,kingdom
Tsuga undiff.,Tracheophyta,phylum
Tsuga undiff.,Pinopsida,class
Tsuga undiff.,Pinales,order
Tsuga undiff.,Pinaceae,family
Tsuga undiff.,Tsuga,genus
Nyssa sylvatica,Plantae,kingdom
Nyssa sylvatica,Tracheophyta,phylum
Nyssa sylvatica,Magnoliopsida,class
Nyssa sylvatica,Cornales,order
Nyssa sylvatica,Nyssaceae,family
Nyssa sylvatica,Nyssa,genus
Nyssa sylvatica,Nyssa sylvatica,species
Suaeda calceoliformis,Plantae,kingdom
Suaeda calceoliformis,Tracheophyta,phylum
Suaeda calceoliformis,Magnoliopsida,class
Suaeda calceoliformis,Caryophyllales,order
Suaeda calceoliformis,Amaranthaceae,family
Suaeda calceoliformis,Suaeda,genus
Suaeda calceoliformis,Suaeda calceoliformis,species
Arceuthobium pusillum,Plantae,kingdom
Arceuthobium pusillum,Tracheophyta,phylum
Arceuthobium pusillum,Magnoliopsida,class
Arceuthobium pusillum,Santalales,order
Arceuthobium pusillum,Viscaceae,family
Arceuthobium pusillum,Arceuthobium,genus
Arceuthobium pusillum,Arceuthobium pusillum,species
Chamaesyce,Plantae,kingdom
Chamaesyce,Tracheophyta,phylum
Chamaesyce,Magnoliopsida,class
Chamaesyce,Malpighiales,order
Chamaesyce,Euphorbiaceae,family
Chamaesyce,Euphorbia,genus
Hudsonia,Plantae,kingdom
Hudsonia,Tracheophyta,phylum
Hudsonia,Magnoliopsida,class
Hudsonia,Malvales,order
Hudsonia,Cistaceae,family
Hudsonia,Hudsonia,genus
Hudsonia,Animalia,kingdom
Hudsonia,Nematoda,phylum
Hudsonia,Chromadorea,class
Hudsonia,Rhabditida,order
Hudsonia,Strongylidae,family
Hudsonia,Hudsonia,genus
Lycium,Plantae,kingdom
Lycium,Tracheophyta,phylum
Lycium,Magnoliopsida,class
Lycium,Solanales,order
Lycium,Solanaceae,family
Lycium,Lycium,genus
Chamaebatiaria millefolium,Plantae,kingdom
Chamaebatiaria millefolium,Tracheophyta,phylum
Chamaebatiaria millefolium,Magnoliopsida,class
Chamaebatiaria millefolium,Rosales,order
Chamaebatiaria millefolium,Rosaceae,family
Chamaebatiaria millefolium,Chamaebatiaria,genus
Chamaebatiaria millefolium,Chamaebatiaria millefolium,species
Monardella,Plantae,kingdom
Monardella,Tracheophyta,phylum
Monardella,Magnoliopsida,class
Monardella,Lamiales,order
Monardella,Lamiaceae,family
Monardella,Monardella,genus
Iris versicolor,Plantae,kingdom
Iris versicolor,Tracheophyta,phylum
Iris versicolor,Liliopsida,class
Iris versicolor,Asparagales,order
Iris versicolor,Iridaceae,family
Iris versicolor,Iris,genus
Iris versicolor,Iris versicolor,species
Actaea,Animalia,kingdom
Actaea,Arthropoda,phylum
Actaea,Malacostraca,class
Actaea,Decapoda,order
Actaea,Xanthidae,family
Actaea,Actaea,genus
Actaea,Plantae,kingdom
Actaea,Tracheophyta,phylum
Actaea,Magnoliopsida,class
Actaea,Ranunculales,order
Actaea,Ranunculaceae,family
Actaea,Actaea,genus
Berberis repens,Plantae,kingdom
Berberis repens,Tracheophyta,phylum
Berberis repens,Magnoliopsida,class
Berberis repens,Ranunculales,order
Berberis repens,Berberidaceae,family
Berberis repens,Mahonia,genus
Berberis repens,Mahonia repens,species
Leptosiphon,Plantae,kingdom
Leptosiphon,Tracheophyta,phylum
Leptosiphon,Magnoliopsida,class
Leptosiphon,Ericales,order
Leptosiphon,Polemoniaceae,family
Leptosiphon,Leptosiphon,genus
Commelinaceae,Plantae,kingdom
Commelinaceae,Tracheophyta,phylum
Commelinaceae,Liliopsida,class
Commelinaceae,Commelinales,order
Commelinaceae,Commelinaceae,family
Fraxinus americana-type,Plantae,kingdom
Fraxinus americana-type,Tracheophyta,phylum
Fraxinus americana-type,Magnoliopsida,class
Fraxinus americana-type,Lamiales,order
Fraxinus americana-type,Oleaceae,family
Fraxinus americana-type,Fraxinus,genus
Morus rubra-type,Animalia,kingdom
Morus rubra-type,Chordata,phylum
Morus rubra-type,Aves,class
Morus rubra-type,Suliformes,order
Morus rubra-type,Sulidae,family
Morus rubra-type,Morus,genus
Morus rubra-type,Plantae,kingdom
Morus rubra-type,Tracheophyta,phylum
Morus rubra-type,Magnoliopsida,class
Morus rubra-type,Rosales,order
Morus rubra-type,Moraceae,family
Morus rubra-type,Morus,genus
Pedicularis undiff.,Plantae,kingdom
Pedicularis undiff.,Tracheophyta,phylum
Pedicularis undiff.,Magnoliopsida,class
Pedicularis undiff.,Lamiales,order
Pedicularis undiff.,Orobanchaceae,family
Pedicularis undiff.,Pedicularis,genus
Aralia hispida,Plantae,kingdom
Aralia hispida,Tracheophyta,phylum
Aralia hispida,Magnoliopsida,class
Aralia hispida,Apiales,order
Aralia hispida,Araliaceae,family
Aralia hispida,Aralia,genus
Aralia hispida,Aralia hispida,species
Cornus alternifolia,Plantae,kingdom
Cornus alternifolia,Tracheophyta,phylum
Cornus alternifolia,Magnoliopsida,class
Cornus alternifolia,Cornales,order
Cornus alternifolia,Cornaceae,family
Cornus alternifolia,Cornus,genus
Cornus alternifolia,Cornus alternifolia,species
Maclura pomifera-type,Plantae,kingdom
Maclura pomifera-type,Tracheophyta,phylum
Maclura pomifera-type,Magnoliopsida,class
Maclura pomifera-type,Rosales,order
Maclura pomifera-type,Moraceae,family
Maclura pomifera-type,Maclura,genus
Fraxinus latifolia,Plantae,kingdom
Fraxinus latifolia,Tracheophyta,phylum
Fraxinus latifolia,Magnoliopsida,class
Fraxinus latifolia,Lamiales,order
Fraxinus latifolia,Oleaceae,family
Fraxinus latifolia,Fraxinus,genus
Fraxinus latifolia,Fraxinus latifolia,species
Shepherdia canadensis-type,Plantae,kingdom
Shepherdia canadensis-type,Tracheophyta,phylum
Shepherdia canadensis-type,Magnoliopsida,class
Shepherdia canadensis-type,Rosales,order
Shepherdia canadensis-type,Elaeagnaceae,family
Shepherdia canadensis-type,Shepherdia,genus
Taxus brevifolia,Plantae,kingdom
Taxus brevifolia,Tracheophyta,phylum
Taxus brevifolia,Pinopsida,class
Taxus brevifolia,Pinales,order
Taxus brevifolia,Taxaceae,family
Taxus brevifolia,Taxus,genus
Taxus brevifolia,Taxus brevifolia,species
Ceratiola ericoides,Plantae,kingdom
Ceratiola ericoides,Tracheophyta,phylum
Ceratiola ericoides,Magnoliopsida,class
Ceratiola ericoides,Ericales,order
Ceratiola ericoides,Ericaceae,family
Ceratiola ericoides,Ceratiola,genus
Ceratiola ericoides,Ceratiola ericoides,species
Arceuthobium americanum,Plantae,kingdom
Arceuthobium americanum,Tracheophyta,phylum
Arceuthobium americanum,Magnoliopsida,class
Arceuthobium americanum,Santalales,order
Arceuthobium americanum,Viscaceae,family
Arceuthobium americanum,Arceuthobium,genus
Arceuthobium americanum,Arceuthobium americanum,species
Betula det. shrub,Plantae,kingdom
Betula det. shrub,Tracheophyta,phylum
Betula det. shrub,Magnoliopsida,class
Betula det. shrub,Fagales,order
Betula det. shrub,Betulaceae,family
Betula det. shrub,Betula,genus
Betula det. tree,Plantae,kingdom
Betula det. tree,Tracheophyta,phylum
Betula det. tree,Magnoliopsida,class
Betula det. tree,Fagales,order
Betula det. tree,Betulaceae,family
Betula det. tree,Betula,genus
Picea det. P. glauca,Plantae,kingdom
Picea det. P. glauca,Tracheophyta,phylum
Picea det. P. glauca,Pinopsida,class
Picea det. P. glauca,Pinales,order
Picea det. P. glauca,Pinaceae,family
Picea det. P. glauca,Picea,genus
Picea det. P. mariana,Plantae,kingdom
Picea det. P. mariana,Tracheophyta,phylum
Picea det. P. mariana,Pinopsida,class
Picea det. P. mariana,Pinales,order
Picea det. P. mariana,Pinaceae,family
Picea det. P. mariana,Picea,genus
Impatiens capensis,Plantae,kingdom
Impatiens capensis,Tracheophyta,phylum
Impatiens capensis,Magnoliopsida,class
Impatiens capensis,Ericales,order
Impatiens capensis,Balsaminaceae,family
Impatiens capensis,Impatiens,genus
Impatiens capensis,Impatiens capensis,species
Caltha leptosepala,Plantae,kingdom
Caltha leptosepala,Tracheophyta,phylum
Caltha leptosepala,Magnoliopsida,class
Caltha leptosepala,Ranunculales,order
Caltha leptosepala,Ranunculaceae,family
Caltha leptosepala,Caltha,genus
Caltha leptosepala,Caltha leptosepala,species
Coptis aspleniifolia,Plantae,kingdom
Coptis aspleniifolia,Tracheophyta,phylum
Coptis aspleniifolia,Magnoliopsida,class
Coptis aspleniifolia,Ranunculales,order
Coptis aspleniifolia,Ranunculaceae,family
Coptis aspleniifolia,Coptis,genus
Coptis aspleniifolia,Coptis aspleniifolia,species
Gentiana douglasiana,Plantae,kingdom
Gentiana douglasiana,Tracheophyta,phylum
Gentiana douglasiana,Magnoliopsida,class
Gentiana douglasiana,Gentianales,order
Gentiana douglasiana,Gentianaceae,family
Gentiana douglasiana,Gentiana,genus
Gentiana douglasiana,Gentiana douglasiana,species
Avicennia,Plantae,kingdom
Avicennia,Tracheophyta,phylum
Avicennia,Magnoliopsida,class
Avicennia,Lamiales,order
Avicennia,Acanthaceae,family
Avicennia,Avicennia,genus
Coccoloba,Plantae,kingdom
Coccoloba,Tracheophyta,phylum
Coccoloba,Magnoliopsida,class
Coccoloba,Caryophyllales,order
Coccoloba,Polygonaceae,family
Coccoloba,Coccoloba,genus
Conocarpus,Plantae,kingdom
Conocarpus,Tracheophyta,phylum
Conocarpus,Magnoliopsida,class
Conocarpus,Myrtales,order
Conocarpus,Combretaceae,family
Conocarpus,Conocarpus,genus
Forestiera,Plantae,kingdom
Forestiera,Tracheophyta,phylum
Forestiera,Magnoliopsida,class
Forestiera,Lamiales,order
Forestiera,Oleaceae,family
Forestiera,Forestiera,genus
Laguncularia,Plantae,kingdom
Laguncularia,Tracheophyta,phylum
Laguncularia,Magnoliopsida,class
Laguncularia,Myrtales,order
Laguncularia,Combretaceae,family
Laguncularia,Laguncularia,genus
Rhizophora,Plantae,kingdom
Rhizophora,Tracheophyta,phylum
Rhizophora,Magnoliopsida,class
Rhizophora,Malpighiales,order
Rhizophora,Rhizophoraceae,family
Rhizophora,Rhizophora,genus
Sapindaceae undiff.,Plantae,kingdom
Sapindaceae undiff.,Tracheophyta,phylum
Sapindaceae undiff.,Magnoliopsida,class
Sapindaceae undiff.,Sapindales,order
Sapindaceae undiff.,Sapindaceae,family
Toxicodendron radicans,Plantae,kingdom
Toxicodendron radicans,Tracheophyta,phylum
Toxicodendron radicans,Magnoliopsida,class
Toxicodendron radicans,Sapindales,order
Toxicodendron radicans,Anacardiaceae,family
Toxicodendron radicans,Toxicodendron,genus
Toxicodendron radicans,Toxicodendron radicans,species
Nemopanthus mucronatus,Plantae,kingdom
Nemopanthus mucronatus,Plantae,kingdom
Nemopanthus mucronatus,Tracheophyta,phylum
Nemopanthus mucronatus,Tracheophyta,phylum
Nemopanthus mucronatus,Magnoliopsida,class
Nemopanthus mucronatus,Magnoliopsida,class
Nemopanthus mucronatus,Aquifoliales,order
Nemopanthus mucronatus,Aquifoliales,order
Nemopanthus mucronatus,Aquifoliaceae,family
Nemopanthus mucronatus,Aquifoliaceae,family
Nemopanthus mucronatus,Ilex,genus
Nemopanthus mucronatus,Ilex,genus
Nemopanthus mucronatus,Ilex mucronata,species
Nemopanthus mucronatus,Ilex mucronata,species
Nemopanthus mucronatus,Plantae,kingdom
Nemopanthus mucronatus,Plantae,kingdom
Nemopanthus mucronatus,Tracheophyta,phylum
Nemopanthus mucronatus,Tracheophyta,phylum
Nemopanthus mucronatus,Magnoliopsida,class
Nemopanthus mucronatus,Magnoliopsida,class
Nemopanthus mucronatus,Aquifoliales,order
Nemopanthus mucronatus,Aquifoliales,order
Nemopanthus mucronatus,Aquifoliaceae,family
Nemopanthus mucronatus,Aquifoliaceae,family
Nemopanthus mucronatus,Ilex,genus
Nemopanthus mucronatus,Ilex,genus
Nemopanthus mucronatus,Ilex mucronata,species
Nemopanthus mucronatus,Ilex mucronata,species
Pinus resinosa-type,Plantae,kingdom
Pinus resinosa-type,Tracheophyta,phylum
Pinus resinosa-type,Pinopsida,class
Pinus resinosa-type,Pinales,order
Pinus resinosa-type,Pinaceae,family
Pinus resinosa-type,Pinus,genus
Prunus virginiana,Plantae,kingdom
Prunus virginiana,Tracheophyta,phylum
Prunus virginiana,Magnoliopsida,class
Prunus virginiana,Rosales,order
Prunus virginiana,Rosaceae,family
Prunus virginiana,Prunus,genus
Prunus virginiana,Prunus virginiana,species
Rosaceae cf. Prunus serotina,Plantae,kingdom
Rosaceae cf. Prunus serotina,Tracheophyta,phylum
Rosaceae cf. Prunus serotina,Magnoliopsida,class
Rosaceae cf. Prunus serotina,Rosales,order
Rosaceae cf. Prunus serotina,Rosaceae,family
Salix vestita-type,Plantae,kingdom
Salix vestita-type,Tracheophyta,phylum
Salix vestita-type,Magnoliopsida,class
Salix vestita-type,Malpighiales,order
Salix vestita-type,Salicaceae,family
Salix vestita-type,Salix,genus
Acer nigrum,Plantae,kingdom
Acer nigrum,Tracheophyta,phylum
Acer nigrum,Magnoliopsida,class
Acer nigrum,Sapindales,order
Acer nigrum,Sapindaceae,family
Acer nigrum,Acer,genus
Acer nigrum,Acer nigrum,species
Carya cordiformis,Plantae,kingdom
Carya cordiformis,Tracheophyta,phylum
Carya cordiformis,Magnoliopsida,class
Carya cordiformis,Fagales,order
Carya cordiformis,Juglandaceae,family
Carya cordiformis,Carya,genus
Carya cordiformis,Carya cordiformis,species
Populus deltoides-type,Plantae,kingdom
Populus deltoides-type,Tracheophyta,phylum
Populus deltoides-type,Magnoliopsida,class
Populus deltoides-type,Malpighiales,order
Populus deltoides-type,Salicaceae,family
Populus deltoides-type,Populus,genus
Agastache,Plantae,kingdom
Agastache,Tracheophyta,phylum
Agastache,Magnoliopsida,class
Agastache,Lamiales,order
Agastache,Lamiaceae,family
Agastache,Agastache,genus
Cistanthe,Plantae,kingdom
Cistanthe,Tracheophyta,phylum
Cistanthe,Magnoliopsida,class
Cistanthe,Caryophyllales,order
Cistanthe,Montiaceae,family
Cistanthe,Cistanthe,genus
Polygonum sect. Duravia,Plantae,kingdom
Polygonum sect. Duravia,Tracheophyta,phylum
Polygonum sect. Duravia,Magnoliopsida,class
Polygonum sect. Duravia,Caryophyllales,order
Polygonum sect. Duravia,Polygonaceae,family
Polygonum sect. Duravia,Polygonum,genus
Ranunculus orthorhynchus,Plantae,kingdom
Ranunculus orthorhynchus,Tracheophyta,phylum
Ranunculus orthorhynchus,Magnoliopsida,class
Ranunculus orthorhynchus,Ranunculales,order
Ranunculus orthorhynchus,Ranunculaceae,family
Ranunculus orthorhynchus,Ranunculus,genus
Ranunculus orthorhynchus,Ranunculus orthorhynchus,species
Iva undiff.,Plantae,kingdom
Iva undiff.,Tracheophyta,phylum
Iva undiff.,Magnoliopsida,class
Iva undiff.,Asterales,order
Iva undiff.,Asteraceae,family
Iva undiff.,Iva,genus
Lagotis,Plantae,kingdom
Lagotis,Tracheophyta,phylum
Lagotis,Magnoliopsida,class
Lagotis,Lamiales,order
Lagotis,Plantaginaceae,family
Lagotis,Lagotis,genus
Salix reticulata-type,Plantae,kingdom
Salix reticulata-type,Tracheophyta,phylum
Salix reticulata-type,Magnoliopsida,class
Salix reticulata-type,Malpighiales,order
Salix reticulata-type,Salicaceae,family
Salix reticulata-type,Salix,genus
Pinus subsect. Cembroides,Animalia,kingdom
Pinus subsect. Cembroides,Arthropoda,phylum
Pinus subsect. Cembroides,Insecta,class
Pinus subsect. Cembroides,Coleoptera,order
Pinus subsect. Cembroides,Curculionidae,family
Pinus subsect. Cembroides,Conophthorus,genus
Pinus subsect. Cembroides,Conophthorus cembroides,species
Agave,Plantae,kingdom
Agave,Tracheophyta,phylum
Agave,Liliopsida,class
Agave,Asparagales,order
Agave,Asparagaceae,family
Agave,Agave,genus
Allionia,Plantae,kingdom
Allionia,Tracheophyta,phylum
Allionia,Magnoliopsida,class
Allionia,Caryophyllales,order
Allionia,Nyctaginaceae,family
Allionia,Allionia,genus
Canotia,Plantae,kingdom
Canotia,Tracheophyta,phylum
Canotia,Magnoliopsida,class
Canotia,Celastrales,order
Canotia,Celastraceae,family
Canotia,Canotia,genus
Fouquieria,Plantae,kingdom
Fouquieria,Tracheophyta,phylum
Fouquieria,Magnoliopsida,class
Fouquieria,Ericales,order
Fouquieria,Fouquieriaceae,family
Fouquieria,Fouquieria,genus
Hydrophyllaceae,Plantae,kingdom
Hydrophyllaceae,Tracheophyta,phylum
Hydrophyllaceae,Magnoliopsida,class
Hydrophyllaceae,Boraginales,order
Hydrophyllaceae,Hydrophyllaceae,family
Mimosa,Plantae,kingdom
Mimosa,Tracheophyta,phylum
Mimosa,Magnoliopsida,class
Mimosa,Fabales,order
Mimosa,Fabaceae,family
Mimosa,Mimosa,genus
Prosopis,Plantae,kingdom
Prosopis,Tracheophyta,phylum
Prosopis,Magnoliopsida,class
Prosopis,Fabales,order
Prosopis,Fabaceae,family
Prosopis,Prosopis,genus
Simmondsia chinensis,Plantae,kingdom
Simmondsia chinensis,Tracheophyta,phylum
Simmondsia chinensis,Magnoliopsida,class
Simmondsia chinensis,Caryophyllales,order
Simmondsia chinensis,Simmondsiaceae,family
Simmondsia chinensis,Simmondsia,genus
Simmondsia chinensis,Simmondsia chinensis,species
Yucca,Plantae,kingdom
Yucca,Tracheophyta,phylum
Yucca,Liliopsida,class
Yucca,Asparagales,order
Yucca,Asparagaceae,family
Yucca,Yucca,genus
Campanula rotundifolia-type,Plantae,kingdom
Campanula rotundifolia-type,Tracheophyta,phylum
Campanula rotundifolia-type,Magnoliopsida,class
Campanula rotundifolia-type,Asterales,order
Campanula rotundifolia-type,Campanulaceae,family
Campanula rotundifolia-type,Campanula,genus
Gaura,Plantae,kingdom
Gaura,Plantae,kingdom
Gaura,Tracheophyta,phylum
Gaura,Tracheophyta,phylum
Gaura,Magnoliopsida,class
Gaura,Magnoliopsida,class
Gaura,Malvales,order
Gaura,Malvales,order
Gaura,Cistaceae,family
Gaura,Cistaceae,family
Gaura,Lechea,genus
Gaura,Lechea,genus
Gaura,Plantae,kingdom
Gaura,Plantae,kingdom
Gaura,Tracheophyta,phylum
Gaura,Tracheophyta,phylum
Gaura,Magnoliopsida,class
Gaura,Magnoliopsida,class
Gaura,Myrtales,order
Gaura,Myrtales,order
Gaura,Onagraceae,family
Gaura,Onagraceae,family
Gaura,Oenothera,genus
Gaura,Oenothera,genus
Momipites,Plantae,kingdom
Momipites,Tracheophyta,phylum
Momipites,Magnoliopsida,class
Momipites,Fagales,order
Momipites,Juglandaceae,family
Momipites,Momipites,genus
Ranunculaceae (pericolpate),Plantae,kingdom
Ranunculaceae (pericolpate),Tracheophyta,phylum
Ranunculaceae (pericolpate),Magnoliopsida,class
Ranunculaceae (pericolpate),Ranunculales,order
Ranunculaceae (pericolpate),Ranunculaceae,family
Ranunculaceae (tricolpate) undiff.,Plantae,kingdom
Ranunculaceae (tricolpate) undiff.,Tracheophyta,phylum
Ranunculaceae (tricolpate) undiff.,Magnoliopsida,class
Ranunculaceae (tricolpate) undiff.,Ranunculales,order
Ranunculaceae (tricolpate) undiff.,Ranunculaceae,family
Dicentra,Plantae,kingdom
Dicentra,Tracheophyta,phylum
Dicentra,Magnoliopsida,class
Dicentra,Ranunculales,order
Dicentra,Papaveraceae,family
Dicentra,Dicentra,genus
Menispermum,Plantae,kingdom
Menispermum,Tracheophyta,phylum
Menispermum,Magnoliopsida,class
Menispermum,Ranunculales,order
Menispermum,Menispermaceae,family
Menispermum,Menispermum,genus
Fritillaria camschatcensis,Plantae,kingdom
Fritillaria camschatcensis,Tracheophyta,phylum
Fritillaria camschatcensis,Liliopsida,class
Fritillaria camschatcensis,Liliales,order
Fritillaria camschatcensis,Liliaceae,family
Fritillaria camschatcensis,Fritillaria,genus
Fritillaria camschatcensis,Fritillaria camschatcensis,species
Oplopanax horridus,Plantae,kingdom
Oplopanax horridus,Tracheophyta,phylum
Oplopanax horridus,Magnoliopsida,class
Oplopanax horridus,Apiales,order
Oplopanax horridus,Araliaceae,family
Oplopanax horridus,Oplopanax,genus
Oplopanax horridus,Oplopanax horridus,species
Picea sitchensis,Plantae,kingdom
Picea sitchensis,Tracheophyta,phylum
Picea sitchensis,Pinopsida,class
Picea sitchensis,Pinales,order
Picea sitchensis,Pinaceae,family
Picea sitchensis,Picea,genus
Picea sitchensis,Picea sitchensis,species
Populus trichocarpa,Plantae,kingdom
Populus trichocarpa,Tracheophyta,phylum
Populus trichocarpa,Magnoliopsida,class
Populus trichocarpa,Malpighiales,order
Populus trichocarpa,Salicaceae,family
Populus trichocarpa,Populus,genus
Populus trichocarpa,Populus trichocarpa,species
Sanguisorba stipulata,Plantae,kingdom
Sanguisorba stipulata,Tracheophyta,phylum
Sanguisorba stipulata,Magnoliopsida,class
Sanguisorba stipulata,Rosales,order
Sanguisorba stipulata,Rosaceae,family
Sanguisorba stipulata,Sanguisorba,genus
Sanguisorba stipulata,Sanguisorba stipulata,species
Alternanthera,Plantae,kingdom
Alternanthera,Tracheophyta,phylum
Alternanthera,Magnoliopsida,class
Alternanthera,Caryophyllales,order
Alternanthera,Amaranthaceae,family
Alternanthera,Alternanthera,genus
Filipendula rubra,Plantae,kingdom
Filipendula rubra,Tracheophyta,phylum
Filipendula rubra,Magnoliopsida,class
Filipendula rubra,Rosales,order
Filipendula rubra,Rosaceae,family
Filipendula rubra,Filipendula,genus
Filipendula rubra,Filipendula rubra,species
Polygonum subsect. Polygonella,Plantae,kingdom
Polygonum subsect. Polygonella,Tracheophyta,phylum
Polygonum subsect. Polygonella,Magnoliopsida,class
Polygonum subsect. Polygonella,Caryophyllales,order
Polygonum subsect. Polygonella,Polygonaceae,family
Polygonum subsect. Polygonella,Polygonella,genus
Arabis,Plantae,kingdom
Arabis,Tracheophyta,phylum
Arabis,Magnoliopsida,class
Arabis,Brassicales,order
Arabis,Brassicaceae,family
Arabis,Arabis,genus
Chamaedaphne,Plantae,kingdom
Chamaedaphne,Tracheophyta,phylum
Chamaedaphne,Magnoliopsida,class
Chamaedaphne,Ericales,order
Chamaedaphne,Ericaceae,family
Chamaedaphne,Chamaedaphne,genus
Hamamelis,Plantae,kingdom
Hamamelis,Tracheophyta,phylum
Hamamelis,Magnoliopsida,class
Hamamelis,Saxifragales,order
Hamamelis,Hamamelidaceae,family
Hamamelis,Hamamelis,genus
Maianthemum,Plantae,kingdom
Maianthemum,Tracheophyta,phylum
Maianthemum,Liliopsida,class
Maianthemum,Asparagales,order
Maianthemum,Asparagaceae,family
Maianthemum,Maianthemum,genus
Hamamelidaceae,Plantae,kingdom
Hamamelidaceae,Tracheophyta,phylum
Hamamelidaceae,Magnoliopsida,class
Hamamelidaceae,Saxifragales,order
Hamamelidaceae,Hamamelidaceae,family
Platanaceae,Plantae,kingdom
Platanaceae,Tracheophyta,phylum
Platanaceae,Magnoliopsida,class
Platanaceae,Proteales,order
Platanaceae,Platanaceae,family
Symphoricarpos albus,Plantae,kingdom
Symphoricarpos albus,Tracheophyta,phylum
Symphoricarpos albus,Magnoliopsida,class
Symphoricarpos albus,Dipsacales,order
Symphoricarpos albus,Caprifoliaceae,family
Symphoricarpos albus,Symphoricarpos,genus
Symphoricarpos albus,Symphoricarpos albus,species
Circaea alpina,Plantae,kingdom
Circaea alpina,Tracheophyta,phylum
Circaea alpina,Magnoliopsida,class
Circaea alpina,Myrtales,order
Circaea alpina,Onagraceae,family
Circaea alpina,Circaea,genus
Circaea alpina,Circaea alpina,species
Claytonia acutifolia,Plantae,kingdom
Claytonia acutifolia,Tracheophyta,phylum
Claytonia acutifolia,Magnoliopsida,class
Claytonia acutifolia,Caryophyllales,order
Claytonia acutifolia,Montiaceae,family
Claytonia acutifolia,Claytonia,genus
Claytonia acutifolia,Claytonia acutifolia,species
Pinus aristata-type,Plantae,kingdom
Pinus aristata-type,Tracheophyta,phylum
Pinus aristata-type,Pinopsida,class
Pinus aristata-type,Pinales,order
Pinus aristata-type,Pinaceae,family
Pinus aristata-type,Pinus,genus
Pinus ponderosa-type,Plantae,kingdom
Pinus ponderosa-type,Tracheophyta,phylum
Pinus ponderosa-type,Pinopsida,class
Pinus ponderosa-type,Pinales,order
Pinus ponderosa-type,Pinaceae,family
Pinus ponderosa-type,Pinus,genus
Berchemia scandens,Plantae,kingdom
Berchemia scandens,Tracheophyta,phylum
Berchemia scandens,Magnoliopsida,class
Berchemia scandens,Rosales,order
Berchemia scandens,Rhamnaceae,family
Berchemia scandens,Berchemia,genus
Berchemia scandens,Berchemia scandens,species
Calycanthus,Plantae,kingdom
Calycanthus,Tracheophyta,phylum
Calycanthus,Magnoliopsida,class
Calycanthus,Laurales,order
Calycanthus,Calycanthaceae,family
Calycanthus,Calycanthus,genus
Cephalanthus occidentalis,Plantae,kingdom
Cephalanthus occidentalis,Tracheophyta,phylum
Cephalanthus occidentalis,Magnoliopsida,class
Cephalanthus occidentalis,Gentianales,order
Cephalanthus occidentalis,Rubiaceae,family
Cephalanthus occidentalis,Cephalanthus,genus
Cephalanthus occidentalis,Cephalanthus occidentalis,species
Fraxinus quadrangulata/F. nigra-type,Plantae,kingdom
Fraxinus quadrangulata/F. nigra-type,Tracheophyta,phylum
Fraxinus quadrangulata/F. nigra-type,Magnoliopsida,class
Fraxinus quadrangulata/F. nigra-type,Lamiales,order
Fraxinus quadrangulata/F. nigra-type,Oleaceae,family
Fraxinus quadrangulata/F. nigra-type,Fraxinus,genus
Prunus americana-type,Plantae,kingdom
Prunus americana-type,Tracheophyta,phylum
Prunus americana-type,Magnoliopsida,class
Prunus americana-type,Rosales,order
Prunus americana-type,Rosaceae,family
Prunus americana-type,Prunus,genus
Prunus virginiana-type,Plantae,kingdom
Prunus virginiana-type,Tracheophyta,phylum
Prunus virginiana-type,Magnoliopsida,class
Prunus virginiana-type,Rosales,order
Prunus virginiana-type,Rosaceae,family
Prunus virginiana-type,Prunus,genus
Viburnum acerifolium-type,Plantae,kingdom
Viburnum acerifolium-type,Tracheophyta,phylum
Viburnum acerifolium-type,Magnoliopsida,class
Viburnum acerifolium-type,Dipsacales,order
Viburnum acerifolium-type,Viburnaceae,family
Viburnum acerifolium-type,Viburnum,genus
Viburnum lentago-type,Plantae,kingdom
Viburnum lentago-type,Tracheophyta,phylum
Viburnum lentago-type,Magnoliopsida,class
Viburnum lentago-type,Dipsacales,order
Viburnum lentago-type,Viburnaceae,family
Viburnum lentago-type,Viburnum,genus
Chamaedaphne calyculata,Plantae,kingdom
Chamaedaphne calyculata,Tracheophyta,phylum
Chamaedaphne calyculata,Magnoliopsida,class
Chamaedaphne calyculata,Ericales,order
Chamaedaphne calyculata,Ericaceae,family
Chamaedaphne calyculata,Chamaedaphne,genus
Chamaedaphne calyculata,Chamaedaphne calyculata,species
Gaultheria,Plantae,kingdom
Gaultheria,Tracheophyta,phylum
Gaultheria,Magnoliopsida,class
Gaultheria,Ericales,order
Gaultheria,Ericaceae,family
Gaultheria,Gaultheria,genus
Gaylussacia,Plantae,kingdom
Gaylussacia,Tracheophyta,phylum
Gaylussacia,Magnoliopsida,class
Gaylussacia,Ericales,order
Gaylussacia,Ericaceae,family
Gaylussacia,Gaylussacia,genus
Lithocarpus,Plantae,kingdom
Lithocarpus,Tracheophyta,phylum
Lithocarpus,Magnoliopsida,class
Lithocarpus,Fagales,order
Lithocarpus,Fagaceae,family
Lithocarpus,Lithocarpus,genus
Maclura,Plantae,kingdom
Maclura,Tracheophyta,phylum
Maclura,Magnoliopsida,class
Maclura,Rosales,order
Maclura,Moraceae,family
Maclura,Maclura,genus
Anemone patens,Plantae,kingdom
Anemone patens,Plantae,kingdom
Anemone patens,Tracheophyta,phylum
Anemone patens,Tracheophyta,phylum
Anemone patens,Magnoliopsida,class
Anemone patens,Magnoliopsida,class
Anemone patens,Ranunculales,order
Anemone patens,Ranunculales,order
Anemone patens,Ranunculaceae,family
Anemone patens,Ranunculaceae,family
Anemone patens,Pulsatilla,genus
Anemone patens,Pulsatilla,genus
Anemone patens,Pulsatilla patens,species
Anemone patens,Pulsatilla patens,species
Anemone patens,Plantae,kingdom
Anemone patens,Plantae,kingdom
Anemone patens,Tracheophyta,phylum
Anemone patens,Tracheophyta,phylum
Anemone patens,Magnoliopsida,class
Anemone patens,Magnoliopsida,class
Anemone patens,Ranunculales,order
Anemone patens,Ranunculales,order
Anemone patens,Ranunculaceae,family
Anemone patens,Ranunculaceae,family
Anemone patens,Pulsatilla,genus
Anemone patens,Pulsatilla,genus
Anemone patens,Pulsatilla halleri,species
Anemone patens,Pulsatilla halleri,species
Anemone quinquefolia-type,Plantae,kingdom
Anemone quinquefolia-type,Tracheophyta,phylum
Anemone quinquefolia-type,Magnoliopsida,class
Anemone quinquefolia-type,Ranunculales,order
Anemone quinquefolia-type,Ranunculaceae,family
Anemone quinquefolia-type,Anemone,genus
Asteraceae cf. Cirsium,Plantae,kingdom
Asteraceae cf. Cirsium,Tracheophyta,phylum
Asteraceae cf. Cirsium,Magnoliopsida,class
Asteraceae cf. Cirsium,Asterales,order
Asteraceae cf. Cirsium,Asteraceae,family
Calylophus,Plantae,kingdom
Calylophus,Tracheophyta,phylum
Calylophus,Magnoliopsida,class
Calylophus,Myrtales,order
Calylophus,Onagraceae,family
Calylophus,Oenothera,genus
Mentzelia,Plantae,kingdom
Mentzelia,Tracheophyta,phylum
Mentzelia,Magnoliopsida,class
Mentzelia,Cornales,order
Mentzelia,Loasaceae,family
Mentzelia,Mentzelia,genus
Picea indet.,Plantae,kingdom
Picea indet.,Tracheophyta,phylum
Picea indet.,Pinopsida,class
Picea indet.,Pinales,order
Picea indet.,Pinaceae,family
Picea indet.,Picea,genus
Polygonum ramosissimum-type,Plantae,kingdom
Polygonum ramosissimum-type,Tracheophyta,phylum
Polygonum ramosissimum-type,Magnoliopsida,class
Polygonum ramosissimum-type,Caryophyllales,order
Polygonum ramosissimum-type,Polygonaceae,family
Polygonum ramosissimum-type,Polygonum,genus
Tsuga canadensis-type,Plantae,kingdom
Tsuga canadensis-type,Tracheophyta,phylum
Tsuga canadensis-type,Pinopsida,class
Tsuga canadensis-type,Pinales,order
Tsuga canadensis-type,Pinaceae,family
Tsuga canadensis-type,Tsuga,genus
Viburnum rafinesquianum-type,Plantae,kingdom
Viburnum rafinesquianum-type,Tracheophyta,phylum
Viburnum rafinesquianum-type,Magnoliopsida,class
Viburnum rafinesquianum-type,Dipsacales,order
Viburnum rafinesquianum-type,Viburnaceae,family
Viburnum rafinesquianum-type,Viburnum,genus
Leitneria floridana,Plantae,kingdom
Leitneria floridana,Tracheophyta,phylum
Leitneria floridana,Magnoliopsida,class
Leitneria floridana,Sapindales,order
Leitneria floridana,Simaroubaceae,family
Leitneria floridana,Leitneria,genus
Leitneria floridana,Leitneria floridana,species
Ephedra (branched folds),Plantae,kingdom
Ephedra (branched folds),Tracheophyta,phylum
Ephedra (branched folds),Gnetopsida,class
Ephedra (branched folds),Ephedrales,order
Ephedra (branched folds),Ephedraceae,family
Ephedra (branched folds),Ephedra,genus
Ephedra (simple folds),Plantae,kingdom
Ephedra (simple folds),Tracheophyta,phylum
Ephedra (simple folds),Gnetopsida,class
Ephedra (simple folds),Ephedrales,order
Ephedra (simple folds),Ephedraceae,family
Ephedra (simple folds),Ephedra,genus
Pinus subg. Strobus (large),Plantae,kingdom
Pinus subg. Strobus (large),Tracheophyta,phylum
Pinus subg. Strobus (large),Pinopsida,class
Pinus subg. Strobus (large),Pinales,order
Pinus subg. Strobus (large),Pinaceae,family
Pinus subg. Strobus (large),Pinus,genus
Pinus subg. Strobus (small),Plantae,kingdom
Pinus subg. Strobus (small),Tracheophyta,phylum
Pinus subg. Strobus (small),Pinopsida,class
Pinus subg. Strobus (small),Pinales,order
Pinus subg. Strobus (small),Pinaceae,family
Pinus subg. Strobus (small),Pinus,genus
Zygophyllaceae,Plantae,kingdom
Zygophyllaceae,Tracheophyta,phylum
Zygophyllaceae,Magnoliopsida,class
Zygophyllaceae,Zygophyllales,order
Zygophyllaceae,Zygophyllaceae,family
Ephedraceae,Plantae,kingdom
Ephedraceae,Tracheophyta,phylum
Ephedraceae,Gnetopsida,class
Ephedraceae,Ephedrales,order
Ephedraceae,Ephedraceae,family
Cassiope tetragona,Plantae,kingdom
Cassiope tetragona,Tracheophyta,phylum
Cassiope tetragona,Magnoliopsida,class
Cassiope tetragona,Ericales,order
Cassiope tetragona,Ericaceae,family
Cassiope tetragona,Cassiope,genus
Cassiope tetragona,Cassiope tetragona,species
Cannabaceae sensu stricto undiff.,Plantae,kingdom
Cannabaceae sensu stricto undiff.,Tracheophyta,phylum
Cannabaceae sensu stricto undiff.,Magnoliopsida,class
Cannabaceae sensu stricto undiff.,Rosales,order
Cannabaceae sensu stricto undiff.,Cannabaceae,family
Quercus vaccinifolia,Plantae,kingdom
Quercus vaccinifolia,Tracheophyta,phylum
Quercus vaccinifolia,Magnoliopsida,class
Quercus vaccinifolia,Fagales,order
Quercus vaccinifolia,Fagaceae,family
Quercus vaccinifolia,Quercus,genus
Quercus vaccinifolia,Quercus vacciniifolia,species
Rutaceae,Plantae,kingdom
Rutaceae,Tracheophyta,phylum
Rutaceae,Magnoliopsida,class
Rutaceae,Sapindales,order
Rutaceae,Rutaceae,family
Betula glandulosa-type,Plantae,kingdom
Betula glandulosa-type,Tracheophyta,phylum
Betula glandulosa-type,Magnoliopsida,class
Betula glandulosa-type,Fagales,order
Betula glandulosa-type,Betulaceae,family
Betula glandulosa-type,Betula,genus
Grossulariaceae,Plantae,kingdom
Grossulariaceae,Tracheophyta,phylum
Grossulariaceae,Magnoliopsida,class
Grossulariaceae,Saxifragales,order
Grossulariaceae,Grossulariaceae,family
Populus grandidentata-type,Plantae,kingdom
Populus grandidentata-type,Tracheophyta,phylum
Populus grandidentata-type,Magnoliopsida,class
Populus grandidentata-type,Malpighiales,order
Populus grandidentata-type,Salicaceae,family
Populus grandidentata-type,Populus,genus
Asteroideae (high spine),Animalia,kingdom
Asteroideae (high spine),Echinodermata,phylum
Asteroideae (high spine),Asteroidea,class
Coptis,Plantae,kingdom
Coptis,Tracheophyta,phylum
Coptis,Magnoliopsida,class
Coptis,Ranunculales,order
Coptis,Ranunculaceae,family
Coptis,Coptis,genus
Fritillaria,Animalia,kingdom
Fritillaria,Chordata,phylum
Fritillaria,Copelata,order
Fritillaria,Fritillariidae,family
Fritillaria,Fritillaria,genus
Fritillaria,Plantae,kingdom
Fritillaria,Tracheophyta,phylum
Fritillaria,Liliopsida,class
Fritillaria,Liliales,order
Fritillaria,Liliaceae,family
Fritillaria,Fritillaria,genus
Populus cf. P. tremuloides,Plantae,kingdom
Populus cf. P. tremuloides,Tracheophyta,phylum
Populus cf. P. tremuloides,Magnoliopsida,class
Populus cf. P. tremuloides,Malpighiales,order
Populus cf. P. tremuloides,Salicaceae,family
Populus cf. P. tremuloides,Populus,genus
Thuja,Plantae,kingdom
Thuja,Tracheophyta,phylum
Thuja,Pinopsida,class
Thuja,Pinales,order
Thuja,Cupressaceae,family
Thuja,Thuja,genus
Conioselinum,Plantae,kingdom
Conioselinum,Tracheophyta,phylum
Conioselinum,Magnoliopsida,class
Conioselinum,Apiales,order
Conioselinum,Apiaceae,family
Conioselinum,Conioselinum,genus
Valeriana sitchensis,Plantae,kingdom
Valeriana sitchensis,Tracheophyta,phylum
Valeriana sitchensis,Magnoliopsida,class
Valeriana sitchensis,Dipsacales,order
Valeriana sitchensis,Caprifoliaceae,family
Valeriana sitchensis,Valeriana,genus
Valeriana sitchensis,Valeriana sitchensis,species
Rosaceae (>20 µm),Plantae,kingdom
Rosaceae (>20 µm),Tracheophyta,phylum
Rosaceae (>20 µm),Magnoliopsida,class
Rosaceae (>20 µm),Rosales,order
Rosaceae (>20 µm),Rosaceae,family
Rosaceae (<20 µm),Plantae,kingdom
Rosaceae (<20 µm),Tracheophyta,phylum
Rosaceae (<20 µm),Magnoliopsida,class
Rosaceae (<20 µm),Rosales,order
Rosaceae (<20 µm),Rosaceae,family
Rosaceae cf. Holodiscus,Plantae,kingdom
Rosaceae cf. Holodiscus,Tracheophyta,phylum
Rosaceae cf. Holodiscus,Magnoliopsida,class
Rosaceae cf. Holodiscus,Rosales,order
Rosaceae cf. Holodiscus,Rosaceae,family
Vaccinium uliginosum-type,Plantae,kingdom
Vaccinium uliginosum-type,Tracheophyta,phylum
Vaccinium uliginosum-type,Magnoliopsida,class
Vaccinium uliginosum-type,Ericales,order
Vaccinium uliginosum-type,Ericaceae,family
Vaccinium uliginosum-type,Vaccinium,genus
Comptonia peregrina,Plantae,kingdom
Comptonia peregrina,Tracheophyta,phylum
Comptonia peregrina,Magnoliopsida,class
Comptonia peregrina,Fagales,order
Comptonia peregrina,Myricaceae,family
Comptonia peregrina,Comptonia,genus
Comptonia peregrina,Comptonia peregrina,species
Viburnum alnifolium,Plantae,kingdom
Viburnum alnifolium,Tracheophyta,phylum
Viburnum alnifolium,Magnoliopsida,class
Viburnum alnifolium,Dipsacales,order
Viburnum alnifolium,Viburnaceae,family
Viburnum alnifolium,Viburnum,genus
Viburnum alnifolium,Viburnum lantanoides,species
Batis,Animalia,kingdom
Batis,Chordata,phylum
Batis,Aves,class
Batis,Passeriformes,order
Batis,Platysteiridae,family
Batis,Batis,genus
Batis,Plantae,kingdom
Batis,Tracheophyta,phylum
Batis,Magnoliopsida,class
Batis,Brassicales,order
Batis,Bataceae,family
Batis,Batis,genus
Collinsia,Animalia,kingdom
Collinsia,Arthropoda,phylum
Collinsia,Arachnida,class
Collinsia,Araneae,order
Collinsia,Linyphiidae,family
Collinsia,Collinsia,genus
Collinsia,Plantae,kingdom
Collinsia,Tracheophyta,phylum
Collinsia,Magnoliopsida,class
Collinsia,Lamiales,order
Collinsia,Plantaginaceae,family
Collinsia,Collinsia,genus
Heliantheae undiff.,Plantae,kingdom
Heliantheae undiff.,Tracheophyta,phylum
Heliantheae undiff.,Magnoliopsida,class
Heliantheae undiff.,Asterales,order
Heliantheae undiff.,Asteraceae,family
Heliantheae undiff.,Heliantheae,genus
Acer cf. A. pensylvanicum,Plantae,kingdom
Acer cf. A. pensylvanicum,Tracheophyta,phylum
Acer cf. A. pensylvanicum,Magnoliopsida,class
Acer cf. A. pensylvanicum,Sapindales,order
Acer cf. A. pensylvanicum,Sapindaceae,family
Acer cf. A. pensylvanicum,Acer,genus
Frangula purshiana-type,Plantae,kingdom
Frangula purshiana-type,Tracheophyta,phylum
Frangula purshiana-type,Magnoliopsida,class
Frangula purshiana-type,Rosales,order
Frangula purshiana-type,Rhamnaceae,family
Frangula purshiana-type,Frangula,genus
Pinus contorta/P. ponderosa,Plantae,kingdom
Pinus contorta/P. ponderosa,Tracheophyta,phylum
Pinus contorta/P. ponderosa,Pinopsida,class
Pinus contorta/P. ponderosa,Pinales,order
Pinus contorta/P. ponderosa,Pinaceae,family
Pinus contorta/P. ponderosa,Pinus,genus
Pinus monticola/P. albicaulis,Plantae,kingdom
Pinus monticola/P. albicaulis,Tracheophyta,phylum
Pinus monticola/P. albicaulis,Pinopsida,class
Pinus monticola/P. albicaulis,Pinales,order
Pinus monticola/P. albicaulis,Pinaceae,family
Pinus monticola/P. albicaulis,Pinus,genus
Populus trichocarpa-type,Plantae,kingdom
Populus trichocarpa-type,Tracheophyta,phylum
Populus trichocarpa-type,Magnoliopsida,class
Populus trichocarpa-type,Malpighiales,order
Populus trichocarpa-type,Salicaceae,family
Populus trichocarpa-type,Populus,genus
Prunus cf. P. serotina,Plantae,kingdom
Prunus cf. P. serotina,Tracheophyta,phylum
Prunus cf. P. serotina,Magnoliopsida,class
Prunus cf. P. serotina,Rosales,order
Prunus cf. P. serotina,Rosaceae,family
Prunus cf. P. serotina,Prunus,genus
Thuja plicata-type,Plantae,kingdom
Thuja plicata-type,Tracheophyta,phylum
Thuja plicata-type,Pinopsida,class
Thuja plicata-type,Pinales,order
Thuja plicata-type,Cupressaceae,family
Thuja plicata-type,Thuja,genus
Cannabaceae cf. Humulus,Plantae,kingdom
Cannabaceae cf. Humulus,Tracheophyta,phylum
Cannabaceae cf. Humulus,Magnoliopsida,class
Cannabaceae cf. Humulus,Rosales,order
Cannabaceae cf. Humulus,Cannabaceae,family
Ranunculaceae cf. Aconitum,Plantae,kingdom
Ranunculaceae cf. Aconitum,Tracheophyta,phylum
Ranunculaceae cf. Aconitum,Magnoliopsida,class
Ranunculaceae cf. Aconitum,Ranunculales,order
Ranunculaceae cf. Aconitum,Ranunculaceae,family
Rosaceae cf. Adenostoma,Plantae,kingdom
Rosaceae cf. Adenostoma,Tracheophyta,phylum
Rosaceae cf. Adenostoma,Magnoliopsida,class
Rosaceae cf. Adenostoma,Rosales,order
Rosaceae cf. Adenostoma,Rosaceae,family
Betula (>20 µm),Plantae,kingdom
Betula (>20 µm),Tracheophyta,phylum
Betula (>20 µm),Magnoliopsida,class
Betula (>20 µm),Fagales,order
Betula (>20 µm),Betulaceae,family
Betula (>20 µm),Betula,genus
Betula (<20 µm),Plantae,kingdom
Betula (<20 µm),Tracheophyta,phylum
Betula (<20 µm),Magnoliopsida,class
Betula (<20 µm),Fagales,order
Betula (<20 µm),Betulaceae,family
Betula (<20 µm),Betula,genus
Acer cf. A. glabrum,Plantae,kingdom
Acer cf. A. glabrum,Tracheophyta,phylum
Acer cf. A. glabrum,Magnoliopsida,class
Acer cf. A. glabrum,Sapindales,order
Acer cf. A. glabrum,Sapindaceae,family
Acer cf. A. glabrum,Acer,genus
Plectritis,Plantae,kingdom
Plectritis,Tracheophyta,phylum
Plectritis,Magnoliopsida,class
Plectritis,Dipsacales,order
Plectritis,Caprifoliaceae,family
Plectritis,Plectritis,genus
Quercus garryana,Plantae,kingdom
Quercus garryana,Tracheophyta,phylum
Quercus garryana,Magnoliopsida,class
Quercus garryana,Fagales,order
Quercus garryana,Fagaceae,family
Quercus garryana,Quercus,genus
Quercus garryana,Quercus garryana,species
Betula papyrifera,Plantae,kingdom
Betula papyrifera,Tracheophyta,phylum
Betula papyrifera,Magnoliopsida,class
Betula papyrifera,Fagales,order
Betula papyrifera,Betulaceae,family
Betula papyrifera,Betula,genus
Betula papyrifera,Betula papyrifera,species
Morus rubra,Plantae,kingdom
Morus rubra,Tracheophyta,phylum
Morus rubra,Magnoliopsida,class
Morus rubra,Rosales,order
Morus rubra,Moraceae,family
Morus rubra,Morus,genus
Morus rubra,Morus rubra,species
Pinus resinosa,Plantae,kingdom
Pinus resinosa,Tracheophyta,phylum
Pinus resinosa,Pinopsida,class
Pinus resinosa,Pinales,order
Pinus resinosa,Pinaceae,family
Pinus resinosa,Pinus,genus
Pinus resinosa,Pinus resinosa,species
Araliaceae,Plantae,kingdom
Araliaceae,Tracheophyta,phylum
Araliaceae,Magnoliopsida,class
Araliaceae,Apiales,order
Araliaceae,Araliaceae,family
Bumelia,Plantae,kingdom
Bumelia,Tracheophyta,phylum
Bumelia,Magnoliopsida,class
Bumelia,Ericales,order
Bumelia,Sapotaceae,family
Bumelia,Sideroxylon,genus
Cecropia,Plantae,kingdom
Cecropia,Tracheophyta,phylum
Cecropia,Magnoliopsida,class
Cecropia,Rosales,order
Cecropia,Urticaceae,family
Cecropia,Cecropia,genus
Eugenia,Animalia,kingdom
Eugenia,Arthropoda,phylum
Eugenia,Insecta,class
Eugenia,Diptera,order
Eugenia,Tachinidae,family
Eugenia,Eugenia,genus
Eugenia,Plantae,kingdom
Eugenia,Tracheophyta,phylum
Eugenia,Magnoliopsida,class
Eugenia,Myrtales,order
Eugenia,Myrtaceae,family
Eugenia,Eugenia,genus
Myrsine,Plantae,kingdom
Myrsine,Tracheophyta,phylum
Myrsine,Magnoliopsida,class
Myrsine,Ericales,order
Myrsine,Primulaceae,family
Myrsine,Myrsine,genus
Pinus clausa-type,Plantae,kingdom
Pinus clausa-type,Tracheophyta,phylum
Pinus clausa-type,Pinopsida,class
Pinus clausa-type,Pinales,order
Pinus clausa-type,Pinaceae,family
Pinus clausa-type,Pinus,genus
Brassicaceae cf. Brassica,Plantae,kingdom
Brassicaceae cf. Brassica,Tracheophyta,phylum
Brassicaceae cf. Brassica,Magnoliopsida,class
Brassicaceae cf. Brassica,Brassicales,order
Brassicaceae cf. Brassica,Brassicaceae,family
Campanula aparinoides-type,Plantae,kingdom
Campanula aparinoides-type,Tracheophyta,phylum
Campanula aparinoides-type,Magnoliopsida,class
Campanula aparinoides-type,Asterales,order
Campanula aparinoides-type,Campanulaceae,family
Campanula aparinoides-type,Campanula,genus
Koenigia alaskana,Plantae,kingdom
Koenigia alaskana,Tracheophyta,phylum
Koenigia alaskana,Magnoliopsida,class
Koenigia alaskana,Caryophyllales,order
Koenigia alaskana,Polygonaceae,family
Koenigia alaskana,Koenigia,genus
Koenigia alaskana,Koenigia lapathifolia,species
Comandra,Plantae,kingdom
Comandra,Tracheophyta,phylum
Comandra,Magnoliopsida,class
Comandra,Santalales,order
Comandra,Comandraceae,family
Comandra,Comandra,genus
Lysimachia quadriflora-type,Plantae,kingdom
Lysimachia quadriflora-type,Tracheophyta,phylum
Lysimachia quadriflora-type,Magnoliopsida,class
Lysimachia quadriflora-type,Ericales,order
Lysimachia quadriflora-type,Primulaceae,family
Lysimachia quadriflora-type,Lysimachia,genus
Ribes aureum,Plantae,kingdom
Ribes aureum,Tracheophyta,phylum
Ribes aureum,Magnoliopsida,class
Ribes aureum,Saxifragales,order
Ribes aureum,Grossulariaceae,family
Ribes aureum,Ribes,genus
Ribes aureum,Ribes aureum,species
Boerhavia,Plantae,kingdom
Boerhavia,Tracheophyta,phylum
Boerhavia,Magnoliopsida,class
Boerhavia,Caryophyllales,order
Boerhavia,Nyctaginaceae,family
Boerhavia,Boerhavia,genus
Diospyros,Plantae,kingdom
Diospyros,Tracheophyta,phylum
Diospyros,Magnoliopsida,class
Diospyros,Ericales,order
Diospyros,Ebenaceae,family
Diospyros,Diospyros,genus
Styloceras,Chromista,kingdom
Styloceras,Ochrophyta,phylum
Styloceras,Chrysophyceae,class
Styloceras,Hibberdiales,order
Styloceras,Stylococcaceae,family
Styloceras,Styloceras,genus
Styloceras,Plantae,kingdom
Styloceras,Tracheophyta,phylum
Styloceras,Magnoliopsida,class
Styloceras,Buxales,order
Styloceras,Buxaceae,family
Styloceras,Styloceras,genus
Viscaceae sensu stricto undiff.,Plantae,kingdom
Viscaceae sensu stricto undiff.,Tracheophyta,phylum
Viscaceae sensu stricto undiff.,Magnoliopsida,class
Viscaceae sensu stricto undiff.,Santalales,order
Viscaceae sensu stricto undiff.,Viscaceae,family
Alnus rhombifolia-type,Plantae,kingdom
Alnus rhombifolia-type,Tracheophyta,phylum
Alnus rhombifolia-type,Magnoliopsida,class
Alnus rhombifolia-type,Fagales,order
Alnus rhombifolia-type,Betulaceae,family
Alnus rhombifolia-type,Alnus,genus
Fraxinus latifolia-type,Plantae,kingdom
Fraxinus latifolia-type,Tracheophyta,phylum
Fraxinus latifolia-type,Magnoliopsida,class
Fraxinus latifolia-type,Lamiales,order
Fraxinus latifolia-type,Oleaceae,family
Fraxinus latifolia-type,Fraxinus,genus
Triantha glutinosa,Plantae,kingdom
Triantha glutinosa,Tracheophyta,phylum
Triantha glutinosa,Liliopsida,class
Triantha glutinosa,Alismatales,order
Triantha glutinosa,Tofieldiaceae,family
Triantha glutinosa,Triantha,genus
Triantha glutinosa,Triantha glutinosa,species
Parthenocissus vitacea,Plantae,kingdom
Parthenocissus vitacea,Tracheophyta,phylum
Parthenocissus vitacea,Magnoliopsida,class
Parthenocissus vitacea,Vitales,order
Parthenocissus vitacea,Vitaceae,family
Parthenocissus vitacea,Parthenocissus,genus
Parthenocissus vitacea,Parthenocissus inserta,species
Boehmeria,Plantae,kingdom
Boehmeria,Tracheophyta,phylum
Boehmeria,Magnoliopsida,class
Boehmeria,Rosales,order
Boehmeria,Urticaceae,family
Boehmeria,Boehmeria,genus
Picea rubens-type,Plantae,kingdom
Picea rubens-type,Tracheophyta,phylum
Picea rubens-type,Pinopsida,class
Picea rubens-type,Pinales,order
Picea rubens-type,Pinaceae,family
Picea rubens-type,Picea,genus
Acer rubrum-type,Plantae,kingdom
Acer rubrum-type,Tracheophyta,phylum
Acer rubrum-type,Magnoliopsida,class
Acer rubrum-type,Sapindales,order
Acer rubrum-type,Sapindaceae,family
Acer rubrum-type,Acer,genus
Magnolia virginiana-type,Plantae,kingdom
Magnolia virginiana-type,Tracheophyta,phylum
Magnolia virginiana-type,Magnoliopsida,class
Magnolia virginiana-type,Magnoliales,order
Magnolia virginiana-type,Magnoliaceae,family
Magnolia virginiana-type,Magnolia,genus
Coniferae,Animalia,kingdom
Coniferae,Arthropoda,phylum
Coniferae,Ostracoda,class
Coniferae,Podocopida,order
Coniferae,Coniferina,genus
Combretaceae,Plantae,kingdom
Combretaceae,Tracheophyta,phylum
Combretaceae,Magnoliopsida,class
Combretaceae,Myrtales,order
Combretaceae,Combretaceae,family
Pinus rigida,Plantae,kingdom
Pinus rigida,Tracheophyta,phylum
Pinus rigida,Pinopsida,class
Pinus rigida,Pinales,order
Pinus rigida,Pinaceae,family
Pinus rigida,Pinus,genus
Pinus rigida,Pinus rigida,species
Acer saccharum/A. nigrum,Plantae,kingdom
Acer saccharum/A. nigrum,Tracheophyta,phylum
Acer saccharum/A. nigrum,Magnoliopsida,class
Acer saccharum/A. nigrum,Sapindales,order
Acer saccharum/A. nigrum,Sapindaceae,family
Acer saccharum/A. nigrum,Acer,genus
Acer spicatum-type,Plantae,kingdom
Acer spicatum-type,Tracheophyta,phylum
Acer spicatum-type,Magnoliopsida,class
Acer spicatum-type,Sapindales,order
Acer spicatum-type,Sapindaceae,family
Acer spicatum-type,Acer,genus
Physocarpus,Plantae,kingdom
Physocarpus,Tracheophyta,phylum
Physocarpus,Magnoliopsida,class
Physocarpus,Rosales,order
Physocarpus,Rosaceae,family
Physocarpus,Physocarpus,genus
Pinus rigida-type,Plantae,kingdom
Pinus rigida-type,Tracheophyta,phylum
Pinus rigida-type,Pinopsida,class
Pinus rigida-type,Pinales,order
Pinus rigida-type,Pinaceae,family
Pinus rigida-type,Pinus,genus
Acer sp.,Plantae,kingdom
Acer sp.,Tracheophyta,phylum
Acer sp.,Magnoliopsida,class
Acer sp.,Sapindales,order
Acer sp.,Sapindaceae,family
Acer sp.,Acer,genus
Ptelea trifoliata,Plantae,kingdom
Ptelea trifoliata,Tracheophyta,phylum
Ptelea trifoliata,Magnoliopsida,class
Ptelea trifoliata,Sapindales,order
Ptelea trifoliata,Rutaceae,family
Ptelea trifoliata,Ptelea,genus
Ptelea trifoliata,Ptelea trifoliata,species
Cucurbita,Plantae,kingdom
Cucurbita,Tracheophyta,phylum
Cucurbita,Magnoliopsida,class
Cucurbita,Cucurbitales,order
Cucurbita,Cucurbitaceae,family
Cucurbita,Cucurbita,genus
Cucurbita,Chromista,kingdom
Cucurbita,Foraminifera,phylum
Cucurbita,Tubothalamea,class
Cucurbita,Miliolida,order
Cucurbita,Milioliporidae,family
Cucurbita,Cucurbita,genus
Rhexia,Animalia,kingdom
Rhexia,Arthropoda,phylum
Rhexia,Insecta,class
Rhexia,Hemiptera,order
Rhexia,Membracidae,family
Rhexia,Rhexia,genus
Rhexia,Plantae,kingdom
Rhexia,Tracheophyta,phylum
Rhexia,Magnoliopsida,class
Rhexia,Myrtales,order
Rhexia,Melastomataceae,family
Rhexia,Rhexia,genus
Pinus subg. Pinus (large),Plantae,kingdom
Pinus subg. Pinus (large),Tracheophyta,phylum
Pinus subg. Pinus (large),Pinopsida,class
Pinus subg. Pinus (large),Pinales,order
Pinus subg. Pinus (large),Pinaceae,family
Pinus subg. Pinus (large),Pinus,genus
Pinus subg. Pinus (small),Plantae,kingdom
Pinus subg. Pinus (small),Tracheophyta,phylum
Pinus subg. Pinus (small),Pinopsida,class
Pinus subg. Pinus (small),Pinales,order
Pinus subg. Pinus (small),Pinaceae,family
Pinus subg. Pinus (small),Pinus,genus
Planera,Plantae,kingdom
Planera,Tracheophyta,phylum
Planera,Magnoliopsida,class
Planera,Rosales,order
Planera,Ulmaceae,family
Planera,Planera,genus
Cassiope tetragona-type,Plantae,kingdom
Cassiope tetragona-type,Tracheophyta,phylum
Cassiope tetragona-type,Magnoliopsida,class
Cassiope tetragona-type,Ericales,order
Cassiope tetragona-type,Ericaceae,family
Cassiope tetragona-type,Cassiope,genus
Cassiope tetragona-type,Animalia,kingdom
Cassiope tetragona-type,Mollusca,phylum
Cassiope tetragona-type,Gastropoda,class
Cassiope tetragona-type,Cassiopidae,family
Cassiope tetragona-type,Cassiope,genus
Oplopanax,Plantae,kingdom
Oplopanax,Tracheophyta,phylum
Oplopanax,Magnoliopsida,class
Oplopanax,Apiales,order
Oplopanax,Araliaceae,family
Oplopanax,Oplopanax,genus
Agrostis,Plantae,kingdom
Agrostis,Tracheophyta,phylum
Agrostis,Liliopsida,class
Agrostis,Poales,order
Agrostis,Poaceae,family
Agrostis,Agrostis,genus
Araceae undiff.,Plantae,kingdom
Araceae undiff.,Tracheophyta,phylum
Araceae undiff.,Liliopsida,class
Araceae undiff.,Alismatales,order
Araceae undiff.,Araceae,family
Chimaphila,Plantae,kingdom
Chimaphila,Tracheophyta,phylum
Chimaphila,Magnoliopsida,class
Chimaphila,Ericales,order
Chimaphila,Ericaceae,family
Chimaphila,Chimaphila,genus
Chimaphila,Animalia,kingdom
Chimaphila,Arthropoda,phylum
Chimaphila,Insecta,class
Chimaphila,Lepidoptera,order
Chimaphila,Geometridae,family
Chimaphila,Chimaphila,genus
Poa,Plantae,kingdom
Poa,Tracheophyta,phylum
Poa,Liliopsida,class
Poa,Poales,order
Poa,Poaceae,family
Poa,Poa,genus
Apiaceae (coarse reticulate),Plantae,kingdom
Apiaceae (coarse reticulate),Tracheophyta,phylum
Apiaceae (coarse reticulate),Magnoliopsida,class
Apiaceae (coarse reticulate),Apiales,order
Apiaceae (coarse reticulate),Apiaceae,family
"Apiaceae (medium, slender)",Plantae,kingdom
"Apiaceae (medium, slender)",Tracheophyta,phylum
"Apiaceae (medium, slender)",Magnoliopsida,class
"Apiaceae (medium, slender)",Apiales,order
"Apiaceae (medium, slender)",Apiaceae,family
"Ericaceae (large, round)",Plantae,kingdom
"Ericaceae (large, round)",Tracheophyta,phylum
"Ericaceae (large, round)",Magnoliopsida,class
"Ericaceae (large, round)",Ericales,order
"Ericaceae (large, round)",Ericaceae,family
"Ericaceae (large, triangular)",Plantae,kingdom
"Ericaceae (large, triangular)",Tracheophyta,phylum
"Ericaceae (large, triangular)",Magnoliopsida,class
"Ericaceae (large, triangular)",Ericales,order
"Ericaceae (large, triangular)",Ericaceae,family
"Ericaceae (medium, soccer ball)",Plantae,kingdom
"Ericaceae (medium, soccer ball)",Tracheophyta,phylum
"Ericaceae (medium, soccer ball)",Magnoliopsida,class
"Ericaceae (medium, soccer ball)",Ericales,order
"Ericaceae (medium, soccer ball)",Ericaceae,family
"Ericaceae (small, round)",Plantae,kingdom
"Ericaceae (small, round)",Tracheophyta,phylum
"Ericaceae (small, round)",Magnoliopsida,class
"Ericaceae (small, round)",Ericales,order
"Ericaceae (small, round)",Ericaceae,family
"Ericaceae (small, triangular)",Plantae,kingdom
"Ericaceae (small, triangular)",Tracheophyta,phylum
"Ericaceae (small, triangular)",Magnoliopsida,class
"Ericaceae (small, triangular)",Ericales,order
"Ericaceae (small, triangular)",Ericaceae,family
Betula (large),Plantae,kingdom
Betula (large),Tracheophyta,phylum
Betula (large),Magnoliopsida,class
Betula (large),Fagales,order
Betula (large),Betulaceae,family
Betula (large),Betula,genus
Abies sp.,Plantae,kingdom
Abies sp.,Tracheophyta,phylum
Abies sp.,Pinopsida,class
Abies sp.,Pinales,order
Abies sp.,Pinaceae,family
Abies sp.,Abies,genus
Picea sp.,Plantae,kingdom
Picea sp.,Tracheophyta,phylum
Picea sp.,Pinopsida,class
Picea sp.,Pinales,order
Picea sp.,Pinaceae,family
Picea sp.,Picea,genus
Salix sp.,Plantae,kingdom
Salix sp.,Tracheophyta,phylum
Salix sp.,Magnoliopsida,class
Salix sp.,Malpighiales,order
Salix sp.,Salicaceae,family
Salix sp.,Salix,genus
Taxaceae,Plantae,kingdom
Taxaceae,Tracheophyta,phylum
Taxaceae,Pinopsida,class
Taxaceae,Pinales,order
Taxaceae,Taxaceae,family
Coptis trifolia,Plantae,kingdom
Coptis trifolia,Tracheophyta,phylum
Coptis trifolia,Magnoliopsida,class
Coptis trifolia,Ranunculales,order
Coptis trifolia,Ranunculaceae,family
Coptis trifolia,Coptis,genus
Coptis trifolia,Coptis trifolia,species
Epilobium palustre,Plantae,kingdom
Epilobium palustre,Tracheophyta,phylum
Epilobium palustre,Magnoliopsida,class
Epilobium palustre,Myrtales,order
Epilobium palustre,Onagraceae,family
Epilobium palustre,Epilobium,genus
Epilobium palustre,Epilobium palustre,species
Scutellaria galericulata,Plantae,kingdom
Scutellaria galericulata,Tracheophyta,phylum
Scutellaria galericulata,Magnoliopsida,class
Scutellaria galericulata,Lamiales,order
Scutellaria galericulata,Lamiaceae,family
Scutellaria galericulata,Scutellaria,genus
Scutellaria galericulata,Scutellaria galericulata,species
Pinus indet.,Plantae,kingdom
Pinus indet.,Tracheophyta,phylum
Pinus indet.,Pinopsida,class
Pinus indet.,Pinales,order
Pinus indet.,Pinaceae,family
Pinus indet.,Pinus,genus
Valerianaceae undiff.,Plantae,kingdom
Valerianaceae undiff.,Tracheophyta,phylum
Valerianaceae undiff.,Magnoliopsida,class
Valerianaceae undiff.,Dipsacales,order
Valerianaceae undiff.,Valerianaceae,family
Erythranthe guttata,Plantae,kingdom
Erythranthe guttata,Tracheophyta,phylum
Erythranthe guttata,Magnoliopsida,class
Erythranthe guttata,Lamiales,order
Erythranthe guttata,Phrymaceae,family
Erythranthe guttata,Erythranthe,genus
Erythranthe guttata,Erythranthe guttata,species
Andromeda polifolia var. latifolia,Plantae,kingdom
Andromeda polifolia var. latifolia,Tracheophyta,phylum
Andromeda polifolia var. latifolia,Magnoliopsida,class
Andromeda polifolia var. latifolia,Ericales,order
Andromeda polifolia var. latifolia,Ericaceae,family
Andromeda polifolia var. latifolia,Andromeda,genus
Andromeda polifolia var. latifolia,Andromeda polifolia,species
Andromeda polifolia var. latifolia,Andromeda polifolia latifolia,variety
Cupressaceae cf. Thuja occidentalis,Plantae,kingdom
Cupressaceae cf. Thuja occidentalis,Tracheophyta,phylum
Cupressaceae cf. Thuja occidentalis,Pinopsida,class
Cupressaceae cf. Thuja occidentalis,Pinales,order
Cupressaceae cf. Thuja occidentalis,Cupressaceae,family
Prunus serotina,Plantae,kingdom
Prunus serotina,Tracheophyta,phylum
Prunus serotina,Magnoliopsida,class
Prunus serotina,Rosales,order
Prunus serotina,Rosaceae,family
Prunus serotina,Prunus,genus
Prunus serotina,Prunus serotina,species
Rhododendron canadense,Plantae,kingdom
Rhododendron canadense,Tracheophyta,phylum
Rhododendron canadense,Magnoliopsida,class
Rhododendron canadense,Ericales,order
Rhododendron canadense,Ericaceae,family
Rhododendron canadense,Rhododendron,genus
Rhododendron canadense,Rhododendron canadense,species
Vaccinium angustifolium-type,Plantae,kingdom
Vaccinium angustifolium-type,Tracheophyta,phylum
Vaccinium angustifolium-type,Magnoliopsida,class
Vaccinium angustifolium-type,Ericales,order
Vaccinium angustifolium-type,Ericaceae,family
Vaccinium angustifolium-type,Vaccinium,genus
Vaccinium oxycoccos,Plantae,kingdom
Vaccinium oxycoccos,Tracheophyta,phylum
Vaccinium oxycoccos,Magnoliopsida,class
Vaccinium oxycoccos,Ericales,order
Vaccinium oxycoccos,Ericaceae,family
Vaccinium oxycoccos,Vaccinium,genus
Vaccinium oxycoccos,Vaccinium oxycoccos,species
Vaccinium undiff.,Plantae,kingdom
Vaccinium undiff.,Tracheophyta,phylum
Vaccinium undiff.,Magnoliopsida,class
Vaccinium undiff.,Ericales,order
Vaccinium undiff.,Ericaceae,family
Vaccinium undiff.,Vaccinium,genus
Ilex verticillata,Plantae,kingdom
Ilex verticillata,Tracheophyta,phylum
Ilex verticillata,Magnoliopsida,class
Ilex verticillata,Aquifoliales,order
Ilex verticillata,Aquifoliaceae,family
Ilex verticillata,Ilex,genus
Ilex verticillata,Ilex verticillata,species
Lyonia,Plantae,kingdom
Lyonia,Tracheophyta,phylum
Lyonia,Magnoliopsida,class
Lyonia,Ericales,order
Lyonia,Ericaceae,family
Lyonia,Lyonia,genus
Lyonia,Animalia,kingdom
Lyonia,Brachiopoda,phylum
Lyonia,Monticuliferidae,family
Lyonia,Lyonia,genus
Sanguinaria canadensis,Plantae,kingdom
Sanguinaria canadensis,Tracheophyta,phylum
Sanguinaria canadensis,Magnoliopsida,class
Sanguinaria canadensis,Ranunculales,order
Sanguinaria canadensis,Papaveraceae,family
Sanguinaria canadensis,Sanguinaria,genus
Sanguinaria canadensis,Sanguinaria canadensis,species
Toxicodendron,Plantae,kingdom
Toxicodendron,Tracheophyta,phylum
Toxicodendron,Magnoliopsida,class
Toxicodendron,Sapindales,order
Toxicodendron,Anacardiaceae,family
Toxicodendron,Toxicodendron,genus
Cassia,Plantae,kingdom
Cassia,Tracheophyta,phylum
Cassia,Magnoliopsida,class
Cassia,Fabales,order
Cassia,Fabaceae,family
Cassia,Cassia,genus
Fabaceae (reticulate),Plantae,kingdom
Fabaceae (reticulate),Tracheophyta,phylum
Fabaceae (reticulate),Magnoliopsida,class
Fabaceae (reticulate),Fabales,order
Fabaceae (reticulate),Fabaceae,family
Hibiscus,Plantae,kingdom
Hibiscus,Tracheophyta,phylum
Hibiscus,Magnoliopsida,class
Hibiscus,Malvales,order
Hibiscus,Malvaceae,family
Hibiscus,Hibiscus,genus
Cucurbitaceae,Plantae,kingdom
Cucurbitaceae,Tracheophyta,phylum
Cucurbitaceae,Magnoliopsida,class
Cucurbitaceae,Cucurbitales,order
Cucurbitaceae,Cucurbitaceae,family
Bromus hordeaceus-type,Plantae,kingdom
Bromus hordeaceus-type,Tracheophyta,phylum
Bromus hordeaceus-type,Liliopsida,class
Bromus hordeaceus-type,Poales,order
Bromus hordeaceus-type,Poaceae,family
Bromus hordeaceus-type,Bromus,genus
Pinus haploxylon,Plantae,kingdom
Pinus haploxylon,Tracheophyta,phylum
Pinus haploxylon,Pinopsida,class
Pinus haploxylon,Pinales,order
Pinus haploxylon,Pinaceae,family
Pinus haploxylon,Pinus,genus
Orontium,Plantae,kingdom
Orontium,Tracheophyta,phylum
Orontium,Liliopsida,class
Orontium,Alismatales,order
Orontium,Araceae,family
Orontium,Orontium,genus
Asteraceae indet.,Plantae,kingdom
Asteraceae indet.,Tracheophyta,phylum
Asteraceae indet.,Magnoliopsida,class
Asteraceae indet.,Asterales,order
Asteraceae indet.,Asteraceae,family
Baccharis,Plantae,kingdom
Baccharis,Tracheophyta,phylum
Baccharis,Magnoliopsida,class
Baccharis,Asterales,order
Baccharis,Asteraceae,family
Baccharis,Baccharis,genus
Chaenactis,Plantae,kingdom
Chaenactis,Tracheophyta,phylum
Chaenactis,Magnoliopsida,class
Chaenactis,Asterales,order
Chaenactis,Asteraceae,family
Chaenactis,Chaenactis,genus
Ambrosia sp.,Plantae,kingdom
Ambrosia sp.,Tracheophyta,phylum
Ambrosia sp.,Magnoliopsida,class
Ambrosia sp.,Asterales,order
Ambrosia sp.,Asteraceae,family
Ambrosia sp.,Ambrosia,genus
Rumex mexicanus,Plantae,kingdom
Rumex mexicanus,Tracheophyta,phylum
Rumex mexicanus,Magnoliopsida,class
Rumex mexicanus,Caryophyllales,order
Rumex mexicanus,Polygonaceae,family
Rumex mexicanus,Rumex,genus
Rumex mexicanus,Rumex triangulivalvis,species
Microsteris,Plantae,kingdom
Microsteris,Tracheophyta,phylum
Microsteris,Magnoliopsida,class
Microsteris,Ericales,order
Microsteris,Polemoniaceae,family
Microsteris,Microsteris,genus
Dryas integrifolia,Plantae,kingdom
Dryas integrifolia,Tracheophyta,phylum
Dryas integrifolia,Magnoliopsida,class
Dryas integrifolia,Rosales,order
Dryas integrifolia,Rosaceae,family
Dryas integrifolia,Dryas,genus
Dryas integrifolia,Dryas integrifolia,species
Rhus typhina,Plantae,kingdom
Rhus typhina,Tracheophyta,phylum
Rhus typhina,Magnoliopsida,class
Rhus typhina,Sapindales,order
Rhus typhina,Anacardiaceae,family
Rhus typhina,Rhus,genus
Rhus typhina,Rhus typhina,species
Mentha arvensis,Plantae,kingdom
Mentha arvensis,Tracheophyta,phylum
Mentha arvensis,Magnoliopsida,class
Mentha arvensis,Lamiales,order
Mentha arvensis,Lamiaceae,family
Mentha arvensis,Mentha,genus
Mentha arvensis,Mentha arvensis,species
Micranthes cf. M. punctata,Plantae,kingdom
Micranthes cf. M. punctata,Tracheophyta,phylum
Micranthes cf. M. punctata,Magnoliopsida,class
Micranthes cf. M. punctata,Saxifragales,order
Micranthes cf. M. punctata,Saxifragaceae,family
Micranthes cf. M. punctata,Micranthes,genus
Rubus cf. R. chamaemorus,Plantae,kingdom
Rubus cf. R. chamaemorus,Tracheophyta,phylum
Rubus cf. R. chamaemorus,Magnoliopsida,class
Rubus cf. R. chamaemorus,Rosales,order
Rubus cf. R. chamaemorus,Rosaceae,family
Rubus cf. R. chamaemorus,Rubus,genus
Betula (20-25 µm),Plantae,kingdom
Betula (20-25 µm),Tracheophyta,phylum
Betula (20-25 µm),Magnoliopsida,class
Betula (20-25 µm),Fagales,order
Betula (20-25 µm),Betulaceae,family
Betula (20-25 µm),Betula,genus
Betula (>25 µm),Plantae,kingdom
Betula (>25 µm),Tracheophyta,phylum
Betula (>25 µm),Magnoliopsida,class
Betula (>25 µm),Fagales,order
Betula (>25 µm),Betulaceae,family
Betula (>25 µm),Betula,genus
Nitraria,Plantae,kingdom
Nitraria,Tracheophyta,phylum
Nitraria,Magnoliopsida,class
Nitraria,Sapindales,order
Nitraria,Nitrariaceae,family
Nitraria,Nitraria,genus
Tamaricaceae,Plantae,kingdom
Tamaricaceae,Tracheophyta,phylum
Tamaricaceae,Magnoliopsida,class
Tamaricaceae,Caryophyllales,order
Tamaricaceae,Tamaricaceae,family
Alnus hirsuta,Plantae,kingdom
Alnus hirsuta,Tracheophyta,phylum
Alnus hirsuta,Magnoliopsida,class
Alnus hirsuta,Fagales,order
Alnus hirsuta,Betulaceae,family
Alnus hirsuta,Alnus,genus
Alnus hirsuta,Alnus hirsuta,species
Alnus viridis subsp. fruticosa,Plantae,kingdom
Alnus viridis subsp. fruticosa,Tracheophyta,phylum
Alnus viridis subsp. fruticosa,Magnoliopsida,class
Alnus viridis subsp. fruticosa,Fagales,order
Alnus viridis subsp. fruticosa,Betulaceae,family
Alnus viridis subsp. fruticosa,Alnus,genus
Alnus viridis subsp. fruticosa,Alnus alnobetula,species
Alnus viridis subsp. fruticosa,Alnus viridis fruticosa,subspecies
Betula nana subsp. exilis,Plantae,kingdom
Betula nana subsp. exilis,Tracheophyta,phylum
Betula nana subsp. exilis,Magnoliopsida,class
Betula nana subsp. exilis,Fagales,order
Betula nana subsp. exilis,Betulaceae,family
Betula nana subsp. exilis,Betula,genus
Betula nana subsp. exilis,Betula glandulosa,species
Betula nana subsp. exilis,Betula nana exilis,subspecies
Betula pendula subsp. mandshurica,Plantae,kingdom
Betula pendula subsp. mandshurica,Tracheophyta,phylum
Betula pendula subsp. mandshurica,Magnoliopsida,class
Betula pendula subsp. mandshurica,Fagales,order
Betula pendula subsp. mandshurica,Betulaceae,family
Betula pendula subsp. mandshurica,Betula,genus
Betula pendula subsp. mandshurica,Betula pendula,species
Betula pendula subsp. mandshurica,Betula pendula mandshurica,subspecies
Chrozophora tinctoria,Plantae,kingdom
Chrozophora tinctoria,Tracheophyta,phylum
Chrozophora tinctoria,Magnoliopsida,class
Chrozophora tinctoria,Malpighiales,order
Chrozophora tinctoria,Euphorbiaceae,family
Chrozophora tinctoria,Chrozophora,genus
Chrozophora tinctoria,Chrozophora tinctoria,species
Larix gmelinii,Plantae,kingdom
Larix gmelinii,Tracheophyta,phylum
Larix gmelinii,Pinopsida,class
Larix gmelinii,Pinales,order
Larix gmelinii,Pinaceae,family
Larix gmelinii,Larix,genus
Larix gmelinii,Larix gmelinii,species
Phlox sibirica,Plantae,kingdom
Phlox sibirica,Tracheophyta,phylum
Phlox sibirica,Magnoliopsida,class
Phlox sibirica,Ericales,order
Phlox sibirica,Polemoniaceae,family
Phlox sibirica,Phlox,genus
Phlox sibirica,Phlox sibirica,species
Picea obovata,Plantae,kingdom
Picea obovata,Tracheophyta,phylum
Picea obovata,Pinopsida,class
Picea obovata,Pinales,order
Picea obovata,Pinaceae,family
Picea obovata,Picea,genus
Picea obovata,Picea obovata,species
Haloragis,Plantae,kingdom
Haloragis,Tracheophyta,phylum
Haloragis,Magnoliopsida,class
Haloragis,Saxifragales,order
Haloragis,Haloragaceae,family
Haloragis,Haloragis,genus
Quercus sect. Cyclobalanopsis,Plantae,kingdom
Quercus sect. Cyclobalanopsis,Tracheophyta,phylum
Quercus sect. Cyclobalanopsis,Magnoliopsida,class
Quercus sect. Cyclobalanopsis,Fagales,order
Quercus sect. Cyclobalanopsis,Fagaceae,family
Quercus sect. Cyclobalanopsis,Quercus,genus
Quercus subg. Quercus,Plantae,kingdom
Quercus subg. Quercus,Tracheophyta,phylum
Quercus subg. Quercus,Magnoliopsida,class
Quercus subg. Quercus,Fagales,order
Quercus subg. Quercus,Fagaceae,family
Quercus subg. Quercus,Quercus,genus
Carpinus tschonoskii,Plantae,kingdom
Carpinus tschonoskii,Tracheophyta,phylum
Carpinus tschonoskii,Magnoliopsida,class
Carpinus tschonoskii,Fagales,order
Carpinus tschonoskii,Betulaceae,family
Carpinus tschonoskii,Carpinus,genus
Carpinus tschonoskii,Carpinus tschonoskii,species
Fagus crenata,Plantae,kingdom
Fagus crenata,Tracheophyta,phylum
Fagus crenata,Magnoliopsida,class
Fagus crenata,Fagales,order
Fagus crenata,Fagaceae,family
Fagus crenata,Fagus,genus
Fagus crenata,Fagus crenata,species
Fagus japonica,Plantae,kingdom
Fagus japonica,Tracheophyta,phylum
Fagus japonica,Magnoliopsida,class
Fagus japonica,Fagales,order
Fagus japonica,Fagaceae,family
Fagus japonica,Fagus,genus
Fagus japonica,Fagus japonica,species
Mallotus,Animalia,kingdom
Mallotus,Chordata,phylum
Mallotus,Osmeriformes,order
Mallotus,Osmeridae,family
Mallotus,Mallotus,genus
Mallotus,Plantae,kingdom
Mallotus,Tracheophyta,phylum
Mallotus,Magnoliopsida,class
Mallotus,Malpighiales,order
Mallotus,Euphorbiaceae,family
Mallotus,Mallotus,genus
Phellodendron,Plantae,kingdom
Phellodendron,Tracheophyta,phylum
Phellodendron,Magnoliopsida,class
Phellodendron,Sapindales,order
Phellodendron,Rutaceae,family
Phellodendron,Phellodendron,genus
Weigela,Plantae,kingdom
Weigela,Tracheophyta,phylum
Weigela,Magnoliopsida,class
Weigela,Dipsacales,order
Weigela,Caprifoliaceae,family
Weigela,Weigela,genus
Reynoutria,Plantae,kingdom
Reynoutria,Tracheophyta,phylum
Reynoutria,Magnoliopsida,class
Reynoutria,Caryophyllales,order
Reynoutria,Polygonaceae,family
Reynoutria,Reynoutria,genus
Skimmia,Plantae,kingdom
Skimmia,Tracheophyta,phylum
Skimmia,Magnoliopsida,class
Skimmia,Sapindales,order
Skimmia,Rutaceae,family
Skimmia,Skimmia,genus
Dacrydium,Animalia,kingdom
Dacrydium,Mollusca,phylum
Dacrydium,Bivalvia,class
Dacrydium,Mytilida,order
Dacrydium,Mytilidae,family
Dacrydium,Dacrydium,genus
Dacrydium,Plantae,kingdom
Dacrydium,Tracheophyta,phylum
Dacrydium,Pinopsida,class
Dacrydium,Pinales,order
Dacrydium,Podocarpaceae,family
Dacrydium,Dacrydium,genus
Koenigia sect. Aconogonon,Plantae,kingdom
Koenigia sect. Aconogonon,Tracheophyta,phylum
Koenigia sect. Aconogonon,Magnoliopsida,class
Koenigia sect. Aconogonon,Caryophyllales,order
Koenigia sect. Aconogonon,Polygonaceae,family
Koenigia sect. Aconogonon,Koenigia,genus
Lythraceae,Plantae,kingdom
Lythraceae,Tracheophyta,phylum
Lythraceae,Magnoliopsida,class
Lythraceae,Myrtales,order
Lythraceae,Lythraceae,family
Picea sect. Omorika,Fungi,kingdom
Picea sect. Omorika,Omoriza,genus
Tsuga diversifolia,Plantae,kingdom
Tsuga diversifolia,Tracheophyta,phylum
Tsuga diversifolia,Pinopsida,class
Tsuga diversifolia,Pinales,order
Tsuga diversifolia,Pinaceae,family
Tsuga diversifolia,Tsuga,genus
Tsuga diversifolia,Tsuga diversifolia,species
Betula costata,Plantae,kingdom
Betula costata,Tracheophyta,phylum
Betula costata,Magnoliopsida,class
Betula costata,Fagales,order
Betula costata,Betulaceae,family
Betula costata,Betula,genus
Betula costata,Betula costata,species
Betula dahurica,Plantae,kingdom
Betula dahurica,Tracheophyta,phylum
Betula dahurica,Magnoliopsida,class
Betula dahurica,Fagales,order
Betula dahurica,Betulaceae,family
Betula dahurica,Betula,genus
Betula dahurica,Betula dahurica,species
Betula ermanii,Plantae,kingdom
Betula ermanii,Tracheophyta,phylum
Betula ermanii,Magnoliopsida,class
Betula ermanii,Fagales,order
Betula ermanii,Betulaceae,family
Betula ermanii,Betula,genus
Betula ermanii,Betula ermanii,species
Betula schmidtii,Plantae,kingdom
Betula schmidtii,Tracheophyta,phylum
Betula schmidtii,Magnoliopsida,class
Betula schmidtii,Fagales,order
Betula schmidtii,Betulaceae,family
Betula schmidtii,Betula,genus
Betula schmidtii,Betula schmidtii,species
Pinus koraiensis,Plantae,kingdom
Pinus koraiensis,Tracheophyta,phylum
Pinus koraiensis,Pinopsida,class
Pinus koraiensis,Pinales,order
Pinus koraiensis,Pinaceae,family
Pinus koraiensis,Pinus,genus
Pinus koraiensis,Pinus koraiensis,species
Polygonum sect. Polygonum,Plantae,kingdom
Polygonum sect. Polygonum,Tracheophyta,phylum
Polygonum sect. Polygonum,Magnoliopsida,class
Polygonum sect. Polygonum,Caryophyllales,order
Polygonum sect. Polygonum,Polygonaceae,family
Polygonum sect. Polygonum,Polygonum,genus
Astragalus onobrychis-type,Plantae,kingdom
Astragalus onobrychis-type,Tracheophyta,phylum
Astragalus onobrychis-type,Magnoliopsida,class
Astragalus onobrychis-type,Fabales,order
Astragalus onobrychis-type,Fabaceae,family
Astragalus onobrychis-type,Astragalus,genus
Eremurus,Plantae,kingdom
Eremurus,Tracheophyta,phylum
Eremurus,Liliopsida,class
Eremurus,Asparagales,order
Eremurus,Asphodelaceae,family
Eremurus,Eremurus,genus
Primula farinosa-type (large),Plantae,kingdom
Primula farinosa-type (large),Tracheophyta,phylum
Primula farinosa-type (large),Magnoliopsida,class
Primula farinosa-type (large),Ericales,order
Primula farinosa-type (large),Primulaceae,family
Primula farinosa-type (large),Primula,genus
Pterocarya fraxinifolia,Plantae,kingdom
Pterocarya fraxinifolia,Tracheophyta,phylum
Pterocarya fraxinifolia,Magnoliopsida,class
Pterocarya fraxinifolia,Fagales,order
Pterocarya fraxinifolia,Juglandaceae,family
Pterocarya fraxinifolia,Pterocarya,genus
Pterocarya fraxinifolia,Pterocarya fraxinifolia,species
Rheum officinale,Plantae,kingdom
Rheum officinale,Tracheophyta,phylum
Rheum officinale,Magnoliopsida,class
Rheum officinale,Caryophyllales,order
Rheum officinale,Polygonaceae,family
Rheum officinale,Rheum,genus
Rheum officinale,Rheum officinale,species
Claytonia arctica,Plantae,kingdom
Claytonia arctica,Tracheophyta,phylum
Claytonia arctica,Magnoliopsida,class
Claytonia arctica,Caryophyllales,order
Claytonia arctica,Montiaceae,family
Claytonia arctica,Claytonia,genus
Claytonia arctica,Claytonia arctica,species
Claytonia undiff.,Plantae,kingdom
Claytonia undiff.,Tracheophyta,phylum
Claytonia undiff.,Magnoliopsida,class
Claytonia undiff.,Caryophyllales,order
Claytonia undiff.,Montiaceae,family
Claytonia undiff.,Claytonia,genus
Pinus sibirica,Plantae,kingdom
Pinus sibirica,Tracheophyta,phylum
Pinus sibirica,Pinopsida,class
Pinus sibirica,Pinales,order
Pinus sibirica,Pinaceae,family
Pinus sibirica,Pinus,genus
Pinus sibirica,Pinus sibirica,species
Ulmus sp.,Plantae,kingdom
Ulmus sp.,Tracheophyta,phylum
Ulmus sp.,Magnoliopsida,class
Ulmus sp.,Rosales,order
Ulmus sp.,Ulmaceae,family
Ulmus sp.,Ulmus,genus
Claytonia sarmentosa,Plantae,kingdom
Claytonia sarmentosa,Tracheophyta,phylum
Claytonia sarmentosa,Magnoliopsida,class
Claytonia sarmentosa,Caryophyllales,order
Claytonia sarmentosa,Montiaceae,family
Claytonia sarmentosa,Claytonia,genus
Claytonia sarmentosa,Claytonia sarmentosa,species
Claytoniella vassilievii,Plantae,kingdom
Claytoniella vassilievii,Tracheophyta,phylum
Claytoniella vassilievii,Magnoliopsida,class
Claytoniella vassilievii,Caryophyllales,order
Claytoniella vassilievii,Montiaceae,family
Claytoniella vassilievii,Montia,genus
Claytoniella vassilievii,Montia vassilievii,species
Betula cf. B. fruticosa,Plantae,kingdom
Betula cf. B. fruticosa,Tracheophyta,phylum
Betula cf. B. fruticosa,Magnoliopsida,class
Betula cf. B. fruticosa,Fagales,order
Betula cf. B. fruticosa,Betulaceae,family
Betula cf. B. fruticosa,Betula,genus
Betula cf. B. pendula,Plantae,kingdom
Betula cf. B. pendula,Tracheophyta,phylum
Betula cf. B. pendula,Magnoliopsida,class
Betula cf. B. pendula,Fagales,order
Betula cf. B. pendula,Betulaceae,family
Betula cf. B. pendula,Betula,genus
Patrinia,Plantae,kingdom
Patrinia,Tracheophyta,phylum
Patrinia,Magnoliopsida,class
Patrinia,Dipsacales,order
Patrinia,Caprifoliaceae,family
Patrinia,Patrinia,genus
Ulmus undiff.,Plantae,kingdom
Ulmus undiff.,Tracheophyta,phylum
Ulmus undiff.,Magnoliopsida,class
Ulmus undiff.,Rosales,order
Ulmus undiff.,Ulmaceae,family
Ulmus undiff.,Ulmus,genus
Abies sibirica,Plantae,kingdom
Abies sibirica,Tracheophyta,phylum
Abies sibirica,Pinopsida,class
Abies sibirica,Pinales,order
Abies sibirica,Pinaceae,family
Abies sibirica,Abies,genus
Abies sibirica,Abies sibirica,species
Alnus hirsuta-type,Plantae,kingdom
Alnus hirsuta-type,Tracheophyta,phylum
Alnus hirsuta-type,Magnoliopsida,class
Alnus hirsuta-type,Fagales,order
Alnus hirsuta-type,Betulaceae,family
Alnus hirsuta-type,Alnus,genus
Aquilegia undiff.,Plantae,kingdom
Aquilegia undiff.,Tracheophyta,phylum
Aquilegia undiff.,Magnoliopsida,class
Aquilegia undiff.,Ranunculales,order
Aquilegia undiff.,Ranunculaceae,family
Aquilegia undiff.,Aquilegia,genus
Bergenia crassifolia,Plantae,kingdom
Bergenia crassifolia,Tracheophyta,phylum
Bergenia crassifolia,Magnoliopsida,class
Bergenia crassifolia,Saxifragales,order
Bergenia crassifolia,Saxifragaceae,family
Bergenia crassifolia,Bergenia,genus
Bergenia crassifolia,Bergenia crassifolia,species
Betula fruticosa,Plantae,kingdom
Betula fruticosa,Tracheophyta,phylum
Betula fruticosa,Magnoliopsida,class
Betula fruticosa,Fagales,order
Betula fruticosa,Betulaceae,family
Betula fruticosa,Betula,genus
Betula fruticosa,Betula fruticosa,species
Pedicularis oederi-type,Plantae,kingdom
Pedicularis oederi-type,Tracheophyta,phylum
Pedicularis oederi-type,Magnoliopsida,class
Pedicularis oederi-type,Lamiales,order
Pedicularis oederi-type,Orobanchaceae,family
Pedicularis oederi-type,Pedicularis,genus
Saxifraga hirsuta,Plantae,kingdom
Saxifraga hirsuta,Tracheophyta,phylum
Saxifraga hirsuta,Magnoliopsida,class
Saxifraga hirsuta,Saxifragales,order
Saxifraga hirsuta,Saxifragaceae,family
Saxifraga hirsuta,Saxifraga,genus
Saxifraga hirsuta,Saxifraga hirsuta,species
Acanthaceae,Plantae,kingdom
Acanthaceae,Tracheophyta,phylum
Acanthaceae,Magnoliopsida,class
Acanthaceae,Lamiales,order
Acanthaceae,Acanthaceae,family
Adenophora,Animalia,kingdom
Adenophora,Arthropoda,phylum
Adenophora,Insecta,class
Adenophora,Diptera,order
Adenophora,Phoridae,family
Adenophora,Adenophora,genus
Adenophora,Plantae,kingdom
Adenophora,Tracheophyta,phylum
Adenophora,Magnoliopsida,class
Adenophora,Asterales,order
Adenophora,Campanulaceae,family
Adenophora,Adenophora,genus
Alangium,Plantae,kingdom
Alangium,Tracheophyta,phylum
Alangium,Magnoliopsida,class
Alangium,Cornales,order
Alangium,Cornaceae,family
Alangium,Alangium,genus
Aporosa,Plantae,kingdom
Aporosa,Tracheophyta,phylum
Aporosa,Magnoliopsida,class
Aporosa,Malpighiales,order
Aporosa,Phyllanthaceae,family
Aporosa,Aporosa,genus
Biebersteinia,Plantae,kingdom
Biebersteinia,Tracheophyta,phylum
Biebersteinia,Magnoliopsida,class
Biebersteinia,Sapindales,order
Biebersteinia,Biebersteiniaceae,family
Biebersteinia,Biebersteinia,genus
Bignoniaceae undiff.,Plantae,kingdom
Bignoniaceae undiff.,Tracheophyta,phylum
Bignoniaceae undiff.,Magnoliopsida,class
Bignoniaceae undiff.,Lamiales,order
Bignoniaceae undiff.,Bignoniaceae,family
Catalpa,Plantae,kingdom
Catalpa,Tracheophyta,phylum
Catalpa,Magnoliopsida,class
Catalpa,Lamiales,order
Catalpa,Bignoniaceae,family
Catalpa,Catalpa,genus
Celastraceae,Plantae,kingdom
Celastraceae,Tracheophyta,phylum
Celastraceae,Magnoliopsida,class
Celastraceae,Celastrales,order
Celastraceae,Celastraceae,family
Engelhardia,Plantae,kingdom
Engelhardia,Tracheophyta,phylum
Engelhardia,Magnoliopsida,class
Engelhardia,Fagales,order
Engelhardia,Juglandaceae,family
Engelhardia,Engelhardia,genus
Garcinia,Plantae,kingdom
Garcinia,Tracheophyta,phylum
Garcinia,Magnoliopsida,class
Garcinia,Malpighiales,order
Garcinia,Clusiaceae,family
Garcinia,Garcinia,genus
Gesneriaceae,Plantae,kingdom
Gesneriaceae,Tracheophyta,phylum
Gesneriaceae,Magnoliopsida,class
Gesneriaceae,Lamiales,order
Gesneriaceae,Gesneriaceae,family
Illicium,Plantae,kingdom
Illicium,Tracheophyta,phylum
Illicium,Magnoliopsida,class
Illicium,Austrobaileyales,order
Illicium,Schisandraceae,family
Illicium,Illicium,genus
Lauraceae,Plantae,kingdom
Lauraceae,Tracheophyta,phylum
Lauraceae,Magnoliopsida,class
Lauraceae,Laurales,order
Lauraceae,Lauraceae,family
Melastomataceae,Plantae,kingdom
Melastomataceae,Tracheophyta,phylum
Melastomataceae,Magnoliopsida,class
Melastomataceae,Myrtales,order
Melastomataceae,Melastomataceae,family
Meliaceae undiff.,Plantae,kingdom
Meliaceae undiff.,Tracheophyta,phylum
Meliaceae undiff.,Magnoliopsida,class
Meliaceae undiff.,Sapindales,order
Meliaceae undiff.,Meliaceae,family
Morina,Plantae,kingdom
Morina,Tracheophyta,phylum
Morina,Magnoliopsida,class
Morina,Dipsacales,order
Morina,Caprifoliaceae,family
Morina,Morina,genus
Phyllanthus,Animalia,kingdom
Phyllanthus,Chordata,phylum
Phyllanthus,Aves,class
Phyllanthus,Passeriformes,order
Phyllanthus,Leiothrichidae,family
Phyllanthus,Phyllanthus,genus
Phyllanthus,Plantae,kingdom
Phyllanthus,Tracheophyta,phylum
Phyllanthus,Magnoliopsida,class
Phyllanthus,Malpighiales,order
Phyllanthus,Phyllanthaceae,family
Phyllanthus,Phyllanthus,genus
Platycarya,Plantae,kingdom
Platycarya,Tracheophyta,phylum
Platycarya,Magnoliopsida,class
Platycarya,Fagales,order
Platycarya,Juglandaceae,family
Platycarya,Platycarya,genus
Polygonum sp.,Plantae,kingdom
Polygonum sp.,Tracheophyta,phylum
Polygonum sp.,Magnoliopsida,class
Polygonum sp.,Caryophyllales,order
Polygonum sp.,Polygonaceae,family
Polygonum sp.,Polygonum,genus
Pseudolarix,Plantae,kingdom
Pseudolarix,Tracheophyta,phylum
Pseudolarix,Pinopsida,class
Pseudolarix,Pinales,order
Pseudolarix,Pinaceae,family
Pseudolarix,Pseudolarix,genus
Reevesia,Plantae,kingdom
Reevesia,Tracheophyta,phylum
Reevesia,Magnoliopsida,class
Reevesia,Malvales,order
Reevesia,Malvaceae,family
Reevesia,Reevesia,genus
Salicaceae undiff.,Plantae,kingdom
Salicaceae undiff.,Tracheophyta,phylum
Salicaceae undiff.,Magnoliopsida,class
Salicaceae undiff.,Malpighiales,order
Salicaceae undiff.,Salicaceae,family
Schisandra,Plantae,kingdom
Schisandra,Tracheophyta,phylum
Schisandra,Magnoliopsida,class
Schisandra,Austrobaileyales,order
Schisandra,Schisandraceae,family
Schisandra,Schisandra,genus
Styracaceae,Plantae,kingdom
Styracaceae,Tracheophyta,phylum
Styracaceae,Magnoliopsida,class
Styracaceae,Ericales,order
Styracaceae,Styracaceae,family
Tetracentron,Plantae,kingdom
Tetracentron,Tracheophyta,phylum
Tetracentron,Magnoliopsida,class
Tetracentron,Trochodendrales,order
Tetracentron,Trochodendraceae,family
Tetracentron,Tetracentron,genus
Tournefortia,Plantae,kingdom
Tournefortia,Tracheophyta,phylum
Tournefortia,Magnoliopsida,class
Tournefortia,Boraginales,order
Tournefortia,Heliotropiaceae,family
Tournefortia,Tournefortia,genus
Tsuga dumosa,Plantae,kingdom
Tsuga dumosa,Tracheophyta,phylum
Tsuga dumosa,Pinopsida,class
Tsuga dumosa,Pinales,order
Tsuga dumosa,Pinaceae,family
Tsuga dumosa,Tsuga,genus
Tsuga dumosa,Tsuga dumosa,species
Alnus viridis subsp. fruticosa-type,Plantae,kingdom
Alnus viridis subsp. fruticosa-type,Tracheophyta,phylum
Alnus viridis subsp. fruticosa-type,Magnoliopsida,class
Alnus viridis subsp. fruticosa-type,Fagales,order
Alnus viridis subsp. fruticosa-type,Betulaceae,family
Alnus viridis subsp. fruticosa-type,Alnus,genus
Alnus viridis subsp. fruticosa-type,Alnus alnobetula,species
Pinus pumila,Plantae,kingdom
Pinus pumila,Tracheophyta,phylum
Pinus pumila,Pinopsida,class
Pinus pumila,Pinales,order
Pinus pumila,Pinaceae,family
Pinus pumila,Pinus,genus
Pinus pumila,Pinus pumila,species
Ephedra alata-type,Plantae,kingdom
Ephedra alata-type,Tracheophyta,phylum
Ephedra alata-type,Gnetopsida,class
Ephedra alata-type,Ephedrales,order
Ephedra alata-type,Ephedraceae,family
Ephedra alata-type,Ephedra,genus
Ephedra sp.,Plantae,kingdom
Ephedra sp.,Tracheophyta,phylum
Ephedra sp.,Gnetopsida,class
Ephedra sp.,Ephedrales,order
Ephedra sp.,Ephedraceae,family
Ephedra sp.,Ephedra,genus
Haplophyllum,Animalia,kingdom
Haplophyllum,Arthropoda,phylum
Haplophyllum,Diplopoda,class
Haplophyllum,Julida,order
Haplophyllum,Julidae,family
Haplophyllum,Haplophyllum,genus
Haplophyllum,Plantae,kingdom
Haplophyllum,Tracheophyta,phylum
Haplophyllum,Magnoliopsida,class
Haplophyllum,Sapindales,order
Haplophyllum,Rutaceae,family
Haplophyllum,Haplophyllum,genus
Parrotia persica,Plantae,kingdom
Parrotia persica,Tracheophyta,phylum
Parrotia persica,Magnoliopsida,class
Parrotia persica,Saxifragales,order
Parrotia persica,Hamamelidaceae,family
Parrotia persica,Parrotia,genus
Parrotia persica,Parrotia persica,species
Polygonum aviculare/Bistorta officinalis-type,Plantae,kingdom
Polygonum aviculare/Bistorta officinalis-type,Tracheophyta,phylum
Polygonum aviculare/Bistorta officinalis-type,Magnoliopsida,class
Polygonum aviculare/Bistorta officinalis-type,Caryophyllales,order
Polygonum aviculare/Bistorta officinalis-type,Polygonaceae,family
Polygonum aviculare/Bistorta officinalis-type,Polygonum,genus
Rubiaceae (hexacolpate),Plantae,kingdom
Rubiaceae (hexacolpate),Tracheophyta,phylum
Rubiaceae (hexacolpate),Magnoliopsida,class
Rubiaceae (hexacolpate),Gentianales,order
Rubiaceae (hexacolpate),Rubiaceae,family
Betula pubescens var. pumila,Plantae,kingdom
Betula pubescens var. pumila,Tracheophyta,phylum
Betula pubescens var. pumila,Magnoliopsida,class
Betula pubescens var. pumila,Fagales,order
Betula pubescens var. pumila,Betulaceae,family
Betula pubescens var. pumila,Betula,genus
Betula pubescens var. pumila,Betula pubescens,species
Betula pubescens var. pumila,Betula pubescens pumila,variety
Atraphaxis,Plantae,kingdom
Atraphaxis,Tracheophyta,phylum
Atraphaxis,Magnoliopsida,class
Atraphaxis,Caryophyllales,order
Atraphaxis,Polygonaceae,family
Atraphaxis,Atraphaxis,genus
Bongardia,Plantae,kingdom
Bongardia,Tracheophyta,phylum
Bongardia,Magnoliopsida,class
Bongardia,Ranunculales,order
Bongardia,Berberidaceae,family
Bongardia,Bongardia,genus
Cephalaria,Plantae,kingdom
Cephalaria,Tracheophyta,phylum
Cephalaria,Magnoliopsida,class
Cephalaria,Dipsacales,order
Cephalaria,Caprifoliaceae,family
Cephalaria,Cephalaria,genus
Datisca cannabina,Plantae,kingdom
Datisca cannabina,Tracheophyta,phylum
Datisca cannabina,Magnoliopsida,class
Datisca cannabina,Cucurbitales,order
Datisca cannabina,Datiscaceae,family
Datisca cannabina,Datisca,genus
Datisca cannabina,Datisca cannabina,species
Gentiana olivieri-type,Plantae,kingdom
Gentiana olivieri-type,Tracheophyta,phylum
Gentiana olivieri-type,Magnoliopsida,class
Gentiana olivieri-type,Gentianales,order
Gentiana olivieri-type,Gentianaceae,family
Gentiana olivieri-type,Gentiana,genus
Hypericum hirtellum var. assyriacum-type,Plantae,kingdom
Hypericum hirtellum var. assyriacum-type,Tracheophyta,phylum
Hypericum hirtellum var. assyriacum-type,Magnoliopsida,class
Hypericum hirtellum var. assyriacum-type,Malpighiales,order
Hypericum hirtellum var. assyriacum-type,Hypericaceae,family
Hypericum hirtellum var. assyriacum-type,Hypericum,genus
Hypericum hirtellum var. assyriacum-type,Hypericum hirtellum,species
Leontice leontopetalum,Plantae,kingdom
Leontice leontopetalum,Tracheophyta,phylum
Leontice leontopetalum,Magnoliopsida,class
Leontice leontopetalum,Ranunculales,order
Leontice leontopetalum,Berberidaceae,family
Leontice leontopetalum,Leontice,genus
Leontice leontopetalum,Leontice leontopetalum,species
Malabaila,Plantae,kingdom
Malabaila,Plantae,kingdom
Malabaila,Tracheophyta,phylum
Malabaila,Tracheophyta,phylum
Malabaila,Magnoliopsida,class
Malabaila,Magnoliopsida,class
Malabaila,Apiales,order
Malabaila,Apiales,order
Malabaila,Apiaceae,family
Malabaila,Apiaceae,family
Malabaila,Grafia,genus
Malabaila,Grafia,genus
Malabaila,Plantae,kingdom
Malabaila,Plantae,kingdom
Malabaila,Tracheophyta,phylum
Malabaila,Tracheophyta,phylum
Malabaila,Magnoliopsida,class
Malabaila,Magnoliopsida,class
Malabaila,Apiales,order
Malabaila,Apiales,order
Malabaila,Apiaceae,family
Malabaila,Apiaceae,family
Malabaila,Pastinaca,genus
Malabaila,Pastinaca,genus
Plantago ovata-type,Plantae,kingdom
Plantago ovata-type,Tracheophyta,phylum
Plantago ovata-type,Magnoliopsida,class
Plantago ovata-type,Lamiales,order
Plantago ovata-type,Plantaginaceae,family
Plantago ovata-type,Plantago,genus
Psylliostachys,Plantae,kingdom
Psylliostachys,Tracheophyta,phylum
Psylliostachys,Magnoliopsida,class
Psylliostachys,Caryophyllales,order
Psylliostachys,Plumbaginaceae,family
Psylliostachys,Psylliostachys,genus
Psylliostachys spicata-type,Plantae,kingdom
Psylliostachys spicata-type,Tracheophyta,phylum
Psylliostachys spicata-type,Magnoliopsida,class
Psylliostachys spicata-type,Caryophyllales,order
Psylliostachys spicata-type,Plumbaginaceae,family
Psylliostachys spicata-type,Psylliostachys,genus
Ranunculus asiaticus-type,Plantae,kingdom
Ranunculus asiaticus-type,Tracheophyta,phylum
Ranunculus asiaticus-type,Magnoliopsida,class
Ranunculus asiaticus-type,Ranunculales,order
Ranunculus asiaticus-type,Ranunculaceae,family
Ranunculus asiaticus-type,Ranunculus,genus
Rumex cyprius-type,Plantae,kingdom
Rumex cyprius-type,Tracheophyta,phylum
Rumex cyprius-type,Magnoliopsida,class
Rumex cyprius-type,Caryophyllales,order
Rumex cyprius-type,Polygonaceae,family
Rumex cyprius-type,Rumex,genus
Rumex patientia-type,Plantae,kingdom
Rumex patientia-type,Tracheophyta,phylum
Rumex patientia-type,Magnoliopsida,class
Rumex patientia-type,Caryophyllales,order
Rumex patientia-type,Polygonaceae,family
Rumex patientia-type,Rumex,genus
Podocarpaceae,Plantae,kingdom
Podocarpaceae,Tracheophyta,phylum
Podocarpaceae,Pinopsida,class
Podocarpaceae,Pinales,order
Podocarpaceae,Podocarpaceae,family
Polygonaceae (excluding Rumex),Plantae,kingdom
Polygonaceae (excluding Rumex),Tracheophyta,phylum
Polygonaceae (excluding Rumex),Magnoliopsida,class
Polygonaceae (excluding Rumex),Caryophyllales,order
Polygonaceae (excluding Rumex),Polygonaceae,family
Ranunculaceae cf. Anemone/Caltha,Plantae,kingdom
Ranunculaceae cf. Anemone/Caltha,Tracheophyta,phylum
Ranunculaceae cf. Anemone/Caltha,Magnoliopsida,class
Ranunculaceae cf. Anemone/Caltha,Ranunculales,order
Ranunculaceae cf. Anemone/Caltha,Ranunculaceae,family
Hedysarum hedysaroides,Plantae,kingdom
Hedysarum hedysaroides,Tracheophyta,phylum
Hedysarum hedysaroides,Magnoliopsida,class
Hedysarum hedysaroides,Fabales,order
Hedysarum hedysaroides,Fabaceae,family
Hedysarum hedysaroides,Hedysarum,genus
Hedysarum hedysaroides,Hedysarum hedysaroides,species
Delphinium elatum,Plantae,kingdom
Delphinium elatum,Tracheophyta,phylum
Delphinium elatum,Magnoliopsida,class
Delphinium elatum,Ranunculales,order
Delphinium elatum,Ranunculaceae,family
Delphinium elatum,Delphinium,genus
Delphinium elatum,Delphinium elatum,species
Silene suecica-type,Plantae,kingdom
Silene suecica-type,Tracheophyta,phylum
Silene suecica-type,Magnoliopsida,class
Silene suecica-type,Caryophyllales,order
Silene suecica-type,Caryophyllaceae,family
Silene suecica-type,Silene,genus
Quercus indet.,Plantae,kingdom
Quercus indet.,Tracheophyta,phylum
Quercus indet.,Magnoliopsida,class
Quercus indet.,Fagales,order
Quercus indet.,Fagaceae,family
Quercus indet.,Quercus,genus
Quercus ithaburensis,Plantae,kingdom
Quercus ithaburensis,Tracheophyta,phylum
Quercus ithaburensis,Magnoliopsida,class
Quercus ithaburensis,Fagales,order
Quercus ithaburensis,Fagaceae,family
Quercus ithaburensis,Quercus,genus
Quercus ithaburensis,Quercus ithaburensis,species
Allium cf. A. sibiricum,Plantae,kingdom
Allium cf. A. sibiricum,Tracheophyta,phylum
Allium cf. A. sibiricum,Liliopsida,class
Allium cf. A. sibiricum,Asparagales,order
Allium cf. A. sibiricum,Amaryllidaceae,family
Allium cf. A. sibiricum,Allium,genus
Papaver radicatum-type,Plantae,kingdom
Papaver radicatum-type,Tracheophyta,phylum
Papaver radicatum-type,Magnoliopsida,class
Papaver radicatum-type,Ranunculales,order
Papaver radicatum-type,Papaveraceae,family
Papaver radicatum-type,Papaver,genus
Anthriscus,Plantae,kingdom
Anthriscus,Tracheophyta,phylum
Anthriscus,Magnoliopsida,class
Anthriscus,Apiales,order
Anthriscus,Apiaceae,family
Anthriscus,Anthriscus,genus
Biscutella,Plantae,kingdom
Biscutella,Tracheophyta,phylum
Biscutella,Magnoliopsida,class
Biscutella,Brassicales,order
Biscutella,Brassicaceae,family
Biscutella,Biscutella,genus
Centaurea alpina,Plantae,kingdom
Centaurea alpina,Tracheophyta,phylum
Centaurea alpina,Magnoliopsida,class
Centaurea alpina,Asterales,order
Centaurea alpina,Asteraceae,family
Centaurea alpina,Rhaponticoides,genus
Centaurea alpina,Rhaponticoides alpina,species
Omalotheca,Plantae,kingdom
Omalotheca,Tracheophyta,phylum
Omalotheca,Magnoliopsida,class
Omalotheca,Asterales,order
Omalotheca,Asteraceae,family
Omalotheca,Omalotheca,genus
Betula sect. Costatae,Animalia,kingdom
Betula sect. Costatae,Platyhelminthes,phylum
Betula sect. Costatae,Monogenea,class
Betula sect. Costatae,Gyrodactylidea,order
Betula sect. Costatae,Gyrodactylidae,family
Betula sect. Costatae,Gyrodactylus,genus
Betula sect. Costatae,Gyrodactylus costatae,species
