taxon_name,level_1,level_2,level_3,level_4,level_5,level_6,level_7,level_8
Acer,Plantae,Tracheophyta,Magnoliopsida,Sapindales,Sapindaceae,Acer,Acer,Acer
Alnus,Plantae,Tracheophyta,Magnoliopsida,Fagales,Betulaceae,Alnus,Alnus,Alnus
Amaranthaceae,Plantae,Tracheophyta,Magnoliopsida,Caryophyllales,Amaranthaceae,Amaranthaceae,Amaranthaceae,Amaranthaceae
Apiaceae,Plantae,Tracheophyta,Magnoliopsida,Apiales,Apiaceae,Apiaceae,Apiaceae,Apiaceae
Artemisia,Plantae,Tracheophyta,Magnoliopsida,Asterales,Asteraceae,Artemisia,Artemisia,Artemisia
Betula,Plantae,Tracheophyta,Magnoliopsida,Fagales,Betulaceae,Betula,Betula,Betula
Brassicaceae,Plantae,Tracheophyta,Magnoliopsida,Brassicales,Brassicaceae,Brassicaceae,Brassicaceae,Brassicaceae
Calluna vulgaris,Plantae,Tracheophyta,Magnoliopsida,Ericales,Ericaceae,Calluna,Calluna vulgaris,Calluna vulgaris
Campanulaceae,Plantae,Tracheophyta,Magnoliopsida,Asterales,Campanulaceae,Campanulaceae,Campanulaceae,Campanulaceae
Carpinus,Plantae,Tracheophyta,Magnoliopsida,Fagales,Betulaceae,Carpinus,Carpinus,Carpinus
Caryophyllaceae,Plantae,Tracheophyta,Magnoliopsida,Caryophyllales,Caryophyllaceae,Caryophyllaceae,Caryophyllaceae,Caryophyllaceae
Centaurea cyanus,Plantae,Tracheophyta,Magnoliopsida,Asterales,Asteraceae,Centaurea,Centaurea cyanus,Centaurea cyanus
Corylus,Plantae,Tracheophyta,Magnoliopsida,Fagales,Betulaceae,Corylus,Corylus,Corylus
Cyperaceae,Plantae,Tracheophyta,Liliopsida,Poales,Cyperaceae,Cyperaceae,Cyperaceae,Cyperaceae
Epilobium,Plantae,Tracheophyta,Magnoliopsida,Myrtales,Onagraceae,Epilobium,Epilobium,Epilobium
Ericaceae,Plantae,Tracheophyta,Magnoliopsida,Ericales,Ericaceae,Ericaceae,Ericaceae,Ericaceae
Fabaceae,Plantae,Tracheophyta,Magnoliopsida,Fabales,Fabaceae,Fabaceae,Fabaceae,Fabaceae
Fagopyrum,Plantae,Tracheophyta,Magnoliopsida,Caryophyllales,Polygonaceae,Fagopyrum,Fagopyrum,Fagopyrum
Fagus,Plantae,Tracheophyta,Magnoliopsida,Fagales,Fagaceae,Fagus,Fagus,Fagus
Frangula alnus,Plantae,Tracheophyta,Magnoliopsida,Rosales,Rhamnaceae,Frangula,Frangula alnus,Frangula alnus
Fraxinus,Plantae,Tracheophyta,Magnoliopsida,Lamiales,Oleaceae,Fraxinus,Fraxinus,Fraxinus
Galium,Plantae,Tracheophyta,Magnoliopsida,Gentianales,Rubiaceae,Galium,Galium,Galium
Hedera,Plantae,Tracheophyta,Magnoliopsida,Apiales,Araliaceae,Hedera,Hedera,Hedera
Myrica,Plantae,Tracheophyta,Magnoliopsida,Fagales,Myricaceae,Myrica,Myrica,Myrica
Picea,Plantae,Tracheophyta,Pinopsida,Pinales,Pinaceae,Picea,Picea,Picea
Pinus,Plantae,Tracheophyta,Pinopsida,Pinales,Pinaceae,Pinus,Pinus,Pinus
Plantago lanceolata,Plantae,Tracheophyta,Magnoliopsida,Lamiales,Plantaginaceae,Plantago,Plantago lanceolata,Plantago lanceolata
Plantago media,Plantae,Tracheophyta,Magnoliopsida,Lamiales,Plantaginaceae,Plantago,Plantago media,Plantago media
Poaceae,Plantae,Tracheophyta,Liliopsida,Poales,Poaceae,Poaceae,Poaceae,Poaceae
Quercus,Plantae,Tracheophyta,Magnoliopsida,Fagales,Fagaceae,Quercus,Quercus,Quercus
Ranunculaceae,Plantae,Tracheophyta,Magnoliopsida,Ranunculales,Ranunculaceae,Ranunculaceae,Ranunculaceae,Ranunculaceae
Rosaceae,Plantae,Tracheophyta,Magnoliopsida,Rosales,Rosaceae,Rosaceae,Rosaceae,Rosaceae
Rumex,Plantae,Tracheophyta,Magnoliopsida,Caryophyllales,Polygonaceae,Rumex,Rumex,Rumex
Thalictrum,Plantae,Tracheophyta,Magnoliopsida,Ranunculales,Ranunculaceae,Thalictrum,Thalictrum,Thalictrum
Tilia,Plantae,Tracheophyta,Magnoliopsida,Malvales,Malvaceae,Tilia,Tilia,Tilia
Viscum,Plantae,Tracheophyta,Magnoliopsida,Santalales,Viscaceae,Viscum,Viscum,Viscum
Brassicaceae undiff.,Plantae,Tracheophyta,Magnoliopsida,Brassicales,Brassicaceae,Brassicaceae,Brassicaceae,Brassicaceae
Calluna,Plantae,Tracheophyta,Magnoliopsida,Ericales,Ericaceae,Calluna,Calluna,Calluna
Campanula,Plantae,Tracheophyta,Magnoliopsida,Asterales,Campanulaceae,Campanula,Campanula,Campanula
Circaea,Plantae,Tracheophyta,Magnoliopsida,Myrtales,Onagraceae,Circaea,Circaea,Circaea
Cirsium,Plantae,Tracheophyta,Magnoliopsida,Asterales,Asteraceae,Cirsium,Cirsium,Cirsium
Crataegus,Plantae,Tracheophyta,Magnoliopsida,Rosales,Rosaceae,Crataegus,Crataegus,Crataegus
Empetrum,Plantae,Tracheophyta,Magnoliopsida,Ericales,Ericaceae,Empetrum,Empetrum,Empetrum
Filipendula,Plantae,Tracheophyta,Magnoliopsida,Rosales,Rosaceae,Filipendula,Filipendula,Filipendula
Helianthemum,Plantae,Tracheophyta,Magnoliopsida,Malvales,Cistaceae,Helianthemum,Helianthemum,Helianthemum
Ilex,Plantae,Tracheophyta,Magnoliopsida,Aquifoliales,Aquifoliaceae,Ilex,Ilex,Ilex
Juglans,Plantae,Tracheophyta,Magnoliopsida,Fagales,Juglandaceae,Juglans,Juglans,Juglans
Juniperus,Plantae,Tracheophyta,Pinopsida,Pinales,Cupressaceae,Juniperus,Juniperus,Juniperus
Lactuca,Plantae,Tracheophyta,Magnoliopsida,Asterales,Asteraceae,Lactuca,Lactuca,Lactuca
Lythrum salicaria,Plantae,Tracheophyta,Magnoliopsida,Myrtales,Lythraceae,Lythrum,Lythrum salicaria,Lythrum salicaria
Melampyrum,Plantae,Tracheophyta,Magnoliopsida,Lamiales,Orobanchaceae,Melampyrum,Melampyrum,Melampyrum
Narthecium,Plantae,Tracheophyta,Liliopsida,Dioscoreales,Nartheciaceae,Narthecium,Narthecium,Narthecium
Plantago undiff.,Plantae,Tracheophyta,Magnoliopsida,Lamiales,Plantaginaceae,Plantago,Plantago,Plantago
Polygala,Plantae,Tracheophyta,Magnoliopsida,Fabales,Polygalaceae,Polygala,Polygala,Polygala
Prunus,Plantae,Tracheophyta,Magnoliopsida,Rosales,Rosaceae,Prunus,Prunus,Prunus
Pulmonaria obscura-type,Plantae,Tracheophyta,Magnoliopsida,Boraginales,Boraginaceae,Pulmonaria,Pulmonaria,Pulmonaria
Rhinanthus,Plantae,Tracheophyta,Magnoliopsida,Lamiales,Orobanchaceae,Rhinanthus,Rhinanthus,Rhinanthus
Rumex acetosa,Plantae,Tracheophyta,Magnoliopsida,Caryophyllales,Polygonaceae,Rumex,Rumex acetosa,Rumex acetosa
Rumex acetosella,Plantae,Tracheophyta,Magnoliopsida,Caryophyllales,Polygonaceae,Rumex,Rumex acetosella,Rumex acetosella
Rumex obtusifolius,Plantae,Tracheophyta,Magnoliopsida,Caryophyllales,Polygonaceae,Rumex,Rumex obtusifolius,Rumex obtusifolius
Rumex undiff.,Plantae,Tracheophyta,Magnoliopsida,Caryophyllales,Polygonaceae,Rumex,Rumex,Rumex
Sambucus,Plantae,Tracheophyta,Magnoliopsida,Dipsacales,Viburnaceae,Sambucus,Sambucus,Sambucus
Scabiosa,Plantae,Tracheophyta,Magnoliopsida,Dipsacales,Caprifoliaceae,Scabiosa,Scabiosa,Scabiosa
Sorbus,Plantae,Tracheophyta,Magnoliopsida,Rosales,Rosaceae,Sorbus,Sorbus,Sorbus
Succisa,Plantae,Tracheophyta,Magnoliopsida,Dipsacales,Caprifoliaceae,Succisa,Succisa,Succisa
Taxus,Plantae,Tracheophyta,Pinopsida,Pinales,Taxaceae,Taxus,Taxus,Taxus
Ulex,Plantae,Tracheophyta,Magnoliopsida,Fabales,Fabaceae,Ulex,Ulex,Ulex
Urtica,Plantae,Tracheophyta,Magnoliopsida,Rosales,Urticaceae,Urtica,Urtica,Urtica
Valeriana,Plantae,Tracheophyta,Magnoliopsida,Dipsacales,Caprifoliaceae,Valeriana,Valeriana,Valeriana
Armeria,Plantae,Tracheophyta,Magnoliopsida,Caryophyllales,Plumbaginaceae,Armeria,Armeria,Armeria
Asteraceae,Plantae,Tracheophyta,Magnoliopsida,Asterales,Asteraceae,Asteraceae,Asteraceae,Asteraceae
Centaurea,Plantae,Tracheophyta,Magnoliopsida,Asterales,Asteraceae,Centaurea,Centaurea,Centaurea
Chenopodiaceae sensu stricto,Plantae,Tracheophyta,Magnoliopsida,Caryophyllales,Amaranthaceae,Amaranthaceae,Amaranthaceae,Amaranthaceae
Ericales,Plantae,Tracheophyta,Magnoliopsida,Ericales,Ericales,Ericales,Ericales,Ericales
Euphorbiaceae,Plantae,Tracheophyta,Magnoliopsida,Malpighiales,Euphorbiaceae,Euphorbiaceae,Euphorbiaceae,Euphorbiaceae
Gentianella,Plantae,Tracheophyta,Magnoliopsida,Gentianales,Gentianaceae,Gentianella,Gentianella,Gentianella
Geraniaceae,Plantae,Tracheophyta,Magnoliopsida,Geraniales,Geraniaceae,Geraniaceae,Geraniaceae,Geraniaceae
Hypericum,Plantae,Tracheophyta,Magnoliopsida,Malpighiales,Hypericaceae,Hypericum,Hypericum,Hypericum
Lamiaceae,Plantae,Tracheophyta,Magnoliopsida,Lamiales,Lamiaceae,Lamiaceae,Lamiaceae,Lamiaceae
Lonicera,Plantae,Tracheophyta,Magnoliopsida,Dipsacales,Caprifoliaceae,Lonicera,Lonicera,Lonicera
Plantago maritima,Plantae,Tracheophyta,Magnoliopsida,Lamiales,Plantaginaceae,Plantago,Plantago maritima,Plantago maritima
Polygonum,Plantae,Tracheophyta,Magnoliopsida,Caryophyllales,Polygonaceae,Polygonum,Polygonum,Polygonum
Potentilla,Plantae,Tracheophyta,Magnoliopsida,Rosales,Rosaceae,Potentilla,Potentilla,Potentilla
Prunella,Plantae,Tracheophyta,Magnoliopsida,Lamiales,Lamiaceae,Prunella,Prunella,Prunella
Pterocarya,Plantae,Tracheophyta,Magnoliopsida,Fagales,Juglandaceae,Pterocarya,Pterocarya,Pterocarya
Saxifragaceae,Plantae,Tracheophyta,Magnoliopsida,Saxifragales,Saxifragaceae,Saxifragaceae,Saxifragaceae,Saxifragaceae
Verbenaceae,Plantae,Tracheophyta,Magnoliopsida,Lamiales,Verbenaceae,Verbenaceae,Verbenaceae,Verbenaceae
Betula nana-type,Plantae,Tracheophyta,Magnoliopsida,Fagales,Betulaceae,Betula,Betula,Betula
Ericales undiff.,Plantae,Tracheophyta,Magnoliopsida,Ericales,Ericales,Ericales,Ericales,Ericales
Plantago major/P. media,Plantae,Tracheophyta,Magnoliopsida,Lamiales,Plantaginaceae,Plantago,Plantago,Plantago
Rubiaceae,Plantae,Tracheophyta,Magnoliopsida,Gentianales,Rubiaceae,Rubiaceae,Rubiaceae,Rubiaceae
Rumex subg. Acetosa,Plantae,Tracheophyta,Magnoliopsida,Caryophyllales,Polygonaceae,Rumex,Rumex,Rumex
Abies alba,Plantae,Tracheophyta,Pinopsida,Pinales,Pinaceae,Abies,Abies alba,Abies alba
Bistorta officinalis-type,Plantae,Tracheophyta,Magnoliopsida,Caryophyllales,Polygonaceae,Bistorta,Bistorta,Bistorta
Cardamine pratensis-type,Plantae,Tracheophyta,Magnoliopsida,Brassicales,Brassicaceae,Cardamine,Cardamine,Cardamine
Carpinus betulus,Plantae,Tracheophyta,Magnoliopsida,Fagales,Betulaceae,Carpinus,Carpinus betulus,Carpinus betulus
Centaurea scabiosa,Plantae,Tracheophyta,Magnoliopsida,Asterales,Asteraceae,Centaurea,Centaurea scabiosa,Centaurea scabiosa
Chamaenerion angustifolium,Plantae,Tracheophyta,Magnoliopsida,Myrtales,Onagraceae,Chamaenerion,Chamaenerion angustifolium,Chamaenerion angustifolium
Chrysosplenium,Plantae,Tracheophyta,Magnoliopsida,Saxifragales,Saxifragaceae,Chrysosplenium,Chrysosplenium,Chrysosplenium
Corylus avellana,Plantae,Tracheophyta,Magnoliopsida,Fagales,Betulaceae,Corylus,Corylus avellana,Corylus avellana
Echium,Plantae,Tracheophyta,Magnoliopsida,Boraginales,Boraginaceae,Echium,Echium,Echium
Ephedra foeminea-type,Plantae,Tracheophyta,Gnetopsida,Ephedrales,Ephedraceae,Ephedra,Ephedra,Ephedra
Euonymus,Plantae,Tracheophyta,Magnoliopsida,Celastrales,Celastraceae,Euonymus,Euonymus,Euonymus
Fagus sylvatica,Plantae,Tracheophyta,Magnoliopsida,Fagales,Fagaceae,Fagus,Fagus sylvatica,Fagus sylvatica
Larix decidua,Plantae,Tracheophyta,Pinopsida,Pinales,Pinaceae,Larix,Larix decidua,Larix decidua
Lysimachia vulgaris-type,Plantae,Tracheophyta,Magnoliopsida,Ericales,Primulaceae,Lysimachia,Lysimachia,Lysimachia
Lythrum,Plantae,Tracheophyta,Magnoliopsida,Myrtales,Lythraceae,Lythrum,Lythrum,Lythrum
Parnassia palustris,Plantae,Tracheophyta,Magnoliopsida,Celastrales,Parnassiaceae,Parnassia,Parnassia palustris,Parnassia palustris
Persicaria maculosa-type,Plantae,Tracheophyta,Magnoliopsida,Caryophyllales,Polygonaceae,Persicaria,Persicaria,Persicaria
Picea abies,Plantae,Tracheophyta,Pinopsida,Pinales,Pinaceae,Picea,Picea abies,Picea abies
Pleurospermum,Plantae,Tracheophyta,Magnoliopsida,Apiales,Apiaceae,Pleurospermum,Pleurospermum,Pleurospermum
Polygonum aviculare,Plantae,Tracheophyta,Magnoliopsida,Caryophyllales,Polygonaceae,Polygonum,Polygonum aviculare,Polygonum aviculare
Populus,Plantae,Tracheophyta,Magnoliopsida,Malpighiales,Salicaceae,Populus,Populus,Populus
Ranunculus arvensis-type,Plantae,Tracheophyta,Magnoliopsida,Ranunculales,Ranunculaceae,Ranunculus,Ranunculus,Ranunculus
Rumex acetosa-type,Plantae,Tracheophyta,Magnoliopsida,Caryophyllales,Polygonaceae,Rumex,Rumex,Rumex
Sambucus nigra-type,Plantae,Tracheophyta,Magnoliopsida,Dipsacales,Viburnaceae,Sambucus,Sambucus,Sambucus
Sanguisorba officinalis,Plantae,Tracheophyta,Magnoliopsida,Rosales,Rosaceae,Sanguisorba,Sanguisorba officinalis,Sanguisorba officinalis
Scrophulariaceae,Plantae,Tracheophyta,Magnoliopsida,Lamiales,Scrophulariaceae,Scrophulariaceae,Scrophulariaceae,Scrophulariaceae
Viburnum undiff.,Plantae,Tracheophyta,Magnoliopsida,Dipsacales,Viburnaceae,Viburnum,Viburnum,Viburnum
Vitis,Plantae,Tracheophyta,Magnoliopsida,Vitales,Vitaceae,Vitis,Vitis,Vitis
Betula nana,Plantae,Tracheophyta,Magnoliopsida,Fagales,Betulaceae,Betula,Betula nana,Betula nana
Dryas octopetala,Plantae,Tracheophyta,Magnoliopsida,Rosales,Rosaceae,Dryas,Dryas octopetala,Dryas octopetala
Ephedra,Plantae,Tracheophyta,Gnetopsida,Ephedrales,Ephedraceae,Ephedra,Ephedra,Ephedra
Hippophaë,Plantae,Tracheophyta,Magnoliopsida,Rosales,Elaeagnaceae,Hippophae,Hippophae,Hippophae
Linnaea borealis,Plantae,Tracheophyta,Magnoliopsida,Dipsacales,Caprifoliaceae,Linnaea,Linnaea borealis,Linnaea borealis
Mercurialis,Plantae,Tracheophyta,Magnoliopsida,Malpighiales,Euphorbiaceae,Mercurialis,Mercurialis,Mercurialis
Persicaria amphibia,Plantae,Tracheophyta,Magnoliopsida,Caryophyllales,Polygonaceae,Persicaria,Persicaria amphibia,Persicaria amphibia
Plantago major,Plantae,Tracheophyta,Magnoliopsida,Lamiales,Plantaginaceae,Plantago,Plantago major,Plantago major
Portulaca,Plantae,Tracheophyta,Magnoliopsida,Caryophyllales,Portulacaceae,Portulaca,Portulaca,Portulaca
Ranunculus,Plantae,Tracheophyta,Magnoliopsida,Ranunculales,Ranunculaceae,Ranunculus,Ranunculus,Ranunculus
Secale,Plantae,Tracheophyta,Liliopsida,Poales,Poaceae,Secale,Secale,Secale
Triticum,Plantae,Tracheophyta,Liliopsida,Poales,Poaceae,Triticum,Triticum,Triticum
Viburnum,Plantae,Tracheophyta,Magnoliopsida,Dipsacales,Viburnaceae,Viburnum,Viburnum,Viburnum
Abies,Plantae,Tracheophyta,Pinopsida,Pinales,Pinaceae,Abies,Abies,Abies
Acer platanoides,Plantae,Tracheophyta,Magnoliopsida,Sapindales,Sapindaceae,Acer,Acer platanoides,Acer platanoides
Acer undiff.,Plantae,Tracheophyta,Magnoliopsida,Sapindales,Sapindaceae,Acer,Acer,Acer
Alnus glutinosa,Plantae,Tracheophyta,Magnoliopsida,Fagales,Betulaceae,Alnus,Alnus glutinosa,Alnus glutinosa
Asteraceae undiff.,Plantae,Tracheophyta,Magnoliopsida,Asterales,Asteraceae,Asteraceae,Asteraceae,Asteraceae
Caryophyllaceae undiff.,Plantae,Tracheophyta,Magnoliopsida,Caryophyllales,Caryophyllaceae,Caryophyllaceae,Caryophyllaceae,Caryophyllaceae
Convolvulaceae,Plantae,Tracheophyta,Magnoliopsida,Solanales,Convolvulaceae,Convolvulaceae,Convolvulaceae,Convolvulaceae
Echinops,Plantae,Tracheophyta,Magnoliopsida,Asterales,Asteraceae,Echinops,Echinops,Echinops
Fagopyrum esculentum,Plantae,Tracheophyta,Magnoliopsida,Caryophyllales,Polygonaceae,Fagopyrum,Fagopyrum esculentum,Fagopyrum esculentum
Fagopyrum tataricum,Plantae,Tracheophyta,Magnoliopsida,Caryophyllales,Polygonaceae,Fagopyrum,Fagopyrum tataricum,Fagopyrum tataricum
Fagopyrum undiff.,Plantae,Tracheophyta,Magnoliopsida,Caryophyllales,Polygonaceae,Fagopyrum,Fagopyrum,Fagopyrum
Hippophaë rhamnoides,Plantae,Tracheophyta,Magnoliopsida,Rosales,Elaeagnaceae,Hippophae,Hippophae rhamnoides,Hippophae rhamnoides
Knautia arvensis,Plantae,Tracheophyta,Magnoliopsida,Dipsacales,Caprifoliaceae,Knautia,Knautia arvensis,Knautia arvensis
Malvaceae sensu stricto,Plantae,Tracheophyta,Magnoliopsida,Malvales,Malvaceae,Malvaceae,Malvaceae,Malvaceae
Onagraceae,Plantae,Tracheophyta,Magnoliopsida,Myrtales,Onagraceae,Onagraceae,Onagraceae,Onagraceae
Pinus sylvestris,Plantae,Tracheophyta,Pinopsida,Pinales,Pinaceae,Pinus,Pinus sylvestris,Pinus sylvestris
Plumbaginaceae,Plantae,Tracheophyta,Magnoliopsida,Caryophyllales,Plumbaginaceae,Plumbaginaceae,Plumbaginaceae,Plumbaginaceae
Poaceae undiff.,Plantae,Tracheophyta,Liliopsida,Poales,Poaceae,Poaceae,Poaceae,Poaceae
Polygonaceae undiff.,Plantae,Tracheophyta,Magnoliopsida,Caryophyllales,Polygonaceae,Polygonaceae,Polygonaceae,Polygonaceae
Polygonum sensu lato undiff.,Plantae,Tracheophyta,Magnoliopsida,Caryophyllales,Polygonaceae,Polygonum,Polygonum,Polygonum
Ranunculaceae undiff.,Plantae,Tracheophyta,Magnoliopsida,Ranunculales,Ranunculaceae,Ranunculaceae,Ranunculaceae,Ranunculaceae
Rhamnus,Plantae,Tracheophyta,Magnoliopsida,Rosales,Rhamnaceae,Rhamnus,Rhamnus,Rhamnus
Ribes,Plantae,Tracheophyta,Magnoliopsida,Saxifragales,Grossulariaceae,Ribes,Ribes,Ribes
Thalictrum aquilegiifolium,Plantae,Tracheophyta,Magnoliopsida,Ranunculales,Ranunculaceae,Thalictrum,Thalictrum aquilegiifolium,Thalictrum aquilegiifolium
Thalictrum lucidum,Plantae,Tracheophyta,Magnoliopsida,Ranunculales,Ranunculaceae,Thalictrum,Thalictrum lucidum,Thalictrum lucidum
Thalictrum undiff.,Plantae,Tracheophyta,Magnoliopsida,Ranunculales,Ranunculaceae,Thalictrum,Thalictrum,Thalictrum
Ulmus glabra,Plantae,Tracheophyta,Magnoliopsida,Rosales,Ulmaceae,Ulmus,Ulmus glabra,Ulmus glabra
Ulmus laevis,Plantae,Tracheophyta,Magnoliopsida,Rosales,Ulmaceae,Ulmus,Ulmus laevis,Ulmus laevis
Ulmus minor,Plantae,Tracheophyta,Magnoliopsida,Rosales,Ulmaceae,Ulmus,Ulmus minor,Ulmus minor
Vitis vinifera,Plantae,Tracheophyta,Magnoliopsida,Vitales,Vitaceae,Vitis,Vitis vinifera,Vitis vinifera
Anemone,Plantae,Tracheophyta,Magnoliopsida,Ranunculales,Ranunculaceae,Anemone,Anemone,Anemone
Arctium,Plantae,Tracheophyta,Magnoliopsida,Asterales,Asteraceae,Arctium,Arctium,Arctium
Hypericaceae,Plantae,Tracheophyta,Magnoliopsida,Malpighiales,Hypericaceae,Hypericaceae,Hypericaceae,Hypericaceae
Matricaria,Plantae,Tracheophyta,Magnoliopsida,Asterales,Asteraceae,Matricaria,Matricaria,Matricaria
Plantago,Plantae,Tracheophyta,Magnoliopsida,Lamiales,Plantaginaceae,Plantago,Plantago,Plantago
Tilia platyphyllos,Plantae,Tracheophyta,Magnoliopsida,Malvales,Malvaceae,Tilia,Tilia platyphyllos,Tilia platyphyllos
Koenigia,Plantae,Tracheophyta,Magnoliopsida,Caryophyllales,Polygonaceae,Koenigia,Koenigia,Koenigia
Medicago,Plantae,Tracheophyta,Magnoliopsida,Fabales,Fabaceae,Medicago,Medicago,Medicago
Primulaceae,Plantae,Tracheophyta,Magnoliopsida,Ericales,Primulaceae,Primulaceae,Primulaceae,Primulaceae
Tilia cordata,Plantae,Tracheophyta,Magnoliopsida,Malvales,Malvaceae,Tilia,Tilia cordata,Tilia cordata
Arbutus unedo,Plantae,Tracheophyta,Magnoliopsida,Ericales,Ericaceae,Arbutus,Arbutus unedo,Arbutus unedo
Armeria maritima (type A),Plantae,Tracheophyta,Magnoliopsida,Caryophyllales,Plumbaginaceae,Armeria,Armeria maritima,Armeria maritima
Empetrum nigrum,Plantae,Tracheophyta,Magnoliopsida,Ericales,Ericaceae,Empetrum,Empetrum nigrum,Empetrum nigrum
Erica tetralix,Plantae,Tracheophyta,Magnoliopsida,Ericales,Ericaceae,Erica,Erica tetralix,Erica tetralix
Euphorbia,Plantae,Tracheophyta,Magnoliopsida,Malpighiales,Euphorbiaceae,Euphorbia,Euphorbia,Euphorbia
Fraxinus excelsior,Plantae,Tracheophyta,Magnoliopsida,Lamiales,Oleaceae,Fraxinus,Fraxinus excelsior,Fraxinus excelsior
Hedera helix,Plantae,Tracheophyta,Magnoliopsida,Apiales,Araliaceae,Hedera,Hedera helix,Hedera helix
Ilex aquifolium,Plantae,Tracheophyta,Magnoliopsida,Aquifoliales,Aquifoliaceae,Ilex,Ilex aquifolium,Ilex aquifolium
Juglans regia,Plantae,Tracheophyta,Magnoliopsida,Fagales,Juglandaceae,Juglans,Juglans regia,Juglans regia
Liliaceae,Plantae,Tracheophyta,Liliopsida,Liliales,Liliaceae,Liliaceae,Liliaceae,Liliaceae
Lonicera periclymenum,Plantae,Tracheophyta,Magnoliopsida,Dipsacales,Caprifoliaceae,Lonicera,Lonicera periclymenum,Lonicera periclymenum
Myrica gale,Plantae,Tracheophyta,Magnoliopsida,Fagales,Myricaceae,Myrica,Myrica gale,Myrica gale
Narthecium ossifragum,Plantae,Tracheophyta,Liliopsida,Dioscoreales,Nartheciaceae,Narthecium,Narthecium ossifragum,Narthecium ossifragum
Pedicularis,Plantae,Tracheophyta,Magnoliopsida,Lamiales,Orobanchaceae,Pedicularis,Pedicularis,Pedicularis
Plantago coronopus,Plantae,Tracheophyta,Magnoliopsida,Lamiales,Plantaginaceae,Plantago,Plantago coronopus,Plantago coronopus
Plantago lanceolata-type,Plantae,Tracheophyta,Magnoliopsida,Lamiales,Plantaginaceae,Plantago,Plantago,Plantago
Plantago uniflora,Plantae,Tracheophyta,Magnoliopsida,Lamiales,Plantaginaceae,Plantago,Plantago uniglumis,Plantago uniglumis
Plantago uniflora,Plantae,Tracheophyta,Magnoliopsida,Lamiales,Plantaginaceae,Plantago,Plantago uniglumis,Plantago uniglumis
Plantago uniflora,Plantae,Tracheophyta,Magnoliopsida,Lamiales,Plantaginaceae,Plantago,Plantago uniglumis,Plantago uniglumis
Plantago uniflora,Plantae,Tracheophyta,Magnoliopsida,Lamiales,Plantaginaceae,Plantago,Plantago unibracteata,Plantago unibracteata
Plantago uniflora,Plantae,Tracheophyta,Magnoliopsida,Lamiales,Plantaginaceae,Plantago,Plantago unibracteata,Plantago unibracteata
Plantago uniflora,Plantae,Tracheophyta,Magnoliopsida,Lamiales,Plantaginaceae,Plantago,Plantago unibracteata,Plantago unibracteata
Plantago uniflora,Plantae,Tracheophyta,Magnoliopsida,Lamiales,Plantaginaceae,Littorella,Littorella uniflora,Littorella uniflora
Plantago uniflora,Plantae,Tracheophyta,Magnoliopsida,Lamiales,Plantaginaceae,Littorella,Littorella uniflora,Littorella uniflora
Plantago uniflora,Plantae,Tracheophyta,Magnoliopsida,Lamiales,Plantaginaceae,Littorella,Littorella uniflora,Littorella uniflora
Potentilla undiff.,Plantae,Tracheophyta,Magnoliopsida,Rosales,Rosaceae,Potentilla,Potentilla,Potentilla
Rubus,Plantae,Tracheophyta,Magnoliopsida,Rosales,Rosaceae,Rubus,Rubus,Rubus
Sanguisorba,Plantae,Tracheophyta,Magnoliopsida,Rosales,Rosaceae,Sanguisorba,Sanguisorba,Sanguisorba
Saxifraga,Plantae,Tracheophyta,Magnoliopsida,Saxifragales,Saxifragaceae,Saxifraga,Saxifraga,Saxifraga
Sedum,Plantae,Tracheophyta,Magnoliopsida,Saxifragales,Crassulaceae,Sedum,Sedum,Sedum
Taxus baccata,Plantae,Tracheophyta,Pinopsida,Pinales,Taxaceae,Taxus,Taxus baccata,Taxus baccata
Teucrium,Plantae,Tracheophyta,Magnoliopsida,Lamiales,Lamiaceae,Teucrium,Teucrium,Teucrium
Tsuga heterophylla,Plantae,Tracheophyta,Pinopsida,Pinales,Pinaceae,Tsuga,Tsuga heterophylla,Tsuga heterophylla
Urtica dioica,Plantae,Tracheophyta,Magnoliopsida,Rosales,Urticaceae,Urtica,Urtica dioica,Urtica dioica
Vaccinium,Plantae,Tracheophyta,Magnoliopsida,Ericales,Ericaceae,Vaccinium,Vaccinium,Vaccinium
Vicia,Plantae,Tracheophyta,Magnoliopsida,Fabales,Fabaceae,Vicia,Vicia,Vicia
Ranunculus lingua,Plantae,Tracheophyta,Magnoliopsida,Ranunculales,Ranunculaceae,Ranunculus,Ranunculus lingua,Ranunculus lingua
Buxus,Plantae,Tracheophyta,Magnoliopsida,Buxales,Buxaceae,Buxus,Buxus,Buxus
Cannabis,Plantae,Tracheophyta,Magnoliopsida,Rosales,Cannabaceae,Cannabis,Cannabis,Cannabis
Castanea,Plantae,Tracheophyta,Magnoliopsida,Fagales,Fagaceae,Castanea,Castanea,Castanea
Ligustrum,Plantae,Tracheophyta,Magnoliopsida,Lamiales,Oleaceae,Ligustrum,Ligustrum,Ligustrum
Polygonum oxyspermum subsp. raii,Plantae,Tracheophyta,Magnoliopsida,Caryophyllales,Polygonaceae,Polygonum,Polygonum raii,Polygonum oxyspermum raii
Rubus chamaemorus,Plantae,Tracheophyta,Magnoliopsida,Rosales,Rosaceae,Rubus,Rubus chamaemorus,Rubus chamaemorus
Saxifraga oppositifolia,Plantae,Tracheophyta,Magnoliopsida,Saxifragales,Saxifragaceae,Saxifraga,Saxifraga oppositifolia,Saxifraga oppositifolia
Stachys,Plantae,Tracheophyta,Magnoliopsida,Lamiales,Lamiaceae,Stachys,Stachys,Stachys
Valerianella,Plantae,Tracheophyta,Magnoliopsida,Dipsacales,Caprifoliaceae,Valerianella,Valerianella,Valerianella
Anchusa,Plantae,Tracheophyta,Magnoliopsida,Boraginales,Boraginaceae,Anchusa,Anchusa,Anchusa
Astragalus,Plantae,Tracheophyta,Magnoliopsida,Fabales,Fabaceae,Astragalus,Astragalus,Astragalus
Cornaceae,Plantae,Tracheophyta,Magnoliopsida,Cornales,Cornaceae,Cornaceae,Cornaceae,Cornaceae
Daphne,Plantae,Tracheophyta,Magnoliopsida,Malvales,Thymelaeaceae,Daphne,Daphne,Daphne
Frangula,Plantae,Tracheophyta,Magnoliopsida,Rosales,Rhamnaceae,Frangula,Frangula,Frangula
Geranium,Plantae,Tracheophyta,Magnoliopsida,Geraniales,Geraniaceae,Geranium,Geranium,Geranium
Linum catharticum,Plantae,Tracheophyta,Magnoliopsida,Malpighiales,Linaceae,Linum,Linum catharticum,Linum catharticum
Olea,Plantae,Tracheophyta,Magnoliopsida,Lamiales,Oleaceae,Olea,Olea,Olea
Papaver,Plantae,Tracheophyta,Magnoliopsida,Ranunculales,Papaveraceae,Papaver,Papaver,Papaver
Phillyrea,Plantae,Tracheophyta,Magnoliopsida,Lamiales,Oleaceae,Phillyrea,Phillyrea,Phillyrea
Pistacia,Plantae,Tracheophyta,Magnoliopsida,Sapindales,Anacardiaceae,Pistacia,Pistacia,Pistacia
Quercus ilex,Plantae,Tracheophyta,Magnoliopsida,Fagales,Fagaceae,Quercus,Quercus ilex,Quercus ilex
Adonis aestivalis,Plantae,Tracheophyta,Magnoliopsida,Ranunculales,Ranunculaceae,Adonis,Adonis aestivalis,Adonis aestivalis
Anagallis,Plantae,Tracheophyta,Magnoliopsida,Ericales,Primulaceae,Lysimachia,Lysimachia,Lysimachia
Anarrhinum,Plantae,Tracheophyta,Magnoliopsida,Lamiales,Plantaginaceae,Anarrhinum,Anarrhinum,Anarrhinum
Anthemis,Plantae,Tracheophyta,Magnoliopsida,Asterales,Asteraceae,Anthemis,Anthemis,Anthemis
Aster,Plantae,Tracheophyta,Magnoliopsida,Asterales,Asteraceae,Aster,Aster,Aster
Centranthus,Plantae,Tracheophyta,Magnoliopsida,Dipsacales,Caprifoliaceae,Centranthus,Centranthus,Centranthus
Erica arborea,Plantae,Tracheophyta,Magnoliopsida,Ericales,Ericaceae,Erica,Erica arborea,Erica arborea
Erica australis,Plantae,Tracheophyta,Magnoliopsida,Ericales,Ericaceae,Erica,Erica australis,Erica australis
Erica umbellata,Plantae,Tracheophyta,Magnoliopsida,Ericales,Ericaceae,Erica,Erica umbellata,Erica umbellata
Fumana,Plantae,Tracheophyta,Magnoliopsida,Malvales,Cistaceae,Fumana,Fumana,Fumana
Herniaria,Plantae,Tracheophyta,Magnoliopsida,Caryophyllales,Caryophyllaceae,Herniaria,Herniaria,Herniaria
Lithospermum,Plantae,Tracheophyta,Magnoliopsida,Boraginales,Boraginaceae,Lithospermum,Lithospermum,Lithospermum
Mentha,Plantae,Tracheophyta,Magnoliopsida,Lamiales,Lamiaceae,Mentha,Mentha,Mentha
Onobrychis,Plantae,Tracheophyta,Magnoliopsida,Fabales,Fabaceae,Onobrychis,Onobrychis,Onobrychis
Paronychia,Plantae,Tracheophyta,Magnoliopsida,Caryophyllales,Caryophyllaceae,Paronychia,Paronychia,Paronychia
Sinapis,Plantae,Tracheophyta,Magnoliopsida,Brassicales,Brassicaceae,Sinapis,Sinapis,Sinapis
Trollius,Plantae,Tracheophyta,Magnoliopsida,Ranunculales,Ranunculaceae,Trollius,Trollius,Trollius
Cannabis sativa,Plantae,Tracheophyta,Magnoliopsida,Rosales,Cannabaceae,Cannabis,Cannabis sativa,Cannabis sativa
Cornus sanguinea,Plantae,Tracheophyta,Magnoliopsida,Cornales,Cornaceae,Cornus,Cornus sanguinea,Cornus sanguinea
Ericaceae undiff.,Plantae,Tracheophyta,Magnoliopsida,Ericales,Ericaceae,Ericaceae,Ericaceae,Ericaceae
Lathyrus,Plantae,Tracheophyta,Magnoliopsida,Fabales,Fabaceae,Lathyrus,Lathyrus,Lathyrus
Linum,Plantae,Tracheophyta,Magnoliopsida,Malpighiales,Linaceae,Linum,Linum,Linum
Malva,Plantae,Tracheophyta,Magnoliopsida,Malvales,Malvaceae,Malva,Malva,Malva
Polygonaceae,Plantae,Tracheophyta,Magnoliopsida,Caryophyllales,Polygonaceae,Polygonaceae,Polygonaceae,Polygonaceae
Rhamnus cathartica,Plantae,Tracheophyta,Magnoliopsida,Rosales,Rhamnaceae,Rhamnus,Rhamnus cathartica,Rhamnus cathartica
Sambucus nigra,Plantae,Tracheophyta,Magnoliopsida,Dipsacales,Viburnaceae,Sambucus,Sambucus nigra,Sambucus nigra
Secale cereale,Plantae,Tracheophyta,Liliopsida,Poales,Poaceae,Secale,Secale cereale,Secale cereale
Viola,Plantae,Tracheophyta,Magnoliopsida,Malpighiales,Violaceae,Viola,Viola,Viola
Aesculus,Plantae,Tracheophyta,Magnoliopsida,Sapindales,Sapindaceae,Aesculus,Aesculus,Aesculus
Avena,Plantae,Tracheophyta,Liliopsida,Poales,Poaceae,Avena,Avena,Avena
Eryngium,Plantae,Tracheophyta,Magnoliopsida,Apiales,Apiaceae,Eryngium,Eryngium,Eryngium
Helleborus,Plantae,Tracheophyta,Magnoliopsida,Ranunculales,Ranunculaceae,Helleborus,Helleborus,Helleborus
Heracleum sphondylium,Plantae,Tracheophyta,Magnoliopsida,Apiales,Apiaceae,Heracleum,Heracleum sphondylium,Heracleum sphondylium
Hordeum,Plantae,Tracheophyta,Liliopsida,Poales,Poaceae,Hordeum,Hordeum,Hordeum
Jasione,Plantae,Tracheophyta,Magnoliopsida,Asterales,Campanulaceae,Jasione,Jasione,Jasione
Larix,Plantae,Tracheophyta,Pinopsida,Pinales,Pinaceae,Larix,Larix,Larix
Lobelia,Plantae,Tracheophyta,Magnoliopsida,Asterales,Campanulaceae,Lobelia,Lobelia,Lobelia
Oxyria,Plantae,Tracheophyta,Magnoliopsida,Caryophyllales,Polygonaceae,Oxyria,Oxyria,Oxyria
Persicaria,Plantae,Tracheophyta,Magnoliopsida,Caryophyllales,Polygonaceae,Persicaria,Persicaria,Persicaria
Primula,Plantae,Tracheophyta,Magnoliopsida,Ericales,Primulaceae,Primula,Primula,Primula
Prunus spinosa,Plantae,Tracheophyta,Magnoliopsida,Rosales,Rosaceae,Prunus,Prunus spinosa,Prunus spinosa
Anthyllis vulneraria,Plantae,Tracheophyta,Magnoliopsida,Fabales,Fabaceae,Anthyllis,Anthyllis vulneraria,Anthyllis vulneraria
Cedrus,Plantae,Tracheophyta,Pinopsida,Pinales,Pinaceae,Cedrus,Cedrus,Cedrus
Chelidonium,Plantae,Tracheophyta,Magnoliopsida,Ranunculales,Papaveraceae,Chelidonium,Chelidonium,Chelidonium
Cupressaceae,Plantae,Tracheophyta,Pinopsida,Pinales,Cupressaceae,Cupressaceae,Cupressaceae,Cupressaceae
Dryas,Plantae,Tracheophyta,Magnoliopsida,Rosales,Rosaceae,Dryas,Dryas,Dryas
Ephedra distachya-type,Plantae,Tracheophyta,Gnetopsida,Ephedrales,Ephedraceae,Ephedra,Ephedra,Ephedra
Erodium,Plantae,Tracheophyta,Magnoliopsida,Geraniales,Geraniaceae,Erodium,Erodium,Erodium
Lamiaceae undiff.,Plantae,Tracheophyta,Magnoliopsida,Lamiales,Lamiaceae,Lamiaceae,Lamiaceae,Lamiaceae
Micranthes stellaris-type,Plantae,Tracheophyta,Magnoliopsida,Saxifragales,Saxifragaceae,Micranthes,Micranthes,Micranthes
Mimulus,Plantae,Tracheophyta,Magnoliopsida,Lamiales,Phrymaceae,Mimulus,Mimulus,Mimulus
Montia fontana,Plantae,Tracheophyta,Magnoliopsida,Caryophyllales,Montiaceae,Montia,Montia fontana,Montia fontana
Ononis,Plantae,Tracheophyta,Magnoliopsida,Fabales,Fabaceae,Ononis,Ononis,Ononis
Pinguicula,Plantae,Tracheophyta,Magnoliopsida,Lamiales,Lentibulariaceae,Pinguicula,Pinguicula,Pinguicula
Plantago coronopus-type,Plantae,Tracheophyta,Magnoliopsida,Lamiales,Plantaginaceae,Plantago,Plantago,Plantago
Plantago major/P. media-type,Plantae,Tracheophyta,Magnoliopsida,Lamiales,Plantaginaceae,Plantago,Plantago,Plantago
Plantago maritima-type,Plantae,Tracheophyta,Magnoliopsida,Lamiales,Plantaginaceae,Plantago,Plantago,Plantago
Poterium sanguisorba,Plantae,Tracheophyta,Magnoliopsida,Rosales,Rosaceae,Poterium,Poterium sanguisorba,Poterium sanguisorba
Saxifraga hypnoides-type,Plantae,Tracheophyta,Magnoliopsida,Saxifragales,Saxifragaceae,Saxifraga,Saxifraga,Saxifraga
Scutellaria,Plantae,Tracheophyta,Magnoliopsida,Lamiales,Lamiaceae,Scutellaria,Scutellaria,Scutellaria
Silene dioica-type,Plantae,Tracheophyta,Magnoliopsida,Caryophyllales,Caryophyllaceae,Silene,Silene,Silene
Silene flos-cuculi,Plantae,Tracheophyta,Magnoliopsida,Caryophyllales,Caryophyllaceae,Silene,Silene flos-cuculi,Silene flos-cuculi
Stellaria holostea,Plantae,Tracheophyta,Magnoliopsida,Caryophyllales,Caryophyllaceae,Rabelera,Rabelera holostea,Rabelera holostea
Valeriana officinalis-type,Plantae,Tracheophyta,Magnoliopsida,Dipsacales,Caprifoliaceae,Valeriana,Valeriana,Valeriana
Acacia,Plantae,Tracheophyta,Magnoliopsida,Fabales,Fabaceae,Acacia,Acacia,Acacia
Adenostyles,Plantae,Tracheophyta,Magnoliopsida,Asterales,Asteraceae,Adenostyles,Adenostyles,Adenostyles
Calceolaria,Plantae,Tracheophyta,Magnoliopsida,Lamiales,Calceolariaceae,Calceolaria,Calceolaria,Calceolaria
Carex,Plantae,Tracheophyta,Liliopsida,Poales,Cyperaceae,Carex,Carex,Carex
Cicuta virosa,Plantae,Tracheophyta,Magnoliopsida,Apiales,Apiaceae,Cicuta,Cicuta virosa,Cicuta virosa
Coronilla,Plantae,Tracheophyta,Magnoliopsida,Fabales,Fabaceae,Coronilla,Coronilla,Coronilla
Dalechampia,Plantae,Tracheophyta,Magnoliopsida,Malpighiales,Euphorbiaceae,Dalechampia,Dalechampia,Dalechampia
Gladiolus,Plantae,Tracheophyta,Liliopsida,Asparagales,Iridaceae,Gladiolus,Gladiolus,Gladiolus
Glaucium,Plantae,Tracheophyta,Magnoliopsida,Ranunculales,Papaveraceae,Glaucium,Glaucium,Glaucium
Helianthus,Plantae,Tracheophyta,Magnoliopsida,Asterales,Asteraceae,Helianthus,Helianthus,Helianthus
Impatiens,Plantae,Tracheophyta,Magnoliopsida,Ericales,Balsaminaceae,Impatiens,Impatiens,Impatiens
Ligustrum vulgare,Plantae,Tracheophyta,Magnoliopsida,Lamiales,Oleaceae,Ligustrum,Ligustrum vulgare,Ligustrum vulgare
Lilium martagon,Plantae,Tracheophyta,Liliopsida,Liliales,Liliaceae,Lilium,Lilium martagon,Lilium martagon
Limosella,Plantae,Tracheophyta,Magnoliopsida,Lamiales,Scrophulariaceae,Limosella,Limosella,Limosella
Luzula,Plantae,Tracheophyta,Liliopsida,Poales,Juncaceae,Luzula,Luzula,Luzula
Portulaca oleracea-type,Plantae,Tracheophyta,Magnoliopsida,Caryophyllales,Portulacaceae,Portulaca,Portulaca,Portulaca
Primula vulgaris,Plantae,Tracheophyta,Magnoliopsida,Ericales,Primulaceae,Primula,Primula vulgaris,Primula vulgaris
Rhododendron,Plantae,Tracheophyta,Magnoliopsida,Ericales,Ericaceae,Rhododendron,Rhododendron,Rhododendron
Silene dioica,Plantae,Tracheophyta,Magnoliopsida,Caryophyllales,Caryophyllaceae,Silene,Silene dioica,Silene dioica
Viburnum opulus,Plantae,Tracheophyta,Magnoliopsida,Dipsacales,Viburnaceae,Viburnum,Viburnum opulus,Viburnum opulus
Zea,Plantae,Tracheophyta,Liliopsida,Poales,Poaceae,Zea,Silene dioica,Silene dioica
Acer campestre-type,Plantae,Tracheophyta,Magnoliopsida,Sapindales,Sapindaceae,Acer,Viburnum opulus,Viburnum opulus
Acer negundo,Plantae,Tracheophyta,Magnoliopsida,Sapindales,Sapindaceae,Acer,Acer negundo,Acer negundo
Apiaceae undiff.,Plantae,Tracheophyta,Magnoliopsida,Apiales,Apiaceae,Apiaceae,Apiaceae,Apiaceae
Campanulaceae undiff.,Plantae,Tracheophyta,Magnoliopsida,Asterales,Campanulaceae,Campanulaceae,Campanulaceae,Campanulaceae
Castanea sativa,Plantae,Tracheophyta,Magnoliopsida,Fagales,Fagaceae,Castanea,Castanea sativa,Castanea sativa
Centaurea jacea-type,Plantae,Tracheophyta,Magnoliopsida,Asterales,Asteraceae,Centaurea,Centaurea,Centaurea
Convolvulus arvensis,Plantae,Tracheophyta,Magnoliopsida,Solanales,Convolvulaceae,Convolvulus,Convolvulus arvensis,Convolvulus arvensis
Cyperaceae undiff.,Plantae,Tracheophyta,Liliopsida,Poales,Cyperaceae,Cyperaceae,Cyperaceae,Cyperaceae
Fabaceae undiff.,Plantae,Tracheophyta,Magnoliopsida,Fabales,Fabaceae,Fabaceae,Fabaceae,Fabaceae
Fallopia convolvulus-type,Plantae,Tracheophyta,Magnoliopsida,Caryophyllales,Polygonaceae,Fallopia,Fallopia,Fallopia
Gentianaceae,Plantae,Tracheophyta,Magnoliopsida,Gentianales,Gentianaceae,Gentianaceae,Gentianaceae,Gentianaceae
Gypsophila,Plantae,Tracheophyta,Magnoliopsida,Caryophyllales,Caryophyllaceae,Gypsophila,Gypsophila,Gypsophila
Lotus,Plantae,Tracheophyta,Magnoliopsida,Fabales,Fabaceae,Lotus,Lotus,Lotus
Lysimachia,Plantae,Tracheophyta,Magnoliopsida,Ericales,Primulaceae,Lysimachia,Lysimachia,Lysimachia
Mercurialis perennis,Plantae,Tracheophyta,Magnoliopsida,Malpighiales,Euphorbiaceae,Mercurialis,Mercurialis perennis,Mercurialis perennis
Polygonum aviculare-type,Plantae,Tracheophyta,Magnoliopsida,Caryophyllales,Polygonaceae,Polygonum,Polygonum,Polygonum
Ranunculus acris-type,Plantae,Tracheophyta,Magnoliopsida,Ranunculales,Ranunculaceae,Ranunculus,Ranunculus,Ranunculus
Rosaceae undiff.,Plantae,Tracheophyta,Magnoliopsida,Rosales,Rosaceae,Rosaceae,Rosaceae,Rosaceae
Scleranthus perennis,Plantae,Tracheophyta,Magnoliopsida,Caryophyllales,Caryophyllaceae,Scleranthus,Scleranthus perennis,Scleranthus perennis
Scrophulariaceae undiff.,Plantae,Tracheophyta,Magnoliopsida,Lamiales,Scrophulariaceae,Scrophulariaceae,Scrophulariaceae,Scrophulariaceae
Solanum dulcamara,Plantae,Tracheophyta,Magnoliopsida,Solanales,Solanaceae,Solanum,Solanum dulcamara,Solanum dulcamara
Viscum album,Plantae,Tracheophyta,Magnoliopsida,Santalales,Viscaceae,Viscum,Viscum album,Viscum album
Xanthium,Plantae,Tracheophyta,Magnoliopsida,Asterales,Asteraceae,Xanthium,Xanthium,Xanthium
Zea mays,Plantae,Tracheophyta,Liliopsida,Poales,Poaceae,Zea,Zea mays,Zea mays
Adoxa moschatellina,Plantae,Tracheophyta,Magnoliopsida,Dipsacales,Viburnaceae,Adoxa,Adoxa moschatellina,Adoxa moschatellina
Anemone nemorosa-type,Plantae,Tracheophyta,Magnoliopsida,Ranunculales,Ranunculaceae,Anemone,Anemone,Anemone
Arctostaphylos uva-ursi,Plantae,Tracheophyta,Magnoliopsida,Ericales,Ericaceae,Arctostaphylos,Arctostaphylos uva-ursi,Arctostaphylos uva-ursi
Astragalus alpinus,Plantae,Tracheophyta,Magnoliopsida,Fabales,Fabaceae,Astragalus,Astragalus alpinus,Astragalus alpinus
Astragalus cf. A. glycyphyllos,Plantae,Tracheophyta,Magnoliopsida,Fabales,Fabaceae,Astragalus,Astragalus,Astragalus
Cornus suecica,Plantae,Tracheophyta,Magnoliopsida,Cornales,Cornaceae,Cornus,Cornus suecica,Cornus suecica
Humulus lupulus,Plantae,Tracheophyta,Magnoliopsida,Rosales,Cannabaceae,Humulus,Humulus lupulus,Humulus lupulus
Hypericum perforatum,Plantae,Tracheophyta,Magnoliopsida,Malpighiales,Hypericaceae,Hypericum,Hypericum perforatum,Hypericum perforatum
Juniperus communis,Plantae,Tracheophyta,Pinopsida,Pinales,Cupressaceae,Juniperus,Juniperus communis,Juniperus communis
Papaver rhoeas-type,Plantae,Tracheophyta,Magnoliopsida,Ranunculales,Papaveraceae,Papaver,Papaver,Papaver
Potentilla recta,Plantae,Tracheophyta,Magnoliopsida,Rosales,Rosaceae,Potentilla,Potentilla recta,Potentilla recta
Prunus padus,Plantae,Tracheophyta,Magnoliopsida,Rosales,Rosaceae,Prunus,Prunus padus,Prunus padus
Ranunculus undiff.,Plantae,Tracheophyta,Magnoliopsida,Ranunculales,Ranunculaceae,Ranunculus,Ranunculus,Ranunculus
Rhododendron tomentosum,Plantae,Tracheophyta,Magnoliopsida,Ericales,Ericaceae,Rhododendron,Rhododendron tomentosum,Rhododendron tomentosum
Sorbus aucuparia,Plantae,Tracheophyta,Magnoliopsida,Rosales,Rosaceae,Sorbus,Sorbus aucuparia,Sorbus aucuparia
Stachys sylvatica-type,Plantae,Tracheophyta,Magnoliopsida,Lamiales,Lamiaceae,Stachys,Stachys,Stachys
Trientalis europaea,Plantae,Tracheophyta,Magnoliopsida,Ericales,Primulaceae,Lysimachia,Lysimachia europaea,Lysimachia europaea
Trientalis europaea,Plantae,Tracheophyta,Magnoliopsida,Ericales,Primulaceae,Lysimachia,Lysimachia europaea,Lysimachia europaea
Trientalis europaea,Plantae,Tracheophyta,Magnoliopsida,Ericales,Primulaceae,Lysimachia,Lysimachia borealis,Lysimachia borealis
Trientalis europaea,Plantae,Tracheophyta,Magnoliopsida,Ericales,Primulaceae,Lysimachia,Lysimachia borealis,Lysimachia borealis
Gentianella campestris-type,Plantae,Tracheophyta,Magnoliopsida,Gentianales,Gentianaceae,Gentianella,Gentianella,Gentianella
Silene vulgaris-type,Plantae,Tracheophyta,Magnoliopsida,Caryophyllales,Caryophyllaceae,Silene,Silene,Silene
Valeriana officinalis,Plantae,Tracheophyta,Magnoliopsida,Dipsacales,Caprifoliaceae,Valeriana,Valeriana officinalis,Valeriana officinalis
Rumex subg. Rumex,Plantae,Tracheophyta,Magnoliopsida,Caryophyllales,Polygonaceae,Rumex,Rumex,Rumex
Trientalis,Plantae,Tracheophyta,Magnoliopsida,Ericales,Primulaceae,Lysimachia,Lysimachia,Lysimachia
Achillea,Plantae,Tracheophyta,Magnoliopsida,Asterales,Asteraceae,Achillea,Achillea,Achillea
Aconitum,Plantae,Tracheophyta,Magnoliopsida,Ranunculales,Ranunculaceae,Aconitum,Aconitum,Aconitum
Alchemilla,Plantae,Tracheophyta,Magnoliopsida,Rosales,Rosaceae,Alchemilla,Alchemilla,Alchemilla
Allium,Plantae,Tracheophyta,Liliopsida,Asparagales,Amaryllidaceae,Allium,Allium,Allium
Arctous alpina,Plantae,Tracheophyta,Magnoliopsida,Ericales,Ericaceae,Arctostaphylos,Arctostaphylos alpinus,Arctostaphylos alpinus
Arenaria,Plantae,Tracheophyta,Magnoliopsida,Caryophyllales,Caryophyllaceae,Arenaria,Arenaria,Arenaria
Artemisia norvegica,Plantae,Tracheophyta,Magnoliopsida,Asterales,Asteraceae,Artemisia,Artemisia norvegica,Artemisia norvegica
Astragalus frigidus,Plantae,Tracheophyta,Magnoliopsida,Fabales,Fabaceae,Astragalus,Astragalus frigidus,Astragalus frigidus
Bistorta,Plantae,Tracheophyta,Magnoliopsida,Caryophyllales,Polygonaceae,Bistorta,Bistorta,Bistorta
Convallaria,Plantae,Tracheophyta,Liliopsida,Asparagales,Asparagaceae,Convallaria,Convallaria,Convallaria
Cornus,Plantae,Tracheophyta,Magnoliopsida,Cornales,Cornaceae,Cornus,Cornus,Cornus
Diapensia,Plantae,Tracheophyta,Magnoliopsida,Ericales,Diapensiaceae,Diapensia,Diapensia,Diapensia
Ephedra distachya,Plantae,Tracheophyta,Gnetopsida,Ephedrales,Ephedraceae,Ephedra,Ephedra distachya,Ephedra distachya
Ephedra fragilis,Plantae,Tracheophyta,Gnetopsida,Ephedrales,Ephedraceae,Ephedra,Ephedra fragilis,Ephedra fragilis
Euphrasia,Plantae,Tracheophyta,Magnoliopsida,Lamiales,Orobanchaceae,Euphrasia,Euphrasia,Euphrasia
Gentiana campestris,Plantae,Tracheophyta,Magnoliopsida,Gentianales,Gentianaceae,Gentianella,Gentianella amarella,Gentianella amarella
Gentiana campestris,Plantae,Tracheophyta,Magnoliopsida,Gentianales,Gentianaceae,Gentianella,Gentianella amarella,Gentianella amarella
Gentiana campestris,Plantae,Tracheophyta,Magnoliopsida,Gentianales,Gentianaceae,Gentianella,Gentianella amarella,Gentianella amarella
Gentiana campestris,Plantae,Tracheophyta,Magnoliopsida,Gentianales,Gentianaceae,Gentianella,Gentianella germanica,Gentianella germanica
Gentiana campestris,Plantae,Tracheophyta,Magnoliopsida,Gentianales,Gentianaceae,Gentianella,Gentianella germanica,Gentianella germanica
Gentiana campestris,Plantae,Tracheophyta,Magnoliopsida,Gentianales,Gentianaceae,Gentianella,Gentianella germanica,Gentianella germanica
Gentiana campestris,Plantae,Tracheophyta,Magnoliopsida,Gentianales,Gentianaceae,Gentianella,Gentianella campestris,Gentianella campestris
Gentiana campestris,Plantae,Tracheophyta,Magnoliopsida,Gentianales,Gentianaceae,Gentianella,Gentianella campestris,Gentianella campestris
Gentiana campestris,Plantae,Tracheophyta,Magnoliopsida,Gentianales,Gentianaceae,Gentianella,Gentianella campestris,Gentianella campestris
Gentiana nivalis,Plantae,Tracheophyta,Magnoliopsida,Gentianales,Gentianaceae,Gentiana,Gentiana nivalis,Gentiana nivalis
Geum,Plantae,Tracheophyta,Magnoliopsida,Rosales,Rosaceae,Geum,Geum,Geum
Humulus,Plantae,Tracheophyta,Magnoliopsida,Rosales,Cannabaceae,Humulus,Humulus,Humulus
Micranthes stellaris,Plantae,Tracheophyta,Magnoliopsida,Saxifragales,Saxifragaceae,Micranthes,Micranthes stellaris,Micranthes stellaris
Myricaria,Plantae,Tracheophyta,Magnoliopsida,Caryophyllales,Tamaricaceae,Myricaria,Myricaria,Myricaria
Orchidaceae,Plantae,Tracheophyta,Liliopsida,Asparagales,Orchidaceae,Orchidaceae,Orchidaceae,Orchidaceae
Parnassia,Plantae,Tracheophyta,Magnoliopsida,Celastrales,Parnassiaceae,Parnassia,Parnassia,Parnassia
Ranunculus acris,Plantae,Tracheophyta,Magnoliopsida,Ranunculales,Ranunculaceae,Ranunculus,Ranunculus acris,Ranunculus acris
Ranunculus sp.,Plantae,Tracheophyta,Magnoliopsida,Ranunculales,Ranunculaceae,Ranunculus,Ranunculus,Ranunculus
Rubus sp.,Plantae,Tracheophyta,Magnoliopsida,Rosales,Rosaceae,Rubus,Rubus,Rubus
Rumex longifolius,Plantae,Tracheophyta,Magnoliopsida,Caryophyllales,Polygonaceae,Rumex,Rumex longifolius,Rumex longifolius
Sagina,Plantae,Tracheophyta,Magnoliopsida,Caryophyllales,Caryophyllaceae,Sagina,Sagina,Sagina
Salix herbacea,Plantae,Tracheophyta,Magnoliopsida,Malpighiales,Salicaceae,Salix,Salix herbacea,Salix herbacea
Saussurea,Plantae,Tracheophyta,Magnoliopsida,Asterales,Asteraceae,Saussurea,Saussurea,Saussurea
Saxifraga cernua-type,Plantae,Tracheophyta,Magnoliopsida,Saxifragales,Saxifragaceae,Saxifraga,Saxifraga,Saxifraga
Saxifraga hirculus,Plantae,Tracheophyta,Magnoliopsida,Saxifragales,Saxifragaceae,Saxifraga,Saxifraga hirculus,Saxifraga hirculus
Sibbaldia,Plantae,Tracheophyta,Magnoliopsida,Rosales,Rosaceae,Sibbaldia,Sibbaldia,Sibbaldia
Silene acaulis,Plantae,Tracheophyta,Magnoliopsida,Caryophyllales,Caryophyllaceae,Silene,Silene acaulis,Silene acaulis
Tofieldia,Plantae,Tracheophyta,Liliopsida,Alismatales,Tofieldiaceae,Tofieldia,Tofieldia,Tofieldia
Verbascum,Plantae,Tracheophyta,Magnoliopsida,Lamiales,Scrophulariaceae,Verbascum,Verbascum,Verbascum
Veronica,Plantae,Tracheophyta,Magnoliopsida,Lamiales,Plantaginaceae,Veronica,Veronica,Veronica
Astragalus cf. A. alpinus,Plantae,Tracheophyta,Magnoliopsida,Fabales,Fabaceae,Astragalus,Astragalus,Astragalus
Geranium sylvaticum-type,Plantae,Tracheophyta,Magnoliopsida,Geraniales,Geraniaceae,Geranium,Geranium,Geranium
Oxyria digyna,Plantae,Tracheophyta,Magnoliopsida,Caryophyllales,Polygonaceae,Oxyria,Oxyria digyna,Oxyria digyna
Rumex acetosa/R. acetosella-type,Plantae,Tracheophyta,Magnoliopsida,Caryophyllales,Polygonaceae,Rumex,Rumex,Rumex
Rumex acetosella-type,Plantae,Tracheophyta,Magnoliopsida,Caryophyllales,Polygonaceae,Rumex,Rumex,Rumex
Saxifraga oppositifolia-type,Plantae,Tracheophyta,Magnoliopsida,Saxifragales,Saxifragaceae,Saxifraga,Saxifraga,Saxifraga
Tofieldia pusilla,Plantae,Tracheophyta,Liliopsida,Alismatales,Tofieldiaceae,Tofieldia,Tofieldia pusilla,Tofieldia pusilla
Trollius europaeus,Plantae,Tracheophyta,Magnoliopsida,Ranunculales,Ranunculaceae,Trollius,Trollius europaeus,Trollius europaeus
Valeriana excelsa subsp. sambucifolia-type,Plantae,Tracheophyta,Magnoliopsida,Dipsacales,Caprifoliaceae,Valeriana,Valeriana excelsa,Valeriana excelsa
Bistorta officinalis,Plantae,Tracheophyta,Magnoliopsida,Caryophyllales,Polygonaceae,Bistorta,Bistorta officinalis,Bistorta officinalis
Cannabaceae undiff.,Plantae,Tracheophyta,Magnoliopsida,Rosales,Cannabaceae,Cannabaceae,Cannabaceae,Cannabaceae
Cerastium cerastoides-type,Plantae,Tracheophyta,Magnoliopsida,Caryophyllales,Caryophyllaceae,Cerastium,Cerastium,Cerastium
Geranium sylvaticum,Plantae,Tracheophyta,Magnoliopsida,Geraniales,Geraniaceae,Geranium,Geranium sylvaticum,Geranium sylvaticum
Pedicularis palustris-type,Plantae,Tracheophyta,Magnoliopsida,Lamiales,Orobanchaceae,Pedicularis,Pedicularis,Pedicularis
Silene acaulis-type,Plantae,Tracheophyta,Magnoliopsida,Caryophyllales,Caryophyllaceae,Silene,Silene,Silene
Artemisia cf. A. norvegica,Plantae,Tracheophyta,Magnoliopsida,Asterales,Asteraceae,Artemisia,Artemisia,Artemisia
Bistorta vivipara,Plantae,Tracheophyta,Magnoliopsida,Caryophyllales,Polygonaceae,Bistorta,Bistorta vivipara,Bistorta vivipara
Liliaceae undiff.,Plantae,Tracheophyta,Liliopsida,Liliales,Liliaceae,Liliaceae,Liliaceae,Liliaceae
Lobelia dortmanna,Plantae,Tracheophyta,Magnoliopsida,Asterales,Campanulaceae,Lobelia,Lobelia dortmanna,Lobelia dortmanna
Micranthes nivalis-type,Plantae,Tracheophyta,Magnoliopsida,Saxifragales,Saxifragaceae,Micranthes,Micranthes,Micranthes
Populus tremula,Plantae,Tracheophyta,Magnoliopsida,Malpighiales,Salicaceae,Populus,Populus tremula,Populus tremula
Rumex longifolius-type,Plantae,Tracheophyta,Magnoliopsida,Caryophyllales,Polygonaceae,Rumex,Rumex,Rumex
Saxifraga cespitosa-type,Plantae,Tracheophyta,Magnoliopsida,Saxifragales,Saxifragaceae,Saxifraga,Saxifraga,Saxifraga
Cerastium,Plantae,Tracheophyta,Magnoliopsida,Caryophyllales,Caryophyllaceae,Cerastium,Cerastium,Cerastium
Ephedra distachya subsp. helvetica-type,Plantae,Tracheophyta,Gnetopsida,Ephedrales,Ephedraceae,Ephedra,Ephedra distachya,Ephedra distachya
Ephedra fragilis-type,Plantae,Tracheophyta,Gnetopsida,Ephedrales,Ephedraceae,Ephedra,Ephedra,Ephedra
Silene,Plantae,Tracheophyta,Magnoliopsida,Caryophyllales,Caryophyllaceae,Silene,Silene,Silene
Polemonium,Plantae,Tracheophyta,Magnoliopsida,Ericales,Polemoniaceae,Polemonium,Polemonium,Polemonium
Cornus suecica (thick wall),Plantae,Tracheophyta,Magnoliopsida,Cornales,Cornaceae,Cornus,Cornus suecica,Cornus suecica
Ericaceae cf. Calluna,Plantae,Tracheophyta,Magnoliopsida,Ericales,Ericaceae,Ericaceae,Ericaceae,Ericaceae
Euphorbiaceae cf. Mercurialis,Plantae,Tracheophyta,Magnoliopsida,Malpighiales,Euphorbiaceae,Euphorbiaceae,Euphorbiaceae,Euphorbiaceae
Onagraceae cf. Epilobium,Plantae,Tracheophyta,Magnoliopsida,Myrtales,Onagraceae,Onagraceae,Onagraceae,Onagraceae
Rubus cf. R. idaeus,Plantae,Tracheophyta,Magnoliopsida,Rosales,Rosaceae,Rubus,Rubus,Rubus
Anagallis cf. A. arvensis,Plantae,Tracheophyta,Magnoliopsida,Ericales,Primulaceae,Lysimachia,Lysimachia,Lysimachia
Anagallis cf. A. tenella,Plantae,Tracheophyta,Magnoliopsida,Ericales,Primulaceae,Lysimachia,Lysimachia,Lysimachia
Cannabaceae,Plantae,Tracheophyta,Magnoliopsida,Rosales,Cannabaceae,Cannabaceae,Cannabaceae,Cannabaceae
Centaurea cyanus-type,Plantae,Tracheophyta,Magnoliopsida,Asterales,Asteraceae,Centaurea,Centaurea,Centaurea
Centaurea nigra-type,Plantae,Tracheophyta,Magnoliopsida,Asterales,Asteraceae,Centaurea,Centaurea,Centaurea
Diapensia lapponica,Plantae,Tracheophyta,Magnoliopsida,Ericales,Diapensiaceae,Diapensia,Diapensia lapponica,Diapensia lapponica
Malvaceae,Plantae,Tracheophyta,Magnoliopsida,Malvales,Malvaceae,Malvaceae,Malvaceae,Malvaceae
Polygonum cf. P. aviculare,Plantae,Tracheophyta,Magnoliopsida,Caryophyllales,Polygonaceae,Polygonum,Polygonum,Polygonum
Primula farinosa,Plantae,Tracheophyta,Magnoliopsida,Ericales,Primulaceae,Primula,Primula farinosa,Primula farinosa
Rumex cf. R. longifolius,Plantae,Tracheophyta,Magnoliopsida,Caryophyllales,Polygonaceae,Rumex,Rumex,Rumex
"Alnus (shrub, pale shallow pores)",Plantae,Tracheophyta,Magnoliopsida,Fagales,Betulaceae,Alnus,Alnus,Alnus
"Alnus (tree, robust deep pores)",Plantae,Tracheophyta,Magnoliopsida,Fagales,Betulaceae,Alnus,Alnus,Alnus
Betula (hybrid),Plantae,Tracheophyta,Magnoliopsida,Fagales,Betulaceae,Betula,Betula,Betula
Betula (tree),Plantae,Tracheophyta,Magnoliopsida,Fagales,Betulaceae,Betula,Betula,Betula
Betula undiff.,Plantae,Tracheophyta,Magnoliopsida,Fagales,Betulaceae,Betula,Betula,Betula
Cannabaceae cf. Cannabis sativa,Plantae,Tracheophyta,Magnoliopsida,Rosales,Cannabaceae,Cannabaceae,Cannabaceae,Cannabaceae
Centaurea cf. C. cyanus,Plantae,Tracheophyta,Magnoliopsida,Asterales,Asteraceae,Centaurea,Centaurea,Centaurea
Micranthes cf. M. stellaris,Plantae,Tracheophyta,Magnoliopsida,Saxifragales,Saxifragaceae,Micranthes,Micranthes,Micranthes
Plantago cf. P. coronopus,Plantae,Tracheophyta,Magnoliopsida,Lamiales,Plantaginaceae,Plantago,Plantago,Plantago
Saxifraga cf. S. oppositifolia,Plantae,Tracheophyta,Magnoliopsida,Saxifragales,Saxifragaceae,Saxifraga,Saxifraga,Saxifraga
Saxifraga granulata-type,Plantae,Tracheophyta,Magnoliopsida,Saxifragales,Saxifragaceae,Saxifraga,Saxifraga,Saxifraga
Spergularia,Plantae,Tracheophyta,Magnoliopsida,Caryophyllales,Caryophyllaceae,Spergularia,Spergularia,Spergularia
Anagallis arvensis,Plantae,Tracheophyta,Magnoliopsida,Ericales,Primulaceae,Lysimachia,Lysimachia arvensis,Lysimachia arvensis
Corylus avellana-type,Plantae,Tracheophyta,Magnoliopsida,Fagales,Betulaceae,Corylus,Corylus,Corylus
Jasione montana,Plantae,Tracheophyta,Magnoliopsida,Asterales,Campanulaceae,Jasione,Jasione montana,Jasione montana
Vicia sylvatica-type,Plantae,Tracheophyta,Magnoliopsida,Fabales,Fabaceae,Vicia,Vicia,Vicia
Alnus glutinosa-type,Plantae,Tracheophyta,Magnoliopsida,Fagales,Betulaceae,Alnus,Alnus,Alnus
Ambrosia,Plantae,Tracheophyta,Magnoliopsida,Asterales,Asteraceae,Ambrosia,Ambrosia,Ambrosia
Anthriscus sylvestris-type,Plantae,Tracheophyta,Magnoliopsida,Apiales,Apiaceae,Anthriscus,Anthriscus,Anthriscus
Bidens,Plantae,Tracheophyta,Magnoliopsida,Asterales,Asteraceae,Bidens,Bidens,Bidens
Chaerophyllum hirsutum-type,Plantae,Tracheophyta,Magnoliopsida,Apiales,Apiaceae,Chaerophyllum,Chaerophyllum,Chaerophyllum
Dipsacus,Plantae,Tracheophyta,Magnoliopsida,Dipsacales,Caprifoliaceae,Dipsacus,Dipsacus,Dipsacus
Lonicera xylosteum,Plantae,Tracheophyta,Magnoliopsida,Dipsacales,Caprifoliaceae,Lonicera,Lonicera xylosteum,Lonicera xylosteum
Phyteuma,Plantae,Tracheophyta,Magnoliopsida,Asterales,Campanulaceae,Phyteuma,Phyteuma,Phyteuma
Pimpinella major-type,Plantae,Tracheophyta,Magnoliopsida,Rosales,Rosaceae,Sanguisorba,Sanguisorba,Sanguisorba
Pinus subg. Pinus,Plantae,Tracheophyta,Pinopsida,Pinales,Pinaceae,Pinus,Pinus,Pinus
Ranunculus arvensis,Plantae,Tracheophyta,Magnoliopsida,Ranunculales,Ranunculaceae,Ranunculus,Ranunculus arvensis,Ranunculus arvensis
Rumex obtusifolius-type,Plantae,Tracheophyta,Magnoliopsida,Caryophyllales,Polygonaceae,Rumex,Rumex,Rumex
Vicia cracca-type,Plantae,Tracheophyta,Magnoliopsida,Fabales,Fabaceae,Vicia,Vicia,Vicia
Carduus,Plantae,Tracheophyta,Magnoliopsida,Asterales,Asteraceae,Carduus,Carduus,Carduus
Carum carvi,Plantae,Tracheophyta,Magnoliopsida,Apiales,Apiaceae,Carum,Carum carvi,Carum carvi
Chamaenerion angustifolium-type,Plantae,Tracheophyta,Magnoliopsida,Myrtales,Onagraceae,Chamaenerion,Chamaenerion,Chamaenerion
Daucus,Plantae,Tracheophyta,Magnoliopsida,Apiales,Apiaceae,Daucus,Daucus,Daucus
Polygonatum,Plantae,Tracheophyta,Liliopsida,Asparagales,Asparagaceae,Polygonatum,Polygonatum,Polygonatum
Sanicula europaea,Plantae,Tracheophyta,Magnoliopsida,Apiales,Apiaceae,Sanicula,Sanicula europaea,Sanicula europaea
Viburnum lantana,Plantae,Tracheophyta,Magnoliopsida,Dipsacales,Viburnaceae,Viburnum,Viburnum lantana,Viburnum lantana
Gagea,Plantae,Tracheophyta,Liliopsida,Liliales,Liliaceae,Gagea,Gagea,Gagea
Knautia,Plantae,Tracheophyta,Magnoliopsida,Dipsacales,Caprifoliaceae,Knautia,Knautia,Knautia
Pinus cembra-type,Plantae,Tracheophyta,Pinopsida,Pinales,Pinaceae,Pinus,Pinus,Pinus
Plantago sp.,Plantae,Tracheophyta,Magnoliopsida,Lamiales,Plantaginaceae,Plantago,Plantago,Plantago
Pulmonaria,Plantae,Tracheophyta,Magnoliopsida,Boraginales,Boraginaceae,Pulmonaria,Pulmonaria,Pulmonaria
Symphytum,Plantae,Tracheophyta,Magnoliopsida,Boraginales,Boraginaceae,Symphytum,Symphytum,Symphytum
Arctostaphylos,Plantae,Tracheophyta,Magnoliopsida,Ericales,Ericaceae,Arctostaphylos,Arctostaphylos,Arctostaphylos
Fallopia,Plantae,Tracheophyta,Magnoliopsida,Caryophyllales,Polygonaceae,Fallopia,Fallopia,Fallopia
Gypsophila repens-type,Plantae,Tracheophyta,Magnoliopsida,Caryophyllales,Caryophyllaceae,Gypsophila,Gypsophila,Gypsophila
Koenigia alpina,Plantae,Tracheophyta,Magnoliopsida,Caryophyllales,Polygonaceae,Koenigia,Koenigia alpina,Koenigia alpina
Montia,Plantae,Tracheophyta,Magnoliopsida,Caryophyllales,Montiaceae,Montia,Montia,Montia
Papaveraceae,Plantae,Tracheophyta,Magnoliopsida,Ranunculales,Papaveraceae,Papaveraceae,Papaveraceae,Papaveraceae
Plantago major-type,Plantae,Tracheophyta,Magnoliopsida,Lamiales,Plantaginaceae,Plantago,Plantago,Plantago
Pleurospermum austriacum,Plantae,Tracheophyta,Magnoliopsida,Apiales,Apiaceae,Pleurospermum,Pleurospermum austriacum,Pleurospermum austriacum
Scleranthus annuus,Plantae,Tracheophyta,Magnoliopsida,Caryophyllales,Caryophyllaceae,Scleranthus,Scleranthus annuus,Scleranthus annuus
Soldanella,Plantae,Tracheophyta,Magnoliopsida,Ericales,Primulaceae,Soldanella,Soldanella,Soldanella
Valeriana dioica-type,Plantae,Tracheophyta,Magnoliopsida,Dipsacales,Caprifoliaceae,Valeriana,Valeriana,Valeriana
Plantago media-type,Plantae,Tracheophyta,Magnoliopsida,Lamiales,Plantaginaceae,Plantago,Plantago,Plantago
Centaurea stoebe-type,Plantae,Tracheophyta,Magnoliopsida,Asterales,Asteraceae,Centaurea,Centaurea,Centaurea
Galeopsis,Plantae,Tracheophyta,Magnoliopsida,Lamiales,Lamiaceae,Galeopsis,Galeopsis,Galeopsis
Gentiana asclepiadea-type,Plantae,Tracheophyta,Magnoliopsida,Gentianales,Gentianaceae,Gentiana,Gentiana,Gentiana
Lysimachia vulgaris,Plantae,Tracheophyta,Magnoliopsida,Ericales,Primulaceae,Lysimachia,Lysimachia vulgaris,Lysimachia vulgaris
Oxalis,Plantae,Tracheophyta,Magnoliopsida,Oxalidales,Oxalidaceae,Oxalis,Oxalis,Oxalis
Ribes cf. R. alpinum,Plantae,Tracheophyta,Magnoliopsida,Saxifragales,Grossulariaceae,Ribes,Ribes,Ribes
Sambucus cf. S. ebulus,Plantae,Tracheophyta,Magnoliopsida,Dipsacales,Viburnaceae,Sambucus,Sambucus,Sambucus
Valeriana dioica subsp. simplicifolia,Plantae,Tracheophyta,Magnoliopsida,Dipsacales,Caprifoliaceae,Valeriana,Valeriana dioica,Valeriana dioica simplicifolia
Valeriana dioica subsp. simplicifolia,Plantae,Tracheophyta,Magnoliopsida,Dipsacales,Caprifoliaceae,Valeriana,Valeriana dioica,Valeriana dioica simplicifolia
Valeriana dioica subsp. simplicifolia,Plantae,Tracheophyta,Magnoliopsida,Dipsacales,Caprifoliaceae,Valeriana,Valeriana dioica,Valeriana dioica simplicifolia
Valeriana dioica subsp. simplicifolia,Plantae,Tracheophyta,Magnoliopsida,Dipsacales,Caprifoliaceae,Valeriana,Valeriana dioica,Valeriana dioica simplicifolia
Veratrum,Plantae,Tracheophyta,Liliopsida,Liliales,Melanthiaceae,Veratrum,Veratrum,Veratrum
Viola arvensis-type,Plantae,Tracheophyta,Magnoliopsida,Malpighiales,Violaceae,Viola,Viola,Viola
Lysimachia nemorum,Plantae,Tracheophyta,Magnoliopsida,Ericales,Primulaceae,Lysimachia,Lysimachia nemorum,Lysimachia nemorum
Pinguicula vulgaris,Plantae,Tracheophyta,Magnoliopsida,Lamiales,Lentibulariaceae,Pinguicula,Pinguicula vulgaris,Pinguicula vulgaris
Alnus viridis,Plantae,Tracheophyta,Magnoliopsida,Fagales,Betulaceae,Alnus,Alnus alnobetula,Alnus alnobetula
Alnus viridis,Plantae,Tracheophyta,Magnoliopsida,Fagales,Betulaceae,Alnus,Alnus alnobetula,Alnus alnobetula
Alnus viridis,Plantae,Tracheophyta,Magnoliopsida,Fagales,Betulaceae,Alnus,Alnus alnobetula,Alnus alnobetula
Alnus viridis,Plantae,Tracheophyta,Magnoliopsida,Fagales,Betulaceae,Alnus,Alnus alnobetula,Alnus alnobetula
Helianthemum nummularium-type,Plantae,Tracheophyta,Magnoliopsida,Malvales,Cistaceae,Helianthemum,Helianthemum,Helianthemum
Helianthemum oelandicum subsp. alpestris-type,Plantae,Tracheophyta,Magnoliopsida,Malvales,Cistaceae,Helianthemum,Helianthemum oelandicum,Helianthemum oelandicum
Paradisea liliastrum,Plantae,Tracheophyta,Liliopsida,Asparagales,Asparagaceae,Paradisea,Paradisea liliastrum,Paradisea liliastrum
Pinus cembra,Plantae,Tracheophyta,Pinopsida,Pinales,Pinaceae,Pinus,Pinus cembra,Pinus cembra
Plantago alpina-type,Plantae,Tracheophyta,Magnoliopsida,Lamiales,Plantaginaceae,Plantago,Plantago,Plantago
Plantago atrata-type,Plantae,Tracheophyta,Magnoliopsida,Lamiales,Plantaginaceae,Plantago,Plantago,Plantago
Androsace,Plantae,Tracheophyta,Magnoliopsida,Ericales,Primulaceae,Androsace,Androsace,Androsace
Boraginaceae,Plantae,Tracheophyta,Magnoliopsida,Boraginales,Boraginaceae,Boraginaceae,Boraginaceae,Boraginaceae
Bupleurum,Plantae,Tracheophyta,Magnoliopsida,Apiales,Apiaceae,Bupleurum,Bupleurum,Bupleurum
Centaurea nigra,Plantae,Tracheophyta,Magnoliopsida,Asterales,Asteraceae,Centaurea,Centaurea nigra,Centaurea nigra
Crassulaceae,Plantae,Tracheophyta,Magnoliopsida,Saxifragales,Crassulaceae,Crassulaceae,Crassulaceae,Crassulaceae
Linaria,Plantae,Tracheophyta,Magnoliopsida,Lamiales,Plantaginaceae,Linaria,Linaria,Linaria
Odontites,Plantae,Tracheophyta,Magnoliopsida,Lamiales,Orobanchaceae,Odontites,Odontites,Odontites
Oleaceae,Plantae,Tracheophyta,Magnoliopsida,Lamiales,Oleaceae,Oleaceae,Oleaceae,Oleaceae
Ostrya,Plantae,Tracheophyta,Magnoliopsida,Fagales,Betulaceae,Ostrya,Ostrya,Ostrya
Quercus ilex-type,Plantae,Tracheophyta,Magnoliopsida,Fagales,Fagaceae,Quercus,Quercus,Quercus
Quercus robur-type,Plantae,Tracheophyta,Magnoliopsida,Fagales,Fagaceae,Quercus,Quercus,Quercus
Urticaceae,Plantae,Tracheophyta,Magnoliopsida,Rosales,Urticaceae,Urticaceae,Urticaceae,Urticaceae
Calystegia,Plantae,Tracheophyta,Magnoliopsida,Solanales,Convolvulaceae,Calystegia,Calystegia,Calystegia
Centaurea jacea,Plantae,Tracheophyta,Magnoliopsida,Asterales,Asteraceae,Centaurea,Centaurea jacea,Centaurea jacea
Cynoglossum,Plantae,Tracheophyta,Magnoliopsida,Boraginales,Boraginaceae,Cynoglossum,Cynoglossum,Cynoglossum
Dianthus,Plantae,Tracheophyta,Magnoliopsida,Caryophyllales,Caryophyllaceae,Dianthus,Dianthus,Dianthus
Digitalis,Plantae,Tracheophyta,Magnoliopsida,Lamiales,Plantaginaceae,Digitalis,Digitalis,Digitalis
Gentiana pneumonanthe-type,Plantae,Tracheophyta,Magnoliopsida,Gentianales,Gentianaceae,Gentiana,Gentiana,Gentiana
Linum usitatissimum,Plantae,Tracheophyta,Magnoliopsida,Malpighiales,Linaceae,Linum,Linum usitatissimum,Linum usitatissimum
Lotus pedunculatus,Plantae,Tracheophyta,Magnoliopsida,Fabales,Fabaceae,Lotus,Lotus pedunculatus,Lotus pedunculatus
Myosotis,Plantae,Tracheophyta,Magnoliopsida,Boraginales,Boraginaceae,Myosotis,Myosotis,Myosotis
Reseda,Plantae,Tracheophyta,Magnoliopsida,Brassicales,Resedaceae,Reseda,Reseda,Reseda
Scleranthus,Plantae,Tracheophyta,Magnoliopsida,Caryophyllales,Caryophyllaceae,Scleranthus,Scleranthus,Scleranthus
Solanum nigrum,Plantae,Tracheophyta,Magnoliopsida,Solanales,Solanaceae,Solanum,Solanum nigrum,Solanum nigrum
Spergula arvensis,Plantae,Tracheophyta,Magnoliopsida,Caryophyllales,Caryophyllaceae,Spergula,Spergula arvensis,Spergula arvensis
Vicia cracca,Plantae,Tracheophyta,Magnoliopsida,Fabales,Fabaceae,Vicia,Vicia cracca,Vicia cracca
Asphodelus,Plantae,Tracheophyta,Liliopsida,Asparagales,Asphodelaceae,Asphodelus,Asphodelus,Asphodelus
Centaurea collina,Plantae,Tracheophyta,Magnoliopsida,Asterales,Asteraceae,Centaurea,Centaurea collina,Centaurea collina
Serratula,Plantae,Tracheophyta,Magnoliopsida,Asterales,Asteraceae,Serratula,Serratula,Serratula
Ceratonia,Plantae,Tracheophyta,Magnoliopsida,Fabales,Fabaceae,Ceratonia,Ceratonia,Ceratonia
Cistus,Plantae,Tracheophyta,Magnoliopsida,Malvales,Cistaceae,Cistus,Cistus,Cistus
Gentiana,Plantae,Tracheophyta,Magnoliopsida,Gentianales,Gentianaceae,Gentiana,Gentiana,Gentiana
Quercus suber-type,Plantae,Tracheophyta,Magnoliopsida,Fagales,Fagaceae,Quercus,Quercus,Quercus
Rhamnaceae,Plantae,Tracheophyta,Magnoliopsida,Rosales,Rhamnaceae,Rhamnaceae,Rhamnaceae,Rhamnaceae
Rhus,Plantae,Tracheophyta,Magnoliopsida,Sapindales,Anacardiaceae,Rhus,Rhus,Rhus
Cytisus,Plantae,Tracheophyta,Magnoliopsida,Fabales,Fabaceae,Cytisus,Cytisus,Cytisus
Lilium,Plantae,Tracheophyta,Liliopsida,Liliales,Liliaceae,Lilium,Lilium,Lilium
Quercus robur,Plantae,Tracheophyta,Magnoliopsida,Fagales,Fagaceae,Quercus,Quercus robur,Quercus robur
Spergula,Plantae,Tracheophyta,Magnoliopsida,Caryophyllales,Caryophyllaceae,Spergula,Spergula,Spergula
Cuscuta,Plantae,Tracheophyta,Magnoliopsida,Solanales,Convolvulaceae,Cuscuta,Cuscuta,Cuscuta
Epipactis,Plantae,Tracheophyta,Liliopsida,Asparagales,Orchidaceae,Epipactis,Epipactis,Epipactis
Hypericum perforatum-type,Plantae,Tracheophyta,Magnoliopsida,Malpighiales,Hypericaceae,Hypericum,Hypericum,Hypericum
Lycopsis arvensis-type,Plantae,Tracheophyta,Magnoliopsida,Boraginales,Boraginaceae,Lycopsis,Lycopsis,Lycopsis
Rhododendron subsect. Ledum,Plantae,Tracheophyta,Magnoliopsida,Ericales,Ericaceae,Rhododendron,Rhododendron,Rhododendron
Rhus coriaria-type,Plantae,Tracheophyta,Magnoliopsida,Sapindales,Anacardiaceae,Rhus,Rhus,Rhus
Convolvulus arvensis-type,Plantae,Tracheophyta,Magnoliopsida,Solanales,Convolvulaceae,Convolvulus,Convolvulus,Convolvulus
Cuscuta europaea-type,Plantae,Tracheophyta,Magnoliopsida,Solanales,Convolvulaceae,Cuscuta,Cuscuta,Cuscuta
Jasione montana-type,Plantae,Tracheophyta,Magnoliopsida,Asterales,Campanulaceae,Jasione,Jasione,Jasione
Platanus,Plantae,Tracheophyta,Magnoliopsida,Proteales,Platanaceae,Platanus,Platanus,Platanus
Rumex aquaticus-type,Plantae,Tracheophyta,Magnoliopsida,Caryophyllales,Polygonaceae,Rumex,Rumex,Rumex
Rumex crispus-type,Plantae,Tracheophyta,Magnoliopsida,Caryophyllales,Polygonaceae,Rumex,Rumex,Rumex
Sanguisorba minor-type,Plantae,Tracheophyta,Magnoliopsida,Rosales,Rosaceae,Sanguisorba,Sanguisorba,Sanguisorba
Saxifraga aizoides-type,Plantae,Tracheophyta,Magnoliopsida,Saxifragales,Saxifragaceae,Saxifraga,Saxifraga,Saxifraga
Thesium,Plantae,Tracheophyta,Magnoliopsida,Santalales,Thesiaceae,Thesium,Thesium,Thesium
Tilia cordata-type,Plantae,Tracheophyta,Magnoliopsida,Malvales,Malvaceae,Tilia,Tilia,Tilia
Tilia platyphyllos-type,Plantae,Tracheophyta,Magnoliopsida,Malvales,Malvaceae,Tilia,Tilia,Tilia
Viburnum opulus-type,Plantae,Tracheophyta,Magnoliopsida,Dipsacales,Viburnaceae,Viburnum,Viburnum,Viburnum
Cerastium alpinum-type,Plantae,Tracheophyta,Magnoliopsida,Caryophyllales,Caryophyllaceae,Cerastium,Cerastium,Cerastium
Cerastium undiff.,Plantae,Tracheophyta,Magnoliopsida,Caryophyllales,Caryophyllaceae,Cerastium,Cerastium,Cerastium
Filipendula vulgaris,Plantae,Tracheophyta,Magnoliopsida,Rosales,Rosaceae,Filipendula,Filipendula vulgaris,Filipendula vulgaris
Hypericum pulchrum-type,Plantae,Tracheophyta,Magnoliopsida,Malpighiales,Hypericaceae,Hypericum,Hypericum,Hypericum
Prunus cf. P. padus,Plantae,Tracheophyta,Magnoliopsida,Rosales,Rosaceae,Prunus,Prunus,Prunus
Rubus saxatilis,Plantae,Tracheophyta,Magnoliopsida,Rosales,Rosaceae,Rubus,Rubus saxatilis,Rubus saxatilis
Saussurea nuda,Plantae,Tracheophyta,Magnoliopsida,Asterales,Asteraceae,Saussurea,Saussurea nuda,Saussurea nuda
Saxifraga aizoides,Plantae,Tracheophyta,Magnoliopsida,Saxifragales,Saxifragaceae,Saxifraga,Saxifraga aizoides,Saxifraga aizoides
Stellaria undiff.,Plantae,Tracheophyta,Magnoliopsida,Caryophyllales,Caryophyllaceae,Stellaria,Stellaria,Stellaria
Succisa pratensis,Plantae,Tracheophyta,Magnoliopsida,Dipsacales,Caprifoliaceae,Succisa,Succisa pratensis,Succisa pratensis
Chrysosplenium oppositifolium,Plantae,Tracheophyta,Magnoliopsida,Saxifragales,Saxifragaceae,Chrysosplenium,Chrysosplenium oppositifolium,Chrysosplenium oppositifolium
Prunus avium/P. spinosa,Plantae,Tracheophyta,Magnoliopsida,Rosales,Rosaceae,Prunus,Prunus,Prunus
Silene uniflora subsp. uniflora-type,Plantae,Tracheophyta,Magnoliopsida,Caryophyllales,Caryophyllaceae,Silene,Silene uniflora,Silene uniflora
Alnus glutinosa/A. incana,Plantae,Tracheophyta,Magnoliopsida,Fagales,Betulaceae,Alnus,Alnus,Alnus
Centaurea collina-type,Plantae,Tracheophyta,Magnoliopsida,Asterales,Asteraceae,Centaurea,Centaurea,Centaurea
Koenigia alpina-type,Plantae,Tracheophyta,Magnoliopsida,Caryophyllales,Polygonaceae,Koenigia,Koenigia,Koenigia
Persicaria amphibia-type,Plantae,Tracheophyta,Magnoliopsida,Caryophyllales,Polygonaceae,Persicaria,Persicaria,Persicaria
Plantago alpina,Plantae,Tracheophyta,Magnoliopsida,Lamiales,Plantaginaceae,Plantago,Plantago alpina,Plantago alpina
Solanaceae,Plantae,Tracheophyta,Magnoliopsida,Solanales,Solanaceae,Solanaceae,Solanaceae,Solanaceae
Spiraea,Plantae,Tracheophyta,Magnoliopsida,Rosales,Rosaceae,Spiraea,Spiraea,Spiraea
Agrimonia,Plantae,Tracheophyta,Magnoliopsida,Rosales,Rosaceae,Agrimonia,Agrimonia,Agrimonia
Allium ursinum-type,Plantae,Tracheophyta,Liliopsida,Asparagales,Amaryllidaceae,Allium,Allium,Allium
Anemone sect. Pulsatilla,Plantae,Tracheophyta,Magnoliopsida,Ranunculales,Ranunculaceae,Pulsatilla,Pulsatilla,Pulsatilla
Anthericum,Plantae,Tracheophyta,Liliopsida,Asparagales,Asparagaceae,Anthericum,Anthericum,Anthericum
Aruncus dioicus,Plantae,Tracheophyta,Magnoliopsida,Rosales,Rosaceae,Aruncus,Aruncus dioicus,Aruncus dioicus
Bistorta officinalis/B. vivipara,Plantae,Tracheophyta,Magnoliopsida,Caryophyllales,Polygonaceae,Bistorta,Bistorta,Bistorta
Calystegia sepium,Plantae,Tracheophyta,Magnoliopsida,Solanales,Convolvulaceae,Calystegia,Calystegia sepium,Calystegia
Centaurea scabiosa-type,Plantae,Tracheophyta,Magnoliopsida,Asterales,Asteraceae,Centaurea,Centaurea,Centaurea
Echium vulgare,Plantae,Tracheophyta,Magnoliopsida,Boraginales,Boraginaceae,Echium,Echium vulgare,Echium vulgare
Epipactis palustris,Plantae,Tracheophyta,Liliopsida,Asparagales,Orchidaceae,Epipactis,Epipactis palustris,Epipactis palustris
Gypsophila fastigiata,Plantae,Tracheophyta,Magnoliopsida,Caryophyllales,Caryophyllaceae,Gypsophila,Gypsophila fastigiata,Gypsophila fastigiata
Helianthemum canum-type,Plantae,Tracheophyta,Magnoliopsida,Malvales,Cistaceae,Helianthemum,Helianthemum,Helianthemum
Helianthemum oelandicum-type,Plantae,Tracheophyta,Magnoliopsida,Malvales,Cistaceae,Helianthemum,Helianthemum,Helianthemum
Linum catharticum-type,Plantae,Tracheophyta,Magnoliopsida,Malpighiales,Linaceae,Linum,Linum,Linum
Lithospermum officinale,Plantae,Tracheophyta,Magnoliopsida,Boraginales,Boraginaceae,Lithospermum,Lithospermum officinale,Lithospermum officinale
Loranthus europaeus,Plantae,Tracheophyta,Magnoliopsida,Santalales,Loranthaceae,Loranthus,Loranthus europaeus,Loranthus europaeus
Lysimachia nummularia,Plantae,Tracheophyta,Magnoliopsida,Ericales,Primulaceae,Lysimachia,Lysimachia nummularia,Lysimachia nummularia
Lysimachia thyrsiflora,Plantae,Tracheophyta,Magnoliopsida,Ericales,Primulaceae,Lysimachia,Lysimachia thyrsiflora,Lysimachia thyrsiflora
Lythrum portula,Plantae,Tracheophyta,Magnoliopsida,Myrtales,Lythraceae,Lythrum,Lythrum portula,Lythrum portula
Malus,Plantae,Tracheophyta,Magnoliopsida,Rosales,Rosaceae,Malus,Malus,Malus
Medicago sativa,Plantae,Tracheophyta,Magnoliopsida,Fabales,Fabaceae,Medicago,Medicago sativa,Medicago sativa
Ranunculus flammula-type,Plantae,Tracheophyta,Magnoliopsida,Ranunculales,Ranunculaceae,Ranunculus,Ranunculus,Ranunculus
Rumex acetosa/Oxyria-type,Plantae,Tracheophyta,Magnoliopsida,Caryophyllales,Polygonaceae,Rumex,Rumex,Rumex
Rumex crispus,Plantae,Tracheophyta,Magnoliopsida,Caryophyllales,Polygonaceae,Rumex,Rumex crispus,Rumex crispus
Salvia,Plantae,Tracheophyta,Magnoliopsida,Lamiales,Lamiaceae,Salvia,Salvia,Salvia
Scorzonera humilis-type,Plantae,Tracheophyta,Magnoliopsida,Asterales,Asteraceae,Scorzonera,Scorzonera,Scorzonera
Scrophularia,Plantae,Tracheophyta,Magnoliopsida,Lamiales,Scrophulariaceae,Scrophularia,Scrophularia,Scrophularia
Solanum nigrum-type,Plantae,Tracheophyta,Magnoliopsida,Solanales,Solanaceae,Solanum,Solanum,Solanum
Syringa vulgaris,Plantae,Tracheophyta,Magnoliopsida,Lamiales,Oleaceae,Syringa,Syringa vulgaris,Syringa vulgaris
Trifolium repens,Plantae,Tracheophyta,Magnoliopsida,Fabales,Fabaceae,Trifolium,Trifolium repens,Trifolium repens
Urtica urens,Plantae,Tracheophyta,Magnoliopsida,Rosales,Urticaceae,Urtica,Urtica urens,Urtica urens
Valeriana dioica,Plantae,Tracheophyta,Magnoliopsida,Dipsacales,Caprifoliaceae,Valeriana,Valeriana dioica,Valeriana dioica
Rosaceae (trees),Plantae,Tracheophyta,Magnoliopsida,Rosales,Rosaceae,Rosaceae,Rosaceae,Rosaceae
Centaurea montana,Plantae,Tracheophyta,Magnoliopsida,Asterales,Asteraceae,Centaurea,Centaurea montana,Centaurea montana
Heracleum,Plantae,Tracheophyta,Magnoliopsida,Apiales,Apiaceae,Heracleum,Heracleum,Heracleum
Lilium martagon-type,Plantae,Tracheophyta,Liliopsida,Liliales,Liliaceae,Lilium,Lilium,Lilium
Euphorbiaceae undiff.,Plantae,Tracheophyta,Magnoliopsida,Malpighiales,Euphorbiaceae,Euphorbiaceae,Euphorbiaceae,Euphorbiaceae
Gentiana pneumonanthe,Plantae,Tracheophyta,Magnoliopsida,Gentianales,Gentianaceae,Gentiana,Gentiana pneumonanthe,Gentiana pneumonanthe
Jasminum,Plantae,Tracheophyta,Magnoliopsida,Lamiales,Oleaceae,Jasminum,Jasminum,Jasminum
Solanum,Plantae,Tracheophyta,Magnoliopsida,Solanales,Solanaceae,Solanum,Solanum,Solanum
Viola arvensis,Plantae,Tracheophyta,Magnoliopsida,Malpighiales,Violaceae,Viola,Viola arvensis,Viola arvensis
Viola riviniana,Plantae,Tracheophyta,Magnoliopsida,Malpighiales,Violaceae,Viola,Viola riviniana,Viola riviniana
Sambucus nigra/S. racemosa,Plantae,Tracheophyta,Magnoliopsida,Dipsacales,Viburnaceae,Sambucus,Sambucus,Sambucus
Nigella,Plantae,Tracheophyta,Magnoliopsida,Ranunculales,Ranunculaceae,Nigella,Nigella,Nigella
Persicaria maculosa,Plantae,Tracheophyta,Magnoliopsida,Caryophyllales,Polygonaceae,Persicaria,Persicaria maculosa,Persicaria maculosa
Chenopodium,Plantae,Tracheophyta,Magnoliopsida,Caryophyllales,Amaranthaceae,Chenopodium,Chenopodium,Chenopodium
Fraxinus ornus,Plantae,Tracheophyta,Magnoliopsida,Lamiales,Oleaceae,Fraxinus,Fraxinus ornus,Fraxinus ornus
Genista,Plantae,Tracheophyta,Magnoliopsida,Fabales,Fabaceae,Genista,Genista,Genista
Pinus pinaster-type,Plantae,Tracheophyta,Pinopsida,Pinales,Pinaceae,Pinus,Pinus,Pinus
Quercus coccifera,Plantae,Tracheophyta,Magnoliopsida,Fagales,Fagaceae,Quercus,Quercus coccifera,Quercus coccifera
Bruckenthalia,Plantae,Tracheophyta,Magnoliopsida,Ericales,Ericaceae,Erica,Erica,Erica
Cornus mas,Plantae,Tracheophyta,Magnoliopsida,Cornales,Cornaceae,Cornus,Cornus mas,Cornus mas
Rheum,Plantae,Tracheophyta,Magnoliopsida,Caryophyllales,Polygonaceae,Rheum,Rheum,Rheum
Apium,Plantae,Tracheophyta,Magnoliopsida,Apiales,Apiaceae,Apium,Apium,Apium
Araliaceae undiff.,Plantae,Tracheophyta,Magnoliopsida,Apiales,Araliaceae,Araliaceae,Araliaceae,Araliaceae
Astrantia major,Plantae,Tracheophyta,Magnoliopsida,Apiales,Apiaceae,Astrantia,Astrantia major,Astrantia major
Chelidonium majus,Plantae,Tracheophyta,Magnoliopsida,Ranunculales,Papaveraceae,Chelidonium,Chelidonium majus,Chelidonium majus
Cornus mas-type,Plantae,Tracheophyta,Magnoliopsida,Cornales,Cornaceae,Cornus,Cornus,Cornus
Euonymus europaeus,Plantae,Tracheophyta,Magnoliopsida,Celastrales,Celastraceae,Euonymus,Euonymus europaeus,Euonymus europaeus
Fallopia convolvulus,Plantae,Tracheophyta,Magnoliopsida,Caryophyllales,Polygonaceae,Fallopia,Fallopia convolvulus,Fallopia convolvulus
Hippocrepis,Plantae,Tracheophyta,Magnoliopsida,Fabales,Fabaceae,Hippocrepis,Hippocrepis,Hippocrepis
Linum alpinum-type,Plantae,Tracheophyta,Magnoliopsida,Malpighiales,Linaceae,Linum,Linum,Linum
Papaver argemone-type,Plantae,Tracheophyta,Magnoliopsida,Ranunculales,Papaveraceae,Papaver,Papaver,Papaver
Trifolium spadiceum,Plantae,Tracheophyta,Magnoliopsida,Fabales,Fabaceae,Trifolium,Trifolium spadiceum,Trifolium spadiceum
Anemone nemorosa,Plantae,Tracheophyta,Magnoliopsida,Ranunculales,Ranunculaceae,Anemone,Anemone nemorosa,Anemone nemorosa
Poaceae undiff. (>40 µm),Plantae,Tracheophyta,Liliopsida,Poales,Poaceae,Poaceae,Poaceae,Poaceae
Poaceae undiff. (<40 µm),Plantae,Tracheophyta,Liliopsida,Poales,Poaceae,Poaceae,Poaceae,Poaceae
Rumex acetosa/R. acetosella,Plantae,Tracheophyta,Magnoliopsida,Caryophyllales,Polygonaceae,Rumex,Rumex,Rumex
Stachys sylvatica,Plantae,Tracheophyta,Magnoliopsida,Lamiales,Lamiaceae,Stachys,Stachys sylvatica,Stachys sylvatica
Armeria maritima (type B),Plantae,Tracheophyta,Magnoliopsida,Caryophyllales,Plumbaginaceae,Armeria,Armeria maritima,Armeria maritima
Cuscuta lupuliformis,Plantae,Tracheophyta,Magnoliopsida,Solanales,Convolvulaceae,Cuscuta,Cuscuta lupuliformis,Cuscuta lupuliformis
Helianthemum undiff.,Plantae,Tracheophyta,Magnoliopsida,Malvales,Cistaceae,Helianthemum,Helianthemum,Helianthemum
Spergula arvensis-type,Plantae,Tracheophyta,Magnoliopsida,Caryophyllales,Caryophyllaceae,Spergula,Spergula,Spergula
Verbena officinalis,Plantae,Tracheophyta,Magnoliopsida,Lamiales,Verbenaceae,Verbena,Verbena officinalis,Verbena officinalis
Agrostemma githago,Plantae,Tracheophyta,Magnoliopsida,Caryophyllales,Caryophyllaceae,Agrostemma,Agrostemma githago,Agrostemma githago
Cornus cf. C. suecica,Plantae,Tracheophyta,Magnoliopsida,Cornales,Cornaceae,Cornus,Cornus,Cornus
Gentianella campestris,Plantae,Tracheophyta,Magnoliopsida,Gentianales,Gentianaceae,Gentianella,Gentianella campestris,Gentianella campestris
Primula vulgaris-type,Plantae,Tracheophyta,Magnoliopsida,Ericales,Primulaceae,Primula,Primula,Primula
Sambucus cf. S. racemosa,Plantae,Tracheophyta,Magnoliopsida,Dipsacales,Viburnaceae,Sambucus,Sambucus,Sambucus
Saxifraga cf. S. nivalis,Plantae,Tracheophyta,Magnoliopsida,Saxifragales,Saxifragaceae,Saxifraga,Saxifraga,Saxifraga
Stellaria cf. S. palustris,Plantae,Tracheophyta,Magnoliopsida,Caryophyllales,Caryophyllaceae,Stellaria,Stellaria,Stellaria
Stellaria graminea,Plantae,Tracheophyta,Magnoliopsida,Caryophyllales,Caryophyllaceae,Stellaria,Stellaria graminea,Stellaria graminea
Carex hirta-type,Plantae,Tracheophyta,Liliopsida,Poales,Cyperaceae,Carex,Carex,Carex
Caryophyllaceae cf. Silene latifolia subsp. alba,Plantae,Tracheophyta,Magnoliopsida,Caryophyllales,Caryophyllaceae,Caryophyllaceae,Caryophyllaceae,Caryophyllaceae
Gypsophila muralis,Plantae,Tracheophyta,Magnoliopsida,Caryophyllales,Caryophyllaceae,Psammophiliella,Psammophiliella muralis,Psammophiliella muralis
Melilotus officinalis,Plantae,Tracheophyta,Magnoliopsida,Fabales,Fabaceae,Melilotus,Melilotus officinalis,Melilotus officinalis
Pyrola,Plantae,Tracheophyta,Magnoliopsida,Ericales,Ericaceae,Pyrola,Pyrola,Pyrola
Stellaria,Plantae,Tracheophyta,Magnoliopsida,Caryophyllales,Caryophyllaceae,Stellaria,Stellaria,Stellaria
Stellaria cf. S. media,Plantae,Tracheophyta,Magnoliopsida,Caryophyllales,Caryophyllaceae,Stellaria,Stellaria,Stellaria
Allium vineale-type,Plantae,Tracheophyta,Liliopsida,Asparagales,Amaryllidaceae,Allium,Allium,Allium
Armeria maritima subsp. elongata,Plantae,Tracheophyta,Magnoliopsida,Caryophyllales,Plumbaginaceae,Armeria,Armeria maritima,Armeria maritima elongata
Convolvulus,Plantae,Tracheophyta,Magnoliopsida,Solanales,Convolvulaceae,Convolvulus,Convolvulus,Convolvulus
Iris pseudacorus,Plantae,Tracheophyta,Liliopsida,Asparagales,Iridaceae,Iris,Iris pseudacorus,Iris pseudacorus
Papaver argemone,Plantae,Tracheophyta,Magnoliopsida,Ranunculales,Papaveraceae,Roemeria,Roemeria argemone,Roemeria argemone
Polygala vulgaris,Plantae,Tracheophyta,Magnoliopsida,Fabales,Polygalaceae,Polygala,Polygala vulgaris,Polygala vulgaris
Rumex conglomeratus-type,Plantae,Tracheophyta,Magnoliopsida,Caryophyllales,Polygonaceae,Rumex,Rumex,Rumex
Saxifraga cf. S. aizoides,Plantae,Tracheophyta,Magnoliopsida,Saxifragales,Saxifragaceae,Saxifraga,Saxifraga,Saxifraga
Trifolium pratense,Plantae,Tracheophyta,Magnoliopsida,Fabales,Fabaceae,Trifolium,Trifolium pratense,Trifolium pratense
Chenopodium album,Plantae,Tracheophyta,Magnoliopsida,Caryophyllales,Amaranthaceae,Chenopodium,Chenopodium album,Chenopodium album
Fumaria,Plantae,Tracheophyta,Magnoliopsida,Ranunculales,Papaveraceae,Fumaria,Fumaria,Fumaria
Pimpinella,Plantae,Tracheophyta,Magnoliopsida,Rosales,Rosaceae,Sanguisorba,Sanguisorba,Sanguisorba
Scabiosa columbaria,Plantae,Tracheophyta,Magnoliopsida,Dipsacales,Caprifoliaceae,Scabiosa,Scabiosa columbaria,Scabiosa columbaria
Valerianella dentata,Plantae,Tracheophyta,Magnoliopsida,Dipsacales,Caprifoliaceae,Valerianella,Valerianella dentata,Valerianella dentata
Hornungia,Plantae,Tracheophyta,Magnoliopsida,Brassicales,Brassicaceae,Hornungia,Hornungia,Hornungia
Poaceae (large),Plantae,Tracheophyta,Liliopsida,Poales,Poaceae,Poaceae,Poaceae,Poaceae
Alnus viridis-type,Plantae,Tracheophyta,Magnoliopsida,Fagales,Betulaceae,Alnus,Alnus,Alnus
Anthriscus sylvestris,Plantae,Tracheophyta,Magnoliopsida,Apiales,Apiaceae,Anthriscus,Anthriscus sylvestris,Anthriscus sylvestris
Calluna vulgaris-type,Plantae,Tracheophyta,Magnoliopsida,Ericales,Ericaceae,Calluna,Calluna,Calluna
Centaurea montana/Cyanus triumfettii,Plantae,Tracheophyta,Magnoliopsida,Asterales,Asteraceae,Centaurea,Centaurea,Centaurea
Cerastium fontanum-type,Plantae,Tracheophyta,Magnoliopsida,Caryophyllales,Caryophyllaceae,Cerastium,Cerastium,Cerastium
Cornus sanguinea-type,Plantae,Tracheophyta,Magnoliopsida,Cornales,Cornaceae,Cornus,Cornus,Cornus
Falcaria vulgaris-type,Plantae,Tracheophyta,Magnoliopsida,Apiales,Apiaceae,Falcaria,Falcaria,Falcaria
Fraxinus excelsior-type,Plantae,Tracheophyta,Magnoliopsida,Lamiales,Oleaceae,Fraxinus,Fraxinus,Fraxinus
Herniaria glabra-type,Plantae,Tracheophyta,Magnoliopsida,Caryophyllales,Caryophyllaceae,Herniaria,Herniaria,Herniaria
Ilex aquifolium-type,Plantae,Tracheophyta,Magnoliopsida,Aquifoliales,Aquifoliaceae,Ilex,Ilex,Ilex
Laurus,Plantae,Tracheophyta,Magnoliopsida,Laurales,Lauraceae,Laurus,Laurus,Laurus
Ligusticum mutellina,Plantae,Tracheophyta,Magnoliopsida,Apiales,Apiaceae,Mutellina,Mutellina adonidifolia,Mutellina adonidifolia
Linum austriacum-type,Plantae,Tracheophyta,Magnoliopsida,Malpighiales,Linaceae,Linum,Linum,Linum
Morus alba,Plantae,Tracheophyta,Magnoliopsida,Rosales,Moraceae,Morus,Morus alba,Morus alba
Pentaglottis sempervirens,Plantae,Tracheophyta,Magnoliopsida,Boraginales,Boraginaceae,Pentaglottis,Pentaglottis sempervirens,Pentaglottis sempervirens
Pinus sylvestris-type,Plantae,Tracheophyta,Pinopsida,Pinales,Pinaceae,Pinus,Pinus,Pinus
Sambucus racemosa,Plantae,Tracheophyta,Magnoliopsida,Dipsacales,Viburnaceae,Sambucus,Sambucus racemosa,Sambucus racemosa
Saxifraga granulata,Plantae,Tracheophyta,Magnoliopsida,Saxifragales,Saxifragaceae,Saxifraga,Saxifraga granulata,Saxifraga granulata
Sorbus aucuparia-type,Plantae,Tracheophyta,Magnoliopsida,Rosales,Rosaceae,Sorbus,Sorbus,Sorbus
Persicaria lapathifolia-type,Plantae,Tracheophyta,Magnoliopsida,Caryophyllales,Polygonaceae,Persicaria,Persicaria,Persicaria
Berberis vulgaris,Plantae,Tracheophyta,Magnoliopsida,Ranunculales,Berberidaceae,Berberis,Berberis vulgaris,Berberis vulgaris
Betula cf. B. nana,Plantae,Tracheophyta,Magnoliopsida,Fagales,Betulaceae,Betula,Betula,Betula
Corydalis,Plantae,Tracheophyta,Magnoliopsida,Ranunculales,Papaveraceae,Corydalis,Corydalis,Corydalis
Cyperus,Plantae,Tracheophyta,Liliopsida,Poales,Cyperaceae,Cyperus,Cyperus,Cyperus
Empetrum cf. E. nigrum,Plantae,Tracheophyta,Magnoliopsida,Ericales,Ericaceae,Empetrum,Empetrum,Empetrum
Gypsophila fastigiata-type,Plantae,Tracheophyta,Magnoliopsida,Caryophyllales,Caryophyllaceae,Gypsophila,Gypsophila,Gypsophila
Populus balsamifera-type,Plantae,Tracheophyta,Magnoliopsida,Malpighiales,Salicaceae,Populus,Populus,Populus
Populus tremula-type,Plantae,Tracheophyta,Magnoliopsida,Malpighiales,Salicaceae,Populus,Populus,Populus
Silene undiff.,Plantae,Tracheophyta,Magnoliopsida,Caryophyllales,Caryophyllaceae,Silene,Silene,Silene
Urtica cf. U. dioica,Plantae,Tracheophyta,Magnoliopsida,Rosales,Urticaceae,Urtica,Urtica,Urtica
Fallopia convolvulus/F. dumetorum,Plantae,Tracheophyta,Magnoliopsida,Caryophyllales,Polygonaceae,Fallopia,Fallopia,Fallopia
Polygonatum verticillatum,Plantae,Tracheophyta,Liliopsida,Asparagales,Asparagaceae,Polygonatum,Polygonatum verticillatum,Polygonatum verticillatum
Primula farinosa-type,Plantae,Tracheophyta,Magnoliopsida,Ericales,Primulaceae,Primula,Primula,Primula
Sambucus cf. S. nigra,Plantae,Tracheophyta,Magnoliopsida,Dipsacales,Viburnaceae,Sambucus,Sambucus,Sambucus
Staphylea,Plantae,Tracheophyta,Magnoliopsida,Crossosomatales,Staphyleaceae,Staphylea,Staphylea,Staphylea
Syringa,Plantae,Tracheophyta,Magnoliopsida,Lamiales,Oleaceae,Syringa,Syringa,Syringa
Centaurea montana-type,Plantae,Tracheophyta,Magnoliopsida,Asterales,Asteraceae,Centaurea,Centaurea,Centaurea
Anthyllis,Plantae,Tracheophyta,Magnoliopsida,Fabales,Fabaceae,Anthyllis,Anthyllis,Anthyllis
Arnica montana,Plantae,Tracheophyta,Magnoliopsida,Asterales,Asteraceae,Arnica,Arnica montana,Arnica montana
Astragalus alpinus-type,Plantae,Tracheophyta,Magnoliopsida,Fabales,Fabaceae,Astragalus,Astragalus,Astragalus
Bellis,Plantae,Tracheophyta,Magnoliopsida,Asterales,Asteraceae,Bellis,Bellis,Bellis
Cerastium arvense-type,Plantae,Tracheophyta,Magnoliopsida,Caryophyllales,Caryophyllaceae,Cerastium,Cerastium,Cerastium
Convallaria majalis,Plantae,Tracheophyta,Liliopsida,Asparagales,Asparagaceae,Convallaria,Convallaria majalis,Convallaria majalis
Cytisus scoparius,Plantae,Tracheophyta,Magnoliopsida,Fabales,Fabaceae,Cytisus,Cytisus scoparius,Cytisus scoparius
Daucus carota,Plantae,Tracheophyta,Magnoliopsida,Apiales,Apiaceae,Daucus,Daucus carota,Daucus carota
Dianthus superbus-type,Plantae,Tracheophyta,Magnoliopsida,Caryophyllales,Caryophyllaceae,Dianthus,Dianthus,Dianthus
Erigeron,Plantae,Tracheophyta,Magnoliopsida,Asterales,Asteraceae,Erigeron,Erigeron,Erigeron
Eucalyptus,Plantae,Tracheophyta,Magnoliopsida,Myrtales,Myrtaceae,Eucalyptus,Eucalyptus,Eucalyptus
Falcaria vulgaris,Plantae,Tracheophyta,Magnoliopsida,Apiales,Apiaceae,Falcaria,Falcaria vulgaris,Falcaria vulgaris
Homogyne,Plantae,Tracheophyta,Magnoliopsida,Asterales,Asteraceae,Homogyne,Homogyne,Homogyne
Lonicera xylosteum-type,Plantae,Tracheophyta,Magnoliopsida,Dipsacales,Caprifoliaceae,Lonicera,Lonicera,Lonicera
Medicago falcata-type,Plantae,Tracheophyta,Magnoliopsida,Fabales,Fabaceae,Medicago,Medicago,Medicago
Mercurialis annua,Plantae,Tracheophyta,Magnoliopsida,Malpighiales,Euphorbiaceae,Mercurialis,Mercurialis annua,Mercurialis annua
Minuartia rubra-type,Plantae,Tracheophyta,Magnoliopsida,Caryophyllales,Caryophyllaceae,Minuartia,Minuartia,Minuartia
Onosma,Plantae,Tracheophyta,Magnoliopsida,Boraginales,Boraginaceae,Onosma,Onosma,Onosma
Primula hirsuta-type,Plantae,Tracheophyta,Magnoliopsida,Ericales,Primulaceae,Primula,Primula,Primula
Rosa,Plantae,Tracheophyta,Magnoliopsida,Rosales,Rosaceae,Rosa,Rosa,Rosa
Rumex alpinus,Plantae,Tracheophyta,Magnoliopsida,Caryophyllales,Polygonaceae,Rumex,Rumex alpinus,Rumex alpinus
Senecio,Plantae,Tracheophyta,Magnoliopsida,Asterales,Asteraceae,Senecio,Senecio,Senecio
Solidago,Plantae,Tracheophyta,Magnoliopsida,Asterales,Asteraceae,Solidago,Solidago,Solidago
Tussilago farfara,Plantae,Tracheophyta,Magnoliopsida,Asterales,Asteraceae,Tussilago,Tussilago farfara,Tussilago farfara
Valeriana tripteris-type,Plantae,Tracheophyta,Magnoliopsida,Dipsacales,Caprifoliaceae,Valeriana,Valeriana,Valeriana
Ranunculus lingua-type,Plantae,Tracheophyta,Magnoliopsida,Ranunculales,Ranunculaceae,Ranunculus,Ranunculus,Ranunculus
Arbutus,Plantae,Tracheophyta,Magnoliopsida,Ericales,Ericaceae,Arbutus,Arbutus,Arbutus
Arceuthobium oxycedri,Plantae,Tracheophyta,Magnoliopsida,Santalales,Viscaceae,Arceuthobium,Arceuthobium oxycedri,Arceuthobium oxycedri
Asparagus acutifolius,Plantae,Tracheophyta,Liliopsida,Asparagales,Asparagaceae,Asparagus,Asparagus acutifolius,Asparagus acutifolius
Asphodeline,Plantae,Tracheophyta,Liliopsida,Asparagales,Asphodelaceae,Asphodeline,Asphodeline,Asphodeline
Asphodelus albus-type,Plantae,Tracheophyta,Liliopsida,Asparagales,Asphodelaceae,Asphodelus,Asphodelus,Asphodelus
Buxus sempervirens,Plantae,Tracheophyta,Magnoliopsida,Buxales,Buxaceae,Buxus,Buxus sempervirens,Buxus sempervirens
Calligonum,Plantae,Tracheophyta,Magnoliopsida,Caryophyllales,Polygonaceae,Calligonum,Calligonum,Calligonum
Carlina,Plantae,Tracheophyta,Magnoliopsida,Asterales,Asteraceae,Carlina,Carlina,Carlina
Carthamus,Plantae,Tracheophyta,Magnoliopsida,Asterales,Asteraceae,Carthamus,Carthamus,Carthamus
Celtis australis,Plantae,Tracheophyta,Magnoliopsida,Rosales,Cannabaceae,Celtis,Celtis australis,Celtis australis
Centaurium,Plantae,Tracheophyta,Magnoliopsida,Gentianales,Gentianaceae,Centaurium,Centaurium,Centaurium
Cerinthe,Plantae,Tracheophyta,Magnoliopsida,Boraginales,Boraginaceae,Cerinthe,Cerinthe,Cerinthe
Cistaceae,Plantae,Tracheophyta,Magnoliopsida,Malvales,Cistaceae,Cistaceae,Cistaceae,Cistaceae
Cistus monspeliensis,Plantae,Tracheophyta,Magnoliopsida,Malvales,Cistaceae,Cistus,Cistus monspeliensis,Cistus monspeliensis
Cistus salviifolius,Plantae,Tracheophyta,Magnoliopsida,Malvales,Cistaceae,Cistus,Cistus salviifolius,Cistus salviifolius
Epipactis palustris-type,Plantae,Tracheophyta,Liliopsida,Asparagales,Orchidaceae,Epipactis,Epipactis,Epipactis
Ficus,Plantae,Tracheophyta,Magnoliopsida,Rosales,Moraceae,Ficus,Ficus,Ficus
Helleborus foetidus,Plantae,Tracheophyta,Magnoliopsida,Ranunculales,Ranunculaceae,Helleborus,Helleborus foetidus,Helleborus foetidus
Linum usitatissimum-type,Plantae,Tracheophyta,Magnoliopsida,Malpighiales,Linaceae,Linum,Linum,Linum
Lycopsis arvensis,Plantae,Tracheophyta,Magnoliopsida,Boraginales,Boraginaceae,Lycopsis,Lycopsis arvensis,Lycopsis arvensis
Lygeum spartum,Plantae,Tracheophyta,Liliopsida,Poales,Poaceae,Lygeum,Lygeum spartum,Lygeum spartum
Myrtus communis,Plantae,Tracheophyta,Magnoliopsida,Myrtales,Myrtaceae,Myrtus,Myrtus communis,Myrtus communis
Nerium oleander,Plantae,Tracheophyta,Magnoliopsida,Gentianales,Apocynaceae,Nerium,Nerium oleander,Nerium oleander
Pinus halepensis-type,Plantae,Tracheophyta,Pinopsida,Pinales,Pinaceae,Pinus,Pinus,Pinus
Quercus cerris/Q. suber,Plantae,Tracheophyta,Magnoliopsida,Fagales,Fagaceae,Quercus,Quercus,Quercus
Quercus pubescens-type,Plantae,Tracheophyta,Magnoliopsida,Fagales,Fagaceae,Quercus,Quercus,Quercus
Theligonum cynocrambe,Plantae,Tracheophyta,Magnoliopsida,Gentianales,Rubiaceae,Theligonum,Theligonum cynocrambe,Theligonum cynocrambe
Thymelaeaceae,Plantae,Tracheophyta,Magnoliopsida,Malvales,Thymelaeaceae,Thymelaeaceae,Thymelaeaceae,Thymelaeaceae
Viburnum tinus,Plantae,Tracheophyta,Magnoliopsida,Dipsacales,Viburnaceae,Viburnum,Viburnum tinus,Viburnum tinus
Carpinus orientalis,Plantae,Tracheophyta,Magnoliopsida,Fagales,Betulaceae,Carpinus,Carpinus orientalis,Carpinus orientalis
Jurinea,Plantae,Tracheophyta,Magnoliopsida,Asterales,Asteraceae,Jurinea,Jurinea,Jurinea
Quercus cerris,Plantae,Tracheophyta,Magnoliopsida,Fagales,Fagaceae,Quercus,Quercus cerris,Quercus cerris
Anemone sect. Hepatica,Plantae,Tracheophyta,Magnoliopsida,Ranunculales,Ranunculaceae,Hepatica,Hepatica,Hepatica
Mercurialis perennis-type,Plantae,Tracheophyta,Magnoliopsida,Malpighiales,Euphorbiaceae,Mercurialis,Mercurialis,Mercurialis
Orlaya grandiflora,Plantae,Tracheophyta,Magnoliopsida,Apiales,Apiaceae,Orlaya,Orlaya grandiflora,Orlaya grandiflora
Torilis arvensis,Plantae,Tracheophyta,Magnoliopsida,Apiales,Apiaceae,Torilis,Torilis arvensis,Torilis arvensis
Alnus incana,Plantae,Tracheophyta,Magnoliopsida,Fagales,Betulaceae,Alnus,Alnus incana,Alnus incana
Asarum europaeum,Plantae,Tracheophyta,Magnoliopsida,Piperales,Aristolochiaceae,Asarum,Asarum europaeum,Asarum europaeum
Betula pendula,Plantae,Tracheophyta,Magnoliopsida,Fagales,Betulaceae,Betula,Betula pendula,Betula pendula
Betula pubescens,Plantae,Tracheophyta,Magnoliopsida,Fagales,Betulaceae,Betula,Betula pubescens,Betula pubescens
Cichorium,Plantae,Tracheophyta,Magnoliopsida,Asterales,Asteraceae,Cichorium,Cichorium,Cichorium
Illecebrum,Plantae,Tracheophyta,Magnoliopsida,Caryophyllales,Caryophyllaceae,Illecebrum,Illecebrum,Illecebrum
Oxalidaceae,Plantae,Tracheophyta,Magnoliopsida,Oxalidales,Oxalidaceae,Oxalidaceae,Oxalidaceae,Oxalidaceae
Plantaginaceae,Plantae,Tracheophyta,Magnoliopsida,Lamiales,Plantaginaceae,Plantaginaceae,Plantaginaceae,Plantaginaceae
Polygalaceae,Plantae,Tracheophyta,Magnoliopsida,Fabales,Polygalaceae,Polygalaceae,Polygalaceae,Polygalaceae
Santalaceae,Plantae,Tracheophyta,Magnoliopsida,Santalales,Santalaceae,Santalaceae,Santalaceae,Santalaceae
Violaceae,Plantae,Tracheophyta,Magnoliopsida,Malpighiales,Violaceae,Violaceae,Violaceae,Violaceae
Iridaceae,Plantae,Tracheophyta,Liliopsida,Asparagales,Iridaceae,Iridaceae,Iridaceae,Iridaceae
Pinus peuce,Plantae,Tracheophyta,Pinopsida,Pinales,Pinaceae,Pinus,Pinus peuce,Pinus peuce
Quercus cerris-type,Plantae,Tracheophyta,Magnoliopsida,Fagales,Fagaceae,Quercus,Quercus,Quercus
Plantago media/P. montana,Plantae,Tracheophyta,Magnoliopsida,Lamiales,Plantaginaceae,Plantago,Plantago,Plantago
Pistacia lentiscus,Plantae,Tracheophyta,Magnoliopsida,Sapindales,Anacardiaceae,Pistacia,Pistacia lentiscus,Pistacia lentiscus
Saxifraga paniculata-type,Plantae,Tracheophyta,Magnoliopsida,Saxifragales,Saxifragaceae,Saxifraga,Saxifraga,Saxifraga
Sempervivum,Plantae,Tracheophyta,Magnoliopsida,Saxifragales,Crassulaceae,Sempervivum,Sempervivum,Sempervivum
Streptopus amplexifolius,Plantae,Tracheophyta,Liliopsida,Liliales,Liliaceae,Streptopus,Streptopus amplexifolius,Streptopus amplexifolius
Vincetoxicum,Plantae,Tracheophyta,Magnoliopsida,Gentianales,Apocynaceae,Vincetoxicum,Vincetoxicum,Vincetoxicum
Xeranthemum,Plantae,Tracheophyta,Magnoliopsida,Asterales,Asteraceae,Xeranthemum,Xeranthemum,Xeranthemum
Petasites,Plantae,Tracheophyta,Magnoliopsida,Asterales,Asteraceae,Petasites,Petasites,Petasites
Myosotis arvensis-type,Plantae,Tracheophyta,Magnoliopsida,Boraginales,Boraginaceae,Myosotis,Myosotis,Myosotis
Lotus corniculatus,Plantae,Tracheophyta,Magnoliopsida,Fabales,Fabaceae,Lotus,Lotus corniculatus,Lotus corniculatus
Persicaria lapathifolia,Plantae,Tracheophyta,Magnoliopsida,Caryophyllales,Polygonaceae,Persicaria,Persicaria lapathifolia,Persicaria lapathifolia
Poterium,Plantae,Tracheophyta,Magnoliopsida,Rosales,Rosaceae,Poterium,Poterium,Poterium
Quercus (deciduous),Plantae,Tracheophyta,Magnoliopsida,Fagales,Fagaceae,Quercus,Quercus,Quercus
Rumex aquaticus,Plantae,Tracheophyta,Magnoliopsida,Caryophyllales,Polygonaceae,Rumex,Rumex aquaticus,Rumex aquaticus
Gentianaceae undiff.,Plantae,Tracheophyta,Magnoliopsida,Gentianales,Gentianaceae,Gentianaceae,Gentianaceae,Gentianaceae
Sambucus ebulus,Plantae,Tracheophyta,Magnoliopsida,Dipsacales,Viburnaceae,Sambucus,Sambucus ebulus,Sambucus ebulus
Tilia undiff.,Plantae,Tracheophyta,Magnoliopsida,Malvales,Malvaceae,Tilia,Tilia,Tilia
Arctostaphylos uva-ursi-type,Plantae,Tracheophyta,Magnoliopsida,Ericales,Ericaceae,Arctostaphylos,Arctostaphylos,Arctostaphylos
Betula pubescens-type,Plantae,Tracheophyta,Magnoliopsida,Fagales,Betulaceae,Betula,Betula,Betula
Carya,Plantae,Tracheophyta,Magnoliopsida,Fagales,Juglandaceae,Carya,Carya,Carya
Chamaenerion,Plantae,Tracheophyta,Magnoliopsida,Myrtales,Onagraceae,Chamaenerion,Chamaenerion,Chamaenerion
Cryptomeria,Plantae,Tracheophyta,Pinopsida,Pinales,Cupressaceae,Cryptomeria,Cryptomeria,Cryptomeria
Liquidambar,Plantae,Tracheophyta,Magnoliopsida,Saxifragales,Altingiaceae,Liquidambar,Liquidambar,Liquidambar
Nyssa,Plantae,Tracheophyta,Magnoliopsida,Cornales,Nyssaceae,Nyssa,Nyssa,Nyssa
Rumex cf. R. alpinus,Plantae,Tracheophyta,Magnoliopsida,Caryophyllales,Polygonaceae,Rumex,Rumex,Rumex
Saxifraga undiff.,Plantae,Tracheophyta,Magnoliopsida,Saxifragales,Saxifragaceae,Saxifraga,Saxifraga,Saxifraga
Sciadopitys,Plantae,Tracheophyta,Pinopsida,Pinales,Sciadopityaceae,Sciadopitys,Sciadopitys,Sciadopitys
Sequoia,Plantae,Tracheophyta,Pinopsida,Pinales,Cupressaceae,Sequoia,Sequoia,Sequoia
Sorbus aria-type,Plantae,Tracheophyta,Magnoliopsida,Rosales,Rosaceae,Sorbus,Sorbus,Sorbus
Symplocos,Plantae,Tracheophyta,Magnoliopsida,Ericales,Symplocaceae,Symplocos,Symplocos,Symplocos
Tsuga diversifolia-type,Plantae,Tracheophyta,Pinopsida,Pinales,Pinaceae,Tsuga,Tsuga,Tsuga
Buphthalmum,Plantae,Tracheophyta,Magnoliopsida,Asterales,Asteraceae,Buphthalmum,Buphthalmum,Buphthalmum
Geum montanum-type,Plantae,Tracheophyta,Magnoliopsida,Rosales,Rosaceae,Geum,Geum,Geum
Holosteum umbellatum,Plantae,Tracheophyta,Magnoliopsida,Caryophyllales,Caryophyllaceae,Holosteum,Holosteum umbellatum,Holosteum umbellatum
Ligusticum mutellinoides-type,Plantae,Tracheophyta,Magnoliopsida,Apiales,Apiaceae,Ligusticum,Ligusticum,Ligusticum
Minuartia verna-type,Plantae,Tracheophyta,Magnoliopsida,Caryophyllales,Caryophyllaceae,Minuartia,Minuartia,Minuartia
Myricaria germanica,Plantae,Tracheophyta,Magnoliopsida,Caryophyllales,Tamaricaceae,Myricaria,Myricaria germanica,Myricaria germanica
Turgenia latifolia,Plantae,Tracheophyta,Magnoliopsida,Apiales,Apiaceae,Turgenia,Turgenia latifolia,Turgenia latifolia
Centaurea undiff.,Plantae,Tracheophyta,Magnoliopsida,Asterales,Asteraceae,Centaurea,Centaurea,Centaurea
Knautia arvensis-type,Plantae,Tracheophyta,Magnoliopsida,Dipsacales,Caprifoliaceae,Knautia,Knautia,Knautia
Scleranthus annuus-type,Plantae,Tracheophyta,Magnoliopsida,Caryophyllales,Caryophyllaceae,Scleranthus,Scleranthus,Scleranthus
Sorbus torminalis,Plantae,Tracheophyta,Magnoliopsida,Rosales,Rosaceae,Torminalis,Torminalis glaberrima,Torminalis glaberrima
Sorbus torminalis,Plantae,Tracheophyta,Magnoliopsida,Rosales,Rosaceae,Torminalis,Torminalis glaberrima,Torminalis glaberrima
Sorbus torminalis,Plantae,Tracheophyta,Magnoliopsida,Rosales,Rosaceae,Torminalis,Torminalis glaberrima,Torminalis glaberrima
Sorbus torminalis,Plantae,Tracheophyta,Magnoliopsida,Rosales,Rosaceae,Torminalis,Torminalis glaberrima,Torminalis glaberrima
Angelica sylvestris,Plantae,Tracheophyta,Magnoliopsida,Apiales,Apiaceae,Angelica,Angelica sylvestris,Angelica sylvestris
Athamanta cretensis,Plantae,Tracheophyta,Magnoliopsida,Apiales,Apiaceae,Athamanta,Athamanta cretensis,Athamanta cretensis
Lonicera alpigena,Plantae,Tracheophyta,Magnoliopsida,Dipsacales,Caprifoliaceae,Lonicera,Lonicera alpigena,Lonicera alpigena
Coriaria,Plantae,Tracheophyta,Magnoliopsida,Cucurbitales,Coriariaceae,Coriaria,Coriaria,Coriaria
Cyperus capitatus,Plantae,Tracheophyta,Liliopsida,Poales,Cyperaceae,Cyperus,Cyperus capitatus,Cyperus capitatus
Gentiana verna,Plantae,Tracheophyta,Magnoliopsida,Gentianales,Gentianaceae,Gentiana,Gentiana verna,Gentiana verna
Olea europaea,Plantae,Tracheophyta,Magnoliopsida,Lamiales,Oleaceae,Olea,Olea europaea,Olea europaea
Ranunculus lanuginosus,Plantae,Tracheophyta,Magnoliopsida,Ranunculales,Ranunculaceae,Ranunculus,Ranunculus lanuginosus,Ranunculus lanuginosus
Stellaria holostea-type,Plantae,Tracheophyta,Magnoliopsida,Caryophyllales,Caryophyllaceae,Stellaria,Stellaria,Stellaria
Celtis,Plantae,Tracheophyta,Magnoliopsida,Rosales,Cannabaceae,Celtis,Celtis,Celtis
Centaurea solstitialis-type,Plantae,Tracheophyta,Magnoliopsida,Asterales,Asteraceae,Centaurea,Centaurea,Centaurea
Cistus albidus-type,Plantae,Tracheophyta,Magnoliopsida,Malvales,Cistaceae,Cistus,Cistus,Cistus
Fraxinus angustifolia-type,Plantae,Tracheophyta,Magnoliopsida,Lamiales,Oleaceae,Fraxinus,Fraxinus,Fraxinus
Marrubium,Plantae,Tracheophyta,Magnoliopsida,Lamiales,Lamiaceae,Marrubium,Marrubium,Marrubium
Myrtus,Plantae,Tracheophyta,Magnoliopsida,Myrtales,Myrtaceae,Myrtus,Myrtus,Myrtus
Plantago lagopus-type,Plantae,Tracheophyta,Magnoliopsida,Lamiales,Plantaginaceae,Plantago,Plantago,Plantago
Quercus (deciduous-type),Plantae,Tracheophyta,Magnoliopsida,Fagales,Fagaceae,Quercus,Quercus,Quercus
Quercus (evergreen-type),Plantae,Tracheophyta,Magnoliopsida,Fagales,Fagaceae,Quercus,Quercus,Quercus
Crepis,Plantae,Tracheophyta,Magnoliopsida,Asterales,Asteraceae,Crepis,Crepis,Crepis
Hypericum elodes,Plantae,Tracheophyta,Magnoliopsida,Malpighiales,Hypericaceae,Hypericum,Hypericum elodes,Hypericum elodes
Rumex hydrolapathum,Plantae,Tracheophyta,Magnoliopsida,Caryophyllales,Polygonaceae,Rumex,Rumex hydrolapathum,Rumex hydrolapathum
Verbena,Plantae,Tracheophyta,Magnoliopsida,Lamiales,Verbenaceae,Verbena,Verbena,Verbena
Armeria maritima,Plantae,Tracheophyta,Magnoliopsida,Caryophyllales,Plumbaginaceae,Armeria,Armeria maritima,Armeria maritima
Atropa belladonna,Plantae,Tracheophyta,Magnoliopsida,Solanales,Solanaceae,Atropa,Atropa belladonna,Atropa belladonna
Borago,Plantae,Tracheophyta,Magnoliopsida,Boraginales,Boraginaceae,Borago,Borago,Borago
Lamium,Plantae,Tracheophyta,Magnoliopsida,Lamiales,Lamiaceae,Lamium,Lamium,Lamium
Limonium,Plantae,Tracheophyta,Magnoliopsida,Caryophyllales,Plumbaginaceae,Limonium,Limonium,Limonium
Resedaceae,Plantae,Tracheophyta,Magnoliopsida,Brassicales,Resedaceae,Resedaceae,Resedaceae,Resedaceae
Spartium,Plantae,Tracheophyta,Magnoliopsida,Fabales,Fabaceae,Spartium,Spartium,Spartium
Viola tricolor,Plantae,Tracheophyta,Magnoliopsida,Malpighiales,Violaceae,Viola,Viola tricolor,Viola tricolor
Calystegia sepium-type,Plantae,Tracheophyta,Magnoliopsida,Solanales,Convolvulaceae,Calystegia,Calystegia,Calystegia
Dioscorea,Plantae,Tracheophyta,Liliopsida,Dioscoreales,Dioscoreaceae,Dioscorea,Dioscorea,Dioscorea
Plantago pro parte,Plantae,Tracheophyta,Magnoliopsida,Lamiales,Plantaginaceae,Plantago,Plantago,Plantago
Ammi,Plantae,Tracheophyta,Magnoliopsida,Apiales,Apiaceae,Ammi,Ammi,Ammi
Atriplex,Plantae,Tracheophyta,Magnoliopsida,Caryophyllales,Amaranthaceae,Atriplex,Atriplex,Atriplex
Calendula,Plantae,Tracheophyta,Magnoliopsida,Asterales,Asteraceae,Calendula,Calendula,Calendula
Draba,Plantae,Tracheophyta,Magnoliopsida,Brassicales,Brassicaceae,Draba,Draba,Draba
Rosaceae (type A),Plantae,Tracheophyta,Magnoliopsida,Rosales,Rosaceae,Rosaceae,Rosaceae,Rosaceae
Rosaceae (type B),Plantae,Tracheophyta,Magnoliopsida,Rosales,Rosaceae,Rosaceae,Rosaceae,Rosaceae
Androsace alpina-type,Plantae,Tracheophyta,Magnoliopsida,Ericales,Primulaceae,Androsace,Androsace,Androsace
Chrysosplenium undiff.,Plantae,Tracheophyta,Magnoliopsida,Saxifragales,Saxifragaceae,Chrysosplenium,Chrysosplenium,Chrysosplenium
Lamium album-type,Plantae,Tracheophyta,Magnoliopsida,Lamiales,Lamiaceae,Lamium,Lamium,Lamium
Narcissus pseudonarcissus-type,Plantae,Tracheophyta,Liliopsida,Asparagales,Amaryllidaceae,Narcissus,Narcissus,Narcissus
Saxifraga hirculus-type,Plantae,Tracheophyta,Magnoliopsida,Saxifragales,Saxifragaceae,Saxifraga,Saxifraga,Saxifraga
Helleborus viridis-type,Plantae,Tracheophyta,Magnoliopsida,Ranunculales,Ranunculaceae,Helleborus,Helleborus,Helleborus
Boraginaceae undiff.,Plantae,Tracheophyta,Magnoliopsida,Boraginales,Boraginaceae,Boraginaceae,Boraginaceae,Boraginaceae
Tozzia alpina,Plantae,Tracheophyta,Magnoliopsida,Lamiales,Orobanchaceae,Tozzia,Tozzia alpina,Tozzia alpina
Caryophyllaceae pro parte,Plantae,Tracheophyta,Magnoliopsida,Caryophyllales,Caryophyllaceae,Caryophyllaceae,Caryophyllaceae,Caryophyllaceae
Euphorbia cf. E. palustris,Plantae,Tracheophyta,Magnoliopsida,Malpighiales,Euphorbiaceae,Euphorbia,Euphorbia,Euphorbia
Fabaceae pro parte,Plantae,Tracheophyta,Magnoliopsida,Fabales,Fabaceae,Fabaceae,Fabaceae,Fabaceae
Lamiaceae pro parte,Plantae,Tracheophyta,Magnoliopsida,Lamiales,Lamiaceae,Lamiaceae,Lamiaceae,Lamiaceae
Liliaceae pro parte,Plantae,Tracheophyta,Liliopsida,Liliales,Liliaceae,Liliaceae,Liliaceae,Liliaceae
Melampyrum pratense,Plantae,Tracheophyta,Magnoliopsida,Lamiales,Orobanchaceae,Melampyrum,Melampyrum pratense,Melampyrum pratense
Poaceae pro parte,Plantae,Tracheophyta,Liliopsida,Poales,Poaceae,Poaceae,Poaceae,Poaceae
Ranunculaceae pro parte,Plantae,Tracheophyta,Magnoliopsida,Ranunculales,Ranunculaceae,Ranunculaceae,Ranunculaceae,Ranunculaceae
Rosaceae pro parte,Plantae,Tracheophyta,Magnoliopsida,Rosales,Rosaceae,Rosaceae,Rosaceae,Rosaceae
Muscari,Plantae,Tracheophyta,Liliopsida,Asparagales,Asparagaceae,Muscari,Muscari,NA
Gentiana lutea,Plantae,Tracheophyta,Magnoliopsida,Gentianales,Gentianaceae,Gentiana,Gentiana lutea,Gentiana lutea
Centaurea cf. C. cyanus-type,Plantae,Tracheophyta,Magnoliopsida,Asterales,Asteraceae,Centaurea,Centaurea,Centaurea
Centaurea cf. C. nigra-type,Plantae,Tracheophyta,Magnoliopsida,Asterales,Asteraceae,Centaurea,Centaurea,Centaurea
Centaurea cf. C. scabiosa-type,Plantae,Tracheophyta,Magnoliopsida,Asterales,Asteraceae,Centaurea,Centaurea,Centaurea
Quercus undiff.,Plantae,Tracheophyta,Magnoliopsida,Fagales,Fagaceae,Quercus,Quercus,Quercus
Andromeda polifolia,Plantae,Tracheophyta,Magnoliopsida,Ericales,Ericaceae,Andromeda,Andromeda polifolia,Andromeda polifolia
Eupatorium,Plantae,Tracheophyta,Magnoliopsida,Asterales,Asteraceae,Eupatorium,Eupatorium,Eupatorium
Sison amomum,Plantae,Tracheophyta,Magnoliopsida,Apiales,Apiaceae,Sison,Sison amomum,Sison amomum
Sium latifolium-type,Plantae,Tracheophyta,Magnoliopsida,Apiales,Apiaceae,Sium,Sium,Sium
Torilis nodosa,Plantae,Tracheophyta,Magnoliopsida,Apiales,Apiaceae,Torilis,Torilis nodosa,Torilis nodosa
Trinia glauca,Plantae,Tracheophyta,Magnoliopsida,Apiales,Apiaceae,Trinia,Trinia glauca,Trinia glauca
Betula humilis,Plantae,Tracheophyta,Magnoliopsida,Fagales,Betulaceae,Betula,Betula humilis,Betula humilis
Caprifoliaceae,Plantae,Tracheophyta,Magnoliopsida,Dipsacales,Caprifoliaceae,Caprifoliaceae,Caprifoliaceae,Caprifoliaceae
Lamiaceae (hexacolpate),Plantae,Tracheophyta,Magnoliopsida,Lamiales,Lamiaceae,Lamiaceae,Lamiaceae,Lamiaceae
Lamiaceae (tricolpate),Plantae,Tracheophyta,Magnoliopsida,Lamiales,Lamiaceae,Lamiaceae,Lamiaceae,Lamiaceae
Psylliostachys spicata,Plantae,Tracheophyta,Magnoliopsida,Caryophyllales,Plumbaginaceae,Psylliostachys,Psylliostachys spicatus,Psylliostachys spicatus
Rumex cf. R. hydrolapathum,Plantae,Tracheophyta,Magnoliopsida,Caryophyllales,Polygonaceae,Rumex,Rumex,Rumex
Zygophyllum,Plantae,Tracheophyta,Magnoliopsida,Zygophyllales,Zygophyllaceae,Zygophyllum,Zygophyllum,Zygophyllum
Clematis,Plantae,Tracheophyta,Magnoliopsida,Ranunculales,Ranunculaceae,Clematis,Clematis,Clematis
Dioscorea communis,Plantae,Tracheophyta,Liliopsida,Dioscoreales,Dioscoreaceae,Dioscorea,Dioscorea communis,Dioscorea communis
Lonicera nigra,Plantae,Tracheophyta,Magnoliopsida,Dipsacales,Caprifoliaceae,Lonicera,Lonicera nigra,Lonicera nigra
Maianthemum bifolium,Plantae,Tracheophyta,Liliopsida,Asparagales,Asparagaceae,Maianthemum,Maianthemum bifolium,Maianthemum bifolium
Saxifraga hirsuta-type,Plantae,Tracheophyta,Magnoliopsida,Saxifragales,Saxifragaceae,Saxifraga,Saxifraga,Saxifraga
Silaum silaus,Plantae,Tracheophyta,Magnoliopsida,Apiales,Apiaceae,Silaum,Silaum silaus,Silaum silaus
Linum undiff.,Plantae,Tracheophyta,Magnoliopsida,Malpighiales,Linaceae,Linum,Linum,Linum
Myricaria germanica-type,Plantae,Tracheophyta,Magnoliopsida,Caryophyllales,Tamaricaceae,Myricaria,Myricaria,Myricaria
Bistorta vivipara-type,Plantae,Tracheophyta,Magnoliopsida,Caryophyllales,Polygonaceae,Bistorta,Bistorta,Bistorta
Cerastium fontanum,Plantae,Tracheophyta,Magnoliopsida,Caryophyllales,Caryophyllaceae,Cerastium,Cerastium fontanum,Cerastium fontanum
Aesculus hippocastanum,Plantae,Tracheophyta,Magnoliopsida,Sapindales,Sapindaceae,Aesculus,Aesculus hippocastanum,Aesculus hippocastanum
Nicotiana,Plantae,Tracheophyta,Magnoliopsida,Solanales,Solanaceae,Nicotiana,Nicotiana,Nicotiana
Laserpitium latifolium-type,Plantae,Tracheophyta,Magnoliopsida,Apiales,Apiaceae,Laserpitium,Laserpitium,Laserpitium
Meum athamanticum,Plantae,Tracheophyta,Magnoliopsida,Apiales,Apiaceae,Meum,Meum athamanticum,Meum athamanticum
Cornus mas/C. suecica,Plantae,Tracheophyta,Magnoliopsida,Cornales,Cornaceae,Cornus,Cornus,Cornus
Ericales (tetrad),Plantae,Tracheophyta,Magnoliopsida,Ericales,Ericales,Ericales,Ericales,Ericales
Acer campestre,Plantae,Tracheophyta,Magnoliopsida,Sapindales,Sapindaceae,Acer,Acer campestre,Acer campestre
Anthriscus caucalis,Plantae,Tracheophyta,Magnoliopsida,Apiales,Apiaceae,Anthriscus,Anthriscus caucalis,Anthriscus caucalis
Hypericum undiff.,Plantae,Tracheophyta,Magnoliopsida,Malpighiales,Hypericaceae,Hypericum,Hypericum,Hypericum
Polemonium caeruleum,Plantae,Tracheophyta,Magnoliopsida,Ericales,Polemoniaceae,Polemonium,Polemonium caeruleum,Polemonium caeruleum
Sagina cf. S. nodosa,Plantae,Tracheophyta,Magnoliopsida,Caryophyllales,Caryophyllaceae,Sagina,Sagina,Sagina
Sorbus aria,Plantae,Tracheophyta,Magnoliopsida,Rosales,Rosaceae,Aria,Aria edulis,Sagina
Aethusa cynapium,Plantae,Tracheophyta,Magnoliopsida,Apiales,Apiaceae,Aethusa,Aethusa cynapium,Sagina
Agrostemma,Plantae,Tracheophyta,Magnoliopsida,Caryophyllales,Caryophyllaceae,Agrostemma,Agrostemma,Agrostemma
Alnus undiff.,Plantae,Tracheophyta,Magnoliopsida,Fagales,Betulaceae,Alnus,Alnus,Alnus
Arnica,Plantae,Tracheophyta,Magnoliopsida,Asterales,Asteraceae,Arnica,Arnica,Arnica
Carum carvi-type,Plantae,Tracheophyta,Magnoliopsida,Apiales,Apiaceae,Carum,Carum,Carum
Chaerophyllum,Plantae,Tracheophyta,Magnoliopsida,Apiales,Apiaceae,Chaerophyllum,Chaerophyllum,Chaerophyllum
Conium maculatum,Plantae,Tracheophyta,Magnoliopsida,Apiales,Apiaceae,Conium,Conium maculatum,Conium maculatum
Inula,Plantae,Tracheophyta,Magnoliopsida,Asterales,Asteraceae,Inula,Inula,Inula
Pastinaca sativa,Plantae,Tracheophyta,Magnoliopsida,Apiales,Apiaceae,Pastinaca,Pastinaca sativa,Pastinaca sativa
Peucedanum palustre,Plantae,Tracheophyta,Magnoliopsida,Apiales,Apiaceae,Thysselinum,Thysselinum palustre,Thysselinum palustre
Pinus undiff.,Plantae,Tracheophyta,Pinopsida,Pinales,Pinaceae,Pinus,Pinus,Pinus
Primula veris-type,Plantae,Tracheophyta,Magnoliopsida,Ericales,Primulaceae,Primula,Primula,Primula
Ranunculus flammula,Plantae,Tracheophyta,Magnoliopsida,Ranunculales,Ranunculaceae,Ranunculus,Ranunculus flammula,Ranunculus flammula
Scandix pecten-veneris,Plantae,Tracheophyta,Magnoliopsida,Apiales,Apiaceae,Scandix,Scandix pecten-veneris,Scandix pecten-veneris
Silene viscaria-type,Plantae,Tracheophyta,Magnoliopsida,Caryophyllales,Caryophyllaceae,Silene,Silene,Silene
Sium,Plantae,Tracheophyta,Magnoliopsida,Apiales,Apiaceae,Sium,Sium,Sium
Swertia perennis,Plantae,Tracheophyta,Magnoliopsida,Gentianales,Gentianaceae,Swertia,Swertia perennis,Swertia perennis
Torilis japonica,Plantae,Tracheophyta,Magnoliopsida,Apiales,Apiaceae,Torilis,Torilis japonica,Torilis japonica
Buglossoides arvensis,Plantae,Tracheophyta,Magnoliopsida,Boraginales,Boraginaceae,Buglossoides,Buglossoides arvensis,Buglossoides arvensis
Eryngium campestre,Plantae,Tracheophyta,Magnoliopsida,Apiales,Apiaceae,Eryngium,Eryngium campestre,Eryngium campestre
Primulaceae undiff.,Plantae,Tracheophyta,Magnoliopsida,Ericales,Primulaceae,Primulaceae,Primulaceae,Primulaceae
Orthilia,Plantae,Tracheophyta,Magnoliopsida,Ericales,Ericaceae,Orthilia,Orthilia,Orthilia
Digitalis purpurea-type,Plantae,Tracheophyta,Magnoliopsida,Lamiales,Plantaginaceae,Digitalis,Digitalis,Digitalis
Lythrum salicaria-type,Plantae,Tracheophyta,Magnoliopsida,Myrtales,Lythraceae,Lythrum,Lythrum,Lythrum
Poaceae (annulus >10 µm),Plantae,Tracheophyta,Liliopsida,Poales,Poaceae,Poaceae,Poaceae,Poaceae
Rumex sanguineus-type,Plantae,Tracheophyta,Magnoliopsida,Caryophyllales,Polygonaceae,Rumex,Rumex,Rumex
Solidago virgaurea-type,Plantae,Tracheophyta,Magnoliopsida,Asterales,Asteraceae,Solidago,Solidago,Solidago
Tsuga,Plantae,Tracheophyta,Pinopsida,Pinales,Pinaceae,Tsuga,Tsuga,Tsuga
Anagallis tenella,Plantae,Tracheophyta,Magnoliopsida,Ericales,Primulaceae,Lysimachia,Lysimachia tenella,Lysimachia tenella
Crassulaceae undiff.,Plantae,Tracheophyta,Magnoliopsida,Saxifragales,Crassulaceae,Crassulaceae,Crassulaceae,Crassulaceae
Myosotis arvensis,Plantae,Tracheophyta,Magnoliopsida,Boraginales,Boraginaceae,Myosotis,Myosotis arvensis,Myosotis arvensis
Poaceae (<37 µm),Plantae,Tracheophyta,Liliopsida,Poales,Poaceae,Poaceae,Poaceae,Poaceae
Andromeda,Plantae,Tracheophyta,Magnoliopsida,Ericales,Ericaceae,Andromeda,Andromeda,Andromeda
Brassica,Plantae,Tracheophyta,Magnoliopsida,Brassicales,Brassicaceae,Brassica,Brassica,Brassica
Crataegus monogyna,Plantae,Tracheophyta,Magnoliopsida,Rosales,Rosaceae,Crataegus,Crataegus monogyna,Crataegus monogyna
Plantago tenuiflora,Plantae,Tracheophyta,Magnoliopsida,Lamiales,Plantaginaceae,Plantago,Plantago tenuiflora,Plantago tenuiflora
Umbilicus rupestris,Plantae,Tracheophyta,Magnoliopsida,Saxifragales,Crassulaceae,Umbilicus,Umbilicus rupestris,Umbilicus rupestris
Vicia sylvatica,Plantae,Tracheophyta,Magnoliopsida,Fabales,Fabaceae,Vicia,Vicia sylvatica,Vicia sylvatica
Monotropa,Plantae,Tracheophyta,Magnoliopsida,Ericales,Ericaceae,Monotropa,Monotropa,Monotropa
Anemone alpina,Plantae,Tracheophyta,Magnoliopsida,Ranunculales,Ranunculaceae,Anemone,Anemone baldensis,Anemone baldensis
Anemone alpina,Plantae,Tracheophyta,Magnoliopsida,Ranunculales,Ranunculaceae,Anemone,Anemone baldensis,Anemone baldensis
Anemone alpina,Plantae,Tracheophyta,Magnoliopsida,Ranunculales,Ranunculaceae,Pulsatilla,Pulsatilla alpina,Pulsatilla alpina
Anemone alpina,Plantae,Tracheophyta,Magnoliopsida,Ranunculales,Ranunculaceae,Pulsatilla,Pulsatilla alpina,Pulsatilla alpina
Ligusticum,Plantae,Tracheophyta,Magnoliopsida,Apiales,Apiaceae,Ligusticum,Ligusticum,Ligusticum
Peucedanum,Plantae,Tracheophyta,Magnoliopsida,Apiales,Apiaceae,Peucedanum,Peucedanum spec,Peucedanum spec
Plantago montana,Plantae,Tracheophyta,Magnoliopsida,Lamiales,Plantaginaceae,Plantago,Plantago atrata,Plantago atrata
Plantago montana,Plantae,Tracheophyta,Magnoliopsida,Lamiales,Plantaginaceae,Plantago,Plantago atrata,Plantago atrata
Plantago montana,Plantae,Tracheophyta,Magnoliopsida,Lamiales,Plantaginaceae,Plantago,Plantago maritima,Plantago maritima
Plantago montana,Plantae,Tracheophyta,Magnoliopsida,Lamiales,Plantaginaceae,Plantago,Plantago maritima,Plantago maritima
Polygala vulgaris-type,Plantae,Tracheophyta,Magnoliopsida,Fabales,Polygalaceae,Polygala,Polygala,Polygala
Ranunculus aconitifolius,Plantae,Tracheophyta,Magnoliopsida,Ranunculales,Ranunculaceae,Ranunculus,Ranunculus aconitifolius,Ranunculus aconitifolius
Seseli,Plantae,Tracheophyta,Magnoliopsida,Apiales,Apiaceae,Seseli,Seseli,Seseli
Homogyne alpina,Plantae,Tracheophyta,Magnoliopsida,Asterales,Asteraceae,Homogyne,Homogyne alpina,Homogyne alpina
Xanthium spinosum-type,Plantae,Tracheophyta,Magnoliopsida,Asterales,Asteraceae,Xanthium,Xanthium,Xanthium
Oenanthe fistulosa-type,Plantae,Tracheophyta,Magnoliopsida,Apiales,Apiaceae,Oenanthe,Oenanthe,Oenanthe
Plantago atrata,Plantae,Tracheophyta,Magnoliopsida,Lamiales,Plantaginaceae,Plantago,Plantago atrata,Plantago atrata
Pseudofumaria lutea-type,Plantae,Tracheophyta,Magnoliopsida,Ranunculales,Papaveraceae,Pseudofumaria,Pseudofumaria,Pseudofumaria
Rumex alpinus-type,Plantae,Tracheophyta,Magnoliopsida,Caryophyllales,Polygonaceae,Rumex,Rumex,Rumex
Scabiosa columbaria-type,Plantae,Tracheophyta,Magnoliopsida,Dipsacales,Caprifoliaceae,Scabiosa,Scabiosa,Scabiosa
Staphylea pinnata,Plantae,Tracheophyta,Magnoliopsida,Crossosomatales,Staphyleaceae,Staphylea,Staphylea pinnata,Staphylea pinnata
Succisa pratensis-type,Plantae,Tracheophyta,Magnoliopsida,Dipsacales,Caprifoliaceae,Succisa,Succisa,Succisa
Trachycarpus fortunei,Plantae,Tracheophyta,Liliopsida,Arecales,Arecaceae,Trachycarpus,Trachycarpus fortunei,Trachycarpus fortunei
Tribulus terrestris,Plantae,Tracheophyta,Magnoliopsida,Zygophyllales,Zygophyllaceae,Tribulus,Tribulus terrestris,Tribulus terrestris
Viola canina-type,Plantae,Tracheophyta,Magnoliopsida,Malpighiales,Violaceae,Viola,Viola,Viola
Berula erecta,Plantae,Tracheophyta,Magnoliopsida,Apiales,Apiaceae,Berula,Berula erecta,Berula erecta
Juncaceae,Plantae,Tracheophyta,Liliopsida,Poales,Juncaceae,Juncaceae,Juncaceae,Juncaceae
Morus alba-type,Plantae,Tracheophyta,Magnoliopsida,Rosales,Moraceae,Morus,Morus,Morus
Artemisia herba-alba-type,Plantae,Tracheophyta,Magnoliopsida,Asterales,Asteraceae,Artemisia,Artemisia,Artemisia
Artemisia vulgaris-type,Plantae,Tracheophyta,Magnoliopsida,Asterales,Asteraceae,Artemisia,Artemisia,Artemisia
Betulaceae,Plantae,Tracheophyta,Magnoliopsida,Fagales,Betulaceae,Betulaceae,Betulaceae,Betulaceae
Cotinus coggygria,Plantae,Tracheophyta,Magnoliopsida,Sapindales,Anacardiaceae,Cotinus,Cotinus coggygria,Cotinus coggygria
Loranthus,Plantae,Tracheophyta,Magnoliopsida,Santalales,Loranthaceae,Loranthus,Loranthus,Loranthus
Paliurus,Plantae,Tracheophyta,Magnoliopsida,Rosales,Rhamnaceae,Paliurus,Paliurus,Paliurus
Ranunculus repens-type,Plantae,Tracheophyta,Magnoliopsida,Ranunculales,Ranunculaceae,Ranunculus,Ranunculus,Ranunculus
Ranunculus sceleratus-type,Plantae,Tracheophyta,Magnoliopsida,Ranunculales,Ranunculaceae,Ranunculus,Ranunculus,Ranunculus
Rubus fruticosus,Plantae,Tracheophyta,Magnoliopsida,Rosales,Rosaceae,Rubus,Rubus cochinchinensis,Rubus cochinchinensis
Adonis,Plantae,Tracheophyta,Magnoliopsida,Ranunculales,Ranunculaceae,Adonis,Adonis,Adonis
Armeria (type A),Plantae,Tracheophyta,Magnoliopsida,Caryophyllales,Plumbaginaceae,Armeria,Armeria,Armeria
Armeria (type B),Plantae,Tracheophyta,Magnoliopsida,Caryophyllales,Plumbaginaceae,Armeria,Armeria,Armeria
Glaux,Plantae,Tracheophyta,Magnoliopsida,Fabales,Fabaceae,Astragalus,Astragalus,Astragalus
Malva sylvestris-type,Plantae,Tracheophyta,Magnoliopsida,Malvales,Malvaceae,Malva,Malva,Malva
Pinus pinaster,Plantae,Tracheophyta,Pinopsida,Pinales,Pinaceae,Pinus,Pinus pinaster,Pinus pinaster
Quercus pyrenaica-type,Plantae,Tracheophyta,Magnoliopsida,Fagales,Fagaceae,Quercus,Quercus,Quercus
Urtica dioica-type,Plantae,Tracheophyta,Magnoliopsida,Rosales,Urticaceae,Urtica,Urtica,Urtica
Acanthus,Plantae,Tracheophyta,Magnoliopsida,Lamiales,Acanthaceae,Acanthus,Acanthus,Acanthus
Amaranthus,Plantae,Tracheophyta,Magnoliopsida,Caryophyllales,Amaranthaceae,Amaranthus,Amaranthus,Amaranthus
Anemone hortensis-type,Plantae,Tracheophyta,Magnoliopsida,Ranunculales,Ranunculaceae,Anemone,Anemone,Anemone
Asparagus,Plantae,Tracheophyta,Liliopsida,Asparagales,Asparagaceae,Asparagus,Asparagus,Asparagus
Asphodelus fistulosus,Plantae,Tracheophyta,Liliopsida,Asparagales,Asphodelaceae,Asphodelus,Asphodelus fistulosus,Asphodelus fistulosus
Bituminaria bituminosa,Plantae,Tracheophyta,Magnoliopsida,Fabales,Fabaceae,Bituminaria,Bituminaria bituminosa,Bituminaria bituminosa
Borago officinalis,Plantae,Tracheophyta,Magnoliopsida,Boraginales,Boraginaceae,Borago,Borago officinalis,Borago officinalis
Chamaerops humilis,Plantae,Tracheophyta,Liliopsida,Arecales,Arecaceae,Chamaerops,Chamaerops humilis,Chamaerops humilis
Citrus,Plantae,Tracheophyta,Magnoliopsida,Sapindales,Rutaceae,Citrus,Citrus,Citrus
Cynoglossum officinale-type,Plantae,Tracheophyta,Magnoliopsida,Boraginales,Boraginaceae,Cynoglossum,Cynoglossum,Cynoglossum
Dorycnium,Plantae,Tracheophyta,Magnoliopsida,Fabales,Fabaceae,Lotus,Lotus,Lotus
Fedia cornucopiae,Plantae,Tracheophyta,Magnoliopsida,Dipsacales,Caprifoliaceae,Fedia,Fedia cornucopiae,Fedia cornucopiae
Ficus carica,Plantae,Tracheophyta,Magnoliopsida,Rosales,Moraceae,Ficus,Ficus carica,Ficus carica
Gypsophila arrostii,Plantae,Tracheophyta,Magnoliopsida,Caryophyllales,Caryophyllaceae,Gypsophila,Gypsophila arrostii,Gypsophila arrostii
Helleborus viridis,Plantae,Tracheophyta,Magnoliopsida,Ranunculales,Ranunculaceae,Helleborus,Helleborus viridis,Helleborus viridis
Morus,Plantae,Tracheophyta,Magnoliopsida,Rosales,Moraceae,Morus,Ficus carica,Ficus carica
Ornithopus,Plantae,Tracheophyta,Magnoliopsida,Fabales,Fabaceae,Ornithopus,Gypsophila arrostii,Gypsophila arrostii
Phlomis,Plantae,Tracheophyta,Magnoliopsida,Lamiales,Lamiaceae,Phlomis,Helleborus viridis,Helleborus viridis
Pinus subg. Strobus,Plantae,Tracheophyta,Pinopsida,Pinales,Pinaceae,Pinus,Fedia cornucopiae,Fedia cornucopiae
Rumex scutatus-type,Plantae,Tracheophyta,Magnoliopsida,Caryophyllales,Polygonaceae,Rumex,Ficus carica,Ficus carica
Saxifraga tridactylitis-type,Plantae,Tracheophyta,Magnoliopsida,Saxifragales,Saxifragaceae,Saxifraga,Gypsophila arrostii,Gypsophila arrostii
Sideritis,Plantae,Tracheophyta,Magnoliopsida,Lamiales,Lamiaceae,Sideritis,Helleborus viridis,Helleborus viridis
Simethis planifolia,Plantae,Tracheophyta,Liliopsida,Asparagales,Asphodelaceae,Simethis,Simethis mattiazzii,Simethis mattiazzii
Tamarix,Plantae,Tracheophyta,Magnoliopsida,Caryophyllales,Tamaricaceae,Tamarix,Tamarix,Tamarix
Tuberaria,Plantae,Tracheophyta,Magnoliopsida,Malvales,Cistaceae,Tuberaria,Tuberaria,Tuberaria
Urtica membranacea-type,Plantae,Tracheophyta,Magnoliopsida,Rosales,Urticaceae,Urtica,Urtica,Urtica
Urtica pilulifera,Plantae,Tracheophyta,Magnoliopsida,Rosales,Urticaceae,Urtica,Urtica pilulifera,Urtica pilulifera
Zelkova,Plantae,Tracheophyta,Magnoliopsida,Rosales,Ulmaceae,Zelkova,Zelkova,Zelkova
Aruncus,Plantae,Tracheophyta,Magnoliopsida,Rosales,Rosaceae,Aruncus,Aruncus,Aruncus
Astrantia,Plantae,Tracheophyta,Magnoliopsida,Apiales,Apiaceae,Astrantia,Astrantia,Astrantia
Bartsia,Plantae,Tracheophyta,Magnoliopsida,Lamiales,Orobanchaceae,Bartsia,Bartsia,Bartsia
Filipendula ulmaria,Plantae,Tracheophyta,Magnoliopsida,Rosales,Rosaceae,Filipendula,Filipendula ulmaria,Filipendula ulmaria
Gnaphalium,Plantae,Tracheophyta,Magnoliopsida,Asterales,Asteraceae,Gnaphalium,Gnaphalium,Gnaphalium
Pedicularis palustris,Plantae,Tracheophyta,Magnoliopsida,Lamiales,Orobanchaceae,Pedicularis,Pedicularis palustris,Pedicularis palustris
Ribes alpinum,Plantae,Tracheophyta,Magnoliopsida,Saxifragales,Grossulariaceae,Ribes,Ribes alpinum,Ribes alpinum
Silene vulgaris,Plantae,Tracheophyta,Magnoliopsida,Caryophyllales,Caryophyllaceae,Silene,Silene vulgaris,Silene vulgaris
Veratrum album,Plantae,Tracheophyta,Liliopsida,Liliales,Melanthiaceae,Veratrum,Veratrum album,Veratrum album
Ailanthus,Plantae,Tracheophyta,Magnoliopsida,Sapindales,Simaroubaceae,Ailanthus,Ailanthus,Ailanthus
Centaurea solstitialis,Plantae,Tracheophyta,Magnoliopsida,Asterales,Asteraceae,Centaurea,Centaurea solstitialis,Centaurea solstitialis
Radiola linoides,Plantae,Tracheophyta,Magnoliopsida,Malpighiales,Linaceae,Radiola,Radiola linoides,Radiola linoides
Consolida,Plantae,Tracheophyta,Magnoliopsida,Ranunculales,Ranunculaceae,Delphinium,Delphinium,Delphinium
Delphinium,Plantae,Tracheophyta,Magnoliopsida,Ranunculales,Ranunculaceae,Delphinium,Delphinium,Delphinium
Nonea,Plantae,Tracheophyta,Magnoliopsida,Boraginales,Boraginaceae,Nonea,Nonea,Nonea
Orlaya,Plantae,Tracheophyta,Magnoliopsida,Apiales,Apiaceae,Orlaya,Orlaya,Orlaya
Parietaria,Plantae,Tracheophyta,Magnoliopsida,Rosales,Urticaceae,Parietaria,Parietaria,Parietaria
Pulmonaria obscura,Plantae,Tracheophyta,Magnoliopsida,Boraginales,Boraginaceae,Pulmonaria,Pulmonaria obscura,Pulmonaria obscura
Alkanna,Plantae,Tracheophyta,Magnoliopsida,Boraginales,Boraginaceae,Alkanna,Alkanna,Alkanna
Alnus incana-type,Plantae,Tracheophyta,Magnoliopsida,Fagales,Betulaceae,Alnus,Alnus,Alnus
Gentiana purpurea-type,Plantae,Tracheophyta,Magnoliopsida,Gentianales,Gentianaceae,Gentiana,Gentiana,Gentiana
Globularia,Plantae,Tracheophyta,Magnoliopsida,Lamiales,Plantaginaceae,Globularia,Globularia,Globularia
Rubus arcticus,Plantae,Tracheophyta,Magnoliopsida,Rosales,Rosaceae,Rubus,Rubus arcticus,Rubus arcticus
Gentianella tenella-type,Plantae,Tracheophyta,Magnoliopsida,Gentianales,Gentianaceae,Gentianella,Gentianella,Gentianella
Rubus fruticosus-type,Plantae,Tracheophyta,Magnoliopsida,Rosales,Rosaceae,Rubus,Rubus,Rubus
Vicia faba-type,Plantae,Tracheophyta,Magnoliopsida,Fabales,Fabaceae,Vicia,Vicia,Vicia
Cistus ladanifer-type,Plantae,Tracheophyta,Magnoliopsida,Malvales,Cistaceae,Cistus,Cistus,Cistus
Colchicum,Plantae,Tracheophyta,Liliopsida,Liliales,Colchicaceae,Colchicum,Colchicum,Colchicum
Gentiana verna-type,Plantae,Tracheophyta,Magnoliopsida,Gentianales,Gentianaceae,Gentiana,Gentiana,Gentiana
Glyceria,Plantae,Tracheophyta,Liliopsida,Poales,Poaceae,Glyceria,Glyceria,Glyceria
Hordelymus,Plantae,Tracheophyta,Liliopsida,Poales,Poaceae,Hordelymus,Hordelymus,Hordelymus
Lonicera caerulea,Plantae,Tracheophyta,Magnoliopsida,Dipsacales,Caprifoliaceae,Lonicera,Lonicera caerulea,NA
Colchicum autumnale-type,Plantae,Tracheophyta,Liliopsida,Liliales,Colchicaceae,Colchicum,Colchicum,Colchicum
Fraxinus undiff.,Plantae,Tracheophyta,Magnoliopsida,Lamiales,Oleaceae,Fraxinus,Fraxinus,Fraxinus
Polygonum oxyspermum,Plantae,Tracheophyta,Magnoliopsida,Caryophyllales,Polygonaceae,Polygonum,Polygonum oxyspermum,Polygonum oxyspermum
Primula integrifolia-type,Plantae,Tracheophyta,Magnoliopsida,Ericales,Primulaceae,Primula,Primula,Primula
Apium nodiflorum,Plantae,Tracheophyta,Magnoliopsida,Apiales,Apiaceae,Helosciadium,Helosciadium nodiflorum,Helosciadium nodiflorum
Apium nodiflorum,Plantae,Tracheophyta,Magnoliopsida,Apiales,Apiaceae,Helosciadium,Helosciadium nodiflorum,Helosciadium nodiflorum
Apium nodiflorum,Plantae,Tracheophyta,Magnoliopsida,Apiales,Apiaceae,Helosciadium,Helosciadium nodiflorum,Helosciadium nodiflorum
Apium nodiflorum,Plantae,Tracheophyta,Magnoliopsida,Apiales,Apiaceae,Helosciadium,Helosciadium nodiflorum,Helosciadium nodiflorum
Asphodelus albus,Plantae,Tracheophyta,Liliopsida,Asparagales,Asphodelaceae,Asphodelus,Asphodelus albus,Asphodelus albus
Carum verticillatum,Plantae,Tracheophyta,Magnoliopsida,Apiales,Apiaceae,Trocdaris,Trocdaris verticillatum,Trocdaris verticillatum
Chaerophyllum temulum,Plantae,Tracheophyta,Magnoliopsida,Apiales,Apiaceae,Chaerophyllum,Chaerophyllum temulum,Chaerophyllum temulum
Colchicum montanum,Plantae,Tracheophyta,Liliopsida,Liliales,Colchicaceae,Colchicum,Colchicum montanum,Colchicum montanum
Cytisus grandiflorus,Plantae,Tracheophyta,Magnoliopsida,Fabales,Fabaceae,Cytisus,Cytisus grandiflorus,Cytisus grandiflorus
Dianthus lusitanus-type,Plantae,Tracheophyta,Magnoliopsida,Caryophyllales,Caryophyllaceae,Dianthus,Dianthus,Dianthus
Fraxinus angustifolia,Plantae,Tracheophyta,Magnoliopsida,Lamiales,Oleaceae,Fraxinus,Fraxinus angustifolia,Fraxinus angustifolia
Fritillaria lusitanica,Plantae,Tracheophyta,Liliopsida,Liliales,Liliaceae,Fritillaria,Fritillaria lusitanica,Fritillaria lusitanica
Gagea nevadensis,Plantae,Tracheophyta,Liliopsida,Liliales,Liliaceae,Gagea,Gagea nevadensis,Gagea nevadensis
Gentiana lutea/G. pneumonanthe,Plantae,Tracheophyta,Magnoliopsida,Gentianales,Gentianaceae,Gentiana,Gentiana,Gentiana
Laserpitium,Plantae,Tracheophyta,Magnoliopsida,Apiales,Apiaceae,Laserpitium,Laserpitium,Laserpitium
Lythrum undiff.,Plantae,Tracheophyta,Magnoliopsida,Myrtales,Lythraceae,Lythrum,Lythrum,Lythrum
Minuartia recurva,Plantae,Tracheophyta,Magnoliopsida,Caryophyllales,Caryophyllaceae,Minuartia,Minuartia recurva,Minuartia recurva
Narcissus bulbocodium,Plantae,Tracheophyta,Liliopsida,Asparagales,Amaryllidaceae,Narcissus,Narcissus bulbocodium,Narcissus bulbocodium
Paronychia polygonifolia-type,Plantae,Tracheophyta,Magnoliopsida,Caryophyllales,Caryophyllaceae,Paronychia,Paronychia,Paronychia
Pedicularis sylvatica,Plantae,Tracheophyta,Magnoliopsida,Lamiales,Orobanchaceae,Pedicularis,Pedicularis sylvatica,Pedicularis sylvatica
Physospermum cornubiense,Plantae,Tracheophyta,Magnoliopsida,Apiales,Apiaceae,Physospermum,Physospermum cornubiense,Physospermum cornubiense
Pimpinella anisum,Plantae,Tracheophyta,Magnoliopsida,Apiales,Apiaceae,Pimpinella,Pimpinella anisum,Pimpinella anisum
Pimpinella saxifraga-type,Plantae,Tracheophyta,Magnoliopsida,Rosales,Rosaceae,Sanguisorba,Sanguisorba,Sanguisorba
Plantago coronopus sensu stricto,Plantae,Tracheophyta,Magnoliopsida,Lamiales,Plantaginaceae,Plantago,Plantago coronopus,Plantago coronopus
Plantago subulata-type,Plantae,Tracheophyta,Magnoliopsida,Lamiales,Plantaginaceae,Plantago,Plantago,Plantago
Sanguisorba officinalis-type,Plantae,Tracheophyta,Magnoliopsida,Rosales,Rosaceae,Sanguisorba,Sanguisorba,Sanguisorba
Selinum carvifolia,Plantae,Tracheophyta,Magnoliopsida,Apiales,Apiaceae,Selinum,Selinum carvifolia,Selinum carvifolia
Seseli libanotis-type,Plantae,Tracheophyta,Magnoliopsida,Apiales,Apiaceae,Seseli,Seseli,Seseli
Silaum silaus-type,Plantae,Tracheophyta,Magnoliopsida,Apiales,Apiaceae,Silaum,Silaum,Silaum
Silene ciliata-type,Plantae,Tracheophyta,Magnoliopsida,Caryophyllales,Caryophyllaceae,Silene,Silene,Silene
Silene foetida-type,Plantae,Tracheophyta,Magnoliopsida,Caryophyllales,Caryophyllaceae,Silene,Silene,Silene
Torilis arvensis-type,Plantae,Tracheophyta,Magnoliopsida,Apiales,Apiaceae,Torilis,Torilis,Torilis
Trinia glauca-type,Plantae,Tracheophyta,Magnoliopsida,Apiales,Apiaceae,Trinia,Trinia,Trinia
Aquilegia,Plantae,Tracheophyta,Magnoliopsida,Ranunculales,Ranunculaceae,Aquilegia,Aquilegia,Aquilegia
Hedysarum cf. H. hedysaroides,Plantae,Tracheophyta,Magnoliopsida,Fabales,Fabaceae,Hedysarum,Hedysarum,Hedysarum
Vaccinium myrtillus,Plantae,Tracheophyta,Magnoliopsida,Ericales,Ericaceae,Vaccinium,Vaccinium myrtillus,Vaccinium myrtillus
Centaurea stoebe,Plantae,Tracheophyta,Magnoliopsida,Asterales,Asteraceae,Centaurea,Centaurea stoebe,Centaurea stoebe
Juglandaceae,Plantae,Tracheophyta,Magnoliopsida,Fagales,Juglandaceae,Juglandaceae,Juglandaceae,Juglandaceae
Matthiola,Plantae,Tracheophyta,Magnoliopsida,Brassicales,Brassicaceae,Matthiola,Matthiola,Matthiola
Trifolium arvense,Plantae,Tracheophyta,Magnoliopsida,Fabales,Fabaceae,Trifolium,Trifolium arvense,Trifolium arvense
Valeriana tripteris,Plantae,Tracheophyta,Magnoliopsida,Dipsacales,Caprifoliaceae,Valeriana,Valeriana tripteris,Valeriana tripteris
Empetrum hermaphroditum,Plantae,Tracheophyta,Magnoliopsida,Ericales,Ericaceae,Empetrum,Empetrum hermaphroditum,Empetrum hermaphroditum
Erica cinerea,Plantae,Tracheophyta,Magnoliopsida,Ericales,Ericaceae,Erica,Erica cinerea,Erica cinerea
Geum cf. G. rivale,Plantae,Tracheophyta,Magnoliopsida,Rosales,Rosaceae,Geum,Geum,Geum
Geum cf. G. urbanum,Plantae,Tracheophyta,Magnoliopsida,Rosales,Rosaceae,Geum,Geum,Geum
Lotus cf. L. corniculatus,Plantae,Tracheophyta,Magnoliopsida,Fabales,Fabaceae,Lotus,Lotus,Lotus
Lotus pedunculatus-type,Plantae,Tracheophyta,Magnoliopsida,Fabales,Fabaceae,Lotus,Lotus,Lotus
Saxifraga cf. S. cespitosa,Plantae,Tracheophyta,Magnoliopsida,Saxifragales,Saxifragaceae,Saxifraga,Saxifraga,Saxifraga
Ranunculus sceleratus/R. repens,Plantae,Tracheophyta,Magnoliopsida,Ranunculales,Ranunculaceae,Ranunculus,Ranunculus,Ranunculus
Saxifragaceae undiff.,Plantae,Tracheophyta,Magnoliopsida,Saxifragales,Saxifragaceae,Saxifragaceae,Saxifragaceae,Saxifragaceae
Silene nutans,Plantae,Tracheophyta,Magnoliopsida,Caryophyllales,Caryophyllaceae,Silene,Silene nutans,Silene nutans
Swertia,Plantae,Tracheophyta,Magnoliopsida,Gentianales,Gentianaceae,Swertia,Swertia,Swertia
Teucrium chamaedrys,Plantae,Tracheophyta,Magnoliopsida,Lamiales,Lamiaceae,Teucrium,Teucrium chamaedrys,Teucrium chamaedrys
Lycopus europaeus,Plantae,Tracheophyta,Magnoliopsida,Lamiales,Lamiaceae,Lycopus,Lycopus europaeus,Lycopus europaeus
Oleaceae undiff.,Plantae,Tracheophyta,Magnoliopsida,Lamiales,Oleaceae,Oleaceae,Oleaceae,Oleaceae
Conium maculatum-type,Plantae,Tracheophyta,Magnoliopsida,Apiales,Apiaceae,Conium,Conium,Conium
Pimpinella saxifraga,Plantae,Tracheophyta,Magnoliopsida,Apiales,Apiaceae,Pimpinella,Pimpinella saxifraga,Pimpinella saxifraga
Viscum album sensu lato,Plantae,Tracheophyta,Magnoliopsida,Santalales,Viscaceae,Viscum,Viscum album,Viscum album
Abies undiff.,Plantae,Tracheophyta,Pinopsida,Pinales,Pinaceae,Abies,Abies,Abies
Centaurium pulchellum,Plantae,Tracheophyta,Magnoliopsida,Gentianales,Gentianaceae,Centaurium,Centaurium pulchellum,Centaurium pulchellum
Chaerophyllum hirsutum,Plantae,Tracheophyta,Magnoliopsida,Apiales,Apiaceae,Chaerophyllum,Chaerophyllum hirsutum,Chaerophyllum hirsutum
Gratiola officinalis,Plantae,Tracheophyta,Magnoliopsida,Lamiales,Plantaginaceae,Gratiola,Gratiola officinalis,Gratiola officinalis
Onobrychis viciifolia,Plantae,Tracheophyta,Magnoliopsida,Fabales,Fabaceae,Onobrychis,Onobrychis viciifolia,Onobrychis viciifolia
Torilis,Plantae,Tracheophyta,Magnoliopsida,Apiales,Apiaceae,Torilis,Torilis,Torilis
Aethusa cynapium-type,Plantae,Tracheophyta,Magnoliopsida,Apiales,Apiaceae,Aethusa,Aethusa,Aethusa
Carum,Plantae,Tracheophyta,Magnoliopsida,Apiales,Apiaceae,Carum,Carum,Carum
Caucalis platycarpos,Plantae,Tracheophyta,Magnoliopsida,Apiales,Apiaceae,Caucalis,Caucalis platycarpos,Caucalis platycarpos
Centaurium pulchellum-type,Plantae,Tracheophyta,Magnoliopsida,Gentianales,Gentianaceae,Centaurium,Centaurium,Centaurium
Foeniculum vulgare,Plantae,Tracheophyta,Magnoliopsida,Apiales,Apiaceae,Foeniculum,Foeniculum vulgare,Foeniculum vulgare
Meum athamanticum-type,Plantae,Tracheophyta,Magnoliopsida,Apiales,Apiaceae,Meum,Meum,Meum
Monotropa hypopitys,Plantae,Tracheophyta,Magnoliopsida,Ericales,Ericaceae,Hypopitys,Hypopitys monotropa,Hypopitys monotropa
Peucedanum palustre-type,Plantae,Tracheophyta,Magnoliopsida,Apiales,Apiaceae,Peucedanum,Peucedanum spec,Peucedanum spec
Pleurospermum austriacum-type,Plantae,Tracheophyta,Magnoliopsida,Apiales,Apiaceae,Pleurospermum,Pleurospermum,Pleurospermum
Ruta graveolens,Plantae,Tracheophyta,Magnoliopsida,Sapindales,Rutaceae,Ruta,Ruta graveolens,Ruta graveolens
Sambucus undiff.,Plantae,Tracheophyta,Magnoliopsida,Dipsacales,Viburnaceae,Sambucus,Sambucus,Sambucus
Scrophulariaceae pro parte,Plantae,Tracheophyta,Magnoliopsida,Lamiales,Scrophulariaceae,Scrophulariaceae,Scrophulariaceae,Scrophulariaceae
Torilis japonica-type,Plantae,Tracheophyta,Magnoliopsida,Apiales,Apiaceae,Torilis,Torilis,Torilis
Aphanes,Plantae,Tracheophyta,Magnoliopsida,Rosales,Rosaceae,Aphanes,Aphanes,Aphanes
Astrantia major-type,Plantae,Tracheophyta,Magnoliopsida,Apiales,Apiaceae,Astrantia,Astrantia,Astrantia
Ballota,Plantae,Tracheophyta,Magnoliopsida,Lamiales,Lamiaceae,Ballota,Ballota,Ballota
Campanula trachelium-type,Plantae,Tracheophyta,Magnoliopsida,Asterales,Campanulaceae,Campanula,Campanula,Campanula
Datura stramonium,Plantae,Tracheophyta,Magnoliopsida,Solanales,Solanaceae,Datura,Datura stramonium,Datura stramonium
Descurainia sophia,Plantae,Tracheophyta,Magnoliopsida,Brassicales,Brassicaceae,Descurainia,Descurainia sophia,Descurainia sophia
Kickxia,Plantae,Tracheophyta,Magnoliopsida,Lamiales,Plantaginaceae,Kickxia,Kickxia,Kickxia
Microrrhinum minus,Plantae,Tracheophyta,Magnoliopsida,Lamiales,Plantaginaceae,Chaenorhinum,Chaenorhinum minus,Chaenorhinum minus
Oxalis acetosella,Plantae,Tracheophyta,Magnoliopsida,Oxalidales,Oxalidaceae,Oxalis,Oxalis acetosella,Oxalis acetosella
Pisum sativum,Plantae,Tracheophyta,Magnoliopsida,Fabales,Fabaceae,Lathyrus,Lathyrus oleraceus,Lathyrus oleraceus
Ephedra strobilacea-type,Plantae,Tracheophyta,Gnetopsida,Ephedrales,Ephedraceae,Ephedra,Ephedra,Ephedra
Apium inundatum-type,Plantae,Tracheophyta,Magnoliopsida,Apiales,Apiaceae,Apium,Apium,Apium
Corydalis pumila-type,Plantae,Tracheophyta,Magnoliopsida,Ranunculales,Papaveraceae,Corydalis,Corydalis,Corydalis
Eryngium campestre-type,Plantae,Tracheophyta,Magnoliopsida,Apiales,Apiaceae,Eryngium,Eryngium,Eryngium
Ornithogalum umbellatum-type,Plantae,Tracheophyta,Liliopsida,Asparagales,Asparagaceae,Ornithogalum,Ornithogalum,Ornithogalum
Pedicularis verticillata-type,Plantae,Tracheophyta,Magnoliopsida,Lamiales,Orobanchaceae,Pedicularis,Pedicularis,Pedicularis
Teucrium chamaedrys-type,Plantae,Tracheophyta,Magnoliopsida,Lamiales,Lamiaceae,Teucrium,Teucrium,Teucrium
Turgenia latifolia-type,Plantae,Tracheophyta,Magnoliopsida,Apiales,Apiaceae,Turgenia,Turgenia,Turgenia
Viola tricolor-type,Plantae,Tracheophyta,Magnoliopsida,Malpighiales,Violaceae,Viola,Viola,Viola
Berula erecta-type,Plantae,Tracheophyta,Magnoliopsida,Apiales,Apiaceae,Berula,Berula,Berula
Lythrum portula-type,Plantae,Tracheophyta,Magnoliopsida,Myrtales,Lythraceae,Lythrum,Lythrum,Lythrum
Agrimonia eupatoria-type,Plantae,Tracheophyta,Magnoliopsida,Rosales,Rosaceae,Agrimonia,Agrimonia,Agrimonia
Aphanes arvensis-type,Plantae,Tracheophyta,Magnoliopsida,Rosales,Rosaceae,Aphanes,Aphanes,Aphanes
Ballota group,Plantae,Tracheophyta,Magnoliopsida,Lamiales,Lamiaceae,Ballota,Ballota,Ballota
Descurainia sophia-type,Plantae,Tracheophyta,Magnoliopsida,Brassicales,Brassicaceae,Descurainia,Descurainia,Descurainia
Eupatorium cannabinum-type,Plantae,Tracheophyta,Magnoliopsida,Asterales,Asteraceae,Eupatorium,Eupatorium,Eupatorium
Geranium pratense-type,Plantae,Tracheophyta,Magnoliopsida,Geraniales,Geraniaceae,Geranium,Geranium,Geranium
Impatiens noli-tangere,Plantae,Tracheophyta,Magnoliopsida,Ericales,Balsaminaceae,Impatiens,Impatiens noli-tangere,Impatiens noli-tangere
Liriodendron tulipifera,Plantae,Tracheophyta,Magnoliopsida,Magnoliales,Magnoliaceae,Liriodendron,Liriodendron tulipifera,Liriodendron tulipifera
Lonicera periclymenum-type,Plantae,Tracheophyta,Magnoliopsida,Dipsacales,Caprifoliaceae,Lonicera,Lonicera,Lonicera
Mercurialis undiff.,Plantae,Tracheophyta,Magnoliopsida,Malpighiales,Euphorbiaceae,Mercurialis,Mercurialis,Mercurialis
Narcissus poeticus-type,Plantae,Tracheophyta,Liliopsida,Asparagales,Amaryllidaceae,Narcissus,Narcissus,Narcissus
Sagina nodosa group,Plantae,Tracheophyta,Magnoliopsida,Caryophyllales,Caryophyllaceae,Sagina,Sagina nodosa,Sagina nodosa
Silene viscaria,Plantae,Tracheophyta,Magnoliopsida,Caryophyllales,Caryophyllaceae,Viscaria,Viscaria vulgaris,Viscaria vulgaris
Silene viscaria,Plantae,Tracheophyta,Magnoliopsida,Caryophyllales,Caryophyllaceae,Viscaria,Viscaria vulgaris,Viscaria vulgaris
Silene viscaria,Plantae,Tracheophyta,Magnoliopsida,Caryophyllales,Caryophyllaceae,Viscaria,Viscaria vulgaris,Viscaria vulgaris
Silene viscaria,Plantae,Tracheophyta,Magnoliopsida,Caryophyllales,Caryophyllaceae,Viscaria,Viscaria vulgaris,Viscaria vulgaris
Silene viscaria,Plantae,Tracheophyta,Magnoliopsida,Caryophyllales,Caryophyllaceae,Viscaria,Viscaria vulgaris,Viscaria vulgaris
Silene viscaria,Plantae,Tracheophyta,Magnoliopsida,Caryophyllales,Caryophyllaceae,Viscaria,Viscaria vulgaris,Viscaria vulgaris
Silene viscaria,Plantae,Tracheophyta,Magnoliopsida,Caryophyllales,Caryophyllaceae,Viscaria,Viscaria vulgaris,Viscaria vulgaris
Silene viscaria,Plantae,Tracheophyta,Magnoliopsida,Caryophyllales,Caryophyllaceae,Viscaria,Viscaria vulgaris,Viscaria vulgaris
Silene viscaria,Plantae,Tracheophyta,Magnoliopsida,Caryophyllales,Caryophyllaceae,Viscaria,Viscaria vulgaris,Viscaria vulgaris
Mercurialis annua-type,Plantae,Tracheophyta,Magnoliopsida,Malpighiales,Euphorbiaceae,Mercurialis,Mercurialis,Mercurialis
Alchemilla cf. A. glabra,Plantae,Tracheophyta,Magnoliopsida,Rosales,Rosaceae,Alchemilla,Alchemilla,Alchemilla
Gentiana nivalis-type,Plantae,Tracheophyta,Magnoliopsida,Gentianales,Gentianaceae,Gentiana,Gentiana,Gentiana
Helianthemum cf. H. canum,Plantae,Tracheophyta,Magnoliopsida,Malvales,Cistaceae,Helianthemum,Helianthemum,Helianthemum
Oxyria digyna-type,Plantae,Tracheophyta,Magnoliopsida,Caryophyllales,Polygonaceae,Oxyria,Oxyria,Oxyria
Penthorum sedoides,Plantae,Tracheophyta,Magnoliopsida,Saxifragales,Penthoraceae,Penthorum,Penthorum sedoides,Penthorum sedoides
Vicia cf. V. cracca,Plantae,Tracheophyta,Magnoliopsida,Fabales,Fabaceae,Vicia,Vicia,Vicia
Betula sect. Apterocaryon,Plantae,Tracheophyta,Magnoliopsida,Fagales,Betulaceae,Betula,Betula,Betula
Betula sect. Betula,Plantae,Tracheophyta,Magnoliopsida,Fagales,Betulaceae,Betula,Betula,Betula
Bromus,Plantae,Tracheophyta,Liliopsida,Poales,Poaceae,Bromus,Bromus,Bromus
Plantago maritima/P. alpina,Plantae,Tracheophyta,Magnoliopsida,Lamiales,Plantaginaceae,Plantago,Plantago,Plantago
Polemonium boreale,Plantae,Tracheophyta,Magnoliopsida,Ericales,Polemoniaceae,Polemonium,Polemonium boreale,Polemonium boreale
Loranthaceae,Plantae,Tracheophyta,Magnoliopsida,Santalales,Loranthaceae,Loranthaceae,Loranthaceae,Loranthaceae
Quercus suber,Plantae,Tracheophyta,Magnoliopsida,Fagales,Fagaceae,Quercus,Quercus suber,Quercus suber
Bupleurum ranunculoides,Plantae,Tracheophyta,Magnoliopsida,Apiales,Apiaceae,Bupleurum,Bupleurum ranunculoides,Bupleurum ranunculoides
Pulmonaria officinalis,Plantae,Tracheophyta,Magnoliopsida,Boraginales,Boraginaceae,Pulmonaria,Pulmonaria officinalis,Pulmonaria officinalis
Thymus,Plantae,Tracheophyta,Magnoliopsida,Lamiales,Lamiaceae,Thymus,Thymus,Thymus
Cannabaceae sensu stricto,Plantae,Tracheophyta,Magnoliopsida,Rosales,Cannabaceae,Cannabaceae,Cannabaceae,Cannabaceae
Persicaria cf. P. maculosa,Plantae,Tracheophyta,Magnoliopsida,Caryophyllales,Polygonaceae,Persicaria,Persicaria,Persicaria
Elymus,Plantae,Tracheophyta,Liliopsida,Poales,Poaceae,Elymus,Elymus,Elymus
Centaurea depressa-type,Plantae,Tracheophyta,Magnoliopsida,Asterales,Asteraceae,Centaurea,Centaurea,Centaurea
Artemisia campestris-type,Plantae,Tracheophyta,Magnoliopsida,Asterales,Asteraceae,Artemisia,Artemisia,Artemisia
Artemisia undiff.,Plantae,Tracheophyta,Magnoliopsida,Asterales,Asteraceae,Artemisia,Artemisia,Artemisia
Droseraceae,Plantae,Tracheophyta,Magnoliopsida,Caryophyllales,Droseraceae,Droseraceae,Droseraceae,Droseraceae
Rubus idaeus-type,Plantae,Tracheophyta,Magnoliopsida,Rosales,Rosaceae,Rubus,Rubus,Rubus
Polemoniaceae,Plantae,Tracheophyta,Magnoliopsida,Ericales,Polemoniaceae,Polemoniaceae,Polemoniaceae,Polemoniaceae
Hypericum calycinum-type,Plantae,Tracheophyta,Magnoliopsida,Malpighiales,Hypericaceae,Hypericum,Hypericum,Hypericum
Sedum acre,Plantae,Tracheophyta,Magnoliopsida,Saxifragales,Crassulaceae,Sedum,Sedum acre,Sedum acre
Rosaceae (trees) undiff.,Plantae,Tracheophyta,Magnoliopsida,Rosales,Rosaceae,Rosaceae,Rosaceae,Rosaceae
Viburnum cf. V. opulus,Plantae,Tracheophyta,Magnoliopsida,Dipsacales,Viburnaceae,Viburnum,Viburnum,Viburnum
Fallopia cf. F. convolvulus,Plantae,Tracheophyta,Magnoliopsida,Caryophyllales,Polygonaceae,Fallopia,Fallopia,Fallopia
Micranthes nivalis/M. tenuis,Plantae,Tracheophyta,Magnoliopsida,Saxifragales,Saxifragaceae,Micranthes,Micranthes,Micranthes
Rubus cf. R. saxatilis,Plantae,Tracheophyta,Magnoliopsida,Rosales,Rosaceae,Rubus,Rubus,Rubus
Quercus (evergreen),Plantae,Tracheophyta,Magnoliopsida,Fagales,Fagaceae,Quercus,Quercus,Quercus
Polygonum aviculare/Bistorta officinalis,Plantae,Tracheophyta,Magnoliopsida,Caryophyllales,Polygonaceae,Polygonum,Polygonum,Polygonum
Pistacia terebinthus,Plantae,Tracheophyta,Magnoliopsida,Sapindales,Anacardiaceae,Pistacia,Pistacia terebinthus,Pistacia terebinthus
Corrigiola litoralis-type,Plantae,Tracheophyta,Magnoliopsida,Caryophyllales,Caryophyllaceae,Corrigiola,Corrigiola,Corrigiola
Echium vulgare-type,Plantae,Tracheophyta,Magnoliopsida,Boraginales,Boraginaceae,Echium,Echium,Echium
Geranium molle-type,Plantae,Tracheophyta,Magnoliopsida,Geraniales,Geraniaceae,Geranium,Geranium,Geranium
Hypecoum,Plantae,Tracheophyta,Magnoliopsida,Ranunculales,Papaveraceae,Hypecoum,Hypecoum,Hypecoum
Illecebrum verticillatum-type,Plantae,Tracheophyta,Magnoliopsida,Caryophyllales,Caryophyllaceae,Illecebrum,Illecebrum,Illecebrum
Montia fontana-type,Plantae,Tracheophyta,Magnoliopsida,Caryophyllales,Montiaceae,Montia,Montia,Montia
Trollius europaeus-type,Plantae,Tracheophyta,Magnoliopsida,Ranunculales,Ranunculaceae,Trollius,Trollius,Trollius
Aconitum napellus-type,Plantae,Tracheophyta,Magnoliopsida,Ranunculales,Ranunculaceae,Aconitum,Aconitum,Aconitum
Adonis aestivalis-type,Plantae,Tracheophyta,Magnoliopsida,Ranunculales,Ranunculaceae,Adonis,Adonis,Adonis
Arenaria serpyllifolia-type,Plantae,Tracheophyta,Magnoliopsida,Caryophyllales,Caryophyllaceae,Arenaria,Arenaria,Arenaria
Blackstonia perfoliata-type,Plantae,Tracheophyta,Magnoliopsida,Gentianales,Gentianaceae,Blackstonia,Blackstonia,Blackstonia
Circaea lutetiana-type,Plantae,Tracheophyta,Magnoliopsida,Myrtales,Onagraceae,Circaea,Circaea,Circaea
Corrigiola telephiifolia-type,Plantae,Tracheophyta,Magnoliopsida,Caryophyllales,Caryophyllaceae,Corrigiola,Corrigiola,Corrigiola
Daucus carota-type,Plantae,Tracheophyta,Magnoliopsida,Apiales,Apiaceae,Daucus,Daucus,Daucus
Dipsacus fullonum-type,Plantae,Tracheophyta,Magnoliopsida,Dipsacales,Caprifoliaceae,Dipsacus,Dipsacus,Dipsacus
Erodium cicutarium-type,Plantae,Tracheophyta,Magnoliopsida,Geraniales,Geraniaceae,Erodium,Erodium,Erodium
Filipendula vulgaris-type,Plantae,Tracheophyta,Magnoliopsida,Rosales,Rosaceae,Filipendula,Filipendula,Filipendula
Hedera helix-type,Plantae,Tracheophyta,Magnoliopsida,Apiales,Araliaceae,Hedera,Hedera,Hedera
Humulus lupulus-type,Plantae,Tracheophyta,Magnoliopsida,Rosales,Cannabaceae,Humulus,Humulus,Humulus
Ligustrum vulgare-type,Plantae,Tracheophyta,Magnoliopsida,Lamiales,Oleaceae,Ligustrum,Ligustrum,Ligustrum
Limonium humile-type,Plantae,Tracheophyta,Magnoliopsida,Caryophyllales,Plumbaginaceae,Limonium,Limonium,Limonium
Moehringia trinervia-type,Plantae,Tracheophyta,Magnoliopsida,Caryophyllales,Caryophyllaceae,Moehringia,Moehringia,Moehringia
Phillyrea angustifolia-type,Plantae,Tracheophyta,Magnoliopsida,Lamiales,Oleaceae,Phillyrea,Phillyrea,Phillyrea
Pinguicula vulgaris-type,Plantae,Tracheophyta,Magnoliopsida,Lamiales,Lentibulariaceae,Pinguicula,Pinguicula,Pinguicula
Sagina procumbens-type,Plantae,Tracheophyta,Magnoliopsida,Caryophyllales,Caryophyllaceae,Sagina,Sagina,Sagina
Viburnum lantana-type,Plantae,Tracheophyta,Magnoliopsida,Dipsacales,Viburnaceae,Viburnum,Viburnum,Viburnum
Crocus vernus,Plantae,Tracheophyta,Liliopsida,Asparagales,Iridaceae,Crocus,Crocus vernus,Crocus vernus
Heliotropium,Plantae,Tracheophyta,Magnoliopsida,Boraginales,Heliotropiaceae,Heliotropium,Heliotropium,Heliotropium
Smyrnium,Plantae,Tracheophyta,Magnoliopsida,Apiales,Apiaceae,Smyrnium,Smyrnium,Smyrnium
Ranunculus glacialis-type,Plantae,Tracheophyta,Magnoliopsida,Ranunculales,Ranunculaceae,Ranunculus,Ranunculus,Ranunculus
Silene cf. S. acaulis,Plantae,Tracheophyta,Magnoliopsida,Caryophyllales,Caryophyllaceae,Silene,Silene,Silene
Aconitum lycoctonum subsp. septentrionale,Plantae,Tracheophyta,Magnoliopsida,Ranunculales,Ranunculaceae,Aconitum,Aconitum septentrionale,Aconitum lycoctonum septentrionale
Polygonum oxyspermum-type,Plantae,Tracheophyta,Magnoliopsida,Caryophyllales,Polygonaceae,Polygonum,Polygonum,Polygonum
Secale (primitive),Plantae,Tracheophyta,Liliopsida,Poales,Poaceae,Secale,Secale,Secale
Triticum spelta-type,Plantae,Tracheophyta,Liliopsida,Poales,Poaceae,Triticum,Triticum,Triticum
Poaceae (>40 µm),Plantae,Tracheophyta,Liliopsida,Poales,Poaceae,Poaceae,Poaceae,Poaceae
Crassula,Plantae,Tracheophyta,Magnoliopsida,Saxifragales,Crassulaceae,Crassula,Crassula,Crassula
Gentiana punctata,Plantae,Tracheophyta,Magnoliopsida,Gentianales,Gentianaceae,Gentiana,Gentiana punctata,Gentiana punctata
Geum rivale,Plantae,Tracheophyta,Magnoliopsida,Rosales,Rosaceae,Geum,Geum rivale,Geum rivale
Ericaceae cf. Cassiope,Plantae,Tracheophyta,Magnoliopsida,Ericales,Ericaceae,Ericaceae,Ericaceae,Ericaceae
Artemisia norvegica-type,Plantae,Tracheophyta,Magnoliopsida,Asterales,Asteraceae,Artemisia,Artemisia,Artemisia
Poaceae (annulus 8-10 µm),Plantae,Tracheophyta,Liliopsida,Poales,Poaceae,Poaceae,Poaceae,Poaceae
Saxifraga cernua/S. rivularis,Plantae,Tracheophyta,Magnoliopsida,Saxifragales,Saxifragaceae,Saxifraga,Saxifraga,Saxifraga
Cornus undiff.,Plantae,Tracheophyta,Magnoliopsida,Cornales,Cornaceae,Cornus,Cornus,Cornus
Corydalis cava-type,Plantae,Tracheophyta,Magnoliopsida,Ranunculales,Papaveraceae,Corydalis,Corydalis,Corydalis
Lavandula,Plantae,Tracheophyta,Magnoliopsida,Lamiales,Lamiaceae,Lavandula,Lavandula,Lavandula
Blackstonia,Plantae,Tracheophyta,Magnoliopsida,Gentianales,Gentianaceae,Blackstonia,Blackstonia,Blackstonia
Erica ciliaris,Plantae,Tracheophyta,Magnoliopsida,Ericales,Ericaceae,Erica,Erica ciliaris,Erica ciliaris
Cardamine,Plantae,Tracheophyta,Magnoliopsida,Brassicales,Brassicaceae,Cardamine,Cardamine,Cardamine
Chamaerops,Plantae,Tracheophyta,Liliopsida,Arecales,Arecaceae,Chamaerops,Chamaerops,Chamaerops
Ephedra cf. E. fragilis,Plantae,Tracheophyta,Gnetopsida,Ephedrales,Ephedraceae,Ephedra,Ephedra,Ephedra
Ephedra undiff.,Plantae,Tracheophyta,Gnetopsida,Ephedrales,Ephedraceae,Ephedra,Ephedra,Ephedra
Falcaria,Plantae,Tracheophyta,Magnoliopsida,Apiales,Apiaceae,Falcaria,Falcaria,Falcaria
Pinus halepensis,Plantae,Tracheophyta,Pinopsida,Pinales,Pinaceae,Pinus,Pinus halepensis,Pinus halepensis
Radiola,Plantae,Tracheophyta,Magnoliopsida,Malpighiales,Linaceae,Radiola,Radiola,Radiola
Smilax,Plantae,Tracheophyta,Liliopsida,Liliales,Smilacaceae,Smilax,Smilax,Smilax
Thymelaea,Plantae,Tracheophyta,Magnoliopsida,Malvales,Thymelaeaceae,Thymelaea,Thymelaea,Thymelaea
Ziziphus,Plantae,Tracheophyta,Magnoliopsida,Rosales,Rhamnaceae,Ziziphus,Ziziphus,Ziziphus
Ceratonia siliqua,Plantae,Tracheophyta,Magnoliopsida,Fabales,Fabaceae,Ceratonia,Ceratonia siliqua,Ceratonia siliqua
Corrigiola litoralis,Plantae,Tracheophyta,Magnoliopsida,Caryophyllales,Caryophyllaceae,Corrigiola,Corrigiola litoralis,Corrigiola litoralis
Cyclamen purpurascens,Plantae,Tracheophyta,Magnoliopsida,Ericales,Primulaceae,Cyclamen,Cyclamen purpurascens,Cyclamen purpurascens
Adenostyles alliariae,Plantae,Tracheophyta,Magnoliopsida,Asterales,Asteraceae,Adenostyles,Adenostyles alliariae,Adenostyles alliariae
Anemone nemorosa group,Plantae,Tracheophyta,Magnoliopsida,Ranunculales,Ranunculaceae,Anemone,Anemone nemorosa,Anemone nemorosa
Anthemis arvensis-type,Plantae,Tracheophyta,Magnoliopsida,Asterales,Asteraceae,Anthemis,Anthemis,Anthemis
Gypsophila repens,Plantae,Tracheophyta,Magnoliopsida,Caryophyllales,Caryophyllaceae,Gypsophila,Gypsophila repens,Gypsophila repens
Petasites hybridus-type,Plantae,Tracheophyta,Magnoliopsida,Asterales,Asteraceae,Petasites,Petasites,Petasites
Primula clusiana-type,Plantae,Tracheophyta,Magnoliopsida,Ericales,Primulaceae,Primula,Primula,Primula
Ranunculus acris/R. flammula/R. sceleratus group,Plantae,Tracheophyta,Magnoliopsida,Ranunculales,Ranunculaceae,Ranunculus,Ranunculus,Ranunculus
Sorbus group,Plantae,Tracheophyta,Magnoliopsida,Rosales,Rosaceae,Sorbus,Sorbus,Sorbus
Androsace elongata-type,Plantae,Tracheophyta,Magnoliopsida,Ericales,Primulaceae,Androsace,Androsace,Androsace
Ribes uva-crispa,Plantae,Tracheophyta,Magnoliopsida,Saxifragales,Grossulariaceae,Ribes,Ribes uva-crispa,Ribes uva-crispa
Tripolium pannonicum subsp. tripolium-type,Plantae,Tracheophyta,Magnoliopsida,Asterales,Asteraceae,Tripolium,Tripolium pannonicum,Tripolium pannonicum
Triticum undiff.,Plantae,Tracheophyta,Liliopsida,Poales,Poaceae,Triticum,Triticum,Triticum
Orthilia secunda,Plantae,Tracheophyta,Magnoliopsida,Ericales,Ericaceae,Orthilia,Orthilia secunda,Orthilia secunda
Taraxacum officinale,Plantae,Tracheophyta,Magnoliopsida,Asterales,Asteraceae,Taraxacum,Taraxacum officinale,Taraxacum officinale
"Caryophyllaceae (periporate, excluding Paronychioideae)",Plantae,Tracheophyta,Magnoliopsida,Caryophyllales,Caryophyllaceae,Caryophyllaceae,Caryophyllaceae,Caryophyllaceae
Juniperus communis-type,Plantae,Tracheophyta,Pinopsida,Pinales,Cupressaceae,Juniperus,Juniperus,Juniperus
Cannabis sativa-type,Plantae,Tracheophyta,Magnoliopsida,Rosales,Cannabaceae,Cannabis,Cannabis,Cannabis
"Poaceae (Cerealia, 37-40 µm)",Plantae,Tracheophyta,Liliopsida,Poales,Poaceae,Poaceae,Poaceae,Poaceae
"Poaceae (Cerealia, 40-50 µm)",Plantae,Tracheophyta,Liliopsida,Poales,Poaceae,Poaceae,Poaceae,Poaceae
"Poaceae (Cerealia, >50 µm)",Plantae,Tracheophyta,Liliopsida,Poales,Poaceae,Poaceae,Poaceae,Poaceae
Vicia faba,Plantae,Tracheophyta,Magnoliopsida,Fabales,Fabaceae,Vicia,Vicia faba,Vicia faba
Festuca,Plantae,Tracheophyta,Liliopsida,Poales,Poaceae,Festuca,Festuca,Festuca
Rosaceae (herbs) undiff.,Plantae,Tracheophyta,Magnoliopsida,Rosales,Rosaceae,Rosaceae,Rosaceae,Rosaceae
Quercus faginea-type,Plantae,Tracheophyta,Magnoliopsida,Fagales,Fagaceae,Quercus,Quercus,Quercus
Scilla,Plantae,Tracheophyta,Liliopsida,Asparagales,Asparagaceae,Scilla,Scilla,Scilla
Filago,Plantae,Tracheophyta,Magnoliopsida,Asterales,Asteraceae,Filago,Filago,Filago
Ricinus communis,Plantae,Tracheophyta,Magnoliopsida,Malpighiales,Euphorbiaceae,Ricinus,Ricinus communis,Ricinus communis
Spartium junceum,Plantae,Tracheophyta,Magnoliopsida,Fabales,Fabaceae,Spartium,Spartium junceum,Spartium junceum
Moraceae,Plantae,Tracheophyta,Magnoliopsida,Rosales,Moraceae,Moraceae,Moraceae,Moraceae
Berberis,Plantae,Tracheophyta,Magnoliopsida,Ranunculales,Berberidaceae,Berberis,Berberis,Berberis
Plantago cf. P. lanceolata,Plantae,Tracheophyta,Magnoliopsida,Lamiales,Plantaginaceae,Plantago,Plantago,Plantago
Rubus chamaemorus-type,Plantae,Tracheophyta,Magnoliopsida,Rosales,Rosaceae,Rubus,Rubus,Rubus
Cistus undiff.,Plantae,Tracheophyta,Magnoliopsida,Malvales,Cistaceae,Cistus,Cistus,Cistus
Quercus ilex/Q. coccifera-type,Plantae,Tracheophyta,Magnoliopsida,Fagales,Fagaceae,Quercus,Quercus,Quercus
Rubiaceae cf. Galium,Plantae,Tracheophyta,Magnoliopsida,Gentianales,Rubiaceae,Rubiaceae,Rubiaceae,Rubiaceae
Valeriana undiff.,Plantae,Tracheophyta,Magnoliopsida,Dipsacales,Caprifoliaceae,Valeriana,Rubiaceae,Rubiaceae
Vitex agnus-castus,Plantae,Tracheophyta,Magnoliopsida,Lamiales,Lamiaceae,Vitex,Vitex agnus-castus,Vitex agnus-castus
Ephedra major-type,Plantae,Tracheophyta,Gnetopsida,Ephedrales,Ephedraceae,Ephedra,Ephedra,Ephedra
Hedysarum,Plantae,Tracheophyta,Magnoliopsida,Fabales,Fabaceae,Hedysarum,Hedysarum,Hedysarum
Roemeria,Plantae,Tracheophyta,Magnoliopsida,Ranunculales,Papaveraceae,Roemeria,Roemeria,Roemeria
Ruta,Plantae,Tracheophyta,Magnoliopsida,Sapindales,Rutaceae,Ruta,Ruta,Ruta
Crocus,Plantae,Tracheophyta,Liliopsida,Asparagales,Iridaceae,Crocus,Crocus,Crocus
Nerium,Plantae,Tracheophyta,Magnoliopsida,Gentianales,Apocynaceae,Nerium,Nerium,Nerium
Ephedra major subsp. major,Plantae,Tracheophyta,Gnetopsida,Ephedrales,Ephedraceae,Ephedra,Ephedra foeminea,Ephedra major major
Pinus nigra-type,Plantae,Tracheophyta,Pinopsida,Pinales,Pinaceae,Pinus,Pinus,Pinus
Lygeum,Plantae,Tracheophyta,Liliopsida,Poales,Poaceae,Lygeum,Lygeum,Lygeum
Myrtaceae,Plantae,Tracheophyta,Magnoliopsida,Myrtales,Myrtaceae,NA,NA,NA
Arum,Plantae,Tracheophyta,Liliopsida,Alismatales,Araceae,Arum,Arum,Arum
Cotoneaster,Plantae,Tracheophyta,Magnoliopsida,Rosales,Rosaceae,Cotoneaster,Cotoneaster,Cotoneaster
Ficaria,Plantae,Tracheophyta,Magnoliopsida,Ranunculales,Ranunculaceae,Ficaria,Ficaria,Ficaria
Hyoscyamus,Plantae,Tracheophyta,Magnoliopsida,Solanales,Solanaceae,Hyoscyamus,Hyoscyamus,Hyoscyamus
Lotus undiff.,Plantae,Tracheophyta,Magnoliopsida,Fabales,Fabaceae,Lotus,Lotus,Lotus
Malvaceae undiff.,Plantae,Tracheophyta,Magnoliopsida,Malvales,Malvaceae,Malvaceae,Malvaceae,Malvaceae
Phacelia,Plantae,Tracheophyta,Magnoliopsida,Boraginales,Hydrophyllaceae,Phacelia,Phacelia,Phacelia
Poaceae (>37 µm),Plantae,Tracheophyta,Liliopsida,Poales,Poaceae,Poaceae,Poaceae,Poaceae
Primula elatior-type,Plantae,Tracheophyta,Magnoliopsida,Ericales,Primulaceae,Primula,Primula,Primula
Scrophularia nodosa-type,Plantae,Tracheophyta,Magnoliopsida,Lamiales,Scrophulariaceae,Scrophularia,Scrophularia,Scrophularia
Viola odorata-type,Plantae,Tracheophyta,Magnoliopsida,Malpighiales,Violaceae,Viola,Viola,Viola
Eranthis hyemalis,Plantae,Tracheophyta,Magnoliopsida,Ranunculales,Ranunculaceae,Eranthis,Eranthis hyemalis,Eranthis hyemalis
Alchemilla pentaphyllea,Plantae,Tracheophyta,Magnoliopsida,Rosales,Rosaceae,Alchemilla,Alchemilla pentaphyllea,Alchemilla pentaphyllea
Hypericum elodes-type,Plantae,Tracheophyta,Magnoliopsida,Malpighiales,Hypericaceae,Hypericum,Hypericum,Hypericum
Lupinus,Plantae,Tracheophyta,Magnoliopsida,Fabales,Fabaceae,Lupinus,Lupinus,Lupinus
Ailanthus altissima,Plantae,Tracheophyta,Magnoliopsida,Sapindales,Simaroubaceae,Ailanthus,Ailanthus altissima,Ailanthus altissima
Angelica archangelica,Plantae,Tracheophyta,Magnoliopsida,Apiales,Apiaceae,Angelica,Angelica archangelica,Angelica archangelica
Anthericum liliago,Plantae,Tracheophyta,Liliopsida,Asparagales,Asparagaceae,Anthericum,Anthericum liliago,Anthericum liliago
Anthriscus cerefolium,Plantae,Tracheophyta,Magnoliopsida,Apiales,Apiaceae,Anthriscus,Anthriscus cerefolium,Anthriscus cerefolium
Arctium lappa-type,Plantae,Tracheophyta,Magnoliopsida,Asterales,Asteraceae,Arctium,Arctium,Arctium
Campanula rapunculoides,Plantae,Tracheophyta,Magnoliopsida,Asterales,Campanulaceae,Campanula,Campanula rapunculoides,Campanula rapunculoides
Cicer arietinum,Plantae,Tracheophyta,Magnoliopsida,Fabales,Fabaceae,Cicer,Cicer arietinum,Cicer arietinum
Colchicum autumnale,Plantae,Tracheophyta,Liliopsida,Liliales,Colchicaceae,Colchicum,Colchicum autumnale,Colchicum autumnale
Geranium molle group,Plantae,Tracheophyta,Magnoliopsida,Geraniales,Geraniaceae,Geranium,Geranium molle,Geranium molle
Geranium pratense group,Plantae,Tracheophyta,Magnoliopsida,Geraniales,Geraniaceae,Geranium,Geranium pratense,Geranium pratense
Hyoscyamus niger,Plantae,Tracheophyta,Magnoliopsida,Solanales,Solanaceae,Hyoscyamus,Hyoscyamus niger,Hyoscyamus niger
Larix decidua-type,Plantae,Tracheophyta,Pinopsida,Pinales,Pinaceae,Larix,Larix,Larix
Magnoliaceae,Plantae,Tracheophyta,Magnoliopsida,Magnoliales,Magnoliaceae,Magnoliaceae,Magnoliaceae,Magnoliaceae
Medicago lupulina-type,Plantae,Tracheophyta,Magnoliopsida,Fabales,Fabaceae,Medicago,Medicago,Medicago
Medicago sativa-type,Plantae,Tracheophyta,Magnoliopsida,Fabales,Fabaceae,Medicago,Medicago,Medicago
Polygala comosa-type,Plantae,Tracheophyta,Magnoliopsida,Fabales,Polygalaceae,Polygala,Polygala,Polygala
Polygonatum odoratum-type,Plantae,Tracheophyta,Liliopsida,Asparagales,Asparagaceae,Polygonatum,Polygonatum,Polygonatum
Rubus undiff.,Plantae,Tracheophyta,Magnoliopsida,Rosales,Rosaceae,Rubus,Rubus,Rubus
Salvia pratensis-type,Plantae,Tracheophyta,Magnoliopsida,Lamiales,Lamiaceae,Salvia,Salvia,Salvia
Vicia hirsuta/V. tetrasperma,Plantae,Tracheophyta,Magnoliopsida,Fabales,Fabaceae,Vicia,Vicia,Vicia
Lysimachia nemorum-type,Plantae,Tracheophyta,Magnoliopsida,Ericales,Primulaceae,Lysimachia,Lysimachia,Lysimachia
Caprifoliaceae undiff.,Plantae,Tracheophyta,Magnoliopsida,Dipsacales,Caprifoliaceae,Caprifoliaceae,Caprifoliaceae,Caprifoliaceae
Asteraceae undiff. (type 2),Plantae,Tracheophyta,Magnoliopsida,Asterales,Asteraceae,Asteraceae,Asteraceae,Asteraceae
Pinguicula cf. P. vulgaris,Plantae,Tracheophyta,Magnoliopsida,Lamiales,Lentibulariaceae,Pinguicula,Pinguicula,Pinguicula
Scleranthus cf. S. perennis,Plantae,Tracheophyta,Magnoliopsida,Caryophyllales,Caryophyllaceae,Scleranthus,Scleranthus,Scleranthus
Bryonia,Plantae,Tracheophyta,Magnoliopsida,Cucurbitales,Cucurbitaceae,Bryonia,Bryonia,Bryonia
Asperula,Plantae,Tracheophyta,Magnoliopsida,Gentianales,Rubiaceae,Asperula,Asperula,Asperula
Centaurium erythraea,Plantae,Tracheophyta,Magnoliopsida,Gentianales,Gentianaceae,Centaurium,Centaurium erythraea,Centaurium erythraea
Fumaria officinalis,Plantae,Tracheophyta,Magnoliopsida,Ranunculales,Papaveraceae,Fumaria,Fumaria officinalis,Fumaria officinalis
Theligonum,Plantae,Tracheophyta,Magnoliopsida,Gentianales,Rubiaceae,Theligonum,Theligonum,Theligonum
Linaceae,Plantae,Tracheophyta,Magnoliopsida,Malpighiales,Linaceae,Linaceae,Linaceae,Linaceae
Taraxacum,Plantae,Tracheophyta,Magnoliopsida,Asterales,Asteraceae,Taraxacum,Taraxacum,Taraxacum
Alnus subg. Alnobetula,Plantae,Tracheophyta,Magnoliopsida,Fagales,Betulaceae,Alnus,Alnus,Alnus
Cupressus,Plantae,Tracheophyta,Pinopsida,Pinales,Cupressaceae,Cupressus,Cupressus,Cupressus
Carpinus betulus-type,Plantae,Tracheophyta,Magnoliopsida,Fagales,Betulaceae,Carpinus,Carpinus,Carpinus
Sagina apetala-type,Plantae,Tracheophyta,Magnoliopsida,Caryophyllales,Caryophyllaceae,Sagina,Sagina,Sagina
Aristolochia,Plantae,Tracheophyta,Magnoliopsida,Piperales,Aristolochiaceae,Aristolochia,Aristolochia,Aristolochia
Berberidaceae,Plantae,Tracheophyta,Magnoliopsida,Ranunculales,Berberidaceae,Berberidaceae,Berberidaceae,Berberidaceae
Orobanchaceae,Plantae,Tracheophyta,Magnoliopsida,Lamiales,Orobanchaceae,Orobanchaceae,Orobanchaceae,Orobanchaceae
Quercus faginea,Plantae,Tracheophyta,Magnoliopsida,Fagales,Fagaceae,Quercus,Quercus faginea,Quercus faginea
Anagallis arvensis-type,Plantae,Tracheophyta,Magnoliopsida,Ericales,Primulaceae,Lysimachia,Lysimachia,Lysimachia
Cichorium intybus-type,Plantae,Tracheophyta,Magnoliopsida,Asterales,Asteraceae,Cichorium,Cichorium,Cichorium
Poaceae (annulus 10-12 µm),Plantae,Tracheophyta,Liliopsida,Poales,Poaceae,Poaceae,Poaceae,Poaceae
Cornus suecica-type,Plantae,Tracheophyta,Magnoliopsida,Cornales,Cornaceae,Cornus,Cornus,Cornus
Malus sylvestris,Plantae,Tracheophyta,Magnoliopsida,Rosales,Rosaceae,Malus,Malus sylvestris,Malus sylvestris
Poterium sanguisorba subsp. sanguisorba,Plantae,Tracheophyta,Magnoliopsida,Rosales,Rosaceae,Poterium,Poterium sanguisorba,Poterium sanguisorba sanguisorba
Narcissus,Plantae,Tracheophyta,Liliopsida,Asparagales,Amaryllidaceae,Narcissus,Narcissus,Narcissus
Cistaceae undiff.,Plantae,Tracheophyta,Magnoliopsida,Malvales,Cistaceae,Cistaceae,Cistaceae,Cistaceae
Anagallis tenella-type,Plantae,Tracheophyta,Magnoliopsida,Ericales,Primulaceae,Lysimachia,Lysimachia,Lysimachia
Arnoseris,Plantae,Tracheophyta,Magnoliopsida,Asterales,Asteraceae,Arnoseris,Arnoseris,Arnoseris
Cicendia filiformis,Plantae,Tracheophyta,Magnoliopsida,Gentianales,Gentianaceae,Cicendia,Cicendia filiformis,Cicendia filiformis
Cistus monspeliensis-type,Plantae,Tracheophyta,Magnoliopsida,Malvales,Cistaceae,Cistus,Cistaceae,Cistus
Frankenia,Plantae,Tracheophyta,Magnoliopsida,Caryophyllales,Frankeniaceae,Frankenia,Frankeniaceae,Frankenia
Fumaria officinalis-type,Plantae,Tracheophyta,Magnoliopsida,Ranunculales,Papaveraceae,Fumaria,Papaveraceae,Fumaria
Gynandriris sisyrinchium,Plantae,Tracheophyta,Liliopsida,Asparagales,Iridaceae,Moraea,Moraea sisyrinchium,Moraea sisyrinchium
Halimium halimifolium-type,Plantae,Tracheophyta,Magnoliopsida,Malvales,Cistaceae,Halimium,Halimium,Halimium
Helianthemum croceum-type,Plantae,Tracheophyta,Magnoliopsida,Malvales,Cistaceae,Helianthemum,Helianthemum,Helianthemum
Tuberaria guttata,Plantae,Tracheophyta,Magnoliopsida,Malvales,Cistaceae,Tuberaria,Tuberaria guttata,Tuberaria guttata
Actaea spicata,Plantae,Tracheophyta,Magnoliopsida,Ranunculales,Ranunculaceae,Actaea,Actaea spicata,Actaea spicata
Aegopodium podagraria,Plantae,Tracheophyta,Magnoliopsida,Apiales,Apiaceae,Aegopodium,Aegopodium podagraria,Aegopodium podagraria
Alchemilla group,Plantae,Tracheophyta,Magnoliopsida,Rosales,Rosaceae,Alchemilla,Alchemilla,Alchemilla
Anemone pulsatilla-type,Plantae,Tracheophyta,Magnoliopsida,Ranunculales,Ranunculaceae,Anemone,Anemone,Anemone
Anethum graveolens,Plantae,Tracheophyta,Magnoliopsida,Apiales,Apiaceae,Anethum,Anethum graveolens,Anethum graveolens
Fragaria,Plantae,Tracheophyta,Magnoliopsida,Rosales,Rosaceae,Fragaria,Fragaria,Fragaria
Legousia,Plantae,Tracheophyta,Magnoliopsida,Asterales,Campanulaceae,Legousia,Legousia,Legousia
Leucojum,Plantae,Tracheophyta,Liliopsida,Asparagales,Amaryllidaceae,Leucojum,Leucojum,Leucojum
Platanus orientalis,Plantae,Tracheophyta,Magnoliopsida,Proteales,Platanaceae,Platanus,Platanus orientalis,Platanus orientalis
Robinia pseudoacacia,Plantae,Tracheophyta,Magnoliopsida,Fabales,Fabaceae,Robinia,Robinia pseudoacacia,Robinia pseudoacacia
Vaccaria hispanica,Plantae,Tracheophyta,Magnoliopsida,Caryophyllales,Caryophyllaceae,Gypsophila,Gypsophila vaccaria,Gypsophila vaccaria
Viburnum opulus/V. tinus,Plantae,Tracheophyta,Magnoliopsida,Dipsacales,Viburnaceae,Viburnum,Viburnum,Viburnum
Anemone subg. Anemone,Plantae,Tracheophyta,Magnoliopsida,Ranunculales,Ranunculaceae,Anemone,Anemone,Anemone
Artemisia alba-type,Plantae,Tracheophyta,Magnoliopsida,Asterales,Asteraceae,Artemisia,Artemisia,Artemisia
Lathyrus linifolius-type,Plantae,Tracheophyta,Magnoliopsida,Fabales,Fabaceae,Lathyrus,Lathyrus,Lathyrus
Potentilla erecta,Plantae,Tracheophyta,Magnoliopsida,Rosales,Rosaceae,Potentilla,Potentilla erecta,Potentilla erecta
Centaurea jacea/C. nigra-type,Plantae,Tracheophyta,Magnoliopsida,Asterales,Asteraceae,Centaurea,Centaurea,Centaurea
Cephalanthus,Plantae,Tracheophyta,Magnoliopsida,Gentianales,Rubiaceae,Cephalanthus,Cephalanthus,Cephalanthus
Lamium amplexicaule-type,Plantae,Tracheophyta,Magnoliopsida,Lamiales,Lamiaceae,Lamium,Lamium,Lamium
Lamium purpureum var. hybridum-type,Plantae,Tracheophyta,Magnoliopsida,Lamiales,Lamiaceae,Lamium,Lamium purpureum,Lamium purpureum
Polygonum cognatum,Plantae,Tracheophyta,Magnoliopsida,Caryophyllales,Polygonaceae,Polygonum,Polygonum cognatum,Polygonum cognatum
Rumex conglomeratus,Plantae,Tracheophyta,Magnoliopsida,Caryophyllales,Polygonaceae,Rumex,Rumex conglomeratus,Rumex conglomeratus
Teucrium pyrenaicum-type,Plantae,Tracheophyta,Magnoliopsida,Lamiales,Lamiaceae,Teucrium,Teucrium,Teucrium
Urtica atrovirens,Plantae,Tracheophyta,Magnoliopsida,Rosales,Urticaceae,Urtica,Urtica atrovirens,Urtica atrovirens
Geranium columbinum-type,Plantae,Tracheophyta,Magnoliopsida,Geraniales,Geraniaceae,Geranium,Geranium,Geranium
Geranium pusillum-type,Plantae,Tracheophyta,Magnoliopsida,Geraniales,Geraniaceae,Geranium,Geranium,Geranium
Amaryllidaceae,Plantae,Tracheophyta,Liliopsida,Asparagales,Amaryllidaceae,Amaryllidaceae,Amaryllidaceae,Amaryllidaceae
Cercis,Plantae,Tracheophyta,Magnoliopsida,Fabales,Fabaceae,Cercis,Cercis,Cercis
Chenopodium sp.,Plantae,Tracheophyta,Magnoliopsida,Caryophyllales,Amaranthaceae,Chenopodium,Chenopodium,Chenopodium
Convolvulus undiff.,Plantae,Tracheophyta,Magnoliopsida,Solanales,Convolvulaceae,Convolvulus,Convolvulus,Convolvulus
Cupressaceae undiff.,Plantae,Tracheophyta,Pinopsida,Pinales,Cupressaceae,Cupressaceae,Cupressaceae,Cupressaceae
Cyclamen,Plantae,Tracheophyta,Magnoliopsida,Ericales,Primulaceae,Cyclamen,Cyclamen,Cyclamen
Dracunculus,Plantae,Tracheophyta,Liliopsida,Alismatales,Araceae,Dracunculus,Dracunculus,Dracunculus
Gentiana undiff.,Plantae,Tracheophyta,Magnoliopsida,Gentianales,Gentianaceae,Gentiana,Gentiana,Gentiana
Mesembryanthemum,Plantae,Tracheophyta,Magnoliopsida,Caryophyllales,Aizoaceae,Mesembryanthemum,Mesembryanthemum,Mesembryanthemum
Oenothera,Plantae,Tracheophyta,Magnoliopsida,Myrtales,Onagraceae,Oenothera,Oenothera,Oenothera
Paeonia,Plantae,Tracheophyta,Magnoliopsida,Saxifragales,Paeoniaceae,Paeonia,Paeonia,Paeonia
Plantaginaceae undiff.,Plantae,Tracheophyta,Magnoliopsida,Lamiales,Plantaginaceae,Plantaginaceae,Plantaginaceae,Plantaginaceae
Plantago lanceolata/P. lagopus,Plantae,Tracheophyta,Magnoliopsida,Lamiales,Plantaginaceae,Plantago,Plantago,Plantago
Prunus sp.,Plantae,Tracheophyta,Magnoliopsida,Rosales,Rosaceae,Prunus,Prunus,Prunus
Punica granatum,Plantae,Tracheophyta,Magnoliopsida,Myrtales,Lythraceae,Punica,Punica granatum,Punica granatum
Quercus ilex/Q. coccifera,Plantae,Tracheophyta,Magnoliopsida,Fagales,Fagaceae,Quercus,Quercus,Quercus
Rumex subg. Emex,Plantae,Tracheophyta,Magnoliopsida,Caryophyllales,Polygonaceae,Rumex,Rumex,Rumex
Sarcopoterium spinosum/Poterium sanguisorba,Plantae,Tracheophyta,Magnoliopsida,Rosales,Rosaceae,Sarcopoterium,Sarcopoterium,Sarcopoterium
Senecio sp.,Plantae,Tracheophyta,Magnoliopsida,Asterales,Asteraceae,Senecio,Senecio,Senecio
Styrax,Plantae,Tracheophyta,Magnoliopsida,Ericales,Styracaceae,Styrax,Styrax,Styrax
Urtica pilulifera-type,Plantae,Tracheophyta,Magnoliopsida,Rosales,Urticaceae,Urtica,Urtica,Urtica
Arnoseris minima,Plantae,Tracheophyta,Magnoliopsida,Asterales,Asteraceae,Arnoseris,Arnoseris minima,Arnoseris minima
Caryophyllaceae (porate),Plantae,Tracheophyta,Magnoliopsida,Caryophyllales,Caryophyllaceae,Caryophyllaceae,Caryophyllaceae,Caryophyllaceae
Conopodium majus,Plantae,Tracheophyta,Magnoliopsida,Apiales,Apiaceae,Conopodium,Conopodium majus,Conopodium majus
Artemisia sp.,Plantae,Tracheophyta,Magnoliopsida,Asterales,Asteraceae,Artemisia,Artemisia,Artemisia
Capsella,Plantae,Tracheophyta,Magnoliopsida,Brassicales,Brassicaceae,Capsella,Capsella,Capsella
Gentianella sp.,Plantae,Tracheophyta,Magnoliopsida,Gentianales,Gentianaceae,Gentianella,Gentianella,Gentianella
Ranunculus glacialis,Plantae,Tracheophyta,Magnoliopsida,Ranunculales,Ranunculaceae,Ranunculus,Ranunculus glacialis,Ranunculus glacialis
Balsaminaceae,Plantae,Tracheophyta,Magnoliopsida,Ericales,Balsaminaceae,Balsaminaceae,Balsaminaceae,Balsaminaceae
Sonchus,Plantae,Tracheophyta,Magnoliopsida,Asterales,Asteraceae,Sonchus,Sonchus,Sonchus
Primula scandinavica-type,Plantae,Tracheophyta,Magnoliopsida,Ericales,Primulaceae,Primula,Primula,Primula
Sorbus cf. S. aucuparia,Plantae,Tracheophyta,Magnoliopsida,Rosales,Rosaceae,Sorbus,Sorbus,Sorbus
Rumex sp.,Plantae,Tracheophyta,Magnoliopsida,Caryophyllales,Polygonaceae,Rumex,Rumex,Rumex
Avena sativa,Plantae,Tracheophyta,Liliopsida,Poales,Poaceae,Avena,Avena sativa,Avena sativa
Linum bienne-type,Plantae,Tracheophyta,Magnoliopsida,Malpighiales,Linaceae,Linum,Linum,Linum
Sorbus sp.,Plantae,Tracheophyta,Magnoliopsida,Rosales,Rosaceae,Sorbus,Sorbus,Sorbus
Thalictrum flavum,Plantae,Tracheophyta,Magnoliopsida,Ranunculales,Ranunculaceae,Thalictrum,Thalictrum flavum,Thalictrum flavum
Triticum aestivum,Plantae,Tracheophyta,Liliopsida,Poales,Poaceae,Triticum,Triticum aestivum,Triticum aestivum
Vaccinium sp.,Plantae,Tracheophyta,Magnoliopsida,Ericales,Ericaceae,Vaccinium,Vaccinium,Vaccinium
Plantago cf. P. major,Plantae,Tracheophyta,Magnoliopsida,Lamiales,Plantaginaceae,Plantago,Plantago,Plantago
Vaccinium uliginosum,Plantae,Tracheophyta,Magnoliopsida,Ericales,Ericaceae,Vaccinium,Vaccinium uliginosum,Vaccinium uliginosum
Vaccinium vitis-idaea,Plantae,Tracheophyta,Magnoliopsida,Ericales,Ericaceae,Vaccinium,Vaccinium vitis-idaea,Vaccinium vitis-idaea
Apiaceae cf. Pleurospermum,Plantae,Tracheophyta,Magnoliopsida,Apiales,Apiaceae,Apiaceae,Apiaceae,Apiaceae
Ericaceae cf. Vaccinium,Plantae,Tracheophyta,Magnoliopsida,Ericales,Ericaceae,Ericaceae,Ericaceae,Ericaceae
Rosaceae cf. Prunus,Plantae,Tracheophyta,Magnoliopsida,Rosales,Rosaceae,Rosaceae,Rosaceae,Rosaceae
Rosaceae cf. Sorbus,Plantae,Tracheophyta,Magnoliopsida,Rosales,Rosaceae,Rosaceae,Rosaceae,Rosaceae
Dipsacaceae undiff.,Plantae,Tracheophyta,Magnoliopsida,Dipsacales,Dipsacaceae,Dipsacaceae,Dipsacaceae,Dipsacaceae
Hordeum group,Plantae,Tracheophyta,Liliopsida,Poales,Poaceae,Hordeum,Hordeum,Hordeum
Atriplex sp.,Plantae,Tracheophyta,Magnoliopsida,Caryophyllales,Amaranthaceae,Atriplex,Atriplex,Atriplex
Centaurea sp.,Plantae,Tracheophyta,Magnoliopsida,Asterales,Asteraceae,Centaurea,Centaurea,Centaurea
Chrysosplenium alternifolium,Plantae,Tracheophyta,Magnoliopsida,Saxifragales,Saxifragaceae,Chrysosplenium,Chrysosplenium alternifolium,Chrysosplenium alternifolium
Helianthemum sp.,Plantae,Tracheophyta,Magnoliopsida,Malvales,Cistaceae,Helianthemum,Helianthemum,Helianthemum
Krascheninnikovia ceratoides,Plantae,Tracheophyta,Magnoliopsida,Caryophyllales,Amaranthaceae,Krascheninnikovia,Krascheninnikovia ceratoides,Krascheninnikovia ceratoides
Salsola sp.,Plantae,Tracheophyta,Magnoliopsida,Caryophyllales,Amaranthaceae,Salsola,Salsola,Salsola
Thalictrum sp.,Plantae,Tracheophyta,Magnoliopsida,Ranunculales,Ranunculaceae,Thalictrum,Thalictrum,Thalictrum
Medicago lupulina,Plantae,Tracheophyta,Magnoliopsida,Fabales,Fabaceae,Medicago,Medicago lupulina,Medicago lupulina
Pinus cembroides,Plantae,Tracheophyta,Pinopsida,Pinales,Pinaceae,Pinus,Pinus cembroides,Pinus cembroides
Dictamnus albus,Plantae,Tracheophyta,Magnoliopsida,Sapindales,Rutaceae,Dictamnus,Dictamnus albus,Dictamnus albus
Pinus (haplostellate),Plantae,Tracheophyta,Pinopsida,Pinales,Pinaceae,Pinus,Pinus,Pinus
Sanicula,Plantae,Tracheophyta,Magnoliopsida,Apiales,Apiaceae,Sanicula,Sanicula,Sanicula
Saponaria,Plantae,Tracheophyta,Magnoliopsida,Caryophyllales,Caryophyllaceae,Saponaria,Saponaria,Saponaria
Tussilago,Plantae,Tracheophyta,Magnoliopsida,Asterales,Asteraceae,Tussilago,Tussilago,Tussilago
Kalmia,Plantae,Tracheophyta,Magnoliopsida,Ericales,Ericaceae,Kalmia,Kalmia,Kalmia
Minuartia,Plantae,Tracheophyta,Magnoliopsida,Caryophyllales,Caryophyllaceae,Minuartia,Minuartia,Minuartia
Pinus strobus-type,Plantae,Tracheophyta,Pinopsida,Pinales,Pinaceae,Pinus,Pinus,Pinus
Pyrus,Plantae,Tracheophyta,Magnoliopsida,Rosales,Rosaceae,Pyrus,Pyrus,Pyrus
Kalmia procumbens,Plantae,Tracheophyta,Magnoliopsida,Ericales,Ericaceae,Kalmia,Kalmia procumbens,Kalmia procumbens
Fragaria vesca,Plantae,Tracheophyta,Magnoliopsida,Rosales,Rosaceae,Fragaria,Fragaria vesca,Fragaria vesca
Pinus mugo,Plantae,Tracheophyta,Pinopsida,Pinales,Pinaceae,Pinus,Pinus mugo,Pinus mugo
Pinus nigra,Plantae,Tracheophyta,Pinopsida,Pinales,Pinaceae,Pinus,Pinus nigra,Pinus nigra
Ajuga,Plantae,Tracheophyta,Magnoliopsida,Lamiales,Lamiaceae,Ajuga,Ajuga,Ajuga
Lotus sp.,Plantae,Tracheophyta,Magnoliopsida,Fabales,Fabaceae,Lotus,Lotus,Lotus
Melilotus,Plantae,Tracheophyta,Magnoliopsida,Fabales,Fabaceae,Melilotus,Melilotus,Melilotus
Sambucus racemosa-type,Plantae,Tracheophyta,Magnoliopsida,Dipsacales,Viburnaceae,Sambucus,Sambucus,Sambucus
Morus nigra,Plantae,Tracheophyta,Magnoliopsida,Rosales,Moraceae,Morus,Morus nigra,Morus nigra
Cyanus triumfettii,Plantae,Tracheophyta,Magnoliopsida,Asterales,Asteraceae,Centaurea,Centaurea triumfettii,Centaurea triumfettii
Pinus mugo/P. sylvestris,Plantae,Tracheophyta,Pinopsida,Pinales,Pinaceae,Pinus,Pinus,Pinus
Plantago maritima subsp. serpentina,Plantae,Tracheophyta,Magnoliopsida,Lamiales,Plantaginaceae,Plantago,Plantago strictissima,Plantago maritima serpentina
Plantago maritima subsp. serpentina,Plantae,Tracheophyta,Magnoliopsida,Lamiales,Plantaginaceae,Plantago,Plantago strictissima,Plantago maritima serpentina
Plantago maritima subsp. serpentina,Plantae,Tracheophyta,Magnoliopsida,Lamiales,Plantaginaceae,Plantago,Plantago maritima,Plantago maritima serpentina
Plantago maritima subsp. serpentina,Plantae,Tracheophyta,Magnoliopsida,Lamiales,Plantaginaceae,Plantago,Plantago maritima,Plantago maritima serpentina
Ranunculus fluitans-type,Plantae,Tracheophyta,Magnoliopsida,Ranunculales,Ranunculaceae,Ranunculus,Ranunculus,Ranunculus
Sesamoides,Plantae,Tracheophyta,Magnoliopsida,Brassicales,Resedaceae,Sesamoides,Sesamoides,Sesamoides
Solanum dulcamara/Sedum,Plantae,Tracheophyta,Magnoliopsida,Solanales,Solanaceae,Solanum,Solanum,Solanum
Thalictrum minus,Plantae,Tracheophyta,Magnoliopsida,Ranunculales,Ranunculaceae,Thalictrum,Thalictrum minus,Thalictrum minus
Aconitum group,Plantae,Tracheophyta,Magnoliopsida,Ranunculales,Ranunculaceae,Aconitum,Aconitum,Aconitum
Amaranthaceae undiff.,Plantae,Tracheophyta,Magnoliopsida,Caryophyllales,Amaranthaceae,Amaranthaceae,Amaranthaceae,Amaranthaceae
Anemone pulsatilla,Plantae,Tracheophyta,Magnoliopsida,Ranunculales,Ranunculaceae,Pulsatilla,Pulsatilla vulgaris,Pulsatilla vulgaris
Anemone pulsatilla,Plantae,Tracheophyta,Magnoliopsida,Ranunculales,Ranunculaceae,Pulsatilla,Pulsatilla vulgaris,Pulsatilla vulgaris
Anemone pulsatilla,Plantae,Tracheophyta,Magnoliopsida,Ranunculales,Ranunculaceae,Pulsatilla,Pulsatilla montana,Pulsatilla montana
Anemone pulsatilla,Plantae,Tracheophyta,Magnoliopsida,Ranunculales,Ranunculaceae,Pulsatilla,Pulsatilla montana,Pulsatilla montana
Anemone pulsatilla group,Plantae,Tracheophyta,Magnoliopsida,Ranunculales,Ranunculaceae,Pulsatilla,Pulsatilla vulgaris,Pulsatilla vulgaris
Anemone pulsatilla group,Plantae,Tracheophyta,Magnoliopsida,Ranunculales,Ranunculaceae,Pulsatilla,Pulsatilla vulgaris,Pulsatilla vulgaris
Anemone pulsatilla group,Plantae,Tracheophyta,Magnoliopsida,Ranunculales,Ranunculaceae,Pulsatilla,Pulsatilla montana,Pulsatilla montana
Anemone pulsatilla group,Plantae,Tracheophyta,Magnoliopsida,Ranunculales,Ranunculaceae,Pulsatilla,Pulsatilla montana,Pulsatilla montana
Consolida ambigua-type,Plantae,Tracheophyta,Magnoliopsida,Ranunculales,Ranunculaceae,Delphinium,Delphinium,Delphinium
Frangula alnus-type,Plantae,Tracheophyta,Magnoliopsida,Rosales,Rhamnaceae,Frangula,Frangula,Frangula
Fraxinus ornus-type,Plantae,Tracheophyta,Magnoliopsida,Lamiales,Oleaceae,Fraxinus,Fraxinus,Fraxinus
Gratiola,Plantae,Tracheophyta,Magnoliopsida,Lamiales,Plantaginaceae,Gratiola,Gratiola,Gratiola
Limonium vulgare (type A),Plantae,Tracheophyta,Magnoliopsida,Caryophyllales,Plumbaginaceae,Limonium,Limonium vulgare,Limonium vulgare
Ribes rubrum-type,Plantae,Tracheophyta,Magnoliopsida,Saxifragales,Grossulariaceae,Ribes,Ribes,Ribes
Sison amomum-type,Plantae,Tracheophyta,Magnoliopsida,Apiales,Apiaceae,Sison,Sison,Sison
Solanum dulcamara-type,Plantae,Tracheophyta,Magnoliopsida,Solanales,Solanaceae,Solanum,Solanum,Solanum
Empetrum nigrum-type,Plantae,Tracheophyta,Magnoliopsida,Ericales,Ericaceae,Empetrum,Empetrum,Empetrum
Prunella vulgaris-type,Plantae,Tracheophyta,Magnoliopsida,Lamiales,Lamiaceae,Prunella,Prunella,Prunella
Amaranthaceae (small),Plantae,Tracheophyta,Magnoliopsida,Caryophyllales,Amaranthaceae,Amaranthaceae,Amaranthaceae,Amaranthaceae
Apiaceae (apiculate),Plantae,Tracheophyta,Magnoliopsida,Apiales,Apiaceae,Apiaceae,Apiaceae,Apiaceae
Apiaceae (large),Plantae,Tracheophyta,Magnoliopsida,Apiales,Apiaceae,Apiaceae,Apiaceae,Apiaceae
Apiaceae (medium),Plantae,Tracheophyta,Magnoliopsida,Apiales,Apiaceae,Apiaceae,Apiaceae,Apiaceae
Apiaceae (small),Plantae,Tracheophyta,Magnoliopsida,Apiales,Apiaceae,Apiaceae,Apiaceae,Apiaceae
Caryophyllaceae (large),Plantae,Tracheophyta,Magnoliopsida,Caryophyllales,Caryophyllaceae,Caryophyllaceae,Caryophyllaceae,Caryophyllaceae
Caryophyllaceae (small),Plantae,Tracheophyta,Magnoliopsida,Caryophyllales,Caryophyllaceae,Caryophyllaceae,Caryophyllaceae,Caryophyllaceae
Pinus (large),Plantae,Tracheophyta,Pinopsida,Pinales,Pinaceae,Pinus,Pinus,Pinus
Pinus (small),Plantae,Tracheophyta,Pinopsida,Pinales,Pinaceae,Pinus,Pinus,Pinus
Poaceae (small),Plantae,Tracheophyta,Liliopsida,Poales,Poaceae,Poaceae,Poaceae,Poaceae
Quercus rotundifolia,Plantae,Tracheophyta,Magnoliopsida,Fagales,Fagaceae,Quercus,Quercus rotundifolia,Quercus rotundifolia
Sarcobatus,Plantae,Tracheophyta,Magnoliopsida,Caryophyllales,Sarcobataceae,Sarcobatus,Sarcobatus,Sarcobatus
Symphoricarpos,Plantae,Tracheophyta,Magnoliopsida,Dipsacales,Caprifoliaceae,Symphoricarpos,Symphoricarpos,Symphoricarpos
Lotus maritimus,Plantae,Tracheophyta,Magnoliopsida,Fabales,Fabaceae,Lotus,Lotus maritimus,Lotus maritimus
Trifolium pannonicum,Plantae,Tracheophyta,Magnoliopsida,Fabales,Fabaceae,Trifolium,Trifolium pannonicum,Trifolium pannonicum
"Poaceae (Cerealia-type, indeterminable)",Plantae,Tracheophyta,Liliopsida,Poales,Poaceae,Poaceae,Poaceae,Poaceae
Centaurea pro parte,Plantae,Tracheophyta,Magnoliopsida,Asterales,Asteraceae,Centaurea,Centaurea,Centaurea
Cistus pro parte,Plantae,Tracheophyta,Magnoliopsida,Malvales,Cistaceae,Cistus,Cistus,Cistus
Plantago altissima-type,Plantae,Tracheophyta,Magnoliopsida,Lamiales,Plantaginaceae,Plantago,Plantago,Plantago
Plantago argentea-type,Plantae,Tracheophyta,Magnoliopsida,Lamiales,Plantaginaceae,Plantago,Plantago,Plantago
Plantago carinata-type,Plantae,Tracheophyta,Magnoliopsida,Lamiales,Plantaginaceae,Plantago,Plantago,Plantago
Polycnemum,Plantae,Tracheophyta,Magnoliopsida,Caryophyllales,Amaranthaceae,Polycnemum,Polycnemum,Polycnemum
Quercus pro parte,Plantae,Tracheophyta,Magnoliopsida,Fagales,Fagaceae,Quercus,Quercus,Quercus
Alnus viridis subsp. suaveolens,Plantae,Tracheophyta,Magnoliopsida,Fagales,Betulaceae,Alnus,Alnus alnobetula,Alnus viridis suaveolens
Pinus laricio,Plantae,Tracheophyta,Pinopsida,Pinales,Pinaceae,Pinus,Pinus pinaster,Pinus pinaster
Pinus laricio,Plantae,Tracheophyta,Pinopsida,Pinales,Pinaceae,Pinus,Pinus pinaster,Pinus pinaster
Pinus laricio,Plantae,Tracheophyta,Pinopsida,Pinales,Pinaceae,Pinus,Pinus nigra,Pinus nigra
Pinus laricio,Plantae,Tracheophyta,Pinopsida,Pinales,Pinaceae,Pinus,Pinus nigra,Pinus nigra
Pinus maritima,Plantae,Tracheophyta,Pinopsida,Pinales,Pinaceae,Pinus,Pinus halepensis,Pinus halepensis
Pinus maritima,Plantae,Tracheophyta,Pinopsida,Pinales,Pinaceae,Pinus,Pinus halepensis,Pinus halepensis
Pinus maritima,Plantae,Tracheophyta,Pinopsida,Pinales,Pinaceae,Pinus,Pinus halepensis,Pinus halepensis
Pinus maritima,Plantae,Tracheophyta,Pinopsida,Pinales,Pinaceae,Pinus,Pinus pinaster,Pinus pinaster
Pinus maritima,Plantae,Tracheophyta,Pinopsida,Pinales,Pinaceae,Pinus,Pinus pinaster,Pinus pinaster
Pinus maritima,Plantae,Tracheophyta,Pinopsida,Pinales,Pinaceae,Pinus,Pinus pinaster,Pinus pinaster
Pinus maritima,Plantae,Tracheophyta,Pinopsida,Pinales,Pinaceae,Pinus,Pinus halepensis,Pinus halepensis
Pinus maritima,Plantae,Tracheophyta,Pinopsida,Pinales,Pinaceae,Pinus,Pinus halepensis,Pinus halepensis
Pinus maritima,Plantae,Tracheophyta,Pinopsida,Pinales,Pinaceae,Pinus,Pinus halepensis,Pinus halepensis
Coriaria myrtifolia,Plantae,Tracheophyta,Magnoliopsida,Cucurbitales,Coriariaceae,Coriaria,Coriaria myrtifolia,Coriaria myrtifolia
Linum cf. L. usitatissimum,Plantae,Tracheophyta,Magnoliopsida,Malpighiales,Linaceae,Linum,Linum,Linum
Papaver rhoeas,Plantae,Tracheophyta,Magnoliopsida,Ranunculales,Papaveraceae,Papaver,Papaver rhoeas,Papaver rhoeas
Rhinanthus group,Plantae,Tracheophyta,Magnoliopsida,Lamiales,Orobanchaceae,Rhinanthus,Rhinanthus,Rhinanthus
Rhamnaceae undiff.,Plantae,Tracheophyta,Magnoliopsida,Rosales,Rhamnaceae,Rhamnaceae,Rhamnaceae,Rhamnaceae
Convolvulaceae undiff.,Plantae,Tracheophyta,Magnoliopsida,Solanales,Convolvulaceae,Convolvulaceae,Convolvulaceae,Convolvulaceae
Cornus subg. Thelycrania,Plantae,Tracheophyta,Magnoliopsida,Cornales,Cornaceae,Cornus,Cornus,Cornus
Lythraceae undiff.,Plantae,Tracheophyta,Magnoliopsida,Myrtales,Lythraceae,Lythraceae,Lythraceae,Lythraceae
Cousinia,Plantae,Tracheophyta,Magnoliopsida,Asterales,Asteraceae,Cousinia,Cousinia,Cousinia
Lomelosia rotata-type,Plantae,Tracheophyta,Magnoliopsida,Dipsacales,Caprifoliaceae,Lomelosia,Lomelosia,Lomelosia
Quercus coccifera-type,Plantae,Tracheophyta,Magnoliopsida,Fagales,Fagaceae,Quercus,Quercus,Quercus
Arctous alpina/A. rubra,Plantae,Tracheophyta,Magnoliopsida,Ericales,Ericaceae,Arctous,Arctous,Arctous
Elaeagnus commutata,Plantae,Tracheophyta,Magnoliopsida,Rosales,Elaeagnaceae,Elaeagnus,Elaeagnus commutata,Elaeagnus commutata
Picea glauca,Plantae,Tracheophyta,Pinopsida,Pinales,Pinaceae,Picea,Picea glauca,Picea glauca
Picea mariana,Plantae,Tracheophyta,Pinopsida,Pinales,Pinaceae,Picea,Picea mariana,Picea mariana
Picea undiff.,Plantae,Tracheophyta,Pinopsida,Pinales,Pinaceae,Picea,Picea,Picea
Populus balsamifera,Plantae,Tracheophyta,Magnoliopsida,Malpighiales,Salicaceae,Populus,Populus balsamifera,Populus balsamifera
Populus tremuloides,Plantae,Tracheophyta,Magnoliopsida,Malpighiales,Salicaceae,Populus,Populus tremuloides,Populus tremuloides
Shepherdia argentea,Plantae,Tracheophyta,Magnoliopsida,Rosales,Elaeagnaceae,Shepherdia,Shepherdia argentea,Shepherdia argentea
Shepherdia canadensis,Plantae,Tracheophyta,Magnoliopsida,Rosales,Elaeagnaceae,Shepherdia,Shepherdia canadensis,Shepherdia canadensis
Acer saccharum-type,Plantae,Tracheophyta,Magnoliopsida,Sapindales,Sapindaceae,Acer,Acer,Acer
Fraxinus nigra-type,Plantae,Tracheophyta,Magnoliopsida,Lamiales,Oleaceae,Fraxinus,Fraxinus,Fraxinus
Iva annua,Plantae,Tracheophyta,Magnoliopsida,Asterales,Asteraceae,Iva,Iva annua,Iva annua
Juglans cinerea,Plantae,Tracheophyta,Magnoliopsida,Fagales,Juglandaceae,Juglans,Juglans cinerea,Juglans cinerea
Juglans nigra,Plantae,Tracheophyta,Magnoliopsida,Fagales,Juglandaceae,Juglans,Juglans nigra,Juglans nigra
Magnolia,Plantae,Tracheophyta,Magnoliopsida,Magnoliales,Magnoliaceae,Magnolia,Magnolia,Magnolia
Pinus strobus,Plantae,Tracheophyta,Pinopsida,Pinales,Pinaceae,Pinus,Pinus strobus,Pinus strobus
Rubiaceae undiff.,Plantae,Tracheophyta,Magnoliopsida,Gentianales,Rubiaceae,Rubiaceae,Rubiaceae,Rubiaceae
Sarcobatus vermiculatus,Plantae,Tracheophyta,Magnoliopsida,Caryophyllales,Sarcobataceae,Sarcobatus,Sarcobatus vermiculatus,Sarcobatus vermiculatus
Cassiope,Plantae,Tracheophyta,Magnoliopsida,Ericales,Ericaceae,Cassiope,Cassiope,Cassiope
Cnidium,Plantae,Tracheophyta,Magnoliopsida,Apiales,Apiaceae,Cnidium,Cnidium,Cnidium
Dodecatheon,Plantae,Tracheophyta,Magnoliopsida,Ericales,Primulaceae,Dodecatheon,Dodecatheon,Dodecatheon
Douglasia,Plantae,Tracheophyta,Magnoliopsida,Ericales,Primulaceae,Androsace,Androsace,Androsace
Micranthes hieraciifolia,Plantae,Tracheophyta,Magnoliopsida,Saxifragales,Saxifragaceae,Micranthes,Micranthes hieraciifolia,Micranthes hieraciifolia
Oxytropis,Plantae,Tracheophyta,Magnoliopsida,Fabales,Fabaceae,Oxytropis,Oxytropis,Oxytropis
Pedicularis lanceolata,Plantae,Tracheophyta,Magnoliopsida,Lamiales,Orobanchaceae,Pedicularis,Pedicularis lanceolata,Pedicularis lanceolata
Phlox,Plantae,Tracheophyta,Magnoliopsida,Ericales,Polemoniaceae,Phlox,Phlox,Phlox
Plantago canescens,Plantae,Tracheophyta,Magnoliopsida,Lamiales,Plantaginaceae,Plantago,Plantago canescens,Plantago canescens
Saxifraga cernua,Plantae,Tracheophyta,Magnoliopsida,Saxifragales,Saxifragaceae,Saxifraga,Saxifraga cernua,Saxifraga cernua
Saxifraga tricuspidata,Plantae,Tracheophyta,Magnoliopsida,Saxifragales,Saxifragaceae,Saxifraga,Saxifraga tricuspidata,Saxifraga tricuspidata
Mertensia,Plantae,Tracheophyta,Magnoliopsida,Boraginales,Boraginaceae,Mertensia,Mertensia,Mertensia
Ceanothus,Plantae,Tracheophyta,Magnoliopsida,Rosales,Rhamnaceae,Ceanothus,Ceanothus,Ceanothus
Cercocarpus,Plantae,Tracheophyta,Magnoliopsida,Rosales,Rosaceae,Cercocarpus,Cercocarpus,Cercocarpus
Lewisia,Plantae,Tracheophyta,Magnoliopsida,Caryophyllales,Montiaceae,Lewisia,Lewisia,Lewisia
Pseudotsuga,Plantae,Tracheophyta,Pinopsida,Pinales,Pinaceae,Pseudotsuga,Pseudotsuga,Pseudotsuga
Arceuthobium,Plantae,Tracheophyta,Magnoliopsida,Santalales,Viscaceae,Arceuthobium,Arceuthobium,Arceuthobium
Cyclachaena xanthiifolia-type,Plantae,Tracheophyta,Magnoliopsida,Asterales,Asteraceae,Cyclachaena,Cyclachaena,Cyclachaena
Eriogonum,Plantae,Tracheophyta,Magnoliopsida,Caryophyllales,Polygonaceae,Eriogonum,Eriogonum,Eriogonum
Pinus albicaulis-type,Plantae,Tracheophyta,Pinopsida,Pinales,Pinaceae,Pinus,Pinus,Pinus
Pinus contorta-type,Plantae,Tracheophyta,Pinopsida,Pinales,Pinaceae,Pinus,Pinus,Pinus
Polygonum californicum-type,Plantae,Tracheophyta,Magnoliopsida,Caryophyllales,Polygonaceae,Polygonum,Polygonum,Polygonum
Tsuga mertensiana,Plantae,Tracheophyta,Pinopsida,Pinales,Pinaceae,Tsuga,Tsuga mertensiana,Tsuga mertensiana
Acer saccharum,Plantae,Tracheophyta,Magnoliopsida,Sapindales,Sapindaceae,Acer,Acer saccharum,Acer saccharum
Cornus canadensis,Plantae,Tracheophyta,Magnoliopsida,Cornales,Cornaceae,Cornus,Cornus canadensis,Cornus canadensis
Cornus racemosa,Plantae,Tracheophyta,Magnoliopsida,Cornales,Cornaceae,Cornus,Cornus racemosa,Cornus racemosa
Dalea,Plantae,Tracheophyta,Magnoliopsida,Fabales,Fabaceae,Dalea,Dalea,Dalea
Fraxinus nigra,Plantae,Tracheophyta,Magnoliopsida,Lamiales,Oleaceae,Fraxinus,Fraxinus nigra,Fraxinus nigra
Fraxinus pennsylvanica,Plantae,Tracheophyta,Magnoliopsida,Lamiales,Oleaceae,Fraxinus,Fraxinus pennsylvanica,Fraxinus pennsylvanica
Polygonum sensu lato,Plantae,Tracheophyta,Magnoliopsida,Caryophyllales,Polygonaceae,Polygonum,Polygonum,Polygonum
Shepherdia,Plantae,Tracheophyta,Magnoliopsida,Rosales,Elaeagnaceae,Shepherdia,Shepherdia,Shepherdia
Betulaceae undiff.,Plantae,Tracheophyta,Magnoliopsida,Fagales,Betulaceae,Betulaceae,Betulaceae,Betulaceae
Pinus contorta,Plantae,Tracheophyta,Pinopsida,Pinales,Pinaceae,Pinus,Pinus contorta,Pinus contorta
Saxifraga cf. S. hirculus,Plantae,Tracheophyta,Magnoliopsida,Saxifragales,Saxifragaceae,Saxifraga,Saxifraga,Saxifraga
Acer circinatum-type,Plantae,Tracheophyta,Magnoliopsida,Sapindales,Sapindaceae,Acer,Acer,Acer
Acer macrophyllum-type,Plantae,Tracheophyta,Magnoliopsida,Sapindales,Sapindaceae,Acer,Acer,Acer
Bistorta bistortoides-type,Plantae,Tracheophyta,Magnoliopsida,Caryophyllales,Polygonaceae,Bistorta,Bistorta,Bistorta
Cornus canadensis-type,Plantae,Tracheophyta,Magnoliopsida,Cornales,Cornaceae,Cornus,Cornus,Cornus
Lysichiton,Plantae,Tracheophyta,Liliopsida,Alismatales,Araceae,Lysichiton,Lysichiton,Lysichiton
Alnus (pentaporate),Plantae,Tracheophyta,Magnoliopsida,Fagales,Betulaceae,Alnus,Alnus,Alnus
Alnus (tetraporate),Plantae,Tracheophyta,Magnoliopsida,Fagales,Betulaceae,Alnus,Alnus,Alnus
Amorpha,Plantae,Tracheophyta,Magnoliopsida,Fabales,Fabaceae,Amorpha,Amorpha,Amorpha
Ephedra trifurca-type,Plantae,Tracheophyta,Gnetopsida,Ephedrales,Ephedraceae,Ephedra,Ephedra,Ephedra
Ephedra viridis-type,Plantae,Tracheophyta,Gnetopsida,Ephedrales,Ephedraceae,Ephedra,Ephedra,Ephedra
Gilia,Plantae,Tracheophyta,Magnoliopsida,Ericales,Polemoniaceae,Gilia,Gilia,Gilia
Pedicularis contorta-type,Plantae,Tracheophyta,Magnoliopsida,Lamiales,Orobanchaceae,Pedicularis,Pedicularis,Pedicularis
Pedicularis groenlandica-type,Plantae,Tracheophyta,Magnoliopsida,Lamiales,Orobanchaceae,Pedicularis,Pedicularis,Pedicularis
Polemoniaceae undiff.,Plantae,Tracheophyta,Magnoliopsida,Ericales,Polemoniaceae,Polemoniaceae,Polemoniaceae,Polemoniaceae
Polygonum californicum,Plantae,Tracheophyta,Magnoliopsida,Caryophyllales,Polygonaceae,Polygonum,Polygonum californicum,Polygonum californicum
Ribes lacustre,Plantae,Tracheophyta,Magnoliopsida,Saxifragales,Grossulariaceae,Ribes,Ribes lacustre,Ribes lacustre
Ribes montigenum,Plantae,Tracheophyta,Magnoliopsida,Saxifragales,Grossulariaceae,Ribes,Ribes montigenum,Ribes montigenum
Ribes undiff.,Plantae,Tracheophyta,Magnoliopsida,Saxifragales,Grossulariaceae,Ribes,Ribes,Ribes
Acer rubrum,Plantae,Tracheophyta,Magnoliopsida,Sapindales,Sapindaceae,Acer,Acer rubrum,Acer rubrum
Acer saccharinum-type,Plantae,Tracheophyta,Magnoliopsida,Sapindales,Sapindaceae,Acer,Acer,Acer
Acer spicatum,Plantae,Tracheophyta,Magnoliopsida,Sapindales,Sapindaceae,Acer,Acer spicatum,Acer spicatum
Ephedra nevadensis-type,Plantae,Tracheophyta,Gnetopsida,Ephedrales,Ephedraceae,Ephedra,Ephedra,Ephedra
Fraxinus pennsylvanica-type,Plantae,Tracheophyta,Magnoliopsida,Lamiales,Oleaceae,Fraxinus,Fraxinus,Fraxinus
Iva annua-type,Plantae,Tracheophyta,Magnoliopsida,Asterales,Asteraceae,Iva,Iva,Iva
Juglans cinerea-type,Plantae,Tracheophyta,Magnoliopsida,Fagales,Juglandaceae,Juglans,Juglans,Juglans
Juglans nigra-type,Plantae,Tracheophyta,Magnoliopsida,Fagales,Juglandaceae,Juglans,Juglans,Juglans
Pinus banksiana/P. resinosa,Plantae,Tracheophyta,Pinopsida,Pinales,Pinaceae,Pinus,Pinus,Pinus
Salsola,Plantae,Tracheophyta,Magnoliopsida,Caryophyllales,Amaranthaceae,Salsola,Salsola,Salsola
Zanthoxylum,Plantae,Tracheophyta,Magnoliopsida,Sapindales,Rutaceae,Zanthoxylum,Zanthoxylum,Zanthoxylum
Acer pensylvanicum,Plantae,Tracheophyta,Magnoliopsida,Sapindales,Sapindaceae,Acer,Acer pensylvanicum,Acer pensylvanicum
Acer saccharinum,Plantae,Tracheophyta,Magnoliopsida,Sapindales,Sapindaceae,Acer,Acer saccharinum,Acer saccharinum
Cornus florida,Plantae,Tracheophyta,Magnoliopsida,Cornales,Cornaceae,Cornus,Cornus florida,Cornus florida
Hypoxis,Plantae,Tracheophyta,Liliopsida,Asparagales,Hypoxidaceae,Hypoxis,Hypoxis,Hypoxis
Itea,Plantae,Tracheophyta,Magnoliopsida,Saxifragales,Iteaceae,Itea,Itea,Itea
Juglans undiff.,Plantae,Tracheophyta,Magnoliopsida,Fagales,Juglandaceae,Juglans,Juglans,Juglans
Liriodendron,Plantae,Tracheophyta,Magnoliopsida,Magnoliales,Magnoliaceae,Liriodendron,Liriodendron,Liriodendron
Persicaria hydropiper-type,Plantae,Tracheophyta,Magnoliopsida,Caryophyllales,Polygonaceae,Persicaria,Persicaria,Persicaria
Sanguisorba canadensis,Plantae,Tracheophyta,Magnoliopsida,Rosales,Rosaceae,Sanguisorba,Sanguisorba canadensis,Sanguisorba canadensis
Cyclachaena xanthiifolia,Plantae,Tracheophyta,Magnoliopsida,Asterales,Asteraceae,Cyclachaena,Cyclachaena xanthiifolia,Cyclachaena xanthiifolia
Ephedra torreyana-type,Plantae,Tracheophyta,Gnetopsida,Ephedrales,Ephedraceae,Ephedra,Ephedra,Ephedra
Lamiaceae cf. Stachys,Plantae,Tracheophyta,Magnoliopsida,Lamiales,Lamiaceae,Lamiaceae,Lamiaceae,Lamiaceae
Dalea candida,Plantae,Tracheophyta,Magnoliopsida,Fabales,Fabaceae,Dalea,Dalea candida,Dalea candida
Dalea purpurea-type,Plantae,Tracheophyta,Magnoliopsida,Fabales,Fabaceae,Dalea,Dalea,Dalea
Dalea undiff.,Plantae,Tracheophyta,Magnoliopsida,Fabales,Fabaceae,Dalea,Dalea,Dalea
Populus tremuloides-type,Plantae,Tracheophyta,Magnoliopsida,Malpighiales,Salicaceae,Populus,Populus,Populus
Populus undiff.,Plantae,Tracheophyta,Magnoliopsida,Malpighiales,Salicaceae,Populus,Populus,Populus
Ranunculaceae (tricolpate),Plantae,Tracheophyta,Magnoliopsida,Ranunculales,Ranunculaceae,Ranunculaceae,Ranunculaceae,Ranunculaceae
Pinus banksiana,Plantae,Tracheophyta,Pinopsida,Pinales,Pinaceae,Pinus,Pinus banksiana,Pinus banksiana
Caprifoliaceae sensu lato,Plantae,Tracheophyta,Magnoliopsida,Dipsacales,Caprifoliaceae,Caprifoliaceae,Caprifoliaceae,Caprifoliaceae
Koenigia islandica,Plantae,Tracheophyta,Magnoliopsida,Caryophyllales,Polygonaceae,Koenigia,Koenigia islandica,Koenigia islandica
Micranthes foliolosa-type,Plantae,Tracheophyta,Magnoliopsida,Saxifragales,Saxifragaceae,Micranthes,Micranthes,Micranthes
Micranthes hieraciifolia-type,Plantae,Tracheophyta,Magnoliopsida,Saxifragales,Saxifragaceae,Micranthes,Micranthes,Micranthes
Pedicularis langsdorffii,Plantae,Tracheophyta,Magnoliopsida,Lamiales,Orobanchaceae,Pedicularis,Pedicularis langsdorffii,Pedicularis langsdorffii
Plantago canescens-type,Plantae,Tracheophyta,Magnoliopsida,Lamiales,Plantaginaceae,Plantago,Plantago,Plantago
Saxifraga tricuspidata-type,Plantae,Tracheophyta,Magnoliopsida,Saxifragales,Saxifragaceae,Saxifraga,Saxifraga,Saxifraga
Claytonia,Plantae,Tracheophyta,Magnoliopsida,Caryophyllales,Montiaceae,Claytonia,Claytonia,Claytonia
Alnus viridis subsp. crispa,Plantae,Tracheophyta,Magnoliopsida,Fagales,Betulaceae,Alnus,Alnus alnobetula,Alnus viridis crispa
Aquifoliaceae,Plantae,Tracheophyta,Magnoliopsida,Aquifoliales,Aquifoliaceae,Aquifoliaceae,Aquifoliaceae,Aquifoliaceae
Fraxinus americana,Plantae,Tracheophyta,Magnoliopsida,Lamiales,Oleaceae,Fraxinus,Fraxinus americana,Fraxinus americana
Myricaceae undiff.,Plantae,Tracheophyta,Magnoliopsida,Fagales,Myricaceae,Myricaceae,Myricaceae,Myricaceae
Picea cf. P. glauca,Plantae,Tracheophyta,Pinopsida,Pinales,Pinaceae,Picea,Picea,Picea
Picea cf. P. mariana,Plantae,Tracheophyta,Pinopsida,Pinales,Pinaceae,Picea,Picea,Picea
Pinus det. P. banksiana/P. resinosa,Plantae,Tracheophyta,Pinopsida,Pinales,Pinaceae,Pinus,Pinus,Pinus
Pinus det. P. strobus,Plantae,Tracheophyta,Pinopsida,Pinales,Pinaceae,Pinus,Pinus,Pinus
Abies lasiocarpa,Plantae,Tracheophyta,Pinopsida,Pinales,Pinaceae,Abies,Abies lasiocarpa,Abies lasiocarpa
Acer glabrum,Plantae,Tracheophyta,Magnoliopsida,Sapindales,Sapindaceae,Acer,Acer glabrum,Acer glabrum
Agoseris glauca-type,Plantae,Tracheophyta,Magnoliopsida,Asterales,Asteraceae,Agoseris,Agoseris,Agoseris
Cornus sericea,Plantae,Tracheophyta,Magnoliopsida,Cornales,Cornaceae,Cornus,Cornus sericea,Cornus sericea
Solidago canadensis,Plantae,Tracheophyta,Magnoliopsida,Asterales,Asteraceae,Solidago,Solidago canadensis,Solidago canadensis
Bistorta bistortoides,Plantae,Tracheophyta,Magnoliopsida,Caryophyllales,Polygonaceae,Bistorta,Bistorta bistortoides,Bistorta bistortoides
Pinus edulis-type,Plantae,Tracheophyta,Pinopsida,Pinales,Pinaceae,Pinus,Pinus,Pinus
Pinus subg. Strobus undiff.,Plantae,Tracheophyta,Pinopsida,Pinales,Pinaceae,Pinus,Pinus,Pinus
Betula (shrub),Plantae,Tracheophyta,Magnoliopsida,Fagales,Betulaceae,Betula,Betula,Betula
Betula (small),Plantae,Tracheophyta,Magnoliopsida,Fagales,Betulaceae,Betula,Betula,Betula
Pinus subg. Pinus undiff.,Plantae,Tracheophyta,Pinopsida,Pinales,Pinaceae,Pinus,Pinus,Pinus
Acer macrophyllum,Plantae,Tracheophyta,Magnoliopsida,Sapindales,Sapindaceae,Acer,Acer macrophyllum,Acer macrophyllum
Alnus rubra,Plantae,Tracheophyta,Magnoliopsida,Fagales,Betulaceae,Alnus,Alnus rubra,Alnus rubra
Alnus viridis subsp. sinuata,Plantae,Tracheophyta,Magnoliopsida,Fagales,Betulaceae,Alnus,Alnus alnobetula,Alnus viridis sinuata
Alnus (hexaporate),Plantae,Tracheophyta,Magnoliopsida,Fagales,Betulaceae,Alnus,Alnus,Alnus
Amelanchier,Plantae,Tracheophyta,Magnoliopsida,Rosales,Rosaceae,Amelanchier,Amelanchier,Amelanchier
Chrysolepis,Plantae,Tracheophyta,Magnoliopsida,Fagales,Fagaceae,Chrysolepis,Chrysolepis,Chrysolepis
Anacardiaceae,Plantae,Tracheophyta,Magnoliopsida,Sapindales,Anacardiaceae,Anacardiaceae,Anacardiaceae,Anacardiaceae
Nyctaginaceae,Plantae,Tracheophyta,Magnoliopsida,Caryophyllales,Nyctaginaceae,Nyctaginaceae,Nyctaginaceae,Nyctaginaceae
Onagraceae undiff.,Plantae,Tracheophyta,Magnoliopsida,Myrtales,Onagraceae,Onagraceae,Onagraceae,Onagraceae
Elaeagnus,Plantae,Tracheophyta,Magnoliopsida,Rosales,Elaeagnaceae,Elaeagnus,Elaeagnus,Elaeagnus
Pinus edulis,Plantae,Tracheophyta,Pinopsida,Pinales,Pinaceae,Pinus,Pinus edulis,Pinus edulis
Pinus flexilis,Plantae,Tracheophyta,Pinopsida,Pinales,Pinaceae,Pinus,Pinus flexilis,Pinus flexilis
Pinus ponderosa,Plantae,Tracheophyta,Pinopsida,Pinales,Pinaceae,Pinus,Pinus ponderosa,Pinus ponderosa
Pinus aristata,Plantae,Tracheophyta,Pinopsida,Pinales,Pinaceae,Pinus,Pinus aristata,Pinus aristata
Myricaceae,Plantae,Tracheophyta,Magnoliopsida,Fagales,Myricaceae,Myricaceae,Myricaceae,Myricaceae
Dalea purpurea,Plantae,Tracheophyta,Magnoliopsida,Fabales,Fabaceae,Dalea,Dalea purpurea,Dalea purpurea
Alnus viridis subsp. crispa-type,Plantae,Tracheophyta,Magnoliopsida,Fagales,Betulaceae,Alnus,Alnus alnobetula,Alnus alnobetula
Caryophyllaceae cf. Dianthus,Plantae,Tracheophyta,Magnoliopsida,Caryophyllales,Caryophyllaceae,Caryophyllaceae,Caryophyllaceae,Caryophyllaceae
Ranunculus pensylvanicus-type,Plantae,Tracheophyta,Magnoliopsida,Ranunculales,Ranunculaceae,Ranunculus,Ranunculus,Ranunculus
Anacardiaceae undiff.,Plantae,Tracheophyta,Magnoliopsida,Sapindales,Anacardiaceae,Anacardiaceae,Anacardiaceae,Anacardiaceae
Asteraceae (high spine),Plantae,Tracheophyta,Magnoliopsida,Asterales,Asteraceae,Asteraceae,Asteraceae,Asteraceae
Asteraceae (low spine),Plantae,Tracheophyta,Magnoliopsida,Asterales,Asteraceae,Asteraceae,Asteraceae,Asteraceae
Fraxinus pennsylvanica/F. americana-type,Plantae,Tracheophyta,Magnoliopsida,Lamiales,Oleaceae,Fraxinus,Fraxinus,Fraxinus
Parthenocissus,Plantae,Tracheophyta,Magnoliopsida,Vitales,Vitaceae,Parthenocissus,Parthenocissus,Parthenocissus
Acalypha,Plantae,Tracheophyta,Magnoliopsida,Malpighiales,Euphorbiaceae,Acalypha,Acalypha,Acalypha
Chamaecyparis thyoides,Plantae,Tracheophyta,Pinopsida,Pinales,Cupressaceae,Chamaecyparis,Chamaecyparis thyoides,Chamaecyparis thyoides
Trema,Plantae,Tracheophyta,Magnoliopsida,Rosales,Cannabaceae,Trema,Trema,Trema
Fagaceae,Plantae,Tracheophyta,Magnoliopsida,Fagales,Fagaceae,Fagaceae,Fagaceae,Fagaceae
Pseudotsuga menziesii,Plantae,Tracheophyta,Pinopsida,Pinales,Pinaceae,Pseudotsuga,Pseudotsuga menziesii,Pseudotsuga menziesii
Acer circinatum,Plantae,Tracheophyta,Magnoliopsida,Sapindales,Sapindaceae,Acer,Acer circinatum,Acer circinatum
Alnus rubra-type,Plantae,Tracheophyta,Magnoliopsida,Fagales,Betulaceae,Alnus,Alnus,Alnus
Robinia,Plantae,Tracheophyta,Magnoliopsida,Fabales,Fabaceae,Robinia,Robinia,Robinia
Pinaceae undiff.,Plantae,Tracheophyta,Pinopsida,Pinales,Pinaceae,Pinaceae,Pinaceae,Pinaceae
Menispermaceae,Plantae,Tracheophyta,Magnoliopsida,Ranunculales,Menispermaceae,Menispermaceae,Menispermaceae,Menispermaceae
Mitella,Plantae,Tracheophyta,Magnoliopsida,Saxifragales,Saxifragaceae,Mitella,Mitella,Mitella
Planera aquatica,Plantae,Tracheophyta,Magnoliopsida,Rosales,Ulmaceae,Planera,Planera aquatica,Planera aquatica
Actaea rubra,Plantae,Tracheophyta,Magnoliopsida,Ranunculales,Ranunculaceae,Actaea,Actaea rubra,Actaea rubra
Clethra,Plantae,Tracheophyta,Magnoliopsida,Ericales,Clethraceae,Clethra,Clethra,Clethra
Mitchella repens,Plantae,Tracheophyta,Magnoliopsida,Gentianales,Rubiaceae,Mitchella,Mitchella repens,Mitchella repens
Allenrolfea occidentalis,Plantae,Tracheophyta,Magnoliopsida,Caryophyllales,Amaranthaceae,Allenrolfea,Allenrolfea occidentalis,Allenrolfea occidentalis
Cactaceae,Plantae,Tracheophyta,Magnoliopsida,Caryophyllales,Cactaceae,Cactaceae,Cactaceae,Cactaceae
Ephedra nevadensis,Plantae,Tracheophyta,Gnetopsida,Ephedrales,Ephedraceae,Ephedra,Ephedra nevadensis,Ephedra nevadensis
Ephedra viridis,Plantae,Tracheophyta,Gnetopsida,Ephedrales,Ephedraceae,Ephedra,Ephedra viridis,Ephedra viridis
Comarum palustre-type,Plantae,Tracheophyta,Magnoliopsida,Rosales,Rosaceae,Comarum,Comarum,Comarum
Cornus sericea-type,Plantae,Tracheophyta,Magnoliopsida,Cornales,Cornaceae,Cornus,Cornus,Cornus
Betula glandulosa,Plantae,Tracheophyta,Magnoliopsida,Fagales,Betulaceae,Betula,Betula glandulosa,Betula glandulosa
Adenostoma fasciculatum,Plantae,Tracheophyta,Magnoliopsida,Rosales,Rosaceae,Adenostoma,Adenostoma fasciculatum,Adenostoma fasciculatum
Adenostoma sparsifolium,Plantae,Tracheophyta,Magnoliopsida,Rosales,Rosaceae,Adenostoma,Adenostoma sparsifolium,Adenostoma sparsifolium
Pinus jeffreyi-type,Plantae,Tracheophyta,Pinopsida,Pinales,Pinaceae,Pinus,Pinus,Pinus
Quercus chrysolepis,Plantae,Tracheophyta,Magnoliopsida,Fagales,Fagaceae,Quercus,Quercus chrysolepis,Quercus chrysolepis
Trillium,Plantae,Tracheophyta,Liliopsida,Liliales,Melanthiaceae,Trillium,Trillium,Trillium
Hydrophyllum,Plantae,Tracheophyta,Magnoliopsida,Boraginales,Hydrophyllaceae,Hydrophyllum,Hydrophyllum,Hydrophyllum
Pinus monticola-type,Plantae,Tracheophyta,Pinopsida,Pinales,Pinaceae,Pinus,Pinus,Pinus
Castanopsis,Plantae,Tracheophyta,Magnoliopsida,Fagales,Fagaceae,Castanopsis,Castanopsis,Castanopsis
Garrya,Plantae,Tracheophyta,Magnoliopsida,Garryales,Garryaceae,Garrya,Garrya,Garrya
Navarretia,Plantae,Tracheophyta,Magnoliopsida,Ericales,Polemoniaceae,Navarretia,Navarretia,Navarretia
Alnus (triporate),Plantae,Tracheophyta,Magnoliopsida,Fagales,Betulaceae,Alnus,Alnus,Alnus
Pinus monticola,Plantae,Tracheophyta,Pinopsida,Pinales,Pinaceae,Pinus,Pinus monticola,Pinus monticola
Purshia,Plantae,Tracheophyta,Magnoliopsida,Rosales,Rosaceae,Purshia,Purshia,Purshia
Picea glauca-type,Plantae,Tracheophyta,Pinopsida,Pinales,Pinaceae,Picea,Picea,Picea
Picea mariana-type,Plantae,Tracheophyta,Pinopsida,Pinales,Pinaceae,Picea,Picea,Picea
Castanea dentata,Plantae,Tracheophyta,Magnoliopsida,Fagales,Fagaceae,Castanea,Castanea dentata,Castanea dentata
Celtis occidentalis,Plantae,Tracheophyta,Magnoliopsida,Rosales,Cannabaceae,Celtis,Celtis occidentalis,Celtis occidentalis
Corylus cornuta,Plantae,Tracheophyta,Magnoliopsida,Fagales,Betulaceae,Corylus,Corylus cornuta,Corylus cornuta
Fagus grandifolia,Plantae,Tracheophyta,Magnoliopsida,Fagales,Fagaceae,Fagus,Fagus grandifolia,Fagus grandifolia
Platanus occidentalis,Plantae,Tracheophyta,Magnoliopsida,Proteales,Platanaceae,Platanus,Platanus occidentalis,Platanus occidentalis
Tsuga canadensis,Plantae,Tracheophyta,Pinopsida,Pinales,Pinaceae,Tsuga,Tsuga canadensis,Tsuga canadensis
Quercus vaccinifolia-type,Plantae,Tracheophyta,Magnoliopsida,Fagales,Fagaceae,Quercus,Quercus,Quercus
Apocynaceae,Plantae,Tracheophyta,Magnoliopsida,Gentianales,Apocynaceae,Apocynaceae,Apocynaceae,Apocynaceae
Araceae,Plantae,Tracheophyta,Liliopsida,Alismatales,Araceae,Araceae,Araceae,Araceae
Leptospermum,Plantae,Tracheophyta,Magnoliopsida,Myrtales,Myrtaceae,Leptospermum,Leptospermum,Leptospermum
Ulmaceae,Plantae,Tracheophyta,Magnoliopsida,Rosales,Ulmaceae,Ulmaceae,Ulmaceae,Ulmaceae
Fraxinus (tetracolpate),Plantae,Tracheophyta,Magnoliopsida,Lamiales,Oleaceae,Fraxinus,Fraxinus,Fraxinus
Fraxinus (tricolpate),Plantae,Tracheophyta,Magnoliopsida,Lamiales,Oleaceae,Fraxinus,Fraxinus,Fraxinus
Alnus viridis subsp. sinuata-type,Plantae,Tracheophyta,Magnoliopsida,Fagales,Betulaceae,Alnus,Alnus alnobetula,Alnus alnobetula
Arecaceae,Plantae,Tracheophyta,Liliopsida,Arecales,Arecaceae,Arecaceae,Arecaceae,Arecaceae
Camassia,Plantae,Tracheophyta,Liliopsida,Asparagales,Asparagaceae,Camassia,Camassia,Camassia
Elaeagnaceae,Plantae,Tracheophyta,Magnoliopsida,Rosales,Elaeagnaceae,Elaeagnaceae,Elaeagnaceae,Elaeagnaceae
Sequoiadendron,Plantae,Tracheophyta,Pinopsida,Pinales,Cupressaceae,Sequoiadendron,Sequoiadendron,Sequoiadendron
Sphaeralcea,Plantae,Tracheophyta,Magnoliopsida,Malvales,Malvaceae,Sphaeralcea,Sphaeralcea,Sphaeralcea
Abies balsamea,Plantae,Tracheophyta,Pinopsida,Pinales,Pinaceae,Abies,Abies balsamea,Abies balsamea
Larix laricina,Plantae,Tracheophyta,Pinopsida,Pinales,Pinaceae,Larix,Larix laricina,Larix laricina
Nemopanthus,Plantae,Tracheophyta,Magnoliopsida,Aquifoliales,Aquifoliaceae,Ilex,Ilex,Ilex
Pinus banksiana-type,Plantae,Tracheophyta,Pinopsida,Pinales,Pinaceae,Pinus,Pinus,Pinus
Taxus canadensis,Plantae,Tracheophyta,Pinopsida,Pinales,Taxaceae,Taxus,Taxus canadensis,Taxus canadensis
Tilia americana,Plantae,Tracheophyta,Magnoliopsida,Malvales,Malvaceae,Tilia,Tilia americana,Tilia americana
Viburnum nudum,Plantae,Tracheophyta,Magnoliopsida,Dipsacales,Viburnaceae,Viburnum,Viburnum nudum,Viburnum nudum
Gordonia,Plantae,Tracheophyta,Magnoliopsida,Ericales,Theaceae,Gordonia,Gordonia,Gordonia
Liquidambar styraciflua,Plantae,Tracheophyta,Magnoliopsida,Saxifragales,Altingiaceae,Liquidambar,Liquidambar styraciflua,Liquidambar styraciflua
Serenoa,Plantae,Tracheophyta,Liliopsida,Arecales,Arecaceae,Serenoa,Serenoa,Serenoa
Holodiscus,Plantae,Tracheophyta,Magnoliopsida,Rosales,Rosaceae,Holodiscus,Holodiscus,Holodiscus
Iva,Plantae,Tracheophyta,Magnoliopsida,Asterales,Asteraceae,Iva,Iva,Iva
Lysichiton americanus,Plantae,Tracheophyta,Liliopsida,Alismatales,Araceae,Lysichiton,Lysichiton americanus,Lysichiton americanus
Castilleja,Plantae,Tracheophyta,Magnoliopsida,Lamiales,Orobanchaceae,Castilleja,Castilleja,Castilleja
Erodium cicutarium,Plantae,Tracheophyta,Magnoliopsida,Geraniales,Geraniaceae,Erodium,Erodium cicutarium,Erodium cicutarium
Gossypium,Plantae,Tracheophyta,Magnoliopsida,Malvales,Malvaceae,Gossypium,Gossypium,Gossypium
Kallstroemia,Plantae,Tracheophyta,Magnoliopsida,Zygophyllales,Zygophyllaceae,Kallstroemia,Kallstroemia,Kallstroemia
Linanthus,Plantae,Tracheophyta,Magnoliopsida,Ericales,Polemoniaceae,Linanthus,Linanthus,Linanthus
Opuntia,Plantae,Tracheophyta,Magnoliopsida,Caryophyllales,Cactaceae,Opuntia,Opuntia,Opuntia
Elaeagnaceae undiff.,Plantae,Tracheophyta,Magnoliopsida,Rosales,Elaeagnaceae,Elaeagnaceae,Elaeagnaceae,Elaeagnaceae
Vitaceae,Plantae,Tracheophyta,Magnoliopsida,Vitales,Vitaceae,Vitaceae,Vitaceae,Vitaceae
Prunus pensylvanica,Plantae,Tracheophyta,Magnoliopsida,Rosales,Rosaceae,Prunus,Prunus pensylvanica,Prunus pensylvanica
Prunus undiff.,Plantae,Tracheophyta,Magnoliopsida,Rosales,Rosaceae,Prunus,Prunus,Prunus
Rhus typhina-type,Plantae,Tracheophyta,Magnoliopsida,Sapindales,Anacardiaceae,Rhus,Rhus,Rhus
Tsuga undiff.,Plantae,Tracheophyta,Pinopsida,Pinales,Pinaceae,Tsuga,Tsuga,Tsuga
Nyssa sylvatica,Plantae,Tracheophyta,Magnoliopsida,Cornales,Nyssaceae,Nyssa,Nyssa sylvatica,Nyssa sylvatica
Suaeda calceoliformis,Plantae,Tracheophyta,Magnoliopsida,Caryophyllales,Amaranthaceae,Suaeda,Suaeda calceoliformis,Suaeda calceoliformis
Arceuthobium pusillum,Plantae,Tracheophyta,Magnoliopsida,Santalales,Viscaceae,Arceuthobium,Arceuthobium pusillum,Arceuthobium pusillum
Chamaesyce,Plantae,Tracheophyta,Magnoliopsida,Malpighiales,Euphorbiaceae,Euphorbia,Euphorbia,Euphorbia
Hudsonia,Plantae,Tracheophyta,Magnoliopsida,Malvales,Cistaceae,Hudsonia,Hudsonia,Hudsonia
Lycium,Plantae,Tracheophyta,Magnoliopsida,Solanales,Solanaceae,Lycium,Lycium,Lycium
Monardella,Plantae,Tracheophyta,Magnoliopsida,Lamiales,Lamiaceae,Monardella,Monardella,Monardella
Iris versicolor,Plantae,Tracheophyta,Liliopsida,Asparagales,Iridaceae,Iris,Iris versicolor,Iris versicolor
Penstemon,Plantae,Tracheophyta,Magnoliopsida,Lamiales,Plantaginaceae,Penstemon,Penstemon,Penstemon
Actaea,Plantae,Tracheophyta,Magnoliopsida,Ranunculales,Ranunculaceae,Actaea,Actaea,Actaea
Berberis repens,Plantae,Tracheophyta,Magnoliopsida,Ranunculales,Berberidaceae,Mahonia,Mahonia repens,Mahonia repens
Leptosiphon,Plantae,Tracheophyta,Magnoliopsida,Ericales,Polemoniaceae,Leptosiphon,Leptosiphon,Leptosiphon
Commelinaceae,Plantae,Tracheophyta,Liliopsida,Commelinales,Commelinaceae,Commelinaceae,Commelinaceae,Commelinaceae
Caprifoliaceae sensu lato undiff.,Plantae,Tracheophyta,Magnoliopsida,Dipsacales,Caprifoliaceae,Caprifoliaceae,Caprifoliaceae,Caprifoliaceae
Fraxinus americana-type,Plantae,Tracheophyta,Magnoliopsida,Lamiales,Oleaceae,Fraxinus,Fraxinus,Fraxinus
Juniperus communis/Thuja occidentalis-type,Plantae,Tracheophyta,Pinopsida,Pinales,Cupressaceae,Juniperus,Juniperus,Juniperus
Morus rubra-type,Plantae,Tracheophyta,Magnoliopsida,Rosales,Moraceae,Morus,Morus,Morus
Taxodium,Plantae,Tracheophyta,Pinopsida,Pinales,Cupressaceae,Taxodium,Taxodium,Taxodium
Pedicularis undiff.,Plantae,Tracheophyta,Magnoliopsida,Lamiales,Orobanchaceae,Pedicularis,Pedicularis,Pedicularis
Aralia hispida,Plantae,Tracheophyta,Magnoliopsida,Apiales,Araliaceae,Aralia,Aralia hispida,Aralia hispida
Carya ovata,Plantae,Tracheophyta,Magnoliopsida,Fagales,Juglandaceae,Carya,Carya ovata,Carya ovata
Cornus alternifolia,Plantae,Tracheophyta,Magnoliopsida,Cornales,Cornaceae,Cornus,Cornus alternifolia,Cornus alternifolia
Viburnum edule,Plantae,Tracheophyta,Magnoliopsida,Dipsacales,Viburnaceae,Viburnum,Viburnum edule,Viburnum edule
Viburnum lentago,Plantae,Tracheophyta,Magnoliopsida,Dipsacales,Viburnaceae,Viburnum,Viburnum lentago,Viburnum lentago
Maclura pomifera-type,Plantae,Tracheophyta,Magnoliopsida,Rosales,Moraceae,Maclura,Maclura,Maclura
Fraxinus latifolia,Plantae,Tracheophyta,Magnoliopsida,Lamiales,Oleaceae,Fraxinus,Fraxinus latifolia,Fraxinus latifolia
Shepherdia canadensis-type,Plantae,Tracheophyta,Magnoliopsida,Rosales,Elaeagnaceae,Shepherdia,Shepherdia,Shepherdia
Taxus brevifolia,Plantae,Tracheophyta,Pinopsida,Pinales,Taxaceae,Taxus,Taxus brevifolia,Taxus brevifolia
Ceratiola ericoides,Plantae,Tracheophyta,Magnoliopsida,Ericales,Ericaceae,Ceratiola,Ceratiola ericoides,Ceratiola ericoides
Sabal,Plantae,Tracheophyta,Liliopsida,Arecales,Arecaceae,Sabal,Sabal,Sabal
Arceuthobium americanum,Plantae,Tracheophyta,Magnoliopsida,Santalales,Viscaceae,Arceuthobium,Arceuthobium americanum,Arceuthobium americanum
Betula det. shrub,Plantae,Tracheophyta,Magnoliopsida,Fagales,Betulaceae,Betula,Betula,Betula
Betula det. tree,Plantae,Tracheophyta,Magnoliopsida,Fagales,Betulaceae,Betula,Betula,Betula
Picea det. P. glauca,Plantae,Tracheophyta,Pinopsida,Pinales,Pinaceae,Picea,Picea,Picea
Picea det. P. mariana,Plantae,Tracheophyta,Pinopsida,Pinales,Pinaceae,Picea,Picea,Picea
Impatiens capensis,Plantae,Tracheophyta,Magnoliopsida,Ericales,Balsaminaceae,Impatiens,Impatiens capensis,Impatiens capensis
Caltha leptosepala,Plantae,Tracheophyta,Magnoliopsida,Ranunculales,Ranunculaceae,Caltha,Caltha leptosepala,Caltha leptosepala
Coptis aspleniifolia,Plantae,Tracheophyta,Magnoliopsida,Ranunculales,Ranunculaceae,Coptis,Coptis aspleniifolia,Coptis aspleniifolia
Gentiana douglasiana,Plantae,Tracheophyta,Magnoliopsida,Gentianales,Gentianaceae,Gentiana,Gentiana douglasiana,Gentiana douglasiana
Avicennia,Plantae,Tracheophyta,Magnoliopsida,Lamiales,Acanthaceae,Avicennia,Avicennia,Avicennia
Coccoloba,Plantae,Tracheophyta,Magnoliopsida,Caryophyllales,Polygonaceae,Coccoloba,Coccoloba,Coccoloba
Conocarpus,Plantae,Tracheophyta,Magnoliopsida,Myrtales,Combretaceae,Conocarpus,Conocarpus,Conocarpus
Dodonaea,Plantae,Tracheophyta,Magnoliopsida,Sapindales,Sapindaceae,Dodonaea,Dodonaea,Dodonaea
Forestiera,Plantae,Tracheophyta,Magnoliopsida,Lamiales,Oleaceae,Forestiera,Forestiera,Forestiera
Laguncularia,Plantae,Tracheophyta,Magnoliopsida,Myrtales,Combretaceae,Laguncularia,Laguncularia,Laguncularia
Rhizophora,Plantae,Tracheophyta,Magnoliopsida,Malpighiales,Rhizophoraceae,Rhizophora,Rhizophora,Rhizophora
Rutaceae undiff.,Plantae,Tracheophyta,Magnoliopsida,Sapindales,Rutaceae,Rutaceae,Rutaceae,Rutaceae
Sapindaceae undiff.,Plantae,Tracheophyta,Magnoliopsida,Sapindales,Sapindaceae,Sapindaceae,Sapindaceae,Sapindaceae
Toxicodendron radicans,Plantae,Tracheophyta,Magnoliopsida,Sapindales,Anacardiaceae,Toxicodendron,Toxicodendron radicans,Toxicodendron radicans
Nemopanthus mucronatus,Plantae,Tracheophyta,Magnoliopsida,Aquifoliales,Aquifoliaceae,Ilex,Ilex mucronata,Ilex mucronata
Oxytropis maydelliana-type,Plantae,Tracheophyta,Magnoliopsida,Fabales,Fabaceae,Oxytropis,Oxytropis,Oxytropis
Pinus resinosa-type,Plantae,Tracheophyta,Pinopsida,Pinales,Pinaceae,Pinus,Pinus,Pinus
Prunus virginiana,Plantae,Tracheophyta,Magnoliopsida,Rosales,Rosaceae,Prunus,Prunus virginiana,Prunus virginiana
Rosaceae cf. Prunus serotina,Plantae,Tracheophyta,Magnoliopsida,Rosales,Rosaceae,Rosaceae,Rosaceae,Rosaceae
Acer nigrum,Plantae,Tracheophyta,Magnoliopsida,Sapindales,Sapindaceae,Acer,Acer nigrum,Acer nigrum
Carya cordiformis,Plantae,Tracheophyta,Magnoliopsida,Fagales,Juglandaceae,Carya,Carya cordiformis,Carya cordiformis
Populus deltoides-type,Plantae,Tracheophyta,Magnoliopsida,Malpighiales,Salicaceae,Populus,Populus,Populus
Agastache,Plantae,Tracheophyta,Magnoliopsida,Lamiales,Lamiaceae,Agastache,Agastache,Agastache
Cistanthe,Plantae,Tracheophyta,Magnoliopsida,Caryophyllales,Montiaceae,Cistanthe,Cistanthe,Cistanthe
Polygonum sect. Duravia,Plantae,Tracheophyta,Magnoliopsida,Caryophyllales,Polygonaceae,Polygonum,Polygonum,Polygonum
Ranunculus orthorhynchus,Plantae,Tracheophyta,Magnoliopsida,Ranunculales,Ranunculaceae,Ranunculus,Ranunculus orthorhynchus,Ranunculus orthorhynchus
Iva undiff.,Plantae,Tracheophyta,Magnoliopsida,Asterales,Asteraceae,Iva,Iva,Iva
Lagotis,Plantae,Tracheophyta,Magnoliopsida,Lamiales,Plantaginaceae,Lagotis,Lagotis,Lagotis
Pinaceae,Plantae,Tracheophyta,Pinopsida,Pinales,Pinaceae,Pinaceae,Pinaceae,Pinaceae
Rhamnus alnifolia/Frangula alnus,Plantae,Tracheophyta,Magnoliopsida,Rosales,Rhamnaceae,Rhamnus,Rhamnus,Rhamnus
Pedicularis verticillata,Plantae,Tracheophyta,Magnoliopsida,Lamiales,Orobanchaceae,Pedicularis,Pedicularis verticillata,Pedicularis verticillata
Agave,Plantae,Tracheophyta,Liliopsida,Asparagales,Asparagaceae,Agave,Agave,Agave
Allionia,Plantae,Tracheophyta,Magnoliopsida,Caryophyllales,Nyctaginaceae,Allionia,Allionia,Allionia
Canotia,Plantae,Tracheophyta,Magnoliopsida,Celastrales,Celastraceae,Canotia,Canotia,Canotia
Fouquieria,Plantae,Tracheophyta,Magnoliopsida,Ericales,Fouquieriaceae,Fouquieria,Fouquieria,Fouquieria
Hydrophyllaceae,Plantae,Tracheophyta,Magnoliopsida,Boraginales,Hydrophyllaceae,Hydrophyllaceae,Hydrophyllaceae,Hydrophyllaceae
Larrea,Plantae,Tracheophyta,Magnoliopsida,Zygophyllales,Zygophyllaceae,Larrea,Larrea,Larrea
Mimosa,Plantae,Tracheophyta,Magnoliopsida,Fabales,Fabaceae,Mimosa,Mimosa,Mimosa
Portulacaceae,Plantae,Tracheophyta,Magnoliopsida,Caryophyllales,Portulacaceae,Portulacaceae,Portulacaceae,Portulacaceae
Prosopis,Plantae,Tracheophyta,Magnoliopsida,Fabales,Fabaceae,Prosopis,Prosopis,Prosopis
Simmondsia chinensis,Plantae,Tracheophyta,Magnoliopsida,Caryophyllales,Simmondsiaceae,Simmondsia,Simmondsia chinensis,Simmondsia chinensis
Tidestromia,Plantae,Tracheophyta,Magnoliopsida,Caryophyllales,Amaranthaceae,Tidestromia,Tidestromia,Tidestromia
Yucca,Plantae,Tracheophyta,Liliopsida,Asparagales,Asparagaceae,Yucca,Yucca,Yucca
Anemone canadensis-type,Plantae,Tracheophyta,Magnoliopsida,Ranunculales,Ranunculaceae,Anemone,Anemone,Anemone
Campanula rotundifolia-type,Plantae,Tracheophyta,Magnoliopsida,Asterales,Campanulaceae,Campanula,Campanula,Campanula
Gaura,Plantae,Tracheophyta,Magnoliopsida,Malvales,Cistaceae,Lechea,Lechea,Lechea
Gaura,Plantae,Tracheophyta,Magnoliopsida,Malvales,Cistaceae,Lechea,Lechea,Lechea
Gaura,Plantae,Tracheophyta,Magnoliopsida,Myrtales,Onagraceae,Oenothera,Oenothera,Oenothera
Gaura,Plantae,Tracheophyta,Magnoliopsida,Myrtales,Onagraceae,Oenothera,Oenothera,Oenothera
Momipites,Plantae,Tracheophyta,Magnoliopsida,Fagales,Juglandaceae,Momipites,Momipites,Momipites
Pinaceae (vesiculate) undiff.,Plantae,Tracheophyta,Pinopsida,Pinales,Pinaceae,Pinaceae,Pinaceae,Pinaceae
Ranunculaceae (pericolpate),Plantae,Tracheophyta,Magnoliopsida,Ranunculales,Ranunculaceae,Ranunculaceae,Ranunculaceae,Ranunculaceae
Ranunculaceae (tricolpate) undiff.,Plantae,Tracheophyta,Magnoliopsida,Ranunculales,Ranunculaceae,Ranunculaceae,Ranunculaceae,Ranunculaceae
Zigadenus,Plantae,Tracheophyta,Liliopsida,Liliales,Melanthiaceae,Zigadenus,Zigadenus,Zigadenus
Apocynum,Plantae,Tracheophyta,Magnoliopsida,Gentianales,Apocynaceae,Apocynum,Apocynum,Apocynum
Dicentra,Plantae,Tracheophyta,Magnoliopsida,Ranunculales,Papaveraceae,Dicentra,Dicentra,Dicentra
Menispermum,Plantae,Tracheophyta,Magnoliopsida,Ranunculales,Menispermaceae,Menispermum,Menispermum,Menispermum
Fritillaria camschatcensis,Plantae,Tracheophyta,Liliopsida,Liliales,Liliaceae,Fritillaria,Fritillaria camschatcensis,Fritillaria camschatcensis
Oplopanax horridus,Plantae,Tracheophyta,Magnoliopsida,Apiales,Araliaceae,Oplopanax,Oplopanax horridus,Oplopanax horridus
Picea sitchensis,Plantae,Tracheophyta,Pinopsida,Pinales,Pinaceae,Picea,Picea sitchensis,Picea sitchensis
Populus trichocarpa,Plantae,Tracheophyta,Magnoliopsida,Malpighiales,Salicaceae,Populus,Populus trichocarpa,Populus trichocarpa
Sanguisorba stipulata,Plantae,Tracheophyta,Magnoliopsida,Rosales,Rosaceae,Sanguisorba,Sanguisorba stipulata,Sanguisorba stipulata
Alternanthera,Plantae,Tracheophyta,Magnoliopsida,Caryophyllales,Amaranthaceae,Alternanthera,Alternanthera,Alternanthera
Filipendula rubra,Plantae,Tracheophyta,Magnoliopsida,Rosales,Rosaceae,Filipendula,Filipendula rubra,Filipendula rubra
Polygonum subsect. Polygonella,Plantae,Tracheophyta,Magnoliopsida,Caryophyllales,Polygonaceae,Polygonella,Polygonella,Polygonella
Arabis,Plantae,Tracheophyta,Magnoliopsida,Brassicales,Brassicaceae,Arabis,Arabis,Arabis
Chamaedaphne,Plantae,Tracheophyta,Magnoliopsida,Ericales,Ericaceae,Chamaedaphne,Chamaedaphne,Chamaedaphne
Hamamelis,Plantae,Tracheophyta,Magnoliopsida,Saxifragales,Hamamelidaceae,Hamamelis,Hamamelis,Hamamelis
Maianthemum,Plantae,Tracheophyta,Liliopsida,Asparagales,Asparagaceae,Maianthemum,Maianthemum,Maianthemum
Hamamelidaceae,Plantae,Tracheophyta,Magnoliopsida,Saxifragales,Hamamelidaceae,Hamamelidaceae,Hamamelidaceae,Hamamelidaceae
Platanaceae,Plantae,Tracheophyta,Magnoliopsida,Proteales,Platanaceae,Platanaceae,Platanaceae,Platanaceae
Symphoricarpos albus,Plantae,Tracheophyta,Magnoliopsida,Dipsacales,Caprifoliaceae,Symphoricarpos,Symphoricarpos albus,Symphoricarpos albus
Circaea alpina,Plantae,Tracheophyta,Magnoliopsida,Myrtales,Onagraceae,Circaea,Circaea alpina,Circaea alpina
Claytonia acutifolia,Plantae,Tracheophyta,Magnoliopsida,Caryophyllales,Montiaceae,Claytonia,Claytonia acutifolia,Claytonia acutifolia
Acer negundo-type,Plantae,Tracheophyta,Magnoliopsida,Sapindales,Sapindaceae,Acer,Acer,Acer
Arecaceae undiff.,Plantae,Tracheophyta,Liliopsida,Arecales,Arecaceae,Arecaceae,Arecaceae,Arecaceae
Beta vulgaris-type,Plantae,Tracheophyta,Magnoliopsida,Caryophyllales,Amaranthaceae,Beta,Beta,Beta
Bromeliaceae,Plantae,Tracheophyta,Liliopsida,Poales,Bromeliaceae,Bromeliaceae,Bromeliaceae,Bromeliaceae
Bursera,Plantae,Tracheophyta,Magnoliopsida,Sapindales,Burseraceae,Bursera,Bursera,Bursera
Byrsonima,Plantae,Tracheophyta,Magnoliopsida,Malpighiales,Malpighiaceae,Byrsonima,Byrsonima,Byrsonima
Ceratiola ericoides-type,Plantae,Tracheophyta,Magnoliopsida,Ericales,Ericaceae,Ceratiola,Ceratiola,Ceratiola
Chamaecrista fasciculata-type,Plantae,Tracheophyta,Magnoliopsida,Fabales,Fabaceae,Chamaecrista,Chamaecrista,Chamaecrista
Cyrilla racemiflora,Plantae,Tracheophyta,Magnoliopsida,Ericales,Cyrillaceae,Cyrilla,Cyrilla racemiflora,Cyrilla racemiflora
Hedyosmum,Plantae,Tracheophyta,Magnoliopsida,Chloranthales,Chloranthaceae,Hedyosmum,Hedyosmum,Hedyosmum
Iva frutescens-type,Plantae,Tracheophyta,Magnoliopsida,Asterales,Asteraceae,Iva,Iva,Iva
Lechea,Plantae,Tracheophyta,Magnoliopsida,Malvales,Cistaceae,Lechea,Lechea,Lechea
Myrtaceae undiff.,Plantae,Tracheophyta,Magnoliopsida,Myrtales,Myrtaceae,Myrtaceae,Myrtaceae,Myrtaceae
Osmanthus,Plantae,Tracheophyta,Magnoliopsida,Lamiales,Oleaceae,Osmanthus,Osmanthus,Osmanthus
Paronychia americana,Plantae,Tracheophyta,Magnoliopsida,Caryophyllales,Caryophyllaceae,Paronychia,Paronychia americana,Paronychia americana
Paronychia chartacea,Plantae,Tracheophyta,Magnoliopsida,Caryophyllales,Caryophyllaceae,Paronychia,Paronychia chartacea,Paronychia chartacea
Phoradendron,Plantae,Tracheophyta,Magnoliopsida,Santalales,Viscaceae,Phoradendron,Phoradendron,Phoradendron
Podocarpus,Plantae,Tracheophyta,Pinopsida,Pinales,Podocarpaceae,Podocarpus,Podocarpus,Podocarpus
Polygonum delopyrum-type,Plantae,Tracheophyta,Magnoliopsida,Caryophyllales,Polygonaceae,Polygonum,Polygonum,Polygonum
Polygonum fimbriatum-type,Plantae,Tracheophyta,Magnoliopsida,Caryophyllales,Polygonaceae,Polygonum,Polygonum,Polygonum
Polygonum polygamum-type,Plantae,Tracheophyta,Magnoliopsida,Caryophyllales,Polygonaceae,Polygonum,Polygonum,Polygonum
Sisyrinchium,Plantae,Tracheophyta,Liliopsida,Asparagales,Iridaceae,Sisyrinchium,Sisyrinchium,Sisyrinchium
Solanaceae undiff.,Plantae,Tracheophyta,Magnoliopsida,Solanales,Solanaceae,Solanaceae,Solanaceae,Solanaceae
Tillandsia,Plantae,Tracheophyta,Liliopsida,Poales,Bromeliaceae,Tillandsia,Tillandsia,Tillandsia
Urticaceae undiff.,Plantae,Tracheophyta,Magnoliopsida,Rosales,Urticaceae,Urticaceae,Urticaceae,Urticaceae
Ximenia,Plantae,Tracheophyta,Magnoliopsida,Santalales,Ximeniaceae,Ximenia,Ximenia,Ximenia
Xyris,Plantae,Tracheophyta,Liliopsida,Poales,Xyridaceae,Xyris,Xyris,Xyris
Pinus aristata-type,Plantae,Tracheophyta,Pinopsida,Pinales,Pinaceae,Pinus,Pinus,Pinus
Pinus flexilis-type,Plantae,Tracheophyta,Pinopsida,Pinales,Pinaceae,Pinus,Pinus,Pinus
Pinus ponderosa-type,Plantae,Tracheophyta,Pinopsida,Pinales,Pinaceae,Pinus,Pinus,Pinus
Berchemia scandens,Plantae,Tracheophyta,Magnoliopsida,Rosales,Rhamnaceae,Berchemia,Berchemia scandens,Berchemia scandens
Calycanthus,Plantae,Tracheophyta,Magnoliopsida,Laurales,Calycanthaceae,Calycanthus,Calycanthus,Calycanthus
Cephalanthus occidentalis,Plantae,Tracheophyta,Magnoliopsida,Gentianales,Rubiaceae,Cephalanthus,Cephalanthus occidentalis,Cephalanthus occidentalis
Fraxinus quadrangulata/F. nigra-type,Plantae,Tracheophyta,Magnoliopsida,Lamiales,Oleaceae,Fraxinus,Fraxinus,Fraxinus
Gleditsia,Plantae,Tracheophyta,Magnoliopsida,Fabales,Fabaceae,Gleditsia,Gleditsia,Gleditsia
Prunus americana-type,Plantae,Tracheophyta,Magnoliopsida,Rosales,Rosaceae,Prunus,Prunus,Prunus
Prunus virginiana-type,Plantae,Tracheophyta,Magnoliopsida,Rosales,Rosaceae,Prunus,Prunus,Prunus
Viburnum acerifolium-type,Plantae,Tracheophyta,Magnoliopsida,Dipsacales,Viburnaceae,Viburnum,Viburnum,Viburnum
Viburnum lentago-type,Plantae,Tracheophyta,Magnoliopsida,Dipsacales,Viburnaceae,Viburnum,Viburnum,Viburnum
Chamaedaphne calyculata,Plantae,Tracheophyta,Magnoliopsida,Ericales,Ericaceae,Chamaedaphne,Chamaedaphne calyculata,Chamaedaphne calyculata
Gaultheria,Plantae,Tracheophyta,Magnoliopsida,Ericales,Ericaceae,Gaultheria,Gaultheria,Gaultheria
Gaylussacia,Plantae,Tracheophyta,Magnoliopsida,Ericales,Ericaceae,Gaylussacia,Gaylussacia,Gaylussacia
Lithocarpus,Plantae,Tracheophyta,Magnoliopsida,Fagales,Fagaceae,Lithocarpus,Lithocarpus,Lithocarpus
Maclura,Plantae,Tracheophyta,Magnoliopsida,Rosales,Moraceae,Maclura,Maclura,Maclura
Sapindaceae,Plantae,Tracheophyta,Magnoliopsida,Sapindales,Sapindaceae,Sapindaceae,Sapindaceae,Sapindaceae
Anemone patens,Plantae,Tracheophyta,Magnoliopsida,Ranunculales,Ranunculaceae,Pulsatilla,Pulsatilla patens,Pulsatilla patens
Anemone patens,Plantae,Tracheophyta,Magnoliopsida,Ranunculales,Ranunculaceae,Pulsatilla,Pulsatilla patens,Pulsatilla patens
Anemone patens,Plantae,Tracheophyta,Magnoliopsida,Ranunculales,Ranunculaceae,Pulsatilla,Pulsatilla halleri,Pulsatilla halleri
Anemone patens,Plantae,Tracheophyta,Magnoliopsida,Ranunculales,Ranunculaceae,Pulsatilla,Pulsatilla halleri,Pulsatilla halleri
Anemone quinquefolia-type,Plantae,Tracheophyta,Magnoliopsida,Ranunculales,Ranunculaceae,Anemone,Anemone,Anemone
Asteraceae cf. Cirsium,Plantae,Tracheophyta,Magnoliopsida,Asterales,Asteraceae,Asteraceae,Asteraceae,Asteraceae
Calylophus,Plantae,Tracheophyta,Magnoliopsida,Myrtales,Onagraceae,Oenothera,Oenothera,Oenothera
Dalea candida-type,Plantae,Tracheophyta,Magnoliopsida,Fabales,Fabaceae,Dalea,Dalea,Dalea
Gentiana andrewsii-type,Plantae,Tracheophyta,Magnoliopsida,Gentianales,Gentianaceae,Gentiana,Gentiana,Gentiana
Mentzelia,Plantae,Tracheophyta,Magnoliopsida,Cornales,Loasaceae,Mentzelia,Mentzelia,Mentzelia
Picea indet.,Plantae,Tracheophyta,Pinopsida,Pinales,Pinaceae,Picea,Picea,Picea
Polygonum ramosissimum-type,Plantae,Tracheophyta,Magnoliopsida,Caryophyllales,Polygonaceae,Polygonum,Polygonum,Polygonum
Polygonum tenue-type,Plantae,Tracheophyta,Magnoliopsida,Caryophyllales,Polygonaceae,Polygonum,Polygonum,Polygonum
Tsuga canadensis-type,Plantae,Tracheophyta,Pinopsida,Pinales,Pinaceae,Tsuga,Tsuga,Tsuga
Viburnum rafinesquianum-type,Plantae,Tracheophyta,Magnoliopsida,Dipsacales,Viburnaceae,Viburnum,Viburnum,Viburnum
Leitneria floridana,Plantae,Tracheophyta,Magnoliopsida,Sapindales,Simaroubaceae,Leitneria,Leitneria floridana,Leitneria floridana
Ephedra (branched folds),Plantae,Tracheophyta,Gnetopsida,Ephedrales,Ephedraceae,Ephedra,Ephedra,Ephedra
Ephedra (simple folds),Plantae,Tracheophyta,Gnetopsida,Ephedrales,Ephedraceae,Ephedra,Ephedra,Ephedra
Pinus subg. Strobus (large),Plantae,Tracheophyta,Pinopsida,Pinales,Pinaceae,Pinus,Pinus,Pinus
Pinus subg. Strobus (small),Plantae,Tracheophyta,Pinopsida,Pinales,Pinaceae,Pinus,Pinus,Pinus
Zygophyllaceae,Plantae,Tracheophyta,Magnoliopsida,Zygophyllales,Zygophyllaceae,Zygophyllaceae,Zygophyllaceae,Zygophyllaceae
Ephedraceae,Plantae,Tracheophyta,Gnetopsida,Ephedrales,Ephedraceae,Ephedraceae,Ephedraceae,Ephedraceae
Cassiope tetragona,Plantae,Tracheophyta,Magnoliopsida,Ericales,Ericaceae,Cassiope,Cassiope tetragona,Cassiope tetragona
Cannabaceae sensu stricto undiff.,Plantae,Tracheophyta,Magnoliopsida,Rosales,Cannabaceae,Cannabaceae,Cannabaceae,Cannabaceae
Quercus vaccinifolia,Plantae,Tracheophyta,Magnoliopsida,Fagales,Fagaceae,Quercus,Quercus vacciniifolia,Quercus vacciniifolia
Rutaceae,Plantae,Tracheophyta,Magnoliopsida,Sapindales,Rutaceae,Rutaceae,Rutaceae,Rutaceae
Betula glandulosa-type,Plantae,Tracheophyta,Magnoliopsida,Fagales,Betulaceae,Betula,Betula,Betula
Grossulariaceae,Plantae,Tracheophyta,Magnoliopsida,Saxifragales,Grossulariaceae,Grossulariaceae,Grossulariaceae,Grossulariaceae
Populus grandidentata-type,Plantae,Tracheophyta,Magnoliopsida,Malpighiales,Salicaceae,Populus,Populus,Populus
Coptis,Plantae,Tracheophyta,Magnoliopsida,Ranunculales,Ranunculaceae,Coptis,Coptis,Coptis
Populus cf. P. tremuloides,Plantae,Tracheophyta,Magnoliopsida,Malpighiales,Salicaceae,Populus,Populus,Populus
Thuja,Plantae,Tracheophyta,Pinopsida,Pinales,Cupressaceae,Thuja,Thuja,Thuja
Conioselinum,Plantae,Tracheophyta,Magnoliopsida,Apiales,Apiaceae,Conioselinum,Conioselinum spec,Conioselinum spec
Valeriana sitchensis,Plantae,Tracheophyta,Magnoliopsida,Dipsacales,Caprifoliaceae,Valeriana,Valeriana sitchensis,Valeriana sitchensis
Rosaceae (>20 µm),Plantae,Tracheophyta,Magnoliopsida,Rosales,Rosaceae,Rosaceae,Rosaceae,Rosaceae
Rosaceae (<20 µm),Plantae,Tracheophyta,Magnoliopsida,Rosales,Rosaceae,Rosaceae,Rosaceae,Rosaceae
Rosaceae cf. Holodiscus,Plantae,Tracheophyta,Magnoliopsida,Rosales,Rosaceae,Rosaceae,Rosaceae,Rosaceae
Vaccinium uliginosum-type,Plantae,Tracheophyta,Magnoliopsida,Ericales,Ericaceae,Vaccinium,Vaccinium,Vaccinium
Comptonia peregrina,Plantae,Tracheophyta,Magnoliopsida,Fagales,Myricaceae,Comptonia,Comptonia peregrina,Comptonia peregrina
Viburnum alnifolium,Plantae,Tracheophyta,Magnoliopsida,Dipsacales,Viburnaceae,Viburnum,Viburnum lantanoides,Viburnum lantanoides
Batis,Plantae,Tracheophyta,Magnoliopsida,Brassicales,Bataceae,Batis,Batis,Batis
Heliantheae undiff.,Plantae,Tracheophyta,Magnoliopsida,Asterales,Asteraceae,Heliantheae,Heliantheae,Heliantheae
Acer cf. A. pensylvanicum,Plantae,Tracheophyta,Magnoliopsida,Sapindales,Sapindaceae,Acer,Acer,Acer
Frangula purshiana-type,Plantae,Tracheophyta,Magnoliopsida,Rosales,Rhamnaceae,Frangula,Frangula,Frangula
Pinus contorta/P. ponderosa,Plantae,Tracheophyta,Pinopsida,Pinales,Pinaceae,Pinus,Pinus,Pinus
Pinus monticola/P. albicaulis,Plantae,Tracheophyta,Pinopsida,Pinales,Pinaceae,Pinus,Pinus,Pinus
Populus trichocarpa-type,Plantae,Tracheophyta,Magnoliopsida,Malpighiales,Salicaceae,Populus,Populus,Populus
Prunus cf. P. serotina,Plantae,Tracheophyta,Magnoliopsida,Rosales,Rosaceae,Prunus,Prunus,Prunus
Thuja plicata-type,Plantae,Tracheophyta,Pinopsida,Pinales,Cupressaceae,Thuja,Thuja,Thuja
Cannabaceae cf. Humulus,Plantae,Tracheophyta,Magnoliopsida,Rosales,Cannabaceae,Cannabaceae,Cannabaceae,Cannabaceae
Ranunculaceae cf. Aconitum,Plantae,Tracheophyta,Magnoliopsida,Ranunculales,Ranunculaceae,Ranunculaceae,Ranunculaceae,Ranunculaceae
Rosaceae cf. Adenostoma,Plantae,Tracheophyta,Magnoliopsida,Rosales,Rosaceae,Rosaceae,Rosaceae,Rosaceae
Betula (>20 µm),Plantae,Tracheophyta,Magnoliopsida,Fagales,Betulaceae,Betula,Betula,Betula
Betula (<20 µm),Plantae,Tracheophyta,Magnoliopsida,Fagales,Betulaceae,Betula,Betula,Betula
Acer cf. A. glabrum,Plantae,Tracheophyta,Magnoliopsida,Sapindales,Sapindaceae,Acer,Acer,Acer
Plectritis,Plantae,Tracheophyta,Magnoliopsida,Dipsacales,Caprifoliaceae,Plectritis,Plectritis,Plectritis
Quercus garryana,Plantae,Tracheophyta,Magnoliopsida,Fagales,Fagaceae,Quercus,Quercus garryana,Quercus garryana
Moraceae undiff.,Plantae,Tracheophyta,Magnoliopsida,Rosales,Moraceae,Moraceae,Moraceae,Moraceae
Betula papyrifera,Plantae,Tracheophyta,Magnoliopsida,Fagales,Betulaceae,Betula,Betula papyrifera,Betula papyrifera
Morus rubra,Plantae,Tracheophyta,Magnoliopsida,Rosales,Moraceae,Morus,Morus rubra,Morus rubra
Pinus resinosa,Plantae,Tracheophyta,Pinopsida,Pinales,Pinaceae,Pinus,Pinus resinosa,Pinus resinosa
Araliaceae,Plantae,Tracheophyta,Magnoliopsida,Apiales,Araliaceae,Araliaceae,Araliaceae,Araliaceae
Bumelia,Plantae,Tracheophyta,Magnoliopsida,Ericales,Sapotaceae,Sideroxylon,Sideroxylon,Sideroxylon
Cecropia,Plantae,Tracheophyta,Magnoliopsida,Rosales,Urticaceae,Cecropia,Cecropia,Cecropia
Myrsine,Plantae,Tracheophyta,Magnoliopsida,Ericales,Primulaceae,Myrsine,Myrsine,Myrsine
Pinus clausa-type,Plantae,Tracheophyta,Pinopsida,Pinales,Pinaceae,Pinus,Pinus,Pinus
Sapindus,Plantae,Tracheophyta,Magnoliopsida,Sapindales,Sapindaceae,Sapindus,Sapindus,Sapindus
Brassicaceae cf. Brassica,Plantae,Tracheophyta,Magnoliopsida,Brassicales,Brassicaceae,Brassicaceae,Brassicaceae,Brassicaceae
Campanula aparinoides-type,Plantae,Tracheophyta,Magnoliopsida,Asterales,Campanulaceae,Campanula,Campanula,Campanula
Koenigia alaskana,Plantae,Tracheophyta,Magnoliopsida,Caryophyllales,Polygonaceae,Koenigia,Koenigia lapathifolia,Koenigia lapathifolia
Comandra,Plantae,Tracheophyta,Magnoliopsida,Santalales,Comandraceae,Comandra,Comandra,Comandra
Lilium philadelphicum-type,Plantae,Tracheophyta,Liliopsida,Liliales,Liliaceae,Lilium,Lilium,Lilium
Lysimachia quadriflora-type,Plantae,Tracheophyta,Magnoliopsida,Ericales,Primulaceae,Lysimachia,Lysimachia,Lysimachia
Solanum rostratum,Plantae,Tracheophyta,Magnoliopsida,Solanales,Solanaceae,Solanum,Solanum angustifolium,Solanum angustifolium
Viscaceae sensu stricto,Plantae,Tracheophyta,Magnoliopsida,Santalales,Viscaceae,Viscaceae,Viscaceae,Viscaceae
Ribes aureum,Plantae,Tracheophyta,Magnoliopsida,Saxifragales,Grossulariaceae,Ribes,Ribes aureum,Ribes aureum
Boerhavia,Plantae,Tracheophyta,Magnoliopsida,Caryophyllales,Nyctaginaceae,Boerhavia,Boerhavia,Boerhavia
Diospyros,Plantae,Tracheophyta,Magnoliopsida,Ericales,Ebenaceae,Diospyros,Diospyros,Diospyros
Alnus rhombifolia-type,Plantae,Tracheophyta,Magnoliopsida,Fagales,Betulaceae,Alnus,Alnus,Alnus
Fraxinus latifolia-type,Plantae,Tracheophyta,Magnoliopsida,Lamiales,Oleaceae,Fraxinus,Fraxinus,Fraxinus
Triantha glutinosa,Plantae,Tracheophyta,Liliopsida,Alismatales,Tofieldiaceae,Triantha,Triantha glutinosa,Triantha glutinosa
Parthenocissus vitacea,Plantae,Tracheophyta,Magnoliopsida,Vitales,Vitaceae,Parthenocissus,Parthenocissus inserta,Parthenocissus inserta
Boehmeria,Plantae,Tracheophyta,Magnoliopsida,Rosales,Urticaceae,Boehmeria,Boehmeria,Boehmeria
Trixis,Plantae,Tracheophyta,Magnoliopsida,Asterales,Asteraceae,Trixis,Trixis,Trixis
Picea rubens-type,Plantae,Tracheophyta,Pinopsida,Pinales,Pinaceae,Picea,Picea,Picea
Acer rubrum-type,Plantae,Tracheophyta,Magnoliopsida,Sapindales,Sapindaceae,Acer,Acer,Acer
Magnolia virginiana-type,Plantae,Tracheophyta,Magnoliopsida,Magnoliales,Magnoliaceae,Magnolia,Magnolia,Magnolia
Combretaceae,Plantae,Tracheophyta,Magnoliopsida,Myrtales,Combretaceae,Combretaceae,Combretaceae,Combretaceae
Pinus rigida,Plantae,Tracheophyta,Pinopsida,Pinales,Pinaceae,Pinus,Pinus rigida,Pinus rigida
Acer saccharum/A. nigrum,Plantae,Tracheophyta,Magnoliopsida,Sapindales,Sapindaceae,Acer,Acer,Acer
Acer spicatum-type,Plantae,Tracheophyta,Magnoliopsida,Sapindales,Sapindaceae,Acer,Acer,Acer
Physocarpus,Plantae,Tracheophyta,Magnoliopsida,Rosales,Rosaceae,Physocarpus,Physocarpus,Physocarpus
Pinus rigida-type,Plantae,Tracheophyta,Pinopsida,Pinales,Pinaceae,Pinus,Pinus,Pinus
Acer sp.,Plantae,Tracheophyta,Magnoliopsida,Sapindales,Sapindaceae,Acer,Acer,Acer
Ptelea trifoliata,Plantae,Tracheophyta,Magnoliopsida,Sapindales,Rutaceae,Ptelea,Ptelea trifoliata,Ptelea trifoliata
Rhexia,Plantae,Tracheophyta,Magnoliopsida,Myrtales,Melastomataceae,Rhexia,Rhexia,Rhexia
Pinus subg. Pinus (large),Plantae,Tracheophyta,Pinopsida,Pinales,Pinaceae,Pinus,Pinus,Pinus
Pinus subg. Pinus (small),Plantae,Tracheophyta,Pinopsida,Pinales,Pinaceae,Pinus,Pinus,Pinus
Planera,Plantae,Tracheophyta,Magnoliopsida,Rosales,Ulmaceae,Planera,Planera,Planera
Cassiope tetragona-type,Plantae,Tracheophyta,Magnoliopsida,Ericales,Ericaceae,Cassiope,Cassiope,Cassiope
Oplopanax,Plantae,Tracheophyta,Magnoliopsida,Apiales,Araliaceae,Oplopanax,Oplopanax,Oplopanax
Agrostis,Plantae,Tracheophyta,Liliopsida,Poales,Poaceae,Agrostis,Agrostis,Agrostis
Araceae undiff.,Plantae,Tracheophyta,Liliopsida,Alismatales,Araceae,Araceae,Araceae,Araceae
Chimaphila,Plantae,Tracheophyta,Magnoliopsida,Ericales,Ericaceae,Chimaphila,Chimaphila,Chimaphila
Poa,Plantae,Tracheophyta,Liliopsida,Poales,Poaceae,Poa,Poa,Poa
Apiaceae (coarse reticulate),Plantae,Tracheophyta,Magnoliopsida,Apiales,Apiaceae,Apiaceae,Apiaceae,Apiaceae
"Apiaceae (medium, slender)",Plantae,Tracheophyta,Magnoliopsida,Apiales,Apiaceae,Apiaceae,Apiaceae,Apiaceae
"Ericaceae (large, round)",Plantae,Tracheophyta,Magnoliopsida,Ericales,Ericaceae,Ericaceae,Ericaceae,Ericaceae
"Ericaceae (large, triangular)",Plantae,Tracheophyta,Magnoliopsida,Ericales,Ericaceae,Ericaceae,Ericaceae,Ericaceae
"Ericaceae (medium, soccer ball)",Plantae,Tracheophyta,Magnoliopsida,Ericales,Ericaceae,Ericaceae,Ericaceae,Ericaceae
"Ericaceae (small, round)",Plantae,Tracheophyta,Magnoliopsida,Ericales,Ericaceae,Ericaceae,Ericaceae,Ericaceae
"Ericaceae (small, triangular)",Plantae,Tracheophyta,Magnoliopsida,Ericales,Ericaceae,Ericaceae,Ericaceae,Ericaceae
Betula (large),Plantae,Tracheophyta,Magnoliopsida,Fagales,Betulaceae,Betula,Betula,Betula
Abies sp.,Plantae,Tracheophyta,Pinopsida,Pinales,Pinaceae,Abies,Abies,Abies
Picea sp.,Plantae,Tracheophyta,Pinopsida,Pinales,Pinaceae,Picea,Picea,Picea
Taxaceae,Plantae,Tracheophyta,Pinopsida,Pinales,Taxaceae,Taxaceae,Taxaceae,Taxaceae
Coptis trifolia,Plantae,Tracheophyta,Magnoliopsida,Ranunculales,Ranunculaceae,Coptis,Coptis trifolia,Coptis trifolia
Epilobium palustre,Plantae,Tracheophyta,Magnoliopsida,Myrtales,Onagraceae,Epilobium,Epilobium palustre,Epilobium palustre
Scutellaria galericulata,Plantae,Tracheophyta,Magnoliopsida,Lamiales,Lamiaceae,Scutellaria,Scutellaria galericulata,Scutellaria galericulata
Pinus indet.,Plantae,Tracheophyta,Pinopsida,Pinales,Pinaceae,Pinus,Pinus,Pinus
Valerianaceae undiff.,Plantae,Tracheophyta,Magnoliopsida,Dipsacales,Valerianaceae,Valerianaceae,Valerianaceae,Valerianaceae
Erythranthe guttata,Plantae,Tracheophyta,Magnoliopsida,Lamiales,Phrymaceae,Erythranthe,Erythranthe guttata,Erythranthe guttata
Andromeda polifolia var. latifolia,Plantae,Tracheophyta,Magnoliopsida,Ericales,Ericaceae,Andromeda,Andromeda polifolia,Andromeda polifolia latifolia
Cupressaceae cf. Thuja occidentalis,Plantae,Tracheophyta,Pinopsida,Pinales,Cupressaceae,Cupressaceae,Cupressaceae,Cupressaceae
Prunus serotina,Plantae,Tracheophyta,Magnoliopsida,Rosales,Rosaceae,Prunus,Prunus serotina,Prunus serotina
Rhododendron canadense,Plantae,Tracheophyta,Magnoliopsida,Ericales,Ericaceae,Rhododendron,Rhododendron canadense,Rhododendron canadense
Vaccinium angustifolium-type,Plantae,Tracheophyta,Magnoliopsida,Ericales,Ericaceae,Vaccinium,Vaccinium,Vaccinium
Vaccinium oxycoccos,Plantae,Tracheophyta,Magnoliopsida,Ericales,Ericaceae,Vaccinium,Vaccinium oxycoccos,Vaccinium oxycoccos
Vaccinium undiff.,Plantae,Tracheophyta,Magnoliopsida,Ericales,Ericaceae,Vaccinium,Vaccinium,Vaccinium
Ilex verticillata,Plantae,Tracheophyta,Magnoliopsida,Aquifoliales,Aquifoliaceae,Ilex,Ilex verticillata,Ilex verticillata
Lyonia,Plantae,Tracheophyta,Magnoliopsida,Ericales,Ericaceae,Lyonia,Lyonia,Lyonia
Sanguinaria canadensis,Plantae,Tracheophyta,Magnoliopsida,Ranunculales,Papaveraceae,Sanguinaria,Sanguinaria canadensis,Sanguinaria canadensis
Toxicodendron,Plantae,Tracheophyta,Magnoliopsida,Sapindales,Anacardiaceae,Toxicodendron,Toxicodendron,Toxicodendron
Cassia,Plantae,Tracheophyta,Magnoliopsida,Fabales,Fabaceae,Cassia,Cassia,Cassia
Fabaceae (reticulate),Plantae,Tracheophyta,Magnoliopsida,Fabales,Fabaceae,Fabaceae,Fabaceae,Fabaceae
Hibiscus,Plantae,Tracheophyta,Magnoliopsida,Malvales,Malvaceae,Hibiscus,Hibiscus,Hibiscus
Cucurbitaceae,Plantae,Tracheophyta,Magnoliopsida,Cucurbitales,Cucurbitaceae,Cucurbitaceae,Cucurbitaceae,Cucurbitaceae
Bromus hordeaceus-type,Plantae,Tracheophyta,Liliopsida,Poales,Poaceae,Bromus,Bromus,Bromus
Pinus haploxylon,Plantae,Tracheophyta,Pinopsida,Pinales,Pinaceae,Pinus,Pinus,Pinus
Orontium,Plantae,Tracheophyta,Liliopsida,Alismatales,Araceae,Orontium,Orontium,Orontium
Asteraceae indet.,Plantae,Tracheophyta,Magnoliopsida,Asterales,Asteraceae,Asteraceae,Asteraceae,Asteraceae
Baccharis,Plantae,Tracheophyta,Magnoliopsida,Asterales,Asteraceae,Baccharis,Baccharis,Baccharis
Chaenactis,Plantae,Tracheophyta,Magnoliopsida,Asterales,Asteraceae,Chaenactis,Chaenactis,Chaenactis
Ambrosia sp.,Plantae,Tracheophyta,Magnoliopsida,Asterales,Asteraceae,Ambrosia,Ambrosia,Ambrosia
Rumex mexicanus,Plantae,Tracheophyta,Magnoliopsida,Caryophyllales,Polygonaceae,Rumex,Rumex triangulivalvis,Rumex triangulivalvis
Microsteris,Plantae,Tracheophyta,Magnoliopsida,Ericales,Polemoniaceae,Microsteris,Microsteris,Microsteris
Dryas integrifolia,Plantae,Tracheophyta,Magnoliopsida,Rosales,Rosaceae,Dryas,Dryas integrifolia,Dryas integrifolia
Rhus typhina,Plantae,Tracheophyta,Magnoliopsida,Sapindales,Anacardiaceae,Rhus,Rhus typhina,Rhus typhina
Mentha arvensis,Plantae,Tracheophyta,Magnoliopsida,Lamiales,Lamiaceae,Mentha,Mentha arvensis,Mentha arvensis
Micranthes cf. M. punctata,Plantae,Tracheophyta,Magnoliopsida,Saxifragales,Saxifragaceae,Micranthes,Micranthes,Micranthes
Rubus cf. R. chamaemorus,Plantae,Tracheophyta,Magnoliopsida,Rosales,Rosaceae,Rubus,Rubus,Rubus
Betula (20-25 µm),Plantae,Tracheophyta,Magnoliopsida,Fagales,Betulaceae,Betula,Betula,Betula
Betula (>25 µm),Plantae,Tracheophyta,Magnoliopsida,Fagales,Betulaceae,Betula,Betula,Betula
Nitraria,Plantae,Tracheophyta,Magnoliopsida,Sapindales,Nitrariaceae,Nitraria,Nitraria,Nitraria
Tamaricaceae,Plantae,Tracheophyta,Magnoliopsida,Caryophyllales,Tamaricaceae,Tamaricaceae,Tamaricaceae,Tamaricaceae
Alnus hirsuta,Plantae,Tracheophyta,Magnoliopsida,Fagales,Betulaceae,Alnus,Alnus hirsuta,Alnus hirsuta
Alnus viridis subsp. fruticosa,Plantae,Tracheophyta,Magnoliopsida,Fagales,Betulaceae,Alnus,Alnus alnobetula,Alnus viridis fruticosa
Betula nana subsp. exilis,Plantae,Tracheophyta,Magnoliopsida,Fagales,Betulaceae,Betula,Betula glandulosa,Betula nana exilis
Betula pendula subsp. mandshurica,Plantae,Tracheophyta,Magnoliopsida,Fagales,Betulaceae,Betula,Betula pendula,Betula pendula mandshurica
Chrozophora tinctoria,Plantae,Tracheophyta,Magnoliopsida,Malpighiales,Euphorbiaceae,Chrozophora,Chrozophora tinctoria,Chrozophora tinctoria
Larix gmelinii,Plantae,Tracheophyta,Pinopsida,Pinales,Pinaceae,Larix,Larix gmelinii,Larix gmelinii
Picea obovata,Plantae,Tracheophyta,Pinopsida,Pinales,Pinaceae,Picea,Picea obovata,Picea obovata
Phlox sibirica,Plantae,Tracheophyta,Magnoliopsida,Ericales,Polemoniaceae,Phlox,Phlox sibirica,Phlox sibirica
Haloragis,Plantae,Tracheophyta,Magnoliopsida,Saxifragales,Haloragaceae,Haloragis,Haloragis,Haloragis
Quercus sect. Cyclobalanopsis,Plantae,Tracheophyta,Magnoliopsida,Fagales,Fagaceae,Quercus,Quercus,Quercus
Quercus subg. Quercus,Plantae,Tracheophyta,Magnoliopsida,Fagales,Fagaceae,Quercus,Quercus,Quercus
Carpinus tschonoskii,Plantae,Tracheophyta,Magnoliopsida,Fagales,Betulaceae,Carpinus,Carpinus tschonoskii,Carpinus tschonoskii
Fagus crenata,Plantae,Tracheophyta,Magnoliopsida,Fagales,Fagaceae,Fagus,Fagus crenata,Fagus crenata
Fagus japonica,Plantae,Tracheophyta,Magnoliopsida,Fagales,Fagaceae,Fagus,Fagus japonica,Fagus japonica
Weigela,Plantae,Tracheophyta,Magnoliopsida,Dipsacales,Caprifoliaceae,Weigela,Weigela,Weigela
Phellodendron,Plantae,Tracheophyta,Magnoliopsida,Sapindales,Rutaceae,Phellodendron,Phellodendron,Phellodendron
Reynoutria,Plantae,Tracheophyta,Magnoliopsida,Caryophyllales,Polygonaceae,Reynoutria,Reynoutria,Reynoutria
Skimmia,Plantae,Tracheophyta,Magnoliopsida,Sapindales,Rutaceae,Skimmia,Skimmia,Skimmia
Tsuga diversifolia,Plantae,Tracheophyta,Pinopsida,Pinales,Pinaceae,Tsuga,Tsuga diversifolia,Tsuga diversifolia
Koenigia sect. Aconogonon,Plantae,Tracheophyta,Magnoliopsida,Caryophyllales,Polygonaceae,Koenigia,Koenigia,Koenigia
Lythraceae,Plantae,Tracheophyta,Magnoliopsida,Myrtales,Lythraceae,Lythraceae,Lythraceae,Lythraceae
Betula costata,Plantae,Tracheophyta,Magnoliopsida,Fagales,Betulaceae,Betula,Betula costata,Betula costata
Pinus koraiensis,Plantae,Tracheophyta,Pinopsida,Pinales,Pinaceae,Pinus,Pinus koraiensis,Pinus koraiensis
Betula dahurica,Plantae,Tracheophyta,Magnoliopsida,Fagales,Betulaceae,Betula,Betula dahurica,Betula dahurica
Betula ermanii,Plantae,Tracheophyta,Magnoliopsida,Fagales,Betulaceae,Betula,Betula ermanii,Betula ermanii
Polygonum sect. Polygonum,Plantae,Tracheophyta,Magnoliopsida,Caryophyllales,Polygonaceae,Polygonum,Polygonum,Polygonum
Pterocarya fraxinifolia,Plantae,Tracheophyta,Magnoliopsida,Fagales,Juglandaceae,Pterocarya,Pterocarya fraxinifolia,Pterocarya fraxinifolia
Primula farinosa-type (large),Plantae,Tracheophyta,Magnoliopsida,Ericales,Primulaceae,Primula,Primula,Primula
Eremurus,Plantae,Tracheophyta,Liliopsida,Asparagales,Asphodelaceae,Eremurus,Eremurus,Eremurus
Rheum officinale,Plantae,Tracheophyta,Magnoliopsida,Caryophyllales,Polygonaceae,Rheum,Rheum officinale,Rheum officinale
Astragalus onobrychis-type,Plantae,Tracheophyta,Magnoliopsida,Fabales,Fabaceae,Astragalus,Astragalus,Astragalus
Claytonia undiff.,Plantae,Tracheophyta,Magnoliopsida,Caryophyllales,Montiaceae,Claytonia,Claytonia,Claytonia
Claytonia arctica,Plantae,Tracheophyta,Magnoliopsida,Caryophyllales,Montiaceae,Claytonia,Claytonia arctica,Claytonia arctica
Pinus sibirica,Plantae,Tracheophyta,Pinopsida,Pinales,Pinaceae,Pinus,Pinus sibirica,Pinus sibirica
Claytoniella vassilievii,Plantae,Tracheophyta,Magnoliopsida,Caryophyllales,Montiaceae,Montia,Montia vassilievii,Montia vassilievii
Betula cf. B. fruticosa,Plantae,Tracheophyta,Magnoliopsida,Fagales,Betulaceae,Betula,Betula,Betula
Betula cf. B. pendula,Plantae,Tracheophyta,Magnoliopsida,Fagales,Betulaceae,Betula,Betula,Betula
Patrinia,Plantae,Tracheophyta,Magnoliopsida,Dipsacales,Caprifoliaceae,Patrinia,Patrinia,Patrinia
Abies sibirica,Plantae,Tracheophyta,Pinopsida,Pinales,Pinaceae,Abies,Abies sibirica,Abies sibirica
Betula fruticosa,Plantae,Tracheophyta,Magnoliopsida,Fagales,Betulaceae,Betula,Betula fruticosa,Betula fruticosa
Alnus hirsuta-type,Plantae,Tracheophyta,Magnoliopsida,Fagales,Betulaceae,Alnus,Alnus,Alnus
Bergenia crassifolia,Plantae,Tracheophyta,Magnoliopsida,Saxifragales,Saxifragaceae,Bergenia,Bergenia crassifolia,Bergenia crassifolia
Saxifraga hirsuta,Plantae,Tracheophyta,Magnoliopsida,Saxifragales,Saxifragaceae,Saxifraga,Saxifraga hirsuta,Saxifraga hirsuta
Pedicularis oederi-type,Plantae,Tracheophyta,Magnoliopsida,Lamiales,Orobanchaceae,Pedicularis,Pedicularis,Pedicularis
Aquilegia undiff.,Plantae,Tracheophyta,Magnoliopsida,Ranunculales,Ranunculaceae,Aquilegia,Aquilegia,Aquilegia
Phyllanthus,Plantae,Tracheophyta,Magnoliopsida,Malpighiales,Phyllanthaceae,Phyllanthus,Phyllanthus,Phyllanthus
Tsuga dumosa,Plantae,Tracheophyta,Pinopsida,Pinales,Pinaceae,Tsuga,Tsuga dumosa,Tsuga dumosa
Platycarya,Plantae,Tracheophyta,Magnoliopsida,Fagales,Juglandaceae,Platycarya,Platycarya,Platycarya
Polygonum sp.,Plantae,Tracheophyta,Magnoliopsida,Caryophyllales,Polygonaceae,Polygonum,Polygonum,Polygonum
Adenophora,Plantae,Tracheophyta,Magnoliopsida,Asterales,Campanulaceae,Adenophora,Adenophora,Adenophora
Alangium,Plantae,Tracheophyta,Magnoliopsida,Cornales,Cornaceae,Alangium,Alangium,Alangium
Melastomataceae,Plantae,Tracheophyta,Magnoliopsida,Myrtales,Melastomataceae,Melastomataceae,Melastomataceae,Melastomataceae
Meliaceae undiff.,Plantae,Tracheophyta,Magnoliopsida,Sapindales,Meliaceae,Meliaceae,Meliaceae,Meliaceae
Celastraceae,Plantae,Tracheophyta,Magnoliopsida,Celastrales,Celastraceae,Celastraceae,Celastraceae,Celastraceae
Salicaceae undiff.,Plantae,Tracheophyta,Magnoliopsida,Malpighiales,Salicaceae,Salicaceae,Salicaceae,Salicaceae
Tetracentron,Plantae,Tracheophyta,Magnoliopsida,Trochodendrales,Trochodendraceae,Tetracentron,Tetracentron,Tetracentron
Bignoniaceae undiff.,Plantae,Tracheophyta,Magnoliopsida,Lamiales,Bignoniaceae,Bignoniaceae,Bignoniaceae,Bignoniaceae
Catalpa,Plantae,Tracheophyta,Magnoliopsida,Lamiales,Bignoniaceae,Catalpa,Catalpa,Catalpa
Aporosa,Plantae,Tracheophyta,Magnoliopsida,Malpighiales,Phyllanthaceae,Aporosa,Aporosa,Aporosa
Gesneriaceae,Plantae,Tracheophyta,Magnoliopsida,Lamiales,Gesneriaceae,Gesneriaceae,Gesneriaceae,Gesneriaceae
Pseudolarix,Plantae,Tracheophyta,Pinopsida,Pinales,Pinaceae,Pseudolarix,Pseudolarix,Pseudolarix
Styracaceae,Plantae,Tracheophyta,Magnoliopsida,Ericales,Styracaceae,Styracaceae,Styracaceae,Styracaceae
Biebersteinia,Plantae,Tracheophyta,Magnoliopsida,Sapindales,Biebersteiniaceae,Biebersteinia,Biebersteinia,Biebersteinia
Illicium,Plantae,Tracheophyta,Magnoliopsida,Austrobaileyales,Schisandraceae,Illicium,Illicium,Illicium
Schisandra,Plantae,Tracheophyta,Magnoliopsida,Austrobaileyales,Schisandraceae,Schisandra,Schisandra,Schisandra
Lauraceae,Plantae,Tracheophyta,Magnoliopsida,Laurales,Lauraceae,Lauraceae,Lauraceae,Lauraceae
Reevesia,Plantae,Tracheophyta,Magnoliopsida,Malvales,Malvaceae,Reevesia,Reevesia,Reevesia
Tournefortia,Plantae,Tracheophyta,Magnoliopsida,Boraginales,Heliotropiaceae,Tournefortia,Tournefortia,Tournefortia
Acanthaceae,Plantae,Tracheophyta,Magnoliopsida,Lamiales,Acanthaceae,Acanthaceae,Acanthaceae,Acanthaceae
Morina,Plantae,Tracheophyta,Magnoliopsida,Dipsacales,Caprifoliaceae,Morina,Morina,Morina
Garcinia,Plantae,Tracheophyta,Magnoliopsida,Malpighiales,Clusiaceae,Garcinia,Garcinia,Garcinia
Engelhardia,Plantae,Tracheophyta,Magnoliopsida,Fagales,Juglandaceae,Engelhardia,Engelhardia,Engelhardia
Alnus viridis subsp. fruticosa-type,Plantae,Tracheophyta,Magnoliopsida,Fagales,Betulaceae,Alnus,Alnus alnobetula,Alnus alnobetula
Pinus pumila,Plantae,Tracheophyta,Pinopsida,Pinales,Pinaceae,Pinus,Pinus pumila,Pinus pumila
Ephedra alata-type,Plantae,Tracheophyta,Gnetopsida,Ephedrales,Ephedraceae,Ephedra,Ephedra,Ephedra
Parrotia persica,Plantae,Tracheophyta,Magnoliopsida,Saxifragales,Hamamelidaceae,Parrotia,Parrotia persica,Parrotia persica
Polygonum aviculare/Bistorta officinalis-type,Plantae,Tracheophyta,Magnoliopsida,Caryophyllales,Polygonaceae,Polygonum,Polygonum,Polygonum
Rubiaceae (hexacolpate),Plantae,Tracheophyta,Magnoliopsida,Gentianales,Rubiaceae,Rubiaceae,Rubiaceae,Rubiaceae
Ephedra sp.,Plantae,Tracheophyta,Gnetopsida,Ephedrales,Ephedraceae,Ephedra,Ephedra,Ephedra
Liliaceae sensu lato,Plantae,Tracheophyta,Liliopsida,Liliales,Liliaceae,Liliaceae,Liliaceae,Liliaceae
Ranunculus lanuginosus-type,Plantae,Tracheophyta,Magnoliopsida,Ranunculales,Ranunculaceae,Ranunculus,Ranunculus,Ranunculus
Genista group,Plantae,Tracheophyta,Magnoliopsida,Fabales,Fabaceae,Genista,Genista,Genista
Anemone coronaria,Plantae,Tracheophyta,Magnoliopsida,Ranunculales,Ranunculaceae,Anemone,Anemone coronaria,Anemone coronaria
Betula pubescens var. pumila,Plantae,Tracheophyta,Magnoliopsida,Fagales,Betulaceae,Betula,Betula pubescens,Betula pubescens pumila
Datisca cannabina,Plantae,Tracheophyta,Magnoliopsida,Cucurbitales,Datiscaceae,Datisca,Datisca cannabina,Datisca cannabina
Hypericum hirtellum var. assyriacum-type,Plantae,Tracheophyta,Magnoliopsida,Malpighiales,Hypericaceae,Hypericum,Hypericum hirtellum,Hypericum hirtellum
Rumex cyprius-type,Plantae,Tracheophyta,Magnoliopsida,Caryophyllales,Polygonaceae,Rumex,Rumex,Rumex
Ranunculus asiaticus-type,Plantae,Tracheophyta,Magnoliopsida,Ranunculales,Ranunculaceae,Ranunculus,Ranunculus,Ranunculus
Rumex patientia-type,Plantae,Tracheophyta,Magnoliopsida,Caryophyllales,Polygonaceae,Rumex,Rumex,Rumex
Psylliostachys,Plantae,Tracheophyta,Magnoliopsida,Caryophyllales,Plumbaginaceae,Psylliostachys,Psylliostachys,Psylliostachys
Cephalaria,Plantae,Tracheophyta,Magnoliopsida,Dipsacales,Caprifoliaceae,Cephalaria,Cephalaria,Cephalaria
Malabaila,Plantae,Tracheophyta,Magnoliopsida,Apiales,Apiaceae,Grafia,Grafia,Grafia
Malabaila,Plantae,Tracheophyta,Magnoliopsida,Apiales,Apiaceae,Grafia,Grafia,Grafia
Malabaila,Plantae,Tracheophyta,Magnoliopsida,Apiales,Apiaceae,Pastinaca,Pastinaca,Pastinaca
Malabaila,Plantae,Tracheophyta,Magnoliopsida,Apiales,Apiaceae,Pastinaca,Pastinaca,Pastinaca
Psylliostachys spicata-type,Plantae,Tracheophyta,Magnoliopsida,Caryophyllales,Plumbaginaceae,Psylliostachys,Psylliostachys,Psylliostachys
Gentiana olivieri-type,Plantae,Tracheophyta,Magnoliopsida,Gentianales,Gentianaceae,Gentiana,Gentiana,Gentiana
Leontice leontopetalum,Plantae,Tracheophyta,Magnoliopsida,Ranunculales,Berberidaceae,Leontice,Leontice leontopetalum,Leontice leontopetalum
Atraphaxis,Plantae,Tracheophyta,Magnoliopsida,Caryophyllales,Polygonaceae,Atraphaxis,Atraphaxis,Atraphaxis
Ranunculaceae cf. Anemone/Caltha,Plantae,Tracheophyta,Magnoliopsida,Ranunculales,Ranunculaceae,Ranunculaceae,Ranunculaceae,Ranunculaceae
Polygonaceae (excluding Rumex),Plantae,Tracheophyta,Magnoliopsida,Caryophyllales,Polygonaceae,Polygonaceae,Polygonaceae,Polygonaceae
Podocarpaceae,Plantae,Tracheophyta,Pinopsida,Pinales,Podocarpaceae,Podocarpaceae,Podocarpaceae,Podocarpaceae
Hedysarum hedysaroides,Plantae,Tracheophyta,Magnoliopsida,Fabales,Fabaceae,Hedysarum,Hedysarum hedysaroides,Hedysarum hedysaroides
Delphinium elatum,Plantae,Tracheophyta,Magnoliopsida,Ranunculales,Ranunculaceae,Delphinium,Delphinium elatum,Delphinium elatum
Silene suecica-type,Plantae,Tracheophyta,Magnoliopsida,Caryophyllales,Caryophyllaceae,Silene,Silene,Silene
Quercus indet.,Plantae,Tracheophyta,Magnoliopsida,Fagales,Fagaceae,Quercus,Quercus,Quercus
Quercus ithaburensis,Plantae,Tracheophyta,Magnoliopsida,Fagales,Fagaceae,Quercus,Quercus ithaburensis,Quercus ithaburensis
Amaranthaceae (crumpled),Plantae,Tracheophyta,Magnoliopsida,Caryophyllales,Amaranthaceae,Amaranthaceae,Amaranthaceae,Amaranthaceae
Cedrus (broken),Plantae,Tracheophyta,Pinopsida,Pinales,Pinaceae,Cedrus,Cedrus,Cedrus
Cyperaceae (crumpled),Plantae,Tracheophyta,Liliopsida,Poales,Cyperaceae,Cyperaceae,Cyperaceae,Cyperaceae
Pinaceae (broken),Plantae,Tracheophyta,Pinopsida,Pinales,Pinaceae,Pinaceae,Pinaceae,Pinaceae
Pinaceae (crumpled),Plantae,Tracheophyta,Pinopsida,Pinales,Pinaceae,Pinaceae,Pinaceae,Pinaceae
Pinus (broken),Plantae,Tracheophyta,Pinopsida,Pinales,Pinaceae,Pinus,Pinus,Pinus
Pinus (corroded),Plantae,Tracheophyta,Pinopsida,Pinales,Pinaceae,Pinus,Pinus,Pinus
Pinus (crumpled),Plantae,Tracheophyta,Pinopsida,Pinales,Pinaceae,Pinus,Pinus,Pinus
Pinus (degraded),Plantae,Tracheophyta,Pinopsida,Pinales,Pinaceae,Pinus,Pinus,Pinus
Pinus (fragmented),Plantae,Tracheophyta,Pinopsida,Pinales,Pinaceae,Pinus,Pinus,Pinus
Poaceae (broken),Plantae,Tracheophyta,Liliopsida,Poales,Poaceae,Poaceae,Poaceae,Poaceae
"Poaceae (Cerealia-type, broken)",Plantae,Tracheophyta,Liliopsida,Poales,Poaceae,Poaceae,Poaceae,Poaceae
Cyperaceae (corroded),Plantae,Tracheophyta,Liliopsida,Poales,Cyperaceae,Cyperaceae,Cyperaceae,Cyperaceae
Pinaceae (degraded),Plantae,Tracheophyta,Pinopsida,Pinales,Pinaceae,Pinaceae,Pinaceae,Pinaceae
Cyperaceae (broken),Plantae,Tracheophyta,Liliopsida,Poales,Cyperaceae,Cyperaceae,Cyperaceae,Cyperaceae
Cedrus (crumpled),Plantae,Tracheophyta,Pinopsida,Pinales,Pinaceae,Cedrus,Cedrus,Cedrus
Poaceae (degraded),Plantae,Tracheophyta,Liliopsida,Poales,Poaceae,Poaceae,Poaceae,Poaceae
Oleaceae (broken),Plantae,Tracheophyta,Magnoliopsida,Lamiales,Oleaceae,Oleaceae,Oleaceae,Oleaceae
Poaceae (corroded),Plantae,Tracheophyta,Liliopsida,Poales,Poaceae,Poaceae,Poaceae,Poaceae
Quercus coccifera-type (broken),Plantae,Tracheophyta,Magnoliopsida,Fagales,Fagaceae,Quercus,Quercus,Quercus
Quercus undiff. (broken),Plantae,Tracheophyta,Magnoliopsida,Fagales,Fagaceae,Quercus,Quercus,Quercus
Asteraceae undiff. (broken),Plantae,Tracheophyta,Magnoliopsida,Asterales,Asteraceae,Asteraceae,Asteraceae,Asteraceae
Quercus undiff. (obscured),Plantae,Tracheophyta,Magnoliopsida,Fagales,Fagaceae,Quercus,Quercus,Quercus
"Poaceae (Cerealia-type, crumpled)",Plantae,Tracheophyta,Liliopsida,Poales,Poaceae,Poaceae,Poaceae,Poaceae
Quercus undiff. (crumpled),Plantae,Tracheophyta,Magnoliopsida,Fagales,Fagaceae,Quercus,Quercus,Quercus
Cyperaceae (degraded),Plantae,Tracheophyta,Liliopsida,Poales,Cyperaceae,Cyperaceae,Cyperaceae,Cyperaceae
Pinaceae (corroded),Plantae,Tracheophyta,Pinopsida,Pinales,Pinaceae,Pinaceae,Pinaceae,Pinaceae
Poaceae (crumpled),Plantae,Tracheophyta,Liliopsida,Poales,Poaceae,Poaceae,Poaceae,Poaceae
Asteraceae undiff. (crumpled),Plantae,Tracheophyta,Magnoliopsida,Asterales,Asteraceae,Asteraceae,Asteraceae,Asteraceae
Oleaceae (crumpled),Plantae,Tracheophyta,Magnoliopsida,Lamiales,Oleaceae,Oleaceae,Oleaceae,Oleaceae
Oleaceae (obscured),Plantae,Tracheophyta,Magnoliopsida,Lamiales,Oleaceae,Oleaceae,Oleaceae,Oleaceae
Amaranthaceae (broken),Plantae,Tracheophyta,Magnoliopsida,Caryophyllales,Amaranthaceae,Amaranthaceae,Amaranthaceae,Amaranthaceae
Quercus coccifera-type (crumpled),Plantae,Tracheophyta,Magnoliopsida,Fagales,Fagaceae,Quercus,Quercus,Quercus
"Poaceae (Cerealia-type, corroded)",Plantae,Tracheophyta,Liliopsida,Poales,Poaceae,Poaceae,Poaceae,Poaceae
Cedrus (degraded),Plantae,Tracheophyta,Pinopsida,Pinales,Pinaceae,Cedrus,Cedrus,Cedrus
Pinaceae (obscured),Plantae,Tracheophyta,Pinopsida,Pinales,Pinaceae,Pinaceae,Pinaceae,Pinaceae
Quercus undiff. (degraded),Plantae,Tracheophyta,Magnoliopsida,Fagales,Fagaceae,Quercus,Quercus,Quercus
Quercus undiff. (corroded),Plantae,Tracheophyta,Magnoliopsida,Fagales,Fagaceae,Quercus,Quercus,Quercus
Quercus coccifera-type: corroded,Plantae,Tracheophyta,Magnoliopsida,Fagales,Fagaceae,Quercus,Quercus,Quercus
Allium cf. A. sibiricum,Plantae,Tracheophyta,Liliopsida,Asparagales,Amaryllidaceae,Allium,Allium,Allium
Papaver radicatum-type,Plantae,Tracheophyta,Magnoliopsida,Ranunculales,Papaveraceae,Papaver,Papaver,Papaver
Biscutella,Plantae,Tracheophyta,Magnoliopsida,Brassicales,Brassicaceae,Biscutella,Biscutella,Biscutella
Omalotheca,Plantae,Tracheophyta,Magnoliopsida,Asterales,Asteraceae,Omalotheca,Omalotheca,Omalotheca
Centaurea alpina,Plantae,Tracheophyta,Magnoliopsida,Asterales,Asteraceae,Rhaponticoides,Rhaponticoides alpina,Rhaponticoides alpina
Anthriscus,Plantae,Tracheophyta,Magnoliopsida,Apiales,Apiaceae,Anthriscus,Anthriscus,Anthriscus
Salix,Plantae,Tracheophyta,Magnoliopsida,Malpighiales,Salicaceae,Salix,Salix,Salix
Ulmus,Plantae,Tracheophyta,Magnoliopsida,Rosales,Ulmaceae,Ulmus,Ulmus,Ulmus
Erica tetralix-type,Plantae,Tracheophyta,Magnoliopsida,Ericales,Ericaceae,Erica,tetralix,tetralix
Salix herbacea-type,Plantae,Tracheophyta,Magnoliopsida,Malpighiales,Salicaceae,Salix,herbacea,herbacea
Salix undiff.,Plantae,Tracheophyta,Magnoliopsida,Malpighiales,Salicaceae,Salix,Salix,Salix
Erica,Plantae,Tracheophyta,Magnoliopsida,Ericales,Ericaceae,Erica,Erica,Erica
Salix pentandra-type,Plantae,Tracheophyta,Magnoliopsida,Malpighiales,Salicaceae,Salix,pentandra,pentandra
Salix glauca-type,Plantae,Tracheophyta,Magnoliopsida,Malpighiales,Salicaceae,Salix,glauca,glauca
Salix polaris-type,Plantae,Tracheophyta,Magnoliopsida,Malpighiales,Salicaceae,Salix,polaris,polaris
Listera,Plantae,Tracheophyta,Liliopsida,Asparagales,Orchidaceae,Neottia,Neottia,Neottia
Erica arborea-type,Plantae,Tracheophyta,Magnoliopsida,Ericales,Ericaceae,Erica,arborea,arborea
Lycopus,Plantae,Tracheophyta,Magnoliopsida,Lamiales,Lamiaceae,Lycopus,Lycopus,Lycopus
Erica ciliaris-type,Plantae,Tracheophyta,Magnoliopsida,Ericales,Ericaceae,Erica,ciliaris,ciliaris
Erica cf. E. tetralix,Plantae,Tracheophyta,Magnoliopsida,Ericales,Ericaceae,Erica,tetralix,tetralix
Erica australis-type,Plantae,Tracheophyta,Magnoliopsida,Ericales,Ericaceae,Erica,australis,australis
Erica umbellata-type,Plantae,Tracheophyta,Magnoliopsida,Ericales,Ericaceae,Erica,umbellata,umbellata
Erica undiff.,Plantae,Tracheophyta,Magnoliopsida,Ericales,Ericaceae,Erica,Erica,Erica
Erica scoparia-type,Plantae,Tracheophyta,Magnoliopsida,Ericales,Ericaceae,Erica,scoparia,scoparia
Salix vestita-type,Plantae,Tracheophyta,Magnoliopsida,Malpighiales,Salicaceae,Salix,vestita,vestita
Salix reticulata-type,Plantae,Tracheophyta,Magnoliopsida,Malpighiales,Salicaceae,Salix,reticulata,reticulata
Collinsia,Plantae,Tracheophyta,Magnoliopsida,Lamiales,Plantaginaceae,Collinsia,Collinsia,Collinsia
Cucurbita,Plantae,Tracheophyta,Magnoliopsida,Cucurbitales,Cucurbitaceae,Cucurbita,Cucurbita,Cucurbita
Salix sp.,Plantae,Tracheophyta,Magnoliopsida,Malpighiales,Salicaceae,Salix,Salix,Salix
Mallotus,Plantae,Tracheophyta,Magnoliopsida,Malpighiales,Euphorbiaceae,Mallotus,Mallotus,Mallotus
Ulmus sp.,Plantae,Tracheophyta,Magnoliopsida,Rosales,Ulmaceae,Ulmus,Ulmus,Ulmus
Ulmus undiff.,Plantae,Tracheophyta,Magnoliopsida,Rosales,Ulmaceae,Ulmus,Ulmus,Ulmus
Haplophyllum,Plantae,Tracheophyta,Magnoliopsida,Sapindales,Rutaceae,Haplophyllum,Haplophyllum,Haplophyllum
Hedera,Plantae,Tracheophyta,Magnoliopsida,Apiales,Araliaceae,Hedera,Hedera,Hedera
Prunella,Plantae,Tracheophyta,Magnoliopsida,Lamiales,Lamiaceae,Prunella,Prunella,Prunella
Trifolium,Plantae,Tracheophyta,Magnoliopsida,Fabales,Fabaceae,Trifolium,Trifolium,Trifolium
Trifolium pratense-type,Plantae,Tracheophyta,Magnoliopsida,Fabales,Fabaceae,Trifolium,pratense,pratense
Echinops,Plantae,Tracheophyta,Magnoliopsida,Asterales,Asteraceae,Echinops,Echinops,Echinops
Olea,Plantae,Tracheophyta,Magnoliopsida,Lamiales,Oleaceae,Olea,Olea,Olea
Iris,Plantae,Tracheophyta,Liliopsida,Asparagales,Iridaceae,Iris,Iris,Iris
Viola,Plantae,Tracheophyta,Magnoliopsida,Malpighiales,Violaceae,Viola,Viola,Viola
Chelidonium,Plantae,Tracheophyta,Magnoliopsida,Ranunculales,Papaveraceae,Chelidonium,Chelidonium,Chelidonium
Dryas,Plantae,Tracheophyta,Magnoliopsida,Rosales,Rosaceae,Dryas,Dryas,Dryas
Arenaria,Plantae,Tracheophyta,Magnoliopsida,Caryophyllales,Caryophyllaceae,Arenaria,Arenaria,Arenaria
Trifolium repens-type,Plantae,Tracheophyta,Magnoliopsida,Fabales,Fabaceae,Trifolium,repens,repens
Montia,Plantae,Tracheophyta,Magnoliopsida,Caryophyllales,Montiaceae,Montia,Montia,Montia
Galeopsis,Plantae,Tracheophyta,Magnoliopsida,Lamiales,Lamiaceae,Galeopsis,Galeopsis,Galeopsis
Viola arvensis-type,Plantae,Tracheophyta,Magnoliopsida,Malpighiales,Violaceae,Viola,arvensis,arvensis
Linaria,Plantae,Tracheophyta,Magnoliopsida,Lamiales,Plantaginaceae,Linaria,Linaria,Linaria
Serratula,Plantae,Tracheophyta,Magnoliopsida,Asterales,Asteraceae,Serratula,Serratula,Serratula
Iris pseudacorus-type,Plantae,Tracheophyta,Liliopsida,Asparagales,Iridaceae,Iris,pseudacorus,pseudacorus
Thesium,Plantae,Tracheophyta,Magnoliopsida,Santalales,Santalaceae,Thesium,Thesium,Thesium
Stellaria undiff.,Plantae,Tracheophyta,Magnoliopsida,Caryophyllales,Caryophyllaceae,Stellaria,Stellaria,Stellaria
Hippocrepis,Plantae,Tracheophyta,Magnoliopsida,Fabales,Fabaceae,Hippocrepis,Hippocrepis,Hippocrepis
Hystrix,Plantae,Tracheophyta,Magnoliopsida,Poales,Poaceae,Elymus,Elymus,Elymus
Stellaria cf. S. palustris,Plantae,Tracheophyta,Magnoliopsida,Caryophyllales,Caryophyllaceae,Stellaria,Stellaria,Stellaria
Stellaria,Plantae,Tracheophyta,Magnoliopsida,Caryophyllales,Caryophyllaceae,Stellaria,Stellaria,Stellaria
Stellaria cf. S. media,Plantae,Tracheophyta,Magnoliopsida,Caryophyllales,Caryophyllaceae,Stellaria,Stellaria,Stellaria
Falcaria vulgaris-type,Plantae,Tracheophyta,Magnoliopsida,Apiales,Apiaceae,Falcaria,vulgaris,vulgaris
Trifolium badium-type,Plantae,Tracheophyta,Magnoliopsida,Fabales,Fabaceae,Trifolium,badium,badium
Ficus,Plantae,Tracheophyta,Magnoliopsida,Rosales,Moraceae,Ficus,Ficus,Ficus
Anemone sect. Hepatica,Plantae,Tracheophyta,Magnoliopsida,Ranunculales,Ranunculaceae,Anemone,Anemone,Anemone
Trifolium alpinum-type,Plantae,Tracheophyta,Magnoliopsida,Fabales,Fabaceae,Trifolium,alpinum,alpinum
Cryptomeria,Plantae,Tracheophyta,Pinopsida,Pinales,Cupressaceae,Cryptomeria,Cryptomeria,Cryptomeria
Stellaria holostea-type,Plantae,Tracheophyta,Magnoliopsida,Caryophyllales,Caryophyllaceae,Rabelera,holostea,holostea
Crepis,Plantae,Tracheophyta,Magnoliopsida,Asterales,Asteraceae,Crepis,Crepis,Crepis
Oenanthe fistulosa-type,Plantae,Tracheophyta,Magnoliopsida,Apiales,Apiaceae,Oenanthe,fistulosa,fistulosa
Viola canina-type,Plantae,Tracheophyta,Magnoliopsida,Malpighiales,Violaceae,Viola,canina,canina
Morus alba-type,Plantae,Tracheophyta,Magnoliopsida,Rosales,Moraceae,Morus,alba,alba
Paliurus,Plantae,Tracheophyta,Magnoliopsida,Rosales,Rhamnaceae,Paliurus,Paliurus,Paliurus
Trifolium undiff.,Plantae,Tracheophyta,Magnoliopsida,Fabales,Fabaceae,Trifolium,Trifolium,Trifolium
Morus,Plantae,Tracheophyta,Magnoliopsida,Rosales,Moraceae,Morus,Morus,Morus
Globularia,Plantae,Tracheophyta,Magnoliopsida,Lamiales,Plantaginaceae,Globularia,Globularia,Globularia
Viola tricolor-type,Plantae,Tracheophyta,Magnoliopsida,Malpighiales,Violaceae,Viola,tricolor,tricolor
Trifolium striatum-type,Plantae,Tracheophyta,Magnoliopsida,Fabales,Fabaceae,Trifolium,striatum,striatum
Thymus,Plantae,Tracheophyta,Magnoliopsida,Lamiales,Lamiaceae,Thymus,Thymus,Thymus
Montia fontana-type,Plantae,Tracheophyta,Magnoliopsida,Caryophyllales,Montiaceae,Montia,fontana,fontana
Arenaria serpyllifolia-type,Plantae,Tracheophyta,Magnoliopsida,Caryophyllales,Caryophyllaceae,Arenaria,serpyllifolia,serpyllifolia
Hedera helix-type,Plantae,Tracheophyta,Magnoliopsida,Apiales,Araliaceae,Hedera,helix,helix
Crassula,Plantae,Tracheophyta,Magnoliopsida,Saxifragales,Crassulaceae,Crassula,Crassula,Crassula
Falcaria,Plantae,Tracheophyta,Magnoliopsida,Apiales,Apiaceae,Falcaria,vulgaris,vulgaris
Smilax,Plantae,Tracheophyta,Liliopsida,Liliales,Smilacaceae,Smilax,Smilax,Smilax
Viola odorata-type,Plantae,Tracheophyta,Magnoliopsida,Malpighiales,Violaceae,Viola,odorata,odorata
Iris germanica-type,Plantae,Tracheophyta,Liliopsida,Asparagales,Iridaceae,Iris,Iris,Iris
Dracunculus,Plantae,Tracheophyta,Magnoliopsida,Alismatales,Araceae,Dracunculus,Dracunculus,Dracunculus
Linnaea,Plantae,Tracheophyta,Magnoliopsida,Dipsacales,Caprifoliaceae,Linnaea,borealis,borealis
Trifolium montanum-type,Plantae,Tracheophyta,Magnoliopsida,Fabales,Fabaceae,Trifolium,montanum,montanum
Prunella vulgaris-type,Plantae,Tracheophyta,Magnoliopsida,Lamiales,Lamiaceae,Prunella,vulgaris,vulgaris
Cassiope,Plantae,Tracheophyta,Magnoliopsida,Ericales,Ericaceae,Cassiope,Cassiope,Cassiope
Douglasia,Plantae,Tracheophyta,Magnoliopsida,Ericales,Ericaceae,Douglasia,Douglasia,Douglasia
Mertensia,Plantae,Tracheophyta,Magnoliopsida,Boraginales,Boraginaceae,Mertensia,Mertensia,Mertensia
Lewisia,Plantae,Tracheophyta,Magnoliopsida,Saxifragales,Montiaceae,Lewisia,Lewisia,Lewisia
Amorpha,Plantae,Tracheophyta,Magnoliopsida,Fabales,Fabaceae,Amorpha,Amorpha,Amorpha
Gilia,Plantae,Tracheophyta,Magnoliopsida,Boraginales,Polemoniaceae,Gilia,Gilia,Gilia
Robinia,Plantae,Tracheophyta,Magnoliopsida,Fabales,Fabaceae,Robinia,Robinia,Robinia
Actaea,Plantae,Tracheophyta,Magnoliopsida,Ranunculales,Ranunculaceae,Actaea,Actaea,Actaea
Morus rubra-type,Plantae,Tracheophyta,Magnoliopsida,Rosales,Moraceae,Morus,rubra,rubra
Fritillaria,Plantae,Tracheophyta,Liliopsida,Liliales,Liliaceae,Fritillaria,Fritillaria,Fritillaria
Batis,Plantae,Tracheophyta,Magnoliopsida,Brassicales,Bataceae,Batis,Batis,Batis
Eugenia,Plantae,Tracheophyta,Magnoliopsida,Myrtales,Myrtaceae,Eugenia,Eugenia,Eugenia
Rhexia,Plantae,Tracheophyta,Magnoliopsida,Myrtales,Melastomataceae,Rhexia,Rhexia,Rhexia
Cassiope tetragona-type,Plantae,Tracheophyta,Magnoliopsida,Ericales,Ericaceae,Cassiope,tetragona,tetragona
Chimaphila,Plantae,Tracheophyta,Magnoliopsida,Ericales,Ericaceae,Chimaphila,Chimaphila,Chimaphila
Lyonia,Plantae,Tracheophyta,Magnoliopsida,Ericales,Ericaceae,Lyonia,Lyonia,Lyonia
Phyllanthus,Plantae,Tracheophyta,Magnoliopsida,Malpighiales,Phyllanthaceae,Phyllanthus,Phyllanthus,Phyllanthus
Adenophora,Plantae,Tracheophyta,Magnoliopsida,Asterales,Campanulaceae,Adenophora,Adenophora,Adenophora
