taxon_name,level_1,level_2,level_3,level_4,level_5,level_6,level_7
Abies,Plantae,Tracheophyta,Pinopsida,Pinales,Pinaceae,Abies,Abies
Acer negundo-type,Plantae,Tracheophyta,Magnoliopsida,Sapindales,Sapindaceae,Acer,Acer
Acer rubrum,Plantae,Tracheophyta,Magnoliopsida,Sapindales,Sapindaceae,Acer,Acer rubrum
Acer saccharum-type,Plantae,Tracheophyta,Magnoliopsida,Sapindales,Sapindaceae,Acer,Acer
Acer undiff.,Plantae,Tracheophyta,Magnoliopsida,Sapindales,Sapindaceae,Acer,Acer
Alnus incana-type,Plantae,Tracheophyta,Magnoliopsida,Fagales,Betulaceae,Alnus,Alnus
Amaranthaceae undiff.,Plantae,Tracheophyta,Magnoliopsida,Caryophyllales,Amaranthaceae,Amaranthaceae,Amaranthaceae
Anacardiaceae undiff.,Plantae,Tracheophyta,Magnoliopsida,Sapindales,Anacardiaceae,Anacardiaceae,Anacardiaceae
Apiaceae,Plantae,Tracheophyta,Magnoliopsida,Apiales,Apiaceae,Apiaceae,Apiaceae
Apocynum,Plantae,Tracheophyta,Magnoliopsida,Gentianales,Apocynaceae,Apocynum,Apocynum
Arecaceae undiff.,Plantae,Tracheophyta,Liliopsida,Arecales,Arecaceae,Arecaceae,Arecaceae
Artemisia,Plantae,Tracheophyta,Magnoliopsida,Asterales,Asteraceae,Artemisia,Artemisia
Berberidaceae,Plantae,Tracheophyta,Magnoliopsida,Ranunculales,Berberidaceae,Berberidaceae,Berberidaceae
Beta vulgaris-type,Plantae,Tracheophyta,Magnoliopsida,Caryophyllales,Amaranthaceae,Beta,Beta
Betula,Plantae,Tracheophyta,Magnoliopsida,Fagales,Betulaceae,Betula,Betula
Brassica,Plantae,Tracheophyta,Magnoliopsida,Brassicales,Brassicaceae,Brassica,Brassica
Brassicaceae undiff.,Plantae,Tracheophyta,Magnoliopsida,Brassicales,Brassicaceae,Brassicaceae,Brassicaceae
Bromeliaceae,Plantae,Tracheophyta,Liliopsida,Poales,Bromeliaceae,Bromeliaceae,Bromeliaceae
Bursera,Plantae,Tracheophyta,Magnoliopsida,Sapindales,Burseraceae,Bursera,Bursera
Byrsonima,Plantae,Tracheophyta,Magnoliopsida,Malpighiales,Malpighiaceae,Byrsonima,Byrsonima
Campanulaceae,Plantae,Tracheophyta,Magnoliopsida,Asterales,Campanulaceae,Campanulaceae,Campanulaceae
Carya,Plantae,Tracheophyta,Magnoliopsida,Fagales,Juglandaceae,Carya,Carya
Caryophyllaceae,Plantae,Tracheophyta,Magnoliopsida,Caryophyllales,Caryophyllaceae,Caryophyllaceae,Caryophyllaceae
Ceanothus,Plantae,Tracheophyta,Magnoliopsida,Rosales,Rhamnaceae,Ceanothus,Ceanothus
Cedrus,Plantae,Tracheophyta,Pinopsida,Pinales,Pinaceae,Cedrus,Cedrus
Celtis,Plantae,Tracheophyta,Magnoliopsida,Rosales,Cannabaceae,Celtis,Celtis
Cephalanthus,Plantae,Tracheophyta,Magnoliopsida,Gentianales,Rubiaceae,Cephalanthus,Cephalanthus
Ceratiola ericoides-type,Plantae,Tracheophyta,Magnoliopsida,Ericales,Ericaceae,Ceratiola,Ceratiola
Chamaecrista fasciculata-type,Plantae,Tracheophyta,Magnoliopsida,Fabales,Fabaceae,Chamaecrista,Chamaecrista
Cistaceae,Plantae,Tracheophyta,Magnoliopsida,Malvales,Cistaceae,Cistaceae,Cistaceae
Clethra,Plantae,Tracheophyta,Magnoliopsida,Ericales,Clethraceae,Clethra,Clethra
Corylus,Plantae,Tracheophyta,Magnoliopsida,Fagales,Betulaceae,Corylus,Corylus
Cupressaceae undiff.,Plantae,Tracheophyta,Pinopsida,Pinales,Cupressaceae,Cupressaceae,Cupressaceae
Cyclachaena xanthiifolia-type,Plantae,Tracheophyta,Magnoliopsida,Asterales,Asteraceae,Cyclachaena,Cyclachaena
Cyperaceae,Plantae,Tracheophyta,Liliopsida,Poales,Cyperaceae,Cyperaceae,Cyperaceae
Cyrilla racemiflora,Plantae,Tracheophyta,Magnoliopsida,Ericales,Cyrillaceae,Cyrilla,Cyrilla racemiflora
Dalea,Plantae,Tracheophyta,Magnoliopsida,Fabales,Fabaceae,Dalea,Dalea
Dalea candida-type,Plantae,Tracheophyta,Magnoliopsida,Fabales,Fabaceae,Dalea,Dalea
Dalea purpurea,Plantae,Tracheophyta,Magnoliopsida,Fabales,Fabaceae,Dalea,Dalea purpurea
Dalea undiff.,Plantae,Tracheophyta,Magnoliopsida,Fabales,Fabaceae,Dalea,Dalea
Dodonaea,Plantae,Tracheophyta,Magnoliopsida,Sapindales,Sapindaceae,Dodonaea,Dodonaea
Ericaceae,Plantae,Tracheophyta,Magnoliopsida,Ericales,Ericaceae,Ericaceae,Ericaceae
Euphorbia,Plantae,Tracheophyta,Magnoliopsida,Malpighiales,Euphorbiaceae,Euphorbia,Euphorbia
Fabaceae undiff.,Plantae,Tracheophyta,Magnoliopsida,Fabales,Fabaceae,Fabaceae,Fabaceae
Fagus,Plantae,Tracheophyta,Magnoliopsida,Fagales,Fagaceae,Fagus,Fagus
Fraxinus nigra-type,Plantae,Tracheophyta,Magnoliopsida,Lamiales,Oleaceae,Fraxinus,Fraxinus
Fraxinus pennsylvanica-type,Plantae,Tracheophyta,Magnoliopsida,Lamiales,Oleaceae,Fraxinus,Fraxinus
Fraxinus undiff.,Plantae,Tracheophyta,Magnoliopsida,Lamiales,Oleaceae,Fraxinus,Fraxinus
Galium,Plantae,Tracheophyta,Magnoliopsida,Gentianales,Rubiaceae,Galium,Galium
Gentiana andrewsii-type,Plantae,Tracheophyta,Magnoliopsida,Gentianales,Gentianaceae,Gentiana,Gentiana
Gentianaceae undiff.,Plantae,Tracheophyta,Magnoliopsida,Gentianales,Gentianaceae,Gentianaceae,Gentianaceae
Gordonia,Plantae,Tracheophyta,Magnoliopsida,Ericales,Theaceae,Gordonia,Gordonia
Hedyosmum,Plantae,Tracheophyta,Magnoliopsida,Chloranthales,Chloranthaceae,Hedyosmum,Hedyosmum
Hedysarum,Plantae,Tracheophyta,Magnoliopsida,Fabales,Fabaceae,Hedysarum,Hedysarum
Ilex,Plantae,Tracheophyta,Magnoliopsida,Aquifoliales,Aquifoliaceae,Ilex,Ilex
Impatiens,Plantae,Tracheophyta,Magnoliopsida,Ericales,Balsaminaceae,Impatiens,Impatiens
Iva frutescens-type,Plantae,Tracheophyta,Magnoliopsida,Asterales,Asteraceae,Iva,Iva
Juglans nigra-type,Plantae,Tracheophyta,Magnoliopsida,Fagales,Juglandaceae,Juglans,Juglans
Lamiaceae,Plantae,Tracheophyta,Magnoliopsida,Lamiales,Lamiaceae,Lamiaceae,Lamiaceae
Lechea,Plantae,Tracheophyta,Magnoliopsida,Malvales,Cistaceae,Lechea,Lechea
Liquidambar,Plantae,Tracheophyta,Magnoliopsida,Saxifragales,Altingiaceae,Liquidambar,Liquidambar
Magnolia,Plantae,Tracheophyta,Magnoliopsida,Magnoliales,Magnoliaceae,Magnolia,Magnolia
Malvaceae,Plantae,Tracheophyta,Magnoliopsida,Malvales,Malvaceae,Malvaceae,Malvaceae
Moraceae undiff.,Plantae,Tracheophyta,Magnoliopsida,Rosales,Moraceae,Moraceae,Moraceae
Morus,Animalia,Chordata,Aves,Suliformes,Sulidae,Morus,Morus
Morus,Plantae,Tracheophyta,Magnoliopsida,Rosales,Moraceae,Morus,Morus
Myrica,Plantae,Tracheophyta,Magnoliopsida,Fagales,Myricaceae,Myrica,Myrica
Myrtaceae undiff.,Plantae,Tracheophyta,Magnoliopsida,Myrtales,Myrtaceae,Myrtaceae,Myrtaceae
Nyssa,Plantae,Tracheophyta,Magnoliopsida,Cornales,Nyssaceae,Nyssa,Nyssa
Onagraceae,Plantae,Tracheophyta,Magnoliopsida,Myrtales,Onagraceae,Onagraceae,Onagraceae
Opuntia,Plantae,Tracheophyta,Magnoliopsida,Caryophyllales,Cactaceae,Opuntia,Opuntia
Orchidaceae,Plantae,Tracheophyta,Liliopsida,Asparagales,Orchidaceae,Orchidaceae,Orchidaceae
Osmanthus,Plantae,Tracheophyta,Magnoliopsida,Lamiales,Oleaceae,Osmanthus,Osmanthus
Paronychia americana,Plantae,Tracheophyta,Magnoliopsida,Caryophyllales,Caryophyllaceae,Paronychia,Paronychia americana
Paronychia chartacea,Plantae,Tracheophyta,Magnoliopsida,Caryophyllales,Caryophyllaceae,Paronychia,Paronychia chartacea
Parthenocissus,Plantae,Tracheophyta,Magnoliopsida,Vitales,Vitaceae,Parthenocissus,Parthenocissus
Persicaria amphibia,Plantae,Tracheophyta,Magnoliopsida,Caryophyllales,Polygonaceae,Persicaria,Persicaria amphibia
Phoradendron,Plantae,Tracheophyta,Magnoliopsida,Santalales,Viscaceae,Phoradendron,Phoradendron
Picea,Plantae,Tracheophyta,Pinopsida,Pinales,Pinaceae,Picea,Picea
Pinaceae (vesiculate) undiff.,Plantae,Tracheophyta,Pinopsida,Pinales,Pinaceae,Pinaceae,Pinaceae
Pinus subg. Pinus,Plantae,Tracheophyta,Pinopsida,Pinales,Pinaceae,Pinus,Pinus
Pinus subg. Strobus,Plantae,Tracheophyta,Pinopsida,Pinales,Pinaceae,Pinus,Pinus
Pinus undiff.,Plantae,Tracheophyta,Pinopsida,Pinales,Pinaceae,Pinus,Pinus
Plantago,Plantae,Tracheophyta,Magnoliopsida,Lamiales,Plantaginaceae,Plantago,Plantago
Platanus,Plantae,Tracheophyta,Magnoliopsida,Proteales,Platanaceae,Platanus,Platanus
Poaceae,Plantae,Tracheophyta,Liliopsida,Poales,Poaceae,Poaceae,Poaceae
Podocarpus,Plantae,Tracheophyta,Pinopsida,Pinales,Podocarpaceae,Podocarpus,Podocarpus
Polygalaceae,Plantae,Tracheophyta,Magnoliopsida,Fabales,Polygalaceae,Polygalaceae,Polygalaceae
Polygonum delopyrum-type,Plantae,Tracheophyta,Magnoliopsida,Caryophyllales,Polygonaceae,Polygonum,Polygonum
Polygonum fimbriatum-type,Plantae,Tracheophyta,Magnoliopsida,Caryophyllales,Polygonaceae,Polygonum,Polygonum
Polygonum polygamum-type,Plantae,Tracheophyta,Magnoliopsida,Caryophyllales,Polygonaceae,Polygonum,Polygonum
Polygonum tenue-type,Plantae,Tracheophyta,Magnoliopsida,Caryophyllales,Polygonaceae,Polygonum,Polygonum
Populus,Plantae,Tracheophyta,Magnoliopsida,Malpighiales,Salicaceae,Populus,Populus
Quercus,Plantae,Tracheophyta,Magnoliopsida,Fagales,Fagaceae,Quercus,Quercus
Ranunculaceae undiff.,Plantae,Tracheophyta,Magnoliopsida,Ranunculales,Ranunculaceae,Ranunculaceae,Ranunculaceae
Rhamnaceae undiff.,Plantae,Tracheophyta,Magnoliopsida,Rosales,Rhamnaceae,Rhamnaceae,Rhamnaceae
Rhus,Plantae,Tracheophyta,Magnoliopsida,Sapindales,Anacardiaceae,Rhus,Rhus
Rosaceae undiff.,Plantae,Tracheophyta,Magnoliopsida,Rosales,Rosaceae,Rosaceae,Rosaceae
Rubiaceae undiff.,Plantae,Tracheophyta,Magnoliopsida,Gentianales,Rubiaceae,Rubiaceae,Rubiaceae
Rumex,Plantae,Tracheophyta,Magnoliopsida,Caryophyllales,Polygonaceae,Rumex,Rumex
Rutaceae undiff.,Plantae,Tracheophyta,Magnoliopsida,Sapindales,Rutaceae,Rutaceae,Rutaceae
Sabal,Plantae,Tracheophyta,Liliopsida,Arecales,Arecaceae,Sabal,Sabal
Salix,Plantae,Tracheophyta,Magnoliopsida,Malpighiales,Salicaceae,Salix,Salix
Sambucus,Plantae,Tracheophyta,Magnoliopsida,Dipsacales,Viburnaceae,Sambucus,Sambucus
Sanguisorba,Plantae,Tracheophyta,Magnoliopsida,Rosales,Rosaceae,Sanguisorba,Sanguisorba
Sapindus,Plantae,Tracheophyta,Magnoliopsida,Sapindales,Sapindaceae,Sapindus,Sapindus
Serenoa,Plantae,Tracheophyta,Liliopsida,Arecales,Arecaceae,Serenoa,Serenoa
Shepherdia canadensis,Plantae,Tracheophyta,Magnoliopsida,Rosales,Elaeagnaceae,Shepherdia,Shepherdia canadensis
Sisyrinchium,Plantae,Tracheophyta,Liliopsida,Asparagales,Iridaceae,Sisyrinchium,Sisyrinchium
Solanaceae undiff.,Plantae,Tracheophyta,Magnoliopsida,Solanales,Solanaceae,Solanaceae,Solanaceae
Solanum rostratum,Plantae,Tracheophyta,Magnoliopsida,Solanales,Solanaceae,Solanum,Solanum angustifolium
Symplocos,Plantae,Tracheophyta,Magnoliopsida,Ericales,Symplocaceae,Symplocos,Symplocos
Taxodium,Plantae,Tracheophyta,Pinopsida,Pinales,Cupressaceae,Taxodium,Taxodium
Taxus,Plantae,Tracheophyta,Pinopsida,Pinales,Taxaceae,Taxus,Taxus
Thalictrum,Plantae,Tracheophyta,Magnoliopsida,Ranunculales,Ranunculaceae,Thalictrum,Thalictrum
Tilia,Plantae,Tracheophyta,Magnoliopsida,Malvales,Malvaceae,Tilia,Tilia
Tillandsia,Plantae,Tracheophyta,Liliopsida,Poales,Bromeliaceae,Tillandsia,Tillandsia
Trema,Plantae,Tracheophyta,Magnoliopsida,Rosales,Cannabaceae,Trema,Trema
Trifolium repens-type,Plantae,Tracheophyta,Magnoliopsida,Fabales,Fabaceae,Trifolium,Trifolium
Trifolium repens-type,Animalia,Platyhelminthes,Trematoda,Plagiorchiida,Psilostomidae,Trifolium,Trifolium
Tsuga,Plantae,Tracheophyta,Pinopsida,Pinales,Pinaceae,Tsuga,Tsuga
Ulmus,Plantae,Tracheophyta,Magnoliopsida,Rosales,Ulmaceae,Ulmus,Ulmus
Urticaceae undiff.,Plantae,Tracheophyta,Magnoliopsida,Rosales,Urticaceae,Urticaceae,Urticaceae
Viburnum,Plantae,Tracheophyta,Magnoliopsida,Dipsacales,Viburnaceae,Viburnum,Viburnum
Vitis,Plantae,Tracheophyta,Magnoliopsida,Vitales,Vitaceae,Vitis,Vitis
Xanthium,Plantae,Tracheophyta,Magnoliopsida,Asterales,Asteraceae,Xanthium,Xanthium
Ximenia,Plantae,Tracheophyta,Magnoliopsida,Santalales,Ximeniaceae,Ximenia,Ximenia
Xyris,Plantae,Tracheophyta,Liliopsida,Poales,Xyridaceae,Xyris,Xyris
Alnus incana,Plantae,Tracheophyta,Magnoliopsida,Fagales,Betulaceae,Alnus,Alnus incana
Alnus undiff.,Plantae,Tracheophyta,Magnoliopsida,Fagales,Betulaceae,Alnus,Alnus
Amaranthaceae,Plantae,Tracheophyta,Magnoliopsida,Caryophyllales,Amaranthaceae,Amaranthaceae,Amaranthaceae
Amelanchier,Plantae,Tracheophyta,Magnoliopsida,Rosales,Rosaceae,Amelanchier,Amelanchier
Arceuthobium,Plantae,Tracheophyta,Magnoliopsida,Santalales,Viscaceae,Arceuthobium,Arceuthobium
Brassicaceae,Plantae,Tracheophyta,Magnoliopsida,Brassicales,Brassicaceae,Brassicaceae,Brassicaceae
Ephedra,Plantae,Tracheophyta,Gnetopsida,Ephedrales,Ephedraceae,Ephedra,Ephedra
Eriogonum,Plantae,Tracheophyta,Magnoliopsida,Caryophyllales,Polygonaceae,Eriogonum,Eriogonum
Fabaceae,Plantae,Tracheophyta,Magnoliopsida,Fabales,Fabaceae,Fabaceae,Fabaceae
Fraxinus,Plantae,Tracheophyta,Magnoliopsida,Lamiales,Oleaceae,Fraxinus,Fraxinus
Juniperus,Plantae,Tracheophyta,Pinopsida,Pinales,Cupressaceae,Juniperus,Juniperus
Pinus albicaulis-type,Plantae,Tracheophyta,Pinopsida,Pinales,Pinaceae,Pinus,Pinus
Pinus contorta-type,Plantae,Tracheophyta,Pinopsida,Pinales,Pinaceae,Pinus,Pinus
Polygonaceae undiff.,Plantae,Tracheophyta,Magnoliopsida,Caryophyllales,Polygonaceae,Polygonaceae,Polygonaceae
Potentilla,Plantae,Tracheophyta,Magnoliopsida,Rosales,Rosaceae,Potentilla,Potentilla
Pseudotsuga,Plantae,Tracheophyta,Pinopsida,Pinales,Pinaceae,Pseudotsuga,Pseudotsuga
Sarcobatus,Plantae,Tracheophyta,Magnoliopsida,Caryophyllales,Sarcobataceae,Sarcobatus,Sarcobatus
Sphaeralcea,Plantae,Tracheophyta,Magnoliopsida,Malvales,Malvaceae,Sphaeralcea,Sphaeralcea
Acer,Plantae,Tracheophyta,Magnoliopsida,Sapindales,Sapindaceae,Acer,Acer
Alnus,Plantae,Tracheophyta,Magnoliopsida,Fagales,Betulaceae,Alnus,Alnus
Asteraceae undiff.,Plantae,Tracheophyta,Magnoliopsida,Asterales,Asteraceae,Asteraceae,Asteraceae
Castanea,Plantae,Tracheophyta,Magnoliopsida,Fagales,Fagaceae,Castanea,Castanea
Cornus,Plantae,Tracheophyta,Magnoliopsida,Cornales,Cornaceae,Cornus,Cornus
Juglans,Plantae,Tracheophyta,Magnoliopsida,Fagales,Juglandaceae,Juglans,Juglans
Pinus,Plantae,Tracheophyta,Pinopsida,Pinales,Pinaceae,Pinus,Pinus
Rosaceae,Plantae,Tracheophyta,Magnoliopsida,Rosales,Rosaceae,Rosaceae,Rosaceae
Cupressaceae,Plantae,Tracheophyta,Pinopsida,Pinales,Cupressaceae,Cupressaceae,Cupressaceae
Elaeagnus,Plantae,Tracheophyta,Magnoliopsida,Rosales,Elaeagnaceae,Elaeagnus,Elaeagnus
Ephedra viridis-type,Plantae,Tracheophyta,Gnetopsida,Ephedrales,Ephedraceae,Ephedra,Ephedra
Euphorbiaceae,Plantae,Tracheophyta,Magnoliopsida,Malpighiales,Euphorbiaceae,Euphorbiaceae,Euphorbiaceae
Lamiaceae undiff.,Plantae,Tracheophyta,Magnoliopsida,Lamiales,Lamiaceae,Lamiaceae,Lamiaceae
Larix,Plantae,Tracheophyta,Pinopsida,Pinales,Pinaceae,Larix,Larix
Malvaceae sensu stricto,Plantae,Tracheophyta,Magnoliopsida,Malvales,Malvaceae,Malvaceae,Malvaceae
Persicaria lapathifolia-type,Plantae,Tracheophyta,Magnoliopsida,Caryophyllales,Polygonaceae,Persicaria,Persicaria
Plantago major,Plantae,Tracheophyta,Magnoliopsida,Lamiales,Plantaginaceae,Plantago,Plantago major
Polemonium,Plantae,Tracheophyta,Magnoliopsida,Ericales,Polemoniaceae,Polemonium,Polemonium
Polygonum aviculare-type,Plantae,Tracheophyta,Magnoliopsida,Caryophyllales,Polygonaceae,Polygonum,Polygonum
Primulaceae,Plantae,Tracheophyta,Magnoliopsida,Ericales,Primulaceae,Primulaceae,Primulaceae
Rhamnus,Plantae,Tracheophyta,Magnoliopsida,Rosales,Rhamnaceae,Rhamnus,Rhamnus
Sarcobatus vermiculatus,Plantae,Tracheophyta,Magnoliopsida,Caryophyllales,Sarcobataceae,Sarcobatus,Sarcobatus vermiculatus
Saxifragaceae,Plantae,Tracheophyta,Magnoliopsida,Saxifragales,Saxifragaceae,Saxifragaceae,Saxifragaceae
Scrophulariaceae,Plantae,Tracheophyta,Magnoliopsida,Lamiales,Scrophulariaceae,Scrophulariaceae,Scrophulariaceae
Solanaceae,Plantae,Tracheophyta,Magnoliopsida,Solanales,Solanaceae,Solanaceae,Solanaceae
Viscaceae sensu stricto,Plantae,Tracheophyta,Magnoliopsida,Santalales,Viscaceae,Viscaceae,Viscaceae
Ambrosia,Plantae,Tracheophyta,Magnoliopsida,Asterales,Asteraceae,Ambrosia,Ambrosia
Arctostaphylos,Plantae,Tracheophyta,Magnoliopsida,Ericales,Ericaceae,Arctostaphylos,Arctostaphylos
Berberis,Plantae,Tracheophyta,Magnoliopsida,Ranunculales,Berberidaceae,Berberis,Berberis
Bistorta bistortoides,Plantae,Tracheophyta,Magnoliopsida,Caryophyllales,Polygonaceae,Bistorta,Bistorta bistortoides
Cactaceae,Plantae,Tracheophyta,Magnoliopsida,Caryophyllales,Cactaceae,Cactaceae,Cactaceae
Cercocarpus,Plantae,Tracheophyta,Magnoliopsida,Rosales,Rosaceae,Cercocarpus,Cercocarpus
Cirsium,Plantae,Tracheophyta,Magnoliopsida,Asterales,Asteraceae,Cirsium,Cirsium
Holodiscus,Plantae,Tracheophyta,Magnoliopsida,Rosales,Rosaceae,Holodiscus,Holodiscus
Liliaceae,Plantae,Tracheophyta,Liliopsida,Liliales,Liliaceae,Liliaceae,Liliaceae
Lonicera,Plantae,Tracheophyta,Magnoliopsida,Dipsacales,Caprifoliaceae,Lonicera,Lonicera
Parkinsonia,Plantae,Tracheophyta,Magnoliopsida,Fabales,Fabaceae,Parkinsonia,Parkinsonia
Parkinsonia,Animalia,Mollusca,Cephalopoda,Parkinsoniidae,Parkinsonia,Parkinsonia,Parkinsonia
Pinus edulis-type,Plantae,Tracheophyta,Pinopsida,Pinales,Pinaceae,Pinus,Pinus
Pinus flexilis-type,Plantae,Tracheophyta,Pinopsida,Pinales,Pinaceae,Pinus,Pinus
Polygonum sensu lato undiff.,Plantae,Tracheophyta,Magnoliopsida,Caryophyllales,Polygonaceae,Polygonum,Polygonum
Portulacaceae,Plantae,Tracheophyta,Magnoliopsida,Caryophyllales,Portulacaceae,Portulacaceae,Portulacaceae
Ranunculus,Plantae,Tracheophyta,Magnoliopsida,Ranunculales,Ranunculaceae,Ranunculus,Ranunculus
Ribes,Plantae,Tracheophyta,Magnoliopsida,Saxifragales,Grossulariaceae,Ribes,Ribes
Rubus,Plantae,Tracheophyta,Magnoliopsida,Rosales,Rosaceae,Rubus,Rubus
Trixis,Plantae,Tracheophyta,Magnoliopsida,Asterales,Asteraceae,Trixis,Trixis
Acer negundo,Plantae,Tracheophyta,Magnoliopsida,Sapindales,Sapindaceae,Acer,Acer negundo
Acer saccharinum-type,Plantae,Tracheophyta,Magnoliopsida,Sapindales,Sapindaceae,Acer,Acer
Caprifoliaceae sensu lato undiff.,Plantae,Tracheophyta,Magnoliopsida,Dipsacales,Caprifoliaceae,Caprifoliaceae,Caprifoliaceae
Fraxinus (tetracolpate),Plantae,Tracheophyta,Magnoliopsida,Lamiales,Oleaceae,Fraxinus,Fraxinus
Fraxinus (tricolpate),Plantae,Tracheophyta,Magnoliopsida,Lamiales,Oleaceae,Fraxinus,Fraxinus
Juglans cinerea,Plantae,Tracheophyta,Magnoliopsida,Fagales,Juglandaceae,Juglans,Juglans cinerea
Juglans nigra,Plantae,Tracheophyta,Magnoliopsida,Fagales,Juglandaceae,Juglans,Juglans nigra
Oxyria digyna,Plantae,Tracheophyta,Magnoliopsida,Caryophyllales,Polygonaceae,Oxyria,Oxyria digyna
Rhamnaceae,Plantae,Tracheophyta,Magnoliopsida,Rosales,Rhamnaceae,Rhamnaceae,Rhamnaceae
Salsola,Plantae,Tracheophyta,Magnoliopsida,Caryophyllales,Amaranthaceae,Salsola,Salsola
Cyclachaena xanthiifolia,Plantae,Tracheophyta,Magnoliopsida,Asterales,Asteraceae,Cyclachaena,Cyclachaena xanthiifolia
Ephedra nevadensis-type,Plantae,Tracheophyta,Gnetopsida,Ephedrales,Ephedraceae,Ephedra,Ephedra
Shepherdia argentea,Plantae,Tracheophyta,Magnoliopsida,Rosales,Elaeagnaceae,Shepherdia,Shepherdia argentea
Abies balsamea,Plantae,Tracheophyta,Pinopsida,Pinales,Pinaceae,Abies,Abies balsamea
Acer pensylvanicum,Plantae,Tracheophyta,Magnoliopsida,Sapindales,Sapindaceae,Acer,Acer pensylvanicum
Acer saccharum,Plantae,Tracheophyta,Magnoliopsida,Sapindales,Sapindaceae,Acer,Acer saccharum
Acer spicatum,Plantae,Tracheophyta,Magnoliopsida,Sapindales,Sapindaceae,Acer,Acer spicatum
Alnus viridis-type,Plantae,Tracheophyta,Magnoliopsida,Fagales,Betulaceae,Alnus,Alnus
Betula undiff.,Plantae,Tracheophyta,Magnoliopsida,Fagales,Betulaceae,Betula,Betula
Bistorta vivipara,Plantae,Tracheophyta,Magnoliopsida,Caryophyllales,Polygonaceae,Bistorta,Bistorta vivipara
Carya ovata,Plantae,Tracheophyta,Magnoliopsida,Fagales,Juglandaceae,Carya,Carya ovata
Castanea dentata,Plantae,Tracheophyta,Magnoliopsida,Fagales,Fagaceae,Castanea,Castanea dentata
Corylus cornuta,Plantae,Tracheophyta,Magnoliopsida,Fagales,Betulaceae,Corylus,Corylus cornuta
Epilobium,Plantae,Tracheophyta,Magnoliopsida,Myrtales,Onagraceae,Epilobium,Epilobium
Juniperus communis/Thuja occidentalis-type,Plantae,Tracheophyta,Pinopsida,Pinales,Cupressaceae,Juniperus,Juniperus
Koenigia islandica,Plantae,Tracheophyta,Magnoliopsida,Caryophyllales,Polygonaceae,Koenigia,Koenigia islandica
Myrica gale,Plantae,Tracheophyta,Magnoliopsida,Fagales,Myricaceae,Myrica,Myrica gale
Oxytropis maydelliana-type,Plantae,Tracheophyta,Magnoliopsida,Fabales,Fabaceae,Oxytropis,Oxytropis
Pedicularis,Plantae,Tracheophyta,Magnoliopsida,Lamiales,Orobanchaceae,Pedicularis,Pedicularis
Picea glauca-type,Plantae,Tracheophyta,Pinopsida,Pinales,Pinaceae,Picea,Picea
Picea mariana-type,Plantae,Tracheophyta,Pinopsida,Pinales,Pinaceae,Picea,Picea
Picea undiff.,Plantae,Tracheophyta,Pinopsida,Pinales,Pinaceae,Picea,Picea
Pinaceae,Plantae,Tracheophyta,Pinopsida,Pinales,Pinaceae,Pinaceae,Pinaceae
Pinus banksiana-type,Plantae,Tracheophyta,Pinopsida,Pinales,Pinaceae,Pinus,Pinus
Pinus strobus,Plantae,Tracheophyta,Pinopsida,Pinales,Pinaceae,Pinus,Pinus strobus
Populus balsamifera-type,Plantae,Tracheophyta,Magnoliopsida,Malpighiales,Salicaceae,Populus,Populus
Populus tremuloides-type,Plantae,Tracheophyta,Magnoliopsida,Malpighiales,Salicaceae,Populus,Populus
Prunus,Plantae,Tracheophyta,Magnoliopsida,Rosales,Rosaceae,Prunus,Prunus
Rhamnus alnifolia/Frangula alnus,Plantae,Tracheophyta,Magnoliopsida,Rosales,Rhamnaceae,Rhamnus,Rhamnus
Saxifraga cernua-type,Plantae,Tracheophyta,Magnoliopsida,Saxifragales,Saxifragaceae,Saxifraga,Saxifraga
Saxifraga oppositifolia-type,Plantae,Tracheophyta,Magnoliopsida,Saxifragales,Saxifragaceae,Saxifraga,Saxifraga
Tsuga canadensis,Plantae,Tracheophyta,Pinopsida,Pinales,Pinaceae,Tsuga,Tsuga canadensis
Anacardiaceae,Plantae,Tracheophyta,Magnoliopsida,Sapindales,Anacardiaceae,Anacardiaceae,Anacardiaceae
Aquifoliaceae,Plantae,Tracheophyta,Magnoliopsida,Aquifoliales,Aquifoliaceae,Aquifoliaceae,Aquifoliaceae
Gleditsia,Plantae,Tracheophyta,Magnoliopsida,Fabales,Fabaceae,Gleditsia,Gleditsia
Iva annua-type,Plantae,Tracheophyta,Magnoliopsida,Asterales,Asteraceae,Iva,Iva
Poaceae undiff.,Plantae,Tracheophyta,Liliopsida,Poales,Poaceae,Poaceae,Poaceae
Polygonum sensu lato,Plantae,Tracheophyta,Magnoliopsida,Caryophyllales,Polygonaceae,Polygonum,Polygonum
Shepherdia,Plantae,Tracheophyta,Magnoliopsida,Rosales,Elaeagnaceae,Shepherdia,Shepherdia
Aconitum,Plantae,Tracheophyta,Magnoliopsida,Ranunculales,Ranunculaceae,Aconitum,Aconitum
Alnus viridis,Plantae,Tracheophyta,Magnoliopsida,Fagales,Betulaceae,Alnus,Alnus alnobetula
Alnus viridis,Plantae,Tracheophyta,Magnoliopsida,Fagales,Betulaceae,Alnus,Alnus alnobetula
Alnus viridis,Plantae,Tracheophyta,Magnoliopsida,Fagales,Betulaceae,Alnus,Alnus alnobetula
Alnus viridis,Plantae,Tracheophyta,Magnoliopsida,Fagales,Betulaceae,Alnus,Alnus alnobetula
Boraginaceae,Plantae,Tracheophyta,Magnoliopsida,Boraginales,Boraginaceae,Boraginaceae,Boraginaceae
Ericales,Plantae,Tracheophyta,Magnoliopsida,Ericales,Ericales,Ericales,Ericales
Gentiana,Plantae,Tracheophyta,Magnoliopsida,Gentianales,Gentianaceae,Gentiana,Gentiana
Micranthes hieraciifolia,Plantae,Tracheophyta,Magnoliopsida,Saxifragales,Saxifragaceae,Micranthes,Micranthes hieraciifolia
Pedicularis langsdorffii,Plantae,Tracheophyta,Magnoliopsida,Lamiales,Orobanchaceae,Pedicularis,Pedicularis langsdorffii
Pedicularis verticillata,Plantae,Tracheophyta,Magnoliopsida,Lamiales,Orobanchaceae,Pedicularis,Pedicularis verticillata
Rubus chamaemorus,Plantae,Tracheophyta,Magnoliopsida,Rosales,Rosaceae,Rubus,Rubus chamaemorus
Saxifraga cernua,Plantae,Tracheophyta,Magnoliopsida,Saxifragales,Saxifragaceae,Saxifraga,Saxifraga cernua
Saxifraga tricuspidata,Plantae,Tracheophyta,Magnoliopsida,Saxifragales,Saxifragaceae,Saxifraga,Saxifraga tricuspidata
Saxifragaceae undiff.,Plantae,Tracheophyta,Magnoliopsida,Saxifragales,Saxifragaceae,Saxifragaceae,Saxifragaceae
Valeriana,Plantae,Tracheophyta,Magnoliopsida,Dipsacales,Caprifoliaceae,Valeriana,Valeriana
Astragalus,Plantae,Tracheophyta,Magnoliopsida,Fabales,Fabaceae,Astragalus,Astragalus
Bistorta officinalis,Plantae,Tracheophyta,Magnoliopsida,Caryophyllales,Polygonaceae,Bistorta,Bistorta officinalis
Dryas,Animalia,Arthropoda,Insecta,Lepidoptera,Nymphalidae,Dryas,Dryas
Dryas,Plantae,Tracheophyta,Magnoliopsida,Rosales,Rosaceae,Dryas,Dryas
Linnaea borealis,Plantae,Tracheophyta,Magnoliopsida,Dipsacales,Caprifoliaceae,Linnaea,Linnaea borealis
Oxytropis,Plantae,Tracheophyta,Magnoliopsida,Fabales,Fabaceae,Oxytropis,Oxytropis
Rubus arcticus,Plantae,Tracheophyta,Magnoliopsida,Rosales,Rosaceae,Rubus,Rubus arcticus
Saussurea,Plantae,Tracheophyta,Magnoliopsida,Asterales,Asteraceae,Saussurea,Saussurea
Urtica,Plantae,Tracheophyta,Magnoliopsida,Rosales,Urticaceae,Urtica,Urtica
Eucalyptus,Plantae,Tracheophyta,Magnoliopsida,Myrtales,Myrtaceae,Eucalyptus,Eucalyptus
Ranunculaceae,Plantae,Tracheophyta,Magnoliopsida,Ranunculales,Ranunculaceae,Ranunculaceae,Ranunculaceae
Saxifraga oppositifolia,Plantae,Tracheophyta,Magnoliopsida,Saxifragales,Saxifragaceae,Saxifraga,Saxifraga oppositifolia
Valerianoideae,Plantae,Tracheophyta,Magnoliopsida,Lamiales,Verbenaceae,Stachytarpheta,Stachytarpheta
Asteraceae,Plantae,Tracheophyta,Magnoliopsida,Asterales,Asteraceae,Asteraceae,Asteraceae
Cornaceae,Plantae,Tracheophyta,Magnoliopsida,Cornales,Cornaceae,Cornaceae,Cornaceae
Gentianaceae,Plantae,Tracheophyta,Magnoliopsida,Gentianales,Gentianaceae,Gentianaceae,Gentianaceae
Rubiaceae,Plantae,Tracheophyta,Magnoliopsida,Gentianales,Rubiaceae,Rubiaceae,Rubiaceae
Sapindaceae,Plantae,Tracheophyta,Magnoliopsida,Sapindales,Sapindaceae,Sapindaceae,Sapindaceae
Tsuga heterophylla,Plantae,Tracheophyta,Pinopsida,Pinales,Pinaceae,Tsuga,Tsuga heterophylla
Tsuga mertensiana,Plantae,Tracheophyta,Pinopsida,Pinales,Pinaceae,Tsuga,Tsuga mertensiana
Alnus viridis subsp. crispa,Plantae,Tracheophyta,Magnoliopsida,Fagales,Betulaceae,Alnus,Alnus alnobetula
Betulaceae undiff.,Plantae,Tracheophyta,Magnoliopsida,Fagales,Betulaceae,Betulaceae,Betulaceae
Elaeagnaceae undiff.,Plantae,Tracheophyta,Magnoliopsida,Rosales,Elaeagnaceae,Elaeagnaceae,Elaeagnaceae
Lamium,Plantae,Tracheophyta,Magnoliopsida,Lamiales,Lamiaceae,Lamium,Lamium
Penstemon,Plantae,Tracheophyta,Magnoliopsida,Lamiales,Plantaginaceae,Penstemon,Penstemon
Phlox,Plantae,Tracheophyta,Magnoliopsida,Ericales,Polemoniaceae,Phlox,Phlox
Plantaginaceae undiff.,Plantae,Tracheophyta,Magnoliopsida,Lamiales,Plantaginaceae,Plantaginaceae,Plantaginaceae
Polygonum,Plantae,Tracheophyta,Magnoliopsida,Caryophyllales,Polygonaceae,Polygonum,Polygonum
Populus balsamifera,Plantae,Tracheophyta,Magnoliopsida,Malpighiales,Salicaceae,Populus,Populus balsamifera
Populus tremuloides,Plantae,Tracheophyta,Magnoliopsida,Malpighiales,Salicaceae,Populus,Populus tremuloides
Populus undiff.,Plantae,Tracheophyta,Magnoliopsida,Malpighiales,Salicaceae,Populus,Populus
Caprifoliaceae sensu lato,Plantae,Tracheophyta,Magnoliopsida,Dipsacales,Caprifoliaceae,Caprifoliaceae,Caprifoliaceae
Claytonia,Plantae,Tracheophyta,Magnoliopsida,Caryophyllales,Montiaceae,Claytonia,Claytonia
Polemoniaceae undiff.,Plantae,Tracheophyta,Magnoliopsida,Ericales,Polemoniaceae,Polemoniaceae,Polemoniaceae
Diapensia,Plantae,Tracheophyta,Magnoliopsida,Ericales,Diapensiaceae,Diapensia,Diapensia
Empetrum,Plantae,Tracheophyta,Magnoliopsida,Ericales,Ericaceae,Empetrum,Empetrum
Allium,Plantae,Tracheophyta,Liliopsida,Asparagales,Amaryllidaceae,Allium,Allium
Anemone canadensis-type,Plantae,Tracheophyta,Magnoliopsida,Ranunculales,Ranunculaceae,Anemone,Anemone
Chamaecrista,Plantae,Tracheophyta,Magnoliopsida,Fabales,Fabaceae,Chamaecrista,Chamaecrista
Cornus sericea-type,Plantae,Tracheophyta,Magnoliopsida,Cornales,Cornaceae,Cornus,Cornus
Ephedra trifurca-type,Plantae,Tracheophyta,Gnetopsida,Ephedrales,Ephedraceae,Ephedra,Ephedra
Humulus,Plantae,Tracheophyta,Magnoliopsida,Rosales,Cannabaceae,Humulus,Humulus
Hydrophyllum,Plantae,Tracheophyta,Magnoliopsida,Boraginales,Hydrophyllaceae,Hydrophyllum,Hydrophyllum
Hypoxis,Plantae,Tracheophyta,Liliopsida,Asparagales,Hypoxidaceae,Hypoxis,Hypoxis
Liliaceae undiff.,Plantae,Tracheophyta,Liliopsida,Liliales,Liliaceae,Liliaceae,Liliaceae
Lilium philadelphicum-type,Plantae,Tracheophyta,Liliopsida,Liliales,Liliaceae,Lilium,Lilium
Lysimachia thyrsiflora,Plantae,Tracheophyta,Magnoliopsida,Ericales,Primulaceae,Lysimachia,Lysimachia thyrsiflora
Lythrum,Plantae,Tracheophyta,Magnoliopsida,Myrtales,Lythraceae,Lythrum,Lythrum
Parietaria,Plantae,Tracheophyta,Magnoliopsida,Rosales,Urticaceae,Parietaria,Parietaria
Pinaceae undiff.,Plantae,Tracheophyta,Pinopsida,Pinales,Pinaceae,Pinaceae,Pinaceae
Pinus subg. Strobus undiff.,Plantae,Tracheophyta,Pinopsida,Pinales,Pinaceae,Pinus,Pinus
Ranunculaceae (tricolpate),Plantae,Tracheophyta,Magnoliopsida,Ranunculales,Ranunculaceae,Ranunculaceae,Ranunculaceae
Tidestromia,Plantae,Tracheophyta,Magnoliopsida,Caryophyllales,Amaranthaceae,Tidestromia,Tidestromia
Viburnum lentago,Plantae,Tracheophyta,Magnoliopsida,Dipsacales,Viburnaceae,Viburnum,Viburnum lentago
Zea mays,Plantae,Tracheophyta,Liliopsida,Poales,Poaceae,Zea,Zea mays
Zigadenus,Plantae,Tracheophyta,Liliopsida,Liliales,Melanthiaceae,Zigadenus,Zigadenus
Calluna vulgaris,Plantae,Tracheophyta,Magnoliopsida,Ericales,Ericaceae,Calluna,Calluna vulgaris
Carpinus,Plantae,Tracheophyta,Magnoliopsida,Fagales,Betulaceae,Carpinus,Carpinus
Centaurea cyanus,Plantae,Tracheophyta,Magnoliopsida,Asterales,Asteraceae,Centaurea,Centaurea cyanus
Fagopyrum,Plantae,Tracheophyta,Magnoliopsida,Caryophyllales,Polygonaceae,Fagopyrum,Fagopyrum
Frangula alnus,Plantae,Tracheophyta,Magnoliopsida,Rosales,Rhamnaceae,Frangula,Frangula alnus
Hedera,Plantae,Tracheophyta,Magnoliopsida,Apiales,Araliaceae,Hedera,Hedera
Hedera,Animalia,Cnidaria,Anthozoa,Malacalcyonacea,Alcyoniidae,Hedera,Hedera
Plantago lanceolata,Plantae,Tracheophyta,Magnoliopsida,Lamiales,Plantaginaceae,Plantago,Plantago lanceolata
Plantago media,Plantae,Tracheophyta,Magnoliopsida,Lamiales,Plantaginaceae,Plantago,Plantago media
Viscum,Plantae,Tracheophyta,Magnoliopsida,Santalales,Viscaceae,Viscum,Viscum
Calluna,Plantae,Tracheophyta,Magnoliopsida,Ericales,Ericaceae,Calluna,Calluna
Campanula,Plantae,Tracheophyta,Magnoliopsida,Asterales,Campanulaceae,Campanula,Campanula
Circaea,Plantae,Tracheophyta,Magnoliopsida,Myrtales,Onagraceae,Circaea,Circaea
Crataegus,Plantae,Tracheophyta,Magnoliopsida,Rosales,Rosaceae,Crataegus,Crataegus
Filipendula,Plantae,Tracheophyta,Magnoliopsida,Rosales,Rosaceae,Filipendula,Filipendula
Helianthemum,Plantae,Tracheophyta,Magnoliopsida,Malvales,Cistaceae,Helianthemum,Helianthemum
Lactuca,Plantae,Tracheophyta,Magnoliopsida,Asterales,Asteraceae,Lactuca,Lactuca
Lythrum salicaria,Plantae,Tracheophyta,Magnoliopsida,Myrtales,Lythraceae,Lythrum,Lythrum salicaria
Melampyrum,Plantae,Tracheophyta,Magnoliopsida,Lamiales,Orobanchaceae,Melampyrum,Melampyrum
Narthecium,Plantae,Tracheophyta,Liliopsida,Dioscoreales,Nartheciaceae,Narthecium,Narthecium
Plantago undiff.,Plantae,Tracheophyta,Magnoliopsida,Lamiales,Plantaginaceae,Plantago,Plantago
Polygala,Plantae,Tracheophyta,Magnoliopsida,Fabales,Polygalaceae,Polygala,Polygala
Pulmonaria obscura-type,Plantae,Tracheophyta,Magnoliopsida,Boraginales,Boraginaceae,Pulmonaria,Pulmonaria
Rhinanthus,Plantae,Tracheophyta,Magnoliopsida,Lamiales,Orobanchaceae,Rhinanthus,Rhinanthus
Rumex acetosa,Plantae,Tracheophyta,Magnoliopsida,Caryophyllales,Polygonaceae,Rumex,Rumex acetosa
Rumex acetosella,Plantae,Tracheophyta,Magnoliopsida,Caryophyllales,Polygonaceae,Rumex,Rumex acetosella
Rumex obtusifolius,Plantae,Tracheophyta,Magnoliopsida,Caryophyllales,Polygonaceae,Rumex,Rumex obtusifolius
Rumex undiff.,Plantae,Tracheophyta,Magnoliopsida,Caryophyllales,Polygonaceae,Rumex,Rumex
Scabiosa,Plantae,Tracheophyta,Magnoliopsida,Dipsacales,Caprifoliaceae,Scabiosa,Scabiosa
Sorbus,Plantae,Tracheophyta,Magnoliopsida,Rosales,Rosaceae,Sorbus,Sorbus
Succisa,Plantae,Tracheophyta,Magnoliopsida,Dipsacales,Caprifoliaceae,Succisa,Succisa
Ulex,Plantae,Tracheophyta,Magnoliopsida,Fabales,Fabaceae,Ulex,Ulex
Armeria,Plantae,Tracheophyta,Magnoliopsida,Caryophyllales,Plumbaginaceae,Armeria,Armeria
Centaurea,Plantae,Tracheophyta,Magnoliopsida,Asterales,Asteraceae,Centaurea,Centaurea
Chenopodiaceae sensu stricto,Plantae,Tracheophyta,Magnoliopsida,Caryophyllales,Amaranthaceae,Amaranthaceae,Amaranthaceae
Faboideae,Plantae,Tracheophyta,Magnoliopsida,Fabales,Fabaceae,Faboidea,Faboidea
Gentianella,Plantae,Tracheophyta,Magnoliopsida,Gentianales,Gentianaceae,Gentianella,Gentianella
Geraniaceae,Plantae,Tracheophyta,Magnoliopsida,Geraniales,Geraniaceae,Geraniaceae,Geraniaceae
Hypericum,Plantae,Tracheophyta,Magnoliopsida,Malpighiales,Hypericaceae,Hypericum,Hypericum
Plantago maritima,Plantae,Tracheophyta,Magnoliopsida,Lamiales,Plantaginaceae,Plantago,Plantago maritima
Prunella,Animalia,Chordata,Aves,Passeriformes,Prunellidae,Prunella,Prunella
Prunella,Plantae,Tracheophyta,Magnoliopsida,Lamiales,Lamiaceae,Prunella,Prunella
Pterocarya,Plantae,Tracheophyta,Magnoliopsida,Fagales,Juglandaceae,Pterocarya,Pterocarya
Trifolium,Plantae,Tracheophyta,Magnoliopsida,Fabales,Fabaceae,Trifolium,Trifolium
Trifolium,Animalia,Platyhelminthes,Trematoda,Plagiorchiida,Psilostomidae,Trifolium,Trifolium
Verbenaceae,Plantae,Tracheophyta,Magnoliopsida,Lamiales,Verbenaceae,Verbenaceae,Verbenaceae
Betula nana-type,Plantae,Tracheophyta,Magnoliopsida,Fagales,Betulaceae,Betula,Betula
Ericales undiff.,Plantae,Tracheophyta,Magnoliopsida,Ericales,Ericales,Ericales,Ericales
Plantago major/P. media,Plantae,Tracheophyta,Magnoliopsida,Lamiales,Plantaginaceae,Plantago,Plantago
Rumex subg. Acetosa,Plantae,Tracheophyta,Magnoliopsida,Caryophyllales,Polygonaceae,Rumex,Rumex
Abies alba,Plantae,Tracheophyta,Pinopsida,Pinales,Pinaceae,Abies,Abies alba
Bistorta officinalis-type,Plantae,Tracheophyta,Magnoliopsida,Caryophyllales,Polygonaceae,Bistorta,Bistorta
Cardamine pratensis-type,Plantae,Tracheophyta,Magnoliopsida,Brassicales,Brassicaceae,Cardamine,Cardamine
Carpinus betulus,Plantae,Tracheophyta,Magnoliopsida,Fagales,Betulaceae,Carpinus,Carpinus betulus
Centaurea scabiosa,Plantae,Tracheophyta,Magnoliopsida,Asterales,Asteraceae,Centaurea,Centaurea scabiosa
Chamaenerion angustifolium,Plantae,Tracheophyta,Magnoliopsida,Myrtales,Onagraceae,Chamaenerion,Chamaenerion angustifolium
Chrysosplenium,Plantae,Tracheophyta,Magnoliopsida,Saxifragales,Saxifragaceae,Chrysosplenium,Chrysosplenium
Corylus avellana,Plantae,Tracheophyta,Magnoliopsida,Fagales,Betulaceae,Corylus,Corylus avellana
Echium,Plantae,Tracheophyta,Magnoliopsida,Boraginales,Boraginaceae,Echium,Echium
Ephedra foeminea-type,Plantae,Tracheophyta,Gnetopsida,Ephedrales,Ephedraceae,Ephedra,Ephedra
Euonymus,Plantae,Tracheophyta,Magnoliopsida,Celastrales,Celastraceae,Euonymus,Euonymus
Fagus sylvatica,Plantae,Tracheophyta,Magnoliopsida,Fagales,Fagaceae,Fagus,Fagus sylvatica
Larix decidua,Plantae,Tracheophyta,Pinopsida,Pinales,Pinaceae,Larix,Larix decidua
Lysimachia vulgaris-type,Plantae,Tracheophyta,Magnoliopsida,Ericales,Primulaceae,Lysimachia,Lysimachia
Parnassia palustris,Plantae,Tracheophyta,Magnoliopsida,Celastrales,Parnassiaceae,Parnassia,Parnassia palustris
Persicaria maculosa-type,Plantae,Tracheophyta,Magnoliopsida,Caryophyllales,Polygonaceae,Persicaria,Persicaria
Picea abies,Plantae,Tracheophyta,Pinopsida,Pinales,Pinaceae,Picea,Picea abies
Pleurospermum,Plantae,Tracheophyta,Magnoliopsida,Apiales,Apiaceae,Pleurospermum,Pleurospermum
Polygonum aviculare,Plantae,Tracheophyta,Magnoliopsida,Caryophyllales,Polygonaceae,Polygonum,Polygonum aviculare
Ranunculus arvensis-type,Plantae,Tracheophyta,Magnoliopsida,Ranunculales,Ranunculaceae,Ranunculus,Ranunculus
Rumex acetosa-type,Plantae,Tracheophyta,Magnoliopsida,Caryophyllales,Polygonaceae,Rumex,Rumex
Sambucus nigra-type,Plantae,Tracheophyta,Magnoliopsida,Dipsacales,Viburnaceae,Sambucus,Sambucus
Sanguisorba officinalis,Plantae,Tracheophyta,Magnoliopsida,Rosales,Rosaceae,Sanguisorba,Sanguisorba officinalis
Trifolium pratense-type,Plantae,Tracheophyta,Magnoliopsida,Fabales,Fabaceae,Trifolium,Trifolium
Trifolium pratense-type,Animalia,Platyhelminthes,Trematoda,Plagiorchiida,Psilostomidae,Trifolium,Trifolium
Viburnum undiff.,Plantae,Tracheophyta,Magnoliopsida,Dipsacales,Viburnaceae,Viburnum,Viburnum
Betula nana,Plantae,Tracheophyta,Magnoliopsida,Fagales,Betulaceae,Betula,Betula nana
Dryas octopetala,Plantae,Tracheophyta,Magnoliopsida,Rosales,Rosaceae,Dryas,Dryas octopetala
Hippophaë,Plantae,Tracheophyta,Magnoliopsida,Rosales,Elaeagnaceae,Hippophae,Hippophae
Mercurialis,Plantae,Tracheophyta,Magnoliopsida,Malpighiales,Euphorbiaceae,Mercurialis,Mercurialis
Portulaca,Plantae,Tracheophyta,Magnoliopsida,Caryophyllales,Portulacaceae,Portulaca,Portulaca
Secale,Plantae,Tracheophyta,Liliopsida,Poales,Poaceae,Secale,Secale
Triticum,Plantae,Tracheophyta,Liliopsida,Poales,Poaceae,Triticum,Triticum
Acer platanoides,Plantae,Tracheophyta,Magnoliopsida,Sapindales,Sapindaceae,Acer,Acer platanoides
Alnus glutinosa,Plantae,Tracheophyta,Magnoliopsida,Fagales,Betulaceae,Alnus,Alnus glutinosa
Caryophyllaceae undiff.,Plantae,Tracheophyta,Magnoliopsida,Caryophyllales,Caryophyllaceae,Caryophyllaceae,Caryophyllaceae
Convolvulaceae,Plantae,Tracheophyta,Magnoliopsida,Solanales,Convolvulaceae,Convolvulaceae,Convolvulaceae
Echinops,Animalia,Chordata,Mammalia,Afrosoricida,Tenrecidae,Echinops,Echinops
Echinops,Plantae,Tracheophyta,Magnoliopsida,Asterales,Asteraceae,Echinops,Echinops
Fagopyrum esculentum,Plantae,Tracheophyta,Magnoliopsida,Caryophyllales,Polygonaceae,Fagopyrum,Fagopyrum esculentum
Fagopyrum tataricum,Plantae,Tracheophyta,Magnoliopsida,Caryophyllales,Polygonaceae,Fagopyrum,Fagopyrum tataricum
Fagopyrum undiff.,Plantae,Tracheophyta,Magnoliopsida,Caryophyllales,Polygonaceae,Fagopyrum,Fagopyrum
Hippophaë rhamnoides,Plantae,Tracheophyta,Magnoliopsida,Rosales,Elaeagnaceae,Hippophae,Hippophae rhamnoides
Knautia arvensis,Plantae,Tracheophyta,Magnoliopsida,Dipsacales,Caprifoliaceae,Knautia,Knautia arvensis
Pinus sylvestris,Plantae,Tracheophyta,Pinopsida,Pinales,Pinaceae,Pinus,Pinus sylvestris
Plumbaginaceae,Plantae,Tracheophyta,Magnoliopsida,Caryophyllales,Plumbaginaceae,Plumbaginaceae,Plumbaginaceae
Thalictrum aquilegiifolium,Plantae,Tracheophyta,Magnoliopsida,Ranunculales,Ranunculaceae,Thalictrum,Thalictrum aquilegiifolium
Thalictrum lucidum,Plantae,Tracheophyta,Magnoliopsida,Ranunculales,Ranunculaceae,Thalictrum,Thalictrum lucidum
Thalictrum undiff.,Plantae,Tracheophyta,Magnoliopsida,Ranunculales,Ranunculaceae,Thalictrum,Thalictrum
Ulmus glabra,Plantae,Tracheophyta,Magnoliopsida,Rosales,Ulmaceae,Ulmus,Ulmus glabra
Ulmus laevis,Plantae,Tracheophyta,Magnoliopsida,Rosales,Ulmaceae,Ulmus,Ulmus laevis
Ulmus minor,Plantae,Tracheophyta,Magnoliopsida,Rosales,Ulmaceae,Ulmus,Ulmus minor
Vitis vinifera,Plantae,Tracheophyta,Magnoliopsida,Vitales,Vitaceae,Vitis,Vitis vinifera
Anemone,Plantae,Tracheophyta,Magnoliopsida,Ranunculales,Ranunculaceae,Anemone,Anemone
Arctium,Plantae,Tracheophyta,Magnoliopsida,Asterales,Asteraceae,Arctium,Arctium
Hypericaceae,Plantae,Tracheophyta,Magnoliopsida,Malpighiales,Hypericaceae,Hypericaceae,Hypericaceae
Matricaria,Plantae,Tracheophyta,Magnoliopsida,Asterales,Asteraceae,Matricaria,Matricaria
Tilia platyphyllos,Plantae,Tracheophyta,Magnoliopsida,Malvales,Malvaceae,Tilia,Tilia platyphyllos
Koenigia,Plantae,Tracheophyta,Magnoliopsida,Caryophyllales,Polygonaceae,Koenigia,Koenigia
Medicago,Plantae,Tracheophyta,Magnoliopsida,Fabales,Fabaceae,Medicago,Medicago
Tilia cordata,Plantae,Tracheophyta,Magnoliopsida,Malvales,Malvaceae,Tilia,Tilia cordata
Arbutus unedo,Plantae,Tracheophyta,Magnoliopsida,Ericales,Ericaceae,Arbutus,Arbutus unedo
Armeria maritima (type A),Plantae,Tracheophyta,Magnoliopsida,Caryophyllales,Plumbaginaceae,Armeria,Armeria maritima
Empetrum nigrum,Plantae,Tracheophyta,Magnoliopsida,Ericales,Ericaceae,Empetrum,Empetrum nigrum
Erica tetralix,Plantae,Tracheophyta,Magnoliopsida,Ericales,Ericaceae,Erica,Erica tetralix
Fraxinus excelsior,Plantae,Tracheophyta,Magnoliopsida,Lamiales,Oleaceae,Fraxinus,Fraxinus excelsior
Hedera helix,Plantae,Tracheophyta,Magnoliopsida,Apiales,Araliaceae,Hedera,Hedera helix
Ilex aquifolium,Plantae,Tracheophyta,Magnoliopsida,Aquifoliales,Aquifoliaceae,Ilex,Ilex aquifolium
Juglans regia,Plantae,Tracheophyta,Magnoliopsida,Fagales,Juglandaceae,Juglans,Juglans regia
Lonicera periclymenum,Plantae,Tracheophyta,Magnoliopsida,Dipsacales,Caprifoliaceae,Lonicera,Lonicera periclymenum
Narthecium ossifragum,Plantae,Tracheophyta,Liliopsida,Dioscoreales,Nartheciaceae,Narthecium,Narthecium ossifragum
Plantago coronopus,Plantae,Tracheophyta,Magnoliopsida,Lamiales,Plantaginaceae,Plantago,Plantago coronopus
Plantago lanceolata-type,Plantae,Tracheophyta,Magnoliopsida,Lamiales,Plantaginaceae,Plantago,Plantago
Plantago uniflora,Plantae,Tracheophyta,Magnoliopsida,Lamiales,Plantaginaceae,Plantago,Plantago uniglumis
Plantago uniflora,Plantae,Tracheophyta,Magnoliopsida,Lamiales,Plantaginaceae,Plantago,Plantago uniglumis
Plantago uniflora,Plantae,Tracheophyta,Magnoliopsida,Lamiales,Plantaginaceae,Plantago,Plantago uniglumis
Plantago uniflora,Plantae,Tracheophyta,Magnoliopsida,Lamiales,Plantaginaceae,Plantago,Plantago unibracteata
Plantago uniflora,Plantae,Tracheophyta,Magnoliopsida,Lamiales,Plantaginaceae,Plantago,Plantago unibracteata
Plantago uniflora,Plantae,Tracheophyta,Magnoliopsida,Lamiales,Plantaginaceae,Plantago,Plantago unibracteata
Plantago uniflora,Plantae,Tracheophyta,Magnoliopsida,Lamiales,Plantaginaceae,Littorella,Littorella uniflora
Plantago uniflora,Plantae,Tracheophyta,Magnoliopsida,Lamiales,Plantaginaceae,Littorella,Littorella uniflora
Plantago uniflora,Plantae,Tracheophyta,Magnoliopsida,Lamiales,Plantaginaceae,Littorella,Littorella uniflora
Potentilla undiff.,Plantae,Tracheophyta,Magnoliopsida,Rosales,Rosaceae,Potentilla,Potentilla
Saxifraga,Plantae,Tracheophyta,Magnoliopsida,Saxifragales,Saxifragaceae,Saxifraga,Saxifraga
Sedum,Plantae,Tracheophyta,Magnoliopsida,Saxifragales,Crassulaceae,Sedum,Sedum
Taxus baccata,Plantae,Tracheophyta,Pinopsida,Pinales,Taxaceae,Taxus,Taxus baccata
Teucrium,Plantae,Tracheophyta,Magnoliopsida,Lamiales,Lamiaceae,Teucrium,Teucrium
Urtica dioica,Plantae,Tracheophyta,Magnoliopsida,Rosales,Urticaceae,Urtica,Urtica dioica
Vaccinium,Plantae,Tracheophyta,Magnoliopsida,Ericales,Ericaceae,Vaccinium,Vaccinium
Vicia,Plantae,Tracheophyta,Magnoliopsida,Fabales,Fabaceae,Vicia,Vicia
Ranunculus lingua,Plantae,Tracheophyta,Magnoliopsida,Ranunculales,Ranunculaceae,Ranunculus,Ranunculus lingua
Buxus,Plantae,Tracheophyta,Magnoliopsida,Buxales,Buxaceae,Buxus,Buxus
Cannabis,Plantae,Tracheophyta,Magnoliopsida,Rosales,Cannabaceae,Cannabis,Cannabis
Ligustrum,Plantae,Tracheophyta,Magnoliopsida,Lamiales,Oleaceae,Ligustrum,Ligustrum
Polygonum oxyspermum subsp. raii,Plantae,Tracheophyta,Magnoliopsida,Caryophyllales,Polygonaceae,Polygonum,Polygonum raii
Ranunculus acris,Plantae,Tracheophyta,Magnoliopsida,Ranunculales,Ranunculaceae,Ranunculus,Ranunculus acris
Stachys,Plantae,Tracheophyta,Magnoliopsida,Lamiales,Lamiaceae,Stachys,Stachys
Valerianella,Plantae,Tracheophyta,Magnoliopsida,Dipsacales,Caprifoliaceae,Valerianella,Valerianella
Anchusa,Plantae,Tracheophyta,Magnoliopsida,Boraginales,Boraginaceae,Anchusa,Anchusa
Daphne,Plantae,Tracheophyta,Magnoliopsida,Malvales,Thymelaeaceae,Daphne,Daphne
Frangula,Plantae,Tracheophyta,Magnoliopsida,Rosales,Rhamnaceae,Frangula,Frangula
Geranium,Plantae,Tracheophyta,Magnoliopsida,Geraniales,Geraniaceae,Geranium,Geranium
Linum catharticum,Plantae,Tracheophyta,Magnoliopsida,Malpighiales,Linaceae,Linum,Linum catharticum
Olea,Animalia,Mollusca,Gastropoda,Limapontiidae,Olea,Olea,Olea
Olea,Plantae,Tracheophyta,Magnoliopsida,Lamiales,Oleaceae,Olea,Olea
Papaver,Plantae,Tracheophyta,Magnoliopsida,Ranunculales,Papaveraceae,Papaver,Papaver
Phillyrea,Plantae,Tracheophyta,Magnoliopsida,Lamiales,Oleaceae,Phillyrea,Phillyrea
Pistacia,Plantae,Tracheophyta,Magnoliopsida,Sapindales,Anacardiaceae,Pistacia,Pistacia
Quercus ilex,Plantae,Tracheophyta,Magnoliopsida,Fagales,Fagaceae,Quercus,Quercus ilex
Adonis aestivalis,Plantae,Tracheophyta,Magnoliopsida,Ranunculales,Ranunculaceae,Adonis,Adonis aestivalis
Anagallis,Plantae,Tracheophyta,Magnoliopsida,Ericales,Primulaceae,Lysimachia,Lysimachia
Anarrhinum,Plantae,Tracheophyta,Magnoliopsida,Lamiales,Plantaginaceae,Anarrhinum,Anarrhinum
Anthemis,Plantae,Tracheophyta,Magnoliopsida,Asterales,Asteraceae,Anthemis,Anthemis
Aster,Plantae,Tracheophyta,Magnoliopsida,Asterales,Asteraceae,Aster,Aster
Centranthus,Plantae,Tracheophyta,Magnoliopsida,Dipsacales,Caprifoliaceae,Centranthus,Centranthus
Erica arborea,Plantae,Tracheophyta,Magnoliopsida,Ericales,Ericaceae,Erica,Erica arborea
Erica australis,Plantae,Tracheophyta,Magnoliopsida,Ericales,Ericaceae,Erica,Erica australis
Erica umbellata,Plantae,Tracheophyta,Magnoliopsida,Ericales,Ericaceae,Erica,Erica umbellata
Fumana,Plantae,Tracheophyta,Magnoliopsida,Malvales,Cistaceae,Fumana,Fumana
Herniaria,Plantae,Tracheophyta,Magnoliopsida,Caryophyllales,Caryophyllaceae,Herniaria,Herniaria
Lithospermum,Plantae,Tracheophyta,Magnoliopsida,Boraginales,Boraginaceae,Lithospermum,Lithospermum
Lotus,Plantae,Tracheophyta,Magnoliopsida,Fabales,Fabaceae,Lotus,Lotus
Mentha,Plantae,Tracheophyta,Magnoliopsida,Lamiales,Lamiaceae,Mentha,Mentha
Onobrychis,Plantae,Tracheophyta,Magnoliopsida,Fabales,Fabaceae,Onobrychis,Onobrychis
Paronychia,Plantae,Tracheophyta,Magnoliopsida,Caryophyllales,Caryophyllaceae,Paronychia,Paronychia
Serratula,Animalia,Annelida,Polychaeta,Serratula,Serratula,Serratula,Serratula
Serratula,Plantae,Tracheophyta,Magnoliopsida,Asterales,Asteraceae,Serratula,Serratula
Sinapis,Plantae,Tracheophyta,Magnoliopsida,Brassicales,Brassicaceae,Sinapis,Sinapis
Trollius,Plantae,Tracheophyta,Magnoliopsida,Ranunculales,Ranunculaceae,Trollius,Trollius
Cannabis sativa,Plantae,Tracheophyta,Magnoliopsida,Rosales,Cannabaceae,Cannabis,Cannabis sativa
Cornus sanguinea,Plantae,Tracheophyta,Magnoliopsida,Cornales,Cornaceae,Cornus,Cornus sanguinea
Ericaceae undiff.,Plantae,Tracheophyta,Magnoliopsida,Ericales,Ericaceae,Ericaceae,Ericaceae
Iris,Animalia,Arthropoda,Insecta,Mantodea,Eremiaphilidae,Iris,Iris
Iris,Plantae,Tracheophyta,Liliopsida,Asparagales,Iridaceae,Iris,Iris
Lathyrus,Plantae,Tracheophyta,Magnoliopsida,Fabales,Fabaceae,Lathyrus,Lathyrus
Linum,Plantae,Tracheophyta,Magnoliopsida,Malpighiales,Linaceae,Linum,Linum
Malva,Plantae,Tracheophyta,Magnoliopsida,Malvales,Malvaceae,Malva,Malva
Polygonaceae,Plantae,Tracheophyta,Magnoliopsida,Caryophyllales,Polygonaceae,Polygonaceae,Polygonaceae
Rhamnus cathartica,Plantae,Tracheophyta,Magnoliopsida,Rosales,Rhamnaceae,Rhamnus,Rhamnus cathartica
Sambucus nigra,Plantae,Tracheophyta,Magnoliopsida,Dipsacales,Viburnaceae,Sambucus,Sambucus nigra
Secale cereale,Plantae,Tracheophyta,Liliopsida,Poales,Poaceae,Secale,Secale cereale
Viola,Animalia,Arthropoda,Insecta,Lepidoptera,Hesperiidae,Viola,Viola
Viola,Plantae,Tracheophyta,Magnoliopsida,Malpighiales,Violaceae,Viola,Viola
Aesculus,Plantae,Tracheophyta,Magnoliopsida,Sapindales,Sapindaceae,Aesculus,Aesculus
Avena,Plantae,Tracheophyta,Liliopsida,Poales,Poaceae,Avena,Avena
Eryngium,Plantae,Tracheophyta,Magnoliopsida,Apiales,Apiaceae,Eryngium,Eryngium
Helleborus,Plantae,Tracheophyta,Magnoliopsida,Ranunculales,Ranunculaceae,Helleborus,Helleborus
Heracleum sphondylium,Plantae,Tracheophyta,Magnoliopsida,Apiales,Apiaceae,Heracleum,Heracleum sphondylium
Hordeum,Plantae,Tracheophyta,Liliopsida,Poales,Poaceae,Hordeum,Hordeum
Jasione,Plantae,Tracheophyta,Magnoliopsida,Asterales,Campanulaceae,Jasione,Jasione
Lobelia,Plantae,Tracheophyta,Magnoliopsida,Asterales,Campanulaceae,Lobelia,Lobelia
Oxyria,Plantae,Tracheophyta,Magnoliopsida,Caryophyllales,Polygonaceae,Oxyria,Oxyria
Oxyria,Animalia,Arthropoda,Insecta,Diptera,Ceratopogonidae,Oxyria,Oxyria
Persicaria,Plantae,Tracheophyta,Magnoliopsida,Caryophyllales,Polygonaceae,Persicaria,Persicaria
Primula,Plantae,Tracheophyta,Magnoliopsida,Ericales,Primulaceae,Primula,Primula
Prunus spinosa,Plantae,Tracheophyta,Magnoliopsida,Rosales,Rosaceae,Prunus,Prunus spinosa
Anthyllis vulneraria,Plantae,Tracheophyta,Magnoliopsida,Fabales,Fabaceae,Anthyllis,Anthyllis vulneraria
Chelidonium,Animalia,Arthropoda,Insecta,Coleoptera,Cerambycidae,Chelidonium,Chelidonium
Chelidonium,Plantae,Tracheophyta,Magnoliopsida,Ranunculales,Papaveraceae,Chelidonium,Chelidonium
Ephedra distachya-type,Plantae,Tracheophyta,Gnetopsida,Ephedrales,Ephedraceae,Ephedra,Ephedra
Erica tetralix-type,Animalia,Arthropoda,Arachnida,Araneae,Salticidae,Erica,Erica
Erica tetralix-type,Plantae,Tracheophyta,Magnoliopsida,Ericales,Ericaceae,Erica,Erica
Erodium,Plantae,Tracheophyta,Magnoliopsida,Geraniales,Geraniaceae,Erodium,Erodium
Micranthes stellaris-type,Plantae,Tracheophyta,Magnoliopsida,Saxifragales,Saxifragaceae,Micranthes,Micranthes
Mimulus,Plantae,Tracheophyta,Magnoliopsida,Lamiales,Phrymaceae,Mimulus,Mimulus
Montia fontana,Plantae,Tracheophyta,Magnoliopsida,Caryophyllales,Montiaceae,Montia,Montia fontana
Ononis,Plantae,Tracheophyta,Magnoliopsida,Fabales,Fabaceae,Ononis,Ononis
Pinguicula,Plantae,Tracheophyta,Magnoliopsida,Lamiales,Lentibulariaceae,Pinguicula,Pinguicula
Plantago coronopus-type,Plantae,Tracheophyta,Magnoliopsida,Lamiales,Plantaginaceae,Plantago,Plantago
Plantago major/P. media-type,Plantae,Tracheophyta,Magnoliopsida,Lamiales,Plantaginaceae,Plantago,Plantago
Plantago maritima-type,Plantae,Tracheophyta,Magnoliopsida,Lamiales,Plantaginaceae,Plantago,Plantago
Poterium sanguisorba,Plantae,Tracheophyta,Magnoliopsida,Rosales,Rosaceae,Poterium,Poterium sanguisorba
Saxifraga hypnoides-type,Plantae,Tracheophyta,Magnoliopsida,Saxifragales,Saxifragaceae,Saxifraga,Saxifraga
Scutellaria,Plantae,Tracheophyta,Magnoliopsida,Lamiales,Lamiaceae,Scutellaria,Scutellaria
Silene dioica-type,Plantae,Tracheophyta,Magnoliopsida,Caryophyllales,Caryophyllaceae,Silene,Silene
Silene flos-cuculi,Plantae,Tracheophyta,Magnoliopsida,Caryophyllales,Caryophyllaceae,Silene,Silene flos-cuculi
Stellaria holostea,Plantae,Tracheophyta,Magnoliopsida,Caryophyllales,Caryophyllaceae,Rabelera,Rabelera holostea
Valeriana officinalis-type,Plantae,Tracheophyta,Magnoliopsida,Dipsacales,Caprifoliaceae,Valeriana,Valeriana
Acacia,Plantae,Tracheophyta,Magnoliopsida,Fabales,Fabaceae,Acacia,Acacia
Adenostyles,Plantae,Tracheophyta,Magnoliopsida,Asterales,Asteraceae,Adenostyles,Adenostyles
Calceolaria,Plantae,Tracheophyta,Magnoliopsida,Lamiales,Calceolariaceae,Calceolaria,Calceolaria
Carex,Plantae,Tracheophyta,Liliopsida,Poales,Cyperaceae,Carex,Carex
Cicuta virosa,Plantae,Tracheophyta,Magnoliopsida,Apiales,Apiaceae,Cicuta,Cicuta virosa
Coronilla,Plantae,Tracheophyta,Magnoliopsida,Fabales,Fabaceae,Coronilla,Coronilla
Dalechampia,Plantae,Tracheophyta,Magnoliopsida,Malpighiales,Euphorbiaceae,Dalechampia,Dalechampia
Gladiolus,Plantae,Tracheophyta,Liliopsida,Asparagales,Iridaceae,Gladiolus,Gladiolus
Glaucium,Plantae,Tracheophyta,Magnoliopsida,Ranunculales,Papaveraceae,Glaucium,Glaucium
Helianthus,Plantae,Tracheophyta,Magnoliopsida,Asterales,Asteraceae,Helianthus,Helianthus
Ligustrum vulgare,Plantae,Tracheophyta,Magnoliopsida,Lamiales,Oleaceae,Ligustrum,Ligustrum vulgare
Lilium martagon,Plantae,Tracheophyta,Liliopsida,Liliales,Liliaceae,Lilium,Lilium martagon
Limosella,Plantae,Tracheophyta,Magnoliopsida,Lamiales,Scrophulariaceae,Limosella,Limosella
Luzula,Plantae,Tracheophyta,Liliopsida,Poales,Juncaceae,Luzula,Luzula
Portulaca oleracea-type,Plantae,Tracheophyta,Magnoliopsida,Caryophyllales,Portulacaceae,Portulaca,Portulaca
Primula vulgaris,Plantae,Tracheophyta,Magnoliopsida,Ericales,Primulaceae,Primula,Primula vulgaris
Rhododendron,Plantae,Tracheophyta,Magnoliopsida,Ericales,Ericaceae,Rhododendron,Rhododendron
Silene dioica,Plantae,Tracheophyta,Magnoliopsida,Caryophyllales,Caryophyllaceae,Silene,Silene dioica
Viburnum opulus,Plantae,Tracheophyta,Magnoliopsida,Dipsacales,Viburnaceae,Viburnum,Viburnum opulus
Zea,Plantae,Tracheophyta,Liliopsida,Poales,Poaceae,Zea,Zea
Acer campestre-type,Plantae,Tracheophyta,Magnoliopsida,Sapindales,Sapindaceae,Acer,Acer
Apiaceae undiff.,Plantae,Tracheophyta,Magnoliopsida,Apiales,Apiaceae,Apiaceae,Apiaceae
Campanulaceae undiff.,Plantae,Tracheophyta,Magnoliopsida,Asterales,Campanulaceae,Campanulaceae,Campanulaceae
Castanea sativa,Plantae,Tracheophyta,Magnoliopsida,Fagales,Fagaceae,Castanea,Castanea sativa
Centaurea jacea-type,Plantae,Tracheophyta,Magnoliopsida,Asterales,Asteraceae,Centaurea,Centaurea
Convolvulus arvensis,Plantae,Tracheophyta,Magnoliopsida,Solanales,Convolvulaceae,Convolvulus,Convolvulus arvensis
Cyperaceae undiff.,Plantae,Tracheophyta,Liliopsida,Poales,Cyperaceae,Cyperaceae,Cyperaceae
Fallopia convolvulus-type,Plantae,Tracheophyta,Magnoliopsida,Caryophyllales,Polygonaceae,Fallopia,Fallopia
Gypsophila,Plantae,Tracheophyta,Magnoliopsida,Caryophyllales,Caryophyllaceae,Gypsophila,Gypsophila
Lysimachia,Plantae,Tracheophyta,Magnoliopsida,Ericales,Primulaceae,Lysimachia,Lysimachia
Mercurialis perennis,Plantae,Tracheophyta,Magnoliopsida,Malpighiales,Euphorbiaceae,Mercurialis,Mercurialis perennis
Ranunculus acris-type,Plantae,Tracheophyta,Magnoliopsida,Ranunculales,Ranunculaceae,Ranunculus,Ranunculus
Scleranthus perennis,Plantae,Tracheophyta,Magnoliopsida,Caryophyllales,Caryophyllaceae,Scleranthus,Scleranthus perennis
Scrophulariaceae undiff.,Plantae,Tracheophyta,Magnoliopsida,Lamiales,Scrophulariaceae,Scrophulariaceae,Scrophulariaceae
Solanum dulcamara,Plantae,Tracheophyta,Magnoliopsida,Solanales,Solanaceae,Solanum,Solanum dulcamara
Viscum album,Plantae,Tracheophyta,Magnoliopsida,Santalales,Viscaceae,Viscum,Viscum album
Adoxa moschatellina,Plantae,Tracheophyta,Magnoliopsida,Dipsacales,Viburnaceae,Adoxa,Adoxa moschatellina
Anemone nemorosa-type,Plantae,Tracheophyta,Magnoliopsida,Ranunculales,Ranunculaceae,Anemone,Anemone
Arctostaphylos uva-ursi,Plantae,Tracheophyta,Magnoliopsida,Ericales,Ericaceae,Arctostaphylos,Arctostaphylos uva-ursi
Astragalus alpinus,Plantae,Tracheophyta,Magnoliopsida,Fabales,Fabaceae,Astragalus,Astragalus alpinus
Astragalus cf. A. glycyphyllos,Plantae,Tracheophyta,Magnoliopsida,Fabales,Fabaceae,Astragalus,Astragalus
Cornus suecica,Plantae,Tracheophyta,Magnoliopsida,Cornales,Cornaceae,Cornus,Cornus suecica
Humulus lupulus,Plantae,Tracheophyta,Magnoliopsida,Rosales,Cannabaceae,Humulus,Humulus lupulus
Hypericum perforatum,Plantae,Tracheophyta,Magnoliopsida,Malpighiales,Hypericaceae,Hypericum,Hypericum perforatum
Juniperus communis,Plantae,Tracheophyta,Pinopsida,Pinales,Cupressaceae,Juniperus,Juniperus communis
Papaver rhoeas-type,Plantae,Tracheophyta,Magnoliopsida,Ranunculales,Papaveraceae,Papaver,Papaver
Potentilla recta,Plantae,Tracheophyta,Magnoliopsida,Rosales,Rosaceae,Potentilla,Potentilla recta
Prunus padus,Plantae,Tracheophyta,Magnoliopsida,Rosales,Rosaceae,Prunus,Prunus padus
Ranunculus undiff.,Plantae,Tracheophyta,Magnoliopsida,Ranunculales,Ranunculaceae,Ranunculus,Ranunculus
Rhododendron tomentosum,Plantae,Tracheophyta,Magnoliopsida,Ericales,Ericaceae,Rhododendron,Rhododendron tomentosum
Sorbus aucuparia,Plantae,Tracheophyta,Magnoliopsida,Rosales,Rosaceae,Sorbus,Sorbus aucuparia
Stachys sylvatica-type,Plantae,Tracheophyta,Magnoliopsida,Lamiales,Lamiaceae,Stachys,Stachys
Trientalis europaea,Plantae,Tracheophyta,Magnoliopsida,Ericales,Primulaceae,Lysimachia,Lysimachia europaea
Trientalis europaea,Plantae,Tracheophyta,Magnoliopsida,Ericales,Primulaceae,Lysimachia,Lysimachia europaea
Trientalis europaea,Plantae,Tracheophyta,Magnoliopsida,Ericales,Primulaceae,Lysimachia,Lysimachia borealis
Trientalis europaea,Plantae,Tracheophyta,Magnoliopsida,Ericales,Primulaceae,Lysimachia,Lysimachia borealis
Gentianella campestris-type,Plantae,Tracheophyta,Magnoliopsida,Gentianales,Gentianaceae,Gentianella,Gentianella
Silene vulgaris-type,Plantae,Tracheophyta,Magnoliopsida,Caryophyllales,Caryophyllaceae,Silene,Silene
Valeriana officinalis,Plantae,Tracheophyta,Magnoliopsida,Dipsacales,Caprifoliaceae,Valeriana,Valeriana officinalis
Rumex subg. Rumex,Plantae,Tracheophyta,Magnoliopsida,Caryophyllales,Polygonaceae,Rumex,Rumex
Trientalis,Plantae,Tracheophyta,Magnoliopsida,Ericales,Primulaceae,Lysimachia,Lysimachia
Achillea,Plantae,Tracheophyta,Magnoliopsida,Asterales,Asteraceae,Achillea,Achillea
Alchemilla,Plantae,Tracheophyta,Magnoliopsida,Rosales,Rosaceae,Alchemilla,Alchemilla
Arctous alpina,Plantae,Tracheophyta,Magnoliopsida,Ericales,Ericaceae,Arctostaphylos,Arctostaphylos alpinus
Arenaria,Animalia,Chordata,Aves,Charadriiformes,Scolopacidae,Arenaria,Arenaria
Arenaria,Plantae,Tracheophyta,Magnoliopsida,Caryophyllales,Caryophyllaceae,Arenaria,Arenaria
Artemisia norvegica,Plantae,Tracheophyta,Magnoliopsida,Asterales,Asteraceae,Artemisia,Artemisia norvegica
Astragalus frigidus,Plantae,Tracheophyta,Magnoliopsida,Fabales,Fabaceae,Astragalus,Astragalus frigidus
Bistorta,Plantae,Tracheophyta,Magnoliopsida,Caryophyllales,Polygonaceae,Bistorta,Bistorta
Convallaria,Plantae,Tracheophyta,Liliopsida,Asparagales,Asparagaceae,Convallaria,Convallaria
Ephedra distachya,Plantae,Tracheophyta,Gnetopsida,Ephedrales,Ephedraceae,Ephedra,Ephedra distachya
Ephedra fragilis,Plantae,Tracheophyta,Gnetopsida,Ephedrales,Ephedraceae,Ephedra,Ephedra fragilis
Euphrasia,Plantae,Tracheophyta,Magnoliopsida,Lamiales,Orobanchaceae,Euphrasia,Euphrasia
Gentiana campestris,Plantae,Tracheophyta,Magnoliopsida,Gentianales,Gentianaceae,Gentianella,Gentianella amarella
Gentiana campestris,Plantae,Tracheophyta,Magnoliopsida,Gentianales,Gentianaceae,Gentianella,Gentianella amarella
Gentiana campestris,Plantae,Tracheophyta,Magnoliopsida,Gentianales,Gentianaceae,Gentianella,Gentianella amarella
Gentiana campestris,Plantae,Tracheophyta,Magnoliopsida,Gentianales,Gentianaceae,Gentianella,Gentianella germanica
Gentiana campestris,Plantae,Tracheophyta,Magnoliopsida,Gentianales,Gentianaceae,Gentianella,Gentianella germanica
Gentiana campestris,Plantae,Tracheophyta,Magnoliopsida,Gentianales,Gentianaceae,Gentianella,Gentianella germanica
Gentiana campestris,Plantae,Tracheophyta,Magnoliopsida,Gentianales,Gentianaceae,Gentianella,Gentianella campestris
Gentiana campestris,Plantae,Tracheophyta,Magnoliopsida,Gentianales,Gentianaceae,Gentianella,Gentianella campestris
Gentiana campestris,Plantae,Tracheophyta,Magnoliopsida,Gentianales,Gentianaceae,Gentianella,Gentianella campestris
Gentiana nivalis,Plantae,Tracheophyta,Magnoliopsida,Gentianales,Gentianaceae,Gentiana,Gentiana nivalis
Geum,Plantae,Tracheophyta,Magnoliopsida,Rosales,Rosaceae,Geum,Geum
Micranthes stellaris,Plantae,Tracheophyta,Magnoliopsida,Saxifragales,Saxifragaceae,Micranthes,Micranthes stellaris
Myricaria,Plantae,Tracheophyta,Magnoliopsida,Caryophyllales,Tamaricaceae,Myricaria,Myricaria
Parnassia,Plantae,Tracheophyta,Magnoliopsida,Celastrales,Parnassiaceae,Parnassia,Parnassia
Ranunculus sp.,Plantae,Tracheophyta,Magnoliopsida,Ranunculales,Ranunculaceae,Ranunculus,Ranunculus
Rubus sp.,Plantae,Tracheophyta,Magnoliopsida,Rosales,Rosaceae,Rubus,Rubus
Rumex longifolius,Plantae,Tracheophyta,Magnoliopsida,Caryophyllales,Polygonaceae,Rumex,Rumex longifolius
Sagina,Plantae,Tracheophyta,Magnoliopsida,Caryophyllales,Caryophyllaceae,Sagina,Sagina
Salix herbacea,Plantae,Tracheophyta,Magnoliopsida,Malpighiales,Salicaceae,Salix,Salix herbacea
Saxifraga hirculus,Plantae,Tracheophyta,Magnoliopsida,Saxifragales,Saxifragaceae,Saxifraga,Saxifraga hirculus
Sibbaldia,Plantae,Tracheophyta,Magnoliopsida,Rosales,Rosaceae,Sibbaldia,Sibbaldia
Silene acaulis,Plantae,Tracheophyta,Magnoliopsida,Caryophyllales,Caryophyllaceae,Silene,Silene acaulis
Tofieldia,Plantae,Tracheophyta,Liliopsida,Alismatales,Tofieldiaceae,Tofieldia,Tofieldia
Verbascum,Plantae,Tracheophyta,Magnoliopsida,Lamiales,Scrophulariaceae,Verbascum,Verbascum
Veronica,Plantae,Tracheophyta,Magnoliopsida,Lamiales,Plantaginaceae,Veronica,Veronica
Astragalus cf. A. alpinus,Plantae,Tracheophyta,Magnoliopsida,Fabales,Fabaceae,Astragalus,Astragalus
Geranium sylvaticum-type,Plantae,Tracheophyta,Magnoliopsida,Geraniales,Geraniaceae,Geranium,Geranium
Rumex acetosa/R. acetosella-type,Plantae,Tracheophyta,Magnoliopsida,Caryophyllales,Polygonaceae,Rumex,Rumex
Rumex acetosella-type,Plantae,Tracheophyta,Magnoliopsida,Caryophyllales,Polygonaceae,Rumex,Rumex
Salix herbacea-type,Plantae,Tracheophyta,Magnoliopsida,Malpighiales,Salicaceae,Salix,Salix
Salix undiff.,Plantae,Tracheophyta,Magnoliopsida,Malpighiales,Salicaceae,Salix,Salix
Tofieldia pusilla,Plantae,Tracheophyta,Liliopsida,Alismatales,Tofieldiaceae,Tofieldia,Tofieldia pusilla
Trollius europaeus,Plantae,Tracheophyta,Magnoliopsida,Ranunculales,Ranunculaceae,Trollius,Trollius europaeus
Valeriana excelsa subsp. sambucifolia-type,Plantae,Tracheophyta,Magnoliopsida,Dipsacales,Caprifoliaceae,Valeriana,Valeriana excelsa
Cannabaceae undiff.,Plantae,Tracheophyta,Magnoliopsida,Rosales,Cannabaceae,Cannabaceae,Cannabaceae
Cerastium cerastoides-type,Plantae,Tracheophyta,Magnoliopsida,Caryophyllales,Caryophyllaceae,Cerastium,Cerastium
Geranium sylvaticum,Plantae,Tracheophyta,Magnoliopsida,Geraniales,Geraniaceae,Geranium,Geranium sylvaticum
Pedicularis palustris-type,Plantae,Tracheophyta,Magnoliopsida,Lamiales,Orobanchaceae,Pedicularis,Pedicularis
Silene acaulis-type,Plantae,Tracheophyta,Magnoliopsida,Caryophyllales,Caryophyllaceae,Silene,Silene
Artemisia cf. A. norvegica,Plantae,Tracheophyta,Magnoliopsida,Asterales,Asteraceae,Artemisia,Artemisia
Lobelia dortmanna,Plantae,Tracheophyta,Magnoliopsida,Asterales,Campanulaceae,Lobelia,Lobelia dortmanna
Micranthes nivalis-type,Plantae,Tracheophyta,Magnoliopsida,Saxifragales,Saxifragaceae,Micranthes,Micranthes
Populus tremula,Plantae,Tracheophyta,Magnoliopsida,Malpighiales,Salicaceae,Populus,Populus tremula
Rumex longifolius-type,Plantae,Tracheophyta,Magnoliopsida,Caryophyllales,Polygonaceae,Rumex,Rumex
Saxifraga cespitosa-type,Plantae,Tracheophyta,Magnoliopsida,Saxifragales,Saxifragaceae,Saxifraga,Saxifraga
Cerastium,Plantae,Tracheophyta,Magnoliopsida,Caryophyllales,Caryophyllaceae,Cerastium,Cerastium
Ephedra distachya subsp. helvetica-type,Plantae,Tracheophyta,Gnetopsida,Ephedrales,Ephedraceae,Ephedra,Ephedra distachya
Ephedra fragilis-type,Plantae,Tracheophyta,Gnetopsida,Ephedrales,Ephedraceae,Ephedra,Ephedra
Erica,Animalia,Arthropoda,Arachnida,Araneae,Salticidae,Erica,Erica
Erica,Plantae,Tracheophyta,Magnoliopsida,Ericales,Ericaceae,Erica,Erica
Silene,Plantae,Tracheophyta,Magnoliopsida,Caryophyllales,Caryophyllaceae,Silene,Silene
Cornus suecica (thick wall),Plantae,Tracheophyta,Magnoliopsida,Cornales,Cornaceae,Cornus,Cornus suecica
Ericaceae cf. Calluna,Plantae,Tracheophyta,Magnoliopsida,Ericales,Ericaceae,Ericaceae,Ericaceae
Euphorbiaceae cf. Mercurialis,Plantae,Tracheophyta,Magnoliopsida,Malpighiales,Euphorbiaceae,Euphorbiaceae,Euphorbiaceae
Onagraceae cf. Epilobium,Plantae,Tracheophyta,Magnoliopsida,Myrtales,Onagraceae,Onagraceae,Onagraceae
Rubus cf. R. idaeus,Plantae,Tracheophyta,Magnoliopsida,Rosales,Rosaceae,Rubus,Rubus
Anagallis cf. A. arvensis,Plantae,Tracheophyta,Magnoliopsida,Ericales,Primulaceae,Lysimachia,Lysimachia
Anagallis cf. A. tenella,Plantae,Tracheophyta,Magnoliopsida,Ericales,Primulaceae,Lysimachia,Lysimachia
Cannabaceae,Plantae,Tracheophyta,Magnoliopsida,Rosales,Cannabaceae,Cannabaceae,Cannabaceae
Centaurea cyanus-type,Plantae,Tracheophyta,Magnoliopsida,Asterales,Asteraceae,Centaurea,Centaurea
Centaurea nigra-type,Plantae,Tracheophyta,Magnoliopsida,Asterales,Asteraceae,Centaurea,Centaurea
Diapensia lapponica,Plantae,Tracheophyta,Magnoliopsida,Ericales,Diapensiaceae,Diapensia,Diapensia lapponica
Polygonum cf. P. aviculare,Plantae,Tracheophyta,Magnoliopsida,Caryophyllales,Polygonaceae,Polygonum,Polygonum
Primula farinosa,Plantae,Tracheophyta,Magnoliopsida,Ericales,Primulaceae,Primula,Primula farinosa
Rumex cf. R. longifolius,Plantae,Tracheophyta,Magnoliopsida,Caryophyllales,Polygonaceae,Rumex,Rumex
"Alnus (shrub, pale shallow pores)",Plantae,Tracheophyta,Magnoliopsida,Fagales,Betulaceae,Alnus,Alnus
"Alnus (tree, robust deep pores)",Plantae,Tracheophyta,Magnoliopsida,Fagales,Betulaceae,Alnus,Alnus
Betula (hybrid),Plantae,Tracheophyta,Magnoliopsida,Fagales,Betulaceae,Betula,Betula
Betula (tree),Plantae,Tracheophyta,Magnoliopsida,Fagales,Betulaceae,Betula,Betula
Cannabaceae cf. Cannabis sativa,Plantae,Tracheophyta,Magnoliopsida,Rosales,Cannabaceae,Cannabaceae,Cannabaceae
Centaurea cf. C. cyanus,Plantae,Tracheophyta,Magnoliopsida,Asterales,Asteraceae,Centaurea,Centaurea
Micranthes cf. M. stellaris,Plantae,Tracheophyta,Magnoliopsida,Saxifragales,Saxifragaceae,Micranthes,Micranthes
Plantago cf. P. coronopus,Plantae,Tracheophyta,Magnoliopsida,Lamiales,Plantaginaceae,Plantago,Plantago
Saxifraga cf. S. oppositifolia,Plantae,Tracheophyta,Magnoliopsida,Saxifragales,Saxifragaceae,Saxifraga,Saxifraga
Saxifraga granulata-type,Plantae,Tracheophyta,Magnoliopsida,Saxifragales,Saxifragaceae,Saxifraga,Saxifraga
Spergularia,Plantae,Tracheophyta,Magnoliopsida,Caryophyllales,Caryophyllaceae,Spergularia,Spergularia
Anagallis arvensis,Plantae,Tracheophyta,Magnoliopsida,Ericales,Primulaceae,Lysimachia,Lysimachia arvensis
Corylus avellana-type,Plantae,Tracheophyta,Magnoliopsida,Fagales,Betulaceae,Corylus,Corylus
Jasione montana,Plantae,Tracheophyta,Magnoliopsida,Asterales,Campanulaceae,Jasione,Jasione montana
Vicia sylvatica-type,Plantae,Tracheophyta,Magnoliopsida,Fabales,Fabaceae,Vicia,Vicia
Alnus glutinosa-type,Plantae,Tracheophyta,Magnoliopsida,Fagales,Betulaceae,Alnus,Alnus
Anthriscus sylvestris-type,Plantae,Tracheophyta,Magnoliopsida,Apiales,Apiaceae,Anthriscus,Anthriscus
Bidens,Plantae,Tracheophyta,Magnoliopsida,Asterales,Asteraceae,Bidens,Bidens
Chaerophyllum hirsutum-type,Plantae,Tracheophyta,Magnoliopsida,Apiales,Apiaceae,Chaerophyllum,Chaerophyllum
Dipsacus,Plantae,Tracheophyta,Magnoliopsida,Dipsacales,Caprifoliaceae,Dipsacus,Dipsacus
Lonicera xylosteum,Plantae,Tracheophyta,Magnoliopsida,Dipsacales,Caprifoliaceae,Lonicera,Lonicera xylosteum
Phyteuma,Plantae,Tracheophyta,Magnoliopsida,Asterales,Campanulaceae,Phyteuma,Phyteuma
Pimpinella major-type,Plantae,Tracheophyta,Magnoliopsida,Apiales,Apiaceae,Pimpinella,Pimpinella
Ranunculus arvensis,Plantae,Tracheophyta,Magnoliopsida,Ranunculales,Ranunculaceae,Ranunculus,Ranunculus arvensis
Rumex obtusifolius-type,Plantae,Tracheophyta,Magnoliopsida,Caryophyllales,Polygonaceae,Rumex,Rumex
Vicia cracca-type,Plantae,Tracheophyta,Magnoliopsida,Fabales,Fabaceae,Vicia,Vicia
Carduus,Plantae,Tracheophyta,Magnoliopsida,Asterales,Asteraceae,Carduus,Carduus
Carum carvi,Plantae,Tracheophyta,Magnoliopsida,Apiales,Apiaceae,Carum,Carum carvi
Chamaenerion angustifolium-type,Plantae,Tracheophyta,Magnoliopsida,Myrtales,Onagraceae,Chamaenerion,Chamaenerion
Daucus,Plantae,Tracheophyta,Magnoliopsida,Apiales,Apiaceae,Daucus,Daucus
Polygonatum,Plantae,Tracheophyta,Liliopsida,Asparagales,Asparagaceae,Polygonatum,Polygonatum
Sanicula europaea,Plantae,Tracheophyta,Magnoliopsida,Apiales,Apiaceae,Sanicula,Sanicula europaea
Viburnum lantana,Plantae,Tracheophyta,Magnoliopsida,Dipsacales,Viburnaceae,Viburnum,Viburnum lantana
Gagea,Plantae,Tracheophyta,Liliopsida,Liliales,Liliaceae,Gagea,Gagea
Knautia,Plantae,Tracheophyta,Magnoliopsida,Dipsacales,Caprifoliaceae,Knautia,Knautia
Pinus cembra-type,Plantae,Tracheophyta,Pinopsida,Pinales,Pinaceae,Pinus,Pinus
Plantago sp.,Plantae,Tracheophyta,Magnoliopsida,Lamiales,Plantaginaceae,Plantago,Plantago
Pulmonaria,Plantae,Tracheophyta,Magnoliopsida,Boraginales,Boraginaceae,Pulmonaria,Pulmonaria
Symphytum,Plantae,Tracheophyta,Magnoliopsida,Boraginales,Boraginaceae,Symphytum,Symphytum
Fallopia,Plantae,Tracheophyta,Magnoliopsida,Caryophyllales,Polygonaceae,Fallopia,Fallopia
Gypsophila repens-type,Plantae,Tracheophyta,Magnoliopsida,Caryophyllales,Caryophyllaceae,Gypsophila,Gypsophila
Koenigia alpina,Plantae,Tracheophyta,Magnoliopsida,Caryophyllales,Polygonaceae,Koenigia,Koenigia alpina
Montia,Plantae,Tracheophyta,Magnoliopsida,Caryophyllales,Montiaceae,Montia,Montia
Montia,Animalia,Mollusca,Gastropoda,Neogastropoda,Volutidae,Montia,Montia
Papaveraceae,Plantae,Tracheophyta,Magnoliopsida,Ranunculales,Papaveraceae,Papaveraceae,Papaveraceae
Plantago major-type,Plantae,Tracheophyta,Magnoliopsida,Lamiales,Plantaginaceae,Plantago,Plantago
Pleurospermum austriacum,Plantae,Tracheophyta,Magnoliopsida,Apiales,Apiaceae,Pleurospermum,Pleurospermum austriacum
Scleranthus annuus,Plantae,Tracheophyta,Magnoliopsida,Caryophyllales,Caryophyllaceae,Scleranthus,Scleranthus annuus
Soldanella,Plantae,Tracheophyta,Magnoliopsida,Ericales,Primulaceae,Soldanella,Soldanella
Valeriana dioica-type,Plantae,Tracheophyta,Magnoliopsida,Dipsacales,Caprifoliaceae,Valeriana,Valeriana
Plantago media-type,Plantae,Tracheophyta,Magnoliopsida,Lamiales,Plantaginaceae,Plantago,Plantago
Centaurea stoebe-type,Plantae,Tracheophyta,Magnoliopsida,Asterales,Asteraceae,Centaurea,Centaurea
Galeopsis,Animalia,Bryozoa,Gymnolaemata,Cheilostomatida,Celleporidae,Galeopsis,Galeopsis
Galeopsis,Plantae,Tracheophyta,Magnoliopsida,Lamiales,Lamiaceae,Galeopsis,Galeopsis
Gentiana asclepiadea-type,Plantae,Tracheophyta,Magnoliopsida,Gentianales,Gentianaceae,Gentiana,Gentiana
Lysimachia vulgaris,Plantae,Tracheophyta,Magnoliopsida,Ericales,Primulaceae,Lysimachia,Lysimachia vulgaris
Oxalis,Plantae,Tracheophyta,Magnoliopsida,Oxalidales,Oxalidaceae,Oxalis,Oxalis
Ribes cf. R. alpinum,Plantae,Tracheophyta,Magnoliopsida,Saxifragales,Grossulariaceae,Ribes,Ribes
Sambucus cf. S. ebulus,Plantae,Tracheophyta,Magnoliopsida,Dipsacales,Viburnaceae,Sambucus,Sambucus
Valeriana dioica subsp. simplicifolia,Plantae,Tracheophyta,Magnoliopsida,Dipsacales,Caprifoliaceae,Valeriana,Valeriana dioica
Valeriana dioica subsp. simplicifolia,Plantae,Tracheophyta,Magnoliopsida,Dipsacales,Caprifoliaceae,Valeriana,Valeriana dioica
Valeriana dioica subsp. simplicifolia,Plantae,Tracheophyta,Magnoliopsida,Dipsacales,Caprifoliaceae,Valeriana,Valeriana dioica
Valeriana dioica subsp. simplicifolia,Plantae,Tracheophyta,Magnoliopsida,Dipsacales,Caprifoliaceae,Valeriana,Valeriana dioica
Veratrum,Plantae,Tracheophyta,Liliopsida,Liliales,Melanthiaceae,Veratrum,Veratrum
Viola arvensis-type,Animalia,Arthropoda,Insecta,Lepidoptera,Hesperiidae,Viola,Viola
Viola arvensis-type,Plantae,Tracheophyta,Magnoliopsida,Malpighiales,Violaceae,Viola,Viola
Lysimachia nemorum,Plantae,Tracheophyta,Magnoliopsida,Ericales,Primulaceae,Lysimachia,Lysimachia nemorum
Pinguicula vulgaris,Plantae,Tracheophyta,Magnoliopsida,Lamiales,Lentibulariaceae,Pinguicula,Pinguicula vulgaris
Helianthemum nummularium-type,Plantae,Tracheophyta,Magnoliopsida,Malvales,Cistaceae,Helianthemum,Helianthemum
Helianthemum oelandicum subsp. alpestris-type,Plantae,Tracheophyta,Magnoliopsida,Malvales,Cistaceae,Helianthemum,Helianthemum oelandicum
Paradisea liliastrum,Plantae,Tracheophyta,Liliopsida,Asparagales,Asparagaceae,Paradisea,Paradisea liliastrum
Pinus cembra,Plantae,Tracheophyta,Pinopsida,Pinales,Pinaceae,Pinus,Pinus cembra
Plantago alpina-type,Plantae,Tracheophyta,Magnoliopsida,Lamiales,Plantaginaceae,Plantago,Plantago
Plantago atrata-type,Plantae,Tracheophyta,Magnoliopsida,Lamiales,Plantaginaceae,Plantago,Plantago
Androsace,Plantae,Tracheophyta,Magnoliopsida,Ericales,Primulaceae,Androsace,Androsace
Bupleurum,Plantae,Tracheophyta,Magnoliopsida,Apiales,Apiaceae,Bupleurum,Bupleurum
Centaurea nigra,Plantae,Tracheophyta,Magnoliopsida,Asterales,Asteraceae,Centaurea,Centaurea nigra
Crassulaceae,Plantae,Tracheophyta,Magnoliopsida,Saxifragales,Crassulaceae,Crassulaceae,Crassulaceae
Linaria,Plantae,Tracheophyta,Magnoliopsida,Lamiales,Plantaginaceae,Linaria,Linaria
Linaria,Animalia,Chordata,Aves,Passeriformes,Fringillidae,Linaria,Linaria
Odontites,Plantae,Tracheophyta,Magnoliopsida,Lamiales,Orobanchaceae,Odontites,Odontites
Oleaceae,Plantae,Tracheophyta,Magnoliopsida,Lamiales,Oleaceae,Oleaceae,Oleaceae
Ostrya,Plantae,Tracheophyta,Magnoliopsida,Fagales,Betulaceae,Ostrya,Ostrya
Quercus ilex-type,Plantae,Tracheophyta,Magnoliopsida,Fagales,Fagaceae,Quercus,Quercus
Quercus robur-type,Plantae,Tracheophyta,Magnoliopsida,Fagales,Fagaceae,Quercus,Quercus
Urticaceae,Plantae,Tracheophyta,Magnoliopsida,Rosales,Urticaceae,Urticaceae,Urticaceae
Calystegia,Plantae,Tracheophyta,Magnoliopsida,Solanales,Convolvulaceae,Calystegia,Calystegia
Centaurea jacea,Plantae,Tracheophyta,Magnoliopsida,Asterales,Asteraceae,Centaurea,Centaurea jacea
Cynoglossum,Plantae,Tracheophyta,Magnoliopsida,Boraginales,Boraginaceae,Cynoglossum,Cynoglossum
Dianthus,Plantae,Tracheophyta,Magnoliopsida,Caryophyllales,Caryophyllaceae,Dianthus,Dianthus
Digitalis,Plantae,Tracheophyta,Magnoliopsida,Lamiales,Plantaginaceae,Digitalis,Digitalis
Gentiana pneumonanthe-type,Plantae,Tracheophyta,Magnoliopsida,Gentianales,Gentianaceae,Gentiana,Gentiana
Linum usitatissimum,Plantae,Tracheophyta,Magnoliopsida,Malpighiales,Linaceae,Linum,Linum usitatissimum
Lotus pedunculatus,Plantae,Tracheophyta,Magnoliopsida,Fabales,Fabaceae,Lotus,Lotus pedunculatus
Myosotis,Plantae,Tracheophyta,Magnoliopsida,Boraginales,Boraginaceae,Myosotis,Myosotis
Reseda,Plantae,Tracheophyta,Magnoliopsida,Brassicales,Resedaceae,Reseda,Reseda
Scleranthus,Plantae,Tracheophyta,Magnoliopsida,Caryophyllales,Caryophyllaceae,Scleranthus,Scleranthus
Solanum nigrum,Plantae,Tracheophyta,Magnoliopsida,Solanales,Solanaceae,Solanum,Solanum nigrum
Spergula arvensis,Plantae,Tracheophyta,Magnoliopsida,Caryophyllales,Caryophyllaceae,Spergula,Spergula arvensis
Vicia cracca,Plantae,Tracheophyta,Magnoliopsida,Fabales,Fabaceae,Vicia,Vicia cracca
Aquilegia,Plantae,Tracheophyta,Magnoliopsida,Ranunculales,Ranunculaceae,Aquilegia,Aquilegia
Asphodelus,Plantae,Tracheophyta,Liliopsida,Asparagales,Asphodelaceae,Asphodelus,Asphodelus
Centaurea collina,Plantae,Tracheophyta,Magnoliopsida,Asterales,Asteraceae,Centaurea,Centaurea collina
Convolvulus,Plantae,Tracheophyta,Magnoliopsida,Solanales,Convolvulaceae,Convolvulus,Convolvulus
Juncaceae,Plantae,Tracheophyta,Liliopsida,Poales,Juncaceae,Juncaceae,Juncaceae
Ceratonia,Plantae,Tracheophyta,Magnoliopsida,Fabales,Fabaceae,Ceratonia,Ceratonia
Cistus,Plantae,Tracheophyta,Magnoliopsida,Malvales,Cistaceae,Cistus,Cistus
Quercus suber-type,Plantae,Tracheophyta,Magnoliopsida,Fagales,Fagaceae,Quercus,Quercus
Cytisus,Plantae,Tracheophyta,Magnoliopsida,Fabales,Fabaceae,Cytisus,Cytisus
Lilium,Plantae,Tracheophyta,Liliopsida,Liliales,Liliaceae,Lilium,Lilium
Quercus robur,Plantae,Tracheophyta,Magnoliopsida,Fagales,Fagaceae,Quercus,Quercus robur
Spergula,Plantae,Tracheophyta,Magnoliopsida,Caryophyllales,Caryophyllaceae,Spergula,Spergula
Cuscuta,Plantae,Tracheophyta,Magnoliopsida,Solanales,Convolvulaceae,Cuscuta,Cuscuta
Epipactis,Plantae,Tracheophyta,Liliopsida,Asparagales,Orchidaceae,Epipactis,Epipactis
Hypericum perforatum-type,Plantae,Tracheophyta,Magnoliopsida,Malpighiales,Hypericaceae,Hypericum,Hypericum
Lycopsis arvensis-type,Plantae,Tracheophyta,Magnoliopsida,Boraginales,Boraginaceae,Lycopsis,Lycopsis
Rhododendron subsect. Ledum,Plantae,Tracheophyta,Magnoliopsida,Ericales,Ericaceae,Rhododendron,Rhododendron
Rhus coriaria-type,Plantae,Tracheophyta,Magnoliopsida,Sapindales,Anacardiaceae,Rhus,Rhus
Convolvulus arvensis-type,Plantae,Tracheophyta,Magnoliopsida,Solanales,Convolvulaceae,Convolvulus,Convolvulus
Cuscuta europaea-type,Plantae,Tracheophyta,Magnoliopsida,Solanales,Convolvulaceae,Cuscuta,Cuscuta
Iris pseudacorus-type,Animalia,Arthropoda,Insecta,Mantodea,Eremiaphilidae,Iris,Iris
Iris pseudacorus-type,Plantae,Tracheophyta,Liliopsida,Asparagales,Iridaceae,Iris,Iris
Jasione montana-type,Plantae,Tracheophyta,Magnoliopsida,Asterales,Campanulaceae,Jasione,Jasione
Rumex aquaticus-type,Plantae,Tracheophyta,Magnoliopsida,Caryophyllales,Polygonaceae,Rumex,Rumex
Rumex crispus-type,Plantae,Tracheophyta,Magnoliopsida,Caryophyllales,Polygonaceae,Rumex,Rumex
Sanguisorba minor-type,Plantae,Tracheophyta,Magnoliopsida,Rosales,Rosaceae,Sanguisorba,Sanguisorba
Saxifraga aizoides-type,Plantae,Tracheophyta,Magnoliopsida,Saxifragales,Saxifragaceae,Saxifraga,Saxifraga
Thesium,Animalia,Arthropoda,Insecta,Coleoptera,Staphylinidae,Thesium,Thesium
Thesium,Plantae,Tracheophyta,Magnoliopsida,Santalales,Thesiaceae,Thesium,Thesium
Tilia cordata-type,Plantae,Tracheophyta,Magnoliopsida,Malvales,Malvaceae,Tilia,Tilia
Tilia platyphyllos-type,Plantae,Tracheophyta,Magnoliopsida,Malvales,Malvaceae,Tilia,Tilia
Viburnum opulus-type,Plantae,Tracheophyta,Magnoliopsida,Dipsacales,Viburnaceae,Viburnum,Viburnum
Cerastium alpinum-type,Plantae,Tracheophyta,Magnoliopsida,Caryophyllales,Caryophyllaceae,Cerastium,Cerastium
Cerastium undiff.,Plantae,Tracheophyta,Magnoliopsida,Caryophyllales,Caryophyllaceae,Cerastium,Cerastium
Filipendula vulgaris,Plantae,Tracheophyta,Magnoliopsida,Rosales,Rosaceae,Filipendula,Filipendula vulgaris
Hypericum pulchrum-type,Plantae,Tracheophyta,Magnoliopsida,Malpighiales,Hypericaceae,Hypericum,Hypericum
Prunus cf. P. padus,Plantae,Tracheophyta,Magnoliopsida,Rosales,Rosaceae,Prunus,Prunus
Rubus saxatilis,Plantae,Tracheophyta,Magnoliopsida,Rosales,Rosaceae,Rubus,Rubus saxatilis
Salix pentandra-type,Plantae,Tracheophyta,Magnoliopsida,Malpighiales,Salicaceae,Salix,Salix
Saussurea nuda,Plantae,Tracheophyta,Magnoliopsida,Asterales,Asteraceae,Saussurea,Saussurea nuda
Saxifraga aizoides,Plantae,Tracheophyta,Magnoliopsida,Saxifragales,Saxifragaceae,Saxifraga,Saxifraga aizoides
Stellaria undiff.,Plantae,Tracheophyta,Magnoliopsida,Caryophyllales,Caryophyllaceae,Stellaria,Stellaria
Stellaria undiff.,Animalia,Mollusca,Gastropoda,Littorinimorpha,Xenophoridae,Stellaria,Stellaria
Succisa pratensis,Plantae,Tracheophyta,Magnoliopsida,Dipsacales,Caprifoliaceae,Succisa,Succisa pratensis
Chrysosplenium oppositifolium,Plantae,Tracheophyta,Magnoliopsida,Saxifragales,Saxifragaceae,Chrysosplenium,Chrysosplenium oppositifolium
Prunus avium/P. spinosa,Plantae,Tracheophyta,Magnoliopsida,Rosales,Rosaceae,Prunus,Prunus
Silene uniflora subsp. uniflora-type,Plantae,Tracheophyta,Magnoliopsida,Caryophyllales,Caryophyllaceae,Silene,Silene uniflora
Alnus glutinosa/A. incana,Plantae,Tracheophyta,Magnoliopsida,Fagales,Betulaceae,Alnus,Alnus
Centaurea collina-type,Plantae,Tracheophyta,Magnoliopsida,Asterales,Asteraceae,Centaurea,Centaurea
Koenigia alpina-type,Plantae,Tracheophyta,Magnoliopsida,Caryophyllales,Polygonaceae,Koenigia,Koenigia
Persicaria amphibia-type,Plantae,Tracheophyta,Magnoliopsida,Caryophyllales,Polygonaceae,Persicaria,Persicaria
Plantago alpina,Plantae,Tracheophyta,Magnoliopsida,Lamiales,Plantaginaceae,Plantago,Plantago alpina
Centaurea montana-type,Plantae,Tracheophyta,Magnoliopsida,Asterales,Asteraceae,Centaurea,Centaurea
Eranthis hyemalis,Plantae,Tracheophyta,Magnoliopsida,Ranunculales,Ranunculaceae,Eranthis,Eranthis hyemalis
Falcaria vulgaris,Plantae,Tracheophyta,Magnoliopsida,Apiales,Apiaceae,Falcaria,Falcaria vulgaris
Petasites,Plantae,Tracheophyta,Magnoliopsida,Asterales,Asteraceae,Petasites,Petasites
Rumex alpinus,Plantae,Tracheophyta,Magnoliopsida,Caryophyllales,Polygonaceae,Rumex,Rumex alpinus
Spiraea,Plantae,Tracheophyta,Magnoliopsida,Rosales,Rosaceae,Spiraea,Spiraea
Agrimonia,Plantae,Tracheophyta,Magnoliopsida,Rosales,Rosaceae,Agrimonia,Agrimonia
Allium ursinum-type,Plantae,Tracheophyta,Liliopsida,Asparagales,Amaryllidaceae,Allium,Allium
Anemone sect. Pulsatilla,Plantae,Tracheophyta,Magnoliopsida,Ranunculales,Ranunculaceae,Pulsatilla,Pulsatilla
Anthericum,Plantae,Tracheophyta,Liliopsida,Asparagales,Asparagaceae,Anthericum,Anthericum
Aruncus dioicus,Plantae,Tracheophyta,Magnoliopsida,Rosales,Rosaceae,Aruncus,Aruncus dioicus
Bistorta officinalis/B. vivipara,Plantae,Tracheophyta,Magnoliopsida,Caryophyllales,Polygonaceae,Bistorta,Bistorta
Calystegia sepium,Plantae,Tracheophyta,Magnoliopsida,Solanales,Convolvulaceae,Calystegia,Calystegia sepium
Centaurea scabiosa-type,Plantae,Tracheophyta,Magnoliopsida,Asterales,Asteraceae,Centaurea,Centaurea
Echium vulgare,Plantae,Tracheophyta,Magnoliopsida,Boraginales,Boraginaceae,Echium,Echium vulgare
Epipactis palustris,Plantae,Tracheophyta,Liliopsida,Asparagales,Orchidaceae,Epipactis,Epipactis palustris
Gypsophila fastigiata,Plantae,Tracheophyta,Magnoliopsida,Caryophyllales,Caryophyllaceae,Gypsophila,Gypsophila fastigiata
Helianthemum canum-type,Plantae,Tracheophyta,Magnoliopsida,Malvales,Cistaceae,Helianthemum,Helianthemum
Helianthemum oelandicum-type,Plantae,Tracheophyta,Magnoliopsida,Malvales,Cistaceae,Helianthemum,Helianthemum
Linum catharticum-type,Plantae,Tracheophyta,Magnoliopsida,Malpighiales,Linaceae,Linum,Linum
Lithospermum officinale,Plantae,Tracheophyta,Magnoliopsida,Boraginales,Boraginaceae,Lithospermum,Lithospermum officinale
Loranthus europaeus,Plantae,Tracheophyta,Magnoliopsida,Santalales,Loranthaceae,Loranthus,Loranthus europaeus
Lysimachia nummularia,Plantae,Tracheophyta,Magnoliopsida,Ericales,Primulaceae,Lysimachia,Lysimachia nummularia
Lythrum portula,Plantae,Tracheophyta,Magnoliopsida,Myrtales,Lythraceae,Lythrum,Lythrum portula
Malus,Plantae,Tracheophyta,Magnoliopsida,Rosales,Rosaceae,Malus,Malus
Medicago sativa,Plantae,Tracheophyta,Magnoliopsida,Fabales,Fabaceae,Medicago,Medicago sativa
Ranunculus flammula-type,Plantae,Tracheophyta,Magnoliopsida,Ranunculales,Ranunculaceae,Ranunculus,Ranunculus
Rumex acetosa/Oxyria-type,Plantae,Tracheophyta,Magnoliopsida,Caryophyllales,Polygonaceae,Rumex,Rumex
Rumex crispus,Plantae,Tracheophyta,Magnoliopsida,Caryophyllales,Polygonaceae,Rumex,Rumex crispus
Salix glauca-type,Plantae,Tracheophyta,Magnoliopsida,Malpighiales,Salicaceae,Salix,Salix
Salix polaris-type,Plantae,Tracheophyta,Magnoliopsida,Malpighiales,Salicaceae,Salix,Salix
Salvia,Plantae,Tracheophyta,Magnoliopsida,Lamiales,Lamiaceae,Salvia,Salvia
Scorzonera humilis-type,Plantae,Tracheophyta,Magnoliopsida,Asterales,Asteraceae,Scorzonera,Scorzonera
Scrophularia,Plantae,Tracheophyta,Magnoliopsida,Lamiales,Scrophulariaceae,Scrophularia,Scrophularia
Solanum nigrum-type,Plantae,Tracheophyta,Magnoliopsida,Solanales,Solanaceae,Solanum,Solanum
Syringa vulgaris,Plantae,Tracheophyta,Magnoliopsida,Lamiales,Oleaceae,Syringa,Syringa vulgaris
Trifolium repens,Plantae,Tracheophyta,Magnoliopsida,Fabales,Fabaceae,Trifolium,Trifolium repens
Urtica urens,Plantae,Tracheophyta,Magnoliopsida,Rosales,Urticaceae,Urtica,Urtica urens
Valeriana dioica,Plantae,Tracheophyta,Magnoliopsida,Dipsacales,Caprifoliaceae,Valeriana,Valeriana dioica
Rosaceae (trees),Plantae,Tracheophyta,Magnoliopsida,Rosales,Rosaceae,Rosaceae,Rosaceae
Centaurea montana,Plantae,Tracheophyta,Magnoliopsida,Asterales,Asteraceae,Centaurea,Centaurea montana
Heracleum,Plantae,Tracheophyta,Magnoliopsida,Apiales,Apiaceae,Heracleum,Heracleum
Lilium martagon-type,Plantae,Tracheophyta,Liliopsida,Liliales,Liliaceae,Lilium,Lilium
Euphorbiaceae undiff.,Plantae,Tracheophyta,Magnoliopsida,Malpighiales,Euphorbiaceae,Euphorbiaceae,Euphorbiaceae
Gentiana pneumonanthe,Plantae,Tracheophyta,Magnoliopsida,Gentianales,Gentianaceae,Gentiana,Gentiana pneumonanthe
Jasminum,Plantae,Tracheophyta,Magnoliopsida,Lamiales,Oleaceae,Jasminum,Jasminum
Solanum,Plantae,Tracheophyta,Magnoliopsida,Solanales,Solanaceae,Solanum,Solanum
Viola arvensis,Plantae,Tracheophyta,Magnoliopsida,Malpighiales,Violaceae,Viola,Viola arvensis
Viola riviniana,Plantae,Tracheophyta,Magnoliopsida,Malpighiales,Violaceae,Viola,Viola riviniana
Sambucus nigra/S. racemosa,Plantae,Tracheophyta,Magnoliopsida,Dipsacales,Viburnaceae,Sambucus,Sambucus
Nigella,Plantae,Tracheophyta,Magnoliopsida,Ranunculales,Ranunculaceae,Nigella,Nigella
Persicaria maculosa,Plantae,Tracheophyta,Magnoliopsida,Caryophyllales,Polygonaceae,Persicaria,Persicaria maculosa
Chenopodium,Plantae,Tracheophyta,Magnoliopsida,Caryophyllales,Amaranthaceae,Chenopodium,Chenopodium
Fraxinus ornus,Plantae,Tracheophyta,Magnoliopsida,Lamiales,Oleaceae,Fraxinus,Fraxinus ornus
Genista,Plantae,Tracheophyta,Magnoliopsida,Fabales,Fabaceae,Genista,Genista
Pinus pinaster-type,Plantae,Tracheophyta,Pinopsida,Pinales,Pinaceae,Pinus,Pinus
Quercus coccifera,Plantae,Tracheophyta,Magnoliopsida,Fagales,Fagaceae,Quercus,Quercus coccifera
Bruckenthalia,Plantae,Tracheophyta,Magnoliopsida,Ericales,Ericaceae,Erica,Erica
Cornus mas,Plantae,Tracheophyta,Magnoliopsida,Cornales,Cornaceae,Cornus,Cornus mas
Rheum,Plantae,Tracheophyta,Magnoliopsida,Caryophyllales,Polygonaceae,Rheum,Rheum
Apium,Plantae,Tracheophyta,Magnoliopsida,Apiales,Apiaceae,Apium,Apium
Araliaceae undiff.,Plantae,Tracheophyta,Magnoliopsida,Apiales,Araliaceae,Araliaceae,Araliaceae
Astrantia major,Plantae,Tracheophyta,Magnoliopsida,Apiales,Apiaceae,Astrantia,Astrantia major
Bryonia,Plantae,Tracheophyta,Magnoliopsida,Cucurbitales,Cucurbitaceae,Bryonia,Bryonia
Chelidonium majus,Plantae,Tracheophyta,Magnoliopsida,Ranunculales,Papaveraceae,Chelidonium,Chelidonium majus
Cornus mas-type,Plantae,Tracheophyta,Magnoliopsida,Cornales,Cornaceae,Cornus,Cornus
Euonymus europaeus,Plantae,Tracheophyta,Magnoliopsida,Celastrales,Celastraceae,Euonymus,Euonymus europaeus
Fallopia convolvulus,Plantae,Tracheophyta,Magnoliopsida,Caryophyllales,Polygonaceae,Fallopia,Fallopia convolvulus
Hippocrepis,Plantae,Tracheophyta,Magnoliopsida,Fabales,Fabaceae,Hippocrepis,Hippocrepis
Hippocrepis,Animalia,Platyhelminthes,Trematoda,Plagiorchiida,Notocotylidae,Hippocrepis,Hippocrepis
Linum alpinum-type,Plantae,Tracheophyta,Magnoliopsida,Malpighiales,Linaceae,Linum,Linum
Oxalis acetosella,Plantae,Tracheophyta,Magnoliopsida,Oxalidales,Oxalidaceae,Oxalis,Oxalis acetosella
Papaver argemone-type,Plantae,Tracheophyta,Magnoliopsida,Ranunculales,Papaveraceae,Papaver,Papaver
Trifolium spadiceum,Plantae,Tracheophyta,Magnoliopsida,Fabales,Fabaceae,Trifolium,Trifolium spadiceum
Anemone nemorosa,Plantae,Tracheophyta,Magnoliopsida,Ranunculales,Ranunculaceae,Anemone,Anemone nemorosa
Poaceae undiff. (>40 µm),Plantae,Tracheophyta,Liliopsida,Poales,Poaceae,Poaceae,Poaceae
Poaceae undiff. (<40 µm),Plantae,Tracheophyta,Liliopsida,Poales,Poaceae,Poaceae,Poaceae
Rumex acetosa/R. acetosella,Plantae,Tracheophyta,Magnoliopsida,Caryophyllales,Polygonaceae,Rumex,Rumex
Stachys sylvatica,Plantae,Tracheophyta,Magnoliopsida,Lamiales,Lamiaceae,Stachys,Stachys sylvatica
Armeria maritima (type B),Plantae,Tracheophyta,Magnoliopsida,Caryophyllales,Plumbaginaceae,Armeria,Armeria maritima
Cuscuta lupuliformis,Plantae,Tracheophyta,Magnoliopsida,Solanales,Convolvulaceae,Cuscuta,Cuscuta lupuliformis
Helianthemum undiff.,Plantae,Tracheophyta,Magnoliopsida,Malvales,Cistaceae,Helianthemum,Helianthemum
Spergula arvensis-type,Plantae,Tracheophyta,Magnoliopsida,Caryophyllales,Caryophyllaceae,Spergula,Spergula
Verbena officinalis,Plantae,Tracheophyta,Magnoliopsida,Lamiales,Verbenaceae,Verbena,Verbena officinalis
Agrostemma githago,Plantae,Tracheophyta,Magnoliopsida,Caryophyllales,Caryophyllaceae,Agrostemma,Agrostemma githago
Cornus cf. C. suecica,Plantae,Tracheophyta,Magnoliopsida,Cornales,Cornaceae,Cornus,Cornus
Gentianella campestris,Plantae,Tracheophyta,Magnoliopsida,Gentianales,Gentianaceae,Gentianella,Gentianella campestris
Primula vulgaris-type,Plantae,Tracheophyta,Magnoliopsida,Ericales,Primulaceae,Primula,Primula
Sambucus cf. S. racemosa,Plantae,Tracheophyta,Magnoliopsida,Dipsacales,Viburnaceae,Sambucus,Sambucus
Saxifraga cf. S. nivalis,Plantae,Tracheophyta,Magnoliopsida,Saxifragales,Saxifragaceae,Saxifraga,Saxifraga
Stellaria cf. S. palustris,Plantae,Tracheophyta,Magnoliopsida,Caryophyllales,Caryophyllaceae,Stellaria,Stellaria
Stellaria cf. S. palustris,Animalia,Mollusca,Gastropoda,Littorinimorpha,Xenophoridae,Stellaria,Stellaria
Stellaria graminea,Plantae,Tracheophyta,Magnoliopsida,Caryophyllales,Caryophyllaceae,Stellaria,Stellaria graminea
Carex hirta-type,Plantae,Tracheophyta,Liliopsida,Poales,Cyperaceae,Carex,Carex
Caryophyllaceae cf. Silene latifolia subsp. alba,Plantae,Tracheophyta,Magnoliopsida,Caryophyllales,Caryophyllaceae,Caryophyllaceae,Caryophyllaceae
Gypsophila muralis,Plantae,Tracheophyta,Magnoliopsida,Caryophyllales,Caryophyllaceae,Psammophiliella,Psammophiliella muralis
Melilotus officinalis,Plantae,Tracheophyta,Magnoliopsida,Fabales,Fabaceae,Melilotus,Melilotus officinalis
Pyrola,Plantae,Tracheophyta,Magnoliopsida,Ericales,Ericaceae,Pyrola,Pyrola
Stellaria,Plantae,Tracheophyta,Magnoliopsida,Caryophyllales,Caryophyllaceae,Stellaria,Stellaria
Stellaria,Animalia,Mollusca,Gastropoda,Littorinimorpha,Xenophoridae,Stellaria,Stellaria
Stellaria cf. S. media,Plantae,Tracheophyta,Magnoliopsida,Caryophyllales,Caryophyllaceae,Stellaria,Stellaria
Stellaria cf. S. media,Animalia,Mollusca,Gastropoda,Littorinimorpha,Xenophoridae,Stellaria,Stellaria
Allium vineale-type,Plantae,Tracheophyta,Liliopsida,Asparagales,Amaryllidaceae,Allium,Allium
Armeria maritima subsp. elongata,Plantae,Tracheophyta,Magnoliopsida,Caryophyllales,Plumbaginaceae,Armeria,Armeria maritima
Iris pseudacorus,Plantae,Tracheophyta,Liliopsida,Asparagales,Iridaceae,Iris,Iris pseudacorus
Papaver argemone,Plantae,Tracheophyta,Magnoliopsida,Ranunculales,Papaveraceae,Roemeria,Roemeria argemone
Polygala vulgaris,Plantae,Tracheophyta,Magnoliopsida,Fabales,Polygalaceae,Polygala,Polygala vulgaris
Rumex conglomeratus-type,Plantae,Tracheophyta,Magnoliopsida,Caryophyllales,Polygonaceae,Rumex,Rumex
Saxifraga cf. S. aizoides,Plantae,Tracheophyta,Magnoliopsida,Saxifragales,Saxifragaceae,Saxifraga,Saxifraga
Trifolium pratense,Plantae,Tracheophyta,Magnoliopsida,Fabales,Fabaceae,Trifolium,Trifolium pratense
Chenopodium album,Plantae,Tracheophyta,Magnoliopsida,Caryophyllales,Amaranthaceae,Chenopodium,Chenopodium album
Fumaria,Plantae,Tracheophyta,Magnoliopsida,Ranunculales,Papaveraceae,Fumaria,Fumaria
Pimpinella,Plantae,Tracheophyta,Magnoliopsida,Apiales,Apiaceae,Pimpinella,Pimpinella
Scabiosa columbaria,Plantae,Tracheophyta,Magnoliopsida,Dipsacales,Caprifoliaceae,Scabiosa,Scabiosa columbaria
Valerianella dentata,Plantae,Tracheophyta,Magnoliopsida,Dipsacales,Caprifoliaceae,Valerianella,Valerianella dentata
Hornungia,Plantae,Tracheophyta,Magnoliopsida,Brassicales,Brassicaceae,Hornungia,Hornungia
Listera,Plantae,Tracheophyta,Liliopsida,Asparagales,Orchidaceae,Neottia,Neottia
Listera,Plantae,Tracheophyta,Liliopsida,Asparagales,Orchidaceae,Neottia,Neottia
Listera,Plantae,Tracheophyta,Magnoliopsida,Fabales,Fabaceae,Genista,Genista
Listera,Plantae,Tracheophyta,Magnoliopsida,Fabales,Fabaceae,Genista,Genista
Listera,Animalia,Mollusca,Bivalvia,Cardiida,Semelidae,Scrobicularia,Scrobicularia
Listera,Animalia,Mollusca,Bivalvia,Cardiida,Semelidae,Scrobicularia,Scrobicularia
Listera,Bacteria,Firmicutes,Bacilli,Lactobacillales,Listeriaceae,Listeria,Listeria spec.
Listera,Bacteria,Firmicutes,Bacilli,Lactobacillales,Listeriaceae,Listeria,Listeria spec.
Poaceae (large),Plantae,Tracheophyta,Liliopsida,Poales,Poaceae,Poaceae,Poaceae
Anthriscus sylvestris,Plantae,Tracheophyta,Magnoliopsida,Apiales,Apiaceae,Anthriscus,Anthriscus sylvestris
Calluna vulgaris-type,Plantae,Tracheophyta,Magnoliopsida,Ericales,Ericaceae,Calluna,Calluna
Centaurea montana/Cyanus triumfettii,Plantae,Tracheophyta,Magnoliopsida,Asterales,Asteraceae,Centaurea,Centaurea
Cerastium fontanum-type,Plantae,Tracheophyta,Magnoliopsida,Caryophyllales,Caryophyllaceae,Cerastium,Cerastium
Cornus sanguinea-type,Plantae,Tracheophyta,Magnoliopsida,Cornales,Cornaceae,Cornus,Cornus
Falcaria vulgaris-type,Animalia,Arthropoda,Insecta,Lepidoptera,Drepanidae,Falcaria,Falcaria
Falcaria vulgaris-type,Plantae,Tracheophyta,Magnoliopsida,Apiales,Apiaceae,Falcaria,Falcaria
Fraxinus excelsior-type,Plantae,Tracheophyta,Magnoliopsida,Lamiales,Oleaceae,Fraxinus,Fraxinus
Herniaria glabra-type,Plantae,Tracheophyta,Magnoliopsida,Caryophyllales,Caryophyllaceae,Herniaria,Herniaria
Ilex aquifolium-type,Plantae,Tracheophyta,Magnoliopsida,Aquifoliales,Aquifoliaceae,Ilex,Ilex
Laurus,Plantae,Tracheophyta,Magnoliopsida,Laurales,Lauraceae,Laurus,Laurus
Ligusticum mutellina,Plantae,Tracheophyta,Magnoliopsida,Apiales,Apiaceae,Mutellina,Mutellina adonidifolia
Linum austriacum-type,Plantae,Tracheophyta,Magnoliopsida,Malpighiales,Linaceae,Linum,Linum
Morus alba,Plantae,Tracheophyta,Magnoliopsida,Rosales,Moraceae,Morus,Morus alba
Pentaglottis sempervirens,Plantae,Tracheophyta,Magnoliopsida,Boraginales,Boraginaceae,Pentaglottis,Pentaglottis sempervirens
Pinus sylvestris-type,Plantae,Tracheophyta,Pinopsida,Pinales,Pinaceae,Pinus,Pinus
Sambucus racemosa,Plantae,Tracheophyta,Magnoliopsida,Dipsacales,Viburnaceae,Sambucus,Sambucus racemosa
Saxifraga granulata,Plantae,Tracheophyta,Magnoliopsida,Saxifragales,Saxifragaceae,Saxifraga,Saxifraga granulata
Sorbus aucuparia-type,Plantae,Tracheophyta,Magnoliopsida,Rosales,Rosaceae,Sorbus,Sorbus
Trifolium badium-type,Plantae,Tracheophyta,Magnoliopsida,Fabales,Fabaceae,Trifolium,Trifolium
Trifolium badium-type,Animalia,Platyhelminthes,Trematoda,Plagiorchiida,Psilostomidae,Trifolium,Trifolium
Berberis vulgaris,Plantae,Tracheophyta,Magnoliopsida,Ranunculales,Berberidaceae,Berberis,Berberis vulgaris
Betula cf. B. nana,Plantae,Tracheophyta,Magnoliopsida,Fagales,Betulaceae,Betula,Betula
Corydalis,Plantae,Tracheophyta,Magnoliopsida,Ranunculales,Papaveraceae,Corydalis,Corydalis
Cyperus,Plantae,Tracheophyta,Liliopsida,Poales,Cyperaceae,Cyperus,Cyperus
Empetrum cf. E. nigrum,Plantae,Tracheophyta,Magnoliopsida,Ericales,Ericaceae,Empetrum,Empetrum
Gypsophila fastigiata-type,Plantae,Tracheophyta,Magnoliopsida,Caryophyllales,Caryophyllaceae,Gypsophila,Gypsophila
Populus tremula-type,Plantae,Tracheophyta,Magnoliopsida,Malpighiales,Salicaceae,Populus,Populus
Silene undiff.,Plantae,Tracheophyta,Magnoliopsida,Caryophyllales,Caryophyllaceae,Silene,Silene
Urtica cf. U. dioica,Plantae,Tracheophyta,Magnoliopsida,Rosales,Urticaceae,Urtica,Urtica
Buxus sempervirens,Plantae,Tracheophyta,Magnoliopsida,Buxales,Buxaceae,Buxus,Buxus sempervirens
Fallopia convolvulus/F. dumetorum,Plantae,Tracheophyta,Magnoliopsida,Caryophyllales,Polygonaceae,Fallopia,Fallopia
Polygonatum verticillatum,Plantae,Tracheophyta,Liliopsida,Asparagales,Asparagaceae,Polygonatum,Polygonatum verticillatum
Primula farinosa-type,Plantae,Tracheophyta,Magnoliopsida,Ericales,Primulaceae,Primula,Primula
Rumex cf. R. obtusifolius,Plantae,Tracheophyta,Magnoliopsida,Caryophyllales,Polygonaceae,Rumex,Rumex
Sambucus cf. S. nigra,Plantae,Tracheophyta,Magnoliopsida,Dipsacales,Viburnaceae,Sambucus,Sambucus
Saxifraga cf. S. hirculus,Plantae,Tracheophyta,Magnoliopsida,Saxifragales,Saxifragaceae,Saxifraga,Saxifraga
Staphylea,Plantae,Tracheophyta,Magnoliopsida,Crossosomatales,Staphyleaceae,Staphylea,Staphylea
Syringa,Plantae,Tracheophyta,Magnoliopsida,Lamiales,Oleaceae,Syringa,Syringa
Anthyllis,Plantae,Tracheophyta,Magnoliopsida,Fabales,Fabaceae,Anthyllis,Anthyllis
Arnica montana,Plantae,Tracheophyta,Magnoliopsida,Asterales,Asteraceae,Arnica,Arnica montana
Astragalus alpinus-type,Plantae,Tracheophyta,Magnoliopsida,Fabales,Fabaceae,Astragalus,Astragalus
Bellis,Plantae,Tracheophyta,Magnoliopsida,Asterales,Asteraceae,Bellis,Bellis
Cerastium arvense-type,Plantae,Tracheophyta,Magnoliopsida,Caryophyllales,Caryophyllaceae,Cerastium,Cerastium
Convallaria majalis,Plantae,Tracheophyta,Liliopsida,Asparagales,Asparagaceae,Convallaria,Convallaria majalis
Cytisus scoparius,Plantae,Tracheophyta,Magnoliopsida,Fabales,Fabaceae,Cytisus,Cytisus scoparius
Daucus carota,Plantae,Tracheophyta,Magnoliopsida,Apiales,Apiaceae,Daucus,Daucus carota
Dianthus superbus-type,Plantae,Tracheophyta,Magnoliopsida,Caryophyllales,Caryophyllaceae,Dianthus,Dianthus
Erigeron,Plantae,Tracheophyta,Magnoliopsida,Asterales,Asteraceae,Erigeron,Erigeron
Homogyne,Plantae,Tracheophyta,Magnoliopsida,Asterales,Asteraceae,Homogyne,Homogyne
Lonicera xylosteum-type,Plantae,Tracheophyta,Magnoliopsida,Dipsacales,Caprifoliaceae,Lonicera,Lonicera
Medicago falcata-type,Plantae,Tracheophyta,Magnoliopsida,Fabales,Fabaceae,Medicago,Medicago
Mercurialis annua,Plantae,Tracheophyta,Magnoliopsida,Malpighiales,Euphorbiaceae,Mercurialis,Mercurialis annua
Minuartia rubra-type,Plantae,Tracheophyta,Magnoliopsida,Caryophyllales,Caryophyllaceae,Minuartia,Minuartia
Onosma,Plantae,Tracheophyta,Magnoliopsida,Boraginales,Boraginaceae,Onosma,Onosma
Primula hirsuta-type,Plantae,Tracheophyta,Magnoliopsida,Ericales,Primulaceae,Primula,Primula
Rosa,Plantae,Tracheophyta,Magnoliopsida,Rosales,Rosaceae,Rosa,Rosa
Senecio,Plantae,Tracheophyta,Magnoliopsida,Asterales,Asteraceae,Senecio,Senecio
Solidago,Plantae,Tracheophyta,Magnoliopsida,Asterales,Asteraceae,Solidago,Solidago
Tussilago farfara,Plantae,Tracheophyta,Magnoliopsida,Asterales,Asteraceae,Tussilago,Tussilago farfara
Valeriana tripteris-type,Plantae,Tracheophyta,Magnoliopsida,Dipsacales,Caprifoliaceae,Valeriana,Valeriana
Ranunculus lingua-type,Plantae,Tracheophyta,Magnoliopsida,Ranunculales,Ranunculaceae,Ranunculus,Ranunculus
Arbutus,Plantae,Tracheophyta,Magnoliopsida,Ericales,Ericaceae,Arbutus,Arbutus
Arceuthobium oxycedri,Plantae,Tracheophyta,Magnoliopsida,Santalales,Viscaceae,Arceuthobium,Arceuthobium oxycedri
Asparagus acutifolius,Plantae,Tracheophyta,Liliopsida,Asparagales,Asparagaceae,Asparagus,Asparagus acutifolius
Asphodeline,Plantae,Tracheophyta,Liliopsida,Asparagales,Asphodelaceae,Asphodeline,Asphodeline
Asphodelus albus-type,Plantae,Tracheophyta,Liliopsida,Asparagales,Asphodelaceae,Asphodelus,Asphodelus
Calligonum,Plantae,Tracheophyta,Magnoliopsida,Caryophyllales,Polygonaceae,Calligonum,Calligonum
Carlina,Plantae,Tracheophyta,Magnoliopsida,Asterales,Asteraceae,Carlina,Carlina
Carthamus,Plantae,Tracheophyta,Magnoliopsida,Asterales,Asteraceae,Carthamus,Carthamus
Celtis australis,Plantae,Tracheophyta,Magnoliopsida,Rosales,Cannabaceae,Celtis,Celtis australis
Centaurium,Plantae,Tracheophyta,Magnoliopsida,Gentianales,Gentianaceae,Centaurium,Centaurium
Cerinthe,Plantae,Tracheophyta,Magnoliopsida,Boraginales,Boraginaceae,Cerinthe,Cerinthe
Cistus monspeliensis,Plantae,Tracheophyta,Magnoliopsida,Malvales,Cistaceae,Cistus,Cistus monspeliensis
Cistus salviifolius,Plantae,Tracheophyta,Magnoliopsida,Malvales,Cistaceae,Cistus,Cistus salviifolius
Epipactis palustris-type,Plantae,Tracheophyta,Liliopsida,Asparagales,Orchidaceae,Epipactis,Epipactis
Erica arborea-type,Animalia,Arthropoda,Arachnida,Araneae,Salticidae,Erica,Erica
Erica arborea-type,Plantae,Tracheophyta,Magnoliopsida,Ericales,Ericaceae,Erica,Erica
Ficus,Animalia,Mollusca,Gastropoda,Littorinimorpha,Ficidae,Ficus,Ficus
Ficus,Plantae,Tracheophyta,Magnoliopsida,Rosales,Moraceae,Ficus,Ficus
Helleborus foetidus,Plantae,Tracheophyta,Magnoliopsida,Ranunculales,Ranunculaceae,Helleborus,Helleborus foetidus
Linum usitatissimum-type,Plantae,Tracheophyta,Magnoliopsida,Malpighiales,Linaceae,Linum,Linum
Lycopsis arvensis,Plantae,Tracheophyta,Magnoliopsida,Boraginales,Boraginaceae,Lycopsis,Lycopsis arvensis
Lygeum spartum,Plantae,Tracheophyta,Liliopsida,Poales,Poaceae,Lygeum,Lygeum spartum
Myrtus communis,Plantae,Tracheophyta,Magnoliopsida,Myrtales,Myrtaceae,Myrtus,Myrtus communis
Nerium oleander,Plantae,Tracheophyta,Magnoliopsida,Gentianales,Apocynaceae,Nerium,Nerium oleander
Pinus halepensis-type,Plantae,Tracheophyta,Pinopsida,Pinales,Pinaceae,Pinus,Pinus
Quercus cerris/Q. suber,Plantae,Tracheophyta,Magnoliopsida,Fagales,Fagaceae,Quercus,Quercus
Quercus pubescens-type,Plantae,Tracheophyta,Magnoliopsida,Fagales,Fagaceae,Quercus,Quercus
Theligonum cynocrambe,Plantae,Tracheophyta,Magnoliopsida,Gentianales,Rubiaceae,Theligonum,Theligonum cynocrambe
Thymelaeaceae,Plantae,Tracheophyta,Magnoliopsida,Malvales,Thymelaeaceae,Thymelaeaceae,Thymelaeaceae
Viburnum tinus,Plantae,Tracheophyta,Magnoliopsida,Dipsacales,Viburnaceae,Viburnum,Viburnum tinus
Carpinus orientalis,Plantae,Tracheophyta,Magnoliopsida,Fagales,Betulaceae,Carpinus,Carpinus orientalis
Jurinea,Plantae,Tracheophyta,Magnoliopsida,Asterales,Asteraceae,Jurinea,Jurinea
Quercus cerris,Plantae,Tracheophyta,Magnoliopsida,Fagales,Fagaceae,Quercus,Quercus cerris
Anemone sect. Hepatica,Animalia,Arthropoda,Insecta,Lepidoptera,Erebidae,Hepatica,Hepatica
Anemone sect. Hepatica,Plantae,Tracheophyta,Magnoliopsida,Ranunculales,Ranunculaceae,Hepatica,Hepatica
Mercurialis perennis-type,Plantae,Tracheophyta,Magnoliopsida,Malpighiales,Euphorbiaceae,Mercurialis,Mercurialis
Orlaya grandiflora,Plantae,Tracheophyta,Magnoliopsida,Apiales,Apiaceae,Orlaya,Orlaya grandiflora
Torilis arvensis,Plantae,Tracheophyta,Magnoliopsida,Apiales,Apiaceae,Torilis,Torilis arvensis
Trifolium alpinum-type,Plantae,Tracheophyta,Magnoliopsida,Fabales,Fabaceae,Trifolium,Trifolium
Trifolium alpinum-type,Animalia,Platyhelminthes,Trematoda,Plagiorchiida,Psilostomidae,Trifolium,Trifolium
Asarum europaeum,Plantae,Tracheophyta,Magnoliopsida,Piperales,Aristolochiaceae,Asarum,Asarum europaeum
Betula pendula,Plantae,Tracheophyta,Magnoliopsida,Fagales,Betulaceae,Betula,Betula pendula
Betula pubescens,Plantae,Tracheophyta,Magnoliopsida,Fagales,Betulaceae,Betula,Betula pubescens
Cichorium,Plantae,Tracheophyta,Magnoliopsida,Asterales,Asteraceae,Cichorium,Cichorium
Illecebrum,Plantae,Tracheophyta,Magnoliopsida,Caryophyllales,Caryophyllaceae,Illecebrum,Illecebrum
Oxalidaceae,Plantae,Tracheophyta,Magnoliopsida,Oxalidales,Oxalidaceae,Oxalidaceae,Oxalidaceae
Plantaginaceae,Plantae,Tracheophyta,Magnoliopsida,Lamiales,Plantaginaceae,Plantaginaceae,Plantaginaceae
Santalaceae,Plantae,Tracheophyta,Magnoliopsida,Santalales,Santalaceae,Santalaceae,Santalaceae
Violaceae,Plantae,Tracheophyta,Magnoliopsida,Malpighiales,Violaceae,Violaceae,Violaceae
Iridaceae,Plantae,Tracheophyta,Liliopsida,Asparagales,Iridaceae,Iridaceae,Iridaceae
Pinus peuce,Plantae,Tracheophyta,Pinopsida,Pinales,Pinaceae,Pinus,Pinus peuce
Quercus cerris-type,Plantae,Tracheophyta,Magnoliopsida,Fagales,Fagaceae,Quercus,Quercus
Plantago media/P. montana,Plantae,Tracheophyta,Magnoliopsida,Lamiales,Plantaginaceae,Plantago,Plantago
Pistacia lentiscus,Plantae,Tracheophyta,Magnoliopsida,Sapindales,Anacardiaceae,Pistacia,Pistacia lentiscus
Saxifraga paniculata-type,Plantae,Tracheophyta,Magnoliopsida,Saxifragales,Saxifragaceae,Saxifraga,Saxifraga
Sempervivum,Plantae,Tracheophyta,Magnoliopsida,Saxifragales,Crassulaceae,Sempervivum,Sempervivum
Streptopus amplexifolius,Plantae,Tracheophyta,Liliopsida,Liliales,Liliaceae,Streptopus,Streptopus amplexifolius
Vincetoxicum,Plantae,Tracheophyta,Magnoliopsida,Gentianales,Apocynaceae,Vincetoxicum,Vincetoxicum
Xeranthemum,Plantae,Tracheophyta,Magnoliopsida,Asterales,Asteraceae,Xeranthemum,Xeranthemum
Myosotis arvensis-type,Plantae,Tracheophyta,Magnoliopsida,Boraginales,Boraginaceae,Myosotis,Myosotis
Lotus corniculatus,Plantae,Tracheophyta,Magnoliopsida,Fabales,Fabaceae,Lotus,Lotus corniculatus
Persicaria lapathifolia,Plantae,Tracheophyta,Magnoliopsida,Caryophyllales,Polygonaceae,Persicaria,Persicaria lapathifolia
Poterium,Plantae,Tracheophyta,Magnoliopsida,Rosales,Rosaceae,Poterium,Poterium
Quercus (deciduous),Plantae,Tracheophyta,Magnoliopsida,Fagales,Fagaceae,Quercus,Quercus
Rumex aquaticus,Plantae,Tracheophyta,Magnoliopsida,Caryophyllales,Polygonaceae,Rumex,Rumex aquaticus
Sambucus ebulus,Plantae,Tracheophyta,Magnoliopsida,Dipsacales,Viburnaceae,Sambucus,Sambucus ebulus
Tilia undiff.,Plantae,Tracheophyta,Magnoliopsida,Malvales,Malvaceae,Tilia,Tilia
Arctostaphylos uva-ursi-type,Plantae,Tracheophyta,Magnoliopsida,Ericales,Ericaceae,Arctostaphylos,Arctostaphylos
Betula pubescens-type,Plantae,Tracheophyta,Magnoliopsida,Fagales,Betulaceae,Betula,Betula
Chamaenerion,Plantae,Tracheophyta,Magnoliopsida,Myrtales,Onagraceae,Chamaenerion,Chamaenerion
Cryptomeria,Animalia,Arthropoda,Insecta,Lepidoptera,Erebidae,Cryptomeria,Cryptomeria
Cryptomeria,Plantae,Tracheophyta,Pinopsida,Pinales,Cupressaceae,Cryptomeria,Cryptomeria
Rumex cf. R. alpinus,Plantae,Tracheophyta,Magnoliopsida,Caryophyllales,Polygonaceae,Rumex,Rumex
Saxifraga undiff.,Plantae,Tracheophyta,Magnoliopsida,Saxifragales,Saxifragaceae,Saxifraga,Saxifraga
Sciadopitys,Plantae,Tracheophyta,Pinopsida,Pinales,Sciadopityaceae,Sciadopitys,Sciadopitys
Sequoia,Plantae,Tracheophyta,Pinopsida,Pinales,Cupressaceae,Sequoia,Sequoia
Sorbus aria-type,Plantae,Tracheophyta,Magnoliopsida,Rosales,Rosaceae,Sorbus,Sorbus
Tsuga diversifolia-type,Plantae,Tracheophyta,Pinopsida,Pinales,Pinaceae,Tsuga,Tsuga
Buphthalmum,Plantae,Tracheophyta,Magnoliopsida,Asterales,Asteraceae,Buphthalmum,Buphthalmum
Geum montanum-type,Plantae,Tracheophyta,Magnoliopsida,Rosales,Rosaceae,Geum,Geum
Holosteum umbellatum,Plantae,Tracheophyta,Magnoliopsida,Caryophyllales,Caryophyllaceae,Holosteum,Holosteum umbellatum
Ligusticum mutellinoides-type,Plantae,Tracheophyta,Magnoliopsida,Apiales,Apiaceae,Ligusticum,Ligusticum
Minuartia verna-type,Plantae,Tracheophyta,Magnoliopsida,Caryophyllales,Caryophyllaceae,Minuartia,Minuartia
Myricaria germanica,Plantae,Tracheophyta,Magnoliopsida,Caryophyllales,Tamaricaceae,Myricaria,Myricaria germanica
Turgenia latifolia,Plantae,Tracheophyta,Magnoliopsida,Apiales,Apiaceae,Turgenia,Turgenia latifolia
Linaceae,Plantae,Tracheophyta,Magnoliopsida,Malpighiales,Linaceae,Linaceae,Linaceae
Olea europaea,Plantae,Tracheophyta,Magnoliopsida,Lamiales,Oleaceae,Olea,Olea europaea
Quercus canariensis,Plantae,Tracheophyta,Magnoliopsida,Fagales,Fagaceae,Quercus,Quercus canariensis
Quercus suber,Plantae,Tracheophyta,Magnoliopsida,Fagales,Fagaceae,Quercus,Quercus suber
Centaurea undiff.,Plantae,Tracheophyta,Magnoliopsida,Asterales,Asteraceae,Centaurea,Centaurea
Knautia arvensis-type,Plantae,Tracheophyta,Magnoliopsida,Dipsacales,Caprifoliaceae,Knautia,Knautia
Lycopus,Animalia,Arthropoda,Arachnida,Araneae,Thomisidae,Lycopus,Lycopus
Lycopus,Plantae,Tracheophyta,Magnoliopsida,Lamiales,Lamiaceae,Lycopus,Lycopus
Scleranthus annuus-type,Plantae,Tracheophyta,Magnoliopsida,Caryophyllales,Caryophyllaceae,Scleranthus,Scleranthus
Sorbus torminalis,Plantae,Tracheophyta,Magnoliopsida,Rosales,Rosaceae,Torminalis,Torminalis glaberrima
Sorbus torminalis,Plantae,Tracheophyta,Magnoliopsida,Rosales,Rosaceae,Torminalis,Torminalis glaberrima
Sorbus torminalis,Plantae,Tracheophyta,Magnoliopsida,Rosales,Rosaceae,Torminalis,Torminalis glaberrima
Sorbus torminalis,Plantae,Tracheophyta,Magnoliopsida,Rosales,Rosaceae,Torminalis,Torminalis glaberrima
Angelica sylvestris,Plantae,Tracheophyta,Magnoliopsida,Apiales,Apiaceae,Angelica,Angelica sylvestris
Athamanta cretensis,Plantae,Tracheophyta,Magnoliopsida,Apiales,Apiaceae,Athamanta,Athamanta cretensis
Lonicera alpigena,Plantae,Tracheophyta,Magnoliopsida,Dipsacales,Caprifoliaceae,Lonicera,Lonicera alpigena
Acanthus,Plantae,Tracheophyta,Magnoliopsida,Lamiales,Acanthaceae,Acanthus,Acanthus
Coriaria,Plantae,Tracheophyta,Magnoliopsida,Cucurbitales,Coriariaceae,Coriaria,Coriaria
Cyperus capitatus,Plantae,Tracheophyta,Liliopsida,Poales,Cyperaceae,Cyperus,Cyperus capitatus
Gentiana verna,Plantae,Tracheophyta,Magnoliopsida,Gentianales,Gentianaceae,Gentiana,Gentiana verna
Ranunculus lanuginosus,Plantae,Tracheophyta,Magnoliopsida,Ranunculales,Ranunculaceae,Ranunculus,Ranunculus lanuginosus
Stellaria holostea-type,Plantae,Tracheophyta,Magnoliopsida,Caryophyllales,Caryophyllaceae,Stellaria,Stellaria
Stellaria holostea-type,Animalia,Mollusca,Gastropoda,Littorinimorpha,Xenophoridae,Stellaria,Stellaria
Centaurea solstitialis-type,Plantae,Tracheophyta,Magnoliopsida,Asterales,Asteraceae,Centaurea,Centaurea
Cistus albidus-type,Plantae,Tracheophyta,Magnoliopsida,Malvales,Cistaceae,Cistus,Cistus
Fraxinus angustifolia-type,Plantae,Tracheophyta,Magnoliopsida,Lamiales,Oleaceae,Fraxinus,Fraxinus
Marrubium,Plantae,Tracheophyta,Magnoliopsida,Lamiales,Lamiaceae,Marrubium,Marrubium
Myrtus,Plantae,Tracheophyta,Magnoliopsida,Myrtales,Myrtaceae,Myrtus,Myrtus
Plantago lagopus-type,Plantae,Tracheophyta,Magnoliopsida,Lamiales,Plantaginaceae,Plantago,Plantago
Quercus (deciduous-type),Plantae,Tracheophyta,Magnoliopsida,Fagales,Fagaceae,Quercus,Quercus
Quercus (evergreen-type),Plantae,Tracheophyta,Magnoliopsida,Fagales,Fagaceae,Quercus,Quercus
Crepis,Animalia,Bryozoa,Gymnolaemata,Cheilostomatida,Cymuloporidae,Crepis,Crepis
Crepis,Plantae,Tracheophyta,Magnoliopsida,Asterales,Asteraceae,Crepis,Crepis
Hypericum elodes,Plantae,Tracheophyta,Magnoliopsida,Malpighiales,Hypericaceae,Hypericum,Hypericum elodes
Rumex hydrolapathum,Plantae,Tracheophyta,Magnoliopsida,Caryophyllales,Polygonaceae,Rumex,Rumex hydrolapathum
Verbena,Plantae,Tracheophyta,Magnoliopsida,Lamiales,Verbenaceae,Verbena,Verbena
Armeria maritima,Plantae,Tracheophyta,Magnoliopsida,Caryophyllales,Plumbaginaceae,Armeria,Armeria maritima
Atropa belladonna,Plantae,Tracheophyta,Magnoliopsida,Solanales,Solanaceae,Atropa,Atropa belladonna
Borago,Plantae,Tracheophyta,Magnoliopsida,Boraginales,Boraginaceae,Borago,Borago
Limonium,Plantae,Tracheophyta,Magnoliopsida,Caryophyllales,Plumbaginaceae,Limonium,Limonium
Resedaceae,Plantae,Tracheophyta,Magnoliopsida,Brassicales,Resedaceae,Resedaceae,Resedaceae
Spartium,Plantae,Tracheophyta,Magnoliopsida,Fabales,Fabaceae,Spartium,Spartium
Viola tricolor,Plantae,Tracheophyta,Magnoliopsida,Malpighiales,Violaceae,Viola,Viola tricolor
Calystegia sepium-type,Plantae,Tracheophyta,Magnoliopsida,Solanales,Convolvulaceae,Calystegia,Calystegia
Dioscorea,Plantae,Tracheophyta,Liliopsida,Dioscoreales,Dioscoreaceae,Dioscorea,Dioscorea
Plantago pro parte,Plantae,Tracheophyta,Magnoliopsida,Lamiales,Plantaginaceae,Plantago,Plantago
Ammi,Plantae,Tracheophyta,Magnoliopsida,Apiales,Apiaceae,Ammi,Ammi
Atriplex,Plantae,Tracheophyta,Magnoliopsida,Caryophyllales,Amaranthaceae,Atriplex,Atriplex
Calendula,Plantae,Tracheophyta,Magnoliopsida,Asterales,Asteraceae,Calendula,Calendula
Draba,Plantae,Tracheophyta,Magnoliopsida,Brassicales,Brassicaceae,Draba,Draba
Rosaceae (type A),Plantae,Tracheophyta,Magnoliopsida,Rosales,Rosaceae,Rosaceae,Rosaceae
Rosaceae (type B),Plantae,Tracheophyta,Magnoliopsida,Rosales,Rosaceae,Rosaceae,Rosaceae
Androsace alpina-type,Plantae,Tracheophyta,Magnoliopsida,Ericales,Primulaceae,Androsace,Androsace
Chrysosplenium undiff.,Plantae,Tracheophyta,Magnoliopsida,Saxifragales,Saxifragaceae,Chrysosplenium,Chrysosplenium
Lamium album-type,Plantae,Tracheophyta,Magnoliopsida,Lamiales,Lamiaceae,Lamium,Lamium
Narcissus pseudonarcissus-type,Plantae,Tracheophyta,Liliopsida,Asparagales,Amaryllidaceae,Narcissus,Narcissus
Saxifraga hirculus-type,Plantae,Tracheophyta,Magnoliopsida,Saxifragales,Saxifragaceae,Saxifraga,Saxifraga
Helleborus viridis-type,Plantae,Tracheophyta,Magnoliopsida,Ranunculales,Ranunculaceae,Helleborus,Helleborus
Boraginaceae undiff.,Plantae,Tracheophyta,Magnoliopsida,Boraginales,Boraginaceae,Boraginaceae,Boraginaceae
Tozzia alpina,Plantae,Tracheophyta,Magnoliopsida,Lamiales,Orobanchaceae,Tozzia,Tozzia alpina
Caryophyllaceae pro parte,Plantae,Tracheophyta,Magnoliopsida,Caryophyllales,Caryophyllaceae,Caryophyllaceae,Caryophyllaceae
Euphorbia cf. E. palustris,Plantae,Tracheophyta,Magnoliopsida,Malpighiales,Euphorbiaceae,Euphorbia,Euphorbia
Fabaceae pro parte,Plantae,Tracheophyta,Magnoliopsida,Fabales,Fabaceae,Fabaceae,Fabaceae
Lamiaceae pro parte,Plantae,Tracheophyta,Magnoliopsida,Lamiales,Lamiaceae,Lamiaceae,Lamiaceae
Liliaceae pro parte,Plantae,Tracheophyta,Liliopsida,Liliales,Liliaceae,Liliaceae,Liliaceae
Melampyrum pratense,Plantae,Tracheophyta,Magnoliopsida,Lamiales,Orobanchaceae,Melampyrum,Melampyrum pratense
Poaceae pro parte,Plantae,Tracheophyta,Liliopsida,Poales,Poaceae,Poaceae,Poaceae
Ranunculaceae pro parte,Plantae,Tracheophyta,Magnoliopsida,Ranunculales,Ranunculaceae,Ranunculaceae,Ranunculaceae
Rosaceae pro parte,Plantae,Tracheophyta,Magnoliopsida,Rosales,Rosaceae,Rosaceae,Rosaceae
Muscari,Plantae,Tracheophyta,Liliopsida,Asparagales,Asparagaceae,Muscari,Muscari
Gentiana lutea,Plantae,Tracheophyta,Magnoliopsida,Gentianales,Gentianaceae,Gentiana,Gentiana lutea
Centaurea cf. C. cyanus-type,Plantae,Tracheophyta,Magnoliopsida,Asterales,Asteraceae,Centaurea,Centaurea
Centaurea cf. C. nigra-type,Plantae,Tracheophyta,Magnoliopsida,Asterales,Asteraceae,Centaurea,Centaurea
Centaurea cf. C. scabiosa-type,Plantae,Tracheophyta,Magnoliopsida,Asterales,Asteraceae,Centaurea,Centaurea
Quercus undiff.,Plantae,Tracheophyta,Magnoliopsida,Fagales,Fagaceae,Quercus,Quercus
Andromeda polifolia,Plantae,Tracheophyta,Magnoliopsida,Ericales,Ericaceae,Andromeda,Andromeda polifolia
Eupatorium,Plantae,Tracheophyta,Magnoliopsida,Asterales,Asteraceae,Eupatorium,Eupatorium
Sison amomum,Plantae,Tracheophyta,Magnoliopsida,Apiales,Apiaceae,Sison,Sison amomum
Sium latifolium-type,Plantae,Tracheophyta,Magnoliopsida,Apiales,Apiaceae,Sium,Sium
Torilis nodosa,Plantae,Tracheophyta,Magnoliopsida,Apiales,Apiaceae,Torilis,Torilis nodosa
Trinia glauca,Plantae,Tracheophyta,Magnoliopsida,Apiales,Apiaceae,Trinia,Trinia glauca
Betula humilis,Plantae,Tracheophyta,Magnoliopsida,Fagales,Betulaceae,Betula,Betula humilis
Caprifoliaceae,Plantae,Tracheophyta,Magnoliopsida,Dipsacales,Caprifoliaceae,Caprifoliaceae,Caprifoliaceae
Lamiaceae (hexacolpate),Plantae,Tracheophyta,Magnoliopsida,Lamiales,Lamiaceae,Lamiaceae,Lamiaceae
Lamiaceae (tricolpate),Plantae,Tracheophyta,Magnoliopsida,Lamiales,Lamiaceae,Lamiaceae,Lamiaceae
Psylliostachys spicata,Plantae,Tracheophyta,Magnoliopsida,Caryophyllales,Plumbaginaceae,Psylliostachys,Psylliostachys spicatus
Rumex cf. R. hydrolapathum,Plantae,Tracheophyta,Magnoliopsida,Caryophyllales,Polygonaceae,Rumex,Rumex
Zygophyllum,Plantae,Tracheophyta,Magnoliopsida,Zygophyllales,Zygophyllaceae,Zygophyllum,Zygophyllum
Clematis,Plantae,Tracheophyta,Magnoliopsida,Ranunculales,Ranunculaceae,Clematis,Clematis
Dioscorea communis,Plantae,Tracheophyta,Liliopsida,Dioscoreales,Dioscoreaceae,Dioscorea,Dioscorea communis
Lonicera nigra,Plantae,Tracheophyta,Magnoliopsida,Dipsacales,Caprifoliaceae,Lonicera,Lonicera nigra
Maianthemum bifolium,Plantae,Tracheophyta,Liliopsida,Asparagales,Asparagaceae,Maianthemum,Maianthemum bifolium
Saxifraga hirsuta-type,Plantae,Tracheophyta,Magnoliopsida,Saxifragales,Saxifragaceae,Saxifraga,Saxifraga
Silaum silaus,Plantae,Tracheophyta,Magnoliopsida,Apiales,Apiaceae,Silaum,Silaum silaus
Linum undiff.,Plantae,Tracheophyta,Magnoliopsida,Malpighiales,Linaceae,Linum,Linum
Myricaria germanica-type,Plantae,Tracheophyta,Magnoliopsida,Caryophyllales,Tamaricaceae,Myricaria,Myricaria
Bistorta vivipara-type,Plantae,Tracheophyta,Magnoliopsida,Caryophyllales,Polygonaceae,Bistorta,Bistorta
Cerastium fontanum,Plantae,Tracheophyta,Magnoliopsida,Caryophyllales,Caryophyllaceae,Cerastium,Cerastium fontanum
Aesculus hippocastanum,Plantae,Tracheophyta,Magnoliopsida,Sapindales,Sapindaceae,Aesculus,Aesculus hippocastanum
Nicotiana,Plantae,Tracheophyta,Magnoliopsida,Solanales,Solanaceae,Nicotiana,Nicotiana
Laserpitium latifolium-type,Plantae,Tracheophyta,Magnoliopsida,Apiales,Apiaceae,Laserpitium,Laserpitium
Meum athamanticum,Plantae,Tracheophyta,Magnoliopsida,Apiales,Apiaceae,Meum,Meum athamanticum
Cornus mas/C. suecica,Plantae,Tracheophyta,Magnoliopsida,Cornales,Cornaceae,Cornus,Cornus
Ericales (tetrad),Plantae,Tracheophyta,Magnoliopsida,Ericales,Ericales,Ericales,Ericales
Acer campestre,Plantae,Tracheophyta,Magnoliopsida,Sapindales,Sapindaceae,Acer,Acer campestre
Anthriscus caucalis,Plantae,Tracheophyta,Magnoliopsida,Apiales,Apiaceae,Anthriscus,Anthriscus caucalis
Hypericum undiff.,Plantae,Tracheophyta,Magnoliopsida,Malpighiales,Hypericaceae,Hypericum,Hypericum
Polemonium caeruleum,Plantae,Tracheophyta,Magnoliopsida,Ericales,Polemoniaceae,Polemonium,Polemonium caeruleum
Sagina cf. S. nodosa,Plantae,Tracheophyta,Magnoliopsida,Caryophyllales,Caryophyllaceae,Sagina,Sagina
Sorbus aria,Plantae,Tracheophyta,Magnoliopsida,Rosales,Rosaceae,Aria,Aria edulis
Aethusa cynapium,Plantae,Tracheophyta,Magnoliopsida,Apiales,Apiaceae,Aethusa,Aethusa cynapium
Agrostemma,Plantae,Tracheophyta,Magnoliopsida,Caryophyllales,Caryophyllaceae,Agrostemma,Agrostemma
Arnica,Plantae,Tracheophyta,Magnoliopsida,Asterales,Asteraceae,Arnica,Arnica
Carum carvi-type,Plantae,Tracheophyta,Magnoliopsida,Apiales,Apiaceae,Carum,Carum
Chaerophyllum,Plantae,Tracheophyta,Magnoliopsida,Apiales,Apiaceae,Chaerophyllum,Chaerophyllum
Conium maculatum,Plantae,Tracheophyta,Magnoliopsida,Apiales,Apiaceae,Conium,Conium maculatum
Inula,Plantae,Tracheophyta,Magnoliopsida,Asterales,Asteraceae,Inula,Inula
Pastinaca sativa,Plantae,Tracheophyta,Magnoliopsida,Apiales,Apiaceae,Pastinaca,Pastinaca sativa
Peucedanum palustre,Plantae,Tracheophyta,Magnoliopsida,Apiales,Apiaceae,Thysselinum,Thysselinum palustre
Primula veris-type,Plantae,Tracheophyta,Magnoliopsida,Ericales,Primulaceae,Primula,Primula
Ranunculus flammula,Plantae,Tracheophyta,Magnoliopsida,Ranunculales,Ranunculaceae,Ranunculus,Ranunculus flammula
Scandix pecten-veneris,Plantae,Tracheophyta,Magnoliopsida,Apiales,Apiaceae,Scandix,Scandix pecten-veneris
Silene viscaria-type,Plantae,Tracheophyta,Magnoliopsida,Caryophyllales,Caryophyllaceae,Silene,Silene
Sium,Plantae,Tracheophyta,Magnoliopsida,Apiales,Apiaceae,Sium,Sium
Swertia perennis,Plantae,Tracheophyta,Magnoliopsida,Gentianales,Gentianaceae,Swertia,Swertia perennis
Torilis japonica,Plantae,Tracheophyta,Magnoliopsida,Apiales,Apiaceae,Torilis,Torilis japonica
Buglossoides arvensis,Plantae,Tracheophyta,Magnoliopsida,Boraginales,Boraginaceae,Buglossoides,Buglossoides arvensis
Eryngium campestre,Plantae,Tracheophyta,Magnoliopsida,Apiales,Apiaceae,Eryngium,Eryngium campestre
Primulaceae undiff.,Plantae,Tracheophyta,Magnoliopsida,Ericales,Primulaceae,Primulaceae,Primulaceae
Orthilia,Plantae,Tracheophyta,Magnoliopsida,Ericales,Ericaceae,Orthilia,Orthilia
Digitalis purpurea-type,Plantae,Tracheophyta,Magnoliopsida,Lamiales,Plantaginaceae,Digitalis,Digitalis
Erica ciliaris-type,Animalia,Arthropoda,Arachnida,Araneae,Salticidae,Erica,Erica
Erica ciliaris-type,Plantae,Tracheophyta,Magnoliopsida,Ericales,Ericaceae,Erica,Erica
Lythrum salicaria-type,Plantae,Tracheophyta,Magnoliopsida,Myrtales,Lythraceae,Lythrum,Lythrum
Poaceae (annulus >10 µm),Plantae,Tracheophyta,Liliopsida,Poales,Poaceae,Poaceae,Poaceae
Rumex sanguineus-type,Plantae,Tracheophyta,Magnoliopsida,Caryophyllales,Polygonaceae,Rumex,Rumex
Solidago virgaurea-type,Plantae,Tracheophyta,Magnoliopsida,Asterales,Asteraceae,Solidago,Solidago
Anagallis tenella,Plantae,Tracheophyta,Magnoliopsida,Ericales,Primulaceae,Lysimachia,Lysimachia tenella
Crassulaceae undiff.,Plantae,Tracheophyta,Magnoliopsida,Saxifragales,Crassulaceae,Crassulaceae,Crassulaceae
Myosotis arvensis,Plantae,Tracheophyta,Magnoliopsida,Boraginales,Boraginaceae,Myosotis,Myosotis arvensis
Poaceae (<37 µm),Plantae,Tracheophyta,Liliopsida,Poales,Poaceae,Poaceae,Poaceae
Andromeda,Plantae,Tracheophyta,Magnoliopsida,Ericales,Ericaceae,Andromeda,Andromeda
Crataegus monogyna,Plantae,Tracheophyta,Magnoliopsida,Rosales,Rosaceae,Crataegus,Crataegus monogyna
Plantago tenuiflora,Plantae,Tracheophyta,Magnoliopsida,Lamiales,Plantaginaceae,Plantago,Plantago tenuiflora
Umbilicus rupestris,Plantae,Tracheophyta,Magnoliopsida,Saxifragales,Crassulaceae,Umbilicus,Umbilicus rupestris
Vicia sylvatica,Plantae,Tracheophyta,Magnoliopsida,Fabales,Fabaceae,Vicia,Vicia sylvatica
Monotropa,Plantae,Tracheophyta,Magnoliopsida,Ericales,Ericaceae,Monotropa,Monotropa
Anemone alpina,Plantae,Tracheophyta,Magnoliopsida,Ranunculales,Ranunculaceae,Anemone,Anemone baldensis
Anemone alpina,Plantae,Tracheophyta,Magnoliopsida,Ranunculales,Ranunculaceae,Anemone,Anemone baldensis
Anemone alpina,Plantae,Tracheophyta,Magnoliopsida,Ranunculales,Ranunculaceae,Pulsatilla,Pulsatilla alpina
Anemone alpina,Plantae,Tracheophyta,Magnoliopsida,Ranunculales,Ranunculaceae,Pulsatilla,Pulsatilla alpina
Ligusticum,Plantae,Tracheophyta,Magnoliopsida,Apiales,Apiaceae,Ligusticum,Ligusticum
Peucedanum,Plantae,Tracheophyta,Magnoliopsida,Apiales,Apiaceae,Peucedanum,Peucedanum
Plantago montana,Plantae,Tracheophyta,Magnoliopsida,Lamiales,Plantaginaceae,Plantago,Plantago atrata
Plantago montana,Plantae,Tracheophyta,Magnoliopsida,Lamiales,Plantaginaceae,Plantago,Plantago atrata
Plantago montana,Plantae,Tracheophyta,Magnoliopsida,Lamiales,Plantaginaceae,Plantago,Plantago maritima
Plantago montana,Plantae,Tracheophyta,Magnoliopsida,Lamiales,Plantaginaceae,Plantago,Plantago maritima
Polygala vulgaris-type,Plantae,Tracheophyta,Magnoliopsida,Fabales,Polygalaceae,Polygala,Polygala
Ranunculus aconitifolius,Plantae,Tracheophyta,Magnoliopsida,Ranunculales,Ranunculaceae,Ranunculus,Ranunculus aconitifolius
Seseli,Plantae,Tracheophyta,Magnoliopsida,Apiales,Apiaceae,Seseli,Seseli
Homogyne alpina,Plantae,Tracheophyta,Magnoliopsida,Asterales,Asteraceae,Homogyne,Homogyne alpina
Xanthium spinosum-type,Plantae,Tracheophyta,Magnoliopsida,Asterales,Asteraceae,Xanthium,Xanthium
Oenanthe fistulosa-type,Animalia,Chordata,Aves,Passeriformes,Muscicapidae,Oenanthe,Oenanthe
Oenanthe fistulosa-type,Plantae,Tracheophyta,Magnoliopsida,Apiales,Apiaceae,Oenanthe,Oenanthe
Plantago atrata,Plantae,Tracheophyta,Magnoliopsida,Lamiales,Plantaginaceae,Plantago,Plantago atrata
Pseudofumaria lutea-type,Plantae,Tracheophyta,Magnoliopsida,Ranunculales,Papaveraceae,Pseudofumaria,Pseudofumaria
Rumex alpinus-type,Plantae,Tracheophyta,Magnoliopsida,Caryophyllales,Polygonaceae,Rumex,Rumex
Scabiosa columbaria-type,Plantae,Tracheophyta,Magnoliopsida,Dipsacales,Caprifoliaceae,Scabiosa,Scabiosa
Staphylea pinnata,Plantae,Tracheophyta,Magnoliopsida,Crossosomatales,Staphyleaceae,Staphylea,Staphylea pinnata
Succisa pratensis-type,Plantae,Tracheophyta,Magnoliopsida,Dipsacales,Caprifoliaceae,Succisa,Succisa
Trachycarpus fortunei,Plantae,Tracheophyta,Liliopsida,Arecales,Arecaceae,Trachycarpus,Trachycarpus fortunei
Tribulus terrestris,Plantae,Tracheophyta,Magnoliopsida,Zygophyllales,Zygophyllaceae,Tribulus,Tribulus terrestris
Viola canina-type,Animalia,Arthropoda,Insecta,Lepidoptera,Hesperiidae,Viola,Viola
Viola canina-type,Plantae,Tracheophyta,Magnoliopsida,Malpighiales,Violaceae,Viola,Viola
Berula erecta,Plantae,Tracheophyta,Magnoliopsida,Apiales,Apiaceae,Berula,Berula erecta
Morus alba-type,Animalia,Chordata,Aves,Suliformes,Sulidae,Morus,Morus
Morus alba-type,Plantae,Tracheophyta,Magnoliopsida,Rosales,Moraceae,Morus,Morus
Artemisia herba-alba-type,Plantae,Tracheophyta,Magnoliopsida,Asterales,Asteraceae,Artemisia,Artemisia
Artemisia vulgaris-type,Plantae,Tracheophyta,Magnoliopsida,Asterales,Asteraceae,Artemisia,Artemisia
Betulaceae,Plantae,Tracheophyta,Magnoliopsida,Fagales,Betulaceae,Betulaceae,Betulaceae
Cotinus coggygria,Plantae,Tracheophyta,Magnoliopsida,Sapindales,Anacardiaceae,Cotinus,Cotinus coggygria
Loranthus,Plantae,Tracheophyta,Magnoliopsida,Santalales,Loranthaceae,Loranthus,Loranthus
Paliurus,Animalia,Annelida,Polychaeta,Paliurus,Paliurus,Paliurus,Paliurus
Paliurus,Plantae,Tracheophyta,Magnoliopsida,Rosales,Rhamnaceae,Paliurus,Paliurus
Ranunculus repens-type,Plantae,Tracheophyta,Magnoliopsida,Ranunculales,Ranunculaceae,Ranunculus,Ranunculus
Ranunculus sceleratus-type,Plantae,Tracheophyta,Magnoliopsida,Ranunculales,Ranunculaceae,Ranunculus,Ranunculus
Rubus fruticosus,Plantae,Tracheophyta,Magnoliopsida,Rosales,Rosaceae,Rubus,Rubus cochinchinensis
Adonis,Plantae,Tracheophyta,Magnoliopsida,Ranunculales,Ranunculaceae,Adonis,Adonis
Armeria (type A),Plantae,Tracheophyta,Magnoliopsida,Caryophyllales,Plumbaginaceae,Armeria,Armeria
Armeria (type B),Plantae,Tracheophyta,Magnoliopsida,Caryophyllales,Plumbaginaceae,Armeria,Armeria
Glaux,Plantae,Tracheophyta,Magnoliopsida,Ericales,Primulaceae,Lysimachia,Lysimachia
Glaux,Plantae,Tracheophyta,Magnoliopsida,Ericales,Primulaceae,Lysimachia,Lysimachia
Glaux,Plantae,Tracheophyta,Magnoliopsida,Fabales,Fabaceae,Astragalus,Astragalus
Glaux,Plantae,Tracheophyta,Magnoliopsida,Fabales,Fabaceae,Astragalus,Astragalus
Trifolium undiff.,Plantae,Tracheophyta,Magnoliopsida,Fabales,Fabaceae,Trifolium,Trifolium
Trifolium undiff.,Animalia,Platyhelminthes,Trematoda,Plagiorchiida,Psilostomidae,Trifolium,Trifolium
Malva sylvestris-type,Plantae,Tracheophyta,Magnoliopsida,Malvales,Malvaceae,Malva,Malva
Pinus pinaster,Plantae,Tracheophyta,Pinopsida,Pinales,Pinaceae,Pinus,Pinus pinaster
Quercus pyrenaica-type,Plantae,Tracheophyta,Magnoliopsida,Fagales,Fagaceae,Quercus,Quercus
Urtica dioica-type,Plantae,Tracheophyta,Magnoliopsida,Rosales,Urticaceae,Urtica,Urtica
Amaranthus,Plantae,Tracheophyta,Magnoliopsida,Caryophyllales,Amaranthaceae,Amaranthus,Amaranthus
Anemone hortensis-type,Plantae,Tracheophyta,Magnoliopsida,Ranunculales,Ranunculaceae,Anemone,Anemone
Asparagus,Plantae,Tracheophyta,Liliopsida,Asparagales,Asparagaceae,Asparagus,Asparagus
Asphodelus fistulosus,Plantae,Tracheophyta,Liliopsida,Asparagales,Asphodelaceae,Asphodelus,Asphodelus fistulosus
Bituminaria bituminosa,Plantae,Tracheophyta,Magnoliopsida,Fabales,Fabaceae,Bituminaria,Bituminaria bituminosa
Borago officinalis,Plantae,Tracheophyta,Magnoliopsida,Boraginales,Boraginaceae,Borago,Borago officinalis
Chamaerops humilis,Plantae,Tracheophyta,Liliopsida,Arecales,Arecaceae,Chamaerops,Chamaerops humilis
Citrus,Plantae,Tracheophyta,Magnoliopsida,Sapindales,Rutaceae,Citrus,Citrus
Cynoglossum officinale-type,Plantae,Tracheophyta,Magnoliopsida,Boraginales,Boraginaceae,Cynoglossum,Cynoglossum
Dorycnium,Plantae,Tracheophyta,Magnoliopsida,Fabales,Fabaceae,Lotus,Lotus
Fedia cornucopiae,Plantae,Tracheophyta,Magnoliopsida,Dipsacales,Caprifoliaceae,Fedia,Fedia cornucopiae
Ficus carica,Plantae,Tracheophyta,Magnoliopsida,Rosales,Moraceae,Ficus,Ficus carica
Gypsophila arrostii,Plantae,Tracheophyta,Magnoliopsida,Caryophyllales,Caryophyllaceae,Gypsophila,Gypsophila arrostii
Helleborus viridis,Plantae,Tracheophyta,Magnoliopsida,Ranunculales,Ranunculaceae,Helleborus,Helleborus viridis
Ornithopus,Plantae,Tracheophyta,Magnoliopsida,Fabales,Fabaceae,Ornithopus,Ornithopus
Phlomis,Plantae,Tracheophyta,Magnoliopsida,Lamiales,Lamiaceae,Phlomis,Phlomis
Rumex scutatus-type,Plantae,Tracheophyta,Magnoliopsida,Caryophyllales,Polygonaceae,Rumex,Rumex
Saxifraga tridactylitis-type,Plantae,Tracheophyta,Magnoliopsida,Saxifragales,Saxifragaceae,Saxifraga,Saxifraga
Sideritis,Plantae,Tracheophyta,Magnoliopsida,Lamiales,Lamiaceae,Sideritis,Sideritis
Simethis planifolia,Plantae,Tracheophyta,Liliopsida,Asparagales,Asphodelaceae,Simethis,Simethis mattiazzii
Tamarix,Plantae,Tracheophyta,Magnoliopsida,Caryophyllales,Tamaricaceae,Tamarix,Tamarix
Tuberaria,Plantae,Tracheophyta,Magnoliopsida,Malvales,Cistaceae,Tuberaria,Tuberaria
Urtica membranacea-type,Plantae,Tracheophyta,Magnoliopsida,Rosales,Urticaceae,Urtica,Urtica
Urtica pilulifera,Plantae,Tracheophyta,Magnoliopsida,Rosales,Urticaceae,Urtica,Urtica pilulifera
Zelkova,Plantae,Tracheophyta,Magnoliopsida,Rosales,Ulmaceae,Zelkova,Zelkova
Aruncus,Plantae,Tracheophyta,Magnoliopsida,Rosales,Rosaceae,Aruncus,Aruncus
Astrantia,Plantae,Tracheophyta,Magnoliopsida,Apiales,Apiaceae,Astrantia,Astrantia
Bartsia,Plantae,Tracheophyta,Magnoliopsida,Lamiales,Orobanchaceae,Bartsia,Bartsia
Filipendula ulmaria,Plantae,Tracheophyta,Magnoliopsida,Rosales,Rosaceae,Filipendula,Filipendula ulmaria
Gnaphalium,Plantae,Tracheophyta,Magnoliopsida,Asterales,Asteraceae,Gnaphalium,Gnaphalium
Pedicularis palustris,Plantae,Tracheophyta,Magnoliopsida,Lamiales,Orobanchaceae,Pedicularis,Pedicularis palustris
Ribes alpinum,Plantae,Tracheophyta,Magnoliopsida,Saxifragales,Grossulariaceae,Ribes,Ribes alpinum
Silene vulgaris,Plantae,Tracheophyta,Magnoliopsida,Caryophyllales,Caryophyllaceae,Silene,Silene vulgaris
Veratrum album,Plantae,Tracheophyta,Liliopsida,Liliales,Melanthiaceae,Veratrum,Veratrum album
Ailanthus,Plantae,Tracheophyta,Magnoliopsida,Sapindales,Simaroubaceae,Ailanthus,Ailanthus
Centaurea solstitialis,Plantae,Tracheophyta,Magnoliopsida,Asterales,Asteraceae,Centaurea,Centaurea solstitialis
Radiola linoides,Plantae,Tracheophyta,Magnoliopsida,Malpighiales,Linaceae,Radiola,Radiola linoides
Consolida,Plantae,Tracheophyta,Magnoliopsida,Ranunculales,Ranunculaceae,Delphinium,Delphinium
Delphinium,Plantae,Tracheophyta,Magnoliopsida,Ranunculales,Ranunculaceae,Delphinium,Delphinium
Nonea,Plantae,Tracheophyta,Magnoliopsida,Boraginales,Boraginaceae,Nonea,Nonea
Orlaya,Plantae,Tracheophyta,Magnoliopsida,Apiales,Apiaceae,Orlaya,Orlaya
Pulmonaria obscura,Plantae,Tracheophyta,Magnoliopsida,Boraginales,Boraginaceae,Pulmonaria,Pulmonaria obscura
Alkanna,Plantae,Tracheophyta,Magnoliopsida,Boraginales,Boraginaceae,Alkanna,Alkanna
Gentiana purpurea-type,Plantae,Tracheophyta,Magnoliopsida,Gentianales,Gentianaceae,Gentiana,Gentiana
Globularia,Plantae,Tracheophyta,Magnoliopsida,Lamiales,Plantaginaceae,Globularia,Globularia
Globularia,Animalia,Mollusca,Gastropoda,Architaenioglossa,Ampullinidae,Globularia,Globularia
Gentianella tenella-type,Plantae,Tracheophyta,Magnoliopsida,Gentianales,Gentianaceae,Gentianella,Gentianella
Rubus fruticosus-type,Plantae,Tracheophyta,Magnoliopsida,Rosales,Rosaceae,Rubus,Rubus
Vicia faba-type,Plantae,Tracheophyta,Magnoliopsida,Fabales,Fabaceae,Vicia,Vicia
Cistus ladanifer-type,Plantae,Tracheophyta,Magnoliopsida,Malvales,Cistaceae,Cistus,Cistus
Colchicum,Plantae,Tracheophyta,Liliopsida,Liliales,Colchicaceae,Colchicum,Colchicum
Gentiana verna-type,Plantae,Tracheophyta,Magnoliopsida,Gentianales,Gentianaceae,Gentiana,Gentiana
Glyceria,Plantae,Tracheophyta,Liliopsida,Poales,Poaceae,Glyceria,Glyceria
Hordelymus,Plantae,Tracheophyta,Liliopsida,Poales,Poaceae,Hordelymus,Hordelymus
Lonicera caerulea,Plantae,Tracheophyta,Magnoliopsida,Dipsacales,Caprifoliaceae,Lonicera,Lonicera caerulea
Colchicum autumnale-type,Plantae,Tracheophyta,Liliopsida,Liliales,Colchicaceae,Colchicum,Colchicum
Polygonum oxyspermum,Plantae,Tracheophyta,Magnoliopsida,Caryophyllales,Polygonaceae,Polygonum,Polygonum oxyspermum
Primula integrifolia-type,Plantae,Tracheophyta,Magnoliopsida,Ericales,Primulaceae,Primula,Primula
Angelica archangelica-type,Animalia,Arthropoda,Insecta,Hymenoptera,Braconidae,Angelica,Angelica
Angelica archangelica-type,Plantae,Tracheophyta,Magnoliopsida,Apiales,Apiaceae,Angelica,Angelica
Angelica palustris-type,Animalia,Arthropoda,Insecta,Hymenoptera,Braconidae,Angelica,Angelica
Angelica palustris-type,Plantae,Tracheophyta,Magnoliopsida,Apiales,Apiaceae,Angelica,Angelica
Apium nodiflorum,Plantae,Tracheophyta,Magnoliopsida,Apiales,Apiaceae,Helosciadium,Helosciadium nodiflorum
Apium nodiflorum,Plantae,Tracheophyta,Magnoliopsida,Apiales,Apiaceae,Helosciadium,Helosciadium nodiflorum
Apium nodiflorum,Plantae,Tracheophyta,Magnoliopsida,Apiales,Apiaceae,Helosciadium,Helosciadium nodiflorum
Apium nodiflorum,Plantae,Tracheophyta,Magnoliopsida,Apiales,Apiaceae,Helosciadium,Helosciadium nodiflorum
Asphodelus albus,Plantae,Tracheophyta,Liliopsida,Asparagales,Asphodelaceae,Asphodelus,Asphodelus albus
Carum verticillatum,Plantae,Tracheophyta,Magnoliopsida,Apiales,Apiaceae,Trocdaris,Trocdaris verticillatum
Chaerophyllum temulum,Plantae,Tracheophyta,Magnoliopsida,Apiales,Apiaceae,Chaerophyllum,Chaerophyllum temulum
Colchicum montanum,Plantae,Tracheophyta,Liliopsida,Liliales,Colchicaceae,Colchicum,Colchicum montanum
Cytisus grandiflorus,Plantae,Tracheophyta,Magnoliopsida,Fabales,Fabaceae,Cytisus,Cytisus grandiflorus
Dianthus lusitanus-type,Plantae,Tracheophyta,Magnoliopsida,Caryophyllales,Caryophyllaceae,Dianthus,Dianthus
Fraxinus angustifolia,Plantae,Tracheophyta,Magnoliopsida,Lamiales,Oleaceae,Fraxinus,Fraxinus angustifolia
Fritillaria lusitanica,Plantae,Tracheophyta,Liliopsida,Liliales,Liliaceae,Fritillaria,Fritillaria lusitanica
Gagea nevadensis,Plantae,Tracheophyta,Liliopsida,Liliales,Liliaceae,Gagea,Gagea nevadensis
Gentiana lutea/G. pneumonanthe,Plantae,Tracheophyta,Magnoliopsida,Gentianales,Gentianaceae,Gentiana,Gentiana
Laserpitium,Plantae,Tracheophyta,Magnoliopsida,Apiales,Apiaceae,Laserpitium,Laserpitium
Lythrum undiff.,Plantae,Tracheophyta,Magnoliopsida,Myrtales,Lythraceae,Lythrum,Lythrum
Minuartia recurva,Plantae,Tracheophyta,Magnoliopsida,Caryophyllales,Caryophyllaceae,Minuartia,Minuartia recurva
Narcissus bulbocodium,Plantae,Tracheophyta,Liliopsida,Asparagales,Amaryllidaceae,Narcissus,Narcissus bulbocodium
Paronychia polygonifolia-type,Plantae,Tracheophyta,Magnoliopsida,Caryophyllales,Caryophyllaceae,Paronychia,Paronychia
Pedicularis sylvatica,Plantae,Tracheophyta,Magnoliopsida,Lamiales,Orobanchaceae,Pedicularis,Pedicularis sylvatica
Physospermum cornubiense,Plantae,Tracheophyta,Magnoliopsida,Apiales,Apiaceae,Physospermum,Physospermum cornubiense
Pimpinella anisum,Plantae,Tracheophyta,Magnoliopsida,Apiales,Apiaceae,Pimpinella,Pimpinella anisum
Pimpinella saxifraga-type,Plantae,Tracheophyta,Magnoliopsida,Apiales,Apiaceae,Pimpinella,Pimpinella
Plantago coronopus sensu stricto,Plantae,Tracheophyta,Magnoliopsida,Lamiales,Plantaginaceae,Plantago,Plantago coronopus
Plantago subulata-type,Plantae,Tracheophyta,Magnoliopsida,Lamiales,Plantaginaceae,Plantago,Plantago
Sanguisorba officinalis-type,Plantae,Tracheophyta,Magnoliopsida,Rosales,Rosaceae,Sanguisorba,Sanguisorba
Selinum carvifolia,Plantae,Tracheophyta,Magnoliopsida,Apiales,Apiaceae,Selinum,Selinum carvifolia
Seseli libanotis-type,Plantae,Tracheophyta,Magnoliopsida,Apiales,Apiaceae,Seseli,Seseli
Silaum silaus-type,Plantae,Tracheophyta,Magnoliopsida,Apiales,Apiaceae,Silaum,Silaum
Silene ciliata-type,Plantae,Tracheophyta,Magnoliopsida,Caryophyllales,Caryophyllaceae,Silene,Silene
Silene foetida-type,Plantae,Tracheophyta,Magnoliopsida,Caryophyllales,Caryophyllaceae,Silene,Silene
Torilis arvensis-type,Plantae,Tracheophyta,Magnoliopsida,Apiales,Apiaceae,Torilis,Torilis
Trinia glauca-type,Plantae,Tracheophyta,Magnoliopsida,Apiales,Apiaceae,Trinia,Trinia
Hedysarum cf. H. hedysaroides,Plantae,Tracheophyta,Magnoliopsida,Fabales,Fabaceae,Hedysarum,Hedysarum
Vaccinium myrtillus,Plantae,Tracheophyta,Magnoliopsida,Ericales,Ericaceae,Vaccinium,Vaccinium myrtillus
Centaurea stoebe,Plantae,Tracheophyta,Magnoliopsida,Asterales,Asteraceae,Centaurea,Centaurea stoebe
Juglandaceae,Plantae,Tracheophyta,Magnoliopsida,Fagales,Juglandaceae,Juglandaceae,Juglandaceae
Matthiola,Plantae,Tracheophyta,Magnoliopsida,Brassicales,Brassicaceae,Matthiola,Matthiola
Trifolium arvense,Plantae,Tracheophyta,Magnoliopsida,Fabales,Fabaceae,Trifolium,Trifolium arvense
Valeriana tripteris,Plantae,Tracheophyta,Magnoliopsida,Dipsacales,Caprifoliaceae,Valeriana,Valeriana tripteris
Empetrum hermaphroditum,Plantae,Tracheophyta,Magnoliopsida,Ericales,Ericaceae,Empetrum,Empetrum hermaphroditum
Erica cinerea,Plantae,Tracheophyta,Magnoliopsida,Ericales,Ericaceae,Erica,Erica cinerea
Faboideae undiff.,Plantae,Tracheophyta,Magnoliopsida,Fabales,Fabaceae,Faboidea,Faboidea
Geum cf. G. rivale,Plantae,Tracheophyta,Magnoliopsida,Rosales,Rosaceae,Geum,Geum
Geum cf. G. urbanum,Plantae,Tracheophyta,Magnoliopsida,Rosales,Rosaceae,Geum,Geum
Lotus cf. L. corniculatus,Plantae,Tracheophyta,Magnoliopsida,Fabales,Fabaceae,Lotus,Lotus
Lotus pedunculatus-type,Plantae,Tracheophyta,Magnoliopsida,Fabales,Fabaceae,Lotus,Lotus
Saxifraga cf. S. cespitosa,Plantae,Tracheophyta,Magnoliopsida,Saxifragales,Saxifragaceae,Saxifraga,Saxifraga
Ranunculus sceleratus/R. repens,Plantae,Tracheophyta,Magnoliopsida,Ranunculales,Ranunculaceae,Ranunculus,Ranunculus
Silene nutans,Plantae,Tracheophyta,Magnoliopsida,Caryophyllales,Caryophyllaceae,Silene,Silene nutans
Swertia,Plantae,Tracheophyta,Magnoliopsida,Gentianales,Gentianaceae,Swertia,Swertia
Teucrium chamaedrys,Plantae,Tracheophyta,Magnoliopsida,Lamiales,Lamiaceae,Teucrium,Teucrium chamaedrys
Lycopus europaeus,Plantae,Tracheophyta,Magnoliopsida,Lamiales,Lamiaceae,Lycopus,Lycopus europaeus
Oleaceae undiff.,Plantae,Tracheophyta,Magnoliopsida,Lamiales,Oleaceae,Oleaceae,Oleaceae
Conium maculatum-type,Plantae,Tracheophyta,Magnoliopsida,Apiales,Apiaceae,Conium,Conium
Pimpinella saxifraga,Plantae,Tracheophyta,Magnoliopsida,Apiales,Apiaceae,Pimpinella,Pimpinella saxifraga
Viscum album sensu lato,Plantae,Tracheophyta,Magnoliopsida,Santalales,Viscaceae,Viscum,Viscum album
Abies undiff.,Plantae,Tracheophyta,Pinopsida,Pinales,Pinaceae,Abies,Abies
Centaurium pulchellum,Plantae,Tracheophyta,Magnoliopsida,Gentianales,Gentianaceae,Centaurium,Centaurium pulchellum
Chaerophyllum hirsutum,Plantae,Tracheophyta,Magnoliopsida,Apiales,Apiaceae,Chaerophyllum,Chaerophyllum hirsutum
Gratiola officinalis,Plantae,Tracheophyta,Magnoliopsida,Lamiales,Plantaginaceae,Gratiola,Gratiola officinalis
Onobrychis viciifolia,Plantae,Tracheophyta,Magnoliopsida,Fabales,Fabaceae,Onobrychis,Onobrychis viciifolia
Torilis,Plantae,Tracheophyta,Magnoliopsida,Apiales,Apiaceae,Torilis,Torilis
Aethusa cynapium-type,Plantae,Tracheophyta,Magnoliopsida,Apiales,Apiaceae,Aethusa,Aethusa
Carum,Plantae,Tracheophyta,Magnoliopsida,Apiales,Apiaceae,Carum,Carum
Caucalis platycarpos,Plantae,Tracheophyta,Magnoliopsida,Apiales,Apiaceae,Caucalis,Caucalis platycarpos
Centaurium pulchellum-type,Plantae,Tracheophyta,Magnoliopsida,Gentianales,Gentianaceae,Centaurium,Centaurium
Foeniculum vulgare,Plantae,Tracheophyta,Magnoliopsida,Apiales,Apiaceae,Foeniculum,Foeniculum vulgare
Meum athamanticum-type,Plantae,Tracheophyta,Magnoliopsida,Apiales,Apiaceae,Meum,Meum
Monotropa hypopitys,Plantae,Tracheophyta,Magnoliopsida,Ericales,Ericaceae,Hypopitys,Hypopitys monotropa
Peucedanum palustre-type,Plantae,Tracheophyta,Magnoliopsida,Apiales,Apiaceae,Peucedanum,Peucedanum
Pleurospermum austriacum-type,Plantae,Tracheophyta,Magnoliopsida,Apiales,Apiaceae,Pleurospermum,Pleurospermum
Ruta graveolens,Plantae,Tracheophyta,Magnoliopsida,Sapindales,Rutaceae,Ruta,Ruta graveolens
Sambucus undiff.,Plantae,Tracheophyta,Magnoliopsida,Dipsacales,Viburnaceae,Sambucus,Sambucus
Scrophulariaceae pro parte,Plantae,Tracheophyta,Magnoliopsida,Lamiales,Scrophulariaceae,Scrophulariaceae,Scrophulariaceae
Torilis japonica-type,Plantae,Tracheophyta,Magnoliopsida,Apiales,Apiaceae,Torilis,Torilis
Aphanes,Plantae,Tracheophyta,Magnoliopsida,Rosales,Rosaceae,Aphanes,Aphanes
Astrantia major-type,Plantae,Tracheophyta,Magnoliopsida,Apiales,Apiaceae,Astrantia,Astrantia
Ballota,Plantae,Tracheophyta,Magnoliopsida,Lamiales,Lamiaceae,Ballota,Ballota
Campanula trachelium-type,Plantae,Tracheophyta,Magnoliopsida,Asterales,Campanulaceae,Campanula,Campanula
Datura stramonium,Plantae,Tracheophyta,Magnoliopsida,Solanales,Solanaceae,Datura,Datura stramonium
Descurainia sophia,Plantae,Tracheophyta,Magnoliopsida,Brassicales,Brassicaceae,Descurainia,Descurainia sophia
Kickxia,Plantae,Tracheophyta,Magnoliopsida,Lamiales,Plantaginaceae,Kickxia,Kickxia
Microrrhinum minus,Plantae,Tracheophyta,Magnoliopsida,Lamiales,Plantaginaceae,Chaenorhinum,Chaenorhinum minus
Pisum sativum,Plantae,Tracheophyta,Magnoliopsida,Fabales,Fabaceae,Lathyrus,Lathyrus oleraceus
Ephedra strobilacea-type,Plantae,Tracheophyta,Gnetopsida,Ephedrales,Ephedraceae,Ephedra,Ephedra
Apium inundatum-type,Plantae,Tracheophyta,Magnoliopsida,Apiales,Apiaceae,Apium,Apium
Corydalis pumila-type,Plantae,Tracheophyta,Magnoliopsida,Ranunculales,Papaveraceae,Corydalis,Corydalis
Eryngium campestre-type,Plantae,Tracheophyta,Magnoliopsida,Apiales,Apiaceae,Eryngium,Eryngium
Ornithogalum umbellatum-type,Plantae,Tracheophyta,Liliopsida,Asparagales,Asparagaceae,Ornithogalum,Ornithogalum
Pedicularis verticillata-type,Plantae,Tracheophyta,Magnoliopsida,Lamiales,Orobanchaceae,Pedicularis,Pedicularis
Teucrium chamaedrys-type,Plantae,Tracheophyta,Magnoliopsida,Lamiales,Lamiaceae,Teucrium,Teucrium
Turgenia latifolia-type,Plantae,Tracheophyta,Magnoliopsida,Apiales,Apiaceae,Turgenia,Turgenia
Viola tricolor-type,Animalia,Arthropoda,Insecta,Lepidoptera,Hesperiidae,Viola,Viola
Viola tricolor-type,Plantae,Tracheophyta,Magnoliopsida,Malpighiales,Violaceae,Viola,Viola
Berula erecta-type,Plantae,Tracheophyta,Magnoliopsida,Apiales,Apiaceae,Berula,Berula
Lythrum portula-type,Plantae,Tracheophyta,Magnoliopsida,Myrtales,Lythraceae,Lythrum,Lythrum
Agrimonia eupatoria-type,Plantae,Tracheophyta,Magnoliopsida,Rosales,Rosaceae,Agrimonia,Agrimonia
Aphanes arvensis-type,Plantae,Tracheophyta,Magnoliopsida,Rosales,Rosaceae,Aphanes,Aphanes
Ballota group,Plantae,Tracheophyta,Magnoliopsida,Lamiales,Lamiaceae,Ballota,Ballota
Descurainia sophia-type,Plantae,Tracheophyta,Magnoliopsida,Brassicales,Brassicaceae,Descurainia,Descurainia
Eupatorium cannabinum-type,Plantae,Tracheophyta,Magnoliopsida,Asterales,Asteraceae,Eupatorium,Eupatorium
Geranium pratense-type,Plantae,Tracheophyta,Magnoliopsida,Geraniales,Geraniaceae,Geranium,Geranium
Impatiens noli-tangere,Plantae,Tracheophyta,Magnoliopsida,Ericales,Balsaminaceae,Impatiens,Impatiens noli-tangere
Liriodendron tulipifera,Plantae,Tracheophyta,Magnoliopsida,Magnoliales,Magnoliaceae,Liriodendron,Liriodendron tulipifera
Lonicera periclymenum-type,Plantae,Tracheophyta,Magnoliopsida,Dipsacales,Caprifoliaceae,Lonicera,Lonicera
Mercurialis undiff.,Plantae,Tracheophyta,Magnoliopsida,Malpighiales,Euphorbiaceae,Mercurialis,Mercurialis
Narcissus poeticus-type,Plantae,Tracheophyta,Liliopsida,Asparagales,Amaryllidaceae,Narcissus,Narcissus
Sagina nodosa group,Plantae,Tracheophyta,Magnoliopsida,Caryophyllales,Caryophyllaceae,Sagina,Sagina nodosa
Silene viscaria,Plantae,Tracheophyta,Magnoliopsida,Caryophyllales,Caryophyllaceae,Viscaria,Viscaria vulgaris
Silene viscaria,Plantae,Tracheophyta,Magnoliopsida,Caryophyllales,Caryophyllaceae,Viscaria,Viscaria vulgaris
Silene viscaria,Plantae,Tracheophyta,Magnoliopsida,Caryophyllales,Caryophyllaceae,Viscaria,Viscaria vulgaris
Silene viscaria,Plantae,Tracheophyta,Magnoliopsida,Caryophyllales,Caryophyllaceae,Viscaria,Viscaria vulgaris
Mercurialis annua-type,Plantae,Tracheophyta,Magnoliopsida,Malpighiales,Euphorbiaceae,Mercurialis,Mercurialis
Alchemilla cf. A. glabra,Plantae,Tracheophyta,Magnoliopsida,Rosales,Rosaceae,Alchemilla,Alchemilla
Gentiana nivalis-type,Plantae,Tracheophyta,Magnoliopsida,Gentianales,Gentianaceae,Gentiana,Gentiana
Helianthemum cf. H. canum,Plantae,Tracheophyta,Magnoliopsida,Malvales,Cistaceae,Helianthemum,Helianthemum
Oxyria digyna-type,Plantae,Tracheophyta,Magnoliopsida,Caryophyllales,Polygonaceae,Oxyria,Oxyria
Oxyria digyna-type,Animalia,Arthropoda,Insecta,Diptera,Ceratopogonidae,Oxyria,Oxyria
Penthorum sedoides,Plantae,Tracheophyta,Magnoliopsida,Saxifragales,Penthoraceae,Penthorum,Penthorum sedoides
Vicia cf. V. cracca,Plantae,Tracheophyta,Magnoliopsida,Fabales,Fabaceae,Vicia,Vicia
Betula sect. Apterocaryon,Plantae,Tracheophyta,Magnoliopsida,Fagales,Betulaceae,Betula,Betula
Betula sect. Betula,Plantae,Tracheophyta,Magnoliopsida,Fagales,Betulaceae,Betula,Betula
Bromus,Plantae,Tracheophyta,Liliopsida,Poales,Poaceae,Bromus,Bromus
Plantago maritima/P. alpina,Plantae,Tracheophyta,Magnoliopsida,Lamiales,Plantaginaceae,Plantago,Plantago
Polemonium boreale,Plantae,Tracheophyta,Magnoliopsida,Ericales,Polemoniaceae,Polemonium,Polemonium boreale
Trifolium striatum-type,Plantae,Tracheophyta,Magnoliopsida,Fabales,Fabaceae,Trifolium,Trifolium
Trifolium striatum-type,Animalia,Platyhelminthes,Trematoda,Plagiorchiida,Psilostomidae,Trifolium,Trifolium
Loranthaceae,Plantae,Tracheophyta,Magnoliopsida,Santalales,Loranthaceae,Loranthaceae,Loranthaceae
Bupleurum ranunculoides,Plantae,Tracheophyta,Magnoliopsida,Apiales,Apiaceae,Bupleurum,Bupleurum ranunculoides
Pulmonaria officinalis,Plantae,Tracheophyta,Magnoliopsida,Boraginales,Boraginaceae,Pulmonaria,Pulmonaria officinalis
Thymus,Animalia,Arthropoda,Insecta,Hymenoptera,Eulophidae,Thymus,Thymus
Thymus,Plantae,Tracheophyta,Magnoliopsida,Lamiales,Lamiaceae,Thymus,Thymus
Cannabaceae sensu stricto,Plantae,Tracheophyta,Magnoliopsida,Rosales,Cannabaceae,Cannabaceae,Cannabaceae
Erica cf. E. tetralix,Animalia,Arthropoda,Arachnida,Araneae,Salticidae,Erica,Erica
Erica cf. E. tetralix,Plantae,Tracheophyta,Magnoliopsida,Ericales,Ericaceae,Erica,Erica
Persicaria cf. P. maculosa,Plantae,Tracheophyta,Magnoliopsida,Caryophyllales,Polygonaceae,Persicaria,Persicaria
Elymus,Plantae,Tracheophyta,Liliopsida,Poales,Poaceae,Elymus,Elymus
Centaurea depressa-type,Plantae,Tracheophyta,Magnoliopsida,Asterales,Asteraceae,Centaurea,Centaurea
Artemisia campestris-type,Plantae,Tracheophyta,Magnoliopsida,Asterales,Asteraceae,Artemisia,Artemisia
Artemisia undiff.,Plantae,Tracheophyta,Magnoliopsida,Asterales,Asteraceae,Artemisia,Artemisia
Droseraceae,Plantae,Tracheophyta,Magnoliopsida,Caryophyllales,Droseraceae,Droseraceae,Droseraceae
Rubus idaeus-type,Plantae,Tracheophyta,Magnoliopsida,Rosales,Rosaceae,Rubus,Rubus
Polemoniaceae,Plantae,Tracheophyta,Magnoliopsida,Ericales,Polemoniaceae,Polemoniaceae,Polemoniaceae
Hypericum calycinum-type,Plantae,Tracheophyta,Magnoliopsida,Malpighiales,Hypericaceae,Hypericum,Hypericum
Sedum acre,Plantae,Tracheophyta,Magnoliopsida,Saxifragales,Crassulaceae,Sedum,Sedum acre
Rosaceae (trees) undiff.,Plantae,Tracheophyta,Magnoliopsida,Rosales,Rosaceae,Rosaceae,Rosaceae
Viburnum cf. V. opulus,Plantae,Tracheophyta,Magnoliopsida,Dipsacales,Viburnaceae,Viburnum,Viburnum
Fallopia cf. F. convolvulus,Plantae,Tracheophyta,Magnoliopsida,Caryophyllales,Polygonaceae,Fallopia,Fallopia
Micranthes nivalis/M. tenuis,Plantae,Tracheophyta,Magnoliopsida,Saxifragales,Saxifragaceae,Micranthes,Micranthes
Rubus cf. R. saxatilis,Plantae,Tracheophyta,Magnoliopsida,Rosales,Rosaceae,Rubus,Rubus
Quercus (evergreen),Plantae,Tracheophyta,Magnoliopsida,Fagales,Fagaceae,Quercus,Quercus
Polygonum aviculare/Bistorta officinalis,Plantae,Tracheophyta,Magnoliopsida,Caryophyllales,Polygonaceae,Polygonum,Polygonum
Pistacia terebinthus,Plantae,Tracheophyta,Magnoliopsida,Sapindales,Anacardiaceae,Pistacia,Pistacia terebinthus
Polygonoideae pro parte,Plantae,Tracheophyta,Magnoliopsida,Caryophyllales,Polygonaceae,Calligonum,Calligonum
Adonis aestivalis-type,Plantae,Tracheophyta,Magnoliopsida,Ranunculales,Ranunculaceae,Adonis,Adonis
Alchemilla group,Plantae,Tracheophyta,Magnoliopsida,Rosales,Rosaceae,Alchemilla,Alchemilla
Anemone coronaria,Plantae,Tracheophyta,Magnoliopsida,Ranunculales,Ranunculaceae,Anemone,Anemone coronaria
Arum,Plantae,Tracheophyta,Liliopsida,Alismatales,Araceae,Arum,Arum
Ceratonia siliqua,Plantae,Tracheophyta,Magnoliopsida,Fabales,Fabaceae,Ceratonia,Ceratonia siliqua
Genista group,Plantae,Tracheophyta,Magnoliopsida,Fabales,Fabaceae,Genista,Genista
Liliaceae sensu lato,Plantae,Tracheophyta,Liliopsida,Liliales,Liliaceae,Liliaceae,Liliaceae
Lomelosia argentea-type,Plantae,Tracheophyta,Magnoliopsida,Dipsacales,Caprifoliaceae,Lomelosia,Lomelosia
Platanus orientalis,Plantae,Tracheophyta,Magnoliopsida,Proteales,Platanaceae,Platanus,Platanus orientalis
Polycnemum,Plantae,Tracheophyta,Magnoliopsida,Caryophyllales,Amaranthaceae,Polycnemum,Polycnemum
Ranunculus lanuginosus-type,Plantae,Tracheophyta,Magnoliopsida,Ranunculales,Ranunculaceae,Ranunculus,Ranunculus
Rhinanthus group,Plantae,Tracheophyta,Magnoliopsida,Lamiales,Orobanchaceae,Rhinanthus,Rhinanthus
Sorbus group,Plantae,Tracheophyta,Magnoliopsida,Rosales,Rosaceae,Sorbus,Sorbus
Corrigiola litoralis-type,Plantae,Tracheophyta,Magnoliopsida,Caryophyllales,Caryophyllaceae,Corrigiola,Corrigiola
Echium vulgare-type,Plantae,Tracheophyta,Magnoliopsida,Boraginales,Boraginaceae,Echium,Echium
Erica australis-type,Animalia,Arthropoda,Arachnida,Araneae,Salticidae,Erica,Erica
Erica australis-type,Plantae,Tracheophyta,Magnoliopsida,Ericales,Ericaceae,Erica,Erica
Erica umbellata-type,Animalia,Arthropoda,Arachnida,Araneae,Salticidae,Erica,Erica
Erica umbellata-type,Plantae,Tracheophyta,Magnoliopsida,Ericales,Ericaceae,Erica,Erica
Erica undiff.,Animalia,Arthropoda,Arachnida,Araneae,Salticidae,Erica,Erica
Erica undiff.,Plantae,Tracheophyta,Magnoliopsida,Ericales,Ericaceae,Erica,Erica
Geranium molle-type,Plantae,Tracheophyta,Magnoliopsida,Geraniales,Geraniaceae,Geranium,Geranium
Hypecoum,Plantae,Tracheophyta,Magnoliopsida,Ranunculales,Papaveraceae,Hypecoum,Hypecoum
Illecebrum verticillatum-type,Plantae,Tracheophyta,Magnoliopsida,Caryophyllales,Caryophyllaceae,Illecebrum,Illecebrum
Montia fontana-type,Plantae,Tracheophyta,Magnoliopsida,Caryophyllales,Montiaceae,Montia,Montia
Montia fontana-type,Animalia,Mollusca,Gastropoda,Neogastropoda,Volutidae,Montia,Montia
Trollius europaeus-type,Plantae,Tracheophyta,Magnoliopsida,Ranunculales,Ranunculaceae,Trollius,Trollius
Aconitum napellus-type,Plantae,Tracheophyta,Magnoliopsida,Ranunculales,Ranunculaceae,Aconitum,Aconitum
Arenaria serpyllifolia-type,Animalia,Chordata,Aves,Charadriiformes,Scolopacidae,Arenaria,Arenaria
Arenaria serpyllifolia-type,Plantae,Tracheophyta,Magnoliopsida,Caryophyllales,Caryophyllaceae,Arenaria,Arenaria
Blackstonia perfoliata-type,Plantae,Tracheophyta,Magnoliopsida,Gentianales,Gentianaceae,Blackstonia,Blackstonia
Circaea lutetiana-type,Plantae,Tracheophyta,Magnoliopsida,Myrtales,Onagraceae,Circaea,Circaea
Corrigiola telephiifolia-type,Plantae,Tracheophyta,Magnoliopsida,Caryophyllales,Caryophyllaceae,Corrigiola,Corrigiola
Daucus carota-type,Plantae,Tracheophyta,Magnoliopsida,Apiales,Apiaceae,Daucus,Daucus
Dipsacus fullonum-type,Plantae,Tracheophyta,Magnoliopsida,Dipsacales,Caprifoliaceae,Dipsacus,Dipsacus
Erodium cicutarium-type,Plantae,Tracheophyta,Magnoliopsida,Geraniales,Geraniaceae,Erodium,Erodium
Filipendula vulgaris-type,Plantae,Tracheophyta,Magnoliopsida,Rosales,Rosaceae,Filipendula,Filipendula
Hedera helix-type,Plantae,Tracheophyta,Magnoliopsida,Apiales,Araliaceae,Hedera,Hedera
Hedera helix-type,Animalia,Cnidaria,Anthozoa,Malacalcyonacea,Alcyoniidae,Hedera,Hedera
Humulus lupulus-type,Plantae,Tracheophyta,Magnoliopsida,Rosales,Cannabaceae,Humulus,Humulus
Ligustrum vulgare-type,Plantae,Tracheophyta,Magnoliopsida,Lamiales,Oleaceae,Ligustrum,Ligustrum
Limonium humile-type,Plantae,Tracheophyta,Magnoliopsida,Caryophyllales,Plumbaginaceae,Limonium,Limonium
Moehringia trinervia-type,Plantae,Tracheophyta,Magnoliopsida,Caryophyllales,Caryophyllaceae,Moehringia,Moehringia
Phillyrea angustifolia-type,Plantae,Tracheophyta,Magnoliopsida,Lamiales,Oleaceae,Phillyrea,Phillyrea
Pinguicula vulgaris-type,Plantae,Tracheophyta,Magnoliopsida,Lamiales,Lentibulariaceae,Pinguicula,Pinguicula
Sagina procumbens-type,Plantae,Tracheophyta,Magnoliopsida,Caryophyllales,Caryophyllaceae,Sagina,Sagina
Viburnum lantana-type,Plantae,Tracheophyta,Magnoliopsida,Dipsacales,Viburnaceae,Viburnum,Viburnum
Crocus vernus,Plantae,Tracheophyta,Liliopsida,Asparagales,Iridaceae,Crocus,Crocus vernus
Heliotropium,Plantae,Tracheophyta,Magnoliopsida,Boraginales,Heliotropiaceae,Heliotropium,Heliotropium
Smyrnium,Plantae,Tracheophyta,Magnoliopsida,Apiales,Apiaceae,Smyrnium,Smyrnium
Ranunculus glacialis-type,Plantae,Tracheophyta,Magnoliopsida,Ranunculales,Ranunculaceae,Ranunculus,Ranunculus
Silene cf. S. acaulis,Plantae,Tracheophyta,Magnoliopsida,Caryophyllales,Caryophyllaceae,Silene,Silene
Aconitum lycoctonum subsp. septentrionale,Plantae,Tracheophyta,Magnoliopsida,Ranunculales,Ranunculaceae,Aconitum,Aconitum septentrionale
Polygonum oxyspermum-type,Plantae,Tracheophyta,Magnoliopsida,Caryophyllales,Polygonaceae,Polygonum,Polygonum
Secale (primitive),Plantae,Tracheophyta,Liliopsida,Poales,Poaceae,Secale,Secale
Triticum spelta-type,Plantae,Tracheophyta,Liliopsida,Poales,Poaceae,Triticum,Triticum
Poaceae (>40 µm),Plantae,Tracheophyta,Liliopsida,Poales,Poaceae,Poaceae,Poaceae
Crassula,Plantae,Tracheophyta,Magnoliopsida,Saxifragales,Crassulaceae,Crassula,Crassula
Crassula,Animalia,Mollusca,Bivalvia,Venerida,Mactridae,Crassula,Crassula
Gentiana punctata,Plantae,Tracheophyta,Magnoliopsida,Gentianales,Gentianaceae,Gentiana,Gentiana punctata
Geum rivale,Plantae,Tracheophyta,Magnoliopsida,Rosales,Rosaceae,Geum,Geum rivale
Ericaceae cf. Cassiope,Plantae,Tracheophyta,Magnoliopsida,Ericales,Ericaceae,Ericaceae,Ericaceae
Artemisia norvegica-type,Plantae,Tracheophyta,Magnoliopsida,Asterales,Asteraceae,Artemisia,Artemisia
Poaceae (annulus 8-10 µm),Plantae,Tracheophyta,Liliopsida,Poales,Poaceae,Poaceae,Poaceae
Saxifraga cernua/S. rivularis,Plantae,Tracheophyta,Magnoliopsida,Saxifragales,Saxifragaceae,Saxifraga,Saxifraga
Cornus undiff.,Plantae,Tracheophyta,Magnoliopsida,Cornales,Cornaceae,Cornus,Cornus
Corydalis cava-type,Plantae,Tracheophyta,Magnoliopsida,Ranunculales,Papaveraceae,Corydalis,Corydalis
Lavandula,Plantae,Tracheophyta,Magnoliopsida,Lamiales,Lamiaceae,Lavandula,Lavandula
Blackstonia,Plantae,Tracheophyta,Magnoliopsida,Gentianales,Gentianaceae,Blackstonia,Blackstonia
Erica ciliaris,Plantae,Tracheophyta,Magnoliopsida,Ericales,Ericaceae,Erica,Erica ciliaris
Cardamine,Plantae,Tracheophyta,Magnoliopsida,Brassicales,Brassicaceae,Cardamine,Cardamine
Chamaerops,Plantae,Tracheophyta,Liliopsida,Arecales,Arecaceae,Chamaerops,Chamaerops
Ephedra cf. E. fragilis,Plantae,Tracheophyta,Gnetopsida,Ephedrales,Ephedraceae,Ephedra,Ephedra
Ephedra undiff.,Plantae,Tracheophyta,Gnetopsida,Ephedrales,Ephedraceae,Ephedra,Ephedra
Falcaria,Animalia,Arthropoda,Insecta,Lepidoptera,Drepanidae,Falcaria,Falcaria
Falcaria,Plantae,Tracheophyta,Magnoliopsida,Apiales,Apiaceae,Falcaria,Falcaria
Pinus halepensis,Plantae,Tracheophyta,Pinopsida,Pinales,Pinaceae,Pinus,Pinus halepensis
Radiola,Plantae,Tracheophyta,Magnoliopsida,Malpighiales,Linaceae,Radiola,Radiola
Smilax,Plantae,Tracheophyta,Liliopsida,Liliales,Smilacaceae,Smilax,Smilax
Smilax,Animalia,Arthropoda,Insecta,Coleoptera,Staphylinidae,Smilax,Smilax
Thymelaea,Plantae,Tracheophyta,Magnoliopsida,Malvales,Thymelaeaceae,Thymelaea,Thymelaea
Ziziphus,Plantae,Tracheophyta,Magnoliopsida,Rosales,Rhamnaceae,Ziziphus,Ziziphus
Corrigiola litoralis,Plantae,Tracheophyta,Magnoliopsida,Caryophyllales,Caryophyllaceae,Corrigiola,Corrigiola litoralis
Cyclamen purpurascens,Plantae,Tracheophyta,Magnoliopsida,Ericales,Primulaceae,Cyclamen,Cyclamen purpurascens
Adenostyles alliariae,Plantae,Tracheophyta,Magnoliopsida,Asterales,Asteraceae,Adenostyles,Adenostyles alliariae
Anemone nemorosa group,Plantae,Tracheophyta,Magnoliopsida,Ranunculales,Ranunculaceae,Anemone,Anemone nemorosa
Anthemis arvensis-type,Plantae,Tracheophyta,Magnoliopsida,Asterales,Asteraceae,Anthemis,Anthemis
Gypsophila repens,Plantae,Tracheophyta,Magnoliopsida,Caryophyllales,Caryophyllaceae,Gypsophila,Gypsophila repens
Petasites hybridus-type,Plantae,Tracheophyta,Magnoliopsida,Asterales,Asteraceae,Petasites,Petasites
Primula clusiana-type,Plantae,Tracheophyta,Magnoliopsida,Ericales,Primulaceae,Primula,Primula
Ranunculus acris/R. flammula/R. sceleratus group,Plantae,Tracheophyta,Magnoliopsida,Ranunculales,Ranunculaceae,Ranunculus,Ranunculus
Androsace elongata-type,Plantae,Tracheophyta,Magnoliopsida,Ericales,Primulaceae,Androsace,Androsace
Ribes uva-crispa,Plantae,Tracheophyta,Magnoliopsida,Saxifragales,Grossulariaceae,Ribes,Ribes uva-crispa
Tripolium pannonicum subsp. tripolium-type,Plantae,Tracheophyta,Magnoliopsida,Asterales,Asteraceae,Tripolium,Tripolium pannonicum
Triticum undiff.,Plantae,Tracheophyta,Liliopsida,Poales,Poaceae,Triticum,Triticum
Orthilia secunda,Plantae,Tracheophyta,Magnoliopsida,Ericales,Ericaceae,Orthilia,Orthilia secunda
Taraxacum officinale,Plantae,Tracheophyta,Magnoliopsida,Asterales,Asteraceae,Taraxacum,Taraxacum officinale
"Caryophyllaceae (periporate, excluding Paronychioideae)",Plantae,Tracheophyta,Magnoliopsida,Caryophyllales,Caryophyllaceae,Caryophyllaceae,Caryophyllaceae
Juniperus communis-type,Plantae,Tracheophyta,Pinopsida,Pinales,Cupressaceae,Juniperus,Juniperus
Cannabis sativa-type,Plantae,Tracheophyta,Magnoliopsida,Rosales,Cannabaceae,Cannabis,Cannabis
"Poaceae (Cerealia, 37-40 µm)",Plantae,Tracheophyta,Liliopsida,Poales,Poaceae,Poaceae,Poaceae
"Poaceae (Cerealia, 40-50 µm)",Plantae,Tracheophyta,Liliopsida,Poales,Poaceae,Poaceae,Poaceae
"Poaceae (Cerealia, >50 µm)",Plantae,Tracheophyta,Liliopsida,Poales,Poaceae,Poaceae,Poaceae
Vicia faba,Plantae,Tracheophyta,Magnoliopsida,Fabales,Fabaceae,Vicia,Vicia faba
Festuca,Plantae,Tracheophyta,Liliopsida,Poales,Poaceae,Festuca,Festuca
Rosaceae (herbs) undiff.,Plantae,Tracheophyta,Magnoliopsida,Rosales,Rosaceae,Rosaceae,Rosaceae
Quercus faginea-type,Plantae,Tracheophyta,Magnoliopsida,Fagales,Fagaceae,Quercus,Quercus
Scilla,Plantae,Tracheophyta,Liliopsida,Asparagales,Asparagaceae,Scilla,Scilla
Filago,Plantae,Tracheophyta,Magnoliopsida,Asterales,Asteraceae,Filago,Filago
Ricinus communis,Plantae,Tracheophyta,Magnoliopsida,Malpighiales,Euphorbiaceae,Ricinus,Ricinus communis
Spartium junceum,Plantae,Tracheophyta,Magnoliopsida,Fabales,Fabaceae,Spartium,Spartium junceum
Moraceae,Plantae,Tracheophyta,Magnoliopsida,Rosales,Moraceae,Moraceae,Moraceae
Plantago cf. P. lanceolata,Plantae,Tracheophyta,Magnoliopsida,Lamiales,Plantaginaceae,Plantago,Plantago
Rubus chamaemorus-type,Plantae,Tracheophyta,Magnoliopsida,Rosales,Rosaceae,Rubus,Rubus
Cistus undiff.,Plantae,Tracheophyta,Magnoliopsida,Malvales,Cistaceae,Cistus,Cistus
Quercus ilex/Q. coccifera-type,Plantae,Tracheophyta,Magnoliopsida,Fagales,Fagaceae,Quercus,Quercus
Rubiaceae cf. Galium,Plantae,Tracheophyta,Magnoliopsida,Gentianales,Rubiaceae,Rubiaceae,Rubiaceae
Valeriana undiff.,Plantae,Tracheophyta,Magnoliopsida,Dipsacales,Caprifoliaceae,Valeriana,Valeriana
Vitex agnus-castus,Plantae,Tracheophyta,Magnoliopsida,Lamiales,Lamiaceae,Vitex,Vitex agnus-castus
Ephedra major-type,Plantae,Tracheophyta,Gnetopsida,Ephedrales,Ephedraceae,Ephedra,Ephedra
Roemeria,Plantae,Tracheophyta,Magnoliopsida,Ranunculales,Papaveraceae,Roemeria,Roemeria
Ruta,Plantae,Tracheophyta,Magnoliopsida,Sapindales,Rutaceae,Ruta,Ruta
Crocus,Plantae,Tracheophyta,Liliopsida,Asparagales,Iridaceae,Crocus,Crocus
Nerium,Plantae,Tracheophyta,Magnoliopsida,Gentianales,Apocynaceae,Nerium,Nerium
Ephedra major subsp. major,Plantae,Tracheophyta,Gnetopsida,Ephedrales,Ephedraceae,Ephedra,Ephedra foeminea
Pinus nigra-type,Plantae,Tracheophyta,Pinopsida,Pinales,Pinaceae,Pinus,Pinus
Lygeum,Plantae,Tracheophyta,Liliopsida,Poales,Poaceae,Lygeum,Lygeum
Myrtaceae,Plantae,Tracheophyta,Magnoliopsida,Myrtales,Myrtaceae,Myrtaceae,Myrtaceae
Balsaminaceae,Plantae,Tracheophyta,Magnoliopsida,Ericales,Balsaminaceae,Balsaminaceae,Balsaminaceae
Cotoneaster,Plantae,Tracheophyta,Magnoliopsida,Rosales,Rosaceae,Cotoneaster,Cotoneaster
Ficaria,Plantae,Tracheophyta,Magnoliopsida,Ranunculales,Ranunculaceae,Ficaria,Ficaria
Helianthemum marifolium,Plantae,Tracheophyta,Magnoliopsida,Malvales,Cistaceae,Helianthemum,Helianthemum marifolium
Hyoscyamus,Plantae,Tracheophyta,Magnoliopsida,Solanales,Solanaceae,Hyoscyamus,Hyoscyamus
Lotus undiff.,Plantae,Tracheophyta,Magnoliopsida,Fabales,Fabaceae,Lotus,Lotus
Malvaceae undiff.,Plantae,Tracheophyta,Magnoliopsida,Malvales,Malvaceae,Malvaceae,Malvaceae
Phacelia,Plantae,Tracheophyta,Magnoliopsida,Boraginales,Hydrophyllaceae,Phacelia,Phacelia
Poaceae (>37 µm),Plantae,Tracheophyta,Liliopsida,Poales,Poaceae,Poaceae,Poaceae
Primula elatior-type,Plantae,Tracheophyta,Magnoliopsida,Ericales,Primulaceae,Primula,Primula
Sagina apetala-type,Plantae,Tracheophyta,Magnoliopsida,Caryophyllales,Caryophyllaceae,Sagina,Sagina
Saponaria,Plantae,Tracheophyta,Magnoliopsida,Caryophyllales,Caryophyllaceae,Saponaria,Saponaria
Scrophularia nodosa-type,Plantae,Tracheophyta,Magnoliopsida,Lamiales,Scrophulariaceae,Scrophularia,Scrophularia
Viola odorata-type,Animalia,Arthropoda,Insecta,Lepidoptera,Hesperiidae,Viola,Viola
Viola odorata-type,Plantae,Tracheophyta,Magnoliopsida,Malpighiales,Violaceae,Viola,Viola
Alchemilla pentaphyllea,Plantae,Tracheophyta,Magnoliopsida,Rosales,Rosaceae,Alchemilla,Alchemilla pentaphyllea
Hypericum elodes-type,Plantae,Tracheophyta,Magnoliopsida,Malpighiales,Hypericaceae,Hypericum,Hypericum
Lupinus,Plantae,Tracheophyta,Magnoliopsida,Fabales,Fabaceae,Lupinus,Lupinus
Ailanthus altissima,Plantae,Tracheophyta,Magnoliopsida,Sapindales,Simaroubaceae,Ailanthus,Ailanthus altissima
Angelica archangelica,Plantae,Tracheophyta,Magnoliopsida,Apiales,Apiaceae,Angelica,Angelica archangelica
Anthericum liliago,Plantae,Tracheophyta,Liliopsida,Asparagales,Asparagaceae,Anthericum,Anthericum liliago
Anthriscus cerefolium,Plantae,Tracheophyta,Magnoliopsida,Apiales,Apiaceae,Anthriscus,Anthriscus cerefolium
Arctium lappa-type,Plantae,Tracheophyta,Magnoliopsida,Asterales,Asteraceae,Arctium,Arctium
Campanula rapunculoides,Plantae,Tracheophyta,Magnoliopsida,Asterales,Campanulaceae,Campanula,Campanula rapunculoides
Cicer arietinum,Plantae,Tracheophyta,Magnoliopsida,Fabales,Fabaceae,Cicer,Cicer arietinum
Colchicum autumnale,Plantae,Tracheophyta,Liliopsida,Liliales,Colchicaceae,Colchicum,Colchicum autumnale
Geranium molle group,Plantae,Tracheophyta,Magnoliopsida,Geraniales,Geraniaceae,Geranium,Geranium molle
Geranium pratense group,Plantae,Tracheophyta,Magnoliopsida,Geraniales,Geraniaceae,Geranium,Geranium pratense
Hyoscyamus niger,Plantae,Tracheophyta,Magnoliopsida,Solanales,Solanaceae,Hyoscyamus,Hyoscyamus niger
Larix decidua-type,Plantae,Tracheophyta,Pinopsida,Pinales,Pinaceae,Larix,Larix
Magnoliaceae,Plantae,Tracheophyta,Magnoliopsida,Magnoliales,Magnoliaceae,Magnoliaceae,Magnoliaceae
Medicago lupulina-type,Plantae,Tracheophyta,Magnoliopsida,Fabales,Fabaceae,Medicago,Medicago
Medicago sativa-type,Plantae,Tracheophyta,Magnoliopsida,Fabales,Fabaceae,Medicago,Medicago
Polygala comosa-type,Plantae,Tracheophyta,Magnoliopsida,Fabales,Polygalaceae,Polygala,Polygala
Polygonatum odoratum-type,Plantae,Tracheophyta,Liliopsida,Asparagales,Asparagaceae,Polygonatum,Polygonatum
Rubus undiff.,Plantae,Tracheophyta,Magnoliopsida,Rosales,Rosaceae,Rubus,Rubus
Salvia pratensis-type,Plantae,Tracheophyta,Magnoliopsida,Lamiales,Lamiaceae,Salvia,Salvia
Vicia hirsuta/V. tetrasperma,Plantae,Tracheophyta,Magnoliopsida,Fabales,Fabaceae,Vicia,Vicia
Lysimachia nemorum-type,Plantae,Tracheophyta,Magnoliopsida,Ericales,Primulaceae,Lysimachia,Lysimachia
Caprifoliaceae undiff.,Plantae,Tracheophyta,Magnoliopsida,Dipsacales,Caprifoliaceae,Caprifoliaceae,Caprifoliaceae
Asteraceae undiff. (type 2),Plantae,Tracheophyta,Magnoliopsida,Asterales,Asteraceae,Asteraceae,Asteraceae
Asteraceae (echinate),Plantae,Tracheophyta,Magnoliopsida,Asterales,Asteraceae,Asteraceae,Asteraceae
Cedrus atlantica,Plantae,Tracheophyta,Pinopsida,Pinales,Pinaceae,Cedrus,Cedrus atlantica
Cupressus,Plantae,Tracheophyta,Pinopsida,Pinales,Cupressaceae,Cupressus,Cupressus
Daphne gnidium,Plantae,Tracheophyta,Magnoliopsida,Malvales,Thymelaeaceae,Daphne,Daphne gnidium
Quercus canariensis/Q. pyrenaica,Plantae,Tracheophyta,Magnoliopsida,Fagales,Fagaceae,Quercus,Quercus
Quercus ilex/Q. coccifera,Plantae,Tracheophyta,Magnoliopsida,Fagales,Fagaceae,Quercus,Quercus
Pinguicula cf. P. vulgaris,Plantae,Tracheophyta,Magnoliopsida,Lamiales,Lentibulariaceae,Pinguicula,Pinguicula
Scleranthus cf. S. perennis,Plantae,Tracheophyta,Magnoliopsida,Caryophyllales,Caryophyllaceae,Scleranthus,Scleranthus
Asperula,Plantae,Tracheophyta,Magnoliopsida,Gentianales,Rubiaceae,Asperula,Asperula
Centaurium erythraea,Plantae,Tracheophyta,Magnoliopsida,Gentianales,Gentianaceae,Centaurium,Centaurium erythraea
Fumaria officinalis,Plantae,Tracheophyta,Magnoliopsida,Ranunculales,Papaveraceae,Fumaria,Fumaria officinalis
Theligonum,Plantae,Tracheophyta,Magnoliopsida,Gentianales,Rubiaceae,Theligonum,Theligonum
Taraxacum,Plantae,Tracheophyta,Magnoliopsida,Asterales,Asteraceae,Taraxacum,Taraxacum
Alnus subg. Alnobetula,Plantae,Tracheophyta,Magnoliopsida,Fagales,Betulaceae,Alnus,Alnus
Carpinus betulus-type,Plantae,Tracheophyta,Magnoliopsida,Fagales,Betulaceae,Carpinus,Carpinus
Aristolochia,Plantae,Tracheophyta,Magnoliopsida,Piperales,Aristolochiaceae,Aristolochia,Aristolochia
Orobanchaceae,Plantae,Tracheophyta,Magnoliopsida,Lamiales,Orobanchaceae,Orobanchaceae,Orobanchaceae
Quercus faginea,Plantae,Tracheophyta,Magnoliopsida,Fagales,Fagaceae,Quercus,Quercus faginea
Anagallis arvensis-type,Plantae,Tracheophyta,Magnoliopsida,Ericales,Primulaceae,Lysimachia,Lysimachia
Cichorium intybus-type,Plantae,Tracheophyta,Magnoliopsida,Asterales,Asteraceae,Cichorium,Cichorium
Poaceae (annulus 10-12 µm),Plantae,Tracheophyta,Liliopsida,Poales,Poaceae,Poaceae,Poaceae
Cornus suecica-type,Plantae,Tracheophyta,Magnoliopsida,Cornales,Cornaceae,Cornus,Cornus
Malus sylvestris,Plantae,Tracheophyta,Magnoliopsida,Rosales,Rosaceae,Malus,Malus sylvestris
Poterium sanguisorba subsp. sanguisorba,Plantae,Tracheophyta,Magnoliopsida,Rosales,Rosaceae,Poterium,Poterium sanguisorba
Narcissus,Plantae,Tracheophyta,Liliopsida,Asparagales,Amaryllidaceae,Narcissus,Narcissus
Cistaceae undiff.,Plantae,Tracheophyta,Magnoliopsida,Malvales,Cistaceae,Cistaceae,Cistaceae
Amaranthaceae (broken),Plantae,Tracheophyta,Magnoliopsida,Caryophyllales,Amaranthaceae,Amaranthaceae,Amaranthaceae
Amaranthaceae (crumpled),Plantae,Tracheophyta,Magnoliopsida,Caryophyllales,Amaranthaceae,Amaranthaceae,Amaranthaceae
Asteraceae undiff. (broken),Plantae,Tracheophyta,Magnoliopsida,Asterales,Asteraceae,Asteraceae,Asteraceae
Asteraceae undiff. (crumpled),Plantae,Tracheophyta,Magnoliopsida,Asterales,Asteraceae,Asteraceae,Asteraceae
Cedrus (broken),Plantae,Tracheophyta,Pinopsida,Pinales,Pinaceae,Cedrus,Cedrus
Cedrus (crumpled),Plantae,Tracheophyta,Pinopsida,Pinales,Pinaceae,Cedrus,Cedrus
Cedrus (degraded),Plantae,Tracheophyta,Pinopsida,Pinales,Pinaceae,Cedrus,Cedrus
Cyperaceae (broken),Plantae,Tracheophyta,Liliopsida,Poales,Cyperaceae,Cyperaceae,Cyperaceae
Cyperaceae (corroded),Plantae,Tracheophyta,Liliopsida,Poales,Cyperaceae,Cyperaceae,Cyperaceae
Cyperaceae (crumpled),Plantae,Tracheophyta,Liliopsida,Poales,Cyperaceae,Cyperaceae,Cyperaceae
Cyperaceae (degraded),Plantae,Tracheophyta,Liliopsida,Poales,Cyperaceae,Cyperaceae,Cyperaceae
Fraxinus ornus-type,Plantae,Tracheophyta,Magnoliopsida,Lamiales,Oleaceae,Fraxinus,Fraxinus
Oleaceae (broken),Plantae,Tracheophyta,Magnoliopsida,Lamiales,Oleaceae,Oleaceae,Oleaceae
Oleaceae (crumpled),Plantae,Tracheophyta,Magnoliopsida,Lamiales,Oleaceae,Oleaceae,Oleaceae
Oleaceae (obscured),Plantae,Tracheophyta,Magnoliopsida,Lamiales,Oleaceae,Oleaceae,Oleaceae
Pinaceae (broken),Plantae,Tracheophyta,Pinopsida,Pinales,Pinaceae,Pinaceae,Pinaceae
Pinaceae (corroded),Plantae,Tracheophyta,Pinopsida,Pinales,Pinaceae,Pinaceae,Pinaceae
Pinaceae (crumpled),Plantae,Tracheophyta,Pinopsida,Pinales,Pinaceae,Pinaceae,Pinaceae
Pinaceae (degraded),Plantae,Tracheophyta,Pinopsida,Pinales,Pinaceae,Pinaceae,Pinaceae
Pinaceae (obscured),Plantae,Tracheophyta,Pinopsida,Pinales,Pinaceae,Pinaceae,Pinaceae
Pinus (broken),Plantae,Tracheophyta,Pinopsida,Pinales,Pinaceae,Pinus,Pinus
Pinus (corroded),Plantae,Tracheophyta,Pinopsida,Pinales,Pinaceae,Pinus,Pinus
Pinus (crumpled),Plantae,Tracheophyta,Pinopsida,Pinales,Pinaceae,Pinus,Pinus
Pinus (degraded),Plantae,Tracheophyta,Pinopsida,Pinales,Pinaceae,Pinus,Pinus
Pinus (fragmented),Plantae,Tracheophyta,Pinopsida,Pinales,Pinaceae,Pinus,Pinus
Poaceae (broken),Plantae,Tracheophyta,Liliopsida,Poales,Poaceae,Poaceae,Poaceae
"Poaceae (Cerealia-type, broken)",Plantae,Tracheophyta,Liliopsida,Poales,Poaceae,Poaceae,Poaceae
"Poaceae (Cerealia-type, corroded)",Plantae,Tracheophyta,Liliopsida,Poales,Poaceae,Poaceae,Poaceae
"Poaceae (Cerealia-type, crumpled)",Plantae,Tracheophyta,Liliopsida,Poales,Poaceae,Poaceae,Poaceae
Poaceae (corroded),Plantae,Tracheophyta,Liliopsida,Poales,Poaceae,Poaceae,Poaceae
Poaceae (crumpled),Plantae,Tracheophyta,Liliopsida,Poales,Poaceae,Poaceae,Poaceae
Poaceae (degraded),Plantae,Tracheophyta,Liliopsida,Poales,Poaceae,Poaceae,Poaceae
Quercus coccifera-type,Plantae,Tracheophyta,Magnoliopsida,Fagales,Fagaceae,Quercus,Quercus
Quercus coccifera-type (broken),Plantae,Tracheophyta,Magnoliopsida,Fagales,Fagaceae,Quercus,Quercus
Quercus coccifera-type: corroded,Plantae,Tracheophyta,Magnoliopsida,Fagales,Fagaceae,Quercus,Quercus
Quercus coccifera-type (crumpled),Plantae,Tracheophyta,Magnoliopsida,Fagales,Fagaceae,Quercus,Quercus
Quercus undiff. (broken),Plantae,Tracheophyta,Magnoliopsida,Fagales,Fagaceae,Quercus,Quercus
Quercus undiff. (corroded),Plantae,Tracheophyta,Magnoliopsida,Fagales,Fagaceae,Quercus,Quercus
Quercus undiff. (crumpled),Plantae,Tracheophyta,Magnoliopsida,Fagales,Fagaceae,Quercus,Quercus
Quercus undiff. (degraded),Plantae,Tracheophyta,Magnoliopsida,Fagales,Fagaceae,Quercus,Quercus
Quercus undiff. (obscured),Plantae,Tracheophyta,Magnoliopsida,Fagales,Fagaceae,Quercus,Quercus
Anagallis tenella-type,Plantae,Tracheophyta,Magnoliopsida,Ericales,Primulaceae,Lysimachia,Lysimachia
Arnoseris,Plantae,Tracheophyta,Magnoliopsida,Asterales,Asteraceae,Arnoseris,Arnoseris
Cicendia filiformis,Plantae,Tracheophyta,Magnoliopsida,Gentianales,Gentianaceae,Cicendia,Cicendia filiformis
Cistus monspeliensis-type,Plantae,Tracheophyta,Magnoliopsida,Malvales,Cistaceae,Cistus,Cistus
Erica scoparia-type,Animalia,Arthropoda,Arachnida,Araneae,Salticidae,Erica,Erica
Erica scoparia-type,Plantae,Tracheophyta,Magnoliopsida,Ericales,Ericaceae,Erica,Erica
Frankenia,Plantae,Tracheophyta,Magnoliopsida,Caryophyllales,Frankeniaceae,Frankenia,Frankenia
Fumaria officinalis-type,Plantae,Tracheophyta,Magnoliopsida,Ranunculales,Papaveraceae,Fumaria,Fumaria
Gynandriris sisyrinchium,Plantae,Tracheophyta,Liliopsida,Asparagales,Iridaceae,Moraea,Moraea sisyrinchium
Halimium halimifolium-type,Plantae,Tracheophyta,Magnoliopsida,Malvales,Cistaceae,Halimium,Halimium
Helianthemum croceum-type,Plantae,Tracheophyta,Magnoliopsida,Malvales,Cistaceae,Helianthemum,Helianthemum
Tuberaria guttata,Plantae,Tracheophyta,Magnoliopsida,Malvales,Cistaceae,Tuberaria,Tuberaria guttata
Actaea spicata,Plantae,Tracheophyta,Magnoliopsida,Ranunculales,Ranunculaceae,Actaea,Actaea spicata
Aegopodium podagraria,Plantae,Tracheophyta,Magnoliopsida,Apiales,Apiaceae,Aegopodium,Aegopodium podagraria
Anemone pulsatilla-type,Plantae,Tracheophyta,Magnoliopsida,Ranunculales,Ranunculaceae,Anemone,Anemone
Anethum graveolens,Plantae,Tracheophyta,Magnoliopsida,Apiales,Apiaceae,Anethum,Anethum graveolens
Fragaria,Plantae,Tracheophyta,Magnoliopsida,Rosales,Rosaceae,Fragaria,Fragaria
Iris germanica-type,Animalia,Arthropoda,Insecta,Mantodea,Eremiaphilidae,Iris,Iris
Iris germanica-type,Plantae,Tracheophyta,Liliopsida,Asparagales,Iridaceae,Iris,Iris
Legousia,Plantae,Tracheophyta,Magnoliopsida,Asterales,Campanulaceae,Legousia,Legousia
Leucojum,Plantae,Tracheophyta,Liliopsida,Asparagales,Amaryllidaceae,Leucojum,Leucojum
Robinia pseudoacacia,Plantae,Tracheophyta,Magnoliopsida,Fabales,Fabaceae,Robinia,Robinia pseudoacacia
Vaccaria hispanica,Plantae,Tracheophyta,Magnoliopsida,Caryophyllales,Caryophyllaceae,Gypsophila,Gypsophila vaccaria
Viburnum opulus/V. tinus,Plantae,Tracheophyta,Magnoliopsida,Dipsacales,Viburnaceae,Viburnum,Viburnum
Carya glabra-type,Plantae,Tracheophyta,Magnoliopsida,Fagales,Juglandaceae,Carya,Carya
Carya tomentosa-type,Plantae,Tracheophyta,Magnoliopsida,Fagales,Juglandaceae,Carya,Carya
Anemone subg. Anemone,Plantae,Tracheophyta,Magnoliopsida,Ranunculales,Ranunculaceae,Anemone,Anemone
Artemisia alba-type,Plantae,Tracheophyta,Magnoliopsida,Asterales,Asteraceae,Artemisia,Artemisia
Lathyrus linifolius-type,Plantae,Tracheophyta,Magnoliopsida,Fabales,Fabaceae,Lathyrus,Lathyrus
Potentilla erecta,Plantae,Tracheophyta,Magnoliopsida,Rosales,Rosaceae,Potentilla,Potentilla erecta
Centaurea jacea/C. nigra-type,Plantae,Tracheophyta,Magnoliopsida,Asterales,Asteraceae,Centaurea,Centaurea
Lamium amplexicaule-type,Plantae,Tracheophyta,Magnoliopsida,Lamiales,Lamiaceae,Lamium,Lamium
Lamium purpureum var. hybridum-type,Plantae,Tracheophyta,Magnoliopsida,Lamiales,Lamiaceae,Lamium,Lamium purpureum
Polygonum cognatum,Plantae,Tracheophyta,Magnoliopsida,Caryophyllales,Polygonaceae,Polygonum,Polygonum cognatum
Rumex conglomeratus,Plantae,Tracheophyta,Magnoliopsida,Caryophyllales,Polygonaceae,Rumex,Rumex conglomeratus
Teucrium pyrenaicum-type,Plantae,Tracheophyta,Magnoliopsida,Lamiales,Lamiaceae,Teucrium,Teucrium
Urtica atrovirens,Plantae,Tracheophyta,Magnoliopsida,Rosales,Urticaceae,Urtica,Urtica atrovirens
Geranium columbinum-type,Plantae,Tracheophyta,Magnoliopsida,Geraniales,Geraniaceae,Geranium,Geranium
Geranium pusillum-type,Plantae,Tracheophyta,Magnoliopsida,Geraniales,Geraniaceae,Geranium,Geranium
Amaryllidaceae,Plantae,Tracheophyta,Liliopsida,Asparagales,Amaryllidaceae,Amaryllidaceae,Amaryllidaceae
Cercis,Plantae,Tracheophyta,Magnoliopsida,Fabales,Fabaceae,Cercis,Cercis
Chenopodium sp.,Plantae,Tracheophyta,Magnoliopsida,Caryophyllales,Amaranthaceae,Chenopodium,Chenopodium
Convolvulus undiff.,Plantae,Tracheophyta,Magnoliopsida,Solanales,Convolvulaceae,Convolvulus,Convolvulus
Cyclamen,Plantae,Tracheophyta,Magnoliopsida,Ericales,Primulaceae,Cyclamen,Cyclamen
Dracunculus,Plantae,Tracheophyta,Liliopsida,Alismatales,Araceae,Dracunculus,Dracunculus
Dracunculus,Animalia,Nematoda,Chromadorea,Rhabditida,Dracunculidae,Dracunculus,Dracunculus
Gentiana undiff.,Plantae,Tracheophyta,Magnoliopsida,Gentianales,Gentianaceae,Gentiana,Gentiana
Mesembryanthemum,Plantae,Tracheophyta,Magnoliopsida,Caryophyllales,Aizoaceae,Mesembryanthemum,Mesembryanthemum
Oenothera,Plantae,Tracheophyta,Magnoliopsida,Myrtales,Onagraceae,Oenothera,Oenothera
Paeonia,Plantae,Tracheophyta,Magnoliopsida,Saxifragales,Paeoniaceae,Paeonia,Paeonia
Plantago lanceolata/P. lagopus,Plantae,Tracheophyta,Magnoliopsida,Lamiales,Plantaginaceae,Plantago,Plantago
Prunus sp.,Plantae,Tracheophyta,Magnoliopsida,Rosales,Rosaceae,Prunus,Prunus
Punica granatum,Plantae,Tracheophyta,Magnoliopsida,Myrtales,Lythraceae,Punica,Punica granatum
Rumex subg. Emex,Plantae,Tracheophyta,Magnoliopsida,Caryophyllales,Polygonaceae,Rumex,Rumex
Sarcopoterium spinosum/Poterium sanguisorba,Plantae,Tracheophyta,Magnoliopsida,Rosales,Rosaceae,Sarcopoterium,Sarcopoterium
Senecio sp.,Plantae,Tracheophyta,Magnoliopsida,Asterales,Asteraceae,Senecio,Senecio
Styrax,Plantae,Tracheophyta,Magnoliopsida,Ericales,Styracaceae,Styrax,Styrax
Urtica pilulifera-type,Plantae,Tracheophyta,Magnoliopsida,Rosales,Urticaceae,Urtica,Urtica
Arnoseris minima,Plantae,Tracheophyta,Magnoliopsida,Asterales,Asteraceae,Arnoseris,Arnoseris minima
Caryophyllaceae (porate),Plantae,Tracheophyta,Magnoliopsida,Caryophyllales,Caryophyllaceae,Caryophyllaceae,Caryophyllaceae
Conopodium majus,Plantae,Tracheophyta,Magnoliopsida,Apiales,Apiaceae,Conopodium,Conopodium majus
Artemisia sp.,Plantae,Tracheophyta,Magnoliopsida,Asterales,Asteraceae,Artemisia,Artemisia
Capsella,Plantae,Tracheophyta,Magnoliopsida,Brassicales,Brassicaceae,Capsella,Capsella
Gentianella sp.,Plantae,Tracheophyta,Magnoliopsida,Gentianales,Gentianaceae,Gentianella,Gentianella
Ranunculus glacialis,Plantae,Tracheophyta,Magnoliopsida,Ranunculales,Ranunculaceae,Ranunculus,Ranunculus glacialis
Sonchus,Plantae,Tracheophyta,Magnoliopsida,Asterales,Asteraceae,Sonchus,Sonchus
Primula scandinavica-type,Plantae,Tracheophyta,Magnoliopsida,Ericales,Primulaceae,Primula,Primula
Sorbus cf. S. aucuparia,Plantae,Tracheophyta,Magnoliopsida,Rosales,Rosaceae,Sorbus,Sorbus
Linnaea,Plantae,Tracheophyta,Magnoliopsida,Dipsacales,Caprifoliaceae,Linnaea,Linnaea
Linnaea,Animalia,Arthropoda,Insecta,Hemiptera,Rhyparochromidae,Linnaea,Linnaea
Rumex sp.,Plantae,Tracheophyta,Magnoliopsida,Caryophyllales,Polygonaceae,Rumex,Rumex
Avena sativa,Plantae,Tracheophyta,Liliopsida,Poales,Poaceae,Avena,Avena sativa
Linum bienne-type,Plantae,Tracheophyta,Magnoliopsida,Malpighiales,Linaceae,Linum,Linum
Sorbus sp.,Plantae,Tracheophyta,Magnoliopsida,Rosales,Rosaceae,Sorbus,Sorbus
Thalictrum flavum,Plantae,Tracheophyta,Magnoliopsida,Ranunculales,Ranunculaceae,Thalictrum,Thalictrum flavum
Triticum aestivum,Plantae,Tracheophyta,Liliopsida,Poales,Poaceae,Triticum,Triticum aestivum
Vaccinium sp.,Plantae,Tracheophyta,Magnoliopsida,Ericales,Ericaceae,Vaccinium,Vaccinium
Plantago cf. P. major,Plantae,Tracheophyta,Magnoliopsida,Lamiales,Plantaginaceae,Plantago,Plantago
Vaccinium uliginosum,Plantae,Tracheophyta,Magnoliopsida,Ericales,Ericaceae,Vaccinium,Vaccinium uliginosum
Vaccinium vitis-idaea,Plantae,Tracheophyta,Magnoliopsida,Ericales,Ericaceae,Vaccinium,Vaccinium vitis-idaea
Apiaceae cf. Pleurospermum,Plantae,Tracheophyta,Magnoliopsida,Apiales,Apiaceae,Apiaceae,Apiaceae
Ericaceae cf. Vaccinium,Plantae,Tracheophyta,Magnoliopsida,Ericales,Ericaceae,Ericaceae,Ericaceae
Rosaceae cf. Prunus,Plantae,Tracheophyta,Magnoliopsida,Rosales,Rosaceae,Rosaceae,Rosaceae
Rosaceae cf. Sorbus,Plantae,Tracheophyta,Magnoliopsida,Rosales,Rosaceae,Rosaceae,Rosaceae
Dipsacaceae undiff.,Plantae,Tracheophyta,Magnoliopsida,Dipsacales,Dipsacaceae,Dipsacaceae,Dipsacaceae
Hordeum group,Plantae,Tracheophyta,Liliopsida,Poales,Poaceae,Hordeum,Hordeum
Atriplex sp.,Plantae,Tracheophyta,Magnoliopsida,Caryophyllales,Amaranthaceae,Atriplex,Atriplex
Centaurea sp.,Plantae,Tracheophyta,Magnoliopsida,Asterales,Asteraceae,Centaurea,Centaurea
Chrysosplenium alternifolium,Plantae,Tracheophyta,Magnoliopsida,Saxifragales,Saxifragaceae,Chrysosplenium,Chrysosplenium alternifolium
Helianthemum sp.,Plantae,Tracheophyta,Magnoliopsida,Malvales,Cistaceae,Helianthemum,Helianthemum
Krascheninnikovia ceratoides,Plantae,Tracheophyta,Magnoliopsida,Caryophyllales,Amaranthaceae,Krascheninnikovia,Krascheninnikovia ceratoides
Salsola sp.,Plantae,Tracheophyta,Magnoliopsida,Caryophyllales,Amaranthaceae,Salsola,Salsola
Thalictrum sp.,Plantae,Tracheophyta,Magnoliopsida,Ranunculales,Ranunculaceae,Thalictrum,Thalictrum
Medicago lupulina,Plantae,Tracheophyta,Magnoliopsida,Fabales,Fabaceae,Medicago,Medicago lupulina
Trifolium montanum-type,Plantae,Tracheophyta,Magnoliopsida,Fabales,Fabaceae,Trifolium,Trifolium
Trifolium montanum-type,Animalia,Platyhelminthes,Trematoda,Plagiorchiida,Psilostomidae,Trifolium,Trifolium
Pinus cembroides,Plantae,Tracheophyta,Pinopsida,Pinales,Pinaceae,Pinus,Pinus cembroides
Angelica,Animalia,Arthropoda,Insecta,Hymenoptera,Braconidae,Angelica,Angelica
Angelica,Plantae,Tracheophyta,Magnoliopsida,Apiales,Apiaceae,Angelica,Angelica
Dictamnus albus,Plantae,Tracheophyta,Magnoliopsida,Sapindales,Rutaceae,Dictamnus,Dictamnus albus
Pinus (haplostellate),Plantae,Tracheophyta,Pinopsida,Pinales,Pinaceae,Pinus,Pinus
Sanicula,Plantae,Tracheophyta,Magnoliopsida,Apiales,Apiaceae,Sanicula,Sanicula
Tussilago,Plantae,Tracheophyta,Magnoliopsida,Asterales,Asteraceae,Tussilago,Tussilago
Kalmia,Plantae,Tracheophyta,Magnoliopsida,Ericales,Ericaceae,Kalmia,Kalmia
Minuartia,Plantae,Tracheophyta,Magnoliopsida,Caryophyllales,Caryophyllaceae,Minuartia,Minuartia
Pinus strobus-type,Plantae,Tracheophyta,Pinopsida,Pinales,Pinaceae,Pinus,Pinus
Pyrus,Plantae,Tracheophyta,Magnoliopsida,Rosales,Rosaceae,Pyrus,Pyrus
Kalmia procumbens,Plantae,Tracheophyta,Magnoliopsida,Ericales,Ericaceae,Kalmia,Kalmia procumbens
Fragaria vesca,Plantae,Tracheophyta,Magnoliopsida,Rosales,Rosaceae,Fragaria,Fragaria vesca
Pinus mugo,Plantae,Tracheophyta,Pinopsida,Pinales,Pinaceae,Pinus,Pinus mugo
Pinus nigra,Plantae,Tracheophyta,Pinopsida,Pinales,Pinaceae,Pinus,Pinus nigra
Ajuga,Plantae,Tracheophyta,Magnoliopsida,Lamiales,Lamiaceae,Ajuga,Ajuga
Lotus sp.,Plantae,Tracheophyta,Magnoliopsida,Fabales,Fabaceae,Lotus,Lotus
Melilotus,Plantae,Tracheophyta,Magnoliopsida,Fabales,Fabaceae,Melilotus,Melilotus
Sambucus racemosa-type,Plantae,Tracheophyta,Magnoliopsida,Dipsacales,Viburnaceae,Sambucus,Sambucus
Morus nigra,Plantae,Tracheophyta,Magnoliopsida,Rosales,Moraceae,Morus,Morus nigra
Centaurea aspera-type,Plantae,Tracheophyta,Magnoliopsida,Asterales,Asteraceae,Centaurea,Centaurea
Cirsium cf. C. palustre,Plantae,Tracheophyta,Magnoliopsida,Asterales,Asteraceae,Cirsium,Cirsium
Cyanus triumfettii,Plantae,Tracheophyta,Magnoliopsida,Asterales,Asteraceae,Centaurea,Centaurea triumfettii
Liliales,Plantae,Tracheophyta,Liliopsida,Liliales,Liliales,Liliales,Liliales
Pinus mugo/P. sylvestris,Plantae,Tracheophyta,Pinopsida,Pinales,Pinaceae,Pinus,Pinus
Plantago maritima subsp. serpentina,Plantae,Tracheophyta,Magnoliopsida,Lamiales,Plantaginaceae,Plantago,Plantago strictissima
Plantago maritima subsp. serpentina,Plantae,Tracheophyta,Magnoliopsida,Lamiales,Plantaginaceae,Plantago,Plantago strictissima
Plantago maritima subsp. serpentina,Plantae,Tracheophyta,Magnoliopsida,Lamiales,Plantaginaceae,Plantago,Plantago maritima
Plantago maritima subsp. serpentina,Plantae,Tracheophyta,Magnoliopsida,Lamiales,Plantaginaceae,Plantago,Plantago maritima
Polycarpon tetraphyllum,Plantae,Tracheophyta,Magnoliopsida,Caryophyllales,Caryophyllaceae,Polycarpon,Polycarpon tetraphyllum
Ranunculus fluitans-type,Plantae,Tracheophyta,Magnoliopsida,Ranunculales,Ranunculaceae,Ranunculus,Ranunculus
Sesamoides,Plantae,Tracheophyta,Magnoliopsida,Brassicales,Resedaceae,Sesamoides,Sesamoides
Solanum dulcamara/Sedum,Plantae,Tracheophyta,Magnoliopsida,Solanales,Solanaceae,Solanum,Solanum
Thalictrum minus,Plantae,Tracheophyta,Magnoliopsida,Ranunculales,Ranunculaceae,Thalictrum,Thalictrum minus
Valeriana tuberosa,Plantae,Tracheophyta,Magnoliopsida,Dipsacales,Caprifoliaceae,Valeriana,Valeriana tuberosa
Aconitum group,Plantae,Tracheophyta,Magnoliopsida,Ranunculales,Ranunculaceae,Aconitum,Aconitum
Anemone pulsatilla,Plantae,Tracheophyta,Magnoliopsida,Ranunculales,Ranunculaceae,Pulsatilla,Pulsatilla vulgaris
Anemone pulsatilla,Plantae,Tracheophyta,Magnoliopsida,Ranunculales,Ranunculaceae,Pulsatilla,Pulsatilla vulgaris
Anemone pulsatilla,Plantae,Tracheophyta,Magnoliopsida,Ranunculales,Ranunculaceae,Pulsatilla,Pulsatilla montana
Anemone pulsatilla,Plantae,Tracheophyta,Magnoliopsida,Ranunculales,Ranunculaceae,Pulsatilla,Pulsatilla montana
Anemone pulsatilla group,Plantae,Tracheophyta,Magnoliopsida,Ranunculales,Ranunculaceae,Pulsatilla,Pulsatilla vulgaris
Anemone pulsatilla group,Plantae,Tracheophyta,Magnoliopsida,Ranunculales,Ranunculaceae,Pulsatilla,Pulsatilla vulgaris
Anemone pulsatilla group,Plantae,Tracheophyta,Magnoliopsida,Ranunculales,Ranunculaceae,Pulsatilla,Pulsatilla montana
Anemone pulsatilla group,Plantae,Tracheophyta,Magnoliopsida,Ranunculales,Ranunculaceae,Pulsatilla,Pulsatilla montana
Consolida ambigua-type,Plantae,Tracheophyta,Magnoliopsida,Ranunculales,Ranunculaceae,Delphinium,Delphinium
Frangula alnus-type,Plantae,Tracheophyta,Magnoliopsida,Rosales,Rhamnaceae,Frangula,Frangula
Gratiola,Plantae,Tracheophyta,Magnoliopsida,Lamiales,Plantaginaceae,Gratiola,Gratiola
Limonium vulgare (type A),Plantae,Tracheophyta,Magnoliopsida,Caryophyllales,Plumbaginaceae,Limonium,Limonium vulgare
Ribes rubrum-type,Plantae,Tracheophyta,Magnoliopsida,Saxifragales,Grossulariaceae,Ribes,Ribes
Sison amomum-type,Plantae,Tracheophyta,Magnoliopsida,Apiales,Apiaceae,Sison,Sison
Solanum dulcamara-type,Plantae,Tracheophyta,Magnoliopsida,Solanales,Solanaceae,Solanum,Solanum
Empetrum nigrum-type,Plantae,Tracheophyta,Magnoliopsida,Ericales,Ericaceae,Empetrum,Empetrum
Prunella vulgaris-type,Animalia,Chordata,Aves,Passeriformes,Prunellidae,Prunella,Prunella
Prunella vulgaris-type,Plantae,Tracheophyta,Magnoliopsida,Lamiales,Lamiaceae,Prunella,Prunella
Amaranthaceae (small),Plantae,Tracheophyta,Magnoliopsida,Caryophyllales,Amaranthaceae,Amaranthaceae,Amaranthaceae
Apiaceae (apiculate),Plantae,Tracheophyta,Magnoliopsida,Apiales,Apiaceae,Apiaceae,Apiaceae
Apiaceae (large),Plantae,Tracheophyta,Magnoliopsida,Apiales,Apiaceae,Apiaceae,Apiaceae
Apiaceae (medium),Plantae,Tracheophyta,Magnoliopsida,Apiales,Apiaceae,Apiaceae,Apiaceae
Apiaceae (small),Plantae,Tracheophyta,Magnoliopsida,Apiales,Apiaceae,Apiaceae,Apiaceae
Caryophyllaceae (large),Plantae,Tracheophyta,Magnoliopsida,Caryophyllales,Caryophyllaceae,Caryophyllaceae,Caryophyllaceae
Caryophyllaceae (small),Plantae,Tracheophyta,Magnoliopsida,Caryophyllales,Caryophyllaceae,Caryophyllaceae,Caryophyllaceae
Pinus (large),Plantae,Tracheophyta,Pinopsida,Pinales,Pinaceae,Pinus,Pinus
Pinus (small),Plantae,Tracheophyta,Pinopsida,Pinales,Pinaceae,Pinus,Pinus
Poaceae (small),Plantae,Tracheophyta,Liliopsida,Poales,Poaceae,Poaceae,Poaceae
Quercus rotundifolia,Plantae,Tracheophyta,Magnoliopsida,Fagales,Fagaceae,Quercus,Quercus rotundifolia
Symphoricarpos,Plantae,Tracheophyta,Magnoliopsida,Dipsacales,Caprifoliaceae,Symphoricarpos,NA
Lotus maritimus,Plantae,Tracheophyta,Magnoliopsida,Fabales,Fabaceae,Lotus,Lotus maritimus
Trifolium pannonicum,Plantae,Tracheophyta,Magnoliopsida,Fabales,Fabaceae,Trifolium,Trifolium pannonicum
"Poaceae (Cerealia-type, indeterminable)",Plantae,Tracheophyta,Liliopsida,Poales,Poaceae,Poaceae,Poaceae
Centaurea pro parte,Plantae,Tracheophyta,Magnoliopsida,Asterales,Asteraceae,Centaurea,Centaurea
Cistus pro parte,Plantae,Tracheophyta,Magnoliopsida,Malvales,Cistaceae,Cistus,Cistus
Plantago altissima-type,Plantae,Tracheophyta,Magnoliopsida,Lamiales,Plantaginaceae,Plantago,Plantago
Plantago argentea-type,Plantae,Tracheophyta,Magnoliopsida,Lamiales,Plantaginaceae,Plantago,Plantago
Plantago carinata-type,Plantae,Tracheophyta,Magnoliopsida,Lamiales,Plantaginaceae,Plantago,Plantago
Quercus pro parte,Plantae,Tracheophyta,Magnoliopsida,Fagales,Fagaceae,Quercus,Quercus
Alnus viridis subsp. suaveolens,Plantae,Tracheophyta,Magnoliopsida,Fagales,Betulaceae,Alnus,Alnus alnobetula
Pinus laricio,Plantae,Tracheophyta,Pinopsida,Pinales,Pinaceae,Pinus,Pinus pinaster
Pinus laricio,Plantae,Tracheophyta,Pinopsida,Pinales,Pinaceae,Pinus,Pinus pinaster
Pinus laricio,Plantae,Tracheophyta,Pinopsida,Pinales,Pinaceae,Pinus,Pinus nigra
Pinus laricio,Plantae,Tracheophyta,Pinopsida,Pinales,Pinaceae,Pinus,Pinus nigra
Pinus maritima,Plantae,Tracheophyta,Pinopsida,Pinales,Pinaceae,Pinus,Pinus halepensis
Pinus maritima,Plantae,Tracheophyta,Pinopsida,Pinales,Pinaceae,Pinus,Pinus halepensis
Pinus maritima,Plantae,Tracheophyta,Pinopsida,Pinales,Pinaceae,Pinus,Pinus halepensis
Pinus maritima,Plantae,Tracheophyta,Pinopsida,Pinales,Pinaceae,Pinus,Pinus pinaster
Pinus maritima,Plantae,Tracheophyta,Pinopsida,Pinales,Pinaceae,Pinus,Pinus pinaster
Pinus maritima,Plantae,Tracheophyta,Pinopsida,Pinales,Pinaceae,Pinus,Pinus pinaster
Pinus maritima,Plantae,Tracheophyta,Pinopsida,Pinales,Pinaceae,Pinus,Pinus halepensis
Pinus maritima,Plantae,Tracheophyta,Pinopsida,Pinales,Pinaceae,Pinus,Pinus halepensis
Pinus maritima,Plantae,Tracheophyta,Pinopsida,Pinales,Pinaceae,Pinus,Pinus halepensis
Coriaria myrtifolia,Plantae,Tracheophyta,Magnoliopsida,Cucurbitales,Coriariaceae,Coriaria,Coriaria myrtifolia
Linum cf. L. usitatissimum,Plantae,Tracheophyta,Magnoliopsida,Malpighiales,Linaceae,Linum,Linum
Papaver rhoeas,Plantae,Tracheophyta,Magnoliopsida,Ranunculales,Papaveraceae,Papaver,Papaver rhoeas
Convolvulaceae undiff.,Plantae,Tracheophyta,Magnoliopsida,Solanales,Convolvulaceae,Convolvulaceae,Convolvulaceae
Cornus subg. Thelycrania,Plantae,Tracheophyta,Magnoliopsida,Cornales,Cornaceae,Cornus,Cornus
Lythraceae undiff.,Plantae,Tracheophyta,Magnoliopsida,Myrtales,Lythraceae,Lythraceae,Lythraceae
Cousinia,Plantae,Tracheophyta,Magnoliopsida,Asterales,Asteraceae,Cousinia,Cousinia
Lomelosia rotata-type,Plantae,Tracheophyta,Magnoliopsida,Dipsacales,Caprifoliaceae,Lomelosia,Lomelosia
Arctous alpina/A. rubra,Plantae,Tracheophyta,Magnoliopsida,Ericales,Ericaceae,Arctous,Arctous
Elaeagnus commutata,Plantae,Tracheophyta,Magnoliopsida,Rosales,Elaeagnaceae,Elaeagnus,Elaeagnus commutata
Picea glauca,Plantae,Tracheophyta,Pinopsida,Pinales,Pinaceae,Picea,Picea glauca
Picea mariana,Plantae,Tracheophyta,Pinopsida,Pinales,Pinaceae,Picea,Picea mariana
Iva annua,Plantae,Tracheophyta,Magnoliopsida,Asterales,Asteraceae,Iva,Iva annua
Cassiope,Plantae,Tracheophyta,Magnoliopsida,Ericales,Ericaceae,Cassiope,Cassiope
Cassiope,Animalia,Mollusca,Gastropoda,Cassiopidae,Cassiope,Cassiope,Cassiope
Cnidium,Plantae,Tracheophyta,Magnoliopsida,Apiales,Apiaceae,Cnidium,Cnidium
Dodecatheon,Plantae,Tracheophyta,Magnoliopsida,Ericales,Primulaceae,Dodecatheon,Dodecatheon
Douglasia,Plantae,Tracheophyta,Magnoliopsida,Ericales,Primulaceae,Androsace,Androsace
Douglasia,Animalia,Arthropoda,Insecta,Lepidoptera,Douglasiidae,Tinagma,Tinagma
Lagotis glauca,Plantae,Tracheophyta,Magnoliopsida,Lamiales,Plantaginaceae,Lagotis,Lagotis glauca
Lesquerella,Plantae,Tracheophyta,Magnoliopsida,Brassicales,Brassicaceae,Physaria,Physaria
Pedicularis lanceolata,Plantae,Tracheophyta,Magnoliopsida,Lamiales,Orobanchaceae,Pedicularis,Pedicularis lanceolata
Plantago canescens,Plantae,Tracheophyta,Magnoliopsida,Lamiales,Plantaginaceae,Plantago,Plantago canescens
Mertensia,Animalia,Ctenophora,Tentaculata,Cydippida,Mertensiidae,Mertensia,Mertensia
Mertensia,Plantae,Tracheophyta,Magnoliopsida,Boraginales,Boraginaceae,Mertensia,Mertensia
Acer cf. A. negundo,Plantae,Tracheophyta,Magnoliopsida,Sapindales,Sapindaceae,Acer,Acer
Lewisia,Plantae,Tracheophyta,Magnoliopsida,Caryophyllales,Montiaceae,Lewisia,Lewisia
Lewisia,Animalia,Mollusca,Gastropoda,Cycloneritida,Helicinidae,Lewisia,Lewisia
Polygonum californicum-type,Plantae,Tracheophyta,Magnoliopsida,Caryophyllales,Polygonaceae,Polygonum,Polygonum
Cornus canadensis,Plantae,Tracheophyta,Magnoliopsida,Cornales,Cornaceae,Cornus,Cornus canadensis
Cornus racemosa,Plantae,Tracheophyta,Magnoliopsida,Cornales,Cornaceae,Cornus,Cornus racemosa
Fraxinus nigra,Plantae,Tracheophyta,Magnoliopsida,Lamiales,Oleaceae,Fraxinus,Fraxinus nigra
Fraxinus pennsylvanica,Plantae,Tracheophyta,Magnoliopsida,Lamiales,Oleaceae,Fraxinus,Fraxinus pennsylvanica
Pinus contorta,Plantae,Tracheophyta,Pinopsida,Pinales,Pinaceae,Pinus,Pinus contorta
Acer circinatum-type,Plantae,Tracheophyta,Magnoliopsida,Sapindales,Sapindaceae,Acer,Acer
Acer macrophyllum-type,Plantae,Tracheophyta,Magnoliopsida,Sapindales,Sapindaceae,Acer,Acer
Bistorta bistortoides-type,Plantae,Tracheophyta,Magnoliopsida,Caryophyllales,Polygonaceae,Bistorta,Bistorta
Cornus canadensis-type,Plantae,Tracheophyta,Magnoliopsida,Cornales,Cornaceae,Cornus,Cornus
Lysichiton,Plantae,Tracheophyta,Liliopsida,Alismatales,Araceae,Lysichiton,Lysichiton
Alnus (pentaporate),Plantae,Tracheophyta,Magnoliopsida,Fagales,Betulaceae,Alnus,Alnus
Alnus (tetraporate),Plantae,Tracheophyta,Magnoliopsida,Fagales,Betulaceae,Alnus,Alnus
Amorpha,Animalia,Arthropoda,Insecta,Lepidoptera,Sphingidae,Amorpha,Amorpha
Amorpha,Plantae,Tracheophyta,Magnoliopsida,Fabales,Fabaceae,Amorpha,Amorpha
Gilia,Animalia,Cnidaria,Hydrozoa,Siphonophorae,Diphyidae,Gilia,Gilia
Gilia,Plantae,Tracheophyta,Magnoliopsida,Ericales,Polemoniaceae,Gilia,Gilia
Pedicularis contorta-type,Plantae,Tracheophyta,Magnoliopsida,Lamiales,Orobanchaceae,Pedicularis,Pedicularis
Pedicularis groenlandica-type,Plantae,Tracheophyta,Magnoliopsida,Lamiales,Orobanchaceae,Pedicularis,Pedicularis
Polygonum californicum,Plantae,Tracheophyta,Magnoliopsida,Caryophyllales,Polygonaceae,Polygonum,Polygonum californicum
Ribes lacustre,Plantae,Tracheophyta,Magnoliopsida,Saxifragales,Grossulariaceae,Ribes,Ribes lacustre
Ribes montigenum,Plantae,Tracheophyta,Magnoliopsida,Saxifragales,Grossulariaceae,Ribes,Ribes montigenum
Ribes undiff.,Plantae,Tracheophyta,Magnoliopsida,Saxifragales,Grossulariaceae,Ribes,Ribes
Juglans cinerea-type,Plantae,Tracheophyta,Magnoliopsida,Fagales,Juglandaceae,Juglans,Juglans
Pinus banksiana/P. resinosa,Plantae,Tracheophyta,Pinopsida,Pinales,Pinaceae,Pinus,Pinus
Zanthoxylum,Plantae,Tracheophyta,Magnoliopsida,Sapindales,Rutaceae,Zanthoxylum,Zanthoxylum
Acer saccharinum,Plantae,Tracheophyta,Magnoliopsida,Sapindales,Sapindaceae,Acer,Acer saccharinum
Cornus florida,Plantae,Tracheophyta,Magnoliopsida,Cornales,Cornaceae,Cornus,Cornus florida
Itea,Plantae,Tracheophyta,Magnoliopsida,Saxifragales,Iteaceae,Itea,Itea
Juglans undiff.,Plantae,Tracheophyta,Magnoliopsida,Fagales,Juglandaceae,Juglans,Juglans
Liriodendron,Plantae,Tracheophyta,Magnoliopsida,Magnoliales,Magnoliaceae,Liriodendron,Liriodendron
Persicaria hydropiper-type,Plantae,Tracheophyta,Magnoliopsida,Caryophyllales,Polygonaceae,Persicaria,Persicaria
Sanguisorba canadensis,Plantae,Tracheophyta,Magnoliopsida,Rosales,Rosaceae,Sanguisorba,Sanguisorba canadensis
Ephedra torreyana-type,Plantae,Tracheophyta,Gnetopsida,Ephedrales,Ephedraceae,Ephedra,Ephedra
Lamiaceae cf. Stachys,Plantae,Tracheophyta,Magnoliopsida,Lamiales,Lamiaceae,Lamiaceae,Lamiaceae
Dalea candida,Plantae,Tracheophyta,Magnoliopsida,Fabales,Fabaceae,Dalea,Dalea candida
Dalea purpurea-type,Plantae,Tracheophyta,Magnoliopsida,Fabales,Fabaceae,Dalea,Dalea
Pinus banksiana,Plantae,Tracheophyta,Pinopsida,Pinales,Pinaceae,Pinus,Pinus banksiana
Micranthes foliolosa-type,Plantae,Tracheophyta,Magnoliopsida,Saxifragales,Saxifragaceae,Micranthes,Micranthes
Micranthes hieraciifolia-type,Plantae,Tracheophyta,Magnoliopsida,Saxifragales,Saxifragaceae,Micranthes,Micranthes
Plantago canescens-type,Plantae,Tracheophyta,Magnoliopsida,Lamiales,Plantaginaceae,Plantago,Plantago
Saxifraga tricuspidata-type,Plantae,Tracheophyta,Magnoliopsida,Saxifragales,Saxifragaceae,Saxifraga,Saxifraga
Micranthes foliolosa,Plantae,Tracheophyta,Magnoliopsida,Saxifragales,Saxifragaceae,Micranthes,Micranthes foliolosa
Fraxinus americana,Plantae,Tracheophyta,Magnoliopsida,Lamiales,Oleaceae,Fraxinus,Fraxinus americana
Myricaceae undiff.,Plantae,Tracheophyta,Magnoliopsida,Fagales,Myricaceae,Myricaceae,Myricaceae
Picea cf. P. glauca,Plantae,Tracheophyta,Pinopsida,Pinales,Pinaceae,Picea,Picea
Picea cf. P. mariana,Plantae,Tracheophyta,Pinopsida,Pinales,Pinaceae,Picea,Picea
Pinus det. P. banksiana/P. resinosa,Plantae,Tracheophyta,Pinopsida,Pinales,Pinaceae,Pinus,Pinus
Pinus det. P. strobus,Plantae,Tracheophyta,Pinopsida,Pinales,Pinaceae,Pinus,Pinus
Abies lasiocarpa,Plantae,Tracheophyta,Pinopsida,Pinales,Pinaceae,Abies,Abies lasiocarpa
Acer glabrum,Plantae,Tracheophyta,Magnoliopsida,Sapindales,Sapindaceae,Acer,Acer glabrum
Agoseris glauca-type,Plantae,Tracheophyta,Magnoliopsida,Asterales,Asteraceae,Agoseris,Agoseris
Cornus sericea,Plantae,Tracheophyta,Magnoliopsida,Cornales,Cornaceae,Cornus,Cornus sericea
Solidago canadensis,Plantae,Tracheophyta,Magnoliopsida,Asterales,Asteraceae,Solidago,Solidago canadensis
Betula (shrub),Plantae,Tracheophyta,Magnoliopsida,Fagales,Betulaceae,Betula,Betula
Betula (small),Plantae,Tracheophyta,Magnoliopsida,Fagales,Betulaceae,Betula,Betula
Pinus subg. Pinus undiff.,Plantae,Tracheophyta,Pinopsida,Pinales,Pinaceae,Pinus,Pinus
Acer macrophyllum,Plantae,Tracheophyta,Magnoliopsida,Sapindales,Sapindaceae,Acer,Acer macrophyllum
Alnus rubra,Plantae,Tracheophyta,Magnoliopsida,Fagales,Betulaceae,Alnus,Alnus rubra
Alnus viridis subsp. sinuata,Plantae,Tracheophyta,Magnoliopsida,Fagales,Betulaceae,Alnus,Alnus alnobetula
Alnus (hexaporate),Plantae,Tracheophyta,Magnoliopsida,Fagales,Betulaceae,Alnus,Alnus
Chrysolepis,Plantae,Tracheophyta,Magnoliopsida,Fagales,Fagaceae,Chrysolepis,Chrysolepis
Nyctaginaceae,Plantae,Tracheophyta,Magnoliopsida,Caryophyllales,Nyctaginaceae,Nyctaginaceae,Nyctaginaceae
Onagraceae undiff.,Plantae,Tracheophyta,Magnoliopsida,Myrtales,Onagraceae,Onagraceae,Onagraceae
Pinus edulis,Plantae,Tracheophyta,Pinopsida,Pinales,Pinaceae,Pinus,Pinus edulis
Pinus flexilis,Plantae,Tracheophyta,Pinopsida,Pinales,Pinaceae,Pinus,Pinus flexilis
Pinus ponderosa,Plantae,Tracheophyta,Pinopsida,Pinales,Pinaceae,Pinus,Pinus ponderosa
Pinus aristata,Plantae,Tracheophyta,Pinopsida,Pinales,Pinaceae,Pinus,Pinus aristata
Myricaceae,Plantae,Tracheophyta,Magnoliopsida,Fagales,Myricaceae,Myricaceae,Myricaceae
Alnus viridis subsp. crispa-type,Plantae,Tracheophyta,Magnoliopsida,Fagales,Betulaceae,Alnus,Alnus alnobetula
Caryophyllaceae cf. Dianthus,Plantae,Tracheophyta,Magnoliopsida,Caryophyllales,Caryophyllaceae,Caryophyllaceae,Caryophyllaceae
Ranunculus pensylvanicus-type,Plantae,Tracheophyta,Magnoliopsida,Ranunculales,Ranunculaceae,Ranunculus,Ranunculus
Asteraceae (high spine),Plantae,Tracheophyta,Magnoliopsida,Asterales,Asteraceae,Asteraceae,Asteraceae
Asteraceae (low spine),Plantae,Tracheophyta,Magnoliopsida,Asterales,Asteraceae,Asteraceae,Asteraceae
Fraxinus pennsylvanica/F. americana-type,Plantae,Tracheophyta,Magnoliopsida,Lamiales,Oleaceae,Fraxinus,Fraxinus
Acalypha,Plantae,Tracheophyta,Magnoliopsida,Malpighiales,Euphorbiaceae,Acalypha,Acalypha
Chamaecyparis thyoides,Plantae,Tracheophyta,Pinopsida,Pinales,Cupressaceae,Chamaecyparis,Chamaecyparis thyoides
Fagaceae,Plantae,Tracheophyta,Magnoliopsida,Fagales,Fagaceae,Fagaceae,Fagaceae
Pseudotsuga menziesii,Plantae,Tracheophyta,Pinopsida,Pinales,Pinaceae,Pseudotsuga,Pseudotsuga menziesii
Acer circinatum,Plantae,Tracheophyta,Magnoliopsida,Sapindales,Sapindaceae,Acer,Acer circinatum
Alnus rubra-type,Plantae,Tracheophyta,Magnoliopsida,Fagales,Betulaceae,Alnus,Alnus
Robinia,Plantae,Tracheophyta,Magnoliopsida,Fabales,Fabaceae,Robinia,Robinia
Robinia,Animalia,Platyhelminthes,Trematoda,Plagiorchiida,Hemiuridae,Robinia,Robinia
Menispermaceae,Plantae,Tracheophyta,Magnoliopsida,Ranunculales,Menispermaceae,Menispermaceae,Menispermaceae
Mitella,Plantae,Tracheophyta,Magnoliopsida,Saxifragales,Saxifragaceae,Mitella,Mitella
Planera aquatica,Plantae,Tracheophyta,Magnoliopsida,Rosales,Ulmaceae,Planera,Planera aquatica
Actaea rubra,Plantae,Tracheophyta,Magnoliopsida,Ranunculales,Ranunculaceae,Actaea,Actaea rubra
Mitchella repens,Plantae,Tracheophyta,Magnoliopsida,Gentianales,Rubiaceae,Mitchella,Mitchella repens
Allenrolfea occidentalis,Plantae,Tracheophyta,Magnoliopsida,Caryophyllales,Amaranthaceae,Allenrolfea,Allenrolfea occidentalis
Ephedra nevadensis,Plantae,Tracheophyta,Gnetopsida,Ephedrales,Ephedraceae,Ephedra,Ephedra nevadensis
Ephedra viridis,Plantae,Tracheophyta,Gnetopsida,Ephedrales,Ephedraceae,Ephedra,Ephedra viridis
Comarum palustre-type,Plantae,Tracheophyta,Magnoliopsida,Rosales,Rosaceae,Comarum,Comarum
Fagus grandifolia,Plantae,Tracheophyta,Magnoliopsida,Fagales,Fagaceae,Fagus,Fagus grandifolia
Viburnum edule,Plantae,Tracheophyta,Magnoliopsida,Dipsacales,Viburnaceae,Viburnum,Viburnum edule
Betula glandulosa,Plantae,Tracheophyta,Magnoliopsida,Fagales,Betulaceae,Betula,Betula glandulosa
Adenostoma fasciculatum,Plantae,Tracheophyta,Magnoliopsida,Rosales,Rosaceae,Adenostoma,Adenostoma fasciculatum
Adenostoma sparsifolium,Plantae,Tracheophyta,Magnoliopsida,Rosales,Rosaceae,Adenostoma,Adenostoma sparsifolium
Pinus jeffreyi-type,Plantae,Tracheophyta,Pinopsida,Pinales,Pinaceae,Pinus,Pinus
Quercus chrysolepis,Plantae,Tracheophyta,Magnoliopsida,Fagales,Fagaceae,Quercus,Quercus chrysolepis
Trillium,Plantae,Tracheophyta,Liliopsida,Liliales,Melanthiaceae,Trillium,Trillium
Pinus monticola-type,Plantae,Tracheophyta,Pinopsida,Pinales,Pinaceae,Pinus,Pinus
Castanopsis,Plantae,Tracheophyta,Magnoliopsida,Fagales,Fagaceae,Castanopsis,Castanopsis
Garrya,Plantae,Tracheophyta,Magnoliopsida,Garryales,Garryaceae,Garrya,Garrya
Navarretia,Plantae,Tracheophyta,Magnoliopsida,Ericales,Polemoniaceae,Navarretia,Navarretia
Alnus (triporate),Plantae,Tracheophyta,Magnoliopsida,Fagales,Betulaceae,Alnus,Alnus
Pinus monticola,Plantae,Tracheophyta,Pinopsida,Pinales,Pinaceae,Pinus,Pinus monticola
Purshia,Plantae,Tracheophyta,Magnoliopsida,Rosales,Rosaceae,Purshia,Purshia
Celtis occidentalis,Plantae,Tracheophyta,Magnoliopsida,Rosales,Cannabaceae,Celtis,Celtis occidentalis
Platanus occidentalis,Plantae,Tracheophyta,Magnoliopsida,Proteales,Platanaceae,Platanus,Platanus occidentalis
Quercus vaccinifolia-type,Plantae,Tracheophyta,Magnoliopsida,Fagales,Fagaceae,Quercus,Quercus
Apocynaceae,Plantae,Tracheophyta,Magnoliopsida,Gentianales,Apocynaceae,Apocynaceae,Apocynaceae
Araceae,Plantae,Tracheophyta,Liliopsida,Alismatales,Araceae,Araceae,Araceae
Leptospermum,Plantae,Tracheophyta,Magnoliopsida,Myrtales,Myrtaceae,Leptospermum,Leptospermum
Ulmaceae,Plantae,Tracheophyta,Magnoliopsida,Rosales,Ulmaceae,Ulmaceae,Ulmaceae
Alnus viridis subsp. sinuata-type,Plantae,Tracheophyta,Magnoliopsida,Fagales,Betulaceae,Alnus,Alnus alnobetula
Arecaceae,Plantae,Tracheophyta,Liliopsida,Arecales,Arecaceae,Arecaceae,Arecaceae
Camassia,Plantae,Tracheophyta,Liliopsida,Asparagales,Asparagaceae,Camassia,Camassia
Elaeagnaceae,Plantae,Tracheophyta,Magnoliopsida,Rosales,Elaeagnaceae,Elaeagnaceae,Elaeagnaceae
Sequoiadendron,Plantae,Tracheophyta,Pinopsida,Pinales,Cupressaceae,Sequoiadendron,Sequoiadendron
Larix laricina,Plantae,Tracheophyta,Pinopsida,Pinales,Pinaceae,Larix,Larix laricina
Nemopanthus,Plantae,Tracheophyta,Magnoliopsida,Aquifoliales,Aquifoliaceae,Ilex,Ilex
Taxus canadensis,Plantae,Tracheophyta,Pinopsida,Pinales,Taxaceae,Taxus,Taxus canadensis
Tilia americana,Plantae,Tracheophyta,Magnoliopsida,Malvales,Malvaceae,Tilia,Tilia americana
Viburnum nudum,Plantae,Tracheophyta,Magnoliopsida,Dipsacales,Viburnaceae,Viburnum,Viburnum nudum
Liquidambar styraciflua,Plantae,Tracheophyta,Magnoliopsida,Saxifragales,Altingiaceae,Liquidambar,Liquidambar styraciflua
Iva,Plantae,Tracheophyta,Magnoliopsida,Asterales,Asteraceae,Iva,Iva
Lysichiton americanus,Plantae,Tracheophyta,Liliopsida,Alismatales,Araceae,Lysichiton,Lysichiton americanus
Castilleja,Plantae,Tracheophyta,Magnoliopsida,Lamiales,Orobanchaceae,Castilleja,Castilleja
Cryptantha,Plantae,Tracheophyta,Magnoliopsida,Boraginales,Boraginaceae,Cryptantha,Cryptantha
Erodium cicutarium,Plantae,Tracheophyta,Magnoliopsida,Geraniales,Geraniaceae,Erodium,Erodium cicutarium
Gossypium,Plantae,Tracheophyta,Magnoliopsida,Malvales,Malvaceae,Gossypium,Gossypium
Kallstroemia,Plantae,Tracheophyta,Magnoliopsida,Zygophyllales,Zygophyllaceae,Kallstroemia,Kallstroemia
Larrea,Plantae,Tracheophyta,Magnoliopsida,Zygophyllales,Zygophyllaceae,Larrea,Larrea
Linanthus,Plantae,Tracheophyta,Magnoliopsida,Ericales,Polemoniaceae,Linanthus,Linanthus
Vitaceae,Plantae,Tracheophyta,Magnoliopsida,Vitales,Vitaceae,Vitaceae,Vitaceae
Prunus pensylvanica,Plantae,Tracheophyta,Magnoliopsida,Rosales,Rosaceae,Prunus,Prunus pensylvanica
Prunus undiff.,Plantae,Tracheophyta,Magnoliopsida,Rosales,Rosaceae,Prunus,Prunus
Rhus typhina-type,Plantae,Tracheophyta,Magnoliopsida,Sapindales,Anacardiaceae,Rhus,Rhus
Tsuga undiff.,Plantae,Tracheophyta,Pinopsida,Pinales,Pinaceae,Tsuga,Tsuga
Nyssa sylvatica,Plantae,Tracheophyta,Magnoliopsida,Cornales,Nyssaceae,Nyssa,Nyssa sylvatica
Suaeda calceoliformis,Plantae,Tracheophyta,Magnoliopsida,Caryophyllales,Amaranthaceae,Suaeda,Suaeda calceoliformis
Arceuthobium pusillum,Plantae,Tracheophyta,Magnoliopsida,Santalales,Viscaceae,Arceuthobium,Arceuthobium pusillum
Chamaesyce,Plantae,Tracheophyta,Magnoliopsida,Malpighiales,Euphorbiaceae,Euphorbia,Euphorbia
Hudsonia,Plantae,Tracheophyta,Magnoliopsida,Malvales,Cistaceae,Hudsonia,Hudsonia
Hudsonia,Animalia,Nematoda,Chromadorea,Rhabditida,Strongylidae,Hudsonia,Hudsonia
Lycium,Plantae,Tracheophyta,Magnoliopsida,Solanales,Solanaceae,Lycium,Lycium
Chamaebatiaria millefolium,Plantae,Tracheophyta,Magnoliopsida,Rosales,Rosaceae,Chamaebatiaria,Chamaebatiaria millefolium
Monardella,Plantae,Tracheophyta,Magnoliopsida,Lamiales,Lamiaceae,Monardella,Monardella
Iris versicolor,Plantae,Tracheophyta,Liliopsida,Asparagales,Iridaceae,Iris,Iris versicolor
Actaea,Animalia,Arthropoda,Malacostraca,Decapoda,Xanthidae,Actaea,Actaea
Actaea,Plantae,Tracheophyta,Magnoliopsida,Ranunculales,Ranunculaceae,Actaea,Actaea
Berberis repens,Plantae,Tracheophyta,Magnoliopsida,Ranunculales,Berberidaceae,Mahonia,Mahonia repens
Leptosiphon,Plantae,Tracheophyta,Magnoliopsida,Ericales,Polemoniaceae,Leptosiphon,Leptosiphon
Commelinaceae,Plantae,Tracheophyta,Liliopsida,Commelinales,Commelinaceae,Commelinaceae,Commelinaceae
Fraxinus americana-type,Plantae,Tracheophyta,Magnoliopsida,Lamiales,Oleaceae,Fraxinus,Fraxinus
Morus rubra-type,Animalia,Chordata,Aves,Suliformes,Sulidae,Morus,Morus
Morus rubra-type,Plantae,Tracheophyta,Magnoliopsida,Rosales,Moraceae,Morus,Morus
Pedicularis undiff.,Plantae,Tracheophyta,Magnoliopsida,Lamiales,Orobanchaceae,Pedicularis,Pedicularis
Aralia hispida,Plantae,Tracheophyta,Magnoliopsida,Apiales,Araliaceae,Aralia,Aralia hispida
Cornus alternifolia,Plantae,Tracheophyta,Magnoliopsida,Cornales,Cornaceae,Cornus,Cornus alternifolia
Maclura pomifera-type,Plantae,Tracheophyta,Magnoliopsida,Rosales,Moraceae,Maclura,Maclura
Fraxinus latifolia,Plantae,Tracheophyta,Magnoliopsida,Lamiales,Oleaceae,Fraxinus,Fraxinus latifolia
Shepherdia canadensis-type,Plantae,Tracheophyta,Magnoliopsida,Rosales,Elaeagnaceae,Shepherdia,Shepherdia
Taxus brevifolia,Plantae,Tracheophyta,Pinopsida,Pinales,Taxaceae,Taxus,Taxus brevifolia
Ceratiola ericoides,Plantae,Tracheophyta,Magnoliopsida,Ericales,Ericaceae,Ceratiola,Ceratiola ericoides
Arceuthobium americanum,Plantae,Tracheophyta,Magnoliopsida,Santalales,Viscaceae,Arceuthobium,Arceuthobium americanum
Betula det. shrub,Plantae,Tracheophyta,Magnoliopsida,Fagales,Betulaceae,Betula,Betula
Betula det. tree,Plantae,Tracheophyta,Magnoliopsida,Fagales,Betulaceae,Betula,Betula
Picea det. P. glauca,Plantae,Tracheophyta,Pinopsida,Pinales,Pinaceae,Picea,Picea
Picea det. P. mariana,Plantae,Tracheophyta,Pinopsida,Pinales,Pinaceae,Picea,Picea
Impatiens capensis,Plantae,Tracheophyta,Magnoliopsida,Ericales,Balsaminaceae,Impatiens,Impatiens capensis
Caltha leptosepala,Plantae,Tracheophyta,Magnoliopsida,Ranunculales,Ranunculaceae,Caltha,Caltha leptosepala
Coptis aspleniifolia,Plantae,Tracheophyta,Magnoliopsida,Ranunculales,Ranunculaceae,Coptis,Coptis aspleniifolia
Gentiana douglasiana,Plantae,Tracheophyta,Magnoliopsida,Gentianales,Gentianaceae,Gentiana,Gentiana douglasiana
Avicennia,Plantae,Tracheophyta,Magnoliopsida,Lamiales,Acanthaceae,Avicennia,Avicennia
Coccoloba,Plantae,Tracheophyta,Magnoliopsida,Caryophyllales,Polygonaceae,Coccoloba,Coccoloba
Conocarpus,Plantae,Tracheophyta,Magnoliopsida,Myrtales,Combretaceae,Conocarpus,Conocarpus
Forestiera,Plantae,Tracheophyta,Magnoliopsida,Lamiales,Oleaceae,Forestiera,Forestiera
Laguncularia,Plantae,Tracheophyta,Magnoliopsida,Myrtales,Combretaceae,Laguncularia,Laguncularia
Rhizophora,Plantae,Tracheophyta,Magnoliopsida,Malpighiales,Rhizophoraceae,Rhizophora,Rhizophora
Sapindaceae undiff.,Plantae,Tracheophyta,Magnoliopsida,Sapindales,Sapindaceae,Sapindaceae,Sapindaceae
Toxicodendron radicans,Plantae,Tracheophyta,Magnoliopsida,Sapindales,Anacardiaceae,Toxicodendron,Toxicodendron radicans
Nemopanthus mucronatus,Plantae,Tracheophyta,Magnoliopsida,Aquifoliales,Aquifoliaceae,Ilex,Ilex mucronata
Nemopanthus mucronatus,Plantae,Tracheophyta,Magnoliopsida,Aquifoliales,Aquifoliaceae,Ilex,Ilex mucronata
Nemopanthus mucronatus,Plantae,Tracheophyta,Magnoliopsida,Aquifoliales,Aquifoliaceae,Ilex,Ilex mucronata
Nemopanthus mucronatus,Plantae,Tracheophyta,Magnoliopsida,Aquifoliales,Aquifoliaceae,Ilex,Ilex mucronata
Pinus resinosa-type,Plantae,Tracheophyta,Pinopsida,Pinales,Pinaceae,Pinus,Pinus
Prunus virginiana,Plantae,Tracheophyta,Magnoliopsida,Rosales,Rosaceae,Prunus,Prunus virginiana
Rosaceae cf. Prunus serotina,Plantae,Tracheophyta,Magnoliopsida,Rosales,Rosaceae,Rosaceae,Rosaceae
Salix vestita-type,Plantae,Tracheophyta,Magnoliopsida,Malpighiales,Salicaceae,Salix,Salix
Acer nigrum,Plantae,Tracheophyta,Magnoliopsida,Sapindales,Sapindaceae,Acer,Acer nigrum
Carya cordiformis,Plantae,Tracheophyta,Magnoliopsida,Fagales,Juglandaceae,Carya,Carya cordiformis
Populus deltoides-type,Plantae,Tracheophyta,Magnoliopsida,Malpighiales,Salicaceae,Populus,Populus
Agastache,Plantae,Tracheophyta,Magnoliopsida,Lamiales,Lamiaceae,Agastache,Agastache
Cistanthe,Plantae,Tracheophyta,Magnoliopsida,Caryophyllales,Montiaceae,Cistanthe,Cistanthe
Polygonum sect. Duravia,Plantae,Tracheophyta,Magnoliopsida,Caryophyllales,Polygonaceae,Polygonum,Polygonum
Ranunculus orthorhynchus,Plantae,Tracheophyta,Magnoliopsida,Ranunculales,Ranunculaceae,Ranunculus,Ranunculus orthorhynchus
Iva undiff.,Plantae,Tracheophyta,Magnoliopsida,Asterales,Asteraceae,Iva,Iva
Lagotis,Plantae,Tracheophyta,Magnoliopsida,Lamiales,Plantaginaceae,Lagotis,Lagotis
Salix reticulata-type,Plantae,Tracheophyta,Magnoliopsida,Malpighiales,Salicaceae,Salix,Salix
Agave,Plantae,Tracheophyta,Liliopsida,Asparagales,Asparagaceae,Agave,Agave
Allionia,Plantae,Tracheophyta,Magnoliopsida,Caryophyllales,Nyctaginaceae,Allionia,Allionia
Canotia,Plantae,Tracheophyta,Magnoliopsida,Celastrales,Celastraceae,Canotia,Canotia
Fouquieria,Plantae,Tracheophyta,Magnoliopsida,Ericales,Fouquieriaceae,Fouquieria,Fouquieria
Hydrophyllaceae,Plantae,Tracheophyta,Magnoliopsida,Boraginales,Hydrophyllaceae,Hydrophyllaceae,Hydrophyllaceae
Mimosa,Plantae,Tracheophyta,Magnoliopsida,Fabales,Fabaceae,Mimosa,Mimosa
Prosopis,Plantae,Tracheophyta,Magnoliopsida,Fabales,Fabaceae,Prosopis,Prosopis
Simmondsia chinensis,Plantae,Tracheophyta,Magnoliopsida,Caryophyllales,Simmondsiaceae,Simmondsia,Simmondsia chinensis
Yucca,Plantae,Tracheophyta,Liliopsida,Asparagales,Asparagaceae,Yucca,Yucca
Campanula rotundifolia-type,Plantae,Tracheophyta,Magnoliopsida,Asterales,Campanulaceae,Campanula,Campanula
Gaura,Plantae,Tracheophyta,Magnoliopsida,Malvales,Cistaceae,Lechea,Lechea
Gaura,Plantae,Tracheophyta,Magnoliopsida,Malvales,Cistaceae,Lechea,Lechea
Gaura,Plantae,Tracheophyta,Magnoliopsida,Myrtales,Onagraceae,Oenothera,Oenothera
Gaura,Plantae,Tracheophyta,Magnoliopsida,Myrtales,Onagraceae,Oenothera,Oenothera
Momipites,Plantae,Tracheophyta,Magnoliopsida,Fagales,Juglandaceae,Momipites,Momipites
Ranunculaceae (pericolpate),Plantae,Tracheophyta,Magnoliopsida,Ranunculales,Ranunculaceae,Ranunculaceae,Ranunculaceae
Ranunculaceae (tricolpate) undiff.,Plantae,Tracheophyta,Magnoliopsida,Ranunculales,Ranunculaceae,Ranunculaceae,Ranunculaceae
Dicentra,Plantae,Tracheophyta,Magnoliopsida,Ranunculales,Papaveraceae,Dicentra,Dicentra
Menispermum,Plantae,Tracheophyta,Magnoliopsida,Ranunculales,Menispermaceae,Menispermum,Menispermum
Fritillaria camschatcensis,Plantae,Tracheophyta,Liliopsida,Liliales,Liliaceae,Fritillaria,Fritillaria camschatcensis
Oplopanax horridus,Plantae,Tracheophyta,Magnoliopsida,Apiales,Araliaceae,Oplopanax,Oplopanax horridus
Picea sitchensis,Plantae,Tracheophyta,Pinopsida,Pinales,Pinaceae,Picea,Picea sitchensis
Populus trichocarpa,Plantae,Tracheophyta,Magnoliopsida,Malpighiales,Salicaceae,Populus,Populus trichocarpa
Sanguisorba stipulata,Plantae,Tracheophyta,Magnoliopsida,Rosales,Rosaceae,Sanguisorba,Sanguisorba stipulata
Alternanthera,Plantae,Tracheophyta,Magnoliopsida,Caryophyllales,Amaranthaceae,Alternanthera,Alternanthera
Filipendula rubra,Plantae,Tracheophyta,Magnoliopsida,Rosales,Rosaceae,Filipendula,Filipendula rubra
Polygonum subsect. Polygonella,Plantae,Tracheophyta,Magnoliopsida,Caryophyllales,Polygonaceae,Polygonella,Polygonella
Arabis,Plantae,Tracheophyta,Magnoliopsida,Brassicales,Brassicaceae,Arabis,Arabis
Chamaedaphne,Plantae,Tracheophyta,Magnoliopsida,Ericales,Ericaceae,Chamaedaphne,Chamaedaphne
Hamamelis,Plantae,Tracheophyta,Magnoliopsida,Saxifragales,Hamamelidaceae,Hamamelis,Hamamelis
Maianthemum,Plantae,Tracheophyta,Liliopsida,Asparagales,Asparagaceae,Maianthemum,Maianthemum
Hamamelidaceae,Plantae,Tracheophyta,Magnoliopsida,Saxifragales,Hamamelidaceae,Hamamelidaceae,Hamamelidaceae
Platanaceae,Plantae,Tracheophyta,Magnoliopsida,Proteales,Platanaceae,Platanaceae,Platanaceae
Symphoricarpos albus,Plantae,Tracheophyta,Magnoliopsida,Dipsacales,Caprifoliaceae,Symphoricarpos,Symphoricarpos albus
Circaea alpina,Plantae,Tracheophyta,Magnoliopsida,Myrtales,Onagraceae,Circaea,Circaea alpina
Claytonia acutifolia,Plantae,Tracheophyta,Magnoliopsida,Caryophyllales,Montiaceae,Claytonia,Claytonia acutifolia
Pinus aristata-type,Plantae,Tracheophyta,Pinopsida,Pinales,Pinaceae,Pinus,Pinus
Pinus ponderosa-type,Plantae,Tracheophyta,Pinopsida,Pinales,Pinaceae,Pinus,Pinus
Berchemia scandens,Plantae,Tracheophyta,Magnoliopsida,Rosales,Rhamnaceae,Berchemia,Berchemia scandens
Calycanthus,Plantae,Tracheophyta,Magnoliopsida,Laurales,Calycanthaceae,Calycanthus,Calycanthus
Cephalanthus occidentalis,Plantae,Tracheophyta,Magnoliopsida,Gentianales,Rubiaceae,Cephalanthus,Cephalanthus occidentalis
Fraxinus quadrangulata/F. nigra-type,Plantae,Tracheophyta,Magnoliopsida,Lamiales,Oleaceae,Fraxinus,Fraxinus
Prunus americana-type,Plantae,Tracheophyta,Magnoliopsida,Rosales,Rosaceae,Prunus,Prunus
Prunus virginiana-type,Plantae,Tracheophyta,Magnoliopsida,Rosales,Rosaceae,Prunus,Prunus
Viburnum acerifolium-type,Plantae,Tracheophyta,Magnoliopsida,Dipsacales,Viburnaceae,Viburnum,Viburnum
Viburnum lentago-type,Plantae,Tracheophyta,Magnoliopsida,Dipsacales,Viburnaceae,Viburnum,Viburnum
Chamaedaphne calyculata,Plantae,Tracheophyta,Magnoliopsida,Ericales,Ericaceae,Chamaedaphne,Chamaedaphne calyculata
Gaultheria,Plantae,Tracheophyta,Magnoliopsida,Ericales,Ericaceae,Gaultheria,Gaultheria
Gaylussacia,Plantae,Tracheophyta,Magnoliopsida,Ericales,Ericaceae,Gaylussacia,Gaylussacia
Lithocarpus,Plantae,Tracheophyta,Magnoliopsida,Fagales,Fagaceae,Lithocarpus,Lithocarpus
Maclura,Plantae,Tracheophyta,Magnoliopsida,Rosales,Moraceae,Maclura,Maclura
Anemone patens,Plantae,Tracheophyta,Magnoliopsida,Ranunculales,Ranunculaceae,Pulsatilla,Pulsatilla patens
Anemone patens,Plantae,Tracheophyta,Magnoliopsida,Ranunculales,Ranunculaceae,Pulsatilla,Pulsatilla patens
Anemone patens,Plantae,Tracheophyta,Magnoliopsida,Ranunculales,Ranunculaceae,Pulsatilla,Pulsatilla halleri
Anemone patens,Plantae,Tracheophyta,Magnoliopsida,Ranunculales,Ranunculaceae,Pulsatilla,Pulsatilla halleri
Anemone quinquefolia-type,Plantae,Tracheophyta,Magnoliopsida,Ranunculales,Ranunculaceae,Anemone,Anemone
Asteraceae cf. Cirsium,Plantae,Tracheophyta,Magnoliopsida,Asterales,Asteraceae,Asteraceae,Asteraceae
Calylophus,Plantae,Tracheophyta,Magnoliopsida,Myrtales,Onagraceae,Oenothera,Oenothera
Mentzelia,Plantae,Tracheophyta,Magnoliopsida,Cornales,Loasaceae,Mentzelia,Mentzelia
Picea indet.,Plantae,Tracheophyta,Pinopsida,Pinales,Pinaceae,Picea,Picea
Polygonum ramosissimum-type,Plantae,Tracheophyta,Magnoliopsida,Caryophyllales,Polygonaceae,Polygonum,Polygonum
Tsuga canadensis-type,Plantae,Tracheophyta,Pinopsida,Pinales,Pinaceae,Tsuga,Tsuga
Viburnum rafinesquianum-type,Plantae,Tracheophyta,Magnoliopsida,Dipsacales,Viburnaceae,Viburnum,Viburnum
Leitneria floridana,Plantae,Tracheophyta,Magnoliopsida,Sapindales,Simaroubaceae,Leitneria,Leitneria floridana
Ephedra (branched folds),Plantae,Tracheophyta,Gnetopsida,Ephedrales,Ephedraceae,Ephedra,Ephedra
Ephedra (simple folds),Plantae,Tracheophyta,Gnetopsida,Ephedrales,Ephedraceae,Ephedra,Ephedra
Pinus subg. Strobus (large),Plantae,Tracheophyta,Pinopsida,Pinales,Pinaceae,Pinus,Pinus
Pinus subg. Strobus (small),Plantae,Tracheophyta,Pinopsida,Pinales,Pinaceae,Pinus,Pinus
Zygophyllaceae,Plantae,Tracheophyta,Magnoliopsida,Zygophyllales,Zygophyllaceae,Zygophyllaceae,Zygophyllaceae
Ephedraceae,Plantae,Tracheophyta,Gnetopsida,Ephedrales,Ephedraceae,Ephedraceae,Ephedraceae
Cassiope tetragona,Plantae,Tracheophyta,Magnoliopsida,Ericales,Ericaceae,Cassiope,Cassiope tetragona
Cannabaceae sensu stricto undiff.,Plantae,Tracheophyta,Magnoliopsida,Rosales,Cannabaceae,Cannabaceae,Cannabaceae
Quercus vaccinifolia,Plantae,Tracheophyta,Magnoliopsida,Fagales,Fagaceae,Quercus,Quercus vacciniifolia
Rutaceae,Plantae,Tracheophyta,Magnoliopsida,Sapindales,Rutaceae,Rutaceae,Rutaceae
Betula glandulosa-type,Plantae,Tracheophyta,Magnoliopsida,Fagales,Betulaceae,Betula,Betula
Grossulariaceae,Plantae,Tracheophyta,Magnoliopsida,Saxifragales,Grossulariaceae,Grossulariaceae,Grossulariaceae
Populus grandidentata-type,Plantae,Tracheophyta,Magnoliopsida,Malpighiales,Salicaceae,Populus,Populus
Coptis,Plantae,Tracheophyta,Magnoliopsida,Ranunculales,Ranunculaceae,Coptis,Coptis
Fritillaria,Animalia,Chordata,Copelata,Fritillariidae,Fritillaria,Fritillaria,Fritillaria
Fritillaria,Plantae,Tracheophyta,Liliopsida,Liliales,Liliaceae,Fritillaria,Fritillaria
Populus cf. P. tremuloides,Plantae,Tracheophyta,Magnoliopsida,Malpighiales,Salicaceae,Populus,Populus
Thuja,Plantae,Tracheophyta,Pinopsida,Pinales,Cupressaceae,Thuja,Thuja
Conioselinum,Plantae,Tracheophyta,Magnoliopsida,Apiales,Apiaceae,Conioselinum,Conioselinum
Valeriana sitchensis,Plantae,Tracheophyta,Magnoliopsida,Dipsacales,Caprifoliaceae,Valeriana,Valeriana sitchensis
Rosaceae (>20 µm),Plantae,Tracheophyta,Magnoliopsida,Rosales,Rosaceae,Rosaceae,Rosaceae
Rosaceae (<20 µm),Plantae,Tracheophyta,Magnoliopsida,Rosales,Rosaceae,Rosaceae,Rosaceae
Rosaceae cf. Holodiscus,Plantae,Tracheophyta,Magnoliopsida,Rosales,Rosaceae,Rosaceae,Rosaceae
Vaccinium uliginosum-type,Plantae,Tracheophyta,Magnoliopsida,Ericales,Ericaceae,Vaccinium,Vaccinium
Comptonia peregrina,Plantae,Tracheophyta,Magnoliopsida,Fagales,Myricaceae,Comptonia,Comptonia peregrina
Viburnum alnifolium,Plantae,Tracheophyta,Magnoliopsida,Dipsacales,Viburnaceae,Viburnum,Viburnum lantanoides
Batis,Animalia,Chordata,Aves,Passeriformes,Platysteiridae,Batis,Batis
Batis,Plantae,Tracheophyta,Magnoliopsida,Brassicales,Bataceae,Batis,Batis
Collinsia,Animalia,Arthropoda,Arachnida,Araneae,Linyphiidae,Collinsia,Collinsia
Collinsia,Plantae,Tracheophyta,Magnoliopsida,Lamiales,Plantaginaceae,Collinsia,Collinsia
Heliantheae undiff.,Plantae,Tracheophyta,Magnoliopsida,Asterales,Asteraceae,Heliantheae,Heliantheae
Acer cf. A. pensylvanicum,Plantae,Tracheophyta,Magnoliopsida,Sapindales,Sapindaceae,Acer,Acer
Frangula purshiana-type,Plantae,Tracheophyta,Magnoliopsida,Rosales,Rhamnaceae,Frangula,Frangula
Pinus contorta/P. ponderosa,Plantae,Tracheophyta,Pinopsida,Pinales,Pinaceae,Pinus,Pinus
Pinus monticola/P. albicaulis,Plantae,Tracheophyta,Pinopsida,Pinales,Pinaceae,Pinus,Pinus
Populus trichocarpa-type,Plantae,Tracheophyta,Magnoliopsida,Malpighiales,Salicaceae,Populus,Populus
Prunus cf. P. serotina,Plantae,Tracheophyta,Magnoliopsida,Rosales,Rosaceae,Prunus,Prunus
Thuja plicata-type,Plantae,Tracheophyta,Pinopsida,Pinales,Cupressaceae,Thuja,Thuja
Cannabaceae cf. Humulus,Plantae,Tracheophyta,Magnoliopsida,Rosales,Cannabaceae,Cannabaceae,Cannabaceae
Ranunculaceae cf. Aconitum,Plantae,Tracheophyta,Magnoliopsida,Ranunculales,Ranunculaceae,Ranunculaceae,Ranunculaceae
Rosaceae cf. Adenostoma,Plantae,Tracheophyta,Magnoliopsida,Rosales,Rosaceae,Rosaceae,Rosaceae
Betula (>20 µm),Plantae,Tracheophyta,Magnoliopsida,Fagales,Betulaceae,Betula,Betula
Betula (<20 µm),Plantae,Tracheophyta,Magnoliopsida,Fagales,Betulaceae,Betula,Betula
Acer cf. A. glabrum,Plantae,Tracheophyta,Magnoliopsida,Sapindales,Sapindaceae,Acer,Acer
Plectritis,Plantae,Tracheophyta,Magnoliopsida,Dipsacales,Caprifoliaceae,Plectritis,Plectritis
Quercus garryana,Plantae,Tracheophyta,Magnoliopsida,Fagales,Fagaceae,Quercus,Quercus garryana
Betula papyrifera,Plantae,Tracheophyta,Magnoliopsida,Fagales,Betulaceae,Betula,Betula papyrifera
Morus rubra,Plantae,Tracheophyta,Magnoliopsida,Rosales,Moraceae,Morus,Morus rubra
Pinus resinosa,Plantae,Tracheophyta,Pinopsida,Pinales,Pinaceae,Pinus,Pinus resinosa
Araliaceae,Plantae,Tracheophyta,Magnoliopsida,Apiales,Araliaceae,Araliaceae,Araliaceae
Bumelia,Plantae,Tracheophyta,Magnoliopsida,Ericales,Sapotaceae,Sideroxylon,Sideroxylon
Cecropia,Plantae,Tracheophyta,Magnoliopsida,Rosales,Urticaceae,Cecropia,Cecropia
Eugenia,Animalia,Arthropoda,Insecta,Diptera,Tachinidae,Eugenia,Eugenia
Eugenia,Plantae,Tracheophyta,Magnoliopsida,Myrtales,Myrtaceae,Eugenia,Eugenia
Myrsine,Plantae,Tracheophyta,Magnoliopsida,Ericales,Primulaceae,Myrsine,Myrsine
Pinus clausa-type,Plantae,Tracheophyta,Pinopsida,Pinales,Pinaceae,Pinus,Pinus
Brassicaceae cf. Brassica,Plantae,Tracheophyta,Magnoliopsida,Brassicales,Brassicaceae,Brassicaceae,Brassicaceae
Campanula aparinoides-type,Plantae,Tracheophyta,Magnoliopsida,Asterales,Campanulaceae,Campanula,Campanula
Koenigia alaskana,Plantae,Tracheophyta,Magnoliopsida,Caryophyllales,Polygonaceae,Koenigia,Koenigia lapathifolia
Comandra,Plantae,Tracheophyta,Magnoliopsida,Santalales,Comandraceae,Comandra,Comandra
Lysimachia quadriflora-type,Plantae,Tracheophyta,Magnoliopsida,Ericales,Primulaceae,Lysimachia,Lysimachia
Ribes aureum,Plantae,Tracheophyta,Magnoliopsida,Saxifragales,Grossulariaceae,Ribes,Ribes aureum
Boerhavia,Plantae,Tracheophyta,Magnoliopsida,Caryophyllales,Nyctaginaceae,Boerhavia,Boerhavia
Diospyros,Plantae,Tracheophyta,Magnoliopsida,Ericales,Ebenaceae,Diospyros,Diospyros
Styloceras,Chromista,Ochrophyta,Chrysophyceae,Hibberdiales,Stylococcaceae,Styloceras,Styloceras
Styloceras,Plantae,Tracheophyta,Magnoliopsida,Buxales,Buxaceae,Styloceras,Styloceras
Viscaceae sensu stricto undiff.,Plantae,Tracheophyta,Magnoliopsida,Santalales,Viscaceae,Viscaceae,Viscaceae
Alnus rhombifolia-type,Plantae,Tracheophyta,Magnoliopsida,Fagales,Betulaceae,Alnus,Alnus
Fraxinus latifolia-type,Plantae,Tracheophyta,Magnoliopsida,Lamiales,Oleaceae,Fraxinus,Fraxinus
Triantha glutinosa,Plantae,Tracheophyta,Liliopsida,Alismatales,Tofieldiaceae,Triantha,Triantha glutinosa
Parthenocissus vitacea,Plantae,Tracheophyta,Magnoliopsida,Vitales,Vitaceae,Parthenocissus,Parthenocissus inserta
Boehmeria,Plantae,Tracheophyta,Magnoliopsida,Rosales,Urticaceae,Boehmeria,Boehmeria
Picea rubens-type,Plantae,Tracheophyta,Pinopsida,Pinales,Pinaceae,Picea,Picea
Acer rubrum-type,Plantae,Tracheophyta,Magnoliopsida,Sapindales,Sapindaceae,Acer,Acer
Magnolia virginiana-type,Plantae,Tracheophyta,Magnoliopsida,Magnoliales,Magnoliaceae,Magnolia,Magnolia
Combretaceae,Plantae,Tracheophyta,Magnoliopsida,Myrtales,Combretaceae,Combretaceae,Combretaceae
Pinus rigida,Plantae,Tracheophyta,Pinopsida,Pinales,Pinaceae,Pinus,Pinus rigida
Acer saccharum/A. nigrum,Plantae,Tracheophyta,Magnoliopsida,Sapindales,Sapindaceae,Acer,Acer
Acer spicatum-type,Plantae,Tracheophyta,Magnoliopsida,Sapindales,Sapindaceae,Acer,Acer
Physocarpus,Plantae,Tracheophyta,Magnoliopsida,Rosales,Rosaceae,Physocarpus,Physocarpus
Pinus rigida-type,Plantae,Tracheophyta,Pinopsida,Pinales,Pinaceae,Pinus,Pinus
Acer sp.,Plantae,Tracheophyta,Magnoliopsida,Sapindales,Sapindaceae,Acer,Acer
Ptelea trifoliata,Plantae,Tracheophyta,Magnoliopsida,Sapindales,Rutaceae,Ptelea,Ptelea trifoliata
Cucurbita,Plantae,Tracheophyta,Magnoliopsida,Cucurbitales,Cucurbitaceae,Cucurbita,Cucurbita
Cucurbita,Chromista,Foraminifera,Tubothalamea,Miliolida,Milioliporidae,Cucurbita,Cucurbita
Rhexia,Animalia,Arthropoda,Insecta,Hemiptera,Membracidae,Rhexia,Rhexia
Rhexia,Plantae,Tracheophyta,Magnoliopsida,Myrtales,Melastomataceae,Rhexia,Rhexia
Pinus subg. Pinus (large),Plantae,Tracheophyta,Pinopsida,Pinales,Pinaceae,Pinus,Pinus
Pinus subg. Pinus (small),Plantae,Tracheophyta,Pinopsida,Pinales,Pinaceae,Pinus,Pinus
Planera,Plantae,Tracheophyta,Magnoliopsida,Rosales,Ulmaceae,Planera,Planera
Cassiope tetragona-type,Plantae,Tracheophyta,Magnoliopsida,Ericales,Ericaceae,Cassiope,Cassiope
Cassiope tetragona-type,Animalia,Mollusca,Gastropoda,Cassiopidae,Cassiope,Cassiope,Cassiope
Oplopanax,Plantae,Tracheophyta,Magnoliopsida,Apiales,Araliaceae,Oplopanax,Oplopanax
Agrostis,Plantae,Tracheophyta,Liliopsida,Poales,Poaceae,Agrostis,Agrostis
Araceae undiff.,Plantae,Tracheophyta,Liliopsida,Alismatales,Araceae,Araceae,Araceae
Chimaphila,Plantae,Tracheophyta,Magnoliopsida,Ericales,Ericaceae,Chimaphila,Chimaphila
Chimaphila,Animalia,Arthropoda,Insecta,Lepidoptera,Geometridae,Chimaphila,Chimaphila
Poa,Plantae,Tracheophyta,Liliopsida,Poales,Poaceae,Poa,Poa
Apiaceae (coarse reticulate),Plantae,Tracheophyta,Magnoliopsida,Apiales,Apiaceae,Apiaceae,Apiaceae
"Apiaceae (medium, slender)",Plantae,Tracheophyta,Magnoliopsida,Apiales,Apiaceae,Apiaceae,Apiaceae
"Ericaceae (large, round)",Plantae,Tracheophyta,Magnoliopsida,Ericales,Ericaceae,Ericaceae,Ericaceae
"Ericaceae (large, triangular)",Plantae,Tracheophyta,Magnoliopsida,Ericales,Ericaceae,Ericaceae,Ericaceae
"Ericaceae (medium, soccer ball)",Plantae,Tracheophyta,Magnoliopsida,Ericales,Ericaceae,Ericaceae,Ericaceae
"Ericaceae (small, round)",Plantae,Tracheophyta,Magnoliopsida,Ericales,Ericaceae,Ericaceae,Ericaceae
"Ericaceae (small, triangular)",Plantae,Tracheophyta,Magnoliopsida,Ericales,Ericaceae,Ericaceae,Ericaceae
Betula (large),Plantae,Tracheophyta,Magnoliopsida,Fagales,Betulaceae,Betula,Betula
Abies sp.,Plantae,Tracheophyta,Pinopsida,Pinales,Pinaceae,Abies,Abies
Picea sp.,Plantae,Tracheophyta,Pinopsida,Pinales,Pinaceae,Picea,Picea
Salix sp.,Plantae,Tracheophyta,Magnoliopsida,Malpighiales,Salicaceae,Salix,Salix
Taxaceae,Plantae,Tracheophyta,Pinopsida,Pinales,Taxaceae,Taxaceae,Taxaceae
Coptis trifolia,Plantae,Tracheophyta,Magnoliopsida,Ranunculales,Ranunculaceae,Coptis,Coptis trifolia
Epilobium palustre,Plantae,Tracheophyta,Magnoliopsida,Myrtales,Onagraceae,Epilobium,Epilobium palustre
Scutellaria galericulata,Plantae,Tracheophyta,Magnoliopsida,Lamiales,Lamiaceae,Scutellaria,Scutellaria galericulata
Pinus indet.,Plantae,Tracheophyta,Pinopsida,Pinales,Pinaceae,Pinus,Pinus
Valerianaceae undiff.,Plantae,Tracheophyta,Magnoliopsida,Dipsacales,Valerianaceae,Valerianaceae,Valerianaceae
Erythranthe guttata,Plantae,Tracheophyta,Magnoliopsida,Lamiales,Phrymaceae,Erythranthe,Erythranthe guttata
Andromeda polifolia var. latifolia,Plantae,Tracheophyta,Magnoliopsida,Ericales,Ericaceae,Andromeda,Andromeda polifolia
Cupressaceae cf. Thuja occidentalis,Plantae,Tracheophyta,Pinopsida,Pinales,Cupressaceae,Cupressaceae,Cupressaceae
Prunus serotina,Plantae,Tracheophyta,Magnoliopsida,Rosales,Rosaceae,Prunus,Prunus serotina
Rhododendron canadense,Plantae,Tracheophyta,Magnoliopsida,Ericales,Ericaceae,Rhododendron,Rhododendron canadense
Vaccinium angustifolium-type,Plantae,Tracheophyta,Magnoliopsida,Ericales,Ericaceae,Vaccinium,Vaccinium
Vaccinium oxycoccos,Plantae,Tracheophyta,Magnoliopsida,Ericales,Ericaceae,Vaccinium,Vaccinium oxycoccos
Vaccinium undiff.,Plantae,Tracheophyta,Magnoliopsida,Ericales,Ericaceae,Vaccinium,Vaccinium
Ilex verticillata,Plantae,Tracheophyta,Magnoliopsida,Aquifoliales,Aquifoliaceae,Ilex,Ilex verticillata
Lyonia,Plantae,Tracheophyta,Magnoliopsida,Ericales,Ericaceae,Lyonia,Lyonia
Lyonia,Animalia,Brachiopoda,Monticuliferidae,Lyonia,Lyonia,Lyonia,Lyonia
Sanguinaria canadensis,Plantae,Tracheophyta,Magnoliopsida,Ranunculales,Papaveraceae,Sanguinaria,Sanguinaria canadensis
Toxicodendron,Plantae,Tracheophyta,Magnoliopsida,Sapindales,Anacardiaceae,Toxicodendron,Toxicodendron
Cassia,Plantae,Tracheophyta,Magnoliopsida,Fabales,Fabaceae,Cassia,Cassia
Fabaceae (reticulate),Plantae,Tracheophyta,Magnoliopsida,Fabales,Fabaceae,Fabaceae,Fabaceae
Hibiscus,Plantae,Tracheophyta,Magnoliopsida,Malvales,Malvaceae,Hibiscus,Hibiscus
Cucurbitaceae,Plantae,Tracheophyta,Magnoliopsida,Cucurbitales,Cucurbitaceae,Cucurbitaceae,Cucurbitaceae
Bromus hordeaceus-type,Plantae,Tracheophyta,Liliopsida,Poales,Poaceae,Bromus,Bromus
Pinus haploxylon,Plantae,Tracheophyta,Pinopsida,Pinales,Pinaceae,Pinus,Pinus
Orontium,Plantae,Tracheophyta,Liliopsida,Alismatales,Araceae,Orontium,Orontium
Asteraceae indet.,Plantae,Tracheophyta,Magnoliopsida,Asterales,Asteraceae,Asteraceae,Asteraceae
Baccharis,Plantae,Tracheophyta,Magnoliopsida,Asterales,Asteraceae,Baccharis,Baccharis
Chaenactis,Plantae,Tracheophyta,Magnoliopsida,Asterales,Asteraceae,Chaenactis,Chaenactis
Ambrosia sp.,Plantae,Tracheophyta,Magnoliopsida,Asterales,Asteraceae,Ambrosia,Ambrosia
Rumex mexicanus,Plantae,Tracheophyta,Magnoliopsida,Caryophyllales,Polygonaceae,Rumex,Rumex triangulivalvis
Microsteris,Plantae,Tracheophyta,Magnoliopsida,Ericales,Polemoniaceae,Microsteris,Microsteris
Dryas integrifolia,Plantae,Tracheophyta,Magnoliopsida,Rosales,Rosaceae,Dryas,Dryas integrifolia
Rhus typhina,Plantae,Tracheophyta,Magnoliopsida,Sapindales,Anacardiaceae,Rhus,Rhus typhina
Mentha arvensis,Plantae,Tracheophyta,Magnoliopsida,Lamiales,Lamiaceae,Mentha,Mentha arvensis
Micranthes cf. M. punctata,Plantae,Tracheophyta,Magnoliopsida,Saxifragales,Saxifragaceae,Micranthes,Micranthes
Rubus cf. R. chamaemorus,Plantae,Tracheophyta,Magnoliopsida,Rosales,Rosaceae,Rubus,Rubus
Betula (20-25 µm),Plantae,Tracheophyta,Magnoliopsida,Fagales,Betulaceae,Betula,Betula
Betula (>25 µm),Plantae,Tracheophyta,Magnoliopsida,Fagales,Betulaceae,Betula,Betula
Nitraria,Plantae,Tracheophyta,Magnoliopsida,Sapindales,Nitrariaceae,Nitraria,Nitraria
Tamaricaceae,Plantae,Tracheophyta,Magnoliopsida,Caryophyllales,Tamaricaceae,Tamaricaceae,Tamaricaceae
Alnus hirsuta,Plantae,Tracheophyta,Magnoliopsida,Fagales,Betulaceae,Alnus,Alnus hirsuta
Alnus viridis subsp. fruticosa,Plantae,Tracheophyta,Magnoliopsida,Fagales,Betulaceae,Alnus,Alnus alnobetula
Betula nana subsp. exilis,Plantae,Tracheophyta,Magnoliopsida,Fagales,Betulaceae,Betula,Betula glandulosa
Betula pendula subsp. mandshurica,Plantae,Tracheophyta,Magnoliopsida,Fagales,Betulaceae,Betula,Betula pendula
Chrozophora tinctoria,Plantae,Tracheophyta,Magnoliopsida,Malpighiales,Euphorbiaceae,Chrozophora,Chrozophora tinctoria
Larix gmelinii,Plantae,Tracheophyta,Pinopsida,Pinales,Pinaceae,Larix,Larix gmelinii
Phlox sibirica,Plantae,Tracheophyta,Magnoliopsida,Ericales,Polemoniaceae,Phlox,Phlox sibirica
Picea obovata,Plantae,Tracheophyta,Pinopsida,Pinales,Pinaceae,Picea,Picea obovata
Haloragis,Plantae,Tracheophyta,Magnoliopsida,Saxifragales,Haloragaceae,Haloragis,Haloragis
Quercus sect. Cyclobalanopsis,Plantae,Tracheophyta,Magnoliopsida,Fagales,Fagaceae,Quercus,Quercus
Quercus subg. Quercus,Plantae,Tracheophyta,Magnoliopsida,Fagales,Fagaceae,Quercus,Quercus
Carpinus tschonoskii,Plantae,Tracheophyta,Magnoliopsida,Fagales,Betulaceae,Carpinus,Carpinus tschonoskii
Fagus crenata,Plantae,Tracheophyta,Magnoliopsida,Fagales,Fagaceae,Fagus,Fagus crenata
Fagus japonica,Plantae,Tracheophyta,Magnoliopsida,Fagales,Fagaceae,Fagus,Fagus japonica
Mallotus,Animalia,Chordata,Osmeriformes,Osmeridae,Mallotus,Mallotus,Mallotus
Mallotus,Plantae,Tracheophyta,Magnoliopsida,Malpighiales,Euphorbiaceae,Mallotus,Mallotus
Phellodendron,Plantae,Tracheophyta,Magnoliopsida,Sapindales,Rutaceae,Phellodendron,Phellodendron
Weigela,Plantae,Tracheophyta,Magnoliopsida,Dipsacales,Caprifoliaceae,Weigela,Weigela
Reynoutria,Plantae,Tracheophyta,Magnoliopsida,Caryophyllales,Polygonaceae,Reynoutria,Reynoutria
Skimmia,Plantae,Tracheophyta,Magnoliopsida,Sapindales,Rutaceae,Skimmia,Skimmia
Dacrydium,Animalia,Mollusca,Bivalvia,Mytilida,Mytilidae,Dacrydium,Dacrydium
Dacrydium,Plantae,Tracheophyta,Pinopsida,Pinales,Podocarpaceae,Dacrydium,Dacrydium
Koenigia sect. Aconogonon,Plantae,Tracheophyta,Magnoliopsida,Caryophyllales,Polygonaceae,Koenigia,Koenigia
Lythraceae,Plantae,Tracheophyta,Magnoliopsida,Myrtales,Lythraceae,Lythraceae,Lythraceae
Tsuga diversifolia,Plantae,Tracheophyta,Pinopsida,Pinales,Pinaceae,Tsuga,Tsuga diversifolia
Betula costata,Plantae,Tracheophyta,Magnoliopsida,Fagales,Betulaceae,Betula,Betula costata
Betula dahurica,Plantae,Tracheophyta,Magnoliopsida,Fagales,Betulaceae,Betula,Betula dahurica
Betula ermanii,Plantae,Tracheophyta,Magnoliopsida,Fagales,Betulaceae,Betula,Betula ermanii
Betula schmidtii,Plantae,Tracheophyta,Magnoliopsida,Fagales,Betulaceae,Betula,Betula schmidtii
Pinus koraiensis,Plantae,Tracheophyta,Pinopsida,Pinales,Pinaceae,Pinus,Pinus koraiensis
Polygonum sect. Polygonum,Plantae,Tracheophyta,Magnoliopsida,Caryophyllales,Polygonaceae,Polygonum,Polygonum
Astragalus onobrychis-type,Plantae,Tracheophyta,Magnoliopsida,Fabales,Fabaceae,Astragalus,Astragalus
Eremurus,Plantae,Tracheophyta,Liliopsida,Asparagales,Asphodelaceae,Eremurus,Eremurus
Primula farinosa-type (large),Plantae,Tracheophyta,Magnoliopsida,Ericales,Primulaceae,Primula,Primula
Pterocarya fraxinifolia,Plantae,Tracheophyta,Magnoliopsida,Fagales,Juglandaceae,Pterocarya,Pterocarya fraxinifolia
Rheum officinale,Plantae,Tracheophyta,Magnoliopsida,Caryophyllales,Polygonaceae,Rheum,Rheum officinale
Claytonia arctica,Plantae,Tracheophyta,Magnoliopsida,Caryophyllales,Montiaceae,Claytonia,Claytonia arctica
Claytonia undiff.,Plantae,Tracheophyta,Magnoliopsida,Caryophyllales,Montiaceae,Claytonia,Claytonia
Pinus sibirica,Plantae,Tracheophyta,Pinopsida,Pinales,Pinaceae,Pinus,Pinus sibirica
Ulmus sp.,Plantae,Tracheophyta,Magnoliopsida,Rosales,Ulmaceae,Ulmus,Ulmus
Claytonia sarmentosa,Plantae,Tracheophyta,Magnoliopsida,Caryophyllales,Montiaceae,Claytonia,Claytonia sarmentosa
Claytoniella vassilievii,Plantae,Tracheophyta,Magnoliopsida,Caryophyllales,Montiaceae,Montia,Montia vassilievii
Betula cf. B. fruticosa,Plantae,Tracheophyta,Magnoliopsida,Fagales,Betulaceae,Betula,Betula
Betula cf. B. pendula,Plantae,Tracheophyta,Magnoliopsida,Fagales,Betulaceae,Betula,Betula
Patrinia,Plantae,Tracheophyta,Magnoliopsida,Dipsacales,Caprifoliaceae,Patrinia,Patrinia
Ulmus undiff.,Plantae,Tracheophyta,Magnoliopsida,Rosales,Ulmaceae,Ulmus,Ulmus
Abies sibirica,Plantae,Tracheophyta,Pinopsida,Pinales,Pinaceae,Abies,Abies sibirica
Alnus hirsuta-type,Plantae,Tracheophyta,Magnoliopsida,Fagales,Betulaceae,Alnus,Alnus
Aquilegia undiff.,Plantae,Tracheophyta,Magnoliopsida,Ranunculales,Ranunculaceae,Aquilegia,Aquilegia
Bergenia crassifolia,Plantae,Tracheophyta,Magnoliopsida,Saxifragales,Saxifragaceae,Bergenia,Bergenia crassifolia
Betula fruticosa,Plantae,Tracheophyta,Magnoliopsida,Fagales,Betulaceae,Betula,Betula fruticosa
Pedicularis oederi-type,Plantae,Tracheophyta,Magnoliopsida,Lamiales,Orobanchaceae,Pedicularis,Pedicularis
Saxifraga hirsuta,Plantae,Tracheophyta,Magnoliopsida,Saxifragales,Saxifragaceae,Saxifraga,Saxifraga hirsuta
Acanthaceae,Plantae,Tracheophyta,Magnoliopsida,Lamiales,Acanthaceae,Acanthaceae,Acanthaceae
Adenophora,Animalia,Arthropoda,Insecta,Diptera,Phoridae,Adenophora,Adenophora
Adenophora,Plantae,Tracheophyta,Magnoliopsida,Asterales,Campanulaceae,Adenophora,Adenophora
Alangium,Plantae,Tracheophyta,Magnoliopsida,Cornales,Cornaceae,Alangium,Alangium
Aporosa,Plantae,Tracheophyta,Magnoliopsida,Malpighiales,Phyllanthaceae,Aporosa,Aporosa
Biebersteinia,Plantae,Tracheophyta,Magnoliopsida,Sapindales,Biebersteiniaceae,Biebersteinia,Biebersteinia
Bignoniaceae undiff.,Plantae,Tracheophyta,Magnoliopsida,Lamiales,Bignoniaceae,Bignoniaceae,Bignoniaceae
Catalpa,Plantae,Tracheophyta,Magnoliopsida,Lamiales,Bignoniaceae,Catalpa,Catalpa
Celastraceae,Plantae,Tracheophyta,Magnoliopsida,Celastrales,Celastraceae,Celastraceae,Celastraceae
Engelhardia,Plantae,Tracheophyta,Magnoliopsida,Fagales,Juglandaceae,Engelhardia,Engelhardia
Garcinia,Plantae,Tracheophyta,Magnoliopsida,Malpighiales,Clusiaceae,Garcinia,Garcinia
Gesneriaceae,Plantae,Tracheophyta,Magnoliopsida,Lamiales,Gesneriaceae,Gesneriaceae,Gesneriaceae
Illicium,Plantae,Tracheophyta,Magnoliopsida,Austrobaileyales,Schisandraceae,Illicium,Illicium
Lauraceae,Plantae,Tracheophyta,Magnoliopsida,Laurales,Lauraceae,Lauraceae,Lauraceae
Melastomataceae,Plantae,Tracheophyta,Magnoliopsida,Myrtales,Melastomataceae,Melastomataceae,Melastomataceae
Meliaceae undiff.,Plantae,Tracheophyta,Magnoliopsida,Sapindales,Meliaceae,Meliaceae,Meliaceae
Morina,Plantae,Tracheophyta,Magnoliopsida,Dipsacales,Caprifoliaceae,Morina,Morina
Phyllanthus,Animalia,Chordata,Aves,Passeriformes,Leiothrichidae,Phyllanthus,Phyllanthus
Phyllanthus,Plantae,Tracheophyta,Magnoliopsida,Malpighiales,Phyllanthaceae,Phyllanthus,Phyllanthus
Platycarya,Plantae,Tracheophyta,Magnoliopsida,Fagales,Juglandaceae,Platycarya,Platycarya
Polygonum sp.,Plantae,Tracheophyta,Magnoliopsida,Caryophyllales,Polygonaceae,Polygonum,Polygonum
Pseudolarix,Plantae,Tracheophyta,Pinopsida,Pinales,Pinaceae,Pseudolarix,Pseudolarix
Reevesia,Plantae,Tracheophyta,Magnoliopsida,Malvales,Malvaceae,Reevesia,Reevesia
Salicaceae undiff.,Plantae,Tracheophyta,Magnoliopsida,Malpighiales,Salicaceae,Salicaceae,Salicaceae
Schisandra,Plantae,Tracheophyta,Magnoliopsida,Austrobaileyales,Schisandraceae,Schisandra,Schisandra
Styracaceae,Plantae,Tracheophyta,Magnoliopsida,Ericales,Styracaceae,Styracaceae,Styracaceae
Tetracentron,Plantae,Tracheophyta,Magnoliopsida,Trochodendrales,Trochodendraceae,Tetracentron,Tetracentron
Tournefortia,Plantae,Tracheophyta,Magnoliopsida,Boraginales,Heliotropiaceae,Tournefortia,Tournefortia
Tsuga dumosa,Plantae,Tracheophyta,Pinopsida,Pinales,Pinaceae,Tsuga,Tsuga dumosa
Alnus viridis subsp. fruticosa-type,Plantae,Tracheophyta,Magnoliopsida,Fagales,Betulaceae,Alnus,Alnus alnobetula
Pinus pumila,Plantae,Tracheophyta,Pinopsida,Pinales,Pinaceae,Pinus,Pinus pumila
Ephedra alata-type,Plantae,Tracheophyta,Gnetopsida,Ephedrales,Ephedraceae,Ephedra,Ephedra
Ephedra sp.,Plantae,Tracheophyta,Gnetopsida,Ephedrales,Ephedraceae,Ephedra,Ephedra
Haplophyllum,Animalia,Arthropoda,Diplopoda,Julida,Julidae,Haplophyllum,Haplophyllum
Haplophyllum,Plantae,Tracheophyta,Magnoliopsida,Sapindales,Rutaceae,Haplophyllum,Haplophyllum
Parrotia persica,Plantae,Tracheophyta,Magnoliopsida,Saxifragales,Hamamelidaceae,Parrotia,Parrotia persica
Polygonum aviculare/Bistorta officinalis-type,Plantae,Tracheophyta,Magnoliopsida,Caryophyllales,Polygonaceae,Polygonum,Polygonum
Rubiaceae (hexacolpate),Plantae,Tracheophyta,Magnoliopsida,Gentianales,Rubiaceae,Rubiaceae,Rubiaceae
Betula pubescens var. pumila,Plantae,Tracheophyta,Magnoliopsida,Fagales,Betulaceae,Betula,Betula pubescens
Atraphaxis,Plantae,Tracheophyta,Magnoliopsida,Caryophyllales,Polygonaceae,Atraphaxis,Atraphaxis
Bongardia,Plantae,Tracheophyta,Magnoliopsida,Ranunculales,Berberidaceae,Bongardia,Bongardia
Cephalaria,Plantae,Tracheophyta,Magnoliopsida,Dipsacales,Caprifoliaceae,Cephalaria,Cephalaria
Datisca cannabina,Plantae,Tracheophyta,Magnoliopsida,Cucurbitales,Datiscaceae,Datisca,Datisca cannabina
Gentiana olivieri-type,Plantae,Tracheophyta,Magnoliopsida,Gentianales,Gentianaceae,Gentiana,Gentiana
Hypericum hirtellum var. assyriacum-type,Plantae,Tracheophyta,Magnoliopsida,Malpighiales,Hypericaceae,Hypericum,Hypericum hirtellum
Leontice leontopetalum,Plantae,Tracheophyta,Magnoliopsida,Ranunculales,Berberidaceae,Leontice,Leontice leontopetalum
Malabaila,Plantae,Tracheophyta,Magnoliopsida,Apiales,Apiaceae,Grafia,Grafia
Malabaila,Plantae,Tracheophyta,Magnoliopsida,Apiales,Apiaceae,Grafia,Grafia
Malabaila,Plantae,Tracheophyta,Magnoliopsida,Apiales,Apiaceae,Pastinaca,Pastinaca
Malabaila,Plantae,Tracheophyta,Magnoliopsida,Apiales,Apiaceae,Pastinaca,Pastinaca
Plantago ovata-type,Plantae,Tracheophyta,Magnoliopsida,Lamiales,Plantaginaceae,Plantago,Plantago
Psylliostachys,Plantae,Tracheophyta,Magnoliopsida,Caryophyllales,Plumbaginaceae,Psylliostachys,Psylliostachys
Psylliostachys spicata-type,Plantae,Tracheophyta,Magnoliopsida,Caryophyllales,Plumbaginaceae,Psylliostachys,Psylliostachys
Ranunculus asiaticus-type,Plantae,Tracheophyta,Magnoliopsida,Ranunculales,Ranunculaceae,Ranunculus,Ranunculus
Rumex cyprius-type,Plantae,Tracheophyta,Magnoliopsida,Caryophyllales,Polygonaceae,Rumex,Rumex
Rumex patientia-type,Plantae,Tracheophyta,Magnoliopsida,Caryophyllales,Polygonaceae,Rumex,Rumex
Podocarpaceae,Plantae,Tracheophyta,Pinopsida,Pinales,Podocarpaceae,Podocarpaceae,Podocarpaceae
Polygonaceae (excluding Rumex),Plantae,Tracheophyta,Magnoliopsida,Caryophyllales,Polygonaceae,Polygonaceae,Polygonaceae
Ranunculaceae cf. Anemone/Caltha,Plantae,Tracheophyta,Magnoliopsida,Ranunculales,Ranunculaceae,Ranunculaceae,Ranunculaceae
Hedysarum hedysaroides,Plantae,Tracheophyta,Magnoliopsida,Fabales,Fabaceae,Hedysarum,Hedysarum hedysaroides
Delphinium elatum,Plantae,Tracheophyta,Magnoliopsida,Ranunculales,Ranunculaceae,Delphinium,Delphinium elatum
Silene suecica-type,Plantae,Tracheophyta,Magnoliopsida,Caryophyllales,Caryophyllaceae,Silene,Silene
Quercus indet.,Plantae,Tracheophyta,Magnoliopsida,Fagales,Fagaceae,Quercus,Quercus
Quercus ithaburensis,Plantae,Tracheophyta,Magnoliopsida,Fagales,Fagaceae,Quercus,Quercus ithaburensis
Allium cf. A. sibiricum,Plantae,Tracheophyta,Liliopsida,Asparagales,Amaryllidaceae,Allium,Allium
Papaver radicatum-type,Plantae,Tracheophyta,Magnoliopsida,Ranunculales,Papaveraceae,Papaver,Papaver
Anthriscus,Plantae,Tracheophyta,Magnoliopsida,Apiales,Apiaceae,Anthriscus,Anthriscus
Biscutella,Plantae,Tracheophyta,Magnoliopsida,Brassicales,Brassicaceae,Biscutella,Biscutella
Centaurea alpina,Plantae,Tracheophyta,Magnoliopsida,Asterales,Asteraceae,Rhaponticoides,Rhaponticoides alpina
Omalotheca,Plantae,Tracheophyta,Magnoliopsida,Asterales,Asteraceae,Omalotheca,Omalotheca
Morus,Plantae,Tracheophyta,Magnoliopsida,Rosales,Moraceae,Morus,Morus
Trifolium repens-type,Plantae,Tracheophyta,Magnoliopsida,Fabales,Fabaceae,Trifolium,repens
Dryas,Plantae,Tracheophyta,Magnoliopsida,Rosales,Rosaceae,Dryas,Dryas
Hedera,Plantae,Tracheophyta,Magnoliopsida,Apiales,Araliaceae,Hedera,Hedera
Prunella,Plantae,Tracheophyta,Magnoliopsida,Lamiales,Lamiaceae,Prunella,Prunella
Trifolium,Plantae,Tracheophyta,Magnoliopsida,Fabales,Fabaceae,Trifolium,Trifolium
Trifolium pratense-type,Plantae,Tracheophyta,Magnoliopsida,Fabales,Fabaceae,Trifolium,pratense
Echinops,Plantae,Tracheophyta,Magnoliopsida,Asterales,Asteraceae,Echinops,Echinops
Olea,Plantae,Tracheophyta,Magnoliopsida,Lamiales,Oleaceae,Olea,Olea
Serratula,Plantae,Tracheophyta,Magnoliopsida,Asterales,Asteraceae,Serratula,Serratula
Iris,Plantae,Tracheophyta,Liliopsida,Asparagales,Iridaceae,Iris,Iris
Viola,Plantae,Tracheophyta,Magnoliopsida,Malpighiales,Violaceae,Viola,Viola
Chelidonium,Plantae,Tracheophyta,Magnoliopsida,Ranunculales,Papaveraceae,Chelidonium,Chelidonium
Erica tetralix-type,Plantae,Tracheophyta,Magnoliopsida,Ericales,Ericaceae,Erica,tetralix
Arenaria,Plantae,Tracheophyta,Magnoliopsida,Caryophyllales,Caryophyllaceae,Arenaria,Arenaria
Erica,Plantae,Tracheophyta,Magnoliopsida,Ericales,Ericaceae,Erica,Erica
Montia,Plantae,Tracheophyta,Magnoliopsida,Caryophyllales,Montiaceae,Montia,Montia
Galeopsis,Plantae,Tracheophyta,Magnoliopsida,Lamiales,Lamiaceae,Galeopsis,Galeopsis
Viola arvensis-type,Plantae,Tracheophyta,Magnoliopsida,Malpighiales,Violaceae,Viola,arvensis
Linaria,Plantae,Tracheophyta,Magnoliopsida,Lamiales,Plantaginaceae,Linaria,Linaria
Iris pseudacorus-type,Plantae,Tracheophyta,Liliopsida,Asparagales,Iridaceae,Iris,pseudacorus
Thesium,Plantae,Tracheophyta,Magnoliopsida,Santalales,Santalaceae,Thesium,Thesium
Stellaria undiff.,Plantae,Tracheophyta,Magnoliopsida,Caryophyllales,Caryophyllaceae,Stellaria,Stellaria
Hippocrepis,Plantae,Tracheophyta,Magnoliopsida,Fabales,Fabaceae,Hippocrepis,Hippocrepis
Hystrix,Plantae,Tracheophyta,Magnoliopsida,Poales,Poaceae,Elymus,Elymus
Stellaria cf. S. palustris,Plantae,Tracheophyta,Magnoliopsida,Caryophyllales,Caryophyllaceae,Stellaria,Stellaria
Stellaria,Plantae,Tracheophyta,Magnoliopsida,Caryophyllales,Caryophyllaceae,Stellaria,Stellaria
Stellaria cf. S. media,Plantae,Tracheophyta,Magnoliopsida,Caryophyllales,Caryophyllaceae,Stellaria,Stellaria
Listera,Plantae,Tracheophyta,Liliopsida,Asparagales,Orchidaceae,Neottia,Neottia
Falcaria vulgaris-type,Plantae,Tracheophyta,Magnoliopsida,Apiales,Apiaceae,Falcaria,vulgaris
Trifolium badium-type,Plantae,Tracheophyta,Magnoliopsida,Fabales,Fabaceae,Trifolium,badium
Erica arborea-type,Plantae,Tracheophyta,Magnoliopsida,Ericales,Ericaceae,Erica,arborea
Ficus,Plantae,Tracheophyta,Magnoliopsida,Rosales,Moraceae,Ficus,Ficus
Anemone sect. Hepatica,Plantae,Tracheophyta,Magnoliopsida,Ranunculales,Ranunculaceae,Anemone,Anemone
Trifolium alpinum-type,Plantae,Tracheophyta,Magnoliopsida,Fabales,Fabaceae,Trifolium,alpinum
Cryptomeria,Plantae,Tracheophyta,Pinopsida,Pinales,Cupressaceae,Cryptomeria,Cryptomeria
Lycopus,Plantae,Tracheophyta,Magnoliopsida,Lamiales,Lamiaceae,Lycopus,Lycopus
Stellaria holostea-type,Plantae,Tracheophyta,Magnoliopsida,Caryophyllales,Caryophyllaceae,Rabelera,holostea
Crepis,Plantae,Tracheophyta,Magnoliopsida,Asterales,Asteraceae,Crepis,Crepis
Erica ciliaris-type,Plantae,Tracheophyta,Magnoliopsida,Ericales,Ericaceae,Erica,ciliaris
Oenanthe fistulosa-type,Plantae,Tracheophyta,Magnoliopsida,Apiales,Apiaceae,Oenanthe,fistulosa
Viola canina-type,Plantae,Tracheophyta,Magnoliopsida,Malpighiales,Violaceae,Viola,canina
Morus alba-type,Plantae,Tracheophyta,Magnoliopsida,Rosales,Moraceae,Morus,alba
Paliurus,Plantae,Tracheophyta,Magnoliopsida,Rosales,Rhamnaceae,Paliurus,Paliurus
Trifolium undiff.,Plantae,Tracheophyta,Magnoliopsida,Fabales,Fabaceae,Trifolium,Trifolium
Globularia,Plantae,Tracheophyta,Magnoliopsida,Lamiales,Plantaginaceae,Globularia,Globularia
Viola tricolor-type,Plantae,Tracheophyta,Magnoliopsida,Malpighiales,Violaceae,Viola,tricolor
Trifolium striatum-type,Plantae,Tracheophyta,Magnoliopsida,Fabales,Fabaceae,Trifolium,striatum
Thymus,Plantae,Tracheophyta,Magnoliopsida,Lamiales,Lamiaceae,Thymus,Thymus
Erica cf. E. tetralix,Plantae,Tracheophyta,Magnoliopsida,Ericales,Ericaceae,Erica,tetralix
Erica australis-type,Plantae,Tracheophyta,Magnoliopsida,Ericales,Ericaceae,Erica,australis
Erica umbellata-type,Plantae,Tracheophyta,Magnoliopsida,Ericales,Ericaceae,Erica,umbellata
Erica undiff.,Plantae,Tracheophyta,Magnoliopsida,Ericales,Ericaceae,Erica,Erica
Montia fontana-type,Plantae,Tracheophyta,Magnoliopsida,Caryophyllales,Montiaceae,Montia,fontana
Arenaria serpyllifolia-type,Plantae,Tracheophyta,Magnoliopsida,Caryophyllales,Caryophyllaceae,Arenaria,serpyllifolia
Hedera helix-type,Plantae,Tracheophyta,Magnoliopsida,Apiales,Araliaceae,Hedera,helix
Crassula,Plantae,Tracheophyta,Magnoliopsida,Saxifragales,Crassulaceae,Crassula,Crassula
Falcaria,Plantae,Tracheophyta,Magnoliopsida,Apiales,Apiaceae,Falcaria,vulgaris
Smilax,Plantae,Tracheophyta,Liliopsida,Liliales,Smilacaceae,Smilax,Smilax
Viola odorata-type,Plantae,Tracheophyta,Magnoliopsida,Malpighiales,Violaceae,Viola,odorata
Erica scoparia-type,Plantae,Tracheophyta,Magnoliopsida,Ericales,Ericaceae,Erica,scoparia
Iris germanica-type,Plantae,Tracheophyta,Liliopsida,Asparagales,Iridaceae,Iris,Iris
Dracunculus,Plantae,Tracheophyta,Magnoliopsida,Alismatales,Araceae,Dracunculus,Dracunculus
Linnaea,Plantae,Tracheophyta,Magnoliopsida,Dipsacales,Caprifoliaceae,Linnaea,borealis
Trifolium montanum-type,Plantae,Tracheophyta,Magnoliopsida,Fabales,Fabaceae,Trifolium,montanum
Prunella vulgaris-type,Plantae,Tracheophyta,Magnoliopsida,Lamiales,Lamiaceae,Prunella,vulgaris
Cassiope,Plantae,Tracheophyta,Magnoliopsida,Ericales,Ericaceae,Cassiope,Cassiope
Douglasia,Plantae,Tracheophyta,Magnoliopsida,Ericales,Ericaceae,Douglasia,Douglasia
Mertensia,Plantae,Tracheophyta,Magnoliopsida,Boraginales,Boraginaceae,Mertensia,Mertensia
Lewisia,Plantae,Tracheophyta,Magnoliopsida,Saxifragales,Montiaceae,Lewisia,Lewisia
Amorpha,Plantae,Tracheophyta,Magnoliopsida,Fabales,Fabaceae,Amorpha,Amorpha
Gilia,Plantae,Tracheophyta,Magnoliopsida,Boraginales,Polemoniaceae,Gilia,Gilia
Robinia,Plantae,Tracheophyta,Magnoliopsida,Fabales,Fabaceae,Robinia,Robinia
Actaea,Plantae,Tracheophyta,Magnoliopsida,Ranunculales,Ranunculaceae,Actaea,Actaea
Morus rubra-type,Plantae,Tracheophyta,Magnoliopsida,Rosales,Moraceae,Morus,rubra
Fritillaria,Plantae,Tracheophyta,Liliopsida,Liliales,Liliaceae,Fritillaria,Fritillaria
Batis,Plantae,Tracheophyta,Magnoliopsida,Brassicales,Bataceae,Batis,Batis
Collinsia,Plantae,Tracheophyta,Magnoliopsida,Lamiales,Plantaginaceae,Collinsia,Collinsia
Eugenia,Plantae,Tracheophyta,Magnoliopsida,Myrtales,Myrtaceae,Eugenia,Eugenia
Rhexia,Plantae,Tracheophyta,Magnoliopsida,Myrtales,Melastomataceae,Rhexia,Rhexia
Cassiope tetragona-type,Plantae,Tracheophyta,Magnoliopsida,Ericales,Ericaceae,Cassiope,tetragona
Chimaphila,Plantae,Tracheophyta,Magnoliopsida,Ericales,Ericaceae,Chimaphila,Chimaphila
Lyonia,Plantae,Tracheophyta,Magnoliopsida,Ericales,Ericaceae,Lyonia,Lyonia
Mallotus,Plantae,Tracheophyta,Magnoliopsida,Malpighiales,Euphorbiaceae,Mallotus,Mallotus
Adenophora,Plantae,Tracheophyta,Magnoliopsida,Asterales,Campanulaceae,Adenophora,Adenophora
Phyllanthus,Plantae,Tracheophyta,Magnoliopsida,Malpighiales,Phyllanthaceae,Phyllanthus,Phyllanthus
Haplophyllum,Plantae,Tracheophyta,Magnoliopsida,Sapindales,Rutaceae,Haplophyllum,Haplophyllum
Asteroideae,Plantae,Tracheophyta,Magnoliopsida,Asterales,Asteraceae,Asteraceae,Asteraceae
Poaceae (Cerealia),Plantae,Tracheophyta,Liliopsida,Poales,Gramineae,Gramineae,Gramineae
Poaceae (Cerealia) undiff.,Plantae,Tracheophyta,Liliopsida,Poales,Gramineae,Gramineae,Gramineae
Oxyria,Plantae,Tracheophyta,Magnoliopsida,Caryophyllales,Polyganaceae,Oxyria,Oxyria
Asteroideae undiff.,Plantae,Tracheophyta,Mangnoliopsida,Asterales,Asteraceae,Asteraceae,Asteraceae
Anthemideae,Plantae,Tracheophyta,Mangnoliopsida,Asterales,Asterales,Asterales,Asterales
Asteroideae pro parte,Plantae,Tracheophyta,Mangnoliopsida,Asterales,Asteraceae,Asteraceae,Asteraceae
Coniferae undiff.,Plantae,Tracheophyta,Pinopsida,Pinales,Pinales,Pinales,Pinales
Asteroideae (coarse spine),Plantae,Tracheophyta,Mangnoliopsida,Asterales,Asteraceae,Asteraceae,Asteraceae
Asteroideae (large),Plantae,Tracheophyta,Mangnoliopsida,Asterales,Asteraceae,Asteraceae,Asteraceae
Dacrydium,Plantae,Tracheophyta,Pinopsida,Pinales,Podocarpaceae,Dacrydium,Dacrydium
Betula sect. Costatae,Plantae,Tracheophyta,Magnoliopsida,Fagales,Betulaceae,Betula,Betula
Parkinsonia,Plantae,Tracheophyta,Mangnoliopsida,Fabales,Fabaceae,Parkinsonia,Parkinsonia
Angelica archangelica-type,Plantae,Tracheophyta,Mangnoliopsida,Apiales,Apiaceae,Angelica,archangelica
Angelica palustris-type,Plantae,Tracheophyta,Mangnoliopsida,Apiales,Apiaceae,Angelica,palustris
Oxyria digyna-type,Plantae,Tracheophyta,Mangnoliopsida,Caryophyllales,Polygonaceae,Oxyria,digyna
Angelica,Plantae,Tracheophyta,Mangnoliopsida,Apiales,Apiaceae,Angelica,Angelica
Hudsonia,Plantae,Tracheophyta,Mangnoliopsida,Malvales,Cistaceae,Hudsonia,Hudsonia
Pinus subsect. Cembroides,Plantae,Tracheophyta,Pinopsida,Pinales,Pinaceae,Pinus,Pinus
Asteroideae (high spine),Plantae,Tracheophyta,Mangnoliopsida,Asterales,Asteraceae,Asteraceae,Asteraceae
Coniferae,Plantae,Tracheophyta,Pinopsida,Pinales,Pinales,Pinales,Pinales
