taxa,height
Abarema adenophora,0
Abarema jupunba,9.9
Abies alba,50
Abies amabilis,71.628
Abies balsamea,30.48
Abies bifolia,15
Abies bracteata,9.7536
Abies concolor,66.1416
Abies fraseri,29.8704
Abies grandis,78.3336
Abies lasiocarpa,46.6344
Abies magnifica,65.2272
Abies nordmanniana,30
Abies pinsapo,15
Abies procera,82.9056
Abies sachalinensis,22.5
Abuta panamensis,0
Abutilon theophrasti,1.2
Acacia anegadensis,7.9248
Acacia berlandieri,4.572
Acacia bonariensis,28
Acacia choriophylla,6.096
Acacia cochliacantha,7
Acacia colletioides,2.6
Acacia cornigera,8
Acacia dealbata,23.4
Acacia doratoxylon,12
Acacia farnesiana,13.716
Acacia floribunda,3.5
Acacia greggii,14.9352
Acacia gunnii,1
Acacia havilandiorum,4
Acacia loretensis,18
Acacia macracantha,11.5824
Acacia melanoceras,11
Acacia melanoxylon,32.5
Acacia muricata,18.288
Acacia oswaldii,6.5
Acacia picachensis,7
Acacia polyphylla,33.3
Acacia rigidula,7.9248
Acacia riparia,8
Acacia roemeriana,7.3152
Acacia rubida,7.25
Acacia suaveolens,2.4
Acacia tenuifolia,9.9
Acacia tortuosa,4.2672
Acacia usumacintensis,25
Acacia verniciflua,4.2
Acacia wilhelmiana,2.3
Acacia wrightii,10.9728
Acaciella angustissima,6
Acaena novae-zelandiae,0.2
Acaena ovina,0.57
Acalypha diversifolia,6
Acalypha macrostachya,7
Acalypha skutchii,4
Acalypha virginica,0.6
Acer barbatum,39.9288
Acer campestre,23.2
Acer circinatum,12.192
Acer glabrum,20.4216
Acer grandidentatum,22.86
Acer leucoderme,29.5656
Acer macrophyllum,48.768
Acer monspessulanum,11
Acer negundo,33.8328
Acer nigrum,35.9664
Acer opalus,12
Acer pensylvanicum,32.004
Acer platanoides,30
Acer pseudoplatanus,40
Acer rubrum,153.0096
Acer saccharinum,45.1104
Acer saccharum,53.34
Acer spicatum,28.3464
Achatocarpus gracilis,6
Achillea atrata,0.15
Achillea cartilaginea,1.1
Achillea clavennae,0.15
Achillea collina,0.76
Achillea macrophylla,1.04
Achillea millefolium,0.8
Achillea nobilis,0.6
Achillea pannonica,0.7
Achillea ptarmica,1.4
Achillea roseo-alba,0.67
Achillea setacea,0.35
Achnatherum lemmonii,0.9
Achnatherum sibiricum,0.702
Acinos alpinus,0.25
Acinos arvensis,0.3
Ackama paniculata,39.62
Acoelorrhaphe wrightii,10.3632
Aconitum napellus,1.4
Aconitum variegatum,1.4
Acorus calamus,1.2
Acradenia euodiiformis,12.19
Acrocarpus fraxinifolius,35
Acrocomia media,7.9248
Acronychia oblongifolia,15.24
Acronychia pedunculata,17.5
Acronychia pubescens,15.24
Acronychia suberosa,27.43
Acroptilon repens,0.7
Acrotriche prostrata,0.15
Acrotriche serrulata,0.38
Actaea alba,1
Actaea spicata,0.65
Actinodaphne wightiana,22
Adelia ricinella,9.4488
Adelia triloba,13
Adenanthera pavonina,18.5928
Adenocaulon bicolor,1
Adenophora liliifolia,0.7
Adenostoma fasciculatum,4
Adenostoma sparsifolium,7.0104
Adenostyles alliariae,1
Adenostyles alpina,0.7
Adonis aestivalis,0.5
Adonis annua,0.4
Adonis flammea,0.45
Adonis vernalis,0.35
Adoxa moschatellina,0.12
Aegilops geniculata,0.086
Aegiphila cephalophora,0
Aegiphila costaricensis,6
Aegiphila elata,0
Aegiphila falcata,0
Aegiphila monstrosa,12
Aegiphila panamensis,12
Aegopodium podagraria,1
Aeschynomene amorphoides,7
Aesculus californica,25.2984
Aesculus flava,41.148
Aesculus glabra,45.1104
Aesculus hippocastanum,39
Aesculus octandra,41.4528
Aesculus parviflora,4.2672
Aesculus pavia,19.5072
Aesculus sylvatica,8.5344
Aethionema saxatile,0.15
Aethusa cynapium,1.2
Afrostyrax lepidophyllus,1
Afzelia bella,40
Agalinis tenuifolia,0.6
Agastache nepetoides,1.5
Ageratina altissima,0.9
Aglaia elaeagnoidea,32
Aglaia perviridis,4.5
Aglaia simplicifolia,11
Agonandra brasiliensis,9.9
Agoseris grandiflora,0.7
Agoseris heterophylla,0.13
Agrimonia eupatoria,0.6
Agrimonia procera,1.5
Agropyron cristatum,0.517
Agrostemma githago,1.38
Agrostis agrostiflora,0.3
Agrostis alpina,0.07
Agrostis canina,0.45
Agrostis capillaris,0.5
Agrostis castellana,0.2
Agrostis exarata,1
Agrostis gigantea,1.3
Agrostis hyemalis,0.5
Agrostis mertensii,0.09
Agrostis rupestris,0.05
Agrostis scabra,0.666667
Agrostis schleicheri,0.2
Agrostis stolonifera,0.4
Agrostis vinealis,0.5
Agrostistachys borneensis,12
Agrostistachys indica,12.5
Aidia micrantha,15
Ailanthus altissima,33.2232
Ailanthus triphysa,30.48
Aiouea effusa,12
Aiouea trinervis,9
Aira caryophyllea,0.4
Aira praecox,0.7
Ajuga chamaepitys,0.2
Ajuga genevensis,0.3
Ajuga pyramidalis,0.3
Ajuga reptans,0.3
Akania lucens,12.19
Alangium villosum,12.19
Albizia adianthifolia,6
Albizia adinocephala,0
Albizia carbonaria,9.9
Albizia ferruginea,3
Albizia glaberrima,10
Albizia julibrissin,23.7744
Albizia lebbeck,19.812
Albizia leucocalyx,31
Albizia niopoides,16
Albizia occidentalis,18
Albizia polycephala,11
Albizia procera,22.86
Albizia tomentosa,5
Albizia tulearensis,7.7
Albizia zygia,3
Alcea rosea,2.7
Alchemilla acutiloba,0.65
Alchemilla alpina,0.2
Alchemilla conjuncta,0.15
Alchemilla filicaulis,0.4
Alchemilla fissa,0.15
Alchemilla glabra,0.6
Alchemilla glaucescens,0.2
Alchemilla glomerulans,0.4
Alchemilla monticola,0.4
Alchemilla subcrenata,0.5
Alchemilla versipila,0.3
Alchemilla vulgaris,0.7
Alchemilla wichurae,0.2
Alchemilla xanthochlora,0.7
Alchornea cordifolia,3
Alchornea costaricensis,19
Alchornea glandulosa,9.9
Alchornea latifolia,24
Alchornea schomburgkii,9.9
Alchornea sidifolia,15
Alchornea triplinervia,23
Alchorneopsis floribunda,9.144
Aletris farinosa,1
Alibertia atlantica,0
Alibertia bertierifolia,25
Alibertia edulis,13
Alibertia itayensis,16
Alibertia verrucosa,13
Alisma gramineum,0.2
Alisma lanceolatum,0.4
Alisma plantago-aquatica,1
Alliaria petiolata,1.2
Allium acuminatum,0.3
Allium angulosum,0.3
Allium anisopodium,0.264
Allium carinatum,0.3
Allium cepa,0.9
Allium cernuum,0.5
Allium condensatum,0.619
Allium fistulosum,0.7
Allium lineare,0.3
Allium oleraceum,0.3
Allium paradoxum,0.35
Allium porrum,0.45
Allium sativum,0.55
Allium schoenoprasum,0.45
Allium scorodoprasum,0.7
Allium senescens,0.15
Allium sphaerocephalon,0.3
Allium stracheyi,0.475
Allium suaveolens,0.3
Allium tenuissimum,0.331
Allium tricoccum,0.4
Allium ursinum,0.45
Allium victorialis,0.45
Allium vineale,0.35
Allomarkgrafia plumeriiflora,0
Allophylus camptostachys,15
Allophylus edulis,13.01
Allophylus mollis,9.9
Allophylus petiolulatus,20
Allophylus psilospermus,16
Allophylus punctatus,6
Alloteropsis semialata,0.3917
Alnus crispa,3
Alnus glutinosa,29
Alnus incana,25
Alnus maritima,7.3152
Alnus oblongifolia,39.3192
Alnus rhombifolia,35.3568
Alnus rubra,47.244
Alnus serrulata,14.3256
Alnus viridis,9.144
Alopecurus aequalis,0.2
Alopecurus arundinaceus,0.85
Alopecurus bulbosus,0.35
Alopecurus geniculatus,0.3
Alopecurus myosuroides,0.4
Alopecurus pratensis,1
Alopecurus rendlei,0.5
Aloysia virgata,5
Alphitonia excelsa,24.38
Alseis blackiana,29
Alseodaphne semecarpifolia,15
Alsophila portoricensis,10.0584
Alstonia scholaris,37
Althaea hirsuta,0.3
Althaea officinalis,1.2
Alvaradoa amorphoides,4.572
Alyssum alyssoides,0.47
Alyssum montanum,0.12
Amaioua corymbosa,10
Amaioua guianensis,9.9
Amanoa caribaea,43.6
Amaranthus albus,0.5
Amaranthus blitoides,1
Amaranthus caudatus,1.2
Amaranthus crispus,0.4
Amaranthus deflexus,0.4
Amaranthus graecizans,0.7
Amaranthus hybridus,0.95
Amaranthus lividus,0.65
Amaranthus powellii,1
Amaranthus retroflexus,2
Amaranthus standleyanus,0.7
Ambrosia artemisiifolia,1.77
Ambrosia cumanensis,0.65
Ambrosia trifida,1.83
Amburana cearensis,39.8
Amelanchier alnifolia,12.8016
Amelanchier arborea,28.956
Amelanchier laevis,30.7848
Amelanchier lamarckii,12
Amelanchier ovalis,3
Amelanchier sanguinea,10.3632
Amelanchier spicata,8
Amelanchier utahensis,9.144
Ammi majus,0.85
Ammophila arenaria,1
Amomyrtus luma,8.6
Amorpha canescens,1.5
Amorpha fruticosa,4
Ampelocera hottlei,27
Ampelocera macrocarpa,0
Ampelocera ruizii,36
Amphimas ferrugineus,49.26
Amphimas pterocarpoides,8
Amphipterygium adstringens,10
Amphipterygium simplicifolium,7
Amphitecna apiculata,11
Amphitecna kennedyae,0
Amphitecna tuxtlensis,10
Amsinckia lycopsoides,0.5
Amsinckia menziesii,0.8
Amsinckia spectabilis,0.4
Amyris balsamifera,13.716
Amyris elemifera,8.5344
Anacamptis laxiflora,0.4
Anacamptis pyramidalis,0.4
Anacardium excelsum,40
Anacardium occidentale,0
Anacyclus clavatus,0.11
Anadenanthera colubrina,13
Anagallis arvensis,0.3
Anagallis foemina,0.3
Anagallis minima,0.1
Anagallis tenella,0.2
Anaphalis margaritacea,0.9
Anarrhinum bellidifolium,0.8
Anaxagorea crassipetala,12
Anaxagorea panamensis,5
Anchusa arvensis,0.35
Anchusa azurea,0.89
Anchusa officinalis,0.7
Andira anthelmia,16
Andira fraxinifolia,9
Andira inermis,25.908
Andromeda glaucophylla,0.3
Andromeda polifolia,0.3
Andropogon gerardi,1.5
Androsace chamaejasme,0.02
Androsace elongata,0.02
Androsace hausmannii,0.04
Androsace helvetica,0.05
Androsace lactea,0.05
Androsace maxima,0.02
Androsace obtusifolia,0.05
Androsace septentrionalis,0.02
Anemone alpina,0.35
Anemone canadensis,0.6
Anemone narcissiflora,0.3
Anemone nemorosa,0.35
Anemone quinquefolia,0.3
Anemone ranunculoides,0.2
Anemone sylvestris,0.25
Anemonella thalictroides,0.3
Anemopaegma chrysoleucum,0
Anemopaegma orbiculatum,0
Anethum graveolens,1
Angelica archangelica,2.1
Angelica palustris,0.8
Angelica sylvestris,2
Angylocalyx pynaertii,25
Annickia affinis,12
Annona acuminata,8
Annona cacans,14
Annona glabra,13.4112
Annona montana,0
Annona muricata,10.668
Annona reticulata,9.144
Annona spraguei,17
Annona squamosa,8.5344
Annona sylvatica,7
Anomospermum reticulatum,0
Anonidium mannii,16
Anopyxis klaineana,4
Antennaria carpatica,0.15
Antennaria dioica,0.15
Antennaria neglecta,0.4
Antennaria parlinii,0.4
Antennaria plantaginifolia,0.5
Anthemis arvensis,0.6
Anthemis austriaca,0.4
Anthemis cotula,0.45
Anthemis ruthenica,0.45
Anthemis tinctoria,0.5
Anthericum liliago,0.4
Anthericum ramosum,0.4
Anthocarapa nitidula,27.43
Anthocleista madagascariensis,18.06
Anthocleista schweinfurthii,7
Anthocleista vogelii,3
Anthodon decussatum,9.9
Anthonotha fragrans,6
Anthonotha macrophylla,3
Anthoxanthum aristatum,0.27
Anthoxanthum odoratum,0.513345
Anthriscus caucalis,0.9
Anthriscus cerefolium,0.6
Anthriscus nitida,0.9
Anthriscus sylvestris,1.5
Anthyllis cornicina,0.155
Anthyllis lotoides,0.12
Anthyllis vulneraria,0.328
Antidesma laciniatum,7
Antidesma membranaceum,4
Antidesma menasu,17
Antirhea acutata,6.4008
Antirhea obtusifolia,14.0208
Antirrhinum majus,0.8
Antrocaryon micraster,3
Aoranthe cladantha,8
Aparisthmium cordatum,9.9
Apeiba aspera,9.9
Apeiba membranacea,28
Apeiba tibourbou,18.5
Apera interrupta,0.24
Apera spica-venti,0.85
Aphanamixis polystachya,19
Aphananthe cuspidata,26
Aphananthe philippinensis,24.38
Aphanes arvensis,0.2
Aphanes australis,0.15
Aphloia theiformis,17.54
Apium graveolens,1
Apium inundatum,0.75
Apium nodiflorum,1
Apium repens,0.3
Apocynum androsaemifolium,1.5
Apocynum cannabinum,1.5
Apodytes dimidiata,22
Apoplanesia paniculata,12
Aporosa lindleyana,14.5
Aposeris foetida,0.15
Apuleia leiocarpa,30.4
Aquilegia atrata,0.55
Aquilegia caerulea,0.233
Aquilegia canadensis,0.9
Aquilegia einseleana,0.15
Aquilegia formosa,1
Aquilegia vulgaris,1
Arabidopsis arenosa,0.2
Arabidopsis halleri,0.25
Arabidopsis suecica,0.25
Arabidopsis thaliana,0.5
Arabis alpina,0.4
Arabis caerulea,0.1
Arabis ciliata,0.15
Arabis glabra,1.2
Arabis hirsuta,0.685714
Arabis lyrata,0.3
Arabis parvula,0.6
Arabis planisiliqua,0.55
Arabis recta,0.3
Arabis sagittata,0.6
Arabis scabra,0.2
Arabis soyeri,0.2
Arabis turrita,0.5
Aralia nudicaulis,0.1
Aralia racemosa,2
Aralia spinosa,22.5552
Araucaria angustifolia,35
Araucaria cunninghamii,48.77
Arbutus arizonica,13.1064
Arbutus menziesii,48.768
Arbutus unedo,12
Arbutus xalapensis,7.9248
Archeria traversii,5
Archidendron grandiflorum,15.24
Arctagrostis latifolia,0.3
Arctium lappa,1.4
Arctium minus,2
Arctium nemorosum,2.3
Arctium tomentosum,1.1
Arctostaphylos alpina,0.3
Arctostaphylos glauca,13.1064
Arctostaphylos manzanita,6.7056
Arctostaphylos pringlei,5.4864
Arctostaphylos tomentosa,3.9
Arctostaphylos uva-ursi,0.6
Arctostaphylos viscida,7.3152
Ardisia auriculata,0
Ardisia bartlettii,3
Ardisia compressa,21.2
Ardisia dunlapiana,14.6
Ardisia fimbrillifera,0
Ardisia guianensis,3
Ardisia nigropunctata,0
Ardisia obovata,13.1064
Ardisia solanacea,6.4008
Ardisia standleyana,6
Aremonia agrimonoides,0.4
Arenaria ciliata,0.1
Arenaria norvegica,0.06
Arenaria serpyllifolia,0.3
Arethusa bulbosa,2.5
Argyrodendron trifoliolatum,42.67
Arisaema triphyllum,0.5
Aristida barbicollis,0.335
Aristida congesta,0.1424
Aristida longespica,0.5
Aristida purpurascens,0.5
Aristida teretifolia,0.7
Aristolochia clematitis,0.8
Aristolochia macrophylla,6
Aristolochia sprucei,0
Aristotelia serrata,8
Armeria arcuata,0.25
Armeria maritima,0.5
Armoracia rusticana,1.25
Arnica montana,0.4
Arnoglossum atriplicifolium,2
Arnoseris minima,0.05
Aronia melanocarpa,4
Arrabidaea chica,0
Arrabidaea patellifera,0
Arrabidaea pubescens,5
Arrabidaea verrucosa,0
Arrhenatherum elatius,1.8
Artemisia abrotanum,1
Artemisia absinthium,1.1
Artemisia annua,1.4
Artemisia austriaca,0.6
Artemisia biennis,1
Artemisia californica,2.6
Artemisia campestris,1.5
Artemisia dracunculus,1.1
Artemisia laciniata,0.35
Artemisia maritima,0.5
Artemisia pontica,0.8
Artemisia rupestris,0.35
Artemisia scoparia,0.6
Artemisia siversiana,1.1
Artemisia suksdorfii,1.5
Artemisia tournefortiana,1
Artemisia tridentata,5.1816
Artemisia umbelliformis,0.15
Artemisia verlotiorum,2
Artemisia vulgaris,2.25
Artocarpus altilis,24.0792
Artocarpus heterophyllus,25.5
Artocarpus hirsutus,32
Arum cylindraceum,0.4
Arum maculatum,0.4
Aruncus dioicus,1.2
Arytera distylis,12.19
Arytera divaricata,12.19
Asarum europaeum,0.1
Asclepias amplexicaulis,0.8
Asclepias syriaca,1.5
Asclepias tuberosa,0.9
Asclepias verticillata,0.9
Asimina parviflora,7.3152
Asimina triloba,30.1752
Asparagus officinalis,1.5
Asperugo procumbens,0.5
Asperula arvensis,0.3
Asperula cynanchica,0.5
Asperula tinctoria,0.55
Aspidosperma album,9.9
Aspidosperma cylindrocarpon,28
Aspidosperma macrocarpon,9.9
Aspidosperma marcgravianum,9.9
Aspidosperma multiflorum,9.9
Aspidosperma nitidum,9.9
Aspidosperma parvifolium,10
Aspidosperma polyneuron,25
Aspidosperma ramiflorum,20
Aspidosperma rigidum,30
Aspidosperma spruceanum,39
Aspidosperma vargasii,34
Asplenium adiantum-nigrum,0.45
Asplenium adulterinum,0.2
Asplenium ceterach,0.2
Asplenium cuneifolium,0.45
Asplenium exiguum,0.2
Asplenium fissum,0.25
Asplenium ruta-muraria,0.15
Asplenium scolopendrium,0.5
Asplenium seelosii,0.1
Asplenium septentrionale,0.15
Asplenium trichomanes,0.3
Asplenium trichomanes-ramosum,0.2
Aster alpinus,0.1
Aster amellus,0.35
Aster dumosus,0.9
Aster lanceolatus,1.15
Aster linosyris,0.4
Aster paniculatus,2
Aster vimineus,2
Asterogyne martiana,0
Astragalus alpinus,0.35
Astragalus arenarius,0.3
Astragalus australis,0.2
Astragalus cicer,0.55
Astragalus danicus,0.35
Astragalus exscapus,0.08
Astragalus frigidus,0.3
Astragalus gambelianus,0.16
Astragalus glycyphyllos,1.5
Astragalus onobrychis,0.3
Astragalus penduliflorus,0.5
Astrantia bavarica,0.25
Astrantia major,0.8
Astrocaryum chonta,9.9
Astrocaryum macrocalyx,25
Astrocaryum mexicanum,8
Astrocaryum murumuru,9.9
Astrocaryum standleyanum,13
Astrocaryum ulei,9.9
Astronium fraxinifolium,9.9
Astronium graveolens,40
Astronium lecointei,9.9
Astrotricha floccosa,3
Atalantia racemosa,4
Ateleia guaraya,9.9
Athamanta cretensis,0.2
Athyrium alpestre,1.5
Athyrium filix-femina,1
Atractocarpus benthamianus,7.62
Atriplex calotheca,1
Atriplex canescens,1
Atriplex glabriuscula,0.9
Atriplex hortensis,1
Atriplex laciniata,1.16
Atriplex littoralis,1.17
Atriplex longipes,0.6
Atriplex micrantha,1
Atriplex nudicaulis,0.1
Atriplex oblongifolia,1
Atriplex patula,1.5
Atriplex prostrata,1.5
Atriplex rosea,0.6
Atriplex stipitata,0.9
Atriplex tatarica,0.75
Atropa belladonna,1.5
Attalea butyracea,17
Attalea maripa,9.9
Attalea phalerata,9.9
Attalea speciosa,9.9
Aubrevillea kerstingii,32.5
Aubrieta deltoidea,0.1
Aucuba japonica,2.4
Aureolaria flava,1.5
Aureolaria pedicularia,1
Aurinia saxatilis,0.25
Austrostipa rudis,0.65
Avena barbata,0.5
Avena fatua,1
Avena sativa,1.5
Avena sterilis,0.3211
Avena strigosa,1.68
Avenula pubescens,1.1
Avicennia germinans,21.6408
Azolla filiculoides,0.03
Baccaurea courtallensis,11
Baccharis arbutifolia,1
Baccharis halimifolia,6.4008
Baccharis pilularis,3.8
Bactris barronis,6
Bactris coloniata,7
Bactris coloradonis,0
Bactris gasipaes,9.9
Bactris longiseta,0
Bactris major,6
Bactris mexicana,5
Baldellia ranunculoides,0.2
Balfourodendron riedelianum,25
Balizia elegans,0
Ballota nigra,0.95
Banara guianensis,9
Banara portoricensis,11.8872
Banksia marginata,2.7
Baphia leptobotrys,25
Baptisia leucophaea,1
Baptisia tinctoria,1.5
Barbacenia longiscapa,0.144
Barbacenia macrantha,0.4
Barbarea intermedia,0.6
Barbarea orthoceras,0.6
Barbarea stricta,1
Barbarea verna,0.7
Barbarea vulgaris,0.9
Barteria fistulosa,10
Bartonia virginica,0.3
Bartsia alpina,0.45
Bassia hirsuta,0.3
Bassia laniflora,0.4
Bassia scoparia,1.3
Bastardiopsis densiflora,11
Batocarpus amazonicus,26
Batocarpus costaricensis,9.9
Bauhinia forficata,7
Bauhinia guianensis,0
Bauhinia longicuspis,9.9
Bauhinia megalandra,12
Bauhinia monandra,5.1816
Bauhinia pauletia,5
Bauhinia rufa,9.9
Beilschmiedia dalzellii,20
Beilschmiedia elliptica,30.48
Beilschmiedia pendula,34
Beilschmiedia tawa,30
Beilschmiedia variabilis,7
Beilschmiedia wightii,13
Bellardia trixago,0.415
Bellis perennis,0.12
Bellucia dichotoma,9.9
Bellucia grossularioides,20
Bellucia pentamera,20
Berberis aquifolium,4.5
Berberis darwinii,2.5
Berberis nervosa,0.6
Berberis vulgaris,3
Berteroa incana,0.4
Bertiera guianensis,6
Bertya cunninghamii,2.1
Berula erecta,1
Beta vulgaris,2
Betula alleghaniensis,36.576
Betula glandulosa,1.5
Betula humilis,2
Betula lenta,38.7096
Betula nana,1
Betula neoalaskana,22.5552
Betula nigra,41.7576
Betula occidentalis,22.86
Betula papyrifera,33.8328
Betula pendula,30
Betula populifolia,26.8224
Betula pubescens,30
Betula pumila,2
Betula uber,14.9352
Beyeria opaca,0.7
Bidens aristosa,1
Bidens cernua,0.9
Bidens connata,1.4
Bidens discoidea,0.6
Bidens frondosa,1
Bidens radiata,1
Bidens tripartita,0.9
Bifora radians,0.52
Bignonia hyacinthina,0
Billardiera scandens,3
Bischofia javanica,33
Biscutella laevigata,0.2
Biserrula pelecinus,0.2
Bistorta bistortoides,0.45
Blackstonia perfoliata,0.45
Blechnum spicant,0.5
Blepharidium guatemalense,19
Blepharocalyx salicifolius,33.69
Blighia sapida,25
Blighia welwitschii,7
Blysmus compressus,0.4
Blysmus rufus,0.2
Bocageopsis mattogrossensis,9.9
Bocconia frutescens,10.9728
Boehmeria caudata,7.99
Boehmeria cylindrica,0.9
Boehmeria glomerulifera,7
Bolboschoenus fluviatilis,1.5
Bolboschoenus maritimus,1.553
Bombax ceiba,27
Bonellia macrocarpa,10
Borago officinalis,0.5
Boronia ledifolia,2
Bossiaea walkeri,2
Bothriochloa insculpta,0.565
Bothriochloa ischaemum,0.3
Botrychium lunaria,0.3
Botrychium matricariifolium,0.2
Botrychium multifidum,0.25
Botrychium simplex,0.12
Botrychium virginianum,0.8
Bougainvillea glabra,15
Bourreria ovata,8.5344
Bourreria purpusii,10
Bourreria radula,7.0104
Bourreria succulenta,15.8496
Bourreria virgata,7.0104
Bowdichia virgilioides,9.9
Brachiaria brizantha,0.674
Brachychiton acerifolius,36.58
Brachychiton populneus,8.3
Brachyglottis buchananii,3
Brachyglottis repanda,7
Brachypodium pinnatum,0.8
Brachypodium sylvaticum,1.1
Brassica elongata,0.64
Brassica juncea,0.8
Brassica napus,1.1
Brassica nigra,1.5
Brassica oleracea,1.2
Brassica rapa,1
Bravaisia integerrima,0
Bridelia atroviridis,8
Briza media,0.5
Briza minor,0.6
Brochoneura madagascariensis,33
Brodiaea coronaria,0.4
Bromus arvensis,0.5
Bromus brachystachys,0.15
Bromus carinatus,1.3
Bromus commutatus,1.2
Bromus diandrus,0.7
Bromus erectus,1
Bromus grossus,0.57
Bromus hordeaceus,0.8
Bromus inermis,1.5
Bromus japonicus,0.68
Bromus kalmii,1.4
Bromus madritensis,0.3
Bromus racemosus,0.92
Bromus ramosus,1.4
Bromus rigidus,0.155
Bromus rubens,0.32
Bromus secalinus,1.27
Bromus squarrosus,0.71
Bromus sterilis,1
Bromus tectorum,0.884211
Brosimum acutifolium,9.9
Brosimum alicastrum,43
Brosimum costaricanum,23
Brosimum gaudichaudii,8
Brosimum guianense,30
Brosimum lactescens,9.9
Brosimum utile,9.9
Broussonetia papyrifera,22.86
Brunfelsia densifolia,7.0104
Brunonia australis,0.17
Bryonia alba,4
Bryonia cretica,4
Buchenavia grandis,9.9
Buchenavia oxycarpa,9.9
Buchenavia tetraphylla,22.86
Buchenavia tomentosa,9.9
Buchenavia viridiflora,9.9
Buchnera americana,1
Bucida buceras,28.956
Buddleja davidii,5
Buglossoides purpurocaerulea,0.6
Bunchosia glandulosa,6.096
Bunchosia palmeri,7
Bunchosia polystachia,0
Bunias erucago,0.3
Bunias orientalis,1
Bunium bulbocastanum,1
Buphthalmum salicifolium,0.65
Bupleurum baldense,0.1
Bupleurum falcatum,1
Bupleurum gerardi,0.5
Bupleurum longifolium,0.8
Bupleurum ranunculoides,0.45
Bupleurum rotundifolium,0.45
Bupleurum tenuissimum,0.5
Bursaria spinosa,6.88
Bursera arborea,15
Bursera excelsa,10
Bursera heteresthes,15
Bursera instabilis,15
Bursera microphylla,3.9624
Bursera palaciosii,6
Bursera simaruba,40
Butomus umbellatus,1.2
Buxus sempervirens,5
Byrsonima arthropoda,30
Byrsonima crassifolia,15
Byrsonima crispa,9.9
Byrsonima cydoniifolia,8
Byrsonima lucida,10.668
Byrsonima spicata,21.9456
Byrsonima wadsworthii,15.8496
Byttneria aculeata,0
Cabralea canjerana,25
Caesalpinia caladenia,8
Caesalpinia coriaria,12
Caesalpinia eriostachys,13
Caesalpinia mexicana,8.2296
Caesalpinia platyloba,12
Caesalpinia pluviosa,27
Caesalpinia pulcherrima,7.0104
Caesalpinia sclerocarpa,20
Cakile edentula,0.5
Cakile maritima,0.45
Calamagrostis arundinacea,1
Calamagrostis canadensis,1
Calamagrostis canescens,1.3
Calamagrostis epigejos,1.45
Calamagrostis purpurascens,0.436364
Calamagrostis purpurea,1.41
Calamagrostis varia,0.9
Calamagrostis villosa,0.35
Calamintha nepeta,0.2
Calamistrum globuliferum,0.1
Calandrinia ciliata,0.35
Calathea inocephala,3
Calathea lutea,0
Caldesia parnassifolia,0.15
Calendula arvensis,0.2
Calendula officinalis,0.4
Calepina irregularis,0.4
Calla palustris,0.2
Calliandra tergemina,5
Callicarpa acuminata,0
Callicarpa tomentosa,10
Callichlamys latifolia,0
Callisthene fasciculata,9.9
Callitriche hermaphroditica,0.15
Callitriche heterophylla,0.1
Callitriche palustris,0.3
Callitriche stagnalis,0.01
Callitris glaucophylla,12.1
Callitris hugelii,18.288
Callitropsis nootkatensis,37.7952
Calluna vulgaris,2.2
Calocedrus decurrens,67.9704
Calophyllum antillanum,32.004
Calophyllum apetalum,24.5
Calophyllum austroindicum,29
Calophyllum brasiliense,28
Calophyllum longifolium,36
Calophyllum polyanthum,27
Calopogon tuberosus,0.4
Caltha palustris,0.3
Calycophyllum spruceanum,34.8
Calypso bulbosa,0.2
Calyptranthes fasciculata,9.9
Calyptranthes pallens,12.192
Calyptranthes zuzygium,6.7056
Calystegia sepium,3
Calystegia silvatica,3
Calystegia soldanella,0.5
Camassia leichtlinii,1
Camassia quamash,0.7
Camelina alyssum,0.45
Camelina microcarpa,0.4
Camelina sativa,0.8
Camellia japonica,11
Campanula alpina,0.2
Campanula americana,2
Campanula barbata,0.3
Campanula baumgartenii,0.3
Campanula bononiensis,0.85
Campanula cervicaria,0.62
Campanula cochlearifolia,0.1
Campanula glomerata,0.5
Campanula latifolia,0.8
Campanula medium,0.7
Campanula patula,0.6
Campanula persicifolia,0.6
Campanula rapunculoides,0.78
Campanula rapunculus,0.65
Campanula rhomboidalis,0.5
Campanula rotundifolia,0.5
Campanula scheuchzeri,0.25
Campanula sibirica,0.3
Campanula thyrsoides,0.3
Campanula trachelium,0.75
Campomanesia guazumifolia,8
Campomanesia xanthocarpa,15
Canarium strictum,34
Canella winterana,9.144
Cannabis sativa,2
Canotia holacantha,8.2296
Capirona decorticans,9.9
Capparidastrum frondosum,7
Capparis amplissima,9.9
Capparis baducca,7.3152
Capparis cynophallophora,8.2296
Capparis flexuosa,6.7056
Capparis hastata,6.096
Capparis incana,7
Capparis indica,10.3632
Capparis pittieri,0
Capsella bursa-pastoris,0.4
Capsicum annuum,0.6173
Capsicum baccatum,0.7486
Caragana arborescens,6
Caraipa heterocarpa,20
Carallia brachiata,4
Carapa guianensis,10.3632
Carapa procera,14
Cardamine amara,0.6
Cardamine bellidifolia,0.1
Cardamine bulbifera,0.7
Cardamine douglassii,0.4
Cardamine enneaphyllos,0.3
Cardamine flexuosa,0.5
Cardamine heptaphylla,0.5
Cardamine hirsuta,0.3
Cardamine impatiens,0.7
Cardamine laciniata,0.4
Cardamine oligosperma,0.5
Cardamine parviflora,0.3
Cardamine pensylvanica,0.8
Cardamine pentaphyllos,0.4
Cardamine pratensis,0.6
Cardamine resedifolia,0.12
Cardamine trifolia,0.2
Cardaminopsis petraea,0.1
Cardaria draba,0.4
Cardiopetalum calophyllum,9.9
Carduus acanthoides,1
Carduus crispus,1.7
Carduus defloratus,0.45
Carduus nutans,0.9
Carduus personata,1.1
Carduus pycnocephalus,1.1
Carex acuta,1.2
Carex acutiformis,1.5
Carex alba,0.15
Carex appropinquata,0.45
Carex aquatilis,1.4
Carex arenaria,0.6
Carex atherodes,1.2
Carex atrata,0.12
Carex atrofusca,0.2
Carex bicknellii,0.9
Carex bigelowii,0.3
Carex bohemica,0.3
Carex brachystachys,0.3
Carex brizoides,0.7
Carex brunnescens,0.4
Carex buxbaumii,0.9
Carex canescens,0.45
Carex capillaris,0.15
Carex capitata,0.25
Carex caryophyllea,0.26
Carex cephalophora,0.7
Carex chordorrhiza,0.15
Carex conoidea,0.7
Carex crinita,1.6
Carex davalliana,0.2
Carex depauperata,0.6
Carex diandra,0.8
Carex digitalis,0.5
Carex digitata,0.15
Carex dioica,0.15
Carex distans,0.3
Carex disticha,0.65
Carex divulsa,0.4
Carex eburnea,0.4
Carex echinata,0.4
Carex elata,1.2
Carex ericetorum,0.2
Carex extensa,0.2
Carex ferruginea,1
Carex firma,0.1
Carex flacca,0.6
Carex foenea,0.9
Carex frigida,0.3
Carex fritschii,0.65
Carex fuliginosa,0.15
Carex glaucodea,0.6
Carex granularis,0.5
Carex grayi,1
Carex grisea,0.7
Carex halleriana,0.25
Carex hirta,0.8
Carex hordeistichos,0.3
Carex hostiana,0.25
Carex humilis,0.15
Carex hystericina,1
Carex inops,0.5
Carex intumescens,1
Carex inversa,0.38
Carex korshinskyi,0.1722
Carex lacustris,1.3
Carex lanuginosa,0.9
Carex lasiocarpa,1
Carex laxiculmis,0.55
Carex lepidocarpa,0.7
Carex leptalea,0.5
Carex ligerica,0.25
Carex limosa,0.45
Carex lurida,1
Carex magellanica,0.8
Carex meadii,0.6
Carex melanostachya,0.5
Carex merritt-fernaldii,1
Carex microglochin,0.08
Carex montana,0.25
Carex mucronata,0.25
Carex muricata,0.4
Carex nigra,0.4
Carex norvegica,0.12
Carex obnupta,1.5
Carex obtusata,0.3
Carex oligosperma,0.9
Carex ornithopoda,0.052
Carex ovalis,0.4
Carex pallescens,0.45
Carex panicea,0.6
Carex paniculata,0.75
Carex pansa,0.3
Carex parviflora,0.1
Carex pauciflora,0.6
Carex pendula,0.75
Carex pilosa,0.6
Carex pilulifera,0.3
Carex plantaginea,0.55
Carex praecox,0.25
Carex pseudobrizoides,0.5
Carex pseudocyperus,0.5
Carex pulicaris,0.12
Carex punctata,0.2
Carex remota,0.6
Carex repens,0.5
Carex riparia,1.5
Carex rostrata,1
Carex rupestris,0.12
Carex sartwellii,1.2
Carex saxatilis,0.2
Carex scabrata,0.8
Carex secalina,0.3
Carex sempervirens,0.2
Carex spicata,0.4
Carex stipata,1
Carex stricta,1.3
Carex strigosa,0.9
Carex supina,0.1
Carex sylvatica,0.6
Carex tomentosa,0.6
Carex tonsa,0.1
Carex trinervis,0.3
Carex trisperma,0.7
Carex umbellata,0.15
Carex umbrosa,0.5
Carex vaginata,0.8
Carex vesicaria,0.8
Carex viridula,0.2
Carex vulpinoidea,0.8
Careya arborea,10.5
Carica papaya,6
Cariniana decandra,47.5
Cariniana domestica,9.9
Cariniana estrellensis,42
Cariniana ianeirensis,44
Cariniana legalis,40
Carlina acaulis,0.6
Carlina vulgaris,0.6
Carnegiea gigantea,15.24
Carpesium cernuum,0.8
Carpinus betulus,30
Carpinus caroliniana,35.052
Carpobrotus edulis,0.2
Carpodetus serratus,10
Carpotroche platyptera,0
Carthamus tinctorius,1.03
Carum carvi,0.65
Carum verticillatum,0.6
Carya alba,56.6928
Carya aquatica,46.9392
Carya carolinae-septentrionalis,34.4424
Carya cordiformis,42.3672
Carya floridana,14.3256
Carya glabra,184.404
Carya illinoiensis,41.4528
Carya illinoinensis,52.4256
Carya laciniosa,42.3672
Carya myristiciformis,44.196
Carya ovalis,35.052
Carya ovata,57.3024
Carya pallida,36.8808
Carya texana,38.7096
Carya tomentosa,41.9
Caryocar brasiliense,9.9
Caryota urens,26.5
Casearia aculeata,13
Casearia arborea,27
Casearia arguta,9.9
Casearia commersoniana,11
Casearia corymbosa,7
Casearia decandra,11.8872
Casearia gossypiosperma,28
Casearia guianensis,17.0688
Casearia ovata,8
Casearia rubescens,16
Casearia sylvestris,24.9936
Casearia tremula,15
Casearia wynadensis,11
Casimirella ampla,0
Cassia ferruginea,12
Cassia fistula,7.3152
Cassia marilandica,1.2
Cassine australis,12.19
Cassine glauca,31
Cassine xylocarpa,8.8392
Cassinia aculeata,2.08
Cassinia arcuata,2.9
Cassinia laevis,2.4
Cassiope tetragona,0.1
Cassipourea elliptica,24
Cassipourea guianensis,14.0208
Castanea dentata,32.3088
Castanea mollissima,19.2024
Castanea ozarkensis,18.288
Castanea pumila,16.764
Castanea sativa,35
Castanopsis sieboldii,21
Castanopsis wattii,27
Castilla elastica,30
Castilla ulei,24.9
Castilleja attenuata,0.35
Castilleja exserta,0.241
Castilleja hispida,0.6
Casuarina equisetifolia,27.1272
Casuarina lepidophloia,25.908
Catabrosa aquatica,0.25
Catalpa bignonioides,25.6032
Catalpa speciosa,32.6136
Catapodium rigidum,0.2
Caucalis platycarpos,0.25
Caulophyllum thalictroides,0.75
Cavanillesia hylogeiton,29
Cavanillesia platanifolia,41
Cavanillesia umbellata,27.7
Ceanothus americanus,1
Ceanothus cuneatus,4.8
Ceanothus oliganthus,4.2
Ceanothus thyrsiflorus,12.4968
Cecropia angustifolia,20
Cecropia concolor,33
Cecropia distachya,9.9
Cecropia ficifolia,5
Cecropia hololeuca,9
Cecropia insignis,31
Cecropia longipes,21
Cecropia membranacea,25
Cecropia obtusifolia,30
Cecropia pachystachya,8
Cecropia palmata,9.9
Cecropia peltata,21
Cecropia schreberiana,29.5656
Cedrela fissilis,29
Cedrela lilloi,35.41
Cedrela odorata,24.0792
Cedrelopsis grevei,8.2
Ceiba aesculifolia,15
Ceiba insignis,9.9
Ceiba lupuna,32.7
Ceiba parvifolia,9
Ceiba pentandra,51
Ceiba samauma,28.3
Ceiba speciosa,22
Celosia argentea,0.45
Celtis adolfi-friderici,25
Celtis africana,20
Celtis laevigata,40.8432
Celtis lindheimeri,13.1064
Celtis mildbraedii,50
Celtis occidentalis,39.3192
Celtis pallida,9.4488
Celtis philippensis,30
Celtis reticulata,21.0312
Celtis schippii,27
Celtis tenuifolia,10.668
Celtis tessmannii,20
Celtis zenkeri,30
Cenchrus incertus,0.4
Cenchrus setaceus,0.6104
Centaurea calcitrapa,0.45
Centaurea cyanus,0.9
Centaurea diffusa,0.5
Centaurea jacea,1.5
Centaurea maculosa,0.7
Centaurea melitensis,0.55
Centaurea montana,0.5
Centaurea nigra,0.65
Centaurea nigrescens,0.9
Centaurea phrygia,1
Centaurea scabiosa,1.35
Centaurea solstitialis,1.41
Centaurea stoebe,1
Centaurium erythraea,0.5
Centaurium littorale,0.25
Centaurium pulchellum,0.15
Centaurium scilloides,0.3
Centaurium tenuiflorum,0.37
Centranthus ruber,0.8
Centrolobium microchaete,30
Centrolobium tomentosum,16
Cephalanthera damasonium,0.45
Cephalanthera longifolia,0.4
Cephalanthera rubra,0.3
Cephalanthus occidentalis,7.9248
Cerastium alpinum,0.15
Cerastium arvense,1.02
Cerastium brachypetalum,0.3
Cerastium cerastoides,0.15
Cerastium diffusum,0.3
Cerastium dubium,0.15
Cerastium fontanum,0.714
Cerastium glomeratum,0.5
Cerastium latifolium,0.1
Cerastium nigrescens,0.15
Cerastium pumilum,0.5
Cerastium semidecandrum,0.2
Cerastium tomentosum,1.01
Cerastium uniflorum,0.06
Ceratocapnos claviculata,1
Cercidium microphyllum,8.5344
Cercidium texanum,10.3632
Cercis canadensis,34.1376
Cercis occidentalis,13.716
Cercocarpus betuloides,10.3632
Cercocarpus breviflorus,6.096
Cercocarpus ledifolius,27.1272
Cercocarpus montanus,6.4008
Cereus robinii,7.0104
Cerinthe glabra,0.6
Cerinthe minor,0.6
Cespedesia spathulata,0
Cestrum diurnum,4.8768
Cestrum laurifolium,21.9456
Cestrum megalophyllum,6
Cestrum microcalyx,0
Cestrum racemosum,25
Chaenorhinum minus,0.25
Chaerophyllum aromaticum,0.8
Chaerophyllum aureum,1.05
Chaerophyllum bulbosum,1.3
Chaerophyllum hirsutum,0.75
Chaerophyllum procumbens,0.5
Chaerophyllum temulum,1
Chaetocarpus echinocarpus,9.9
Chamaecrista nictitans,0.4
Chamaecyparis lawsoniana,66.7512
Chamaecyparis thyoides,34.1376
Chamaecytisus ratisbonensis,0.6
Chamaecytisus supinus,1
Chamaedaphne calyculata,0.9
Chamaedorea alternans,6
Chamaedorea pinnatifrons,4
Chamaedorea tepejilote,0
Chamaemelum mixtum,0.2
Chamaesyce peplis,0.1
Chamerion angustifolium,3
Chamguava schippii,13
Chamissoa altissima,0
Chamorchis alpina,0.1
Chaunochiton kappleri,9.9
Cheilanthes austrotenuifolia,0.51
Cheiloclinium cognatum,9.9
Chelidonium majus,0.9
Chelone glabra,2
Chenopodium album,2.27
Chenopodium ambrosioides,1
Chenopodium bonus-henricus,0.6
Chenopodium capitatum,0.6
Chenopodium chenopodioides,0.3
Chenopodium ficifolium,0.9
Chenopodium foliosum,0.7
Chenopodium glaucum,0.5
Chenopodium hircinum,0.9
Chenopodium hybridum,1.3
Chenopodium leptophyllum,0.7
Chenopodium murale,0.9
Chenopodium opulifolium,1.5
Chenopodium polyspermum,1.42
Chenopodium pratericola,1
Chenopodium pumilio,0.8
Chenopodium rubrum,1.5
Chenopodium schraderianum,0.9
Chenopodium strictum,0.9
Chenopodium suecicum,1
Chenopodium urbicum,1
Chenopodium vulvaria,0.82
Chilopsis linearis,20.7264
Chimaphila umbellata,0.08
Chimarrhis parviflora,12
Chiococca belizensis,0
Chionanthus compactus,10.3632
Chionanthus domingensis,23
Chionanthus mala-elengi,12
Chionanthus virginicus,12.4968
Chione venosa,0
Chloris gayana,0.67
Chlorogalum pomeridianum,0.45
Chloroleucon mangense,15
Chlorophora tinctora,8
Chomelia obtusa,9.9
Chondrilla chondrilloides,0.15
Chondrilla juncea,0.75
Chorisia speciosa,9.9
Chrysanthemum segetum,0.55
Chrysobalanus icaco,7.0104
Chrysochlamys eclipes,8
Chrysochlamys glauca,12
Chrysochlamys nicaraguensis,0
Chrysochlamys silvicola,0
Chrysochlamys skutchii,9
Chrysolepis chrysophylla,37.7952
Chrysophyllum argenteum,30
Chrysophyllum boivinianum,29
Chrysophyllum brenesii,0
Chrysophyllum cainito,34
Chrysophyllum colombianum,0
Chrysophyllum gonocarpum,15
Chrysophyllum marginatum,13.74
Chrysophyllum mexicanum,18
Chrysophyllum oliviforme,12.4968
Chrysophyllum pauciflorum,15.24
Chrysophyllum roxburghii,24
Chrysophyllum sparsiflorum,9.9
Chrysophyllum venezuelanense,25
Chrysosplenium alternifolium,0.2
Chrysosplenium americanum,0.1
Chrysosplenium oppositifolium,0.2
Chukrasia tabularis,5.5
Chuquiraga jussieui,1
Chytranthus macrobotrys,3
Cicendia filiformis,0.12
Cicer arietinum,0.1496
Cicer reticulatum,0.1132
Cicerbita plumieri,0.8
Cichorium endivia,0.75
Cichorium intybus,1
Cicuta bulbifera,0.9
Cicuta virosa,1.5
Cinna arundinacea,1.5
Cinnamomum camphora,21.336
Cinnamomum chavarrianum,0
Cinnamomum elongatum,25.908
Cinnamomum japonicum,11
Cinnamomum malabathrum,25
Cinnamomum montanum,17.3736
Cinnamomum oliveri,18.29
Cinnamomum porphyrium,29.14
Cinnamomum triplinerve,19
Cinnamomum virens,27.43
Circaea alpina,0.3
Circaea lutetiana,0.6
Cirsium acaule,0.25
Cirsium altissimum,4
Cirsium arvense,1.5
Cirsium canum,0.7
Cirsium dissectum,0.7
Cirsium eriophorum,1.8
Cirsium helenioides,0.9
Cirsium muticum,5
Cirsium oleraceum,1.2
Cirsium palustre,1.5
Cirsium rivulare,0.5
Cirsium spinosissimum,0.6
Cirsium tuberosum,0.8
Cirsium vulgare,1.714286
Cissampelos pareira,0
Cissus biformifolia,0
Cissus microcarpa,0
Cissus verticillata,0
Citharexylum caudatum,6.4008
Citharexylum myrianthum,14
Citharexylum reticulatum,30
Citharexylum spinosum,10.9728
Citronella moorei,36.58
Citropsis articulata,3
Citrus aurantiifolia,3.048
Citrus limon,2.4384
Citrus paradisi,13.1064
Citrus sinensis,17.3736
Citrus xaurantiifolia,0
Cladium mariscus,2
Cladrastis kentukea,29.8704
Claoxylon australe,7.62
Clarisia biflora,35
Clarisia racemosa,40
Clarkia purpurea,0.5
Claytonia exigua,1.5
Claytonia parviflora,0.3
Claytonia perfoliata,0.3
Claytonia rubra,0.6
Claytonia sibirica,0.4
Claytonia virginica,0.25
Cleidion spiciflorum,22
Cleistanthus caudatus,12
Cleistanthus travancorensis,11
Cleistogenes squarrosa,0.174
Cleistopholis glauca,15
Cleistopholis patens,4
Clematis alpina,2
Clematis recta,1
Clematis virginiana,6
Clematis vitalba,30
Clematis viticella,3
Clerodendrum floribundum,7.62
Clerodendrum infortunatum,12
Clethra acuminata,10.0584
Clethra macrophylla,27
Clethra mexicana,25
Cleyera japonica,12.5
Clidemia densiflora,0
Clidemia dentata,3
Clidemia octona,4
Clidemia sericea,10
Cliftonia monophylla,17.3736
Clinopodium vulgare,0.8
Clitoria arborea,9.9
Clusia clusioides,14.6304
Clusia rosea,21.336
Cnicus benedictus,0.64
Cnidium dubium,0.7
Cnidoscolus megacanthus,6
Cnidoscolus spinosus,8
Coccoloba coronata,13
Coccoloba diversifolia,18.5928
Coccoloba hondurensis,20
Coccoloba krugii,4.8768
Coccoloba liebmannii,7
Coccoloba manzinellensis,9
Coccoloba microstachya,10.0584
Coccoloba mollis,25
Coccoloba ochreolata,9.9
Coccoloba peruviana,18
Coccoloba pubescens,13.716
Coccoloba rugosa,7.62
Coccoloba sintenisii,8.2296
Coccoloba swartzii,6.4008
Coccoloba tuerckheimii,0
Coccoloba uvifera,18.8976
Coccoloba venosa,7.9248
Coccothrinax argentata,8.8392
Coccothrinax barbadensis,11.8872
Cochlearia anglica,0.4
Cochlearia danica,0.2
Cochlearia micacea,0.1
Cochlearia officinalis,0.25
Cochlospermum orinocense,9.9
Cochlospermum vitifolium,17
Cocos nucifera,28.3464
Codiaeum lucidum,18.29
Coelocaryon preussii,45.1
Coeloglossum viride,0.15
Coffea arabica,9.4488
Coffea canephora,10.5
Coffea liberica,11.8872
Coincya monensis,0.3
Coincya wrightii,0.9
Cojoba arborea,33
Cola lateritia,6
Colchicum autumnale,0.4
Coleanthus subtilis,0.04
Collinsia grandiflora,0.4
Collinsia heterophylla,0.37
Collinsia parviflora,0.4
Collinsia verna,0.7
Collomia grandiflora,0.55
Colubrina arborescens,6.096
Colubrina elliptica,12.4968
Colubrina glandulosa,29
Colubrina spinosa,0
Colubrina triflora,8
Colutea arborescens,5
Comandra umbellata,0.4
Comarum palustre,0.9
Combretum laxum,0
Combretum leprosum,9.9
Commiphora lamii,7.9
Commiphora leptophloeos,9
Commiphora simplicifolia,5
Comocladia dodonaea,6.4008
Comocladia glabra,5.1816
Compsoneura mexicana,0
Conceveiba pleiostemona,0
Condalia globosa,5.1816
Condalia hookeri,9.144
Conium maculatum,3
Connarus costaricensis,0
Connarus perrottetii,9.9
Connarus regnellii,6
Connarus ruber,9.9
Conocarpus erectus,15.8496
Conopodium majus,0.6
Conostegia bracteata,0
Conostegia cinnamomea,3
Conostegia hirtella,8
Conostegia micrantha,0
Conostegia montana,0
Conostegia subcrustulata,0
Conostegia xalapensis,8
Conringia orientalis,0.5
Consolida ajacis,0.85
Consolida orientalis,0.5
Consolida regalis,0.3
Convallaria majalis,0.2
Convolvulus arvensis,0.8
Conyza bonariensis,1.17
Conyza canadensis,0.9
Copaifera langsdorffii,9.9
Copaifera reticulata,33.8
Coprosma areolata,5
Coprosma ciliata,3
Coprosma foetidissima,4
Coprosma linariifolia,8
Coprosma lucida,7
Coprosma parviflora,5
Coprosma pseudociliata,4
Coprosma quadrifida,4
Coprosma tenuifolia,5
Corallorhiza maculata,0.5
Cordia africana,9
Cordia alliodora,32
Cordia americana,20
Cordia bicolor,25
Cordia boissieri,7.62
Cordia borinquensis,30.48
Cordia collococca,4.2672
Cordia correae,0
Cordia cymosa,15.4
Cordia dentata,5
Cordia diversifolia,23
Cordia dwyeri,0
Cordia ecalyculata,12
Cordia elaeagnoides,20
Cordia gerascanthus,16
Cordia globulifera,6
Cordia laevigata,12.4968
Cordia lasiocalyx,14
Cordia liesneri,5
Cordia lucidula,0
Cordia megalantha,35
Cordia porcata,0
Cordia rickseckeri,10.9728
Cordia salvadorensis,8
Cordia sebestena,7.9248
Cordia sellowiana,11
Cordia sulcata,21.6408
Cordia superba,9
Cordia trichotoma,25
Coreopsis lanceolata,0.6
Coreopsis palmata,1
Corethrogyne filaginifolia,0.5
Coriandrum sativum,0.65
Corispermum hyssopifolium,0.6
Corispermum intermedium,0.6
Corispermum marschallii,0.4
Cornus alba,3
Cornus alternifolia,14.9352
Cornus amomum,3
Cornus drummondii,6.7056
Cornus florida,29.8704
Cornus foemina,7.0104
Cornus glabrata,2.8
Cornus mas,5
Cornus nuttallii,22.5552
Cornus occidentalis,7.0104
Cornus racemosa,11.5824
Cornus rugosa,12.192
Cornus sanguinea,5
Cornus sericea,8
Cornus sessilis,5.4864
Cornus stolonifera,7.9248
Cornus suecica,0.25
Cornutia odorata,11
Cornutia pyramidata,12.192
Coronilla coronata,0.45
Coronilla vaginalis,0.08
Coronilla varia,1.2
Coronopus didymus,0.3
Coronopus squamatus,0.3
Correa reflexa,1.61
Corrigiola litoralis,0.4
Corydalis cava,0.25
Corydalis intermedia,0.2
Corydalis pumila,0.2
Corydalis solida,0.27
Corylus americana,8.2296
Corylus avellana,8.5
Corylus colurna,30
Corylus cornuta,15.24
Corylus maxima,5
Corymbia gummifera,15
Corynanthe pachyceras,20
Corynephorus canescens,0.1
Costus afer,2
Costus laevis,0
Cotinus coggygria,3
Cotinus obovatus,24.6888
Cotoneaster bullatus,3
Cotoneaster divaricatus,2
Cotoneaster franchetii,3
Cotoneaster frigidus,6.87
Cotoneaster horizontalis,0.7
Cotoneaster integerrimus,2
Cotoneaster nebrodensis,2
Cotoneaster salicifolius,5
Cotoneaster simonsii,4
Cotula coronopifolia,0.18
Couepia polyandra,25
Couratari guianensis,9.9
Coussapoa villosa,20
Coussarea impetiolaris,0
Coussarea paniculata,20
Coussarea platyphylla,9
Coussarea suaveolens,13
Coussarea talamancana,0
Coutarea hexandra,10
Cowania mexicana,9.144
Crambe maritima,0.6
Craspedia variabilis,0.37
Crassula aquatica,0.05
Crassula connata,0.04
Crassula helmsii,0.3
Crassula tillaea,0.05
Crataegus aestivalis,10.3632
Crataegus brachyacantha,10.9728
Crataegus calpodendron,6.096
Crataegus coccinea,10.3632
Crataegus columbiana,7.3152
Crataegus crus-galli,15.5448
Crataegus curvisepala,2.6
Crataegus douglasii,12.4968
Crataegus erythropoda,4.8768
Crataegus flabellata,10.9728
Crataegus flava,12.4968
Crataegus intricata,7.0104
Crataegus laevigata,10
Crataegus marshallii,9.144
Crataegus mollis,15.8496
Crataegus monogyna,12.15
Crataegus opaca,9.144
Crataegus phaenopyrum,10.9728
Crataegus pruinosa,9.7536
Crataegus pulcherrima,14.0208
Crataegus punctata,11.5824
Crataegus rhipidophylla,10
Crataegus spathulata,10.668
Crataegus succulenta,6.4008
Crataegus uniflora,5.4864
Crataegus viridis,12.192
Crateva tapia,15
Crepidospermum goudotianum,36
Crepis alpestris,0.2
Crepis aurea,0.1
Crepis biennis,0.8
Crepis bocconi,0.4
Crepis capillaris,0.9
Crepis conyzifolia,0.3
Crepis foetida,0.2
Crepis jacquinii,0.2
Crepis mollis,0.3
Crepis nicaeensis,0.6
Crepis paludosa,0.6
Crepis praemorsa,0.15
Crepis pulchra,0.5
Crepis pyrenaica,0.6
Crepis setosa,0.35
Crepis tectorum,0.45
Crepis terglouensis,0.07
Crepis vesicaria,0.6
Crescentia cujete,7.3152
Crithmum maritimum,0.45
Critonia portoricensis,4.8768
Crocus chrysanthus,0.08
Crocus flavus,0.2
Crossopetalum rhacoma,6.096
Crotalaria sagittalis,0.25
Croton alamosanus,4
Croton argyrodaphne,30.44
Croton astroites,5.1816
Croton billbergianus,20
Croton capitatus,0.5
Croton draconoides,9.9
Croton flavens,5.1816
Croton floribundus,10
Croton gibsonianus,2
Croton glandulosus,0.7
Croton haumanianus,20
Croton lechleri,20
Croton mongue,10.18
Croton niveus,7
Croton oligandrus,14
Croton poecilanthus,18.8976
Croton pseudoniveus,8
Croton roxanae,8
Croton sampatik,35
Croton schiedeanus,20
Croton setigerus,0.1
Croton smithianus,0
Croton suberosus,3
Croton tessmannii,30
Croton urucurana,11
Cruciata glabra,0.3
Cruciata laevipes,0.6
Cryosophila warscewiczii,0
Cryptocarya acuminata,27.44
Cryptocarya aschersoniana,22
Cryptocarya erythroxylon,36.58
Cryptocarya foveolata,30.48
Cryptocarya glaucescens,21.34
Cryptocarya obovata,39.62
Cryptocarya ovalifolia,18
Cryptocarya wightiana,23
Cryptogramma crispa,0.3
Cucubalus baccifer,1.2
Cucumis sativus,3
Cucurbita maxima,10
Cucurbita pepo,8
Cupania americana,22.5552
Cupania cinerea,22
Cupania dentata,23
Cupania glabra,24
Cupania latifolia,18
Cupania polyodonta,9.9
Cupania pseudostipularis,0
Cupania rufescens,13
Cupania seemannii,13
Cupania triquetra,11.8872
Cupania vernalis,22.11
Cupaniopsis foveolata,12.19
Cupaniopsis serrata,12.19
Cupressus arizonica,28.3464
Cupressus bakeri,39.3192
Cupressus goveniana,43.2816
Cupressus guadalupensis,21.6408
Cupressus macnabiana,16.764
Cupressus macrocarpa,31.0896
Cupressus sargentii,19.812
Curatella americana,9
Cuscuta epithymum,0.8
Cyanus triumfettii,0.55
Cyathea arborea,13.4112
Cyathea microdonta,0
Cyathea multiflora,0
Cyathea tenera,3.9624
Cyclachaena xanthiifolia,1.8
Cyclamen purpurascens,0.12
Cyclolobium brasiliense,8
Cydonia oblonga,6
Cylicodiscus gabunensis,49.6
Cylindropuntia fulgida,6.4008
Cymbalaria muralis,0.4
Cymbonotus preissianus,0.11
Cymbopetalum baillonii,25
Cymbopetalum mayanum,21
Cymbopetalum penduliflorum,19
Cymbopogon caesius,0.838
Cymbopogon nardus,0.801
Cymbopogon pospischilii,0.3501
Cynara cardunculus,0.148
Cynodon dactylon,0.3438
Cynoglossum boreale,0.8
Cynoglossum germanicum,0.9
Cynoglossum officinale,0.9
Cynoglossum suaveolens,0.6
Cynometra retusa,30
Cynosurus cristatus,0.75
Cynosurus echinatus,0.55
Cyperus engelmannii,0.8
Cyperus erythrorhizos,0.8
Cyperus filiculmis,0.6
Cyperus flavescens,0.3
Cyperus fuscus,0.25
Cyperus houghtonii,0.6
Cyperus longus,1.2
Cyperus michelianus,0.1
Cyperus ovularis,0.7
Cyperus schweinitzii,0.8
Cypripedium acaule,0.38
Cypripedium calceolus,0.5
Cyrilla racemiflora,17.9832
Cyrtocarpa kruseana,12
Cystopteris alpina,0.4
Cystopteris fragilis,0.5
Cystopteris montana,0.45
Cystopteris sudetica,0.4
Cytisus scoparius,2
Daboecia cantabrica,0.5
Dacrydium cupressinum,50
Dacryodes edulis,8
Dacryodes excelsa,48.8
Dacryodes microcarpa,9.9
Dacryodes nitens,9.9
Dactylis glomerata,1.2
Dactyloctenium australe,0.178
Dactylorhiza incarnata,0.7
Dactylorhiza majalis,0.32
Dactylorhiza sambucina,0.2
Dactylorhiza traunsteineri,0.17
Dalbergia congestiflora,12
Dalbergia glabra,23
Dalbergia glomerata,30
Dalbergia latifolia,24.5
Dalbergia sissoo,14.0208
Danthonia alpina,0.3
Danthonia californica,1.3
Danthonia decumbens,0.4
Danthonia spicata,0.07
Daphnandra micrantha,36.58
Daphne cneorum,0.4
Daphne laureola,1.8
Daphne mezereum,2
Daphne striata,0.35
Daphnopsis americana,14.9352
Daphnopsis philippiana,3.3528
Dasistoma macrophyllum,1.3
Datura stramonium,2
Daucus carota,1
Daucus glochidiatus,0.68
Daucus pusillus,0.9
Daviesia leptophylla,1.83
Davilla nitida,0
Decaspermum fruticosum,12.19
Decodon verticillatus,2.5
Delonix regia,18.5928
Delphinium elatum,1.8
Delphinium menziesii,0.7
Delphinium nuttallianum,0.7
Dendrobangia boliviana,0
Dendrocnide excelsa,36.58
Dendrocnide sinuata,10
Dendropanax arboreum,18
Dendropanax arboreus,30
Dendropanax caucanus,15.5
Dendropanax cuneatus,10
Dendropanax ravenii,4.3
Denhamia pittosporoides,15.24
Desbordesia insignis,25
Deschampsia cespitosa,2
Deschampsia flexuosa,0.4
Deschampsia littoralis,0.3
Deschampsia media,0.2
Deschampsia setacea,0.15
Descurainia pinnata,0.6
Descurainia sophia,1
Desfontainia fulgens,6.5
Desmanthus illinoensis,1
Desmodium dillenii,0.6
Desmodium paniculatum,1
Desmodium pauciflorum,0.5
Desmodium rigidum,0.9
Desmoncus chinantlensis,0
Desmopsis panamensis,11
Desplatsia dewevrei,10
Deutzia scabra,2.5
Dialium aubrevillei,43.7
Dialium bipindense,20
Dialium guianense,40
Dialium pachyphyllum,42.7
Dianella revoluta,0.95
Dianthus arenarius,0.3
Dianthus armeria,0.6
Dianthus barbatus,0.5
Dianthus carthusianorum,0.4
Dianthus caryophyllus,0.7
Dianthus deltoides,0.45
Dianthus gratianopolitanus,0.2
Dianthus plumarius,0.3
Dianthus seguieri,0.45
Dianthus superbus,0.53
Dianthus sylvestris,0.1
Diapensia lapponica,0.05
Diatenopteryx sorbifolia,22
Dichanthelium aciculare,0.4
Dichanthelium acuminatum,1
Dichanthelium oligosanthes,0.6
Dichanthelium sphaerocarpon,0.5
Dichapetalum gelonioides,7
Dichapetalum nervatum,0
Dichapetalum pedunculatum,0
Dichapetalum rugosum,0
Dichelachne crinita,0.43
Dichelostemma capitatum,0.483
Dichondra repens,0.02
Dichopogon strictus,0.6
Dichostemma glaucescens,8
Dichrostachys dumetaria,4.4
Dicranostyles ampla,0
Dictamnus albus,1
Dictyoloma peruvianum,9.9
Didymopanax morototoni,28
Digitalis grandiflora,0.7
Digitalis lutea,0.4
Digitalis purpurea,1.5
Digitaria argyrograpta,0.064
Digitaria cognata,0.7
Digitaria eriantha,0.6368
Digitaria ischaemum,0.4
Digitaria longiflora,0.193
Digitaria sanguinalis,0.3
Dillenia pentagyna,28
Dillwynia phylicoides,1.38
Dilodendron bipinnatum,9.9
Dimocarpus longan,31
Dioclea malacocarpa,0
Dioscorea communis,3
Dioscorea villosa,5
Diospyros aequoris,5
Diospyros artanthifolia,18
Diospyros australis,9.14
Diospyros bipindensis,35
Diospyros canaliculata,4
Diospyros candolleana,14
Diospyros crassiflora,20
Diospyros crumenata,6
Diospyros ebenum,5.5
Diospyros ferrea,6
Diospyros hoyleana,6
Diospyros iturensis,6
Diospyros mannii,15
Diospyros paniculata,20
Diospyros pentamera,39.62
Diospyros poeppigiana,9.9
Diospyros pseudoxylopia,9.9
Diospyros subrotata,9.9
Diospyros sylvatica,26
Diospyros texana,11.5824
Diospyros virginiana,40.2336
Diphasiastrum alpinum,0.1
Diphasiastrum complanatum,0.15
Diphysa occidentalis,6
Diploglottis cunninghamii,30.48
Diplokeleba floribunda,9.9
Diplostephium rupestre,1
Diplotaxis muralis,0.5
Diplotaxis tenuifolia,0.8
Diplotaxis viminea,0.1
Dipsacus fullonum,1.8
Dipsacus laciniatus,1.1
Dipsacus pilosus,1.2
Dipsacus sativus,1.3
Dipsacus strigosus,1.61
Dipterocarpus conformis,6.18
Dipterocarpus indicus,30
Dipteryx alata,9.9
Dipteryx micrantha,44.1
Dipteryx odorata,9.9
Dipteryx oleifera,43
Dipteryx panamensis,48
Diptychandra aurantiaca,7
Dirca occidentalis,2.3
Disciphania calocarpa,0
Discoglypremna caloneura,25
Distichlis spicata,0.4
Distictella magnoliifolia,0
Ditta myricoides,5.4864
Dodecatheon clevelandii,0.285
Dodonaea triquetra,3.5
Dodonaea viscosa,6.7056
Doliocarpus multiflorus,0
Dontostemon micranthus,0.169
Doronicum austriacum,1
Doronicum columnae,0.4
Doronicum glaciale,0.15
Doronicum grandiflorum,0.45
Doronicum pardalianches,0.75
Dorycnium hirsutum,0.5
Dorycnium pentaphyllum,0.3
Doryphora sassafras,36.58
Draba aizoides,0.15
Draba dubia,0.03
Draba fladnizensis,0.02
Draba incana,0.5
Draba muralis,0.3
Draba norvegica,0.05
Draba reptans,0.13
Draba sauteri,0.03
Draba siliquosa,0.03
Draba tomentosa,0.05
Draba verna,0.09
Dracaena fragrans,9.4488
Dracocephalum ruyschiana,0.55
Dracontium gigas,0
Dracophyllum longifolium,3
Dracophyllum traversii,10
Drimys winteri,14.7
Drosanthemum floribundum,0.8
Drosera anglica,0.1
Drosera intermedia,0.1
Drosera peltata,0.41
Drosera rotundifolia,0.18
Dryas integrifolia,0.05
Dryas octopetala,0.5
Dryobalanops lanceolata,6.56
Dryopteris affinis,1.6
Dryopteris carthusiana,0.6
Dryopteris cristata,0.8
Dryopteris dilatata,1
Dryopteris expansa,0.7
Dryopteris filix-mas,1.2
Dryopteris mindshelkensis,0.45
Drypetes alba,6.096
Drypetes amazonica,25
Drypetes diversifolia,14.0208
Drypetes glauca,17.0688
Drypetes gossweileri,6
Drypetes lasiogyna,27.43
Drypetes lateriflora,7.0104
Drypetes malabarica,9
Drypetes oblongifolia,13.5
Drypetes paxii,11
Drypetes standleyi,29
Drypetes venusta,27
Duboisia myoporoides,12.19
Duboscia macrocarpa,8
Duguetia furfuracea,7
Duguetia lanceolata,17
Duguetia marcgraviana,9.9
Duguetia spixiana,18
Dulacia candida,9.9
Duranta serratifolia,10.09
Dussia macroprophyllata,0
Dussia mexicana,40
Dysoxylum fraserianum,39.62
Dysoxylum malabaricum,27
Dysoxylum mollissimum,39.62
Dysoxylum rufum,18.29
Dysphania botrys,0.7
Dystovomita paniculata,0
Ebenopsis ebano,16.1544
Ecclinusa lanceolata,9.9
Ecclinusa ramiflora,9.9
Echinacea purpurea,0.9
Echinochloa crus-galli,0.85
Echinochloa walteri,2
Echinocystis lobata,6
Echinops sphaerocephalus,1.6
Echium plantagineum,0.6
Echium vulgare,0.9
Ehretia acuminata,27.43
Ehretia anacua,12.8016
Elaeagnus angustifolia,20
Elaeagnus commutata,4
Elaeis oleifera,3
Elaeocarpus dentatus,20
Elaeocarpus hookerianus,14
Elaeocarpus kirtonii,30.48
Elaeocarpus obovatus,36.58
Elaeocarpus serratus,19
Elaeocarpus tuberculatus,29
Elaeodendron glaucum,4
Elaeodendron xylocarpum,9.9
Elaeoluma glabrescens,0
Elatine alsinastrum,0.5
Elatine hexandra,0.2
Elatine hydropiper,0.2
Elatine triandra,0.08
Elattostachys nervosa,15.24
Elattostachys xylocarpa,12.19
Eleocharis acicularis,0.1
Eleocharis acuminata,0.6
Eleocharis austriaca,0.4
Eleocharis geniculata,0.5
Eleocharis intermedia,0.4
Eleocharis interstincta,1
Eleocharis mamillata,0.4
Eleocharis melanocarpa,0.7
Eleocharis multicaulis,0.45
Eleocharis obtusa,0.7
Eleocharis ovata,0.3
Eleocharis palustris,1.5
Eleocharis parvula,0.08
Eleocharis quinqueflora,0.4
Eleocharis robbinsii,0.6
Eleocharis uniglumis,0.4
Eleusine indica,0.16
Elliottia racemosa,13.1064
Elsholtzia ciliata,0.45
Elymus canadensis,1.5
Elymus caninus,1
Elymus glaucus,1.8
Elymus pycnanthus,0.6
Elymus repens,1.3
Elymus trachycaulus,1.2
Elymus virginicus,1
Elytrigia repens,1
Emmenosperma alphitonoides,36.59
Emmotum nitens,9.9
Empetrum nigrum,1.2
Endiandra crassiflora,15.24
Endiandra discolor,36.58
Endiandra muelleri,12.19
Endlicheria multiflora,9.9
Endlicheria paniculata,9.9
Endlicheria sericea,15.5
Entandrophragma angolense,4
Entandrophragma candollei,7
Entandrophragma cylindricum,52.67
Enterolobium contortisiliquum,27
Enterolobium schomburgkii,9.9
Epacris impressa,1.53
Eperua leucantha,25
Eperua purpurea,25
Epigaea repens,0.3
Epilobium alpestre,1
Epilobium alsinifolium,0.3
Epilobium anagallidifolium,0.15
Epilobium angustifolium,2
Epilobium brunnescens,0.2
Epilobium ciliatum,1.5
Epilobium collinum,0.4
Epilobium dodonaei,0.9
Epilobium fleischeri,0.35
Epilobium hirsutum,2
Epilobium lanceolatum,0.6
Epilobium latifolium,0.2
Epilobium minutum,0.45
Epilobium montanum,0.8
Epilobium nutans,0.2
Epilobium obscurum,1
Epilobium palustre,0.6
Epilobium parviflorum,0.8
Epilobium roseum,0.8
Epilobium tetragonum,1
Epimedium alpinum,0.3
Epipactis atrorubens,0.3
Epipactis helleborine,1
Epipactis leptochila,0.5
Epipactis microphylla,0.15
Epipactis muelleri,0.55
Epipactis palustris,0.35
Epipactis purpurata,0.3
Epiprinus mallotiformis,23
Equisetum arvense,0.5
Equisetum fluviatile,1.5
Equisetum hyemale,1.5
Equisetum palustre,0.5
Equisetum pratense,0.5
Equisetum ramosissimum,1
Equisetum sylvaticum,0.5
Equisetum telmateia,2
Equisetum variegatum,0.3
Eragrostis cilianensis,0.8
Eragrostis curvula,0.6958
Eragrostis hypnoides,0.1
Eragrostis lehmanniana,0.4907
Eragrostis minor,0.2
Eragrostis pectinacea,0.8
Eragrostis pilosa,0.15
Eragrostis plana,0.2498
Eragrostis superba,0.2813
Eranthis hyemalis,0.15
Erechtites hieracifolia,3
Eremophila deserti,1.15
Eremophila glabra,1.9
Eremophila longifolia,3.5
Eremophila mitchellii,4
Eribroma oblongum,8
Erica ciliaris,0.6
Erica cinerea,0.6
Erica erigena,2
Erica herbacea,0.3
Erica lusitanica,3
Erica mackaiana,0.6
Erica tetralix,0.6
Erica vagans,0.8
Erigenia bulbosa,0.2
Erigeron acer,0.55
Erigeron alpinus,0.25
Erigeron andicola,0.15
Erigeron annuus,0.98
Erigeron atticus,0.55
Erigeron borealis,0.146
Erigeron gaudinii,0.25
Erigeron glabratus,0.25
Erigeron neglectus,0.1
Erigeron pulchellus,1.5
Erigeron speciosus,0.4
Erigeron strigosus,0.6
Erigeron uniflorus,0.08
Erinus alpinus,0.15
Eriobotrya japonica,5.24
Eriocoelum dzangensis,5
Eriodictyon californicum,2.7
Eriophorum angustifolium,0.6
Eriophorum latifolium,0.57
Eriophorum scheuchzeri,0.25
Eriophorum vaginatum,0.6
Eriophorum viridicarinatum,0.6
Eriophyllum confertiflorum,0.3
Eriophyllum lanatum,0.6
Eriostemon australasius,3
Eriotheca candolleana,15
Eriotheca globosa,9.9
Eriotheca macrophylla,24
Erisma uncinatum,9.9
Erithalis fruticosa,3.9624
Erodium cicutarium,0.6
Erodium lebelii,0.15
Erodium maritimum,0.3
Erodium moschatum,0.6
Erophila verna,0.25
Eruca vesicaria,0.3
Erucastrum gallicum,0.3
Erucastrum nasturtiifolium,0.4
Eryngium campestre,0.7
Eryngium maritimum,0.6
Eryngium planum,0.4
Erysimum cheiranthoides,0.9
Erysimum cheiri,0.6
Erysimum crepidifolium,0.5
Erysimum marschallianum,0.45
Erysimum odoratum,0.7
Erysimum repandum,0.2
Erythrina berteriana,10.3632
Erythrina costaricensis,9
Erythrina crista-galli,8
Erythrina flabelliformis,4.572
Erythrina folkersii,13
Erythrina herbacea,9.7536
Erythrina lanata,10
Erythrina poeppigiana,35
Erythrina ulei,25.1
Erythrochiton fallax,5
Erythronium americanum,0.15
Erythronium oregonum,0.35
Erythrophleum suaveolens,51.63
Erythroxylum areolatum,6.7056
Erythroxylum cumanense,6
Erythroxylum daphnites,9.9
Erythroxylum densum,6
Erythroxylum fimbriatum,0
Erythroxylum macrophyllum,13
Erythroxylum orinocense,9
Erythroxylum panamense,8
Erythroxylum rotundifolium,9
Erythroxylum rufum,5.4864
Erythroxylum sphaeranthum,23
Erythroxylum squamatum,9.9
Erythroxylum urbanii,3.6576
Eschscholzia californica,0.5
Eschweilera albiflora,9.9
Eschweilera longirachis,0
Eschweilera parvifolia,9.9
Esenbeckia berlandieri,8
Esenbeckia grandiflora,5
Esenbeckia leiocarpa,20
Eucalyptus camaldulensis,39.624
Eucalyptus deglupta,12.192
Eucalyptus dumosa,6
Eucalyptus globulus,52.1208
Eucalyptus grandis,16.764
Eucalyptus haemastoma,15
Eucalyptus intertexta,16.9
Eucalyptus paniculata,13
Eucalyptus robusta,32.3088
Eucalyptus socialis,8.3
Eucalyptus tricarpa,13.2
Eucalyptus umbra,20
Euchiton collinus,0.35
Eugenia acapulcensis,15
Eugenia axillaris,8.5344
Eugenia biflora,20.1168
Eugenia borinquensis,14.0208
Eugenia capuli,12
Eugenia casearioides,5
Eugenia coloradoensis,22
Eugenia confusa,14.0208
Eugenia cordata,17.0688
Eugenia corozalensis,8.5344
Eugenia earthiana,0
Eugenia florida,11
Eugenia foetida,7.3152
Eugenia galalonensis,16
Eugenia hammelii,0
Eugenia heterochroma,9.9
Eugenia involucrata,6
Eugenia lambertiana,9.9
Eugenia ligustrina,12.4968
Eugenia monticola,14.9352
Eugenia muricata,20
Eugenia nesiotica,21
Eugenia nigrita,6
Eugenia oerstediana,17
Eugenia pseudopsidium,9.144
Eugenia punicifolia,8
Eugenia pyriformis,10
Eugenia rekoi,6
Eugenia rhombea,9.144
Eugenia sarapiquensis,0
Eugenia sessiliflora,5.7912
Eugenia stahlii,20.1168
Eugenia uniflora,14.17
Eugenia xerophytica,5.1816
Eumachia boliviana,8
Euonymus atropurpureus,13.716
Euonymus europaeus,6
Euonymus indicus,14
Euonymus latifolius,6
Euonymus obovatus,0.6
Eupatorium cannabinum,1.5
Eupatorium maculatum,1.417
Eupatorium perfoliatum,1.5
Euphorbia amygdaloides,0.8
Euphorbia calcarata,7
Euphorbia cyparissias,0.3
Euphorbia dentata,0.4
Euphorbia dulcis,0.5
Euphorbia epithymoides,0.5
Euphorbia esula,0.8
Euphorbia exigua,0.3
Euphorbia falcata,0.4
Euphorbia glyptosperma,0.4
Euphorbia helioscopia,0.5
Euphorbia humifusa,0.15
Euphorbia hyberna,0.6
Euphorbia lathyris,1
Euphorbia lucida,1.3
Euphorbia maculata,0.1
Euphorbia nutans,0.6
Euphorbia palustris,1.45
Euphorbia paralias,0.4
Euphorbia peplus,0.3
Euphorbia petiolaris,4.8768
Euphorbia platyphyllos,0.8
Euphorbia polygonifolia,0.1
Euphorbia portlandica,0.4
Euphorbia salicifolia,0.7
Euphorbia schlechtendalii,7
Euphorbia segetalis,0.25
Euphorbia seguieriana,0.55
Euphorbia stenoclada,6.47
Euphorbia stricta,0.8
Euphorbia tirucalli,5.3
Euphrasia arctica,0.3
Euphrasia cambrica,0.08
Euphrasia campbellae,0.1
Euphrasia confusa,0.2
Euphrasia foulaensis,0.06
Euphrasia frigida,0.2
Euphrasia heslop-harrisonii,0.15
Euphrasia marshallii,0.12
Euphrasia micrantha,0.25
Euphrasia nemorosa,0.35
Euphrasia officinalis,0.45
Euphrasia ostenfeldii,0.12
Euphrasia pseudokemeri,0.2
Euphrasia rivularis,0.1
Euphrasia rostkoviana,0.35
Euphrasia rotundifolia,0.1
Euphrasia salisburgensis,0.2
Euphrasia scottica,0.25
Euphrasia tetraquetra,0.15
Eurya japonica,8
Eustachys paspaloides,0.3853
Eutaxia microphylla,0.65
Euterpe precatoria,28
Excoecaria oppositifolia,15.5
Exocarpos cupressiformis,8.67
Exostema caribaeum,13.4112
Exostema sanctae-luciae,6.096
Exothea paniculata,22.86
Eysenhardtia polystachya,6.4008
Fagopyrum esculentum,0.6
Fagopyrum tataricum,0.7
Fagus grandifolia,45.72
Fagus sylvatica,50
Falcaria vulgaris,0.6
Fallopia baldschuanica,5
Fallopia convolvulus,2
Fallopia dumetorum,3
Faramea multiflora,0
Faramea occidentalis,16
Faramea parvibractea,0
Faramea permagnifolia,4
Faramea sessilifolia,9.9
Faramea suerrensis,0
Ferdinandusa chlorantha,9.9
Ferdinandusa elliptica,9.9
Ferdinandusa guainiae,9.9
Ferdinandusa panamensis,0
Fernandoa ferdinandi,16
Festuca airoides,0.07
Festuca alpina,0.07
Festuca altissima,1
Festuca amethystina,0.6
Festuca arundinacea,2
Festuca beckeri,0.35
Festuca brevipila,0.2
Festuca curvula,0.35
Festuca duvalii,0.35
Festuca filiformis,0.35
Festuca gigantea,1.5
Festuca guestfalica,0.7
Festuca heteropachys,0.15
Festuca heterophylla,0.35
Festuca longifolia,0.2
Festuca nigrescens,0.9
Festuca norica,0.25
Festuca occidentalis,1.1
Festuca octoflora,0.4
Festuca ovina,0.45
Festuca pallens,0.2
Festuca patzkei,0.25
Festuca pratensis,0.8
Festuca psammophila,0.35
Festuca puccinellii,0.15
Festuca pulchella,0.3
Festuca quadriflora,0.1
Festuca rubra,0.9
Festuca rupicaprina,0.07
Festuca rupicola,0.55
Festuca trichophylla,0.45
Festuca valesiaca,0.3
Festuca vivipara,0.08
Ficus americana,8.5344
Ficus aripuanensis,9.9
Ficus aspera,4
Ficus aurea,25
Ficus beddomei,25
Ficus boliviana,46
Ficus callosa,36
Ficus calyptroceras,9.9
Ficus citrifolia,22.2504
Ficus crocata,15
Ficus eximia,9.9
Ficus gomelleira,9.9
Ficus guianensis,9.9
Ficus hispida,10.5
Ficus insipida,42.1
Ficus killipii,40
Ficus mathewsii,9.9
Ficus maxima,25
Ficus mucuso,9
Ficus nervosa,31
Ficus obliqua,48.77
Ficus obtusifolia,32
Ficus paraensis,9.9
Ficus pertusa,5
Ficus politoria,21.5
Ficus racemosa,7.5
Ficus tiliifolia,16.5
Ficus tonduzii,11
Ficus trigona,9.9
Ficus trigonata,19.812
Ficus virens,30.48
Ficus yoponensis,35
Filago gallica,0.191
Filago lutescens,0.3
Filago pyramidata,0.3
Filago vulgaris,0.4
Filipendula ulmaria,1.3
Filipendula vulgaris,0.8
Fimbriella lacera,0.6
Fimbristylis ferruginea,0.6
Firmiana simplex,13.4112
Fitzroya cupressoides,45.7
Flacourtia montana,22.5
Flindersia australis,39.62
Floerkea proserpinacoides,0.4
Flueggea acidoton,3.9624
Foeniculum vulgare,2.5
Forchhammeria pallida,12
Forestiera acuminata,12.4968
Forestiera phillyreoides,5.1816
Forestiera rhamnifolia,5
Forestiera segregata,5.4864
Forsteronia acouci,9.9
Forsteronia myriantha,0
Fragaria moschata,0.25
Fragaria ovalis,0.067
Fragaria vesca,0.69
Fragaria virginiana,0.15
Fragaria viridis,0.12
Frangula alnus,12.192
Frangula californica,9.144
Frangula purshiana,11.2776
Frankenia laevis,0.15
Franklinia alatamaha,11.2776
Fraxinus americana,45.4152
Fraxinus anomala,9.4488
Fraxinus berlandieriana,19.812
Fraxinus caroliniana,36.8808
Fraxinus dipetala,10.3632
Fraxinus excelsior,43
Fraxinus gooddingii,9.144
Fraxinus latifolia,38.1
Fraxinus nigra,47.244
Fraxinus ornus,8
Fraxinus pennsylvanica,43.8912
Fraxinus profunda,40.5384
Fraxinus quadrangulata,35.3568
Fraxinus texensis,21.9456
Fraxinus velutina,27.432
Fremontodendron californicum,7.9248
Fridericia florida,9.9
Fritillaria affinis,0.8
Fritillaria meleagris,0.3
Froelichia floridana,0.5
Fuchsia excorticata,13
Fuchsia magellanica,3
Fumana procumbens,0.2
Fumaria bastardii,1
Fumaria capreolata,1
Fumaria densiflora,1
Fumaria muralis,1
Fumaria occidentalis,1
Fumaria officinalis,1
Fumaria parviflora,1
Fumaria purpurea,1
Fumaria reuteri,1
Fumaria rostellata,0.4
Fumaria schleicheri,0.25
Fumaria vaillantii,1
Funtumia elastica,25
Gagea bohemica,0.08
Gagea lutea,0.3
Gagea minima,0.15
Gagea pratensis,0.2
Gagea spathacea,0.24
Galanthus nivalis,0.2
Galarhoeus villosus,0.8
Galathenium macrophyllum,1.4
Galax aphylla,0.5
Galearis spectabilis,0.17
Galega officinalis,1.2
Galeobdolon montanum,0.6
Galeopsis angustifolia,0.8
Galeopsis bifida,1
Galeopsis ladanum,0.8
Galeopsis pubescens,0.5
Galeopsis segetum,0.8
Galeopsis speciosa,1
Galeopsis tetrahit,1
Galinsoga parviflora,0.6
Galinsoga quadriradiata,0.8
Galium album,1.3
Galium aparine,2
Galium aristatum,0.55
Galium boreale,0.55
Galium ciliare,0.3
Galium circae,0.3
Galium concinnum,0.3
Galium debile,0.4
Galium glaucum,0.55
Galium labradoricum,0.3
Galium lucidum,0.55
Galium megalospermum,0.1
Galium mollugo,0.893
Galium murale,0.12
Galium noricum,0.1
Galium odoratum,0.45
Galium palustre,1.2
Galium parisiense,0.47
Galium porrigens,1.05
Galium pumilum,0.6
Galium rotundifolium,0.2
Galium saxatile,0.2
Galium schultesii,1.1
Galium spurium,1
Galium sterneri,0.25
Galium sylvaticum,0.95
Galium tinctorium,0.6
Galium tricornutum,0.74
Galium trifidum,0.4
Galium triflorum,0.8
Galium uliginosum,0.6
Galium verrucosum,0.2
Galium verum,1
Gallesia integrifolia,42
Gambeya lacourtiana,30
Garcinia aguilari,19.5
Garcinia cuneata,11
Garcinia epunctata,18
Garcinia gardneriana,25
Garcinia gummi-gutta,24
Garcinia intermedia,16.1
Garcinia macrophylla,9.9
Garcinia madruno,25
Garcinia magnifolia,29.6
Garcinia morella,17
Garcinia talbotii,29
Garrya elliptica,8.8392
Garrya wrightii,6.7056
Gastridium ventricosum,0.25
Gaudinia fragilis,0.4
Gaultheria procumbens,0.1
Gaultheria shallon,3
Gaura parviflora,3.6
Gaylussacia baccata,1.5
Gayophytum diffusum,0.6
Geijera parviflora,10.3
Geijera salicifolia,24.38
Geissanthus ambigua,15
Geissois benthamiana,30.48
Genipa americana,20
Genista anglica,0.8
Genista germanica,0.6
Genista pilosa,0.4
Genista tinctoria,2
Genistella sagittalis,0.25
Gentiana acaulis,0.05
Gentiana asclepiadea,0.8
Gentiana bavarica,0.1
Gentiana brachyphylla,0.04
Gentiana clusii,0.07
Gentiana cruciata,0.5
Gentiana lutea,1.2
Gentiana nivalis,0.15
Gentiana pannonica,0.55
Gentiana pneumonanthe,0.4
Gentiana punctata,0.55
Gentiana purpurea,0.6
Gentiana utriculosa,0.2
Gentiana verna,0.06
Gentianella amarella,0.45
Gentianella anglica,0.2
Gentianella aspera,0.2
Gentianella bohemica,0.25
Gentianella campestris,0.3
Gentianella germanica,0.35
Gentianella lutescens,0.35
Gentianella tenella,0.02
Gentianella uliginosa,0.2
Gentianopsis ciliata,0.3
Geonoma congesta,0
Geonoma cuneata,0
Geonoma deversa,0
Geonoma longevaginata,0
Geranium bohemicum,0.95
Geranium carolinianum,0.7
Geranium columbinum,0.6
Geranium dissectum,0.6
Geranium divaricatum,0.55
Geranium endressii,0.8
Geranium lucidum,0.4
Geranium maculatum,0.5
Geranium molle,0.4
Geranium palustre,0.9
Geranium phaeum,0.6
Geranium potentilloides,0.38
Geranium pratense,0.8
Geranium purpureum,0.5
Geranium pusillum,0.4
Geranium pyrenaicum,0.65
Geranium robertianum,0.545455
Geranium rotundifolium,0.4
Geranium sanguineum,0.45
Geranium sylvaticum,0.8
Geranium versicolor,0.6
Gesneria pedunculosa,7.3152
Geum canadense,1
Geum macrophyllum,1
Geum montanum,0.25
Geum reptans,0.12
Geum rivale,0.6
Geum rosii,0.3
Geum urbanum,0.8
Geum virginianum,0.6
Gilbertiodendron dewevrei,38.58
Gilia clivorum,0.18
Ginkgo biloba,15.24
Gladiolus communis,0.8
Gladiolus imbricatus,0.4
Gladiolus palustris,0.45
Glaucium corniculatum,0.5
Glaucium flavum,0.9
Glaux maritima,0.3
Glechoma hederacea,0.6
Gleditsia aquatica,31.3944
Gleditsia triacanthos,40
Gliricidia sepium,15
Globularia cordifolia,0.03
Globularia nudicaulis,0.15
Globularia punctata,0.25
Glochidion ellipticum,16
Gloeospermum boreale,0
Glyceria borealis,1
Glyceria canadensis,1
Glyceria declinata,0.5
Glyceria fluitans,0.9
Glyceria maxima,2
Glyceria nemoralis,0.9
Glyceria septentrionalis,1.5
Glyceria striata,1
Glycine clandestina,1.5
Glycine max,0.1915
Glycine soja,0.1591
Glycosmis pentaphylla,5
Gmelina leichhardtii,39.62
Gnaphalium hoppeanum,0.1
Gnaphalium uliginosum,0.2
Gnetum leyboldii,0
Gochnatia polymorpha,7
Goethalsia meiantha,30
Gomidesia lindeniana,9.4488
Gomphandra tetrandra,13
Gompholobium grandiflorum,1.8
Gompholobium latifolium,2.6
Goniothalamus cardiopetalus,6
Gonocarpus tetragynus,0.25
Goodyera oblongifolia,0.4
Goodyera repens,0.1
Gordonia lasianthus,33.528
Gossia acmenoides,18.29
Gossypium hirsutum,0.7696
Gouania lupuloides,0
Gouania polygama,0
Goupia glabra,15
Graffenrieda galeottii,0
Gratiola officinalis,0.4
Gratiola virginiana,0.39
Grevillea buxifolia,2
Grevillea speciosa,2.2
Grewia coriacea,3
Grewia microcarpa,16
Grindelia hirsutula,0.8
Grindelia integrifolia,0.8
Griselinia littoralis,17
Guaiacum angustifolium,7.9248
Guaiacum officinale,9.144
Guaiacum sanctum,9.4488
Guapira discolor,10.3632
Guapira fragrans,18.8976
Guapira macrocarpa,14
Guapira myrtiflora,9.9
Guapira obtusata,7.3152
Guapira opposita,9.9
Guapira standleyana,32
Guarea bullata,17
Guarea cedrata,45.5
Guarea chiricana,0
Guarea glabra,28
Guarea guidonia,30
Guarea kegelii,0
Guarea kunthiana,10
Guarea macrophylla,20
Guarea pterorhachis,20
Guarea purusana,25
Guarea rhopalocarpa,0
Guarea thompsonii,9
Guatteria aeruginosa,0
Guatteria amplifolia,13.5
Guatteria buchtienii,22
Guatteria caribaea,4.2672
Guatteria chiriquiensis,17
Guatteria diospyroides,0
Guatteria dumetorum,35
Guatteria hyposericea,9.9
Guatteria lasiocalyx,9.9
Guatteria pudica,16.4
Guatteria recurvisepala,0
Guatteria rostrata,20.4
Guazuma ulmifolia,30
Guettarda elliptica,21
Guettarda foliacea,11
Guettarda macrosperma,0
Guettarda odorata,7.3152
Guettarda ovalifolia,8.8392
Guettarda pungens,7.9248
Guettarda scabra,15.8496
Guettarda tikalana,20
Gunnera tinctoria,2
Gurania bignoniacea,0
Gurania costaricensis,0
Gurania makoyana,0
Gustavia superba,21
Gutierrezia sarothrae,0.4
Gyminda latifolia,7.3152
Gymnadenia conopsea,0.4
Gymnadenia odoratissima,0.2
Gymnanthes lucida,12.8016
Gymnocarpium dryopteris,0.4
Gymnocarpium robertianum,0.4
Gymnocladus dioicus,30.48
Gypsophila fastigiata,0.25
Gypsophila muralis,0.2
Gypsophila paniculata,0.9
Gypsophila perfoliata,0.6
Gypsophila repens,0.2
Gypsophila scorzonerifolia,1.6
Gyrocarpus americanus,7.7
Gyrocarpus jatrophifolius,12
Gyrocarpus mocinoi,7
Haematoxylum brasiletto,15
Hakea dactyloides,3.8
Hakea tephrosperma,8.3
Hakea teretifolia,3
Halesia carolina,33.528
Halesia diptera,32.004
Halesia parviflora,7.0104
Halfordia kendack,27.43
Halimione pedunculata,0.5
Halimione portulacoides,0.8
Halocarpus bidwillii,4
Halocarpus biformis,10
Hamamelis virginiana,10.668
Hamelia axillaris,4
Hamelia patens,6
Hammarbya paludosa,0.1
Hampea appendiculata,18
Hampea nutricia,10
Handroanthus albus,25
Handroanthus chrysotrichus,7
Handroanthus umbellatus,12
Handroanthus vellosoi,20
Hardenbergia violacea,2.5
Harpullia arborea,7
Harpullia pendula,24.38
Harungana madagascariensis,20.5
Hasseltia floribunda,25
Havardia campylacantha,8
Havardia pallens,12.4968
Hebe salicifolia,2.5
Hedeoma pulegioides,0.4
Hedera helix,30
Hedycarya arborea,15
Hedyosmum mexicanum,15
Hedypnois cretica,0.072
Hedysarum alpinum,0.1
Hedysarum hedysaroides,0.35
Hedysarum mackenzii,0.1
Heisteria acuminata,11
Heisteria concinna,18
Heisteria parvifolia,4
Heisteria scandens,0
Helianthella quinquenervis,0.259
Helianthemum apenninum,0.3
Helianthemum canadense,0.5
Helianthemum canum,0.15
Helianthemum grandiflorum,0.23
Helianthemum nummularium,0.5
Helianthemum oelandicum,0.1
Helianthus annuus,2.7
Helianthus giganteus,3
Helianthus grosse-serratus,3
Helianthus microcephalus,1.5
Helianthus occidentalis,1
Helianthus petiolaris,3
Helianthus tuberosus,2.5
Helichrysum arenarium,0.3
Helichrysum bracteatum,1.15
Helichrysum scorpioides,0.34
Helicia glabriflora,15.24
Heliconia imbricata,0
Heliconia latispatha,0
Heliconia pogonantha,0
Helicostylis tomentosa,9.9
Helictotrichon parlatorei,0.75
Helictotrichon pratense,1
Helictotrichon versicolor,0.2
Helietta apiculata,11
Helietta parvifolia,10.3632
Heliocarpus americanus,22
Heliocarpus appendiculatus,30
Heliocarpus mexicanus,23
Heliocarpus pallidus,14
Heliocarpus popayanensis,22.3
Heliopsis helianthoides,1.5
Heliotropium europaeum,0.25
Helleborus foetidus,0.8
Helleborus niger,0.3
Helleborus viridis,0.4
Hemerocallis fulva,0.75
Hemerocallis lilioasphodelus,0.5
Henriettea fascicularis,8.5344
Henriettea macfadyenii,17.0688
Henriettea squamulosum,17.3736
Henriettella tuberculosa,0
Hepatica nobilis,0.16
Heracleum austriacum,0.3
Heracleum lanatum,0.3
Heracleum mantegazzianum,5.5
Heracleum maximum,3
Heracleum sphondylium,3
Heritiera actinophylla,42.67
Herminium monorchis,0.15
Hernandia didymantha,0
Hernandia sonora,2.4384
Herniaria ciliolata,0.2
Herniaria glabra,0.3
Herniaria hirsuta,0.2
Herniaria incana,0.2
Herorchis coriophora,0.25
Herrania purpurea,8
Hesperis matronalis,0.9
Hesperocyparis macrocarpa,10.3632
Heteromeles arbutifolia,9.7536
Heteropogon contortus,0.3588
Heteropterys macrostachya,0
Heuchera micrantha,0.6
Hevea brasiliensis,9.9
Hexalobus crispiflorus,11
Hibbertia bracteata,1.3
Hibbertia obtusifolia,0.62
Hibiscus elatus,14.0208
Hibiscus moscheutos,3
Hibiscus rosa-sinensis,3.6576
Hibiscus syriacus,5.7912
Hibiscus tiliaceus,15.24
Hibiscus trionum,0.55
Hieracium albiflorum,1.2
Hieracium alpinum,0.15
Hieracium amplexicaule,0.3
Hieracium aurantiacum,0.15
Hieracium bifidum,0.15
Hieracium bupleuroides,0.2
Hieracium caesium,0.25
Hieracium caespitosum,0.3
Hieracium cymosum,0.3
Hieracium echioides,0.5
Hieracium floribundum,0.25
Hieracium fuscocinereum,0.35
Hieracium glaucum,0.3
Hieracium gronovii,1.2
Hieracium hoppeanum,0.1
Hieracium humile,0.25
Hieracium lachenalii,0.75
Hieracium lactucella,0.134
Hieracium maculatum,0.62
Hieracium murorum,0.2
Hieracium paniculatum,1.2
Hieracium piliferum,0.05
Hieracium pilosella,0.325
Hieracium piloselloides,0.15
Hieracium pilosum,0.1
Hieracium prenanthoides,0.9
Hieracium racemosum,0.4
Hieracium sabaudum,1.2
Hieracium scabrum,1.2
Hieracium schmidtii,0.1
Hieracium umbellatum,0.8
Hieracium villosum,0.2
Hierochloe alpina,0.3
Hierochloe australis,0.15
Hierochloe odorata,0.5
Hieronyma alchorneoides,36
Hieronyma duquei,9.9
Hieronyma oblonga,10
Himantoglossum hircinum,0.35
Himatanthus sucuuba,9.9
Hintonia latiflora,12
Hippocrepis comosa,0.4
Hippomane mancinella,14.0208
Hippophae rhamnoides,5
Hippotis panamensis,0
Hippuris vulgaris,0.6
Hiraea smilacina,0
Hirschfeldia incana,1.12
Hirtella americana,20
Hirtella glandulosa,9.9
Hirtella gracilipes,9.9
Hirtella hebeclada,13
Hirtella lemsii,0
Hirtella racemosa,23
Hirtella rugosa,5.4864
Hirtella triandra,23
Hoheria glabrata,10
Holacantha emoryi,7.62
Holcus lanatus,0.6
Holcus mollis,0.45
Holigarna arnottiana,15.5
Holigarna ferruginea,26
Holigarna grahamii,29
Holigarna nigra,10
Holocalyx balansae,20
Holodiscus discolor,2.857585
Holoptelea grandis,20
Holosteum umbellatum,0.55
Homalium letestui,3
Homalium racemosum,21.0312
Homalium zeylanicum,19
Homogyne alpina,0.08
Homogyne discolor,0.05
Honckenya peploides,0.4
Hopea parviflora,4
Hopea sangal,67.4
Hordelymus europaeus,1
Hordeum brachyantherum,1
Hordeum distichon,0.93
Hordeum jubatum,0.6
Hordeum marinum,0.2
Hordeum murinum,0.6
Hordeum pusillum,0.4
Hordeum secalinum,0.5
Hordeum spontaneum,0.451
Hordeum vulgare,1.5
Horminum pyrenaicum,0.15
Hornungia alpina,0.03
Hornungia petraea,0.15
Hornungia procumbens,0.08
Hottonia palustris,0.4
Houstonia canadensis,0.2
Hovea linearis,0.6
Humboldtia brunonis,17
Humiria balsamifera,9.9
Humulus lupulus,8
Hunteria ballayi,10
Huperzia selago,0.3
Hura crepitans,45
Hura polyandra,20
Hyacinthoides non-scripta,0.45
Hyacinthus orientalis,0.35
Hybanthus prunifolius,6
Hydnocarpus pentandrus,15
Hydrocharis morsus-ranae,0.08
Hydrocotyle foveolata,0.13
Hydrocotyle setulosa,0.02
Hydrocotyle vulgaris,0.3
Hyeronima clusioides,19.2024
Hyeronima oblonga,9.9
Hylodendron gabunense,40
Hymenaea courbaril,42.3
Hymenophyllum tunbrigense,0.07
Hymenosporum flavum,21.34
Hyoscyamus niger,0.8
Hyparrhenia filipendula,0.698
Hyparrhenia hirta,1.035
Hypelate trifoliata,11.8872
Hyperbaena ilicifolia,5
Hyperbaena laurifolia,14.0208
Hypericum androsaemum,1
Hypericum boreale,0.3
Hypericum calycinum,0.6
Hypericum canadense,0.2
Hypericum elegans,0.3
Hypericum elodes,0.3
Hypericum gentianoides,0.3
Hypericum gramineum,0.33
Hypericum gymnanthum,0.9
Hypericum hirsutum,1
Hypericum humifusum,0.3
Hypericum kalmianum,0.7
Hypericum maculatum,1
Hypericum majus,0.7
Hypericum montanum,0.8
Hypericum perforatum,1
Hypericum prolificum,1
Hypericum pulchrum,0.9
Hypericum tetrapterum,1
Hypericum undulatum,1
Hypochaeris glabra,0.4
Hypochaeris maculata,0.3
Hypochaeris radicata,0.6
Hypochaeris uniflora,0.25
Hypochoeris radicata,0.1
Hyssopus officinalis,0.45
Hystrix patula,1
Iberis amara,0.3
Iberis linifolia,0.4
Iberis umbellata,0.36
Ilex ambigua,8.2296
Ilex amelanchier,4.2672
Ilex aquifolium,24
Ilex cassine,20.7264
Ilex coriacea,8.2296
Ilex decidua,14.3256
Ilex inundata,9.9
Ilex laevigata,5.4864
Ilex longipes,3.6576
Ilex macfadyenii,10.0584
Ilex micrococca,17
Ilex myrtifolia,16.764
Ilex nitida,6.096
Ilex opaca,36.576
Ilex paraguariensis,7
Ilex skutchii,0
Ilex verticillata,5
Ilex vomitoria,9.7536
Illecebrum verticillatum,0.25
Illicium anisatum,10
Illicium floridanum,8.8392
Illicium macranthum,20
Illicium parviflorum,5.4864
Impatiens balsamina,0.6
Impatiens capensis,0.6
Impatiens glandulifera,2.5
Impatiens noli-tangere,1
Impatiens parviflora,1
Inga acreana,9.9
Inga acrocephala,27
Inga acuminata,13
Inga alba,9.9
Inga bourgonii,12
Inga capitata,9.9
Inga cayennensis,7
Inga cocleensis,14
Inga cylindrica,30
Inga densiflora,0
Inga disticha,9.9
Inga edulis,25
Inga goldmanii,23
Inga heterophylla,9.9
Inga ingoides,16.3
Inga jinicuil,0
Inga laurina,24.0792
Inga leiocalycina,0
Inga marginata,27
Inga mortoniana,0
Inga nobilis,35
Inga oerstediana,0
Inga pavoniana,24
Inga pezizifera,15
Inga pilosula,9.9
Inga punctata,15
Inga quaternata,20
Inga ruiziana,15
Inga sapindoides,21
Inga sertulifera,0
Inga skutchii,8.2
Inga spectabilis,19
Inga striata,21.5
Inga tarapotensis,9.9
Inga thibaudiana,30
Inga tomentosa,25
Inga tonduzii,0
Inga umbellifera,30
Inga venusta,0
Inga vera,28.956
Inula britannica,0.5
Inula conyza,1.3
Inula ensifolia,0.55
Inula germanica,0.55
Inula helenium,2
Inula helvetica,0.55
Inula hirta,0.4
Inula salicina,0.75
Ipomoea hederacea,1.5
Ipomoea philomega,0
Ipomoea squamosa,0
Ipomoea wolcottiana,15
Iresine arbuscula,24
Iresine arrecta,0
Iresine diffusa,0
Iriartea deltoidea,28
Iris aphylla,0.35
Iris germanica,0.7
Iris graminea,0.3
Iris pseudacorus,1
Iris pumila,0.15
Iris sibirica,0.75
Iris spuria,0.6
Iris variegata,0.2
Iris versicolor,0.95
Iris x germanica,0.4
Irvingia excelsa,5
Irvingia grandifolia,6
Iryanthera juruensis,9.9
Iryanthera laevis,9.9
Isatis tinctoria,1.2
Isolepis fluitans,0.05
Isolepis setacea,0.1
Isolona hexaloba,5
Isonandra lanceolata,26
Ixora elongata,4.5
Ixora ferrea,23.4696
Ixora nigricans,8
Ixora peruviana,5
Jacaranda copaia,32
Jacaranda glabra,9.9
Jacaranda macrantha,10
Jacaranda micrantha,18
Jacaranda mimosifolia,20.82
Jacaranda puberula,5
Jacaratia digitata,32.9
Jacaratia dolichaula,13
Jacaratia mexicana,15
Jacaratia spinosa,21
Jacobaea alpina,0.9
Jacobaea paludosa,1.7
Jacquinia armillaris,3.6576
Jacquinia keyensis,3.9624
Jagera pseudorhus,15.24
Jasione laevis,0.25
Jasione montana,0.25
Jatropha alamanii,6
Jatropha platyphylla,8
Jatropha sympetala,10
Jubelina wilburii,0
Juglans australis,25.2
Juglans californica,35.3568
Juglans cinerea,35.6616
Juglans hindsii,35.052
Juglans major,22.2504
Juglans microcarpa,16.1544
Juglans nigra,45
Juglans regia,25
Juncus acuminatus,0.8
Juncus acutiflorus,0.8
Juncus anceps,0.45
Juncus articulatus,0.6
Juncus atratus,0.95
Juncus balticus,1
Juncus biglumis,0.14
Juncus brachycarpus,0.9
Juncus brevicaudatus,0.7
Juncus bufonius,0.25
Juncus bulbosus,0.25
Juncus canadensis,1.2
Juncus capitatus,0.1
Juncus castaneus,0.11
Juncus compressus,0.3
Juncus conglomeratus,1
Juncus effusus,1.5
Juncus filiformis,0.45
Juncus gerardii,0.5
Juncus greenei,0.8
Juncus inflexus,0.6
Juncus interior,0.9
Juncus jacquinii,0.25
Juncus marginatus,0.7
Juncus maritimus,1
Juncus nodosus,0.6
Juncus pelocarpus,0.5
Juncus pygmaeus,0.1
Juncus ranarius,0.2
Juncus scirpoides,0.8
Juncus sphaerocarpus,0.15
Juncus squarrosus,0.5
Juncus stygius,0.25
Juncus subnodulosus,1
Juncus tenageia,0.2
Juncus tenuis,0.62
Juncus trifidus,0.3
Juncus triglumis,0.05
Juniperus ashei,30.7848
Juniperus californica,15.5448
Juniperus coahuilensis,18.288
Juniperus communis,14.0208
Juniperus deppeana,17.3736
Juniperus erythrocarpa,8.5344
Juniperus flaccida,16.764
Juniperus monosperma,25
Juniperus occidentalis,49.6824
Juniperus osteosperma,35
Juniperus pinchotii,9.144
Juniperus sabina,4
Juniperus scopulorum,15.24
Juniperus virginiana,38.1
Jurinea cyanoides,0.4
Kalmia angustifolia,1
Kalmia latifolia,6.096
Kalmia polifolia,0.7
Karwinskia latifolia,8
Keayodendron bridelioides,6
Kernera saxatilis,0.15
Kerria japonica,3
Khaya ivorensis,5
Kickxia elatine,0.5
Kickxia spuria,0.5
Klainedoxa gabonensis,13
Knautia arvensis,1
Knautia dipsacifolia,0.6
Knautia drymeia,0.6
Knema attenuata,27
Knightia excelsa,30
Kobresia myosuroides,0.3
Kobresia simpliciuscula,0.15
Koeberlinia spinosa,6.096
Koeleria glauca,0.15
Koeleria macrantha,0.4
Koeleria pyramidata,0.5
Koeleria vallesiana,0.1
Krigia virginica,0.3
Krugiodendron ferreum,11.2776
Kunzea ericoides,16
Kyllinga pumila,0.3
Laburnum anagyroides,9
Lacistema aggregatum,16
Lacmellea panamensis,22
Lactuca floridana,0.2
Lactuca muralis,0.9
Lactuca perennis,0.3
Lactuca quercina,0.8
Lactuca saligna,0.4
Lactuca sativa,0.75
Lactuca serriola,1.5
Lactuca tatarica,0.65
Lactuca tenerrima,0.18
Lactuca viminea,0.4
Lactuca virosa,1.23
Ladenbergia magnifolia,20
Laetia procera,36
Laetia thamnia,16
Lafoensia pacari,11
Lagenophora huegelii,0.24
Lagenophora stipitata,0.14
Lagerstroemia microcarpa,28
Lagophylla ramosissima,0.55
Lagrezia monosperma,5
Laguncularia racemosa,20.1168
Lamanonia ternata,14
Lamarckia aurea,0.08
Lambertia formosa,3
Lamiastrum galeobdolon,0.8
Lamium album,0.6
Lamium amplexicaule,0.3
Lamium hybridum,0.45
Lamium maculatum,0.6
Lamium moluccellifolium,0.4
Lamium purpureum,0.45
Lampranthus falciformis,0.3
Lamprocapnos spectabilis,0.8
Lannea welwitschii,10
Laportea canadensis,0.9
Lappula deflexa,1.03
Lappula echinata,0.6
Lappula squarrosa,0.52
Lappula virginiana,1.2
Lapsana communis,0.9
Larix decidua,46
Larix laricina,35.6616
Larix lyallii,39.9288
Larix occidentalis,62.1792
Larrea tridentata,2
Laser trilobum,0.8
Laserpitium latifolium,1
Laserpitium prutenicum,0.7
Laserpitium siler,0.7
Lasiopetalum ferrugineum,1.7
Lasthenia californica,0.165
Lathraea squamaria,0.3
Lathyrus aphaca,1
Lathyrus bauhinii,0.5
Lathyrus cicera,0.1124
Lathyrus heterophyllus,2
Lathyrus hirsutus,1
Lathyrus japonicus,1.5
Lathyrus laevigatus,0.6
Lathyrus latifolius,3
Lathyrus leucanthus,0.222
Lathyrus montanus,0.5
Lathyrus nevadensis,1
Lathyrus niger,0.8
Lathyrus nissolia,0.9
Lathyrus ochroleucus,0.9
Lathyrus odoratus,1.6
Lathyrus palustris,1.2
Lathyrus pannonicus,0.55
Lathyrus pratensis,1.2
Lathyrus sativus,1
Lathyrus sylvestris,2
Lathyrus tuberosus,1
Lathyrus vernus,0.4
Laurelia novae-zelandiae,30
Laureliopsis philippiana,19.8
Laurus nobilis,3.33
Lavandula angustifolia,0.45
Lavatera arborea,1.5
Lavatera cretica,1.5
Lavatera thuringiaca,1.1
Lawsonia inermis,5.1816
Laxoplumeria tessmannii,9.9
Leandra dichotoma,3
Leandra krugiana,3.048
Lechea stricta,0.4
Lechea tenuifolia,0.3
Lecythis ampla,46
Ledum palustre,0.48
Leea guineensis,2
Leea indica,12
Leersia oryzoides,1.5
Legousia hybrida,0.25
Legousia speculum-veneris,0.29
Leiospermum racemosum,26
Leitneria floridana,4.8768
Lembotropis nigricans,1.5
Lemna gibba,0.006
Lemna minor,0.006
Lemna trisulca,0.01
Lens culinaris,0.3
Lens orientalis,0.05445
Lenwebbia lasioclada,18.29
Leonia glycycarpa,6
Leonia racemosa,10
Leontodon autumnalis,0.46
Leontodon hispidus,0.6
Leontodon incanus,0.15
Leontodon taraxacoides,0.1
Leontopodium alpinum,0.2
Leonurus cardiaca,1
Leonurus marrubiastrum,1.2
Leopoldia tenuiflora,0.45
Lepechinia calycina,3.7
Lepidium campestre,0.6
Lepidium densiflorum,0.3
Lepidium graminifolium,0.6
Lepidium heterophyllum,0.45
Lepidium latifolium,1.3
Lepidium nitidum,0.229
Lepidium perfoliatum,0.3
Lepidium ruderale,0.3
Lepidium sativum,0.34
Lepidium virginicum,0.9
Lepidobotrys staudtii,15
Lepidosperma laterale,0.98
Lepidothamnus intermedius,9
Lepisanthes tetraphylla,19
Leplaea cedrata,25
Leptobalanus gardneri,9.9
Leptospermum polygalifolium,4
Leptospermum scoparium,8
Leptospermum trinervium,4.5
Lespedeza capitata,1.5
Lespedeza hirta,1.2
Lespedeza leptostachya,0.1
Leucaena lanceolata,12
Leucaena leucocephala,13.1064
Leucaena pulverulenta,8.2296
Leucaena retusa,6.4008
Leucanthemopsis alpina,0.05
Leucanthemum atratum,0.35
Leucanthemum ircutianum,0.8
Leucanthemum vulgare,0.7
Leucochloron incuriale,20
Leucojum aestivum,0.6
Leucojum vernum,0.15
Leucopogon fasciculatus,5
Levisticum officinale,1.6
Leycesteria formosa,2
Leymus arenarius,1
Leymus chinensis,0.219
Leymus mollis,1.5
Liatris aspera,0.238
Liatris cylindracea,0.5
Liatris spicata,2
Licania apetala,9.9
Licania arborea,9.9
Licania brittoniana,25
Licania corniculata,28.9
Licania harlingii,9.9
Licania heteromorpha,25
Licania hypoleuca,24.1
Licania kunthiana,9.9
Licania minutiflora,9.9
Licania oblongifolia,9.9
Licania platypus,33
Licania sparsipilis,15
Licania ternatensis,42
Licaria armeniaca,4
Licaria excelsa,19
Licaria misantlae,0
Licaria parvifolia,23.7744
Licaria pergamentacea,19.9
Licaria sarapiquensis,0
Licaria triandra,14
Ligusticum mutellina,0.4
Ligusticum mutellinoides,0.1
Ligusticum scoticum,0.9
Ligustrum japonicum,3.49
Ligustrum lucidum,25.04
Ligustrum ovalifolium,9.144
Ligustrum sinense,18.8976
Ligustrum vulgare,5
Lilium bulbiferum,0.8
Lilium columbianum,1.2
Lilium martagon,0.75
Lilium philadelphicum,0.8
Lilium superbum,2.5
Limonium bellidifolium,0.3
Limonium humile,0.4
Limonium minutum,0.3
Limonium vulgare,0.3
Limosella aquatica,0.08
Limosella australis,0.05
Linaria alpina,0.08
Linaria arvensis,0.25
Linaria genistifolia,1.2
Linaria purpurea,0.9
Linaria repens,0.8
Linaria spartea,0.55
Linaria supina,0.2
Linaria vulgaris,1
Lindackeria laurina,17
Lindera benzoin,9.7536
Lindernia dubia,0.15
Lindernia procumbens,0.1
Linnaea borealis,0.4
Linum austriacum,0.7
Linum bienne,0.6
Linum catharticum,0.25
Linum flavum,0.5
Linum leonii,0.25
Linum perenne,1
Linum tenuifolium,0.45
Linum usitatissimum,0.6
Linum virginianum,0.5
Linum viscosum,0.55
Liparis liliifolia,0.17
Liparis loeselii,0.22
Lipocarpha micrantha,0.15
Liquidambar styraciflua,304.4952
Liriodendron tulipifera,60
Listera cordata,0.25
Listera ovata,0.2
Lithocarpus densiflorus,48.768
Lithocarpus hancei,18
Lithocarpus xylocarpus,30
Lithospermum arvense,0.8
Lithospermum canescens,0.5
Lithospermum caroliniense,0.8
Lithospermum latifolium,0.9
Lithospermum officinale,1
Lithrea molleoides,9
Litsea areolata,36.58
Litsea calicaris,15
Litsea floribunda,19
Litsea glabrata,23.5
Litsea laevigata,20
Litsea mysorensis,18.5
Litsea oleoides,14
Littorella uniflora,0.15
Lloydia serotina,0.1
Lobelia dortmanna,0.05
Lobelia erinus,0.25
Lobelia inflata,0.8
Lobelia kalmii,0.5
Lobelia siphilitica,1
Lobularia maritima,0.3
Logfia arvensis,0.35
Logfia gallica,0.15
Logfia minima,0.2
Loiseleuria procumbens,0.3
Lolium multiflorum,0.6
Lolium perenne,0.5
Lolium remotum,0.76
Lolium rigidum,0.28
Lolium temulentum,0.75
Lomandra filiformis,0.43
Lomandra longifolia,0.88
Lomastelma smithii,18.29
Lomatia arborescens,12.19
Lomatia silaifolia,1.8
Lomatium nudicaule,0.9
Lomatium utriculatum,0.241
Lomatogonium carinthiacum,0.1
Lonchocarpus castilloi,30
Lonchocarpus constrictus,15
Lonchocarpus cruentus,21
Lonchocarpus cultratus,14
Lonchocarpus domingensis,14.0208
Lonchocarpus eriocarinalis,12
Lonchocarpus ferrugineus,0
Lonchocarpus glaucifolius,17.3736
Lonchocarpus guatemalensis,35
Lonchocarpus guillemineanus,25
Lonchocarpus heptaphyllus,31
Lonchocarpus hintonii,5
Lonchocarpus lanceolatus,9
Lonchocarpus longipedicellatus,11
Lonchocarpus magallanesii,15
Lonchocarpus minor,10
Lonchocarpus muehlbergianus,20
Lonchocarpus mutans,15
Lonchocarpus rugosus,15
Lonchocarpus torresiorum,8
Lonicera alpigena,1.5
Lonicera bella,1.5
Lonicera caerulea,1.5
Lonicera caprifolium,6
Lonicera dioica,3
Lonicera hispidula,6
Lonicera involucrata,5
Lonicera nigra,1.5
Lonicera periclymenum,6
Lonicera tatarica,3
Lonicera xylosteum,3
Lophira alata,3
Loranthus europaeus,1
Loreya mespiloides,0
Loricaria ilinissae,1
Lotus alpinus,0.1
Lotus angustissimus,0.3
Lotus corniculatus,1.7
Lotus humistratus,0.127
Lotus pedunculatus,0.6
Lotus purshianus,0.325
Lotus scoparius,1.5
Lotus strigosus,0.265
Lotus subbiflorus,0.3
Lotus tenuis,0.9
Lovoa trichilioides,2
Lozania pittieri,0
Ludwigia alternifolia,1
Ludwigia palustris,0.5
Luehea candicans,9.9
Luehea cymulosa,41.3
Luehea divaricata,15
Luehea grandiflora,10
Luehea seemannii,32
Luehea speciosa,36
Lueheopsis duckeana,9.9
Lunania mexicana,20
Lunania parviflora,15
Lunaria annua,0.7
Lunaria rediviva,1.2
Lupinus albus,1
Lupinus angustifolius,0.6
Lupinus arboreus,2.5
Lupinus arcticus,0.5
Lupinus argenteus,0.218
Lupinus bicolor,0.4
Lupinus luteus,0.54
Lupinus nanus,0.25
Lupinus nootkatensis,1
Lupinus perennis,0.6
Lupinus polyphyllus,1.5
Luronium natans,0.03
Luzula alpinopilosa,0.3
Luzula arctica,0.25
Luzula campestris,0.38
Luzula comosa,0.6
Luzula confusa,0.25
Luzula desvauxii,0.55
Luzula forsteri,0.2
Luzula glabrata,0.2
Luzula luzulina,0.2
Luzula luzuloides,0.7
Luzula meridionalis,0.23
Luzula multiflora,0.35
Luzula nivea,0.9
Luzula pilosa,0.3
Luzula spicata,0.3
Luzula sudetica,0.4
Luzula sylvatica,0.5
Lychnis alpina,0.15
Lychnis flos-cuculi,0.75
Lychnis viscaria,0.6
Lycium barbarum,3
Lycium chinense,3
Lycopersicon esculentum,1.5
Lycopodiella inundata,0.1
Lycopodium annotinum,0.2
Lycopodium clavatum,0.2
Lycopus europaeus,1.3
Lycopus exaltatus,1.2
Lycopus uniflorus,0.8
Lyonia ferruginea,13.716
Lyonia lucida,2
Lyonia rubiginosa,14.9352
Lysiloma divaricatum,20
Lysiloma latisiliquum,15.24
Lysimachia nemorum,0.4
Lysimachia nummularia,0.6
Lysimachia punctata,1
Lysimachia terrestris,0.8
Lysimachia thyrsiflora,0.7
Lysimachia vulgaris,1.5
Lythrum hyssopifolia,0.6
Lythrum portula,0.25
Lythrum salicaria,1.2
Mabea fistulifera,9.9
Mabea inodora,8
Mabea occidentalis,0
Macaranga barteri,30
Macaranga macropoda,19
Macaranga monandra,13
Macaranga peltata,26
Macaranga spinosa,20
Macaranga tanarius,12.19
Machaerium acutifolium,9.9
Machaerium affine,9.9
Machaerium floribundum,0
Machaerium hirtum,9
Machaerium jacarandifolium,15
Machaerium nyctitans,13
Machaerium robiniifolium,9.9
Machaerium saraense,6
Machaerium seemannii,0
Machaerium stipitatum,15
Machaerium villosum,25
Machaonia portoricensis,3.3528
Machilus thunbergii,15
Machilus yunnanensis,24
Maclura pomifera,25.2984
Maclura tinctoria,30
Macrocnemum roseum,20
Macrolobium acaciifolium,9.9
Macrolobium costaricense,0
Macrozamia communis,2.1
Madhuca neriifolia,8.5
Maesa indica,7
Maesa japonica,0.5
Maesopsis eminii,17
Magnolia acuminata,41.7576
Magnolia ashei,15.8496
Magnolia fraseri,36.8808
Magnolia grandiflora,304.4952
Magnolia macrophylla,28.6512
Magnolia ovata,25
Magnolia portoricensis,20.1168
Magnolia pyramidata,25.6032
Magnolia schiedeana,25
Magnolia splendens,11.5824
Magnolia tripetala,29.5656
Magnolia virginiana,304.4952
Magonia pubescens,4
Mahonia aquifolium,2
Maianthemum bifolium,0.2
Maianthemum canadense,0.22
Maianthemum dilatatum,0.35
Maianthemum racemosum,1
Malaxis monophyllos,0.12
Mallotus aureo-punctatus,8
Mallotus philippensis,22.5
Mallotus philippinensis,15.24
Mallotus tetracoccus,21.5
Malpighia emarginata,7
Malpighia novogaliciana,7
Malpighia ovata,8
Malpighia romeroana,4
Malpighia rzedowskii,4
Malus angustifolia,15.24
Malus coronaria,15.24
Malus domestica,10
Malus fusca,24.0792
Malus ioensis,14.0208
Malus pumila,12
Malus sylvestris,13.4112
Malva alcea,1
Malva moschata,0.8
Malva neglecta,0.6
Malva pusilla,0.3
Malva sylvestris,0.9
Malva verticillata,1.8
Mammea africana,10
Mammea americana,20.4216
Mammea bongo,32.4
Mandevilla hirsuta,0
Mangifera indica,35.052
Manihot esculenta,1.5
Manihot oaxacana,6
Manilkara bidentata,14.9352
Manilkara jaimiqui,5.7912
Manilkara zapota,36.576
Mansonia altissima,47.04
Maprounea guianensis,9.9
Maprounea membranacea,3
Maquira coriacea,9.9
Maquira guianensis,15
Maranthes glabra,4
Maranthes panamensis,0
Marantochloa conferta,1
Margaritaria discoidea,10
Margaritaria indica,26
Margaritaria nobilis,30
Marila laxiflora,3
Marila pluricostata,0
Maripa nicaraguensis,0
Markhamia tomentosa,5
Marrubium peregrinum,0.6
Marrubium vulgare,1
Marsilea quadrifolia,0.15
Martinella obovata,0
Massularia acuminata,9
Mastichodendron foetidissimum,35.9664
Mastixia arborea,30
Matayba arborescens,9.9
Matayba clavelligera,0
Matayba domingensis,21.0312
Matayba elaeagnoides,10
Matayba elegans,9.9
Matayba glaberrima,15
Matayba guianensis,9.9
Matayba macrostylis,9.9
Matelea denticulata,0
Matricaria chamomilla,0.35
Matricaria discoidea,0.3
Matricaria matricarioides,0.3
Matteuccia struthiopteris,1.5
Matthiola incana,0.8
Matthiola sinuata,0.6
Mayepea leprocarpa,29
Mayna parvifolia,9.9
Maytenus floribunda,9.9
Maytenus laevigata,14.0208
Maytenus macrocarpa,9.9
Maytenus magellanica,14.2
Maytenus magnifolia,17
Maytenus phyllanthoides,5.4864
Maytenus ponceana,12.4968
Maytenus schippii,21
Medeola virginiana,0.9
Medicago arabica,0.5
Medicago lupulina,0.6
Medicago minima,0.3
Medicago polymorpha,0.8
Medicago sativa,0.5
Meineckia bartlettii,6
Meiocarpidium lepidotum,5
Meiogyne pannosa,19
Meiogyne ramarowii,28
Melaleuca quinquenervia,20.7264
Melaleuca uncinata,6.5
Melampyrum arvense,0.6
Melampyrum cristatum,0.5
Melampyrum lineare,0.5
Melampyrum pratense,0.6
Melampyrum sylvaticum,0.35
Melia azedarach,45.72
Melica ciliata,0.36
Melica nutans,0.3
Melica picta,0.3
Melica racemosa,0.3441
Melica uniflora,0.7
Melicoccus bijugatus,16.4592
Melicope lunu-ankenda,16
Melicope octandra,18.29
Melicytus ramiflorus,10
Melilotus altissimus,1.2
Melilotus dentatus,0.8
Melilotus indicus,0.5
Melilotus officinalis,1.5
Melinis nerviglumis,0.3568
Meliosma donnellsmithii,0
Meliosma herbertii,21.0312
Meliosma pinnata,19.5
Melissa officinalis,0.75
Melittis melissophyllum,0.5
Memecylon gracile,11.5
Memecylon malabaricum,9
Memecylon talbotianum,17
Memecylon wightii,13.5
Mendoncia gracilis,0
Mendoncia retusa,0
Mendoncia tonduzii,0
Mentha aquatica,0.9
Mentha arvensis,0.6
Mentha longifolia,0.95
Mentha piperita,0.7
Mentha pulegium,0.3
Mentha spicata,0.9
Mentha suaveolens,0.9
Menyanthes trifoliata,0.3
Mercurialis annua,0.5
Mercurialis ovata,0.4
Mercurialis perennis,0.4
Meriania urceolata,9.9
Mertensia maritima,0.6
Merxmuellera stricta,0.4782
Mespilus germanica,9
Mesua ferrea,36
Metopium toxiferum,12.192
Metrodorea flavida,9.9
Metrodorea nigra,6
Metrodorea stipularis,10
Metrosideros umbellata,20
Meum athamanticum,0.6
Meyna laxiflora,19
Mezilaurus itauba,39
Mibora minima,0.05
Michelia champaca,26
Michelia floribunda,23
Miconia affinis,9
Miconia ampla,20
Miconia appendiculata,0
Miconia argentea,20
Miconia bulbalina,9.9
Miconia calvescens,9.9
Miconia chamissois,0
Miconia chrysophylla,9.9
Miconia cinnamomifolia,18
Miconia dispar,9.9
Miconia dissitinervia,6
Miconia donaeana,11.7
Miconia dorsiloba,0
Miconia elaeagnoides,9.9
Miconia elata,6
Miconia fragilis,9.9
Miconia glaberrima,10
Miconia gracilis,0
Miconia holosericea,9.9
Miconia hondurensis,12
Miconia impetiolaris,5
Miconia laevigata,13.1064
Miconia ligulata,0
Miconia mirabilis,24.64
Miconia molybdea,14
Miconia multiflora,9.9
Miconia multispicata,0
Miconia myriantha,9.9
Miconia nervosa,4
Miconia osaensis,15
Miconia pachyphylla,7.0104
Miconia poeppigii,9.9
Miconia prasina,15
Miconia punctata,10
Miconia pycnoneura,7.3152
Miconia pyrifolia,9.9
Miconia racemosa,3.6576
Miconia serrulata,8.2296
Miconia simplex,0
Miconia splendens,9.9
Miconia stevensiana,0
Miconia tetrandra,21.0312
Miconia tomentosa,10
Miconia trichotoma,14.66
Miconia trinervia,16
Micrandra sprucei,20
Microberlinia bisulcata,1.19
Microdesmis puberula,4
Microlaena stipoides,0.4
Micropholis egensis,9.9
Micropholis garciniifolia,16.764
Micropholis gnaphaloclados,9.9
Micropholis guyanensis,19.5072
Micropholis venulosa,9.9
Micropus californicus,0.14
Micropyrum tenellum,0.25
Microseris douglasii,0.14
Microtropis wallichiana,13
Mikania guaco,0
Mikania hookeriana,0
Mikania vitifolia,0
Milicia excelsa,55.62
Milium effusum,1.2
Millettia laurentii,38.8
Millettia sanagana,8
Mimosa acantholoba,8
Mimosa arenosa,10
Mimosa myriadenia,0
Mimosa tenuiflora,8
Mimosa watsonii,0
Mimulus alsinoides,0.25
Mimulus aurantiacus,2.2
Mimulus glabratus,0.4
Mimulus guttatus,0.8
Mimulus luteus,0.5
Mimulus moschatus,0.4
Mimulus ringens,1
Mimusops elengi,14.5
Minquartia guianensis,0
Minuartia austriaca,0.1
Minuartia cherlerioides,0.05
Minuartia hybrida,0.15
Minuartia recurva,0.12
Minuartia rubella,0.15
Minuartia rubra,0.3
Minuartia rupestris,0.15
Minuartia sedoides,0.08
Minuartia setacea,0.1
Minuartia stricta,0.1
Minuartia verna,0.15
Minuartia viscosa,0.05
Misopates orontium,0.5
Mitchella repens,0.1
Moehringia ciliata,0.2
Moehringia lateriflora,0.2
Moehringia muscosa,0.15
Moehringia trinervia,0.4
Moenchia erecta,0.12
Molinia caerulea,1.2
Mollia lepidota,9.9
Mollinedia costaricensis,0
Mollinedia viridiflora,0
Mollugo verticillata,0.1
Monarda fistulosa,0.982
Monarda punctata,0.9
Moneses uniflora,0.15
Monodora tenuifolia,4
Monotoca scoparia,1.84
Monotropa hypopitys,0.3
Monotropa uniflora,0.3
Montia fontana,0.5
Morella cerifera,4.2672
Moringa oleifera,14.6304
Morisonia americana,7.3152
Mortoniodendron guatemalense,35
Morus alba,31.0896
Morus microphylla,10.668
Morus nigra,23.7744
Morus rubra,37.1856
Mosannona garwoodii,13
Mouriri acutiflora,9.9
Mouriri apiranga,9.9
Mouriri barinensis,22
Mouriri gleasoniana,13
Mouriri guianensis,9.9
Mouriri helleri,5.4864
Mouriri myrtilloides,16
Mouriri tuberculata,9
Moutabea gentryi,0
Mucuna holtonii,0
Muhlenbergia mexicana,0.09
Mulgedium alpinum,0.8
Mulgedium spicatum,4
Musanga cecropioides,40
Muscari botryoides,0.2
Muscari comosum,0.6
Muscari neglectum,0.15
Mussaenda arcuata,2.5
Myagrum perfoliatum,0.35
Mycelis muralis,1
Myosotis alpestris,0.2
Myosotis arvensis,0.6
Myosotis decumbens,0.3
Myosotis discolor,0.5
Myosotis laxa,0.4
Myosotis nemorosa,0.7
Myosotis ramosissima,0.4
Myosotis rehsteineri,0.05
Myosotis scorpioides,0.7
Myosotis secunda,0.6
Myosotis sparsiflora,0.35
Myosotis stolonifera,0.2
Myosotis stricta,0.1
Myosotis sylvatica,0.45
Myosoton aquaticum,1
Myosurus minimus,0.13
Myracrodruon urundeuva,10
Myrceugenia chrysocarpa,11.4
Myrceugenia exsucca,6
Myrcia amazonica,9.9
Myrcia citrifolia,8.2296
Myrcia deflexa,9.9
Myrcia fallax,13.1064
Myrcia gatunensis,11
Myrcia guianensis,9.9
Myrcia leptoclada,4.572
Myrcia multiflora,5
Myrcia paivae,9.9
Myrcia regnelliana,9.9
Myrcia selloi,5
Myrcia splendens,13.1064
Myrcia tenuivenosa,12
Myrcianthes fragrans,15.5448
Myrcianthes pungens,16.68
Myrciaria floribunda,14.0208
Myrianthus arboreus,8
Myrica californica,11.5824
Myrica cerifera,8.5344
Myrica gale,2.5
Myrica inodora,5.4864
Myrica pensylvanica,3.9624
Myricaria germanica,2
Myriocarpa longipes,10
Myriocarpa stipitata,15
Myriophyllum alterniflorum,1.2
Myriophyllum heterophyllum,1
Myriophyllum spicatum,2.5
Myriophyllum verticillatum,3
Myristica dactyloides,24
Myrocarpus frondosus,25
Myrospermum frutescens,26
Myroxylon balsamum,35
Myroxylon peruiferum,18
Myrrhis odorata,2
Myrsine coriacea,21.0312
Myrsine cubana,21.9456
Myrsine laetevirens,24
Myrsine salicina,10
Myrsine seguinii,7
Myrsine umbellata,9.9
Narcissus pseudonarcissus,0.35
Nardus stricta,0.4
Narthecium ossifragum,0.25
Nassella pulchra,0.65
Nasturtium microphyllum,0.65
Nasturtium officinale,0.6
Nauclea diderrichii,58.8
Naucleopsis naga,0
Navarretia jaredii,0.115
Neatostema apulum,0.22
Nectandra acutifolia,9.9
Nectandra ambigens,40
Nectandra cissiflora,19
Nectandra coriacea,24.9936
Nectandra cuspidata,9.9
Nectandra hihua,4.572
Nectandra krugii,7.62
Nectandra lanceolata,20
Nectandra lineata,13
Nectandra longifolia,9.9
Nectandra megapotamica,20
Nectandra membranacea,0
Nectandra oppositifolia,17
Nectandra purpurea,12
Nectandra reticulata,21
Nectandra salicifolia,23
Nectandra sanguinea,14
Nectandra turbacensis,30.48
Nectandra umbrosa,0
Neea amplifolia,9.9
Neea boliviana,25
Neea buxifolia,5.4864
Neea delicatula,0
Neea divaricata,30
Neea elegans,0
Neea hermaphrodita,13
Neea laetevirens,0
Neea ovalifolia,9.9
Nemopanthus collinus,6.096
Nemophila parviflora,0.3
Neolaugeria resinosa,21.9456
Neolitsea cassia,15.24
Neolitsea dealbata,6.1
Neolitsea scrobiculata,10
Neolitsea sericea,12
Neolitsea zeylanica,17.5
Neomyrtus pedunculata,5
Neopanax colensoi,7
Nepeta cataria,1
Nepeta grandiflora,0.7
Nepeta nuda,0.8
Nerium oleander,8.8392
Neslia paniculata,0.6
Nesogordonia papaverifera,30.2
Nicandra physalodes,1
Nicotiana glauca,6.096
Nicotiana rustica,0.9
Nicotiana tabacum,2
Nigella arvensis,0.34
Nigella damascena,0.61
Nigella sativa,0.35
Nigritella nigra,0.15
Nolina bigelovii,3.9624
Nonea pulla,0.45
Norantea guianensis,9.9
Noronhia linocerioides,25.6
Notelaea longifolia,9.14
Nothapodytes nimmoniana,13
Nothofagus betuloides,13.3
Nothofagus fusca,35
Nothofagus menziesii,30
Nothofagus nitida,37
Nothofagus solandri,27
Nothopegia beddomei,22
Nothopegia travancorica,8.5
Nuphar lutea,0.05
Nuphar pumila,0.05
Nymphaea alba,0.05
Nymphaea candida,0.05
Nymphoides peltata,0.05
Nyssa aquatica,40.2336
Nyssa biflora,43.2816
Nyssa ogeche,30.48
Nyssa sylvatica,42.672
Ochroma pyramidale,25
Ochthocosmus barrae,9.9
Ocotea aciphylla,9.9
Ocotea atirrensis,5
Ocotea catharinensis,27
Ocotea cernua,22
Ocotea corymbosa,15
Ocotea cymosa,23
Ocotea dendrodaphne,6
Ocotea floribunda,29.2608
Ocotea guianensis,25
Ocotea hartshorniana,34
Ocotea javitensis,18
Ocotea laetevirens,0
Ocotea leucoxylon,20.7264
Ocotea macropoda,0
Ocotea meziana,16
Ocotea mollifolia,10
Ocotea moschata,20.1168
Ocotea oblonga,22
Ocotea odorifera,16
Ocotea porosa,13
Ocotea puberula,27
Ocotea pulchella,10
Ocotea racemosa,16
Ocotea rivularis,12.7
Ocotea spathulata,3.9624
Ocotea velutina,20
Ocotea whitei,32
Ocotea wrightii,21.0312
Odontadenia macrantha,0
Odontadenia verrucosa,0
Odontites verna,0.45
Odontorchis tridentata,0.2
Odontorchis ustulata,0.15
Oemleria cerasiformis,3
Oenanthe aquatica,1.5
Oenanthe crocata,1.5
Oenanthe fistulosa,0.8
Oenanthe fluviatilis,1
Oenanthe lachenalii,1
Oenanthe peucedanifolia,0.5
Oenanthe pimpinelloides,1
Oenanthe sarmentosa,1
Oenanthe silaifolia,1
Oenocarpus bataua,23
Oenocarpus mapora,14
Oenothera biennis,1.9
Oenothera fruticosa,0.9
Oenothera glazioviana,1.8
Oenothera oakesiana,0.8
Oenothera parviflora,1.9
Oenothera rhombipetala,1.2
Oenothera rosea,0.26
Oenothera stricta,0.6
Olea dioica,23
Olea paniculata,30.48
Olearia avicenniifolia,7
Olearia colensoi,5
Olearia decurrens,1.8
Olearia ilicifolia,7
Olearia myrsinoides,1.27
Olearia pimeleoides,1.2
Olneya tesota,28.956
Olsynium douglasii,0.3
Omalotheca norvegica,0.35
Omalotheca supina,0.1
Omalotheca sylvatica,0.55
Omphalea oleifera,30
Omphalodes scorpioides,0.3
Omphalodes verna,0.12
Oncoba dentata,6
Oncoba glauca,70
Oncoba welwitschii,30
Ongokea gore,10
Onobrychis arenaria,0.2
Onobrychis montana,0.12
Onobrychis viciifolia,0.6
Ononis arvensis,0.6
Ononis natrix,0.5
Ononis reclinata,0.08
Ononis repens,0.6
Ononis spinosa,0.8
Onopordum acanthium,2.5
Onosma arenaria,0.4
Opercularia varia,0.28
Operculicarya decaryi,7.26
Ophioglossum vulgatum,0.2
Ophrys apifera,0.2
Ophrys fuciflora,0.2
Ophrys insectifera,0.3
Ophrys sphegodes,0.2
Opuntia ficus-indica,4.2672
Opuntia fragilis,0.2
Orchis anthropophora,0.2
Orchis mascula,0.25
Orchis militaris,0.25
Orchis morio,0.3
Orchis pallens,0.25
Orchis psychodes,0.5
Orchis purpurea,0.45
Orchis simia,0.3
Oreocallis pinnata,24.38
Oreochloa disticha,0.15
Oreocnide integrifolia,15
Oreopanax obtusifolius,15
Oreopanax peltatus,20
Oreopanax xalapensis,10
Oreopteris limbosperma,1
Origanum majorana,0.45
Origanum vulgare,0.8
Orites excelsus,30.48
Orlaya grandiflora,0.51
Ormosia amazonica,11
Ormosia arborea,17
Ormosia coarctata,9.9
Ormosia coccinea,18
Ormosia isthmensis,15
Ormosia krugii,18.8976
Ormosia macrocalyx,17
Ormosia nobilis,28
Ornithogalum boucheanum,0.35
Ornithogalum nutans,0.5
Ornithogalum orthophyllum,0.1
Ornithogalum umbellatum,0.3
Ornithopus compressus,0.29
Ornithopus perpusillus,0.45
Ornithopus pinnatus,0.15
Ornithopus sativus,0.6
Orobanche alba,0.25
Orobanche californica,0.35
Orobanche caryophyllacea,0.4
Orobanche elatior,0.7
Orobanche hederae,0.6
Orobanche loricata,0.6
Orobanche minor,0.6
Orobanche purpurea,0.45
Orobanche rapum-genistae,0.8
Orobanche reticulata,0.5
Orobanche uniflora,0.2
Orthantha lutea,0.5
Orthilia secunda,0.12
Orthion oblanceolatum,15
Orthion subsessile,14
Oryza rufipogon,0.255
Oryza sativa,0.62
Oryzopsis asperifolia,0.5
Oryzopsis pungens,0.3
Osmanthus americanus,14.0208
Osmorhiza claytonii,0.9
Osmunda regalis,1.5
Ossaea macrophylla,0
Ostrya chisosensis,9.7536
Ostrya knowltonii,13.4112
Ostrya virginiana,35.9664
Otoba novogranatensis,0
Otoba parvifolia,35
Otonephelium stipulaceum,28
Ouratea angulata,9.9
Ouratea castaneifolia,11
Ouratea littoralis,8.5344
Ouratea lucens,12
Ouratea macrobotrys,5
Ouratea osaensis,3
Ouratea rinconensis,6
Ouratea striata,12.192
Oxalis acetosella,0.12
Oxalis articulata,0.35
Oxalis corniculata,0.5
Oxalis perennans,0.3
Oxalis pes-caprae,0.2
Oxalis stricta,0.5
Oxalis violacea,0.25
Oxandra lanceolata,8.2296
Oxydendrum arboreum,32.6136
Oxypolis rigidior,1.5
Oxyria digyna,0.3
Oxytropis campestris,0.3
Oxytropis halleri,0.3
Oxytropis jacquinii,0.1
Oxytropis maydelliana,0.1
Oxytropis nigrescens,0.02
Oxytropis pilosa,0.25
Pachira aquatica,29
Pachira insignis,9.9
Pachira sessilis,24
Pachyrhizus erosus,0
Pachystroma longifolium,15
Packera paupercula,0.03
Padus avium,8.7
Padus serotina,30
Paeonia officinalis,0.9
Pagamea guianensis,9.9
Pagiantha heyneana,12
Pajanelia longifolia,34
Palaquium ellipticum,37
Palicourea acuminata,2
Palicourea beachiana,0
Palicourea crocea,3.6576
Palicourea croceoides,5.1816
Palicourea ernestii,4
Palicourea faxlucens,6
Palicourea guianensis,9
Palicourea hondensis,0
Palicourea subcuspidata,0
Panax quinquefolius,0.3
Pancovia laurentii,4
Panda oleosa,31.8
Panicum acuminatum,0.5
Panicum aequinerve,0.35
Panicum agrostoides,1
Panicum capillare,0.8
Panicum coloratum,0.1775
Panicum deustum,0.7152
Panicum dichotomiflorum,1.8
Panicum dichotomum,0.5
Panicum flexile,0.5
Panicum maximum,0.5148
Panicum miliaceum,0.9
Panicum virgatum,0.55
Panopsis rubescens,9.9
Papaver argemone,0.5
Papaver cambricum,0.6
Papaver dubium,1
Papaver hybridum,0.5
Papaver rhoeas,0.9
Papaver somniferum,1.1
Paracroton pendulus,18
Paragonia pyramidata,0
Parapholis strigosa,0.15
Parapiptadenia excelsa,24.4
Parapiptadenia rigida,25
Parashorea malaanonan,7.4
Parashorea tomentella,12.3
Parathesis crenulata,8.5344
Parathesis lenticellata,5
Parathesis trichogyne,0
Parentucellia viscosa,0.5
Parietaria judaica,0.4
Parietaria officinalis,1
Parietaria pensylvanica,0.8
Parinari campestris,9.9
Parinari excelsa,9.9
Parinari occidentalis,9.9
Paris quadrifolia,0.3
Parkia bicolor,6
Parkinsonia aculeata,11.2776
Parkinsonia florida,16.1544
Parnassia palustris,0.3
Parthenium integrifolium,1
Parthenocissus inserta,10
Parthenocissus quinquefolia,10
Parthenocissus tricuspidata,10
Pascopyrum smithii,1
Passiflora ambigua,0
Passiflora auriculata,0
Passiflora coriacea,0
Passiflora oerstedii,0
Passiflora pittieri,0
Passiflora quadrangularis,0
Passiflora vitifolia,0
Pastinaca sativa,1.8
Paullinia alata,0
Paullinia fibrigera,0
Paullinia fuscescens,0
Paullinia granatensis,0
Paullinia ingifolia,0
Paullinia pterocarpa,0
Paullinia rugosa,0
Paullinia serjaniifolia,0
Paulownia tomentosa,30.7848
Pauridiantha canthiiflora,20
Pausandra trianae,0
Pausinystalia macroceras,25
Pausinystalia talbotii,6
Pavetta indica,7
Paxistima myrsinites,1
Pedicularis canadensis,0.4
Pedicularis elongata,0.25
Pedicularis foliosa,0.5
Pedicularis lapponica,0.13
Pedicularis oederi,0.15
Pedicularis palustris,0.6
Pedicularis recutita,0.5
Pedicularis rostrato-spicata,0.4
Pedicularis rostratocapitata,0.15
Pedicularis sceptrum-carolinum,0.75
Pedicularis sylvatica,0.25
Pedicularis verticillata,0.25
Peltophorum dubium,20
Peltophorum pterocarpum,11.8872
Penianthus longifolius,3
Pennantia cunninghamii,24.38
Pennisetum glaucum,0.373
Penstemon laevigatus,1.5
Pentaceras australis,18.29
Pentaclethra eetveldeana,10
Pentaclethra macroloba,32
Pentaclethra macrophylla,44.7
Pentaglottis sempervirens,1
Pentagonia macrophylla,6
Pentagonia monocaulis,0
Pentaplaris davidsmithii,9.9
Pera anisotricha,9.9
Pera benensis,9.9
Pera glabrata,9.9
Pera obovata,8
Pera tomentosa,9.9
Peramium pubescens,0.4
Perebea angustifolia,0
Perebea mollis,9.9
Perebea tessmannii,9.9
Perebea xanthochyma,14
Perideridia gairdneri,1.2
Persea americana,22.86
Persea borbonia,41.4528
Persea macrantha,35
Persea palustris,10.9728
Persea silvatica,0
Persea urbaniana,14.0208
Persicaria hydropiper,0.6
Persicaria maculosa,1.47
Persicaria mitis,0.55
Persicaria punctata,0.15
Persicaria virginiana,1.2
Persoonia levis,4.4
Persoonia linearis,4.2
Petalostemon candidum,0.7
Petasites albus,0.8
Petasites frigidus,0.2
Petasites hybridus,1
Petasites paradoxus,0.6
Petasites spurius,0.3
Petersianthus macrocarpus,35
Petitia domingensis,20.1168
Petrea volubilis,0
Petrocallis pyrenaica,0.05
Petrorhagia dubia,0.55
Petrorhagia nanteuilii,0.5
Petrorhagia prolifera,0.5
Petrorhagia saxifraga,0.3
Petroselinum crispum,0.85
Petroselinum segetum,1
Peucedanum alsaticum,1
Peucedanum carvifolia,0.7
Peucedanum cervaria,0.5
Peucedanum officinale,2
Peucedanum oreoselinum,0.75
Peucedanum ostruthium,1
Peucedanum palustre,1.5
Phacelia tanacetifolia,0.92
Phalaris arundinacea,2.2
Phalaris canariensis,1.14
Phaleria chermsideana,7.62
Phaseolus polystachios,4
Phaseolus vulgaris,4
Phegopteris connectilis,0.3
Phenakospermum guianensis,9.9
Philadelphus coronarius,4
Philadelphus lewisii,3
Philotheca difformis,2
Phleum alpinum,0.25
Phleum arenarium,0.12
Phleum hirsutum,0.4
Phleum paniculatum,0.2
Phleum phleoides,0.4
Phleum pratense,1.5
Phlomis tuberosa,1.4
Phlox bifida,0.2
Phlox glaberrima,1
Phlox maculata,0.9
Phoebe lanceolata,7
Pholidostachys pulchra,0
Photinia serratifolia,4.2
Phragmites australis,4
Phyllanthus botryanthus,6
Phyllanthus discoideus,8
Phyllocarpus riedelii,50
Phyllocladus alpinus,8
Phyllocosmus africanus,30
Phyllodoce caerulea,0.25
Phyllospadix scouleri,0.4
Phyllostylon rhamnoides,14
Phyllota phylicoides,1.8
Physalis alkekengi,1
Physalis heterophylla,1
Physalis lanceolata,0.6
Physalis pruinosa,0.6
Physalis virginiana,1
Physocalymma scaberrimum,9.9
Physocarpus opulifolius,3
Physospermum cornubiense,1.2
Phyteuma betonicifolium,0.3
Phyteuma hemisphaericum,0.15
Phyteuma nigrum,0.25
Phyteuma orbiculare,0.4
Phyteuma ovatum,0.55
Phyteuma spicatum,0.4
Phytolacca americana,3
Phytolacca dioica,20
Picea abies,50
Picea breweriana,41.7576
Picea engelmannii,65.532
Picea glauca,39.624
Picea mariana,34.4424
Picea omorika,30
Picea pungens,60
Picea rubens,44.5008
Picea sitchensis,78.6384
Pickeringia montana,3
Picralima nitida,8
Picramnia latifolia,12
Picramnia pentandra,7.0104
Picramnia sellowii,8
Picris echioides,0.55
Picris hieracioides,0.93
Pictetia aculeata,14.0208
Pilea pumila,0.5
Pilocarpus racemosus,5.4864
Pilosella officinarum,0.033
Pilosella peleteriana,0.15
Pilosella schultesii,0.03
Pilosocereus robinii,7.0104
Pilosocereus royenii,8.8392
Pimelea linifolia,1.2
Pimelea microcephala,3
Pimenta dioica,17.0688
Pimenta racemosa,12.8016
Pimpinella major,1.2
Pimpinella saxifraga,1
Pinckneya bracteata,6.4008
Pinguicula alpina,0.05
Pinguicula grandiflora,0.2
Pinguicula lusitanica,0.15
Pinguicula vulgaris,0.15
Pinus albicaulis,56.0832
Pinus aristata,33.2232
Pinus arizonica,38.7096
Pinus attenuata,39.9288
Pinus balfouriana,33.8328
Pinus banksiana,32.6136
Pinus caribaea,47.7
Pinus cembra,15
Pinus cembroides,20.1168
Pinus clausa,39.3192
Pinus contorta,56.0832
Pinus coulteri,42.9768
Pinus discolor,12.192
Pinus echinata,42.9768
Pinus edulis,25
Pinus elliottii,148.1328
Pinus engelmannii,34.1376
Pinus flexilis,45
Pinus glabra,45.4152
Pinus jeffreyi,64.3128
Pinus lambertiana,79.8576
Pinus leiophylla,26.5176
Pinus longaeva,31.3944
Pinus monophylla,42.672
Pinus monticola,60.96
Pinus muricata,46.0248
Pinus nigra,40
Pinus palustris,38.1
Pinus pinaster,30
Pinus ponderosa,72.5424
Pinus pungens,28.6512
Pinus quadrifolia,16.1544
Pinus radiata,44.196
Pinus remota,8.8392
Pinus resinosa,38.4048
Pinus rigida,41.7576
Pinus sabiniana,50.5968
Pinus serotina,40.2336
Pinus strobiformis,35.3568
Pinus strobus,45.72
Pinus sylvestris,46
Pinus taeda,304.4952
Pinus torreyana,38.4048
Pinus virginiana,54.864
Pinus washoensis,44.196
Pinzona coriacea,0
Piper aduncum,6.4008
Piper aequale,4
Piper amalago,15
Piper arboreum,3
Piper auritifolium,0
Piper auritum,5
Piper colonense,5
Piper concepcionis,0
Piper cordulatum,3
Piper hispidum,3
Piper multiplinervium,0
Piper perlasense,3
Piper prismaticum,0
Piper reticulatum,10
Piper sancti-felicis,0
Piper tucumanum,10.94
Piptadenia flava,6
Piptadenia gonoacantha,15
Piptadenia obliqua,12
Piptadeniastrum africanum,50.5
Piptocarpha poeppigiana,0
Piranhea mexicana,20
Piscidia carthagenensis,12
Piscidia piscipula,12.4968
Pisonia albida,12.8016
Pisonia rotundata,8.5344
Pisonia subcordata,11.8872
Pisonia zapallo,21.32
Pisum sativum,1
Pithecellobium dulce,13.1064
Pithecellobium keyense,5.7912
Pithecellobium unguis-cati,11.5824
Pittoniotis trichantha,15
Pittosporum crassifolium,10
Pittosporum rhombifolium,9.14
Pittosporum undulatum,12.19
Plagiobothrys nothofulvus,0.45
Plagiostyles africana,20
Planchonella africana,20
Planera aquatica,39.0144
Plantago alpina,0.1
Plantago arenaria,0.35
Plantago atrata,0.15
Plantago coronopus,0.12
Plantago erecta,0.08
Plantago lagopus,0.25
Plantago lanceolata,0.45
Plantago major,0.6
Plantago maritima,2
Plantago media,0.8
Platanthera bifolia,0.25
Platanthera chlorantha,0.3
Platanthera clavellata,0.4
Platanthera flava,0.55
Platanthera hookeri,0.16
Platanthera leucophaea,1.5
Platanus occidentalis,47.244
Platanus racemosa,45.72
Platanus wrightii,34.7472
Platanus x hispanica cv.. acerifolia,40
Platycladus orientalis,19.812
Platycyamus regnellii,18
Platylobium formosum,1.64
Platymiscium floribundum,16
Platymiscium fragrans,9.9
Platymiscium lasiocarpum,18
Platymiscium pinnatum,30
Platymiscium ulei,18
Platymiscium yucatanum,22
Platypodium elegans,35
Platysepalum chevalieri,6
Plectritis congesta,0.6
Pleiostachya pruinosa,3
Pleonotoma variabilis,0
Pleradenophora bilocularis,3.9624
Pleuranthodendron lindenii,20
Pleurospermum austriacum,1.1
Pleurothyrium cuneifolium,17
Plukenetia stipellata,0
Plumeria alba,41.148
Plumeria obtusa,11.8872
Plumeria rubra,20
Poa alpina,0.25
Poa angustifolia,0.55
Poa annua,0.3
Poa arctica,0.08
Poa badensis,0.15
Poa bulbosa,0.6
Poa cenisia,0.3
Poa chaixii,0.9
Poa compressa,0.6
Poa glauca,0.15
Poa hybrida,1.25
Poa minor,0.15
Poa nemoralis,1
Poa palustris,1.1
Poa pratensis,0.8
Poa secunda,1.2
Poa sieberiana,0.3
Poa subcaerulea,0.27
Poa supina,0.15
Poa trivialis,0.6
Podocarpus coriaceus,9.144
Podocarpus lambertii,12
Podocarpus nubigenus,15.8
Podocarpus totara,20
Podophyllum peltatum,0.4
Podopterus mexicanus,7
Podospermum purpureum,0.45
Poecilanthe parviflora,20
Poeppigia procera,9.9
Pogonia ophioglossoides,0.3
Pogonopus tubulosus,7
Poincianella pluviosa,9.9
Poitea florida,14.6304
Polemonium caeruleum,0.9
Polyalthia coffeoides,19
Polyalthia fragrans,16
Polyalthia suaveolens,20
Polycarpon tetraphyllum,0.25
Polycnemum arvense,0.3
Polycnemum majus,0.2
Polycnemum verrucosum,0.15
Polygala alpestris,0.1
Polygala amara,0.1
Polygala amarella,0.15
Polygala calcarea,0.2
Polygala chamaebuxus,0.2
Polygala comosa,0.2
Polygala cruciata,0.26
Polygala oxyptera,0.2
Polygala paucifolia,0.1
Polygala penaea,14.9352
Polygala polygama,0.25
Polygala sanguinea,1.5
Polygala senega,0.5
Polygala serpyllifolia,0.3
Polygala verticillata,0.25
Polygala vulgaris,0.15
Polygonatum commutatum,2
Polygonatum multiflorum,0.8
Polygonatum odoratum,0.45
Polygonatum verticillatum,0.7
Polygonella articulata,0.3
Polygonum amphibium,0.75
Polygonum arenastrum,0.3
Polygonum aviculare,2
Polygonum bistorta,0.8
Polygonum boreale,1
Polygonum douglasii,0.4
Polygonum fowleri,0.5
Polygonum hydropiper,0.75
Polygonum lapathifolium,1
Polygonum maritimum,0.5
Polygonum minus,0.35
Polygonum oxyspermum,1
Polygonum persicaria,0.75
Polygonum ramosissimum,1
Polygonum rurivagum,0.3
Polygonum tenue,0.4
Polygonum viviparum,0.2
Polyosma cunninghamii,12.19
Polypodium vulgare,0.5
Polypogon monspeliensis,0.7
Polyscias elegans,27.43
Polyscias murrayi,15.24
Polystichum aculeatum,1
Polystichum braunii,0.6
Polystichum lonchitis,0.5
Polystichum munitum,1.5
Polystichum setiferum,1
Pomaderris ferruginea,2.2
Poncirus trifoliata,5.4864
Pongamia pinnata,8.5
Populus alba,30
Populus angustifolia,45
Populus balsamifera,53.0352
Populus canadensis,30
Populus deltoides,57
Populus fremontii,47.5488
Populus grandidentata,50.292
Populus heterophylla,37.1856
Populus nigra,30
Populus tremula,30
Populus tremuloides,65
Populus trichocarpa,48.1584
Poranthera microphylla,0.13
Portulaca oleracea,0.3
Posoqueria latifolia,23
Posoqueria maxima,0
Posoqueria panamensis,0
Potalia turbinata,0
Potamogeton alpinus,0.03
Potamogeton coloratus,0.03
Potamogeton gramineus,0.03
Potamogeton natans,0.03
Potamogeton nodosus,0.03
Potamogeton polygonifolius,0.03
Potentilla acaulis,0.029
Potentilla alba,0.2
Potentilla anglica,0.8
Potentilla anserina,0.5
Potentilla argentea,0.5
Potentilla aurea,0.1
Potentilla bifurca,0.1437
Potentilla brauniana,0.05
Potentilla canadensis,0.1
Potentilla caulescens,0.2
Potentilla cinerea,0.12
Potentilla clusiana,0.1
Potentilla crantzii,0.5
Potentilla erecta,0.3
Potentilla fruticosa,1.1
Potentilla heptaphylla,0.15
Potentilla hyparctica,0.03
Potentilla inclinata,0.4
Potentilla intermedia,0.44
Potentilla leucopolitana,0.3
Potentilla micrantha,0.1
Potentilla norvegica,0.66
Potentilla recta,0.7
Potentilla reptans,1
Potentilla rhenana,0.3
Potentilla rupestris,0.7
Potentilla silesiaca,0.3
Potentilla sterilis,0.15
Potentilla supina,0.4
Potentilla tabernaemontani,0.2
Potentilla tanacetifolia,0.2323
Potentilla thuringiaca,0.25
Potentilla thyrsiflora,0.3
Poulsenia armata,42
Pourouma bicolor,30
Pourouma cecropiifolia,20
Pourouma guianensis,9.9
Pourouma minor,9.9
Pouteria altissima,3
Pouteria aningeri,4
Pouteria bangii,9.9
Pouteria bulliformis,0
Pouteria caimito,9.9
Pouteria calistophylla,0
Pouteria campechiana,26
Pouteria cuspidata,9.9
Pouteria durlandii,23
Pouteria glomerata,9.9
Pouteria krukovii,35
Pouteria lecythidicarpa,10.9
Pouteria macrophylla,29
Pouteria multiflora,19.812
Pouteria nemorosa,35
Pouteria plicata,9.9
Pouteria ramiflora,9.9
Pouteria reticulata,32
Pouteria rhynchocarpa,8
Pouteria sapota,14.9352
Pouteria stipitata,22
Pouteria subrotata,21.1
Pouteria torta,25.4
Pouteria triplarifolia,15
Pouzolzia obliqua,12
Pradosia atroviolacea,0
Prenanthes purpurea,1.3
Prestoea acuminata,30.48
Prestoea decurrens,0
Prestonia portobellensis,0
Prestonia riverae,0
Primula auricula,0.2
Primula clusiana,0.05
Primula elatior,0.3
Primula farinosa,0.2
Primula matthioli,0.25
Primula minima,0.04
Primula scotica,0.1
Primula veris,0.3
Primula vulgaris,0.15
Prioria copaifera,35
Prockia crucis,7
Prosopis glandulosa,33.528
Prosopis pallida,15.5448
Prosopis pubescens,9.144
Prosopis velutina,14.0208
Protium apiculatum,9.9
Protium arachouchini,9.9
Protium confusum,21
Protium copal,22
Protium costaricense,16
Protium glabrescens,9.9
Protium glabrum,16.1
Protium heptaphyllum,15
Protium nodulosum,14
Protium panamense,19
Protium pecuniosum,20
Protium pilosissimum,9.9
Protium pittieri,0
Protium puncticulatum,9.9
Protium ravenii,0
Protium rhynchophyllum,9.9
Protium sagotianum,20
Protium spruceanum,9.9
Protium tenuifolium,20
Prumnopitys ferruginea,35
Prumnopitys taxifolia,40
Prunella grandiflora,0.25
Prunella laciniata,0.3
Prunella vulgaris,0.4
Prunus alleghaniensis,11.2776
Prunus americana,21.0312
Prunus angustifolia,26.2128
Prunus armeniaca,5
Prunus avium,30
Prunus caroliniana,14.3256
Prunus cerasifera,9.7
Prunus cerasus,23.1648
Prunus ceylanica,16
Prunus damascena,4.49
Prunus domestica,14.3256
Prunus emarginata,35.3568
Prunus fruticosa,2
Prunus hortulana,8.2296
Prunus ilicifolia,15.24
Prunus laurocerasus,10
Prunus lusitanica,12
Prunus lyonii,12.4968
Prunus mahaleb,10.9728
Prunus mexicana,11.8872
Prunus munsoniana,5.1816
Prunus myrtifolia,16.1544
Prunus nigra,15.5448
Prunus occidentalis,18.8976
Prunus padus,15
Prunus pensylvanica,29.2608
Prunus persica,17.6784
Prunus pumila,2.4
Prunus sargentii,8.74
Prunus serotina,44.196
Prunus serrulata,4.51
Prunus spinosa,4
Prunus subcordata,8.5344
Prunus umbellata,10.3632
Prunus vana,25
Prunus virginiana,30
Pseudobombax grandiflorum,20
Pseudobombax longiflorum,9.9
Pseudobombax marginatum,9.9
Pseudobombax septenatum,35
Pseudofumaria lutea,0.3
Pseudognaphalium luteoalbum,0.2
Pseudognaphalium obtusifolium,1
Pseudolmedia glabrata,30
Pseudolmedia laevigata,9.9
Pseudolmedia laevis,35
Pseudolmedia macrophylla,9.9
Pseudolmedia rigida,9.9
Pseudolmedia spuria,20.1168
Pseudomorus brunoniana,12.19
Pseudopanax crassifolius,13
Pseudopanax linearis,6
Pseudophoenix sargentii,7.62
Pseudorchis albida,0.2
Pseudotsuga macrocarpa,49.0728
Pseudotsuga menziesii,91.44
Pseudoweinmannia lachnocarpa,39.62
Pseudowintera axillaris,8
Pseudowintera colorata,10
Psidium cattleianum,4
Psidium friedrichsthalianum,19
Psidium guajava,9.144
Psidium longipes,20.1168
Psidium longipetiolatum,19
Psidium sartorianum,9.9
Psiguria warscewiczii,0
Psilurus incurvus,0.16
Psorothamnus spinosus,5.1816
Psychotria berteriana,10.0584
Psychotria brachiata,4.2672
Psychotria buchtienii,0
Psychotria chagrensis,2
Psychotria chiapensis,12
Psychotria cooperi,0
Psychotria deflexa,3
Psychotria elata,0
Psychotria flava,6
Psychotria furcata,1.5
Psychotria graciliflora,3
Psychotria grandis,8
Psychotria horizontalis,4
Psychotria limonensis,3
Psychotria macrocarpa,7
Psychotria marginata,4
Psychotria maricaensis,5.4864
Psychotria nigra,6
Psychotria panamensis,0
Psychotria simiarum,10
Psychotria suerrensis,0
Psychotria truncata,6
Psychrophila leptosepala,0.25
Psydrax dicoccos,10.5
Psydrax palma,12
Psydrax umbellata,13
Ptelea crenulata,6.7056
Ptelea trifoliata,10.668
Pteleopsis hylodendron,7
Pteridium aquilinum,2
Pterocarpus amazonum,35
Pterocarpus marsupium,13.1064
Pterocarpus officinalis,17.0688
Pterocarpus orbiculatus,15
Pterocarpus rohrii,35
Pterocarpus soyauxii,46
Pterocarpus steinbachianus,9.9
Pterocaulon pycnostachyum,0.5
Pterodon emarginatus,9.9
Pterygota amazonica,41.5
Puccinellia maritima,0.3
Pulicaria dysenterica,0.6
Pulicaria vulgaris,0.74
Pulmonaria angustifolia,0.25
Pulmonaria collina,0.2
Pulmonaria longifolia,0.4
Pulmonaria mollis,0.35
Pulmonaria montana,0.35
Pulmonaria officinalis,0.3
Pulsatilla patens,0.35
Pulsatilla pratensis,0.25
Pulsatilla vernalis,0.1
Pulsatilla vulgaris,0.25
Pultenaea daphnoides,2.6
Pultenaea flexilis,5
Pycnanthemum flexuosum,0.7
Pycnanthus angolensis,50.7
Pyrola chlorantha,0.3
Pyrola media,0.3
Pyrola minor,0.3
Pyrola rotundifolia,0.4
Pyrus communis,20
Pyrus cordata,4
Pyrus pyraster,20
Qualea cordata,9.9
Qualea paraensis,9.9
Qualea parviflora,9.9
Qualea polychroma,0
Qualea tessmannii,27.2
Quararibea asterolepis,33
Quararibea bracteolosa,0
Quararibea guatemalteca,19
Quararibea ochrocalyx,0
Quararibea turbinata,25.908
Quararibea wittii,9.9
Quararibea yunckeri,20
Quassia amara,7
Quercus acuta,18
Quercus agrifolia,35.3568
Quercus ajoensis,10.668
Quercus alba,52.4256
Quercus arizonica,17.0688
Quercus arkansana,28.956
Quercus austrina,25
Quercus bicolor,38.1
Quercus brandegei,25
Quercus buckleyi,25.2984
Quercus cerris,40
Quercus chapmanii,13.716
Quercus chrysolepis,46.9392
Quercus coccinea,50
Quercus douglasii,34.1376
Quercus durata,3
Quercus ellipsoidalis,39.0144
Quercus ellipsoidea,21
Quercus emoryi,24.6888
Quercus engelmannii,23.7744
Quercus falcata,45.72
Quercus fusiformis,25
Quercus gambelii,28.0416
Quercus garryana,35.6616
Quercus geminata,28.6512
Quercus georgiana,22.86
Quercus glaucoides,17.6784
Quercus graciliformis,20.1168
Quercus gravesii,15.5448
Quercus grisea,16.764
Quercus havardii,9.144
Quercus hemisphaerica,29.2608
Quercus hypoleucoides,25.908
Quercus ilex,25
Quercus ilicifolia,26.8224
Quercus imbricaria,33.8328
Quercus incana,24.9936
Quercus kelloggii,46.9392
Quercus laceyi,13.716
Quercus laevis,25.5
Quercus laurifolia,44.5008
Quercus lobata,49.6824
Quercus lyrata,47.5488
Quercus macrocarpa,39.624
Quercus margaretta,26.5176
Quercus margarettae,25.908
Quercus marilandica,34.4424
Quercus michauxii,47.5488
Quercus minima,21.6408
Quercus mohriana,5.4864
Quercus muehlenbergii,44.5008
Quercus myrtifolia,4
Quercus nigra,101.4984
Quercus oblongifolia,19.812
Quercus oglethorpensis,25.908
Quercus oleoides,29
Quercus pagoda,47.5488
Quercus palmeri,11.2776
Quercus palustris,45.72
Quercus petraea,45
Quercus phellos,46.9392
Quercus prinoides,7.62
Quercus pubescens,20
Quercus pumila,1.2
Quercus pyrenaica,21
Quercus robur,50
Quercus rubra,54.864
Quercus rugosa,14.3256
Quercus salicina,19
Quercus shumardii,44.8056
Quercus similis,35.3568
Quercus sinuata,34.1376
Quercus stellata,38.1
Quercus suber,2.77
Quercus texana,46.3296
Quercus toumeyi,8.2296
Quercus turbinella,13.1064
Quercus vaseyana,14.6304
Quercus velutina,45.1104
Quercus virginiana,36.2712
Quercus wislizeni,31.0896
Quercus xalapensis,30
Quiina cruegeriana,0
Quiina florida,9.9
Quiina macrophylla,0
Quintinia acutifolia,13
Quintinia serrata,12
Quintinia sieberi,21.34
Quintinia verdonii,21.34
Radiola linoides,0.1
Randia aculeata,6.096
Randia altiscandens,0
Randia armata,11
Randia thurberi,7
Ranunculus abortivus,0.6
Ranunculus aconitifolius,0.3
Ranunculus acris,1
Ranunculus alpestris,0.1
Ranunculus aquatilis,0.02
Ranunculus arvensis,0.6
Ranunculus auricomus,0.4
Ranunculus bulbosus,0.4
Ranunculus californicus,0.6
Ranunculus carinthiacus,0.1
Ranunculus fascicularis,0.25
Ranunculus ficaria,0.3
Ranunculus flammula,0.5
Ranunculus fluitans,0.03
Ranunculus glacialis,0.1
Ranunculus hederaceus,0.4
Ranunculus hybridus,0.1
Ranunculus illyricus,0.45
Ranunculus lanuginosus,0.6
Ranunculus lappaceus,0.52
Ranunculus lingua,1.5
Ranunculus montanus,0.2
Ranunculus muricatus,0.5
Ranunculus occidentalis,0.6
Ranunculus ololeucos,0.03
Ranunculus omiophyllus,0.25
Ranunculus ophioglossifolius,0.4
Ranunculus parviflorus,0.4
Ranunculus peltatus,0.03
Ranunculus penicillatus,0.02
Ranunculus pennsylvanicus,0.6
Ranunculus platanifolius,0.8
Ranunculus recurvatus,0.6
Ranunculus repens,0.6
Ranunculus reptans,0.3
Ranunculus sardous,0.45
Ranunculus sceleratus,0.6
Ranunculus serpens,0.6
Ranunculus tripartitus,0.03
Ranunculus uncinatus,0.9
Rapanea australis,7
Rapanea divaricata,4
Raphanus raphanistrum,0.8
Raphanus sativus,0.75
Rapistrum perenne,0.8
Rapistrum rugosum,0.8
Raukaua simplex,8
Rauvolfia caffra,17
Rauvolfia nitida,8.8392
Rauvolfia purpurascens,0
Rauvolfia vomitoria,7
Recchia mexicana,12
Reinwardtiodendron anamalaiense,22
Renealmia alpinia,0
Reseda alba,0.58
Reseda lutea,0.75
Reseda luteola,1.5
Reseda odorata,0.2
Reseda phyteuma,0.162
Retiniphyllum truncatum,4
Reynosia septentrionalis,8.5344
Reynosia uncinata,5.4864
Reynoutria japonica,2
Reynoutria sachalinensis,4
Rhamnidium elaeocarpum,10
Rhamnus alnifolia,0.9
Rhamnus californica,3.6
Rhamnus caroliniana,8.2296
Rhamnus cathartica,18.5928
Rhamnus crocea,7.9248
Rhamnus pumila,0.2
Rhamnus saxatilis,1
Rhamnus sphaerosperma,6
Rheedia brasiliensis,9.9
Rheum rhabarbarum,2
Rhexia virginica,0.45
Rhinanthus alectorolophus,0.8
Rhinanthus glacialis,0.6
Rhinanthus minor,0.6
Rhinanthus serotinus,0.7
Rhizophora mangle,20.1168
Rhodamnia argentea,30.48
Rhodiola rosea,0.3
Rhododendron arboreum,4.49
Rhododendron catawbiense,7.9248
Rhododendron ferrugineum,1.5
Rhododendron groenlandicum,0.4
Rhododendron hirsutum,1
Rhododendron lapponicum,0.5
Rhododendron macrophyllum,10.0584
Rhododendron maximum,11.2776
Rhododendron ponticum,5
Rhododendron semnoides,3.5
Rhodomyrtus vieillardii,12.19
Rhodosphaera rhodanthema,21.34
Rhodostemonodaphne kunthiana,27
Rhus choriophylla,6.096
Rhus copallinum,8.8392
Rhus diversiloba,2.6
Rhus glabra,15.8496
Rhus lanceolata,7.0104
Rhus ovata,9.7536
Rhus taratana,20.03
Rhus typhina,18.5928
Rhus virens,3.6576
Rhynchospora alba,0.6
Rhynchospora fusca,0.3
Rhynchospora macrostachya,2
Rhynchospora nitens,0.7
Rhynchospora scirpoides,0.3
Rhysotoechia bifoliolata,12.19
Rhytidosporum procumbens,0.4
Ribes alpinum,3
Ribes americanum,1.8
Ribes aureum,2.5
Ribes californicum,3.2
Ribes cynosbati,2
Ribes divaricatum,3.2
Ribes hirtellum,1.2
Ribes lacustre,2
Ribes malvaceum,2
Ribes nigrum,2
Ribes petraeum,2
Ribes reclinatum,0.6
Ribes rubrum,2
Ribes sanguineum,2.164557
Ribes spicatum,2
Ribes uva-crispa,1.2
Richeria grandis,25.2
Richeria obovata,0
Ricinodendron heudelotii,10
Ricinus communis,4.2672
Rinorea deflexiflora,10
Rinorea lindeniana,9.4
Rinorea oblongifolia,20
Rinorea sylvatica,7
Rinorea viridifolia,12
Rinoreocarpus ulei,9.9
Robinia neomexicana,21.6408
Robinia pseudoacacia,40.8432
Robinia viscosa,10.668
Robinsonella mirandae,30
Rochefortia acanthophora,4.572
Rollinia cuspidata,25
Rollinia herzogii,9.9
Rollinia peruviana,30
Rollinia pittieri,9.9
Rondeletia inermis,8.5344
Rondeletia pilosa,14.0208
Rorippa amphibia,1.2
Rorippa austriaca,1
Rorippa islandica,0.15
Rorippa palustris,0.65
Rorippa pyrenaica,0.35
Rorippa sylvestris,0.5
Rosa agrestis,2
Rosa arvensis,3
Rosa caesia,3
Rosa californica,1.9
Rosa canina,3
Rosa carolina,1.5
Rosa corymbifera,2.5
Rosa dumalis,1.88
Rosa elliptica,2
Rosa foetida,4
Rosa gallica,1.5
Rosa glauca,3
Rosa gymnocarpa,1.5
Rosa jundzillii,2
Rosa majalis,1.53
Rosa micrantha,3.5
Rosa mollis,1.7
Rosa multiflora,2
Rosa nutkana,3
Rosa obtusifolia,3
Rosa palustris,2.5
Rosa pendulina,2
Rosa rubiginosa,3
Rosa rugosa,1.5
Rosa sherardii,2
Rosa spinosissima,1.9
Rosa spithamea,0.9
Rosa stylosa,4
Rosa subcanina,1.57
Rosa tomentosa,2
Rosa villosa,2
Rostraria cristata,0.6
Rotala ramosior,0.14
Rothmannia hispida,4
Roupala montana,20
Rourea adenophora,0
Rourea suerrensis,0
Roystonea borinquena,24.384
Roystonea regia,30.1752
Ruagea glabra,9.9
Rubia cruciata,0.5
Rubia peregrina,1.2
Rubus adspersus,2
Rubus allegheniensis,1.5
Rubus armeniacus,2.5
Rubus bifrons,1
Rubus caesius,0.6
Rubus camptostachys,0.5
Rubus canadensis,3
Rubus canescens,1
Rubus chamaemorus,0.2
Rubus dethardingii,1.5
Rubus divaricatus,1.5
Rubus fabrimontanus,0.8
Rubus fasciculatus,2
Rubus ferocior,0.5
Rubus floricomus,1.4
Rubus fruticosus,4
Rubus gothicus,1
Rubus grabowskii,2.5
Rubus gracilis,2
Rubus gratus,1
Rubus guentheri,0.3
Rubus hispidus,2.4
Rubus hypomalacus,1
Rubus idaeus,2
Rubus infestus,1
Rubus koehleri,1
Rubus laciniatus,2
Rubus lamprocaulos,0.9
Rubus leucodermis,2
Rubus lobatidens,1.8
Rubus macrophyllus,1.5
Rubus mollis,0.5
Rubus montanus,2.5
Rubus nemoralis,2
Rubus nemorosus,0.8
Rubus nessensis,2
Rubus odoratus,2
Rubus opacus,2.5
Rubus orthostachys,0.5
Rubus pallidus,0.3
Rubus parviflorus,1.985294
Rubus pedemontanus,0.3
Rubus phoenicolasius,2
Rubus placidus,0.5
Rubus platyacanthus,2
Rubus plicatus,2
Rubus pruinosus,0.5
Rubus pyramidalis,0.5
Rubus radula,1
Rubus rudis,0.5
Rubus saxatilis,0.4
Rubus scaber,0.3
Rubus schleicheri,0.3
Rubus scissus,1
Rubus senticosus,2
Rubus silvaticus,0.5
Rubus sorbicus,1.5
Rubus spectabilis,4
Rubus sprengelii,1
Rubus sulcatus,3.5
Rubus tereticaulis,0.3
Rubus ulmifolius,2
Rubus ursinus,2.903226
Rubus vestitus,2.5
Rubus vigorosus,2.5
Rubus vulgaris,2
Rudbeckia hirta,0.804
Rudbeckia laciniata,2
Ruizodendron ovale,15
Rumex acetosa,1
Rumex acetosella,0.6
Rumex alpestris,0.9
Rumex alpinus,0.8
Rumex aquaticus,2
Rumex britannica,2
Rumex conglomeratus,1
Rumex crispus,1.5
Rumex frutescens,0.25
Rumex hydrolapathum,2
Rumex longifolius,1.2
Rumex maritimus,1
Rumex nivalis,0.1
Rumex obtusifolius,1.2
Rumex occidentalis,1.5
Rumex palustris,1
Rumex patientia,2
Rumex pulcher,0.6
Rumex rugosus,0.6
Rumex rupestris,0.7
Rumex sanguineus,1
Rumex scutatus,0.3
Rumex stenophyllus,0.7
Rumex thyrsiflorus,0.9
Ruprechtia apetala,16.85
Ruprechtia fusca,15
Ruprechtia laxiflora,29.74
Ruptiliocarpon caracolito,0
Ruta graveolens,0.45
Ryania speciosa,0
Rytidosperma caespitosum,0.45
Rytigynia membranacea,3
Sabal mexicana,17.3736
Sabal palmetto,32.9184
Sabatia angularis,0.6
Sabicea panamensis,0
Sabicea villosa,0
Sabulina michauxii,0.4
Sacoglottis mattogrossensis,9.9
Sacoglottis trichogyna,0
Sagina apetala,0.1
Sagina decumbens,0.15
Sagina maritima,0.15
Sagina nivalis,0.03
Sagina nodosa,0.15
Sagina procumbens,0.2
Sagina saginoides,0.07
Sagina subulata,0.08
Sagittaria sagittifolia,0.7
Salacia elliptica,9.9
Salacia macrantha,7
Salacia multiflora,0
Salicornia dolichostachya,0.4
Salicornia emerici,0.3
Salicornia europaea,0.3
Salicornia nitens,0.25
Salicornia obscura,0.4
Salicornia pusilla,0.25
Salicornia ramosissima,0.4
Salix acmophylla,2
Salix acutifolia,10
Salix alaxensis,10.9728
Salix alba,40.5384
Salix alpina,0.3
Salix amygdaloides,27.7368
Salix appendiculata,9
Salix arbuscula,0.7
Salix arctica,0.05
Salix aurita,3
Salix babylonica,35.6616
Salix bebbiana,21.336
Salix bicolor,1.5
Salix bonplandiana,19.2024
Salix breviserrata,0.3
Salix caprea,12.8
Salix caroliniana,24.9936
Salix cinerea,4
Salix cordata,6
Salix daphnoides,10
Salix dasyclados,4.7
Salix discolor,14.3256
Salix elaeagnos,6
Salix exigua,10.9728
Salix floridana,6.096
Salix fragilis,37.1856
Salix glabra,1
Salix glauca,0.96
Salix gooddingii,13.716
Salix hastata,1
Salix herbacea,0.1
Salix hindsiana,15.24
Salix hookeriana,15.24
Salix humilis,3
Salix interior,5.5
Salix lanata,1
Salix lapponum,1.3
Salix lasiandra,21.4
Salix lasiolepis,8.2296
Salix lucida,22.5552
Salix lutea,7.3152
Salix myrsinifolia,4
Salix myrsinites,0.5
Salix myrtilloides,0.5
Salix nigra,38.1
Salix pentandra,12
Salix petiolaris,10.3632
Salix phylicifolia,3
Salix planifolia,2
Salix prolixa,9.144
Salix pulchra,0.5
Salix purpurea,11.2776
Salix pyrifolia,7.9248
Salix repens,1.5
Salix reticulata,0.2
Salix retusa,0.3
Salix rosmarinifolia,1.1
Salix scouleriana,19.5072
Salix sericea,14.6304
Salix serissima,14.6304
Salix serpyllifolia,0.2
Salix sitchensis,10.668
Salix starkeana,0.77
Salix taxifolia,10.0584
Salix tracyi,6.096
Salix triandra,10
Salix viminalis,6
Salix waldsteiniana,1
Salix xsepulcralis,20.4216
Salsola collina,0.368
Salsola kali,0.6
Salvia glutinosa,0.65
Salvia nemorosa,0.5
Salvia officinalis,0.6
Salvia pratensis,1.043
Salvia verbenaca,0.8
Salvia verticillata,0.4
Salvinia natans,0.03
Samanea saman,11.8872
Samanea tubulosa,9.9
Sambucus callicarpa,10.9728
Sambucus canadensis,5.4864
Sambucus cerulea,13.716
Sambucus ebulus,1.5
Sambucus melanocarpa,12.8016
Sambucus mexicana,10.2
Sambucus nigra,10
Sambucus racemosa,4
Samolus valerandi,0.6
Samyda dodecandra,8.8392
Samyda mexicana,7
Sanguinaria canadensis,0.4
Sanguisorba minor,0.4
Sanguisorba officinalis,1
Sanicula arctopoides,0.3
Sanicula bipinnatifida,0.6
Sanicula crassicaulis,1.2
Sanicula europaea,0.6
Sanicula gregaria,0.6
Sanicula marylandica,1
Santalum acuminatum,6
Santiria trimera,5
Sapindus drummondii,18.8976
Sapindus saponaria,31
Sapium allenii,24
Sapium glandulosum,31
Sapium lateriflorum,29
Sapium laurifolium,12.8
Sapium laurocerasus,20.1168
Sapium macrocarpum,15
Sapium marmieri,30
Sapium sebiferum,20.7264
Saponaria ocymoides,0.25
Saponaria officinalis,0.9
Sarcomelicope simplicifolia,18.29
Sarcopteryx stipitata,12.19
Sarracenia purpurea,0.4
Sassafras albidum,58.5216
Satureja hortensis,0.25
Satureja montana,0.5
Saussurea alpina,0.35
Saussurea discolor,0.25
Saussurea japonica,0.583
Saussurea pygmaea,0.2
Savia dictyocarpa,22
Savia sessiliflora,10.0584
Saxegothaea conspicua,17.1
Saxifraga aizoides,0.2
Saxifraga androsacea,0.03
Saxifraga aphylla,0.02
Saxifraga biflora,0.25
Saxifraga bryoides,0.03
Saxifraga burseriana,0.03
Saxifraga caesia,0.03
Saxifraga cernua,0.15
Saxifraga cespitosa,0.1
Saxifraga exarata,0.02
Saxifraga granulata,0.5
Saxifraga hirculus,0.2
Saxifraga hirsuta,0.3
Saxifraga hypnoides,0.2
Saxifraga mutata,0.05
Saxifraga nivalis,0.15
Saxifraga oppositifolia,0.25
Saxifraga paniculata,0.05
Saxifraga rivularis,0.08
Saxifraga rosacea,0.2
Saxifraga rotundifolia,0.4
Saxifraga spathularis,0.4
Saxifraga stellaris,0.2
Saxifraga tridactylites,0.15
Scabiosa atropurpurea,1
Scabiosa canescens,0.3
Scabiosa columbaria,0.7
Scabiosa lucida,0.3
Scabiosa ochroleuca,0.4
Scandix pecten-veneris,0.5
Schaefferia frutescens,8.2296
Schefflera actinophylla,3.048
Schefflera digitata,12
Schefflera gleasonii,11.5824
Schefflera morototoni,18
Schefflera morototonii,21.6408
Scheuchzeria palustris,0.2
Schima noronhae,35
Schinus molle,17.3736
Schinus terebinthifolia,10.668
Schinus terebinthifolius,8
Schizachyrium scoparium,1.5
Schizolobium parahyba,35
Schlagintweitia intybacea,0.25
Schlegelia fastigiata,0
Schleichera oleosa,10
Schoenoplectiella erecta,0.15
Schoenoplectus acutus,2.5
Schoenoplectus mucronatus,1
Schoenoplectus pungens,0.6
Schoenoplectus subterminalis,1
Schoenoplectus tabernaemontani,4
Schoenoplectus triqueter,1.5
Schoenoplectus validus,2.5
Schoenus ferrugineus,0.3
Schoenus nigricans,0.45
Schoepfia chrysophylloides,4.572
Schoepfia lucida,9.9
Schoepfia obovata,7.9248
Schumanniophyton magnificum,9
Scilla amoena,0.3
Scilla bifolia,0.2
Scilla siberica,0.9
Scirpoides holoschoenus,1
Scirpus atrovirens,1.5
Scirpus cespitosus,0.4
Scirpus cyperinus,1.5
Scirpus lineatus,1.5
Scirpus polyphyllus,1.2
Scirpus radicans,1
Scirpus sylvaticus,0.95
Scleranthus annuus,0.25
Scleranthus perennis,0.2
Scleria triglomerata,1
Scleria verticillata,0.9
Sclerochloa dura,0.15
Sclerolobium bracteosum,9.9
Sclerolobium guianense,9.9
Sclerolobium hypoleucum,9.9
Sclerolobium paniculatum,9.9
Sclerolobium tinctorium,9.9
Scolopia brownii,27.43
Scorodophloeus zenkeri,40.1
Scorzonera austriaca,0.3
Scorzonera hispanica,1.15
Scorzonera humilis,0.4
Scorzonera laciniata,0.4
Scorzonera parviflora,0.3
Scorzoneroides pyrenaica,0.15
Scrophularia auriculata,1
Scrophularia canina,0.45
Scrophularia lanceolata,2.5
Scrophularia nodosa,1.1
Scrophularia scorodonia,1
Scrophularia umbrosa,1.2
Scrophularia vernalis,1.36
Scutellaria altissima,0.9
Scutellaria galericulata,0.5
Scutellaria hastifolia,0.4
Scutellaria lateriflora,0.8
Scutellaria minor,0.25
Sebastiania commersoniana,9
Sebastiania huallagensis,9.9
Secale cereale,0.2621
Securidaca diversifolia,0
Securigera varia,0.488
Securinega capuronii,6.05
Sedum acre,0.15
Sedum album,0.2
Sedum alpestre,0.08
Sedum anglicum,0.05
Sedum annuum,0.1
Sedum atratum,0.08
Sedum cepaea,0.24
Sedum dasyphyllum,0.07
Sedum forsterianum,0.15
Sedum hispanicum,0.1
Sedum lanceolatum,0.25
Sedum ochroleucum,0.25
Sedum rubens,0.15
Sedum rupestre,0.3
Sedum sexangulare,0.25
Sedum spurium,0.15
Sedum telephium,0.65
Sedum villosum,0.15
Seguieria langsdorffii,16
Selaginella helvetica,0.08
Selaginella selaginoides,0.12
Selinum carvifolia,1
Selysia prunifera,0
Sempervivum arachnoideum,0.1
Sempervivum globiferum,0.2
Sempervivum tectorum,0.35
Senecio abrotanifolius,0.3
Senecio aquaticus,0.75
Senecio aureus,0.8
Senecio congestus,0.8
Senecio doronicum,0.2
Senecio erucifolius,1.1
Senecio helenitis,0.6
Senecio hercynicus,1.35
Senecio hispidulus,0.9
Senecio inaequidens,0.9
Senecio integrifolius,0.4
Senecio jacobaea,1.5
Senecio nemorensis,1.35
Senecio ovirensis,0.45
Senecio plattensis,0.6
Senecio quadridentatus,1
Senecio rivularis,0.7
Senecio rupestris,0.45
Senecio squalidus,0.33
Senecio subalpinus,0.5
Senecio sylvaticus,1.28
Senecio tenuiflorus,0.68
Senecio vernalis,0.608
Senecio viscosus,0.6
Senecio vulgaris,0.663
Senegalia polyphylla,17
Senegalia tenuifolia,5
Senna atomaria,8
Senna dariensis,8
Senna fruticosa,5
Senna macranthera,7
Senna mollissima,5
Senna multijuga,8
Senna nicaraguensis,7
Senna papillosa,10
Senna siamea,24.9936
Senna spectabilis,10.9728
Senna sulfurea,6.096
Sequoia sempervirens,97.8408
Sequoiadendron giganteum,80.4672
Serenoa repens,6.4008
Seriphidium mendozanum,1.2
Serjania macrocarpa,0
Serjania mexicana,0
Serjania rhombea,0
Serratula centauroides,0.544
Serratula tinctoria,0.9
Sesamum indicum,0.1414
Seseli hippomarathrum,0.2
Seseli libanotis,1
Sesleria albicans,0.25
Sesleria caerulea,0.15
Sesleria ovata,0.05
Setaria italica,1
Setaria pumila,0.57
Setaria sphacelata,0.6563
Setaria verticillata,0.6
Setaria viridis,1.1
Shepherdia argentea,6.7056
Shepherdia canadensis,2
Sherardia arvensis,0.4
Shorea argentifolia,11.37
Shorea beccariana,15
Shorea faguetiana,5.761
Shorea gibbosa,7.15
Shorea johorensis,13.05
Shorea leprosula,85.5
Shorea macrophylla,13.5
Shorea macroptera,11.27
Shorea ovalis,8.5
Shorea parvifolia,12.8
Sibbaldia procumbens,0.05
Sideroxylon celastrinum,9.144
Sideroxylon contrerasii,0
Sideroxylon cubense,11.2776
Sideroxylon foetidissimum,17.9832
Sideroxylon lanuginosum,25.2984
Sideroxylon lycioides,9.4488
Sideroxylon obovatum,12.4968
Sideroxylon portoricense,35
Sideroxylon salicifolium,21.0312
Sideroxylon tenax,12.4968
Sigesbeckia orientalis,1.3
Silaum silaus,1
Silene acaulis,0.1
Silene antirrhina,0.8
Silene armeria,0.5
Silene chlorantha,0.15
Silene conica,0.3
Silene cretica,0.68
Silene dichotoma,0.58
Silene dioica,0.9
Silene gallica,0.5
Silene italica,0.9
Silene latifolia,1
Silene linicola,0.58
Silene menziesii,0.7
Silene noctiflora,0.9
Silene nutans,0.8
Silene otites,0.9
Silene pusilla,0.15
Silene rupestris,0.2
Silene scouleri,0.8
Silene tatarica,0.4
Silene uniflora,0.3
Silene viscosa,0.35
Silene vulgaris,0.83
Silphium integrifolium,1.2
Silphium terebinthinaceum,1.8
Silybum marianum,1.4
Simarouba amara,30
Simarouba glauca,19.2024
Simira cordifolia,9.9
Simira rubescens,23
Simira sampaioana,7
Sinapis alba,0.8
Sinapis arvensis,0.8
Siparuna andina,6
Siparuna cuspidata,0
Siparuna decipiens,9.9
Siparuna grandiflora,0
Siparuna guianensis,10
Siparuna pauciflora,8
Siparuna thecaphora,0
Siphoneugena occidentalis,9.9
Sison amomum,1
Sisymbrium altissimum,1.2
Sisymbrium austriacum,0.3
Sisymbrium cavanillesianum,0.49
Sisymbrium irio,0.6
Sisymbrium loeselii,1
Sisymbrium officinale,0.9
Sisymbrium orientale,0.9
Sisymbrium strictissimum,0.8
Sisymbrium supinum,0.25
Sisymbrium volgense,0.5
Sisyrinchium albidum,0.45
Sisyrinchium atlanticum,0.7
Sisyrinchium bellum,0.305
Sisyrinchium montanum,0.3
Sium latifolium,2
Sloanea amygdalina,14.9352
Sloanea australis,30.48
Sloanea berteriana,23.1648
Sloanea caribaea,39.8
Sloanea dentata,38.1
Sloanea eichleri,9.9
Sloanea fragrans,26
Sloanea garckeana,9.9
Sloanea geniculata,0
Sloanea gracilis,9.9
Sloanea guianensis,30
Sloanea medusula,0
Sloanea obtusifolia,27
Sloanea rufa,22
Sloanea terniflora,34
Smilacina racemosa,1
Smilax domingensis,0
Smilax ecirrhata,0.6
Smilax herbacea,5
Smilax mollis,0
Smilax vanilliodora,0
Smyrnium olusatrum,1.5
Smyrnium perfoliatum,0.8
Socratea exorrhiza,25
Solanum bahamense,7.9248
Solanum dulcamara,3
Solanum erianthum,6.7056
Solanum ferocissimum,1.5
Solanum hayesii,13
Solanum jamaicense,0
Solanum luteum,0.23
Solanum lycopersicum,0.3581
Solanum nigrum,1.2
Solanum pimpinellifolium,0.3145
Solanum polygamum,4.572
Solanum riparium,16.62
Solanum rostratum,0.7
Solanum rudepannum,4
Solanum rugosum,7.0104
Solanum schlechtendalianum,4
Solanum triflorum,1
Solanum tuberosum,0.85
Solanum umbellatum,4
Solanum umbelliferum,2
Soldanella alpina,0.1
Soldanella minima,0.02
Soldanella montana,0.25
Soldanella pusilla,0.03
Soleirolia soleirolii,0.2
Solidago altissima,2
Solidago canadensis,2.3
Solidago gigantea,2.3
Solidago graminifolia,1
Solidago humilis,1
Solidago juncea,1.2
Solidago nemoralis,0.7
Solidago rugosa,2
Solidago ulmifolia,1.5
Solidago virgaurea,0.9
Sonchus arvensis,2
Sonchus asper,1.5
Sonchus oleraceus,1.8
Sonchus palustris,2.9
Sophora affinis,10.0584
Sophora secundiflora,8.2296
Sorbaria sorbifolia,2
Sorbus americana,19.812
Sorbus anglica,2
Sorbus aria,15
Sorbus arranensis,7.5
Sorbus aucuparia,20
Sorbus bristoliensis,10
Sorbus chamaemespilus,1.5
Sorbus decora,17.6784
Sorbus devoniensis,15
Sorbus domestica,15
Sorbus eminens,6
Sorbus hibernica,6
Sorbus intermedia,10
Sorbus lancastriensis,5
Sorbus leptophylla,3
Sorbus leyana,2
Sorbus minima,3
Sorbus porrigentiformis,5
Sorbus pseudofennica,7
Sorbus rupicola,2
Sorbus scopulina,4.2672
Sorbus sitchensis,15.24
Sorbus subcuneata,10
Sorbus torminalis,25
Sorbus vexans,6
Sorbus wilmottiana,6
Sorghastrum nutans,2.5
Sorghum bicolor,0.3256
Sorghum halepense,1.5
Sorocea affinis,9
Sorocea guilleminiana,9.9
Sorocea klotzschiana,12
Sorocea pileata,25
Sorocea pubivena,0
Spachea correae,0
Sparattosperma leucanthum,9.9
Sparganium angustifolium,0.05
Sparganium emersum,0.4
Sparganium erectum,1
Sparganium natans,0.05
Spartina alterniflora,0.4525
Spartothamnella puberula,0.4
Spathodea campanulata,34.1376
Spergula arvensis,0.6
Spergula morisonii,0.15
Spergula pentandra,0.1
Spergularia echinosperma,0.08
Spergularia macrotheca,0.45
Spergularia marina,0.2
Spergularia media,0.3
Spergularia purpurea,0.09
Spergularia rubra,0.3
Spergularia rupicola,0.15
Spergularia segetalis,0.07
Sphenopholis pallens,1
Spinacea oleracea,0.1093
Spinacia oleracea,0.45
Spinacia turkestanica,0.1634
Spiraea chamaedryfolia,2
Spiraea media,1.6
Spiraea salicifolia,2
Spiranthes aestivalis,0.2
Spiranthes cernua,0.4
Spiranthes romanzoffiana,0.5
Spiranthes spiralis,0.05
Spirodela polyrhiza,0.01
Spondias mombin,31
Spondias pinnata,32
Spondias purpurea,15
Spondias radlkoferi,31
Spondias venosa,28
Sporobolus africanus,0.4936
Sporobolus cryptandrus,0.8
Sporobolus michauxianus,2.5
Sporobolus nitens,0.1483
Sporobolus pyramidalis,0.724
Stachys alopecuros,0.3
Stachys alpina,1
Stachys annua,0.25
Stachys arvensis,0.25
Stachys germanica,0.95
Stachys officinalis,0.6
Stachys palustris,1
Stachys recta,0.5
Stachys sylvatica,1
Stachys tenuifolia,0.9
Staphylea bolanderi,8.5344
Staphylea pinnata,5
Staphylea trifolia,10.9728
Staudtia kamerunensis,47.4
Stegnosperma cubense,2
Stellaria alsine,0.1
Stellaria crassifolia,0.1
Stellaria crispa,0.6
Stellaria graminea,0.9
Stellaria holostea,0.6
Stellaria longifolia,0.2
Stellaria media,0.409091
Stellaria neglecta,0.9
Stellaria nemorum,0.45
Stellaria nitens,0.25
Stellaria pallida,0.5
Stellaria palustris,0.6
Stellaria pungens,0.4
Stellaria uliginosa,0.4
Stemmadenia donnell-smithii,20
Stemmadenia pubescens,7
Stemmadenia robinsonii,0
Stenocarpus salignus,27.43
Stenocarpus sinuatus,30.48
Stephanopodium costaricense,0
Sterculia apetala,39
Sterculia caribaea,38.4
Sterculia guttata,27
Sterculia recordiana,0
Sterculia rhinopetala,45
Sterculia tessmannii,9.9
Sterculia tragacantha,15
Stereospermum colais,28
Stewartia malacodendron,5.7912
Stewartia ovata,7.9248
Stewartia pteropetiolata,22
Stigmaphyllon lindenianum,0
Stipa capillata,0.8
Stipa grandis,0.668
Stizophyllum inaequilaterum,0
Stratiotes aloides,0.2
Streblus dimepate,19
Streblus usambarensis,13
Streptopus amplexifolius,1
Strombosia ceylanica,22
Strombosia grandifolia,12
Strombosia pustulata,26
Strombosiopsis tetrandra,20
Strophostyles helvula,0.1
Strychnos panamensis,0
Stryphnodendron microstachyum,0
Stryphnodendron pulcherrimum,9.9
Stryphnodendron purpureum,9.9
Stylidium graminifolium,0.38
Stylogyne turbacensis,8
Styphelia abietina,5
Styrax camporum,8
Styrax glabrescens,18
Styrax grandifolius,8.5344
Styrax pohlii,10
Styrax tessmannii,9.9
Suaeda maritima,0.35
Suaeda vera,1.2
Subularia aquatica,0.08
Succisa pratensis,1
Succisella inflexa,0.6
Suriana maritima,3.6576
Swartzia cubensis,0
Swartzia ingaefolia,8
Swartzia jorori,35
Swartzia laxiflora,9.9
Swartzia myrtifolia,20
Swartzia ochnacea,6.8
Swartzia simplex,17
Sweetia fruticosa,34
Swertia perennis,0.4
Swietenia humilis,20
Swietenia macrophylla,46.7
Swietenia mahagoni,24.0792
Syagrus sancona,9.9
Symmeria paniculata,9.9
Symphonia globulifera,28
Symphoricarpos albus,3
Symphoricarpos mollis,0.6
Symphyotrichum ericoides,0.9
Symphyotrichum laeve,1
Symphyotrichum novae-angliae,1.4
Symphyotrichum novi-belgii,1.45
Symphyotrichum puniceum,2.5
Symphyotrichum tradescantii,1.5
Symphytum bulbosum,0.5
Symphytum officinale,1.2
Symphytum orientale,0.7
Symphytum tuberosum,0.5
Symplocos macrophylla,10
Symplocos martinicensis,13.1064
Symplocos micrantha,9.144
Symplocos racemosa,11.5
Symplocos striata,0
Symplocos sumuntia,12.3
Symplocos tinctoria,21.336
Syncarpia glomulifera,10
Synechanthus fibrosus,0
Synechanthus warscewiczianus,0
Synoum glandulosum,21.34
Syringa vulgaris,10
Syzygium bernieri,28.2
Syzygium caryophyllatum,4
Syzygium coolminianum,9.14
Syzygium crebrinerve,36.58
Syzygium cumini,20
Syzygium densiflorum,34
Syzygium emirnense,25.8
Syzygium gardneri,37
Syzygium grande,24
Syzygium hemisphericum,4
Syzygium ingens,30.48
Syzygium jambos,19.5072
Syzygium laetum,14
Syzygium lanceolatum,3.5
Syzygium malaccense,7.0104
Syzygium munronii,21
Tabebuia aurea,9.9
Tabebuia chrysantha,18
Tabebuia guayacan,37
Tabebuia haemantha,17.9832
Tabebuia heterophylla,21.0312
Tabebuia impetiginosa,20.06
Tabebuia rigida,10.0584
Tabebuia rosea,40
Tabebuia roseoalba,9.9
Tabebuia schumanniana,5.1816
Tabebuia serratifolia,9.9
Tabernaemontana alba,18
Tabernaemontana amygdalifolia,0
Tabernaemontana arborea,28
Tabernaemontana catharinensis,16
Tabernaemontana citrifolia,8.8392
Tabernaemontana crassa,25
Tabernaemontana cymosa,9.9
Tabernaemontana hystrix,9
Tabernaemontana pachysiphon,7
Tachigali rugosa,9.9
Tachigali versicolor,33
Tagetes patula,0.55
Talauma gloriensis,0
Talauma mexicana,32
Talisia angustifolia,9.9
Talisia cerasina,9.9
Talisia croatii,12
Talisia esculenta,9.9
Talisia hemidasya,9.9
Talisia nervosa,8
Tamarindus indica,22.86
Tamarix chinensis,13.716
Tamarix parviflora,7.62
Tamarix ramosissima,2
Tambourissa thouvenotii,18
Tanacetum corymbosum,0.9
Tanacetum macrophyllum,1.4
Tanacetum parthenium,0.55
Tanacetum vulgare,1.1
Tapirira guianensis,25
Tapirira obtusa,10
Tapura amazonica,9.9
Tapura latifolia,34.5
Taraxacum alpestre,0.07
Taraxacum erythrospermum,0.07
Taraxacum laevigatum,0.25
Taraxacum montanum,0.05
Taraxacum obliquum,0.07
Taraxacum officinale,0.6
Taraxacum palustre,0.25
Taraxacum spectabile,0.15
Tarrietia utilis,50.5
Tassadia obovata,0
Taxodium ascendens,42.9768
Taxodium distichum,50
Taxodium mucronatum,25.908
Taxus baccata,28
Taxus brevifolia,21.336
Taxus floridana,6.096
Tecoma stans,14.5
Teesdalia nudicaulis,0.45
Telekia speciosa,1.8
Tellima grandiflora,0.8
Tenaxia disticha,0.7098
Tepualia stipularis,3.9
Terminalia amazonia,35
Terminalia argentea,12
Terminalia bellirica,14.5
Terminalia catappa,25.6032
Terminalia fagifolia,9
Terminalia mantaly,9.5
Terminalia oblonga,35
Terminalia oxycarpa,9.9
Terminalia superba,53.22
Terminalia tetraphylla,9.9
Terminalia triflora,21.65
Ternstroemia asymmetrica,9.9
Ternstroemia gymnanthera,13
Tetraberlinia bifoliolata,1.635
Tetracera portobellensis,0
Tetragastris altissima,7
Tetragastris balsamifera,18.8976
Tetragastris panamensis,31
Tetragonolobus maritimus,0.3
Tetrapleura tetraptera,3
Tetrapterys tinifolia,0
Tetratheca bauerifolia,0.35
Tetrathylacium johansenii,23
Tetrazygia elaeagnoides,14.9352
Tetrazygia urbanii,3.048
Tetrorchidium didymostemon,8
Tetrorchidium gorgonae,0
Teucrium botrys,0.4
Teucrium chamaedrys,0.3
Teucrium montanum,0.35
Teucrium occidentale,0.9
Teucrium scordium,0.6
Teucrium scorodonia,0.4
Thalictrum alpinum,0.15
Thalictrum aquilegiifolium,1
Thalictrum dioicum,0.6
Thalictrum fendleri,0.207
Thalictrum flavum,1
Thalictrum lucidum,0.9
Thalictrum minus,1.5
Thalictrum morisonii,1.5
Thalictrum revolutum,1.2
Thalictrum simplex,0.5
Thelypteris palustris,0.8
Themeda triandra,0.6368
Theobroma cacao,10.6
Theobroma speciosum,9.9
Thesium alpinum,0.25
Thesium bavarum,0.5
Thesium ebracteatum,0.3
Thesium humifusum,0.2
Thesium linophyllon,0.3
Thesium pyrenaicum,0.3
Thesium rostratum,0.3
Thespesia grandiflora,17.9832
Thespesia populnea,12.8016
Thevetia ahouai,15
Thlaspi alliaceum,0.6
Thlaspi arvense,0.8
Thlaspi caerulescens,0.4
Thlaspi montanum,0.08
Thlaspi perfoliatum,0.25
Thomandersia hensii,8
Thouinia paucidentata,12
Thouinia striata,20.4216
Thouinia villosa,8
Thouinidium decandrum,15
Thrinax morrisii,10.9728
Thrinax radiata,8.5344
Thuja occidentalis,34.4424
Thuja plicata,78.0288
Thymelaea passerina,0.3
Thymus pannonicus,0.3
Thymus praecox,0.12
Thymus pulegioides,0.35
Thymus serpyllum,0.1
Thymus vulgaris,0.4
Thyrsodium spruceanum,9.9
Thysanotus patersonii,1
Tiarella trifoliata,0.5
Tieghemella heckelii,61
Tilia americana,41.4528
Tilia caroliniana,32.6136
Tilia cordata,25
Tilia platyphyllos,30
Tilia tomentosa,30
Tipuana tipu,29.46
Tisonia coriacea,20.06
Tithymalus flavicomus,0.5
Tofieldia calyculata,0.1
Tofieldia coccinea,0.15
Tofieldia pusilla,0.2
Tolmiea menziesii,0.7
Tolpis barbata,0.15
Tolpis staticifolia,0.2
Tontelea hondurensis,0
Toona australis,42.67
Toona ciliata,30
Tordylium maximum,1.1
Torilis arvensis,0.8
Torilis japonica,1.25
Torilis nodosa,0.5
Torreya californica,29.2608
Torreya taxifolia,13.716
Toxicodendron vernix,9.144
Tozzia alpina,0.5
Trachystemon orientalis,0.4
Tradescantia virginiana,0.4
Tragopogon dubius,0.55
Tragopogon orientalis,0.39375
Tragopogon porrifolius,1
Tragopogon pratensis,1
Tragus berteronianus,0.0785
Tragus racemosus,0.25
Trapa natans,0.03
Trattinnickia aspera,29
Trattinnickia rhoifolia,9.9
Traunsteinera globosa,0.45
Treculia africana,3
Trema aspera,4.57
Trema lamarckiana,6.7056
Trema micrantha,31
Trema orientalis,11
Trewia nudiflora,17
Triadica sebifera,26.5176
Triantha glutinosa,0.45
Trichilia adolfi,13.9
Trichilia claussenii,9
Trichilia connaroides,13.5
Trichilia elegans,15
Trichilia erythrocarpa,20
Trichilia hirta,16.4592
Trichilia inaequilatera,25
Trichilia martiana,25
Trichilia maynasiana,15
Trichilia monadelpha,20
Trichilia pallida,17.6784
Trichilia pleeana,30
Trichilia prieuriana,7
Trichilia rubescens,7
Trichilia septentrionalis,0
Trichilia solitudinis,9.9
Trichilia trifolia,5
Trichilia tuberculata,29
Trichilia welwitschii,35
Trichophorum alpinum,0.3
Trichophorum cespitosum,0.2
Trichoscypha oddonii,15
Trichospermum galeottii,20
Trichospermum mexicanum,20
Trichostema brachiatum,0.4
Trichostema lanceolatum,0.381
Trichostigma octandrum,0
Tridesmostemon omphalocarpoides,30
Trientalis borealis,0.25
Trientalis europaea,0.25
Trifolium albopurpureum,0.254
Trifolium alpestre,0.478
Trifolium angustifolium,0.11
Trifolium arvense,0.4
Trifolium aureum,0.44
Trifolium badium,0.2
Trifolium bocconei,0.1
Trifolium campestre,0.35
Trifolium cherleri,0.2
Trifolium ciliolatum,0.292
Trifolium depauperatum,0.152
Trifolium dubium,0.73
Trifolium fragiferum,0.3
Trifolium glomeratum,0.25
Trifolium gracilentum,0.241
Trifolium hirtum,0.16
Trifolium hybridum,0.6
Trifolium incarnatum,0.8
Trifolium macraei,0.3
Trifolium medium,0.5
Trifolium micranthum,0.1
Trifolium microcephalum,0.7
Trifolium montanum,0.35
Trifolium ochroleucon,0.5
Trifolium oliganthum,0.35
Trifolium ornithopodioides,0.2
Trifolium pratense,1
Trifolium repens,0.5
Trifolium resupinatum,0.3
Trifolium retusum,0.3
Trifolium rubens,0.55
Trifolium scabrum,0.2
Trifolium spadiceum,0.3
Trifolium squamosum,0.4
Trifolium striatum,0.3
Trifolium strictum,0.15
Trifolium subterraneum,0.2
Trifolium suffocatum,0.05
Trifolium thalii,0.08
Trifolium tomentosum,0.05
Trifolium variegatum,0.6
Triglochin maritima,1.2
Triglochin palustris,0.3
Trigonella caerulea,0.6
Trigonella foenum-graecum,0.6
Trigynaea duckei,10
Trillium grandiflorum,0.5
Trillium sessile,0.2
Trinia glauca,0.35
Triosteum perfoliatum,1.5
Triphasia trifolia,3.9624
Triphysaria pusilla,0.2
Triplaris americana,15
Triplaris cumingiana,28
Triplaris poeppigiana,30
Tripleurospermum inodorum,0.6
Tripleurospermum maritimum,0.4
Triplochiton scleroxylon,57.28
Tripolium pannonicum,1.1
Trisetaria panicea,0.35
Trisetum distichophyllum,0.1
Trisetum flavescens,1.3
Trisetum spicatum,0.1
Tristachya leucothrix,0.4818
Triteleia grandiflora,0.7
Triteleia hyacinthina,0.6
Triticum aestivum,1.7
Triticum dicoccoides,0.2487
Triticum durum,0.6545
Trollius europaeus,0.6
Tropaeolum majus,3
Trophis caucana,12
Trophis involucrata,0
Trophis mexicana,12
Trophis montana,17.8
Trophis racemosa,18
Tropidocarpum gracile,0.3
Tsuga canadensis,50.292
Tsuga caroliniana,36.2712
Tsuga heterophylla,76.8096
Tsuga mertensiana,54.864
Tuberaria guttata,0.3
Tulipa gesneriana,0.45
Tulipa sylvestris,0.4
Turgenia latifolia,0.67
Turpinia insignis,10
Turpinia malabarica,12
Turpinia occidentalis,23
Turritis glabra,1.2
Tussilago farfara,0.3
Typha angustifolia,2
Typha latifolia,2.727273
Typha minima,0.7
Typha shuttleworthii,1.5
Uapaca thouarsii,17
Ulex europaeus,2
Ulex gallii,2
Ulex minor,1
Ulmus alata,39.0144
Ulmus americana,304.4952
Ulmus crassifolia,38.7096
Ulmus glabra,40
Ulmus laevis,35
Ulmus minor,40
Ulmus procera,33
Ulmus pumila,33.528
Ulmus rubra,40.8432
Ulmus serotina,45.72
Ulmus thomasii,35.6616
Umbellularia californica,39.624
Umbilicus rupestris,0.4
Unonopsis floribunda,9.9
Unonopsis guatterioides,9.9
Unonopsis hammelii,0
Unonopsis matthewsii,27
Unonopsis osae,7
Unonopsis pittieri,22
Unonopsis theobromifolia,19.7
Urera baccifera,6.5
Urera caracasana,14.9352
Urera elata,5
Urera pacifica,7
Urochloa mosambicensis,0.3362
Uropappus lindleyi,0.375
Urtica dioica,2
Urtica kioviensis,2
Urtica pilulifera,0.9
Urtica urens,0.6
Utricularia cornuta,0.3
Utricularia gibba,0.1
Utricularia intermedia,0.25
Utricularia minor,0.25
Vaccaria hispanica,0.97
Vaccinium arboreum,14.3256
Vaccinium atrococcum,1
Vaccinium corymbosum,4
Vaccinium macrocarpon,1
Vaccinium microcarpum,0.6
Vaccinium myrtillus,0.9
Vaccinium ovatum,3
Vaccinium oxycoccos,0.8
Vaccinium parvifolium,4
Vaccinium pennsylvanicum,0.5
Vaccinium uliginosum,1
Vaccinium vitis-idaea,0.3
Valeriana dioica,0.3
Valeriana montana,0.55
Valeriana officinalis,1.5
Valeriana pratensis,1.1
Valeriana pyrenaica,1
Valeriana repens,1.6
Valeriana saxatilis,0.1
Valeriana supina,0.12
Valeriana tripteris,0.45
Valerianella carinata,0.4
Valerianella coronata,0.44
Valerianella dentata,0.4
Valerianella eriocarpa,0.4
Valerianella locusta,0.4
Valerianella rimosa,0.4
Vassobia breviflora,8.03
Vatairea lundellii,36
Vataireopsis speciosa,9.9
Vauquelinia californica,14.3256
Vellozia albiflora,0.3
Vellozia aloifolia,1.105
Vellozia caruncularis,0.115
Vellozia declinans,0.4
Vellozia epidendroides,0.46
Vellozia hirsuta,1.03
Vellozia nivea,0.6
Vellozia resinosa,0.685
Vellozia semirii,0.3
Vellozia strangii,0.89
Vellozia streptophylla,0.29
Vellozia subscabra,0.3
Vellozia variabilis,0.885
Ventenata dubia,0.3
Venturiella perrottetii,0.4
Vepris bilocularis,19.5
Veratrum album,1.3
Veratrum parviflorum,1.1
Verbascum blattaria,1
Verbascum densiflorum,2.3
Verbascum lychnitis,1.5
Verbascum nigrum,1.2
Verbascum phlomoides,1.8
Verbascum phoeniceum,0.65
Verbascum pulverulentum,1.2
Verbascum thapsus,2
Verbascum virgatum,1
Verbena hastata,2
Verbena officinalis,0.8
Verbena stricta,0.9
Verbena urticifolia,1.5
Vernicia fordii,18.8976
Vernonanthura patens,7
Vernonia doniana,7
Vernonia travancorica,13.5
Veronica acinifolia,0.12
Veronica agrestis,0.3
Veronica alpina,0.15
Veronica anagallis-aquatica,0.75
Veronica anagalloides,0.55
Veronica aphylla,0.03
Veronica arvensis,0.25
Veronica austriaca,0.7
Veronica beccabunga,1.567
Veronica bellidioides,0.1
Veronica calycina,0.33
Veronica catenata,0.7
Veronica chamaedrys,0.73
Veronica dillenii,0.25
Veronica filiformis,0.3
Veronica fruticans,0.2
Veronica fruticulosa,0.25
Veronica glandifera,0.1
Veronica hederifolia,0.3
Veronica longifolia,1.05
Veronica montana,0.4
Veronica officinalis,0.4
Veronica opaca,0.25
Veronica paniculata,0.85
Veronica peregrina,0.4
Veronica perfoliata,1.08
Veronica persica,1.13
Veronica polita,0.5
Veronica praecox,0.2
Veronica prostrata,0.25
Veronica scutellata,0.5
Veronica serpyllifolia,0.3
Veronica spicata,0.6
Veronica triphyllos,0.2
Veronica urticifolia,0.6
Veronica verna,0.15
Viburnum lantana,6
Viburnum lentago,15.24
Viburnum nudum,7.0104
Viburnum obovatum,9.7536
Viburnum opulus,4
Viburnum prunifolium,7.3152
Viburnum rufidulum,9.144
Viburnum tinus,6
Viburnum trilobum,9.7536
Vicia americana,0.461538
Vicia articulata,0.6
Vicia bithynica,0.6
Vicia cassubica,0.6
Vicia cracca,2
Vicia dumetorum,2
Vicia ervilia,0.6
Vicia faba,1
Vicia grandiflora,0.6
Vicia hirsuta,0.7
Vicia lathyroides,0.2
Vicia lutea,0.6
Vicia narbonensis,0.2118
Vicia nigricans,2
Vicia orobus,0.6
Vicia pannonica,0.6
Vicia pisiformis,2
Vicia sativa,1.387
Vicia sepium,1
Vicia sylvatica,2
Vicia tenuifolia,1.5
Vicia tetrasperma,0.6
Vicia villosa,1
Vigna caracalla,0
Vigna unguiculata,0.2425
Viguiera multiflora,0.315
Vinca major,0.48
Vinca minor,1
Vincetoxicum hirundinaria,1.2
Viola alba,0.1
Viola ambigua,0.1
Viola arvensis,0.45
Viola biflora,0.15
Viola calcarata,0.05
Viola canadensis,0.4
Viola canina,1.9
Viola collina,0.1
Viola cornuta,0.3
Viola elatior,0.5
Viola epipsila,0.15
Viola hederacea,0.03
Viola hirta,0.15
Viola kitaibeliana,0.1
Viola lactea,0.2
Viola lutea,0.2
Viola mirabilis,0.3
Viola nuttallii,0.121
Viola odorata,0.4
Viola palustris,0.12
Viola pedunculata,0.075
Viola persicifolia,0.25
Viola pubescens,0.4
Viola pumila,0.15
Viola reichenbachiana,0.25
Viola riviniana,0.4
Viola rupestris,0.1
Viola striata,0.3
Viola suavis,0.2
Viola tricolor,0.4
Viola uliginosa,0.1
Virola bicuhyba,25
Virola calophylla,9.9
Virola carinata,9.9
Virola elongata,9.9
Virola flexuosa,9.9
Virola koschnyi,29
Virola multiflora,30
Virola peruviana,35
Virola sebifera,32
Virola surinamensis,37
Vismia baccifera,7
Vismia billbergiana,5
Vismia camparaguey,12
Vismia japurensis,15
Vismia lauriformis,15
Vismia macrophylla,0
Vismia schultesii,9.9
Vitex agnus-castus,7.9248
Vitex altissima,20
Vitex cooperi,0
Vitex cymosa,9.9
Vitex divaricata,17.0688
Vitex duckei,9.9
Vitex gigantea,9.9
Vitex lignum-vitae,39.62
Vitex pseudolea,21
Vitis labrusca,12
Vitis vinifera,10
Voacanga africana,4
Vochysia citrifolia,9.9
Vochysia ferruginea,18
Vochysia guatemalensis,30
Vochysia haenkeana,9.9
Vochysia lanceolata,9.9
Vochysia lomatophylla,9.9
Vochysia mapirensis,9.9
Vochysia obidensis,9.9
Vochysia tucanorum,10
Vouarana anomala,0
Vulpia bromoides,0.57
Vulpia ciliata,0.31
Vulpia microstachys,0.4
Vulpia myuros,0.9
Wahlenbergia hederacea,0.05
Wahlenbergia multicaulis,0.66
Wahlenbergia stricta,0.69
Walsura temrifolia,16
Warszewiczia coccinea,0
Washingtonia filifera,25.2984
Weinmannia bojeriana,8
Weinmannia trichosperma,9.5
Welfia regia,0
Wilkiea hugeliana,7.62
Willemetia stipitata,0.1
Wimmeria bartlettii,25
Wisteria sinensis,20
Witheringia asterotricha,0
Wolffia arrhiza,0.001
Woodsia alpina,0.15
Woodsia glabella,0.12
Woodsia ilvensis,0.2
Xanthium albinum,1.08
Xanthium orientale,0.64
Xanthium spinosum,1
Xanthium strumarium,1.3
Xanthophyllum flavescens,12.5
Ximenia americana,8
Xylomelum pyriforme,7.5
Xylopia aethiopica,7
Xylopia aromatica,9.9
Xylopia benthamii,9.9
Xylopia bocatorena,0
Xylopia brasiliensis,20
Xylopia cuspidata,9.9
Xylopia emarginata,9.9
Xylopia frutescens,19
Xylopia hypolampra,7
Xylopia letestui,9
Xylopia ligustrifolia,9.9
Xylopia macrantha,20
Xylopia sericea,9.9
Xylopia sericophylla,0
Xylosma chlorantha,0
Xylosma oligandra,9
Xylosma pachyphylla,9.7536
Xylosma schwaneckeana,7.9248
Yabea microcarpa,0.215
Yucca aloifolia,4.2672
Yucca brevifolia,17.375
Yucca carnerosana,7.62
Yucca elata,7.9248
Yucca faxoniana,5.4864
Yucca gloriosa,10.0584
Yucca rostrata,4.8768
Yucca schidigera,7.3152
Yucca schottii,4.572
Yucca torreyi,7.0104
Yucca treculeana,9.144
Zanthoxylum acuminatum,31
Zanthoxylum americanum,8.5344
Zanthoxylum brachyacanthum,9.14
Zanthoxylum caribaeum,16
Zanthoxylum clava-herculis,20.7264
Zanthoxylum ekmanii,31
Zanthoxylum fagara,7.9248
Zanthoxylum flavum,6.096
Zanthoxylum gilletii,7
Zanthoxylum heitzii,10
Zanthoxylum hirsutum,15.24
Zanthoxylum kellermanii,25
Zanthoxylum martinicense,28.956
Zanthoxylum monophyllum,11.8872
Zanthoxylum panamense,28
Zanthoxylum rhoifolium,9
Zanthoxylum riedelianum,13
Zanthoxylum setulosum,23
Zanthoxylum sprucei,31
Zea mays,3
Zeyheria tuberculosa,9.9
Ziziphus jujuba,14.0208
Ziziphus mauritiana,13.4112
Ziziphus obtusifolia,7.9248
Ziziphus reticulata,3.3528
Ziziphus taylorii,5.7912
Zostera marina,2.5
Zosterella dubia,0.1
Zuelania guidonia,25
Zygia gigantifoliola,0
NA,79.8576
