Taxon_Name_Neotoma,Ondrej_ID,Taxon_ID,Higher_Taxon1_Neotoma,Higher_Taxon2_Neotoma,taxon_name,NsitesInNA,Notes,...9,...10
Abies,NA,1,Pinaceae,Coniferae,Abies,NA,NA,NA,NA
Abies balsamea,NA,550,Abies,Pinaceae,Abies,99,NA,NA,NA
Abies lasiocarpa,NA,9576,Abies,Pinaceae,Abies,2,NA,NA,NA
Abies undiff.,NA,3725,Abies,Pinaceae,Abies,NA,NA,NA,NA
Abies|pollen|NISP,5,NA,NA,NA,Abies,NA,NA,NA,NA
Abies|pollen|NISP|pollen|NISP,6,NA,NA,NA,Abies,NA,NA,NA,NA
Abronia,NA,1500,Nyctaginaceae,Caryophyllales,Abronia,6,NA,NA,NA
Acacia,NA,1580,mimosoid clade,Fabaceae subf. Caesalpinioideae,Acacia,4,NA,NA,NA
Acacia-type,9,NA,NA,NA,Acacia,NA,NA,NA,NA
Acalypha,NA,2,Euphorbiaceae,Malpighiales,Acalypha,4,NA,NA,NA
Acalypha-type,NA,27017,Euphorbiaceae,Malpighiales,Acalypha,NA,skip? Type indeterminate?,NA,NA
Acer,NA,338,Sapindaceae subf. Hippocastanoideae,Sapindaceae,Acer,NA,NA,NA,NA
Acer-type,NA,3729,Eudicotyledoneae incertae sedis,Eudicotyledoneae,skip,NA,NA,NA,NA
Acer cf. A. glabrum,NA,3476,Acer,Sapindaceae subf. Hippocastanoideae,Acer,NA,NA,NA,NA
Acer cf. A. negundo,NA,3165,Acer,Sapindaceae subf. Hippocastanoideae,Acer,NA,NA,NA,NA
Acer cf. A. pensylvanicum,NA,552,Acer,Sapindaceae subf. Hippocastanoideae,Acer,NA,NA,NA,NA
Acer circinatum,NA,864,Acer,Sapindaceae subf. Hippocastanoideae,Acer,NA,NA,NA,NA
Acer circinatum-type,NA,1464,Acer,Sapindaceae subf. Hippocastanoideae,Acer,NA,NA,NA,NA
Acer glabrum,NA,1411,Acer,Sapindaceae subf. Hippocastanoideae,Acer,NA,NA,NA,NA
Acer macrophyllum,NA,865,Acer,Sapindaceae subf. Hippocastanoideae,Acer,NA,NA,NA,NA
Acer macrophyllum-type,NA,970,Acer,Sapindaceae subf. Hippocastanoideae,Acer,NA,NA,NA,NA
Acer negundo,NA,4,Acer,Sapindaceae subf. Hippocastanoideae,Acer,NA,NA,NA,NA
Acer negundo-type,NA,803,Acer,Sapindaceae subf. Hippocastanoideae,Acer,NA,NA,NA,NA
Acer nigrum,NA,553,Acer,Sapindaceae subf. Hippocastanoideae,Acer,NA,NA,NA,NA
Acer pensylvanicum,NA,5,Acer,Sapindaceae subf. Hippocastanoideae,Acer,NA,NA,NA,NA
Acer rubrum,NA,6,Acer,Sapindaceae subf. Hippocastanoideae,Acer,NA,NA,NA,NA
Acer rubrum-type,NA,3627,Acer,Sapindaceae subf. Hippocastanoideae,Acer,NA,NA,NA,NA
Acer saccharinum,NA,554,Acer,Sapindaceae subf. Hippocastanoideae,Acer,NA,NA,NA,NA
Acer saccharinum-type,NA,7,Acer,Sapindaceae subf. Hippocastanoideae,Acer,NA,NA,NA,NA
Acer saccharum,NA,555,Acer,Sapindaceae subf. Hippocastanoideae,Acer,NA,NA,NA,NA
Acer saccharum-type,NA,3,Acer,Sapindaceae subf. Hippocastanoideae,Acer,NA,NA,NA,NA
Acer saccharum/A. nigrum,33,NA,NA,NA,Acer,NA,NA,NA,NA
Acer sp.,NA,24132,Acer,Sapindaceae subf. Hippocastanoideae,Acer,NA,NA,NA,NA
Acer spicatum,NA,8,Acer,Sapindaceae subf. Hippocastanoideae,Acer,NA,NA,NA,NA
Acer spicatum-type,36,NA,NA,NA,Acer,NA,NA,NA,NA
Acer undiff.,NA,9,Acer,Sapindaceae subf. Hippocastanoideae,Acer,NA,NA,NA,NA
Achillea,NA,3737,Asteraceae tribe Anthemideae,Asteraceae subf. Asteroideae,Asteraceae subf. Asteroideae,NA,NA,NA,NA
Achillea-type,NA,820,Asteraceae subf. Asteroideae,Asteraceae,Asteraceae subf. Asteroideae,NA,NA,NA,NA
Aconitum,NA,1143,Ranunculaceae,Ranunculales,Aconitum,25,NA,NA,NA
Aconitum-type,NA,3561,Ranunculaceae,Ranunculales,Aconitum,3,NA,NA,NA
Actaea,NA,1176,Ranunculaceae,Ranunculales,Ranunculaceae undiff.,NA,NA,NA,NA
Actaea-type,42,NA,NA,NA,Ranunculaceae undiff.,NA,NA,NA,NA
Actaea rubra,NA,9580,Actaea,Ranunculaceae,Ranunculaceae undiff.,NA,NA,NA,NA
Adenostoma,NA,20209,Rosaceae,Rosales,Rosaceae undiff.,NA,NA,NA,NA
Adenostoma fasciculatum,NA,20210,Adenostoma,Rosaceae,Rosaceae undiff.,NA,NA,NA,NA
Adenostoma sparsifolium,NA,20211,Adenostoma,Rosaceae,Rosaceae undiff.,NA,NA,NA,NA
Adenostyles,NA,5609,Asteraceae tribe Senecioneae,Asteraceae subf. Asteroideae,Asteraceae subf. Asteroideae,NA,NA,NA,NA
Aesculus,NA,11,Sapindaceae subf. Hippocastanoideae,Sapindaceae,Aesculus,NA,NA,NA,NA
Agastache,NA,9581,Lamiaceae,Lamiales,Lamiaceae undiff.,1,NA,NA,NA
Agave,NA,1479,Asparagaceae subf. Agavoideae,Asparagaceae,Agave,NA,NA,NA,NA
Agavoideae,NA,NA,NA,NA,skip,NA,NA,NA,NA
Agoseris,50,NA,NA,NA,Asteraceae subf. Cichorioideae,NA,NA,NA,NA
Agoseris-type,51,NA,NA,NA,Asteraceae subf. Cichorioideae,NA,NA,NA,NA
Agoseris glauca-type,NA,9582,Asteraceae tribe Cichorieae,Asteraceae subf. Cichorioideae,Asteraceae subf. Cichorioideae,NA,NA,NA,NA
Agrimonia,NA,3749,Rosaceae,Rosales,Rosaceae undiff.,NA,NA,NA,NA
Agrostis,54,NA,NA,NA,Poaceae undiff.,NA,NA,NA,NA
Ailanthus,NA,5750,Simaroubaceae,Sapindales,Ailanthus,4,"FL. Simarouba, Simarouba-type neither present in NA",NA,NA
Aleurites,NA,NA,NA,NA,skip,NA,NA,NA,NA
Allenrolfea occidentalis,NA,9584,Allenrolfea,Amaranthaceae,Amaranthaceae undiff.,1,NA,NA,NA
Allionia,NA,1581,Nyctaginaceae,Caryophyllales,Nyctaginaceae,2,NA,NA,NA
Allium,NA,12,Amaryllidaceae,Asparagales,Allium,19,NA,NA,NA
Allium-type,NA,557,Monocotyledoneae incertae sedis,Monocotyledoneae,Allium,5,NA,NA,NA
Alnus,NA,330,Betulaceae,Fabales,Alnus,NA,NA,NA,NA
Alnus (hexaporate),NA,3662,Alnus,Betulaceae,Alnus,NA,NA,NA,NA
Alnus (pentaporate),NA,3660,Alnus,Betulaceae,Alnus,NA,NA,NA,NA
Alnus (tetraporate),NA,3659,Alnus,Betulaceae,Alnus,NA,NA,NA,NA
Alnus (triporate),NA,3661,Alnus,Betulaceae,Alnus,NA,NA,NA,NA
Alnus cf. A. viridis subsp. crispa,NA,23961,Alnus,Betulaceae,Alnus,NA,NA,NA,NA
Alnus incana,NA,344,Alnus,Betulaceae,Alnus,NA,NA,NA,NA
Alnus incana-type,NA,13,Alnus,Betulaceae,Alnus,NA,NA,NA,NA
Alnus rhombifolia-type,NA,971,Alnus,Betulaceae,Alnus,NA,NA,NA,NA
Alnus rubra,NA,861,Alnus,Betulaceae,Alnus,NA,NA,NA,NA
Alnus rubra-type,NA,264,Alnus,Betulaceae,Alnus,NA,NA,NA,NA
Alnus serrulata-type,NA,NA,NA,NA,Alnus,NA,NA,NA,NA
Alnus undiff.,NA,15,Alnus,Betulaceae,Alnus,NA,NA,NA,NA
Alnus viridis,NA,353,Alnus subg. Alnobetula,Alnus,Alnus,NA,NA,NA,NA
Alnus viridis-type,NA,14,Alnus subg. Alnobetula,Alnus,Alnus,NA,NA,NA,NA
Alnus viridis subsp. crispa,NA,3606,Alnus viridis,Alnus subg. Alnobetula,Alnus,NA,NA,NA,NA
Alnus viridis subsp. crispa-type,NA,3607,Alnus viridis-type,Alnus subg. Alnobetula,Alnus,NA,NA,NA,NA
Alnus viridis subsp. sinuata,NA,3604,Alnus viridis,Alnus subg. Alnobetula,Alnus,NA,NA,NA,NA
Alnus viridis subsp. sinuata-type,NA,3605,Alnus viridis-type,Alnus subg. Alnobetula,Alnus,NA,NA,NA,NA
Alternanthera,NA,1877,Amaranthaceae,Caryophyllales,Amaranthaceae undiff.,6,NA,NA,NA
Amaranthaceae,NA,391,Caryophyllales,Pentapetalae,Amaranthaceae undiff.,NA,NA,NA,NA
Amaranthaceae undiff.,NA,54,Amaranthaceae,Caryophyllales,Amaranthaceae undiff.,NA,NA,NA,NA
Amaranthus,82,NA,NA,NA,Amaranthaceae undiff.,NA,NA,NA,NA
Ambrosia,NA,345,Asteraceae subtribe Ambrosiinae,Asteraceae tribe Heliantheae,Ambrosia,NA,NA,NA,NA
Ambrosia-type,NA,16,Asteraceae subtribe Ambrosiinae,Asteraceae tribe Heliantheae,Ambrosia,NA,NA,NA,NA
Ambrosia/Iva,NA,2612,Asteraceae subtribe Ambrosiinae,Asteraceae tribe Heliantheae,Ambrosia,NA,NA,NA,NA
Ambrosia/Iva annua,NA,23883,Asteraceae subtribe Ambrosiinae,Asteraceae tribe Heliantheae,Ambrosia,NA,NA,NA,NA
Amelanchier,NA,558,Rosaceae,Rosales,Amelanchier,22,"WUS, Serviceberry",NA,NA
Amelanchier-type,NA,354,Rosaceae,Rosales,Amelanchier,11,Great Plains,NA,NA
Amorpha,NA,402,Fabaceae subf. Faboideae,Fabaceae,Amorpha,135,NA,NA,NA
Amorpha-type,NA,17,Fabaceae subf. Faboideae,Fabaceae,Amorpha,NA,NA,NA,NA
Anacardiaceae,NA,347,Sapindales,Malvidae,Anacardiaceae undiff.,NA,NA,NA,NA
Anacardiaceae undiff.,NA,18,Anacardiaceae,Sapindales,Anacardiaceae undiff.,NA,NA,NA,NA
Andromeda,NA,562,Ericaceae subf. Vaccinioideae,Ericaceae,Ericaceae subf. Vaccinioideae,7,NA,NA,NA
Andromeda polifolia,NA,564,Andromeda,Ericaceae subf. Vaccinioideae,Ericaceae subf. Vaccinioideae,1,NA,NA,NA
Andromeda polifolia var. latifolia,NA,563,Andromeda polifolia,Andromeda,Ericaceae subf. Vaccinioideae,NA,NA,NA,NA
Andropogon,NA,3534,Poaceae,Poales,Poaceae undiff.,5,NA,NA,NA
Androsace,NA,1154,Androsace-type,Primulaceae,Androsace,12,"Boreal.  Keep for now, maybe lump into Primulaceae",NA,NA
Anemone,NA,1142,Ranunculaceae,Ranunculales,Ranunculaceae undiff.,10,NA,NA,NA
Anemone-type,NA,1161,Ranunculaceae,Ranunculales,Ranunculaceae undiff.,20,"MN (local analyst), Alaska, misc.  Lumping.",NA,NA
Anemone canadensis-type,NA,403,Anemone-type,Ranunculaceae,Ranunculaceae undiff.,4,NA,NA,NA
Anemone patens,103,NA,NA,NA,Ranunculaceae undiff.,NA,NA,NA,NA
Anemone quinquefolia-type,NA,406,Anemone-type,Ranunculaceae,Ranunculaceae undiff.,3,NA,NA,NA
Anemone sect. Hepatica,NA,25877,Anemone subg. Anemonidium,Anemone,Ranunculaceae undiff.,NA,NA,NA,NA
Anemone sect. Pulsatilla,106,NA,NA,NA,Ranunculaceae undiff.,NA,NA,NA,NA
Angelica-type,NA,3784,Apiaceae,Apiales,Apiaceae,8,all BC,NA,NA
Angiospermae undiff. (hardwood trees),NA,23877,Angiospermae undiff.,Angiospermae,skip,NA,NA,NA,NA
Angiospermae undiff. (herbs),NA,127,Angiospermae undiff.,Angiospermae,skip,NA,NA,NA,NA
Angiospermae undiff. (upland herbs),NA,474,Angiospermae undiff. (herbs),Angiospermae undiff.,skip,NA,NA,NA,NA
Annona,NA,5762,Annonaceae,Magnoliales,Annonaceae,3,NA,NA,NA
Annonaceae,NA,3293,Magnoliales,Magnoliidae,Annonaceae,1,NA,NA,NA
Anthemis,NA,5166,Asteraceae tribe Anthemideae,Asteraceae subf. Asteroideae,Asteraceae subf. Asteroideae,NA,NA,NA,NA
Anthemis-type,NA,3438,Asteraceae tribe Anthemideae,Asteraceae subf. Asteroideae,Asteraceae subf. Asteroideae,NA,NA,NA,NA
Apiaceae,NA,311,Apiales,Apiidae,Apiaceae,NA,NA,NA,NA
Apiaceae (apiculate),114,NA,NA,NA,Apiaceae,NA,NA,NA,NA
Apiaceae (large),115,NA,NA,NA,Apiaceae,NA,NA,NA,NA
Apiaceae (medium),116,NA,NA,NA,Apiaceae,NA,NA,NA,NA
Apiaceae (small),117,NA,NA,NA,Apiaceae,NA,NA,NA,NA
Apiaceae cf. Sium suave,NA,1439,Apiaceae,Apiales,Apiaceae,NA,NA,NA,NA
Apiaceae undiff.,NA,1172,Apiaceae,Apiales,Apiaceae,NA,NA,NA,NA
Apium-type,NA,NA,NA,NA,Apiaceae,NA,NA,NA,NA
Apocynaceae,NA,228,Gentianales,Lamiidae,Apocynaceae,NA,NA,NA,NA
Apocynum,NA,19,Apocyneae tribe Apocyneae,Apocynaceae,Apocynaceae,NA,NA,NA,NA
Aquifoliaceae,NA,21,Aquifoliales,Campanulidae,Aquifoliaceae undiff.,43,Ilex is split,NA,NA
Aquilegia,NA,1270,Ranunculaceae,Ranunculales,Ranunculaceae undiff.,4,NA,NA,NA
Arabis,NA,21578,Brassicaceae,Brassicales,Brassicaceae,2,NA,NA,NA
Araceae,NA,859,Alismatales,Nartheciidae,Araceae undiff.,NA,NA,NA,NA
Araceae-type,126,NA,NA,NA,Araceae undiff.,NA,NA,NA,NA
Araceae cf. Anthurium-type,NA,23500,Araceae,Alismatales,Araceae undiff.,NA,NA,NA,NA
Araceae undiff.,128,NA,NA,NA,Araceae undiff.,NA,NA,NA,NA
Aralia hispida,NA,565,Aralia,Araliaceae,Araliaceae,NA,NA,NA,NA
Araliaceae,NA,22,Apiales,Apiidae,Araliaceae,NA,NA,NA,NA
Arbutus,132,NA,NA,NA,Ericaceae subf. Arbutoideae,NA,NA,NA,NA
Arceuthobium,NA,23,Santalaceae subf. Visceae,Santalaceae,Arceuthobium,228,NA,NA,NA
Arceuthobium americanum,NA,1014,Arceuthobium,Santalaceae subf. Visceae,Arceuthobium,NA,NA,NA,NA
Arceuthobium pusillum,NA,567,Arceuthobium,Santalaceae subf. Visceae,Arceuthobium,NA,NA,NA,NA
Arceuthobium/Loranthaceae,NA,248,Viscaceae sensu stricto/Loranthaceae,Santalales,skip,NA,NA,NA,NA
Arctostaphylos,NA,1162,Ericaceae subf. Arbutoideae,Ericaceae,Ericaceae subf. Arbutoideae,21,NA,NA,NA
Arctostaphylos uva-ursi,NA,568,Arctostaphylos,Ericaceae subf. Arbutoideae,Ericaceae subf. Arbutoideae,NA,NA,NA,NA
Arctous alpina/A. rubra,NA,3612,Arctous,Ericaceae subf. Arbutoideae,Ericaceae subf. Arbutoideae,NA,NA,NA,NA
Arecaceae,NA,199,Arecales,Commelinidae,Arecaceae undiff.,NA,NA,NA,NA
Arecaceae-type undiff.,NA,1230,Arecaceae-type,Monocotyledoneae incertae sedis,Arecaceae undiff.,NA,NA,NA,NA
Arecaceae undiff.,NA,910,Arecaceae,Arecales,Arecaceae undiff.,NA,NA,NA,NA
Arenaria,NA,994,Caryophyllaceae,Caryophyllales,Caryophyllaceae undiff.,4,NA,NA,NA
Arenaria-type,NA,3830,Caryophyllaceae,Caryophyllales,Caryophyllaceae undiff.,2,NA,NA,NA
Armeria,NA,24,Armeria-type,Plumbaginaceae,Plumbaginaceae,11,scattered,NA,NA
Armeria maritima,NA,569,Armeria maritima-type,Armeria-type,Plumbaginaceae,10,Ecan - one worker,NA,NA
Artemisia,NA,25,Asteraceae tribe Anthemideae,Asteraceae subf. Asteroideae,Artemisia,NA,NA,NA,NA
Artemisia-type,NA,1602,Asteraceae tribe Anthemideae,Asteraceae subf. Asteroideae,Artemisia,NA,NA,NA,NA
Aruncus,NA,NA,NA,NA,Rosaceae undiff.,1,NA,NA,NA
Asimina,NA,NA,NA,NA,Annonaceae,NA,NA,NA,NA
Aster,NA,2652,Asteraceae tribe Astereae,Asteraceae subf. Asteroideae,Asteraceae subf. Asteroideae,NA,NA,NA,NA
Aster-type,NA,3439,Asteraceae subf. Asteroideae,Asteraceae,Asteraceae subf. Asteroideae,NA,NA,NA,NA
Asteraceae,NA,409,Asterales,Apiidae,Asteraceae undiff.,NA,NA,NA,NA
Asteraceae (high spine),NA,876,Asteraceae,Asterales,Asteraceae undiff.,NA,NA,NA,NA
"Asteraceae (lophate, echinate)",NA,20924,Asteraceae (lophate),Asteraceae,Asteraceae undiff.,NA,NA,NA,NA
Asteraceae (low spine),NA,877,Asteraceae,Asterales,Asteraceae undiff.,NA,NA,NA,NA
Asteraceae cf. Cirsium,NA,3847,Asteraceae tribe Cynareae,Asteraceae subf. Carduoideae,Asteraceae subf. Carduoideae,NA,NA,NA,NA
Asteraceae indet.,NA,NA,NA,NA,Asteraceae undiff.,NA,NA,NA,NA
Asteraceae undiff.,NA,61,Asteraceae,Asterales,Asteraceae undiff.,NA,NA,NA,NA
Asteroideae,157,NA,NA,NA,Asteraceae subf. Asteroideae,NA,NA,NA,NA
Asteroideae (coarse spine),158,NA,NA,NA,Asteraceae subf. Asteroideae,NA,NA,NA,NA
Asteroideae (high spine),159,NA,NA,NA,Asteraceae subf. Asteroideae,NA,NA,NA,NA
Asteroideae (large),160,NA,NA,NA,Asteraceae subf. Asteroideae,NA,NA,NA,NA
Asteroideae (low spine),161,NA,NA,NA,Asteraceae subf. Asteroideae,NA,NA,NA,NA
Asteroideae undiff.,162,NA,NA,NA,Asteraceae subf. Asteroideae,NA,NA,NA,NA
Astragalus,NA,1002,Fabaceae subf. Faboideae,Fabaceae,Astragalus,NA,NA,NA,NA
Astragalus-type,NA,1163,Fabaceae subf. Faboideae,Fabaceae,Astragalus,NA,NA,NA,NA
Astragalus alpinus,NA,2914,Astragalus alpinus-type,Astragalus,Astragalus,NA,NA,NA,NA
Astragalus/Lupinus,NA,2956,Fabaceae subf. Faboideae,Fabaceae,Astragalus,NA,NA,NA,NA
Avena-type,NA,414,Poaceae,Poales,Avena,25,NA,NA,NA
Avena/Triticum,NA,415,Poaceae,Poales,Avena,11,NA,NA,NA
Baccharis,NA,3037,Asteraceae tribe Astereae,Asteraceae subf. Asteroideae,Asteraceae subf. Asteroideae,NA,NA,NA,NA
Balsaminaceae,NA,3460,Ericales,Asteridae,Impatiens,4,NA,NA,NA
Batis,NA,1480,Bataceae,Brassicales,skip,2,2 sites on US/MX border,NA,NA
Berberidaceae,NA,867,Ranunculales,Eudicotyledoneae,Berberidaceae,6,NA,NA,NA
Berberis,NA,1631,Berberidaceae,Ranunculales,Berberidaceae,NA,NA,NA,NA
Berberis-type,NA,973,Berberidaceae,Ranunculales,Berberidaceae,NA,NA,NA,NA
Berberis repens,NA,9703,Berberis,Berberidaceae,Berberidaceae,NA,NA,NA,NA
Berchemia scandens,NA,938,Berchemia,Rhamnaceae,Rhamnaceae undiff.,1,NA,NA,NA
Berlandiera-type,NA,28,Asteraceae subf. Asteroideae,Asteraceae,Asteraceae subf. Asteroideae,NA,NA,NA,NA
Beta vulgaris-type,NA,2547,Beta-type,Amaranthaceae,Amaranthaceae undiff.,1,NA,NA,NA
Betula,NA,29,Betulaceae,Fabales,Betula,NA,NA,NA,NA
Betula (<20 µm),179,NA,NA,NA,Betula,NA,NA,NA,NA
Betula (>20 µm),180,NA,NA,NA,Betula,NA,NA,NA,NA
Betula (>25 µm),181,NA,NA,NA,Betula,NA,NA,NA,NA
Betula (20-25 µm),182,NA,NA,NA,Betula,NA,NA,NA,NA
Betula (shrub),NA,574,Betula,Betulaceae,Betula,NA,NA,NA,NA
Betula (small),NA,5736,Betula,Betulaceae,Betula,NA,NA,NA,NA
Betula (tree),NA,857,Betula,Betulaceae,Betula,NA,NA,NA,NA
Betula det. shrub,NA,1010,Betula,Betulaceae,Betula,NA,NA,NA,NA
Betula det. tree,NA,1009,Betula,Betulaceae,Betula,NA,NA,NA,NA
Betula glandulosa,NA,5776,Betula,Betulaceae,Betula,NA,NA,NA,NA
Betula glandulosa-type,NA,5777,Betula,Betulaceae,Betula,NA,NA,NA,NA
Betula nana,NA,3208,Betula,Betulaceae,Betula,NA,NA,NA,NA
Betula papyrifera,NA,576,Betula,Betulaceae,Betula,NA,NA,NA,NA
Betula undiff.,NA,1011,Betula,Betulaceae,Betula,NA,NA,NA,NA
Betula/Myrica,NA,26970,Betulaceae/Myricaceae,Fabales,skip,NA,NA,NA,NA
Betulaceae,NA,327,Fabales,Fabidae,skip,NA,NA,NA,NA
Betulaceae undiff.,NA,357,Betulaceae,Fabales,skip,NA,NA,NA,NA
Betulaceae/Myricaceae undiff.,NA,1258,Betulaceae/Myricaceae,Fabales,skip,NA,NA,NA,NA
Bidens,NA,349,Asteraceae tribe Coreopsideae,Asteraceae subf. Asteroideae,Bidens,73,Great Plains,NA,NA
Bidens-type,NA,31,Asteraceae subf. Asteroideae,Asteraceae,Bidens,NA,NA,NA,NA
Bignoniaceae,NA,NA,NA,NA,skip,0,NA,NA,NA
Bistorta,NA,9517,Polygonaceae,Caryophyllales,Bistorta,4,NA,NA,NA
Bistorta bistortoides,NA,869,Bistorta,Polygonaceae,Bistorta,39,NA,NA,NA
Bistorta bistortoides-type,NA,232,Bistorta,Polygonaceae,Bistorta,NA,NA,NA,NA
Bistorta officinalis,NA,1184,Bistorta,Polygonaceae,Bistorta,NA,NA,NA,NA
Bistorta officinalis-type,NA,703,Bistorta,Polygonaceae,Bistorta,NA,NA,NA,NA
Bistorta vivipara,NA,705,Bistorta,Polygonaceae,Bistorta,NA,NA,NA,NA
Bistorta vivipara-type,NA,824,Bistorta,Polygonaceae,Bistorta,NA,NA,NA,NA
Bobea,NA,NA,NA,NA,skip,0,NA,NA,NA
Boehmeria,NA,1353,Urticaceae,Urticalean Rosids,Urticaceae,1,NA,NA,NA
Boerhavia,NA,1533,Nyctaginaceae,Caryophyllales,Boerhavia,7,SWUS,NA,NA
Boraginaceae,NA,32,Lamiidae,Garryidae,Boraginaceae,NA,NA,NA,NA
Boraginaceae undiff.,NA,1074,Boraginaceae,Lamiidae,Boraginaceae,NA,NA,NA,NA
Brassica,NA,419,Brassicaceae,Brassicales,Brassicaceae,17,widely distributed,NA,NA
Brassicaceae,NA,420,Brassicales,Malvidae,Brassicaceae,NA,NA,NA,NA
Brassicaceae-type,NA,2948,Eudicotyledoneae incertae sedis,Eudicotyledoneae,Brassicaceae,NA,NA,NA,NA
Brassicaceae-type undiff.,NA,2947,Brassicaceae-type,Eudicotyledoneae incertae sedis,Brassicaceae,NA,NA,NA,NA
Brassicaceae cf. Brassica,NA,898,Brassicaceae,Brassicales,Brassicaceae,NA,NA,NA,NA
Brassicaceae undiff.,NA,70,Brassicaceae,Brassicales,Brassicaceae,NA,NA,NA,NA
Bromeliaceae,NA,878,Poales,Commelinidae,Bromeliaceae undiff.,NA,NA,NA,NA
Broussasia (flat-lobed),NA,NA,NA,NA,skip,0,NA,NA,NA
Broussasia (round-lobed),NA,NA,NA,NA,skip,0,NA,NA,NA
Bumelia,NA,36,Sapotaceae,Sapindales,Meliaceae/Sapotaceae,5,S FL,NA,NA
Bumelia-type,NA,NA,NA,NA,Meliaceae/Sapotaceae,NA,NA,NA,NA
Bupleurum,NA,1012,Apiaceae,Apiales,Apiaceae,7,Alaskan,NA,NA
Bupleurum-type,NA,1267,Apiaceae,Apiales,Apiaceae,3,Florida,NA,NA
Bursera,NA,37,Burseraceae,Sapindales,Bursera,1,NA,NA,NA
Bursera-type,NA,23501,Bursera,Burseraceae,Bursera,0,NA,NA,NA
Bursera simaruba,NA,3573,Bursera,Burseraceae,Bursera,4,NA,NA,NA
Byrsonima,NA,1719,Malpighiaceae,Malpighiales,Malpighiaceae,1,NA,NA,NA
Cactaceae,NA,1680,Caryophyllales,Pentapetalae,Cactaceae undiff.,NA,NA,NA,NA
Calendula,NA,5301,Asteraceae tribe Calenduleae,Asteraceae subf. Asteroideae,Asteraceae subf. Asteroideae,NA,NA,NA,NA
Caltha-type,NA,585,Ranunculaceae,Ranunculales,Caltha,NA,NA,NA,NA
Caltha leptosepala,NA,2231,Caltha,Ranunculaceae,Caltha,NA,NA,NA,NA
Calycanthus,NA,939,Calycanthaceae,Laurales,skip,2,only 2 sites with this genus/family,NA,NA
Calylophus,230,NA,NA,NA,Onagraceae undiff.,NA,NA,NA,NA
Calystegia,NA,1517,Convolvulaceae,Solanales,Convolvulaceae,1,NA,NA,NA
Camassia,NA,872,Asparagaceae subf. Agavoideae,Asparagaceae,Asparagaceae,2,NA,NA,NA
Campanula,NA,813,Campanuloideae subf. Campanuloideae,Campanulaceae,Campanula,43,lots in west,NA,NA
Campanula-type,NA,586,Campanuloideae subf. Campanuloideae,Campanulaceae,Campanula,NA,NA,NA,NA
Campanula aparinoides-type,NA,421,Campanula-type,Campanuloideae subf. Campanuloideae,Campanula,NA,NA,NA,NA
Campanula rotundifolia-type,NA,422,Campanula-type,Campanuloideae subf. Campanuloideae,Campanula,NA,NA,NA,NA
Campanulaceae,NA,351,Asterales,Apiidae,Campanulaceae undiff.,NA,NA,NA,NA
Cannabaceae,NA,9115,Urticalean Rosids,Rosales,Cannabaceae undiff.,NA,NA,NA,NA
Cannabaceae cf. Humulus,NA,1255,Cannabaceae,Urticalean Rosids,Cannabaceae undiff.,NA,NA,NA,NA
Cannabaceae sensu stricto,NA,42,Cannabaceae,Urticalean Rosids,Cannabaceae undiff.,NA,NA,NA,NA
Cannabaceae sensu stricto undiff.,NA,1208,Cannabaceae sensu stricto,Cannabaceae,Cannabaceae undiff.,NA,NA,NA,NA
Cannabis,242,NA,NA,NA,Cannabaceae undiff.,NA,NA,NA,NA
Cannabis-type,NA,5823,Cannabaceae,Urticalean Rosids,Humulus/Cannabis,NA,NA,NA,NA
Cannabis sativa,NA,426,Cannabis,Cannabaceae,Humulus/Cannabis,4,NA,NA,NA
Cannabis sativa-type,NA,424,Cannabis-type,Cannabaceae,Humulus/Cannabis,8,NA,NA,NA
Canotia,NA,1582,Celastraceae,Celastrales,Celastraceae,5,NM,NA,NA
Canthium,NA,NA,NA,NA,skip,0,NA,NA,NA
Caprifoliaceae,NA,394,Dipsacales,Apiidae,Caprifoliaceae undiff.,NA,NA,NA,NA
Caprifoliaceae sensu lato,NA,9528,Dipsacales,Apiidae,Caprifoliaceae undiff.,NA,NA,NA,NA
Caprifoliaceae sensu lato undiff.,NA,9529,Caprifoliaceae sensu lato,Dipsacales,Caprifoliaceae undiff.,NA,NA,NA,NA
Caprifoliaceae undiff.,NA,43,Caprifoliaceae,Dipsacales,Caprifoliaceae undiff.,NA,NA,NA,NA
Cardueae,252,NA,NA,NA,Asteraceae subf. Carduoideae,NA,NA,NA,NA
Carduoideae undiff.,NA,NA,NA,NA,skip,NA,NA,NA,NA
Carduus-type,NA,NA,NA,NA,Asteraceae subf. Carduoideae,1,introduced thistle,NA,NA
Carex,NA,1297,Cyperaceae,Poales,Cyperaceae,17,NA,NA,NA
Carpinus,NA,1429,Betulaceae,Fabales,Ostrya/Carpinus,NA,NA,NA,NA
Carpinus-type,NA,1505,Betulaceae,Fabales,Ostrya/Carpinus,NA,NA,NA,NA
Carya,NA,44,Juglandaceae,Fagales,Carya,NA,NA,NA,NA
Carya cordiformis,NA,587,Carya,Juglandaceae,Carya,NA,NA,NA,NA
Carya ovata,NA,588,Carya,Juglandaceae,Carya,NA,NA,NA,NA
Caryophyllaceae,NA,45,Caryophyllales,Pentapetalae,Caryophyllaceae undiff.,NA,NA,NA,NA
Caryophyllaceae cf. Dianthus,NA,1280,Caryophyllaceae,Caryophyllales,Caryophyllaceae undiff.,NA,NA,NA,NA
Caryophyllaceae undiff.,NA,1013,Caryophyllaceae,Caryophyllales,Caryophyllaceae undiff.,NA,NA,NA,NA
Cassiope,NA,1153,Ericaceae subf. Cassiopoideae,Ericaceae,Ericaceae subf. Cassiopoideae,1,NA,NA,NA
Cassiope-type,NA,2643,Ericaceae subf. Cassiopoideae,Ericaceae,Ericaceae subf. Cassiopoideae,NA,NA,NA,NA
Cassiope tetragona,266,NA,NA,NA,Ericaceae subf. Cassiopoideae,NA,NA,NA,NA
Cassiope tetragona-type,267,NA,NA,NA,Ericaceae subf. Cassiopoideae,NA,NA,NA,NA
Castanea,NA,47,Fagaceae,Fagales,Castanea,NA,NA,NA,NA
Castanea-type,NA,3996,Eudicotyledoneae incertae sedis,Eudicotyledoneae,Castanea,NA,NA,NA,NA
Castanea dentata,NA,590,Castanea,Fagaceae,Castanea,NA,NA,NA,NA
Castanopsis,NA,9601,Fagaceae,Fagales,Fagaceae undiff.,NA,NA,NA,NA
Castilleja,NA,1276,Orobanchaceae,Lamiales,Orobanchaceae,11,SWUS,NA,NA
Casuarina,NA,2704,Casuarinaceae,Fagales,skip,0,not present in NAPD,NA,NA
Caulophyllum,NA,1085,Berberidaceae,Ranunculales,Berberidaceae,4,NA,NA,NA
Ceanothus,NA,48,Rhamnaceae,Rosales,Ceanothus/Rhamnus,178,NA,NA,NA
Ceanothus-type,NA,1472,Rhamnaceae,Rosales,Ceanothus/Rhamnus,NA,NA,NA,NA
Cecropia,NA,781,Urticaceae,Urticalean Rosids,Urticaceae,NA,NA,NA,NA
Cedrus,NA,2249,Pinaceae,Coniferae,Cedrus,4,NA,NA,NA
Celastraceae,NA,1562,Celastrales,Fabidae,Celastraceae,NA,NA,NA,NA
Celastrus scandens,281,NA,NA,NA,Celastraceae,NA,NA,NA,NA
Celtis,NA,49,Cannabaceae,Urticalean Rosids,Celtis,NA,NA,NA,NA
Celtis-type,NA,1415,Urticalean Rosids incertae sedis,Urticalean Rosids,skip,NA,NA,NA,NA
Celtis occidentalis,NA,591,Celtis,Cannabaceae,Celtis,NA,NA,NA,NA
Celtis/Maclura,NA,829,Urticalean Rosids incertae sedis,Urticalean Rosids,skip,NA,NA,NA,NA
Celtis/Maclura-type,NA,946,Urticalean Rosids incertae sedis,Urticalean Rosids,skip,NA,NA,NA,NA
Centaurea,NA,592,Centaurea-type,Asteraceae tribe Cynareae,Asteraceae subf. Carduoideae,8,NA,NA,NA
Centaurea-type,NA,1510,Asteraceae tribe Cynareae,Asteraceae subf. Carduoideae,Asteraceae subf. Carduoideae,3,NA,NA,NA
Centaurea jacea-type,NA,NA,NA,NA,Asteraceae subf. Carduoideae,NA,NA,NA,NA
Cephalanthus,NA,50,Rubiaceae,Gentianales,Cephalanthus,NA,NA,NA,NA
Cephalanthus occidentalis,NA,593,Cephalanthus,Rubiaceae,Cephalanthus,NA,NA,NA,NA
Cerastium-type,NA,999,Caryophyllaceae,Caryophyllales,Caryophyllaceae undiff.,2,NA,NA,NA
Ceratiola ericoides,NA,51,Ceratiola,Ericaceae subf. Ericoideae,Ericaceae subf. Ericoideae,NA,NA,NA,NA
Ceratiola ericoides-type,NA,1100,Ericaceae subf. Ericoideae,Ericaceae,Ericaceae subf. Ericoideae,NA,NA,NA,NA
Cercis,NA,3479,Fabaceae subf. Cercidoideae,Fabaceae,Fabaceae undiff.,4,NA,NA,NA
Cercocarpus,NA,1103,Rosaceae,Rosales,Cercocarpus,NA,NA,NA,NA
Cercocarpus-type,NA,984,Rosaceae,Rosales,Cercocarpus,NA,NA,NA,NA
Cercocarpus/Purshia,NA,2951,Rosaceae,Rosales,Cercocarpus,NA,NA,NA,NA
cf. Acalypha,NA,18473,Eudicotyledoneae incertae sedis,Eudicotyledoneae,skip,NA,NA,NA,NA
cf. Acanthaceae,NA,5766,Eudicotyledoneae incertae sedis,Eudicotyledoneae,skip,NA,NA,NA,NA
cf. Amelanchier,302,NA,NA,NA,skip,NA,NA,NA,NA
cf. Araceae,NA,1911,Monocotyledoneae incertae sedis,Monocotyledoneae,skip,NA,NA,NA,NA
cf. Araliaceae,NA,27018,Eudicotyledoneae incertae sedis,Eudicotyledoneae,skip,NA,NA,NA,NA
cf. Arceuthobium,NA,18474,Eudicotyledoneae incertae sedis,Eudicotyledoneae,skip,NA,NA,NA,NA
cf. Ardisia,NA,23502,Eudicotyledoneae incertae sedis,Eudicotyledoneae,skip,NA,NA,NA,NA
cf. Arisaema,NA,5755,Araceae,Alismatales,Araceae undiff.,NA,NA,NA,NA
cf. Bistorta bistortoides,NA,1595,Eudicotyledoneae incertae sedis,Eudicotyledoneae,skip,NA,NA,NA,NA
cf. Bocconia,NA,578,Eudicotyledoneae incertae sedis,Eudicotyledoneae,skip,NA,NA,NA,NA
cf. Brassicaceae,NA,1120,Eudicotyledoneae incertae sedis,Eudicotyledoneae,skip,NA,NA,NA,NA
cf. Carya,NA,22602,Eudicotyledoneae incertae sedis,Eudicotyledoneae,skip,NA,NA,NA,NA
cf. Castanea,NA,23535,Eudicotyledoneae incertae sedis,Eudicotyledoneae,skip,NA,NA,NA,NA
cf. Castilleja,NA,1271,Eudicotyledoneae incertae sedis,Eudicotyledoneae,skip,NA,NA,NA,NA
cf. Ceanothus,NA,899,Eudicotyledoneae incertae sedis,Eudicotyledoneae,skip,NA,NA,NA,NA
cf. Ceanothus velutinus,NA,987,Eudicotyledoneae incertae sedis,Eudicotyledoneae,skip,NA,NA,NA,NA
cf. Celtis,NA,2631,Eudicotyledoneae incertae sedis,Eudicotyledoneae,skip,NA,NA,NA,NA
cf. Cephalanthus,NA,2218,Eudicotyledoneae incertae sedis,Eudicotyledoneae,skip,NA,NA,NA,NA
cf. Cercocarpus,NA,1495,Fabidae incertae sedis,Fabidae,skip,NA,NA,NA,NA
cf. Cistaceae,NA,3638,Eudicotyledoneae incertae sedis,Eudicotyledoneae,skip,NA,NA,NA,NA
cf. Coccoloba,NA,5767,Eudicotyledoneae incertae sedis,Eudicotyledoneae,skip,NA,NA,NA,NA
cf. Collinsia,NA,2967,Eudicotyledoneae incertae sedis,Eudicotyledoneae,skip,NA,NA,NA,NA
cf. Cupressaceae,NA,1945,Cupressophyta incertae sedis,Cupressophyta,skip,NA,NA,NA,NA
cf. Dalea,NA,1497,Eudicotyledoneae incertae sedis,Eudicotyledoneae,skip,NA,NA,NA,NA
cf. Descurainia,NA,5774,Eudicotyledoneae incertae sedis,Eudicotyledoneae,skip,NA,NA,NA,NA
cf. Diapensia lapponica,NA,606,Eudicotyledoneae incertae sedis,Eudicotyledoneae,skip,NA,NA,NA,NA
cf. Dodecatheon,NA,1482,Eudicotyledoneae incertae sedis,Eudicotyledoneae,skip,NA,NA,NA,NA
cf. Dryas,NA,3650,Eudicotyledoneae incertae sedis,Eudicotyledoneae,skip,NA,NA,NA,NA
cf. Eriogonum,NA,900,Eudicotyledoneae incertae sedis,Eudicotyledoneae,skip,NA,NA,NA,NA
cf. Euphorbia,NA,4285,Eudicotyledoneae incertae sedis,Eudicotyledoneae,skip,NA,NA,NA,NA
cf. Euphorbiaceae,NA,4284,Eudicotyledoneae incertae sedis,Eudicotyledoneae,skip,NA,NA,NA,NA
cf. Fabaceae,NA,4432,Eudicotyledoneae incertae sedis,Eudicotyledoneae,skip,NA,NA,NA,NA
cf. Fraxinus,NA,1248,Eudicotyledoneae incertae sedis,Eudicotyledoneae,skip,NA,NA,NA,NA
cf. Gilia,NA,2236,Eudicotyledoneae incertae sedis,Eudicotyledoneae,skip,NA,NA,NA,NA
cf. Hedysarum,NA,2603,Eudicotyledoneae incertae sedis,Eudicotyledoneae,skip,NA,NA,NA,NA
cf. Heuchera richardsonii,NA,1436,Eudicotyledoneae incertae sedis,Eudicotyledoneae,skip,NA,NA,NA,NA
cf. Hypericum,NA,647,Eudicotyledoneae incertae sedis,Eudicotyledoneae,skip,NA,NA,NA,NA
cf. Juglans,NA,3613,Eudicotyledoneae incertae sedis,Eudicotyledoneae,skip,NA,NA,NA,NA
cf. Juncus,NA,3712,Poales incertae sedis,Poales,skip,NA,NA,NA,NA
cf. Lewisia,NA,3483,Caryophyllales incertae sedis,Caryophyllales,skip,NA,NA,NA,NA
cf. Liliaceae,346,NA,NA,NA,skip,NA,NA,NA,NA
cf. Limonium,NA,1485,Plumbaginaceae,Caryophyllales,Plumbaginaceae,NA,NA,NA,NA
cf. Linanthus,NA,1486,Polemoniaceae,Ericales,Polemoniaceae undiff.,NA,NA,NA,NA
cf. Linum,NA,3214,Eudicotyledoneae incertae sedis,Eudicotyledoneae,skip,NA,NA,NA,NA
cf. Lysimachia,NA,3614,Eudicotyledoneae incertae sedis,Eudicotyledoneae,skip,NA,NA,NA,NA
cf. Mertensia paniculata,NA,1437,Boraginaceae,Lamiidae,Boraginaceae,NA,NA,NA,NA
cf. Morus,NA,1116,Eudicotyledoneae incertae sedis,Eudicotyledoneae,skip,NA,NA,NA,NA
cf. Myrica,NA,1119,Eudicotyledoneae incertae sedis,Eudicotyledoneae,skip,NA,NA,NA,NA
cf. Nemopanthus,NA,1508,Eudicotyledoneae incertae sedis,Eudicotyledoneae,skip,NA,NA,NA,NA
cf. Nothocestrum,NA,NA,NA,NA,skip,NA,NA,NA,NA
cf. Ostrya/Carpinus,NA,3608,Eudicotyledoneae incertae sedis,Eudicotyledoneae,skip,NA,NA,NA,NA
cf. Oxalis,NA,2645,Eudicotyledoneae incertae sedis,Eudicotyledoneae,skip,NA,NA,NA,NA
cf. Oxyria digyna,NA,681,Eudicotyledoneae incertae sedis,Eudicotyledoneae,skip,NA,NA,NA,NA
cf. Parnassia,NA,1104,Eudicotyledoneae incertae sedis,Eudicotyledoneae,skip,NA,NA,NA,NA
cf. Parthenocissus,363,NA,NA,NA,skip,NA,NA,NA,NA
cf. Pedicularis,NA,989,Eudicotyledoneae incertae sedis,Eudicotyledoneae,skip,NA,NA,NA,NA
cf. Penthorum sedoides,NA,1438,Eudicotyledoneae incertae sedis,Eudicotyledoneae,skip,NA,NA,NA,NA
cf. Persicaria,NA,NA,NA,NA,skip,NA,NA,NA,NA
cf. Phacelia,NA,901,Lythraceae,Myrtales,Lythraceae undiff.,NA,NA,NA,NA
cf. Phacelia hastata,NA,2237,Lythraceae,Myrtales,Lythraceae undiff.,NA,NA,NA,NA
cf. Phlox,368,NA,NA,NA,skip,NA,NA,NA,NA
cf. Physalis,NA,2647,Eudicotyledoneae incertae sedis,Eudicotyledoneae,skip,NA,NA,NA,NA
cf. Platanus,NA,4662,Eudicotyledoneae incertae sedis,Eudicotyledoneae,skip,NA,NA,NA,NA
cf. Podophyllum,NA,5756,Eudicotyledoneae incertae sedis,Eudicotyledoneae,skip,NA,NA,NA,NA
cf. Populus,NA,2571,Eudicotyledoneae incertae sedis,Eudicotyledoneae,skip,NA,NA,NA,NA
cf. Portulaca,NA,2232,Caryophyllales incertae sedis,Caryophyllales,skip,NA,NA,NA,NA
cf. Primula,NA,1286,Eudicotyledoneae incertae sedis,Eudicotyledoneae,skip,NA,NA,NA,NA
cf. Protium,NA,23504,Eudicotyledoneae incertae sedis,Eudicotyledoneae,skip,NA,NA,NA,NA
cf. Rafinesquia,NA,1499,Asteraceae subf. Cichorioideae,Asteraceae,Asteraceae subf. Cichorioideae,NA,NA,NA,NA
cf. Rhamnus,NA,1071,Eudicotyledoneae incertae sedis,Eudicotyledoneae,Ceanothus/Rhamnus,NA,NA,NA,NA
cf. Rhus,NA,1075,Eudicotyledoneae incertae sedis,Eudicotyledoneae,Anacardiaceae undiff.,NA,NA,NA,NA
cf. Rubus arcticus,NA,26971,Rosaceae,Rosales,Rosaceae undiff.,NA,NA,NA,NA
cf. Rumex,NA,1076,Eudicotyledoneae incertae sedis,Eudicotyledoneae,skip,NA,NA,NA,NA
cf. Sambucus,NA,902,Eudicotyledoneae incertae sedis,Eudicotyledoneae,skip,NA,NA,NA,NA
cf. Sanguisorba,NA,1077,Eudicotyledoneae incertae sedis,Eudicotyledoneae,skip,NA,NA,NA,NA
cf. Sarcobatus vermiculatus,NA,743,Caryophyllales incertae sedis,Caryophyllales,skip,NA,NA,NA,NA
cf. Saxifraga oppositifolia,NA,18476,Eudicotyledoneae incertae sedis,Eudicotyledoneae,skip,NA,NA,NA,NA
cf. Saxifragaceae,NA,1264,Eudicotyledoneae incertae sedis,Eudicotyledoneae,skip,NA,NA,NA,NA
cf. Scrophulariaceae,NA,990,Eudicotyledoneae incertae sedis,Eudicotyledoneae,skip,NA,NA,NA,NA
cf. Silene,391,NA,NA,NA,skip,NA,NA,NA,NA
cf. Taxus,NA,757,Cupressophyta incertae sedis,Cupressophyta,skip,NA,NA,NA,NA
cf. Valeriana,NA,1560,Eudicotyledoneae incertae sedis,Eudicotyledoneae,skip,NA,NA,NA,NA
cf. Verbascum,NA,5754,Eudicotyledoneae incertae sedis,Eudicotyledoneae,skip,NA,NA,NA,NA
cf. Verbena,NA,1079,Eudicotyledoneae incertae sedis,Eudicotyledoneae,skip,NA,NA,NA,NA
cf. Verbenaceae,NA,792,Eudicotyledoneae incertae sedis,Eudicotyledoneae,skip,NA,NA,NA,NA
cf. Veronica,NA,3666,Eudicotyledoneae incertae sedis,Eudicotyledoneae,skip,NA,NA,NA,NA
cf. Veronicastrum virginicum,NA,24006,Eudicotyledoneae incertae sedis,Eudicotyledoneae,skip,NA,NA,NA,NA
cf. Viola,NA,773,Eudicotyledoneae incertae sedis,Eudicotyledoneae,skip,NA,NA,NA,NA
cf. Vitis,NA,2632,Eudicotyledoneae incertae sedis,Eudicotyledoneae,skip,NA,NA,NA,NA
cf. Weinmannia,NA,2548,Eudicotyledoneae incertae sedis,Eudicotyledoneae,skip,NA,NA,NA,NA
cf. Zamia,NA,5761,Cycadophyta,Spermatophyta,skip,NA,NA,NA,NA
Chamaebatiaria millefolium,NA,9613,Chamaebatiaria,Rosaceae,Rosaceae undiff.,NA,NA,NA,NA
Chamaecrista-type,NA,1101,Fabaceae subf. Caesalpinioideae,Fabaceae,Fabaceae undiff.,3,NA,NA,NA
Chamaecrista fasciculata-type,NA,780,Chamaecrista-type,Fabaceae subf. Caesalpinioideae,Fabaceae undiff.,NA,NA,NA,NA
Chamaecyparis-type,NA,594,Cupressaceae,Cupressophyta,Cupressaceae undiff.,0,NA,NA,NA
Chamaecyparis thyoides,NA,595,Chamaecyparis,Chamaecyparis-type,Cupressaceae undiff.,1,NA,NA,NA
Chamaedaphne,NA,9124,Ericaceae subf. Vaccinioideae,Ericaceae,Ericaceae subf. Vaccinioideae,NA,NA,NA,NA
Chamaedaphne calyculata,NA,53,Chamaedaphne,Ericaceae subf. Vaccinioideae,Ericaceae subf. Vaccinioideae,NA,NA,NA,NA
Chamaenerion angustifolium,NA,14859,Chamaenerion,Onagraceae,Onagraceae undiff.,2,NA,NA,NA
Chamaenerion latifolium,NA,14860,Chamaenerion,Onagraceae,Onagraceae undiff.,5,NA,NA,NA
Chamaesyce,NA,814,Euphorbiaceae,Malpighiales,Euphorbiaceae undiff.,14,all MN,NA,NA
Chamaesyce-type,NA,3621,Euphorbiaceae,Malpighiales,Euphorbiaceae undiff.,10,NC & NE USE,NA,NA
Cheirodendron,NA,NA,NA,NA,skip,0,NA,NA,NA
Chenopodiaceae sensu stricto,NA,7651,Amaranthaceae,Caryophyllales,Amaranthaceae undiff.,NA,NA,NA,NA
Chenopodium,NA,5070,Amaranthaceae,Caryophyllales,Chenopodium,NA,NA,NA,NA
Chenopodium-type,NA,804,Amaranthaceae,Caryophyllales,Chenopodium,NA,NA,NA,NA
Chenopodium album-type,NA,9615,Chenopodium-type,Amaranthaceae,Chenopodium,NA,NA,NA,NA
Chimaphila,424,NA,NA,NA,skip,2,NA,NA,NA
Chrysobalanaceae,NA,NA,NA,NA,Chrysobalanaceae,2,FL sites,NA,NA
Chrysolepis,NA,1247,Chrysolepis/Lithocarpus,Fagaceae,Chrysolepis,NA,NA,NA,NA
Chrysolepis-type,NA,2965,Fagaceae,Fagales,Chrysolepis,NA,NA,NA,NA
Chrysolepis/Lithocarpus,NA,863,Fagaceae,Fagales,Chrysolepis,NA,NA,NA,NA
Chrysosplenium,NA,3690,Saxifragaceae,Saxifragales,Saxifragaceae undiff.,2,NA,NA,NA
Chrysothamnus-type,429,NA,NA,NA,skip,1,NA,NA,NA
Cichorieae,430,NA,NA,NA,Asteraceae subf. Cichorioideae,NA,NA,NA,NA
Cichorioideae,431,NA,NA,NA,Asteraceae subf. Cichorioideae,NA,NA,NA,NA
Cichorioideae undiff.,432,NA,NA,NA,Asteraceae subf. Cichorioideae,NA,NA,NA,NA
Cichorium-type,NA,2659,Asteraceae tribe Cichorieae,Asteraceae subf. Cichorioideae,Asteraceae subf. Cichorioideae,NA,NA,NA,NA
Circaea,NA,821,Onagraceae,Myrtales,Onagraceae undiff.,4,NA,NA,NA
Circaea alpina,436,NA,NA,NA,Onagraceae undiff.,NA,NA,NA,NA
Cirsium,NA,1253,Asteraceae tribe Cynareae,Asteraceae subf. Carduoideae,Cirsium,55,WUS,NA,NA
Cirsium-type,NA,2918,Asteraceae tribe Cynareae,Asteraceae subf. Carduoideae,Cirsium,18,rocky mountains,NA,NA
Cirsium/Carduus-type,NA,822,Asteraceae tribe Cynareae,Asteraceae subf. Carduoideae,Cirsium,NA,NA,NA,NA
Cistaceae,NA,55,Malvales,Malvidae,Cistaceae undiff.,6,NA,NA,NA
Cistanthe,NA,9616,Montiaceae,Caryophyllales,Montiaceae undiff.,1,NA,NA,NA
Citrus,NA,56,Rutaceae,Sapindales,Citrus,3,NA,NA,NA
Claoxylon,NA,NA,NA,NA,skip,0,NA,NA,NA
Claytonia,NA,854,Montiaceae,Caryophyllales,Claytonia,13,AK,NA,NA
Claytonia-type,444,NA,NA,NA,Claytonia,NA,NA,NA,NA
Claytonia acutifolia,445,NA,NA,NA,Claytonia,NA,NA,NA,NA
Claytonia undiff.,446,NA,NA,NA,Claytonia,NA,NA,NA,NA
Clematis,NA,2519,Ranunculaceae,Ranunculales,Ranunculaceae undiff.,1,NA,NA,NA
Clematis-type,NA,3500,Ranunculaceae,Ranunculales,Ranunculaceae undiff.,2,NA,NA,NA
Cleome,NA,3179,Cleomaceae,Brassicales,Cleome,14,SWUS,NA,NA
Clethra,NA,58,Clethraceae,Ericales,Clethra,50,NA,NA,NA
Clethra-type,451,NA,NA,NA,Clethra,NA,NA,NA,NA
Clusiaceae,NA,1750,Malpighiales,Fabidae,Clusiaceae,4,NA,NA,NA
Cnidium,NA,2672,Apiaceae,Apiales,Apiaceae,1,NA,NA,NA
Coccoloba,NA,59,Polygonaceae,Caryophyllales,Polygonaceae undiff.,1,NA,NA,NA
Collinsia,NA,1481,Plantaginaceae,Lamiales,Plantaginaceae undiff.,4,WUS,NA,NA
Colubrina,NA,NA,NA,NA,skip,0,NA,NA,NA
Comandra,NA,60,Santalaceae,Santalales,Santalaceae undiff.,5,NA,NA,NA
Comarum palustre-type,NA,27953,Comarum-type,Rosaceae,Rosaceae undiff.,NA,NA,NA,NA
Combretaceae,460,NA,NA,NA,skip,1,NA,NA,NA
Combretaceae/Melastomataceae,NA,257,Myrtales,Rosidae,skip,3,FL,NA,NA
Combretaceae/Melastomataceae undiff.,NA,1215,Combretaceae/Melastomataceae,Myrtales,skip,2,FL,NA,NA
Commelinaceae,NA,1989,Commelinales,Commelinidae,Commelinaceae,2,could drop,NA,NA
Comptonia,NA,24007,Myricaceae,Fabales,Myricaceae undiff.,1,NA,NA,NA
Comptonia peregrina,NA,597,Comptonia,Myricaceae,Myricaceae undiff.,7,NA,NA,NA
Coniferae,NA,1944,Pan-Coniferae,Spermatophyta,skip,NA,NA,NA,NA
Coniferae undiff.,NA,1943,Coniferae,Pan-Coniferae,skip,NA,NA,NA,NA
Conioselinum,467,NA,NA,NA,Apiaceae,NA,NA,NA,NA
Convolvulaceae,NA,1327,Solanales,Lamiidae,Convolvulaceae,NA,NA,NA,NA
Convolvulus,NA,1501,Convolvulaceae,Solanales,Convolvulaceae,3,NA,NA,NA
Convolvulus-type,NA,1094,Convolvulaceae,Solanales,Convolvulaceae,1,NA,NA,NA
Coprosma,NA,NA,NA,NA,skip,0,NA,NA,NA
Coptis,NA,1204,Ranunculaceae,Ranunculales,Ranunculaceae undiff.,8,"BC, looks like one worker",NA,NA
Coptis-type,NA,3617,Ranunculaceae,Ranunculales,Ranunculaceae undiff.,1,NA,NA,NA
Coptis aspleniifolia,NA,3147,Coptis,Ranunculaceae,Ranunculaceae undiff.,NA,NA,NA,NA
Coptis trifolia,NA,1424,Coptis,Ranunculaceae,Ranunculaceae undiff.,NA,NA,NA,NA
Cornaceae,NA,1693,Cornales,Asteridae,skip,NA,NA,NA,NA
Cornus,NA,361,Cornaceae,Cornales,Cornus,NA,NA,NA,NA
Cornus alternifolia,NA,599,Cornus subg. Mesomora,Cornus,Cornus,NA,NA,NA,NA
Cornus amomum-type,NA,3632,Cornus subg. Thelycrania,Cornus,Cornus,NA,NA,NA,NA
Cornus canadensis,NA,600,Cornus subg. Arctocrania,Cornus,Cornus,NA,NA,NA,NA
Cornus canadensis-type,NA,831,Cornus subg. Arctocrania,Cornus,Cornus,NA,NA,NA,NA
Cornus cf. C. sericea,NA,1506,Cornus subg. Thelycrania,Cornus,Cornus,NA,NA,NA,NA
Cornus florida,NA,830,Cornus subg. Cynoxylon,Cornus,Cornus,NA,NA,NA,NA
Cornus racemosa,NA,3170,Cornus subg. Thelycrania,Cornus,Cornus,NA,NA,NA,NA
Cornus sanguinea,486,NA,NA,NA,Cornus,NA,NA,NA,NA
Cornus sanguinea-type,487,NA,NA,NA,Cornus,NA,NA,NA,NA
Cornus sericea,NA,579,Cornus subg. Thelycrania,Cornus,Cornus,NA,NA,NA,NA
Cornus sericea-type,NA,551,Cornus subg. Thelycrania,Cornus,Cornus,NA,NA,NA,NA
Cornus suecica,NA,4175,Cornus subg. Arctocrania,Cornus,Cornus,NA,NA,NA,NA
Cornus unalaschkensis,490,NA,NA,NA,Cornus,NA,NA,NA,NA
Cornus undiff.,NA,65,Cornus,Cornaceae,Cornus,NA,NA,NA,NA
Corylus,NA,67,Betulaceae,Fabales,Corylus,NA,NA,NA,NA
Corylus-type,NA,3399,Betulaceae/Myricaceae,Fabales,Corylus,NA,NA,NA,NA
Corylus americana,NA,3157,Corylus,Betulaceae,Corylus,NA,NA,NA,NA
Corylus cornuta,NA,603,Corylus,Betulaceae,Corylus,NA,NA,NA,NA
Crassula,NA,3630,Crassulaceae,Saxifragales,Crassulaceae,5,NA,NA,NA
Crassulaceae,NA,68,Saxifragales,Pentapetalae,Crassulaceae,5,NA,NA,NA
Crataegus,NA,1430,Rosaceae,Rosales,Rosaceae undiff.,5,NA,NA,NA
Crataegus-type,NA,69,Rosaceae,Rosales,Rosaceae undiff.,2,NA,NA,NA
Crinum,NA,9624,Amaryllidaceae,Asparagales,Amaryllidaceae undiff.,7,NA,NA,NA
Crotalaria-type,NA,9625,Fabaceae subf. Faboideae,Fabaceae,Fabaceae undiff.,1,NA,NA,NA
Cryptantha,NA,1502,Boraginaceae,Lamiidae,Boraginaceae,2,NA,NA,NA
Cucurbita,501,NA,NA,NA,Cucurbitaceae,NA,NA,NA,NA
Cucurbitaceae,NA,NA,NA,NA,Cucurbitaceae,3,NA,NA,NA
Cupressaceae,NA,72,Cupressophyta,Coniferae,Cupressaceae undiff.,NA,NA,NA,NA
Cupressaceae-type,NA,3609,Cupressophyta incertae sedis,Cupressophyta,Cupressaceae undiff.,NA,NA,NA,NA
Cupressaceae cf. Thuja occidentalis,NA,756,Cupressaceae,Cupressophyta,Cupressaceae undiff.,NA,NA,NA,NA
Cupressaceae undiff.,NA,534,Cupressaceae,Cupressophyta,Cupressaceae undiff.,NA,NA,NA,NA
Cupressaceae/Taxaceae,NA,1358,Cupressophyta,Coniferae,Cupressaceae undiff.,NA,NA,NA,NA
Cupressaceae/Taxaceae undiff.,NA,1274,Cupressaceae/Taxaceae,Cupressophyta,Cupressaceae undiff.,NA,NA,NA,NA
Cupressaceae|pollen|NISP,508,NA,NA,NA,Cupressaceae undiff.,NA,NA,NA,NA
Cupressus,NA,1476,Cupressus-type,Cupressaceae,Cupressaceae undiff.,3,NA,NA,NA
Cuscuta,NA,73,Convolvulaceae,Solanales,Convolvulaceae,9,NA,NA,NA
Cyanea,NA,NA,NA,NA,skip,0,NA,NA,NA
Cyclachaena xanthiifolia,NA,457,Cyclachaena,Asteraceae subtribe Ambrosiinae,Cyclachaena,NA,NA,NA,NA
Cyclachaena xanthiifolia-type,NA,143,Asteraceae subtribe Ambrosiinae,Asteraceae tribe Heliantheae,Cyclachaena,NA,NA,NA,NA
Cyperaceae,NA,74,Poales,Commelinidae,Cyperaceae,NA,NA,NA,NA
Cyperaceae undiff.,NA,430,Cyperaceae,Poales,Cyperaceae,NA,NA,NA,NA
Cyperus,NA,3517,Cyperaceae,Poales,Cyperaceae,3,NA,NA,NA
Cyrilla racemiflora,NA,75,Cyrillaceae,Ericales,Cyrilla,9,FL,NA,NA
Cyrtandra,NA,NA,NA,NA,skip,0,NA,NA,NA
Dalea,NA,431,Fabaceae subf. Faboideae,Fabaceae,Dalea,79,Great Plains,NA,NA
Dalea candida,NA,432,Dalea candida-type,Dalea,Dalea,NA,NA,NA,NA
Dalea candida-type,NA,204,Dalea,Fabaceae subf. Faboideae,Dalea,NA,NA,NA,NA
Dalea purpurea,NA,433,Dalea purpurea-type,Dalea,Dalea,NA,NA,NA,NA
Dalea purpurea-type,NA,205,Dalea,Fabaceae subf. Faboideae,Dalea,NA,NA,NA,NA
Dalea undiff.,NA,203,Dalea,Fabaceae subf. Faboideae,Dalea,NA,NA,NA,NA
Delphinium,NA,2627,Ranunculaceae,Ranunculales,Ranunculaceae undiff.,11,NA,NA,NA
Delphinium-type,NA,3482,Ranunculaceae,Ranunculales,Ranunculaceae undiff.,NA,NA,NA,NA
Dianthus-type,NA,2549,Caryophyllaceae,Caryophyllales,Caryophyllaceae undiff.,1,FL,NA,NA
Diapensia,NA,1158,Diapensiaceae,Ericales,Diapensia,8,AK,NA,NA
Dicentra,NA,937,Papaveraceae subf. Fumarioideae,Papaveraceae,Papaveraceae,3,NA,NA,NA
Diervilla,NA,2263,Caprifoliaceae subf. Diervilloideae,Caprifoliaceae,Caprifoliaceae undiff.,3,NA,NA,NA
Dioscoreaceae,NA,4867,Dioscoreales,Petrosaviidae,skip,1,only one site,NA,NA
Diospyros,NA,852,Ebenaceae,Ericales,Diospyros,5,EUS,NA,NA
Diospyros-type,NA,79,Eudicotyledoneae incertae sedis,Eudicotyledoneae,Diospyros,3,NA,NA,NA
Dipsacoideae,NA,NA,NA,NA,skip,2,NA,NA,NA
Dipsacus,NA,1341,Caprifoliaceae subf. Dipsacoideae,Caprifoliaceae,Caprifoliaceae undiff.,3,NA,NA,NA
Dodecatheon,NA,443,Dodecatheon-type,Primulaceae,Dodecatheon,20,western type,NA,NA
Dodecatheon-type,NA,1165,Primulaceae,Ericales,Dodecatheon,5,NA,NA,NA
Dodonaea,NA,80,Sapindaceae subf. Dodonaeoideae,Sapindaceae,Sapindaceae undiff. undiff.,7,SUS,NA,NA
Douglasia,NA,2671,Primulaceae,Ericales,Primulaceae undif.,1,NA,NA,NA
Draba,538,NA,NA,NA,skip,0,NA,NA,NA
Dracocephalum-type,NA,805,Lamiaceae,Lamiales,Lamiaceae undiff.,3,MN,NA,NA
Dryas,NA,444,Rosaceae,Rosales,Dryas,NA,NA,NA,NA
Dryas-type,NA,82,Rosaceae,Rosales,Dryas,NA,NA,NA,NA
Dryas integrifolia,NA,1110,Dryas,Rosaceae,Dryas,NA,NA,NA,NA
Elaeagnaceae,NA,85,Rosales,Fabidae,Elaeagnaceae undiff.,NA,NA,NA,NA
Elaeagnaceae undiff.,NA,907,Elaeagnaceae,Rosales,Elaeagnaceae undiff.,NA,NA,NA,NA
Elaeagnus,NA,84,Elaeagnaceae,Rosales,Elaeagnus,57,NA,NA,NA
Elaeagnus commutata,NA,615,Elaeagnus,Elaeagnaceae,Elaeagnus,NA,NA,NA,NA
Elaeagnus/Shepherdia argentea,NA,365,Elaeagnaceae,Rosales,Elaeagnaceae undiff.,NA,NA,NA,NA
Eleocharis,NA,3520,Cyperaceae,Poales,Cyperaceae,29,Scattered,NA,NA
Elymus,NA,134,Poaceae,Poales,Elymus,9,NA,NA,NA
Elymus-type,NA,616,Poaceae,Poales,Elymus,6,NA,NA,NA
Empetrum,NA,86,Ericaceae subf. Ericoideae,Ericaceae,Ericaceae subf. Ericoideae,23,NA,NA,NA
Empetrum-type,NA,1026,Ericaceae subf. Ericoideae,Ericaceae,Ericaceae subf. Ericoideae,5,NA,NA,NA
Empetrum cf. E. nigrum,552,NA,NA,NA,Ericaceae subf. Ericoideae,NA,NA,NA,NA
Empetrum nigrum,553,NA,NA,NA,Ericaceae subf. Ericoideae,NA,NA,NA,NA
Empetrum nigrum-type,554,NA,NA,NA,Ericaceae subf. Ericoideae,NA,NA,NA,NA
Engelhardia-type,NA,522,Eudicotyledoneae incertae sedis,Eudicotyledoneae,Juglandaceae undiff.,1,NA,NA,NA
Ephedra,NA,366,Ephedraceae,Gnetophyta,Ephedra,NA,NA,NA,NA
Ephedra (branched folds),558,NA,NA,NA,Ephedra,NA,NA,NA,NA
Ephedra (simple folds),NA,816,Ephedra,Ephedraceae,Ephedra,NA,NA,NA,NA
Ephedra fragilis-type,NA,NA,NA,NA,Ephedra,NA,NA,NA,NA
Ephedra nevadensis,NA,9638,Ephedra (branched folds),Ephedra,Ephedra,NA,NA,NA,NA
Ephedra nevadensis-type,NA,368,Ephedra (branched folds),Ephedra,Ephedra,NA,NA,NA,NA
Ephedra torreyana,NA,NA,NA,NA,Ephedra,NA,NA,NA,NA
Ephedra torreyana-type,NA,367,Ephedra (simple folds),Ephedra,Ephedra,NA,NA,NA,NA
Ephedra trifurca-type,NA,89,Ephedra (simple folds),Ephedra,Ephedra,NA,NA,NA,NA
Ephedra undiff.,NA,87,Ephedra,Ephedraceae,Ephedra,NA,NA,NA,NA
Ephedra viridis,NA,9637,Ephedra (branched folds),Ephedra,Ephedra,NA,NA,NA,NA
Ephedra viridis-type,NA,88,Ephedra (branched folds),Ephedra,Ephedra,NA,NA,NA,NA
Ephedraceae,NA,23490,Gnetophyta,Spermatophyta,skip,4,only 4 sites and no other taxa than ephedra,NA,NA
Epilobium,NA,90,Onagraceae,Myrtales,Epilobium,NA,NA,NA,NA
Epilobium-type,NA,2196,Onagraceae,Myrtales,Epilobium,NA,NA,NA,NA
Ericaceae,NA,92,Ericales,Asteridae,Ericaceae undiff.,NA,NA,NA,NA
Ericaceae-type,NA,722,Ericales,Asteridae,Ericaceae undiff.,NA,NA,NA,NA
Ericaceae subf. Ericoideae,NA,4245,Ericaceae,Ericales,Ericaceae subf. Ericoideae,NA,NA,NA,NA
Ericaceae subf. Monotropoideae,NA,1159,Ericaceae,Ericales,Ericaceae subf. Monotropoideae,NA,NA,NA,NA
Ericaceae undiff.,NA,909,Ericaceae,Ericales,Ericaceae undiff.,NA,NA,NA,NA
Ericales,NA,848,Asteridae,Pentapetalae,skip,NA,NA,NA,NA
Ericales undiff.,NA,849,Ericales,Asteridae,skip,NA,NA,NA,NA
Eriodictyon californicum,NA,9641,Eriodictyon,Boraginaceae,Boraginaceae,NA,NA,NA,NA
Eriogonum,NA,94,Polygonaceae,Caryophyllales,Eriogonum,211,NA,NA,NA
Eriogonum-type,NA,2968,Eudicotyledoneae incertae sedis,Eudicotyledoneae,Eriogonum,NA,NA,NA,NA
Erodium,NA,3180,Geraniaceae,Geraniales,Erodium,16,SWUS,NA,NA
Erodium cicutarium,NA,1483,Erodium,Geraniaceae,Erodium,NA,NA,NA,NA
Eryngium-type,NA,1779,Apiaceae,Apiales,Apiaceae,1,NA,NA,NA
Erythranthe guttata,585,NA,NA,NA,skip,1,NA,NA,NA
Erythrina,NA,NA,NA,NA,Fabaceae undiff.,1,Bermuda,NA,NA
Eschscholzia californica,NA,9643,Eschscholzia,Papaveraceae,Papaveraceae,1,NA,NA,NA
Eucalyptus,NA,1249,Myrtaceae,Myrtales,skip,NA,NA,NA,NA
Eugenia,NA,102,Myrtaceae,Myrtales,Eugenia,4,NA,NA,NA
Eugenia-type,NA,1133,Myrtaceae,Myrtales,Eugenia,NA,NA,NA,NA
Eugenia/Melaleuca,NA,23506,Myrtaceae,Myrtales,Eugenia,NA,NA,NA,NA
Euonymus,NA,103,Celastraceae,Celastrales,Celastraceae,0,NA,NA,NA
Eupatorium,NA,1571,Asteraceae tribe Eupatorieae,Asteraceae subf. Asteroideae,Asteraceae subf. Asteroideae,NA,NA,NA,NA
Eupatorium-type,NA,823,Asteraceae subf. Asteroideae,Asteraceae,Asteraceae subf. Asteroideae,NA,NA,NA,NA
Euphorbia,NA,104,Euphorbiaceae,Malpighiales,Euphorbia,64,WUS & SEUS,NA,NA
Euphorbia-type,NA,1266,Euphorbiaceae,Malpighiales,Euphorbia,NA,NA,NA,NA
Euphorbiaceae,NA,694,Malpighiales,Fabidae,Euphorbiaceae undiff.,NA,NA,NA,NA
Euphorbiaceae cf. Chamaesyce,NA,9687,Euphorbiaceae,Malpighiales,Euphorbiaceae undiff.,NA,NA,NA,NA
Euphorbiaceae undiff.,NA,2542,Euphorbiaceae,Malpighiales,Euphorbiaceae undiff.,NA,NA,NA,NA
Fabaceae,NA,346,Fabales,Fabidae,Fabaceae undiff.,NA,NA,NA,NA
Fabaceae cf. tribe Psoraleeae,NA,24004,Fabaceae subf. Faboideae,Fabaceae,Fabaceae undiff.,NA,NA,NA,NA
Fabaceae undiff.,NA,157,Fabaceae,Fabales,Fabaceae undiff.,NA,NA,NA,NA
Fagaceae,NA,328,Fagales,Fabidae,Fagaceae undiff.,NA,NA,NA,NA
Fagaceae undiff.,602,NA,NA,NA,Fagaceae undiff.,NA,NA,NA,NA
Fagopyrum,NA,106,Polygonaceae,Caryophyllales,Polygonaceae undiff.,11,upper midwest,NA,NA
Fagus,NA,107,Fagaceae,Fagales,Fagus,NA,NA,NA,NA
Fagus grandifolia,NA,2588,Fagus,Fagaceae,Fagus,NA,NA,NA,NA
Fagus/Nyssa,NA,1070,Pentapetalae incertae sedis,Pentapetalae,Fagus,NA,NA,NA,NA
Fallopia cf. F. scandens,NA,1513,Fallopia,Polygonaceae,Polygonaceae undiff.,NA,NA,NA,NA
Fallopia convolvulus,NA,3432,Fallopia,Polygonaceae,Polygonaceae undiff.,3,Great Plains,NA,NA
Fallopia convolvulus-type,NA,3950,Fallopia,Polygonaceae,Polygonaceae undiff.,10,Great Plains,NA,NA
Ficus,NA,1727,Moraceae,Urticalean Rosids,Ficus,2,FL,NA,NA
Ficus aurea,NA,3531,Ficus,Moraceae,Ficus,NA,NA,NA,NA
Filipendula,NA,1428,Rosaceae,Rosales,Rosaceae undiff.,8,NA,NA,NA
Filipendula rubra,NA,3622,Filipendula,Rosaceae,Rosaceae undiff.,2,NA,NA,NA
Forestiera,NA,109,Oleaceae,Lamiales,Oleaceae undiff.,2,SEUS,NA,NA
Fouquieria,NA,1584,Fouquieriaceae,Ericales,Fouquieria,4,SWUS,NA,NA
Fragaria,NA,2945,Rosaceae,Rosales,Rosaceae undiff.,10,WNA,NA,NA
Fragaria-type,NA,1096,Rosaceae,Rosales,Rosaceae undiff.,2,NA,NA,NA
Frangula purshiana-type,NA,1468,Rhamnaceae,Rosales,Rhamnaceae undiff.,1,NA,NA,NA
Fraxinus,NA,369,Oleaceae,Lamiales,Fraxinus,NA,NA,NA,NA
Fraxinus (tetracolpate),NA,110,Fraxinus,Oleaceae,Fraxinus,NA,NA,NA,NA
Fraxinus (tricolpate),NA,111,Fraxinus,Oleaceae,Fraxinus,NA,NA,NA,NA
Fraxinus americana,NA,1102,Fraxinus,Oleaceae,Fraxinus,NA,NA,NA,NA
Fraxinus americana-type,NA,371,Fraxinus,Oleaceae,Fraxinus,NA,NA,NA,NA
Fraxinus anomala,NA,1527,Fraxinus,Oleaceae,Fraxinus,NA,NA,NA,NA
Fraxinus caroliniana,NA,9644,Fraxinus,Oleaceae,Fraxinus,NA,NA,NA,NA
Fraxinus cf. F. nigra,NA,1504,Fraxinus,Oleaceae,Fraxinus,NA,NA,NA,NA
Fraxinus latifolia,NA,1465,Fraxinus,Oleaceae,Fraxinus,NA,NA,NA,NA
Fraxinus latifolia-type,NA,975,Fraxinus,Oleaceae,Fraxinus,NA,NA,NA,NA
Fraxinus nigra,NA,1082,Fraxinus,Oleaceae,Fraxinus,NA,NA,NA,NA
Fraxinus nigra-type,NA,112,Fraxinus,Oleaceae,Fraxinus,NA,NA,NA,NA
Fraxinus pennsylvanica,NA,1083,Fraxinus,Oleaceae,Fraxinus,NA,NA,NA,NA
Fraxinus pennsylvanica-type,NA,113,Fraxinus,Oleaceae,Fraxinus,NA,NA,NA,NA
Fraxinus pennsylvanica/F. americana-type,NA,961,Fraxinus,Oleaceae,Fraxinus,NA,NA,NA,NA
Fraxinus quadrangulata-type,NA,NA,NA,NA,Fraxinus,NA,NA,NA,NA
Fraxinus quadrangulata/F. nigra-type,NA,960,Fraxinus,Oleaceae,Fraxinus,NA,NA,NA,NA
Fraxinus undiff.,NA,114,Fraxinus,Oleaceae,Fraxinus,NA,NA,NA,NA
Fraxinus velutina-type,NA,1528,Fraxinus,Oleaceae,Fraxinus,NA,NA,NA,NA
Freycinetia,NA,NA,NA,NA,skip,0,NA,NA,NA
Fritillaria,639,NA,NA,NA,Liliaceae,NA,NA,NA,NA
Fritillaria camschatcensis,NA,3718,Fritillaria,Liliaceae,Liliaceae,2,BC,NA,NA
Froelichia-type,NA,2550,Amaranthaceae,Caryophyllales,Amaranthaceae undiff.,1,NA,NA,NA
Galium,NA,116,Rubiaceae,Gentianales,Galium,349,NA,NA,NA
Galium-type,NA,1416,Rubiaceae,Gentianales,Galium,NA,NA,NA,NA
Garrya,NA,866,Garrya-type,Garryaceae,Garrya,8,"CA, WUS",NA,NA
Garrya-type,NA,2969,Garryaceae,Garryales,Garrya,NA,NA,NA,NA
Gaultheria,NA,117,Ericaceae subf. Vaccinioideae,Ericaceae,Ericaceae subf. Vaccinioideae,NA,NA,NA,NA
Gaura,NA,446,Onagraceae,Myrtales,Gaura,9,Great Plains,NA,NA
Gaylussacia,NA,118,Ericaceae subf. Vaccinioideae,Ericaceae,Ericaceae subf. Vaccinioideae,1,NA,NA,NA
Gentiana,NA,448,Gentianaceae,Gentianales,Gentiana,32,NA,NA,NA
Gentiana-type,NA,2561,Geraniaceae,Geraniales,Gentiana,NA,this sure seems like a typo,NA,NA
Gentiana andrewsii-type,NA,447,Gentiana,Gentianaceae,Gentiana,NA,NA,NA,NA
Gentiana douglasiana,NA,3148,Gentiana,Gentianaceae,Gentiana,NA,NA,NA,NA
Gentiana undiff.,NA,2533,Gentiana,Gentianaceae,Gentiana,NA,NA,NA,NA
Gentianaceae,NA,119,Gentianales,Lamiidae,Gentianaceae undiff.,NA,NA,NA,NA
Gentianaceae undiff.,NA,3625,Gentianaceae,Gentianales,Gentianaceae undiff.,NA,NA,NA,NA
Gentianella,NA,1024,Gentianaceae,Gentianales,Gentianaceae undiff.,1,NA,NA,NA
Geraniaceae,NA,1178,Geraniales,Rosidae,Geraniaceae undiff.,17,NA,NA,NA
Geranium,NA,120,Geraniaceae,Geraniales,Geranium,38,NA,NA,NA
Geum,NA,2160,Rosaceae,Rosales,Geum,13,NA,NA,NA
Geum-type,NA,121,Rosaceae,Rosales,Geum,13,NA,NA,NA
Gilia,NA,868,Polemoniaceae,Ericales,Gilia,29,WUS,NA,NA
Gilia-type,NA,526,Polemoniaceae,Ericales,Gilia,NA,NA,NA,NA
Glaux maritima,NA,623,Glaux,Primulaceae,Primulaceae undiff.,2,NA,NA,NA
Gleditsia,NA,122,Fabaceae subf. Caesalpinioideae,Fabaceae,Fabaceae undiff.,7,NA,NA,NA
Gomphrena-type,NA,123,Amaranthaceae,Caryophyllales,Amaranthaceae undiff.,3,FL,NA,NA
Gordonia,NA,124,Theaceae,Ericales,Gordonia,9,"FL, only instance of Theaceae",NA,NA
Gossypium,NA,5255,Malvaceae subf. Malvoideae,Malvaceae,Malvaceae undiff.,NA,NA,NA,NA
Gouania,NA,NA,NA,NA,skip,0,NA,NA,NA
Grossulariaceae,NA,2274,Saxifragales,Pentapetalae,Grossulariaceae undiff.,NA,NA,NA,NA
Gunnera,NA,NA,NA,NA,skip,0,NA,NA,NA
Hamamelidaceae,NA,3125,Saxifragales,Pentapetalae,skip,2,NA,NA,NA
Hamamelis,NA,5802,Hamamelidaceae,Saxifragales,Hamamelis,9,NA,NA,NA
Hamamelis virginiana,NA,5800,Hamamelis,Hamamelidaceae,Hamamelis,10,NA,NA,NA
Hedyosmum,NA,1730,Chloranthaceae,Chloranthales,skip,1,"FL, only instance of Chloranthaceae",NA,NA
Hedyotis,NA,453,Rubiaceae,Gentianales,Rubiaceae undiff.,3,NA,NA,NA
Hedysarum,NA,451,Fabaceae subf. Faboideae,Fabaceae,Hedysarum,22,NA,NA,NA
Hedysarum-type,NA,1166,Fabaceae subf. Faboideae,Fabaceae,Hedysarum,2,NA,NA,NA
Heliantheae undiff.,679,NA,NA,NA,Helianthus,NA,"An imperfect match, but Helianthus was established in V1.",NA,NA
Helianthemum,NA,1260,Cistus/Helianthemum,Cistaceae,Cistaceae undiff.,7,NA,NA,NA
Helianthemum-type,681,NA,NA,NA,Cistaceae undiff.,NA,NA,NA,NA
Helianthus,NA,9666,Asteraceae tribe Heliantheae,Asteraceae subf. Asteroideae,Helianthus,NA,NA,NA,NA
Helianthus-type,NA,1511,Asteraceae subf. Asteroideae,Asteraceae,Helianthus,NA,NA,NA,NA
Heliotropium,NA,452,Boraginaceae,Lamiidae,Boraginaceae,5,NA,NA,NA
Heracleum,NA,2537,Apiaceae,Apiales,Apiaceae,18,all BC,NA,NA
Heracleum-type,NA,NA,NA,NA,Apiaceae,NA,NA,NA,NA
Heracleum lanatum,686,NA,NA,NA,Apiaceae,NA,NA,NA,NA
Herniaria-type,687,NA,NA,NA,Caryophyllaceae undiff.,1,NA,NA,NA
Heuchera-type,NA,1097,Saxifragaceae,Saxifragales,Saxifragaceae undiff.,2,NA,NA,NA
Hippocastanoideae,691,NA,NA,NA,skip,NA,Not in Neotoma taxon list.,NA,NA
Hippocratea,NA,3574,Celastraceae,Celastrales,Celastraceae,0,NA,NA,NA
Hippocratea-type,NA,9668,Eudicotyledoneae incertae sedis,Eudicotyledoneae,Celastraceae,0,NA,NA,NA
Holodiscus,NA,1250,Rosaceae,Rosales,Holodiscus,13,NA,NA,NA
Holodiscus-type,NA,5742,Rosaceae,Rosales,Holodiscus,11,NA,NA,NA
Hudsonia,NA,1261,Cistaceae,Malvales,Cistaceae undiff.,4,NA,NA,NA
Humulus,NA,425,Cannabaceae,Urticalean Rosids,Humulus/Cannabis,NA,NA,NA,NA
Humulus-type,NA,130,Cannabaceae,Urticalean Rosids,Humulus/Cannabis,NA,NA,NA,NA
Humulus lupulus,NA,1335,Humulus,Cannabaceae,Humulus/Cannabis,NA,NA,NA,NA
Humulus/Cannabis,NA,806,Cannabaceae,Urticalean Rosids,Humulus/Cannabis,NA,NA,NA,NA
Humulus/Cannabis sativa,NA,352,Humulus/Cannabis,Cannabaceae,Humulus/Cannabis,NA,NA,NA,NA
Hydrophyllaceae,NA,1585,Lamiidae,Garryidae,Hydrophyllaceae undiff.,NA,NA,NA,NA
Hydrophyllaceae-type,NA,2970,Lamiidae,Garryidae,Hydrophyllaceae undiff.,NA,NA,NA,NA
Hydrophyllaceae undiff.,704,NA,NA,NA,Hydrophyllaceae undiff.,NA,NA,NA,NA
Hydrophyllum,NA,131,Hydrophyllaceae,Lamiidae,Hydrophyllum,19,NA,NA,NA
Hydrophyllum cf. H. virginianum,NA,1440,Hydrophyllum,Hydrophyllaceae,Hydrophyllum,NA,NA,NA,NA
Hypericum,NA,132,Hypericaceae,Malpighiales,Hypericum,49,NA,NA,NA
Hypericum-type,NA,1596,Eudicotyledoneae incertae sedis,Eudicotyledoneae,Hypericum,NA,NA,NA,NA
Hypericum perforatum-type,NA,3582,Hypericum,Hypericaceae,Hypericum,NA,NA,NA,NA
Hypoxis,NA,454,Hypoxidaceae,Asparagales,Hypoxis,3,central us,NA,NA
Ilex,NA,135,Aquifoliaceae,Aquifoliales,Ilex,NA,NA,NA,NA
Ilex-type,NA,940,Aquifoliaceae,Aquifoliales,Ilex,NA,NA,NA,NA
Ilex/Nemopanthus,NA,672,Aquifoliaceae,Aquifoliales,Ilex,NA,NA,NA,NA
Ilex/Nemopanthus undiff.,NA,1225,Ilex/Nemopanthus,Aquifoliaceae,Ilex,NA,NA,NA,NA
Impatiens,NA,136,Balsaminaceae,Ericales,Impatiens,147,NA,NA,NA
Impatiens capensis,NA,998,Impatiens,Balsaminaceae,Impatiens,NA,NA,NA,NA
Ipomoea,NA,9670,Convolvulaceae,Solanales,Convolvulaceae,4,NA,NA,NA
Iridaceae,NA,138,Asparagales,Petrosaviidae,Iridaceae undiff.,14,NA,NA,NA
Iris,NA,1932,Iridaceae subf.  Iridoideae,Iridaceae,Iris,25,NA,NA,NA
Iris versicolor,NA,9671,Iris,Iridaceae subf.  Iridoideae,Iris,NA,NA,NA,NA
Isodendrion,NA,NA,NA,NA,skip,0,NA,NA,NA
Itea,NA,140,Grossulariaceae,Saxifragales,Itea,11,SEUS,NA,NA
Iva,NA,963,Asteraceae subtribe Ambrosiinae,Asteraceae tribe Heliantheae,Iva,NA,NA,NA,NA
Iva-type,NA,1509,Asteraceae subtribe Ambrosiinae,Asteraceae tribe Heliantheae,Iva,NA,NA,NA,NA
Iva annua,NA,378,Iva,Asteraceae subtribe Ambrosiinae,Iva,NA,NA,NA,NA
Iva annua-type,NA,62,Iva,Asteraceae subtribe Ambrosiinae,Iva,NA,NA,NA,NA
Iva frutescens,NA,9672,Iva frutescens-type,Iva,Iva,NA,NA,NA,NA
Iva frutescens-type,NA,456,Iva,Asteraceae subtribe Ambrosiinae,Iva,NA,NA,NA,NA
Iva undiff.,NA,142,Iva,Asteraceae subtribe Ambrosiinae,Iva,NA,NA,NA,NA
Jasione,NA,1073,Campanuloideae subf. Campanuloideae,Campanulaceae,Campanulaceae undiff.,1,NA,NA,NA
Juglandaceae,733,NA,NA,NA,Juglandaceae undiff.,NA,NA,NA,NA
Juglandaceae undiff.,NA,5704,Juglandaceae,Fagales,Juglandaceae undiff.,NA,NA,NA,NA
Juglans,NA,372,Juglandaceae,Fagales,Juglans,NA,NA,NA,NA
Juglans cf. J. cinerea,NA,1441,Juglans,Juglandaceae,Juglans,NA,NA,NA,NA
Juglans cf. J. nigra,NA,1442,Juglans,Juglandaceae,Juglans,NA,NA,NA,NA
Juglans cinerea,NA,144,Juglans,Juglandaceae,Juglans,NA,NA,NA,NA
Juglans cinerea-type,NA,801,Juglans,Juglandaceae,Juglans,NA,NA,NA,NA
Juglans nigra,NA,145,Juglans,Juglandaceae,Juglans,NA,NA,NA,NA
Juglans nigra-type,NA,802,Juglans,Juglandaceae,Juglans,NA,NA,NA,NA
Juglans undiff.,NA,146,Juglans,Juglandaceae,Juglans,NA,NA,NA,NA
Juncaceae,NA,147,Poales,Commelinidae,Juncaceae,NA,NA,NA,NA
Juniperus,NA,983,Cupressaceae,Cupressophyta,Juniperus,NA,NA,NA,NA
Juniperus-type,NA,363,Cupressaceae,Cupressophyta,Juniperus,NA,NA,NA,NA
Juniperus communis,NA,4416,Juniperus,Cupressaceae,Juniperus,NA,NA,NA,NA
Juniperus communis/Thuja occidentalis-type,NA,761,Cupressaceae,Cupressophyta,Juniperus,NA,NA,NA,NA
Juniperus/Calocedrus,NA,9676,Cupressaceae,Cupressophyta,Juniperus,NA,NA,NA,NA
Juniperus/Thuja,NA,364,Cupressaceae,Cupressophyta,Juniperus,NA,NA,NA,NA
Justicia,NA,2013,Acanthaceae subf. Acanthoideae,Acanthaceae,Acanthaceae,10,S Florida,NA,NA
Kadua,NA,NA,NA,NA,skip,0,NA,NA,NA
Kallstroemia,NA,1586,Zygophyllaceae,Zygophyllales,Kallstroemia,6,SWUS,NA,NA
Kalmia,NA,148,Ericaceae subf. Ericoideae,Ericaceae,Ericaceae subf. Ericoideae,NA,NA,NA,NA
Knautia,NA,2685,Caprifoliaceae subf. Dipsacoideae,Caprifoliaceae,Caprifoliaceae undiff.,1,NA,NA,NA
Kochia-type,NA,458,Amaranthaceae,Caryophyllales,Kochia,33,Great Plains,NA,NA
Koenigia,755,NA,NA,NA,Koenigia,NA,NA,NA,NA
Koenigia alaskana,756,NA,NA,NA,Koenigia,NA,NA,NA,NA
Koenigia islandica,NA,149,Koenigia,Polygonaceae,Koenigia,24,Great Plains,NA,NA
Koenigia sect. Aconogonon,758,NA,NA,NA,Koenigia,NA,NA,NA,NA
Labordia,NA,NA,NA,NA,skip,0,NA,NA,NA
Lactuca,NA,5236,Asteraceae tribe Cichorieae,Asteraceae subf. Cichorioideae,Asteraceae subf. Cichorioideae,3,NA,NA,NA
Lactuca-type,NA,1512,Asteraceae tribe Cichorieae,Asteraceae subf. Cichorioideae,Asteraceae subf. Cichorioideae,3,NA,NA,NA
Lagotis,NA,1169,Plantaginaceae,Lamiales,Plantaginaceae undiff.,4,NA,NA,NA
Lagotis glauca,NA,2669,Lagotis,Plantaginaceae,Plantaginaceae undiff.,1,NA,NA,NA
Lamiaceae,NA,460,Lamiales,Lamiidae,Lamiaceae undiff.,NA,NA,NA,NA
Lamiaceae cf. Stachys,NA,1263,Lamiaceae (tricolpate),Lamiaceae,Lamiaceae undiff.,NA,NA,NA,NA
Lamiaceae undiff.,NA,150,Lamiaceae,Lamiales,Lamiaceae undiff.,NA,NA,NA,NA
Lamium,NA,4427,Lamiaceae (tricolpate),Lamiaceae,Lamiaceae undiff.,1,NA,NA,NA
Laportea,NA,465,Urticaceae,Urticalean Rosids,Urticaceae,3,NA,NA,NA
Laportea-type,NA,152,Urticalean Rosids incertae sedis,Urticalean Rosids,Urticaceae,34,NA,NA,NA
Larix,NA,153,Pinaceae,Coniferae,Larix,NA,NA,NA,NA
Larix-type,NA,4430,Larix/Pseudotsuga,Pinaceae incertae sedis,Larix,NA,Tricky one.  Would be better to do a geographic split,NA,NA
Larix laricina,NA,1460,Larix,Pinaceae,Larix,NA,NA,NA,NA
Larix/Pseudotsuga,NA,373,Pinaceae incertae sedis,Pinaceae,Larix,NA,Tricky one.  Would be better to do a geographic split,NA,NA
Larix|pollen|NISP,773,NA,NA,NA,Larix,NA,NA,NA,NA
Larrea,NA,1484,Zygophyllaceae,Zygophyllales,Larrea,NA,SWUS,NA,NA
Lathyrus,NA,3909,Fabaceae subf. Faboideae,Fabaceae,Fabaceae undiff.,1,CA/MX,NA,NA
Lechea,NA,154,Cistaceae,Malvales,Lechea,7,FL/SEUS,NA,NA
Ledum-type,NA,27019,Ericaceae,Ericales,Ericaceae undiff.,NA,NA,NA,NA
Leitneria floridana,NA,158,Leitneria,Simaroubaceae,Simaroubaceae undiff.,3,SEUS,NA,NA
Lepidium,NA,NA,NA,NA,skip,0,NA,NA,NA
Leptecophylla,NA,NA,NA,NA,skip,0,NA,NA,NA
Leptosiphon,NA,9678,Polemoniaceae,Ericales,Polemoniaceae undiff.,2,NA,NA,NA
Leptospermum,NA,2774,Myrtaceae,Myrtales,Myrtaceae undiff.,1,NA,NA,NA
Lesquerella,NA,2670,Brassicaceae,Brassicales,Brassicaceae,4,NA,NA,NA
Lewisia,NA,2183,Montiaceae,Caryophyllales,Montiaceae undiff.,4,NA,NA,NA
Ligusticum,NA,3160,Apiaceae,Apiales,Apiaceae,8,western/BC,NA,NA
Ligusticum calderi-type,783,NA,NA,NA,Apiaceae,NA,NA,NA,NA
Liliaceae,NA,341,Liliales,Petrosaviidae,Liliaceae,NA,NA,NA,NA
Liliaceae-type,NA,1931,Monocotyledoneae,Mesangiospermae,Liliaceae,NA,NA,NA,NA
Liliaceae undiff.,NA,161,Liliaceae,Liliales,Liliaceae,NA,NA,NA,NA
Lilium,NA,1401,Liliaceae,Liliales,Liliaceae,2,NA,NA,NA
Lilium philadelphicum-type,NA,466,Lilium,Liliaceae,Liliaceae,1,NA,NA,NA
Limonium,NA,1427,Plumbaginaceae,Caryophyllales,Plumbaginaceae,1,NA,NA,NA
Limonium cf. L. limbatum,NA,1518,Limonium,Plumbaginaceae,Plumbaginaceae,NA,NA,NA,NA
Linaceae,NA,2276,Malpighiales,Fabidae,Linaceae undiff.,4,scattered,NA,NA
Linanthus,NA,1589,Polemoniaceae,Ericales,Polemoniaceae undiff.,9,Great Basin,NA,NA
Lindernia,NA,NA,NA,NA,Scrophulariaceae,NA,NA,NA,NA
Linnaea borealis,NA,635,Linnaea,Caprifoliaceae subf. Linnaeoideae,Linnaea,NA,actually a single species,NA,NA
Linum,NA,636,Linaceae,Malpighiales,Linum,14,NA,NA,NA
Liquidambar,NA,162,Altingiaceae,Saxifragales,Liquidambar,NA,NA,NA,NA
Liquidambar styraciflua,NA,1565,Liquidambar,Altingiaceae,Liquidambar,NA,NA,NA,NA
Liriodendron,NA,163,Magnoliaceae,Magnoliales,Liriodendron,NA,NA,NA,NA
Liriodendron tulipifera,NA,1566,Liriodendron,Magnoliaceae,Liriodendron,NA,NA,NA,NA
Listera,NA,4460,Orchidaceae,Asparagales,Orchidaceae,2,NA,NA,NA
Lithocarpus,NA,1590,Fagaceae,Fagales,Lithocarpus,16,WUS,NA,NA
Lithocarpus-type,NA,2623,Fagaceae,Fagales,Lithocarpus,NA,NA,NA,NA
Lithospermum,803,NA,NA,NA,Boraginaceae,NA,NA,NA,NA
Lobelia,NA,2476,Campanulaceae subf. Lobelioideae,Campanulaceae,Campanulaceae undiff.,1,NA,NA,NA
Lobelia-type,NA,638,Eudicotyledoneae incertae sedis,Eudicotyledoneae,Campanulaceae undiff.,2,NA,NA,NA
Lonicera,NA,164,Caprifoliaceae subf. Caprifolioideae,Caprifoliaceae,Lonicera,47,NA,NA,NA
Lonicera caerulea,NA,598,Lonicera,Caprifoliaceae subf. Caprifolioideae,Lonicera,NA,NA,NA,NA
Lonicera canadensis-type,NA,642,Lonicera,Caprifoliaceae subf. Caprifolioideae,Lonicera,NA,NA,NA,NA
Lonicera/Symphoricarpos,NA,3484,Caprifoliaceae subf. Caprifolioideae,Caprifoliaceae,Caprifoliaceae undiff.,NA,NA,NA,NA
Loranthaceae,NA,776,Santalales,Pentapetalae,skip,2,only instance of Loranthaceae,NA,NA
Lotus,NA,2904,Fabaceae subf. Faboideae,Fabaceae,Fabaceae undiff.,4,NA,NA,NA
Ludwigia-type,NA,2551,Onagraceae,Myrtales,Onagraceae undiff.,0,NA,NA,NA
Lupinus,NA,1066,Fabaceae subf. Faboideae,Fabaceae,Lupinus,19,"WUS, Montane",NA,NA
Lupinus-type,NA,27020,Fabaceae subf. Faboideae,Fabaceae,Lupinus,1,NA,NA,NA
Lycium,NA,1587,Solanaceae,Solanales,Lycium,NA,NA,NA,NA
Lycopus,NA,654,Lamiaceae (hexacolpate),Lamiaceae (stephanocolpate),Lycopus,21,Could split,NA,NA
Lycopus-type,NA,176,Lamiaceae (hexacolpate),Lamiaceae (stephanocolpate),Lycopus,NA,NA,NA,NA
Lyonia,NA,818,Ericaceae subf. Vaccinioideae,Ericaceae,Ericaceae subf. Vaccinioideae,NA,NA,NA,NA
Lysichiton,NA,1406,Araceae,Alismatales,Lysichiton,23,WUS type,NA,NA
Lysichiton americanus,NA,1466,Lysichiton,Araceae,Lysichiton,NA,NA,NA,NA
Lysimachia,NA,539,Primulaceae,Ericales,Lysimachia,16,NA,NA,NA
Lysimachia quadriflora-type,NA,467,Lysimachia,Primulaceae,Lysimachia,NA,NA,NA,NA
Lysimachia thyrsiflora,NA,468,Lysimachia,Primulaceae,Lysimachia,NA,NA,NA,NA
Lythraceae,NA,1278,Myrtales,Rosidae,Lythraceae,NA,NA,NA,NA
Lythrum,NA,336,Lythraceae,Myrtales,Lythrum,15,ENA and SWUS,NA,NA
Maclura,830,NA,NA,NA,Moraceae undiff.,NA,NA,NA,NA
Maclura pomifera-type,NA,178,Maclura-type,Moraceae (triporate),Moraceae undiff.,6,NA,NA,NA
Magnolia,NA,179,Magnoliaceae,Magnoliales,Magnolia,NA,NA,NA,NA
Magnolia virginiana,NA,9702,Magnolia virginiana-type,Magnolia,Magnolia,NA,NA,NA,NA
Magnolia virginiana-type,834,NA,NA,NA,Magnolia,NA,NA,NA,NA
Maianthemum,NA,4504,Asparagaceae subf. Nolinoideae,Asparagaceae,Asparagaceae,4,NA,NA,NA
Malus,836,NA,NA,NA,Rosaceae undiff.,NA,2,NA,NA
Malva,NA,546,Malvaceae subf. Malvoideae,Malvaceae,Malvaceae undiff.,NA,NA,NA,NA
Malvaceae,NA,180,Malvales,Malvidae,Malvaceae undiff.,NA,NA,NA,NA
Malvaceae sensu stricto,NA,9532,Malvaceae,Malvales,Malvaceae undiff.,NA,NA,NA,NA
Malvaceae undiff.,NA,2003,Malvaceae,Malvales,Malvaceae undiff.,NA,NA,NA,NA
Medicago,NA,469,Fabaceae subf. Faboideae,Fabaceae,Fabaceae undiff.,6,NA,NA,NA
Melaleuca,NA,2777,Myrtaceae,Myrtales,Myrtaceae undiff.,2,S Florida,NA,NA
Melampyrum-type,NA,846,Orobanchaceae,Lamiales,Orobanchaceae,NA,NA,NA,NA
Melastomataceae,NA,1701,Myrtales,Rosidae,Melastomataceae,3,NA,NA,NA
Meliaceae,NA,2364,Sapindales,Malvidae,Meliaceae/Sapotaceae,NA,NA,NA,NA
Meliaceae/Sapotaceae undiff.,NA,1228,Meliaceae/Sapotaceae,Sapindales,Meliaceae/Sapotaceae,NA,NA,NA,NA
Melicope,NA,NA,NA,NA,skip,0,NA,NA,NA
Melilotus-type,NA,181,Fabaceae subf. Faboideae,Fabaceae,Melilotus,77,Great Plains,NA,NA
Melothria,NA,NA,NA,NA,Cucurbitaceae,1,NA,NA,NA
Menispermaceae,NA,2515,Ranunculales,Eudicotyledoneae,Menispermum,1,Rare instance of lumping family to genus,NA,NA
Menispermum,NA,5781,Menispermaceae,Ranunculales,Menispermum,3,NA,NA,NA
Mentha,NA,2286,Lamiaceae (hexacolpate),Lamiaceae (stephanocolpate),Mentha,11,NA,NA,NA
Mentha-type,NA,656,Lamiaceae (hexacolpate),Lamiaceae (stephanocolpate),Mentha,19,NA,NA,NA
Mentha arvensis,NA,1000,Mentha,Lamiaceae (hexacolpate),Mentha,NA,NA,NA,NA
Mentzelia,NA,9730,Loasaceae,Cornales,skip,3,this and Cevallia sinuta (0 occurrences) only instances of Loasaceae,NA,NA
Mertensia,NA,2287,Boraginaceae,Lamiidae,Boraginaceae,9,Mainly AK,NA,NA
Mertensia-type,NA,2668,Boraginaceae,Lamiidae,Boraginaceae,3,NA,NA,NA
Metopium,NA,NA,NA,NA,Anacardiaceae undiff.,3,FL & Bahamas,NA,NA
Micranthes cf. M. punctata,NA,844,Micranthes,Saxifragaceae,Micranthes,NA,NA,NA,NA
Micranthes cf. M. stellaris,NA,845,Micranthes,Saxifragaceae,Micranthes,NA,NA,NA,NA
Micranthes foliolosa,NA,1149,Micranthes,Saxifragaceae,Micranthes,NA,NA,NA,NA
Micranthes foliolosa-type,NA,1174,Micranthes-type,Saxifragaceae,Micranthes,NA,NA,NA,NA
Micranthes hieraciifolia,NA,1145,Micranthes,Saxifragaceae,Micranthes,NA,NA,NA,NA
Micranthes hieraciifolia-type,NA,1175,Micranthes-type,Saxifragaceae,Micranthes,NA,NA,NA,NA
Micranthes nivalis-type,NA,3619,Micranthes,Saxifragaceae,Micranthes,NA,NA,NA,NA
Micranthes pensylvanica,NA,2320,Micranthes,Saxifragaceae,Micranthes,NA,NA,NA,NA
Micranthes stellaris-type,NA,748,Micranthes-type,Saxifragaceae,Micranthes,NA,NA,NA,NA
Microsteris,NA,1591,Polemoniaceae,Ericales,Polemoniaceae undiff.,1,NA,NA,NA
Mimosa,NA,786,mimosoid clade,Fabaceae subf. Caesalpinioideae,Mimosa,7,Texas,NA,NA
mimosoid clade,NA,29012,Fabaceae subf. Caesalpinioideae,Fabaceae,Fabaceae undiff.,NA,"ENA, definitely not Mimosa",NA,NA
Mimulus,NA,1487,Phrymaceae,Lamiales,Mimulus,14,WUS,NA,NA
Mitchella repens,NA,9733,Mitchella,Rubiaceae,Rubiaceae undiff.,1,NA,NA,NA
Mitella,NA,1567,Saxifragaceae,Saxifragales,Saxifragaceae undiff.,5,NA,NA,NA
Momipites,NA,23414,Juglandaceae,Fagales,Juglandaceae undiff.,2,NA,NA,NA
Momipites/Caryapollenites,873,NA,NA,NA,skip,NA,NA,NA,NA
Monardella,NA,9734,Lamiaceae,Lamiales,Lamiaceae undiff.,1,NA,NA,NA
Monotropa,NA,661,Ericaceae subf. Monotropoideae,Ericaceae,Ericaceae subf. Monotropoideae,NA,NA,NA,NA
Montia,NA,2566,Montiaceae,Caryophyllales,Montiaceae undiff.,4,NA,NA,NA
Montia fontana,NA,NA,NA,NA,Montiaceae undiff.,NA,NA,NA,NA
Moraceae,NA,185,Urticalean Rosids,Rosales,Moraceae undiff.,NA,NA,NA,NA
Moraceae undiff.,NA,874,Moraceae,Urticalean Rosids,Moraceae undiff.,NA,NA,NA,NA
Morella,NA,NA,NA,NA,Myricaceae undiff.,1,NA,NA,NA
Morella cerifera,881,NA,NA,NA,Myricaceae undiff.,0,NA,NA,NA
Morinda,NA,NA,NA,NA,skip,0,NA,NA,NA
Morus,NA,186,Moraceae,Urticalean Rosids,Morus,218,NA,NA,NA
Morus-type,NA,1507,Urticalean Rosids incertae sedis,Urticalean Rosids,Morus,NA,NA,NA,NA
Morus rubra,NA,1443,Morus,Moraceae,Morus,NA,NA,NA,NA
Morus rubra-type,NA,662,Morus-type,Urticalean Rosids incertae sedis,Morus,NA,NA,NA,NA
Muscari,NA,4546,Asparagaceae tribe Urgineeae,Asparagaceae subf. Scilloideae,Asparagaceae,1,NA,NA,NA
Myosotis,NA,2590,Boraginaceae,Lamiidae,Boraginaceae,3,NA,NA,NA
Myosotis-type,NA,665,Boraginaceae,Lamiidae,Boraginaceae,1,NA,NA,NA
Myrica,NA,383,Myricaceae,Fabales,Myrica,590,NA,NA,NA
Myrica-type,NA,379,Myricaceae,Fabales,Myrica,NA,NA,NA,NA
Myrica gale,NA,666,Myrica,Myricaceae,Myrica,XXEDIT HERE MYRICA / CEAE,NA,NA,NA
Myrica/Casuarina,NA,23509,Fabidae incertae sedis,Fabidae,skip,NA,NA,NA,NA
Myrica/Comptonia,NA,25379,Myricaceae,Fabales,Myricaceae undiff.,NA,NA,NA,NA
Myrica/Comptonia peregrina,NA,382,Myrica/Comptonia,Myricaceae,Myricaceae undiff.,NA,NA,NA,NA
Myricaceae,NA,381,Fabales,Fabidae,Myricaceae undiff.,NA,NA,NA,NA
Myricaceae undiff.,NA,875,Myricaceae,Fabales,Myricaceae undiff.,NA,NA,NA,NA
Myrsine,NA,254,Primulaceae subf. Myrsinoideae,Primulaceae,Primulaceae undif.,2,NA,NA,NA
Myrsine cubana,NA,9738,Myrsine,Primulaceae subf. Myrsinoideae,Primulaceae undif.,NA,NA,NA,NA
Myrsinoideae,NA,NA,NA,NA,skip,2,NA,NA,NA
Myrtaceae,NA,883,Myrtales,Rosidae,Myrtaceae undiff.,NA,NA,NA,NA
Myrtaceae undiff.,NA,380,Myrtaceae,Myrtales,Myrtaceae undiff.,NA,NA,NA,NA
Navarretia,NA,2111,Polemoniaceae,Ericales,Polemoniaceae undiff.,6,Great Basin,NA,NA
Nemopanthus,NA,189,Aquifoliaceae,Aquifoliales,Aquifoliaceae undiff.,13,NA,NA,NA
Nemopanthus mucronatus,NA,671,Nemopanthus,Aquifoliaceae,Aquifoliaceae undiff.,NA,NA,NA,NA
Nestegis,NA,NA,NA,NA,skip,0,NA,NA,NA
Nyctaginaceae,904,NA,NA,NA,Nyctaginaceae undiff.,NA,NA,NA,NA
Nyssa,NA,193,Cornaceae subf. Nyssoideae,Cornaceae,Nyssa,NA,NA,NA,NA
Nyssa sylvatica,NA,9743,Nyssa sylvatica-type,Nyssa,Nyssa,NA,NA,NA,NA
Oenothera,NA,470,Onagraceae,Myrtales,Onagraceae undiff.,8,NA,NA,NA
Oleaceae,908,NA,NA,NA,Oleaceae undiff.,NA,NA,NA,NA
Oleaceae undiff.,NA,674,Oleaceae,Lamiales,Oleaceae undiff.,NA,NA,NA,NA
Onagraceae,NA,445,Myrtales,Rosidae,Onagraceae undiff.,NA,NA,NA,NA
Onagraceae undiff.,NA,194,Onagraceae,Myrtales,Onagraceae undiff.,NA,NA,NA,NA
Ononis-type,NA,842,Fabaceae subf. Faboideae,Fabaceae,Fabaceae undiff.,2,NA,NA,NA
Oplopanax,913,NA,NA,NA,Araliaceae,NA,NA,NA,NA
Oplopanax horridus,914,NA,NA,NA,Araliaceae,NA,NA,NA,NA
Opuntia,NA,472,Cactaceae,Caryophyllales,Opuntia,35,NA,NA,NA
Opuntia-type,NA,NA,NA,NA,Opuntia,NA,NA,NA,NA
Orchidaceae,NA,473,Asparagales,Petrosaviidae,Orchidaceae,NA,NA,NA,NA
Osmanthus,NA,195,Oleaceae,Lamiales,Osmanthus,4,"SEUS, coastal",NA,NA
Ostrya,NA,1237,Betulaceae,Fabales,Ostrya/Carpinus,NA,NA,NA,NA
Ostrya-type,NA,384,Betulaceae,Fabales,Ostrya/Carpinus,NA,NA,NA,NA
Ostrya/Carpinus,NA,197,Betulaceae,Fabales,Ostrya/Carpinus,NA,NA,NA,NA
Ostrya/Carpinus-type,921,NA,NA,NA,Ostrya/Carpinus,NA,NA,NA,NA
Oxalidaceae,NA,1634,Oxalidales,Fabidae,Oxalidaceae,3,NA,NA,NA
Oxalis,NA,936,Oxalidaceae,Oxalidales,Oxalidaceae,10,NA,NA,NA
Oxyria,NA,9503,Rumex/Oxyria,Polygonaceae,Rumex/Oxyria,NA,NA,NA,NA
Oxyria digyna,NA,198,Oxyria,Rumex/Oxyria,Rumex/Oxyria,NA,NA,NA,NA
Oxyria digyna-type,NA,682,Rumex/Oxyria,Polygonaceae,Rumex/Oxyria,NA,NA,NA,NA
Oxytropis,NA,1003,Fabaceae subf. Faboideae,Fabaceae,Fabaceae undiff.,NA,13,"W Can, Pac NW",NA
Oxytropis-type,NA,1067,Fabaceae subf. Faboideae,Fabaceae,Fabaceae undiff.,NA,2,NA,NA
Oxytropis maydelliana-type,NA,683,Oxytropis-type,Fabaceae subf. Faboideae,Fabaceae undiff.,NA,NA,NA,NA
Pandanus,NA,NA,NA,NA,skip,0,NA,NA,NA
Papaver,NA,1069,Papaveraceae,Ranunculales,Papaveraceae,14,scattered across WUS & Canada,NA,NA
Papaver-type,NA,4080,Papaveraceae,Ranunculales,Papaveraceae,NA,NA,NA,NA
Papaveraceae,NA,684,Ranunculales,Eudicotyledoneae,Papaveraceae,NA,NA,NA,NA
Parietaria,NA,475,Urticaceae,Urticalean Rosids,Urticaceae,4,NA,NA,NA
Parkinsonia,NA,1583,Fabaceae subf. Caesalpinioideae,Fabaceae,Parkinsonia,NA,SWUS,NA,NA
Parnassia,NA,200,Celastraceae,Celastrales,Celastraceae,20,Ncen Nam,NA,NA
Parnassia-type,NA,NA,NA,NA,Celastraceae,NA,NA,NA,NA
Paronychia,937,NA,NA,NA,Caryophyllaceae undiff.,NA,NA,NA,NA
Paronychia americana,NA,2553,Paronychia,Caryophyllaceae,Caryophyllaceae undiff.,1,NA,NA,NA
Paronychia chartacea,NA,2554,Paronychia,Caryophyllaceae,Caryophyllaceae undiff.,NA,NA,NA,NA
Parthenocissus,NA,201,Vitaceae,Vitales,Parthenocissus,48,NA,NA,NA
Parthenocissus-type,941,NA,NA,NA,Parthenocissus,NA,NA,NA,NA
Parthenocissus vitacea,NA,935,Parthenocissus,Vitaceae,Parthenocissus,NA,NA,NA,NA
Pedicularis,NA,476,Orobanchaceae,Lamiales,Pedicularis,36,NA,NA,NA
Pedicularis-type,944,NA,NA,NA,Pedicularis,NA,NA,NA,NA
Pedicularis contorta-type,NA,5743,Pedicularis,Orobanchaceae,Pedicularis,NA,NA,NA,NA
Pedicularis groenlandica-type,NA,5744,Pedicularis,Orobanchaceae,Pedicularis,NA,NA,NA,NA
Pedicularis lanceolata,NA,1139,Pedicularis,Orobanchaceae,Pedicularis,NA,NA,NA,NA
Pedicularis langsdorffii,NA,1147,Pedicularis,Orobanchaceae,Pedicularis,NA,NA,NA,NA
Pedicularis undiff.,NA,2289,Pedicularis,Orobanchaceae,Pedicularis,NA,NA,NA,NA
Pedicularis verticillata,NA,1152,Pedicularis,Orobanchaceae,Pedicularis,NA,NA,NA,NA
Pediomelum-type,NA,800,Fabaceae tribe Psoraleeae,Fabaceae subf. Faboideae,Fabaceae undiff.,6,NA,NA,NA
Penstemon,NA,1534,Plantaginaceae,Lamiales,Plantaginaceae undiff.,6,WUS,NA,NA
Peperomia,NA,NA,NA,NA,Piperaceae,1,NA,NA,NA
Persicaria,955,NA,NA,NA,Persicaria,NA,NA,NA,NA
Persicaria amphibia,NA,230,Persicaria,Polygonaceae,Persicaria,58,NA,NA,NA
Persicaria amphibia-type,NA,888,Persicaria,Polygonaceae,Persicaria,NA,NA,NA,NA
Persicaria cf. P. lapathifolia,NA,1514,Persicaria,Polygonaceae,Persicaria,NA,NA,NA,NA
Persicaria hydropiper-type,NA,827,Persicaria,Polygonaceae,Persicaria,NA,NA,NA,NA
Persicaria lapathifolia,NA,3171,Persicaria,Polygonaceae,Persicaria,NA,NA,NA,NA
Persicaria lapathifolia-type,NA,233,Persicaria,Polygonaceae,Persicaria,NA,NA,NA,NA
Persicaria maculosa,NA,988,Persicaria,Polygonaceae,Persicaria,NA,NA,NA,NA
Persicaria maculosa-type,NA,884,Persicaria,Polygonaceae,Persicaria,NA,NA,NA,NA
Peucedanum-type,NA,NA,NA,NA,Apiaceae,2,NA,NA,NA
Phacelia,NA,206,Hydrophyllaceae,Lamiidae,Phacelia,21,WUS,NA,NA
Phacelia cf. P. franklinii,NA,1444,Phacelia,Hydrophyllaceae,Phacelia,NA,NA,NA,NA
Phlox,NA,477,Polemoniaceae,Ericales,Phlox,92,NA,NA,NA
Phlox-type,NA,979,Polemoniaceae,Ericales,Phlox,NA,NA,NA,NA
Phlox pilosa-type,NA,1445,Phlox,Polemoniaceae,Phlox,NA,NA,NA,NA
Phoradendron,NA,375,Santalaceae subf. Visceae,Santalaceae,Santalaceae undiff.,3,SEUS,NA,NA
Phyllanthus,NA,NA,NA,NA,Cactaceae undiff.,1,NA,NA,NA
Physocarpus,NA,2953,Rosaceae,Rosales,Rosaceae undiff.,3,NA,NA,NA
Picea,NA,210,Pinaceae,Coniferae,Picea,NA,NA,NA,NA
Picea cf. P. glauca,NA,1233,Picea,Pinaceae,Picea,NA,NA,NA,NA
Picea cf. P. mariana,NA,1232,Picea,Pinaceae,Picea,NA,NA,NA,NA
Picea det. P. glauca,NA,1007,Picea,Pinaceae,Picea,NA,NA,NA,NA
Picea det. P. mariana,NA,1008,Picea,Pinaceae,Picea,NA,NA,NA,NA
Picea glauca,NA,2317,Picea,Pinaceae,Picea,NA,NA,NA,NA
Picea glauca-type,NA,207,Picea,Pinaceae,Picea,NA,NA,NA,NA
Picea glauca-type|pollen|NISP,982,NA,NA,NA,Picea,NA,NA,NA,NA
Picea indet.,NA,18478,Picea,Pinaceae,Picea,NA,NA,NA,NA
Picea mariana,NA,2318,Picea,Pinaceae,Picea,NA,NA,NA,NA
Picea mariana-type,NA,208,Picea,Pinaceae,Picea,NA,NA,NA,NA
Picea mariana|pollen|NISP,986,NA,NA,NA,Picea,NA,NA,NA,NA
Picea rubens-type,NA,209,Picea,Pinaceae,Picea,NA,NA,NA,NA
Picea sect. Eupicea,988,NA,NA,NA,Picea,NA,NA,NA,NA
Picea sitchensis,NA,3721,Picea,Pinaceae,Picea,NA,NA,NA,NA
Picea undiff.,NA,897,Picea,Pinaceae,Picea,NA,NA,NA,NA
Picea undiff.|pollen|NISP,991,NA,NA,NA,Picea,NA,NA,NA,NA
Picea/Abies,NA,7489,Pinaceae incertae sedis,Pinaceae,skip,NA,NA,NA,NA
Picea/Pinus undiff.,NA,1156,Pinaceae incertae sedis,Pinaceae,skip,NA,NA,NA,NA
Picea|pollen|NISP|pollen|NISP,994,NA,NA,NA,Picea,NA,NA,NA,NA
Pilea-type,NA,478,Urticalean Rosids incertae sedis,Urticalean Rosids,skip,5,NA,NA,NA
Pinaceae,NA,329,Coniferae,Pan-Coniferae,skip,NA,NA,NA,NA
Pinaceae (vesiculate) undiff.,NA,374,Pinaceae (vesiculate),Pinaceae incertae sedis,skip,NA,NA,NA,NA
Pinaceae undiff.,NA,64,Pinaceae,Coniferae,skip,NA,NA,NA,NA
Pinguicula,NA,1050,Lentibulariaceae,Lamiales,Pinguicula,NA,NA,NA,NA
Pinus,NA,385,Pinaceae,Coniferae,Pinus undiff.,NA,NA,NA,NA
Pinus (large),1001,NA,NA,NA,Pinus undiff.,NA,NA,NA,NA
Pinus (small),1002,NA,NA,NA,Pinus undiff.,NA,NA,NA,NA
Pinus albicaulis-type,NA,981,Pinus subg. Strobus,Pinus,Pinus subg. Strobus,NA,NA,NA,NA
Pinus aristata,NA,2961,Pinus aristata-type,Pinus subg. Strobus,Pinus subg. Strobus,NA,NA,NA,NA
Pinus aristata-type,NA,2955,Pinus subg. Strobus,Pinus,Pinus subg. Strobus,NA,NA,NA,NA
Pinus banksiana,NA,2093,Pinus banksiana/P. resinosa,Pinus subg. Pinus,Pinus subg. Pinus,NA,NA,NA,NA
Pinus banksiana-type,NA,695,Pinus subg. Pinus,Pinus,Pinus subg. Pinus,NA,NA,NA,NA
Pinus banksiana/P. resinosa,NA,836,Pinus subg. Pinus,Pinus,Pinus subg. Pinus,NA,NA,NA,NA
Pinus clausa-type,NA,211,Pinus subg. Pinus,Pinus,Pinus subg. Pinus,NA,NA,NA,NA
Pinus contorta,NA,3161,Pinus contorta-type,Pinus subg. Pinus,Pinus subg. Pinus,NA,NA,NA,NA
Pinus contorta-type,NA,982,Pinus subg. Pinus,Pinus,Pinus subg. Pinus,NA,NA,NA,NA
Pinus contorta/P. ponderosa,NA,976,Pinus subg. Pinus,Pinus,Pinus subg. Pinus,NA,NA,NA,NA
Pinus det. P. banksiana/P. resinosa,NA,1106,Pinus subg. Pinus,Pinus,Pinus subg. Pinus,NA,NA,NA,NA
Pinus det. P. strobus,NA,1107,Pinus subg. Strobus,Pinus,Pinus subg. Strobus,NA,NA,NA,NA
Pinus edulis,NA,9756,Pinus edulis-type,Pinus subg. Strobus,Pinus subg. Strobus,NA,NA,NA,NA
Pinus edulis-type,NA,386,Pinus subg. Strobus,Pinus,Pinus subg. Strobus,NA,NA,NA,NA
Pinus elliottii,NA,9757,Pinus subg. Pinus,Pinus,Pinus subg. Pinus,NA,NA,NA,NA
Pinus flexilis,NA,2960,Pinus flexilis-type,Pinus subg. Strobus,Pinus subg. Strobus,NA,NA,NA,NA
Pinus flexilis-type,NA,2620,Pinus subg. Strobus,Pinus,Pinus subg. Strobus,NA,NA,NA,NA
Pinus jeffreyi-type,NA,9758,Pinus subg. Pinus,Pinus,Pinus subg. Pinus,NA,NA,NA,NA
Pinus monticola,NA,5773,Pinus monticola-type,Pinus subg. Strobus,Pinus subg. Strobus,NA,NA,NA,NA
Pinus monticola-type,NA,1409,Pinus subg. Strobus,Pinus,Pinus subg. Strobus,NA,NA,NA,NA
Pinus monticola/P. albicaulis,NA,977,Pinus subg. Strobus,Pinus,Pinus subg. Strobus,NA,NA,NA,NA
Pinus muricata,NA,3174,Pinus subg. Pinus,Pinus,Pinus subg. Pinus,NA,NA,NA,NA
Pinus ponderosa,NA,2959,Pinus ponderosa-type,Pinus subg. Pinus,Pinus subg. Pinus,NA,NA,NA,NA
Pinus ponderosa-type,NA,2954,Pinus subg. Pinus,Pinus,Pinus subg. Pinus,NA,NA,NA,NA
Pinus resinosa,NA,2094,Pinus banksiana/P. resinosa,Pinus subg. Pinus,Pinus subg. Pinus,NA,NA,NA,NA
Pinus resinosa-type,NA,696,Pinus subg. Pinus,Pinus,Pinus subg. Pinus,NA,NA,NA,NA
Pinus rigida,1029,NA,NA,NA,Pinus subg. Pinus,NA,NA,NA,NA
Pinus rigida-type,1030,NA,NA,NA,Pinus subg. Pinus,NA,NA,NA,NA
Pinus strobus,NA,697,Pinus subg. Strobus,Pinus,Pinus subg. Strobus,NA,NA,NA,NA
Pinus strobus-type,NA,2154,Pinus subg. Strobus,Pinus,Pinus subg. Strobus,NA,NA,NA,NA
Pinus subg. Pinus,NA,212,Pinus,Pinaceae,Pinus subg. Pinus,NA,NA,NA,NA
Pinus subg. Pinus-type,NA,4614,Pinus,Pinaceae,Pinus subg. Pinus,NA,NA,NA,NA
Pinus subg. Pinus (large),1035,NA,NA,NA,Pinus subg. Pinus,NA,NA,NA,NA
Pinus subg. Pinus (small),1036,NA,NA,NA,Pinus subg. Pinus,NA,NA,NA,NA
Pinus subg. Pinus undiff.,NA,913,Pinus subg. Pinus,Pinus,Pinus subg. Pinus,NA,NA,NA,NA
Pinus subg. Strobus,NA,213,Pinus,Pinaceae,Pinus subg. Strobus,NA,NA,NA,NA
Pinus subg. Strobus-type,NA,4615,Pinus,Pinaceae,Pinus subg. Strobus,NA,NA,NA,NA
Pinus subg. Strobus (large),1040,NA,NA,NA,Pinus subg. Strobus,NA,NA,NA,NA
Pinus subg. Strobus (small),1041,NA,NA,NA,Pinus subg. Strobus,NA,NA,NA,NA
Pinus subg. Strobus undiff.,NA,2917,Pinus subg. Strobus,Pinus,Pinus subg. Strobus,NA,NA,NA,NA
Pinus subsect. Cembroides,1043,NA,NA,NA,Pinus subg. Strobus,NA,NA,NA,NA
Pinus torreyana,NA,3175,Pinus subg. Pinus,Pinus,Pinus subg. Pinus,NA,NA,NA,NA
Pinus undiff.,NA,216,Pinus,Pinaceae,Pinus undiff.,NA,NA,NA,NA
Pinus/Picea,NA,22662,Pinaceae incertae sedis,Pinaceae,skip,NA,NA,NA,NA
Piperaceae,NA,1743,Piperales,Magnoliidae,Piperaceae,4,S FL,NA,NA
Piperaceae-type,NA,387,Eudicotyledoneae incertae sedis,Eudicotyledoneae,Piperaceae,NA,S FL,NA,NA
Pisonia,NA,NA,NA,NA,Nyctaginaceae undiff.,1,NA,NA,NA
Pistacia,NA,388,Anacardiaceae,Sapindales,Anacardiaceae undiff.,1,NA,NA,NA
Planera aquatica,NA,217,Planera,Ulmaceae,Planera,15,SEUS,NA,NA
Plantaginaceae,NA,698,Lamiales,Lamiidae,Plantaginaceae undiff.,NA,NA,NA,NA
Plantaginaceae undiff.,NA,1081,Plantaginaceae,Lamiales,Plantaginaceae undiff.,NA,NA,NA,NA
Plantago,NA,480,Plantaginaceae,Lamiales,Plantago,577,NA,NA,NA
Plantago-type,1054,NA,NA,NA,Plantago,NA,NA,NA,NA
Plantago canescens,NA,1004,Plantago,Plantaginaceae,Plantago,NA,NA,NA,NA
Plantago canescens-type,NA,1170,Plantago,Plantaginaceae,Plantago,NA,NA,NA,NA
Plantago coronopus-type,NA,NA,NA,NA,Plantago,NA,NA,NA,NA
Plantago lanceolata,NA,220,Plantago,Plantaginaceae,Plantago,NA,NA,NA,NA
Plantago lanceolata-type,NA,699,Plantago,Plantaginaceae,Plantago,NA,NA,NA,NA
Plantago major,NA,219,Plantago,Plantaginaceae,Plantago,NA,NA,NA,NA
Plantago major-type,NA,838,Plantago,Plantaginaceae,Plantago,NA,NA,NA,NA
Plantago major/P. media,NA,2905,Plantago,Plantaginaceae,Plantago,NA,NA,NA,NA
Plantago maritima-type,NA,3591,Plantago,Plantaginaceae,Plantago,NA,NA,NA,NA
Plantago media,NA,221,Plantago,Plantaginaceae,Plantago,NA,NA,NA,NA
Plantago rigida-type,NA,1940,Plantago,Plantaginaceae,Plantago,NA,NA,NA,NA
Plantago rugelii,NA,1446,Plantago,Plantaginaceae,Plantago,NA,NA,NA,NA
Plantago undiff.,NA,218,Plantago,Plantaginaceae,Plantago,NA,NA,NA,NA
Plantago/Thalictrum,NA,2958,Eudicotyledoneae incertae sedis,Eudicotyledoneae,Plantago,NA,NA,NA,NA
Platanaceae,NA,15512,Proteales,Eudicotyledoneae,skip,1,NA,NA,NA
Platanus,NA,222,Platanaceae,Proteales,Platanus,NA,NA,NA,NA
Platanus occidentalis,NA,700,Platanus,Platanaceae,Platanus,NA,NA,NA,NA
Platydesma,NA,NA,NA,NA,skip,0,NA,NA,NA
Plectritis,NA,3477,Caprifoliaceae subf. Valerianoideae,Caprifoliaceae,Caprifoliaceae undiff.,NA,NA,NA,NA
Plumbaginaceae,NA,1298,Caryophyllales,Pentapetalae,Plumbaginaceae,NA,NA,NA,NA
Plumbaginaceae cf. Armeria,NA,3859,Plumbaginaceae,Caryophyllales,Plumbaginaceae,NA,NA,NA,NA
Poa,1075,NA,NA,NA,Poaceae undiff.,NA,NA,NA,NA
Poaceae,NA,417,Poales,Commelinidae,Poaceae undiff.,NA,NA,NA,NA
Poaceae (<20 µm),NA,NA,NA,NA,Poaceae undiff.,NA,NA,NA,NA
Poaceae (Cerealia-type),1077,NA,NA,NA,Cerealia,NA,NA,NA,NA
Poaceae (Cerealia),1078,NA,NA,NA,Cerealia,NA,NA,NA,NA
Poaceae (Cerealia) undiff.,1079,NA,NA,NA,Cerealia,NA,NA,NA,NA
Poaceae cf. Zea,NA,23963,Poaceae,Poales,Zea,NA,NA,NA,NA
Poaceae undiff.,NA,125,Poaceae,Poales,Poaceae undiff.,NA,NA,NA,NA
Podocarpus,NA,1028,Podocarpaceae,Cupressophyta,skip,2,Only instance of Podocarpaceae,NA,NA
Polemoniaceae,NA,223,Ericales,Asteridae,Polemoniaceae undiff.,NA,NA,NA,NA
Polemoniaceae (large),1084,NA,NA,NA,Polemoniaceae undiff.,NA,NA,NA,NA
Polemoniaceae (small),1085,NA,NA,NA,Polemoniaceae undiff.,NA,NA,NA,NA
Polemoniaceae undiff.,NA,1150,Polemoniaceae,Ericales,Polemoniaceae undiff.,NA,NA,NA,NA
Polemonium,NA,798,Polemoniaceae,Ericales,Polemonium,107,WNA,NA,NA
Polemonium caeruleum,1088,NA,NA,NA,Polemonium,NA,NA,NA,NA
Polygala,NA,1072,Polygalaceae,Fabales,Polygalaceae,16,Only genus instance of Polygalaceae,NA,NA
Polygalaceae,NA,224,Fabales,Fabidae,Polygalaceae,17,NA,NA,NA
Polygonaceae,NA,702,Caryophyllales,Pentapetalae,Polygonaceae undiff.,NA,NA,NA,NA
Polygonaceae (tricolporate),NA,24009,Polygonaceae,Caryophyllales,Polygonaceae undiff.,NA,NA,NA,NA
Polygonaceae cf. Muehlenbeckia,NA,23511,Polygonaceae,Caryophyllales,Polygonaceae undiff.,NA,NA,NA,NA
Polygonaceae undiff.,NA,225,Polygonaceae,Caryophyllales,Polygonaceae undiff.,NA,NA,NA,NA
Polygonum,NA,540,Polygonaceae,Caryophyllales,Polygonum,103,NA,NA,NA
Polygonum aviculare,NA,947,Polygonum sect. Polygonum,Polygonum,Polygonum,NA,NA,NA,NA
Polygonum aviculare-type,NA,231,Polygonum sect. Polygonum,Polygonum,Polygonum,NA,NA,NA,NA
Polygonum californicum,NA,870,Polygonum sect. Duravia,Polygonum,Polygonum,NA,NA,NA,NA
Polygonum californicum-type,NA,528,Polygonum sect. Duravia,Polygonum,Polygonum,NA,NA,NA,NA
Polygonum delopyrum-type,1098,NA,NA,NA,Polygonum,NA,NA,NA,NA
Polygonum fimbriatum-type,1100,NA,NA,NA,Polygonum,NA,NA,NA,NA
Polygonum polygamum-type,1103,NA,NA,NA,Polygonum,NA,NA,NA,NA
Polygonum ramosissimum-type,NA,893,Polygonum sect. Polygonum,Polygonum,Polygonum,NA,NA,NA,NA
Polygonum sect. Duravia,NA,2292,Polygonum,Polygonaceae,Polygonum,NA,NA,NA,NA
Polygonum sensu lato,NA,9520,Polygonaceae,Caryophyllales,Polygonum,NA,NA,NA,NA
Polygonum sensu lato undiff.,NA,9521,Polygonum sensu lato,Polygonaceae,Polygonum,NA,NA,NA,NA
Polygonum subsect. Polygonella,1108,NA,NA,NA,Polygonum,NA,NA,NA,NA
Polygonum tenue-type,NA,482,Polygonum sect. Duravia,Polygonum,Polygonum,NA,NA,NA,NA
Polyscias,NA,NA,NA,NA,skip,0,NA,NA,NA
Populus,NA,389,Salicaceae,Malpighiales,Populus,NA,NA,NA,NA
Populus balsamifera,NA,1151,Populus,Salicaceae,Populus,NA,NA,NA,NA
Populus balsamifera-type,NA,238,Populus,Salicaceae,Populus,NA,NA,NA,NA
Populus cf. P. tremuloides,NA,23203,Populus,Salicaceae,Populus,NA,NA,NA,NA
Populus deltoides-type,NA,709,Populus,Salicaceae,Populus,NA,NA,NA,NA
Populus grandidentata-type,NA,710,Populus,Salicaceae,Populus,NA,NA,NA,NA
Populus tremuloides,NA,1155,Populus,Salicaceae,Populus,NA,NA,NA,NA
Populus tremuloides-type,NA,239,Populus,Salicaceae,Populus,NA,NA,NA,NA
Populus trichocarpa,NA,3722,Populus,Salicaceae,Populus,NA,NA,NA,NA
Populus trichocarpa-type,NA,862,Populus,Salicaceae,Populus,NA,NA,NA,NA
Populus undiff.,NA,237,Populus,Salicaceae,Populus,NA,NA,NA,NA
Portulaca,NA,966,Portulacaceae,Caryophyllales,Portulacaceae,7,NA,NA,NA
Portulacaceae,NA,240,Caryophyllales,Pentapetalae,Portulacaceae,20,NA,NA,NA
Potentilla,NA,825,Rosaceae,Rosales,Potentilla,NA,NA,NA,NA
Potentilla-type,NA,242,Rosaceae,Rosales,Potentilla,NA,NA,NA,NA
Primula,NA,484,Primulaceae,Ericales,Primula,40,US great plains,NA,NA
Primula farinosa-type,NA,4704,Primula,Primulaceae,Primula,NA,NA,NA,NA
Primulaceae,NA,244,Ericales,Asteridae,Primulaceae undiff.,NA,NA,NA,NA
Primulaceae undiff.,NA,1598,Primulaceae,Ericales,Primulaceae undiff.,NA,NA,NA,NA
Pritchardia,1131,NA,NA,NA,skip,0,NA,NA,NA
Prosopis,NA,1494,mimosoid clade,Fabaceae subf. Caesalpinioideae,Prosopis,NA,NA,NA,NA
Prunella,NA,2928,Lamiaceae (hexacolpate),Lamiaceae (stephanocolpate),Lamiaceae undiff.,1,NA,NA,NA
Prunella-type,NA,714,Lamiaceae (hexacolpate),Lamiaceae (stephanocolpate),Lamiaceae undiff.,4,NA,NA,NA
Prunus,NA,715,Rosaceae,Rosales,Prunus,42,NA,NA,NA
Prunus-type,NA,245,Rosaceae,Rosales,Prunus,NA,NA,NA,NA
Prunus americana-type,NA,941,Prunus,Rosaceae,Prunus,NA,NA,NA,NA
Prunus pensylvanica,NA,716,Prunus,Rosaceae,Prunus,NA,NA,NA,NA
Prunus serotina,NA,717,Prunus,Rosaceae,Prunus,NA,NA,NA,NA
Prunus undiff.,NA,942,Prunus,Rosaceae,Prunus,NA,NA,NA,NA
Prunus virginiana,NA,719,Prunus,Rosaceae,Prunus,NA,NA,NA,NA
Prunus virginiana-type,NA,943,Prunus,Rosaceae,Prunus,NA,NA,NA,NA
Prunus/Amelanchier,NA,2617,Rosaceae,Rosales,Prunus,NA,NA,NA,NA
Prunus/Pyrus,NA,5757,Rosaceae,Rosales,Prunus,NA,NA,NA,NA
Prunus/Sorbus,NA,541,Rosaceae,Rosales,Prunus,NA,NA,NA,NA
Pseudotsuga,NA,246,Pinaceae,Coniferae,Pseudotsuga,NA,NA,NA,NA
Pseudotsuga-type,NA,978,Larix/Pseudotsuga,Pinaceae incertae sedis,Pseudotsuga,NA,Possible confusion with Larix,NA,NA
Pseudotsuga menziesii,NA,1412,Pseudotsuga,Pinaceae,Pseudotsuga,NA,NA,NA,NA
Psychotria,NA,3111,Rubiaceae,Gentianales,Rubiaceae undiff.,NA,NA,NA,NA
Ptelea trifoliata,NA,23590,Ptelea,Rutaceae,Rutaceae undiff.,1,NA,NA,NA
Pterocarya,NA,2667,Juglandaceae,Fagales,Pterocarya,15,NA,NA,NA
Purshia,NA,9609,Rosaceae,Rosales,Rosaceae undiff.,5,NA,NA,NA
Purshia-type,NA,2962,Rosaceae,Rosales,Rosaceae undiff.,7,NA,NA,NA
Purshia tridentata,NA,9610,Purshia,Rosaceae,Rosaceae undiff.,NA,NA,NA,NA
Pyrola,NA,721,Ericaceae subf. Monotropoideae,Ericaceae,Ericaceae subf. Monotropoideae,NA,NA,NA,NA
Pyrus-type,NA,250,Rosaceae,Rosales,Rosaceae undiff.,NA,NA,NA,NA
Quercus,NA,251,Fagaceae,Fagales,Quercus,NA,NA,NA,NA
Quercus-type,NA,3475,Eudicotyledoneae incertae sedis,Eudicotyledoneae,skip,NA,NA,NA,NA
Quercus (rough),NA,NA,NA,NA,Quercus,NA,NA,NA,NA
Quercus (smooth),NA,NA,NA,NA,Quercus,NA,NA,NA,NA
Quercus chrysolepis,NA,15539,Quercus sect. Protobalanus,Quercus subg. Quercus,Quercus,NA,NA,NA,NA
Quercus garryana,NA,3474,Quercus sect. Quercus,Quercus subg. Quercus,Quercus,NA,NA,NA,NA
Quercus rubra,1164,NA,NA,NA,Quercus,NA,NA,NA,NA
Quercus undiff.,NA,2943,Quercus,Fagaceae,Quercus,NA,NA,NA,NA
Quercus vaccinifolia,NA,9782,Quercus sect. Protobalanus,Quercus subg. Quercus,Quercus,NA,NA,NA,NA
Quercus vaccinifolia-type,NA,9783,Quercus,Fagaceae,Quercus,NA,NA,NA,NA
Ranunculaceae,NA,350,Ranunculales,Eudicotyledoneae,Ranunculaceae undiff.,NA,NA,NA,NA
Ranunculaceae (pericolpate),NA,405,Ranunculaceae,Ranunculales,Ranunculaceae undiff.,NA,NA,NA,NA
Ranunculaceae (tricolpate),NA,404,Ranunculaceae,Ranunculales,Ranunculaceae undiff.,NA,NA,NA,NA
Ranunculaceae (tricolpate) undiff.,NA,896,Ranunculaceae (tricolpate),Ranunculaceae,Ranunculaceae undiff.,NA,NA,NA,NA
Ranunculaceae cf. Aconitum,NA,1254,Ranunculaceae,Ranunculales,Ranunculaceae undiff.,NA,NA,NA,NA
Ranunculaceae undiff.,NA,252,Ranunculaceae,Ranunculales,Ranunculaceae undiff.,NA,NA,NA,NA
Ranunculus,NA,549,Ranunculaceae,Ranunculales,Ranunculus,159,NA,NA,NA
Ranunculus-type,NA,815,Ranunculaceae,Ranunculales,Ranunculus,NA,NA,NA,NA
Ranunculus-type undiff.,NA,1229,Ranunculus-type,Ranunculaceae,Ranunculus,NA,NA,NA,NA
Ranunculus acris-type,NA,996,Ranunculus-type,Ranunculaceae,Ranunculus,NA,NA,NA,NA
Ranunculus orthorhynchus,NA,9784,Ranunculus,Ranunculaceae,Ranunculus,NA,NA,NA,NA
Ranunculus pensylvanicus-type,NA,890,Ranunculus-type,Ranunculaceae,Ranunculus,NA,NA,NA,NA
Ranunculus sect. Batrachium-type,1180,NA,NA,NA,Ranunculus,NA,NA,NA,NA
Ranunculus sp.,NA,15521,Ranunculus,Ranunculaceae,Ranunculus,NA,NA,NA,NA
Ranunculus undiff.,NA,253,Ranunculus,Ranunculaceae,Ranunculus,NA,NA,NA,NA
Rapanea,NA,NA,NA,NA,Primulaceae undiff.,5,"S FL, now myrsine.  And apparently Myrsinaceae is now Primulaceae",NA,NA
Resedaceae,NA,2482,Brassicales,Malvidae,skip,2,SWUS,NA,NA
Rhamnaceae,NA,256,Rosales,Fabidae,Rhamnaceae undiff.,NA,NA,NA,NA
Rhamnaceae undiff.,NA,1214,Rhamnaceae,Rosales,Rhamnaceae undiff.,NA,NA,NA,NA
Rhamnaceae/Rosaceae,1186,NA,NA,NA,skip,NA,NA,NA,NA
Rhamnaceae/Vitaceae,NA,726,Pentapetalae incertae sedis,Pentapetalae,Rhamnaceae undiff.,NA,NA,NA,NA
Rhamnaceae/Vitaceae undiff.,NA,255,Rhamnaceae/Vitaceae,Pentapetalae incertae sedis,Rhamnaceae undiff.,NA,NA,NA,NA
Rhamnus,NA,785,Rhamnaceae,Rosales,Ceanothus/Rhamnus,NA,NA,NA,NA
Rhamnus-type,NA,NA,NA,NA,Ceanothus/Rhamnus,NA,NA,NA,NA
Rhamnus alnifolia,NA,1451,Rhamnus,Rhamnaceae,Ceanothus/Rhamnus,NA,NA,NA,NA
Rhamnus alnifolia/Frangula alnus,NA,723,Rhamnaceae,Rosales,Ceanothus/Rhamnus,NA,NA,NA,NA
Rhamnus cathartica,NA,725,Rhamnus,Rhamnaceae,Ceanothus/Rhamnus,NA,NA,NA,NA
Rhamnus/Vitis,NA,724,Rhamnaceae/Vitaceae,Pentapetalae incertae sedis,Ceanothus/Rhamnus,NA,NA,NA,NA
Rhexia,NA,2608,Melastomataceae,Myrtales,Melastomataceae,4,NA,NA,NA
Rhexia-type,NA,428,Combretaceae/Melastomataceae,Myrtales,Melastomataceae,NA,NA,NA,NA
Rhinanthus,NA,2930,Orobanchaceae,Lamiales,Orobanchaceae undiff.,2,NA,NA,NA
Rhododendron,NA,259,Ericaceae subf. Ericoideae,Ericaceae,Ericaceae subf. Ericoideae,14,NA,NA,NA
Rhododendron-type,NA,26972,Ericaceae subf. Ericoideae,Ericaceae,Ericaceae subf. Ericoideae,1,NA,NA,NA
Rhododendron canadense,NA,727,Rhododendron,Ericaceae subf. Ericoideae,Ericaceae subf. Ericoideae,NA,NA,NA,NA
Rhododendron subsect. Ledum,NA,155,Rhododendron,Ericaceae subf. Ericoideae,Ericaceae subf. Ericoideae,NA,NA,NA,NA
Rhododendron subsect. Ledum-type,NA,882,Ericaceae,Ericales,Ericaceae subf. Ericoideae,NA,NA,NA,NA
Rhododendron subsect. Ledum/Chamaedaphne,1203,NA,NA,NA,Ericaceae subf. Ericoideae,NA,NA,NA,NA
Rhododendron subsect. Ledum/Chamaedaphne calyculata,NA,156,Ericaceae,Ericales,Ericaceae subf. Ericoideae,NA,NA,NA,NA
Rhus,NA,260,Anacardiaceae,Sapindales,Rhus,NA,NA,NA,NA
Rhus typhina,NA,730,Rhus,Anacardiaceae,Rhus,NA,NA,NA,NA
Rhus typhina-type,NA,3145,Anacardiaceae,Sapindales,Rhus,NA,NA,NA,NA
Rhus/Toxicodendron,NA,729,Anacardiaceae,Sapindales,Rhus,NA,NA,NA,NA
Rhus/Toxicodendron cf. T. radicans,NA,1452,Rhus/Toxicodendron,Anacardiaceae,Rhus,NA,NA,NA,NA
Ribes,NA,262,Grossulariaceae,Saxifragales,Ribes,NA,NA,NA,NA
Ribes-type,NA,5651,Grossulariaceae,Saxifragales,Ribes,NA,NA,NA,NA
Ribes aureum,NA,2957,Ribes,Grossulariaceae,Ribes,NA,NA,NA,NA
Ribes lacustre,NA,5746,Ribes,Grossulariaceae,Ribes,NA,NA,NA,NA
Ribes montigenum,NA,5745,Ribes,Grossulariaceae,Ribes,NA,NA,NA,NA
Ribes undiff.,NA,5749,Ribes,Grossulariaceae,Ribes,NA,NA,NA,NA
Robinia,NA,263,Fabaceae subf. Faboideae,Fabaceae,Fabaceae undiff.,4,NA,NA,NA
Rosa,NA,843,Rosaceae,Rosales,Rosaceae undiff.,12,NA,NA,NA
Rosa-type,NA,4759,Rosaceae,Rosales,Rosaceae undiff.,NA,NA,NA,NA
Rosaceae,NA,483,Rosales,Fabidae,Rosaceae undiff.,NA,NA,NA,NA
Rosaceae (<20 µm),1223,NA,NA,NA,Rosaceae undiff.,NA,NA,NA,NA
Rosaceae (>20 µm),1224,NA,NA,NA,Rosaceae undiff.,NA,NA,NA,NA
Rosaceae (trees),1225,NA,NA,NA,Rosaceae undiff.,NA,NA,NA,NA
Rosaceae cf. Adenostoma,NA,1251,Rosaceae,Rosales,Rosaceae undiff.,NA,NA,NA,NA
Rosaceae cf. Holodiscus,NA,2235,Rosaceae,Rosales,Rosaceae undiff.,NA,NA,NA,NA
Rosaceae cf. Prunus serotina,NA,718,Rosaceae,Rosales,Rosaceae undiff.,NA,NA,NA,NA
Rosaceae undiff.,NA,355,Rosaceae,Rosales,Rosaceae undiff.,NA,NA,NA,NA
Rosaceae/Anacardiaceae/Rhamnaceae,NA,3181,Rosidae,Pentapetalae,skip,NA,NA,NA,NA
Rosaceae/Quercus undiff.,1231,NA,NA,NA,skip,NA,NA,NA,NA
Rubiaceae,NA,733,Gentianales,Lamiidae,Rubiaceae undiff.,NA,NA,NA,NA
Rubiaceae (pentacolpate),NA,18479,Rubiaceae,Gentianales,Rubiaceae undiff.,NA,NA,NA,NA
Rubiaceae undiff.,NA,266,Rubiaceae,Gentianales,Rubiaceae undiff.,NA,NA,NA,NA
Rubus,NA,267,Rosaceae,Rosales,Rubus,99,NA,NA,NA
Rubus-type,NA,1419,Rosaceae,Rosales,Rubus,NA,NA,NA,NA
Rubus-type undiff.,NA,3637,Rubus-type,Rosaceae,Rubus,NA,NA,NA,NA
Rubus arcticus,NA,1171,Rubus,Rosaceae,Rubus,NA,NA,NA,NA
Rubus cf. R. chamaemorus,NA,840,Rubus,Rosaceae,Rubus,NA,NA,NA,NA
Rubus chamaemorus,NA,734,Rubus,Rosaceae,Rubus,NA,NA,NA,NA
Rubus chamaemorus-type,NA,3486,Rubus-type,Rosaceae,Rubus,NA,NA,NA,NA
Rugubivesiculites,NA,1450,Pan-Coniferae incertae sedis,Pan-Coniferae,skip,NA,NA,NA,NA
Rumex,NA,268,Rumex/Oxyria,Polygonaceae,Rumex/Oxyria,NA,NA,NA,NA
Rumex-type,NA,735,Rumex/Oxyria,Polygonaceae,Rumex/Oxyria,NA,NA,NA,NA
Rumex-type undiff.,NA,1227,Rumex-type,Rumex/Oxyria,Rumex/Oxyria,NA,NA,NA,NA
Rumex acetosa-type,NA,736,Rumex acetosa/R. acetosella-type,Rumex subg. Acetosa/R. subg. Acetosella,Rumex/Oxyria,NA,NA,NA,NA
Rumex acetosa/R. acetosella,NA,NA,NA,NA,Rumex/Oxyria,NA,NA,NA,NA
Rumex acetosella,NA,3172,Rumex subg. Acetosella,Rumex subg. Acetosa/R. subg. Acetosella,Rumex/Oxyria,NA,NA,NA,NA
Rumex acetosella-type,NA,1532,Rumex acetosa/R. acetosella-type,Rumex subg. Acetosa/R. subg. Acetosella,Rumex/Oxyria,NA,NA,NA,NA
Rumex cf. R. salicifolius,NA,1453,Rumex subg. Rumex,Rumex,Rumex/Oxyria,NA,NA,NA,NA
Rumex mexicanus,NA,3173,Rumex subg. Rumex,Rumex,Rumex/Oxyria,NA,NA,NA,NA
Rumex undiff.,NA,904,Rumex,Rumex/Oxyria,Rumex/Oxyria,NA,NA,NA,NA
Rumex/Oxyria,NA,9504,Polygonaceae,Caryophyllales,Rumex/Oxyria,NA,NA,NA,NA
Rumex/Oxyria digyna,NA,536,Rumex/Oxyria,Polygonaceae,Rumex/Oxyria,NA,NA,NA,NA
Rumex/Oxyria digyna undiff.,NA,1209,Rumex/Oxyria digyna,Rumex/Oxyria,Rumex/Oxyria,NA,NA,NA,NA
Rutaceae,NA,390,Sapindales,Malvidae,Rutaceae undiff.,NA,NA,NA,NA
Rutaceae undiff.,NA,1220,Rutaceae,Sapindales,Rutaceae undiff.,NA,NA,NA,NA
Sabal,NA,269,Arecaceae,Arecales,Sabal,NA,NA,NA,NA
Sabatia-type,NA,9792,Gentianaceae,Gentianales,Gentianaceae undiff.,1,NA,NA,NA
Sagina,NA,4770,Caryophyllaceae,Caryophyllales,Caryophyllaceae undiff.,2,NA,NA,NA
Salicaceae,1260,NA,NA,NA,Salicaceae,1,NA,NA,NA
Salicaceae undiff.,NA,NA,NA,NA,Salicaceae,1,NA,NA,NA
Salicornia-type,NA,5118,Amaranthaceae,Caryophyllales,Amaranthaceae undiff.,1,NA,NA,NA
Salix,NA,271,Salicaceae,Malpighiales,Salix,NA,NA,NA,NA
Salix arctica,NA,NA,NA,NA,Salix,NA,NA,NA,NA
Salix caroliniana-type,NA,9794,Salix,Salicaceae,Salix,NA,NA,NA,NA
Salix herbacea,1264,NA,NA,NA,Salix,NA,NA,NA,NA
Salix herbacea-type,NA,739,Salix,Salicaceae,Salix,NA,NA,NA,NA
Salix reticulata,NA,NA,NA,NA,Salix,NA,NA,NA,NA
Salix reticulata-type,NA,740,Salix,Salicaceae,Salix,NA,NA,NA,NA
Salix sp.,NA,23844,Salix,Salicaceae,Salix,NA,NA,NA,NA
Salix undiff.,NA,1216,Salix,Salicaceae,Salix,NA,NA,NA,NA
Salix vestita-type,NA,741,Salix,Salicaceae,Salix,NA,NA,NA,NA
Salsola,NA,274,Amaranthaceae,Caryophyllales,Salsola,152,NA,NA,NA
Salsola-type,NA,1279,Amaranthaceae,Caryophyllales,Salsola,NA,NA,NA,NA
Salvia,NA,1339,Lamiaceae (hexacolpate),Lamiaceae (stephanocolpate),Lamiaceae undiff.,3,NA,NA,NA
Salvia-type,1274,NA,NA,NA,Lamiaceae undiff.,NA,NA,NA,NA
Sambucus,NA,275,Adoxaceae,Dipsacales,Sambucus,207,US,NA,NA
Sambucus-type,NA,1421,Eudicotyledoneae incertae sedis,Eudicotyledoneae,Sambucus,NA,NA,NA,NA
Sambucus racemosa,NA,4784,Sambucus,Adoxaceae,Sambucus,NA,NA,NA,NA
Sanguinaria canadensis,NA,826,Sanguinaria,Papaveraceae,Papaveraceae,2,NA,NA,NA
Sanguisorba,NA,277,Rosaceae,Rosales,Sanguisorba,NA,NA,NA,NA
Sanguisorba-type,NA,980,Rosaceae,Rosales,Sanguisorba,NA,NA,NA,NA
Sanguisorba canadensis,NA,742,Sanguisorba,Rosaceae,Sanguisorba,NA,NA,NA,NA
Sanguisorba stipulata,NA,3723,Sanguisorba,Rosaceae,Sanguisorba,NA,NA,NA,NA
Santalaceae,NA,NA,NA,NA,Santalaceae undiff.,0,NA,NA,NA
Sapindaceae,NA,1136,Sapindales,Malvidae,Sapindaceae undiff.,NA,NA,NA,NA
Sapindaceae undiff.,NA,1231,Sapindaceae,Sapindales,Sapindaceae undiff.,NA,NA,NA,NA
Sapindus,NA,278,Sapindaceae subf. Sapindoideae,Sapindaceae,Sapindus,4,"FL, SEUS.  Tempting to split",NA,NA
Sapotaceae,NA,NA,NA,NA,Meliaceae/Sapotaceae,NA,NA,NA,NA
Sarcobatus,NA,7655,Sarcobataceae,Caryophyllales,Sarcobatus,137,NA,NA,NA
Sarcobatus vermiculatus,NA,279,Sarcobatus,Sarcobataceae,Sarcobatus,NA,NA,NA,NA
Sassafras,NA,2639,Lauraceae,Laurales,Lauraceae,2,NA,NA,NA
Saussurea,NA,1157,Asteraceae tribe Cynareae,Asteraceae subf. Carduoideae,Saussurea,NA,NA,NA,NA
Saxifraga,NA,487,Saxifragaceae,Saxifragales,Saxifraga,NA,NA,NA,NA
Saxifraga-type,NA,281,Saxifragaceae,Saxifragales,Saxifraga,NA,NA,NA,NA
Saxifraga cernua,NA,1148,Saxifraga,Saxifragaceae,Saxifraga,NA,NA,NA,NA
Saxifraga cernua-type,NA,746,Saxifraga-type,Saxifragaceae,Saxifraga,NA,NA,NA,NA
Saxifraga cespitosa-type,NA,NA,NA,NA,Saxifraga,NA,NA,NA,NA
Saxifraga cf. S. hirculus,NA,3615,Saxifraga,Saxifragaceae,Saxifraga,NA,NA,NA,NA
Saxifraga hirculus,NA,4804,Saxifraga,Saxifragaceae,Saxifraga,NA,NA,NA,NA
Saxifraga oppositifolia,NA,2319,Saxifraga,Saxifragaceae,Saxifraga,NA,NA,NA,NA
Saxifraga oppositifolia-type,NA,747,Saxifraga-type,Saxifragaceae,Saxifraga,NA,NA,NA,NA
Saxifraga tricuspidata,NA,1146,Saxifraga,Saxifragaceae,Saxifraga,NA,NA,NA,NA
Saxifraga tricuspidata-type,NA,1144,Saxifraga-type,Saxifragaceae,Saxifraga,NA,NA,NA,NA
Saxifraga undiff.,NA,1222,Saxifraga,Saxifragaceae,Saxifraga,NA,NA,NA,NA
Saxifragaceae,NA,282,Saxifragales,Pentapetalae,Saxifragaceae undiff.,NA,NA,NA,NA
Saxifragaceae-type,NA,1473,Eudicotyledoneae incertae sedis,Eudicotyledoneae,skip,NA,NA,NA,NA
Saxifragaceae undiff.,NA,912,Saxifragaceae,Saxifragales,Saxifragaceae undiff.,NA,NA,NA,NA
Schinus,NA,1635,Schinus-type,Anacardiaceae,Schinus,4,Tropical.  Rare but diagnoistic,NA,NA
Scilla-type,NA,3988,Asparagaceae tribe Urgineeae,Asparagaceae subf. Scilloideae,Asparagaceae,1,NA,NA,NA
Scleranthus,NA,2907,Caryophyllaceae,Caryophyllales,Caryophyllaceae undiff.,2,NA,NA,NA
Scrophularia,NA,4125,Scrophulariaceae,Lamiales,Scrophulariaceae,3,NA,NA,NA
Scrophulariaceae,NA,284,Lamiales,Lamiidae,Scrophulariaceae,NA,NA,NA,NA
Scrophulariaceae-type,NA,525,Eudicotyledoneae incertae sedis,Eudicotyledoneae,Scrophulariaceae,NA,NA,NA,NA
Scrophulariaceae undiff.,NA,1160,Scrophulariaceae,Lamiales,Scrophulariaceae,NA,NA,NA,NA
Scutellaria-type,NA,1099,Lamiaceae (tricolpate),Lamiaceae,Lamiaceae undiff.,2,NA,NA,NA
Secale,NA,967,Poaceae,Poales,Secale,NA,NA,NA,NA
Secale-type,NA,488,Poaceae,Poales,Secale,NA,NA,NA,NA
Secale cereale,1313,NA,NA,NA,Secale,NA,NA,NA,NA
Sedum,NA,285,Crassulaceae,Saxifragales,Crassulaceae,14,scattered across Canada,NA,NA
Senecio-type,NA,1915,Asteraceae subf. Asteroideae,Asteraceae,Senecio,NA,NA,NA,NA
Senecio/Arctium,NA,9796,Asteraceae subf. Asteroideae,Asteraceae,Senecio,NA,NA,NA,NA
Sequoia,NA,2801,Cupressaceae,Cupressophyta,Sequoia,17,WUS,NA,NA
Sequoiadendron,NA,1592,Cupressaceae,Cupressophyta,Sequoiadendron,5,SWUS,NA,NA
Serenoa,NA,287,Arecaceae,Arecales,Serenoa,12,All SEUS,NA,NA
Serratula-type,1322,NA,NA,NA,Asteraceae subf. Carduoideae,1,NA,NA,NA
Sesbania,NA,3525,Fabaceae subf. Faboideae,Fabaceae,Fabaceae undiff.,1,FL,NA,NA
Shepherdia,NA,542,Elaeagnaceae,Rosales,Shepherdia,NA,NA,NA,NA
Shepherdia argentea,NA,289,Shepherdia,Elaeagnaceae,Shepherdia,NA,NA,NA,NA
Shepherdia canadensis,NA,290,Shepherdia,Elaeagnaceae,Shepherdia,NA,NA,NA,NA
Shepherdia canadensis-type,NA,2966,Eudicotyledoneae incertae sedis,Eudicotyledoneae,Shepherdia,NA,NA,NA,NA
Shepherdia rotundifolia,NA,1496,Shepherdia,Elaeagnaceae,Shepherdia,NA,NA,NA,NA
Shepherdia undiff.,NA,288,Shepherdia,Elaeagnaceae,Shepherdia,NA,NA,NA,NA
Sibbaldia procumbens,NA,4855,Sibbaldia,Rosaceae,Rosaceae undiff.,1,NA,NA,NA
Sida,NA,1572,Malvaceae subf. Malvoideae,Malvaceae,Malvaceae undiff.,1,NA,NA,NA
Sideroxylon,NA,9798,Sapotaceae,Sapindales,Meliaceae/Sapotaceae,1,NA,NA,NA
Silene,NA,2306,Caryophyllaceae,Caryophyllales,Caryophyllaceae undiff.,2,NA,NA,NA
Silene-type,NA,3703,Caryophyllaceae,Caryophyllales,Caryophyllaceae undiff.,3,WUS,NA,NA
Silene dioica-type,NA,3814,Silene-type,Caryophyllaceae,Caryophyllaceae undiff.,NA,NA,NA,NA
Simaroubaceae,NA,NA,NA,NA,Simaroubaceae undiff.,NA,NA,NA,NA
Simmondsia chinensis,NA,1588,Simmondsia,Simmondsiaceae,Simmondsia,2,NA,NA,NA
Sinapis arvensis,NA,3210,Sinapis,Brassicaceae,Brassicaceae,3,NA,NA,NA
Sisyrinchium,NA,334,Iridaceae subf.  Iridoideae,Iridaceae,Iridaceae undiff.,13,NA,NA,NA
Sisyrinchium-type,NA,1135,Monocotyledoneae,Mesangiospermae,Iridaceae undiff.,1,NA,NA,NA
Sium,NA,4857,Apiaceae,Apiales,Apiaceae,6,Ohio to NE,NA,NA
Smilacaceae,NA,NA,NA,NA,Smilaceae undiff.,3,NA,NA,NA
Smilax,NA,819,Smilacaceae,Liliales,Smilax,14,SEUS,NA,NA
Solanaceae,NA,543,Solanales,Lamiidae,Solanaceae undiff.,NA,NA,NA,NA
Solanaceae-type,NA,1515,Eudicotyledoneae incertae sedis,Eudicotyledoneae,Solanaceae undiff.,NA,NA,NA,NA
Solanaceae undiff.,NA,292,Solanaceae,Solanales,Solanaceae undiff.,NA,NA,NA,NA
Solanum,NA,1262,Solanaceae,Solanales,Solanum,9,NA,NA,NA
Solanum rostratum,NA,489,Solanum,Solanaceae,Solanum,NA,NA,NA,NA
Solidago,NA,4887,Asteraceae tribe Astereae,Asteraceae subf. Asteroideae,Asteraceae subf. Asteroideae,4,NA,NA,NA
Solidago-type,NA,3407,Asteraceae subf. Asteroideae,Asteraceae,Asteraceae subf. Asteroideae,3,NA,NA,NA
Solidago canadensis,NA,9799,Solidago,Asteraceae tribe Astereae,Asteraceae subf. Asteroideae,1,NA,NA,NA
Sophora,NA,5768,Fabaceae subf. Faboideae,Fabaceae,Fabaceae undiff.,2,NA,NA,NA
Sorbus,NA,1435,Rosaceae,Rosales,Rosaceae undiff.,NA,3,NA,NA
Sorbus-type,NA,NA,NA,NA,Rosaceae undiff.,NA,NA,NA,NA
Sorbus aucuparia,NA,NA,NA,NA,Rosaceae undiff.,NA,NA,NA,NA
Spermacoce,NA,NA,NA,NA,Rubiaceae undiff.,2,"S FL, Bemuda",NA,NA
Spermatophyta undiff. (shrubs),NA,2782,Spermatophyta undiff. (trees/shrubs),Spermatophyta undiff.,skip,NA,NA,NA,NA
Spermatophyta undiff. (trees),NA,3010,Spermatophyta undiff. (trees/shrubs),Spermatophyta undiff.,skip,NA,NA,NA,NA
Spermatophyta undiff. (trees/shrubs),NA,1351,Spermatophyta undiff.,Spermatophyta,skip,NA,NA,NA,NA
Sphaeralcea,NA,490,Malvaceae subf. Malvoideae,Malvaceae,Sphaeralcea,32,"Great Plains, WUS",NA,NA
Sphaeralcea-type,NA,1423,Malvaceae subf. Malvoideae,Malvaceae,Sphaeralcea,NA,NA,NA,NA
Spiraea,NA,753,Rosaceae,Rosales,Spiraea,33,NA,NA,NA
Spiraea-type,NA,295,Rosaceae,Rosales,Spiraea,NA,NA,NA,NA
Stachys,NA,2894,Lamiaceae (tricolpate),Lamiaceae,Stachys,17,NA,NA,NA
Stachys-type,NA,491,Lamiaceae (tricolpate),Lamiaceae,Stachys,21,NA,NA,NA
Stellaria,NA,545,Caryophyllaceae,Caryophyllales,Stellaria,10,WUS,NA,NA
Stellaria-type,NA,841,Caryophyllaceae,Caryophyllales,Stellaria,35,WUS & Great Plains.,NA,NA
Styloceras,NA,392,Buxaceae,Buxales,Buxaceae,1,NA,NA,NA
Suaeda,NA,5218,Amaranthaceae,Caryophyllales,Amaranthaceae undiff.,6,NA,NA,NA
Suaeda calceoliformis,NA,9805,Suaeda,Amaranthaceae,Amaranthaceae undiff.,1,NA,NA,NA
Swertia,NA,2471,Gentianaceae,Gentianales,Gentianaceae undiff.,1,NA,NA,NA
Symphoricarpos,NA,1269,Caprifoliaceae subf. Caprifolioideae,Caprifoliaceae,Symphoricarpos,19,WUS,NA,NA
Symphoricarpos-type,NA,393,Caprifoliaceae subf. Caprifolioideae,Caprifoliaceae,Symphoricarpos,6,NA,NA,NA
Symphoricarpos albus,NA,5779,Symphoricarpos,Caprifoliaceae subf. Caprifolioideae,Symphoricarpos,6,NA,NA,NA
Symplocos,NA,297,Symplocaceae,Ericales,Symplocos,5,FL,NA,NA
Syringa vulgaris,NA,1281,Syringa,Oleaceae,Oleaceae undiff.,1,NA,NA,NA
Tamaricaceae,NA,NA,NA,NA,Tamarix,1,NA,NA,NA
Tamarix,NA,2344,Tamaricaceae,Caryophyllales,Tamarix,2,NA,NA,NA
Taraxacum,NA,2307,Asteraceae tribe Cichorieae,Asteraceae subf. Cichorioideae,Taraxacum,32,western great plains,NA,NA
Taraxacum-type,NA,4868,Asteraceae tribe Cichorieae,Asteraceae subf. Cichorioideae,Taraxacum,6,NA,NA,NA
Taxodium,NA,298,Taxodium-type,Cupressaceae,Taxodium,31,NA,NA,NA
Taxodium-type,1375,NA,NA,NA,Taxodium,NA,NA,NA,NA
Taxus,NA,299,Taxaceae,Cupressophyta,Taxus,NA,NA,NA,NA
Taxus-type,1377,NA,NA,NA,Taxus,NA,NA,NA,NA
Taxus brevifolia,NA,1469,Taxus,Taxaceae,Taxus,NA,NA,NA,NA
Taxus canadensis,NA,1461,Taxus,Taxaceae,Taxus,NA,NA,NA,NA
Tetradymia,NA,NA,NA,NA,skip,1,NA,NA,NA
Tetradymia-type,1380,NA,NA,NA,skip,NA,NA,NA,NA
Thalictrum,NA,300,Ranunculaceae,Ranunculales,Thalictrum,NA,NA,NA,NA
Thalictrum-type,NA,1751,Ranunculaceae,Ranunculales,Thalictrum,NA,NA,NA,NA
Thalictrum cf. T. dasycarpum,NA,1454,Thalictrum,Ranunculaceae,Thalictrum,NA,NA,NA,NA
Thalictrum cf. T. dioicum,NA,1462,Thalictrum,Ranunculaceae,Thalictrum,NA,NA,NA,NA
Thalictrum confine-type,NA,1456,Thalictrum,Ranunculaceae,Thalictrum,NA,NA,NA,NA
Thalictrum dasycarpum-type,NA,2602,Thalictrum,Ranunculaceae,Thalictrum,NA,NA,NA,NA
Thalictrum venulosum-type,NA,1455,Thalictrum,Ranunculaceae,Thalictrum,NA,NA,NA,NA
Thalictrum/Coptis,NA,3616,Ranunculaceae,Ranunculales,Thalictrum,NA,NA,NA,NA
Thouinia,NA,23512,Sapindaceae subf. Sapindoideae,Sapindaceae,Sapindaceae undiff.,1,FL,NA,NA
Thuja,NA,853,Cupressaceae,Cupressophyta,Thuja,NA,NA,NA,NA
Thuja-type,NA,1398,Cupressaceae,Cupressophyta,Thuja,NA,NA,NA,NA
Thuja plicata-type,NA,1597,Thuja-type,Cupressaceae,Thuja,NA,NA,NA,NA
Tidestromia,NA,494,Amaranthaceae,Caryophyllales,Tidestromia,20,NA,NA,NA
Tidestromia-type,NA,493,Amaranthaceae,Caryophyllales,Tidestromia,NA,NA,NA,NA
Tilia,NA,302,Malvaceae subf. Tilioideae,Malvaceae,Tilia,NA,NA,NA,NA
Tilia americana,NA,758,Tilia,Malvaceae subf. Tilioideae,Tilia,NA,NA,NA,NA
Tillandsia,NA,301,Bromeliaceae,Poales,Tillandsia,5,FL,NA,NA
Tofieldia,NA,1434,Tofieldiaceae,Alismatales,Tofieldiaceae,8,scattered,NA,NA
Toxicodendron,NA,731,Anacardiaceae,Sapindales,Anacardiaceae undiff.,2,NA,NA,NA
Toxicodendron radicans,NA,728,Toxicodendron,Anacardiaceae,Anacardiaceae undiff.,5,NA,NA,NA
Tradescantia,NA,5758,Commelinaceae,Commelinales,Commelinaceae,2,NA,NA,NA
Trema,NA,304,Cannabaceae,Urticalean Rosids,Cannabaceae undiff.,4,SEUS,NA,NA
Trema micrantha,NA,3547,Trema,Cannabaceae,Cannabaceae undiff.,0,NA,NA,NA
Triantha glutinosa,NA,1463,Triantha,Tofieldiaceae,Tofieldiaceae,3,NA,NA,NA
Tribulus,NA,3167,Zygophyllaceae,Zygophyllales,Tribulus,8,SWUS,NA,NA
Trientalis,NA,2228,Trientalis-type,Primulaceae,Primulaceae undiff.,2,NA,NA,NA
Trientalis europaea,NA,NA,NA,NA,Primulaceae undiff.,NA,NA,NA,NA
Trifolium,NA,1078,Fabaceae subf. Faboideae,Fabaceae,Trifolium,14,NA,NA,NA
Trifolium-type,NA,762,Fabaceae subf. Faboideae,Fabaceae,Trifolium,8,NA,NA,NA
Trifolium pratense,NA,495,Trifolium sect. Trifolium,Trifolium subg. Trifolium,Trifolium,NA,NA,NA,NA
Trifolium repens,NA,2913,Trifolium sect. Trifoliastrum,Trifolium subg. Trifolium,Trifolium,NA,NA,NA,NA
Trifolium repens-type,NA,496,Trifolium subg. Lotoidea-type,Trifolium-type,Trifolium,NA,NA,NA,NA
Trillium,NA,9811,Liliaceae,Liliales,Liliaceae,2,NA,NA,NA
Triticum,NA,969,Poaceae,Poales,Poaceae undiff.,NA,NA,NA,NA
Triticum-type,NA,497,Poaceae,Poales,Poaceae undiff.,NA,NA,NA,NA
Trixis,NA,1815,Asteraceae tribe Mutisieae,Asteraceae subf. Mutisioideae,Asteraceae subf. Mutisioideae,4,SWUS,NA,NA
Tsuga,NA,306,Pinaceae,Coniferae,Tsuga,NA,NA,NA,NA
Tsuga canadensis,NA,763,Tsuga,Pinaceae,Tsuga,NA,could split,NA,NA
Tsuga canadensis-type,1422,NA,NA,NA,Tsuga,NA,NA,NA,NA
Tsuga heterophylla,NA,530,Tsuga,Pinaceae,Tsuga,NA,could split,NA,NA
Tsuga mertensiana,NA,529,Tsuga,Pinaceae,Tsuga,NA,could split,NA,NA
Tsuga undiff.,NA,1275,Tsuga,Pinaceae,Tsuga,NA,NA,NA,NA
Tsuga|pollen|NISP,1426,NA,NA,NA,Tsuga,NA,NA,NA,NA
Ulmaceae,NA,1203,Urticalean Rosids,Rosales,skip,NA,NA,NA,NA
Ulmus,NA,310,Ulmaceae,Urticalean Rosids,Ulmus,NA,NA,NA,NA
Ulmus undiff.,1430,NA,NA,NA,Ulmus,NA,NA,NA,NA
Umbellularia,1431,NA,NA,NA,Lauraceae,1,NA,NA,NA
Urtica,NA,498,Urticaceae,Urticalean Rosids,Urticaceae,188,NA,NA,NA
Urtica-type,NA,314,Urticaceae,Urticalean Rosids,Urticaceae,NA,NA,NA,NA
Urtica dioica,NA,NA,NA,NA,Urticaceae,NA,NA,NA,NA
Urtica dioica-type,NA,3602,Urtica-type,Urticaceae,Urticaceae,NA,NA,NA,NA
Urticaceae,NA,464,Urticalean Rosids,Rosales,Urticaceae,NA,NA,NA,NA
Urticaceae undiff.,NA,315,Urticaceae,Urticalean Rosids,Urticaceae,NA,NA,NA,NA
Urticaceae/Moraceae,NA,2864,Urticalean Rosids,Rosales,skip,NA,NA,NA,NA
Urticalean Rosids,1438,NA,NA,NA,skip,NA,NA,NA,NA
Urticalean Rosids undiff.,NA,29635,Urticalean Rosids incertae sedis,Urticalean Rosids,skip,NA,NA,NA,NA
Vaccinium,NA,317,Ericaceae subf. Vaccinioideae,Ericaceae,Vaccinium,NA,NA,NA,NA
Vaccinium-type,NA,1173,Ericaceae,Ericales,Vaccinium,NA,NA,NA,NA
Vaccinium angustifolium-type,NA,764,Vaccinium,Ericaceae subf. Vaccinioideae,Vaccinium,NA,NA,NA,NA
Vaccinium macrocarpon-type,NA,766,Vaccinium,Ericaceae subf. Vaccinioideae,Vaccinium,NA,NA,NA,NA
Vaccinium oxycoccos,NA,767,Vaccinium sect. Oxycoccus,Vaccinium,Vaccinium,NA,NA,NA,NA
Vaccinium uliginosum,NA,NA,NA,NA,Vaccinium,NA,NA,NA,NA
Vaccinium uliginosum-type,NA,765,Vaccinium,Ericaceae subf. Vaccinioideae,Vaccinium,NA,NA,NA,NA
Vaccinium undiff.,NA,1219,Vaccinium,Ericaceae subf. Vaccinioideae,Vaccinium,NA,NA,NA,NA
Valeriana,NA,318,Valeriana/Valerianella,Caprifoliaceae subf. Valerianoideae,Valeriana,85,NA,NA,NA
Valeriana-type,NA,527,Caprifoliaceae subf. Valerianoideae,Caprifoliaceae,Valeriana,NA,NA,NA,NA
Valeriana sitchensis,NA,5775,Valeriana,Valeriana/Valerianella,Valeriana,NA,NA,NA,NA
Valerianella-type,NA,2971,Caprifoliaceae subf. Valerianoideae,Caprifoliaceae,Caprifoliaceae undiff.,NA,NA,NA,NA
Valerianoideae,1451,NA,NA,NA,skip,NA,not in Neotoma,NA,NA
Veratrum,NA,5151,Melanthiaceae,Liliales,Melanthiaceae,2,NA,NA,NA
Verbascum-type,NA,4965,Scrophulariaceae,Lamiales,Scrophulariaceae,1,NA,NA,NA
Verbena,NA,500,Verbenaceae,Lamiales,Verbenaceae,11,NA,NA,NA
Verbenaceae,NA,1138,Lamiales,Lamiidae,Verbenaceae,7,NA,NA,NA
Veronica,NA,2795,Plantaginaceae,Lamiales,Plantaginaceae undiff.,4,NA,NA,NA
Veronica-type,NA,3430,Plantaginaceae,Lamiales,Plantaginaceae undiff.,2,NA,NA,NA
Viburnum,NA,397,Adoxaceae,Dipsacales,Viburnum,NA,NA,NA,NA
Viburnum-type,NA,3603,Eudicotyledoneae incertae sedis,Eudicotyledoneae,Viburnum,NA,NA,NA,NA
Viburnum acerifolium-type,NA,944,Viburnum,Adoxaceae,Viburnum,NA,NA,NA,NA
Viburnum alnifolium,NA,768,Viburnum,Adoxaceae,Viburnum,NA,NA,NA,NA
Viburnum edule,NA,770,Viburnum,Adoxaceae,Viburnum,NA,NA,NA,NA
Viburnum lentago,NA,396,Viburnum,Adoxaceae,Viburnum,NA,NA,NA,NA
Viburnum lentago-type,NA,945,Viburnum,Adoxaceae,Viburnum,NA,NA,NA,NA
Viburnum nudum,NA,793,Viburnum,Adoxaceae,Viburnum,NA,NA,NA,NA
Viburnum opulus,NA,794,Viburnum,Adoxaceae,Viburnum,NA,NA,NA,NA
Viburnum opulus-type,NA,795,Viburnum,Adoxaceae,Viburnum,NA,NA,NA,NA
Viburnum rafinesquianum-type,NA,398,Viburnum,Adoxaceae,Viburnum,NA,NA,NA,NA
Viburnum undiff.,NA,319,Viburnum,Adoxaceae,Viburnum,NA,NA,NA,NA
Vicia,NA,2938,Fabaceae subf. Faboideae,Fabaceae,Fabaceae undiff.,3,scattered,NA,NA
Vicia-type,NA,808,Fabaceae subf. Faboideae,Fabaceae,Fabaceae undiff.,7,scattered,NA,NA
Vigna,NA,2504,Fabaceae subf. Faboideae,Fabaceae,Fabaceae undiff.,4,coastal S US,NA,NA
Viola,NA,332,Violaceae,Malpighiales,Viola,19,NA,NA,NA
Violaceae,NA,2313,Malpighiales,Fabidae,Violaceae undiff.,10,NA,NA,NA
Viscaceae sensu stricto,NA,165,Viscaceae sensu stricto/Loranthaceae,Santalales,Viscaceae,NA,NA,NA,NA
Viscaceae sensu stricto undiff.,NA,1210,Viscaceae sensu stricto,Viscaceae sensu stricto/Loranthaceae,Viscaceae,NA,NA,NA,NA
Vitaceae,NA,1108,Vitales,Pentapetalae,skip,NA,NA,NA,NA
Vitis,NA,320,Vitaceae,Vitales,Vitis,NA,NA,NA,NA
Vitis riparia,NA,3158,Vitis,Vitaceae,Vitis,NA,NA,NA,NA
Waltheria,NA,5763,Malvaceae subf. Sterculioideae,Malvaceae,Waltheria,7,S FL,NA,NA
Waltheria indica,NA,9824,Waltheria,Malvaceae subf. Sterculioideae,Waltheria,1,S FL,NA,NA
Wyethia-type,1483,NA,NA,NA,Asteraceae subf. Asteroideae,1,NA,NA,NA
Xanthium,NA,322,Asteraceae subtribe Ambrosiinae,Asteraceae tribe Heliantheae,Xanthium,299,NA,NA,NA
Xanthium-type,NA,797,Asteraceae subtribe Ambrosiinae,Asteraceae tribe Heliantheae,Xanthium,NA,NA,NA,NA
Ximenia,NA,2556,Ximeniaceae,Santalales,skip,1,FL,NA,NA
Xylosma,NA,NA,NA,NA,skip,0,NA,NA,NA
Xyris,NA,1354,Xyridaceae,Poales,Xyris,12,SEUS,NA,NA
Yucca,NA,1503,Asparagaceae subf. Agavoideae,Asparagaceae,Yucca,10,NA,NA,NA
Zanthoxylum,NA,809,Rutaceae,Sapindales,Zanthoxylum,NA,NA,NA,NA
Zanthoxylum-type,NA,400,Rutaceae,Sapindales,Zanthoxylum,NA,NA,NA,NA
Zanthoxylum americanum,NA,1457,Zanthoxylum,Rutaceae,Zanthoxylum,NA,NA,NA,NA
Zanthoxylum fagara,NA,9825,Zanthoxylum,Rutaceae,Zanthoxylum,NA,NA,NA,NA
Zea,NA,538,Poaceae,Poales,Zea,NA,NA,NA,NA
Zea mays,NA,323,Zea,Poaceae,Zea,NA,NA,NA,NA
Zigadenus,NA,501,Melanthiaceae,Liliales,Melanthiaceae,8,Great Plains,NA,NA
Zygophyllaceae,1496,NA,NA,NA,skip,2,NA,NA,NA
