taxa,dataset_id,BIN,BIN_chr,summed_pollen_count
Abies,15081,1,"[1.03e+03,2.03e+03)",2
Abies,15081,4,"[1.3e+04,1.4e+04)",4.5
Abies,15081,7,"[1.6e+04,1.7e+04)",3
Abies,15081,8,"[1.7e+04,1.8e+04)",1
Abies,15081,9,"[1.8e+04,1.9e+04)",15.5
Abies,15081,10,"[1.9e+04,2e+04)",7.5
Abies,15081,14,"[4.03e+03,5.03e+03)",0
Abies,15081,16,"[6.03e+03,7.03e+03)",10.5
Abies,15081,17,"[7.03e+03,8.03e+03)",3.5
Abies,15081,18,"[8.03e+03,9.03e+03)",3
Abies,15081,19,"[9.03e+03,1e+04)",9.5
Acer,15081,1,"[1.03e+03,2.03e+03)",223
Acer,15081,4,"[1.3e+04,1.4e+04)",0
Acer,15081,7,"[1.6e+04,1.7e+04)",0
Acer,15081,8,"[1.7e+04,1.8e+04)",0
Acer,15081,9,"[1.8e+04,1.9e+04)",1
Acer,15081,10,"[1.9e+04,2e+04)",0
Acer,15081,14,"[4.03e+03,5.03e+03)",18
Acer,15081,16,"[6.03e+03,7.03e+03)",0
Acer,15081,17,"[7.03e+03,8.03e+03)",8
Acer,15081,18,"[8.03e+03,9.03e+03)",0
Acer,15081,19,"[9.03e+03,1e+04)",0
Alnus,15081,1,"[1.03e+03,2.03e+03)",32
Alnus,15081,4,"[1.3e+04,1.4e+04)",7
Alnus,15081,7,"[1.6e+04,1.7e+04)",9
Alnus,15081,8,"[1.7e+04,1.8e+04)",3
Alnus,15081,9,"[1.8e+04,1.9e+04)",13
Alnus,15081,10,"[1.9e+04,2e+04)",12
Alnus,15081,14,"[4.03e+03,5.03e+03)",20
Alnus,15081,16,"[6.03e+03,7.03e+03)",7
Alnus,15081,17,"[7.03e+03,8.03e+03)",15
Alnus,15081,18,"[8.03e+03,9.03e+03)",5
Alnus,15081,19,"[9.03e+03,1e+04)",5
Artemisia,15081,1,"[1.03e+03,2.03e+03)",6
Artemisia,15081,4,"[1.3e+04,1.4e+04)",1
Artemisia,15081,7,"[1.6e+04,1.7e+04)",5
Artemisia,15081,8,"[1.7e+04,1.8e+04)",6
Artemisia,15081,9,"[1.8e+04,1.9e+04)",11
Artemisia,15081,10,"[1.9e+04,2e+04)",3
Artemisia,15081,14,"[4.03e+03,5.03e+03)",0
Artemisia,15081,16,"[6.03e+03,7.03e+03)",1
Artemisia,15081,17,"[7.03e+03,8.03e+03)",0
Artemisia,15081,18,"[8.03e+03,9.03e+03)",4
Artemisia,15081,19,"[9.03e+03,1e+04)",4
Betula,15081,1,"[1.03e+03,2.03e+03)",0
Betula,15081,4,"[1.3e+04,1.4e+04)",0
Betula,15081,7,"[1.6e+04,1.7e+04)",0
Betula,15081,8,"[1.7e+04,1.8e+04)",0
Betula,15081,9,"[1.8e+04,1.9e+04)",4
Betula,15081,10,"[1.9e+04,2e+04)",0
Betula,15081,14,"[4.03e+03,5.03e+03)",0
Betula,15081,16,"[6.03e+03,7.03e+03)",0
Betula,15081,17,"[7.03e+03,8.03e+03)",0
Betula,15081,18,"[8.03e+03,9.03e+03)",0
Betula,15081,19,"[9.03e+03,1e+04)",2
Carya,15081,1,"[1.03e+03,2.03e+03)",234
Carya,15081,4,"[1.3e+04,1.4e+04)",0
Carya,15081,7,"[1.6e+04,1.7e+04)",0
Carya,15081,8,"[1.7e+04,1.8e+04)",0
Carya,15081,9,"[1.8e+04,1.9e+04)",0
Carya,15081,10,"[1.9e+04,2e+04)",0
Carya,15081,14,"[4.03e+03,5.03e+03)",23
Carya,15081,16,"[6.03e+03,7.03e+03)",2
Carya,15081,17,"[7.03e+03,8.03e+03)",2
Carya,15081,18,"[8.03e+03,9.03e+03)",1
Carya,15081,19,"[9.03e+03,1e+04)",0
Castanea,15081,1,"[1.03e+03,2.03e+03)",29
Castanea,15081,4,"[1.3e+04,1.4e+04)",0
Castanea,15081,7,"[1.6e+04,1.7e+04)",0
Castanea,15081,8,"[1.7e+04,1.8e+04)",0
Castanea,15081,9,"[1.8e+04,1.9e+04)",0
Castanea,15081,10,"[1.9e+04,2e+04)",0
Castanea,15081,14,"[4.03e+03,5.03e+03)",7
Castanea,15081,16,"[6.03e+03,7.03e+03)",0
Castanea,15081,17,"[7.03e+03,8.03e+03)",8
Castanea,15081,18,"[8.03e+03,9.03e+03)",0
Castanea,15081,19,"[9.03e+03,1e+04)",0
Celtis,15081,1,"[1.03e+03,2.03e+03)",0
Celtis,15081,4,"[1.3e+04,1.4e+04)",1
Celtis,15081,7,"[1.6e+04,1.7e+04)",0
Celtis,15081,8,"[1.7e+04,1.8e+04)",0
Celtis,15081,9,"[1.8e+04,1.9e+04)",0
Celtis,15081,10,"[1.9e+04,2e+04)",0
Celtis,15081,14,"[4.03e+03,5.03e+03)",0
Celtis,15081,16,"[6.03e+03,7.03e+03)",0
Celtis,15081,17,"[7.03e+03,8.03e+03)",0
Celtis,15081,18,"[8.03e+03,9.03e+03)",1
Celtis,15081,19,"[9.03e+03,1e+04)",1
Cephalanthus,15081,1,"[1.03e+03,2.03e+03)",309
Cephalanthus,15081,4,"[1.3e+04,1.4e+04)",0
Cephalanthus,15081,7,"[1.6e+04,1.7e+04)",0
Cephalanthus,15081,8,"[1.7e+04,1.8e+04)",0
Cephalanthus,15081,9,"[1.8e+04,1.9e+04)",0
Cephalanthus,15081,10,"[1.9e+04,2e+04)",0
Cephalanthus,15081,14,"[4.03e+03,5.03e+03)",11
Cephalanthus,15081,16,"[6.03e+03,7.03e+03)",5
Cephalanthus,15081,17,"[7.03e+03,8.03e+03)",16
Cephalanthus,15081,18,"[8.03e+03,9.03e+03)",3
Cephalanthus,15081,19,"[9.03e+03,1e+04)",0
Cornus,15081,1,"[1.03e+03,2.03e+03)",3
Cornus,15081,4,"[1.3e+04,1.4e+04)",0
Cornus,15081,7,"[1.6e+04,1.7e+04)",2
Cornus,15081,8,"[1.7e+04,1.8e+04)",1
Cornus,15081,9,"[1.8e+04,1.9e+04)",0
Cornus,15081,10,"[1.9e+04,2e+04)",0
Cornus,15081,14,"[4.03e+03,5.03e+03)",0
Cornus,15081,16,"[6.03e+03,7.03e+03)",0
Cornus,15081,17,"[7.03e+03,8.03e+03)",0
Cornus,15081,18,"[8.03e+03,9.03e+03)",0
Cornus,15081,19,"[9.03e+03,1e+04)",0
Corylus,15081,1,"[1.03e+03,2.03e+03)",10
Corylus,15081,4,"[1.3e+04,1.4e+04)",5
Corylus,15081,7,"[1.6e+04,1.7e+04)",2
Corylus,15081,8,"[1.7e+04,1.8e+04)",5
Corylus,15081,9,"[1.8e+04,1.9e+04)",7
Corylus,15081,10,"[1.9e+04,2e+04)",1
Corylus,15081,14,"[4.03e+03,5.03e+03)",2
Corylus,15081,16,"[6.03e+03,7.03e+03)",1
Corylus,15081,17,"[7.03e+03,8.03e+03)",0
Corylus,15081,18,"[8.03e+03,9.03e+03)",0
Corylus,15081,19,"[9.03e+03,1e+04)",2
Fagus,15081,1,"[1.03e+03,2.03e+03)",78
Fagus,15081,4,"[1.3e+04,1.4e+04)",1
Fagus,15081,7,"[1.6e+04,1.7e+04)",6
Fagus,15081,8,"[1.7e+04,1.8e+04)",2
Fagus,15081,9,"[1.8e+04,1.9e+04)",2
Fagus,15081,10,"[1.9e+04,2e+04)",0
Fagus,15081,14,"[4.03e+03,5.03e+03)",0
Fagus,15081,16,"[6.03e+03,7.03e+03)",0
Fagus,15081,17,"[7.03e+03,8.03e+03)",0
Fagus,15081,18,"[8.03e+03,9.03e+03)",0
Fagus,15081,19,"[9.03e+03,1e+04)",0
Fraxinus,15081,1,"[1.03e+03,2.03e+03)",110
Fraxinus,15081,4,"[1.3e+04,1.4e+04)",3
Fraxinus,15081,7,"[1.6e+04,1.7e+04)",7
Fraxinus,15081,8,"[1.7e+04,1.8e+04)",3
Fraxinus,15081,9,"[1.8e+04,1.9e+04)",7
Fraxinus,15081,10,"[1.9e+04,2e+04)",13
Fraxinus,15081,14,"[4.03e+03,5.03e+03)",10
Fraxinus,15081,16,"[6.03e+03,7.03e+03)",8
Fraxinus,15081,17,"[7.03e+03,8.03e+03)",33
Fraxinus,15081,18,"[8.03e+03,9.03e+03)",10
Fraxinus,15081,19,"[9.03e+03,1e+04)",3
Juglans,15081,1,"[1.03e+03,2.03e+03)",3
Juglans,15081,4,"[1.3e+04,1.4e+04)",0
Juglans,15081,7,"[1.6e+04,1.7e+04)",0
Juglans,15081,8,"[1.7e+04,1.8e+04)",0
Juglans,15081,9,"[1.8e+04,1.9e+04)",0
Juglans,15081,10,"[1.9e+04,2e+04)",0
Juglans,15081,14,"[4.03e+03,5.03e+03)",0
Juglans,15081,16,"[6.03e+03,7.03e+03)",0
Juglans,15081,17,"[7.03e+03,8.03e+03)",0
Juglans,15081,18,"[8.03e+03,9.03e+03)",0
Juglans,15081,19,"[9.03e+03,1e+04)",0
Liquidambar,15081,1,"[1.03e+03,2.03e+03)",105
Liquidambar,15081,4,"[1.3e+04,1.4e+04)",0
Liquidambar,15081,7,"[1.6e+04,1.7e+04)",0
Liquidambar,15081,8,"[1.7e+04,1.8e+04)",0
Liquidambar,15081,9,"[1.8e+04,1.9e+04)",0
Liquidambar,15081,10,"[1.9e+04,2e+04)",0
Liquidambar,15081,14,"[4.03e+03,5.03e+03)",0
Liquidambar,15081,16,"[6.03e+03,7.03e+03)",0
Liquidambar,15081,17,"[7.03e+03,8.03e+03)",0
Liquidambar,15081,18,"[8.03e+03,9.03e+03)",3
Liquidambar,15081,19,"[9.03e+03,1e+04)",0
Nyssa,15081,1,"[1.03e+03,2.03e+03)",2
Nyssa,15081,4,"[1.3e+04,1.4e+04)",0
Nyssa,15081,7,"[1.6e+04,1.7e+04)",0
Nyssa,15081,8,"[1.7e+04,1.8e+04)",0
Nyssa,15081,9,"[1.8e+04,1.9e+04)",0
Nyssa,15081,10,"[1.9e+04,2e+04)",0
Nyssa,15081,14,"[4.03e+03,5.03e+03)",0
Nyssa,15081,16,"[6.03e+03,7.03e+03)",0
Nyssa,15081,17,"[7.03e+03,8.03e+03)",0
Nyssa,15081,18,"[8.03e+03,9.03e+03)",0
Nyssa,15081,19,"[9.03e+03,1e+04)",0
Ostrya-type,15081,1,"[1.03e+03,2.03e+03)",112
Ostrya-type,15081,4,"[1.3e+04,1.4e+04)",7
Ostrya-type,15081,7,"[1.6e+04,1.7e+04)",8
Ostrya-type,15081,8,"[1.7e+04,1.8e+04)",12
Ostrya-type,15081,9,"[1.8e+04,1.9e+04)",31
Ostrya-type,15081,10,"[1.9e+04,2e+04)",15
Ostrya-type,15081,14,"[4.03e+03,5.03e+03)",9
Ostrya-type,15081,16,"[6.03e+03,7.03e+03)",9
Ostrya-type,15081,17,"[7.03e+03,8.03e+03)",21
Ostrya-type,15081,18,"[8.03e+03,9.03e+03)",15
Ostrya-type,15081,19,"[9.03e+03,1e+04)",3
Picea,15081,1,"[1.03e+03,2.03e+03)",81
Picea,15081,4,"[1.3e+04,1.4e+04)",128
Picea,15081,7,"[1.6e+04,1.7e+04)",94
Picea,15081,8,"[1.7e+04,1.8e+04)",111.5
Picea,15081,9,"[1.8e+04,1.9e+04)",301.5
Picea,15081,10,"[1.9e+04,2e+04)",267.5
Picea,15081,14,"[4.03e+03,5.03e+03)",61
Picea,15081,16,"[6.03e+03,7.03e+03)",153
Picea,15081,17,"[7.03e+03,8.03e+03)",132
Picea,15081,18,"[8.03e+03,9.03e+03)",139
Picea,15081,19,"[9.03e+03,1e+04)",135
Pinus,15081,1,"[1.03e+03,2.03e+03)",197.5
Pinus,15081,4,"[1.3e+04,1.4e+04)",126.5
Pinus,15081,7,"[1.6e+04,1.7e+04)",137.5
Pinus,15081,8,"[1.7e+04,1.8e+04)",133
Pinus,15081,9,"[1.8e+04,1.9e+04)",431
Pinus,15081,10,"[1.9e+04,2e+04)",354.5
Pinus,15081,14,"[4.03e+03,5.03e+03)",25
Pinus,15081,16,"[6.03e+03,7.03e+03)",70
Pinus,15081,17,"[7.03e+03,8.03e+03)",74
Pinus,15081,18,"[8.03e+03,9.03e+03)",78.5
Pinus,15081,19,"[9.03e+03,1e+04)",125.5
Platanus,15081,1,"[1.03e+03,2.03e+03)",1
Platanus,15081,4,"[1.3e+04,1.4e+04)",0
Platanus,15081,7,"[1.6e+04,1.7e+04)",1
Platanus,15081,8,"[1.7e+04,1.8e+04)",0
Platanus,15081,9,"[1.8e+04,1.9e+04)",0
Platanus,15081,10,"[1.9e+04,2e+04)",0
Platanus,15081,14,"[4.03e+03,5.03e+03)",0
Platanus,15081,16,"[6.03e+03,7.03e+03)",0
Platanus,15081,17,"[7.03e+03,8.03e+03)",0
Platanus,15081,18,"[8.03e+03,9.03e+03)",0
Platanus,15081,19,"[9.03e+03,1e+04)",0
Populus,15081,1,"[1.03e+03,2.03e+03)",12
Populus,15081,4,"[1.3e+04,1.4e+04)",0
Populus,15081,7,"[1.6e+04,1.7e+04)",1
Populus,15081,8,"[1.7e+04,1.8e+04)",5
Populus,15081,9,"[1.8e+04,1.9e+04)",0
Populus,15081,10,"[1.9e+04,2e+04)",0
Populus,15081,14,"[4.03e+03,5.03e+03)",0
Populus,15081,16,"[6.03e+03,7.03e+03)",1
Populus,15081,17,"[7.03e+03,8.03e+03)",0
Populus,15081,18,"[8.03e+03,9.03e+03)",0
Populus,15081,19,"[9.03e+03,1e+04)",2
Quercus,15081,1,"[1.03e+03,2.03e+03)",1464
Quercus,15081,4,"[1.3e+04,1.4e+04)",14
Quercus,15081,7,"[1.6e+04,1.7e+04)",42
Quercus,15081,8,"[1.7e+04,1.8e+04)",25
Quercus,15081,9,"[1.8e+04,1.9e+04)",80
Quercus,15081,10,"[1.9e+04,2e+04)",33
Quercus,15081,14,"[4.03e+03,5.03e+03)",81
Quercus,15081,16,"[6.03e+03,7.03e+03)",31
Quercus,15081,17,"[7.03e+03,8.03e+03)",26
Quercus,15081,18,"[8.03e+03,9.03e+03)",33
Quercus,15081,19,"[9.03e+03,1e+04)",17
Rosaceae,15081,1,"[1.03e+03,2.03e+03)",33
Rosaceae,15081,4,"[1.3e+04,1.4e+04)",0
Rosaceae,15081,7,"[1.6e+04,1.7e+04)",0
Rosaceae,15081,8,"[1.7e+04,1.8e+04)",0
Rosaceae,15081,9,"[1.8e+04,1.9e+04)",1
Rosaceae,15081,10,"[1.9e+04,2e+04)",3
Rosaceae,15081,14,"[4.03e+03,5.03e+03)",0
Rosaceae,15081,16,"[6.03e+03,7.03e+03)",3
Rosaceae,15081,17,"[7.03e+03,8.03e+03)",0
Rosaceae,15081,18,"[8.03e+03,9.03e+03)",1
Rosaceae,15081,19,"[9.03e+03,1e+04)",0
Salix,15081,1,"[1.03e+03,2.03e+03)",393
Salix,15081,4,"[1.3e+04,1.4e+04)",9
Salix,15081,7,"[1.6e+04,1.7e+04)",7
Salix,15081,8,"[1.7e+04,1.8e+04)",0
Salix,15081,9,"[1.8e+04,1.9e+04)",12
Salix,15081,10,"[1.9e+04,2e+04)",7
Salix,15081,14,"[4.03e+03,5.03e+03)",36
Salix,15081,16,"[6.03e+03,7.03e+03)",12
Salix,15081,17,"[7.03e+03,8.03e+03)",31
Salix,15081,18,"[8.03e+03,9.03e+03)",8
Salix,15081,19,"[9.03e+03,1e+04)",5
Tilia,15081,1,"[1.03e+03,2.03e+03)",13
Tilia,15081,4,"[1.3e+04,1.4e+04)",0
Tilia,15081,7,"[1.6e+04,1.7e+04)",0
Tilia,15081,8,"[1.7e+04,1.8e+04)",0
Tilia,15081,9,"[1.8e+04,1.9e+04)",0
Tilia,15081,10,"[1.9e+04,2e+04)",0
Tilia,15081,14,"[4.03e+03,5.03e+03)",2
Tilia,15081,16,"[6.03e+03,7.03e+03)",0
Tilia,15081,17,"[7.03e+03,8.03e+03)",1
Tilia,15081,18,"[8.03e+03,9.03e+03)",0
Tilia,15081,19,"[9.03e+03,1e+04)",0
Tsuga,15081,1,"[1.03e+03,2.03e+03)",3
Tsuga,15081,4,"[1.3e+04,1.4e+04)",0
Tsuga,15081,7,"[1.6e+04,1.7e+04)",0
Tsuga,15081,8,"[1.7e+04,1.8e+04)",1
Tsuga,15081,9,"[1.8e+04,1.9e+04)",0
Tsuga,15081,10,"[1.9e+04,2e+04)",0
Tsuga,15081,14,"[4.03e+03,5.03e+03)",0
Tsuga,15081,16,"[6.03e+03,7.03e+03)",0
Tsuga,15081,17,"[7.03e+03,8.03e+03)",2
Tsuga,15081,18,"[8.03e+03,9.03e+03)",0
Tsuga,15081,19,"[9.03e+03,1e+04)",0
Ulmus,15081,1,"[1.03e+03,2.03e+03)",35
Ulmus,15081,4,"[1.3e+04,1.4e+04)",4
Ulmus,15081,7,"[1.6e+04,1.7e+04)",1
Ulmus,15081,8,"[1.7e+04,1.8e+04)",2
Ulmus,15081,9,"[1.8e+04,1.9e+04)",6
Ulmus,15081,10,"[1.9e+04,2e+04)",4
Ulmus,15081,14,"[4.03e+03,5.03e+03)",3
Ulmus,15081,16,"[6.03e+03,7.03e+03)",0
Ulmus,15081,17,"[7.03e+03,8.03e+03)",2
Ulmus,15081,18,"[8.03e+03,9.03e+03)",3
Ulmus,15081,19,"[9.03e+03,1e+04)",1
Alnus,1541,1,"[1.03e+03,2.03e+03)",198
Alnus,1541,2,"[1.1e+04,1.2e+04)",11
Alnus,1541,3,"[1.2e+04,1.3e+04)",2
Alnus,1541,5,"[1.4e+04,1.5e+04)",1
Alnus,1541,7,"[1.6e+04,1.7e+04)",59
Alnus,1541,8,"[1.7e+04,1.8e+04)",3
Alnus,1541,11,"[1e+04,1.1e+04)",327
Alnus,1541,12,"[2.03e+03,3.03e+03)",759
Alnus,1541,13,"[3.03e+03,4.03e+03)",1059
Alnus,1541,14,"[4.03e+03,5.03e+03)",1030
Alnus,1541,15,"[5.03e+03,6.03e+03)",1156
Alnus,1541,16,"[6.03e+03,7.03e+03)",1183
Alnus,1541,17,"[7.03e+03,8.03e+03)",1302
Alnus,1541,18,"[8.03e+03,9.03e+03)",1048
Alnus,1541,19,"[9.03e+03,1e+04)",1031
Artemisia,1541,1,"[1.03e+03,2.03e+03)",12
Artemisia,1541,2,"[1.1e+04,1.2e+04)",4
Artemisia,1541,3,"[1.2e+04,1.3e+04)",3
Artemisia,1541,5,"[1.4e+04,1.5e+04)",5
Artemisia,1541,7,"[1.6e+04,1.7e+04)",10
Artemisia,1541,8,"[1.7e+04,1.8e+04)",16
Artemisia,1541,11,"[1e+04,1.1e+04)",24
Artemisia,1541,12,"[2.03e+03,3.03e+03)",27
Artemisia,1541,13,"[3.03e+03,4.03e+03)",21
Artemisia,1541,14,"[4.03e+03,5.03e+03)",27
Artemisia,1541,15,"[5.03e+03,6.03e+03)",35
Artemisia,1541,16,"[6.03e+03,7.03e+03)",15
Artemisia,1541,17,"[7.03e+03,8.03e+03)",18
Artemisia,1541,18,"[8.03e+03,9.03e+03)",19
Artemisia,1541,19,"[9.03e+03,1e+04)",22
Betula,1541,1,"[1.03e+03,2.03e+03)",87
Betula,1541,2,"[1.1e+04,1.2e+04)",286
Betula,1541,3,"[1.2e+04,1.3e+04)",290
Betula,1541,5,"[1.4e+04,1.5e+04)",315
Betula,1541,7,"[1.6e+04,1.7e+04)",507
Betula,1541,8,"[1.7e+04,1.8e+04)",188
Betula,1541,11,"[1e+04,1.1e+04)",531
Betula,1541,12,"[2.03e+03,3.03e+03)",270
Betula,1541,13,"[3.03e+03,4.03e+03)",415
Betula,1541,14,"[4.03e+03,5.03e+03)",415
Betula,1541,15,"[5.03e+03,6.03e+03)",414
Betula,1541,16,"[6.03e+03,7.03e+03)",474
Betula,1541,17,"[7.03e+03,8.03e+03)",392
Betula,1541,18,"[8.03e+03,9.03e+03)",316
Betula,1541,19,"[9.03e+03,1e+04)",322
Caprifoliaceae sensu lato,1541,1,"[1.03e+03,2.03e+03)",0
Caprifoliaceae sensu lato,1541,2,"[1.1e+04,1.2e+04)",0
Caprifoliaceae sensu lato,1541,3,"[1.2e+04,1.3e+04)",0
Caprifoliaceae sensu lato,1541,5,"[1.4e+04,1.5e+04)",0
Caprifoliaceae sensu lato,1541,7,"[1.6e+04,1.7e+04)",0
Caprifoliaceae sensu lato,1541,8,"[1.7e+04,1.8e+04)",0
Caprifoliaceae sensu lato,1541,11,"[1e+04,1.1e+04)",1
Caprifoliaceae sensu lato,1541,12,"[2.03e+03,3.03e+03)",0
Caprifoliaceae sensu lato,1541,13,"[3.03e+03,4.03e+03)",0
Caprifoliaceae sensu lato,1541,14,"[4.03e+03,5.03e+03)",0
Caprifoliaceae sensu lato,1541,15,"[5.03e+03,6.03e+03)",0
Caprifoliaceae sensu lato,1541,16,"[6.03e+03,7.03e+03)",0
Caprifoliaceae sensu lato,1541,17,"[7.03e+03,8.03e+03)",0
Caprifoliaceae sensu lato,1541,18,"[8.03e+03,9.03e+03)",0
Caprifoliaceae sensu lato,1541,19,"[9.03e+03,1e+04)",0
Cornus,1541,1,"[1.03e+03,2.03e+03)",0
Cornus,1541,2,"[1.1e+04,1.2e+04)",0
Cornus,1541,3,"[1.2e+04,1.3e+04)",0
Cornus,1541,5,"[1.4e+04,1.5e+04)",0
Cornus,1541,7,"[1.6e+04,1.7e+04)",0
Cornus,1541,8,"[1.7e+04,1.8e+04)",0
Cornus,1541,11,"[1e+04,1.1e+04)",0
Cornus,1541,12,"[2.03e+03,3.03e+03)",0
Cornus,1541,13,"[3.03e+03,4.03e+03)",1
Cornus,1541,14,"[4.03e+03,5.03e+03)",0
Cornus,1541,15,"[5.03e+03,6.03e+03)",0
Cornus,1541,16,"[6.03e+03,7.03e+03)",0
Cornus,1541,17,"[7.03e+03,8.03e+03)",0
Cornus,1541,18,"[8.03e+03,9.03e+03)",0
Cornus,1541,19,"[9.03e+03,1e+04)",0
Ericales,1541,1,"[1.03e+03,2.03e+03)",4
Ericales,1541,2,"[1.1e+04,1.2e+04)",3
Ericales,1541,3,"[1.2e+04,1.3e+04)",4
Ericales,1541,5,"[1.4e+04,1.5e+04)",0
Ericales,1541,7,"[1.6e+04,1.7e+04)",8
Ericales,1541,8,"[1.7e+04,1.8e+04)",3
Ericales,1541,11,"[1e+04,1.1e+04)",16
Ericales,1541,12,"[2.03e+03,3.03e+03)",12
Ericales,1541,13,"[3.03e+03,4.03e+03)",9
Ericales,1541,14,"[4.03e+03,5.03e+03)",19
Ericales,1541,15,"[5.03e+03,6.03e+03)",14
Ericales,1541,16,"[6.03e+03,7.03e+03)",23
Ericales,1541,17,"[7.03e+03,8.03e+03)",5
Ericales,1541,18,"[8.03e+03,9.03e+03)",9
Ericales,1541,19,"[9.03e+03,1e+04)",8
Juniperus,1541,1,"[1.03e+03,2.03e+03)",0
Juniperus,1541,2,"[1.1e+04,1.2e+04)",15
Juniperus,1541,3,"[1.2e+04,1.3e+04)",6
Juniperus,1541,5,"[1.4e+04,1.5e+04)",5
Juniperus,1541,7,"[1.6e+04,1.7e+04)",3
Juniperus,1541,8,"[1.7e+04,1.8e+04)",4
Juniperus,1541,11,"[1e+04,1.1e+04)",8
Juniperus,1541,12,"[2.03e+03,3.03e+03)",0
Juniperus,1541,13,"[3.03e+03,4.03e+03)",0
Juniperus,1541,14,"[4.03e+03,5.03e+03)",0
Juniperus,1541,15,"[5.03e+03,6.03e+03)",1
Juniperus,1541,16,"[6.03e+03,7.03e+03)",0
Juniperus,1541,17,"[7.03e+03,8.03e+03)",0
Juniperus,1541,18,"[8.03e+03,9.03e+03)",0
Juniperus,1541,19,"[9.03e+03,1e+04)",1
Picea,1541,1,"[1.03e+03,2.03e+03)",23
Picea,1541,2,"[1.1e+04,1.2e+04)",5
Picea,1541,3,"[1.2e+04,1.3e+04)",11
Picea,1541,5,"[1.4e+04,1.5e+04)",4
Picea,1541,7,"[1.6e+04,1.7e+04)",13
Picea,1541,8,"[1.7e+04,1.8e+04)",0
Picea,1541,11,"[1e+04,1.1e+04)",11
Picea,1541,12,"[2.03e+03,3.03e+03)",85
Picea,1541,13,"[3.03e+03,4.03e+03)",163
Picea,1541,14,"[4.03e+03,5.03e+03)",241
Picea,1541,15,"[5.03e+03,6.03e+03)",116
Picea,1541,16,"[6.03e+03,7.03e+03)",129
Picea,1541,17,"[7.03e+03,8.03e+03)",57
Picea,1541,18,"[8.03e+03,9.03e+03)",15
Picea,1541,19,"[9.03e+03,1e+04)",19
Pinus,1541,1,"[1.03e+03,2.03e+03)",0
Pinus,1541,2,"[1.1e+04,1.2e+04)",0
Pinus,1541,3,"[1.2e+04,1.3e+04)",0
Pinus,1541,5,"[1.4e+04,1.5e+04)",0
Pinus,1541,7,"[1.6e+04,1.7e+04)",0
Pinus,1541,8,"[1.7e+04,1.8e+04)",0
Pinus,1541,11,"[1e+04,1.1e+04)",0
Pinus,1541,12,"[2.03e+03,3.03e+03)",0
Pinus,1541,13,"[3.03e+03,4.03e+03)",0
Pinus,1541,14,"[4.03e+03,5.03e+03)",1
Pinus,1541,15,"[5.03e+03,6.03e+03)",0
Pinus,1541,16,"[6.03e+03,7.03e+03)",0
Pinus,1541,17,"[7.03e+03,8.03e+03)",0
Pinus,1541,18,"[8.03e+03,9.03e+03)",0
Pinus,1541,19,"[9.03e+03,1e+04)",0
Populus balsamifera,1541,1,"[1.03e+03,2.03e+03)",0
Populus balsamifera,1541,2,"[1.1e+04,1.2e+04)",10
Populus balsamifera,1541,3,"[1.2e+04,1.3e+04)",3
Populus balsamifera,1541,5,"[1.4e+04,1.5e+04)",1
Populus balsamifera,1541,7,"[1.6e+04,1.7e+04)",4
Populus balsamifera,1541,8,"[1.7e+04,1.8e+04)",2
Populus balsamifera,1541,11,"[1e+04,1.1e+04)",8
Populus balsamifera,1541,12,"[2.03e+03,3.03e+03)",1
Populus balsamifera,1541,13,"[3.03e+03,4.03e+03)",0
Populus balsamifera,1541,14,"[4.03e+03,5.03e+03)",1
Populus balsamifera,1541,15,"[5.03e+03,6.03e+03)",2
Populus balsamifera,1541,16,"[6.03e+03,7.03e+03)",20
Populus balsamifera,1541,17,"[7.03e+03,8.03e+03)",0
Populus balsamifera,1541,18,"[8.03e+03,9.03e+03)",2
Populus balsamifera,1541,19,"[9.03e+03,1e+04)",2
Populus undiff.,1541,1,"[1.03e+03,2.03e+03)",0
Populus undiff.,1541,2,"[1.1e+04,1.2e+04)",0
Populus undiff.,1541,3,"[1.2e+04,1.3e+04)",1
Populus undiff.,1541,5,"[1.4e+04,1.5e+04)",0
Populus undiff.,1541,7,"[1.6e+04,1.7e+04)",3
Populus undiff.,1541,8,"[1.7e+04,1.8e+04)",4
Populus undiff.,1541,11,"[1e+04,1.1e+04)",9
Populus undiff.,1541,12,"[2.03e+03,3.03e+03)",0
Populus undiff.,1541,13,"[3.03e+03,4.03e+03)",1
Populus undiff.,1541,14,"[4.03e+03,5.03e+03)",1
Populus undiff.,1541,15,"[5.03e+03,6.03e+03)",0
Populus undiff.,1541,16,"[6.03e+03,7.03e+03)",1
Populus undiff.,1541,17,"[7.03e+03,8.03e+03)",0
Populus undiff.,1541,18,"[8.03e+03,9.03e+03)",0
Populus undiff.,1541,19,"[9.03e+03,1e+04)",0
Rubus chamaemorus,1541,1,"[1.03e+03,2.03e+03)",0
Rubus chamaemorus,1541,2,"[1.1e+04,1.2e+04)",1
Rubus chamaemorus,1541,3,"[1.2e+04,1.3e+04)",0
Rubus chamaemorus,1541,5,"[1.4e+04,1.5e+04)",0
Rubus chamaemorus,1541,7,"[1.6e+04,1.7e+04)",1
Rubus chamaemorus,1541,8,"[1.7e+04,1.8e+04)",0
Rubus chamaemorus,1541,11,"[1e+04,1.1e+04)",0
Rubus chamaemorus,1541,12,"[2.03e+03,3.03e+03)",0
Rubus chamaemorus,1541,13,"[3.03e+03,4.03e+03)",1
Rubus chamaemorus,1541,14,"[4.03e+03,5.03e+03)",0
Rubus chamaemorus,1541,15,"[5.03e+03,6.03e+03)",0
Rubus chamaemorus,1541,16,"[6.03e+03,7.03e+03)",0
Rubus chamaemorus,1541,17,"[7.03e+03,8.03e+03)",0
Rubus chamaemorus,1541,18,"[8.03e+03,9.03e+03)",0
Rubus chamaemorus,1541,19,"[9.03e+03,1e+04)",0
Salix,1541,1,"[1.03e+03,2.03e+03)",7
Salix,1541,2,"[1.1e+04,1.2e+04)",11
Salix,1541,3,"[1.2e+04,1.3e+04)",7
Salix,1541,5,"[1.4e+04,1.5e+04)",15
Salix,1541,7,"[1.6e+04,1.7e+04)",32
Salix,1541,8,"[1.7e+04,1.8e+04)",37
Salix,1541,11,"[1e+04,1.1e+04)",45
Salix,1541,12,"[2.03e+03,3.03e+03)",23
Salix,1541,13,"[3.03e+03,4.03e+03)",14
Salix,1541,14,"[4.03e+03,5.03e+03)",12
Salix,1541,15,"[5.03e+03,6.03e+03)",22
Salix,1541,16,"[6.03e+03,7.03e+03)",13
Salix,1541,17,"[7.03e+03,8.03e+03)",11
Salix,1541,18,"[8.03e+03,9.03e+03)",13
Salix,1541,19,"[9.03e+03,1e+04)",15
Abies,16111,1,"[1.03e+03,2.03e+03)",5
Abies,16111,2,"[1.1e+04,1.2e+04)",14
Abies,16111,3,"[1.2e+04,1.3e+04)",8
Abies,16111,4,"[1.3e+04,1.4e+04)",6
Abies,16111,5,"[1.4e+04,1.5e+04)",2
Abies,16111,8,"[1.7e+04,1.8e+04)",1
Abies,16111,9,"[1.8e+04,1.9e+04)",2
Abies,16111,10,"[1.9e+04,2e+04)",2
Abies,16111,11,"[1e+04,1.1e+04)",1
Abies,16111,12,"[2.03e+03,3.03e+03)",3
Abies,16111,13,"[3.03e+03,4.03e+03)",1
Abies,16111,14,"[4.03e+03,5.03e+03)",1
Abies,16111,15,"[5.03e+03,6.03e+03)",1
Abies,16111,16,"[6.03e+03,7.03e+03)",0
Abies,16111,17,"[7.03e+03,8.03e+03)",2
Abies,16111,18,"[8.03e+03,9.03e+03)",0
Abies,16111,19,"[9.03e+03,1e+04)",0
Alnus,16111,1,"[1.03e+03,2.03e+03)",1
Alnus,16111,2,"[1.1e+04,1.2e+04)",1
Alnus,16111,3,"[1.2e+04,1.3e+04)",4
Alnus,16111,4,"[1.3e+04,1.4e+04)",1
Alnus,16111,5,"[1.4e+04,1.5e+04)",0
Alnus,16111,8,"[1.7e+04,1.8e+04)",0
Alnus,16111,9,"[1.8e+04,1.9e+04)",0
Alnus,16111,10,"[1.9e+04,2e+04)",0
Alnus,16111,11,"[1e+04,1.1e+04)",1
Alnus,16111,12,"[2.03e+03,3.03e+03)",2
Alnus,16111,13,"[3.03e+03,4.03e+03)",0
Alnus,16111,14,"[4.03e+03,5.03e+03)",1
Alnus,16111,15,"[5.03e+03,6.03e+03)",1
Alnus,16111,16,"[6.03e+03,7.03e+03)",0
Alnus,16111,17,"[7.03e+03,8.03e+03)",2
Alnus,16111,18,"[8.03e+03,9.03e+03)",0
Alnus,16111,19,"[9.03e+03,1e+04)",0
Arceuthobium,16111,1,"[1.03e+03,2.03e+03)",0
Arceuthobium,16111,2,"[1.1e+04,1.2e+04)",0
Arceuthobium,16111,3,"[1.2e+04,1.3e+04)",0
Arceuthobium,16111,4,"[1.3e+04,1.4e+04)",1
Arceuthobium,16111,5,"[1.4e+04,1.5e+04)",0
Arceuthobium,16111,8,"[1.7e+04,1.8e+04)",0
Arceuthobium,16111,9,"[1.8e+04,1.9e+04)",0
Arceuthobium,16111,10,"[1.9e+04,2e+04)",0
Arceuthobium,16111,11,"[1e+04,1.1e+04)",0
Arceuthobium,16111,12,"[2.03e+03,3.03e+03)",0
Arceuthobium,16111,13,"[3.03e+03,4.03e+03)",0
Arceuthobium,16111,14,"[4.03e+03,5.03e+03)",0
Arceuthobium,16111,15,"[5.03e+03,6.03e+03)",0
Arceuthobium,16111,16,"[6.03e+03,7.03e+03)",0
Arceuthobium,16111,17,"[7.03e+03,8.03e+03)",0
Arceuthobium,16111,18,"[8.03e+03,9.03e+03)",2
Arceuthobium,16111,19,"[9.03e+03,1e+04)",0
Artemisia,16111,1,"[1.03e+03,2.03e+03)",124
Artemisia,16111,2,"[1.1e+04,1.2e+04)",249
Artemisia,16111,3,"[1.2e+04,1.3e+04)",737
Artemisia,16111,4,"[1.3e+04,1.4e+04)",490
Artemisia,16111,5,"[1.4e+04,1.5e+04)",122
Artemisia,16111,8,"[1.7e+04,1.8e+04)",48
Artemisia,16111,9,"[1.8e+04,1.9e+04)",46
Artemisia,16111,10,"[1.9e+04,2e+04)",47
Artemisia,16111,11,"[1e+04,1.1e+04)",221
Artemisia,16111,12,"[2.03e+03,3.03e+03)",231
Artemisia,16111,13,"[3.03e+03,4.03e+03)",69
Artemisia,16111,14,"[4.03e+03,5.03e+03)",182
Artemisia,16111,15,"[5.03e+03,6.03e+03)",67
Artemisia,16111,16,"[6.03e+03,7.03e+03)",208
Artemisia,16111,17,"[7.03e+03,8.03e+03)",172
Artemisia,16111,18,"[8.03e+03,9.03e+03)",116
Artemisia,16111,19,"[9.03e+03,1e+04)",313
Betula,16111,1,"[1.03e+03,2.03e+03)",0
Betula,16111,2,"[1.1e+04,1.2e+04)",0
Betula,16111,3,"[1.2e+04,1.3e+04)",2
Betula,16111,4,"[1.3e+04,1.4e+04)",2
Betula,16111,5,"[1.4e+04,1.5e+04)",2
Betula,16111,8,"[1.7e+04,1.8e+04)",0
Betula,16111,9,"[1.8e+04,1.9e+04)",0
Betula,16111,10,"[1.9e+04,2e+04)",0
Betula,16111,11,"[1e+04,1.1e+04)",0
Betula,16111,12,"[2.03e+03,3.03e+03)",0
Betula,16111,13,"[3.03e+03,4.03e+03)",0
Betula,16111,14,"[4.03e+03,5.03e+03)",0
Betula,16111,15,"[5.03e+03,6.03e+03)",0
Betula,16111,16,"[6.03e+03,7.03e+03)",0
Betula,16111,17,"[7.03e+03,8.03e+03)",0
Betula,16111,18,"[8.03e+03,9.03e+03)",0
Betula,16111,19,"[9.03e+03,1e+04)",0
Celtis-type,16111,1,"[1.03e+03,2.03e+03)",0
Celtis-type,16111,2,"[1.1e+04,1.2e+04)",0
Celtis-type,16111,3,"[1.2e+04,1.3e+04)",1
Celtis-type,16111,4,"[1.3e+04,1.4e+04)",0
Celtis-type,16111,5,"[1.4e+04,1.5e+04)",0
Celtis-type,16111,8,"[1.7e+04,1.8e+04)",0
Celtis-type,16111,9,"[1.8e+04,1.9e+04)",0
Celtis-type,16111,10,"[1.9e+04,2e+04)",0
Celtis-type,16111,11,"[1e+04,1.1e+04)",0
Celtis-type,16111,12,"[2.03e+03,3.03e+03)",0
Celtis-type,16111,13,"[3.03e+03,4.03e+03)",0
Celtis-type,16111,14,"[4.03e+03,5.03e+03)",0
Celtis-type,16111,15,"[5.03e+03,6.03e+03)",0
Celtis-type,16111,16,"[6.03e+03,7.03e+03)",0
Celtis-type,16111,17,"[7.03e+03,8.03e+03)",0
Celtis-type,16111,18,"[8.03e+03,9.03e+03)",0
Celtis-type,16111,19,"[9.03e+03,1e+04)",0
Cercocarpus-type,16111,1,"[1.03e+03,2.03e+03)",1
Cercocarpus-type,16111,2,"[1.1e+04,1.2e+04)",0
Cercocarpus-type,16111,3,"[1.2e+04,1.3e+04)",1
Cercocarpus-type,16111,4,"[1.3e+04,1.4e+04)",0
Cercocarpus-type,16111,5,"[1.4e+04,1.5e+04)",0
Cercocarpus-type,16111,8,"[1.7e+04,1.8e+04)",0
Cercocarpus-type,16111,9,"[1.8e+04,1.9e+04)",0
Cercocarpus-type,16111,10,"[1.9e+04,2e+04)",0
Cercocarpus-type,16111,11,"[1e+04,1.1e+04)",0
Cercocarpus-type,16111,12,"[2.03e+03,3.03e+03)",1
Cercocarpus-type,16111,13,"[3.03e+03,4.03e+03)",0
Cercocarpus-type,16111,14,"[4.03e+03,5.03e+03)",0
Cercocarpus-type,16111,15,"[5.03e+03,6.03e+03)",0
Cercocarpus-type,16111,16,"[6.03e+03,7.03e+03)",0
Cercocarpus-type,16111,17,"[7.03e+03,8.03e+03)",0
Cercocarpus-type,16111,18,"[8.03e+03,9.03e+03)",1
Cercocarpus-type,16111,19,"[9.03e+03,1e+04)",0
Ephedra,16111,1,"[1.03e+03,2.03e+03)",1
Ephedra,16111,2,"[1.1e+04,1.2e+04)",1
Ephedra,16111,3,"[1.2e+04,1.3e+04)",1
Ephedra,16111,4,"[1.3e+04,1.4e+04)",2
Ephedra,16111,5,"[1.4e+04,1.5e+04)",1
Ephedra,16111,8,"[1.7e+04,1.8e+04)",0
Ephedra,16111,9,"[1.8e+04,1.9e+04)",0
Ephedra,16111,10,"[1.9e+04,2e+04)",0
Ephedra,16111,11,"[1e+04,1.1e+04)",1
Ephedra,16111,12,"[2.03e+03,3.03e+03)",1
Ephedra,16111,13,"[3.03e+03,4.03e+03)",0
Ephedra,16111,14,"[4.03e+03,5.03e+03)",2
Ephedra,16111,15,"[5.03e+03,6.03e+03)",1
Ephedra,16111,16,"[6.03e+03,7.03e+03)",0
Ephedra,16111,17,"[7.03e+03,8.03e+03)",2
Ephedra,16111,18,"[8.03e+03,9.03e+03)",1
Ephedra,16111,19,"[9.03e+03,1e+04)",1
Ericaceae,16111,1,"[1.03e+03,2.03e+03)",1
Ericaceae,16111,2,"[1.1e+04,1.2e+04)",0
Ericaceae,16111,3,"[1.2e+04,1.3e+04)",0
Ericaceae,16111,4,"[1.3e+04,1.4e+04)",0
Ericaceae,16111,5,"[1.4e+04,1.5e+04)",0
Ericaceae,16111,8,"[1.7e+04,1.8e+04)",0
Ericaceae,16111,9,"[1.8e+04,1.9e+04)",0
Ericaceae,16111,10,"[1.9e+04,2e+04)",0
Ericaceae,16111,11,"[1e+04,1.1e+04)",0
Ericaceae,16111,12,"[2.03e+03,3.03e+03)",0
Ericaceae,16111,13,"[3.03e+03,4.03e+03)",0
Ericaceae,16111,14,"[4.03e+03,5.03e+03)",0
Ericaceae,16111,15,"[5.03e+03,6.03e+03)",0
Ericaceae,16111,16,"[6.03e+03,7.03e+03)",0
Ericaceae,16111,17,"[7.03e+03,8.03e+03)",0
Ericaceae,16111,18,"[8.03e+03,9.03e+03)",0
Ericaceae,16111,19,"[9.03e+03,1e+04)",0
Juniperus,16111,1,"[1.03e+03,2.03e+03)",14
Juniperus,16111,2,"[1.1e+04,1.2e+04)",6
Juniperus,16111,3,"[1.2e+04,1.3e+04)",12
Juniperus,16111,4,"[1.3e+04,1.4e+04)",5
Juniperus,16111,5,"[1.4e+04,1.5e+04)",2
Juniperus,16111,8,"[1.7e+04,1.8e+04)",3
Juniperus,16111,9,"[1.8e+04,1.9e+04)",1
Juniperus,16111,10,"[1.9e+04,2e+04)",3
Juniperus,16111,11,"[1e+04,1.1e+04)",6
Juniperus,16111,12,"[2.03e+03,3.03e+03)",13
Juniperus,16111,13,"[3.03e+03,4.03e+03)",7
Juniperus,16111,14,"[4.03e+03,5.03e+03)",19
Juniperus,16111,15,"[5.03e+03,6.03e+03)",0
Juniperus,16111,16,"[6.03e+03,7.03e+03)",8
Juniperus,16111,17,"[7.03e+03,8.03e+03)",8
Juniperus,16111,18,"[8.03e+03,9.03e+03)",9
Juniperus,16111,19,"[9.03e+03,1e+04)",20
Picea,16111,1,"[1.03e+03,2.03e+03)",5
Picea,16111,2,"[1.1e+04,1.2e+04)",22
Picea,16111,3,"[1.2e+04,1.3e+04)",34
Picea,16111,4,"[1.3e+04,1.4e+04)",11
Picea,16111,5,"[1.4e+04,1.5e+04)",5
Picea,16111,8,"[1.7e+04,1.8e+04)",1
Picea,16111,9,"[1.8e+04,1.9e+04)",3
Picea,16111,10,"[1.9e+04,2e+04)",0
Picea,16111,11,"[1e+04,1.1e+04)",1
Picea,16111,12,"[2.03e+03,3.03e+03)",5
Picea,16111,13,"[3.03e+03,4.03e+03)",0
Picea,16111,14,"[4.03e+03,5.03e+03)",1
Picea,16111,15,"[5.03e+03,6.03e+03)",0
Picea,16111,16,"[6.03e+03,7.03e+03)",5
Picea,16111,17,"[7.03e+03,8.03e+03)",4
Picea,16111,18,"[8.03e+03,9.03e+03)",0
Picea,16111,19,"[9.03e+03,1e+04)",1
Pinus subg. Pinus,16111,1,"[1.03e+03,2.03e+03)",20
Pinus subg. Pinus,16111,2,"[1.1e+04,1.2e+04)",54
Pinus subg. Pinus,16111,3,"[1.2e+04,1.3e+04)",115
Pinus subg. Pinus,16111,4,"[1.3e+04,1.4e+04)",49
Pinus subg. Pinus,16111,5,"[1.4e+04,1.5e+04)",21
Pinus subg. Pinus,16111,8,"[1.7e+04,1.8e+04)",2
Pinus subg. Pinus,16111,9,"[1.8e+04,1.9e+04)",6
Pinus subg. Pinus,16111,10,"[1.9e+04,2e+04)",0
Pinus subg. Pinus,16111,11,"[1e+04,1.1e+04)",20
Pinus subg. Pinus,16111,12,"[2.03e+03,3.03e+03)",15
Pinus subg. Pinus,16111,13,"[3.03e+03,4.03e+03)",4
Pinus subg. Pinus,16111,14,"[4.03e+03,5.03e+03)",14
Pinus subg. Pinus,16111,15,"[5.03e+03,6.03e+03)",2
Pinus subg. Pinus,16111,16,"[6.03e+03,7.03e+03)",10
Pinus subg. Pinus,16111,17,"[7.03e+03,8.03e+03)",10
Pinus subg. Pinus,16111,18,"[8.03e+03,9.03e+03)",12
Pinus subg. Pinus,16111,19,"[9.03e+03,1e+04)",21
Pinus subg. Strobus,16111,1,"[1.03e+03,2.03e+03)",9
Pinus subg. Strobus,16111,2,"[1.1e+04,1.2e+04)",52
Pinus subg. Strobus,16111,3,"[1.2e+04,1.3e+04)",145
Pinus subg. Strobus,16111,4,"[1.3e+04,1.4e+04)",59
Pinus subg. Strobus,16111,5,"[1.4e+04,1.5e+04)",12
Pinus subg. Strobus,16111,8,"[1.7e+04,1.8e+04)",7
Pinus subg. Strobus,16111,9,"[1.8e+04,1.9e+04)",10
Pinus subg. Strobus,16111,10,"[1.9e+04,2e+04)",0
Pinus subg. Strobus,16111,11,"[1e+04,1.1e+04)",10
Pinus subg. Strobus,16111,12,"[2.03e+03,3.03e+03)",5
Pinus subg. Strobus,16111,13,"[3.03e+03,4.03e+03)",5
Pinus subg. Strobus,16111,14,"[4.03e+03,5.03e+03)",11
Pinus subg. Strobus,16111,15,"[5.03e+03,6.03e+03)",1
Pinus subg. Strobus,16111,16,"[6.03e+03,7.03e+03)",9
Pinus subg. Strobus,16111,17,"[7.03e+03,8.03e+03)",6
Pinus subg. Strobus,16111,18,"[8.03e+03,9.03e+03)",4
Pinus subg. Strobus,16111,19,"[9.03e+03,1e+04)",14
Pinus undiff.,16111,1,"[1.03e+03,2.03e+03)",149
Pinus undiff.,16111,2,"[1.1e+04,1.2e+04)",261
Pinus undiff.,16111,3,"[1.2e+04,1.3e+04)",445
Pinus undiff.,16111,4,"[1.3e+04,1.4e+04)",328
Pinus undiff.,16111,5,"[1.4e+04,1.5e+04)",126
Pinus undiff.,16111,8,"[1.7e+04,1.8e+04)",89
Pinus undiff.,16111,9,"[1.8e+04,1.9e+04)",126
Pinus undiff.,16111,10,"[1.9e+04,2e+04)",138
Pinus undiff.,16111,11,"[1e+04,1.1e+04)",126
Pinus undiff.,16111,12,"[2.03e+03,3.03e+03)",122
Pinus undiff.,16111,13,"[3.03e+03,4.03e+03)",54
Pinus undiff.,16111,14,"[4.03e+03,5.03e+03)",68
Pinus undiff.,16111,15,"[5.03e+03,6.03e+03)",65
Pinus undiff.,16111,16,"[6.03e+03,7.03e+03)",82
Pinus undiff.,16111,17,"[7.03e+03,8.03e+03)",65
Pinus undiff.,16111,18,"[8.03e+03,9.03e+03)",61
Pinus undiff.,16111,19,"[9.03e+03,1e+04)",131
Populus,16111,1,"[1.03e+03,2.03e+03)",1
Populus,16111,2,"[1.1e+04,1.2e+04)",3
Populus,16111,3,"[1.2e+04,1.3e+04)",1
Populus,16111,4,"[1.3e+04,1.4e+04)",1
Populus,16111,5,"[1.4e+04,1.5e+04)",0
Populus,16111,8,"[1.7e+04,1.8e+04)",0
Populus,16111,9,"[1.8e+04,1.9e+04)",0
Populus,16111,10,"[1.9e+04,2e+04)",0
Populus,16111,11,"[1e+04,1.1e+04)",1
Populus,16111,12,"[2.03e+03,3.03e+03)",2
Populus,16111,13,"[3.03e+03,4.03e+03)",0
Populus,16111,14,"[4.03e+03,5.03e+03)",0
Populus,16111,15,"[5.03e+03,6.03e+03)",0
Populus,16111,16,"[6.03e+03,7.03e+03)",0
Populus,16111,17,"[7.03e+03,8.03e+03)",0
Populus,16111,18,"[8.03e+03,9.03e+03)",0
Populus,16111,19,"[9.03e+03,1e+04)",0
Prunus,16111,1,"[1.03e+03,2.03e+03)",2
Prunus,16111,2,"[1.1e+04,1.2e+04)",0
Prunus,16111,3,"[1.2e+04,1.3e+04)",0
Prunus,16111,4,"[1.3e+04,1.4e+04)",0
Prunus,16111,5,"[1.4e+04,1.5e+04)",0
Prunus,16111,8,"[1.7e+04,1.8e+04)",0
Prunus,16111,9,"[1.8e+04,1.9e+04)",0
Prunus,16111,10,"[1.9e+04,2e+04)",0
Prunus,16111,11,"[1e+04,1.1e+04)",0
Prunus,16111,12,"[2.03e+03,3.03e+03)",0
Prunus,16111,13,"[3.03e+03,4.03e+03)",0
Prunus,16111,14,"[4.03e+03,5.03e+03)",0
Prunus,16111,15,"[5.03e+03,6.03e+03)",0
Prunus,16111,16,"[6.03e+03,7.03e+03)",0
Prunus,16111,17,"[7.03e+03,8.03e+03)",0
Prunus,16111,18,"[8.03e+03,9.03e+03)",0
Prunus,16111,19,"[9.03e+03,1e+04)",0
Pseudotsuga,16111,1,"[1.03e+03,2.03e+03)",8
Pseudotsuga,16111,2,"[1.1e+04,1.2e+04)",3
Pseudotsuga,16111,3,"[1.2e+04,1.3e+04)",10
Pseudotsuga,16111,4,"[1.3e+04,1.4e+04)",4
Pseudotsuga,16111,5,"[1.4e+04,1.5e+04)",0
Pseudotsuga,16111,8,"[1.7e+04,1.8e+04)",0
Pseudotsuga,16111,9,"[1.8e+04,1.9e+04)",0
Pseudotsuga,16111,10,"[1.9e+04,2e+04)",0
Pseudotsuga,16111,11,"[1e+04,1.1e+04)",6
Pseudotsuga,16111,12,"[2.03e+03,3.03e+03)",3
Pseudotsuga,16111,13,"[3.03e+03,4.03e+03)",0
Pseudotsuga,16111,14,"[4.03e+03,5.03e+03)",8
Pseudotsuga,16111,15,"[5.03e+03,6.03e+03)",0
Pseudotsuga,16111,16,"[6.03e+03,7.03e+03)",3
Pseudotsuga,16111,17,"[7.03e+03,8.03e+03)",1
Pseudotsuga,16111,18,"[8.03e+03,9.03e+03)",9
Pseudotsuga,16111,19,"[9.03e+03,1e+04)",4
Rhamnus,16111,1,"[1.03e+03,2.03e+03)",0
Rhamnus,16111,2,"[1.1e+04,1.2e+04)",0
Rhamnus,16111,3,"[1.2e+04,1.3e+04)",0
Rhamnus,16111,4,"[1.3e+04,1.4e+04)",0
Rhamnus,16111,5,"[1.4e+04,1.5e+04)",0
Rhamnus,16111,8,"[1.7e+04,1.8e+04)",0
Rhamnus,16111,9,"[1.8e+04,1.9e+04)",0
Rhamnus,16111,10,"[1.9e+04,2e+04)",0
Rhamnus,16111,11,"[1e+04,1.1e+04)",0
Rhamnus,16111,12,"[2.03e+03,3.03e+03)",0
Rhamnus,16111,13,"[3.03e+03,4.03e+03)",0
Rhamnus,16111,14,"[4.03e+03,5.03e+03)",2
Rhamnus,16111,15,"[5.03e+03,6.03e+03)",0
Rhamnus,16111,16,"[6.03e+03,7.03e+03)",0
Rhamnus,16111,17,"[7.03e+03,8.03e+03)",0
Rhamnus,16111,18,"[8.03e+03,9.03e+03)",0
Rhamnus,16111,19,"[9.03e+03,1e+04)",0
Rubus-type,16111,1,"[1.03e+03,2.03e+03)",0
Rubus-type,16111,2,"[1.1e+04,1.2e+04)",1
Rubus-type,16111,3,"[1.2e+04,1.3e+04)",0
Rubus-type,16111,4,"[1.3e+04,1.4e+04)",0
Rubus-type,16111,5,"[1.4e+04,1.5e+04)",0
Rubus-type,16111,8,"[1.7e+04,1.8e+04)",0
Rubus-type,16111,9,"[1.8e+04,1.9e+04)",0
Rubus-type,16111,10,"[1.9e+04,2e+04)",0
Rubus-type,16111,11,"[1e+04,1.1e+04)",0
Rubus-type,16111,12,"[2.03e+03,3.03e+03)",0
Rubus-type,16111,13,"[3.03e+03,4.03e+03)",0
Rubus-type,16111,14,"[4.03e+03,5.03e+03)",0
Rubus-type,16111,15,"[5.03e+03,6.03e+03)",0
Rubus-type,16111,16,"[6.03e+03,7.03e+03)",0
Rubus-type,16111,17,"[7.03e+03,8.03e+03)",0
Rubus-type,16111,18,"[8.03e+03,9.03e+03)",0
Rubus-type,16111,19,"[9.03e+03,1e+04)",0
Salix,16111,1,"[1.03e+03,2.03e+03)",1
Salix,16111,2,"[1.1e+04,1.2e+04)",3
Salix,16111,3,"[1.2e+04,1.3e+04)",10
Salix,16111,4,"[1.3e+04,1.4e+04)",2
Salix,16111,5,"[1.4e+04,1.5e+04)",1
Salix,16111,8,"[1.7e+04,1.8e+04)",0
Salix,16111,9,"[1.8e+04,1.9e+04)",2
Salix,16111,10,"[1.9e+04,2e+04)",1
Salix,16111,11,"[1e+04,1.1e+04)",1
Salix,16111,12,"[2.03e+03,3.03e+03)",3
Salix,16111,13,"[3.03e+03,4.03e+03)",0
Salix,16111,14,"[4.03e+03,5.03e+03)",3
Salix,16111,15,"[5.03e+03,6.03e+03)",2
Salix,16111,16,"[6.03e+03,7.03e+03)",0
Salix,16111,17,"[7.03e+03,8.03e+03)",2
Salix,16111,18,"[8.03e+03,9.03e+03)",1
Salix,16111,19,"[9.03e+03,1e+04)",3
Sarcobatus vermiculatus,16111,1,"[1.03e+03,2.03e+03)",3
Sarcobatus vermiculatus,16111,2,"[1.1e+04,1.2e+04)",8
Sarcobatus vermiculatus,16111,3,"[1.2e+04,1.3e+04)",22
Sarcobatus vermiculatus,16111,4,"[1.3e+04,1.4e+04)",9
Sarcobatus vermiculatus,16111,5,"[1.4e+04,1.5e+04)",4
Sarcobatus vermiculatus,16111,8,"[1.7e+04,1.8e+04)",1
Sarcobatus vermiculatus,16111,9,"[1.8e+04,1.9e+04)",0
Sarcobatus vermiculatus,16111,10,"[1.9e+04,2e+04)",2
Sarcobatus vermiculatus,16111,11,"[1e+04,1.1e+04)",3
Sarcobatus vermiculatus,16111,12,"[2.03e+03,3.03e+03)",7
Sarcobatus vermiculatus,16111,13,"[3.03e+03,4.03e+03)",2
Sarcobatus vermiculatus,16111,14,"[4.03e+03,5.03e+03)",3
Sarcobatus vermiculatus,16111,15,"[5.03e+03,6.03e+03)",0
Sarcobatus vermiculatus,16111,16,"[6.03e+03,7.03e+03)",8
Sarcobatus vermiculatus,16111,17,"[7.03e+03,8.03e+03)",5
Sarcobatus vermiculatus,16111,18,"[8.03e+03,9.03e+03)",8
Sarcobatus vermiculatus,16111,19,"[9.03e+03,1e+04)",11
Shepherdia,16111,1,"[1.03e+03,2.03e+03)",0
Shepherdia,16111,2,"[1.1e+04,1.2e+04)",1
Shepherdia,16111,3,"[1.2e+04,1.3e+04)",1
Shepherdia,16111,4,"[1.3e+04,1.4e+04)",0
Shepherdia,16111,5,"[1.4e+04,1.5e+04)",0
Shepherdia,16111,8,"[1.7e+04,1.8e+04)",0
Shepherdia,16111,9,"[1.8e+04,1.9e+04)",0
Shepherdia,16111,10,"[1.9e+04,2e+04)",0
Shepherdia,16111,11,"[1e+04,1.1e+04)",0
Shepherdia,16111,12,"[2.03e+03,3.03e+03)",0
Shepherdia,16111,13,"[3.03e+03,4.03e+03)",0
Shepherdia,16111,14,"[4.03e+03,5.03e+03)",0
Shepherdia,16111,15,"[5.03e+03,6.03e+03)",0
Shepherdia,16111,16,"[6.03e+03,7.03e+03)",0
Shepherdia,16111,17,"[7.03e+03,8.03e+03)",0
Shepherdia,16111,18,"[8.03e+03,9.03e+03)",0
Shepherdia,16111,19,"[9.03e+03,1e+04)",0
Tsuga,16111,1,"[1.03e+03,2.03e+03)",0
Tsuga,16111,2,"[1.1e+04,1.2e+04)",0
Tsuga,16111,3,"[1.2e+04,1.3e+04)",0
Tsuga,16111,4,"[1.3e+04,1.4e+04)",0
Tsuga,16111,5,"[1.4e+04,1.5e+04)",0
Tsuga,16111,8,"[1.7e+04,1.8e+04)",1
Tsuga,16111,9,"[1.8e+04,1.9e+04)",2
Tsuga,16111,10,"[1.9e+04,2e+04)",1
Tsuga,16111,11,"[1e+04,1.1e+04)",0
Tsuga,16111,12,"[2.03e+03,3.03e+03)",0
Tsuga,16111,13,"[3.03e+03,4.03e+03)",1
Tsuga,16111,14,"[4.03e+03,5.03e+03)",0
Tsuga,16111,15,"[5.03e+03,6.03e+03)",0
Tsuga,16111,16,"[6.03e+03,7.03e+03)",0
Tsuga,16111,17,"[7.03e+03,8.03e+03)",0
Tsuga,16111,18,"[8.03e+03,9.03e+03)",0
Tsuga,16111,19,"[9.03e+03,1e+04)",0
Alnus incana,17328,1,"[1.03e+03,2.03e+03)",1
Alnus incana,17328,2,"[1.1e+04,1.2e+04)",0
Alnus incana,17328,3,"[1.2e+04,1.3e+04)",0
Alnus incana,17328,4,"[1.3e+04,1.4e+04)",0
Alnus incana,17328,6,"[1.5e+04,1.6e+04)",0
Alnus incana,17328,7,"[1.6e+04,1.7e+04)",0
Alnus incana,17328,8,"[1.7e+04,1.8e+04)",0
Alnus incana,17328,9,"[1.8e+04,1.9e+04)",0
Alnus incana,17328,10,"[1.9e+04,2e+04)",1
Alnus incana,17328,11,"[1e+04,1.1e+04)",0
Alnus incana,17328,12,"[2.03e+03,3.03e+03)",16
Alnus incana,17328,13,"[3.03e+03,4.03e+03)",11
Alnus incana,17328,14,"[4.03e+03,5.03e+03)",10
Alnus incana,17328,15,"[5.03e+03,6.03e+03)",1
Alnus incana,17328,16,"[6.03e+03,7.03e+03)",2
Alnus incana,17328,17,"[7.03e+03,8.03e+03)",0
Alnus incana,17328,18,"[8.03e+03,9.03e+03)",0
Alnus incana,17328,19,"[9.03e+03,1e+04)",0
Alnus undiff.,17328,1,"[1.03e+03,2.03e+03)",0
Alnus undiff.,17328,2,"[1.1e+04,1.2e+04)",0
Alnus undiff.,17328,3,"[1.2e+04,1.3e+04)",0
Alnus undiff.,17328,4,"[1.3e+04,1.4e+04)",0
Alnus undiff.,17328,6,"[1.5e+04,1.6e+04)",0
Alnus undiff.,17328,7,"[1.6e+04,1.7e+04)",0
Alnus undiff.,17328,8,"[1.7e+04,1.8e+04)",1
Alnus undiff.,17328,9,"[1.8e+04,1.9e+04)",0
Alnus undiff.,17328,10,"[1.9e+04,2e+04)",1
Alnus undiff.,17328,11,"[1e+04,1.1e+04)",0
Alnus undiff.,17328,12,"[2.03e+03,3.03e+03)",0
Alnus undiff.,17328,13,"[3.03e+03,4.03e+03)",0
Alnus undiff.,17328,14,"[4.03e+03,5.03e+03)",0
Alnus undiff.,17328,15,"[5.03e+03,6.03e+03)",0
Alnus undiff.,17328,16,"[6.03e+03,7.03e+03)",0
Alnus undiff.,17328,17,"[7.03e+03,8.03e+03)",0
Alnus undiff.,17328,18,"[8.03e+03,9.03e+03)",0
Alnus undiff.,17328,19,"[9.03e+03,1e+04)",0
Alnus viridis,17328,1,"[1.03e+03,2.03e+03)",68
Alnus viridis,17328,2,"[1.1e+04,1.2e+04)",3
Alnus viridis,17328,3,"[1.2e+04,1.3e+04)",0
Alnus viridis,17328,4,"[1.3e+04,1.4e+04)",2
Alnus viridis,17328,6,"[1.5e+04,1.6e+04)",0
Alnus viridis,17328,7,"[1.6e+04,1.7e+04)",0
Alnus viridis,17328,8,"[1.7e+04,1.8e+04)",0
Alnus viridis,17328,9,"[1.8e+04,1.9e+04)",7
Alnus viridis,17328,10,"[1.9e+04,2e+04)",10
Alnus viridis,17328,11,"[1e+04,1.1e+04)",1
Alnus viridis,17328,12,"[2.03e+03,3.03e+03)",329
Alnus viridis,17328,13,"[3.03e+03,4.03e+03)",419
Alnus viridis,17328,14,"[4.03e+03,5.03e+03)",251
Alnus viridis,17328,15,"[5.03e+03,6.03e+03)",150
Alnus viridis,17328,16,"[6.03e+03,7.03e+03)",141
Alnus viridis,17328,17,"[7.03e+03,8.03e+03)",194
Alnus viridis,17328,18,"[8.03e+03,9.03e+03)",273
Alnus viridis,17328,19,"[9.03e+03,1e+04)",15
Artemisia,17328,1,"[1.03e+03,2.03e+03)",0
Artemisia,17328,2,"[1.1e+04,1.2e+04)",8
Artemisia,17328,3,"[1.2e+04,1.3e+04)",8
Artemisia,17328,4,"[1.3e+04,1.4e+04)",20
Artemisia,17328,6,"[1.5e+04,1.6e+04)",13
Artemisia,17328,7,"[1.6e+04,1.7e+04)",15
Artemisia,17328,8,"[1.7e+04,1.8e+04)",17
Artemisia,17328,9,"[1.8e+04,1.9e+04)",14
Artemisia,17328,10,"[1.9e+04,2e+04)",21
Artemisia,17328,11,"[1e+04,1.1e+04)",4
Artemisia,17328,12,"[2.03e+03,3.03e+03)",2
Artemisia,17328,13,"[3.03e+03,4.03e+03)",1
Artemisia,17328,14,"[4.03e+03,5.03e+03)",3
Artemisia,17328,15,"[5.03e+03,6.03e+03)",3
Artemisia,17328,16,"[6.03e+03,7.03e+03)",0
Artemisia,17328,17,"[7.03e+03,8.03e+03)",2
Artemisia,17328,18,"[8.03e+03,9.03e+03)",4
Artemisia,17328,19,"[9.03e+03,1e+04)",0
Betula,17328,1,"[1.03e+03,2.03e+03)",123
Betula,17328,2,"[1.1e+04,1.2e+04)",297
Betula,17328,3,"[1.2e+04,1.3e+04)",308
Betula,17328,4,"[1.3e+04,1.4e+04)",583
Betula,17328,6,"[1.5e+04,1.6e+04)",199
Betula,17328,7,"[1.6e+04,1.7e+04)",194
Betula,17328,8,"[1.7e+04,1.8e+04)",289
Betula,17328,9,"[1.8e+04,1.9e+04)",208
Betula,17328,10,"[1.9e+04,2e+04)",447
Betula,17328,11,"[1e+04,1.1e+04)",289
Betula,17328,12,"[2.03e+03,3.03e+03)",451
Betula,17328,13,"[3.03e+03,4.03e+03)",542
Betula,17328,14,"[4.03e+03,5.03e+03)",471
Betula,17328,15,"[5.03e+03,6.03e+03)",379
Betula,17328,16,"[6.03e+03,7.03e+03)",366
Betula,17328,17,"[7.03e+03,8.03e+03)",538
Betula,17328,18,"[8.03e+03,9.03e+03)",629
Betula,17328,19,"[9.03e+03,1e+04)",583
Diapensia,17328,1,"[1.03e+03,2.03e+03)",0
Diapensia,17328,2,"[1.1e+04,1.2e+04)",0
Diapensia,17328,3,"[1.2e+04,1.3e+04)",0
Diapensia,17328,4,"[1.3e+04,1.4e+04)",0
Diapensia,17328,6,"[1.5e+04,1.6e+04)",0
Diapensia,17328,7,"[1.6e+04,1.7e+04)",0
Diapensia,17328,8,"[1.7e+04,1.8e+04)",0
Diapensia,17328,9,"[1.8e+04,1.9e+04)",1
Diapensia,17328,10,"[1.9e+04,2e+04)",0
Diapensia,17328,11,"[1e+04,1.1e+04)",0
Diapensia,17328,12,"[2.03e+03,3.03e+03)",0
Diapensia,17328,13,"[3.03e+03,4.03e+03)",0
Diapensia,17328,14,"[4.03e+03,5.03e+03)",0
Diapensia,17328,15,"[5.03e+03,6.03e+03)",0
Diapensia,17328,16,"[6.03e+03,7.03e+03)",1
Diapensia,17328,17,"[7.03e+03,8.03e+03)",0
Diapensia,17328,18,"[8.03e+03,9.03e+03)",0
Diapensia,17328,19,"[9.03e+03,1e+04)",0
Empetrum,17328,1,"[1.03e+03,2.03e+03)",0
Empetrum,17328,2,"[1.1e+04,1.2e+04)",0
Empetrum,17328,3,"[1.2e+04,1.3e+04)",0
Empetrum,17328,4,"[1.3e+04,1.4e+04)",0
Empetrum,17328,6,"[1.5e+04,1.6e+04)",0
Empetrum,17328,7,"[1.6e+04,1.7e+04)",0
Empetrum,17328,8,"[1.7e+04,1.8e+04)",0
Empetrum,17328,9,"[1.8e+04,1.9e+04)",0
Empetrum,17328,10,"[1.9e+04,2e+04)",0
Empetrum,17328,11,"[1e+04,1.1e+04)",0
Empetrum,17328,12,"[2.03e+03,3.03e+03)",0
Empetrum,17328,13,"[3.03e+03,4.03e+03)",0
Empetrum,17328,14,"[4.03e+03,5.03e+03)",0
Empetrum,17328,15,"[5.03e+03,6.03e+03)",0
Empetrum,17328,16,"[6.03e+03,7.03e+03)",0
Empetrum,17328,17,"[7.03e+03,8.03e+03)",0
Empetrum,17328,18,"[8.03e+03,9.03e+03)",1
Empetrum,17328,19,"[9.03e+03,1e+04)",0
Ericaceae,17328,1,"[1.03e+03,2.03e+03)",0
Ericaceae,17328,2,"[1.1e+04,1.2e+04)",0
Ericaceae,17328,3,"[1.2e+04,1.3e+04)",1
Ericaceae,17328,4,"[1.3e+04,1.4e+04)",0
Ericaceae,17328,6,"[1.5e+04,1.6e+04)",0
Ericaceae,17328,7,"[1.6e+04,1.7e+04)",0
Ericaceae,17328,8,"[1.7e+04,1.8e+04)",0
Ericaceae,17328,9,"[1.8e+04,1.9e+04)",0
Ericaceae,17328,10,"[1.9e+04,2e+04)",0
Ericaceae,17328,11,"[1e+04,1.1e+04)",1
Ericaceae,17328,12,"[2.03e+03,3.03e+03)",3
Ericaceae,17328,13,"[3.03e+03,4.03e+03)",1
Ericaceae,17328,14,"[4.03e+03,5.03e+03)",2
Ericaceae,17328,15,"[5.03e+03,6.03e+03)",0
Ericaceae,17328,16,"[6.03e+03,7.03e+03)",1
Ericaceae,17328,17,"[7.03e+03,8.03e+03)",0
Ericaceae,17328,18,"[8.03e+03,9.03e+03)",4
Ericaceae,17328,19,"[9.03e+03,1e+04)",1
Juniperus,17328,1,"[1.03e+03,2.03e+03)",0
Juniperus,17328,2,"[1.1e+04,1.2e+04)",12
Juniperus,17328,3,"[1.2e+04,1.3e+04)",0
Juniperus,17328,4,"[1.3e+04,1.4e+04)",0
Juniperus,17328,6,"[1.5e+04,1.6e+04)",0
Juniperus,17328,7,"[1.6e+04,1.7e+04)",0
Juniperus,17328,8,"[1.7e+04,1.8e+04)",0
Juniperus,17328,9,"[1.8e+04,1.9e+04)",0
Juniperus,17328,10,"[1.9e+04,2e+04)",0
Juniperus,17328,11,"[1e+04,1.1e+04)",10
Juniperus,17328,12,"[2.03e+03,3.03e+03)",0
Juniperus,17328,13,"[3.03e+03,4.03e+03)",1
Juniperus,17328,14,"[4.03e+03,5.03e+03)",0
Juniperus,17328,15,"[5.03e+03,6.03e+03)",0
Juniperus,17328,16,"[6.03e+03,7.03e+03)",0
Juniperus,17328,17,"[7.03e+03,8.03e+03)",0
Juniperus,17328,18,"[8.03e+03,9.03e+03)",0
Juniperus,17328,19,"[9.03e+03,1e+04)",2
Picea,17328,1,"[1.03e+03,2.03e+03)",108
Picea,17328,2,"[1.1e+04,1.2e+04)",1
Picea,17328,3,"[1.2e+04,1.3e+04)",1
Picea,17328,4,"[1.3e+04,1.4e+04)",0
Picea,17328,6,"[1.5e+04,1.6e+04)",4
Picea,17328,7,"[1.6e+04,1.7e+04)",3
Picea,17328,8,"[1.7e+04,1.8e+04)",4
Picea,17328,9,"[1.8e+04,1.9e+04)",1
Picea,17328,10,"[1.9e+04,2e+04)",11
Picea,17328,11,"[1e+04,1.1e+04)",6
Picea,17328,12,"[2.03e+03,3.03e+03)",302
Picea,17328,13,"[3.03e+03,4.03e+03)",319
Picea,17328,14,"[4.03e+03,5.03e+03)",263
Picea,17328,15,"[5.03e+03,6.03e+03)",119
Picea,17328,16,"[6.03e+03,7.03e+03)",84
Picea,17328,17,"[7.03e+03,8.03e+03)",49
Picea,17328,18,"[8.03e+03,9.03e+03)",88
Picea,17328,19,"[9.03e+03,1e+04)",93
Pinus,17328,1,"[1.03e+03,2.03e+03)",0
Pinus,17328,2,"[1.1e+04,1.2e+04)",0
Pinus,17328,3,"[1.2e+04,1.3e+04)",0
Pinus,17328,4,"[1.3e+04,1.4e+04)",1
Pinus,17328,6,"[1.5e+04,1.6e+04)",0
Pinus,17328,7,"[1.6e+04,1.7e+04)",1
Pinus,17328,8,"[1.7e+04,1.8e+04)",0
Pinus,17328,9,"[1.8e+04,1.9e+04)",0
Pinus,17328,10,"[1.9e+04,2e+04)",0
Pinus,17328,11,"[1e+04,1.1e+04)",0
Pinus,17328,12,"[2.03e+03,3.03e+03)",0
Pinus,17328,13,"[3.03e+03,4.03e+03)",0
Pinus,17328,14,"[4.03e+03,5.03e+03)",0
Pinus,17328,15,"[5.03e+03,6.03e+03)",0
Pinus,17328,16,"[6.03e+03,7.03e+03)",0
Pinus,17328,17,"[7.03e+03,8.03e+03)",0
Pinus,17328,18,"[8.03e+03,9.03e+03)",0
Pinus,17328,19,"[9.03e+03,1e+04)",0
Populus balsamifera,17328,1,"[1.03e+03,2.03e+03)",0
Populus balsamifera,17328,2,"[1.1e+04,1.2e+04)",47
Populus balsamifera,17328,3,"[1.2e+04,1.3e+04)",63
Populus balsamifera,17328,4,"[1.3e+04,1.4e+04)",3
Populus balsamifera,17328,6,"[1.5e+04,1.6e+04)",0
Populus balsamifera,17328,7,"[1.6e+04,1.7e+04)",1
Populus balsamifera,17328,8,"[1.7e+04,1.8e+04)",0
Populus balsamifera,17328,9,"[1.8e+04,1.9e+04)",0
Populus balsamifera,17328,10,"[1.9e+04,2e+04)",0
Populus balsamifera,17328,11,"[1e+04,1.1e+04)",68
Populus balsamifera,17328,12,"[2.03e+03,3.03e+03)",0
Populus balsamifera,17328,13,"[3.03e+03,4.03e+03)",0
Populus balsamifera,17328,14,"[4.03e+03,5.03e+03)",6
Populus balsamifera,17328,15,"[5.03e+03,6.03e+03)",3
Populus balsamifera,17328,16,"[6.03e+03,7.03e+03)",2
Populus balsamifera,17328,17,"[7.03e+03,8.03e+03)",0
Populus balsamifera,17328,18,"[8.03e+03,9.03e+03)",8
Populus balsamifera,17328,19,"[9.03e+03,1e+04)",6
Populus tremuloides,17328,1,"[1.03e+03,2.03e+03)",0
Populus tremuloides,17328,2,"[1.1e+04,1.2e+04)",3
Populus tremuloides,17328,3,"[1.2e+04,1.3e+04)",2
Populus tremuloides,17328,4,"[1.3e+04,1.4e+04)",0
Populus tremuloides,17328,6,"[1.5e+04,1.6e+04)",0
Populus tremuloides,17328,7,"[1.6e+04,1.7e+04)",0
Populus tremuloides,17328,8,"[1.7e+04,1.8e+04)",0
Populus tremuloides,17328,9,"[1.8e+04,1.9e+04)",0
Populus tremuloides,17328,10,"[1.9e+04,2e+04)",0
Populus tremuloides,17328,11,"[1e+04,1.1e+04)",0
Populus tremuloides,17328,12,"[2.03e+03,3.03e+03)",0
Populus tremuloides,17328,13,"[3.03e+03,4.03e+03)",0
Populus tremuloides,17328,14,"[4.03e+03,5.03e+03)",3
Populus tremuloides,17328,15,"[5.03e+03,6.03e+03)",0
Populus tremuloides,17328,16,"[6.03e+03,7.03e+03)",0
Populus tremuloides,17328,17,"[7.03e+03,8.03e+03)",0
Populus tremuloides,17328,18,"[8.03e+03,9.03e+03)",0
Populus tremuloides,17328,19,"[9.03e+03,1e+04)",0
Populus undiff.,17328,1,"[1.03e+03,2.03e+03)",1
Populus undiff.,17328,2,"[1.1e+04,1.2e+04)",0
Populus undiff.,17328,3,"[1.2e+04,1.3e+04)",0
Populus undiff.,17328,4,"[1.3e+04,1.4e+04)",0
Populus undiff.,17328,6,"[1.5e+04,1.6e+04)",0
Populus undiff.,17328,7,"[1.6e+04,1.7e+04)",0
Populus undiff.,17328,8,"[1.7e+04,1.8e+04)",0
Populus undiff.,17328,9,"[1.8e+04,1.9e+04)",0
Populus undiff.,17328,10,"[1.9e+04,2e+04)",0
Populus undiff.,17328,11,"[1e+04,1.1e+04)",16
Populus undiff.,17328,12,"[2.03e+03,3.03e+03)",1
Populus undiff.,17328,13,"[3.03e+03,4.03e+03)",2
Populus undiff.,17328,14,"[4.03e+03,5.03e+03)",0
Populus undiff.,17328,15,"[5.03e+03,6.03e+03)",0
Populus undiff.,17328,16,"[6.03e+03,7.03e+03)",0
Populus undiff.,17328,17,"[7.03e+03,8.03e+03)",0
Populus undiff.,17328,18,"[8.03e+03,9.03e+03)",0
Populus undiff.,17328,19,"[9.03e+03,1e+04)",19
Salix,17328,1,"[1.03e+03,2.03e+03)",4
Salix,17328,2,"[1.1e+04,1.2e+04)",38
Salix,17328,3,"[1.2e+04,1.3e+04)",24
Salix,17328,4,"[1.3e+04,1.4e+04)",91
Salix,17328,6,"[1.5e+04,1.6e+04)",48
Salix,17328,7,"[1.6e+04,1.7e+04)",30
Salix,17328,8,"[1.7e+04,1.8e+04)",23
Salix,17328,9,"[1.8e+04,1.9e+04)",45
Salix,17328,10,"[1.9e+04,2e+04)",51
Salix,17328,11,"[1e+04,1.1e+04)",45
Salix,17328,12,"[2.03e+03,3.03e+03)",67
Salix,17328,13,"[3.03e+03,4.03e+03)",41
Salix,17328,14,"[4.03e+03,5.03e+03)",11
Salix,17328,15,"[5.03e+03,6.03e+03)",9
Salix,17328,16,"[6.03e+03,7.03e+03)",6
Salix,17328,17,"[7.03e+03,8.03e+03)",16
Salix,17328,18,"[8.03e+03,9.03e+03)",23
Salix,17328,19,"[9.03e+03,1e+04)",21
Shepherdia,17328,1,"[1.03e+03,2.03e+03)",0
Shepherdia,17328,2,"[1.1e+04,1.2e+04)",2
Shepherdia,17328,3,"[1.2e+04,1.3e+04)",0
Shepherdia,17328,4,"[1.3e+04,1.4e+04)",0
Shepherdia,17328,6,"[1.5e+04,1.6e+04)",0
Shepherdia,17328,7,"[1.6e+04,1.7e+04)",0
Shepherdia,17328,8,"[1.7e+04,1.8e+04)",0
Shepherdia,17328,9,"[1.8e+04,1.9e+04)",0
Shepherdia,17328,10,"[1.9e+04,2e+04)",1
Shepherdia,17328,11,"[1e+04,1.1e+04)",2
Shepherdia,17328,12,"[2.03e+03,3.03e+03)",1
Shepherdia,17328,13,"[3.03e+03,4.03e+03)",0
Shepherdia,17328,14,"[4.03e+03,5.03e+03)",0
Shepherdia,17328,15,"[5.03e+03,6.03e+03)",0
Shepherdia,17328,16,"[6.03e+03,7.03e+03)",0
Shepherdia,17328,17,"[7.03e+03,8.03e+03)",0
Shepherdia,17328,18,"[8.03e+03,9.03e+03)",2
Shepherdia,17328,19,"[9.03e+03,1e+04)",0
Viburnum,17328,1,"[1.03e+03,2.03e+03)",0
Viburnum,17328,2,"[1.1e+04,1.2e+04)",0
Viburnum,17328,3,"[1.2e+04,1.3e+04)",0
Viburnum,17328,4,"[1.3e+04,1.4e+04)",0
Viburnum,17328,6,"[1.5e+04,1.6e+04)",0
Viburnum,17328,7,"[1.6e+04,1.7e+04)",0
Viburnum,17328,8,"[1.7e+04,1.8e+04)",0
Viburnum,17328,9,"[1.8e+04,1.9e+04)",0
Viburnum,17328,10,"[1.9e+04,2e+04)",0
Viburnum,17328,11,"[1e+04,1.1e+04)",0
Viburnum,17328,12,"[2.03e+03,3.03e+03)",1
Viburnum,17328,13,"[3.03e+03,4.03e+03)",0
Viburnum,17328,14,"[4.03e+03,5.03e+03)",0
Viburnum,17328,15,"[5.03e+03,6.03e+03)",0
Viburnum,17328,16,"[6.03e+03,7.03e+03)",0
Viburnum,17328,17,"[7.03e+03,8.03e+03)",0
Viburnum,17328,18,"[8.03e+03,9.03e+03)",0
Viburnum,17328,19,"[9.03e+03,1e+04)",0
Alnus,17338,1,"[1.03e+03,2.03e+03)",155
Alnus,17338,2,"[1.1e+04,1.2e+04)",4
Alnus,17338,3,"[1.2e+04,1.3e+04)",0
Alnus,17338,4,"[1.3e+04,1.4e+04)",1
Alnus,17338,5,"[1.4e+04,1.5e+04)",0
Alnus,17338,6,"[1.5e+04,1.6e+04)",5
Alnus,17338,7,"[1.6e+04,1.7e+04)",28
Alnus,17338,11,"[1e+04,1.1e+04)",1
Alnus,17338,12,"[2.03e+03,3.03e+03)",199
Alnus,17338,13,"[3.03e+03,4.03e+03)",238
Alnus,17338,14,"[4.03e+03,5.03e+03)",243
Alnus,17338,15,"[5.03e+03,6.03e+03)",161
Alnus,17338,16,"[6.03e+03,7.03e+03)",151
Alnus,17338,17,"[7.03e+03,8.03e+03)",165
Alnus,17338,18,"[8.03e+03,9.03e+03)",165
Alnus,17338,19,"[9.03e+03,1e+04)",5
Artemisia,17338,1,"[1.03e+03,2.03e+03)",1
Artemisia,17338,2,"[1.1e+04,1.2e+04)",6
Artemisia,17338,3,"[1.2e+04,1.3e+04)",28
Artemisia,17338,4,"[1.3e+04,1.4e+04)",4
Artemisia,17338,5,"[1.4e+04,1.5e+04)",12
Artemisia,17338,6,"[1.5e+04,1.6e+04)",21
Artemisia,17338,7,"[1.6e+04,1.7e+04)",23
Artemisia,17338,11,"[1e+04,1.1e+04)",1
Artemisia,17338,12,"[2.03e+03,3.03e+03)",1
Artemisia,17338,13,"[3.03e+03,4.03e+03)",1
Artemisia,17338,14,"[4.03e+03,5.03e+03)",3
Artemisia,17338,15,"[5.03e+03,6.03e+03)",0
Artemisia,17338,16,"[6.03e+03,7.03e+03)",0
Artemisia,17338,17,"[7.03e+03,8.03e+03)",0
Artemisia,17338,18,"[8.03e+03,9.03e+03)",3
Artemisia,17338,19,"[9.03e+03,1e+04)",2
Betula,17338,1,"[1.03e+03,2.03e+03)",260
Betula,17338,2,"[1.1e+04,1.2e+04)",340
Betula,17338,3,"[1.2e+04,1.3e+04)",371
Betula,17338,4,"[1.3e+04,1.4e+04)",349
Betula,17338,5,"[1.4e+04,1.5e+04)",276
Betula,17338,6,"[1.5e+04,1.6e+04)",284
Betula,17338,7,"[1.6e+04,1.7e+04)",75
Betula,17338,11,"[1e+04,1.1e+04)",223
Betula,17338,12,"[2.03e+03,3.03e+03)",313
Betula,17338,13,"[3.03e+03,4.03e+03)",355
Betula,17338,14,"[4.03e+03,5.03e+03)",300
Betula,17338,15,"[5.03e+03,6.03e+03)",287
Betula,17338,16,"[6.03e+03,7.03e+03)",205
Betula,17338,17,"[7.03e+03,8.03e+03)",205
Betula,17338,18,"[8.03e+03,9.03e+03)",350
Betula,17338,19,"[9.03e+03,1e+04)",496
Ericaceae,17338,1,"[1.03e+03,2.03e+03)",6
Ericaceae,17338,2,"[1.1e+04,1.2e+04)",0
Ericaceae,17338,3,"[1.2e+04,1.3e+04)",0
Ericaceae,17338,4,"[1.3e+04,1.4e+04)",0
Ericaceae,17338,5,"[1.4e+04,1.5e+04)",0
Ericaceae,17338,6,"[1.5e+04,1.6e+04)",1
Ericaceae,17338,7,"[1.6e+04,1.7e+04)",0
Ericaceae,17338,11,"[1e+04,1.1e+04)",0
Ericaceae,17338,12,"[2.03e+03,3.03e+03)",5
Ericaceae,17338,13,"[3.03e+03,4.03e+03)",9
Ericaceae,17338,14,"[4.03e+03,5.03e+03)",6
Ericaceae,17338,15,"[5.03e+03,6.03e+03)",6
Ericaceae,17338,16,"[6.03e+03,7.03e+03)",1
Ericaceae,17338,17,"[7.03e+03,8.03e+03)",0
Ericaceae,17338,18,"[8.03e+03,9.03e+03)",6
Ericaceae,17338,19,"[9.03e+03,1e+04)",1
Juniperus,17338,1,"[1.03e+03,2.03e+03)",0
Juniperus,17338,2,"[1.1e+04,1.2e+04)",3
Juniperus,17338,3,"[1.2e+04,1.3e+04)",0
Juniperus,17338,4,"[1.3e+04,1.4e+04)",0
Juniperus,17338,5,"[1.4e+04,1.5e+04)",0
Juniperus,17338,6,"[1.5e+04,1.6e+04)",0
Juniperus,17338,7,"[1.6e+04,1.7e+04)",0
Juniperus,17338,11,"[1e+04,1.1e+04)",0
Juniperus,17338,12,"[2.03e+03,3.03e+03)",0
Juniperus,17338,13,"[3.03e+03,4.03e+03)",0
Juniperus,17338,14,"[4.03e+03,5.03e+03)",0
Juniperus,17338,15,"[5.03e+03,6.03e+03)",1
Juniperus,17338,16,"[6.03e+03,7.03e+03)",0
Juniperus,17338,17,"[7.03e+03,8.03e+03)",0
Juniperus,17338,18,"[8.03e+03,9.03e+03)",0
Juniperus,17338,19,"[9.03e+03,1e+04)",0
Picea,17338,1,"[1.03e+03,2.03e+03)",183
Picea,17338,2,"[1.1e+04,1.2e+04)",0
Picea,17338,3,"[1.2e+04,1.3e+04)",0
Picea,17338,4,"[1.3e+04,1.4e+04)",3
Picea,17338,5,"[1.4e+04,1.5e+04)",2
Picea,17338,6,"[1.5e+04,1.6e+04)",5
Picea,17338,7,"[1.6e+04,1.7e+04)",23
Picea,17338,11,"[1e+04,1.1e+04)",3
Picea,17338,12,"[2.03e+03,3.03e+03)",114
Picea,17338,13,"[3.03e+03,4.03e+03)",169
Picea,17338,14,"[4.03e+03,5.03e+03)",156
Picea,17338,15,"[5.03e+03,6.03e+03)",97
Picea,17338,16,"[6.03e+03,7.03e+03)",38
Picea,17338,17,"[7.03e+03,8.03e+03)",25
Picea,17338,18,"[8.03e+03,9.03e+03)",48
Picea,17338,19,"[9.03e+03,1e+04)",64
Populus balsamifera,17338,1,"[1.03e+03,2.03e+03)",0
Populus balsamifera,17338,2,"[1.1e+04,1.2e+04)",71
Populus balsamifera,17338,3,"[1.2e+04,1.3e+04)",16
Populus balsamifera,17338,4,"[1.3e+04,1.4e+04)",0
Populus balsamifera,17338,5,"[1.4e+04,1.5e+04)",1
Populus balsamifera,17338,6,"[1.5e+04,1.6e+04)",0
Populus balsamifera,17338,7,"[1.6e+04,1.7e+04)",0
Populus balsamifera,17338,11,"[1e+04,1.1e+04)",21
Populus balsamifera,17338,12,"[2.03e+03,3.03e+03)",0
Populus balsamifera,17338,13,"[3.03e+03,4.03e+03)",0
Populus balsamifera,17338,14,"[4.03e+03,5.03e+03)",0
Populus balsamifera,17338,15,"[5.03e+03,6.03e+03)",0
Populus balsamifera,17338,16,"[6.03e+03,7.03e+03)",0
Populus balsamifera,17338,17,"[7.03e+03,8.03e+03)",0
Populus balsamifera,17338,18,"[8.03e+03,9.03e+03)",1
Populus balsamifera,17338,19,"[9.03e+03,1e+04)",1
Populus tremuloides,17338,1,"[1.03e+03,2.03e+03)",0
Populus tremuloides,17338,2,"[1.1e+04,1.2e+04)",3
Populus tremuloides,17338,3,"[1.2e+04,1.3e+04)",0
Populus tremuloides,17338,4,"[1.3e+04,1.4e+04)",0
Populus tremuloides,17338,5,"[1.4e+04,1.5e+04)",0
Populus tremuloides,17338,6,"[1.5e+04,1.6e+04)",0
Populus tremuloides,17338,7,"[1.6e+04,1.7e+04)",0
Populus tremuloides,17338,11,"[1e+04,1.1e+04)",0
Populus tremuloides,17338,12,"[2.03e+03,3.03e+03)",0
Populus tremuloides,17338,13,"[3.03e+03,4.03e+03)",0
Populus tremuloides,17338,14,"[4.03e+03,5.03e+03)",0
Populus tremuloides,17338,15,"[5.03e+03,6.03e+03)",0
Populus tremuloides,17338,16,"[6.03e+03,7.03e+03)",0
Populus tremuloides,17338,17,"[7.03e+03,8.03e+03)",0
Populus tremuloides,17338,18,"[8.03e+03,9.03e+03)",0
Populus tremuloides,17338,19,"[9.03e+03,1e+04)",0
Populus undiff.,17338,1,"[1.03e+03,2.03e+03)",0
Populus undiff.,17338,2,"[1.1e+04,1.2e+04)",0
Populus undiff.,17338,3,"[1.2e+04,1.3e+04)",0
Populus undiff.,17338,4,"[1.3e+04,1.4e+04)",0
Populus undiff.,17338,5,"[1.4e+04,1.5e+04)",0
Populus undiff.,17338,6,"[1.5e+04,1.6e+04)",1
Populus undiff.,17338,7,"[1.6e+04,1.7e+04)",1
Populus undiff.,17338,11,"[1e+04,1.1e+04)",0
Populus undiff.,17338,12,"[2.03e+03,3.03e+03)",0
Populus undiff.,17338,13,"[3.03e+03,4.03e+03)",1
Populus undiff.,17338,14,"[4.03e+03,5.03e+03)",0
Populus undiff.,17338,15,"[5.03e+03,6.03e+03)",1
Populus undiff.,17338,16,"[6.03e+03,7.03e+03)",0
Populus undiff.,17338,17,"[7.03e+03,8.03e+03)",0
Populus undiff.,17338,18,"[8.03e+03,9.03e+03)",0
Populus undiff.,17338,19,"[9.03e+03,1e+04)",0
Rubus chamaemorus,17338,1,"[1.03e+03,2.03e+03)",1
Rubus chamaemorus,17338,2,"[1.1e+04,1.2e+04)",0
Rubus chamaemorus,17338,3,"[1.2e+04,1.3e+04)",1
Rubus chamaemorus,17338,4,"[1.3e+04,1.4e+04)",0
Rubus chamaemorus,17338,5,"[1.4e+04,1.5e+04)",1
Rubus chamaemorus,17338,6,"[1.5e+04,1.6e+04)",0
Rubus chamaemorus,17338,7,"[1.6e+04,1.7e+04)",1
Rubus chamaemorus,17338,11,"[1e+04,1.1e+04)",0
Rubus chamaemorus,17338,12,"[2.03e+03,3.03e+03)",0
Rubus chamaemorus,17338,13,"[3.03e+03,4.03e+03)",0
Rubus chamaemorus,17338,14,"[4.03e+03,5.03e+03)",0
Rubus chamaemorus,17338,15,"[5.03e+03,6.03e+03)",0
Rubus chamaemorus,17338,16,"[6.03e+03,7.03e+03)",0
Rubus chamaemorus,17338,17,"[7.03e+03,8.03e+03)",1
Rubus chamaemorus,17338,18,"[8.03e+03,9.03e+03)",0
Rubus chamaemorus,17338,19,"[9.03e+03,1e+04)",0
Salix,17338,1,"[1.03e+03,2.03e+03)",14
Salix,17338,2,"[1.1e+04,1.2e+04)",73
Salix,17338,3,"[1.2e+04,1.3e+04)",95
Salix,17338,4,"[1.3e+04,1.4e+04)",59
Salix,17338,5,"[1.4e+04,1.5e+04)",67
Salix,17338,6,"[1.5e+04,1.6e+04)",66
Salix,17338,7,"[1.6e+04,1.7e+04)",135
Salix,17338,11,"[1e+04,1.1e+04)",34
Salix,17338,12,"[2.03e+03,3.03e+03)",9
Salix,17338,13,"[3.03e+03,4.03e+03)",10
Salix,17338,14,"[4.03e+03,5.03e+03)",3
Salix,17338,15,"[5.03e+03,6.03e+03)",7
Salix,17338,16,"[6.03e+03,7.03e+03)",1
Salix,17338,17,"[7.03e+03,8.03e+03)",1
Salix,17338,18,"[8.03e+03,9.03e+03)",12
Salix,17338,19,"[9.03e+03,1e+04)",15
Shepherdia,17338,1,"[1.03e+03,2.03e+03)",0
Shepherdia,17338,2,"[1.1e+04,1.2e+04)",0
Shepherdia,17338,3,"[1.2e+04,1.3e+04)",0
Shepherdia,17338,4,"[1.3e+04,1.4e+04)",0
Shepherdia,17338,5,"[1.4e+04,1.5e+04)",0
Shepherdia,17338,6,"[1.5e+04,1.6e+04)",0
Shepherdia,17338,7,"[1.6e+04,1.7e+04)",0
Shepherdia,17338,11,"[1e+04,1.1e+04)",1
Shepherdia,17338,12,"[2.03e+03,3.03e+03)",0
Shepherdia,17338,13,"[3.03e+03,4.03e+03)",0
Shepherdia,17338,14,"[4.03e+03,5.03e+03)",0
Shepherdia,17338,15,"[5.03e+03,6.03e+03)",0
Shepherdia,17338,16,"[6.03e+03,7.03e+03)",0
Shepherdia,17338,17,"[7.03e+03,8.03e+03)",0
Shepherdia,17338,18,"[8.03e+03,9.03e+03)",0
Shepherdia,17338,19,"[9.03e+03,1e+04)",1
Alnus,17352,1,"[1.03e+03,2.03e+03)",423
Alnus,17352,2,"[1.1e+04,1.2e+04)",2
Alnus,17352,3,"[1.2e+04,1.3e+04)",0
Alnus,17352,4,"[1.3e+04,1.4e+04)",4
Alnus,17352,5,"[1.4e+04,1.5e+04)",4
Alnus,17352,6,"[1.5e+04,1.6e+04)",19
Alnus,17352,7,"[1.6e+04,1.7e+04)",4
Alnus,17352,11,"[1e+04,1.1e+04)",7
Alnus,17352,12,"[2.03e+03,3.03e+03)",508
Alnus,17352,13,"[3.03e+03,4.03e+03)",957
Alnus,17352,14,"[4.03e+03,5.03e+03)",180
Alnus,17352,15,"[5.03e+03,6.03e+03)",185
Alnus,17352,16,"[6.03e+03,7.03e+03)",347
Alnus,17352,17,"[7.03e+03,8.03e+03)",280
Alnus,17352,18,"[8.03e+03,9.03e+03)",186
Alnus,17352,19,"[9.03e+03,1e+04)",123
Artemisia,17352,1,"[1.03e+03,2.03e+03)",7
Artemisia,17352,2,"[1.1e+04,1.2e+04)",198
Artemisia,17352,3,"[1.2e+04,1.3e+04)",52
Artemisia,17352,4,"[1.3e+04,1.4e+04)",13
Artemisia,17352,5,"[1.4e+04,1.5e+04)",96
Artemisia,17352,6,"[1.5e+04,1.6e+04)",474
Artemisia,17352,7,"[1.6e+04,1.7e+04)",46
Artemisia,17352,11,"[1e+04,1.1e+04)",60
Artemisia,17352,12,"[2.03e+03,3.03e+03)",11
Artemisia,17352,13,"[3.03e+03,4.03e+03)",17
Artemisia,17352,14,"[4.03e+03,5.03e+03)",3
Artemisia,17352,15,"[5.03e+03,6.03e+03)",2
Artemisia,17352,16,"[6.03e+03,7.03e+03)",11
Artemisia,17352,17,"[7.03e+03,8.03e+03)",8
Artemisia,17352,18,"[8.03e+03,9.03e+03)",25
Artemisia,17352,19,"[9.03e+03,1e+04)",29
Betula,17352,1,"[1.03e+03,2.03e+03)",496
Betula,17352,2,"[1.1e+04,1.2e+04)",2609
Betula,17352,3,"[1.2e+04,1.3e+04)",1643
Betula,17352,4,"[1.3e+04,1.4e+04)",725
Betula,17352,5,"[1.4e+04,1.5e+04)",51
Betula,17352,6,"[1.5e+04,1.6e+04)",46
Betula,17352,7,"[1.6e+04,1.7e+04)",10
Betula,17352,11,"[1e+04,1.1e+04)",2274
Betula,17352,12,"[2.03e+03,3.03e+03)",571
Betula,17352,13,"[3.03e+03,4.03e+03)",827
Betula,17352,14,"[4.03e+03,5.03e+03)",171
Betula,17352,15,"[5.03e+03,6.03e+03)",232
Betula,17352,16,"[6.03e+03,7.03e+03)",455
Betula,17352,17,"[7.03e+03,8.03e+03)",594
Betula,17352,18,"[8.03e+03,9.03e+03)",881
Betula,17352,19,"[9.03e+03,1e+04)",1443
Cornus,17352,1,"[1.03e+03,2.03e+03)",0
Cornus,17352,2,"[1.1e+04,1.2e+04)",1
Cornus,17352,3,"[1.2e+04,1.3e+04)",0
Cornus,17352,4,"[1.3e+04,1.4e+04)",0
Cornus,17352,5,"[1.4e+04,1.5e+04)",0
Cornus,17352,6,"[1.5e+04,1.6e+04)",0
Cornus,17352,7,"[1.6e+04,1.7e+04)",0
Cornus,17352,11,"[1e+04,1.1e+04)",0
Cornus,17352,12,"[2.03e+03,3.03e+03)",0
Cornus,17352,13,"[3.03e+03,4.03e+03)",0
Cornus,17352,14,"[4.03e+03,5.03e+03)",1
Cornus,17352,15,"[5.03e+03,6.03e+03)",0
Cornus,17352,16,"[6.03e+03,7.03e+03)",0
Cornus,17352,17,"[7.03e+03,8.03e+03)",0
Cornus,17352,18,"[8.03e+03,9.03e+03)",2
Cornus,17352,19,"[9.03e+03,1e+04)",1
Dryas,17352,1,"[1.03e+03,2.03e+03)",0
Dryas,17352,2,"[1.1e+04,1.2e+04)",0
Dryas,17352,3,"[1.2e+04,1.3e+04)",0
Dryas,17352,4,"[1.3e+04,1.4e+04)",0
Dryas,17352,5,"[1.4e+04,1.5e+04)",0
Dryas,17352,6,"[1.5e+04,1.6e+04)",0
Dryas,17352,7,"[1.6e+04,1.7e+04)",1
Dryas,17352,11,"[1e+04,1.1e+04)",0
Dryas,17352,12,"[2.03e+03,3.03e+03)",0
Dryas,17352,13,"[3.03e+03,4.03e+03)",0
Dryas,17352,14,"[4.03e+03,5.03e+03)",0
Dryas,17352,15,"[5.03e+03,6.03e+03)",0
Dryas,17352,16,"[6.03e+03,7.03e+03)",0
Dryas,17352,17,"[7.03e+03,8.03e+03)",0
Dryas,17352,18,"[8.03e+03,9.03e+03)",0
Dryas,17352,19,"[9.03e+03,1e+04)",0
Ericales,17352,1,"[1.03e+03,2.03e+03)",12
Ericales,17352,2,"[1.1e+04,1.2e+04)",2
Ericales,17352,3,"[1.2e+04,1.3e+04)",2
Ericales,17352,4,"[1.3e+04,1.4e+04)",0
Ericales,17352,5,"[1.4e+04,1.5e+04)",3
Ericales,17352,6,"[1.5e+04,1.6e+04)",1
Ericales,17352,7,"[1.6e+04,1.7e+04)",0
Ericales,17352,11,"[1e+04,1.1e+04)",7
Ericales,17352,12,"[2.03e+03,3.03e+03)",9
Ericales,17352,13,"[3.03e+03,4.03e+03)",23
Ericales,17352,14,"[4.03e+03,5.03e+03)",5
Ericales,17352,15,"[5.03e+03,6.03e+03)",2
Ericales,17352,16,"[6.03e+03,7.03e+03)",8
Ericales,17352,17,"[7.03e+03,8.03e+03)",8
Ericales,17352,18,"[8.03e+03,9.03e+03)",9
Ericales,17352,19,"[9.03e+03,1e+04)",8
Juniperus,17352,1,"[1.03e+03,2.03e+03)",0
Juniperus,17352,2,"[1.1e+04,1.2e+04)",44
Juniperus,17352,3,"[1.2e+04,1.3e+04)",1
Juniperus,17352,4,"[1.3e+04,1.4e+04)",0
Juniperus,17352,5,"[1.4e+04,1.5e+04)",9
Juniperus,17352,6,"[1.5e+04,1.6e+04)",6
Juniperus,17352,7,"[1.6e+04,1.7e+04)",0
Juniperus,17352,11,"[1e+04,1.1e+04)",10
Juniperus,17352,12,"[2.03e+03,3.03e+03)",2
Juniperus,17352,13,"[3.03e+03,4.03e+03)",6
Juniperus,17352,14,"[4.03e+03,5.03e+03)",1
Juniperus,17352,15,"[5.03e+03,6.03e+03)",1
Juniperus,17352,16,"[6.03e+03,7.03e+03)",3
Juniperus,17352,17,"[7.03e+03,8.03e+03)",5
Juniperus,17352,18,"[8.03e+03,9.03e+03)",17
Juniperus,17352,19,"[9.03e+03,1e+04)",9
Larix,17352,1,"[1.03e+03,2.03e+03)",0
Larix,17352,2,"[1.1e+04,1.2e+04)",0
Larix,17352,3,"[1.2e+04,1.3e+04)",0
Larix,17352,4,"[1.3e+04,1.4e+04)",0
Larix,17352,5,"[1.4e+04,1.5e+04)",0
Larix,17352,6,"[1.5e+04,1.6e+04)",0
Larix,17352,7,"[1.6e+04,1.7e+04)",0
Larix,17352,11,"[1e+04,1.1e+04)",1
Larix,17352,12,"[2.03e+03,3.03e+03)",0
Larix,17352,13,"[3.03e+03,4.03e+03)",3
Larix,17352,14,"[4.03e+03,5.03e+03)",0
Larix,17352,15,"[5.03e+03,6.03e+03)",1
Larix,17352,16,"[6.03e+03,7.03e+03)",1
Larix,17352,17,"[7.03e+03,8.03e+03)",0
Larix,17352,18,"[8.03e+03,9.03e+03)",0
Larix,17352,19,"[9.03e+03,1e+04)",0
Linnaea borealis,17352,1,"[1.03e+03,2.03e+03)",0
Linnaea borealis,17352,2,"[1.1e+04,1.2e+04)",0
Linnaea borealis,17352,3,"[1.2e+04,1.3e+04)",0
Linnaea borealis,17352,4,"[1.3e+04,1.4e+04)",0
Linnaea borealis,17352,5,"[1.4e+04,1.5e+04)",0
Linnaea borealis,17352,6,"[1.5e+04,1.6e+04)",0
Linnaea borealis,17352,7,"[1.6e+04,1.7e+04)",0
Linnaea borealis,17352,11,"[1e+04,1.1e+04)",0
Linnaea borealis,17352,12,"[2.03e+03,3.03e+03)",0
Linnaea borealis,17352,13,"[3.03e+03,4.03e+03)",0
Linnaea borealis,17352,14,"[4.03e+03,5.03e+03)",0
Linnaea borealis,17352,15,"[5.03e+03,6.03e+03)",0
Linnaea borealis,17352,16,"[6.03e+03,7.03e+03)",0
Linnaea borealis,17352,17,"[7.03e+03,8.03e+03)",1
Linnaea borealis,17352,18,"[8.03e+03,9.03e+03)",1
Linnaea borealis,17352,19,"[9.03e+03,1e+04)",1
Myrica,17352,1,"[1.03e+03,2.03e+03)",0
Myrica,17352,2,"[1.1e+04,1.2e+04)",1
Myrica,17352,3,"[1.2e+04,1.3e+04)",0
Myrica,17352,4,"[1.3e+04,1.4e+04)",0
Myrica,17352,5,"[1.4e+04,1.5e+04)",0
Myrica,17352,6,"[1.5e+04,1.6e+04)",0
Myrica,17352,7,"[1.6e+04,1.7e+04)",0
Myrica,17352,11,"[1e+04,1.1e+04)",1
Myrica,17352,12,"[2.03e+03,3.03e+03)",0
Myrica,17352,13,"[3.03e+03,4.03e+03)",2
Myrica,17352,14,"[4.03e+03,5.03e+03)",0
Myrica,17352,15,"[5.03e+03,6.03e+03)",0
Myrica,17352,16,"[6.03e+03,7.03e+03)",0
Myrica,17352,17,"[7.03e+03,8.03e+03)",0
Myrica,17352,18,"[8.03e+03,9.03e+03)",0
Myrica,17352,19,"[9.03e+03,1e+04)",0
Picea glauca-type,17352,1,"[1.03e+03,2.03e+03)",33
Picea glauca-type,17352,2,"[1.1e+04,1.2e+04)",0
Picea glauca-type,17352,3,"[1.2e+04,1.3e+04)",0
Picea glauca-type,17352,4,"[1.3e+04,1.4e+04)",0
Picea glauca-type,17352,5,"[1.4e+04,1.5e+04)",0
Picea glauca-type,17352,6,"[1.5e+04,1.6e+04)",0
Picea glauca-type,17352,7,"[1.6e+04,1.7e+04)",0
Picea glauca-type,17352,11,"[1e+04,1.1e+04)",0
Picea glauca-type,17352,12,"[2.03e+03,3.03e+03)",77
Picea glauca-type,17352,13,"[3.03e+03,4.03e+03)",121
Picea glauca-type,17352,14,"[4.03e+03,5.03e+03)",21
Picea glauca-type,17352,15,"[5.03e+03,6.03e+03)",22
Picea glauca-type,17352,16,"[6.03e+03,7.03e+03)",47
Picea glauca-type,17352,17,"[7.03e+03,8.03e+03)",19
Picea glauca-type,17352,18,"[8.03e+03,9.03e+03)",54
Picea glauca-type,17352,19,"[9.03e+03,1e+04)",31
Picea mariana-type,17352,1,"[1.03e+03,2.03e+03)",89
Picea mariana-type,17352,2,"[1.1e+04,1.2e+04)",0
Picea mariana-type,17352,3,"[1.2e+04,1.3e+04)",0
Picea mariana-type,17352,4,"[1.3e+04,1.4e+04)",0
Picea mariana-type,17352,5,"[1.4e+04,1.5e+04)",0
Picea mariana-type,17352,6,"[1.5e+04,1.6e+04)",0
Picea mariana-type,17352,7,"[1.6e+04,1.7e+04)",0
Picea mariana-type,17352,11,"[1e+04,1.1e+04)",0
Picea mariana-type,17352,12,"[2.03e+03,3.03e+03)",266
Picea mariana-type,17352,13,"[3.03e+03,4.03e+03)",254
Picea mariana-type,17352,14,"[4.03e+03,5.03e+03)",57
Picea mariana-type,17352,15,"[5.03e+03,6.03e+03)",47
Picea mariana-type,17352,16,"[6.03e+03,7.03e+03)",49
Picea mariana-type,17352,17,"[7.03e+03,8.03e+03)",41
Picea mariana-type,17352,18,"[8.03e+03,9.03e+03)",37
Picea mariana-type,17352,19,"[9.03e+03,1e+04)",32
Picea undiff.,17352,1,"[1.03e+03,2.03e+03)",114
Picea undiff.,17352,2,"[1.1e+04,1.2e+04)",0
Picea undiff.,17352,3,"[1.2e+04,1.3e+04)",0
Picea undiff.,17352,4,"[1.3e+04,1.4e+04)",0
Picea undiff.,17352,5,"[1.4e+04,1.5e+04)",2
Picea undiff.,17352,6,"[1.5e+04,1.6e+04)",13.5
Picea undiff.,17352,7,"[1.6e+04,1.7e+04)",0.5
Picea undiff.,17352,11,"[1e+04,1.1e+04)",0
Picea undiff.,17352,12,"[2.03e+03,3.03e+03)",343
Picea undiff.,17352,13,"[3.03e+03,4.03e+03)",696
Picea undiff.,17352,14,"[4.03e+03,5.03e+03)",155
Picea undiff.,17352,15,"[5.03e+03,6.03e+03)",127
Picea undiff.,17352,16,"[6.03e+03,7.03e+03)",228
Picea undiff.,17352,17,"[7.03e+03,8.03e+03)",172
Picea undiff.,17352,18,"[8.03e+03,9.03e+03)",140
Picea undiff.,17352,19,"[9.03e+03,1e+04)",60.5
Pinus,17352,1,"[1.03e+03,2.03e+03)",0
Pinus,17352,2,"[1.1e+04,1.2e+04)",0
Pinus,17352,3,"[1.2e+04,1.3e+04)",0
Pinus,17352,4,"[1.3e+04,1.4e+04)",0
Pinus,17352,5,"[1.4e+04,1.5e+04)",0
Pinus,17352,6,"[1.5e+04,1.6e+04)",0
Pinus,17352,7,"[1.6e+04,1.7e+04)",0
Pinus,17352,11,"[1e+04,1.1e+04)",0
Pinus,17352,12,"[2.03e+03,3.03e+03)",1
Pinus,17352,13,"[3.03e+03,4.03e+03)",2
Pinus,17352,14,"[4.03e+03,5.03e+03)",0
Pinus,17352,15,"[5.03e+03,6.03e+03)",0
Pinus,17352,16,"[6.03e+03,7.03e+03)",0
Pinus,17352,17,"[7.03e+03,8.03e+03)",0
Pinus,17352,18,"[8.03e+03,9.03e+03)",1
Pinus,17352,19,"[9.03e+03,1e+04)",0
Populus,17352,1,"[1.03e+03,2.03e+03)",1
Populus,17352,2,"[1.1e+04,1.2e+04)",3
Populus,17352,3,"[1.2e+04,1.3e+04)",2
Populus,17352,4,"[1.3e+04,1.4e+04)",2
Populus,17352,5,"[1.4e+04,1.5e+04)",1
Populus,17352,6,"[1.5e+04,1.6e+04)",1
Populus,17352,7,"[1.6e+04,1.7e+04)",0
Populus,17352,11,"[1e+04,1.1e+04)",49
Populus,17352,12,"[2.03e+03,3.03e+03)",1
Populus,17352,13,"[3.03e+03,4.03e+03)",5
Populus,17352,14,"[4.03e+03,5.03e+03)",2
Populus,17352,15,"[5.03e+03,6.03e+03)",4
Populus,17352,16,"[6.03e+03,7.03e+03)",5
Populus,17352,17,"[7.03e+03,8.03e+03)",4
Populus,17352,18,"[8.03e+03,9.03e+03)",8
Populus,17352,19,"[9.03e+03,1e+04)",83
Rubus arcticus,17352,1,"[1.03e+03,2.03e+03)",0
Rubus arcticus,17352,2,"[1.1e+04,1.2e+04)",0
Rubus arcticus,17352,3,"[1.2e+04,1.3e+04)",0
Rubus arcticus,17352,4,"[1.3e+04,1.4e+04)",1
Rubus arcticus,17352,5,"[1.4e+04,1.5e+04)",0
Rubus arcticus,17352,6,"[1.5e+04,1.6e+04)",0
Rubus arcticus,17352,7,"[1.6e+04,1.7e+04)",0
Rubus arcticus,17352,11,"[1e+04,1.1e+04)",0
Rubus arcticus,17352,12,"[2.03e+03,3.03e+03)",0
Rubus arcticus,17352,13,"[3.03e+03,4.03e+03)",1
Rubus arcticus,17352,14,"[4.03e+03,5.03e+03)",0
Rubus arcticus,17352,15,"[5.03e+03,6.03e+03)",0
Rubus arcticus,17352,16,"[6.03e+03,7.03e+03)",1
Rubus arcticus,17352,17,"[7.03e+03,8.03e+03)",0
Rubus arcticus,17352,18,"[8.03e+03,9.03e+03)",0
Rubus arcticus,17352,19,"[9.03e+03,1e+04)",0
Salix,17352,1,"[1.03e+03,2.03e+03)",21
Salix,17352,2,"[1.1e+04,1.2e+04)",135
Salix,17352,3,"[1.2e+04,1.3e+04)",70
Salix,17352,4,"[1.3e+04,1.4e+04)",27
Salix,17352,5,"[1.4e+04,1.5e+04)",126
Salix,17352,6,"[1.5e+04,1.6e+04)",196
Salix,17352,7,"[1.6e+04,1.7e+04)",13
Salix,17352,11,"[1e+04,1.1e+04)",187
Salix,17352,12,"[2.03e+03,3.03e+03)",28
Salix,17352,13,"[3.03e+03,4.03e+03)",32
Salix,17352,14,"[4.03e+03,5.03e+03)",10
Salix,17352,15,"[5.03e+03,6.03e+03)",4
Salix,17352,16,"[6.03e+03,7.03e+03)",13
Salix,17352,17,"[7.03e+03,8.03e+03)",18
Salix,17352,18,"[8.03e+03,9.03e+03)",44
Salix,17352,19,"[9.03e+03,1e+04)",109
Shepherdia,17352,1,"[1.03e+03,2.03e+03)",0
Shepherdia,17352,2,"[1.1e+04,1.2e+04)",0
Shepherdia,17352,3,"[1.2e+04,1.3e+04)",0
Shepherdia,17352,4,"[1.3e+04,1.4e+04)",0
Shepherdia,17352,5,"[1.4e+04,1.5e+04)",0
Shepherdia,17352,6,"[1.5e+04,1.6e+04)",1
Shepherdia,17352,7,"[1.6e+04,1.7e+04)",0
Shepherdia,17352,11,"[1e+04,1.1e+04)",4
Shepherdia,17352,12,"[2.03e+03,3.03e+03)",0
Shepherdia,17352,13,"[3.03e+03,4.03e+03)",1
Shepherdia,17352,14,"[4.03e+03,5.03e+03)",0
Shepherdia,17352,15,"[5.03e+03,6.03e+03)",0
Shepherdia,17352,16,"[6.03e+03,7.03e+03)",0
Shepherdia,17352,17,"[7.03e+03,8.03e+03)",1
Shepherdia,17352,18,"[8.03e+03,9.03e+03)",0
Shepherdia,17352,19,"[9.03e+03,1e+04)",1
Viburnum,17352,1,"[1.03e+03,2.03e+03)",0
Viburnum,17352,2,"[1.1e+04,1.2e+04)",0
Viburnum,17352,3,"[1.2e+04,1.3e+04)",0
Viburnum,17352,4,"[1.3e+04,1.4e+04)",0
Viburnum,17352,5,"[1.4e+04,1.5e+04)",0
Viburnum,17352,6,"[1.5e+04,1.6e+04)",0
Viburnum,17352,7,"[1.6e+04,1.7e+04)",0
Viburnum,17352,11,"[1e+04,1.1e+04)",0
Viburnum,17352,12,"[2.03e+03,3.03e+03)",1
Viburnum,17352,13,"[3.03e+03,4.03e+03)",2
Viburnum,17352,14,"[4.03e+03,5.03e+03)",0
Viburnum,17352,15,"[5.03e+03,6.03e+03)",0
Viburnum,17352,16,"[6.03e+03,7.03e+03)",0
Viburnum,17352,17,"[7.03e+03,8.03e+03)",1
Viburnum,17352,18,"[8.03e+03,9.03e+03)",2
Viburnum,17352,19,"[9.03e+03,1e+04)",2
Abies balsamea,1754,1,"[1.03e+03,2.03e+03)",24
Abies balsamea,1754,2,"[1.1e+04,1.2e+04)",8
Abies balsamea,1754,3,"[1.2e+04,1.3e+04)",3
Abies balsamea,1754,4,"[1.3e+04,1.4e+04)",3
Abies balsamea,1754,11,"[1e+04,1.1e+04)",103
Abies balsamea,1754,12,"[2.03e+03,3.03e+03)",22
Abies balsamea,1754,13,"[3.03e+03,4.03e+03)",36
Abies balsamea,1754,14,"[4.03e+03,5.03e+03)",24
Abies balsamea,1754,15,"[5.03e+03,6.03e+03)",31
Abies balsamea,1754,16,"[6.03e+03,7.03e+03)",33
Abies balsamea,1754,17,"[7.03e+03,8.03e+03)",25
Abies balsamea,1754,18,"[8.03e+03,9.03e+03)",65
Abies balsamea,1754,19,"[9.03e+03,1e+04)",32
Acer pensylvanicum,1754,1,"[1.03e+03,2.03e+03)",0
Acer pensylvanicum,1754,2,"[1.1e+04,1.2e+04)",0
Acer pensylvanicum,1754,3,"[1.2e+04,1.3e+04)",1
Acer pensylvanicum,1754,4,"[1.3e+04,1.4e+04)",0
Acer pensylvanicum,1754,11,"[1e+04,1.1e+04)",0
Acer pensylvanicum,1754,12,"[2.03e+03,3.03e+03)",0
Acer pensylvanicum,1754,13,"[3.03e+03,4.03e+03)",0
Acer pensylvanicum,1754,14,"[4.03e+03,5.03e+03)",0
Acer pensylvanicum,1754,15,"[5.03e+03,6.03e+03)",0
Acer pensylvanicum,1754,16,"[6.03e+03,7.03e+03)",0
Acer pensylvanicum,1754,17,"[7.03e+03,8.03e+03)",0
Acer pensylvanicum,1754,18,"[8.03e+03,9.03e+03)",0
Acer pensylvanicum,1754,19,"[9.03e+03,1e+04)",1
Acer rubrum,1754,1,"[1.03e+03,2.03e+03)",2
Acer rubrum,1754,2,"[1.1e+04,1.2e+04)",1
Acer rubrum,1754,3,"[1.2e+04,1.3e+04)",0
Acer rubrum,1754,4,"[1.3e+04,1.4e+04)",0
Acer rubrum,1754,11,"[1e+04,1.1e+04)",0
Acer rubrum,1754,12,"[2.03e+03,3.03e+03)",1
Acer rubrum,1754,13,"[3.03e+03,4.03e+03)",4
Acer rubrum,1754,14,"[4.03e+03,5.03e+03)",1
Acer rubrum,1754,15,"[5.03e+03,6.03e+03)",4
Acer rubrum,1754,16,"[6.03e+03,7.03e+03)",4
Acer rubrum,1754,17,"[7.03e+03,8.03e+03)",2
Acer rubrum,1754,18,"[8.03e+03,9.03e+03)",2
Acer rubrum,1754,19,"[9.03e+03,1e+04)",1
Acer saccharum,1754,1,"[1.03e+03,2.03e+03)",10
Acer saccharum,1754,2,"[1.1e+04,1.2e+04)",1
Acer saccharum,1754,3,"[1.2e+04,1.3e+04)",2
Acer saccharum,1754,4,"[1.3e+04,1.4e+04)",0
Acer saccharum,1754,11,"[1e+04,1.1e+04)",8
Acer saccharum,1754,12,"[2.03e+03,3.03e+03)",4
Acer saccharum,1754,13,"[3.03e+03,4.03e+03)",11
Acer saccharum,1754,14,"[4.03e+03,5.03e+03)",17
Acer saccharum,1754,15,"[5.03e+03,6.03e+03)",17
Acer saccharum,1754,16,"[6.03e+03,7.03e+03)",13
Acer saccharum,1754,17,"[7.03e+03,8.03e+03)",7
Acer saccharum,1754,18,"[8.03e+03,9.03e+03)",10
Acer saccharum,1754,19,"[9.03e+03,1e+04)",3
Acer spicatum,1754,1,"[1.03e+03,2.03e+03)",1
Acer spicatum,1754,2,"[1.1e+04,1.2e+04)",0
Acer spicatum,1754,3,"[1.2e+04,1.3e+04)",0
Acer spicatum,1754,4,"[1.3e+04,1.4e+04)",0
Acer spicatum,1754,11,"[1e+04,1.1e+04)",4
Acer spicatum,1754,12,"[2.03e+03,3.03e+03)",0
Acer spicatum,1754,13,"[3.03e+03,4.03e+03)",1
Acer spicatum,1754,14,"[4.03e+03,5.03e+03)",2
Acer spicatum,1754,15,"[5.03e+03,6.03e+03)",0
Acer spicatum,1754,16,"[6.03e+03,7.03e+03)",3
Acer spicatum,1754,17,"[7.03e+03,8.03e+03)",2
Acer spicatum,1754,18,"[8.03e+03,9.03e+03)",2
Acer spicatum,1754,19,"[9.03e+03,1e+04)",3
Alnus incana-type,1754,1,"[1.03e+03,2.03e+03)",30
Alnus incana-type,1754,2,"[1.1e+04,1.2e+04)",0
Alnus incana-type,1754,3,"[1.2e+04,1.3e+04)",2
Alnus incana-type,1754,4,"[1.3e+04,1.4e+04)",12
Alnus incana-type,1754,11,"[1e+04,1.1e+04)",42
Alnus incana-type,1754,12,"[2.03e+03,3.03e+03)",14
Alnus incana-type,1754,13,"[3.03e+03,4.03e+03)",28
Alnus incana-type,1754,14,"[4.03e+03,5.03e+03)",23
Alnus incana-type,1754,15,"[5.03e+03,6.03e+03)",37
Alnus incana-type,1754,16,"[6.03e+03,7.03e+03)",27
Alnus incana-type,1754,17,"[7.03e+03,8.03e+03)",14
Alnus incana-type,1754,18,"[8.03e+03,9.03e+03)",22
Alnus incana-type,1754,19,"[9.03e+03,1e+04)",11
Alnus viridis-type,1754,1,"[1.03e+03,2.03e+03)",3
Alnus viridis-type,1754,2,"[1.1e+04,1.2e+04)",19
Alnus viridis-type,1754,3,"[1.2e+04,1.3e+04)",16
Alnus viridis-type,1754,4,"[1.3e+04,1.4e+04)",9
Alnus viridis-type,1754,11,"[1e+04,1.1e+04)",1037
Alnus viridis-type,1754,12,"[2.03e+03,3.03e+03)",2
Alnus viridis-type,1754,13,"[3.03e+03,4.03e+03)",3
Alnus viridis-type,1754,14,"[4.03e+03,5.03e+03)",5
Alnus viridis-type,1754,15,"[5.03e+03,6.03e+03)",17
Alnus viridis-type,1754,16,"[6.03e+03,7.03e+03)",8
Alnus viridis-type,1754,17,"[7.03e+03,8.03e+03)",10
Alnus viridis-type,1754,18,"[8.03e+03,9.03e+03)",41
Alnus viridis-type,1754,19,"[9.03e+03,1e+04)",93
Artemisia,1754,1,"[1.03e+03,2.03e+03)",1
Artemisia,1754,2,"[1.1e+04,1.2e+04)",23
Artemisia,1754,3,"[1.2e+04,1.3e+04)",53
Artemisia,1754,4,"[1.3e+04,1.4e+04)",36
Artemisia,1754,11,"[1e+04,1.1e+04)",12
Artemisia,1754,12,"[2.03e+03,3.03e+03)",0
Artemisia,1754,13,"[3.03e+03,4.03e+03)",2
Artemisia,1754,14,"[4.03e+03,5.03e+03)",1
Artemisia,1754,15,"[5.03e+03,6.03e+03)",0
Artemisia,1754,16,"[6.03e+03,7.03e+03)",3
Artemisia,1754,17,"[7.03e+03,8.03e+03)",2
Artemisia,1754,18,"[8.03e+03,9.03e+03)",3
Artemisia,1754,19,"[9.03e+03,1e+04)",3
Betula,1754,1,"[1.03e+03,2.03e+03)",0
Betula,1754,2,"[1.1e+04,1.2e+04)",42
Betula,1754,3,"[1.2e+04,1.3e+04)",2
Betula,1754,4,"[1.3e+04,1.4e+04)",0
Betula,1754,11,"[1e+04,1.1e+04)",22
Betula,1754,12,"[2.03e+03,3.03e+03)",0
Betula,1754,13,"[3.03e+03,4.03e+03)",0
Betula,1754,14,"[4.03e+03,5.03e+03)",0
Betula,1754,15,"[5.03e+03,6.03e+03)",0
Betula,1754,16,"[6.03e+03,7.03e+03)",0
Betula,1754,17,"[7.03e+03,8.03e+03)",27
Betula,1754,18,"[8.03e+03,9.03e+03)",22
Betula,1754,19,"[9.03e+03,1e+04)",0
Betula undiff.,1754,1,"[1.03e+03,2.03e+03)",355
Betula undiff.,1754,2,"[1.1e+04,1.2e+04)",739
Betula undiff.,1754,3,"[1.2e+04,1.3e+04)",494
Betula undiff.,1754,4,"[1.3e+04,1.4e+04)",74
Betula undiff.,1754,11,"[1e+04,1.1e+04)",1909
Betula undiff.,1754,12,"[2.03e+03,3.03e+03)",254
Betula undiff.,1754,13,"[3.03e+03,4.03e+03)",704
Betula undiff.,1754,14,"[4.03e+03,5.03e+03)",762
Betula undiff.,1754,15,"[5.03e+03,6.03e+03)",793
Betula undiff.,1754,16,"[6.03e+03,7.03e+03)",649
Betula undiff.,1754,17,"[7.03e+03,8.03e+03)",504
Betula undiff.,1754,18,"[8.03e+03,9.03e+03)",594
Betula undiff.,1754,19,"[9.03e+03,1e+04)",579
Carya ovata,1754,1,"[1.03e+03,2.03e+03)",0
Carya ovata,1754,2,"[1.1e+04,1.2e+04)",0
Carya ovata,1754,3,"[1.2e+04,1.3e+04)",0
Carya ovata,1754,4,"[1.3e+04,1.4e+04)",0
Carya ovata,1754,11,"[1e+04,1.1e+04)",2
Carya ovata,1754,12,"[2.03e+03,3.03e+03)",0
Carya ovata,1754,13,"[3.03e+03,4.03e+03)",0
Carya ovata,1754,14,"[4.03e+03,5.03e+03)",0
Carya ovata,1754,15,"[5.03e+03,6.03e+03)",0
Carya ovata,1754,16,"[6.03e+03,7.03e+03)",0
Carya ovata,1754,17,"[7.03e+03,8.03e+03)",1
Carya ovata,1754,18,"[8.03e+03,9.03e+03)",1
Carya ovata,1754,19,"[9.03e+03,1e+04)",0
Castanea dentata,1754,1,"[1.03e+03,2.03e+03)",0
Castanea dentata,1754,2,"[1.1e+04,1.2e+04)",2
Castanea dentata,1754,3,"[1.2e+04,1.3e+04)",0
Castanea dentata,1754,4,"[1.3e+04,1.4e+04)",0
Castanea dentata,1754,11,"[1e+04,1.1e+04)",1
Castanea dentata,1754,12,"[2.03e+03,3.03e+03)",1
Castanea dentata,1754,13,"[3.03e+03,4.03e+03)",0
Castanea dentata,1754,14,"[4.03e+03,5.03e+03)",0
Castanea dentata,1754,15,"[5.03e+03,6.03e+03)",0
Castanea dentata,1754,16,"[6.03e+03,7.03e+03)",0
Castanea dentata,1754,17,"[7.03e+03,8.03e+03)",0
Castanea dentata,1754,18,"[8.03e+03,9.03e+03)",1
Castanea dentata,1754,19,"[9.03e+03,1e+04)",1
Corylus cornuta,1754,1,"[1.03e+03,2.03e+03)",4
Corylus cornuta,1754,2,"[1.1e+04,1.2e+04)",30
Corylus cornuta,1754,3,"[1.2e+04,1.3e+04)",4
Corylus cornuta,1754,4,"[1.3e+04,1.4e+04)",3
Corylus cornuta,1754,11,"[1e+04,1.1e+04)",43
Corylus cornuta,1754,12,"[2.03e+03,3.03e+03)",3
Corylus cornuta,1754,13,"[3.03e+03,4.03e+03)",8
Corylus cornuta,1754,14,"[4.03e+03,5.03e+03)",16
Corylus cornuta,1754,15,"[5.03e+03,6.03e+03)",9
Corylus cornuta,1754,16,"[6.03e+03,7.03e+03)",13
Corylus cornuta,1754,17,"[7.03e+03,8.03e+03)",8
Corylus cornuta,1754,18,"[8.03e+03,9.03e+03)",17
Corylus cornuta,1754,19,"[9.03e+03,1e+04)",16
Ericaceae,1754,1,"[1.03e+03,2.03e+03)",1
Ericaceae,1754,2,"[1.1e+04,1.2e+04)",2
Ericaceae,1754,3,"[1.2e+04,1.3e+04)",3
Ericaceae,1754,4,"[1.3e+04,1.4e+04)",0
Ericaceae,1754,11,"[1e+04,1.1e+04)",4
Ericaceae,1754,12,"[2.03e+03,3.03e+03)",0
Ericaceae,1754,13,"[3.03e+03,4.03e+03)",3
Ericaceae,1754,14,"[4.03e+03,5.03e+03)",3
Ericaceae,1754,15,"[5.03e+03,6.03e+03)",1
Ericaceae,1754,16,"[6.03e+03,7.03e+03)",0
Ericaceae,1754,17,"[7.03e+03,8.03e+03)",0
Ericaceae,1754,18,"[8.03e+03,9.03e+03)",0
Ericaceae,1754,19,"[9.03e+03,1e+04)",0
Fagus,1754,1,"[1.03e+03,2.03e+03)",6
Fagus,1754,2,"[1.1e+04,1.2e+04)",0
Fagus,1754,3,"[1.2e+04,1.3e+04)",0
Fagus,1754,4,"[1.3e+04,1.4e+04)",0
Fagus,1754,11,"[1e+04,1.1e+04)",1
Fagus,1754,12,"[2.03e+03,3.03e+03)",9
Fagus,1754,13,"[3.03e+03,4.03e+03)",23
Fagus,1754,14,"[4.03e+03,5.03e+03)",6
Fagus,1754,15,"[5.03e+03,6.03e+03)",6
Fagus,1754,16,"[6.03e+03,7.03e+03)",4
Fagus,1754,17,"[7.03e+03,8.03e+03)",1
Fagus,1754,18,"[8.03e+03,9.03e+03)",2
Fagus,1754,19,"[9.03e+03,1e+04)",3
Fraxinus nigra-type,1754,1,"[1.03e+03,2.03e+03)",4
Fraxinus nigra-type,1754,2,"[1.1e+04,1.2e+04)",2
Fraxinus nigra-type,1754,3,"[1.2e+04,1.3e+04)",1
Fraxinus nigra-type,1754,4,"[1.3e+04,1.4e+04)",1
Fraxinus nigra-type,1754,11,"[1e+04,1.1e+04)",19
Fraxinus nigra-type,1754,12,"[2.03e+03,3.03e+03)",4
Fraxinus nigra-type,1754,13,"[3.03e+03,4.03e+03)",12
Fraxinus nigra-type,1754,14,"[4.03e+03,5.03e+03)",20
Fraxinus nigra-type,1754,15,"[5.03e+03,6.03e+03)",8
Fraxinus nigra-type,1754,16,"[6.03e+03,7.03e+03)",19
Fraxinus nigra-type,1754,17,"[7.03e+03,8.03e+03)",14
Fraxinus nigra-type,1754,18,"[8.03e+03,9.03e+03)",17
Fraxinus nigra-type,1754,19,"[9.03e+03,1e+04)",10
Fraxinus pennsylvanica-type,1754,1,"[1.03e+03,2.03e+03)",0
Fraxinus pennsylvanica-type,1754,2,"[1.1e+04,1.2e+04)",2
Fraxinus pennsylvanica-type,1754,3,"[1.2e+04,1.3e+04)",1
Fraxinus pennsylvanica-type,1754,4,"[1.3e+04,1.4e+04)",0
Fraxinus pennsylvanica-type,1754,11,"[1e+04,1.1e+04)",3
Fraxinus pennsylvanica-type,1754,12,"[2.03e+03,3.03e+03)",1
Fraxinus pennsylvanica-type,1754,13,"[3.03e+03,4.03e+03)",1
Fraxinus pennsylvanica-type,1754,14,"[4.03e+03,5.03e+03)",4
Fraxinus pennsylvanica-type,1754,15,"[5.03e+03,6.03e+03)",4
Fraxinus pennsylvanica-type,1754,16,"[6.03e+03,7.03e+03)",3
Fraxinus pennsylvanica-type,1754,17,"[7.03e+03,8.03e+03)",0
Fraxinus pennsylvanica-type,1754,18,"[8.03e+03,9.03e+03)",1
Fraxinus pennsylvanica-type,1754,19,"[9.03e+03,1e+04)",0
Ilex/Nemopanthus,1754,1,"[1.03e+03,2.03e+03)",0
Ilex/Nemopanthus,1754,2,"[1.1e+04,1.2e+04)",0
Ilex/Nemopanthus,1754,3,"[1.2e+04,1.3e+04)",0
Ilex/Nemopanthus,1754,4,"[1.3e+04,1.4e+04)",0
Ilex/Nemopanthus,1754,11,"[1e+04,1.1e+04)",0
Ilex/Nemopanthus,1754,12,"[2.03e+03,3.03e+03)",0
Ilex/Nemopanthus,1754,13,"[3.03e+03,4.03e+03)",2
Ilex/Nemopanthus,1754,14,"[4.03e+03,5.03e+03)",0
Ilex/Nemopanthus,1754,15,"[5.03e+03,6.03e+03)",1
Ilex/Nemopanthus,1754,16,"[6.03e+03,7.03e+03)",0
Ilex/Nemopanthus,1754,17,"[7.03e+03,8.03e+03)",0
Ilex/Nemopanthus,1754,18,"[8.03e+03,9.03e+03)",0
Ilex/Nemopanthus,1754,19,"[9.03e+03,1e+04)",0
Juglans cinerea,1754,1,"[1.03e+03,2.03e+03)",0
Juglans cinerea,1754,2,"[1.1e+04,1.2e+04)",1
Juglans cinerea,1754,3,"[1.2e+04,1.3e+04)",0
Juglans cinerea,1754,4,"[1.3e+04,1.4e+04)",0
Juglans cinerea,1754,11,"[1e+04,1.1e+04)",2
Juglans cinerea,1754,12,"[2.03e+03,3.03e+03)",0
Juglans cinerea,1754,13,"[3.03e+03,4.03e+03)",2
Juglans cinerea,1754,14,"[4.03e+03,5.03e+03)",2
Juglans cinerea,1754,15,"[5.03e+03,6.03e+03)",1
Juglans cinerea,1754,16,"[6.03e+03,7.03e+03)",1
Juglans cinerea,1754,17,"[7.03e+03,8.03e+03)",0
Juglans cinerea,1754,18,"[8.03e+03,9.03e+03)",0
Juglans cinerea,1754,19,"[9.03e+03,1e+04)",0
Juniperus communis/Thuja occidentalis-type,1754,1,"[1.03e+03,2.03e+03)",0
Juniperus communis/Thuja occidentalis-type,1754,2,"[1.1e+04,1.2e+04)",0
Juniperus communis/Thuja occidentalis-type,1754,3,"[1.2e+04,1.3e+04)",1
Juniperus communis/Thuja occidentalis-type,1754,4,"[1.3e+04,1.4e+04)",0
Juniperus communis/Thuja occidentalis-type,1754,11,"[1e+04,1.1e+04)",0
Juniperus communis/Thuja occidentalis-type,1754,12,"[2.03e+03,3.03e+03)",0
Juniperus communis/Thuja occidentalis-type,1754,13,"[3.03e+03,4.03e+03)",0
Juniperus communis/Thuja occidentalis-type,1754,14,"[4.03e+03,5.03e+03)",2
Juniperus communis/Thuja occidentalis-type,1754,15,"[5.03e+03,6.03e+03)",0
Juniperus communis/Thuja occidentalis-type,1754,16,"[6.03e+03,7.03e+03)",0
Juniperus communis/Thuja occidentalis-type,1754,17,"[7.03e+03,8.03e+03)",1
Juniperus communis/Thuja occidentalis-type,1754,18,"[8.03e+03,9.03e+03)",0
Juniperus communis/Thuja occidentalis-type,1754,19,"[9.03e+03,1e+04)",0
Juniperus-type,1754,1,"[1.03e+03,2.03e+03)",2
Juniperus-type,1754,2,"[1.1e+04,1.2e+04)",2
Juniperus-type,1754,3,"[1.2e+04,1.3e+04)",1
Juniperus-type,1754,4,"[1.3e+04,1.4e+04)",0
Juniperus-type,1754,11,"[1e+04,1.1e+04)",28
Juniperus-type,1754,12,"[2.03e+03,3.03e+03)",0
Juniperus-type,1754,13,"[3.03e+03,4.03e+03)",0
Juniperus-type,1754,14,"[4.03e+03,5.03e+03)",0
Juniperus-type,1754,15,"[5.03e+03,6.03e+03)",5
Juniperus-type,1754,16,"[6.03e+03,7.03e+03)",1
Juniperus-type,1754,17,"[7.03e+03,8.03e+03)",1
Juniperus-type,1754,18,"[8.03e+03,9.03e+03)",1
Juniperus-type,1754,19,"[9.03e+03,1e+04)",3
Larix,1754,1,"[1.03e+03,2.03e+03)",3
Larix,1754,2,"[1.1e+04,1.2e+04)",0
Larix,1754,3,"[1.2e+04,1.3e+04)",0
Larix,1754,4,"[1.3e+04,1.4e+04)",0
Larix,1754,11,"[1e+04,1.1e+04)",18
Larix,1754,12,"[2.03e+03,3.03e+03)",0
Larix,1754,13,"[3.03e+03,4.03e+03)",0
Larix,1754,14,"[4.03e+03,5.03e+03)",1
Larix,1754,15,"[5.03e+03,6.03e+03)",1
Larix,1754,16,"[6.03e+03,7.03e+03)",5
Larix,1754,17,"[7.03e+03,8.03e+03)",2
Larix,1754,18,"[8.03e+03,9.03e+03)",4
Larix,1754,19,"[9.03e+03,1e+04)",3
Myrica gale,1754,1,"[1.03e+03,2.03e+03)",2
Myrica gale,1754,2,"[1.1e+04,1.2e+04)",20
Myrica gale,1754,3,"[1.2e+04,1.3e+04)",2
Myrica gale,1754,4,"[1.3e+04,1.4e+04)",2
Myrica gale,1754,11,"[1e+04,1.1e+04)",70
Myrica gale,1754,12,"[2.03e+03,3.03e+03)",1
Myrica gale,1754,13,"[3.03e+03,4.03e+03)",3
Myrica gale,1754,14,"[4.03e+03,5.03e+03)",6
Myrica gale,1754,15,"[5.03e+03,6.03e+03)",2
Myrica gale,1754,16,"[6.03e+03,7.03e+03)",3
Myrica gale,1754,17,"[7.03e+03,8.03e+03)",0
Myrica gale,1754,18,"[8.03e+03,9.03e+03)",5
Myrica gale,1754,19,"[9.03e+03,1e+04)",15
Ostrya/Carpinus,1754,1,"[1.03e+03,2.03e+03)",0
Ostrya/Carpinus,1754,2,"[1.1e+04,1.2e+04)",1
Ostrya/Carpinus,1754,3,"[1.2e+04,1.3e+04)",6
Ostrya/Carpinus,1754,4,"[1.3e+04,1.4e+04)",0
Ostrya/Carpinus,1754,11,"[1e+04,1.1e+04)",12
Ostrya/Carpinus,1754,12,"[2.03e+03,3.03e+03)",0
Ostrya/Carpinus,1754,13,"[3.03e+03,4.03e+03)",1
Ostrya/Carpinus,1754,14,"[4.03e+03,5.03e+03)",6
Ostrya/Carpinus,1754,15,"[5.03e+03,6.03e+03)",3
Ostrya/Carpinus,1754,16,"[6.03e+03,7.03e+03)",2
Ostrya/Carpinus,1754,17,"[7.03e+03,8.03e+03)",4
Ostrya/Carpinus,1754,18,"[8.03e+03,9.03e+03)",1
Ostrya/Carpinus,1754,19,"[9.03e+03,1e+04)",4
Picea glauca-type,1754,1,"[1.03e+03,2.03e+03)",0
Picea glauca-type,1754,2,"[1.1e+04,1.2e+04)",3
Picea glauca-type,1754,3,"[1.2e+04,1.3e+04)",0
Picea glauca-type,1754,4,"[1.3e+04,1.4e+04)",0
Picea glauca-type,1754,11,"[1e+04,1.1e+04)",1
Picea glauca-type,1754,12,"[2.03e+03,3.03e+03)",1
Picea glauca-type,1754,13,"[3.03e+03,4.03e+03)",1
Picea glauca-type,1754,14,"[4.03e+03,5.03e+03)",9
Picea glauca-type,1754,15,"[5.03e+03,6.03e+03)",4
Picea glauca-type,1754,16,"[6.03e+03,7.03e+03)",1
Picea glauca-type,1754,17,"[7.03e+03,8.03e+03)",0
Picea glauca-type,1754,18,"[8.03e+03,9.03e+03)",6
Picea glauca-type,1754,19,"[9.03e+03,1e+04)",0
Picea mariana-type,1754,1,"[1.03e+03,2.03e+03)",9
Picea mariana-type,1754,2,"[1.1e+04,1.2e+04)",93
Picea mariana-type,1754,3,"[1.2e+04,1.3e+04)",31
Picea mariana-type,1754,4,"[1.3e+04,1.4e+04)",14
Picea mariana-type,1754,11,"[1e+04,1.1e+04)",391
Picea mariana-type,1754,12,"[2.03e+03,3.03e+03)",18
Picea mariana-type,1754,13,"[3.03e+03,4.03e+03)",33
Picea mariana-type,1754,14,"[4.03e+03,5.03e+03)",25
Picea mariana-type,1754,15,"[5.03e+03,6.03e+03)",21
Picea mariana-type,1754,16,"[6.03e+03,7.03e+03)",24
Picea mariana-type,1754,17,"[7.03e+03,8.03e+03)",26
Picea mariana-type,1754,18,"[8.03e+03,9.03e+03)",36
Picea mariana-type,1754,19,"[9.03e+03,1e+04)",17
Picea undiff.,1754,1,"[1.03e+03,2.03e+03)",13
Picea undiff.,1754,2,"[1.1e+04,1.2e+04)",36
Picea undiff.,1754,3,"[1.2e+04,1.3e+04)",1
Picea undiff.,1754,4,"[1.3e+04,1.4e+04)",5
Picea undiff.,1754,11,"[1e+04,1.1e+04)",173
Picea undiff.,1754,12,"[2.03e+03,3.03e+03)",9
Picea undiff.,1754,13,"[3.03e+03,4.03e+03)",27
Picea undiff.,1754,14,"[4.03e+03,5.03e+03)",20
Picea undiff.,1754,15,"[5.03e+03,6.03e+03)",20
Picea undiff.,1754,16,"[6.03e+03,7.03e+03)",17
Picea undiff.,1754,17,"[7.03e+03,8.03e+03)",13
Picea undiff.,1754,18,"[8.03e+03,9.03e+03)",30
Picea undiff.,1754,19,"[9.03e+03,1e+04)",32
Pinaceae,1754,1,"[1.03e+03,2.03e+03)",20
Pinaceae,1754,2,"[1.1e+04,1.2e+04)",17
Pinaceae,1754,3,"[1.2e+04,1.3e+04)",2
Pinaceae,1754,4,"[1.3e+04,1.4e+04)",5
Pinaceae,1754,11,"[1e+04,1.1e+04)",71
Pinaceae,1754,12,"[2.03e+03,3.03e+03)",11
Pinaceae,1754,13,"[3.03e+03,4.03e+03)",25
Pinaceae,1754,14,"[4.03e+03,5.03e+03)",16
Pinaceae,1754,15,"[5.03e+03,6.03e+03)",23
Pinaceae,1754,16,"[6.03e+03,7.03e+03)",24
Pinaceae,1754,17,"[7.03e+03,8.03e+03)",10
Pinaceae,1754,18,"[8.03e+03,9.03e+03)",21
Pinaceae,1754,19,"[9.03e+03,1e+04)",20
Pinus banksiana-type,1754,1,"[1.03e+03,2.03e+03)",0
Pinus banksiana-type,1754,2,"[1.1e+04,1.2e+04)",38
Pinus banksiana-type,1754,3,"[1.2e+04,1.3e+04)",10
Pinus banksiana-type,1754,4,"[1.3e+04,1.4e+04)",1
Pinus banksiana-type,1754,11,"[1e+04,1.1e+04)",45
Pinus banksiana-type,1754,12,"[2.03e+03,3.03e+03)",0
Pinus banksiana-type,1754,13,"[3.03e+03,4.03e+03)",6
Pinus banksiana-type,1754,14,"[4.03e+03,5.03e+03)",3
Pinus banksiana-type,1754,15,"[5.03e+03,6.03e+03)",6
Pinus banksiana-type,1754,16,"[6.03e+03,7.03e+03)",3
Pinus banksiana-type,1754,17,"[7.03e+03,8.03e+03)",4
Pinus banksiana-type,1754,18,"[8.03e+03,9.03e+03)",12
Pinus banksiana-type,1754,19,"[9.03e+03,1e+04)",2
Pinus strobus,1754,1,"[1.03e+03,2.03e+03)",3
Pinus strobus,1754,2,"[1.1e+04,1.2e+04)",66
Pinus strobus,1754,3,"[1.2e+04,1.3e+04)",17
Pinus strobus,1754,4,"[1.3e+04,1.4e+04)",16
Pinus strobus,1754,11,"[1e+04,1.1e+04)",44
Pinus strobus,1754,12,"[2.03e+03,3.03e+03)",7
Pinus strobus,1754,13,"[3.03e+03,4.03e+03)",53
Pinus strobus,1754,14,"[4.03e+03,5.03e+03)",55
Pinus strobus,1754,15,"[5.03e+03,6.03e+03)",90
Pinus strobus,1754,16,"[6.03e+03,7.03e+03)",72
Pinus strobus,1754,17,"[7.03e+03,8.03e+03)",89
Pinus strobus,1754,18,"[8.03e+03,9.03e+03)",116
Pinus strobus,1754,19,"[9.03e+03,1e+04)",38
Pinus undiff.,1754,1,"[1.03e+03,2.03e+03)",53
Pinus undiff.,1754,2,"[1.1e+04,1.2e+04)",86
Pinus undiff.,1754,3,"[1.2e+04,1.3e+04)",62
Pinus undiff.,1754,4,"[1.3e+04,1.4e+04)",41
Pinus undiff.,1754,11,"[1e+04,1.1e+04)",278
Pinus undiff.,1754,12,"[2.03e+03,3.03e+03)",40
Pinus undiff.,1754,13,"[3.03e+03,4.03e+03)",96
Pinus undiff.,1754,14,"[4.03e+03,5.03e+03)",92
Pinus undiff.,1754,15,"[5.03e+03,6.03e+03)",144
Pinus undiff.,1754,16,"[6.03e+03,7.03e+03)",139
Pinus undiff.,1754,17,"[7.03e+03,8.03e+03)",135
Pinus undiff.,1754,18,"[8.03e+03,9.03e+03)",143
Pinus undiff.,1754,19,"[9.03e+03,1e+04)",94
Populus balsamifera-type,1754,1,"[1.03e+03,2.03e+03)",0
Populus balsamifera-type,1754,2,"[1.1e+04,1.2e+04)",0
Populus balsamifera-type,1754,3,"[1.2e+04,1.3e+04)",0
Populus balsamifera-type,1754,4,"[1.3e+04,1.4e+04)",0
Populus balsamifera-type,1754,11,"[1e+04,1.1e+04)",6
Populus balsamifera-type,1754,12,"[2.03e+03,3.03e+03)",0
Populus balsamifera-type,1754,13,"[3.03e+03,4.03e+03)",0
Populus balsamifera-type,1754,14,"[4.03e+03,5.03e+03)",0
Populus balsamifera-type,1754,15,"[5.03e+03,6.03e+03)",0
Populus balsamifera-type,1754,16,"[6.03e+03,7.03e+03)",0
Populus balsamifera-type,1754,17,"[7.03e+03,8.03e+03)",0
Populus balsamifera-type,1754,18,"[8.03e+03,9.03e+03)",0
Populus balsamifera-type,1754,19,"[9.03e+03,1e+04)",0
Populus tremuloides-type,1754,1,"[1.03e+03,2.03e+03)",4
Populus tremuloides-type,1754,2,"[1.1e+04,1.2e+04)",394
Populus tremuloides-type,1754,3,"[1.2e+04,1.3e+04)",17
Populus tremuloides-type,1754,4,"[1.3e+04,1.4e+04)",1
Populus tremuloides-type,1754,11,"[1e+04,1.1e+04)",236
Populus tremuloides-type,1754,12,"[2.03e+03,3.03e+03)",0
Populus tremuloides-type,1754,13,"[3.03e+03,4.03e+03)",2
Populus tremuloides-type,1754,14,"[4.03e+03,5.03e+03)",1
Populus tremuloides-type,1754,15,"[5.03e+03,6.03e+03)",7
Populus tremuloides-type,1754,16,"[6.03e+03,7.03e+03)",10
Populus tremuloides-type,1754,17,"[7.03e+03,8.03e+03)",9
Populus tremuloides-type,1754,18,"[8.03e+03,9.03e+03)",22
Populus tremuloides-type,1754,19,"[9.03e+03,1e+04)",23
Prunus,1754,1,"[1.03e+03,2.03e+03)",0
Prunus,1754,2,"[1.1e+04,1.2e+04)",0
Prunus,1754,3,"[1.2e+04,1.3e+04)",0
Prunus,1754,4,"[1.3e+04,1.4e+04)",0
Prunus,1754,11,"[1e+04,1.1e+04)",0
Prunus,1754,12,"[2.03e+03,3.03e+03)",2
Prunus,1754,13,"[3.03e+03,4.03e+03)",0
Prunus,1754,14,"[4.03e+03,5.03e+03)",0
Prunus,1754,15,"[5.03e+03,6.03e+03)",0
Prunus,1754,16,"[6.03e+03,7.03e+03)",0
Prunus,1754,17,"[7.03e+03,8.03e+03)",0
Prunus,1754,18,"[8.03e+03,9.03e+03)",0
Prunus,1754,19,"[9.03e+03,1e+04)",0
Quercus,1754,1,"[1.03e+03,2.03e+03)",1
Quercus,1754,2,"[1.1e+04,1.2e+04)",50
Quercus,1754,3,"[1.2e+04,1.3e+04)",15
Quercus,1754,4,"[1.3e+04,1.4e+04)",4
Quercus,1754,11,"[1e+04,1.1e+04)",91
Quercus,1754,12,"[2.03e+03,3.03e+03)",5
Quercus,1754,13,"[3.03e+03,4.03e+03)",13
Quercus,1754,14,"[4.03e+03,5.03e+03)",22
Quercus,1754,15,"[5.03e+03,6.03e+03)",22
Quercus,1754,16,"[6.03e+03,7.03e+03)",14
Quercus,1754,17,"[7.03e+03,8.03e+03)",16
Quercus,1754,18,"[8.03e+03,9.03e+03)",37
Quercus,1754,19,"[9.03e+03,1e+04)",24
Rhamnus alnifolia/Frangula alnus,1754,1,"[1.03e+03,2.03e+03)",0
Rhamnus alnifolia/Frangula alnus,1754,2,"[1.1e+04,1.2e+04)",0
Rhamnus alnifolia/Frangula alnus,1754,3,"[1.2e+04,1.3e+04)",0
Rhamnus alnifolia/Frangula alnus,1754,4,"[1.3e+04,1.4e+04)",0
Rhamnus alnifolia/Frangula alnus,1754,11,"[1e+04,1.1e+04)",1
Rhamnus alnifolia/Frangula alnus,1754,12,"[2.03e+03,3.03e+03)",0
Rhamnus alnifolia/Frangula alnus,1754,13,"[3.03e+03,4.03e+03)",0
Rhamnus alnifolia/Frangula alnus,1754,14,"[4.03e+03,5.03e+03)",0
Rhamnus alnifolia/Frangula alnus,1754,15,"[5.03e+03,6.03e+03)",1
Rhamnus alnifolia/Frangula alnus,1754,16,"[6.03e+03,7.03e+03)",0
Rhamnus alnifolia/Frangula alnus,1754,17,"[7.03e+03,8.03e+03)",0
Rhamnus alnifolia/Frangula alnus,1754,18,"[8.03e+03,9.03e+03)",0
Rhamnus alnifolia/Frangula alnus,1754,19,"[9.03e+03,1e+04)",0
Salix,1754,1,"[1.03e+03,2.03e+03)",0
Salix,1754,2,"[1.1e+04,1.2e+04)",58
Salix,1754,3,"[1.2e+04,1.3e+04)",151
Salix,1754,4,"[1.3e+04,1.4e+04)",84
Salix,1754,11,"[1e+04,1.1e+04)",22
Salix,1754,12,"[2.03e+03,3.03e+03)",0
Salix,1754,13,"[3.03e+03,4.03e+03)",1
Salix,1754,14,"[4.03e+03,5.03e+03)",0
Salix,1754,15,"[5.03e+03,6.03e+03)",1
Salix,1754,16,"[6.03e+03,7.03e+03)",1
Salix,1754,17,"[7.03e+03,8.03e+03)",1
Salix,1754,18,"[8.03e+03,9.03e+03)",3
Salix,1754,19,"[9.03e+03,1e+04)",7
Shepherdia canadensis,1754,1,"[1.03e+03,2.03e+03)",0
Shepherdia canadensis,1754,2,"[1.1e+04,1.2e+04)",5
Shepherdia canadensis,1754,3,"[1.2e+04,1.3e+04)",1
Shepherdia canadensis,1754,4,"[1.3e+04,1.4e+04)",1
Shepherdia canadensis,1754,11,"[1e+04,1.1e+04)",5
Shepherdia canadensis,1754,12,"[2.03e+03,3.03e+03)",0
Shepherdia canadensis,1754,13,"[3.03e+03,4.03e+03)",0
Shepherdia canadensis,1754,14,"[4.03e+03,5.03e+03)",1
Shepherdia canadensis,1754,15,"[5.03e+03,6.03e+03)",0
Shepherdia canadensis,1754,16,"[6.03e+03,7.03e+03)",0
Shepherdia canadensis,1754,17,"[7.03e+03,8.03e+03)",0
Shepherdia canadensis,1754,18,"[8.03e+03,9.03e+03)",0
Shepherdia canadensis,1754,19,"[9.03e+03,1e+04)",1
Taxus,1754,1,"[1.03e+03,2.03e+03)",1
Taxus,1754,2,"[1.1e+04,1.2e+04)",0
Taxus,1754,3,"[1.2e+04,1.3e+04)",0
Taxus,1754,4,"[1.3e+04,1.4e+04)",0
Taxus,1754,11,"[1e+04,1.1e+04)",6
Taxus,1754,12,"[2.03e+03,3.03e+03)",2
Taxus,1754,13,"[3.03e+03,4.03e+03)",0
Taxus,1754,14,"[4.03e+03,5.03e+03)",3
Taxus,1754,15,"[5.03e+03,6.03e+03)",1
Taxus,1754,16,"[6.03e+03,7.03e+03)",1
Taxus,1754,17,"[7.03e+03,8.03e+03)",0
Taxus,1754,18,"[8.03e+03,9.03e+03)",0
Taxus,1754,19,"[9.03e+03,1e+04)",1
Tilia,1754,1,"[1.03e+03,2.03e+03)",0
Tilia,1754,2,"[1.1e+04,1.2e+04)",0
Tilia,1754,3,"[1.2e+04,1.3e+04)",0
Tilia,1754,4,"[1.3e+04,1.4e+04)",0
Tilia,1754,11,"[1e+04,1.1e+04)",0
Tilia,1754,12,"[2.03e+03,3.03e+03)",0
Tilia,1754,13,"[3.03e+03,4.03e+03)",1
Tilia,1754,14,"[4.03e+03,5.03e+03)",0
Tilia,1754,15,"[5.03e+03,6.03e+03)",0
Tilia,1754,16,"[6.03e+03,7.03e+03)",0
Tilia,1754,17,"[7.03e+03,8.03e+03)",0
Tilia,1754,18,"[8.03e+03,9.03e+03)",0
Tilia,1754,19,"[9.03e+03,1e+04)",1
Tsuga canadensis,1754,1,"[1.03e+03,2.03e+03)",9
Tsuga canadensis,1754,2,"[1.1e+04,1.2e+04)",5
Tsuga canadensis,1754,3,"[1.2e+04,1.3e+04)",2
Tsuga canadensis,1754,4,"[1.3e+04,1.4e+04)",2
Tsuga canadensis,1754,11,"[1e+04,1.1e+04)",2
Tsuga canadensis,1754,12,"[2.03e+03,3.03e+03)",2
Tsuga canadensis,1754,13,"[3.03e+03,4.03e+03)",9
Tsuga canadensis,1754,14,"[4.03e+03,5.03e+03)",3
Tsuga canadensis,1754,15,"[5.03e+03,6.03e+03)",8
Tsuga canadensis,1754,16,"[6.03e+03,7.03e+03)",29
Tsuga canadensis,1754,17,"[7.03e+03,8.03e+03)",12
Tsuga canadensis,1754,18,"[8.03e+03,9.03e+03)",10
Tsuga canadensis,1754,19,"[9.03e+03,1e+04)",5
Ulmus,1754,1,"[1.03e+03,2.03e+03)",3
Ulmus,1754,2,"[1.1e+04,1.2e+04)",0
Ulmus,1754,3,"[1.2e+04,1.3e+04)",0
Ulmus,1754,4,"[1.3e+04,1.4e+04)",0
Ulmus,1754,11,"[1e+04,1.1e+04)",15
Ulmus,1754,12,"[2.03e+03,3.03e+03)",2
Ulmus,1754,13,"[3.03e+03,4.03e+03)",1
Ulmus,1754,14,"[4.03e+03,5.03e+03)",4
Ulmus,1754,15,"[5.03e+03,6.03e+03)",12
Ulmus,1754,16,"[6.03e+03,7.03e+03)",3
Ulmus,1754,17,"[7.03e+03,8.03e+03)",8
Ulmus,1754,18,"[8.03e+03,9.03e+03)",13
Ulmus,1754,19,"[9.03e+03,1e+04)",8
Viburnum,1754,1,"[1.03e+03,2.03e+03)",0
Viburnum,1754,2,"[1.1e+04,1.2e+04)",2
Viburnum,1754,3,"[1.2e+04,1.3e+04)",0
Viburnum,1754,4,"[1.3e+04,1.4e+04)",0
Viburnum,1754,11,"[1e+04,1.1e+04)",4
Viburnum,1754,12,"[2.03e+03,3.03e+03)",0
Viburnum,1754,13,"[3.03e+03,4.03e+03)",0
Viburnum,1754,14,"[4.03e+03,5.03e+03)",0
Viburnum,1754,15,"[5.03e+03,6.03e+03)",0
Viburnum,1754,16,"[6.03e+03,7.03e+03)",0
Viburnum,1754,17,"[7.03e+03,8.03e+03)",0
Viburnum,1754,18,"[8.03e+03,9.03e+03)",0
Viburnum,1754,19,"[9.03e+03,1e+04)",1
Abies,17672,1,"[1.03e+03,2.03e+03)",6
Abies,17672,2,"[1.1e+04,1.2e+04)",25
Abies,17672,3,"[1.2e+04,1.3e+04)",9
Abies,17672,4,"[1.3e+04,1.4e+04)",0
Abies,17672,11,"[1e+04,1.1e+04)",5
Abies,17672,12,"[2.03e+03,3.03e+03)",1
Abies,17672,13,"[3.03e+03,4.03e+03)",2
Abies,17672,14,"[4.03e+03,5.03e+03)",2
Abies,17672,15,"[5.03e+03,6.03e+03)",0
Abies,17672,16,"[6.03e+03,7.03e+03)",0
Abies,17672,17,"[7.03e+03,8.03e+03)",0
Abies,17672,18,"[8.03e+03,9.03e+03)",4
Abies,17672,19,"[9.03e+03,1e+04)",1
Acer,17672,1,"[1.03e+03,2.03e+03)",124
Acer,17672,2,"[1.1e+04,1.2e+04)",5
Acer,17672,3,"[1.2e+04,1.3e+04)",0
Acer,17672,4,"[1.3e+04,1.4e+04)",0
Acer,17672,11,"[1e+04,1.1e+04)",12
Acer,17672,12,"[2.03e+03,3.03e+03)",207
Acer,17672,13,"[3.03e+03,4.03e+03)",164
Acer,17672,14,"[4.03e+03,5.03e+03)",93
Acer,17672,15,"[5.03e+03,6.03e+03)",95
Acer,17672,16,"[6.03e+03,7.03e+03)",89
Acer,17672,17,"[7.03e+03,8.03e+03)",96
Acer,17672,18,"[8.03e+03,9.03e+03)",47
Acer,17672,19,"[9.03e+03,1e+04)",11
Alnus,17672,1,"[1.03e+03,2.03e+03)",19
Alnus,17672,2,"[1.1e+04,1.2e+04)",1
Alnus,17672,3,"[1.2e+04,1.3e+04)",1
Alnus,17672,4,"[1.3e+04,1.4e+04)",0
Alnus,17672,11,"[1e+04,1.1e+04)",1
Alnus,17672,12,"[2.03e+03,3.03e+03)",23
Alnus,17672,13,"[3.03e+03,4.03e+03)",10
Alnus,17672,14,"[4.03e+03,5.03e+03)",6
Alnus,17672,15,"[5.03e+03,6.03e+03)",6
Alnus,17672,16,"[6.03e+03,7.03e+03)",5
Alnus,17672,17,"[7.03e+03,8.03e+03)",5
Alnus,17672,18,"[8.03e+03,9.03e+03)",3
Alnus,17672,19,"[9.03e+03,1e+04)",0
Artemisia,17672,1,"[1.03e+03,2.03e+03)",2
Artemisia,17672,2,"[1.1e+04,1.2e+04)",4
Artemisia,17672,3,"[1.2e+04,1.3e+04)",9
Artemisia,17672,4,"[1.3e+04,1.4e+04)",4
Artemisia,17672,11,"[1e+04,1.1e+04)",2
Artemisia,17672,12,"[2.03e+03,3.03e+03)",3
Artemisia,17672,13,"[3.03e+03,4.03e+03)",2
Artemisia,17672,14,"[4.03e+03,5.03e+03)",3
Artemisia,17672,15,"[5.03e+03,6.03e+03)",1
Artemisia,17672,16,"[6.03e+03,7.03e+03)",1
Artemisia,17672,17,"[7.03e+03,8.03e+03)",1
Artemisia,17672,18,"[8.03e+03,9.03e+03)",2
Artemisia,17672,19,"[9.03e+03,1e+04)",0
Betula,17672,1,"[1.03e+03,2.03e+03)",233
Betula,17672,2,"[1.1e+04,1.2e+04)",81
Betula,17672,3,"[1.2e+04,1.3e+04)",45
Betula,17672,4,"[1.3e+04,1.4e+04)",8
Betula,17672,11,"[1e+04,1.1e+04)",22
Betula,17672,12,"[2.03e+03,3.03e+03)",177
Betula,17672,13,"[3.03e+03,4.03e+03)",152
Betula,17672,14,"[4.03e+03,5.03e+03)",68
Betula,17672,15,"[5.03e+03,6.03e+03)",63
Betula,17672,16,"[6.03e+03,7.03e+03)",54
Betula,17672,17,"[7.03e+03,8.03e+03)",25
Betula,17672,18,"[8.03e+03,9.03e+03)",13
Betula,17672,19,"[9.03e+03,1e+04)",20
Carya,17672,1,"[1.03e+03,2.03e+03)",31
Carya,17672,2,"[1.1e+04,1.2e+04)",4
Carya,17672,3,"[1.2e+04,1.3e+04)",5
Carya,17672,4,"[1.3e+04,1.4e+04)",1
Carya,17672,11,"[1e+04,1.1e+04)",4
Carya,17672,12,"[2.03e+03,3.03e+03)",16
Carya,17672,13,"[3.03e+03,4.03e+03)",24
Carya,17672,14,"[4.03e+03,5.03e+03)",9
Carya,17672,15,"[5.03e+03,6.03e+03)",14
Carya,17672,16,"[6.03e+03,7.03e+03)",13
Carya,17672,17,"[7.03e+03,8.03e+03)",8
Carya,17672,18,"[8.03e+03,9.03e+03)",6
Carya,17672,19,"[9.03e+03,1e+04)",2
Castanea,17672,1,"[1.03e+03,2.03e+03)",1
Castanea,17672,2,"[1.1e+04,1.2e+04)",0
Castanea,17672,3,"[1.2e+04,1.3e+04)",0
Castanea,17672,4,"[1.3e+04,1.4e+04)",0
Castanea,17672,11,"[1e+04,1.1e+04)",0
Castanea,17672,12,"[2.03e+03,3.03e+03)",0
Castanea,17672,13,"[3.03e+03,4.03e+03)",0
Castanea,17672,14,"[4.03e+03,5.03e+03)",0
Castanea,17672,15,"[5.03e+03,6.03e+03)",0
Castanea,17672,16,"[6.03e+03,7.03e+03)",0
Castanea,17672,17,"[7.03e+03,8.03e+03)",0
Castanea,17672,18,"[8.03e+03,9.03e+03)",1
Castanea,17672,19,"[9.03e+03,1e+04)",0
Corylus,17672,1,"[1.03e+03,2.03e+03)",0
Corylus,17672,2,"[1.1e+04,1.2e+04)",2
Corylus,17672,3,"[1.2e+04,1.3e+04)",0
Corylus,17672,4,"[1.3e+04,1.4e+04)",0
Corylus,17672,11,"[1e+04,1.1e+04)",0
Corylus,17672,12,"[2.03e+03,3.03e+03)",0
Corylus,17672,13,"[3.03e+03,4.03e+03)",1
Corylus,17672,14,"[4.03e+03,5.03e+03)",1
Corylus,17672,15,"[5.03e+03,6.03e+03)",0
Corylus,17672,16,"[6.03e+03,7.03e+03)",0
Corylus,17672,17,"[7.03e+03,8.03e+03)",0
Corylus,17672,18,"[8.03e+03,9.03e+03)",1
Corylus,17672,19,"[9.03e+03,1e+04)",0
Ephedra nevadensis-type,17672,1,"[1.03e+03,2.03e+03)",0
Ephedra nevadensis-type,17672,2,"[1.1e+04,1.2e+04)",0
Ephedra nevadensis-type,17672,3,"[1.2e+04,1.3e+04)",0
Ephedra nevadensis-type,17672,4,"[1.3e+04,1.4e+04)",0
Ephedra nevadensis-type,17672,11,"[1e+04,1.1e+04)",0
Ephedra nevadensis-type,17672,12,"[2.03e+03,3.03e+03)",0
Ephedra nevadensis-type,17672,13,"[3.03e+03,4.03e+03)",0
Ephedra nevadensis-type,17672,14,"[4.03e+03,5.03e+03)",1
Ephedra nevadensis-type,17672,15,"[5.03e+03,6.03e+03)",0
Ephedra nevadensis-type,17672,16,"[6.03e+03,7.03e+03)",0
Ephedra nevadensis-type,17672,17,"[7.03e+03,8.03e+03)",0
Ephedra nevadensis-type,17672,18,"[8.03e+03,9.03e+03)",0
Ephedra nevadensis-type,17672,19,"[9.03e+03,1e+04)",0
Ericaceae,17672,1,"[1.03e+03,2.03e+03)",0
Ericaceae,17672,2,"[1.1e+04,1.2e+04)",0
Ericaceae,17672,3,"[1.2e+04,1.3e+04)",0
Ericaceae,17672,4,"[1.3e+04,1.4e+04)",0
Ericaceae,17672,11,"[1e+04,1.1e+04)",1
Ericaceae,17672,12,"[2.03e+03,3.03e+03)",0
Ericaceae,17672,13,"[3.03e+03,4.03e+03)",0
Ericaceae,17672,14,"[4.03e+03,5.03e+03)",0
Ericaceae,17672,15,"[5.03e+03,6.03e+03)",0
Ericaceae,17672,16,"[6.03e+03,7.03e+03)",0
Ericaceae,17672,17,"[7.03e+03,8.03e+03)",0
Ericaceae,17672,18,"[8.03e+03,9.03e+03)",0
Ericaceae,17672,19,"[9.03e+03,1e+04)",0
Fagus,17672,1,"[1.03e+03,2.03e+03)",149
Fagus,17672,2,"[1.1e+04,1.2e+04)",0
Fagus,17672,3,"[1.2e+04,1.3e+04)",0
Fagus,17672,4,"[1.3e+04,1.4e+04)",0
Fagus,17672,11,"[1e+04,1.1e+04)",0
Fagus,17672,12,"[2.03e+03,3.03e+03)",487
Fagus,17672,13,"[3.03e+03,4.03e+03)",391
Fagus,17672,14,"[4.03e+03,5.03e+03)",168
Fagus,17672,15,"[5.03e+03,6.03e+03)",131
Fagus,17672,16,"[6.03e+03,7.03e+03)",174
Fagus,17672,17,"[7.03e+03,8.03e+03)",193
Fagus,17672,18,"[8.03e+03,9.03e+03)",77
Fagus,17672,19,"[9.03e+03,1e+04)",1
Fraxinus,17672,1,"[1.03e+03,2.03e+03)",38
Fraxinus,17672,2,"[1.1e+04,1.2e+04)",11
Fraxinus,17672,3,"[1.2e+04,1.3e+04)",2
Fraxinus,17672,4,"[1.3e+04,1.4e+04)",0
Fraxinus,17672,11,"[1e+04,1.1e+04)",15
Fraxinus,17672,12,"[2.03e+03,3.03e+03)",87
Fraxinus,17672,13,"[3.03e+03,4.03e+03)",55
Fraxinus,17672,14,"[4.03e+03,5.03e+03)",50
Fraxinus,17672,15,"[5.03e+03,6.03e+03)",31
Fraxinus,17672,16,"[6.03e+03,7.03e+03)",44
Fraxinus,17672,17,"[7.03e+03,8.03e+03)",42
Fraxinus,17672,18,"[8.03e+03,9.03e+03)",16
Fraxinus,17672,19,"[9.03e+03,1e+04)",0
Juglans cinerea,17672,1,"[1.03e+03,2.03e+03)",13
Juglans cinerea,17672,2,"[1.1e+04,1.2e+04)",4
Juglans cinerea,17672,3,"[1.2e+04,1.3e+04)",2
Juglans cinerea,17672,4,"[1.3e+04,1.4e+04)",0
Juglans cinerea,17672,11,"[1e+04,1.1e+04)",1
Juglans cinerea,17672,12,"[2.03e+03,3.03e+03)",10
Juglans cinerea,17672,13,"[3.03e+03,4.03e+03)",7
Juglans cinerea,17672,14,"[4.03e+03,5.03e+03)",9
Juglans cinerea,17672,15,"[5.03e+03,6.03e+03)",10
Juglans cinerea,17672,16,"[6.03e+03,7.03e+03)",9
Juglans cinerea,17672,17,"[7.03e+03,8.03e+03)",1
Juglans cinerea,17672,18,"[8.03e+03,9.03e+03)",2
Juglans cinerea,17672,19,"[9.03e+03,1e+04)",0
Juglans nigra,17672,1,"[1.03e+03,2.03e+03)",0
Juglans nigra,17672,2,"[1.1e+04,1.2e+04)",0
Juglans nigra,17672,3,"[1.2e+04,1.3e+04)",0
Juglans nigra,17672,4,"[1.3e+04,1.4e+04)",0
Juglans nigra,17672,11,"[1e+04,1.1e+04)",0
Juglans nigra,17672,12,"[2.03e+03,3.03e+03)",0
Juglans nigra,17672,13,"[3.03e+03,4.03e+03)",0
Juglans nigra,17672,14,"[4.03e+03,5.03e+03)",0
Juglans nigra,17672,15,"[5.03e+03,6.03e+03)",0
Juglans nigra,17672,16,"[6.03e+03,7.03e+03)",0
Juglans nigra,17672,17,"[7.03e+03,8.03e+03)",0
Juglans nigra,17672,18,"[8.03e+03,9.03e+03)",0
Juglans nigra,17672,19,"[9.03e+03,1e+04)",0
Juniperus/Thuja,17672,1,"[1.03e+03,2.03e+03)",36
Juniperus/Thuja,17672,2,"[1.1e+04,1.2e+04)",0
Juniperus/Thuja,17672,3,"[1.2e+04,1.3e+04)",5
Juniperus/Thuja,17672,4,"[1.3e+04,1.4e+04)",0
Juniperus/Thuja,17672,11,"[1e+04,1.1e+04)",1
Juniperus/Thuja,17672,12,"[2.03e+03,3.03e+03)",45
Juniperus/Thuja,17672,13,"[3.03e+03,4.03e+03)",37
Juniperus/Thuja,17672,14,"[4.03e+03,5.03e+03)",36
Juniperus/Thuja,17672,15,"[5.03e+03,6.03e+03)",18
Juniperus/Thuja,17672,16,"[6.03e+03,7.03e+03)",11
Juniperus/Thuja,17672,17,"[7.03e+03,8.03e+03)",19
Juniperus/Thuja,17672,18,"[8.03e+03,9.03e+03)",14
Juniperus/Thuja,17672,19,"[9.03e+03,1e+04)",1
Larix,17672,1,"[1.03e+03,2.03e+03)",5
Larix,17672,2,"[1.1e+04,1.2e+04)",3
Larix,17672,3,"[1.2e+04,1.3e+04)",29
Larix,17672,4,"[1.3e+04,1.4e+04)",0
Larix,17672,11,"[1e+04,1.1e+04)",2
Larix,17672,12,"[2.03e+03,3.03e+03)",7
Larix,17672,13,"[3.03e+03,4.03e+03)",0
Larix,17672,14,"[4.03e+03,5.03e+03)",1
Larix,17672,15,"[5.03e+03,6.03e+03)",1
Larix,17672,16,"[6.03e+03,7.03e+03)",0
Larix,17672,17,"[7.03e+03,8.03e+03)",3
Larix,17672,18,"[8.03e+03,9.03e+03)",1
Larix,17672,19,"[9.03e+03,1e+04)",3
Liquidambar,17672,1,"[1.03e+03,2.03e+03)",0
Liquidambar,17672,2,"[1.1e+04,1.2e+04)",0
Liquidambar,17672,3,"[1.2e+04,1.3e+04)",1
Liquidambar,17672,4,"[1.3e+04,1.4e+04)",0
Liquidambar,17672,11,"[1e+04,1.1e+04)",0
Liquidambar,17672,12,"[2.03e+03,3.03e+03)",0
Liquidambar,17672,13,"[3.03e+03,4.03e+03)",1
Liquidambar,17672,14,"[4.03e+03,5.03e+03)",0
Liquidambar,17672,15,"[5.03e+03,6.03e+03)",0
Liquidambar,17672,16,"[6.03e+03,7.03e+03)",0
Liquidambar,17672,17,"[7.03e+03,8.03e+03)",1
Liquidambar,17672,18,"[8.03e+03,9.03e+03)",1
Liquidambar,17672,19,"[9.03e+03,1e+04)",0
Myrica,17672,1,"[1.03e+03,2.03e+03)",0
Myrica,17672,2,"[1.1e+04,1.2e+04)",1
Myrica,17672,3,"[1.2e+04,1.3e+04)",0
Myrica,17672,4,"[1.3e+04,1.4e+04)",0
Myrica,17672,11,"[1e+04,1.1e+04)",0
Myrica,17672,12,"[2.03e+03,3.03e+03)",1
Myrica,17672,13,"[3.03e+03,4.03e+03)",0
Myrica,17672,14,"[4.03e+03,5.03e+03)",0
Myrica,17672,15,"[5.03e+03,6.03e+03)",0
Myrica,17672,16,"[6.03e+03,7.03e+03)",0
Myrica,17672,17,"[7.03e+03,8.03e+03)",0
Myrica,17672,18,"[8.03e+03,9.03e+03)",0
Myrica,17672,19,"[9.03e+03,1e+04)",0
Ostrya/Carpinus,17672,1,"[1.03e+03,2.03e+03)",85
Ostrya/Carpinus,17672,2,"[1.1e+04,1.2e+04)",19
Ostrya/Carpinus,17672,3,"[1.2e+04,1.3e+04)",34
Ostrya/Carpinus,17672,4,"[1.3e+04,1.4e+04)",0
Ostrya/Carpinus,17672,11,"[1e+04,1.1e+04)",24
Ostrya/Carpinus,17672,12,"[2.03e+03,3.03e+03)",100
Ostrya/Carpinus,17672,13,"[3.03e+03,4.03e+03)",74
Ostrya/Carpinus,17672,14,"[4.03e+03,5.03e+03)",51
Ostrya/Carpinus,17672,15,"[5.03e+03,6.03e+03)",37
Ostrya/Carpinus,17672,16,"[6.03e+03,7.03e+03)",30
Ostrya/Carpinus,17672,17,"[7.03e+03,8.03e+03)",39
Ostrya/Carpinus,17672,18,"[8.03e+03,9.03e+03)",44
Ostrya/Carpinus,17672,19,"[9.03e+03,1e+04)",29
Picea,17672,1,"[1.03e+03,2.03e+03)",13
Picea,17672,2,"[1.1e+04,1.2e+04)",16
Picea,17672,3,"[1.2e+04,1.3e+04)",418
Picea,17672,4,"[1.3e+04,1.4e+04)",336
Picea,17672,11,"[1e+04,1.1e+04)",2
Picea,17672,12,"[2.03e+03,3.03e+03)",7
Picea,17672,13,"[3.03e+03,4.03e+03)",5
Picea,17672,14,"[4.03e+03,5.03e+03)",5
Picea,17672,15,"[5.03e+03,6.03e+03)",2
Picea,17672,16,"[6.03e+03,7.03e+03)",2
Picea,17672,17,"[7.03e+03,8.03e+03)",2
Picea,17672,18,"[8.03e+03,9.03e+03)",3
Picea,17672,19,"[9.03e+03,1e+04)",0
Pinus,17672,1,"[1.03e+03,2.03e+03)",631
Pinus,17672,2,"[1.1e+04,1.2e+04)",722
Pinus,17672,3,"[1.2e+04,1.3e+04)",365
Pinus,17672,4,"[1.3e+04,1.4e+04)",54
Pinus,17672,11,"[1e+04,1.1e+04)",607
Pinus,17672,12,"[2.03e+03,3.03e+03)",206
Pinus,17672,13,"[3.03e+03,4.03e+03)",254
Pinus,17672,14,"[4.03e+03,5.03e+03)",244
Pinus,17672,15,"[5.03e+03,6.03e+03)",134
Pinus,17672,16,"[6.03e+03,7.03e+03)",151
Pinus,17672,17,"[7.03e+03,8.03e+03)",203
Pinus,17672,18,"[8.03e+03,9.03e+03)",329
Pinus,17672,19,"[9.03e+03,1e+04)",276
Platanus,17672,1,"[1.03e+03,2.03e+03)",11
Platanus,17672,2,"[1.1e+04,1.2e+04)",0
Platanus,17672,3,"[1.2e+04,1.3e+04)",0
Platanus,17672,4,"[1.3e+04,1.4e+04)",0
Platanus,17672,11,"[1e+04,1.1e+04)",2
Platanus,17672,12,"[2.03e+03,3.03e+03)",12
Platanus,17672,13,"[3.03e+03,4.03e+03)",10
Platanus,17672,14,"[4.03e+03,5.03e+03)",9
Platanus,17672,15,"[5.03e+03,6.03e+03)",10
Platanus,17672,16,"[6.03e+03,7.03e+03)",17
Platanus,17672,17,"[7.03e+03,8.03e+03)",16
Platanus,17672,18,"[8.03e+03,9.03e+03)",6
Platanus,17672,19,"[9.03e+03,1e+04)",2
Populus,17672,1,"[1.03e+03,2.03e+03)",11
Populus,17672,2,"[1.1e+04,1.2e+04)",1
Populus,17672,3,"[1.2e+04,1.3e+04)",2
Populus,17672,4,"[1.3e+04,1.4e+04)",0
Populus,17672,11,"[1e+04,1.1e+04)",2
Populus,17672,12,"[2.03e+03,3.03e+03)",2
Populus,17672,13,"[3.03e+03,4.03e+03)",3
Populus,17672,14,"[4.03e+03,5.03e+03)",5
Populus,17672,15,"[5.03e+03,6.03e+03)",1
Populus,17672,16,"[6.03e+03,7.03e+03)",1
Populus,17672,17,"[7.03e+03,8.03e+03)",0
Populus,17672,18,"[8.03e+03,9.03e+03)",0
Populus,17672,19,"[9.03e+03,1e+04)",0
Quercus,17672,1,"[1.03e+03,2.03e+03)",270
Quercus,17672,2,"[1.1e+04,1.2e+04)",81
Quercus,17672,3,"[1.2e+04,1.3e+04)",71
Quercus,17672,4,"[1.3e+04,1.4e+04)",1
Quercus,17672,11,"[1e+04,1.1e+04)",78
Quercus,17672,12,"[2.03e+03,3.03e+03)",198
Quercus,17672,13,"[3.03e+03,4.03e+03)",129
Quercus,17672,14,"[4.03e+03,5.03e+03)",119
Quercus,17672,15,"[5.03e+03,6.03e+03)",108
Quercus,17672,16,"[6.03e+03,7.03e+03)",102
Quercus,17672,17,"[7.03e+03,8.03e+03)",103
Quercus,17672,18,"[8.03e+03,9.03e+03)",103
Quercus,17672,19,"[9.03e+03,1e+04)",40
Rosaceae,17672,1,"[1.03e+03,2.03e+03)",0
Rosaceae,17672,2,"[1.1e+04,1.2e+04)",0
Rosaceae,17672,3,"[1.2e+04,1.3e+04)",0
Rosaceae,17672,4,"[1.3e+04,1.4e+04)",1
Rosaceae,17672,11,"[1e+04,1.1e+04)",0
Rosaceae,17672,12,"[2.03e+03,3.03e+03)",0
Rosaceae,17672,13,"[3.03e+03,4.03e+03)",0
Rosaceae,17672,14,"[4.03e+03,5.03e+03)",0
Rosaceae,17672,15,"[5.03e+03,6.03e+03)",0
Rosaceae,17672,16,"[6.03e+03,7.03e+03)",0
Rosaceae,17672,17,"[7.03e+03,8.03e+03)",0
Rosaceae,17672,18,"[8.03e+03,9.03e+03)",0
Rosaceae,17672,19,"[9.03e+03,1e+04)",0
Salix,17672,1,"[1.03e+03,2.03e+03)",14
Salix,17672,2,"[1.1e+04,1.2e+04)",0
Salix,17672,3,"[1.2e+04,1.3e+04)",2
Salix,17672,4,"[1.3e+04,1.4e+04)",1
Salix,17672,11,"[1e+04,1.1e+04)",4
Salix,17672,12,"[2.03e+03,3.03e+03)",0
Salix,17672,13,"[3.03e+03,4.03e+03)",2
Salix,17672,14,"[4.03e+03,5.03e+03)",2
Salix,17672,15,"[5.03e+03,6.03e+03)",0
Salix,17672,16,"[6.03e+03,7.03e+03)",3
Salix,17672,17,"[7.03e+03,8.03e+03)",0
Salix,17672,18,"[8.03e+03,9.03e+03)",0
Salix,17672,19,"[9.03e+03,1e+04)",0
Sarcobatus,17672,1,"[1.03e+03,2.03e+03)",0
Sarcobatus,17672,2,"[1.1e+04,1.2e+04)",0
Sarcobatus,17672,3,"[1.2e+04,1.3e+04)",0
Sarcobatus,17672,4,"[1.3e+04,1.4e+04)",0
Sarcobatus,17672,11,"[1e+04,1.1e+04)",0
Sarcobatus,17672,12,"[2.03e+03,3.03e+03)",0
Sarcobatus,17672,13,"[3.03e+03,4.03e+03)",0
Sarcobatus,17672,14,"[4.03e+03,5.03e+03)",0
Sarcobatus,17672,15,"[5.03e+03,6.03e+03)",0
Sarcobatus,17672,16,"[6.03e+03,7.03e+03)",0
Sarcobatus,17672,17,"[7.03e+03,8.03e+03)",0
Sarcobatus,17672,18,"[8.03e+03,9.03e+03)",1
Sarcobatus,17672,19,"[9.03e+03,1e+04)",0
Shepherdia argentea,17672,1,"[1.03e+03,2.03e+03)",0
Shepherdia argentea,17672,2,"[1.1e+04,1.2e+04)",0
Shepherdia argentea,17672,3,"[1.2e+04,1.3e+04)",0
Shepherdia argentea,17672,4,"[1.3e+04,1.4e+04)",0
Shepherdia argentea,17672,11,"[1e+04,1.1e+04)",0
Shepherdia argentea,17672,12,"[2.03e+03,3.03e+03)",0
Shepherdia argentea,17672,13,"[3.03e+03,4.03e+03)",0
Shepherdia argentea,17672,14,"[4.03e+03,5.03e+03)",0
Shepherdia argentea,17672,15,"[5.03e+03,6.03e+03)",0
Shepherdia argentea,17672,16,"[6.03e+03,7.03e+03)",0
Shepherdia argentea,17672,17,"[7.03e+03,8.03e+03)",0
Shepherdia argentea,17672,18,"[8.03e+03,9.03e+03)",0
Shepherdia argentea,17672,19,"[9.03e+03,1e+04)",0
Shepherdia canadensis,17672,1,"[1.03e+03,2.03e+03)",0
Shepherdia canadensis,17672,2,"[1.1e+04,1.2e+04)",0
Shepherdia canadensis,17672,3,"[1.2e+04,1.3e+04)",1
Shepherdia canadensis,17672,4,"[1.3e+04,1.4e+04)",0
Shepherdia canadensis,17672,11,"[1e+04,1.1e+04)",0
Shepherdia canadensis,17672,12,"[2.03e+03,3.03e+03)",0
Shepherdia canadensis,17672,13,"[3.03e+03,4.03e+03)",0
Shepherdia canadensis,17672,14,"[4.03e+03,5.03e+03)",0
Shepherdia canadensis,17672,15,"[5.03e+03,6.03e+03)",0
Shepherdia canadensis,17672,16,"[6.03e+03,7.03e+03)",0
Shepherdia canadensis,17672,17,"[7.03e+03,8.03e+03)",0
Shepherdia canadensis,17672,18,"[8.03e+03,9.03e+03)",0
Shepherdia canadensis,17672,19,"[9.03e+03,1e+04)",0
Tilia,17672,1,"[1.03e+03,2.03e+03)",20
Tilia,17672,2,"[1.1e+04,1.2e+04)",0
Tilia,17672,3,"[1.2e+04,1.3e+04)",0
Tilia,17672,4,"[1.3e+04,1.4e+04)",0
Tilia,17672,11,"[1e+04,1.1e+04)",2
Tilia,17672,12,"[2.03e+03,3.03e+03)",21
Tilia,17672,13,"[3.03e+03,4.03e+03)",13
Tilia,17672,14,"[4.03e+03,5.03e+03)",9
Tilia,17672,15,"[5.03e+03,6.03e+03)",3
Tilia,17672,16,"[6.03e+03,7.03e+03)",8
Tilia,17672,17,"[7.03e+03,8.03e+03)",15
Tilia,17672,18,"[8.03e+03,9.03e+03)",11
Tilia,17672,19,"[9.03e+03,1e+04)",2
Tsuga,17672,1,"[1.03e+03,2.03e+03)",176
Tsuga,17672,2,"[1.1e+04,1.2e+04)",3
Tsuga,17672,3,"[1.2e+04,1.3e+04)",2
Tsuga,17672,4,"[1.3e+04,1.4e+04)",0
Tsuga,17672,11,"[1e+04,1.1e+04)",1
Tsuga,17672,12,"[2.03e+03,3.03e+03)",200
Tsuga,17672,13,"[3.03e+03,4.03e+03)",115
Tsuga,17672,14,"[4.03e+03,5.03e+03)",26
Tsuga,17672,15,"[5.03e+03,6.03e+03)",47
Tsuga,17672,16,"[6.03e+03,7.03e+03)",190
Tsuga,17672,17,"[7.03e+03,8.03e+03)",146
Tsuga,17672,18,"[8.03e+03,9.03e+03)",77
Tsuga,17672,19,"[9.03e+03,1e+04)",2
Ulmus,17672,1,"[1.03e+03,2.03e+03)",149
Ulmus,17672,2,"[1.1e+04,1.2e+04)",25
Ulmus,17672,3,"[1.2e+04,1.3e+04)",7
Ulmus,17672,4,"[1.3e+04,1.4e+04)",0
Ulmus,17672,11,"[1e+04,1.1e+04)",20
Ulmus,17672,12,"[2.03e+03,3.03e+03)",217
Ulmus,17672,13,"[3.03e+03,4.03e+03)",160
Ulmus,17672,14,"[4.03e+03,5.03e+03)",96
Ulmus,17672,15,"[5.03e+03,6.03e+03)",95
Ulmus,17672,16,"[6.03e+03,7.03e+03)",105
Ulmus,17672,17,"[7.03e+03,8.03e+03)",88
Ulmus,17672,18,"[8.03e+03,9.03e+03)",45
Ulmus,17672,19,"[9.03e+03,1e+04)",10
Alnus viridis,1806,1,"[1.03e+03,2.03e+03)",330
Alnus viridis,1806,2,"[1.1e+04,1.2e+04)",27
Alnus viridis,1806,3,"[1.2e+04,1.3e+04)",38
Alnus viridis,1806,4,"[1.3e+04,1.4e+04)",4
Alnus viridis,1806,5,"[1.4e+04,1.5e+04)",0
Alnus viridis,1806,6,"[1.5e+04,1.6e+04)",0
Alnus viridis,1806,7,"[1.6e+04,1.7e+04)",0
Alnus viridis,1806,11,"[1e+04,1.1e+04)",44
Alnus viridis,1806,12,"[2.03e+03,3.03e+03)",174
Alnus viridis,1806,13,"[3.03e+03,4.03e+03)",181
Alnus viridis,1806,14,"[4.03e+03,5.03e+03)",338
Alnus viridis,1806,15,"[5.03e+03,6.03e+03)",262
Alnus viridis,1806,16,"[6.03e+03,7.03e+03)",412
Alnus viridis,1806,17,"[7.03e+03,8.03e+03)",633
Alnus viridis,1806,18,"[8.03e+03,9.03e+03)",501
Alnus viridis,1806,19,"[9.03e+03,1e+04)",357
Artemisia,1806,1,"[1.03e+03,2.03e+03)",5
Artemisia,1806,2,"[1.1e+04,1.2e+04)",30
Artemisia,1806,3,"[1.2e+04,1.3e+04)",37
Artemisia,1806,4,"[1.3e+04,1.4e+04)",22
Artemisia,1806,5,"[1.4e+04,1.5e+04)",26
Artemisia,1806,6,"[1.5e+04,1.6e+04)",9
Artemisia,1806,7,"[1.6e+04,1.7e+04)",48
Artemisia,1806,11,"[1e+04,1.1e+04)",19
Artemisia,1806,12,"[2.03e+03,3.03e+03)",2
Artemisia,1806,13,"[3.03e+03,4.03e+03)",1
Artemisia,1806,14,"[4.03e+03,5.03e+03)",2
Artemisia,1806,15,"[5.03e+03,6.03e+03)",1
Artemisia,1806,16,"[6.03e+03,7.03e+03)",3
Artemisia,1806,17,"[7.03e+03,8.03e+03)",5
Artemisia,1806,18,"[8.03e+03,9.03e+03)",7
Artemisia,1806,19,"[9.03e+03,1e+04)",6
Betula,1806,1,"[1.03e+03,2.03e+03)",168
Betula,1806,2,"[1.1e+04,1.2e+04)",685
Betula,1806,3,"[1.2e+04,1.3e+04)",795
Betula,1806,4,"[1.3e+04,1.4e+04)",493
Betula,1806,5,"[1.4e+04,1.5e+04)",293
Betula,1806,6,"[1.5e+04,1.6e+04)",467
Betula,1806,7,"[1.6e+04,1.7e+04)",20
Betula,1806,11,"[1e+04,1.1e+04)",566
Betula,1806,12,"[2.03e+03,3.03e+03)",76
Betula,1806,13,"[3.03e+03,4.03e+03)",90
Betula,1806,14,"[4.03e+03,5.03e+03)",160
Betula,1806,15,"[5.03e+03,6.03e+03)",86
Betula,1806,16,"[6.03e+03,7.03e+03)",154
Betula,1806,17,"[7.03e+03,8.03e+03)",309
Betula,1806,18,"[8.03e+03,9.03e+03)",229
Betula,1806,19,"[9.03e+03,1e+04)",261
Ericales,1806,1,"[1.03e+03,2.03e+03)",32
Ericales,1806,2,"[1.1e+04,1.2e+04)",45
Ericales,1806,3,"[1.2e+04,1.3e+04)",62
Ericales,1806,4,"[1.3e+04,1.4e+04)",20
Ericales,1806,5,"[1.4e+04,1.5e+04)",1
Ericales,1806,6,"[1.5e+04,1.6e+04)",1
Ericales,1806,7,"[1.6e+04,1.7e+04)",2
Ericales,1806,11,"[1e+04,1.1e+04)",71
Ericales,1806,12,"[2.03e+03,3.03e+03)",13
Ericales,1806,13,"[3.03e+03,4.03e+03)",9
Ericales,1806,14,"[4.03e+03,5.03e+03)",20
Ericales,1806,15,"[5.03e+03,6.03e+03)",12
Ericales,1806,16,"[6.03e+03,7.03e+03)",18
Ericales,1806,17,"[7.03e+03,8.03e+03)",51
Ericales,1806,18,"[8.03e+03,9.03e+03)",25
Ericales,1806,19,"[9.03e+03,1e+04)",37
Juniperus,1806,1,"[1.03e+03,2.03e+03)",0
Juniperus,1806,2,"[1.1e+04,1.2e+04)",1
Juniperus,1806,3,"[1.2e+04,1.3e+04)",1
Juniperus,1806,4,"[1.3e+04,1.4e+04)",0
Juniperus,1806,5,"[1.4e+04,1.5e+04)",0
Juniperus,1806,6,"[1.5e+04,1.6e+04)",0
Juniperus,1806,7,"[1.6e+04,1.7e+04)",0
Juniperus,1806,11,"[1e+04,1.1e+04)",0
Juniperus,1806,12,"[2.03e+03,3.03e+03)",0
Juniperus,1806,13,"[3.03e+03,4.03e+03)",0
Juniperus,1806,14,"[4.03e+03,5.03e+03)",0
Juniperus,1806,15,"[5.03e+03,6.03e+03)",0
Juniperus,1806,16,"[6.03e+03,7.03e+03)",0
Juniperus,1806,17,"[7.03e+03,8.03e+03)",0
Juniperus,1806,18,"[8.03e+03,9.03e+03)",0
Juniperus,1806,19,"[9.03e+03,1e+04)",0
Picea,1806,1,"[1.03e+03,2.03e+03)",24
Picea,1806,2,"[1.1e+04,1.2e+04)",3
Picea,1806,3,"[1.2e+04,1.3e+04)",1
Picea,1806,4,"[1.3e+04,1.4e+04)",0
Picea,1806,5,"[1.4e+04,1.5e+04)",0
Picea,1806,6,"[1.5e+04,1.6e+04)",0
Picea,1806,7,"[1.6e+04,1.7e+04)",2
Picea,1806,11,"[1e+04,1.1e+04)",5
Picea,1806,12,"[2.03e+03,3.03e+03)",8
Picea,1806,13,"[3.03e+03,4.03e+03)",4
Picea,1806,14,"[4.03e+03,5.03e+03)",12
Picea,1806,15,"[5.03e+03,6.03e+03)",6
Picea,1806,16,"[6.03e+03,7.03e+03)",4
Picea,1806,17,"[7.03e+03,8.03e+03)",2
Picea,1806,18,"[8.03e+03,9.03e+03)",1
Picea,1806,19,"[9.03e+03,1e+04)",1
Pinus,1806,1,"[1.03e+03,2.03e+03)",0
Pinus,1806,2,"[1.1e+04,1.2e+04)",0
Pinus,1806,3,"[1.2e+04,1.3e+04)",0
Pinus,1806,4,"[1.3e+04,1.4e+04)",0
Pinus,1806,5,"[1.4e+04,1.5e+04)",0
Pinus,1806,6,"[1.5e+04,1.6e+04)",0
Pinus,1806,7,"[1.6e+04,1.7e+04)",0
Pinus,1806,11,"[1e+04,1.1e+04)",1
Pinus,1806,12,"[2.03e+03,3.03e+03)",0
Pinus,1806,13,"[3.03e+03,4.03e+03)",0
Pinus,1806,14,"[4.03e+03,5.03e+03)",0
Pinus,1806,15,"[5.03e+03,6.03e+03)",0
Pinus,1806,16,"[6.03e+03,7.03e+03)",0
Pinus,1806,17,"[7.03e+03,8.03e+03)",0
Pinus,1806,18,"[8.03e+03,9.03e+03)",0
Pinus,1806,19,"[9.03e+03,1e+04)",0
Populus,1806,1,"[1.03e+03,2.03e+03)",0
Populus,1806,2,"[1.1e+04,1.2e+04)",12
Populus,1806,3,"[1.2e+04,1.3e+04)",56
Populus,1806,4,"[1.3e+04,1.4e+04)",3
Populus,1806,5,"[1.4e+04,1.5e+04)",0
Populus,1806,6,"[1.5e+04,1.6e+04)",0
Populus,1806,7,"[1.6e+04,1.7e+04)",1
Populus,1806,11,"[1e+04,1.1e+04)",3
Populus,1806,12,"[2.03e+03,3.03e+03)",0
Populus,1806,13,"[3.03e+03,4.03e+03)",0
Populus,1806,14,"[4.03e+03,5.03e+03)",0
Populus,1806,15,"[5.03e+03,6.03e+03)",0
Populus,1806,16,"[6.03e+03,7.03e+03)",0
Populus,1806,17,"[7.03e+03,8.03e+03)",1
Populus,1806,18,"[8.03e+03,9.03e+03)",1
Populus,1806,19,"[9.03e+03,1e+04)",2
Rubus chamaemorus,1806,1,"[1.03e+03,2.03e+03)",0
Rubus chamaemorus,1806,2,"[1.1e+04,1.2e+04)",0
Rubus chamaemorus,1806,3,"[1.2e+04,1.3e+04)",0
Rubus chamaemorus,1806,4,"[1.3e+04,1.4e+04)",0
Rubus chamaemorus,1806,5,"[1.4e+04,1.5e+04)",0
Rubus chamaemorus,1806,6,"[1.5e+04,1.6e+04)",2
Rubus chamaemorus,1806,7,"[1.6e+04,1.7e+04)",0
Rubus chamaemorus,1806,11,"[1e+04,1.1e+04)",0
Rubus chamaemorus,1806,12,"[2.03e+03,3.03e+03)",0
Rubus chamaemorus,1806,13,"[3.03e+03,4.03e+03)",1
Rubus chamaemorus,1806,14,"[4.03e+03,5.03e+03)",0
Rubus chamaemorus,1806,15,"[5.03e+03,6.03e+03)",0
Rubus chamaemorus,1806,16,"[6.03e+03,7.03e+03)",0
Rubus chamaemorus,1806,17,"[7.03e+03,8.03e+03)",2
Rubus chamaemorus,1806,18,"[8.03e+03,9.03e+03)",0
Rubus chamaemorus,1806,19,"[9.03e+03,1e+04)",1
Salix,1806,1,"[1.03e+03,2.03e+03)",15
Salix,1806,2,"[1.1e+04,1.2e+04)",64
Salix,1806,3,"[1.2e+04,1.3e+04)",133
Salix,1806,4,"[1.3e+04,1.4e+04)",71
Salix,1806,5,"[1.4e+04,1.5e+04)",37
Salix,1806,6,"[1.5e+04,1.6e+04)",58
Salix,1806,7,"[1.6e+04,1.7e+04)",120
Salix,1806,11,"[1e+04,1.1e+04)",37
Salix,1806,12,"[2.03e+03,3.03e+03)",4
Salix,1806,13,"[3.03e+03,4.03e+03)",5
Salix,1806,14,"[4.03e+03,5.03e+03)",20
Salix,1806,15,"[5.03e+03,6.03e+03)",5
Salix,1806,16,"[6.03e+03,7.03e+03)",4
Salix,1806,17,"[7.03e+03,8.03e+03)",10
Salix,1806,18,"[8.03e+03,9.03e+03)",5
Salix,1806,19,"[9.03e+03,1e+04)",22
Shepherdia canadensis,1806,1,"[1.03e+03,2.03e+03)",0
Shepherdia canadensis,1806,2,"[1.1e+04,1.2e+04)",1
Shepherdia canadensis,1806,3,"[1.2e+04,1.3e+04)",1
Shepherdia canadensis,1806,4,"[1.3e+04,1.4e+04)",0
Shepherdia canadensis,1806,5,"[1.4e+04,1.5e+04)",0
Shepherdia canadensis,1806,6,"[1.5e+04,1.6e+04)",0
Shepherdia canadensis,1806,7,"[1.6e+04,1.7e+04)",0
Shepherdia canadensis,1806,11,"[1e+04,1.1e+04)",0
Shepherdia canadensis,1806,12,"[2.03e+03,3.03e+03)",0
Shepherdia canadensis,1806,13,"[3.03e+03,4.03e+03)",0
Shepherdia canadensis,1806,14,"[4.03e+03,5.03e+03)",1
Shepherdia canadensis,1806,15,"[5.03e+03,6.03e+03)",0
Shepherdia canadensis,1806,16,"[6.03e+03,7.03e+03)",0
Shepherdia canadensis,1806,17,"[7.03e+03,8.03e+03)",0
Shepherdia canadensis,1806,18,"[8.03e+03,9.03e+03)",0
Shepherdia canadensis,1806,19,"[9.03e+03,1e+04)",0
Abies,19620,1,"[1.03e+03,2.03e+03)",0
Abies,19620,2,"[1.1e+04,1.2e+04)",0
Abies,19620,3,"[1.2e+04,1.3e+04)",0
Abies,19620,4,"[1.3e+04,1.4e+04)",0
Abies,19620,5,"[1.4e+04,1.5e+04)",0
Abies,19620,6,"[1.5e+04,1.6e+04)",0
Abies,19620,7,"[1.6e+04,1.7e+04)",0
Abies,19620,8,"[1.7e+04,1.8e+04)",0
Abies,19620,9,"[1.8e+04,1.9e+04)",0
Abies,19620,11,"[1e+04,1.1e+04)",0
Abies,19620,12,"[2.03e+03,3.03e+03)",0
Abies,19620,13,"[3.03e+03,4.03e+03)",0
Abies,19620,14,"[4.03e+03,5.03e+03)",0
Abies,19620,15,"[5.03e+03,6.03e+03)",0
Abies,19620,16,"[6.03e+03,7.03e+03)",1
Abies,19620,17,"[7.03e+03,8.03e+03)",0
Abies,19620,18,"[8.03e+03,9.03e+03)",0
Abies,19620,19,"[9.03e+03,1e+04)",0
Acer negundo-type,19620,1,"[1.03e+03,2.03e+03)",0
Acer negundo-type,19620,2,"[1.1e+04,1.2e+04)",0
Acer negundo-type,19620,3,"[1.2e+04,1.3e+04)",0
Acer negundo-type,19620,4,"[1.3e+04,1.4e+04)",0
Acer negundo-type,19620,5,"[1.4e+04,1.5e+04)",0
Acer negundo-type,19620,6,"[1.5e+04,1.6e+04)",1
Acer negundo-type,19620,7,"[1.6e+04,1.7e+04)",0
Acer negundo-type,19620,8,"[1.7e+04,1.8e+04)",1
Acer negundo-type,19620,9,"[1.8e+04,1.9e+04)",0
Acer negundo-type,19620,11,"[1e+04,1.1e+04)",0
Acer negundo-type,19620,12,"[2.03e+03,3.03e+03)",0
Acer negundo-type,19620,13,"[3.03e+03,4.03e+03)",0
Acer negundo-type,19620,14,"[4.03e+03,5.03e+03)",0
Acer negundo-type,19620,15,"[5.03e+03,6.03e+03)",0
Acer negundo-type,19620,16,"[6.03e+03,7.03e+03)",0
Acer negundo-type,19620,17,"[7.03e+03,8.03e+03)",0
Acer negundo-type,19620,18,"[8.03e+03,9.03e+03)",0
Acer negundo-type,19620,19,"[9.03e+03,1e+04)",0
Acer rubrum,19620,1,"[1.03e+03,2.03e+03)",0
Acer rubrum,19620,2,"[1.1e+04,1.2e+04)",0
Acer rubrum,19620,3,"[1.2e+04,1.3e+04)",0
Acer rubrum,19620,4,"[1.3e+04,1.4e+04)",0
Acer rubrum,19620,5,"[1.4e+04,1.5e+04)",0
Acer rubrum,19620,6,"[1.5e+04,1.6e+04)",0
Acer rubrum,19620,7,"[1.6e+04,1.7e+04)",0
Acer rubrum,19620,8,"[1.7e+04,1.8e+04)",0
Acer rubrum,19620,9,"[1.8e+04,1.9e+04)",0
Acer rubrum,19620,11,"[1e+04,1.1e+04)",0
Acer rubrum,19620,12,"[2.03e+03,3.03e+03)",1
Acer rubrum,19620,13,"[3.03e+03,4.03e+03)",0
Acer rubrum,19620,14,"[4.03e+03,5.03e+03)",0
Acer rubrum,19620,15,"[5.03e+03,6.03e+03)",0
Acer rubrum,19620,16,"[6.03e+03,7.03e+03)",1
Acer rubrum,19620,17,"[7.03e+03,8.03e+03)",0
Acer rubrum,19620,18,"[8.03e+03,9.03e+03)",0
Acer rubrum,19620,19,"[9.03e+03,1e+04)",0
Acer saccharum-type,19620,1,"[1.03e+03,2.03e+03)",2
Acer saccharum-type,19620,2,"[1.1e+04,1.2e+04)",1
Acer saccharum-type,19620,3,"[1.2e+04,1.3e+04)",2
Acer saccharum-type,19620,4,"[1.3e+04,1.4e+04)",0
Acer saccharum-type,19620,5,"[1.4e+04,1.5e+04)",2
Acer saccharum-type,19620,6,"[1.5e+04,1.6e+04)",8
Acer saccharum-type,19620,7,"[1.6e+04,1.7e+04)",2
Acer saccharum-type,19620,8,"[1.7e+04,1.8e+04)",3
Acer saccharum-type,19620,9,"[1.8e+04,1.9e+04)",1
Acer saccharum-type,19620,11,"[1e+04,1.1e+04)",0
Acer saccharum-type,19620,12,"[2.03e+03,3.03e+03)",0
Acer saccharum-type,19620,13,"[3.03e+03,4.03e+03)",0
Acer saccharum-type,19620,14,"[4.03e+03,5.03e+03)",2
Acer saccharum-type,19620,15,"[5.03e+03,6.03e+03)",1
Acer saccharum-type,19620,16,"[6.03e+03,7.03e+03)",0
Acer saccharum-type,19620,17,"[7.03e+03,8.03e+03)",0
Acer saccharum-type,19620,18,"[8.03e+03,9.03e+03)",0
Acer saccharum-type,19620,19,"[9.03e+03,1e+04)",0
Acer undiff.,19620,1,"[1.03e+03,2.03e+03)",0
Acer undiff.,19620,2,"[1.1e+04,1.2e+04)",0
Acer undiff.,19620,3,"[1.2e+04,1.3e+04)",0
Acer undiff.,19620,4,"[1.3e+04,1.4e+04)",0
Acer undiff.,19620,5,"[1.4e+04,1.5e+04)",0
Acer undiff.,19620,6,"[1.5e+04,1.6e+04)",0
Acer undiff.,19620,7,"[1.6e+04,1.7e+04)",0
Acer undiff.,19620,8,"[1.7e+04,1.8e+04)",0
Acer undiff.,19620,9,"[1.8e+04,1.9e+04)",0
Acer undiff.,19620,11,"[1e+04,1.1e+04)",0
Acer undiff.,19620,12,"[2.03e+03,3.03e+03)",0
Acer undiff.,19620,13,"[3.03e+03,4.03e+03)",0
Acer undiff.,19620,14,"[4.03e+03,5.03e+03)",0
Acer undiff.,19620,15,"[5.03e+03,6.03e+03)",0
Acer undiff.,19620,16,"[6.03e+03,7.03e+03)",0
Acer undiff.,19620,17,"[7.03e+03,8.03e+03)",0
Acer undiff.,19620,18,"[8.03e+03,9.03e+03)",0
Acer undiff.,19620,19,"[9.03e+03,1e+04)",0
Alnus incana-type,19620,1,"[1.03e+03,2.03e+03)",3
Alnus incana-type,19620,2,"[1.1e+04,1.2e+04)",6
Alnus incana-type,19620,3,"[1.2e+04,1.3e+04)",10
Alnus incana-type,19620,4,"[1.3e+04,1.4e+04)",5
Alnus incana-type,19620,5,"[1.4e+04,1.5e+04)",1
Alnus incana-type,19620,6,"[1.5e+04,1.6e+04)",2
Alnus incana-type,19620,7,"[1.6e+04,1.7e+04)",3
Alnus incana-type,19620,8,"[1.7e+04,1.8e+04)",4
Alnus incana-type,19620,9,"[1.8e+04,1.9e+04)",4
Alnus incana-type,19620,11,"[1e+04,1.1e+04)",1
Alnus incana-type,19620,12,"[2.03e+03,3.03e+03)",2
Alnus incana-type,19620,13,"[3.03e+03,4.03e+03)",0
Alnus incana-type,19620,14,"[4.03e+03,5.03e+03)",4
Alnus incana-type,19620,15,"[5.03e+03,6.03e+03)",5
Alnus incana-type,19620,16,"[6.03e+03,7.03e+03)",3
Alnus incana-type,19620,17,"[7.03e+03,8.03e+03)",5
Alnus incana-type,19620,18,"[8.03e+03,9.03e+03)",2
Alnus incana-type,19620,19,"[9.03e+03,1e+04)",0
Arceuthobium/Loranthaceae,19620,1,"[1.03e+03,2.03e+03)",0
Arceuthobium/Loranthaceae,19620,2,"[1.1e+04,1.2e+04)",0
Arceuthobium/Loranthaceae,19620,3,"[1.2e+04,1.3e+04)",0
Arceuthobium/Loranthaceae,19620,4,"[1.3e+04,1.4e+04)",0
Arceuthobium/Loranthaceae,19620,5,"[1.4e+04,1.5e+04)",0
Arceuthobium/Loranthaceae,19620,6,"[1.5e+04,1.6e+04)",0
Arceuthobium/Loranthaceae,19620,7,"[1.6e+04,1.7e+04)",0
Arceuthobium/Loranthaceae,19620,8,"[1.7e+04,1.8e+04)",0
Arceuthobium/Loranthaceae,19620,9,"[1.8e+04,1.9e+04)",0
Arceuthobium/Loranthaceae,19620,11,"[1e+04,1.1e+04)",0
Arceuthobium/Loranthaceae,19620,12,"[2.03e+03,3.03e+03)",0
Arceuthobium/Loranthaceae,19620,13,"[3.03e+03,4.03e+03)",0
Arceuthobium/Loranthaceae,19620,14,"[4.03e+03,5.03e+03)",0
Arceuthobium/Loranthaceae,19620,15,"[5.03e+03,6.03e+03)",0
Arceuthobium/Loranthaceae,19620,16,"[6.03e+03,7.03e+03)",0
Arceuthobium/Loranthaceae,19620,17,"[7.03e+03,8.03e+03)",0
Arceuthobium/Loranthaceae,19620,18,"[8.03e+03,9.03e+03)",0
Arceuthobium/Loranthaceae,19620,19,"[9.03e+03,1e+04)",0
Arecaceae undiff.,19620,1,"[1.03e+03,2.03e+03)",2
Arecaceae undiff.,19620,2,"[1.1e+04,1.2e+04)",3.5
Arecaceae undiff.,19620,3,"[1.2e+04,1.3e+04)",1
Arecaceae undiff.,19620,4,"[1.3e+04,1.4e+04)",2
Arecaceae undiff.,19620,5,"[1.4e+04,1.5e+04)",2
Arecaceae undiff.,19620,6,"[1.5e+04,1.6e+04)",1
Arecaceae undiff.,19620,7,"[1.6e+04,1.7e+04)",0
Arecaceae undiff.,19620,8,"[1.7e+04,1.8e+04)",0
Arecaceae undiff.,19620,9,"[1.8e+04,1.9e+04)",0
Arecaceae undiff.,19620,11,"[1e+04,1.1e+04)",3
Arecaceae undiff.,19620,12,"[2.03e+03,3.03e+03)",1
Arecaceae undiff.,19620,13,"[3.03e+03,4.03e+03)",0
Arecaceae undiff.,19620,14,"[4.03e+03,5.03e+03)",1
Arecaceae undiff.,19620,15,"[5.03e+03,6.03e+03)",0
Arecaceae undiff.,19620,16,"[6.03e+03,7.03e+03)",0
Arecaceae undiff.,19620,17,"[7.03e+03,8.03e+03)",0
Arecaceae undiff.,19620,18,"[8.03e+03,9.03e+03)",1
Arecaceae undiff.,19620,19,"[9.03e+03,1e+04)",2
Artemisia,19620,1,"[1.03e+03,2.03e+03)",2
Artemisia,19620,2,"[1.1e+04,1.2e+04)",13
Artemisia,19620,3,"[1.2e+04,1.3e+04)",19
Artemisia,19620,4,"[1.3e+04,1.4e+04)",3
Artemisia,19620,5,"[1.4e+04,1.5e+04)",1
Artemisia,19620,6,"[1.5e+04,1.6e+04)",0
Artemisia,19620,7,"[1.6e+04,1.7e+04)",2
Artemisia,19620,8,"[1.7e+04,1.8e+04)",5
Artemisia,19620,9,"[1.8e+04,1.9e+04)",3
Artemisia,19620,11,"[1e+04,1.1e+04)",0
Artemisia,19620,12,"[2.03e+03,3.03e+03)",0
Artemisia,19620,13,"[3.03e+03,4.03e+03)",1
Artemisia,19620,14,"[4.03e+03,5.03e+03)",2
Artemisia,19620,15,"[5.03e+03,6.03e+03)",0
Artemisia,19620,16,"[6.03e+03,7.03e+03)",3
Artemisia,19620,17,"[7.03e+03,8.03e+03)",2
Artemisia,19620,18,"[8.03e+03,9.03e+03)",1
Artemisia,19620,19,"[9.03e+03,1e+04)",1
Berberidaceae,19620,1,"[1.03e+03,2.03e+03)",0
Berberidaceae,19620,2,"[1.1e+04,1.2e+04)",0
Berberidaceae,19620,3,"[1.2e+04,1.3e+04)",0
Berberidaceae,19620,4,"[1.3e+04,1.4e+04)",0
Berberidaceae,19620,5,"[1.4e+04,1.5e+04)",0
Berberidaceae,19620,6,"[1.5e+04,1.6e+04)",0
Berberidaceae,19620,7,"[1.6e+04,1.7e+04)",0
Berberidaceae,19620,8,"[1.7e+04,1.8e+04)",0
Berberidaceae,19620,9,"[1.8e+04,1.9e+04)",0
Berberidaceae,19620,11,"[1e+04,1.1e+04)",0
Berberidaceae,19620,12,"[2.03e+03,3.03e+03)",0
Berberidaceae,19620,13,"[3.03e+03,4.03e+03)",0
Berberidaceae,19620,14,"[4.03e+03,5.03e+03)",0
Berberidaceae,19620,15,"[5.03e+03,6.03e+03)",0
Berberidaceae,19620,16,"[6.03e+03,7.03e+03)",0
Berberidaceae,19620,17,"[7.03e+03,8.03e+03)",0
Berberidaceae,19620,18,"[8.03e+03,9.03e+03)",0
Berberidaceae,19620,19,"[9.03e+03,1e+04)",0
Betula,19620,1,"[1.03e+03,2.03e+03)",2
Betula,19620,2,"[1.1e+04,1.2e+04)",0
Betula,19620,3,"[1.2e+04,1.3e+04)",5
Betula,19620,4,"[1.3e+04,1.4e+04)",2
Betula,19620,5,"[1.4e+04,1.5e+04)",2
Betula,19620,6,"[1.5e+04,1.6e+04)",4
Betula,19620,7,"[1.6e+04,1.7e+04)",0
Betula,19620,8,"[1.7e+04,1.8e+04)",0
Betula,19620,9,"[1.8e+04,1.9e+04)",2.5
Betula,19620,11,"[1e+04,1.1e+04)",0
Betula,19620,12,"[2.03e+03,3.03e+03)",1
Betula,19620,13,"[3.03e+03,4.03e+03)",0
Betula,19620,14,"[4.03e+03,5.03e+03)",1
Betula,19620,15,"[5.03e+03,6.03e+03)",2
Betula,19620,16,"[6.03e+03,7.03e+03)",0
Betula,19620,17,"[7.03e+03,8.03e+03)",0
Betula,19620,18,"[8.03e+03,9.03e+03)",0
Betula,19620,19,"[9.03e+03,1e+04)",1
Bursera,19620,1,"[1.03e+03,2.03e+03)",0
Bursera,19620,2,"[1.1e+04,1.2e+04)",0
Bursera,19620,3,"[1.2e+04,1.3e+04)",0
Bursera,19620,4,"[1.3e+04,1.4e+04)",0
Bursera,19620,5,"[1.4e+04,1.5e+04)",0
Bursera,19620,6,"[1.5e+04,1.6e+04)",0
Bursera,19620,7,"[1.6e+04,1.7e+04)",0
Bursera,19620,8,"[1.7e+04,1.8e+04)",0
Bursera,19620,9,"[1.8e+04,1.9e+04)",0
Bursera,19620,11,"[1e+04,1.1e+04)",0
Bursera,19620,12,"[2.03e+03,3.03e+03)",0
Bursera,19620,13,"[3.03e+03,4.03e+03)",0
Bursera,19620,14,"[4.03e+03,5.03e+03)",2
Bursera,19620,15,"[5.03e+03,6.03e+03)",0
Bursera,19620,16,"[6.03e+03,7.03e+03)",0
Bursera,19620,17,"[7.03e+03,8.03e+03)",0
Bursera,19620,18,"[8.03e+03,9.03e+03)",0
Bursera,19620,19,"[9.03e+03,1e+04)",1
Byrsonima,19620,1,"[1.03e+03,2.03e+03)",1
Byrsonima,19620,2,"[1.1e+04,1.2e+04)",1
Byrsonima,19620,3,"[1.2e+04,1.3e+04)",0
Byrsonima,19620,4,"[1.3e+04,1.4e+04)",0
Byrsonima,19620,5,"[1.4e+04,1.5e+04)",0
Byrsonima,19620,6,"[1.5e+04,1.6e+04)",0
Byrsonima,19620,7,"[1.6e+04,1.7e+04)",0
Byrsonima,19620,8,"[1.7e+04,1.8e+04)",0
Byrsonima,19620,9,"[1.8e+04,1.9e+04)",0
Byrsonima,19620,11,"[1e+04,1.1e+04)",0
Byrsonima,19620,12,"[2.03e+03,3.03e+03)",0
Byrsonima,19620,13,"[3.03e+03,4.03e+03)",0
Byrsonima,19620,14,"[4.03e+03,5.03e+03)",0
Byrsonima,19620,15,"[5.03e+03,6.03e+03)",0
Byrsonima,19620,16,"[6.03e+03,7.03e+03)",0
Byrsonima,19620,17,"[7.03e+03,8.03e+03)",0
Byrsonima,19620,18,"[8.03e+03,9.03e+03)",0
Byrsonima,19620,19,"[9.03e+03,1e+04)",0
Carya,19620,1,"[1.03e+03,2.03e+03)",40
Carya,19620,2,"[1.1e+04,1.2e+04)",19.5
Carya,19620,3,"[1.2e+04,1.3e+04)",98.5
Carya,19620,4,"[1.3e+04,1.4e+04)",39
Carya,19620,5,"[1.4e+04,1.5e+04)",92
Carya,19620,6,"[1.5e+04,1.6e+04)",94
Carya,19620,7,"[1.6e+04,1.7e+04)",64
Carya,19620,8,"[1.7e+04,1.8e+04)",82
Carya,19620,9,"[1.8e+04,1.9e+04)",81
Carya,19620,11,"[1e+04,1.1e+04)",0
Carya,19620,12,"[2.03e+03,3.03e+03)",6
Carya,19620,13,"[3.03e+03,4.03e+03)",12
Carya,19620,14,"[4.03e+03,5.03e+03)",10
Carya,19620,15,"[5.03e+03,6.03e+03)",21
Carya,19620,16,"[6.03e+03,7.03e+03)",12
Carya,19620,17,"[7.03e+03,8.03e+03)",10
Carya,19620,18,"[8.03e+03,9.03e+03)",3
Carya,19620,19,"[9.03e+03,1e+04)",3
Ceanothus,19620,1,"[1.03e+03,2.03e+03)",0
Ceanothus,19620,2,"[1.1e+04,1.2e+04)",4
Ceanothus,19620,3,"[1.2e+04,1.3e+04)",2
Ceanothus,19620,4,"[1.3e+04,1.4e+04)",1
Ceanothus,19620,5,"[1.4e+04,1.5e+04)",0
Ceanothus,19620,6,"[1.5e+04,1.6e+04)",0
Ceanothus,19620,7,"[1.6e+04,1.7e+04)",0
Ceanothus,19620,8,"[1.7e+04,1.8e+04)",0
Ceanothus,19620,9,"[1.8e+04,1.9e+04)",0
Ceanothus,19620,11,"[1e+04,1.1e+04)",0
Ceanothus,19620,12,"[2.03e+03,3.03e+03)",0
Ceanothus,19620,13,"[3.03e+03,4.03e+03)",0
Ceanothus,19620,14,"[4.03e+03,5.03e+03)",0
Ceanothus,19620,15,"[5.03e+03,6.03e+03)",0
Ceanothus,19620,16,"[6.03e+03,7.03e+03)",0
Ceanothus,19620,17,"[7.03e+03,8.03e+03)",0
Ceanothus,19620,18,"[8.03e+03,9.03e+03)",0
Ceanothus,19620,19,"[9.03e+03,1e+04)",0
Cedrus,19620,1,"[1.03e+03,2.03e+03)",0
Cedrus,19620,2,"[1.1e+04,1.2e+04)",0
Cedrus,19620,3,"[1.2e+04,1.3e+04)",0
Cedrus,19620,4,"[1.3e+04,1.4e+04)",0
Cedrus,19620,5,"[1.4e+04,1.5e+04)",0
Cedrus,19620,6,"[1.5e+04,1.6e+04)",0
Cedrus,19620,7,"[1.6e+04,1.7e+04)",0
Cedrus,19620,8,"[1.7e+04,1.8e+04)",0
Cedrus,19620,9,"[1.8e+04,1.9e+04)",0
Cedrus,19620,11,"[1e+04,1.1e+04)",0
Cedrus,19620,12,"[2.03e+03,3.03e+03)",0
Cedrus,19620,13,"[3.03e+03,4.03e+03)",0
Cedrus,19620,14,"[4.03e+03,5.03e+03)",0
Cedrus,19620,15,"[5.03e+03,6.03e+03)",0
Cedrus,19620,16,"[6.03e+03,7.03e+03)",0
Cedrus,19620,17,"[7.03e+03,8.03e+03)",0
Cedrus,19620,18,"[8.03e+03,9.03e+03)",0
Cedrus,19620,19,"[9.03e+03,1e+04)",0
Celtis,19620,1,"[1.03e+03,2.03e+03)",2
Celtis,19620,2,"[1.1e+04,1.2e+04)",1
Celtis,19620,3,"[1.2e+04,1.3e+04)",4
Celtis,19620,4,"[1.3e+04,1.4e+04)",2
Celtis,19620,5,"[1.4e+04,1.5e+04)",11
Celtis,19620,6,"[1.5e+04,1.6e+04)",16
Celtis,19620,7,"[1.6e+04,1.7e+04)",7
Celtis,19620,8,"[1.7e+04,1.8e+04)",0
Celtis,19620,9,"[1.8e+04,1.9e+04)",2
Celtis,19620,11,"[1e+04,1.1e+04)",0
Celtis,19620,12,"[2.03e+03,3.03e+03)",0
Celtis,19620,13,"[3.03e+03,4.03e+03)",1
Celtis,19620,14,"[4.03e+03,5.03e+03)",0
Celtis,19620,15,"[5.03e+03,6.03e+03)",3
Celtis,19620,16,"[6.03e+03,7.03e+03)",0
Celtis,19620,17,"[7.03e+03,8.03e+03)",0
Celtis,19620,18,"[8.03e+03,9.03e+03)",0
Celtis,19620,19,"[9.03e+03,1e+04)",0
Cephalanthus,19620,1,"[1.03e+03,2.03e+03)",2
Cephalanthus,19620,2,"[1.1e+04,1.2e+04)",0
Cephalanthus,19620,3,"[1.2e+04,1.3e+04)",0
Cephalanthus,19620,4,"[1.3e+04,1.4e+04)",0
Cephalanthus,19620,5,"[1.4e+04,1.5e+04)",0
Cephalanthus,19620,6,"[1.5e+04,1.6e+04)",0
Cephalanthus,19620,7,"[1.6e+04,1.7e+04)",0
Cephalanthus,19620,8,"[1.7e+04,1.8e+04)",0
Cephalanthus,19620,9,"[1.8e+04,1.9e+04)",0
Cephalanthus,19620,11,"[1e+04,1.1e+04)",0
Cephalanthus,19620,12,"[2.03e+03,3.03e+03)",0
Cephalanthus,19620,13,"[3.03e+03,4.03e+03)",1
Cephalanthus,19620,14,"[4.03e+03,5.03e+03)",0
Cephalanthus,19620,15,"[5.03e+03,6.03e+03)",0
Cephalanthus,19620,16,"[6.03e+03,7.03e+03)",0
Cephalanthus,19620,17,"[7.03e+03,8.03e+03)",0
Cephalanthus,19620,18,"[8.03e+03,9.03e+03)",0
Cephalanthus,19620,19,"[9.03e+03,1e+04)",0
Ceratiola ericoides-type,19620,1,"[1.03e+03,2.03e+03)",0
Ceratiola ericoides-type,19620,2,"[1.1e+04,1.2e+04)",0
Ceratiola ericoides-type,19620,3,"[1.2e+04,1.3e+04)",1
Ceratiola ericoides-type,19620,4,"[1.3e+04,1.4e+04)",1
Ceratiola ericoides-type,19620,5,"[1.4e+04,1.5e+04)",0
Ceratiola ericoides-type,19620,6,"[1.5e+04,1.6e+04)",0
Ceratiola ericoides-type,19620,7,"[1.6e+04,1.7e+04)",0
Ceratiola ericoides-type,19620,8,"[1.7e+04,1.8e+04)",0
Ceratiola ericoides-type,19620,9,"[1.8e+04,1.9e+04)",0
Ceratiola ericoides-type,19620,11,"[1e+04,1.1e+04)",0
Ceratiola ericoides-type,19620,12,"[2.03e+03,3.03e+03)",0
Ceratiola ericoides-type,19620,13,"[3.03e+03,4.03e+03)",1
Ceratiola ericoides-type,19620,14,"[4.03e+03,5.03e+03)",0
Ceratiola ericoides-type,19620,15,"[5.03e+03,6.03e+03)",3
Ceratiola ericoides-type,19620,16,"[6.03e+03,7.03e+03)",1
Ceratiola ericoides-type,19620,17,"[7.03e+03,8.03e+03)",1
Ceratiola ericoides-type,19620,18,"[8.03e+03,9.03e+03)",1
Ceratiola ericoides-type,19620,19,"[9.03e+03,1e+04)",0
Chamaecrista fasciculata-type,19620,1,"[1.03e+03,2.03e+03)",0
Chamaecrista fasciculata-type,19620,2,"[1.1e+04,1.2e+04)",2
Chamaecrista fasciculata-type,19620,3,"[1.2e+04,1.3e+04)",4
Chamaecrista fasciculata-type,19620,4,"[1.3e+04,1.4e+04)",0
Chamaecrista fasciculata-type,19620,5,"[1.4e+04,1.5e+04)",1
Chamaecrista fasciculata-type,19620,6,"[1.5e+04,1.6e+04)",1
Chamaecrista fasciculata-type,19620,7,"[1.6e+04,1.7e+04)",0
Chamaecrista fasciculata-type,19620,8,"[1.7e+04,1.8e+04)",0
Chamaecrista fasciculata-type,19620,9,"[1.8e+04,1.9e+04)",0
Chamaecrista fasciculata-type,19620,11,"[1e+04,1.1e+04)",1
Chamaecrista fasciculata-type,19620,12,"[2.03e+03,3.03e+03)",2
Chamaecrista fasciculata-type,19620,13,"[3.03e+03,4.03e+03)",0
Chamaecrista fasciculata-type,19620,14,"[4.03e+03,5.03e+03)",0
Chamaecrista fasciculata-type,19620,15,"[5.03e+03,6.03e+03)",1
Chamaecrista fasciculata-type,19620,16,"[6.03e+03,7.03e+03)",3
Chamaecrista fasciculata-type,19620,17,"[7.03e+03,8.03e+03)",2
Chamaecrista fasciculata-type,19620,18,"[8.03e+03,9.03e+03)",0
Chamaecrista fasciculata-type,19620,19,"[9.03e+03,1e+04)",0
Chamaecrista-type,19620,1,"[1.03e+03,2.03e+03)",0
Chamaecrista-type,19620,2,"[1.1e+04,1.2e+04)",1
Chamaecrista-type,19620,3,"[1.2e+04,1.3e+04)",3
Chamaecrista-type,19620,4,"[1.3e+04,1.4e+04)",1
Chamaecrista-type,19620,5,"[1.4e+04,1.5e+04)",0
Chamaecrista-type,19620,6,"[1.5e+04,1.6e+04)",0
Chamaecrista-type,19620,7,"[1.6e+04,1.7e+04)",0
Chamaecrista-type,19620,8,"[1.7e+04,1.8e+04)",1
Chamaecrista-type,19620,9,"[1.8e+04,1.9e+04)",1
Chamaecrista-type,19620,11,"[1e+04,1.1e+04)",0
Chamaecrista-type,19620,12,"[2.03e+03,3.03e+03)",1
Chamaecrista-type,19620,13,"[3.03e+03,4.03e+03)",0
Chamaecrista-type,19620,14,"[4.03e+03,5.03e+03)",0
Chamaecrista-type,19620,15,"[5.03e+03,6.03e+03)",2
Chamaecrista-type,19620,16,"[6.03e+03,7.03e+03)",0
Chamaecrista-type,19620,17,"[7.03e+03,8.03e+03)",0
Chamaecrista-type,19620,18,"[8.03e+03,9.03e+03)",0
Chamaecrista-type,19620,19,"[9.03e+03,1e+04)",1
Chamaecyparis-type,19620,1,"[1.03e+03,2.03e+03)",1
Chamaecyparis-type,19620,2,"[1.1e+04,1.2e+04)",0
Chamaecyparis-type,19620,3,"[1.2e+04,1.3e+04)",0
Chamaecyparis-type,19620,4,"[1.3e+04,1.4e+04)",0
Chamaecyparis-type,19620,5,"[1.4e+04,1.5e+04)",0
Chamaecyparis-type,19620,6,"[1.5e+04,1.6e+04)",0
Chamaecyparis-type,19620,7,"[1.6e+04,1.7e+04)",0
Chamaecyparis-type,19620,8,"[1.7e+04,1.8e+04)",0
Chamaecyparis-type,19620,9,"[1.8e+04,1.9e+04)",0
Chamaecyparis-type,19620,11,"[1e+04,1.1e+04)",0
Chamaecyparis-type,19620,12,"[2.03e+03,3.03e+03)",0
Chamaecyparis-type,19620,13,"[3.03e+03,4.03e+03)",0
Chamaecyparis-type,19620,14,"[4.03e+03,5.03e+03)",0
Chamaecyparis-type,19620,15,"[5.03e+03,6.03e+03)",0
Chamaecyparis-type,19620,16,"[6.03e+03,7.03e+03)",0
Chamaecyparis-type,19620,17,"[7.03e+03,8.03e+03)",0
Chamaecyparis-type,19620,18,"[8.03e+03,9.03e+03)",0
Chamaecyparis-type,19620,19,"[9.03e+03,1e+04)",0
Cistaceae,19620,1,"[1.03e+03,2.03e+03)",0
Cistaceae,19620,2,"[1.1e+04,1.2e+04)",0
Cistaceae,19620,3,"[1.2e+04,1.3e+04)",0
Cistaceae,19620,4,"[1.3e+04,1.4e+04)",0
Cistaceae,19620,5,"[1.4e+04,1.5e+04)",0
Cistaceae,19620,6,"[1.5e+04,1.6e+04)",0
Cistaceae,19620,7,"[1.6e+04,1.7e+04)",0
Cistaceae,19620,8,"[1.7e+04,1.8e+04)",0
Cistaceae,19620,9,"[1.8e+04,1.9e+04)",0
Cistaceae,19620,11,"[1e+04,1.1e+04)",0
Cistaceae,19620,12,"[2.03e+03,3.03e+03)",0
Cistaceae,19620,13,"[3.03e+03,4.03e+03)",0
Cistaceae,19620,14,"[4.03e+03,5.03e+03)",0
Cistaceae,19620,15,"[5.03e+03,6.03e+03)",0
Cistaceae,19620,16,"[6.03e+03,7.03e+03)",0
Cistaceae,19620,17,"[7.03e+03,8.03e+03)",0
Cistaceae,19620,18,"[8.03e+03,9.03e+03)",0
Cistaceae,19620,19,"[9.03e+03,1e+04)",0
Clethra,19620,1,"[1.03e+03,2.03e+03)",0
Clethra,19620,2,"[1.1e+04,1.2e+04)",0
Clethra,19620,3,"[1.2e+04,1.3e+04)",0
Clethra,19620,4,"[1.3e+04,1.4e+04)",0
Clethra,19620,5,"[1.4e+04,1.5e+04)",0
Clethra,19620,6,"[1.5e+04,1.6e+04)",0
Clethra,19620,7,"[1.6e+04,1.7e+04)",0
Clethra,19620,8,"[1.7e+04,1.8e+04)",0
Clethra,19620,9,"[1.8e+04,1.9e+04)",0
Clethra,19620,11,"[1e+04,1.1e+04)",0
Clethra,19620,12,"[2.03e+03,3.03e+03)",0
Clethra,19620,13,"[3.03e+03,4.03e+03)",0
Clethra,19620,14,"[4.03e+03,5.03e+03)",0
Clethra,19620,15,"[5.03e+03,6.03e+03)",0
Clethra,19620,16,"[6.03e+03,7.03e+03)",0
Clethra,19620,17,"[7.03e+03,8.03e+03)",0
Clethra,19620,18,"[8.03e+03,9.03e+03)",0
Clethra,19620,19,"[9.03e+03,1e+04)",0
Corylus,19620,1,"[1.03e+03,2.03e+03)",0
Corylus,19620,2,"[1.1e+04,1.2e+04)",1
Corylus,19620,3,"[1.2e+04,1.3e+04)",0
Corylus,19620,4,"[1.3e+04,1.4e+04)",0
Corylus,19620,5,"[1.4e+04,1.5e+04)",0
Corylus,19620,6,"[1.5e+04,1.6e+04)",0
Corylus,19620,7,"[1.6e+04,1.7e+04)",0
Corylus,19620,8,"[1.7e+04,1.8e+04)",0
Corylus,19620,9,"[1.8e+04,1.9e+04)",0
Corylus,19620,11,"[1e+04,1.1e+04)",0
Corylus,19620,12,"[2.03e+03,3.03e+03)",0
Corylus,19620,13,"[3.03e+03,4.03e+03)",0
Corylus,19620,14,"[4.03e+03,5.03e+03)",0
Corylus,19620,15,"[5.03e+03,6.03e+03)",0
Corylus,19620,16,"[6.03e+03,7.03e+03)",0
Corylus,19620,17,"[7.03e+03,8.03e+03)",0
Corylus,19620,18,"[8.03e+03,9.03e+03)",0
Corylus,19620,19,"[9.03e+03,1e+04)",0
Cyrilla racemiflora,19620,1,"[1.03e+03,2.03e+03)",2
Cyrilla racemiflora,19620,2,"[1.1e+04,1.2e+04)",0
Cyrilla racemiflora,19620,3,"[1.2e+04,1.3e+04)",1
Cyrilla racemiflora,19620,4,"[1.3e+04,1.4e+04)",0
Cyrilla racemiflora,19620,5,"[1.4e+04,1.5e+04)",0
Cyrilla racemiflora,19620,6,"[1.5e+04,1.6e+04)",0
Cyrilla racemiflora,19620,7,"[1.6e+04,1.7e+04)",0
Cyrilla racemiflora,19620,8,"[1.7e+04,1.8e+04)",0
Cyrilla racemiflora,19620,9,"[1.8e+04,1.9e+04)",0
Cyrilla racemiflora,19620,11,"[1e+04,1.1e+04)",0
Cyrilla racemiflora,19620,12,"[2.03e+03,3.03e+03)",0
Cyrilla racemiflora,19620,13,"[3.03e+03,4.03e+03)",0
Cyrilla racemiflora,19620,14,"[4.03e+03,5.03e+03)",0
Cyrilla racemiflora,19620,15,"[5.03e+03,6.03e+03)",0
Cyrilla racemiflora,19620,16,"[6.03e+03,7.03e+03)",0
Cyrilla racemiflora,19620,17,"[7.03e+03,8.03e+03)",0
Cyrilla racemiflora,19620,18,"[8.03e+03,9.03e+03)",0
Cyrilla racemiflora,19620,19,"[9.03e+03,1e+04)",0
Dalea,19620,1,"[1.03e+03,2.03e+03)",0
Dalea,19620,2,"[1.1e+04,1.2e+04)",0
Dalea,19620,3,"[1.2e+04,1.3e+04)",0
Dalea,19620,4,"[1.3e+04,1.4e+04)",0
Dalea,19620,5,"[1.4e+04,1.5e+04)",0
Dalea,19620,6,"[1.5e+04,1.6e+04)",0
Dalea,19620,7,"[1.6e+04,1.7e+04)",1
Dalea,19620,8,"[1.7e+04,1.8e+04)",0
Dalea,19620,9,"[1.8e+04,1.9e+04)",0
Dalea,19620,11,"[1e+04,1.1e+04)",0
Dalea,19620,12,"[2.03e+03,3.03e+03)",0
Dalea,19620,13,"[3.03e+03,4.03e+03)",0
Dalea,19620,14,"[4.03e+03,5.03e+03)",0
Dalea,19620,15,"[5.03e+03,6.03e+03)",0
Dalea,19620,16,"[6.03e+03,7.03e+03)",0
Dalea,19620,17,"[7.03e+03,8.03e+03)",0
Dalea,19620,18,"[8.03e+03,9.03e+03)",0
Dalea,19620,19,"[9.03e+03,1e+04)",0
Dalea candida-type,19620,1,"[1.03e+03,2.03e+03)",0
Dalea candida-type,19620,2,"[1.1e+04,1.2e+04)",0
Dalea candida-type,19620,3,"[1.2e+04,1.3e+04)",0
Dalea candida-type,19620,4,"[1.3e+04,1.4e+04)",0
Dalea candida-type,19620,5,"[1.4e+04,1.5e+04)",0
Dalea candida-type,19620,6,"[1.5e+04,1.6e+04)",0
Dalea candida-type,19620,7,"[1.6e+04,1.7e+04)",0
Dalea candida-type,19620,8,"[1.7e+04,1.8e+04)",0
Dalea candida-type,19620,9,"[1.8e+04,1.9e+04)",0
Dalea candida-type,19620,11,"[1e+04,1.1e+04)",0
Dalea candida-type,19620,12,"[2.03e+03,3.03e+03)",0
Dalea candida-type,19620,13,"[3.03e+03,4.03e+03)",0
Dalea candida-type,19620,14,"[4.03e+03,5.03e+03)",0
Dalea candida-type,19620,15,"[5.03e+03,6.03e+03)",0
Dalea candida-type,19620,16,"[6.03e+03,7.03e+03)",0
Dalea candida-type,19620,17,"[7.03e+03,8.03e+03)",0
Dalea candida-type,19620,18,"[8.03e+03,9.03e+03)",0
Dalea candida-type,19620,19,"[9.03e+03,1e+04)",0
Dalea purpurea,19620,1,"[1.03e+03,2.03e+03)",0
Dalea purpurea,19620,2,"[1.1e+04,1.2e+04)",0
Dalea purpurea,19620,3,"[1.2e+04,1.3e+04)",0
Dalea purpurea,19620,4,"[1.3e+04,1.4e+04)",0
Dalea purpurea,19620,5,"[1.4e+04,1.5e+04)",0
Dalea purpurea,19620,6,"[1.5e+04,1.6e+04)",0
Dalea purpurea,19620,7,"[1.6e+04,1.7e+04)",0
Dalea purpurea,19620,8,"[1.7e+04,1.8e+04)",0
Dalea purpurea,19620,9,"[1.8e+04,1.9e+04)",0
Dalea purpurea,19620,11,"[1e+04,1.1e+04)",0
Dalea purpurea,19620,12,"[2.03e+03,3.03e+03)",0
Dalea purpurea,19620,13,"[3.03e+03,4.03e+03)",0
Dalea purpurea,19620,14,"[4.03e+03,5.03e+03)",0
Dalea purpurea,19620,15,"[5.03e+03,6.03e+03)",0
Dalea purpurea,19620,16,"[6.03e+03,7.03e+03)",0
Dalea purpurea,19620,17,"[7.03e+03,8.03e+03)",1
Dalea purpurea,19620,18,"[8.03e+03,9.03e+03)",0
Dalea purpurea,19620,19,"[9.03e+03,1e+04)",0
Dodonaea,19620,1,"[1.03e+03,2.03e+03)",0
Dodonaea,19620,2,"[1.1e+04,1.2e+04)",0
Dodonaea,19620,3,"[1.2e+04,1.3e+04)",1
Dodonaea,19620,4,"[1.3e+04,1.4e+04)",2
Dodonaea,19620,5,"[1.4e+04,1.5e+04)",2
Dodonaea,19620,6,"[1.5e+04,1.6e+04)",2
Dodonaea,19620,7,"[1.6e+04,1.7e+04)",0
Dodonaea,19620,8,"[1.7e+04,1.8e+04)",0
Dodonaea,19620,9,"[1.8e+04,1.9e+04)",0
Dodonaea,19620,11,"[1e+04,1.1e+04)",2
Dodonaea,19620,12,"[2.03e+03,3.03e+03)",0
Dodonaea,19620,13,"[3.03e+03,4.03e+03)",0
Dodonaea,19620,14,"[4.03e+03,5.03e+03)",0
Dodonaea,19620,15,"[5.03e+03,6.03e+03)",0
Dodonaea,19620,16,"[6.03e+03,7.03e+03)",0
Dodonaea,19620,17,"[7.03e+03,8.03e+03)",1
Dodonaea,19620,18,"[8.03e+03,9.03e+03)",1
Dodonaea,19620,19,"[9.03e+03,1e+04)",0
Engelhardia-type,19620,1,"[1.03e+03,2.03e+03)",0
Engelhardia-type,19620,2,"[1.1e+04,1.2e+04)",0
Engelhardia-type,19620,3,"[1.2e+04,1.3e+04)",0
Engelhardia-type,19620,4,"[1.3e+04,1.4e+04)",0
Engelhardia-type,19620,5,"[1.4e+04,1.5e+04)",0
Engelhardia-type,19620,6,"[1.5e+04,1.6e+04)",0
Engelhardia-type,19620,7,"[1.6e+04,1.7e+04)",0
Engelhardia-type,19620,8,"[1.7e+04,1.8e+04)",0
Engelhardia-type,19620,9,"[1.8e+04,1.9e+04)",0
Engelhardia-type,19620,11,"[1e+04,1.1e+04)",0
Engelhardia-type,19620,12,"[2.03e+03,3.03e+03)",0
Engelhardia-type,19620,13,"[3.03e+03,4.03e+03)",0
Engelhardia-type,19620,14,"[4.03e+03,5.03e+03)",0
Engelhardia-type,19620,15,"[5.03e+03,6.03e+03)",0
Engelhardia-type,19620,16,"[6.03e+03,7.03e+03)",0
Engelhardia-type,19620,17,"[7.03e+03,8.03e+03)",0
Engelhardia-type,19620,18,"[8.03e+03,9.03e+03)",0
Engelhardia-type,19620,19,"[9.03e+03,1e+04)",0
Ericaceae,19620,1,"[1.03e+03,2.03e+03)",7
Ericaceae,19620,2,"[1.1e+04,1.2e+04)",3
Ericaceae,19620,3,"[1.2e+04,1.3e+04)",10
Ericaceae,19620,4,"[1.3e+04,1.4e+04)",2
Ericaceae,19620,5,"[1.4e+04,1.5e+04)",0
Ericaceae,19620,6,"[1.5e+04,1.6e+04)",3
Ericaceae,19620,7,"[1.6e+04,1.7e+04)",1
Ericaceae,19620,8,"[1.7e+04,1.8e+04)",2
Ericaceae,19620,9,"[1.8e+04,1.9e+04)",4
Ericaceae,19620,11,"[1e+04,1.1e+04)",1
Ericaceae,19620,12,"[2.03e+03,3.03e+03)",4
Ericaceae,19620,13,"[3.03e+03,4.03e+03)",8
Ericaceae,19620,14,"[4.03e+03,5.03e+03)",12
Ericaceae,19620,15,"[5.03e+03,6.03e+03)",12
Ericaceae,19620,16,"[6.03e+03,7.03e+03)",8
Ericaceae,19620,17,"[7.03e+03,8.03e+03)",5
Ericaceae,19620,18,"[8.03e+03,9.03e+03)",0
Ericaceae,19620,19,"[9.03e+03,1e+04)",4
Fagus,19620,1,"[1.03e+03,2.03e+03)",0
Fagus,19620,2,"[1.1e+04,1.2e+04)",0
Fagus,19620,3,"[1.2e+04,1.3e+04)",4
Fagus,19620,4,"[1.3e+04,1.4e+04)",4
Fagus,19620,5,"[1.4e+04,1.5e+04)",3
Fagus,19620,6,"[1.5e+04,1.6e+04)",2
Fagus,19620,7,"[1.6e+04,1.7e+04)",1
Fagus,19620,8,"[1.7e+04,1.8e+04)",0
Fagus,19620,9,"[1.8e+04,1.9e+04)",0
Fagus,19620,11,"[1e+04,1.1e+04)",0
Fagus,19620,12,"[2.03e+03,3.03e+03)",0
Fagus,19620,13,"[3.03e+03,4.03e+03)",0
Fagus,19620,14,"[4.03e+03,5.03e+03)",0
Fagus,19620,15,"[5.03e+03,6.03e+03)",0
Fagus,19620,16,"[6.03e+03,7.03e+03)",0
Fagus,19620,17,"[7.03e+03,8.03e+03)",0
Fagus,19620,18,"[8.03e+03,9.03e+03)",0
Fagus,19620,19,"[9.03e+03,1e+04)",1
Fraxinus nigra-type,19620,1,"[1.03e+03,2.03e+03)",0
Fraxinus nigra-type,19620,2,"[1.1e+04,1.2e+04)",0
Fraxinus nigra-type,19620,3,"[1.2e+04,1.3e+04)",0
Fraxinus nigra-type,19620,4,"[1.3e+04,1.4e+04)",0
Fraxinus nigra-type,19620,5,"[1.4e+04,1.5e+04)",0
Fraxinus nigra-type,19620,6,"[1.5e+04,1.6e+04)",0
Fraxinus nigra-type,19620,7,"[1.6e+04,1.7e+04)",0
Fraxinus nigra-type,19620,8,"[1.7e+04,1.8e+04)",0
Fraxinus nigra-type,19620,9,"[1.8e+04,1.9e+04)",1
Fraxinus nigra-type,19620,11,"[1e+04,1.1e+04)",0
Fraxinus nigra-type,19620,12,"[2.03e+03,3.03e+03)",0
Fraxinus nigra-type,19620,13,"[3.03e+03,4.03e+03)",0
Fraxinus nigra-type,19620,14,"[4.03e+03,5.03e+03)",0
Fraxinus nigra-type,19620,15,"[5.03e+03,6.03e+03)",0
Fraxinus nigra-type,19620,16,"[6.03e+03,7.03e+03)",0
Fraxinus nigra-type,19620,17,"[7.03e+03,8.03e+03)",0
Fraxinus nigra-type,19620,18,"[8.03e+03,9.03e+03)",0
Fraxinus nigra-type,19620,19,"[9.03e+03,1e+04)",0
Fraxinus pennsylvanica-type,19620,1,"[1.03e+03,2.03e+03)",0
Fraxinus pennsylvanica-type,19620,2,"[1.1e+04,1.2e+04)",0
Fraxinus pennsylvanica-type,19620,3,"[1.2e+04,1.3e+04)",0
Fraxinus pennsylvanica-type,19620,4,"[1.3e+04,1.4e+04)",1
Fraxinus pennsylvanica-type,19620,5,"[1.4e+04,1.5e+04)",0
Fraxinus pennsylvanica-type,19620,6,"[1.5e+04,1.6e+04)",1
Fraxinus pennsylvanica-type,19620,7,"[1.6e+04,1.7e+04)",0
Fraxinus pennsylvanica-type,19620,8,"[1.7e+04,1.8e+04)",2
Fraxinus pennsylvanica-type,19620,9,"[1.8e+04,1.9e+04)",5
Fraxinus pennsylvanica-type,19620,11,"[1e+04,1.1e+04)",0
Fraxinus pennsylvanica-type,19620,12,"[2.03e+03,3.03e+03)",0
Fraxinus pennsylvanica-type,19620,13,"[3.03e+03,4.03e+03)",0
Fraxinus pennsylvanica-type,19620,14,"[4.03e+03,5.03e+03)",0
Fraxinus pennsylvanica-type,19620,15,"[5.03e+03,6.03e+03)",0
Fraxinus pennsylvanica-type,19620,16,"[6.03e+03,7.03e+03)",0
Fraxinus pennsylvanica-type,19620,17,"[7.03e+03,8.03e+03)",0
Fraxinus pennsylvanica-type,19620,18,"[8.03e+03,9.03e+03)",0
Fraxinus pennsylvanica-type,19620,19,"[9.03e+03,1e+04)",0
Fraxinus undiff.,19620,1,"[1.03e+03,2.03e+03)",16
Fraxinus undiff.,19620,2,"[1.1e+04,1.2e+04)",2
Fraxinus undiff.,19620,3,"[1.2e+04,1.3e+04)",13
Fraxinus undiff.,19620,4,"[1.3e+04,1.4e+04)",6
Fraxinus undiff.,19620,5,"[1.4e+04,1.5e+04)",3
Fraxinus undiff.,19620,6,"[1.5e+04,1.6e+04)",18
Fraxinus undiff.,19620,7,"[1.6e+04,1.7e+04)",10
Fraxinus undiff.,19620,8,"[1.7e+04,1.8e+04)",3
Fraxinus undiff.,19620,9,"[1.8e+04,1.9e+04)",3
Fraxinus undiff.,19620,11,"[1e+04,1.1e+04)",0
Fraxinus undiff.,19620,12,"[2.03e+03,3.03e+03)",2
Fraxinus undiff.,19620,13,"[3.03e+03,4.03e+03)",7
Fraxinus undiff.,19620,14,"[4.03e+03,5.03e+03)",7
Fraxinus undiff.,19620,15,"[5.03e+03,6.03e+03)",10
Fraxinus undiff.,19620,16,"[6.03e+03,7.03e+03)",7
Fraxinus undiff.,19620,17,"[7.03e+03,8.03e+03)",3
Fraxinus undiff.,19620,18,"[8.03e+03,9.03e+03)",2
Fraxinus undiff.,19620,19,"[9.03e+03,1e+04)",2
Gordonia,19620,1,"[1.03e+03,2.03e+03)",0
Gordonia,19620,2,"[1.1e+04,1.2e+04)",0
Gordonia,19620,3,"[1.2e+04,1.3e+04)",0
Gordonia,19620,4,"[1.3e+04,1.4e+04)",1
Gordonia,19620,5,"[1.4e+04,1.5e+04)",0
Gordonia,19620,6,"[1.5e+04,1.6e+04)",0
Gordonia,19620,7,"[1.6e+04,1.7e+04)",0
Gordonia,19620,8,"[1.7e+04,1.8e+04)",0
Gordonia,19620,9,"[1.8e+04,1.9e+04)",0
Gordonia,19620,11,"[1e+04,1.1e+04)",0
Gordonia,19620,12,"[2.03e+03,3.03e+03)",1
Gordonia,19620,13,"[3.03e+03,4.03e+03)",1
Gordonia,19620,14,"[4.03e+03,5.03e+03)",0
Gordonia,19620,15,"[5.03e+03,6.03e+03)",1
Gordonia,19620,16,"[6.03e+03,7.03e+03)",0
Gordonia,19620,17,"[7.03e+03,8.03e+03)",0
Gordonia,19620,18,"[8.03e+03,9.03e+03)",0
Gordonia,19620,19,"[9.03e+03,1e+04)",0
Hedyosmum,19620,1,"[1.03e+03,2.03e+03)",0
Hedyosmum,19620,2,"[1.1e+04,1.2e+04)",0
Hedyosmum,19620,3,"[1.2e+04,1.3e+04)",1
Hedyosmum,19620,4,"[1.3e+04,1.4e+04)",0
Hedyosmum,19620,5,"[1.4e+04,1.5e+04)",0
Hedyosmum,19620,6,"[1.5e+04,1.6e+04)",0
Hedyosmum,19620,7,"[1.6e+04,1.7e+04)",0
Hedyosmum,19620,8,"[1.7e+04,1.8e+04)",0
Hedyosmum,19620,9,"[1.8e+04,1.9e+04)",0
Hedyosmum,19620,11,"[1e+04,1.1e+04)",0
Hedyosmum,19620,12,"[2.03e+03,3.03e+03)",0
Hedyosmum,19620,13,"[3.03e+03,4.03e+03)",0
Hedyosmum,19620,14,"[4.03e+03,5.03e+03)",0
Hedyosmum,19620,15,"[5.03e+03,6.03e+03)",0
Hedyosmum,19620,16,"[6.03e+03,7.03e+03)",0
Hedyosmum,19620,17,"[7.03e+03,8.03e+03)",0
Hedyosmum,19620,18,"[8.03e+03,9.03e+03)",0
Hedyosmum,19620,19,"[9.03e+03,1e+04)",0
Ilex,19620,1,"[1.03e+03,2.03e+03)",0
Ilex,19620,2,"[1.1e+04,1.2e+04)",0
Ilex,19620,3,"[1.2e+04,1.3e+04)",2
Ilex,19620,4,"[1.3e+04,1.4e+04)",1
Ilex,19620,5,"[1.4e+04,1.5e+04)",0
Ilex,19620,6,"[1.5e+04,1.6e+04)",3
Ilex,19620,7,"[1.6e+04,1.7e+04)",4
Ilex,19620,8,"[1.7e+04,1.8e+04)",2
Ilex,19620,9,"[1.8e+04,1.9e+04)",4
Ilex,19620,11,"[1e+04,1.1e+04)",0
Ilex,19620,12,"[2.03e+03,3.03e+03)",0
Ilex,19620,13,"[3.03e+03,4.03e+03)",2
Ilex,19620,14,"[4.03e+03,5.03e+03)",0
Ilex,19620,15,"[5.03e+03,6.03e+03)",0
Ilex,19620,16,"[6.03e+03,7.03e+03)",0
Ilex,19620,17,"[7.03e+03,8.03e+03)",0
Ilex,19620,18,"[8.03e+03,9.03e+03)",0
Ilex,19620,19,"[9.03e+03,1e+04)",0
Iva frutescens-type,19620,1,"[1.03e+03,2.03e+03)",7
Iva frutescens-type,19620,2,"[1.1e+04,1.2e+04)",12
Iva frutescens-type,19620,3,"[1.2e+04,1.3e+04)",30
Iva frutescens-type,19620,4,"[1.3e+04,1.4e+04)",16
Iva frutescens-type,19620,5,"[1.4e+04,1.5e+04)",20
Iva frutescens-type,19620,6,"[1.5e+04,1.6e+04)",8
Iva frutescens-type,19620,7,"[1.6e+04,1.7e+04)",23
Iva frutescens-type,19620,8,"[1.7e+04,1.8e+04)",24
Iva frutescens-type,19620,9,"[1.8e+04,1.9e+04)",17
Iva frutescens-type,19620,11,"[1e+04,1.1e+04)",10
Iva frutescens-type,19620,12,"[2.03e+03,3.03e+03)",11
Iva frutescens-type,19620,13,"[3.03e+03,4.03e+03)",17
Iva frutescens-type,19620,14,"[4.03e+03,5.03e+03)",14
Iva frutescens-type,19620,15,"[5.03e+03,6.03e+03)",27
Iva frutescens-type,19620,16,"[6.03e+03,7.03e+03)",33
Iva frutescens-type,19620,17,"[7.03e+03,8.03e+03)",54
Iva frutescens-type,19620,18,"[8.03e+03,9.03e+03)",40
Iva frutescens-type,19620,19,"[9.03e+03,1e+04)",39
Juglans nigra-type,19620,1,"[1.03e+03,2.03e+03)",0
Juglans nigra-type,19620,2,"[1.1e+04,1.2e+04)",0
Juglans nigra-type,19620,3,"[1.2e+04,1.3e+04)",0
Juglans nigra-type,19620,4,"[1.3e+04,1.4e+04)",0
Juglans nigra-type,19620,5,"[1.4e+04,1.5e+04)",0
Juglans nigra-type,19620,6,"[1.5e+04,1.6e+04)",0
Juglans nigra-type,19620,7,"[1.6e+04,1.7e+04)",0
Juglans nigra-type,19620,8,"[1.7e+04,1.8e+04)",0
Juglans nigra-type,19620,9,"[1.8e+04,1.9e+04)",0
Juglans nigra-type,19620,11,"[1e+04,1.1e+04)",0
Juglans nigra-type,19620,12,"[2.03e+03,3.03e+03)",0
Juglans nigra-type,19620,13,"[3.03e+03,4.03e+03)",0
Juglans nigra-type,19620,14,"[4.03e+03,5.03e+03)",0
Juglans nigra-type,19620,15,"[5.03e+03,6.03e+03)",0
Juglans nigra-type,19620,16,"[6.03e+03,7.03e+03)",0
Juglans nigra-type,19620,17,"[7.03e+03,8.03e+03)",0
Juglans nigra-type,19620,18,"[8.03e+03,9.03e+03)",0
Juglans nigra-type,19620,19,"[9.03e+03,1e+04)",0
Larix/Pseudotsuga,19620,1,"[1.03e+03,2.03e+03)",0
Larix/Pseudotsuga,19620,2,"[1.1e+04,1.2e+04)",0
Larix/Pseudotsuga,19620,3,"[1.2e+04,1.3e+04)",0
Larix/Pseudotsuga,19620,4,"[1.3e+04,1.4e+04)",0
Larix/Pseudotsuga,19620,5,"[1.4e+04,1.5e+04)",0
Larix/Pseudotsuga,19620,6,"[1.5e+04,1.6e+04)",0
Larix/Pseudotsuga,19620,7,"[1.6e+04,1.7e+04)",0
Larix/Pseudotsuga,19620,8,"[1.7e+04,1.8e+04)",0
Larix/Pseudotsuga,19620,9,"[1.8e+04,1.9e+04)",0
Larix/Pseudotsuga,19620,11,"[1e+04,1.1e+04)",0
Larix/Pseudotsuga,19620,12,"[2.03e+03,3.03e+03)",0
Larix/Pseudotsuga,19620,13,"[3.03e+03,4.03e+03)",0
Larix/Pseudotsuga,19620,14,"[4.03e+03,5.03e+03)",0
Larix/Pseudotsuga,19620,15,"[5.03e+03,6.03e+03)",0
Larix/Pseudotsuga,19620,16,"[6.03e+03,7.03e+03)",0
Larix/Pseudotsuga,19620,17,"[7.03e+03,8.03e+03)",0
Larix/Pseudotsuga,19620,18,"[8.03e+03,9.03e+03)",0
Larix/Pseudotsuga,19620,19,"[9.03e+03,1e+04)",0
Ledum-type,19620,1,"[1.03e+03,2.03e+03)",0
Ledum-type,19620,2,"[1.1e+04,1.2e+04)",0
Ledum-type,19620,3,"[1.2e+04,1.3e+04)",0
Ledum-type,19620,4,"[1.3e+04,1.4e+04)",0
Ledum-type,19620,5,"[1.4e+04,1.5e+04)",0
Ledum-type,19620,6,"[1.5e+04,1.6e+04)",0
Ledum-type,19620,7,"[1.6e+04,1.7e+04)",0
Ledum-type,19620,8,"[1.7e+04,1.8e+04)",0
Ledum-type,19620,9,"[1.8e+04,1.9e+04)",0
Ledum-type,19620,11,"[1e+04,1.1e+04)",0
Ledum-type,19620,12,"[2.03e+03,3.03e+03)",0
Ledum-type,19620,13,"[3.03e+03,4.03e+03)",0
Ledum-type,19620,14,"[4.03e+03,5.03e+03)",1
Ledum-type,19620,15,"[5.03e+03,6.03e+03)",0
Ledum-type,19620,16,"[6.03e+03,7.03e+03)",0
Ledum-type,19620,17,"[7.03e+03,8.03e+03)",0
Ledum-type,19620,18,"[8.03e+03,9.03e+03)",0
Ledum-type,19620,19,"[9.03e+03,1e+04)",0
Liquidambar,19620,1,"[1.03e+03,2.03e+03)",7
Liquidambar,19620,2,"[1.1e+04,1.2e+04)",2
Liquidambar,19620,3,"[1.2e+04,1.3e+04)",7
Liquidambar,19620,4,"[1.3e+04,1.4e+04)",2
Liquidambar,19620,5,"[1.4e+04,1.5e+04)",3
Liquidambar,19620,6,"[1.5e+04,1.6e+04)",1
Liquidambar,19620,7,"[1.6e+04,1.7e+04)",2
Liquidambar,19620,8,"[1.7e+04,1.8e+04)",0
Liquidambar,19620,9,"[1.8e+04,1.9e+04)",0
Liquidambar,19620,11,"[1e+04,1.1e+04)",0
Liquidambar,19620,12,"[2.03e+03,3.03e+03)",1
Liquidambar,19620,13,"[3.03e+03,4.03e+03)",3
Liquidambar,19620,14,"[4.03e+03,5.03e+03)",6
Liquidambar,19620,15,"[5.03e+03,6.03e+03)",4
Liquidambar,19620,16,"[6.03e+03,7.03e+03)",1
Liquidambar,19620,17,"[7.03e+03,8.03e+03)",1
Liquidambar,19620,18,"[8.03e+03,9.03e+03)",0
Liquidambar,19620,19,"[9.03e+03,1e+04)",0
Magnolia,19620,1,"[1.03e+03,2.03e+03)",0
Magnolia,19620,2,"[1.1e+04,1.2e+04)",0
Magnolia,19620,3,"[1.2e+04,1.3e+04)",0
Magnolia,19620,4,"[1.3e+04,1.4e+04)",0
Magnolia,19620,5,"[1.4e+04,1.5e+04)",0
Magnolia,19620,6,"[1.5e+04,1.6e+04)",0
Magnolia,19620,7,"[1.6e+04,1.7e+04)",0
Magnolia,19620,8,"[1.7e+04,1.8e+04)",0
Magnolia,19620,9,"[1.8e+04,1.9e+04)",0
Magnolia,19620,11,"[1e+04,1.1e+04)",0
Magnolia,19620,12,"[2.03e+03,3.03e+03)",0
Magnolia,19620,13,"[3.03e+03,4.03e+03)",0
Magnolia,19620,14,"[4.03e+03,5.03e+03)",0
Magnolia,19620,15,"[5.03e+03,6.03e+03)",0
Magnolia,19620,16,"[6.03e+03,7.03e+03)",0
Magnolia,19620,17,"[7.03e+03,8.03e+03)",0
Magnolia,19620,18,"[8.03e+03,9.03e+03)",0
Magnolia,19620,19,"[9.03e+03,1e+04)",0
mimosoid clade,19620,1,"[1.03e+03,2.03e+03)",1
mimosoid clade,19620,2,"[1.1e+04,1.2e+04)",0
mimosoid clade,19620,3,"[1.2e+04,1.3e+04)",0
mimosoid clade,19620,4,"[1.3e+04,1.4e+04)",0
mimosoid clade,19620,5,"[1.4e+04,1.5e+04)",0
mimosoid clade,19620,6,"[1.5e+04,1.6e+04)",0
mimosoid clade,19620,7,"[1.6e+04,1.7e+04)",0
mimosoid clade,19620,8,"[1.7e+04,1.8e+04)",0
mimosoid clade,19620,9,"[1.8e+04,1.9e+04)",0
mimosoid clade,19620,11,"[1e+04,1.1e+04)",0
mimosoid clade,19620,12,"[2.03e+03,3.03e+03)",0
mimosoid clade,19620,13,"[3.03e+03,4.03e+03)",2
mimosoid clade,19620,14,"[4.03e+03,5.03e+03)",0
mimosoid clade,19620,15,"[5.03e+03,6.03e+03)",1
mimosoid clade,19620,16,"[6.03e+03,7.03e+03)",0
mimosoid clade,19620,17,"[7.03e+03,8.03e+03)",0
mimosoid clade,19620,18,"[8.03e+03,9.03e+03)",0
mimosoid clade,19620,19,"[9.03e+03,1e+04)",0
Morus,19620,1,"[1.03e+03,2.03e+03)",0
Morus,19620,2,"[1.1e+04,1.2e+04)",2
Morus,19620,3,"[1.2e+04,1.3e+04)",2
Morus,19620,4,"[1.3e+04,1.4e+04)",1
Morus,19620,5,"[1.4e+04,1.5e+04)",1
Morus,19620,6,"[1.5e+04,1.6e+04)",1
Morus,19620,7,"[1.6e+04,1.7e+04)",2
Morus,19620,8,"[1.7e+04,1.8e+04)",0
Morus,19620,9,"[1.8e+04,1.9e+04)",1
Morus,19620,11,"[1e+04,1.1e+04)",0
Morus,19620,12,"[2.03e+03,3.03e+03)",0
Morus,19620,13,"[3.03e+03,4.03e+03)",1
Morus,19620,14,"[4.03e+03,5.03e+03)",2
Morus,19620,15,"[5.03e+03,6.03e+03)",0
Morus,19620,16,"[6.03e+03,7.03e+03)",1
Morus,19620,17,"[7.03e+03,8.03e+03)",1
Morus,19620,18,"[8.03e+03,9.03e+03)",0
Morus,19620,19,"[9.03e+03,1e+04)",0
Myrica,19620,1,"[1.03e+03,2.03e+03)",74
Myrica,19620,2,"[1.1e+04,1.2e+04)",7
Myrica,19620,3,"[1.2e+04,1.3e+04)",14
Myrica,19620,4,"[1.3e+04,1.4e+04)",3
Myrica,19620,5,"[1.4e+04,1.5e+04)",9
Myrica,19620,6,"[1.5e+04,1.6e+04)",22
Myrica,19620,7,"[1.6e+04,1.7e+04)",9
Myrica,19620,8,"[1.7e+04,1.8e+04)",6
Myrica,19620,9,"[1.8e+04,1.9e+04)",8
Myrica,19620,11,"[1e+04,1.1e+04)",3
Myrica,19620,12,"[2.03e+03,3.03e+03)",14
Myrica,19620,13,"[3.03e+03,4.03e+03)",37
Myrica,19620,14,"[4.03e+03,5.03e+03)",38
Myrica,19620,15,"[5.03e+03,6.03e+03)",52
Myrica,19620,16,"[6.03e+03,7.03e+03)",23
Myrica,19620,17,"[7.03e+03,8.03e+03)",10
Myrica,19620,18,"[8.03e+03,9.03e+03)",10
Myrica,19620,19,"[9.03e+03,1e+04)",8
Nyssa,19620,1,"[1.03e+03,2.03e+03)",6
Nyssa,19620,2,"[1.1e+04,1.2e+04)",0
Nyssa,19620,3,"[1.2e+04,1.3e+04)",0
Nyssa,19620,4,"[1.3e+04,1.4e+04)",0
Nyssa,19620,5,"[1.4e+04,1.5e+04)",0
Nyssa,19620,6,"[1.5e+04,1.6e+04)",0
Nyssa,19620,7,"[1.6e+04,1.7e+04)",1
Nyssa,19620,8,"[1.7e+04,1.8e+04)",0
Nyssa,19620,9,"[1.8e+04,1.9e+04)",0
Nyssa,19620,11,"[1e+04,1.1e+04)",0
Nyssa,19620,12,"[2.03e+03,3.03e+03)",0
Nyssa,19620,13,"[3.03e+03,4.03e+03)",1
Nyssa,19620,14,"[4.03e+03,5.03e+03)",1
Nyssa,19620,15,"[5.03e+03,6.03e+03)",2
Nyssa,19620,16,"[6.03e+03,7.03e+03)",1
Nyssa,19620,17,"[7.03e+03,8.03e+03)",0
Nyssa,19620,18,"[8.03e+03,9.03e+03)",0
Nyssa,19620,19,"[9.03e+03,1e+04)",0
Opuntia,19620,1,"[1.03e+03,2.03e+03)",1
Opuntia,19620,2,"[1.1e+04,1.2e+04)",0
Opuntia,19620,3,"[1.2e+04,1.3e+04)",0
Opuntia,19620,4,"[1.3e+04,1.4e+04)",0.5
Opuntia,19620,5,"[1.4e+04,1.5e+04)",0
Opuntia,19620,6,"[1.5e+04,1.6e+04)",0
Opuntia,19620,7,"[1.6e+04,1.7e+04)",0
Opuntia,19620,8,"[1.7e+04,1.8e+04)",0
Opuntia,19620,9,"[1.8e+04,1.9e+04)",0
Opuntia,19620,11,"[1e+04,1.1e+04)",0
Opuntia,19620,12,"[2.03e+03,3.03e+03)",0
Opuntia,19620,13,"[3.03e+03,4.03e+03)",0
Opuntia,19620,14,"[4.03e+03,5.03e+03)",0
Opuntia,19620,15,"[5.03e+03,6.03e+03)",0.5
Opuntia,19620,16,"[6.03e+03,7.03e+03)",0
Opuntia,19620,17,"[7.03e+03,8.03e+03)",0
Opuntia,19620,18,"[8.03e+03,9.03e+03)",0
Opuntia,19620,19,"[9.03e+03,1e+04)",0
Osmanthus,19620,1,"[1.03e+03,2.03e+03)",0
Osmanthus,19620,2,"[1.1e+04,1.2e+04)",0
Osmanthus,19620,3,"[1.2e+04,1.3e+04)",1
Osmanthus,19620,4,"[1.3e+04,1.4e+04)",0
Osmanthus,19620,5,"[1.4e+04,1.5e+04)",3
Osmanthus,19620,6,"[1.5e+04,1.6e+04)",0
Osmanthus,19620,7,"[1.6e+04,1.7e+04)",2
Osmanthus,19620,8,"[1.7e+04,1.8e+04)",0
Osmanthus,19620,9,"[1.8e+04,1.9e+04)",1
Osmanthus,19620,11,"[1e+04,1.1e+04)",0
Osmanthus,19620,12,"[2.03e+03,3.03e+03)",0
Osmanthus,19620,13,"[3.03e+03,4.03e+03)",0
Osmanthus,19620,14,"[4.03e+03,5.03e+03)",0
Osmanthus,19620,15,"[5.03e+03,6.03e+03)",0
Osmanthus,19620,16,"[6.03e+03,7.03e+03)",0
Osmanthus,19620,17,"[7.03e+03,8.03e+03)",0
Osmanthus,19620,18,"[8.03e+03,9.03e+03)",0
Osmanthus,19620,19,"[9.03e+03,1e+04)",0
Ostrya/Carpinus,19620,1,"[1.03e+03,2.03e+03)",10
Ostrya/Carpinus,19620,2,"[1.1e+04,1.2e+04)",6
Ostrya/Carpinus,19620,3,"[1.2e+04,1.3e+04)",22
Ostrya/Carpinus,19620,4,"[1.3e+04,1.4e+04)",9
Ostrya/Carpinus,19620,5,"[1.4e+04,1.5e+04)",9
Ostrya/Carpinus,19620,6,"[1.5e+04,1.6e+04)",32
Ostrya/Carpinus,19620,7,"[1.6e+04,1.7e+04)",17
Ostrya/Carpinus,19620,8,"[1.7e+04,1.8e+04)",3
Ostrya/Carpinus,19620,9,"[1.8e+04,1.9e+04)",3
Ostrya/Carpinus,19620,11,"[1e+04,1.1e+04)",1
Ostrya/Carpinus,19620,12,"[2.03e+03,3.03e+03)",2
Ostrya/Carpinus,19620,13,"[3.03e+03,4.03e+03)",5
Ostrya/Carpinus,19620,14,"[4.03e+03,5.03e+03)",4
Ostrya/Carpinus,19620,15,"[5.03e+03,6.03e+03)",3
Ostrya/Carpinus,19620,16,"[6.03e+03,7.03e+03)",0
Ostrya/Carpinus,19620,17,"[7.03e+03,8.03e+03)",1
Ostrya/Carpinus,19620,18,"[8.03e+03,9.03e+03)",0
Ostrya/Carpinus,19620,19,"[9.03e+03,1e+04)",1
Phoradendron,19620,1,"[1.03e+03,2.03e+03)",0
Phoradendron,19620,2,"[1.1e+04,1.2e+04)",0
Phoradendron,19620,3,"[1.2e+04,1.3e+04)",0
Phoradendron,19620,4,"[1.3e+04,1.4e+04)",0
Phoradendron,19620,5,"[1.4e+04,1.5e+04)",0
Phoradendron,19620,6,"[1.5e+04,1.6e+04)",0
Phoradendron,19620,7,"[1.6e+04,1.7e+04)",0
Phoradendron,19620,8,"[1.7e+04,1.8e+04)",0
Phoradendron,19620,9,"[1.8e+04,1.9e+04)",0
Phoradendron,19620,11,"[1e+04,1.1e+04)",0
Phoradendron,19620,12,"[2.03e+03,3.03e+03)",0
Phoradendron,19620,13,"[3.03e+03,4.03e+03)",0
Phoradendron,19620,14,"[4.03e+03,5.03e+03)",0
Phoradendron,19620,15,"[5.03e+03,6.03e+03)",1
Phoradendron,19620,16,"[6.03e+03,7.03e+03)",0
Phoradendron,19620,17,"[7.03e+03,8.03e+03)",0
Phoradendron,19620,18,"[8.03e+03,9.03e+03)",0
Phoradendron,19620,19,"[9.03e+03,1e+04)",0
Picea,19620,1,"[1.03e+03,2.03e+03)",0
Picea,19620,2,"[1.1e+04,1.2e+04)",0
Picea,19620,3,"[1.2e+04,1.3e+04)",0
Picea,19620,4,"[1.3e+04,1.4e+04)",0
Picea,19620,5,"[1.4e+04,1.5e+04)",0
Picea,19620,6,"[1.5e+04,1.6e+04)",0
Picea,19620,7,"[1.6e+04,1.7e+04)",0
Picea,19620,8,"[1.7e+04,1.8e+04)",0
Picea,19620,9,"[1.8e+04,1.9e+04)",0
Picea,19620,11,"[1e+04,1.1e+04)",0
Picea,19620,12,"[2.03e+03,3.03e+03)",0
Picea,19620,13,"[3.03e+03,4.03e+03)",0
Picea,19620,14,"[4.03e+03,5.03e+03)",0
Picea,19620,15,"[5.03e+03,6.03e+03)",0
Picea,19620,16,"[6.03e+03,7.03e+03)",0
Picea,19620,17,"[7.03e+03,8.03e+03)",0
Picea,19620,18,"[8.03e+03,9.03e+03)",0
Picea,19620,19,"[9.03e+03,1e+04)",0
Pinus subg. Pinus,19620,1,"[1.03e+03,2.03e+03)",149
Pinus subg. Pinus,19620,2,"[1.1e+04,1.2e+04)",95
Pinus subg. Pinus,19620,3,"[1.2e+04,1.3e+04)",105
Pinus subg. Pinus,19620,4,"[1.3e+04,1.4e+04)",15
Pinus subg. Pinus,19620,5,"[1.4e+04,1.5e+04)",23
Pinus subg. Pinus,19620,6,"[1.5e+04,1.6e+04)",112
Pinus subg. Pinus,19620,7,"[1.6e+04,1.7e+04)",18
Pinus subg. Pinus,19620,8,"[1.7e+04,1.8e+04)",14
Pinus subg. Pinus,19620,9,"[1.8e+04,1.9e+04)",10
Pinus subg. Pinus,19620,11,"[1e+04,1.1e+04)",10
Pinus subg. Pinus,19620,12,"[2.03e+03,3.03e+03)",71
Pinus subg. Pinus,19620,13,"[3.03e+03,4.03e+03)",82
Pinus subg. Pinus,19620,14,"[4.03e+03,5.03e+03)",114
Pinus subg. Pinus,19620,15,"[5.03e+03,6.03e+03)",186
Pinus subg. Pinus,19620,16,"[6.03e+03,7.03e+03)",58
Pinus subg. Pinus,19620,17,"[7.03e+03,8.03e+03)",44
Pinus subg. Pinus,19620,18,"[8.03e+03,9.03e+03)",35
Pinus subg. Pinus,19620,19,"[9.03e+03,1e+04)",36
Pinus subg. Strobus,19620,1,"[1.03e+03,2.03e+03)",2
Pinus subg. Strobus,19620,2,"[1.1e+04,1.2e+04)",2
Pinus subg. Strobus,19620,3,"[1.2e+04,1.3e+04)",0
Pinus subg. Strobus,19620,4,"[1.3e+04,1.4e+04)",0
Pinus subg. Strobus,19620,5,"[1.4e+04,1.5e+04)",0
Pinus subg. Strobus,19620,6,"[1.5e+04,1.6e+04)",0
Pinus subg. Strobus,19620,7,"[1.6e+04,1.7e+04)",0
Pinus subg. Strobus,19620,8,"[1.7e+04,1.8e+04)",0
Pinus subg. Strobus,19620,9,"[1.8e+04,1.9e+04)",0
Pinus subg. Strobus,19620,11,"[1e+04,1.1e+04)",0
Pinus subg. Strobus,19620,12,"[2.03e+03,3.03e+03)",6
Pinus subg. Strobus,19620,13,"[3.03e+03,4.03e+03)",10
Pinus subg. Strobus,19620,14,"[4.03e+03,5.03e+03)",5
Pinus subg. Strobus,19620,15,"[5.03e+03,6.03e+03)",1
Pinus subg. Strobus,19620,16,"[6.03e+03,7.03e+03)",1
Pinus subg. Strobus,19620,17,"[7.03e+03,8.03e+03)",0
Pinus subg. Strobus,19620,18,"[8.03e+03,9.03e+03)",0
Pinus subg. Strobus,19620,19,"[9.03e+03,1e+04)",0
Pinus undiff.,19620,1,"[1.03e+03,2.03e+03)",2584
Pinus undiff.,19620,2,"[1.1e+04,1.2e+04)",887.5
Pinus undiff.,19620,3,"[1.2e+04,1.3e+04)",819
Pinus undiff.,19620,4,"[1.3e+04,1.4e+04)",311.5
Pinus undiff.,19620,5,"[1.4e+04,1.5e+04)",357.5
Pinus undiff.,19620,6,"[1.5e+04,1.6e+04)",1121.5
Pinus undiff.,19620,7,"[1.6e+04,1.7e+04)",180.5
Pinus undiff.,19620,8,"[1.7e+04,1.8e+04)",99
Pinus undiff.,19620,9,"[1.8e+04,1.9e+04)",127.5
Pinus undiff.,19620,11,"[1e+04,1.1e+04)",261
Pinus undiff.,19620,12,"[2.03e+03,3.03e+03)",1308.5
Pinus undiff.,19620,13,"[3.03e+03,4.03e+03)",1654
Pinus undiff.,19620,14,"[4.03e+03,5.03e+03)",1844
Pinus undiff.,19620,15,"[5.03e+03,6.03e+03)",2125.5
Pinus undiff.,19620,16,"[6.03e+03,7.03e+03)",788
Pinus undiff.,19620,17,"[7.03e+03,8.03e+03)",495
Pinus undiff.,19620,18,"[8.03e+03,9.03e+03)",283
Pinus undiff.,19620,19,"[9.03e+03,1e+04)",550
Piperaceae-type,19620,1,"[1.03e+03,2.03e+03)",0
Piperaceae-type,19620,2,"[1.1e+04,1.2e+04)",0
Piperaceae-type,19620,3,"[1.2e+04,1.3e+04)",0
Piperaceae-type,19620,4,"[1.3e+04,1.4e+04)",0
Piperaceae-type,19620,5,"[1.4e+04,1.5e+04)",0
Piperaceae-type,19620,6,"[1.5e+04,1.6e+04)",0
Piperaceae-type,19620,7,"[1.6e+04,1.7e+04)",0
Piperaceae-type,19620,8,"[1.7e+04,1.8e+04)",0
Piperaceae-type,19620,9,"[1.8e+04,1.9e+04)",0
Piperaceae-type,19620,11,"[1e+04,1.1e+04)",0
Piperaceae-type,19620,12,"[2.03e+03,3.03e+03)",0
Piperaceae-type,19620,13,"[3.03e+03,4.03e+03)",0
Piperaceae-type,19620,14,"[4.03e+03,5.03e+03)",0
Piperaceae-type,19620,15,"[5.03e+03,6.03e+03)",0
Piperaceae-type,19620,16,"[6.03e+03,7.03e+03)",0
Piperaceae-type,19620,17,"[7.03e+03,8.03e+03)",0
Piperaceae-type,19620,18,"[8.03e+03,9.03e+03)",0
Piperaceae-type,19620,19,"[9.03e+03,1e+04)",0
Platanus,19620,1,"[1.03e+03,2.03e+03)",0
Platanus,19620,2,"[1.1e+04,1.2e+04)",1
Platanus,19620,3,"[1.2e+04,1.3e+04)",2
Platanus,19620,4,"[1.3e+04,1.4e+04)",0
Platanus,19620,5,"[1.4e+04,1.5e+04)",2
Platanus,19620,6,"[1.5e+04,1.6e+04)",4
Platanus,19620,7,"[1.6e+04,1.7e+04)",2
Platanus,19620,8,"[1.7e+04,1.8e+04)",0
Platanus,19620,9,"[1.8e+04,1.9e+04)",0
Platanus,19620,11,"[1e+04,1.1e+04)",0
Platanus,19620,12,"[2.03e+03,3.03e+03)",0
Platanus,19620,13,"[3.03e+03,4.03e+03)",0
Platanus,19620,14,"[4.03e+03,5.03e+03)",1
Platanus,19620,15,"[5.03e+03,6.03e+03)",0
Platanus,19620,16,"[6.03e+03,7.03e+03)",1
Platanus,19620,17,"[7.03e+03,8.03e+03)",0
Platanus,19620,18,"[8.03e+03,9.03e+03)",1
Platanus,19620,19,"[9.03e+03,1e+04)",0
Podocarpus,19620,1,"[1.03e+03,2.03e+03)",1
Podocarpus,19620,2,"[1.1e+04,1.2e+04)",0
Podocarpus,19620,3,"[1.2e+04,1.3e+04)",1
Podocarpus,19620,4,"[1.3e+04,1.4e+04)",0
Podocarpus,19620,5,"[1.4e+04,1.5e+04)",0
Podocarpus,19620,6,"[1.5e+04,1.6e+04)",1
Podocarpus,19620,7,"[1.6e+04,1.7e+04)",0
Podocarpus,19620,8,"[1.7e+04,1.8e+04)",0
Podocarpus,19620,9,"[1.8e+04,1.9e+04)",0
Podocarpus,19620,11,"[1e+04,1.1e+04)",0
Podocarpus,19620,12,"[2.03e+03,3.03e+03)",0
Podocarpus,19620,13,"[3.03e+03,4.03e+03)",1
Podocarpus,19620,14,"[4.03e+03,5.03e+03)",0
Podocarpus,19620,15,"[5.03e+03,6.03e+03)",1
Podocarpus,19620,16,"[6.03e+03,7.03e+03)",0
Podocarpus,19620,17,"[7.03e+03,8.03e+03)",0
Podocarpus,19620,18,"[8.03e+03,9.03e+03)",0
Podocarpus,19620,19,"[9.03e+03,1e+04)",0
Polygalaceae,19620,1,"[1.03e+03,2.03e+03)",0
Polygalaceae,19620,2,"[1.1e+04,1.2e+04)",0
Polygalaceae,19620,3,"[1.2e+04,1.3e+04)",0
Polygalaceae,19620,4,"[1.3e+04,1.4e+04)",0
Polygalaceae,19620,5,"[1.4e+04,1.5e+04)",0
Polygalaceae,19620,6,"[1.5e+04,1.6e+04)",0
Polygalaceae,19620,7,"[1.6e+04,1.7e+04)",0
Polygalaceae,19620,8,"[1.7e+04,1.8e+04)",0
Polygalaceae,19620,9,"[1.8e+04,1.9e+04)",1
Polygalaceae,19620,11,"[1e+04,1.1e+04)",0
Polygalaceae,19620,12,"[2.03e+03,3.03e+03)",0
Polygalaceae,19620,13,"[3.03e+03,4.03e+03)",0
Polygalaceae,19620,14,"[4.03e+03,5.03e+03)",0
Polygalaceae,19620,15,"[5.03e+03,6.03e+03)",0
Polygalaceae,19620,16,"[6.03e+03,7.03e+03)",0
Polygalaceae,19620,17,"[7.03e+03,8.03e+03)",0
Polygalaceae,19620,18,"[8.03e+03,9.03e+03)",0
Polygalaceae,19620,19,"[9.03e+03,1e+04)",0
Populus,19620,1,"[1.03e+03,2.03e+03)",1
Populus,19620,2,"[1.1e+04,1.2e+04)",0
Populus,19620,3,"[1.2e+04,1.3e+04)",0
Populus,19620,4,"[1.3e+04,1.4e+04)",0
Populus,19620,5,"[1.4e+04,1.5e+04)",0
Populus,19620,6,"[1.5e+04,1.6e+04)",0
Populus,19620,7,"[1.6e+04,1.7e+04)",0
Populus,19620,8,"[1.7e+04,1.8e+04)",0
Populus,19620,9,"[1.8e+04,1.9e+04)",0
Populus,19620,11,"[1e+04,1.1e+04)",0
Populus,19620,12,"[2.03e+03,3.03e+03)",0
Populus,19620,13,"[3.03e+03,4.03e+03)",0
Populus,19620,14,"[4.03e+03,5.03e+03)",0
Populus,19620,15,"[5.03e+03,6.03e+03)",0
Populus,19620,16,"[6.03e+03,7.03e+03)",0
Populus,19620,17,"[7.03e+03,8.03e+03)",0
Populus,19620,18,"[8.03e+03,9.03e+03)",0
Populus,19620,19,"[9.03e+03,1e+04)",0
Quercus,19620,1,"[1.03e+03,2.03e+03)",261
Quercus,19620,2,"[1.1e+04,1.2e+04)",1412
Quercus,19620,3,"[1.2e+04,1.3e+04)",1451
Quercus,19620,4,"[1.3e+04,1.4e+04)",687
Quercus,19620,5,"[1.4e+04,1.5e+04)",577.5
Quercus,19620,6,"[1.5e+04,1.6e+04)",948.5
Quercus,19620,7,"[1.6e+04,1.7e+04)",391
Quercus,19620,8,"[1.7e+04,1.8e+04)",450
Quercus,19620,9,"[1.8e+04,1.9e+04)",472.5
Quercus,19620,11,"[1e+04,1.1e+04)",298
Quercus,19620,12,"[2.03e+03,3.03e+03)",121
Quercus,19620,13,"[3.03e+03,4.03e+03)",191
Quercus,19620,14,"[4.03e+03,5.03e+03)",314
Quercus,19620,15,"[5.03e+03,6.03e+03)",655.5
Quercus,19620,16,"[6.03e+03,7.03e+03)",675
Quercus,19620,17,"[7.03e+03,8.03e+03)",583
Quercus,19620,18,"[8.03e+03,9.03e+03)",303
Quercus,19620,19,"[9.03e+03,1e+04)",487
Rhus,19620,1,"[1.03e+03,2.03e+03)",1
Rhus,19620,2,"[1.1e+04,1.2e+04)",0
Rhus,19620,3,"[1.2e+04,1.3e+04)",0
Rhus,19620,4,"[1.3e+04,1.4e+04)",0
Rhus,19620,5,"[1.4e+04,1.5e+04)",0
Rhus,19620,6,"[1.5e+04,1.6e+04)",0
Rhus,19620,7,"[1.6e+04,1.7e+04)",0
Rhus,19620,8,"[1.7e+04,1.8e+04)",0
Rhus,19620,9,"[1.8e+04,1.9e+04)",0
Rhus,19620,11,"[1e+04,1.1e+04)",0
Rhus,19620,12,"[2.03e+03,3.03e+03)",0
Rhus,19620,13,"[3.03e+03,4.03e+03)",0
Rhus,19620,14,"[4.03e+03,5.03e+03)",0
Rhus,19620,15,"[5.03e+03,6.03e+03)",0
Rhus,19620,16,"[6.03e+03,7.03e+03)",0
Rhus,19620,17,"[7.03e+03,8.03e+03)",0
Rhus,19620,18,"[8.03e+03,9.03e+03)",0
Rhus,19620,19,"[9.03e+03,1e+04)",0
Sabal,19620,1,"[1.03e+03,2.03e+03)",0
Sabal,19620,2,"[1.1e+04,1.2e+04)",0
Sabal,19620,3,"[1.2e+04,1.3e+04)",0
Sabal,19620,4,"[1.3e+04,1.4e+04)",0
Sabal,19620,5,"[1.4e+04,1.5e+04)",1
Sabal,19620,6,"[1.5e+04,1.6e+04)",0
Sabal,19620,7,"[1.6e+04,1.7e+04)",0
Sabal,19620,8,"[1.7e+04,1.8e+04)",0
Sabal,19620,9,"[1.8e+04,1.9e+04)",0
Sabal,19620,11,"[1e+04,1.1e+04)",0
Sabal,19620,12,"[2.03e+03,3.03e+03)",0
Sabal,19620,13,"[3.03e+03,4.03e+03)",0
Sabal,19620,14,"[4.03e+03,5.03e+03)",0
Sabal,19620,15,"[5.03e+03,6.03e+03)",0
Sabal,19620,16,"[6.03e+03,7.03e+03)",0
Sabal,19620,17,"[7.03e+03,8.03e+03)",0
Sabal,19620,18,"[8.03e+03,9.03e+03)",0
Sabal,19620,19,"[9.03e+03,1e+04)",0
Salix,19620,1,"[1.03e+03,2.03e+03)",0
Salix,19620,2,"[1.1e+04,1.2e+04)",0
Salix,19620,3,"[1.2e+04,1.3e+04)",4
Salix,19620,4,"[1.3e+04,1.4e+04)",0
Salix,19620,5,"[1.4e+04,1.5e+04)",1
Salix,19620,6,"[1.5e+04,1.6e+04)",0
Salix,19620,7,"[1.6e+04,1.7e+04)",0
Salix,19620,8,"[1.7e+04,1.8e+04)",0
Salix,19620,9,"[1.8e+04,1.9e+04)",1
Salix,19620,11,"[1e+04,1.1e+04)",0
Salix,19620,12,"[2.03e+03,3.03e+03)",2
Salix,19620,13,"[3.03e+03,4.03e+03)",2
Salix,19620,14,"[4.03e+03,5.03e+03)",2
Salix,19620,15,"[5.03e+03,6.03e+03)",1
Salix,19620,16,"[6.03e+03,7.03e+03)",1
Salix,19620,17,"[7.03e+03,8.03e+03)",1
Salix,19620,18,"[8.03e+03,9.03e+03)",0
Salix,19620,19,"[9.03e+03,1e+04)",0
Sambucus,19620,1,"[1.03e+03,2.03e+03)",0
Sambucus,19620,2,"[1.1e+04,1.2e+04)",0
Sambucus,19620,3,"[1.2e+04,1.3e+04)",0
Sambucus,19620,4,"[1.3e+04,1.4e+04)",0
Sambucus,19620,5,"[1.4e+04,1.5e+04)",0
Sambucus,19620,6,"[1.5e+04,1.6e+04)",0
Sambucus,19620,7,"[1.6e+04,1.7e+04)",0
Sambucus,19620,8,"[1.7e+04,1.8e+04)",0
Sambucus,19620,9,"[1.8e+04,1.9e+04)",0
Sambucus,19620,11,"[1e+04,1.1e+04)",0
Sambucus,19620,12,"[2.03e+03,3.03e+03)",0
Sambucus,19620,13,"[3.03e+03,4.03e+03)",0
Sambucus,19620,14,"[4.03e+03,5.03e+03)",0
Sambucus,19620,15,"[5.03e+03,6.03e+03)",0
Sambucus,19620,16,"[6.03e+03,7.03e+03)",0
Sambucus,19620,17,"[7.03e+03,8.03e+03)",0
Sambucus,19620,18,"[8.03e+03,9.03e+03)",0
Sambucus,19620,19,"[9.03e+03,1e+04)",0
Sapindus,19620,1,"[1.03e+03,2.03e+03)",0
Sapindus,19620,2,"[1.1e+04,1.2e+04)",0
Sapindus,19620,3,"[1.2e+04,1.3e+04)",0
Sapindus,19620,4,"[1.3e+04,1.4e+04)",0
Sapindus,19620,5,"[1.4e+04,1.5e+04)",0
Sapindus,19620,6,"[1.5e+04,1.6e+04)",0
Sapindus,19620,7,"[1.6e+04,1.7e+04)",0
Sapindus,19620,8,"[1.7e+04,1.8e+04)",0
Sapindus,19620,9,"[1.8e+04,1.9e+04)",0
Sapindus,19620,11,"[1e+04,1.1e+04)",0
Sapindus,19620,12,"[2.03e+03,3.03e+03)",0
Sapindus,19620,13,"[3.03e+03,4.03e+03)",0
Sapindus,19620,14,"[4.03e+03,5.03e+03)",0
Sapindus,19620,15,"[5.03e+03,6.03e+03)",0
Sapindus,19620,16,"[6.03e+03,7.03e+03)",0
Sapindus,19620,17,"[7.03e+03,8.03e+03)",0
Sapindus,19620,18,"[8.03e+03,9.03e+03)",0
Sapindus,19620,19,"[9.03e+03,1e+04)",0
Serenoa,19620,1,"[1.03e+03,2.03e+03)",0
Serenoa,19620,2,"[1.1e+04,1.2e+04)",0
Serenoa,19620,3,"[1.2e+04,1.3e+04)",0
Serenoa,19620,4,"[1.3e+04,1.4e+04)",0
Serenoa,19620,5,"[1.4e+04,1.5e+04)",0
Serenoa,19620,6,"[1.5e+04,1.6e+04)",0
Serenoa,19620,7,"[1.6e+04,1.7e+04)",0
Serenoa,19620,8,"[1.7e+04,1.8e+04)",0
Serenoa,19620,9,"[1.8e+04,1.9e+04)",0
Serenoa,19620,11,"[1e+04,1.1e+04)",0
Serenoa,19620,12,"[2.03e+03,3.03e+03)",0
Serenoa,19620,13,"[3.03e+03,4.03e+03)",0
Serenoa,19620,14,"[4.03e+03,5.03e+03)",0
Serenoa,19620,15,"[5.03e+03,6.03e+03)",1
Serenoa,19620,16,"[6.03e+03,7.03e+03)",0
Serenoa,19620,17,"[7.03e+03,8.03e+03)",2
Serenoa,19620,18,"[8.03e+03,9.03e+03)",0
Serenoa,19620,19,"[9.03e+03,1e+04)",0
Shepherdia canadensis,19620,1,"[1.03e+03,2.03e+03)",0
Shepherdia canadensis,19620,2,"[1.1e+04,1.2e+04)",0
Shepherdia canadensis,19620,3,"[1.2e+04,1.3e+04)",0
Shepherdia canadensis,19620,4,"[1.3e+04,1.4e+04)",0
Shepherdia canadensis,19620,5,"[1.4e+04,1.5e+04)",0
Shepherdia canadensis,19620,6,"[1.5e+04,1.6e+04)",0
Shepherdia canadensis,19620,7,"[1.6e+04,1.7e+04)",0
Shepherdia canadensis,19620,8,"[1.7e+04,1.8e+04)",0
Shepherdia canadensis,19620,9,"[1.8e+04,1.9e+04)",0
Shepherdia canadensis,19620,11,"[1e+04,1.1e+04)",0
Shepherdia canadensis,19620,12,"[2.03e+03,3.03e+03)",0
Shepherdia canadensis,19620,13,"[3.03e+03,4.03e+03)",0
Shepherdia canadensis,19620,14,"[4.03e+03,5.03e+03)",0
Shepherdia canadensis,19620,15,"[5.03e+03,6.03e+03)",0
Shepherdia canadensis,19620,16,"[6.03e+03,7.03e+03)",0
Shepherdia canadensis,19620,17,"[7.03e+03,8.03e+03)",0
Shepherdia canadensis,19620,18,"[8.03e+03,9.03e+03)",0
Shepherdia canadensis,19620,19,"[9.03e+03,1e+04)",0
Symplocos,19620,1,"[1.03e+03,2.03e+03)",0
Symplocos,19620,2,"[1.1e+04,1.2e+04)",1
Symplocos,19620,3,"[1.2e+04,1.3e+04)",1
Symplocos,19620,4,"[1.3e+04,1.4e+04)",0
Symplocos,19620,5,"[1.4e+04,1.5e+04)",0
Symplocos,19620,6,"[1.5e+04,1.6e+04)",0
Symplocos,19620,7,"[1.6e+04,1.7e+04)",0
Symplocos,19620,8,"[1.7e+04,1.8e+04)",0
Symplocos,19620,9,"[1.8e+04,1.9e+04)",0
Symplocos,19620,11,"[1e+04,1.1e+04)",0
Symplocos,19620,12,"[2.03e+03,3.03e+03)",0
Symplocos,19620,13,"[3.03e+03,4.03e+03)",0
Symplocos,19620,14,"[4.03e+03,5.03e+03)",0
Symplocos,19620,15,"[5.03e+03,6.03e+03)",0
Symplocos,19620,16,"[6.03e+03,7.03e+03)",0
Symplocos,19620,17,"[7.03e+03,8.03e+03)",0
Symplocos,19620,18,"[8.03e+03,9.03e+03)",0
Symplocos,19620,19,"[9.03e+03,1e+04)",0
Taxodium,19620,1,"[1.03e+03,2.03e+03)",23
Taxodium,19620,2,"[1.1e+04,1.2e+04)",0
Taxodium,19620,3,"[1.2e+04,1.3e+04)",6
Taxodium,19620,4,"[1.3e+04,1.4e+04)",0
Taxodium,19620,5,"[1.4e+04,1.5e+04)",1
Taxodium,19620,6,"[1.5e+04,1.6e+04)",1
Taxodium,19620,7,"[1.6e+04,1.7e+04)",0
Taxodium,19620,8,"[1.7e+04,1.8e+04)",1
Taxodium,19620,9,"[1.8e+04,1.9e+04)",0
Taxodium,19620,11,"[1e+04,1.1e+04)",0
Taxodium,19620,12,"[2.03e+03,3.03e+03)",2
Taxodium,19620,13,"[3.03e+03,4.03e+03)",5
Taxodium,19620,14,"[4.03e+03,5.03e+03)",1
Taxodium,19620,15,"[5.03e+03,6.03e+03)",3
Taxodium,19620,16,"[6.03e+03,7.03e+03)",2
Taxodium,19620,17,"[7.03e+03,8.03e+03)",2
Taxodium,19620,18,"[8.03e+03,9.03e+03)",0
Taxodium,19620,19,"[9.03e+03,1e+04)",0
Taxus,19620,1,"[1.03e+03,2.03e+03)",0
Taxus,19620,2,"[1.1e+04,1.2e+04)",0
Taxus,19620,3,"[1.2e+04,1.3e+04)",0
Taxus,19620,4,"[1.3e+04,1.4e+04)",1
Taxus,19620,5,"[1.4e+04,1.5e+04)",0
Taxus,19620,6,"[1.5e+04,1.6e+04)",0
Taxus,19620,7,"[1.6e+04,1.7e+04)",0
Taxus,19620,8,"[1.7e+04,1.8e+04)",0
Taxus,19620,9,"[1.8e+04,1.9e+04)",0
Taxus,19620,11,"[1e+04,1.1e+04)",0
Taxus,19620,12,"[2.03e+03,3.03e+03)",0
Taxus,19620,13,"[3.03e+03,4.03e+03)",0
Taxus,19620,14,"[4.03e+03,5.03e+03)",1
Taxus,19620,15,"[5.03e+03,6.03e+03)",0
Taxus,19620,16,"[6.03e+03,7.03e+03)",0
Taxus,19620,17,"[7.03e+03,8.03e+03)",0
Taxus,19620,18,"[8.03e+03,9.03e+03)",0
Taxus,19620,19,"[9.03e+03,1e+04)",0
Tilia,19620,1,"[1.03e+03,2.03e+03)",0
Tilia,19620,2,"[1.1e+04,1.2e+04)",0
Tilia,19620,3,"[1.2e+04,1.3e+04)",1
Tilia,19620,4,"[1.3e+04,1.4e+04)",0
Tilia,19620,5,"[1.4e+04,1.5e+04)",0
Tilia,19620,6,"[1.5e+04,1.6e+04)",0
Tilia,19620,7,"[1.6e+04,1.7e+04)",1
Tilia,19620,8,"[1.7e+04,1.8e+04)",1
Tilia,19620,9,"[1.8e+04,1.9e+04)",0
Tilia,19620,11,"[1e+04,1.1e+04)",0
Tilia,19620,12,"[2.03e+03,3.03e+03)",1
Tilia,19620,13,"[3.03e+03,4.03e+03)",0
Tilia,19620,14,"[4.03e+03,5.03e+03)",0
Tilia,19620,15,"[5.03e+03,6.03e+03)",0
Tilia,19620,16,"[6.03e+03,7.03e+03)",0
Tilia,19620,17,"[7.03e+03,8.03e+03)",0
Tilia,19620,18,"[8.03e+03,9.03e+03)",0
Tilia,19620,19,"[9.03e+03,1e+04)",0
Trema,19620,1,"[1.03e+03,2.03e+03)",0
Trema,19620,2,"[1.1e+04,1.2e+04)",0
Trema,19620,3,"[1.2e+04,1.3e+04)",0
Trema,19620,4,"[1.3e+04,1.4e+04)",0
Trema,19620,5,"[1.4e+04,1.5e+04)",0
Trema,19620,6,"[1.5e+04,1.6e+04)",0
Trema,19620,7,"[1.6e+04,1.7e+04)",0
Trema,19620,8,"[1.7e+04,1.8e+04)",0
Trema,19620,9,"[1.8e+04,1.9e+04)",0
Trema,19620,11,"[1e+04,1.1e+04)",0
Trema,19620,12,"[2.03e+03,3.03e+03)",1
Trema,19620,13,"[3.03e+03,4.03e+03)",0
Trema,19620,14,"[4.03e+03,5.03e+03)",0
Trema,19620,15,"[5.03e+03,6.03e+03)",0
Trema,19620,16,"[6.03e+03,7.03e+03)",0
Trema,19620,17,"[7.03e+03,8.03e+03)",0
Trema,19620,18,"[8.03e+03,9.03e+03)",0
Trema,19620,19,"[9.03e+03,1e+04)",0
Tsuga,19620,1,"[1.03e+03,2.03e+03)",0
Tsuga,19620,2,"[1.1e+04,1.2e+04)",0
Tsuga,19620,3,"[1.2e+04,1.3e+04)",0
Tsuga,19620,4,"[1.3e+04,1.4e+04)",0
Tsuga,19620,5,"[1.4e+04,1.5e+04)",0
Tsuga,19620,6,"[1.5e+04,1.6e+04)",0
Tsuga,19620,7,"[1.6e+04,1.7e+04)",0
Tsuga,19620,8,"[1.7e+04,1.8e+04)",0
Tsuga,19620,9,"[1.8e+04,1.9e+04)",0
Tsuga,19620,11,"[1e+04,1.1e+04)",0
Tsuga,19620,12,"[2.03e+03,3.03e+03)",0
Tsuga,19620,13,"[3.03e+03,4.03e+03)",0
Tsuga,19620,14,"[4.03e+03,5.03e+03)",0
Tsuga,19620,15,"[5.03e+03,6.03e+03)",0
Tsuga,19620,16,"[6.03e+03,7.03e+03)",0
Tsuga,19620,17,"[7.03e+03,8.03e+03)",0
Tsuga,19620,18,"[8.03e+03,9.03e+03)",0
Tsuga,19620,19,"[9.03e+03,1e+04)",0
Ulmus,19620,1,"[1.03e+03,2.03e+03)",4
Ulmus,19620,2,"[1.1e+04,1.2e+04)",12
Ulmus,19620,3,"[1.2e+04,1.3e+04)",33
Ulmus,19620,4,"[1.3e+04,1.4e+04)",14
Ulmus,19620,5,"[1.4e+04,1.5e+04)",37
Ulmus,19620,6,"[1.5e+04,1.6e+04)",53
Ulmus,19620,7,"[1.6e+04,1.7e+04)",26
Ulmus,19620,8,"[1.7e+04,1.8e+04)",6
Ulmus,19620,9,"[1.8e+04,1.9e+04)",3
Ulmus,19620,11,"[1e+04,1.1e+04)",1
Ulmus,19620,12,"[2.03e+03,3.03e+03)",5
Ulmus,19620,13,"[3.03e+03,4.03e+03)",3
Ulmus,19620,14,"[4.03e+03,5.03e+03)",2
Ulmus,19620,15,"[5.03e+03,6.03e+03)",7
Ulmus,19620,16,"[6.03e+03,7.03e+03)",2
Ulmus,19620,17,"[7.03e+03,8.03e+03)",4
Ulmus,19620,18,"[8.03e+03,9.03e+03)",3
Ulmus,19620,19,"[9.03e+03,1e+04)",5
Viburnum,19620,1,"[1.03e+03,2.03e+03)",0
Viburnum,19620,2,"[1.1e+04,1.2e+04)",1
Viburnum,19620,3,"[1.2e+04,1.3e+04)",0
Viburnum,19620,4,"[1.3e+04,1.4e+04)",2
Viburnum,19620,5,"[1.4e+04,1.5e+04)",0
Viburnum,19620,6,"[1.5e+04,1.6e+04)",0
Viburnum,19620,7,"[1.6e+04,1.7e+04)",0
Viburnum,19620,8,"[1.7e+04,1.8e+04)",0
Viburnum,19620,9,"[1.8e+04,1.9e+04)",1
Viburnum,19620,11,"[1e+04,1.1e+04)",0
Viburnum,19620,12,"[2.03e+03,3.03e+03)",0
Viburnum,19620,13,"[3.03e+03,4.03e+03)",0
Viburnum,19620,14,"[4.03e+03,5.03e+03)",0
Viburnum,19620,15,"[5.03e+03,6.03e+03)",0
Viburnum,19620,16,"[6.03e+03,7.03e+03)",0
Viburnum,19620,17,"[7.03e+03,8.03e+03)",0
Viburnum,19620,18,"[8.03e+03,9.03e+03)",0
Viburnum,19620,19,"[9.03e+03,1e+04)",0
Ximenia,19620,1,"[1.03e+03,2.03e+03)",0
Ximenia,19620,2,"[1.1e+04,1.2e+04)",0
Ximenia,19620,3,"[1.2e+04,1.3e+04)",1
Ximenia,19620,4,"[1.3e+04,1.4e+04)",1
Ximenia,19620,5,"[1.4e+04,1.5e+04)",0
Ximenia,19620,6,"[1.5e+04,1.6e+04)",0
Ximenia,19620,7,"[1.6e+04,1.7e+04)",0
Ximenia,19620,8,"[1.7e+04,1.8e+04)",0
Ximenia,19620,9,"[1.8e+04,1.9e+04)",0
Ximenia,19620,11,"[1e+04,1.1e+04)",0
Ximenia,19620,12,"[2.03e+03,3.03e+03)",0
Ximenia,19620,13,"[3.03e+03,4.03e+03)",0
Ximenia,19620,14,"[4.03e+03,5.03e+03)",0
Ximenia,19620,15,"[5.03e+03,6.03e+03)",0
Ximenia,19620,16,"[6.03e+03,7.03e+03)",0
Ximenia,19620,17,"[7.03e+03,8.03e+03)",0
Ximenia,19620,18,"[8.03e+03,9.03e+03)",0
Ximenia,19620,19,"[9.03e+03,1e+04)",0
Zanthoxylum-type,19620,1,"[1.03e+03,2.03e+03)",0
Zanthoxylum-type,19620,2,"[1.1e+04,1.2e+04)",0
Zanthoxylum-type,19620,3,"[1.2e+04,1.3e+04)",0
Zanthoxylum-type,19620,4,"[1.3e+04,1.4e+04)",0
Zanthoxylum-type,19620,5,"[1.4e+04,1.5e+04)",0
Zanthoxylum-type,19620,6,"[1.5e+04,1.6e+04)",0
Zanthoxylum-type,19620,7,"[1.6e+04,1.7e+04)",0
Zanthoxylum-type,19620,8,"[1.7e+04,1.8e+04)",0
Zanthoxylum-type,19620,9,"[1.8e+04,1.9e+04)",0
Zanthoxylum-type,19620,11,"[1e+04,1.1e+04)",0
Zanthoxylum-type,19620,12,"[2.03e+03,3.03e+03)",0
Zanthoxylum-type,19620,13,"[3.03e+03,4.03e+03)",0
Zanthoxylum-type,19620,14,"[4.03e+03,5.03e+03)",0
Zanthoxylum-type,19620,15,"[5.03e+03,6.03e+03)",0
Zanthoxylum-type,19620,16,"[6.03e+03,7.03e+03)",0
Zanthoxylum-type,19620,17,"[7.03e+03,8.03e+03)",0
Zanthoxylum-type,19620,18,"[8.03e+03,9.03e+03)",0
Zanthoxylum-type,19620,19,"[9.03e+03,1e+04)",0
Abies,3050,1,"[1.03e+03,2.03e+03)",1
Abies,3050,2,"[1.1e+04,1.2e+04)",29
Abies,3050,3,"[1.2e+04,1.3e+04)",90
Abies,3050,4,"[1.3e+04,1.4e+04)",88
Abies,3050,5,"[1.4e+04,1.5e+04)",2
Abies,3050,6,"[1.5e+04,1.6e+04)",6
Abies,3050,11,"[1e+04,1.1e+04)",4
Abies,3050,12,"[2.03e+03,3.03e+03)",2
Abies,3050,13,"[3.03e+03,4.03e+03)",0
Abies,3050,14,"[4.03e+03,5.03e+03)",1
Abies,3050,15,"[5.03e+03,6.03e+03)",0
Abies,3050,16,"[6.03e+03,7.03e+03)",0
Abies,3050,17,"[7.03e+03,8.03e+03)",4
Abies,3050,18,"[8.03e+03,9.03e+03)",4
Abies,3050,19,"[9.03e+03,1e+04)",2
Acer,3050,1,"[1.03e+03,2.03e+03)",3
Acer,3050,2,"[1.1e+04,1.2e+04)",12
Acer,3050,3,"[1.2e+04,1.3e+04)",14
Acer,3050,4,"[1.3e+04,1.4e+04)",8
Acer,3050,5,"[1.4e+04,1.5e+04)",4
Acer,3050,6,"[1.5e+04,1.6e+04)",3
Acer,3050,11,"[1e+04,1.1e+04)",33
Acer,3050,12,"[2.03e+03,3.03e+03)",8
Acer,3050,13,"[3.03e+03,4.03e+03)",4
Acer,3050,14,"[4.03e+03,5.03e+03)",8
Acer,3050,15,"[5.03e+03,6.03e+03)",5
Acer,3050,16,"[6.03e+03,7.03e+03)",2
Acer,3050,17,"[7.03e+03,8.03e+03)",16
Acer,3050,18,"[8.03e+03,9.03e+03)",12
Acer,3050,19,"[9.03e+03,1e+04)",8
Alnus,3050,1,"[1.03e+03,2.03e+03)",9
Alnus,3050,2,"[1.1e+04,1.2e+04)",36
Alnus,3050,3,"[1.2e+04,1.3e+04)",236
Alnus,3050,4,"[1.3e+04,1.4e+04)",76
Alnus,3050,5,"[1.4e+04,1.5e+04)",12
Alnus,3050,6,"[1.5e+04,1.6e+04)",7
Alnus,3050,11,"[1e+04,1.1e+04)",13
Alnus,3050,12,"[2.03e+03,3.03e+03)",10
Alnus,3050,13,"[3.03e+03,4.03e+03)",21
Alnus,3050,14,"[4.03e+03,5.03e+03)",20
Alnus,3050,15,"[5.03e+03,6.03e+03)",12
Alnus,3050,16,"[6.03e+03,7.03e+03)",4
Alnus,3050,17,"[7.03e+03,8.03e+03)",7
Alnus,3050,18,"[8.03e+03,9.03e+03)",12
Alnus,3050,19,"[9.03e+03,1e+04)",7
Amorpha-type,3050,1,"[1.03e+03,2.03e+03)",4
Amorpha-type,3050,2,"[1.1e+04,1.2e+04)",0
Amorpha-type,3050,3,"[1.2e+04,1.3e+04)",0
Amorpha-type,3050,4,"[1.3e+04,1.4e+04)",0
Amorpha-type,3050,5,"[1.4e+04,1.5e+04)",0
Amorpha-type,3050,6,"[1.5e+04,1.6e+04)",0
Amorpha-type,3050,11,"[1e+04,1.1e+04)",0
Amorpha-type,3050,12,"[2.03e+03,3.03e+03)",3
Amorpha-type,3050,13,"[3.03e+03,4.03e+03)",2
Amorpha-type,3050,14,"[4.03e+03,5.03e+03)",4
Amorpha-type,3050,15,"[5.03e+03,6.03e+03)",3
Amorpha-type,3050,16,"[6.03e+03,7.03e+03)",5
Amorpha-type,3050,17,"[7.03e+03,8.03e+03)",3
Amorpha-type,3050,18,"[8.03e+03,9.03e+03)",4
Amorpha-type,3050,19,"[9.03e+03,1e+04)",0
Artemisia,3050,1,"[1.03e+03,2.03e+03)",48
Artemisia,3050,2,"[1.1e+04,1.2e+04)",22
Artemisia,3050,3,"[1.2e+04,1.3e+04)",112
Artemisia,3050,4,"[1.3e+04,1.4e+04)",136
Artemisia,3050,5,"[1.4e+04,1.5e+04)",67
Artemisia,3050,6,"[1.5e+04,1.6e+04)",56
Artemisia,3050,11,"[1e+04,1.1e+04)",29
Artemisia,3050,12,"[2.03e+03,3.03e+03)",63
Artemisia,3050,13,"[3.03e+03,4.03e+03)",101
Artemisia,3050,14,"[4.03e+03,5.03e+03)",85
Artemisia,3050,15,"[5.03e+03,6.03e+03)",71
Artemisia,3050,16,"[6.03e+03,7.03e+03)",44
Artemisia,3050,17,"[7.03e+03,8.03e+03)",39
Artemisia,3050,18,"[8.03e+03,9.03e+03)",43
Artemisia,3050,19,"[9.03e+03,1e+04)",17
Betula,3050,1,"[1.03e+03,2.03e+03)",17
Betula,3050,2,"[1.1e+04,1.2e+04)",236
Betula,3050,3,"[1.2e+04,1.3e+04)",207
Betula,3050,4,"[1.3e+04,1.4e+04)",38
Betula,3050,5,"[1.4e+04,1.5e+04)",16
Betula,3050,6,"[1.5e+04,1.6e+04)",18
Betula,3050,11,"[1e+04,1.1e+04)",37
Betula,3050,12,"[2.03e+03,3.03e+03)",24
Betula,3050,13,"[3.03e+03,4.03e+03)",10
Betula,3050,14,"[4.03e+03,5.03e+03)",26
Betula,3050,15,"[5.03e+03,6.03e+03)",11
Betula,3050,16,"[6.03e+03,7.03e+03)",5
Betula,3050,17,"[7.03e+03,8.03e+03)",13
Betula,3050,18,"[8.03e+03,9.03e+03)",18
Betula,3050,19,"[9.03e+03,1e+04)",8
Carya,3050,1,"[1.03e+03,2.03e+03)",10
Carya,3050,2,"[1.1e+04,1.2e+04)",33
Carya,3050,3,"[1.2e+04,1.3e+04)",4
Carya,3050,4,"[1.3e+04,1.4e+04)",6
Carya,3050,5,"[1.4e+04,1.5e+04)",1
Carya,3050,6,"[1.5e+04,1.6e+04)",0
Carya,3050,11,"[1e+04,1.1e+04)",72
Carya,3050,12,"[2.03e+03,3.03e+03)",12
Carya,3050,13,"[3.03e+03,4.03e+03)",19
Carya,3050,14,"[4.03e+03,5.03e+03)",12
Carya,3050,15,"[5.03e+03,6.03e+03)",7
Carya,3050,16,"[6.03e+03,7.03e+03)",10
Carya,3050,17,"[7.03e+03,8.03e+03)",9
Carya,3050,18,"[8.03e+03,9.03e+03)",28
Carya,3050,19,"[9.03e+03,1e+04)",15
Castanea,3050,1,"[1.03e+03,2.03e+03)",0
Castanea,3050,2,"[1.1e+04,1.2e+04)",0
Castanea,3050,3,"[1.2e+04,1.3e+04)",0
Castanea,3050,4,"[1.3e+04,1.4e+04)",0
Castanea,3050,5,"[1.4e+04,1.5e+04)",1
Castanea,3050,6,"[1.5e+04,1.6e+04)",0
Castanea,3050,11,"[1e+04,1.1e+04)",0
Castanea,3050,12,"[2.03e+03,3.03e+03)",0
Castanea,3050,13,"[3.03e+03,4.03e+03)",0
Castanea,3050,14,"[4.03e+03,5.03e+03)",4
Castanea,3050,15,"[5.03e+03,6.03e+03)",1
Castanea,3050,16,"[6.03e+03,7.03e+03)",0
Castanea,3050,17,"[7.03e+03,8.03e+03)",0
Castanea,3050,18,"[8.03e+03,9.03e+03)",1
Castanea,3050,19,"[9.03e+03,1e+04)",0
Celtis,3050,1,"[1.03e+03,2.03e+03)",2
Celtis,3050,2,"[1.1e+04,1.2e+04)",2
Celtis,3050,3,"[1.2e+04,1.3e+04)",1
Celtis,3050,4,"[1.3e+04,1.4e+04)",0
Celtis,3050,5,"[1.4e+04,1.5e+04)",1
Celtis,3050,6,"[1.5e+04,1.6e+04)",0
Celtis,3050,11,"[1e+04,1.1e+04)",2
Celtis,3050,12,"[2.03e+03,3.03e+03)",0
Celtis,3050,13,"[3.03e+03,4.03e+03)",0
Celtis,3050,14,"[4.03e+03,5.03e+03)",0
Celtis,3050,15,"[5.03e+03,6.03e+03)",0
Celtis,3050,16,"[6.03e+03,7.03e+03)",0
Celtis,3050,17,"[7.03e+03,8.03e+03)",3
Celtis,3050,18,"[8.03e+03,9.03e+03)",1
Celtis,3050,19,"[9.03e+03,1e+04)",0
Corylus,3050,1,"[1.03e+03,2.03e+03)",0
Corylus,3050,2,"[1.1e+04,1.2e+04)",34
Corylus,3050,3,"[1.2e+04,1.3e+04)",58
Corylus,3050,4,"[1.3e+04,1.4e+04)",25
Corylus,3050,5,"[1.4e+04,1.5e+04)",2
Corylus,3050,6,"[1.5e+04,1.6e+04)",3
Corylus,3050,11,"[1e+04,1.1e+04)",9
Corylus,3050,12,"[2.03e+03,3.03e+03)",2
Corylus,3050,13,"[3.03e+03,4.03e+03)",1
Corylus,3050,14,"[4.03e+03,5.03e+03)",5
Corylus,3050,15,"[5.03e+03,6.03e+03)",4
Corylus,3050,16,"[6.03e+03,7.03e+03)",1
Corylus,3050,17,"[7.03e+03,8.03e+03)",7
Corylus,3050,18,"[8.03e+03,9.03e+03)",7
Corylus,3050,19,"[9.03e+03,1e+04)",3
Cupressaceae,3050,1,"[1.03e+03,2.03e+03)",0
Cupressaceae,3050,2,"[1.1e+04,1.2e+04)",2
Cupressaceae,3050,3,"[1.2e+04,1.3e+04)",5
Cupressaceae,3050,4,"[1.3e+04,1.4e+04)",8
Cupressaceae,3050,5,"[1.4e+04,1.5e+04)",1
Cupressaceae,3050,6,"[1.5e+04,1.6e+04)",2
Cupressaceae,3050,11,"[1e+04,1.1e+04)",1
Cupressaceae,3050,12,"[2.03e+03,3.03e+03)",3
Cupressaceae,3050,13,"[3.03e+03,4.03e+03)",4
Cupressaceae,3050,14,"[4.03e+03,5.03e+03)",3
Cupressaceae,3050,15,"[5.03e+03,6.03e+03)",4
Cupressaceae,3050,16,"[6.03e+03,7.03e+03)",0
Cupressaceae,3050,17,"[7.03e+03,8.03e+03)",0
Cupressaceae,3050,18,"[8.03e+03,9.03e+03)",2
Cupressaceae,3050,19,"[9.03e+03,1e+04)",0
Dalea,3050,1,"[1.03e+03,2.03e+03)",2
Dalea,3050,2,"[1.1e+04,1.2e+04)",0
Dalea,3050,3,"[1.2e+04,1.3e+04)",0
Dalea,3050,4,"[1.3e+04,1.4e+04)",0
Dalea,3050,5,"[1.4e+04,1.5e+04)",0
Dalea,3050,6,"[1.5e+04,1.6e+04)",0
Dalea,3050,11,"[1e+04,1.1e+04)",0
Dalea,3050,12,"[2.03e+03,3.03e+03)",5
Dalea,3050,13,"[3.03e+03,4.03e+03)",3
Dalea,3050,14,"[4.03e+03,5.03e+03)",2
Dalea,3050,15,"[5.03e+03,6.03e+03)",2
Dalea,3050,16,"[6.03e+03,7.03e+03)",2
Dalea,3050,17,"[7.03e+03,8.03e+03)",0
Dalea,3050,18,"[8.03e+03,9.03e+03)",1
Dalea,3050,19,"[9.03e+03,1e+04)",2
Elaeagnus,3050,1,"[1.03e+03,2.03e+03)",0
Elaeagnus,3050,2,"[1.1e+04,1.2e+04)",0
Elaeagnus,3050,3,"[1.2e+04,1.3e+04)",0
Elaeagnus,3050,4,"[1.3e+04,1.4e+04)",1
Elaeagnus,3050,5,"[1.4e+04,1.5e+04)",0
Elaeagnus,3050,6,"[1.5e+04,1.6e+04)",0
Elaeagnus,3050,11,"[1e+04,1.1e+04)",0
Elaeagnus,3050,12,"[2.03e+03,3.03e+03)",0
Elaeagnus,3050,13,"[3.03e+03,4.03e+03)",1
Elaeagnus,3050,14,"[4.03e+03,5.03e+03)",0
Elaeagnus,3050,15,"[5.03e+03,6.03e+03)",0
Elaeagnus,3050,16,"[6.03e+03,7.03e+03)",0
Elaeagnus,3050,17,"[7.03e+03,8.03e+03)",0
Elaeagnus,3050,18,"[8.03e+03,9.03e+03)",0
Elaeagnus,3050,19,"[9.03e+03,1e+04)",0
Ephedra viridis-type,3050,1,"[1.03e+03,2.03e+03)",2
Ephedra viridis-type,3050,2,"[1.1e+04,1.2e+04)",0
Ephedra viridis-type,3050,3,"[1.2e+04,1.3e+04)",0
Ephedra viridis-type,3050,4,"[1.3e+04,1.4e+04)",0
Ephedra viridis-type,3050,5,"[1.4e+04,1.5e+04)",0
Ephedra viridis-type,3050,6,"[1.5e+04,1.6e+04)",0
Ephedra viridis-type,3050,11,"[1e+04,1.1e+04)",0
Ephedra viridis-type,3050,12,"[2.03e+03,3.03e+03)",0
Ephedra viridis-type,3050,13,"[3.03e+03,4.03e+03)",0
Ephedra viridis-type,3050,14,"[4.03e+03,5.03e+03)",0
Ephedra viridis-type,3050,15,"[5.03e+03,6.03e+03)",0
Ephedra viridis-type,3050,16,"[6.03e+03,7.03e+03)",1
Ephedra viridis-type,3050,17,"[7.03e+03,8.03e+03)",0
Ephedra viridis-type,3050,18,"[8.03e+03,9.03e+03)",0
Ephedra viridis-type,3050,19,"[9.03e+03,1e+04)",0
Euphorbiaceae,3050,1,"[1.03e+03,2.03e+03)",0
Euphorbiaceae,3050,2,"[1.1e+04,1.2e+04)",0
Euphorbiaceae,3050,3,"[1.2e+04,1.3e+04)",1
Euphorbiaceae,3050,4,"[1.3e+04,1.4e+04)",0
Euphorbiaceae,3050,5,"[1.4e+04,1.5e+04)",0
Euphorbiaceae,3050,6,"[1.5e+04,1.6e+04)",1
Euphorbiaceae,3050,11,"[1e+04,1.1e+04)",1
Euphorbiaceae,3050,12,"[2.03e+03,3.03e+03)",0
Euphorbiaceae,3050,13,"[3.03e+03,4.03e+03)",0
Euphorbiaceae,3050,14,"[4.03e+03,5.03e+03)",0
Euphorbiaceae,3050,15,"[5.03e+03,6.03e+03)",2
Euphorbiaceae,3050,16,"[6.03e+03,7.03e+03)",1
Euphorbiaceae,3050,17,"[7.03e+03,8.03e+03)",0
Euphorbiaceae,3050,18,"[8.03e+03,9.03e+03)",2
Euphorbiaceae,3050,19,"[9.03e+03,1e+04)",0
Fagus,3050,1,"[1.03e+03,2.03e+03)",0
Fagus,3050,2,"[1.1e+04,1.2e+04)",0
Fagus,3050,3,"[1.2e+04,1.3e+04)",0
Fagus,3050,4,"[1.3e+04,1.4e+04)",0
Fagus,3050,5,"[1.4e+04,1.5e+04)",1
Fagus,3050,6,"[1.5e+04,1.6e+04)",0
Fagus,3050,11,"[1e+04,1.1e+04)",0
Fagus,3050,12,"[2.03e+03,3.03e+03)",1
Fagus,3050,13,"[3.03e+03,4.03e+03)",2
Fagus,3050,14,"[4.03e+03,5.03e+03)",0
Fagus,3050,15,"[5.03e+03,6.03e+03)",0
Fagus,3050,16,"[6.03e+03,7.03e+03)",0
Fagus,3050,17,"[7.03e+03,8.03e+03)",0
Fagus,3050,18,"[8.03e+03,9.03e+03)",0
Fagus,3050,19,"[9.03e+03,1e+04)",0
Fraxinus,3050,1,"[1.03e+03,2.03e+03)",10
Fraxinus,3050,2,"[1.1e+04,1.2e+04)",97
Fraxinus,3050,3,"[1.2e+04,1.3e+04)",257
Fraxinus,3050,4,"[1.3e+04,1.4e+04)",405
Fraxinus,3050,5,"[1.4e+04,1.5e+04)",33
Fraxinus,3050,6,"[1.5e+04,1.6e+04)",3
Fraxinus,3050,11,"[1e+04,1.1e+04)",21
Fraxinus,3050,12,"[2.03e+03,3.03e+03)",12
Fraxinus,3050,13,"[3.03e+03,4.03e+03)",13
Fraxinus,3050,14,"[4.03e+03,5.03e+03)",8
Fraxinus,3050,15,"[5.03e+03,6.03e+03)",8
Fraxinus,3050,16,"[6.03e+03,7.03e+03)",4
Fraxinus,3050,17,"[7.03e+03,8.03e+03)",3
Fraxinus,3050,18,"[8.03e+03,9.03e+03)",8
Fraxinus,3050,19,"[9.03e+03,1e+04)",9
Juglans,3050,1,"[1.03e+03,2.03e+03)",9
Juglans,3050,2,"[1.1e+04,1.2e+04)",20
Juglans,3050,3,"[1.2e+04,1.3e+04)",1
Juglans,3050,4,"[1.3e+04,1.4e+04)",0
Juglans,3050,5,"[1.4e+04,1.5e+04)",0
Juglans,3050,6,"[1.5e+04,1.6e+04)",0
Juglans,3050,11,"[1e+04,1.1e+04)",42
Juglans,3050,12,"[2.03e+03,3.03e+03)",7
Juglans,3050,13,"[3.03e+03,4.03e+03)",8
Juglans,3050,14,"[4.03e+03,5.03e+03)",14
Juglans,3050,15,"[5.03e+03,6.03e+03)",12
Juglans,3050,16,"[6.03e+03,7.03e+03)",6
Juglans,3050,17,"[7.03e+03,8.03e+03)",7
Juglans,3050,18,"[8.03e+03,9.03e+03)",8
Juglans,3050,19,"[9.03e+03,1e+04)",4
Larix,3050,1,"[1.03e+03,2.03e+03)",2
Larix,3050,2,"[1.1e+04,1.2e+04)",9
Larix,3050,3,"[1.2e+04,1.3e+04)",40
Larix,3050,4,"[1.3e+04,1.4e+04)",61
Larix,3050,5,"[1.4e+04,1.5e+04)",8
Larix,3050,6,"[1.5e+04,1.6e+04)",4
Larix,3050,11,"[1e+04,1.1e+04)",1
Larix,3050,12,"[2.03e+03,3.03e+03)",0
Larix,3050,13,"[3.03e+03,4.03e+03)",3
Larix,3050,14,"[4.03e+03,5.03e+03)",3
Larix,3050,15,"[5.03e+03,6.03e+03)",0
Larix,3050,16,"[6.03e+03,7.03e+03)",1
Larix,3050,17,"[7.03e+03,8.03e+03)",1
Larix,3050,18,"[8.03e+03,9.03e+03)",1
Larix,3050,19,"[9.03e+03,1e+04)",0
Liquidambar,3050,1,"[1.03e+03,2.03e+03)",0
Liquidambar,3050,2,"[1.1e+04,1.2e+04)",0
Liquidambar,3050,3,"[1.2e+04,1.3e+04)",0
Liquidambar,3050,4,"[1.3e+04,1.4e+04)",0
Liquidambar,3050,5,"[1.4e+04,1.5e+04)",0
Liquidambar,3050,6,"[1.5e+04,1.6e+04)",0
Liquidambar,3050,11,"[1e+04,1.1e+04)",0
Liquidambar,3050,12,"[2.03e+03,3.03e+03)",3
Liquidambar,3050,13,"[3.03e+03,4.03e+03)",0
Liquidambar,3050,14,"[4.03e+03,5.03e+03)",0
Liquidambar,3050,15,"[5.03e+03,6.03e+03)",0
Liquidambar,3050,16,"[6.03e+03,7.03e+03)",1
Liquidambar,3050,17,"[7.03e+03,8.03e+03)",0
Liquidambar,3050,18,"[8.03e+03,9.03e+03)",0
Liquidambar,3050,19,"[9.03e+03,1e+04)",0
Morus,3050,1,"[1.03e+03,2.03e+03)",0
Morus,3050,2,"[1.1e+04,1.2e+04)",0
Morus,3050,3,"[1.2e+04,1.3e+04)",2
Morus,3050,4,"[1.3e+04,1.4e+04)",1
Morus,3050,5,"[1.4e+04,1.5e+04)",0
Morus,3050,6,"[1.5e+04,1.6e+04)",0
Morus,3050,11,"[1e+04,1.1e+04)",0
Morus,3050,12,"[2.03e+03,3.03e+03)",0
Morus,3050,13,"[3.03e+03,4.03e+03)",0
Morus,3050,14,"[4.03e+03,5.03e+03)",0
Morus,3050,15,"[5.03e+03,6.03e+03)",0
Morus,3050,16,"[6.03e+03,7.03e+03)",0
Morus,3050,17,"[7.03e+03,8.03e+03)",0
Morus,3050,18,"[8.03e+03,9.03e+03)",0
Morus,3050,19,"[9.03e+03,1e+04)",0
Nyssa,3050,1,"[1.03e+03,2.03e+03)",0
Nyssa,3050,2,"[1.1e+04,1.2e+04)",0
Nyssa,3050,3,"[1.2e+04,1.3e+04)",0
Nyssa,3050,4,"[1.3e+04,1.4e+04)",0
Nyssa,3050,5,"[1.4e+04,1.5e+04)",0
Nyssa,3050,6,"[1.5e+04,1.6e+04)",0
Nyssa,3050,11,"[1e+04,1.1e+04)",0
Nyssa,3050,12,"[2.03e+03,3.03e+03)",0
Nyssa,3050,13,"[3.03e+03,4.03e+03)",1
Nyssa,3050,14,"[4.03e+03,5.03e+03)",0
Nyssa,3050,15,"[5.03e+03,6.03e+03)",0
Nyssa,3050,16,"[6.03e+03,7.03e+03)",0
Nyssa,3050,17,"[7.03e+03,8.03e+03)",0
Nyssa,3050,18,"[8.03e+03,9.03e+03)",0
Nyssa,3050,19,"[9.03e+03,1e+04)",0
Ostrya/Carpinus,3050,1,"[1.03e+03,2.03e+03)",3
Ostrya/Carpinus,3050,2,"[1.1e+04,1.2e+04)",59
Ostrya/Carpinus,3050,3,"[1.2e+04,1.3e+04)",109
Ostrya/Carpinus,3050,4,"[1.3e+04,1.4e+04)",70
Ostrya/Carpinus,3050,5,"[1.4e+04,1.5e+04)",10
Ostrya/Carpinus,3050,6,"[1.5e+04,1.6e+04)",3
Ostrya/Carpinus,3050,11,"[1e+04,1.1e+04)",113
Ostrya/Carpinus,3050,12,"[2.03e+03,3.03e+03)",10
Ostrya/Carpinus,3050,13,"[3.03e+03,4.03e+03)",20
Ostrya/Carpinus,3050,14,"[4.03e+03,5.03e+03)",17
Ostrya/Carpinus,3050,15,"[5.03e+03,6.03e+03)",5
Ostrya/Carpinus,3050,16,"[6.03e+03,7.03e+03)",11
Ostrya/Carpinus,3050,17,"[7.03e+03,8.03e+03)",11
Ostrya/Carpinus,3050,18,"[8.03e+03,9.03e+03)",31
Ostrya/Carpinus,3050,19,"[9.03e+03,1e+04)",31
Picea,3050,1,"[1.03e+03,2.03e+03)",6
Picea,3050,2,"[1.1e+04,1.2e+04)",46
Picea,3050,3,"[1.2e+04,1.3e+04)",650
Picea,3050,4,"[1.3e+04,1.4e+04)",1121
Picea,3050,5,"[1.4e+04,1.5e+04)",341
Picea,3050,6,"[1.5e+04,1.6e+04)",312
Picea,3050,11,"[1e+04,1.1e+04)",5
Picea,3050,12,"[2.03e+03,3.03e+03)",7
Picea,3050,13,"[3.03e+03,4.03e+03)",11
Picea,3050,14,"[4.03e+03,5.03e+03)",8
Picea,3050,15,"[5.03e+03,6.03e+03)",9
Picea,3050,16,"[6.03e+03,7.03e+03)",6
Picea,3050,17,"[7.03e+03,8.03e+03)",17
Picea,3050,18,"[8.03e+03,9.03e+03)",25
Picea,3050,19,"[9.03e+03,1e+04)",7
Pinus,3050,1,"[1.03e+03,2.03e+03)",263
Pinus,3050,2,"[1.1e+04,1.2e+04)",22
Pinus,3050,3,"[1.2e+04,1.3e+04)",32
Pinus,3050,4,"[1.3e+04,1.4e+04)",39
Pinus,3050,5,"[1.4e+04,1.5e+04)",12
Pinus,3050,6,"[1.5e+04,1.6e+04)",18
Pinus,3050,11,"[1e+04,1.1e+04)",33
Pinus,3050,12,"[2.03e+03,3.03e+03)",199
Pinus,3050,13,"[3.03e+03,4.03e+03)",176
Pinus,3050,14,"[4.03e+03,5.03e+03)",159
Pinus,3050,15,"[5.03e+03,6.03e+03)",85
Pinus,3050,16,"[6.03e+03,7.03e+03)",49
Pinus,3050,17,"[7.03e+03,8.03e+03)",78
Pinus,3050,18,"[8.03e+03,9.03e+03)",45
Pinus,3050,19,"[9.03e+03,1e+04)",15
Platanus,3050,1,"[1.03e+03,2.03e+03)",25
Platanus,3050,2,"[1.1e+04,1.2e+04)",2
Platanus,3050,3,"[1.2e+04,1.3e+04)",2
Platanus,3050,4,"[1.3e+04,1.4e+04)",0
Platanus,3050,5,"[1.4e+04,1.5e+04)",0
Platanus,3050,6,"[1.5e+04,1.6e+04)",0
Platanus,3050,11,"[1e+04,1.1e+04)",0
Platanus,3050,12,"[2.03e+03,3.03e+03)",20
Platanus,3050,13,"[3.03e+03,4.03e+03)",14
Platanus,3050,14,"[4.03e+03,5.03e+03)",18
Platanus,3050,15,"[5.03e+03,6.03e+03)",10
Platanus,3050,16,"[6.03e+03,7.03e+03)",7
Platanus,3050,17,"[7.03e+03,8.03e+03)",5
Platanus,3050,18,"[8.03e+03,9.03e+03)",1
Platanus,3050,19,"[9.03e+03,1e+04)",0
Populus,3050,1,"[1.03e+03,2.03e+03)",0
Populus,3050,2,"[1.1e+04,1.2e+04)",0
Populus,3050,3,"[1.2e+04,1.3e+04)",5
Populus,3050,4,"[1.3e+04,1.4e+04)",0
Populus,3050,5,"[1.4e+04,1.5e+04)",0
Populus,3050,6,"[1.5e+04,1.6e+04)",0
Populus,3050,11,"[1e+04,1.1e+04)",0
Populus,3050,12,"[2.03e+03,3.03e+03)",2
Populus,3050,13,"[3.03e+03,4.03e+03)",1
Populus,3050,14,"[4.03e+03,5.03e+03)",6
Populus,3050,15,"[5.03e+03,6.03e+03)",0
Populus,3050,16,"[6.03e+03,7.03e+03)",1
Populus,3050,17,"[7.03e+03,8.03e+03)",0
Populus,3050,18,"[8.03e+03,9.03e+03)",0
Populus,3050,19,"[9.03e+03,1e+04)",0
Quercus,3050,1,"[1.03e+03,2.03e+03)",171
Quercus,3050,2,"[1.1e+04,1.2e+04)",128
Quercus,3050,3,"[1.2e+04,1.3e+04)",125
Quercus,3050,4,"[1.3e+04,1.4e+04)",130
Quercus,3050,5,"[1.4e+04,1.5e+04)",22
Quercus,3050,6,"[1.5e+04,1.6e+04)",18
Quercus,3050,11,"[1e+04,1.1e+04)",350
Quercus,3050,12,"[2.03e+03,3.03e+03)",265
Quercus,3050,13,"[3.03e+03,4.03e+03)",222
Quercus,3050,14,"[4.03e+03,5.03e+03)",243
Quercus,3050,15,"[5.03e+03,6.03e+03)",134
Quercus,3050,16,"[6.03e+03,7.03e+03)",74
Quercus,3050,17,"[7.03e+03,8.03e+03)",121
Quercus,3050,18,"[8.03e+03,9.03e+03)",165
Quercus,3050,19,"[9.03e+03,1e+04)",101
Rhamnus,3050,1,"[1.03e+03,2.03e+03)",0
Rhamnus,3050,2,"[1.1e+04,1.2e+04)",0
Rhamnus,3050,3,"[1.2e+04,1.3e+04)",0
Rhamnus,3050,4,"[1.3e+04,1.4e+04)",0
Rhamnus,3050,5,"[1.4e+04,1.5e+04)",0
Rhamnus,3050,6,"[1.5e+04,1.6e+04)",0
Rhamnus,3050,11,"[1e+04,1.1e+04)",0
Rhamnus,3050,12,"[2.03e+03,3.03e+03)",0
Rhamnus,3050,13,"[3.03e+03,4.03e+03)",0
Rhamnus,3050,14,"[4.03e+03,5.03e+03)",0
Rhamnus,3050,15,"[5.03e+03,6.03e+03)",0
Rhamnus,3050,16,"[6.03e+03,7.03e+03)",0
Rhamnus,3050,17,"[7.03e+03,8.03e+03)",0
Rhamnus,3050,18,"[8.03e+03,9.03e+03)",0
Rhamnus,3050,19,"[9.03e+03,1e+04)",0
Rosaceae,3050,1,"[1.03e+03,2.03e+03)",1
Rosaceae,3050,2,"[1.1e+04,1.2e+04)",0
Rosaceae,3050,3,"[1.2e+04,1.3e+04)",0
Rosaceae,3050,4,"[1.3e+04,1.4e+04)",2
Rosaceae,3050,5,"[1.4e+04,1.5e+04)",1
Rosaceae,3050,6,"[1.5e+04,1.6e+04)",0
Rosaceae,3050,11,"[1e+04,1.1e+04)",0
Rosaceae,3050,12,"[2.03e+03,3.03e+03)",0
Rosaceae,3050,13,"[3.03e+03,4.03e+03)",0
Rosaceae,3050,14,"[4.03e+03,5.03e+03)",0
Rosaceae,3050,15,"[5.03e+03,6.03e+03)",0
Rosaceae,3050,16,"[6.03e+03,7.03e+03)",0
Rosaceae,3050,17,"[7.03e+03,8.03e+03)",0
Rosaceae,3050,18,"[8.03e+03,9.03e+03)",0
Rosaceae,3050,19,"[9.03e+03,1e+04)",0
Salix,3050,1,"[1.03e+03,2.03e+03)",7
Salix,3050,2,"[1.1e+04,1.2e+04)",2
Salix,3050,3,"[1.2e+04,1.3e+04)",11
Salix,3050,4,"[1.3e+04,1.4e+04)",12
Salix,3050,5,"[1.4e+04,1.5e+04)",5
Salix,3050,6,"[1.5e+04,1.6e+04)",4
Salix,3050,11,"[1e+04,1.1e+04)",0
Salix,3050,12,"[2.03e+03,3.03e+03)",6
Salix,3050,13,"[3.03e+03,4.03e+03)",4
Salix,3050,14,"[4.03e+03,5.03e+03)",8
Salix,3050,15,"[5.03e+03,6.03e+03)",2
Salix,3050,16,"[6.03e+03,7.03e+03)",2
Salix,3050,17,"[7.03e+03,8.03e+03)",2
Salix,3050,18,"[8.03e+03,9.03e+03)",5
Salix,3050,19,"[9.03e+03,1e+04)",3
Sambucus,3050,1,"[1.03e+03,2.03e+03)",3
Sambucus,3050,2,"[1.1e+04,1.2e+04)",0
Sambucus,3050,3,"[1.2e+04,1.3e+04)",3
Sambucus,3050,4,"[1.3e+04,1.4e+04)",0
Sambucus,3050,5,"[1.4e+04,1.5e+04)",0
Sambucus,3050,6,"[1.5e+04,1.6e+04)",0
Sambucus,3050,11,"[1e+04,1.1e+04)",0
Sambucus,3050,12,"[2.03e+03,3.03e+03)",0
Sambucus,3050,13,"[3.03e+03,4.03e+03)",0
Sambucus,3050,14,"[4.03e+03,5.03e+03)",1
Sambucus,3050,15,"[5.03e+03,6.03e+03)",0
Sambucus,3050,16,"[6.03e+03,7.03e+03)",0
Sambucus,3050,17,"[7.03e+03,8.03e+03)",3
Sambucus,3050,18,"[8.03e+03,9.03e+03)",1
Sambucus,3050,19,"[9.03e+03,1e+04)",0
Sarcobatus vermiculatus,3050,1,"[1.03e+03,2.03e+03)",1
Sarcobatus vermiculatus,3050,2,"[1.1e+04,1.2e+04)",0
Sarcobatus vermiculatus,3050,3,"[1.2e+04,1.3e+04)",0
Sarcobatus vermiculatus,3050,4,"[1.3e+04,1.4e+04)",5
Sarcobatus vermiculatus,3050,5,"[1.4e+04,1.5e+04)",0
Sarcobatus vermiculatus,3050,6,"[1.5e+04,1.6e+04)",0
Sarcobatus vermiculatus,3050,11,"[1e+04,1.1e+04)",0
Sarcobatus vermiculatus,3050,12,"[2.03e+03,3.03e+03)",3
Sarcobatus vermiculatus,3050,13,"[3.03e+03,4.03e+03)",2
Sarcobatus vermiculatus,3050,14,"[4.03e+03,5.03e+03)",4
Sarcobatus vermiculatus,3050,15,"[5.03e+03,6.03e+03)",2
Sarcobatus vermiculatus,3050,16,"[6.03e+03,7.03e+03)",3
Sarcobatus vermiculatus,3050,17,"[7.03e+03,8.03e+03)",1
Sarcobatus vermiculatus,3050,18,"[8.03e+03,9.03e+03)",3
Sarcobatus vermiculatus,3050,19,"[9.03e+03,1e+04)",2
Shepherdia canadensis,3050,1,"[1.03e+03,2.03e+03)",0
Shepherdia canadensis,3050,2,"[1.1e+04,1.2e+04)",0
Shepherdia canadensis,3050,3,"[1.2e+04,1.3e+04)",0
Shepherdia canadensis,3050,4,"[1.3e+04,1.4e+04)",0
Shepherdia canadensis,3050,5,"[1.4e+04,1.5e+04)",0
Shepherdia canadensis,3050,6,"[1.5e+04,1.6e+04)",0
Shepherdia canadensis,3050,11,"[1e+04,1.1e+04)",0
Shepherdia canadensis,3050,12,"[2.03e+03,3.03e+03)",0
Shepherdia canadensis,3050,13,"[3.03e+03,4.03e+03)",0
Shepherdia canadensis,3050,14,"[4.03e+03,5.03e+03)",0
Shepherdia canadensis,3050,15,"[5.03e+03,6.03e+03)",0
Shepherdia canadensis,3050,16,"[6.03e+03,7.03e+03)",0
Shepherdia canadensis,3050,17,"[7.03e+03,8.03e+03)",0
Shepherdia canadensis,3050,18,"[8.03e+03,9.03e+03)",0
Shepherdia canadensis,3050,19,"[9.03e+03,1e+04)",0
Solanaceae,3050,1,"[1.03e+03,2.03e+03)",2
Solanaceae,3050,2,"[1.1e+04,1.2e+04)",0
Solanaceae,3050,3,"[1.2e+04,1.3e+04)",0
Solanaceae,3050,4,"[1.3e+04,1.4e+04)",0
Solanaceae,3050,5,"[1.4e+04,1.5e+04)",0
Solanaceae,3050,6,"[1.5e+04,1.6e+04)",0
Solanaceae,3050,11,"[1e+04,1.1e+04)",0
Solanaceae,3050,12,"[2.03e+03,3.03e+03)",0
Solanaceae,3050,13,"[3.03e+03,4.03e+03)",0
Solanaceae,3050,14,"[4.03e+03,5.03e+03)",0
Solanaceae,3050,15,"[5.03e+03,6.03e+03)",0
Solanaceae,3050,16,"[6.03e+03,7.03e+03)",0
Solanaceae,3050,17,"[7.03e+03,8.03e+03)",2
Solanaceae,3050,18,"[8.03e+03,9.03e+03)",0
Solanaceae,3050,19,"[9.03e+03,1e+04)",0
Tilia,3050,1,"[1.03e+03,2.03e+03)",0
Tilia,3050,2,"[1.1e+04,1.2e+04)",21
Tilia,3050,3,"[1.2e+04,1.3e+04)",1
Tilia,3050,4,"[1.3e+04,1.4e+04)",0
Tilia,3050,5,"[1.4e+04,1.5e+04)",0
Tilia,3050,6,"[1.5e+04,1.6e+04)",0
Tilia,3050,11,"[1e+04,1.1e+04)",40
Tilia,3050,12,"[2.03e+03,3.03e+03)",0
Tilia,3050,13,"[3.03e+03,4.03e+03)",2
Tilia,3050,14,"[4.03e+03,5.03e+03)",2
Tilia,3050,15,"[5.03e+03,6.03e+03)",3
Tilia,3050,16,"[6.03e+03,7.03e+03)",0
Tilia,3050,17,"[7.03e+03,8.03e+03)",5
Tilia,3050,18,"[8.03e+03,9.03e+03)",8
Tilia,3050,19,"[9.03e+03,1e+04)",8
Tsuga,3050,1,"[1.03e+03,2.03e+03)",0
Tsuga,3050,2,"[1.1e+04,1.2e+04)",0
Tsuga,3050,3,"[1.2e+04,1.3e+04)",0
Tsuga,3050,4,"[1.3e+04,1.4e+04)",0
Tsuga,3050,5,"[1.4e+04,1.5e+04)",0
Tsuga,3050,6,"[1.5e+04,1.6e+04)",0
Tsuga,3050,11,"[1e+04,1.1e+04)",0
Tsuga,3050,12,"[2.03e+03,3.03e+03)",0
Tsuga,3050,13,"[3.03e+03,4.03e+03)",0
Tsuga,3050,14,"[4.03e+03,5.03e+03)",0
Tsuga,3050,15,"[5.03e+03,6.03e+03)",0
Tsuga,3050,16,"[6.03e+03,7.03e+03)",1
Tsuga,3050,17,"[7.03e+03,8.03e+03)",1
Tsuga,3050,18,"[8.03e+03,9.03e+03)",0
Tsuga,3050,19,"[9.03e+03,1e+04)",0
Ulmus,3050,1,"[1.03e+03,2.03e+03)",20
Ulmus,3050,2,"[1.1e+04,1.2e+04)",498
Ulmus,3050,3,"[1.2e+04,1.3e+04)",92
Ulmus,3050,4,"[1.3e+04,1.4e+04)",68
Ulmus,3050,5,"[1.4e+04,1.5e+04)",9
Ulmus,3050,6,"[1.5e+04,1.6e+04)",0
Ulmus,3050,11,"[1e+04,1.1e+04)",619
Ulmus,3050,12,"[2.03e+03,3.03e+03)",25
Ulmus,3050,13,"[3.03e+03,4.03e+03)",32
Ulmus,3050,14,"[4.03e+03,5.03e+03)",30
Ulmus,3050,15,"[5.03e+03,6.03e+03)",27
Ulmus,3050,16,"[6.03e+03,7.03e+03)",36
Ulmus,3050,17,"[7.03e+03,8.03e+03)",57
Ulmus,3050,18,"[8.03e+03,9.03e+03)",280
Ulmus,3050,19,"[9.03e+03,1e+04)",229
Viburnum,3050,1,"[1.03e+03,2.03e+03)",0
Viburnum,3050,2,"[1.1e+04,1.2e+04)",0
Viburnum,3050,3,"[1.2e+04,1.3e+04)",0
Viburnum,3050,4,"[1.3e+04,1.4e+04)",0
Viburnum,3050,5,"[1.4e+04,1.5e+04)",0
Viburnum,3050,6,"[1.5e+04,1.6e+04)",0
Viburnum,3050,11,"[1e+04,1.1e+04)",0
Viburnum,3050,12,"[2.03e+03,3.03e+03)",2
Viburnum,3050,13,"[3.03e+03,4.03e+03)",0
Viburnum,3050,14,"[4.03e+03,5.03e+03)",0
Viburnum,3050,15,"[5.03e+03,6.03e+03)",0
Viburnum,3050,16,"[6.03e+03,7.03e+03)",0
Viburnum,3050,17,"[7.03e+03,8.03e+03)",0
Viburnum,3050,18,"[8.03e+03,9.03e+03)",0
Viburnum,3050,19,"[9.03e+03,1e+04)",0
Viscaceae sensu stricto,3050,1,"[1.03e+03,2.03e+03)",0
Viscaceae sensu stricto,3050,2,"[1.1e+04,1.2e+04)",0
Viscaceae sensu stricto,3050,3,"[1.2e+04,1.3e+04)",0
Viscaceae sensu stricto,3050,4,"[1.3e+04,1.4e+04)",0
Viscaceae sensu stricto,3050,5,"[1.4e+04,1.5e+04)",0
Viscaceae sensu stricto,3050,6,"[1.5e+04,1.6e+04)",0
Viscaceae sensu stricto,3050,11,"[1e+04,1.1e+04)",0
Viscaceae sensu stricto,3050,12,"[2.03e+03,3.03e+03)",2
Viscaceae sensu stricto,3050,13,"[3.03e+03,4.03e+03)",0
Viscaceae sensu stricto,3050,14,"[4.03e+03,5.03e+03)",0
Viscaceae sensu stricto,3050,15,"[5.03e+03,6.03e+03)",0
Viscaceae sensu stricto,3050,16,"[6.03e+03,7.03e+03)",0
Viscaceae sensu stricto,3050,17,"[7.03e+03,8.03e+03)",0
Viscaceae sensu stricto,3050,18,"[8.03e+03,9.03e+03)",0
Viscaceae sensu stricto,3050,19,"[9.03e+03,1e+04)",0
Abies,3493,1,"[1.03e+03,2.03e+03)",0
Abies,3493,2,"[1.1e+04,1.2e+04)",38
Abies,3493,3,"[1.2e+04,1.3e+04)",15
Abies,3493,5,"[1.4e+04,1.5e+04)",3
Abies,3493,6,"[1.5e+04,1.6e+04)",12
Abies,3493,7,"[1.6e+04,1.7e+04)",0
Abies,3493,11,"[1e+04,1.1e+04)",7
Abies,3493,12,"[2.03e+03,3.03e+03)",0
Abies,3493,13,"[3.03e+03,4.03e+03)",1
Abies,3493,14,"[4.03e+03,5.03e+03)",0
Abies,3493,15,"[5.03e+03,6.03e+03)",2
Abies,3493,16,"[6.03e+03,7.03e+03)",0
Abies,3493,17,"[7.03e+03,8.03e+03)",1
Abies,3493,18,"[8.03e+03,9.03e+03)",1
Abies,3493,19,"[9.03e+03,1e+04)",3
Acer negundo,3493,1,"[1.03e+03,2.03e+03)",0
Acer negundo,3493,2,"[1.1e+04,1.2e+04)",0
Acer negundo,3493,3,"[1.2e+04,1.3e+04)",0
Acer negundo,3493,5,"[1.4e+04,1.5e+04)",0
Acer negundo,3493,6,"[1.5e+04,1.6e+04)",0
Acer negundo,3493,7,"[1.6e+04,1.7e+04)",0
Acer negundo,3493,11,"[1e+04,1.1e+04)",0
Acer negundo,3493,12,"[2.03e+03,3.03e+03)",0
Acer negundo,3493,13,"[3.03e+03,4.03e+03)",0
Acer negundo,3493,14,"[4.03e+03,5.03e+03)",1
Acer negundo,3493,15,"[5.03e+03,6.03e+03)",1
Acer negundo,3493,16,"[6.03e+03,7.03e+03)",1
Acer negundo,3493,17,"[7.03e+03,8.03e+03)",0
Acer negundo,3493,18,"[8.03e+03,9.03e+03)",0
Acer negundo,3493,19,"[9.03e+03,1e+04)",0
Acer rubrum,3493,1,"[1.03e+03,2.03e+03)",13
Acer rubrum,3493,2,"[1.1e+04,1.2e+04)",2
Acer rubrum,3493,3,"[1.2e+04,1.3e+04)",0
Acer rubrum,3493,5,"[1.4e+04,1.5e+04)",0
Acer rubrum,3493,6,"[1.5e+04,1.6e+04)",0
Acer rubrum,3493,7,"[1.6e+04,1.7e+04)",0
Acer rubrum,3493,11,"[1e+04,1.1e+04)",1
Acer rubrum,3493,12,"[2.03e+03,3.03e+03)",5
Acer rubrum,3493,13,"[3.03e+03,4.03e+03)",7
Acer rubrum,3493,14,"[4.03e+03,5.03e+03)",3
Acer rubrum,3493,15,"[5.03e+03,6.03e+03)",4
Acer rubrum,3493,16,"[6.03e+03,7.03e+03)",3
Acer rubrum,3493,17,"[7.03e+03,8.03e+03)",5
Acer rubrum,3493,18,"[8.03e+03,9.03e+03)",7
Acer rubrum,3493,19,"[9.03e+03,1e+04)",2
Acer saccharinum-type,3493,1,"[1.03e+03,2.03e+03)",7
Acer saccharinum-type,3493,2,"[1.1e+04,1.2e+04)",0
Acer saccharinum-type,3493,3,"[1.2e+04,1.3e+04)",0
Acer saccharinum-type,3493,5,"[1.4e+04,1.5e+04)",0
Acer saccharinum-type,3493,6,"[1.5e+04,1.6e+04)",0
Acer saccharinum-type,3493,7,"[1.6e+04,1.7e+04)",0
Acer saccharinum-type,3493,11,"[1e+04,1.1e+04)",1
Acer saccharinum-type,3493,12,"[2.03e+03,3.03e+03)",1
Acer saccharinum-type,3493,13,"[3.03e+03,4.03e+03)",2
Acer saccharinum-type,3493,14,"[4.03e+03,5.03e+03)",1
Acer saccharinum-type,3493,15,"[5.03e+03,6.03e+03)",4
Acer saccharinum-type,3493,16,"[6.03e+03,7.03e+03)",3
Acer saccharinum-type,3493,17,"[7.03e+03,8.03e+03)",3
Acer saccharinum-type,3493,18,"[8.03e+03,9.03e+03)",0
Acer saccharinum-type,3493,19,"[9.03e+03,1e+04)",1
Acer saccharum-type,3493,1,"[1.03e+03,2.03e+03)",49
Acer saccharum-type,3493,2,"[1.1e+04,1.2e+04)",31
Acer saccharum-type,3493,3,"[1.2e+04,1.3e+04)",1
Acer saccharum-type,3493,5,"[1.4e+04,1.5e+04)",1
Acer saccharum-type,3493,6,"[1.5e+04,1.6e+04)",1
Acer saccharum-type,3493,7,"[1.6e+04,1.7e+04)",0
Acer saccharum-type,3493,11,"[1e+04,1.1e+04)",5
Acer saccharum-type,3493,12,"[2.03e+03,3.03e+03)",17
Acer saccharum-type,3493,13,"[3.03e+03,4.03e+03)",25
Acer saccharum-type,3493,14,"[4.03e+03,5.03e+03)",10
Acer saccharum-type,3493,15,"[5.03e+03,6.03e+03)",32
Acer saccharum-type,3493,16,"[6.03e+03,7.03e+03)",27
Acer saccharum-type,3493,17,"[7.03e+03,8.03e+03)",32
Acer saccharum-type,3493,18,"[8.03e+03,9.03e+03)",17
Acer saccharum-type,3493,19,"[9.03e+03,1e+04)",8
Acer undiff.,3493,1,"[1.03e+03,2.03e+03)",4
Acer undiff.,3493,2,"[1.1e+04,1.2e+04)",5
Acer undiff.,3493,3,"[1.2e+04,1.3e+04)",0
Acer undiff.,3493,5,"[1.4e+04,1.5e+04)",0
Acer undiff.,3493,6,"[1.5e+04,1.6e+04)",2
Acer undiff.,3493,7,"[1.6e+04,1.7e+04)",0
Acer undiff.,3493,11,"[1e+04,1.1e+04)",6
Acer undiff.,3493,12,"[2.03e+03,3.03e+03)",2
Acer undiff.,3493,13,"[3.03e+03,4.03e+03)",3
Acer undiff.,3493,14,"[4.03e+03,5.03e+03)",0
Acer undiff.,3493,15,"[5.03e+03,6.03e+03)",3
Acer undiff.,3493,16,"[6.03e+03,7.03e+03)",5
Acer undiff.,3493,17,"[7.03e+03,8.03e+03)",2
Acer undiff.,3493,18,"[8.03e+03,9.03e+03)",5
Acer undiff.,3493,19,"[9.03e+03,1e+04)",3
Alnus,3493,1,"[1.03e+03,2.03e+03)",72
Alnus,3493,2,"[1.1e+04,1.2e+04)",50
Alnus,3493,3,"[1.2e+04,1.3e+04)",73
Alnus,3493,5,"[1.4e+04,1.5e+04)",0
Alnus,3493,6,"[1.5e+04,1.6e+04)",62
Alnus,3493,7,"[1.6e+04,1.7e+04)",10
Alnus,3493,11,"[1e+04,1.1e+04)",40
Alnus,3493,12,"[2.03e+03,3.03e+03)",31
Alnus,3493,13,"[3.03e+03,4.03e+03)",25
Alnus,3493,14,"[4.03e+03,5.03e+03)",27
Alnus,3493,15,"[5.03e+03,6.03e+03)",65
Alnus,3493,16,"[6.03e+03,7.03e+03)",51
Alnus,3493,17,"[7.03e+03,8.03e+03)",42
Alnus,3493,18,"[8.03e+03,9.03e+03)",67
Alnus,3493,19,"[9.03e+03,1e+04)",53
Artemisia,3493,1,"[1.03e+03,2.03e+03)",0
Artemisia,3493,2,"[1.1e+04,1.2e+04)",1
Artemisia,3493,3,"[1.2e+04,1.3e+04)",0
Artemisia,3493,5,"[1.4e+04,1.5e+04)",0
Artemisia,3493,6,"[1.5e+04,1.6e+04)",22
Artemisia,3493,7,"[1.6e+04,1.7e+04)",13
Artemisia,3493,11,"[1e+04,1.1e+04)",0
Artemisia,3493,12,"[2.03e+03,3.03e+03)",0
Artemisia,3493,13,"[3.03e+03,4.03e+03)",1
Artemisia,3493,14,"[4.03e+03,5.03e+03)",0
Artemisia,3493,15,"[5.03e+03,6.03e+03)",1
Artemisia,3493,16,"[6.03e+03,7.03e+03)",1
Artemisia,3493,17,"[7.03e+03,8.03e+03)",2
Artemisia,3493,18,"[8.03e+03,9.03e+03)",1
Artemisia,3493,19,"[9.03e+03,1e+04)",5
Betula,3493,1,"[1.03e+03,2.03e+03)",452
Betula,3493,2,"[1.1e+04,1.2e+04)",130
Betula,3493,3,"[1.2e+04,1.3e+04)",60
Betula,3493,5,"[1.4e+04,1.5e+04)",12
Betula,3493,6,"[1.5e+04,1.6e+04)",41
Betula,3493,7,"[1.6e+04,1.7e+04)",2
Betula,3493,11,"[1e+04,1.1e+04)",60
Betula,3493,12,"[2.03e+03,3.03e+03)",165
Betula,3493,13,"[3.03e+03,4.03e+03)",89
Betula,3493,14,"[4.03e+03,5.03e+03)",61
Betula,3493,15,"[5.03e+03,6.03e+03)",192
Betula,3493,16,"[6.03e+03,7.03e+03)",164
Betula,3493,17,"[7.03e+03,8.03e+03)",188
Betula,3493,18,"[8.03e+03,9.03e+03)",102
Betula,3493,19,"[9.03e+03,1e+04)",91
Carya,3493,1,"[1.03e+03,2.03e+03)",101
Carya,3493,2,"[1.1e+04,1.2e+04)",3
Carya,3493,3,"[1.2e+04,1.3e+04)",0
Carya,3493,5,"[1.4e+04,1.5e+04)",0
Carya,3493,6,"[1.5e+04,1.6e+04)",0
Carya,3493,7,"[1.6e+04,1.7e+04)",0
Carya,3493,11,"[1e+04,1.1e+04)",3
Carya,3493,12,"[2.03e+03,3.03e+03)",52
Carya,3493,13,"[3.03e+03,4.03e+03)",56
Carya,3493,14,"[4.03e+03,5.03e+03)",56
Carya,3493,15,"[5.03e+03,6.03e+03)",65
Carya,3493,16,"[6.03e+03,7.03e+03)",33
Carya,3493,17,"[7.03e+03,8.03e+03)",20
Carya,3493,18,"[8.03e+03,9.03e+03)",5
Carya,3493,19,"[9.03e+03,1e+04)",4
Castanea,3493,1,"[1.03e+03,2.03e+03)",438
Castanea,3493,2,"[1.1e+04,1.2e+04)",1
Castanea,3493,3,"[1.2e+04,1.3e+04)",0
Castanea,3493,5,"[1.4e+04,1.5e+04)",0
Castanea,3493,6,"[1.5e+04,1.6e+04)",3
Castanea,3493,7,"[1.6e+04,1.7e+04)",0
Castanea,3493,11,"[1e+04,1.1e+04)",2
Castanea,3493,12,"[2.03e+03,3.03e+03)",178
Castanea,3493,13,"[3.03e+03,4.03e+03)",13
Castanea,3493,14,"[4.03e+03,5.03e+03)",1
Castanea,3493,15,"[5.03e+03,6.03e+03)",13
Castanea,3493,16,"[6.03e+03,7.03e+03)",3
Castanea,3493,17,"[7.03e+03,8.03e+03)",6
Castanea,3493,18,"[8.03e+03,9.03e+03)",3
Castanea,3493,19,"[9.03e+03,1e+04)",4
Celtis,3493,1,"[1.03e+03,2.03e+03)",0
Celtis,3493,2,"[1.1e+04,1.2e+04)",0
Celtis,3493,3,"[1.2e+04,1.3e+04)",0
Celtis,3493,5,"[1.4e+04,1.5e+04)",0
Celtis,3493,6,"[1.5e+04,1.6e+04)",0
Celtis,3493,7,"[1.6e+04,1.7e+04)",0
Celtis,3493,11,"[1e+04,1.1e+04)",0
Celtis,3493,12,"[2.03e+03,3.03e+03)",0
Celtis,3493,13,"[3.03e+03,4.03e+03)",0
Celtis,3493,14,"[4.03e+03,5.03e+03)",0
Celtis,3493,15,"[5.03e+03,6.03e+03)",0
Celtis,3493,16,"[6.03e+03,7.03e+03)",0
Celtis,3493,17,"[7.03e+03,8.03e+03)",0
Celtis,3493,18,"[8.03e+03,9.03e+03)",0
Celtis,3493,19,"[9.03e+03,1e+04)",0
Cephalanthus,3493,1,"[1.03e+03,2.03e+03)",1
Cephalanthus,3493,2,"[1.1e+04,1.2e+04)",1
Cephalanthus,3493,3,"[1.2e+04,1.3e+04)",0
Cephalanthus,3493,5,"[1.4e+04,1.5e+04)",0
Cephalanthus,3493,6,"[1.5e+04,1.6e+04)",0
Cephalanthus,3493,7,"[1.6e+04,1.7e+04)",0
Cephalanthus,3493,11,"[1e+04,1.1e+04)",0
Cephalanthus,3493,12,"[2.03e+03,3.03e+03)",3
Cephalanthus,3493,13,"[3.03e+03,4.03e+03)",5
Cephalanthus,3493,14,"[4.03e+03,5.03e+03)",2
Cephalanthus,3493,15,"[5.03e+03,6.03e+03)",2
Cephalanthus,3493,16,"[6.03e+03,7.03e+03)",8
Cephalanthus,3493,17,"[7.03e+03,8.03e+03)",4
Cephalanthus,3493,18,"[8.03e+03,9.03e+03)",3
Cephalanthus,3493,19,"[9.03e+03,1e+04)",0
Cornus,3493,1,"[1.03e+03,2.03e+03)",0
Cornus,3493,2,"[1.1e+04,1.2e+04)",0
Cornus,3493,3,"[1.2e+04,1.3e+04)",0
Cornus,3493,5,"[1.4e+04,1.5e+04)",0
Cornus,3493,6,"[1.5e+04,1.6e+04)",0
Cornus,3493,7,"[1.6e+04,1.7e+04)",0
Cornus,3493,11,"[1e+04,1.1e+04)",0
Cornus,3493,12,"[2.03e+03,3.03e+03)",0
Cornus,3493,13,"[3.03e+03,4.03e+03)",0
Cornus,3493,14,"[4.03e+03,5.03e+03)",0
Cornus,3493,15,"[5.03e+03,6.03e+03)",0
Cornus,3493,16,"[6.03e+03,7.03e+03)",0
Cornus,3493,17,"[7.03e+03,8.03e+03)",1
Cornus,3493,18,"[8.03e+03,9.03e+03)",0
Cornus,3493,19,"[9.03e+03,1e+04)",1
Corylus,3493,1,"[1.03e+03,2.03e+03)",1
Corylus,3493,2,"[1.1e+04,1.2e+04)",10
Corylus,3493,3,"[1.2e+04,1.3e+04)",2
Corylus,3493,5,"[1.4e+04,1.5e+04)",0
Corylus,3493,6,"[1.5e+04,1.6e+04)",4
Corylus,3493,7,"[1.6e+04,1.7e+04)",0
Corylus,3493,11,"[1e+04,1.1e+04)",6
Corylus,3493,12,"[2.03e+03,3.03e+03)",0
Corylus,3493,13,"[3.03e+03,4.03e+03)",0
Corylus,3493,14,"[4.03e+03,5.03e+03)",4
Corylus,3493,15,"[5.03e+03,6.03e+03)",5
Corylus,3493,16,"[6.03e+03,7.03e+03)",1
Corylus,3493,17,"[7.03e+03,8.03e+03)",5
Corylus,3493,18,"[8.03e+03,9.03e+03)",4
Corylus,3493,19,"[9.03e+03,1e+04)",4
Cupressaceae,3493,1,"[1.03e+03,2.03e+03)",12
Cupressaceae,3493,2,"[1.1e+04,1.2e+04)",2
Cupressaceae,3493,3,"[1.2e+04,1.3e+04)",4
Cupressaceae,3493,5,"[1.4e+04,1.5e+04)",0
Cupressaceae,3493,6,"[1.5e+04,1.6e+04)",7
Cupressaceae,3493,7,"[1.6e+04,1.7e+04)",2
Cupressaceae,3493,11,"[1e+04,1.1e+04)",2
Cupressaceae,3493,12,"[2.03e+03,3.03e+03)",7
Cupressaceae,3493,13,"[3.03e+03,4.03e+03)",9
Cupressaceae,3493,14,"[4.03e+03,5.03e+03)",4
Cupressaceae,3493,15,"[5.03e+03,6.03e+03)",7
Cupressaceae,3493,16,"[6.03e+03,7.03e+03)",5
Cupressaceae,3493,17,"[7.03e+03,8.03e+03)",3
Cupressaceae,3493,18,"[8.03e+03,9.03e+03)",5
Cupressaceae,3493,19,"[9.03e+03,1e+04)",3
Ericaceae,3493,1,"[1.03e+03,2.03e+03)",7
Ericaceae,3493,2,"[1.1e+04,1.2e+04)",0
Ericaceae,3493,3,"[1.2e+04,1.3e+04)",0
Ericaceae,3493,5,"[1.4e+04,1.5e+04)",0
Ericaceae,3493,6,"[1.5e+04,1.6e+04)",6
Ericaceae,3493,7,"[1.6e+04,1.7e+04)",0
Ericaceae,3493,11,"[1e+04,1.1e+04)",2
Ericaceae,3493,12,"[2.03e+03,3.03e+03)",2
Ericaceae,3493,13,"[3.03e+03,4.03e+03)",1
Ericaceae,3493,14,"[4.03e+03,5.03e+03)",1
Ericaceae,3493,15,"[5.03e+03,6.03e+03)",0
Ericaceae,3493,16,"[6.03e+03,7.03e+03)",0
Ericaceae,3493,17,"[7.03e+03,8.03e+03)",0
Ericaceae,3493,18,"[8.03e+03,9.03e+03)",0
Ericaceae,3493,19,"[9.03e+03,1e+04)",0
Fagus,3493,1,"[1.03e+03,2.03e+03)",177
Fagus,3493,2,"[1.1e+04,1.2e+04)",1
Fagus,3493,3,"[1.2e+04,1.3e+04)",0
Fagus,3493,5,"[1.4e+04,1.5e+04)",0
Fagus,3493,6,"[1.5e+04,1.6e+04)",0
Fagus,3493,7,"[1.6e+04,1.7e+04)",0
Fagus,3493,11,"[1e+04,1.1e+04)",2
Fagus,3493,12,"[2.03e+03,3.03e+03)",93
Fagus,3493,13,"[3.03e+03,4.03e+03)",64
Fagus,3493,14,"[4.03e+03,5.03e+03)",58
Fagus,3493,15,"[5.03e+03,6.03e+03)",173
Fagus,3493,16,"[6.03e+03,7.03e+03)",232
Fagus,3493,17,"[7.03e+03,8.03e+03)",292
Fagus,3493,18,"[8.03e+03,9.03e+03)",146
Fagus,3493,19,"[9.03e+03,1e+04)",41
Fraxinus (tetracolpate),3493,1,"[1.03e+03,2.03e+03)",45
Fraxinus (tetracolpate),3493,2,"[1.1e+04,1.2e+04)",16
Fraxinus (tetracolpate),3493,3,"[1.2e+04,1.3e+04)",0
Fraxinus (tetracolpate),3493,5,"[1.4e+04,1.5e+04)",0
Fraxinus (tetracolpate),3493,6,"[1.5e+04,1.6e+04)",2
Fraxinus (tetracolpate),3493,7,"[1.6e+04,1.7e+04)",0
Fraxinus (tetracolpate),3493,11,"[1e+04,1.1e+04)",18
Fraxinus (tetracolpate),3493,12,"[2.03e+03,3.03e+03)",21
Fraxinus (tetracolpate),3493,13,"[3.03e+03,4.03e+03)",13
Fraxinus (tetracolpate),3493,14,"[4.03e+03,5.03e+03)",8
Fraxinus (tetracolpate),3493,15,"[5.03e+03,6.03e+03)",35
Fraxinus (tetracolpate),3493,16,"[6.03e+03,7.03e+03)",26
Fraxinus (tetracolpate),3493,17,"[7.03e+03,8.03e+03)",36
Fraxinus (tetracolpate),3493,18,"[8.03e+03,9.03e+03)",13
Fraxinus (tetracolpate),3493,19,"[9.03e+03,1e+04)",11
Fraxinus (tricolpate),3493,1,"[1.03e+03,2.03e+03)",33
Fraxinus (tricolpate),3493,2,"[1.1e+04,1.2e+04)",23
Fraxinus (tricolpate),3493,3,"[1.2e+04,1.3e+04)",2
Fraxinus (tricolpate),3493,5,"[1.4e+04,1.5e+04)",0
Fraxinus (tricolpate),3493,6,"[1.5e+04,1.6e+04)",0
Fraxinus (tricolpate),3493,7,"[1.6e+04,1.7e+04)",0
Fraxinus (tricolpate),3493,11,"[1e+04,1.1e+04)",19
Fraxinus (tricolpate),3493,12,"[2.03e+03,3.03e+03)",18
Fraxinus (tricolpate),3493,13,"[3.03e+03,4.03e+03)",16
Fraxinus (tricolpate),3493,14,"[4.03e+03,5.03e+03)",10
Fraxinus (tricolpate),3493,15,"[5.03e+03,6.03e+03)",33
Fraxinus (tricolpate),3493,16,"[6.03e+03,7.03e+03)",19
Fraxinus (tricolpate),3493,17,"[7.03e+03,8.03e+03)",18
Fraxinus (tricolpate),3493,18,"[8.03e+03,9.03e+03)",19
Fraxinus (tricolpate),3493,19,"[9.03e+03,1e+04)",25
Fraxinus undiff.,3493,1,"[1.03e+03,2.03e+03)",4
Fraxinus undiff.,3493,2,"[1.1e+04,1.2e+04)",0
Fraxinus undiff.,3493,3,"[1.2e+04,1.3e+04)",0
Fraxinus undiff.,3493,5,"[1.4e+04,1.5e+04)",0
Fraxinus undiff.,3493,6,"[1.5e+04,1.6e+04)",1
Fraxinus undiff.,3493,7,"[1.6e+04,1.7e+04)",0
Fraxinus undiff.,3493,11,"[1e+04,1.1e+04)",0
Fraxinus undiff.,3493,12,"[2.03e+03,3.03e+03)",0
Fraxinus undiff.,3493,13,"[3.03e+03,4.03e+03)",1
Fraxinus undiff.,3493,14,"[4.03e+03,5.03e+03)",2
Fraxinus undiff.,3493,15,"[5.03e+03,6.03e+03)",4
Fraxinus undiff.,3493,16,"[6.03e+03,7.03e+03)",3
Fraxinus undiff.,3493,17,"[7.03e+03,8.03e+03)",4
Fraxinus undiff.,3493,18,"[8.03e+03,9.03e+03)",0
Fraxinus undiff.,3493,19,"[9.03e+03,1e+04)",0
Ilex,3493,1,"[1.03e+03,2.03e+03)",11
Ilex,3493,2,"[1.1e+04,1.2e+04)",1
Ilex,3493,3,"[1.2e+04,1.3e+04)",0
Ilex,3493,5,"[1.4e+04,1.5e+04)",0
Ilex,3493,6,"[1.5e+04,1.6e+04)",0
Ilex,3493,7,"[1.6e+04,1.7e+04)",0
Ilex,3493,11,"[1e+04,1.1e+04)",1
Ilex,3493,12,"[2.03e+03,3.03e+03)",4
Ilex,3493,13,"[3.03e+03,4.03e+03)",2
Ilex,3493,14,"[4.03e+03,5.03e+03)",0
Ilex,3493,15,"[5.03e+03,6.03e+03)",0
Ilex,3493,16,"[6.03e+03,7.03e+03)",2
Ilex,3493,17,"[7.03e+03,8.03e+03)",1
Ilex,3493,18,"[8.03e+03,9.03e+03)",3
Ilex,3493,19,"[9.03e+03,1e+04)",0
Juglans cinerea,3493,1,"[1.03e+03,2.03e+03)",13
Juglans cinerea,3493,2,"[1.1e+04,1.2e+04)",3
Juglans cinerea,3493,3,"[1.2e+04,1.3e+04)",1
Juglans cinerea,3493,5,"[1.4e+04,1.5e+04)",2
Juglans cinerea,3493,6,"[1.5e+04,1.6e+04)",0
Juglans cinerea,3493,7,"[1.6e+04,1.7e+04)",0
Juglans cinerea,3493,11,"[1e+04,1.1e+04)",0
Juglans cinerea,3493,12,"[2.03e+03,3.03e+03)",10
Juglans cinerea,3493,13,"[3.03e+03,4.03e+03)",2
Juglans cinerea,3493,14,"[4.03e+03,5.03e+03)",4
Juglans cinerea,3493,15,"[5.03e+03,6.03e+03)",23
Juglans cinerea,3493,16,"[6.03e+03,7.03e+03)",12
Juglans cinerea,3493,17,"[7.03e+03,8.03e+03)",11
Juglans cinerea,3493,18,"[8.03e+03,9.03e+03)",0
Juglans cinerea,3493,19,"[9.03e+03,1e+04)",1
Juglans nigra,3493,1,"[1.03e+03,2.03e+03)",4
Juglans nigra,3493,2,"[1.1e+04,1.2e+04)",0
Juglans nigra,3493,3,"[1.2e+04,1.3e+04)",0
Juglans nigra,3493,5,"[1.4e+04,1.5e+04)",0
Juglans nigra,3493,6,"[1.5e+04,1.6e+04)",1
Juglans nigra,3493,7,"[1.6e+04,1.7e+04)",0
Juglans nigra,3493,11,"[1e+04,1.1e+04)",0
Juglans nigra,3493,12,"[2.03e+03,3.03e+03)",0
Juglans nigra,3493,13,"[3.03e+03,4.03e+03)",0
Juglans nigra,3493,14,"[4.03e+03,5.03e+03)",0
Juglans nigra,3493,15,"[5.03e+03,6.03e+03)",0
Juglans nigra,3493,16,"[6.03e+03,7.03e+03)",0
Juglans nigra,3493,17,"[7.03e+03,8.03e+03)",1
Juglans nigra,3493,18,"[8.03e+03,9.03e+03)",0
Juglans nigra,3493,19,"[9.03e+03,1e+04)",0
Larix,3493,1,"[1.03e+03,2.03e+03)",0
Larix,3493,2,"[1.1e+04,1.2e+04)",2
Larix,3493,3,"[1.2e+04,1.3e+04)",6
Larix,3493,5,"[1.4e+04,1.5e+04)",0
Larix,3493,6,"[1.5e+04,1.6e+04)",0
Larix,3493,7,"[1.6e+04,1.7e+04)",0
Larix,3493,11,"[1e+04,1.1e+04)",2
Larix,3493,12,"[2.03e+03,3.03e+03)",0
Larix,3493,13,"[3.03e+03,4.03e+03)",0
Larix,3493,14,"[4.03e+03,5.03e+03)",0
Larix,3493,15,"[5.03e+03,6.03e+03)",1
Larix,3493,16,"[6.03e+03,7.03e+03)",1
Larix,3493,17,"[7.03e+03,8.03e+03)",0
Larix,3493,18,"[8.03e+03,9.03e+03)",8
Larix,3493,19,"[9.03e+03,1e+04)",6
Liquidambar,3493,1,"[1.03e+03,2.03e+03)",1
Liquidambar,3493,2,"[1.1e+04,1.2e+04)",0
Liquidambar,3493,3,"[1.2e+04,1.3e+04)",0
Liquidambar,3493,5,"[1.4e+04,1.5e+04)",0
Liquidambar,3493,6,"[1.5e+04,1.6e+04)",1
Liquidambar,3493,7,"[1.6e+04,1.7e+04)",1
Liquidambar,3493,11,"[1e+04,1.1e+04)",0
Liquidambar,3493,12,"[2.03e+03,3.03e+03)",0
Liquidambar,3493,13,"[3.03e+03,4.03e+03)",0
Liquidambar,3493,14,"[4.03e+03,5.03e+03)",1
Liquidambar,3493,15,"[5.03e+03,6.03e+03)",0
Liquidambar,3493,16,"[6.03e+03,7.03e+03)",0
Liquidambar,3493,17,"[7.03e+03,8.03e+03)",0
Liquidambar,3493,18,"[8.03e+03,9.03e+03)",0
Liquidambar,3493,19,"[9.03e+03,1e+04)",0
Morus,3493,1,"[1.03e+03,2.03e+03)",1
Morus,3493,2,"[1.1e+04,1.2e+04)",1
Morus,3493,3,"[1.2e+04,1.3e+04)",0
Morus,3493,5,"[1.4e+04,1.5e+04)",0
Morus,3493,6,"[1.5e+04,1.6e+04)",0
Morus,3493,7,"[1.6e+04,1.7e+04)",0
Morus,3493,11,"[1e+04,1.1e+04)",3
Morus,3493,12,"[2.03e+03,3.03e+03)",0
Morus,3493,13,"[3.03e+03,4.03e+03)",0
Morus,3493,14,"[4.03e+03,5.03e+03)",3
Morus,3493,15,"[5.03e+03,6.03e+03)",0
Morus,3493,16,"[6.03e+03,7.03e+03)",4
Morus,3493,17,"[7.03e+03,8.03e+03)",4
Morus,3493,18,"[8.03e+03,9.03e+03)",1
Morus,3493,19,"[9.03e+03,1e+04)",2
Myrica,3493,1,"[1.03e+03,2.03e+03)",7
Myrica,3493,2,"[1.1e+04,1.2e+04)",2
Myrica,3493,3,"[1.2e+04,1.3e+04)",2
Myrica,3493,5,"[1.4e+04,1.5e+04)",0
Myrica,3493,6,"[1.5e+04,1.6e+04)",2
Myrica,3493,7,"[1.6e+04,1.7e+04)",0
Myrica,3493,11,"[1e+04,1.1e+04)",5
Myrica,3493,12,"[2.03e+03,3.03e+03)",4
Myrica,3493,13,"[3.03e+03,4.03e+03)",4
Myrica,3493,14,"[4.03e+03,5.03e+03)",8
Myrica,3493,15,"[5.03e+03,6.03e+03)",3
Myrica,3493,16,"[6.03e+03,7.03e+03)",0
Myrica,3493,17,"[7.03e+03,8.03e+03)",5
Myrica,3493,18,"[8.03e+03,9.03e+03)",5
Myrica,3493,19,"[9.03e+03,1e+04)",12
Nyssa,3493,1,"[1.03e+03,2.03e+03)",1
Nyssa,3493,2,"[1.1e+04,1.2e+04)",0
Nyssa,3493,3,"[1.2e+04,1.3e+04)",0
Nyssa,3493,5,"[1.4e+04,1.5e+04)",0
Nyssa,3493,6,"[1.5e+04,1.6e+04)",0
Nyssa,3493,7,"[1.6e+04,1.7e+04)",0
Nyssa,3493,11,"[1e+04,1.1e+04)",0
Nyssa,3493,12,"[2.03e+03,3.03e+03)",0
Nyssa,3493,13,"[3.03e+03,4.03e+03)",0
Nyssa,3493,14,"[4.03e+03,5.03e+03)",1
Nyssa,3493,15,"[5.03e+03,6.03e+03)",2
Nyssa,3493,16,"[6.03e+03,7.03e+03)",1
Nyssa,3493,17,"[7.03e+03,8.03e+03)",2
Nyssa,3493,18,"[8.03e+03,9.03e+03)",0
Nyssa,3493,19,"[9.03e+03,1e+04)",0
Ostrya/Carpinus,3493,1,"[1.03e+03,2.03e+03)",44
Ostrya/Carpinus,3493,2,"[1.1e+04,1.2e+04)",53
Ostrya/Carpinus,3493,3,"[1.2e+04,1.3e+04)",4
Ostrya/Carpinus,3493,5,"[1.4e+04,1.5e+04)",3
Ostrya/Carpinus,3493,6,"[1.5e+04,1.6e+04)",9
Ostrya/Carpinus,3493,7,"[1.6e+04,1.7e+04)",0
Ostrya/Carpinus,3493,11,"[1e+04,1.1e+04)",32
Ostrya/Carpinus,3493,12,"[2.03e+03,3.03e+03)",28
Ostrya/Carpinus,3493,13,"[3.03e+03,4.03e+03)",17
Ostrya/Carpinus,3493,14,"[4.03e+03,5.03e+03)",22
Ostrya/Carpinus,3493,15,"[5.03e+03,6.03e+03)",23
Ostrya/Carpinus,3493,16,"[6.03e+03,7.03e+03)",28
Ostrya/Carpinus,3493,17,"[7.03e+03,8.03e+03)",29
Ostrya/Carpinus,3493,18,"[8.03e+03,9.03e+03)",45
Ostrya/Carpinus,3493,19,"[9.03e+03,1e+04)",40
Picea,3493,1,"[1.03e+03,2.03e+03)",13
Picea,3493,2,"[1.1e+04,1.2e+04)",74
Picea,3493,3,"[1.2e+04,1.3e+04)",98
Picea,3493,5,"[1.4e+04,1.5e+04)",48
Picea,3493,6,"[1.5e+04,1.6e+04)",263
Picea,3493,7,"[1.6e+04,1.7e+04)",44
Picea,3493,11,"[1e+04,1.1e+04)",18
Picea,3493,12,"[2.03e+03,3.03e+03)",2
Picea,3493,13,"[3.03e+03,4.03e+03)",2
Picea,3493,14,"[4.03e+03,5.03e+03)",0
Picea,3493,15,"[5.03e+03,6.03e+03)",3
Picea,3493,16,"[6.03e+03,7.03e+03)",3
Picea,3493,17,"[7.03e+03,8.03e+03)",0
Picea,3493,18,"[8.03e+03,9.03e+03)",3
Picea,3493,19,"[9.03e+03,1e+04)",12
Pinus subg. Pinus,3493,1,"[1.03e+03,2.03e+03)",13
Pinus subg. Pinus,3493,2,"[1.1e+04,1.2e+04)",30
Pinus subg. Pinus,3493,3,"[1.2e+04,1.3e+04)",16
Pinus subg. Pinus,3493,5,"[1.4e+04,1.5e+04)",17
Pinus subg. Pinus,3493,6,"[1.5e+04,1.6e+04)",18
Pinus subg. Pinus,3493,7,"[1.6e+04,1.7e+04)",14
Pinus subg. Pinus,3493,11,"[1e+04,1.1e+04)",23
Pinus subg. Pinus,3493,12,"[2.03e+03,3.03e+03)",5
Pinus subg. Pinus,3493,13,"[3.03e+03,4.03e+03)",7
Pinus subg. Pinus,3493,14,"[4.03e+03,5.03e+03)",5
Pinus subg. Pinus,3493,15,"[5.03e+03,6.03e+03)",11
Pinus subg. Pinus,3493,16,"[6.03e+03,7.03e+03)",5
Pinus subg. Pinus,3493,17,"[7.03e+03,8.03e+03)",3
Pinus subg. Pinus,3493,18,"[8.03e+03,9.03e+03)",16
Pinus subg. Pinus,3493,19,"[9.03e+03,1e+04)",27
Pinus subg. Strobus,3493,1,"[1.03e+03,2.03e+03)",41
Pinus subg. Strobus,3493,2,"[1.1e+04,1.2e+04)",512
Pinus subg. Strobus,3493,3,"[1.2e+04,1.3e+04)",16
Pinus subg. Strobus,3493,5,"[1.4e+04,1.5e+04)",1
Pinus subg. Strobus,3493,6,"[1.5e+04,1.6e+04)",1
Pinus subg. Strobus,3493,7,"[1.6e+04,1.7e+04)",0
Pinus subg. Strobus,3493,11,"[1e+04,1.1e+04)",197
Pinus subg. Strobus,3493,12,"[2.03e+03,3.03e+03)",23
Pinus subg. Strobus,3493,13,"[3.03e+03,4.03e+03)",5
Pinus subg. Strobus,3493,14,"[4.03e+03,5.03e+03)",6
Pinus subg. Strobus,3493,15,"[5.03e+03,6.03e+03)",7
Pinus subg. Strobus,3493,16,"[6.03e+03,7.03e+03)",4
Pinus subg. Strobus,3493,17,"[7.03e+03,8.03e+03)",6
Pinus subg. Strobus,3493,18,"[8.03e+03,9.03e+03)",44
Pinus subg. Strobus,3493,19,"[9.03e+03,1e+04)",101
Pinus undiff.,3493,1,"[1.03e+03,2.03e+03)",163
Pinus undiff.,3493,2,"[1.1e+04,1.2e+04)",602
Pinus undiff.,3493,3,"[1.2e+04,1.3e+04)",48
Pinus undiff.,3493,5,"[1.4e+04,1.5e+04)",24
Pinus undiff.,3493,6,"[1.5e+04,1.6e+04)",241
Pinus undiff.,3493,7,"[1.6e+04,1.7e+04)",181
Pinus undiff.,3493,11,"[1e+04,1.1e+04)",376
Pinus undiff.,3493,12,"[2.03e+03,3.03e+03)",58
Pinus undiff.,3493,13,"[3.03e+03,4.03e+03)",50
Pinus undiff.,3493,14,"[4.03e+03,5.03e+03)",39
Pinus undiff.,3493,15,"[5.03e+03,6.03e+03)",62
Pinus undiff.,3493,16,"[6.03e+03,7.03e+03)",57
Pinus undiff.,3493,17,"[7.03e+03,8.03e+03)",36
Pinus undiff.,3493,18,"[8.03e+03,9.03e+03)",133
Pinus undiff.,3493,19,"[9.03e+03,1e+04)",210
Platanus,3493,1,"[1.03e+03,2.03e+03)",4
Platanus,3493,2,"[1.1e+04,1.2e+04)",1
Platanus,3493,3,"[1.2e+04,1.3e+04)",0
Platanus,3493,5,"[1.4e+04,1.5e+04)",0
Platanus,3493,6,"[1.5e+04,1.6e+04)",1
Platanus,3493,7,"[1.6e+04,1.7e+04)",0
Platanus,3493,11,"[1e+04,1.1e+04)",4
Platanus,3493,12,"[2.03e+03,3.03e+03)",4
Platanus,3493,13,"[3.03e+03,4.03e+03)",0
Platanus,3493,14,"[4.03e+03,5.03e+03)",7
Platanus,3493,15,"[5.03e+03,6.03e+03)",21
Platanus,3493,16,"[6.03e+03,7.03e+03)",35
Platanus,3493,17,"[7.03e+03,8.03e+03)",36
Platanus,3493,18,"[8.03e+03,9.03e+03)",10
Platanus,3493,19,"[9.03e+03,1e+04)",9
Populus,3493,1,"[1.03e+03,2.03e+03)",10
Populus,3493,2,"[1.1e+04,1.2e+04)",14
Populus,3493,3,"[1.2e+04,1.3e+04)",21
Populus,3493,5,"[1.4e+04,1.5e+04)",21
Populus,3493,6,"[1.5e+04,1.6e+04)",25
Populus,3493,7,"[1.6e+04,1.7e+04)",0
Populus,3493,11,"[1e+04,1.1e+04)",10
Populus,3493,12,"[2.03e+03,3.03e+03)",5
Populus,3493,13,"[3.03e+03,4.03e+03)",5
Populus,3493,14,"[4.03e+03,5.03e+03)",4
Populus,3493,15,"[5.03e+03,6.03e+03)",10
Populus,3493,16,"[6.03e+03,7.03e+03)",1
Populus,3493,17,"[7.03e+03,8.03e+03)",4
Populus,3493,18,"[8.03e+03,9.03e+03)",11
Populus,3493,19,"[9.03e+03,1e+04)",11
Quercus,3493,1,"[1.03e+03,2.03e+03)",932
Quercus,3493,2,"[1.1e+04,1.2e+04)",434
Quercus,3493,3,"[1.2e+04,1.3e+04)",10
Quercus,3493,5,"[1.4e+04,1.5e+04)",11
Quercus,3493,6,"[1.5e+04,1.6e+04)",44
Quercus,3493,7,"[1.6e+04,1.7e+04)",3
Quercus,3493,11,"[1e+04,1.1e+04)",330
Quercus,3493,12,"[2.03e+03,3.03e+03)",493
Quercus,3493,13,"[3.03e+03,4.03e+03)",428
Quercus,3493,14,"[4.03e+03,5.03e+03)",424
Quercus,3493,15,"[5.03e+03,6.03e+03)",891
Quercus,3493,16,"[6.03e+03,7.03e+03)",492
Quercus,3493,17,"[7.03e+03,8.03e+03)",501
Quercus,3493,18,"[8.03e+03,9.03e+03)",662
Quercus,3493,19,"[9.03e+03,1e+04)",736
Rhamnaceae,3493,1,"[1.03e+03,2.03e+03)",0
Rhamnaceae,3493,2,"[1.1e+04,1.2e+04)",0
Rhamnaceae,3493,3,"[1.2e+04,1.3e+04)",0
Rhamnaceae,3493,5,"[1.4e+04,1.5e+04)",0
Rhamnaceae,3493,6,"[1.5e+04,1.6e+04)",0
Rhamnaceae,3493,7,"[1.6e+04,1.7e+04)",0
Rhamnaceae,3493,11,"[1e+04,1.1e+04)",0
Rhamnaceae,3493,12,"[2.03e+03,3.03e+03)",0
Rhamnaceae,3493,13,"[3.03e+03,4.03e+03)",0
Rhamnaceae,3493,14,"[4.03e+03,5.03e+03)",2
Rhamnaceae,3493,15,"[5.03e+03,6.03e+03)",0
Rhamnaceae,3493,16,"[6.03e+03,7.03e+03)",0
Rhamnaceae,3493,17,"[7.03e+03,8.03e+03)",0
Rhamnaceae,3493,18,"[8.03e+03,9.03e+03)",0
Rhamnaceae,3493,19,"[9.03e+03,1e+04)",1
Rhus,3493,1,"[1.03e+03,2.03e+03)",3
Rhus,3493,2,"[1.1e+04,1.2e+04)",0
Rhus,3493,3,"[1.2e+04,1.3e+04)",0
Rhus,3493,5,"[1.4e+04,1.5e+04)",0
Rhus,3493,6,"[1.5e+04,1.6e+04)",0
Rhus,3493,7,"[1.6e+04,1.7e+04)",0
Rhus,3493,11,"[1e+04,1.1e+04)",0
Rhus,3493,12,"[2.03e+03,3.03e+03)",3
Rhus,3493,13,"[3.03e+03,4.03e+03)",0
Rhus,3493,14,"[4.03e+03,5.03e+03)",0
Rhus,3493,15,"[5.03e+03,6.03e+03)",0
Rhus,3493,16,"[6.03e+03,7.03e+03)",3
Rhus,3493,17,"[7.03e+03,8.03e+03)",1
Rhus,3493,18,"[8.03e+03,9.03e+03)",0
Rhus,3493,19,"[9.03e+03,1e+04)",1
Rosaceae,3493,1,"[1.03e+03,2.03e+03)",4
Rosaceae,3493,2,"[1.1e+04,1.2e+04)",0
Rosaceae,3493,3,"[1.2e+04,1.3e+04)",0
Rosaceae,3493,5,"[1.4e+04,1.5e+04)",1
Rosaceae,3493,6,"[1.5e+04,1.6e+04)",8
Rosaceae,3493,7,"[1.6e+04,1.7e+04)",1
Rosaceae,3493,11,"[1e+04,1.1e+04)",2
Rosaceae,3493,12,"[2.03e+03,3.03e+03)",0
Rosaceae,3493,13,"[3.03e+03,4.03e+03)",0
Rosaceae,3493,14,"[4.03e+03,5.03e+03)",0
Rosaceae,3493,15,"[5.03e+03,6.03e+03)",0
Rosaceae,3493,16,"[6.03e+03,7.03e+03)",0
Rosaceae,3493,17,"[7.03e+03,8.03e+03)",0
Rosaceae,3493,18,"[8.03e+03,9.03e+03)",0
Rosaceae,3493,19,"[9.03e+03,1e+04)",0
Salix,3493,1,"[1.03e+03,2.03e+03)",0
Salix,3493,2,"[1.1e+04,1.2e+04)",3
Salix,3493,3,"[1.2e+04,1.3e+04)",3
Salix,3493,5,"[1.4e+04,1.5e+04)",5
Salix,3493,6,"[1.5e+04,1.6e+04)",29
Salix,3493,7,"[1.6e+04,1.7e+04)",5
Salix,3493,11,"[1e+04,1.1e+04)",4
Salix,3493,12,"[2.03e+03,3.03e+03)",3
Salix,3493,13,"[3.03e+03,4.03e+03)",0
Salix,3493,14,"[4.03e+03,5.03e+03)",2
Salix,3493,15,"[5.03e+03,6.03e+03)",0
Salix,3493,16,"[6.03e+03,7.03e+03)",1
Salix,3493,17,"[7.03e+03,8.03e+03)",2
Salix,3493,18,"[8.03e+03,9.03e+03)",0
Salix,3493,19,"[9.03e+03,1e+04)",2
Sambucus,3493,1,"[1.03e+03,2.03e+03)",0
Sambucus,3493,2,"[1.1e+04,1.2e+04)",0
Sambucus,3493,3,"[1.2e+04,1.3e+04)",0
Sambucus,3493,5,"[1.4e+04,1.5e+04)",0
Sambucus,3493,6,"[1.5e+04,1.6e+04)",0
Sambucus,3493,7,"[1.6e+04,1.7e+04)",0
Sambucus,3493,11,"[1e+04,1.1e+04)",0
Sambucus,3493,12,"[2.03e+03,3.03e+03)",0
Sambucus,3493,13,"[3.03e+03,4.03e+03)",1
Sambucus,3493,14,"[4.03e+03,5.03e+03)",0
Sambucus,3493,15,"[5.03e+03,6.03e+03)",1
Sambucus,3493,16,"[6.03e+03,7.03e+03)",0
Sambucus,3493,17,"[7.03e+03,8.03e+03)",1
Sambucus,3493,18,"[8.03e+03,9.03e+03)",0
Sambucus,3493,19,"[9.03e+03,1e+04)",0
Taxus,3493,1,"[1.03e+03,2.03e+03)",3
Taxus,3493,2,"[1.1e+04,1.2e+04)",0
Taxus,3493,3,"[1.2e+04,1.3e+04)",0
Taxus,3493,5,"[1.4e+04,1.5e+04)",0
Taxus,3493,6,"[1.5e+04,1.6e+04)",0
Taxus,3493,7,"[1.6e+04,1.7e+04)",0
Taxus,3493,11,"[1e+04,1.1e+04)",0
Taxus,3493,12,"[2.03e+03,3.03e+03)",1
Taxus,3493,13,"[3.03e+03,4.03e+03)",0
Taxus,3493,14,"[4.03e+03,5.03e+03)",1
Taxus,3493,15,"[5.03e+03,6.03e+03)",2
Taxus,3493,16,"[6.03e+03,7.03e+03)",0
Taxus,3493,17,"[7.03e+03,8.03e+03)",2
Taxus,3493,18,"[8.03e+03,9.03e+03)",0
Taxus,3493,19,"[9.03e+03,1e+04)",0
Tilia,3493,1,"[1.03e+03,2.03e+03)",2
Tilia,3493,2,"[1.1e+04,1.2e+04)",0
Tilia,3493,3,"[1.2e+04,1.3e+04)",0
Tilia,3493,5,"[1.4e+04,1.5e+04)",0
Tilia,3493,6,"[1.5e+04,1.6e+04)",0
Tilia,3493,7,"[1.6e+04,1.7e+04)",0
Tilia,3493,11,"[1e+04,1.1e+04)",2
Tilia,3493,12,"[2.03e+03,3.03e+03)",0
Tilia,3493,13,"[3.03e+03,4.03e+03)",1
Tilia,3493,14,"[4.03e+03,5.03e+03)",1
Tilia,3493,15,"[5.03e+03,6.03e+03)",7
Tilia,3493,16,"[6.03e+03,7.03e+03)",12
Tilia,3493,17,"[7.03e+03,8.03e+03)",4
Tilia,3493,18,"[8.03e+03,9.03e+03)",4
Tilia,3493,19,"[9.03e+03,1e+04)",3
Tsuga,3493,1,"[1.03e+03,2.03e+03)",129
Tsuga,3493,2,"[1.1e+04,1.2e+04)",49
Tsuga,3493,3,"[1.2e+04,1.3e+04)",1
Tsuga,3493,5,"[1.4e+04,1.5e+04)",0
Tsuga,3493,6,"[1.5e+04,1.6e+04)",0
Tsuga,3493,7,"[1.6e+04,1.7e+04)",0
Tsuga,3493,11,"[1e+04,1.1e+04)",151
Tsuga,3493,12,"[2.03e+03,3.03e+03)",47
Tsuga,3493,13,"[3.03e+03,4.03e+03)",25
Tsuga,3493,14,"[4.03e+03,5.03e+03)",10
Tsuga,3493,15,"[5.03e+03,6.03e+03)",115
Tsuga,3493,16,"[6.03e+03,7.03e+03)",224
Tsuga,3493,17,"[7.03e+03,8.03e+03)",278
Tsuga,3493,18,"[8.03e+03,9.03e+03)",235
Tsuga,3493,19,"[9.03e+03,1e+04)",119
Ulmus,3493,1,"[1.03e+03,2.03e+03)",38
Ulmus,3493,2,"[1.1e+04,1.2e+04)",25
Ulmus,3493,3,"[1.2e+04,1.3e+04)",3
Ulmus,3493,5,"[1.4e+04,1.5e+04)",0
Ulmus,3493,6,"[1.5e+04,1.6e+04)",4
Ulmus,3493,7,"[1.6e+04,1.7e+04)",0
Ulmus,3493,11,"[1e+04,1.1e+04)",27
Ulmus,3493,12,"[2.03e+03,3.03e+03)",14
Ulmus,3493,13,"[3.03e+03,4.03e+03)",13
Ulmus,3493,14,"[4.03e+03,5.03e+03)",19
Ulmus,3493,15,"[5.03e+03,6.03e+03)",44
Ulmus,3493,16,"[6.03e+03,7.03e+03)",26
Ulmus,3493,17,"[7.03e+03,8.03e+03)",32
Ulmus,3493,18,"[8.03e+03,9.03e+03)",29
Ulmus,3493,19,"[9.03e+03,1e+04)",25
Viburnum,3493,1,"[1.03e+03,2.03e+03)",2
Viburnum,3493,2,"[1.1e+04,1.2e+04)",0
Viburnum,3493,3,"[1.2e+04,1.3e+04)",0
Viburnum,3493,5,"[1.4e+04,1.5e+04)",0
Viburnum,3493,6,"[1.5e+04,1.6e+04)",0
Viburnum,3493,7,"[1.6e+04,1.7e+04)",0
Viburnum,3493,11,"[1e+04,1.1e+04)",0
Viburnum,3493,12,"[2.03e+03,3.03e+03)",1
Viburnum,3493,13,"[3.03e+03,4.03e+03)",1
Viburnum,3493,14,"[4.03e+03,5.03e+03)",0
Viburnum,3493,15,"[5.03e+03,6.03e+03)",0
Viburnum,3493,16,"[6.03e+03,7.03e+03)",0
Viburnum,3493,17,"[7.03e+03,8.03e+03)",0
Viburnum,3493,18,"[8.03e+03,9.03e+03)",1
Viburnum,3493,19,"[9.03e+03,1e+04)",3
Abies,3561,1,"[1.03e+03,2.03e+03)",4
Abies,3561,2,"[1.1e+04,1.2e+04)",18
Abies,3561,3,"[1.2e+04,1.3e+04)",4
Abies,3561,4,"[1.3e+04,1.4e+04)",13
Abies,3561,5,"[1.4e+04,1.5e+04)",2
Abies,3561,6,"[1.5e+04,1.6e+04)",12
Abies,3561,7,"[1.6e+04,1.7e+04)",8
Abies,3561,8,"[1.7e+04,1.8e+04)",5
Abies,3561,9,"[1.8e+04,1.9e+04)",9
Abies,3561,10,"[1.9e+04,2e+04)",11
Abies,3561,11,"[1e+04,1.1e+04)",1
Abies,3561,12,"[2.03e+03,3.03e+03)",1
Abies,3561,13,"[3.03e+03,4.03e+03)",0
Abies,3561,14,"[4.03e+03,5.03e+03)",2
Abies,3561,15,"[5.03e+03,6.03e+03)",0
Abies,3561,16,"[6.03e+03,7.03e+03)",2
Abies,3561,17,"[7.03e+03,8.03e+03)",4
Abies,3561,18,"[8.03e+03,9.03e+03)",2
Abies,3561,19,"[9.03e+03,1e+04)",3
Acer,3561,1,"[1.03e+03,2.03e+03)",0
Acer,3561,2,"[1.1e+04,1.2e+04)",1
Acer,3561,3,"[1.2e+04,1.3e+04)",1
Acer,3561,4,"[1.3e+04,1.4e+04)",0
Acer,3561,5,"[1.4e+04,1.5e+04)",0
Acer,3561,6,"[1.5e+04,1.6e+04)",0
Acer,3561,7,"[1.6e+04,1.7e+04)",0
Acer,3561,8,"[1.7e+04,1.8e+04)",0
Acer,3561,9,"[1.8e+04,1.9e+04)",0
Acer,3561,10,"[1.9e+04,2e+04)",0
Acer,3561,11,"[1e+04,1.1e+04)",0
Acer,3561,12,"[2.03e+03,3.03e+03)",0
Acer,3561,13,"[3.03e+03,4.03e+03)",0
Acer,3561,14,"[4.03e+03,5.03e+03)",0
Acer,3561,15,"[5.03e+03,6.03e+03)",0
Acer,3561,16,"[6.03e+03,7.03e+03)",0
Acer,3561,17,"[7.03e+03,8.03e+03)",0
Acer,3561,18,"[8.03e+03,9.03e+03)",0
Acer,3561,19,"[9.03e+03,1e+04)",0
Alnus,3561,1,"[1.03e+03,2.03e+03)",5
Alnus,3561,2,"[1.1e+04,1.2e+04)",1
Alnus,3561,3,"[1.2e+04,1.3e+04)",0
Alnus,3561,4,"[1.3e+04,1.4e+04)",0
Alnus,3561,5,"[1.4e+04,1.5e+04)",0
Alnus,3561,6,"[1.5e+04,1.6e+04)",0
Alnus,3561,7,"[1.6e+04,1.7e+04)",0
Alnus,3561,8,"[1.7e+04,1.8e+04)",0
Alnus,3561,9,"[1.8e+04,1.9e+04)",1
Alnus,3561,10,"[1.9e+04,2e+04)",1
Alnus,3561,11,"[1e+04,1.1e+04)",0
Alnus,3561,12,"[2.03e+03,3.03e+03)",1
Alnus,3561,13,"[3.03e+03,4.03e+03)",1
Alnus,3561,14,"[4.03e+03,5.03e+03)",1
Alnus,3561,15,"[5.03e+03,6.03e+03)",0
Alnus,3561,16,"[6.03e+03,7.03e+03)",0
Alnus,3561,17,"[7.03e+03,8.03e+03)",0
Alnus,3561,18,"[8.03e+03,9.03e+03)",2
Alnus,3561,19,"[9.03e+03,1e+04)",0
Arceuthobium,3561,1,"[1.03e+03,2.03e+03)",1
Arceuthobium,3561,2,"[1.1e+04,1.2e+04)",0
Arceuthobium,3561,3,"[1.2e+04,1.3e+04)",1
Arceuthobium,3561,4,"[1.3e+04,1.4e+04)",0
Arceuthobium,3561,5,"[1.4e+04,1.5e+04)",0
Arceuthobium,3561,6,"[1.5e+04,1.6e+04)",0
Arceuthobium,3561,7,"[1.6e+04,1.7e+04)",0
Arceuthobium,3561,8,"[1.7e+04,1.8e+04)",0
Arceuthobium,3561,9,"[1.8e+04,1.9e+04)",0
Arceuthobium,3561,10,"[1.9e+04,2e+04)",0
Arceuthobium,3561,11,"[1e+04,1.1e+04)",0
Arceuthobium,3561,12,"[2.03e+03,3.03e+03)",0
Arceuthobium,3561,13,"[3.03e+03,4.03e+03)",0
Arceuthobium,3561,14,"[4.03e+03,5.03e+03)",0
Arceuthobium,3561,15,"[5.03e+03,6.03e+03)",0
Arceuthobium,3561,16,"[6.03e+03,7.03e+03)",0
Arceuthobium,3561,17,"[7.03e+03,8.03e+03)",0
Arceuthobium,3561,18,"[8.03e+03,9.03e+03)",0
Arceuthobium,3561,19,"[9.03e+03,1e+04)",0
Arctostaphylos,3561,1,"[1.03e+03,2.03e+03)",0
Arctostaphylos,3561,2,"[1.1e+04,1.2e+04)",1
Arctostaphylos,3561,3,"[1.2e+04,1.3e+04)",0
Arctostaphylos,3561,4,"[1.3e+04,1.4e+04)",0
Arctostaphylos,3561,5,"[1.4e+04,1.5e+04)",0
Arctostaphylos,3561,6,"[1.5e+04,1.6e+04)",0
Arctostaphylos,3561,7,"[1.6e+04,1.7e+04)",0
Arctostaphylos,3561,8,"[1.7e+04,1.8e+04)",0
Arctostaphylos,3561,9,"[1.8e+04,1.9e+04)",0
Arctostaphylos,3561,10,"[1.9e+04,2e+04)",0
Arctostaphylos,3561,11,"[1e+04,1.1e+04)",0
Arctostaphylos,3561,12,"[2.03e+03,3.03e+03)",0
Arctostaphylos,3561,13,"[3.03e+03,4.03e+03)",0
Arctostaphylos,3561,14,"[4.03e+03,5.03e+03)",0
Arctostaphylos,3561,15,"[5.03e+03,6.03e+03)",0
Arctostaphylos,3561,16,"[6.03e+03,7.03e+03)",0
Arctostaphylos,3561,17,"[7.03e+03,8.03e+03)",0
Arctostaphylos,3561,18,"[8.03e+03,9.03e+03)",0
Arctostaphylos,3561,19,"[9.03e+03,1e+04)",0
Artemisia,3561,1,"[1.03e+03,2.03e+03)",62
Artemisia,3561,2,"[1.1e+04,1.2e+04)",188
Artemisia,3561,3,"[1.2e+04,1.3e+04)",99
Artemisia,3561,4,"[1.3e+04,1.4e+04)",128
Artemisia,3561,5,"[1.4e+04,1.5e+04)",103
Artemisia,3561,6,"[1.5e+04,1.6e+04)",53
Artemisia,3561,7,"[1.6e+04,1.7e+04)",80
Artemisia,3561,8,"[1.7e+04,1.8e+04)",57
Artemisia,3561,9,"[1.8e+04,1.9e+04)",172
Artemisia,3561,10,"[1.9e+04,2e+04)",125
Artemisia,3561,11,"[1e+04,1.1e+04)",11
Artemisia,3561,12,"[2.03e+03,3.03e+03)",44
Artemisia,3561,13,"[3.03e+03,4.03e+03)",9
Artemisia,3561,14,"[4.03e+03,5.03e+03)",9
Artemisia,3561,15,"[5.03e+03,6.03e+03)",11
Artemisia,3561,16,"[6.03e+03,7.03e+03)",6
Artemisia,3561,17,"[7.03e+03,8.03e+03)",17
Artemisia,3561,18,"[8.03e+03,9.03e+03)",14
Artemisia,3561,19,"[9.03e+03,1e+04)",15
Berberis,3561,1,"[1.03e+03,2.03e+03)",0
Berberis,3561,2,"[1.1e+04,1.2e+04)",0
Berberis,3561,3,"[1.2e+04,1.3e+04)",0
Berberis,3561,4,"[1.3e+04,1.4e+04)",1
Berberis,3561,5,"[1.4e+04,1.5e+04)",0
Berberis,3561,6,"[1.5e+04,1.6e+04)",0
Berberis,3561,7,"[1.6e+04,1.7e+04)",0
Berberis,3561,8,"[1.7e+04,1.8e+04)",0
Berberis,3561,9,"[1.8e+04,1.9e+04)",0
Berberis,3561,10,"[1.9e+04,2e+04)",0
Berberis,3561,11,"[1e+04,1.1e+04)",0
Berberis,3561,12,"[2.03e+03,3.03e+03)",0
Berberis,3561,13,"[3.03e+03,4.03e+03)",0
Berberis,3561,14,"[4.03e+03,5.03e+03)",0
Berberis,3561,15,"[5.03e+03,6.03e+03)",0
Berberis,3561,16,"[6.03e+03,7.03e+03)",0
Berberis,3561,17,"[7.03e+03,8.03e+03)",0
Berberis,3561,18,"[8.03e+03,9.03e+03)",0
Berberis,3561,19,"[9.03e+03,1e+04)",0
Betula,3561,1,"[1.03e+03,2.03e+03)",0
Betula,3561,2,"[1.1e+04,1.2e+04)",1
Betula,3561,3,"[1.2e+04,1.3e+04)",0
Betula,3561,4,"[1.3e+04,1.4e+04)",0
Betula,3561,5,"[1.4e+04,1.5e+04)",0
Betula,3561,6,"[1.5e+04,1.6e+04)",0
Betula,3561,7,"[1.6e+04,1.7e+04)",0
Betula,3561,8,"[1.7e+04,1.8e+04)",0
Betula,3561,9,"[1.8e+04,1.9e+04)",0
Betula,3561,10,"[1.9e+04,2e+04)",0
Betula,3561,11,"[1e+04,1.1e+04)",0
Betula,3561,12,"[2.03e+03,3.03e+03)",0
Betula,3561,13,"[3.03e+03,4.03e+03)",0
Betula,3561,14,"[4.03e+03,5.03e+03)",0
Betula,3561,15,"[5.03e+03,6.03e+03)",0
Betula,3561,16,"[6.03e+03,7.03e+03)",0
Betula,3561,17,"[7.03e+03,8.03e+03)",0
Betula,3561,18,"[8.03e+03,9.03e+03)",0
Betula,3561,19,"[9.03e+03,1e+04)",0
Cactaceae,3561,1,"[1.03e+03,2.03e+03)",0
Cactaceae,3561,2,"[1.1e+04,1.2e+04)",1
Cactaceae,3561,3,"[1.2e+04,1.3e+04)",0
Cactaceae,3561,4,"[1.3e+04,1.4e+04)",0
Cactaceae,3561,5,"[1.4e+04,1.5e+04)",0
Cactaceae,3561,6,"[1.5e+04,1.6e+04)",0
Cactaceae,3561,7,"[1.6e+04,1.7e+04)",0
Cactaceae,3561,8,"[1.7e+04,1.8e+04)",0
Cactaceae,3561,9,"[1.8e+04,1.9e+04)",0
Cactaceae,3561,10,"[1.9e+04,2e+04)",0
Cactaceae,3561,11,"[1e+04,1.1e+04)",0
Cactaceae,3561,12,"[2.03e+03,3.03e+03)",0
Cactaceae,3561,13,"[3.03e+03,4.03e+03)",0
Cactaceae,3561,14,"[4.03e+03,5.03e+03)",0
Cactaceae,3561,15,"[5.03e+03,6.03e+03)",0
Cactaceae,3561,16,"[6.03e+03,7.03e+03)",0
Cactaceae,3561,17,"[7.03e+03,8.03e+03)",0
Cactaceae,3561,18,"[8.03e+03,9.03e+03)",0
Cactaceae,3561,19,"[9.03e+03,1e+04)",0
Carya,3561,1,"[1.03e+03,2.03e+03)",0
Carya,3561,2,"[1.1e+04,1.2e+04)",0
Carya,3561,3,"[1.2e+04,1.3e+04)",0
Carya,3561,4,"[1.3e+04,1.4e+04)",0
Carya,3561,5,"[1.4e+04,1.5e+04)",0
Carya,3561,6,"[1.5e+04,1.6e+04)",0
Carya,3561,7,"[1.6e+04,1.7e+04)",0
Carya,3561,8,"[1.7e+04,1.8e+04)",0
Carya,3561,9,"[1.8e+04,1.9e+04)",0
Carya,3561,10,"[1.9e+04,2e+04)",0
Carya,3561,11,"[1e+04,1.1e+04)",0
Carya,3561,12,"[2.03e+03,3.03e+03)",0
Carya,3561,13,"[3.03e+03,4.03e+03)",0
Carya,3561,14,"[4.03e+03,5.03e+03)",0
Carya,3561,15,"[5.03e+03,6.03e+03)",0
Carya,3561,16,"[6.03e+03,7.03e+03)",0
Carya,3561,17,"[7.03e+03,8.03e+03)",0
Carya,3561,18,"[8.03e+03,9.03e+03)",0
Carya,3561,19,"[9.03e+03,1e+04)",0
Ceanothus,3561,1,"[1.03e+03,2.03e+03)",4
Ceanothus,3561,2,"[1.1e+04,1.2e+04)",2
Ceanothus,3561,3,"[1.2e+04,1.3e+04)",1
Ceanothus,3561,4,"[1.3e+04,1.4e+04)",1
Ceanothus,3561,5,"[1.4e+04,1.5e+04)",1
Ceanothus,3561,6,"[1.5e+04,1.6e+04)",0
Ceanothus,3561,7,"[1.6e+04,1.7e+04)",1
Ceanothus,3561,8,"[1.7e+04,1.8e+04)",1
Ceanothus,3561,9,"[1.8e+04,1.9e+04)",3
Ceanothus,3561,10,"[1.9e+04,2e+04)",2
Ceanothus,3561,11,"[1e+04,1.1e+04)",0
Ceanothus,3561,12,"[2.03e+03,3.03e+03)",2
Ceanothus,3561,13,"[3.03e+03,4.03e+03)",0
Ceanothus,3561,14,"[4.03e+03,5.03e+03)",0
Ceanothus,3561,15,"[5.03e+03,6.03e+03)",1
Ceanothus,3561,16,"[6.03e+03,7.03e+03)",0
Ceanothus,3561,17,"[7.03e+03,8.03e+03)",0
Ceanothus,3561,18,"[8.03e+03,9.03e+03)",1
Ceanothus,3561,19,"[9.03e+03,1e+04)",0
Celtis,3561,1,"[1.03e+03,2.03e+03)",0
Celtis,3561,2,"[1.1e+04,1.2e+04)",0
Celtis,3561,3,"[1.2e+04,1.3e+04)",1
Celtis,3561,4,"[1.3e+04,1.4e+04)",0
Celtis,3561,5,"[1.4e+04,1.5e+04)",0
Celtis,3561,6,"[1.5e+04,1.6e+04)",1
Celtis,3561,7,"[1.6e+04,1.7e+04)",0
Celtis,3561,8,"[1.7e+04,1.8e+04)",0
Celtis,3561,9,"[1.8e+04,1.9e+04)",0
Celtis,3561,10,"[1.9e+04,2e+04)",0
Celtis,3561,11,"[1e+04,1.1e+04)",1
Celtis,3561,12,"[2.03e+03,3.03e+03)",1
Celtis,3561,13,"[3.03e+03,4.03e+03)",0
Celtis,3561,14,"[4.03e+03,5.03e+03)",0
Celtis,3561,15,"[5.03e+03,6.03e+03)",1
Celtis,3561,16,"[6.03e+03,7.03e+03)",0
Celtis,3561,17,"[7.03e+03,8.03e+03)",1
Celtis,3561,18,"[8.03e+03,9.03e+03)",0
Celtis,3561,19,"[9.03e+03,1e+04)",0
Cercocarpus,3561,1,"[1.03e+03,2.03e+03)",12
Cercocarpus,3561,2,"[1.1e+04,1.2e+04)",1
Cercocarpus,3561,3,"[1.2e+04,1.3e+04)",0
Cercocarpus,3561,4,"[1.3e+04,1.4e+04)",1
Cercocarpus,3561,5,"[1.4e+04,1.5e+04)",3
Cercocarpus,3561,6,"[1.5e+04,1.6e+04)",0
Cercocarpus,3561,7,"[1.6e+04,1.7e+04)",1
Cercocarpus,3561,8,"[1.7e+04,1.8e+04)",1
Cercocarpus,3561,9,"[1.8e+04,1.9e+04)",2
Cercocarpus,3561,10,"[1.9e+04,2e+04)",3
Cercocarpus,3561,11,"[1e+04,1.1e+04)",0
Cercocarpus,3561,12,"[2.03e+03,3.03e+03)",8
Cercocarpus,3561,13,"[3.03e+03,4.03e+03)",0
Cercocarpus,3561,14,"[4.03e+03,5.03e+03)",0
Cercocarpus,3561,15,"[5.03e+03,6.03e+03)",0
Cercocarpus,3561,16,"[6.03e+03,7.03e+03)",0
Cercocarpus,3561,17,"[7.03e+03,8.03e+03)",0
Cercocarpus,3561,18,"[8.03e+03,9.03e+03)",0
Cercocarpus,3561,19,"[9.03e+03,1e+04)",0
Corylus,3561,1,"[1.03e+03,2.03e+03)",0
Corylus,3561,2,"[1.1e+04,1.2e+04)",0
Corylus,3561,3,"[1.2e+04,1.3e+04)",0
Corylus,3561,4,"[1.3e+04,1.4e+04)",0
Corylus,3561,5,"[1.4e+04,1.5e+04)",0
Corylus,3561,6,"[1.5e+04,1.6e+04)",0
Corylus,3561,7,"[1.6e+04,1.7e+04)",0
Corylus,3561,8,"[1.7e+04,1.8e+04)",0
Corylus,3561,9,"[1.8e+04,1.9e+04)",0
Corylus,3561,10,"[1.9e+04,2e+04)",0
Corylus,3561,11,"[1e+04,1.1e+04)",0
Corylus,3561,12,"[2.03e+03,3.03e+03)",1
Corylus,3561,13,"[3.03e+03,4.03e+03)",0
Corylus,3561,14,"[4.03e+03,5.03e+03)",0
Corylus,3561,15,"[5.03e+03,6.03e+03)",0
Corylus,3561,16,"[6.03e+03,7.03e+03)",0
Corylus,3561,17,"[7.03e+03,8.03e+03)",0
Corylus,3561,18,"[8.03e+03,9.03e+03)",0
Corylus,3561,19,"[9.03e+03,1e+04)",0
Cupressaceae,3561,1,"[1.03e+03,2.03e+03)",43
Cupressaceae,3561,2,"[1.1e+04,1.2e+04)",40
Cupressaceae,3561,3,"[1.2e+04,1.3e+04)",7
Cupressaceae,3561,4,"[1.3e+04,1.4e+04)",34
Cupressaceae,3561,5,"[1.4e+04,1.5e+04)",25
Cupressaceae,3561,6,"[1.5e+04,1.6e+04)",21
Cupressaceae,3561,7,"[1.6e+04,1.7e+04)",7
Cupressaceae,3561,8,"[1.7e+04,1.8e+04)",10
Cupressaceae,3561,9,"[1.8e+04,1.9e+04)",26
Cupressaceae,3561,10,"[1.9e+04,2e+04)",6
Cupressaceae,3561,11,"[1e+04,1.1e+04)",9
Cupressaceae,3561,12,"[2.03e+03,3.03e+03)",30
Cupressaceae,3561,13,"[3.03e+03,4.03e+03)",7
Cupressaceae,3561,14,"[4.03e+03,5.03e+03)",7
Cupressaceae,3561,15,"[5.03e+03,6.03e+03)",9
Cupressaceae,3561,16,"[6.03e+03,7.03e+03)",9
Cupressaceae,3561,17,"[7.03e+03,8.03e+03)",9
Cupressaceae,3561,18,"[8.03e+03,9.03e+03)",11
Cupressaceae,3561,19,"[9.03e+03,1e+04)",15
Ephedra,3561,1,"[1.03e+03,2.03e+03)",1
Ephedra,3561,2,"[1.1e+04,1.2e+04)",1
Ephedra,3561,3,"[1.2e+04,1.3e+04)",0
Ephedra,3561,4,"[1.3e+04,1.4e+04)",0
Ephedra,3561,5,"[1.4e+04,1.5e+04)",0
Ephedra,3561,6,"[1.5e+04,1.6e+04)",1
Ephedra,3561,7,"[1.6e+04,1.7e+04)",0
Ephedra,3561,8,"[1.7e+04,1.8e+04)",0
Ephedra,3561,9,"[1.8e+04,1.9e+04)",0
Ephedra,3561,10,"[1.9e+04,2e+04)",0
Ephedra,3561,11,"[1e+04,1.1e+04)",0
Ephedra,3561,12,"[2.03e+03,3.03e+03)",1
Ephedra,3561,13,"[3.03e+03,4.03e+03)",0
Ephedra,3561,14,"[4.03e+03,5.03e+03)",0
Ephedra,3561,15,"[5.03e+03,6.03e+03)",1
Ephedra,3561,16,"[6.03e+03,7.03e+03)",0
Ephedra,3561,17,"[7.03e+03,8.03e+03)",0
Ephedra,3561,18,"[8.03e+03,9.03e+03)",0
Ephedra,3561,19,"[9.03e+03,1e+04)",2
Fraxinus,3561,1,"[1.03e+03,2.03e+03)",1
Fraxinus,3561,2,"[1.1e+04,1.2e+04)",2
Fraxinus,3561,3,"[1.2e+04,1.3e+04)",0
Fraxinus,3561,4,"[1.3e+04,1.4e+04)",0
Fraxinus,3561,5,"[1.4e+04,1.5e+04)",0
Fraxinus,3561,6,"[1.5e+04,1.6e+04)",0
Fraxinus,3561,7,"[1.6e+04,1.7e+04)",0
Fraxinus,3561,8,"[1.7e+04,1.8e+04)",0
Fraxinus,3561,9,"[1.8e+04,1.9e+04)",0
Fraxinus,3561,10,"[1.9e+04,2e+04)",0
Fraxinus,3561,11,"[1e+04,1.1e+04)",0
Fraxinus,3561,12,"[2.03e+03,3.03e+03)",1
Fraxinus,3561,13,"[3.03e+03,4.03e+03)",0
Fraxinus,3561,14,"[4.03e+03,5.03e+03)",0
Fraxinus,3561,15,"[5.03e+03,6.03e+03)",0
Fraxinus,3561,16,"[6.03e+03,7.03e+03)",0
Fraxinus,3561,17,"[7.03e+03,8.03e+03)",1
Fraxinus,3561,18,"[8.03e+03,9.03e+03)",2
Fraxinus,3561,19,"[9.03e+03,1e+04)",0
Holodiscus,3561,1,"[1.03e+03,2.03e+03)",1
Holodiscus,3561,2,"[1.1e+04,1.2e+04)",0
Holodiscus,3561,3,"[1.2e+04,1.3e+04)",0
Holodiscus,3561,4,"[1.3e+04,1.4e+04)",0
Holodiscus,3561,5,"[1.4e+04,1.5e+04)",0
Holodiscus,3561,6,"[1.5e+04,1.6e+04)",0
Holodiscus,3561,7,"[1.6e+04,1.7e+04)",0
Holodiscus,3561,8,"[1.7e+04,1.8e+04)",0
Holodiscus,3561,9,"[1.8e+04,1.9e+04)",0
Holodiscus,3561,10,"[1.9e+04,2e+04)",0
Holodiscus,3561,11,"[1e+04,1.1e+04)",0
Holodiscus,3561,12,"[2.03e+03,3.03e+03)",0
Holodiscus,3561,13,"[3.03e+03,4.03e+03)",0
Holodiscus,3561,14,"[4.03e+03,5.03e+03)",0
Holodiscus,3561,15,"[5.03e+03,6.03e+03)",0
Holodiscus,3561,16,"[6.03e+03,7.03e+03)",0
Holodiscus,3561,17,"[7.03e+03,8.03e+03)",0
Holodiscus,3561,18,"[8.03e+03,9.03e+03)",0
Holodiscus,3561,19,"[9.03e+03,1e+04)",0
Juglans,3561,1,"[1.03e+03,2.03e+03)",0
Juglans,3561,2,"[1.1e+04,1.2e+04)",2
Juglans,3561,3,"[1.2e+04,1.3e+04)",0
Juglans,3561,4,"[1.3e+04,1.4e+04)",0
Juglans,3561,5,"[1.4e+04,1.5e+04)",0
Juglans,3561,6,"[1.5e+04,1.6e+04)",0
Juglans,3561,7,"[1.6e+04,1.7e+04)",0
Juglans,3561,8,"[1.7e+04,1.8e+04)",0
Juglans,3561,9,"[1.8e+04,1.9e+04)",0
Juglans,3561,10,"[1.9e+04,2e+04)",0
Juglans,3561,11,"[1e+04,1.1e+04)",0
Juglans,3561,12,"[2.03e+03,3.03e+03)",0
Juglans,3561,13,"[3.03e+03,4.03e+03)",0
Juglans,3561,14,"[4.03e+03,5.03e+03)",0
Juglans,3561,15,"[5.03e+03,6.03e+03)",0
Juglans,3561,16,"[6.03e+03,7.03e+03)",0
Juglans,3561,17,"[7.03e+03,8.03e+03)",0
Juglans,3561,18,"[8.03e+03,9.03e+03)",0
Juglans,3561,19,"[9.03e+03,1e+04)",0
Parkinsonia,3561,1,"[1.03e+03,2.03e+03)",0
Parkinsonia,3561,2,"[1.1e+04,1.2e+04)",0
Parkinsonia,3561,3,"[1.2e+04,1.3e+04)",0
Parkinsonia,3561,4,"[1.3e+04,1.4e+04)",0
Parkinsonia,3561,5,"[1.4e+04,1.5e+04)",0
Parkinsonia,3561,6,"[1.5e+04,1.6e+04)",0
Parkinsonia,3561,7,"[1.6e+04,1.7e+04)",0
Parkinsonia,3561,8,"[1.7e+04,1.8e+04)",0
Parkinsonia,3561,9,"[1.8e+04,1.9e+04)",0
Parkinsonia,3561,10,"[1.9e+04,2e+04)",0
Parkinsonia,3561,11,"[1e+04,1.1e+04)",0
Parkinsonia,3561,12,"[2.03e+03,3.03e+03)",1
Parkinsonia,3561,13,"[3.03e+03,4.03e+03)",0
Parkinsonia,3561,14,"[4.03e+03,5.03e+03)",0
Parkinsonia,3561,15,"[5.03e+03,6.03e+03)",0
Parkinsonia,3561,16,"[6.03e+03,7.03e+03)",0
Parkinsonia,3561,17,"[7.03e+03,8.03e+03)",0
Parkinsonia,3561,18,"[8.03e+03,9.03e+03)",0
Parkinsonia,3561,19,"[9.03e+03,1e+04)",0
Picea,3561,1,"[1.03e+03,2.03e+03)",3
Picea,3561,2,"[1.1e+04,1.2e+04)",97
Picea,3561,3,"[1.2e+04,1.3e+04)",115
Picea,3561,4,"[1.3e+04,1.4e+04)",235
Picea,3561,5,"[1.4e+04,1.5e+04)",68
Picea,3561,6,"[1.5e+04,1.6e+04)",86
Picea,3561,7,"[1.6e+04,1.7e+04)",95
Picea,3561,8,"[1.7e+04,1.8e+04)",116
Picea,3561,9,"[1.8e+04,1.9e+04)",179
Picea,3561,10,"[1.9e+04,2e+04)",61
Picea,3561,11,"[1e+04,1.1e+04)",8
Picea,3561,12,"[2.03e+03,3.03e+03)",0
Picea,3561,13,"[3.03e+03,4.03e+03)",1
Picea,3561,14,"[4.03e+03,5.03e+03)",1
Picea,3561,15,"[5.03e+03,6.03e+03)",2
Picea,3561,16,"[6.03e+03,7.03e+03)",1
Picea,3561,17,"[7.03e+03,8.03e+03)",2
Picea,3561,18,"[8.03e+03,9.03e+03)",4
Picea,3561,19,"[9.03e+03,1e+04)",12
Pinus edulis-type,3561,1,"[1.03e+03,2.03e+03)",16
Pinus edulis-type,3561,2,"[1.1e+04,1.2e+04)",15
Pinus edulis-type,3561,3,"[1.2e+04,1.3e+04)",18
Pinus edulis-type,3561,4,"[1.3e+04,1.4e+04)",22
Pinus edulis-type,3561,5,"[1.4e+04,1.5e+04)",9
Pinus edulis-type,3561,6,"[1.5e+04,1.6e+04)",15
Pinus edulis-type,3561,7,"[1.6e+04,1.7e+04)",16
Pinus edulis-type,3561,8,"[1.7e+04,1.8e+04)",13
Pinus edulis-type,3561,9,"[1.8e+04,1.9e+04)",34
Pinus edulis-type,3561,10,"[1.9e+04,2e+04)",12
Pinus edulis-type,3561,11,"[1e+04,1.1e+04)",8
Pinus edulis-type,3561,12,"[2.03e+03,3.03e+03)",12
Pinus edulis-type,3561,13,"[3.03e+03,4.03e+03)",1
Pinus edulis-type,3561,14,"[4.03e+03,5.03e+03)",2
Pinus edulis-type,3561,15,"[5.03e+03,6.03e+03)",7
Pinus edulis-type,3561,16,"[6.03e+03,7.03e+03)",3
Pinus edulis-type,3561,17,"[7.03e+03,8.03e+03)",4
Pinus edulis-type,3561,18,"[8.03e+03,9.03e+03)",4
Pinus edulis-type,3561,19,"[9.03e+03,1e+04)",9
Pinus flexilis-type,3561,1,"[1.03e+03,2.03e+03)",45
Pinus flexilis-type,3561,2,"[1.1e+04,1.2e+04)",96
Pinus flexilis-type,3561,3,"[1.2e+04,1.3e+04)",76
Pinus flexilis-type,3561,4,"[1.3e+04,1.4e+04)",76
Pinus flexilis-type,3561,5,"[1.4e+04,1.5e+04)",24
Pinus flexilis-type,3561,6,"[1.5e+04,1.6e+04)",34
Pinus flexilis-type,3561,7,"[1.6e+04,1.7e+04)",36
Pinus flexilis-type,3561,8,"[1.7e+04,1.8e+04)",38
Pinus flexilis-type,3561,9,"[1.8e+04,1.9e+04)",52
Pinus flexilis-type,3561,10,"[1.9e+04,2e+04)",27
Pinus flexilis-type,3561,11,"[1e+04,1.1e+04)",6
Pinus flexilis-type,3561,12,"[2.03e+03,3.03e+03)",6
Pinus flexilis-type,3561,13,"[3.03e+03,4.03e+03)",0
Pinus flexilis-type,3561,14,"[4.03e+03,5.03e+03)",0
Pinus flexilis-type,3561,15,"[5.03e+03,6.03e+03)",0
Pinus flexilis-type,3561,16,"[6.03e+03,7.03e+03)",0
Pinus flexilis-type,3561,17,"[7.03e+03,8.03e+03)",9
Pinus flexilis-type,3561,18,"[8.03e+03,9.03e+03)",2
Pinus flexilis-type,3561,19,"[9.03e+03,1e+04)",0
Pinus subg. Pinus,3561,1,"[1.03e+03,2.03e+03)",1176
Pinus subg. Pinus,3561,2,"[1.1e+04,1.2e+04)",349
Pinus subg. Pinus,3561,3,"[1.2e+04,1.3e+04)",55
Pinus subg. Pinus,3561,4,"[1.3e+04,1.4e+04)",13
Pinus subg. Pinus,3561,5,"[1.4e+04,1.5e+04)",0
Pinus subg. Pinus,3561,6,"[1.5e+04,1.6e+04)",2
Pinus subg. Pinus,3561,7,"[1.6e+04,1.7e+04)",0
Pinus subg. Pinus,3561,8,"[1.7e+04,1.8e+04)",0
Pinus subg. Pinus,3561,9,"[1.8e+04,1.9e+04)",1
Pinus subg. Pinus,3561,10,"[1.9e+04,2e+04)",0
Pinus subg. Pinus,3561,11,"[1e+04,1.1e+04)",109
Pinus subg. Pinus,3561,12,"[2.03e+03,3.03e+03)",960
Pinus subg. Pinus,3561,13,"[3.03e+03,4.03e+03)",178
Pinus subg. Pinus,3561,14,"[4.03e+03,5.03e+03)",190
Pinus subg. Pinus,3561,15,"[5.03e+03,6.03e+03)",156
Pinus subg. Pinus,3561,16,"[6.03e+03,7.03e+03)",168
Pinus subg. Pinus,3561,17,"[7.03e+03,8.03e+03)",129
Pinus subg. Pinus,3561,18,"[8.03e+03,9.03e+03)",121
Pinus subg. Pinus,3561,19,"[9.03e+03,1e+04)",105
Populus,3561,1,"[1.03e+03,2.03e+03)",2
Populus,3561,2,"[1.1e+04,1.2e+04)",1
Populus,3561,3,"[1.2e+04,1.3e+04)",2
Populus,3561,4,"[1.3e+04,1.4e+04)",0
Populus,3561,5,"[1.4e+04,1.5e+04)",1
Populus,3561,6,"[1.5e+04,1.6e+04)",0
Populus,3561,7,"[1.6e+04,1.7e+04)",0
Populus,3561,8,"[1.7e+04,1.8e+04)",0
Populus,3561,9,"[1.8e+04,1.9e+04)",0
Populus,3561,10,"[1.9e+04,2e+04)",0
Populus,3561,11,"[1e+04,1.1e+04)",0
Populus,3561,12,"[2.03e+03,3.03e+03)",0
Populus,3561,13,"[3.03e+03,4.03e+03)",0
Populus,3561,14,"[4.03e+03,5.03e+03)",0
Populus,3561,15,"[5.03e+03,6.03e+03)",1
Populus,3561,16,"[6.03e+03,7.03e+03)",0
Populus,3561,17,"[7.03e+03,8.03e+03)",1
Populus,3561,18,"[8.03e+03,9.03e+03)",0
Populus,3561,19,"[9.03e+03,1e+04)",2
Prunus/Amelanchier,3561,1,"[1.03e+03,2.03e+03)",0
Prunus/Amelanchier,3561,2,"[1.1e+04,1.2e+04)",2
Prunus/Amelanchier,3561,3,"[1.2e+04,1.3e+04)",0
Prunus/Amelanchier,3561,4,"[1.3e+04,1.4e+04)",2
Prunus/Amelanchier,3561,5,"[1.4e+04,1.5e+04)",0
Prunus/Amelanchier,3561,6,"[1.5e+04,1.6e+04)",0
Prunus/Amelanchier,3561,7,"[1.6e+04,1.7e+04)",0
Prunus/Amelanchier,3561,8,"[1.7e+04,1.8e+04)",0
Prunus/Amelanchier,3561,9,"[1.8e+04,1.9e+04)",1
Prunus/Amelanchier,3561,10,"[1.9e+04,2e+04)",0
Prunus/Amelanchier,3561,11,"[1e+04,1.1e+04)",0
Prunus/Amelanchier,3561,12,"[2.03e+03,3.03e+03)",0
Prunus/Amelanchier,3561,13,"[3.03e+03,4.03e+03)",0
Prunus/Amelanchier,3561,14,"[4.03e+03,5.03e+03)",0
Prunus/Amelanchier,3561,15,"[5.03e+03,6.03e+03)",0
Prunus/Amelanchier,3561,16,"[6.03e+03,7.03e+03)",0
Prunus/Amelanchier,3561,17,"[7.03e+03,8.03e+03)",0
Prunus/Amelanchier,3561,18,"[8.03e+03,9.03e+03)",0
Prunus/Amelanchier,3561,19,"[9.03e+03,1e+04)",0
Pseudotsuga,3561,1,"[1.03e+03,2.03e+03)",0
Pseudotsuga,3561,2,"[1.1e+04,1.2e+04)",2
Pseudotsuga,3561,3,"[1.2e+04,1.3e+04)",2
Pseudotsuga,3561,4,"[1.3e+04,1.4e+04)",1
Pseudotsuga,3561,5,"[1.4e+04,1.5e+04)",0
Pseudotsuga,3561,6,"[1.5e+04,1.6e+04)",6
Pseudotsuga,3561,7,"[1.6e+04,1.7e+04)",0
Pseudotsuga,3561,8,"[1.7e+04,1.8e+04)",3
Pseudotsuga,3561,9,"[1.8e+04,1.9e+04)",0
Pseudotsuga,3561,10,"[1.9e+04,2e+04)",0
Pseudotsuga,3561,11,"[1e+04,1.1e+04)",1
Pseudotsuga,3561,12,"[2.03e+03,3.03e+03)",0
Pseudotsuga,3561,13,"[3.03e+03,4.03e+03)",0
Pseudotsuga,3561,14,"[4.03e+03,5.03e+03)",0
Pseudotsuga,3561,15,"[5.03e+03,6.03e+03)",0
Pseudotsuga,3561,16,"[6.03e+03,7.03e+03)",0
Pseudotsuga,3561,17,"[7.03e+03,8.03e+03)",1
Pseudotsuga,3561,18,"[8.03e+03,9.03e+03)",0
Pseudotsuga,3561,19,"[9.03e+03,1e+04)",2
Quercus,3561,1,"[1.03e+03,2.03e+03)",105
Quercus,3561,2,"[1.1e+04,1.2e+04)",56
Quercus,3561,3,"[1.2e+04,1.3e+04)",9
Quercus,3561,4,"[1.3e+04,1.4e+04)",3
Quercus,3561,5,"[1.4e+04,1.5e+04)",1
Quercus,3561,6,"[1.5e+04,1.6e+04)",1
Quercus,3561,7,"[1.6e+04,1.7e+04)",1
Quercus,3561,8,"[1.7e+04,1.8e+04)",6
Quercus,3561,9,"[1.8e+04,1.9e+04)",3
Quercus,3561,10,"[1.9e+04,2e+04)",1
Quercus,3561,11,"[1e+04,1.1e+04)",22
Quercus,3561,12,"[2.03e+03,3.03e+03)",72
Quercus,3561,13,"[3.03e+03,4.03e+03)",22
Quercus,3561,14,"[4.03e+03,5.03e+03)",34
Quercus,3561,15,"[5.03e+03,6.03e+03)",14
Quercus,3561,16,"[6.03e+03,7.03e+03)",18
Quercus,3561,17,"[7.03e+03,8.03e+03)",27
Quercus,3561,18,"[8.03e+03,9.03e+03)",24
Quercus,3561,19,"[9.03e+03,1e+04)",9
Ribes,3561,1,"[1.03e+03,2.03e+03)",2
Ribes,3561,2,"[1.1e+04,1.2e+04)",0
Ribes,3561,3,"[1.2e+04,1.3e+04)",0
Ribes,3561,4,"[1.3e+04,1.4e+04)",0
Ribes,3561,5,"[1.4e+04,1.5e+04)",0
Ribes,3561,6,"[1.5e+04,1.6e+04)",0
Ribes,3561,7,"[1.6e+04,1.7e+04)",0
Ribes,3561,8,"[1.7e+04,1.8e+04)",0
Ribes,3561,9,"[1.8e+04,1.9e+04)",0
Ribes,3561,10,"[1.9e+04,2e+04)",0
Ribes,3561,11,"[1e+04,1.1e+04)",0
Ribes,3561,12,"[2.03e+03,3.03e+03)",0
Ribes,3561,13,"[3.03e+03,4.03e+03)",0
Ribes,3561,14,"[4.03e+03,5.03e+03)",0
Ribes,3561,15,"[5.03e+03,6.03e+03)",0
Ribes,3561,16,"[6.03e+03,7.03e+03)",0
Ribes,3561,17,"[7.03e+03,8.03e+03)",0
Ribes,3561,18,"[8.03e+03,9.03e+03)",0
Ribes,3561,19,"[9.03e+03,1e+04)",0
Rubus,3561,1,"[1.03e+03,2.03e+03)",0
Rubus,3561,2,"[1.1e+04,1.2e+04)",0
Rubus,3561,3,"[1.2e+04,1.3e+04)",0
Rubus,3561,4,"[1.3e+04,1.4e+04)",0
Rubus,3561,5,"[1.4e+04,1.5e+04)",0
Rubus,3561,6,"[1.5e+04,1.6e+04)",0
Rubus,3561,7,"[1.6e+04,1.7e+04)",0
Rubus,3561,8,"[1.7e+04,1.8e+04)",0
Rubus,3561,9,"[1.8e+04,1.9e+04)",0
Rubus,3561,10,"[1.9e+04,2e+04)",0
Rubus,3561,11,"[1e+04,1.1e+04)",0
Rubus,3561,12,"[2.03e+03,3.03e+03)",0
Rubus,3561,13,"[3.03e+03,4.03e+03)",0
Rubus,3561,14,"[4.03e+03,5.03e+03)",0
Rubus,3561,15,"[5.03e+03,6.03e+03)",0
Rubus,3561,16,"[6.03e+03,7.03e+03)",0
Rubus,3561,17,"[7.03e+03,8.03e+03)",0
Rubus,3561,18,"[8.03e+03,9.03e+03)",0
Rubus,3561,19,"[9.03e+03,1e+04)",0
Salix,3561,1,"[1.03e+03,2.03e+03)",5
Salix,3561,2,"[1.1e+04,1.2e+04)",4
Salix,3561,3,"[1.2e+04,1.3e+04)",3
Salix,3561,4,"[1.3e+04,1.4e+04)",0
Salix,3561,5,"[1.4e+04,1.5e+04)",1
Salix,3561,6,"[1.5e+04,1.6e+04)",0
Salix,3561,7,"[1.6e+04,1.7e+04)",0
Salix,3561,8,"[1.7e+04,1.8e+04)",1
Salix,3561,9,"[1.8e+04,1.9e+04)",2
Salix,3561,10,"[1.9e+04,2e+04)",2
Salix,3561,11,"[1e+04,1.1e+04)",0
Salix,3561,12,"[2.03e+03,3.03e+03)",4
Salix,3561,13,"[3.03e+03,4.03e+03)",3
Salix,3561,14,"[4.03e+03,5.03e+03)",0
Salix,3561,15,"[5.03e+03,6.03e+03)",0
Salix,3561,16,"[6.03e+03,7.03e+03)",0
Salix,3561,17,"[7.03e+03,8.03e+03)",1
Salix,3561,18,"[8.03e+03,9.03e+03)",0
Salix,3561,19,"[9.03e+03,1e+04)",0
Sarcobatus vermiculatus,3561,1,"[1.03e+03,2.03e+03)",0
Sarcobatus vermiculatus,3561,2,"[1.1e+04,1.2e+04)",17
Sarcobatus vermiculatus,3561,3,"[1.2e+04,1.3e+04)",5
Sarcobatus vermiculatus,3561,4,"[1.3e+04,1.4e+04)",4
Sarcobatus vermiculatus,3561,5,"[1.4e+04,1.5e+04)",2
Sarcobatus vermiculatus,3561,6,"[1.5e+04,1.6e+04)",2
Sarcobatus vermiculatus,3561,7,"[1.6e+04,1.7e+04)",2
Sarcobatus vermiculatus,3561,8,"[1.7e+04,1.8e+04)",1
Sarcobatus vermiculatus,3561,9,"[1.8e+04,1.9e+04)",5
Sarcobatus vermiculatus,3561,10,"[1.9e+04,2e+04)",3
Sarcobatus vermiculatus,3561,11,"[1e+04,1.1e+04)",3
Sarcobatus vermiculatus,3561,12,"[2.03e+03,3.03e+03)",2
Sarcobatus vermiculatus,3561,13,"[3.03e+03,4.03e+03)",1
Sarcobatus vermiculatus,3561,14,"[4.03e+03,5.03e+03)",2
Sarcobatus vermiculatus,3561,15,"[5.03e+03,6.03e+03)",2
Sarcobatus vermiculatus,3561,16,"[6.03e+03,7.03e+03)",2
Sarcobatus vermiculatus,3561,17,"[7.03e+03,8.03e+03)",0
Sarcobatus vermiculatus,3561,18,"[8.03e+03,9.03e+03)",1
Sarcobatus vermiculatus,3561,19,"[9.03e+03,1e+04)",5
Trixis,3561,1,"[1.03e+03,2.03e+03)",0
Trixis,3561,2,"[1.1e+04,1.2e+04)",1
Trixis,3561,3,"[1.2e+04,1.3e+04)",0
Trixis,3561,4,"[1.3e+04,1.4e+04)",0
Trixis,3561,5,"[1.4e+04,1.5e+04)",0
Trixis,3561,6,"[1.5e+04,1.6e+04)",0
Trixis,3561,7,"[1.6e+04,1.7e+04)",0
Trixis,3561,8,"[1.7e+04,1.8e+04)",0
Trixis,3561,9,"[1.8e+04,1.9e+04)",0
Trixis,3561,10,"[1.9e+04,2e+04)",0
Trixis,3561,11,"[1e+04,1.1e+04)",0
Trixis,3561,12,"[2.03e+03,3.03e+03)",0
Trixis,3561,13,"[3.03e+03,4.03e+03)",0
Trixis,3561,14,"[4.03e+03,5.03e+03)",0
Trixis,3561,15,"[5.03e+03,6.03e+03)",0
Trixis,3561,16,"[6.03e+03,7.03e+03)",0
Trixis,3561,17,"[7.03e+03,8.03e+03)",1
Trixis,3561,18,"[8.03e+03,9.03e+03)",0
Trixis,3561,19,"[9.03e+03,1e+04)",0
Ulmus,3561,1,"[1.03e+03,2.03e+03)",0
Ulmus,3561,2,"[1.1e+04,1.2e+04)",0
Ulmus,3561,3,"[1.2e+04,1.3e+04)",1
Ulmus,3561,4,"[1.3e+04,1.4e+04)",0
Ulmus,3561,5,"[1.4e+04,1.5e+04)",0
Ulmus,3561,6,"[1.5e+04,1.6e+04)",0
Ulmus,3561,7,"[1.6e+04,1.7e+04)",0
Ulmus,3561,8,"[1.7e+04,1.8e+04)",0
Ulmus,3561,9,"[1.8e+04,1.9e+04)",0
Ulmus,3561,10,"[1.9e+04,2e+04)",0
Ulmus,3561,11,"[1e+04,1.1e+04)",0
Ulmus,3561,12,"[2.03e+03,3.03e+03)",0
Ulmus,3561,13,"[3.03e+03,4.03e+03)",0
Ulmus,3561,14,"[4.03e+03,5.03e+03)",0
Ulmus,3561,15,"[5.03e+03,6.03e+03)",0
Ulmus,3561,16,"[6.03e+03,7.03e+03)",0
Ulmus,3561,17,"[7.03e+03,8.03e+03)",0
Ulmus,3561,18,"[8.03e+03,9.03e+03)",0
Ulmus,3561,19,"[9.03e+03,1e+04)",0
Alnus incana,41497,1,"[1.03e+03,2.03e+03)",0
Alnus incana,41497,2,"[1.1e+04,1.2e+04)",0
Alnus incana,41497,3,"[1.2e+04,1.3e+04)",1
Alnus incana,41497,4,"[1.3e+04,1.4e+04)",2
Alnus incana,41497,5,"[1.4e+04,1.5e+04)",0
Alnus incana,41497,11,"[1e+04,1.1e+04)",0
Alnus incana,41497,12,"[2.03e+03,3.03e+03)",0
Alnus incana,41497,15,"[5.03e+03,6.03e+03)",2
Alnus incana,41497,16,"[6.03e+03,7.03e+03)",7
Alnus incana,41497,17,"[7.03e+03,8.03e+03)",0
Alnus incana,41497,18,"[8.03e+03,9.03e+03)",0
Alnus incana,41497,19,"[9.03e+03,1e+04)",0
Alnus viridis subsp. crispa,41497,1,"[1.03e+03,2.03e+03)",97
Alnus viridis subsp. crispa,41497,2,"[1.1e+04,1.2e+04)",1
Alnus viridis subsp. crispa,41497,3,"[1.2e+04,1.3e+04)",1
Alnus viridis subsp. crispa,41497,4,"[1.3e+04,1.4e+04)",13
Alnus viridis subsp. crispa,41497,5,"[1.4e+04,1.5e+04)",7
Alnus viridis subsp. crispa,41497,11,"[1e+04,1.1e+04)",0
Alnus viridis subsp. crispa,41497,12,"[2.03e+03,3.03e+03)",221
Alnus viridis subsp. crispa,41497,15,"[5.03e+03,6.03e+03)",159
Alnus viridis subsp. crispa,41497,16,"[6.03e+03,7.03e+03)",38
Alnus viridis subsp. crispa,41497,17,"[7.03e+03,8.03e+03)",0
Alnus viridis subsp. crispa,41497,18,"[8.03e+03,9.03e+03)",0
Alnus viridis subsp. crispa,41497,19,"[9.03e+03,1e+04)",0
Artemisia,41497,1,"[1.03e+03,2.03e+03)",1
Artemisia,41497,2,"[1.1e+04,1.2e+04)",5
Artemisia,41497,3,"[1.2e+04,1.3e+04)",11
Artemisia,41497,4,"[1.3e+04,1.4e+04)",1
Artemisia,41497,5,"[1.4e+04,1.5e+04)",3
Artemisia,41497,11,"[1e+04,1.1e+04)",4
Artemisia,41497,12,"[2.03e+03,3.03e+03)",0
Artemisia,41497,15,"[5.03e+03,6.03e+03)",0
Artemisia,41497,16,"[6.03e+03,7.03e+03)",0
Artemisia,41497,17,"[7.03e+03,8.03e+03)",3
Artemisia,41497,18,"[8.03e+03,9.03e+03)",5
Artemisia,41497,19,"[9.03e+03,1e+04)",3
Betula,41497,1,"[1.03e+03,2.03e+03)",97
Betula,41497,2,"[1.1e+04,1.2e+04)",715
Betula,41497,3,"[1.2e+04,1.3e+04)",310
Betula,41497,4,"[1.3e+04,1.4e+04)",293
Betula,41497,5,"[1.4e+04,1.5e+04)",90
Betula,41497,11,"[1e+04,1.1e+04)",713
Betula,41497,12,"[2.03e+03,3.03e+03)",140
Betula,41497,15,"[5.03e+03,6.03e+03)",193
Betula,41497,16,"[6.03e+03,7.03e+03)",472
Betula,41497,17,"[7.03e+03,8.03e+03)",529
Betula,41497,18,"[8.03e+03,9.03e+03)",422
Betula,41497,19,"[9.03e+03,1e+04)",235
Ericales,41497,1,"[1.03e+03,2.03e+03)",79
Ericales,41497,2,"[1.1e+04,1.2e+04)",169
Ericales,41497,3,"[1.2e+04,1.3e+04)",0
Ericales,41497,4,"[1.3e+04,1.4e+04)",3
Ericales,41497,5,"[1.4e+04,1.5e+04)",2
Ericales,41497,11,"[1e+04,1.1e+04)",215
Ericales,41497,12,"[2.03e+03,3.03e+03)",29
Ericales,41497,15,"[5.03e+03,6.03e+03)",9
Ericales,41497,16,"[6.03e+03,7.03e+03)",85
Ericales,41497,17,"[7.03e+03,8.03e+03)",84
Ericales,41497,18,"[8.03e+03,9.03e+03)",105
Ericales,41497,19,"[9.03e+03,1e+04)",32
Myrica,41497,1,"[1.03e+03,2.03e+03)",0
Myrica,41497,2,"[1.1e+04,1.2e+04)",0
Myrica,41497,3,"[1.2e+04,1.3e+04)",4
Myrica,41497,4,"[1.3e+04,1.4e+04)",0
Myrica,41497,5,"[1.4e+04,1.5e+04)",0
Myrica,41497,11,"[1e+04,1.1e+04)",0
Myrica,41497,12,"[2.03e+03,3.03e+03)",0
Myrica,41497,15,"[5.03e+03,6.03e+03)",0
Myrica,41497,16,"[6.03e+03,7.03e+03)",5
Myrica,41497,17,"[7.03e+03,8.03e+03)",1
Myrica,41497,18,"[8.03e+03,9.03e+03)",0
Myrica,41497,19,"[9.03e+03,1e+04)",0
Picea,41497,1,"[1.03e+03,2.03e+03)",46
Picea,41497,2,"[1.1e+04,1.2e+04)",0
Picea,41497,3,"[1.2e+04,1.3e+04)",1
Picea,41497,4,"[1.3e+04,1.4e+04)",11
Picea,41497,5,"[1.4e+04,1.5e+04)",8
Picea,41497,11,"[1e+04,1.1e+04)",4
Picea,41497,12,"[2.03e+03,3.03e+03)",111
Picea,41497,15,"[5.03e+03,6.03e+03)",55
Picea,41497,16,"[6.03e+03,7.03e+03)",92
Picea,41497,17,"[7.03e+03,8.03e+03)",48
Picea,41497,18,"[8.03e+03,9.03e+03)",71
Picea,41497,19,"[9.03e+03,1e+04)",20
Populus,41497,1,"[1.03e+03,2.03e+03)",0
Populus,41497,2,"[1.1e+04,1.2e+04)",3
Populus,41497,3,"[1.2e+04,1.3e+04)",1
Populus,41497,4,"[1.3e+04,1.4e+04)",0
Populus,41497,5,"[1.4e+04,1.5e+04)",0
Populus,41497,11,"[1e+04,1.1e+04)",1
Populus,41497,12,"[2.03e+03,3.03e+03)",0
Populus,41497,15,"[5.03e+03,6.03e+03)",0
Populus,41497,16,"[6.03e+03,7.03e+03)",0
Populus,41497,17,"[7.03e+03,8.03e+03)",0
Populus,41497,18,"[8.03e+03,9.03e+03)",0
Populus,41497,19,"[9.03e+03,1e+04)",1
Rubus,41497,1,"[1.03e+03,2.03e+03)",7
Rubus,41497,2,"[1.1e+04,1.2e+04)",0
Rubus,41497,3,"[1.2e+04,1.3e+04)",0
Rubus,41497,4,"[1.3e+04,1.4e+04)",0
Rubus,41497,5,"[1.4e+04,1.5e+04)",0
Rubus,41497,11,"[1e+04,1.1e+04)",1
Rubus,41497,12,"[2.03e+03,3.03e+03)",7
Rubus,41497,15,"[5.03e+03,6.03e+03)",1
Rubus,41497,16,"[6.03e+03,7.03e+03)",22
Rubus,41497,17,"[7.03e+03,8.03e+03)",13
Rubus,41497,18,"[8.03e+03,9.03e+03)",42
Rubus,41497,19,"[9.03e+03,1e+04)",13
Salix,41497,1,"[1.03e+03,2.03e+03)",4
Salix,41497,2,"[1.1e+04,1.2e+04)",21
Salix,41497,3,"[1.2e+04,1.3e+04)",3
Salix,41497,4,"[1.3e+04,1.4e+04)",13
Salix,41497,5,"[1.4e+04,1.5e+04)",1
Salix,41497,11,"[1e+04,1.1e+04)",29
Salix,41497,12,"[2.03e+03,3.03e+03)",3
Salix,41497,15,"[5.03e+03,6.03e+03)",2
Salix,41497,16,"[6.03e+03,7.03e+03)",6
Salix,41497,17,"[7.03e+03,8.03e+03)",4
Salix,41497,18,"[8.03e+03,9.03e+03)",20
Salix,41497,19,"[9.03e+03,1e+04)",27
Abies,48685,2,"[1.1e+04,1.2e+04)",123
Abies,48685,3,"[1.2e+04,1.3e+04)",84.5
Abies,48685,4,"[1.3e+04,1.4e+04)",50.5
Abies,48685,5,"[1.4e+04,1.5e+04)",11.5
Abies,48685,6,"[1.5e+04,1.6e+04)",3.5
Abies,48685,7,"[1.6e+04,1.7e+04)",0
Abies,48685,8,"[1.7e+04,1.8e+04)",1
Abies,48685,9,"[1.8e+04,1.9e+04)",1
Abies,48685,10,"[1.9e+04,2e+04)",3
Abies,48685,11,"[1e+04,1.1e+04)",7.5
Abies,48685,17,"[7.03e+03,8.03e+03)",1.5
Abies,48685,18,"[8.03e+03,9.03e+03)",0
Abies,48685,19,"[9.03e+03,1e+04)",0
Acer negundo,48685,2,"[1.1e+04,1.2e+04)",6.5
Acer negundo,48685,3,"[1.2e+04,1.3e+04)",0
Acer negundo,48685,4,"[1.3e+04,1.4e+04)",2
Acer negundo,48685,5,"[1.4e+04,1.5e+04)",11
Acer negundo,48685,6,"[1.5e+04,1.6e+04)",2
Acer negundo,48685,7,"[1.6e+04,1.7e+04)",0
Acer negundo,48685,8,"[1.7e+04,1.8e+04)",1
Acer negundo,48685,9,"[1.8e+04,1.9e+04)",0
Acer negundo,48685,10,"[1.9e+04,2e+04)",0
Acer negundo,48685,11,"[1e+04,1.1e+04)",6
Acer negundo,48685,17,"[7.03e+03,8.03e+03)",7
Acer negundo,48685,18,"[8.03e+03,9.03e+03)",7.5
Acer negundo,48685,19,"[9.03e+03,1e+04)",6.5
Acer rubrum,48685,2,"[1.1e+04,1.2e+04)",0
Acer rubrum,48685,3,"[1.2e+04,1.3e+04)",0
Acer rubrum,48685,4,"[1.3e+04,1.4e+04)",0
Acer rubrum,48685,5,"[1.4e+04,1.5e+04)",0
Acer rubrum,48685,6,"[1.5e+04,1.6e+04)",0
Acer rubrum,48685,7,"[1.6e+04,1.7e+04)",0
Acer rubrum,48685,8,"[1.7e+04,1.8e+04)",0
Acer rubrum,48685,9,"[1.8e+04,1.9e+04)",0
Acer rubrum,48685,10,"[1.9e+04,2e+04)",0
Acer rubrum,48685,11,"[1e+04,1.1e+04)",0
Acer rubrum,48685,17,"[7.03e+03,8.03e+03)",0
Acer rubrum,48685,18,"[8.03e+03,9.03e+03)",2
Acer rubrum,48685,19,"[9.03e+03,1e+04)",1
Acer saccharinum-type,48685,2,"[1.1e+04,1.2e+04)",5
Acer saccharinum-type,48685,3,"[1.2e+04,1.3e+04)",0
Acer saccharinum-type,48685,4,"[1.3e+04,1.4e+04)",0
Acer saccharinum-type,48685,5,"[1.4e+04,1.5e+04)",1
Acer saccharinum-type,48685,6,"[1.5e+04,1.6e+04)",0
Acer saccharinum-type,48685,7,"[1.6e+04,1.7e+04)",0
Acer saccharinum-type,48685,8,"[1.7e+04,1.8e+04)",0
Acer saccharinum-type,48685,9,"[1.8e+04,1.9e+04)",0
Acer saccharinum-type,48685,10,"[1.9e+04,2e+04)",0
Acer saccharinum-type,48685,11,"[1e+04,1.1e+04)",9
Acer saccharinum-type,48685,17,"[7.03e+03,8.03e+03)",3
Acer saccharinum-type,48685,18,"[8.03e+03,9.03e+03)",2
Acer saccharinum-type,48685,19,"[9.03e+03,1e+04)",11
Acer saccharum,48685,2,"[1.1e+04,1.2e+04)",19.5
Acer saccharum,48685,3,"[1.2e+04,1.3e+04)",7.5
Acer saccharum,48685,4,"[1.3e+04,1.4e+04)",2
Acer saccharum,48685,5,"[1.4e+04,1.5e+04)",0
Acer saccharum,48685,6,"[1.5e+04,1.6e+04)",0
Acer saccharum,48685,7,"[1.6e+04,1.7e+04)",0
Acer saccharum,48685,8,"[1.7e+04,1.8e+04)",0
Acer saccharum,48685,9,"[1.8e+04,1.9e+04)",0
Acer saccharum,48685,10,"[1.9e+04,2e+04)",0
Acer saccharum,48685,11,"[1e+04,1.1e+04)",82.5
Acer saccharum,48685,17,"[7.03e+03,8.03e+03)",35
Acer saccharum,48685,18,"[8.03e+03,9.03e+03)",23
Acer saccharum,48685,19,"[9.03e+03,1e+04)",92
Alnus incana-type,48685,2,"[1.1e+04,1.2e+04)",176
Alnus incana-type,48685,3,"[1.2e+04,1.3e+04)",73
Alnus incana-type,48685,4,"[1.3e+04,1.4e+04)",14
Alnus incana-type,48685,5,"[1.4e+04,1.5e+04)",22
Alnus incana-type,48685,6,"[1.5e+04,1.6e+04)",13
Alnus incana-type,48685,7,"[1.6e+04,1.7e+04)",13
Alnus incana-type,48685,8,"[1.7e+04,1.8e+04)",8
Alnus incana-type,48685,9,"[1.8e+04,1.9e+04)",0
Alnus incana-type,48685,10,"[1.9e+04,2e+04)",2
Alnus incana-type,48685,11,"[1e+04,1.1e+04)",22
Alnus incana-type,48685,17,"[7.03e+03,8.03e+03)",6
Alnus incana-type,48685,18,"[8.03e+03,9.03e+03)",10
Alnus incana-type,48685,19,"[9.03e+03,1e+04)",10
Alnus viridis-type,48685,2,"[1.1e+04,1.2e+04)",1
Alnus viridis-type,48685,3,"[1.2e+04,1.3e+04)",0
Alnus viridis-type,48685,4,"[1.3e+04,1.4e+04)",0
Alnus viridis-type,48685,5,"[1.4e+04,1.5e+04)",0
Alnus viridis-type,48685,6,"[1.5e+04,1.6e+04)",0
Alnus viridis-type,48685,7,"[1.6e+04,1.7e+04)",0
Alnus viridis-type,48685,8,"[1.7e+04,1.8e+04)",0
Alnus viridis-type,48685,9,"[1.8e+04,1.9e+04)",1
Alnus viridis-type,48685,10,"[1.9e+04,2e+04)",3
Alnus viridis-type,48685,11,"[1e+04,1.1e+04)",0
Alnus viridis-type,48685,17,"[7.03e+03,8.03e+03)",0
Alnus viridis-type,48685,18,"[8.03e+03,9.03e+03)",1
Alnus viridis-type,48685,19,"[9.03e+03,1e+04)",1
Amelanchier-type,48685,2,"[1.1e+04,1.2e+04)",0
Amelanchier-type,48685,3,"[1.2e+04,1.3e+04)",0
Amelanchier-type,48685,4,"[1.3e+04,1.4e+04)",0
Amelanchier-type,48685,5,"[1.4e+04,1.5e+04)",0
Amelanchier-type,48685,6,"[1.5e+04,1.6e+04)",0
Amelanchier-type,48685,7,"[1.6e+04,1.7e+04)",0
Amelanchier-type,48685,8,"[1.7e+04,1.8e+04)",0
Amelanchier-type,48685,9,"[1.8e+04,1.9e+04)",0
Amelanchier-type,48685,10,"[1.9e+04,2e+04)",0
Amelanchier-type,48685,11,"[1e+04,1.1e+04)",0
Amelanchier-type,48685,17,"[7.03e+03,8.03e+03)",1
Amelanchier-type,48685,18,"[8.03e+03,9.03e+03)",0
Amelanchier-type,48685,19,"[9.03e+03,1e+04)",0
Amorpha-type,48685,2,"[1.1e+04,1.2e+04)",0
Amorpha-type,48685,3,"[1.2e+04,1.3e+04)",1
Amorpha-type,48685,4,"[1.3e+04,1.4e+04)",0
Amorpha-type,48685,5,"[1.4e+04,1.5e+04)",0
Amorpha-type,48685,6,"[1.5e+04,1.6e+04)",0
Amorpha-type,48685,7,"[1.6e+04,1.7e+04)",0
Amorpha-type,48685,8,"[1.7e+04,1.8e+04)",0
Amorpha-type,48685,9,"[1.8e+04,1.9e+04)",0
Amorpha-type,48685,10,"[1.9e+04,2e+04)",0
Amorpha-type,48685,11,"[1e+04,1.1e+04)",0
Amorpha-type,48685,17,"[7.03e+03,8.03e+03)",2
Amorpha-type,48685,18,"[8.03e+03,9.03e+03)",1
Amorpha-type,48685,19,"[9.03e+03,1e+04)",0
Artemisia,48685,2,"[1.1e+04,1.2e+04)",17
Artemisia,48685,3,"[1.2e+04,1.3e+04)",38
Artemisia,48685,4,"[1.3e+04,1.4e+04)",15
Artemisia,48685,5,"[1.4e+04,1.5e+04)",22
Artemisia,48685,6,"[1.5e+04,1.6e+04)",36
Artemisia,48685,7,"[1.6e+04,1.7e+04)",29
Artemisia,48685,8,"[1.7e+04,1.8e+04)",30
Artemisia,48685,9,"[1.8e+04,1.9e+04)",16
Artemisia,48685,10,"[1.9e+04,2e+04)",21
Artemisia,48685,11,"[1e+04,1.1e+04)",14
Artemisia,48685,17,"[7.03e+03,8.03e+03)",13
Artemisia,48685,18,"[8.03e+03,9.03e+03)",16
Artemisia,48685,19,"[9.03e+03,1e+04)",35
Betula,48685,2,"[1.1e+04,1.2e+04)",301
Betula,48685,3,"[1.2e+04,1.3e+04)",25
Betula,48685,4,"[1.3e+04,1.4e+04)",10
Betula,48685,5,"[1.4e+04,1.5e+04)",13
Betula,48685,6,"[1.5e+04,1.6e+04)",7
Betula,48685,7,"[1.6e+04,1.7e+04)",1
Betula,48685,8,"[1.7e+04,1.8e+04)",5
Betula,48685,9,"[1.8e+04,1.9e+04)",0
Betula,48685,10,"[1.9e+04,2e+04)",0
Betula,48685,11,"[1e+04,1.1e+04)",43.5
Betula,48685,17,"[7.03e+03,8.03e+03)",2
Betula,48685,18,"[8.03e+03,9.03e+03)",5
Betula,48685,19,"[9.03e+03,1e+04)",10
Carya,48685,2,"[1.1e+04,1.2e+04)",25
Carya,48685,3,"[1.2e+04,1.3e+04)",4
Carya,48685,4,"[1.3e+04,1.4e+04)",13
Carya,48685,5,"[1.4e+04,1.5e+04)",2
Carya,48685,6,"[1.5e+04,1.6e+04)",1
Carya,48685,7,"[1.6e+04,1.7e+04)",1
Carya,48685,8,"[1.7e+04,1.8e+04)",0
Carya,48685,9,"[1.8e+04,1.9e+04)",0
Carya,48685,10,"[1.9e+04,2e+04)",0
Carya,48685,11,"[1e+04,1.1e+04)",75
Carya,48685,17,"[7.03e+03,8.03e+03)",78.5
Carya,48685,18,"[8.03e+03,9.03e+03)",89.5
Carya,48685,19,"[9.03e+03,1e+04)",133.5
Ceanothus,48685,2,"[1.1e+04,1.2e+04)",0
Ceanothus,48685,3,"[1.2e+04,1.3e+04)",0
Ceanothus,48685,4,"[1.3e+04,1.4e+04)",0
Ceanothus,48685,5,"[1.4e+04,1.5e+04)",1
Ceanothus,48685,6,"[1.5e+04,1.6e+04)",0
Ceanothus,48685,7,"[1.6e+04,1.7e+04)",0
Ceanothus,48685,8,"[1.7e+04,1.8e+04)",0
Ceanothus,48685,9,"[1.8e+04,1.9e+04)",0
Ceanothus,48685,10,"[1.9e+04,2e+04)",0
Ceanothus,48685,11,"[1e+04,1.1e+04)",0
Ceanothus,48685,17,"[7.03e+03,8.03e+03)",0
Ceanothus,48685,18,"[8.03e+03,9.03e+03)",3
Ceanothus,48685,19,"[9.03e+03,1e+04)",0
Celtis,48685,2,"[1.1e+04,1.2e+04)",6
Celtis,48685,3,"[1.2e+04,1.3e+04)",5
Celtis,48685,4,"[1.3e+04,1.4e+04)",11
Celtis,48685,5,"[1.4e+04,1.5e+04)",3
Celtis,48685,6,"[1.5e+04,1.6e+04)",0
Celtis,48685,7,"[1.6e+04,1.7e+04)",0
Celtis,48685,8,"[1.7e+04,1.8e+04)",0
Celtis,48685,9,"[1.8e+04,1.9e+04)",0
Celtis,48685,10,"[1.9e+04,2e+04)",0
Celtis,48685,11,"[1e+04,1.1e+04)",23
Celtis,48685,17,"[7.03e+03,8.03e+03)",3
Celtis,48685,18,"[8.03e+03,9.03e+03)",5
Celtis,48685,19,"[9.03e+03,1e+04)",10
Cephalanthus,48685,2,"[1.1e+04,1.2e+04)",2
Cephalanthus,48685,3,"[1.2e+04,1.3e+04)",0
Cephalanthus,48685,4,"[1.3e+04,1.4e+04)",0
Cephalanthus,48685,5,"[1.4e+04,1.5e+04)",0
Cephalanthus,48685,6,"[1.5e+04,1.6e+04)",0
Cephalanthus,48685,7,"[1.6e+04,1.7e+04)",0
Cephalanthus,48685,8,"[1.7e+04,1.8e+04)",0
Cephalanthus,48685,9,"[1.8e+04,1.9e+04)",0
Cephalanthus,48685,10,"[1.9e+04,2e+04)",0
Cephalanthus,48685,11,"[1e+04,1.1e+04)",0
Cephalanthus,48685,17,"[7.03e+03,8.03e+03)",0
Cephalanthus,48685,18,"[8.03e+03,9.03e+03)",0
Cephalanthus,48685,19,"[9.03e+03,1e+04)",1
Chamaecrista,48685,2,"[1.1e+04,1.2e+04)",0
Chamaecrista,48685,3,"[1.2e+04,1.3e+04)",0
Chamaecrista,48685,4,"[1.3e+04,1.4e+04)",0
Chamaecrista,48685,5,"[1.4e+04,1.5e+04)",0
Chamaecrista,48685,6,"[1.5e+04,1.6e+04)",0
Chamaecrista,48685,7,"[1.6e+04,1.7e+04)",0
Chamaecrista,48685,8,"[1.7e+04,1.8e+04)",0
Chamaecrista,48685,9,"[1.8e+04,1.9e+04)",0
Chamaecrista,48685,10,"[1.9e+04,2e+04)",0
Chamaecrista,48685,11,"[1e+04,1.1e+04)",0
Chamaecrista,48685,17,"[7.03e+03,8.03e+03)",0
Chamaecrista,48685,18,"[8.03e+03,9.03e+03)",0
Chamaecrista,48685,19,"[9.03e+03,1e+04)",0
Cornus sericea-type,48685,2,"[1.1e+04,1.2e+04)",1
Cornus sericea-type,48685,3,"[1.2e+04,1.3e+04)",0
Cornus sericea-type,48685,4,"[1.3e+04,1.4e+04)",0
Cornus sericea-type,48685,5,"[1.4e+04,1.5e+04)",0
Cornus sericea-type,48685,6,"[1.5e+04,1.6e+04)",0
Cornus sericea-type,48685,7,"[1.6e+04,1.7e+04)",0
Cornus sericea-type,48685,8,"[1.7e+04,1.8e+04)",0
Cornus sericea-type,48685,9,"[1.8e+04,1.9e+04)",0
Cornus sericea-type,48685,10,"[1.9e+04,2e+04)",0
Cornus sericea-type,48685,11,"[1e+04,1.1e+04)",0
Cornus sericea-type,48685,17,"[7.03e+03,8.03e+03)",0
Cornus sericea-type,48685,18,"[8.03e+03,9.03e+03)",0
Cornus sericea-type,48685,19,"[9.03e+03,1e+04)",0
Corylus,48685,2,"[1.1e+04,1.2e+04)",36
Corylus,48685,3,"[1.2e+04,1.3e+04)",19
Corylus,48685,4,"[1.3e+04,1.4e+04)",6
Corylus,48685,5,"[1.4e+04,1.5e+04)",1
Corylus,48685,6,"[1.5e+04,1.6e+04)",0
Corylus,48685,7,"[1.6e+04,1.7e+04)",1
Corylus,48685,8,"[1.7e+04,1.8e+04)",1
Corylus,48685,9,"[1.8e+04,1.9e+04)",0
Corylus,48685,10,"[1.9e+04,2e+04)",0
Corylus,48685,11,"[1e+04,1.1e+04)",25
Corylus,48685,17,"[7.03e+03,8.03e+03)",22
Corylus,48685,18,"[8.03e+03,9.03e+03)",21
Corylus,48685,19,"[9.03e+03,1e+04)",25
Dalea candida-type,48685,2,"[1.1e+04,1.2e+04)",0
Dalea candida-type,48685,3,"[1.2e+04,1.3e+04)",0
Dalea candida-type,48685,4,"[1.3e+04,1.4e+04)",0
Dalea candida-type,48685,5,"[1.4e+04,1.5e+04)",1
Dalea candida-type,48685,6,"[1.5e+04,1.6e+04)",1
Dalea candida-type,48685,7,"[1.6e+04,1.7e+04)",0
Dalea candida-type,48685,8,"[1.7e+04,1.8e+04)",0
Dalea candida-type,48685,9,"[1.8e+04,1.9e+04)",0
Dalea candida-type,48685,10,"[1.9e+04,2e+04)",0
Dalea candida-type,48685,11,"[1e+04,1.1e+04)",0
Dalea candida-type,48685,17,"[7.03e+03,8.03e+03)",0
Dalea candida-type,48685,18,"[8.03e+03,9.03e+03)",0
Dalea candida-type,48685,19,"[9.03e+03,1e+04)",0
Dalea purpurea,48685,2,"[1.1e+04,1.2e+04)",0
Dalea purpurea,48685,3,"[1.2e+04,1.3e+04)",0
Dalea purpurea,48685,4,"[1.3e+04,1.4e+04)",0
Dalea purpurea,48685,5,"[1.4e+04,1.5e+04)",0
Dalea purpurea,48685,6,"[1.5e+04,1.6e+04)",0
Dalea purpurea,48685,7,"[1.6e+04,1.7e+04)",0
Dalea purpurea,48685,8,"[1.7e+04,1.8e+04)",0
Dalea purpurea,48685,9,"[1.8e+04,1.9e+04)",0
Dalea purpurea,48685,10,"[1.9e+04,2e+04)",0
Dalea purpurea,48685,11,"[1e+04,1.1e+04)",0
Dalea purpurea,48685,17,"[7.03e+03,8.03e+03)",0
Dalea purpurea,48685,18,"[8.03e+03,9.03e+03)",0
Dalea purpurea,48685,19,"[9.03e+03,1e+04)",0
Dryas-type,48685,2,"[1.1e+04,1.2e+04)",0
Dryas-type,48685,3,"[1.2e+04,1.3e+04)",0
Dryas-type,48685,4,"[1.3e+04,1.4e+04)",0
Dryas-type,48685,5,"[1.4e+04,1.5e+04)",1
Dryas-type,48685,6,"[1.5e+04,1.6e+04)",0
Dryas-type,48685,7,"[1.6e+04,1.7e+04)",0
Dryas-type,48685,8,"[1.7e+04,1.8e+04)",0
Dryas-type,48685,9,"[1.8e+04,1.9e+04)",0
Dryas-type,48685,10,"[1.9e+04,2e+04)",0
Dryas-type,48685,11,"[1e+04,1.1e+04)",0
Dryas-type,48685,17,"[7.03e+03,8.03e+03)",0
Dryas-type,48685,18,"[8.03e+03,9.03e+03)",0
Dryas-type,48685,19,"[9.03e+03,1e+04)",0
Ephedra trifurca-type,48685,2,"[1.1e+04,1.2e+04)",1
Ephedra trifurca-type,48685,3,"[1.2e+04,1.3e+04)",0
Ephedra trifurca-type,48685,4,"[1.3e+04,1.4e+04)",0
Ephedra trifurca-type,48685,5,"[1.4e+04,1.5e+04)",0
Ephedra trifurca-type,48685,6,"[1.5e+04,1.6e+04)",0
Ephedra trifurca-type,48685,7,"[1.6e+04,1.7e+04)",0
Ephedra trifurca-type,48685,8,"[1.7e+04,1.8e+04)",0
Ephedra trifurca-type,48685,9,"[1.8e+04,1.9e+04)",1
Ephedra trifurca-type,48685,10,"[1.9e+04,2e+04)",0
Ephedra trifurca-type,48685,11,"[1e+04,1.1e+04)",0
Ephedra trifurca-type,48685,17,"[7.03e+03,8.03e+03)",1
Ephedra trifurca-type,48685,18,"[8.03e+03,9.03e+03)",0
Ephedra trifurca-type,48685,19,"[9.03e+03,1e+04)",1
Ephedra viridis-type,48685,2,"[1.1e+04,1.2e+04)",0
Ephedra viridis-type,48685,3,"[1.2e+04,1.3e+04)",0
Ephedra viridis-type,48685,4,"[1.3e+04,1.4e+04)",0
Ephedra viridis-type,48685,5,"[1.4e+04,1.5e+04)",1
Ephedra viridis-type,48685,6,"[1.5e+04,1.6e+04)",0
Ephedra viridis-type,48685,7,"[1.6e+04,1.7e+04)",0
Ephedra viridis-type,48685,8,"[1.7e+04,1.8e+04)",0
Ephedra viridis-type,48685,9,"[1.8e+04,1.9e+04)",0
Ephedra viridis-type,48685,10,"[1.9e+04,2e+04)",0
Ephedra viridis-type,48685,11,"[1e+04,1.1e+04)",0
Ephedra viridis-type,48685,17,"[7.03e+03,8.03e+03)",0
Ephedra viridis-type,48685,18,"[8.03e+03,9.03e+03)",0
Ephedra viridis-type,48685,19,"[9.03e+03,1e+04)",0
Ericaceae,48685,2,"[1.1e+04,1.2e+04)",0
Ericaceae,48685,3,"[1.2e+04,1.3e+04)",1
Ericaceae,48685,4,"[1.3e+04,1.4e+04)",0
Ericaceae,48685,5,"[1.4e+04,1.5e+04)",0
Ericaceae,48685,6,"[1.5e+04,1.6e+04)",0
Ericaceae,48685,7,"[1.6e+04,1.7e+04)",0
Ericaceae,48685,8,"[1.7e+04,1.8e+04)",0
Ericaceae,48685,9,"[1.8e+04,1.9e+04)",1
Ericaceae,48685,10,"[1.9e+04,2e+04)",0
Ericaceae,48685,11,"[1e+04,1.1e+04)",0
Ericaceae,48685,17,"[7.03e+03,8.03e+03)",0
Ericaceae,48685,18,"[8.03e+03,9.03e+03)",0
Ericaceae,48685,19,"[9.03e+03,1e+04)",0
Fagus,48685,2,"[1.1e+04,1.2e+04)",1
Fagus,48685,3,"[1.2e+04,1.3e+04)",1
Fagus,48685,4,"[1.3e+04,1.4e+04)",0
Fagus,48685,5,"[1.4e+04,1.5e+04)",0
Fagus,48685,6,"[1.5e+04,1.6e+04)",0
Fagus,48685,7,"[1.6e+04,1.7e+04)",0
Fagus,48685,8,"[1.7e+04,1.8e+04)",0
Fagus,48685,9,"[1.8e+04,1.9e+04)",0
Fagus,48685,10,"[1.9e+04,2e+04)",0
Fagus,48685,11,"[1e+04,1.1e+04)",0
Fagus,48685,17,"[7.03e+03,8.03e+03)",3
Fagus,48685,18,"[8.03e+03,9.03e+03)",1
Fagus,48685,19,"[9.03e+03,1e+04)",5
Fraxinus nigra-type,48685,2,"[1.1e+04,1.2e+04)",392
Fraxinus nigra-type,48685,3,"[1.2e+04,1.3e+04)",231
Fraxinus nigra-type,48685,4,"[1.3e+04,1.4e+04)",392
Fraxinus nigra-type,48685,5,"[1.4e+04,1.5e+04)",201
Fraxinus nigra-type,48685,6,"[1.5e+04,1.6e+04)",96
Fraxinus nigra-type,48685,7,"[1.6e+04,1.7e+04)",37
Fraxinus nigra-type,48685,8,"[1.7e+04,1.8e+04)",11
Fraxinus nigra-type,48685,9,"[1.8e+04,1.9e+04)",1
Fraxinus nigra-type,48685,10,"[1.9e+04,2e+04)",3
Fraxinus nigra-type,48685,11,"[1e+04,1.1e+04)",294
Fraxinus nigra-type,48685,17,"[7.03e+03,8.03e+03)",11
Fraxinus nigra-type,48685,18,"[8.03e+03,9.03e+03)",22
Fraxinus nigra-type,48685,19,"[9.03e+03,1e+04)",131
Fraxinus pennsylvanica-type,48685,2,"[1.1e+04,1.2e+04)",6
Fraxinus pennsylvanica-type,48685,3,"[1.2e+04,1.3e+04)",1
Fraxinus pennsylvanica-type,48685,4,"[1.3e+04,1.4e+04)",3
Fraxinus pennsylvanica-type,48685,5,"[1.4e+04,1.5e+04)",3
Fraxinus pennsylvanica-type,48685,6,"[1.5e+04,1.6e+04)",2
Fraxinus pennsylvanica-type,48685,7,"[1.6e+04,1.7e+04)",0
Fraxinus pennsylvanica-type,48685,8,"[1.7e+04,1.8e+04)",0
Fraxinus pennsylvanica-type,48685,9,"[1.8e+04,1.9e+04)",0
Fraxinus pennsylvanica-type,48685,10,"[1.9e+04,2e+04)",2
Fraxinus pennsylvanica-type,48685,11,"[1e+04,1.1e+04)",13
Fraxinus pennsylvanica-type,48685,17,"[7.03e+03,8.03e+03)",21
Fraxinus pennsylvanica-type,48685,18,"[8.03e+03,9.03e+03)",21
Fraxinus pennsylvanica-type,48685,19,"[9.03e+03,1e+04)",16
Fraxinus undiff.,48685,2,"[1.1e+04,1.2e+04)",0
Fraxinus undiff.,48685,3,"[1.2e+04,1.3e+04)",0
Fraxinus undiff.,48685,4,"[1.3e+04,1.4e+04)",0
Fraxinus undiff.,48685,5,"[1.4e+04,1.5e+04)",0
Fraxinus undiff.,48685,6,"[1.5e+04,1.6e+04)",0
Fraxinus undiff.,48685,7,"[1.6e+04,1.7e+04)",0
Fraxinus undiff.,48685,8,"[1.7e+04,1.8e+04)",0
Fraxinus undiff.,48685,9,"[1.8e+04,1.9e+04)",0
Fraxinus undiff.,48685,10,"[1.9e+04,2e+04)",0
Fraxinus undiff.,48685,11,"[1e+04,1.1e+04)",0
Fraxinus undiff.,48685,17,"[7.03e+03,8.03e+03)",0
Fraxinus undiff.,48685,18,"[8.03e+03,9.03e+03)",0
Fraxinus undiff.,48685,19,"[9.03e+03,1e+04)",0
Juglans cinerea,48685,2,"[1.1e+04,1.2e+04)",11
Juglans cinerea,48685,3,"[1.2e+04,1.3e+04)",0
Juglans cinerea,48685,4,"[1.3e+04,1.4e+04)",1
Juglans cinerea,48685,5,"[1.4e+04,1.5e+04)",1
Juglans cinerea,48685,6,"[1.5e+04,1.6e+04)",0
Juglans cinerea,48685,7,"[1.6e+04,1.7e+04)",1
Juglans cinerea,48685,8,"[1.7e+04,1.8e+04)",0
Juglans cinerea,48685,9,"[1.8e+04,1.9e+04)",0
Juglans cinerea,48685,10,"[1.9e+04,2e+04)",0
Juglans cinerea,48685,11,"[1e+04,1.1e+04)",59
Juglans cinerea,48685,17,"[7.03e+03,8.03e+03)",8
Juglans cinerea,48685,18,"[8.03e+03,9.03e+03)",13
Juglans cinerea,48685,19,"[9.03e+03,1e+04)",16
Juglans nigra,48685,2,"[1.1e+04,1.2e+04)",1
Juglans nigra,48685,3,"[1.2e+04,1.3e+04)",1
Juglans nigra,48685,4,"[1.3e+04,1.4e+04)",2
Juglans nigra,48685,5,"[1.4e+04,1.5e+04)",2
Juglans nigra,48685,6,"[1.5e+04,1.6e+04)",0
Juglans nigra,48685,7,"[1.6e+04,1.7e+04)",0
Juglans nigra,48685,8,"[1.7e+04,1.8e+04)",0
Juglans nigra,48685,9,"[1.8e+04,1.9e+04)",0
Juglans nigra,48685,10,"[1.9e+04,2e+04)",0
Juglans nigra,48685,11,"[1e+04,1.1e+04)",5
Juglans nigra,48685,17,"[7.03e+03,8.03e+03)",17
Juglans nigra,48685,18,"[8.03e+03,9.03e+03)",15
Juglans nigra,48685,19,"[9.03e+03,1e+04)",8
Larix,48685,2,"[1.1e+04,1.2e+04)",50
Larix,48685,3,"[1.2e+04,1.3e+04)",21
Larix,48685,4,"[1.3e+04,1.4e+04)",11.5
Larix,48685,5,"[1.4e+04,1.5e+04)",36.5
Larix,48685,6,"[1.5e+04,1.6e+04)",43.5
Larix,48685,7,"[1.6e+04,1.7e+04)",41.5
Larix,48685,8,"[1.7e+04,1.8e+04)",7.5
Larix,48685,9,"[1.8e+04,1.9e+04)",1
Larix,48685,10,"[1.9e+04,2e+04)",0
Larix,48685,11,"[1e+04,1.1e+04)",9
Larix,48685,17,"[7.03e+03,8.03e+03)",0
Larix,48685,18,"[8.03e+03,9.03e+03)",0
Larix,48685,19,"[9.03e+03,1e+04)",1
Liquidambar,48685,2,"[1.1e+04,1.2e+04)",0
Liquidambar,48685,3,"[1.2e+04,1.3e+04)",0
Liquidambar,48685,4,"[1.3e+04,1.4e+04)",0
Liquidambar,48685,5,"[1.4e+04,1.5e+04)",0
Liquidambar,48685,6,"[1.5e+04,1.6e+04)",0
Liquidambar,48685,7,"[1.6e+04,1.7e+04)",0
Liquidambar,48685,8,"[1.7e+04,1.8e+04)",0
Liquidambar,48685,9,"[1.8e+04,1.9e+04)",0
Liquidambar,48685,10,"[1.9e+04,2e+04)",1
Liquidambar,48685,11,"[1e+04,1.1e+04)",1
Liquidambar,48685,17,"[7.03e+03,8.03e+03)",0
Liquidambar,48685,18,"[8.03e+03,9.03e+03)",1
Liquidambar,48685,19,"[9.03e+03,1e+04)",1
Maclura-type,48685,2,"[1.1e+04,1.2e+04)",0
Maclura-type,48685,3,"[1.2e+04,1.3e+04)",2
Maclura-type,48685,4,"[1.3e+04,1.4e+04)",0
Maclura-type,48685,5,"[1.4e+04,1.5e+04)",0
Maclura-type,48685,6,"[1.5e+04,1.6e+04)",0
Maclura-type,48685,7,"[1.6e+04,1.7e+04)",0
Maclura-type,48685,8,"[1.7e+04,1.8e+04)",0
Maclura-type,48685,9,"[1.8e+04,1.9e+04)",0
Maclura-type,48685,10,"[1.9e+04,2e+04)",0
Maclura-type,48685,11,"[1e+04,1.1e+04)",1
Maclura-type,48685,17,"[7.03e+03,8.03e+03)",1
Maclura-type,48685,18,"[8.03e+03,9.03e+03)",1
Maclura-type,48685,19,"[9.03e+03,1e+04)",0
Morus,48685,2,"[1.1e+04,1.2e+04)",3
Morus,48685,3,"[1.2e+04,1.3e+04)",5
Morus,48685,4,"[1.3e+04,1.4e+04)",0
Morus,48685,5,"[1.4e+04,1.5e+04)",1
Morus,48685,6,"[1.5e+04,1.6e+04)",0
Morus,48685,7,"[1.6e+04,1.7e+04)",0
Morus,48685,8,"[1.7e+04,1.8e+04)",0
Morus,48685,9,"[1.8e+04,1.9e+04)",0
Morus,48685,10,"[1.9e+04,2e+04)",0
Morus,48685,11,"[1e+04,1.1e+04)",12
Morus,48685,17,"[7.03e+03,8.03e+03)",10
Morus,48685,18,"[8.03e+03,9.03e+03)",13
Morus,48685,19,"[9.03e+03,1e+04)",25
Myrica,48685,2,"[1.1e+04,1.2e+04)",0
Myrica,48685,3,"[1.2e+04,1.3e+04)",0
Myrica,48685,4,"[1.3e+04,1.4e+04)",0
Myrica,48685,5,"[1.4e+04,1.5e+04)",0
Myrica,48685,6,"[1.5e+04,1.6e+04)",1
Myrica,48685,7,"[1.6e+04,1.7e+04)",0
Myrica,48685,8,"[1.7e+04,1.8e+04)",0
Myrica,48685,9,"[1.8e+04,1.9e+04)",0
Myrica,48685,10,"[1.9e+04,2e+04)",1
Myrica,48685,11,"[1e+04,1.1e+04)",0
Myrica,48685,17,"[7.03e+03,8.03e+03)",0
Myrica,48685,18,"[8.03e+03,9.03e+03)",0
Myrica,48685,19,"[9.03e+03,1e+04)",0
Ostrya-type,48685,2,"[1.1e+04,1.2e+04)",86
Ostrya-type,48685,3,"[1.2e+04,1.3e+04)",83
Ostrya-type,48685,4,"[1.3e+04,1.4e+04)",95
Ostrya-type,48685,5,"[1.4e+04,1.5e+04)",35
Ostrya-type,48685,6,"[1.5e+04,1.6e+04)",4
Ostrya-type,48685,7,"[1.6e+04,1.7e+04)",6
Ostrya-type,48685,8,"[1.7e+04,1.8e+04)",12
Ostrya-type,48685,9,"[1.8e+04,1.9e+04)",5
Ostrya-type,48685,10,"[1.9e+04,2e+04)",4
Ostrya-type,48685,11,"[1e+04,1.1e+04)",295.5
Ostrya-type,48685,17,"[7.03e+03,8.03e+03)",90
Ostrya-type,48685,18,"[8.03e+03,9.03e+03)",83
Ostrya-type,48685,19,"[9.03e+03,1e+04)",275.5
Picea,48685,2,"[1.1e+04,1.2e+04)",336
Picea,48685,3,"[1.2e+04,1.3e+04)",417
Picea,48685,4,"[1.3e+04,1.4e+04)",397
Picea,48685,5,"[1.4e+04,1.5e+04)",1036.5
Picea,48685,6,"[1.5e+04,1.6e+04)",964
Picea,48685,7,"[1.6e+04,1.7e+04)",554
Picea,48685,8,"[1.7e+04,1.8e+04)",331.5
Picea,48685,9,"[1.8e+04,1.9e+04)",150
Picea,48685,10,"[1.9e+04,2e+04)",100
Picea,48685,11,"[1e+04,1.1e+04)",25
Picea,48685,17,"[7.03e+03,8.03e+03)",3
Picea,48685,18,"[8.03e+03,9.03e+03)",5.5
Picea,48685,19,"[9.03e+03,1e+04)",13.5
Pinus edulis-type,48685,2,"[1.1e+04,1.2e+04)",0
Pinus edulis-type,48685,3,"[1.2e+04,1.3e+04)",0
Pinus edulis-type,48685,4,"[1.3e+04,1.4e+04)",0
Pinus edulis-type,48685,5,"[1.4e+04,1.5e+04)",0
Pinus edulis-type,48685,6,"[1.5e+04,1.6e+04)",3
Pinus edulis-type,48685,7,"[1.6e+04,1.7e+04)",0
Pinus edulis-type,48685,8,"[1.7e+04,1.8e+04)",0
Pinus edulis-type,48685,9,"[1.8e+04,1.9e+04)",0
Pinus edulis-type,48685,10,"[1.9e+04,2e+04)",0
Pinus edulis-type,48685,11,"[1e+04,1.1e+04)",0
Pinus edulis-type,48685,17,"[7.03e+03,8.03e+03)",0
Pinus edulis-type,48685,18,"[8.03e+03,9.03e+03)",1
Pinus edulis-type,48685,19,"[9.03e+03,1e+04)",0
Pinus subg. Pinus,48685,2,"[1.1e+04,1.2e+04)",74.5
Pinus subg. Pinus,48685,3,"[1.2e+04,1.3e+04)",4
Pinus subg. Pinus,48685,4,"[1.3e+04,1.4e+04)",3
Pinus subg. Pinus,48685,5,"[1.4e+04,1.5e+04)",2
Pinus subg. Pinus,48685,6,"[1.5e+04,1.6e+04)",2
Pinus subg. Pinus,48685,7,"[1.6e+04,1.7e+04)",3.5
Pinus subg. Pinus,48685,8,"[1.7e+04,1.8e+04)",2
Pinus subg. Pinus,48685,9,"[1.8e+04,1.9e+04)",1
Pinus subg. Pinus,48685,10,"[1.9e+04,2e+04)",1
Pinus subg. Pinus,48685,11,"[1e+04,1.1e+04)",34.5
Pinus subg. Pinus,48685,17,"[7.03e+03,8.03e+03)",7
Pinus subg. Pinus,48685,18,"[8.03e+03,9.03e+03)",12
Pinus subg. Pinus,48685,19,"[9.03e+03,1e+04)",21
Pinus subg. Strobus undiff.,48685,2,"[1.1e+04,1.2e+04)",6
Pinus subg. Strobus undiff.,48685,3,"[1.2e+04,1.3e+04)",3.5
Pinus subg. Strobus undiff.,48685,4,"[1.3e+04,1.4e+04)",0
Pinus subg. Strobus undiff.,48685,5,"[1.4e+04,1.5e+04)",1.5
Pinus subg. Strobus undiff.,48685,6,"[1.5e+04,1.6e+04)",1
Pinus subg. Strobus undiff.,48685,7,"[1.6e+04,1.7e+04)",0
Pinus subg. Strobus undiff.,48685,8,"[1.7e+04,1.8e+04)",2
Pinus subg. Strobus undiff.,48685,9,"[1.8e+04,1.9e+04)",0
Pinus subg. Strobus undiff.,48685,10,"[1.9e+04,2e+04)",0
Pinus subg. Strobus undiff.,48685,11,"[1e+04,1.1e+04)",5
Pinus subg. Strobus undiff.,48685,17,"[7.03e+03,8.03e+03)",23.5
Pinus subg. Strobus undiff.,48685,18,"[8.03e+03,9.03e+03)",37.5
Pinus subg. Strobus undiff.,48685,19,"[9.03e+03,1e+04)",36.5
Pinus undiff.,48685,2,"[1.1e+04,1.2e+04)",49
Pinus undiff.,48685,3,"[1.2e+04,1.3e+04)",4
Pinus undiff.,48685,4,"[1.3e+04,1.4e+04)",2
Pinus undiff.,48685,5,"[1.4e+04,1.5e+04)",5
Pinus undiff.,48685,6,"[1.5e+04,1.6e+04)",3
Pinus undiff.,48685,7,"[1.6e+04,1.7e+04)",8
Pinus undiff.,48685,8,"[1.7e+04,1.8e+04)",9.5
Pinus undiff.,48685,9,"[1.8e+04,1.9e+04)",5
Pinus undiff.,48685,10,"[1.9e+04,2e+04)",3.5
Pinus undiff.,48685,11,"[1e+04,1.1e+04)",44.5
Pinus undiff.,48685,17,"[7.03e+03,8.03e+03)",41
Pinus undiff.,48685,18,"[8.03e+03,9.03e+03)",47.5
Pinus undiff.,48685,19,"[9.03e+03,1e+04)",71
Platanus,48685,2,"[1.1e+04,1.2e+04)",11
Platanus,48685,3,"[1.2e+04,1.3e+04)",6
Platanus,48685,4,"[1.3e+04,1.4e+04)",0
Platanus,48685,5,"[1.4e+04,1.5e+04)",1
Platanus,48685,6,"[1.5e+04,1.6e+04)",1
Platanus,48685,7,"[1.6e+04,1.7e+04)",2
Platanus,48685,8,"[1.7e+04,1.8e+04)",0
Platanus,48685,9,"[1.8e+04,1.9e+04)",1
Platanus,48685,10,"[1.9e+04,2e+04)",0
Platanus,48685,11,"[1e+04,1.1e+04)",17
Platanus,48685,17,"[7.03e+03,8.03e+03)",44
Platanus,48685,18,"[8.03e+03,9.03e+03)",51
Platanus,48685,19,"[9.03e+03,1e+04)",34
Populus balsamifera-type,48685,2,"[1.1e+04,1.2e+04)",59
Populus balsamifera-type,48685,3,"[1.2e+04,1.3e+04)",106
Populus balsamifera-type,48685,4,"[1.3e+04,1.4e+04)",79
Populus balsamifera-type,48685,5,"[1.4e+04,1.5e+04)",75
Populus balsamifera-type,48685,6,"[1.5e+04,1.6e+04)",6
Populus balsamifera-type,48685,7,"[1.6e+04,1.7e+04)",1
Populus balsamifera-type,48685,8,"[1.7e+04,1.8e+04)",2
Populus balsamifera-type,48685,9,"[1.8e+04,1.9e+04)",1
Populus balsamifera-type,48685,10,"[1.9e+04,2e+04)",0
Populus balsamifera-type,48685,11,"[1e+04,1.1e+04)",6
Populus balsamifera-type,48685,17,"[7.03e+03,8.03e+03)",0
Populus balsamifera-type,48685,18,"[8.03e+03,9.03e+03)",0
Populus balsamifera-type,48685,19,"[9.03e+03,1e+04)",3
Populus tremuloides-type,48685,2,"[1.1e+04,1.2e+04)",43
Populus tremuloides-type,48685,3,"[1.2e+04,1.3e+04)",12
Populus tremuloides-type,48685,4,"[1.3e+04,1.4e+04)",6
Populus tremuloides-type,48685,5,"[1.4e+04,1.5e+04)",6
Populus tremuloides-type,48685,6,"[1.5e+04,1.6e+04)",3
Populus tremuloides-type,48685,7,"[1.6e+04,1.7e+04)",0
Populus tremuloides-type,48685,8,"[1.7e+04,1.8e+04)",0
Populus tremuloides-type,48685,9,"[1.8e+04,1.9e+04)",4
Populus tremuloides-type,48685,10,"[1.9e+04,2e+04)",5
Populus tremuloides-type,48685,11,"[1e+04,1.1e+04)",11
Populus tremuloides-type,48685,17,"[7.03e+03,8.03e+03)",1
Populus tremuloides-type,48685,18,"[8.03e+03,9.03e+03)",1
Populus tremuloides-type,48685,19,"[9.03e+03,1e+04)",6
Prunus,48685,2,"[1.1e+04,1.2e+04)",0
Prunus,48685,3,"[1.2e+04,1.3e+04)",0
Prunus,48685,4,"[1.3e+04,1.4e+04)",0
Prunus,48685,5,"[1.4e+04,1.5e+04)",0
Prunus,48685,6,"[1.5e+04,1.6e+04)",0
Prunus,48685,7,"[1.6e+04,1.7e+04)",0
Prunus,48685,8,"[1.7e+04,1.8e+04)",0
Prunus,48685,9,"[1.8e+04,1.9e+04)",0
Prunus,48685,10,"[1.9e+04,2e+04)",0
Prunus,48685,11,"[1e+04,1.1e+04)",2
Prunus,48685,17,"[7.03e+03,8.03e+03)",0
Prunus,48685,18,"[8.03e+03,9.03e+03)",1
Prunus,48685,19,"[9.03e+03,1e+04)",0
Quercus,48685,2,"[1.1e+04,1.2e+04)",334
Quercus,48685,3,"[1.2e+04,1.3e+04)",161
Quercus,48685,4,"[1.3e+04,1.4e+04)",143
Quercus,48685,5,"[1.4e+04,1.5e+04)",85
Quercus,48685,6,"[1.5e+04,1.6e+04)",31
Quercus,48685,7,"[1.6e+04,1.7e+04)",18
Quercus,48685,8,"[1.7e+04,1.8e+04)",10
Quercus,48685,9,"[1.8e+04,1.9e+04)",2
Quercus,48685,10,"[1.9e+04,2e+04)",4
Quercus,48685,11,"[1e+04,1.1e+04)",921.5
Quercus,48685,17,"[7.03e+03,8.03e+03)",801.5
Quercus,48685,18,"[8.03e+03,9.03e+03)",832.5
Quercus,48685,19,"[9.03e+03,1e+04)",1434
Rhus,48685,2,"[1.1e+04,1.2e+04)",1
Rhus,48685,3,"[1.2e+04,1.3e+04)",0
Rhus,48685,4,"[1.3e+04,1.4e+04)",0
Rhus,48685,5,"[1.4e+04,1.5e+04)",0
Rhus,48685,6,"[1.5e+04,1.6e+04)",0
Rhus,48685,7,"[1.6e+04,1.7e+04)",0
Rhus,48685,8,"[1.7e+04,1.8e+04)",0
Rhus,48685,9,"[1.8e+04,1.9e+04)",0
Rhus,48685,10,"[1.9e+04,2e+04)",0
Rhus,48685,11,"[1e+04,1.1e+04)",1
Rhus,48685,17,"[7.03e+03,8.03e+03)",0
Rhus,48685,18,"[8.03e+03,9.03e+03)",1
Rhus,48685,19,"[9.03e+03,1e+04)",0
Salix,48685,2,"[1.1e+04,1.2e+04)",16
Salix,48685,3,"[1.2e+04,1.3e+04)",28
Salix,48685,4,"[1.3e+04,1.4e+04)",12
Salix,48685,5,"[1.4e+04,1.5e+04)",25
Salix,48685,6,"[1.5e+04,1.6e+04)",10
Salix,48685,7,"[1.6e+04,1.7e+04)",4
Salix,48685,8,"[1.7e+04,1.8e+04)",4
Salix,48685,9,"[1.8e+04,1.9e+04)",2
Salix,48685,10,"[1.9e+04,2e+04)",6
Salix,48685,11,"[1e+04,1.1e+04)",10
Salix,48685,17,"[7.03e+03,8.03e+03)",11
Salix,48685,18,"[8.03e+03,9.03e+03)",26
Salix,48685,19,"[9.03e+03,1e+04)",15
Sambucus,48685,2,"[1.1e+04,1.2e+04)",0
Sambucus,48685,3,"[1.2e+04,1.3e+04)",0
Sambucus,48685,4,"[1.3e+04,1.4e+04)",0
Sambucus,48685,5,"[1.4e+04,1.5e+04)",0
Sambucus,48685,6,"[1.5e+04,1.6e+04)",1
Sambucus,48685,7,"[1.6e+04,1.7e+04)",0
Sambucus,48685,8,"[1.7e+04,1.8e+04)",0
Sambucus,48685,9,"[1.8e+04,1.9e+04)",0
Sambucus,48685,10,"[1.9e+04,2e+04)",0
Sambucus,48685,11,"[1e+04,1.1e+04)",0
Sambucus,48685,17,"[7.03e+03,8.03e+03)",0
Sambucus,48685,18,"[8.03e+03,9.03e+03)",0
Sambucus,48685,19,"[9.03e+03,1e+04)",0
Sarcobatus,48685,2,"[1.1e+04,1.2e+04)",0
Sarcobatus,48685,3,"[1.2e+04,1.3e+04)",1
Sarcobatus,48685,4,"[1.3e+04,1.4e+04)",0
Sarcobatus,48685,5,"[1.4e+04,1.5e+04)",0
Sarcobatus,48685,6,"[1.5e+04,1.6e+04)",0
Sarcobatus,48685,7,"[1.6e+04,1.7e+04)",0
Sarcobatus,48685,8,"[1.7e+04,1.8e+04)",0
Sarcobatus,48685,9,"[1.8e+04,1.9e+04)",0
Sarcobatus,48685,10,"[1.9e+04,2e+04)",0
Sarcobatus,48685,11,"[1e+04,1.1e+04)",0
Sarcobatus,48685,17,"[7.03e+03,8.03e+03)",1
Sarcobatus,48685,18,"[8.03e+03,9.03e+03)",0
Sarcobatus,48685,19,"[9.03e+03,1e+04)",2
Shepherdia argentea,48685,2,"[1.1e+04,1.2e+04)",0
Shepherdia argentea,48685,3,"[1.2e+04,1.3e+04)",0
Shepherdia argentea,48685,4,"[1.3e+04,1.4e+04)",0
Shepherdia argentea,48685,5,"[1.4e+04,1.5e+04)",1
Shepherdia argentea,48685,6,"[1.5e+04,1.6e+04)",0
Shepherdia argentea,48685,7,"[1.6e+04,1.7e+04)",0
Shepherdia argentea,48685,8,"[1.7e+04,1.8e+04)",0
Shepherdia argentea,48685,9,"[1.8e+04,1.9e+04)",0
Shepherdia argentea,48685,10,"[1.9e+04,2e+04)",0
Shepherdia argentea,48685,11,"[1e+04,1.1e+04)",1
Shepherdia argentea,48685,17,"[7.03e+03,8.03e+03)",0
Shepherdia argentea,48685,18,"[8.03e+03,9.03e+03)",0
Shepherdia argentea,48685,19,"[9.03e+03,1e+04)",0
Shepherdia canadensis,48685,2,"[1.1e+04,1.2e+04)",0
Shepherdia canadensis,48685,3,"[1.2e+04,1.3e+04)",0
Shepherdia canadensis,48685,4,"[1.3e+04,1.4e+04)",1
Shepherdia canadensis,48685,5,"[1.4e+04,1.5e+04)",0
Shepherdia canadensis,48685,6,"[1.5e+04,1.6e+04)",0
Shepherdia canadensis,48685,7,"[1.6e+04,1.7e+04)",0
Shepherdia canadensis,48685,8,"[1.7e+04,1.8e+04)",1
Shepherdia canadensis,48685,9,"[1.8e+04,1.9e+04)",1
Shepherdia canadensis,48685,10,"[1.9e+04,2e+04)",1
Shepherdia canadensis,48685,11,"[1e+04,1.1e+04)",0
Shepherdia canadensis,48685,17,"[7.03e+03,8.03e+03)",0
Shepherdia canadensis,48685,18,"[8.03e+03,9.03e+03)",0
Shepherdia canadensis,48685,19,"[9.03e+03,1e+04)",0
Taxodium,48685,2,"[1.1e+04,1.2e+04)",0
Taxodium,48685,3,"[1.2e+04,1.3e+04)",0
Taxodium,48685,4,"[1.3e+04,1.4e+04)",0
Taxodium,48685,5,"[1.4e+04,1.5e+04)",0
Taxodium,48685,6,"[1.5e+04,1.6e+04)",0
Taxodium,48685,7,"[1.6e+04,1.7e+04)",0
Taxodium,48685,8,"[1.7e+04,1.8e+04)",0
Taxodium,48685,9,"[1.8e+04,1.9e+04)",0
Taxodium,48685,10,"[1.9e+04,2e+04)",0
Taxodium,48685,11,"[1e+04,1.1e+04)",0
Taxodium,48685,17,"[7.03e+03,8.03e+03)",0
Taxodium,48685,18,"[8.03e+03,9.03e+03)",0
Taxodium,48685,19,"[9.03e+03,1e+04)",0
Taxus,48685,2,"[1.1e+04,1.2e+04)",0
Taxus,48685,3,"[1.2e+04,1.3e+04)",0
Taxus,48685,4,"[1.3e+04,1.4e+04)",0
Taxus,48685,5,"[1.4e+04,1.5e+04)",1
Taxus,48685,6,"[1.5e+04,1.6e+04)",0
Taxus,48685,7,"[1.6e+04,1.7e+04)",0
Taxus,48685,8,"[1.7e+04,1.8e+04)",0
Taxus,48685,9,"[1.8e+04,1.9e+04)",0
Taxus,48685,10,"[1.9e+04,2e+04)",0
Taxus,48685,11,"[1e+04,1.1e+04)",0
Taxus,48685,17,"[7.03e+03,8.03e+03)",0
Taxus,48685,18,"[8.03e+03,9.03e+03)",0
Taxus,48685,19,"[9.03e+03,1e+04)",0
Tilia,48685,2,"[1.1e+04,1.2e+04)",5
Tilia,48685,3,"[1.2e+04,1.3e+04)",2
Tilia,48685,4,"[1.3e+04,1.4e+04)",0
Tilia,48685,5,"[1.4e+04,1.5e+04)",0
Tilia,48685,6,"[1.5e+04,1.6e+04)",0
Tilia,48685,7,"[1.6e+04,1.7e+04)",0
Tilia,48685,8,"[1.7e+04,1.8e+04)",1
Tilia,48685,9,"[1.8e+04,1.9e+04)",0
Tilia,48685,10,"[1.9e+04,2e+04)",0
Tilia,48685,11,"[1e+04,1.1e+04)",31.5
Tilia,48685,17,"[7.03e+03,8.03e+03)",22
Tilia,48685,18,"[8.03e+03,9.03e+03)",15
Tilia,48685,19,"[9.03e+03,1e+04)",28
Tsuga,48685,2,"[1.1e+04,1.2e+04)",1
Tsuga,48685,3,"[1.2e+04,1.3e+04)",0
Tsuga,48685,4,"[1.3e+04,1.4e+04)",0
Tsuga,48685,5,"[1.4e+04,1.5e+04)",0
Tsuga,48685,6,"[1.5e+04,1.6e+04)",0
Tsuga,48685,7,"[1.6e+04,1.7e+04)",0
Tsuga,48685,8,"[1.7e+04,1.8e+04)",0
Tsuga,48685,9,"[1.8e+04,1.9e+04)",0
Tsuga,48685,10,"[1.9e+04,2e+04)",0
Tsuga,48685,11,"[1e+04,1.1e+04)",0
Tsuga,48685,17,"[7.03e+03,8.03e+03)",1
Tsuga,48685,18,"[8.03e+03,9.03e+03)",1
Tsuga,48685,19,"[9.03e+03,1e+04)",0
Ulmus,48685,2,"[1.1e+04,1.2e+04)",385
Ulmus,48685,3,"[1.2e+04,1.3e+04)",68
Ulmus,48685,4,"[1.3e+04,1.4e+04)",34
Ulmus,48685,5,"[1.4e+04,1.5e+04)",11
Ulmus,48685,6,"[1.5e+04,1.6e+04)",2
Ulmus,48685,7,"[1.6e+04,1.7e+04)",5
Ulmus,48685,8,"[1.7e+04,1.8e+04)",3
Ulmus,48685,9,"[1.8e+04,1.9e+04)",1
Ulmus,48685,10,"[1.9e+04,2e+04)",3
Ulmus,48685,11,"[1e+04,1.1e+04)",667
Ulmus,48685,17,"[7.03e+03,8.03e+03)",205
Ulmus,48685,18,"[8.03e+03,9.03e+03)",243
Ulmus,48685,19,"[9.03e+03,1e+04)",537.5
Viburnum lentago,48685,2,"[1.1e+04,1.2e+04)",0
Viburnum lentago,48685,3,"[1.2e+04,1.3e+04)",0
Viburnum lentago,48685,4,"[1.3e+04,1.4e+04)",0
Viburnum lentago,48685,5,"[1.4e+04,1.5e+04)",0
Viburnum lentago,48685,6,"[1.5e+04,1.6e+04)",0
Viburnum lentago,48685,7,"[1.6e+04,1.7e+04)",0
Viburnum lentago,48685,8,"[1.7e+04,1.8e+04)",0
Viburnum lentago,48685,9,"[1.8e+04,1.9e+04)",0
Viburnum lentago,48685,10,"[1.9e+04,2e+04)",0
Viburnum lentago,48685,11,"[1e+04,1.1e+04)",0
Viburnum lentago,48685,17,"[7.03e+03,8.03e+03)",0
Viburnum lentago,48685,18,"[8.03e+03,9.03e+03)",0
Viburnum lentago,48685,19,"[9.03e+03,1e+04)",0
