taxon_name,level_1,level_2,level_3,level_4,level_5,level_6,level_7
Corylus,Plantae,Tracheophyta,Magnoliopsida,Fagales,Betulaceae,Corylus,NA
Rubiaceae undiff.,Plantae,Tracheophyta,Magnoliopsida,Gentianales,Rubiaceae,Rubiaceae,NA
Apiaceae undiff.,Plantae,Tracheophyta,Magnoliopsida,Apiales,Apiaceae,Apiaceae,NA
Fabaceae undiff.,Plantae,Tracheophyta,Magnoliopsida,Fabales,Fabaceae,Fabaceae,NA
Liliaceae undiff.,Plantae,Tracheophyta,Liliopsida,Liliales,Liliaceae,Liliaceae,NA
Onagraceae,Plantae,Tracheophyta,Magnoliopsida,Myrtales,Onagraceae,Onagraceae,NA
Asteraceae undiff.,Plantae,Tracheophyta,Magnoliopsida,Asterales,Asteraceae,Asteraceae,NA
Ephedra undiff.,Plantae,Tracheophyta,Gnetopsida,Ephedrales,Ephedraceae,Ephedra,NA
Betula sect. Apterocaryon,Plantae,Tracheophyta,Magnoliopsida,Fagales,Betulaceae,Betula,NA
Betula sect. Betula,Plantae,Tracheophyta,Magnoliopsida,Fagales,Betulaceae,Betula,NA
Pinus sylvestris,Plantae,Tracheophyta,Pinopsida,Pinales,Pinaceae,Pinus,Pinus sylvestris
Calluna vulgaris,Plantae,Tracheophyta,Magnoliopsida,Ericales,Ericaceae,Calluna,Calluna vulgaris
Cannabaceae-type,Plantae,Tracheophyta,Magnoliopsida,Rosales,Cannabaceae,Cannabaceae,NA
Centaurea cyanus,Plantae,Tracheophyta,Magnoliopsida,Asterales,Asteraceae,Centaurea,Centaurea cyanus
Dipsacoideae,Plantae,Tracheophyta,Magnoliopsida,Dipsacales,Caprifoliaceae,Caprifoliaceae,NA
Frangula alnus,Plantae,Tracheophyta,Magnoliopsida,Rosales,Rhamnaceae,Frangula,Frangula alnus
Hedera,Plantae,Tracheophyta,Magnoliopsida,Apiales,Araliaceae,Hedera,NA
Viscum,Plantae,Tracheophyta,Magnoliopsida,Santalales,Viscaceae,Viscum,NA
Calluna,Plantae,Tracheophyta,Magnoliopsida,Ericales,Ericaceae,Calluna,NA
Crataegus,Plantae,Tracheophyta,Magnoliopsida,Rosales,Rosaceae,Crataegus,NA
Erica-type,Plantae,Tracheophyta,Magnoliopsida,Ericales,Ericaceae,Erica,NA
Narthecium,Plantae,Tracheophyta,Liliopsida,Dioscoreales,Nartheciaceae,Narthecium,NA
Pulmonaria obscura-type,Plantae,Tracheophyta,Magnoliopsida,Boraginales,Boraginaceae,Pulmonaria,NA
Rhinanthus,Plantae,Tracheophyta,Magnoliopsida,Lamiales,Orobanchaceae,Rhinanthus,NA
Rumex acetosa,Plantae,Tracheophyta,Magnoliopsida,Caryophyllales,Polygonaceae,Rumex,Rumex acetosa
Rumex obtusifolius,Plantae,Tracheophyta,Magnoliopsida,Caryophyllales,Polygonaceae,Rumex,Rumex obtusifolius
Scabiosa,Plantae,Tracheophyta,Magnoliopsida,Dipsacales,Caprifoliaceae,Scabiosa,NA
Serratula-type,Plantae,Tracheophyta,Magnoliopsida,Asterales,Asteraceae,Serratula,NA
Sinapis-type,Plantae,Tracheophyta,Magnoliopsida,Brassicales,Brassicaceae,Sinapsis,NA
Succisa,Plantae,Tracheophyta,Magnoliopsida,Dipsacales,Caprifoliaceae,Succisa,NA
Ulex,Plantae,Tracheophyta,Magnoliopsida,Fabales,Fabaceae,Ulex,NA
Faboideae,Plantae,Tracheophyta,Magnoliopsida,Fabales,Fabaceae,Faboidea,NA
Plantago maritima,Plantae,Tracheophyta,Magnoliopsida,Lamiales,Plantaginaceae,Plantago,Plantago maritima
Betula nana-type,Plantae,Tracheophyta,Magnoliopsida,Fagales,Betulaceae,Betula,NA
Rumex subg. Acetosa,Plantae,Tracheophyta,Magnoliopsida,Caryophyllales,Polygonaceae,Rumex,NA
Abies alba,Plantae,Tracheophyta,Pinopsida,Pinales,Pinaceae,Abies,Abies alba
Barbarea-type,Plantae,Tracheophyta,Magnoliopsida,Brassicales,Brassicaceae,Barbarea,NA
Cardamine pratensis-type,Plantae,Tracheophyta,Magnoliopsida,Brassicales,Brassicaceae,Cardamine,NA
Carpinus betulus,Plantae,Tracheophyta,Magnoliopsida,Fagales,Betulaceae,Carpinus,Carpinus betulus
Centaurea scabiosa,Plantae,Tracheophyta,Magnoliopsida,Asterales,Asteraceae,Centaurea,Centaurea scabiosa
Chrysosplenium,Plantae,Tracheophyta,Magnoliopsida,Saxifragales,Saxifragaceae,Chrysosplenium,NA
Corylus avellana,Plantae,Tracheophyta,Magnoliopsida,Fagales,Betulaceae,Corylus,Corylus avellana
Echium,Plantae,Tracheophyta,Magnoliopsida,Boraginales,Boraginaceae,Echium,NA
Ephedra foeminea-type,Plantae,Tracheophyta,Gnetopsida,Ephedrales,Ephedraceae,Ephedra,NA
Fagus sylvatica,Plantae,Tracheophyta,Magnoliopsida,Fagales,Fagaceae,Fagus,Fagus sylvatica
Lamium-type,Plantae,Tracheophyta,Magnoliopsida,Lamiales,Lamiaceae,Lamium,NA
Larix decidua,Plantae,Tracheophyta,Pinopsida,Pinales,Pinaceae,Larix,Larix decidua
Lysimachia vulgaris-type,Plantae,Tracheophyta,Magnoliopsida,Ericales,Primulaceae,Lysimachia,NA
Petasites-type,Plantae,Tracheophyta,Magnoliopsida,Asterales,Asteraceae,Petasites,NA
Picea abies,Plantae,Tracheophyta,Pinopsida,Pinales,Pinaceae,Picea,Picea abies
Pleurospermum,Plantae,Tracheophyta,Magnoliopsida,Apiales,Apiaceae,Pleurospermum,NA
Ranunculus arvensis-type,Plantae,Tracheophyta,Magnoliopsida,Ranunculales,Ranunculaceae,Ranunculus,NA
Sanguisorba officinalis,Plantae,Tracheophyta,Magnoliopsida,Rosales,Rosaceae,Sanguisorba,Sanguisorba officinalis
Senecio-type,Plantae,Tracheophyta,Magnoliopsida,Asterales,Asteraceae,Senecio,NA
Silene-type,Plantae,Tracheophyta,Magnoliopsida,Caryophyllales,Caryophyllaceae,Silene,NA
Silene-type undiff.,Plantae,Tracheophyta,Magnoliopsida,Caryophyllales,Caryophyllaceae,Silene,NA
Trifolium pratense-type,Plantae,Tracheophyta,Magnoliopsida,Fabales,Fabaceae,Trifolium,NA
cf. Valeriana,Plantae,Tracheophyta,Magnoliopsida,Dipsacales,Caprifoliaceae,Valeriana,NA
Dryas octopetala,Plantae,Tracheophyta,Magnoliopsida,Rosales,Rosaceae,Dryas,Dryas octopetala
Hippophaë,Plantae,Tracheophyta,Magnoliopsida,Rosales,Elaeagnaceae,Hippophae,NA
Hordeum-type,Plantae,Tracheophyta,Liliopsida,Poales,Poaceae,Hordeum,NA
Lathyrus-type,Plantae,Tracheophyta,Magnoliopsida,Fabales,Fabaceae,Lathyrus,NA
Lonicera-type,Plantae,Tracheophyta,Magnoliopsida,Dipsacales,Caprifoliaceae,Lonicera,NA
Mercurialis,Plantae,Tracheophyta,Magnoliopsida,Malpighiales,Euphorbiaceae,Mercurialis,NA
Oxalis-type,Plantae,Tracheophyta,Magnoliopsida,Oxalidales,Oxalidaceae,Oxalis,NA
Oxyria-type,Plantae,Tracheophyta,Magnoliopsida,Caryophyllales,Polygonaceae,Oxyria,NA
Acer platanoides,Plantae,Tracheophyta,Magnoliopsida,Sapindales,Sapindaceae,Acer,Acer platanoides
Alnus glutinosa,Plantae,Tracheophyta,Magnoliopsida,Fagales,Betulaceae,Alnus,Alnus glutinosa
Echinops,Plantae,Tracheophyta,Magnoliopsida,Asterales,Asteraceae,Echinops,NA
Fagopyrum esculentum,Plantae,Tracheophyta,Magnoliopsida,Caryophyllales,Polygonaceae,Fagopyrum,Fagopyrum esculentum
Fagopyrum tataricum,Plantae,Tracheophyta,Magnoliopsida,Caryophyllales,Polygonaceae,Fagopyrum,Fagopyrum tataricum
Fagopyrum undiff.,Plantae,Tracheophyta,Magnoliopsida,Caryophyllales,Polygonaceae,Fagopyrum,NA
Hippophaë rhamnoides,Plantae,Tracheophyta,Magnoliopsida,Rosales,Elaeagnaceae,Hippophae,Hippophae rhamnoides
Knautia arvensis,Plantae,Tracheophyta,Magnoliopsida,Dipsacales,Caprifoliaceae,Knautia,Knautia arvensis
Plumbaginaceae,Plantae,Tracheophyta,Magnoliopsida,Caryophyllales,Plumbaginaceae,Plumbaginaceae,NA
Spergula/Spergularia,Plantae,Tracheophyta,Magnoliopsida,Caryophyllales,Caryophyllaceae,Spergula,NA
Thalictrum aquilegiifolium,Plantae,Tracheophyta,Magnoliopsida,Ranunculales,Ranunculaceae,Thalictrum,Thalictrum aquilegiifolium
Thalictrum lucidum,Plantae,Tracheophyta,Magnoliopsida,Ranunculales,Ranunculaceae,Thalictrum,Thalictrum lucidum
Thalictrum undiff.,Plantae,Tracheophyta,Magnoliopsida,Ranunculales,Ranunculaceae,Thalictrum,NA
Ulmus glabra,Plantae,Tracheophyta,Magnoliopsida,Rosales,Ulmaceae,Ulmus,Ulmus glabra
Ulmus laevis,Plantae,Tracheophyta,Magnoliopsida,Rosales,Ulmaceae,Ulmus,Ulmus laevis
Ulmus minor,Plantae,Tracheophyta,Magnoliopsida,Rosales,Ulmaceae,Ulmus,Ulmus minor
Vitis vinifera,Plantae,Tracheophyta,Magnoliopsida,Vitales,Vitaceae,Vitis,Vitis vinifera
Arctium,Plantae,Tracheophyta,Magnoliopsida,Asterales,Asteraceae,Arctium,NA
Hypericaceae,Plantae,Tracheophyta,Magnoliopsida,Malpighiales,Hypericaceae,Hypericaceae,NA
Matricaria,Plantae,Tracheophyta,Magnoliopsida,Asterales,Asteraceae,Matricaria,NA
Tilia platyphyllos,Plantae,Tracheophyta,Magnoliopsida,Malvales,Malvaceae,Tilia,Tilia platyphyllos
Tilia cordata,Plantae,Tracheophyta,Magnoliopsida,Malvales,Malvaceae,Tilia,Tilia cordata
cf. Celtis,Plantae,Tracheophyta,Magnoliopsida,Rosales,Cannabaceae,Celtis,NA
cf. Euphorbiaceae,Plantae,Tracheophyta,Magnoliopsida,Malpighiales,Euphorbiaceae,Euphorbiaceae,NA
cf. Silene,Plantae,Tracheophyta,Magnoliopsida,Caryophyllales,Caryophyllaceae,Silene,NA
Anagallis-type,Plantae,Tracheophyta,Magnoliopsida,Ericales,Primulaceae,Lysimachia,NA
Arbutus unedo,Plantae,Tracheophyta,Magnoliopsida,Ericales,Ericaceae,Arbutus,Arbutus unedo
Armeria maritima (type A),Plantae,Tracheophyta,Magnoliopsida,Caryophyllales,Plumbaginaceae,Armeria,Armeria maritima
Conopodium-type,Plantae,Tracheophyta,Magnoliopsida,Apiales,Apiaceae,Conopodium,NA
Erica tetralix,Plantae,Tracheophyta,Magnoliopsida,Ericales,Ericaceae,Erica,Erica tetralix
Fraxinus excelsior,Plantae,Tracheophyta,Magnoliopsida,Lamiales,Oleaceae,Fraxinus,Fraxinus excelsior
Hedera helix,Plantae,Tracheophyta,Magnoliopsida,Apiales,Araliaceae,Hedera,Hedera helix
Ilex aquifolium,Plantae,Tracheophyta,Magnoliopsida,Aquifoliales,Aquifoliaceae,Ilex,Ilex aquifolium
Juglans regia,Plantae,Tracheophyta,Magnoliopsida,Fagales,Juglandaceae,Juglans,Juglans regia
Lonicera periclymenum,Plantae,Tracheophyta,Magnoliopsida,Dipsacales,Caprifoliaceae,Lonicera,Lonicera periclymenum
Narthecium ossifragum,Plantae,Tracheophyta,Liliopsida,Dioscoreales,Nartheciaceae,Narthecium,Narthecium ossifragum
Plantago coronopus,Plantae,Tracheophyta,Magnoliopsida,Lamiales,Plantaginaceae,Plantago,Plantago coronopus
Potentilla undiff.,Plantae,Tracheophyta,Magnoliopsida,Rosales,Rosaceae,Potentilla,NA
Rhinanthus-type,Plantae,Tracheophyta,Magnoliopsida,Lamiales,Orobanchaceae,Rhinanthus,NA
Scrophularia-type,Plantae,Tracheophyta,Magnoliopsida,Lamiales,Scrophulariaceae,Scrophularia,NA
Taxus baccata,Plantae,Tracheophyta,Pinopsida,Pinales,Taxaceae,Taxus,Taxus baccata
Teucrium,Plantae,Tracheophyta,Magnoliopsida,Lamiales,Lamiaceae,Teucrium,NA
Urtica dioica,Plantae,Tracheophyta,Magnoliopsida,Rosales,Urticaceae,Urtica,Urtica dioica
Vicia,Plantae,Tracheophyta,Magnoliopsida,Fabales,Fabaceae,Vicia,NA
Nitraria,Plantae,Tracheophyta,Magnoliopsida,Sapindales,Nitrariaceae,Nitraria,NA
Tamaricaceae,Plantae,Tracheophyta,Magnoliopsida,Caryophyllales,Tamaricaceae,Tamaricaceae,NA
Cercis,Plantae,Tracheophyta,Magnoliopsida,Fabales,Fabaceae,Cercis,NA
Nyctaginaceae,Plantae,Tracheophyta,Magnoliopsida,Caryophyllales,Nyctaginaceae,Nyctaginaceae,NA
Alnus hirsuta,Plantae,Tracheophyta,Magnoliopsida,Fagales,Betulaceae,Alnus,Alnus hirsuta
Alnus viridis subsp. fruticosa,Plantae,Tracheophyta,Magnoliopsida,Fagales,Betulaceae,Alnus,Alnus alnobetula
Betula nana subsp. exilis,Plantae,Tracheophyta,Magnoliopsida,Fagales,Betulaceae,Betula,Betula glandulosa
Betula pendula subsp. mandshurica,Plantae,Tracheophyta,Magnoliopsida,Fagales,Betulaceae,Betula,Betula pendula
Chrozophora tinctoria,Plantae,Tracheophyta,Magnoliopsida,Malpighiales,Euphorbiaceae,Chrozophora,Chrozophora tinctoria
Larix gmelinii,Plantae,Tracheophyta,Pinopsida,Pinales,Pinaceae,Larix,Larix gmelinii
Phlox sibirica,Plantae,Tracheophyta,Magnoliopsida,Ericales,Polemoniaceae,Phlox,Phlox sibirica
Picea obovata,Plantae,Tracheophyta,Pinopsida,Pinales,Pinaceae,Picea,Picea obovata
Ranunculus lingua,Plantae,Tracheophyta,Magnoliopsida,Ranunculales,Ranunculaceae,Ranunculus,Ranunculus lingua
Buxus,Plantae,Tracheophyta,Magnoliopsida,Buxales,Buxaceae,Buxus,NA
Celtis/Aphananthe,Plantae,Tracheophyta,Magnoliopsida,Rosales,Cannabaceae,Celtis,NA
Cryptomeria,Plantae,Tracheophyta,Pinopsida,Pinales,Cupressaceae,Cryptomeria,NA
Haloragis,Plantae,Tracheophyta,Magnoliopsida,Saxifragales,Haloragaceae,Haloragis,NA
Juglans/Pterocarya,Plantae,Tracheophyta,Magnoliopsida,Fagales,Juglandaceae,Juglans,NA
Ligustrum,Plantae,Tracheophyta,Magnoliopsida,Lamiales,Oleaceae,Ligustrum,NA
Quercus sect. Cyclobalanopsis,Plantae,Tracheophyta,Magnoliopsida,Fagales,Fagaceae,Quercus,NA
Quercus subg. Quercus,Plantae,Tracheophyta,Magnoliopsida,Fagales,Fagaceae,Quercus,NA
Sciadopitys,Plantae,Tracheophyta,Pinopsida,Pinales,Sciadopityaceae,Sciadopitys,NA
Ulmus/Zelkova,Plantae,Tracheophyta,Magnoliopsida,Rosales,Ulmaceae,Ulmus/Zelkova,NA
Carpinus tschonoskii,Plantae,Tracheophyta,Magnoliopsida,Fagales,Betulaceae,Carpinus,Carpinus tschonoskii
Castanea/Castanopsis,Plantae,Tracheophyta,Magnoliopsida,Fagales,Fagaceae,Castanea,NA
Fagus crenata,Plantae,Tracheophyta,Magnoliopsida,Fagales,Fagaceae,Fagus,Fagus crenata
Fagus japonica,Plantae,Tracheophyta,Magnoliopsida,Fagales,Fagaceae,Fagus,Fagus japonica
Mallotus,Plantae,Tracheophyta,Magnoliopsida,Malpighiales,Euphorbiaceae,Mallotus,NA
Phellodendron,Plantae,Tracheophyta,Magnoliopsida,Sapindales,Rutaceae,Phellodendron,NA
Weigela,Plantae,Tracheophyta,Magnoliopsida,Dipsacales,Caprifoliaceae,Weigela,NA
Carduoideae,Plantae,Tracheophyta,Magnoliopsida,Asterales,Asteraceae,Asteraceae,NA
Clematis-type,Plantae,Tracheophyta,Magnoliopsida,Ranunculales,Ranunculaceae,Clematis,NA
Reynoutria,Plantae,Tracheophyta,Magnoliopsida,Caryophyllales,Polygonaceae,Reynoutria,NA
Skimmia,Plantae,Tracheophyta,Magnoliopsida,Sapindales,Rutaceae,Skimmia,NA
Betula/Corylus/Myrica,Plantae,Tracheophyta,Magnoliopsida,Fagales,Fagales,Fagales,NA
Polygonum oxyspermum subsp. raii,Plantae,Tracheophyta,Magnoliopsida,Caryophyllales,Polygonaceae,Polygonum,Polygonum raii
Ranunculus acris,Plantae,Tracheophyta,Magnoliopsida,Ranunculales,Ranunculaceae,Ranunculus,Ranunculus acris
Valerianella,Plantae,Tracheophyta,Magnoliopsida,Dipsacales,Caprifoliaceae,Valerianella,NA
cf. Castanopsis,Plantae,Tracheophyta,Magnoliopsida,Fagales,Fagaceae,Castanopsis,NA
Malvaceae undiff.,Plantae,Tracheophyta,Magnoliopsida,Malvales,Malvaceae,Malvaceae,NA
Primulaceae undiff.,Plantae,Tracheophyta,Magnoliopsida,Ericales,Primulaceae,Primulaceae,NA
Anchusa,Plantae,Tracheophyta,Magnoliopsida,Boraginales,Boraginaceae,Anchusa,NA
Daphne,Plantae,Tracheophyta,Magnoliopsida,Malvales,Thymelaeaceae,Daphne,NA
Frangula,Plantae,Tracheophyta,Magnoliopsida,Rosales,Rhamnaceae,Frangula,NA
Fumana-type,Plantae,Tracheophyta,Magnoliopsida,Malvales,Cistaceae,Fumana,NA
Linum catharticum,Plantae,Tracheophyta,Magnoliopsida,Malpighiales,Linaceae,Linum,Linum catharticum
Listera-type,Plantae,Tracheophyta,Liliopsida,Asparagales,Orchidaceae,Listera,NA
Olea,Plantae,Tracheophyta,Magnoliopsida,Lamiales,Oleaceae,Olea,NA
Phillyrea,Plantae,Tracheophyta,Magnoliopsida,Lamiales,Oleaceae,Phillyrea,NA
Quercus ilex,Plantae,Tracheophyta,Magnoliopsida,Fagales,Fagaceae,Quercus,Quercus ilex
Sedum-type,Plantae,Tracheophyta,Magnoliopsida,Saxifragales,Crassulaceae,Sedum,NA
Ulex-type,Plantae,Tracheophyta,Magnoliopsida,Fabales,Fabaceae,Ulex,NA
Adonis aestivalis,Plantae,Tracheophyta,Magnoliopsida,Ranunculales,Ranunculaceae,Adonis,Adonis aestivalis
Anagallis,Plantae,Tracheophyta,Magnoliopsida,Ericales,Primulaceae,Lysimachia,NA
Anarrhinum,Plantae,Tracheophyta,Magnoliopsida,Lamiales,Plantaginaceae,Anarrhinum,NA
Asphodelus-type,Plantae,Tracheophyta,Liliopsida,Asparagales,Asphodelaceae,Asphodelus,NA
Centranthus,Plantae,Tracheophyta,Magnoliopsida,Dipsacales,Caprifoliaceae,Centranthus,NA
Erica arborea,Plantae,Tracheophyta,Magnoliopsida,Ericales,Ericaceae,Erica,Erica arborea
Erica australis,Plantae,Tracheophyta,Magnoliopsida,Ericales,Ericaceae,Erica,Erica australis
Erica umbellata,Plantae,Tracheophyta,Magnoliopsida,Ericales,Ericaceae,Erica,Erica umbellata
Fumana,Plantae,Tracheophyta,Magnoliopsida,Malvales,Cistaceae,Fumana,NA
Herniaria,Plantae,Tracheophyta,Magnoliopsida,Caryophyllales,Caryophyllaceae,Herniaria,NA
Hornungia-type,Plantae,Tracheophyta,Magnoliopsida,Brassicales,Brassicaceae,Hornungia,NA
Onobrychis,Plantae,Tracheophyta,Magnoliopsida,Fabales,Fabaceae,Onobrychis,NA
Serratula,Plantae,Tracheophyta,Magnoliopsida,Asterales,Asteraceae,Serratula,NA
Sinapis,Plantae,Tracheophyta,Magnoliopsida,Brassicales,Brassicaceae,Sinapis,NA
Spermatophyta undiff. (deciduous trees),Plantae,undiff,undiff,undiff,undiff,undiff,NA
Trollius,Plantae,Tracheophyta,Magnoliopsida,Ranunculales,Ranunculaceae,Trollius,NA
Lathyrus,Plantae,Tracheophyta,Magnoliopsida,Fabales,Fabaceae,Lathyrus,NA
Sambucus nigra,Plantae,Tracheophyta,Magnoliopsida,Dipsacales,Viburnaceae,Sambucus,Sambucus nigra
Avena,Plantae,Tracheophyta,Liliopsida,Poales,Poaceae,Avena,NA
Eryngium,Plantae,Tracheophyta,Magnoliopsida,Apiales,Apiaceae,Eryngium,NA
Helleborus,Plantae,Tracheophyta,Magnoliopsida,Ranunculales,Ranunculaceae,Helleborus,NA
Heracleum sphondylium,Plantae,Tracheophyta,Magnoliopsida,Apiales,Apiaceae,Heracleum,Heracleum sphondylium
Hordeum,Plantae,Tracheophyta,Liliopsida,Poales,Poaceae,Hordeum,NA
Prunus spinosa,Plantae,Tracheophyta,Magnoliopsida,Rosales,Rosaceae,Prunus,Prunus spinosa
Cardamine,Plantae,Tracheophyta,Magnoliopsida,Brassicales,Brassicaceae,Cardamine,NA
Corydalis,Plantae,Tracheophyta,Magnoliopsida,Ranunculales,Papaveraceae,Corydalis,NA
Dacrydium,Plantae,Tracheophyta,Pinopsida,Pinales,Podocarpaceae,Dacrydium,NA
Koenigia sect. Aconogonon,Plantae,Tracheophyta,Magnoliopsida,Caryophyllales,Polygonaceae,Koenigia,NA
Lythraceae,Plantae,Tracheophyta,Magnoliopsida,Myrtales,Lythraceae,Lythraceae,NA
Picea sect. Omorika,Plantae,Tracheophyta,Pinopsida,Pinales,Pinaceae,Picea,NA
Tsuga diversifolia,Plantae,Tracheophyta,Pinopsida,Pinales,Pinaceae,Tsuga,Tsuga diversifolia
Rutaceae undiff.,Plantae,Tracheophyta,Magnoliopsida,Sapindales,Rutaceae,Rutaceae,NA
Sapindaceae undiff.,Plantae,Tracheophyta,Magnoliopsida,Sapindales,Sapindaceae,Sapindaceae,NA
Anthyllis vulneraria,Plantae,Tracheophyta,Magnoliopsida,Fabales,Fabaceae,Anthyllis,Anthyllis vulneraria
Armeria-type,Plantae,Tracheophyta,Magnoliopsida,Caryophyllales,Plumbaginaceae,Armeria,NA
Chelidonium,Plantae,Tracheophyta,Magnoliopsida,Ranunculales,Papaveraceae,Chelidonium,NA
Ephedra distachya-type,Plantae,Tracheophyta,Gnetopsida,Ephedrales,Ephedraceae,Ephedra,NA
Erica tetralix-type,Plantae,Tracheophyta,Magnoliopsida,Ericales,Ericaceae,Erica,NA
Erodium,Plantae,Tracheophyta,Magnoliopsida,Geraniales,Geraniaceae,Erodium,NA
Jasione-type,Plantae,Tracheophyta,Magnoliopsida,Asterales,Campanulaceae,Jasione,NA
Montia fontana,Plantae,Tracheophyta,Magnoliopsida,Caryophyllales,Montiaceae,Montia,Montia fontana
Ononis,Plantae,Tracheophyta,Magnoliopsida,Fabales,Fabaceae,Ononis,NA
Plantago coronopus-type,Plantae,Tracheophyta,Magnoliopsida,Lamiales,Plantaginaceae,Plantago,NA
Plantago major/P. media-type,Plantae,Tracheophyta,Magnoliopsida,Lamiales,Plantaginaceae,Plantago,NA
Poterium sanguisorba,Plantae,Tracheophyta,Magnoliopsida,Rosales,Rosaceae,Poterium,Poterium sanguisorba
Sagina-type,Plantae,Tracheophyta,Magnoliopsida,Caryophyllales,Caryophyllaceae,Sagina,NA
Saxifraga hypnoides-type,Plantae,Tracheophyta,Magnoliopsida,Saxifragales,Saxifragaceae,Saxifraga,NA
Scilla-type,Plantae,Tracheophyta,Liliopsida,Asparagales,Asparagaceae,Scilla,NA
Scutellaria,Plantae,Tracheophyta,Magnoliopsida,Lamiales,Lamiaceae,Scutellaria,NA
Silene flos-cuculi,Plantae,Tracheophyta,Magnoliopsida,Caryophyllales,Caryophyllaceae,Silene,Silene flos-cuculi
Spergula-type,Plantae,Tracheophyta,Magnoliopsida,Caryophyllales,Caryophyllaceae,Spergula,NA
Stellaria holostea,Plantae,Tracheophyta,Magnoliopsida,Caryophyllales,Caryophyllaceae,Rabelera,Rabelera holostea
Valeriana officinalis-type,Plantae,Tracheophyta,Magnoliopsida,Dipsacales,Caprifoliaceae,Valeriana,NA
Adenostyles,Plantae,Tracheophyta,Magnoliopsida,Asterales,Asteraceae,Adenostyles,NA
Calceolaria,Plantae,Tracheophyta,Magnoliopsida,Lamiales,Calceolariaceae,Calceolaria,NA
Cicuta virosa,Plantae,Tracheophyta,Magnoliopsida,Apiales,Apiaceae,Cicuta,Cicuta virosa
Coronilla,Plantae,Tracheophyta,Magnoliopsida,Fabales,Fabaceae,Coronilla,NA
Dalechampia,Plantae,Tracheophyta,Magnoliopsida,Malpighiales,Euphorbiaceae,Dalechampia,NA
Gladiolus,Plantae,Tracheophyta,Liliopsida,Asparagales,Iridaceae,Gladiolus,NA
Glaucium,Plantae,Tracheophyta,Magnoliopsida,Ranunculales,Papaveraceae,Glaucium,NA
Ligustrum vulgare,Plantae,Tracheophyta,Magnoliopsida,Lamiales,Oleaceae,Ligustrum,Ligustrum vulgare
Lilium martagon,Plantae,Tracheophyta,Liliopsida,Liliales,Liliaceae,Lilium,Lilium martagon
Limosella,Plantae,Tracheophyta,Magnoliopsida,Lamiales,Scrophulariaceae,Limosella,NA
Luzula,Plantae,Tracheophyta,Liliopsida,Poales,Juncaceae,Luzula,NA
Malva-type,Plantae,Tracheophyta,Magnoliopsida,Malvales,Malvaceae,Malva,NA
Portulaca oleracea-type,Plantae,Tracheophyta,Magnoliopsida,Caryophyllales,Portulacaceae,Portulaca,NA
Primula vulgaris,Plantae,Tracheophyta,Magnoliopsida,Ericales,Primulaceae,Primula,Primula vulgaris
Silene dioica,Plantae,Tracheophyta,Magnoliopsida,Caryophyllales,Caryophyllaceae,Silene,Silene dioica
Gentianaceae undiff.,Plantae,Tracheophyta,Magnoliopsida,Gentianales,Gentianaceae,Gentianaceae,NA
Betula costata,Plantae,Tracheophyta,Magnoliopsida,Fagales,Betulaceae,Betula,Betula costata
Betula dahurica,Plantae,Tracheophyta,Magnoliopsida,Fagales,Betulaceae,Betula,Betula dahurica
Betula ermanii,Plantae,Tracheophyta,Magnoliopsida,Fagales,Betulaceae,Betula,Betula ermanii
Betula schmidtii,Plantae,Tracheophyta,Magnoliopsida,Fagales,Betulaceae,Betula,Betula schmidtii
Pinus koraiensis,Plantae,Tracheophyta,Pinopsida,Pinales,Pinaceae,Pinus,Pinus koraiensis
Syringa,Plantae,Tracheophyta,Magnoliopsida,Lamiales,Oleaceae,Syringa,NA
Amygdaloideae,Plantae,Tracheophyta,Magnoliopsida,Rosales,Rosaceae,Rosaceae,NA
Arecaceae undiff.,Plantae,Tracheophyta,Liliopsida,Arecales,Arecaceae,Arecaceae,NA
cf. Araliaceae,Plantae,Tracheophyta,Magnoliopsida,Apiales,Araliaceae,Araliaceae,NA
Moraceae undiff.,Plantae,Tracheophyta,Magnoliopsida,Rosales,Moraceae,Moraceae,NA
Solanaceae undiff.,Plantae,Tracheophyta,Magnoliopsida,Solanales,Solanaceae,Solanaceae,NA
Berchemia scandens,Plantae,Tracheophyta,Magnoliopsida,Rosales,Rhamnaceae,Berchemia,Berchemia scandens
Calycanthus,Plantae,Tracheophyta,Magnoliopsida,Laurales,Calycanthaceae,Calycanthus,NA
Prunus virginiana-type,Plantae,Tracheophyta,Magnoliopsida,Rosales,Rosaceae,Prunus,NA
Viburnum acerifolium-type,Plantae,Tracheophyta,Magnoliopsida,Dipsacales,Viburnaceae,Viburnum,NA
Viburnum lentago-type,Plantae,Tracheophyta,Magnoliopsida,Dipsacales,Viburnaceae,Viburnum,NA
Polygonum sect. Polygonum,Plantae,Tracheophyta,Magnoliopsida,Caryophyllales,Polygonaceae,Polygonum,NA
Acer campestre-type,Plantae,Tracheophyta,Magnoliopsida,Sapindales,Sapindaceae,Acer,NA
Berula-type,Plantae,Tracheophyta,Magnoliopsida,Apiales,Apiaceae,Berula,NA
Campanulaceae undiff.,Plantae,Tracheophyta,Magnoliopsida,Asterales,Campanulaceae,Campanulaceae,NA
Castanea sativa,Plantae,Tracheophyta,Magnoliopsida,Fagales,Fagaceae,Castanea,Castanea sativa
Centaurea jacea-type,Plantae,Tracheophyta,Magnoliopsida,Asterales,Asteraceae,Centaurea,NA
Convolvulus arvensis,Plantae,Tracheophyta,Magnoliopsida,Solanales,Convolvulaceae,Convolvulus,Convolvulus arvensis
Gypsophila,Plantae,Tracheophyta,Magnoliopsida,Caryophyllales,Caryophyllaceae,Gypsophila,NA
Malus-type,Plantae,Tracheophyta,Magnoliopsida,Rosales,Rosaceae,Malus,NA
Mercurialis perennis,Plantae,Tracheophyta,Magnoliopsida,Malpighiales,Euphorbiaceae,Mercurialis,Mercurialis perennis
Onobrychis-type,Plantae,Tracheophyta,Magnoliopsida,Fabales,Fabaceae,Onobrychis,NA
Scleranthus perennis,Plantae,Tracheophyta,Magnoliopsida,Caryophyllales,Caryophyllaceae,Scleranthus,Scleranthus perennis
Sorbus-type,Plantae,Tracheophyta,Magnoliopsida,Rosales,Rosaceae,Sorbus,NA
Viscum album,Plantae,Tracheophyta,Magnoliopsida,Santalales,Viscaceae,Viscum,Viscum album
Adoxa moschatellina,Plantae,Tracheophyta,Magnoliopsida,Dipsacales,Viburnaceae,Adoxa,Adoxa moschatellina
Anemone nemorosa-type,Plantae,Tracheophyta,Magnoliopsida,Ranunculales,Ranunculaceae,Anemone,NA
Astragalus cf. A. glycyphyllos,Plantae,Tracheophyta,Magnoliopsida,Fabales,Fabaceae,Astragalus,NA
Avena/Triticum-type,Plantae,Tracheophyta,Liliopsida,Poales,Poaceae,Poaceae,NA
Cornus suecica,Plantae,Tracheophyta,Magnoliopsida,Cornales,Cornaceae,Cornus,Cornus suecica
Hypericum perforatum,Plantae,Tracheophyta,Magnoliopsida,Malpighiales,Hypericaceae,Hypericum,Hypericum perforatum
Lysimachia-type,Plantae,Tracheophyta,Magnoliopsida,Ericales,Primulaceae,Lysimachia,NA
Papaver rhoeas-type,Plantae,Tracheophyta,Magnoliopsida,Ranunculales,Papaveraceae,Papaver,NA
Potentilla recta,Plantae,Tracheophyta,Magnoliopsida,Rosales,Rosaceae,Potentilla,Potentilla recta
Prunus padus,Plantae,Tracheophyta,Magnoliopsida,Rosales,Rosaceae,Prunus,Prunus padus
Rhododendron tomentosum,Plantae,Tracheophyta,Magnoliopsida,Ericales,Ericaceae,Rhododendron,Rhododendron tomentosum
Sorbus aucuparia,Plantae,Tracheophyta,Magnoliopsida,Rosales,Rosaceae,Sorbus,Sorbus aucuparia
Trientalis europaea,Plantae,Tracheophyta,Magnoliopsida,Ericales,Primulaceae,Lysimachia,Trientalis europaea
Gentianella campestris-type,Plantae,Tracheophyta,Magnoliopsida,Gentianales,Gentianaceae,Gentianella,NA
Silene vulgaris-type,Plantae,Tracheophyta,Magnoliopsida,Caryophyllales,Caryophyllaceae,Silene,NA
Valeriana officinalis,Plantae,Tracheophyta,Magnoliopsida,Dipsacales,Caprifoliaceae,Valeriana,Valeriana officinalis
Rumex subg. Rumex,Plantae,Tracheophyta,Magnoliopsida,Caryophyllales,Polygonaceae,Rumex,NA
Alchemilla,Plantae,Tracheophyta,Magnoliopsida,Rosales,Rosaceae,Alchemilla,NA
Arctous alpina,Plantae,Tracheophyta,Magnoliopsida,Ericales,Ericaceae,Arctostaphylos,Arctostaphylos alpinus
Artemisia norvegica,Plantae,Tracheophyta,Magnoliopsida,Asterales,Asteraceae,Artemisia,Artemisia norvegica
Astragalus frigidus,Plantae,Tracheophyta,Magnoliopsida,Fabales,Fabaceae,Astragalus,Astragalus frigidus
Astragalus/Oxytropis-type,Plantae,Tracheophyta,Magnoliopsida,Fabales,Fabaceae,Fabaceae,NA
Capsella-type,Plantae,Tracheophyta,Magnoliopsida,Brassicales,Brassicaceae,Capsella,NA
Carex-type,Plantae,Tracheophyta,Liliopsida,Poales,Cyperaceae,Carex,NA
Convallaria,Plantae,Tracheophyta,Liliopsida,Asparagales,Asparagaceae,Convallaria,NA
Ephedra distachya,Plantae,Tracheophyta,Gnetopsida,Ephedrales,Ephedraceae,Ephedra,Ephedra distachya
Ephedra fragilis,Plantae,Tracheophyta,Gnetopsida,Ephedrales,Ephedraceae,Ephedra,Ephedra fragilis
Euphrasia,Plantae,Tracheophyta,Magnoliopsida,Lamiales,Orobanchaceae,Euphrasia,NA
Gentiana campestris,Plantae,Tracheophyta,Magnoliopsida,Gentianales,Gentianaceae,Gentianella,Gentianella campestris
Gentiana nivalis,Plantae,Tracheophyta,Magnoliopsida,Gentianales,Gentianaceae,Gentiana,Gentiana nivalis
Micranthes stellaris,Plantae,Tracheophyta,Magnoliopsida,Saxifragales,Saxifragaceae,Micranthes,Micranthes stellaris
Myricaria,Plantae,Tracheophyta,Magnoliopsida,Caryophyllales,Tamaricaceae,Myricaria,NA
Rubus sp.,Plantae,Tracheophyta,Magnoliopsida,Rosales,Rosaceae,Rubus,NA
Rumex longifolius,Plantae,Tracheophyta,Magnoliopsida,Caryophyllales,Polygonaceae,Rumex,Rumex longifolius
Sibbaldia,Plantae,Tracheophyta,Magnoliopsida,Rosales,Rosaceae,Sibbaldia,NA
Silene acaulis,Plantae,Tracheophyta,Magnoliopsida,Caryophyllales,Caryophyllaceae,Silene,Silene acaulis
Verbascum,Plantae,Tracheophyta,Magnoliopsida,Lamiales,Scrophulariaceae,Verbascum,NA
Astragalus cf. A. alpinus,Plantae,Tracheophyta,Magnoliopsida,Fabales,Fabaceae,Astragalus,NA
Geranium sylvaticum-type,Plantae,Tracheophyta,Magnoliopsida,Geraniales,Geraniaceae,Geranium,NA
Rumex acetosa/R. acetosella-type,Plantae,Tracheophyta,Magnoliopsida,Caryophyllales,Polygonaceae,Rumex,NA
Tofieldia pusilla,Plantae,Tracheophyta,Liliopsida,Alismatales,Tofieldiaceae,Tofieldia,Tofieldia pusilla
Trollius europaeus,Plantae,Tracheophyta,Magnoliopsida,Ranunculales,Ranunculaceae,Trollius,Trollius europaeus
Valeriana excelsa subsp. sambucifolia-type,Plantae,Tracheophyta,Magnoliopsida,Dipsacales,Caprifoliaceae,Valeriana,Valeriana excelsa
Arctium-type,Plantae,Tracheophyta,Magnoliopsida,Asterales,Asteraceae,Arctium,NA
Cannabaceae undiff.,Plantae,Tracheophyta,Magnoliopsida,Rosales,Cannabaceae,Cannabaceae,NA
Cerastium cerastoides-type,Plantae,Tracheophyta,Magnoliopsida,Caryophyllales,Caryophyllaceae,Cerastium,NA
Geranium sylvaticum,Plantae,Tracheophyta,Magnoliopsida,Geraniales,Geraniaceae,Geranium,Geranium sylvaticum
Pedicularis palustris-type,Plantae,Tracheophyta,Magnoliopsida,Lamiales,Orobanchaceae,Pedicularis,NA
Pimpinella-type,Plantae,Tracheophyta,Magnoliopsida,Rosales,Rosaceae,Sanguisorba,NA
Saussurea-type,Plantae,Tracheophyta,Magnoliopsida,Asterales,Asteraceae,Saussurea,NA
Silene acaulis-type,Plantae,Tracheophyta,Magnoliopsida,Caryophyllales,Caryophyllaceae,Silene,NA
Artemisia cf. A. norvegica,Plantae,Tracheophyta,Magnoliopsida,Asterales,Asteraceae,Artemisia,NA
Galeopsis-type,Plantae,Tracheophyta,Magnoliopsida,Lamiales,Lamiaceae,Galeopsis,NA
Lobelia dortmanna,Plantae,Tracheophyta,Magnoliopsida,Asterales,Campanulaceae,Lobelia,Lobelia dortmanna
Populus tremula,Plantae,Tracheophyta,Magnoliopsida,Malpighiales,Salicaceae,Populus,Populus tremula
Rumex longifolius-type,Plantae,Tracheophyta,Magnoliopsida,Caryophyllales,Polygonaceae,Rumex,NA
Saxifraga cespitosa-type,Plantae,Tracheophyta,Magnoliopsida,Saxifragales,Saxifragaceae,Saxifraga,NA
Cerastium,Plantae,Tracheophyta,Magnoliopsida,Caryophyllales,Caryophyllaceae,Cerastium,NA
cf. Artemisia,Plantae,Tracheophyta,Magnoliopsida,Asterales,Asteraceae,Artemisia,Artemisia
cf. Brassicaceae,Plantae,Tracheophyta,Magnoliopsida,Brassicales,Brassicaceae,Brassicaceae,NA
cf. Carpinus,Plantae,Tracheophyta,Magnoliopsida,Fagales,Betulaceae,Carpinus,NA
cf. Ephedra fragilis,Plantae,Tracheophyta,Gnetopsida,Ephedrales,Ephedraceae,Ephedra,Ephedra fragilis
cf. Ilex,Plantae,Tracheophyta,Magnoliopsida,Aquifoliales,Aquifoliaceae,Ilex,NA
cf. Mercurialis,Plantae,Tracheophyta,Magnoliopsida,Malpighiales,Euphorbiaceae,Mercurialis,NA
cf. Quercus,Plantae,Tracheophyta,Magnoliopsida,Fagales,Fagaceae,Quercus,NA
cf. Ranunculus,Plantae,Tracheophyta,Magnoliopsida,Ranunculales,Ranunculaceae,Ranunculus,NA
cf. Thalictrum,Plantae,Tracheophyta,Magnoliopsida,Ranunculales,Ranunculaceae,Thalictrum,NA
cf. Urtica,Plantae,Tracheophyta,Magnoliopsida,Rosales,Urticaceae,Urtica,NA
Ephedra distachya subsp. helvetica-type,Plantae,Tracheophyta,Gnetopsida,Ephedrales,Ephedraceae,Ephedra,Ephedra distachya
Ephedra fragilis-type,Plantae,Tracheophyta,Gnetopsida,Ephedrales,Ephedraceae,Ephedra,NA
Erica,Plantae,Tracheophyta,Magnoliopsida,Ericales,Ericaceae,Erica,NA
cf. Chrysosplenium,Plantae,Tracheophyta,Magnoliopsida,Saxifragales,Saxifragaceae,Chrysosplenium,NA
cf. Cyperaceae-type,Plantae,Tracheophyta,Liliopsida,Poales,Cyperaceae,Cyperaceae,NA
cf. Empetrum,Plantae,Tracheophyta,Magnoliopsida,Ericales,Ericaceae,Empetrum,NA
cf. Larix,Plantae,Tracheophyta,Pinopsida,Pinales,Pinaceae,Larix,NA
cf. Melampyrum,Plantae,Tracheophyta,Magnoliopsida,Lamiales,Orobanchaceae,Melampyrum,NA
cf. Saxifraga granulata,Plantae,Tracheophyta,Magnoliopsida,Saxifragales,Saxifragaceae,Saxifraga,Saxifraga granulata
cf. Saxifraga stellaris-type,Plantae,Tracheophyta,Magnoliopsida,Saxifragales,Saxifragaceae,Micranthes,Micranthes stellaris
cf. Scutellaria,Plantae,Tracheophyta,Magnoliopsida,Lamiales,Lamiaceae,Scutellaria,NA
Cornus suecica (thick wall),Plantae,Tracheophyta,Magnoliopsida,Cornales,Cornaceae,Cornus,Cornus suecica
Ericaceae cf. Calluna,Plantae,Tracheophyta,Magnoliopsida,Ericales,Ericaceae,Ericaceae,NA
Euphorbiaceae cf. Mercurialis,Plantae,Tracheophyta,Magnoliopsida,Malpighiales,Euphorbiaceae,Euphorbiaceae,NA
Onagraceae cf. Epilobium,Plantae,Tracheophyta,Magnoliopsida,Myrtales,Onagraceae,Onagraceae,NA
Rubus cf. R. idaeus,Plantae,Tracheophyta,Magnoliopsida,Rosales,Rosaceae,Rubus,NA
Anagallis cf. A. arvensis,Plantae,Tracheophyta,Magnoliopsida,Ericales,Primulaceae,Lysimachia,NA
Anagallis cf. A. tenella,Plantae,Tracheophyta,Magnoliopsida,Ericales,Primulaceae,Lysimachia,NA
Centaurea cyanus-type,Plantae,Tracheophyta,Magnoliopsida,Asterales,Asteraceae,Centaurea,NA
Centaurea nigra-type,Plantae,Tracheophyta,Magnoliopsida,Asterales,Asteraceae,Centaurea,NA
cf. Frangula alnus,Plantae,Tracheophyta,Magnoliopsida,Rosales,Rhamnaceae,Frangula,Frangula alnus
cf. Lycopsis arvensis,Plantae,Tracheophyta,Magnoliopsida,Boraginales,Boraginaceae,Lycopsis,Lycopsis arvensis
cf. Myricaria germanica,Plantae,Tracheophyta,Magnoliopsida,Caryophyllales,Tamaricaceae,Myricaria,Myricaria germanica
Diapensia lapponica,Plantae,Tracheophyta,Magnoliopsida,Ericales,Diapensiaceae,Diapensia,Diapensia lapponica
Polygonum cf. P. aviculare,Plantae,Tracheophyta,Magnoliopsida,Caryophyllales,Polygonaceae,Polygonum,NA
Primula farinosa,Plantae,Tracheophyta,Magnoliopsida,Ericales,Primulaceae,Primula,Primula farinosa
Rumex cf. R. longifolius,Plantae,Tracheophyta,Magnoliopsida,Caryophyllales,Polygonaceae,Rumex,NA
"Alnus (shrub, pale shallow pores)",Plantae,Tracheophyta,Magnoliopsida,Fagales,Betulaceae,Alnus,NA
"Alnus (tree, robust deep pores)",Plantae,Tracheophyta,Magnoliopsida,Fagales,Betulaceae,Alnus,NA
Betula (hybrid),Plantae,Tracheophyta,Magnoliopsida,Fagales,Betulaceae,Betula,NA
Cannabaceae cf. Cannabis sativa,Plantae,Tracheophyta,Magnoliopsida,Rosales,Cannabaceae,Cannabaceae,NA
Centaurea cf. C. cyanus,Plantae,Tracheophyta,Magnoliopsida,Asterales,Asteraceae,Centaurea,NA
cf. Gentiana pneumonanthe,Plantae,Tracheophyta,Magnoliopsida,Gentianales,Gentianaceae,Gentiana,Gentiana pneumonanthe
Chamaenerion-type,Plantae,Tracheophyta,Magnoliopsida,Myrtales,Onagraceae,Chamaenerion,NA
Chrysosplenium-type,Plantae,Tracheophyta,Magnoliopsida,Saxifragales,Saxifragaceae,Chrysosplenium,NA
Plantago cf. P. coronopus,Plantae,Tracheophyta,Magnoliopsida,Lamiales,Plantaginaceae,Plantago,NA
Saxifraga cf. S. oppositifolia,Plantae,Tracheophyta,Magnoliopsida,Saxifragales,Saxifragaceae,Saxifraga,NA
Saxifraga granulata-type,Plantae,Tracheophyta,Magnoliopsida,Saxifragales,Saxifragaceae,Saxifraga,NA
Spergularia,Plantae,Tracheophyta,Magnoliopsida,Caryophyllales,Caryophyllaceae,Spergularia,NA
cf. Rumex,Plantae,Tracheophyta,Magnoliopsida,Caryophyllales,Polygonaceae,Rumex,NA
Anagallis arvensis,Plantae,Tracheophyta,Magnoliopsida,Ericales,Primulaceae,Lysimachia,Lysimachia arvensis
Corylus avellana-type,Plantae,Tracheophyta,Magnoliopsida,Fagales,Betulaceae,Corylus,NA
Jasione montana,Plantae,Tracheophyta,Magnoliopsida,Asterales,Campanulaceae,Jasione,Jasione montana
Vicia sylvatica-type,Plantae,Tracheophyta,Magnoliopsida,Fabales,Fabaceae,Vicia,NA
Alnus glutinosa-type,Plantae,Tracheophyta,Magnoliopsida,Fagales,Betulaceae,Alnus,NA
Anthriscus sylvestris-type,Plantae,Tracheophyta,Magnoliopsida,Apiales,Apiaceae,Anthriscus,NA
Chaerophyllum hirsutum-type,Plantae,Tracheophyta,Magnoliopsida,Apiales,Apiaceae,Chaerophyllum,NA
Dipsacus,Plantae,Tracheophyta,Magnoliopsida,Dipsacales,Caprifoliaceae,Dipsacus,NA
Heracleum-type,Plantae,Tracheophyta,Magnoliopsida,Apiales,Apiaceae,Heracleum,NA
Lonicera xylosteum,Plantae,Tracheophyta,Magnoliopsida,Dipsacales,Caprifoliaceae,Lonicera,Lonicera xylosteum
Peucedanum-type,Plantae,Tracheophyta,Magnoliopsida,Apiales,Apiaceae,Peucedanum,Peucedanum
Phyteuma,Plantae,Tracheophyta,Magnoliopsida,Asterales,Campanulaceae,Phyteuma,NA
Pimpinella major-type,Plantae,Tracheophyta,Magnoliopsida,Apiales,Apiaceae,Pimpinella,NA
Ranunculus arvensis,Plantae,Tracheophyta,Magnoliopsida,Ranunculales,Ranunculaceae,Ranunculus,Ranunculus arvensis
Rumex obtusifolius-type,Plantae,Tracheophyta,Magnoliopsida,Caryophyllales,Polygonaceae,Rumex,NA
Vicia cracca-type,Plantae,Tracheophyta,Magnoliopsida,Fabales,Fabaceae,Vicia,NA
Carduus,Plantae,Tracheophyta,Magnoliopsida,Asterales,Asteraceae,Carduus,NA
Carum carvi,Plantae,Tracheophyta,Magnoliopsida,Apiales,Apiaceae,Carum,Carum carvi
Chamaenerion angustifolium-type,Plantae,Tracheophyta,Magnoliopsida,Myrtales,Onagraceae,Chamaenerion,NA
Daucus,Plantae,Tracheophyta,Magnoliopsida,Apiales,Apiaceae,Daucus,NA
Gnaphalium-type,Plantae,Tracheophyta,Magnoliopsida,Asterales,Asteraceae,Gnaphalium,NA
Polygonatum,Plantae,Tracheophyta,Liliopsida,Asparagales,Asparagaceae,Polygonatum,NA
Sanicula europaea,Plantae,Tracheophyta,Magnoliopsida,Apiales,Apiaceae,Sanicula,Sanicula europaea
Seseli-type,Plantae,Tracheophyta,Magnoliopsida,Apiales,Apiaceae,Seseli,NA
Viburnum lantana,Plantae,Tracheophyta,Magnoliopsida,Dipsacales,Viburnaceae,Viburnum,Viburnum lantana
Aegopodium podagraria,Plantae,Tracheophyta,Magnoliopsida,Apiales,Apiaceae,Aegopodium,Aegopodium podagraria
Alchemilla-type,Plantae,Tracheophyta,Magnoliopsida,Rosales,Rosaceae,Alchemilla,NA
Amaranthaceae-type,Plantae,Tracheophyta,Magnoliopsida,Caryophyllales,Amaranthaceae,Amaranthaceae,NA
Anthericum,Plantae,Tracheophyta,Liliopsida,Asparagales,Asparagaceae,Anthericum,NA
Anthriscus cerefolium,Plantae,Tracheophyta,Magnoliopsida,Apiales,Apiaceae,Anthriscus,Anthriscus cerefolium
Anthyllis,Plantae,Tracheophyta,Magnoliopsida,Fabales,Fabaceae,Anthyllis,NA
Apium,Plantae,Tracheophyta,Magnoliopsida,Apiales,Apiaceae,Apium,NA
Aruncus-type,Plantae,Tracheophyta,Magnoliopsida,Rosales,Rosaceae,Aruncus,NA
Astragalus alpinus-type,Plantae,Tracheophyta,Magnoliopsida,Fabales,Fabaceae,Astragalus,NA
Astragalus onobrychis-type,Plantae,Tracheophyta,Magnoliopsida,Fabales,Fabaceae,Astragalus,NA
Astrantia-type,Plantae,Tracheophyta,Magnoliopsida,Apiales,Apiaceae,Astrantia,NA
Bartsia-type,Plantae,Tracheophyta,Magnoliopsida,Lamiales,Orobanchaceae,Bartsia,NA
Celtis australis,Plantae,Tracheophyta,Magnoliopsida,Rosales,Cannabaceae,Celtis,Celtis australis
Centaurea montana,Plantae,Tracheophyta,Magnoliopsida,Asterales,Asteraceae,Centaurea,Centaurea montana
Cerastium arvense-type,Plantae,Tracheophyta,Magnoliopsida,Caryophyllales,Caryophyllaceae,Cerastium,NA
Cerinthe,Plantae,Tracheophyta,Magnoliopsida,Boraginales,Boraginaceae,Cerinthe,NA
Consolida-type,Plantae,Tracheophyta,Magnoliopsida,Ranunculales,Ranunculaceae,Consolida,NA
Cornus mas,Plantae,Tracheophyta,Magnoliopsida,Cornales,Cornaceae,Cornus,Cornus mas
Cynoglossum officinale-type,Plantae,Tracheophyta,Magnoliopsida,Boraginales,Boraginaceae,Cynoglossum,NA
Daucus carota,Plantae,Tracheophyta,Magnoliopsida,Apiales,Apiaceae,Daucus,Daucus carota
Dianthus superbus-type,Plantae,Tracheophyta,Magnoliopsida,Caryophyllales,Caryophyllaceae,Dianthus,NA
Digitalis-type,Plantae,Tracheophyta,Magnoliopsida,Lamiales,Plantaginaceae,Digitalis,NA
Eremurus,Plantae,Tracheophyta,Liliopsida,Asparagales,Asphodelaceae,Eremurus,NA
Falcaria-type,Plantae,Tracheophyta,Magnoliopsida,Apiales,Apiaceae,Falcaria,NA
Genista-type,Plantae,Tracheophyta,Magnoliopsida,Fabales,Fabaceae,Genista,NA
Gentiana pneumonanthe-type,Plantae,Tracheophyta,Magnoliopsida,Gentianales,Gentianaceae,Gentiana,NA
Gypsophila repens-type,Plantae,Tracheophyta,Magnoliopsida,Caryophyllales,Caryophyllaceae,Gypsophila,NA
Laserpitium latifolium-type,Plantae,Tracheophyta,Magnoliopsida,Apiales,Apiaceae,Laserpitium,NA
Ligusticum mutellina,Plantae,Tracheophyta,Magnoliopsida,Apiales,Apiaceae,Mutellina,Mutellina adonidifolia
Linum catharticum-type,Plantae,Tracheophyta,Magnoliopsida,Malpighiales,Linaceae,Linum,NA
Lithospermum officinale,Plantae,Tracheophyta,Magnoliopsida,Boraginales,Boraginaceae,Lithospermum,Lithospermum officinale
Minuartia rubra-type,Plantae,Tracheophyta,Magnoliopsida,Caryophyllales,Caryophyllaceae,Minuartia,NA
Morus alba-type,Plantae,Tracheophyta,Magnoliopsida,Rosales,Moraceae,Morus,NA
Ornithogalum-type,Plantae,Tracheophyta,Liliopsida,Asparagales,Asparagaceae,Ornithogalum,NA
Pimpinella anisum,Plantae,Tracheophyta,Magnoliopsida,Apiales,Apiaceae,Pimpinella,Pimpinella anisum
Plantago alpina-type,Plantae,Tracheophyta,Magnoliopsida,Lamiales,Plantaginaceae,Plantago,NA
Primula farinosa-type (large),Plantae,Tracheophyta,Magnoliopsida,Ericales,Primulaceae,Primula,NA
Primula hirsuta-type,Plantae,Tracheophyta,Magnoliopsida,Ericales,Primulaceae,Primula,NA
Pterocarya fraxinifolia,Plantae,Tracheophyta,Magnoliopsida,Fagales,Juglandaceae,Pterocarya,Pterocarya fraxinifolia
Pulmonaria-type,Plantae,Tracheophyta,Magnoliopsida,Boraginales,Boraginaceae,Pulmonaria,NA
Rheum officinale,Plantae,Tracheophyta,Magnoliopsida,Caryophyllales,Polygonaceae,Rheum,Rheum officinale
Sanguisorba minor-type,Plantae,Tracheophyta,Magnoliopsida,Rosales,Rosaceae,Sanguisorba,NA
Saponaria,Plantae,Tracheophyta,Magnoliopsida,Caryophyllales,Caryophyllaceae,Saponaria,NA
Silenoideae-type,Plantae,Tracheophyta,Magnoliopsida,Caryophyllales,Caryophyllaceae,Caryophyllaceae,NA
Symphytum,Plantae,Tracheophyta,Magnoliopsida,Boraginales,Boraginaceae,Symphytum,NA
Thesium,Plantae,Tracheophyta,Magnoliopsida,Santalales,Thesiaceae,Thesium,NA
Thymelaeaceae,Plantae,Tracheophyta,Magnoliopsida,Malvales,Thymelaeaceae,Thymelaeaceae,NA
Gagea,Plantae,Tracheophyta,Liliopsida,Liliales,Liliaceae,Gagea,NA
Pinus cembra-type,Plantae,Tracheophyta,Pinopsida,Pinales,Pinaceae,Pinus,NA
Plantago sp.,Plantae,Tracheophyta,Magnoliopsida,Lamiales,Plantaginaceae,Plantago,NA
Pulmonaria,Plantae,Tracheophyta,Magnoliopsida,Boraginales,Boraginaceae,Pulmonaria,NA
Fallopia,Plantae,Tracheophyta,Magnoliopsida,Caryophyllales,Polygonaceae,Fallopia,NA
Koenigia alpina,Plantae,Tracheophyta,Magnoliopsida,Caryophyllales,Polygonaceae,Koenigia,Koenigia alpina
Pleurospermum austriacum,Plantae,Tracheophyta,Magnoliopsida,Apiales,Apiaceae,Pleurospermum,Pleurospermum austriacum
Scleranthus annuus,Plantae,Tracheophyta,Magnoliopsida,Caryophyllales,Caryophyllaceae,Scleranthus,Scleranthus annuus
Soldanella,Plantae,Tracheophyta,Magnoliopsida,Ericales,Primulaceae,Soldanella,NA
Valeriana dioica-type,Plantae,Tracheophyta,Magnoliopsida,Dipsacales,Caprifoliaceae,Valeriana,NA
Veratrum-type,Plantae,Tracheophyta,Liliopsida,Liliales,Melanthiaceae,Veratrum,NA
Plantago media-type,Plantae,Tracheophyta,Magnoliopsida,Lamiales,Plantaginaceae,Plantago,NA
Aconitum-type,Plantae,Tracheophyta,Magnoliopsida,Ranunculales,Ranunculaceae,Aconitum,NA
Centaurea stoebe-type,Plantae,Tracheophyta,Magnoliopsida,Asterales,Asteraceae,Centaurea,NA
Galeopsis,Plantae,Tracheophyta,Magnoliopsida,Lamiales,Lamiaceae,Galeopsis,NA
Gentiana asclepiadea-type,Plantae,Tracheophyta,Magnoliopsida,Gentianales,Gentianaceae,Gentiana,NA
Lysimachia vulgaris,Plantae,Tracheophyta,Magnoliopsida,Ericales,Primulaceae,Lysimachia,Lysimachia vulgaris
Ribes cf. R. alpinum,Plantae,Tracheophyta,Magnoliopsida,Saxifragales,Grossulariaceae,Ribes,NA
Sambucus cf. S. ebulus,Plantae,Tracheophyta,Magnoliopsida,Dipsacales,Viburnaceae,Sambucus,NA
Valeriana dioica subsp. simplicifolia,Plantae,Tracheophyta,Magnoliopsida,Dipsacales,Caprifoliaceae,Valeriana,Valeriana dioica
Viola arvensis-type,Plantae,Tracheophyta,Magnoliopsida,Malpighiales,Violaceae,Viola,NA
Comarum-type,Plantae,Tracheophyta,Magnoliopsida,Rosales,Rosaceae,Comarum,NA
Lysimachia nemorum,Plantae,Tracheophyta,Magnoliopsida,Ericales,Primulaceae,Lysimachia,Lysimachia nemorum
Pinguicula vulgaris,Plantae,Tracheophyta,Magnoliopsida,Lamiales,Lentibulariaceae,Pinguicula,Pinguicula vulgaris
Spergularia-type,Plantae,Tracheophyta,Magnoliopsida,Caryophyllales,Caryophyllaceae,Spergularia,NA
Helianthemum nummularium-type,Plantae,Tracheophyta,Magnoliopsida,Malvales,Cistaceae,Helianthemum,NA
Helianthemum oelandicum subsp. alpestris-type,Plantae,Tracheophyta,Magnoliopsida,Malvales,Cistaceae,Helianthemum,Helianthemum oelandicum
Paradisea liliastrum,Plantae,Tracheophyta,Liliopsida,Asparagales,Asparagaceae,Paradisea,Paradisea liliastrum
Pinus cembra,Plantae,Tracheophyta,Pinopsida,Pinales,Pinaceae,Pinus,Pinus cembra
Plantago atrata-type,Plantae,Tracheophyta,Magnoliopsida,Lamiales,Plantaginaceae,Plantago,NA
Spermatophyta undiff. (cf. upland herbs),Plantae,undiff,undiff,undiff,undiff,undiff,NA
Centaurea nigra,Plantae,Tracheophyta,Magnoliopsida,Asterales,Asteraceae,Centaurea,Centaurea nigra
Linaria,Plantae,Tracheophyta,Magnoliopsida,Lamiales,Plantaginaceae,Linaria,NA
Odontites,Plantae,Tracheophyta,Magnoliopsida,Lamiales,Orobanchaceae,Odontites,NA
Oleaceae,Plantae,Tracheophyta,Magnoliopsida,Lamiales,Oleaceae,Oleaceae,NA
Quercus ilex-type,Plantae,Tracheophyta,Magnoliopsida,Fagales,Fagaceae,Quercus,NA
Quercus robur-type,Plantae,Tracheophyta,Magnoliopsida,Fagales,Fagaceae,Quercus,NA
Thalictrum-type,Plantae,Tracheophyta,Magnoliopsida,Ranunculales,Ranunculaceae,Thalictrum,NA
Carduus-type,Plantae,Tracheophyta,Magnoliopsida,Asterales,Asteraceae,Carduus,NA
Centaurea jacea,Plantae,Tracheophyta,Magnoliopsida,Asterales,Asteraceae,Centaurea,Centaurea jacea
Cynoglossum,Plantae,Tracheophyta,Magnoliopsida,Boraginales,Boraginaceae,Cynoglossum,NA
Dianthus,Plantae,Tracheophyta,Magnoliopsida,Caryophyllales,Caryophyllaceae,Dianthus,NA
Digitalis,Plantae,Tracheophyta,Magnoliopsida,Lamiales,Plantaginaceae,Digitalis,NA
Linum usitatissimum,Plantae,Tracheophyta,Magnoliopsida,Malpighiales,Linaceae,Linum,Linum usitatissimum
Lotus pedunculatus,Plantae,Tracheophyta,Magnoliopsida,Fabales,Fabaceae,Lotus,Lotus pedunculatus
Papaver-type,Plantae,Tracheophyta,Magnoliopsida,Ranunculales,Papaveraceae,Papaver,NA
Polygonum-type sensu lato,Plantae,Tracheophyta,Magnoliopsida,Caryophyllales,Polygonaceae,Polygonum,NA
Reseda,Plantae,Tracheophyta,Magnoliopsida,Brassicales,Resedaceae,Reseda,NA
Scleranthus,Plantae,Tracheophyta,Magnoliopsida,Caryophyllales,Caryophyllaceae,Scleranthus,NA
Solanum nigrum,Plantae,Tracheophyta,Magnoliopsida,Solanales,Solanaceae,Solanum,Solanum nigrum
Spergula arvensis,Plantae,Tracheophyta,Magnoliopsida,Caryophyllales,Caryophyllaceae,Spergula,Spergula arvensis
Vicia cracca,Plantae,Tracheophyta,Magnoliopsida,Fabales,Fabaceae,Vicia,Vicia cracca
Asphodelus,Plantae,Tracheophyta,Liliopsida,Asparagales,Asphodelaceae,Asphodelus,NA
Centaurea collina,Plantae,Tracheophyta,Magnoliopsida,Asterales,Asteraceae,Centaurea,Centaurea collina
Ceratonia,Plantae,Tracheophyta,Magnoliopsida,Fabales,Fabaceae,Ceratonia,NA
Cistus,Plantae,Tracheophyta,Magnoliopsida,Malvales,Cistaceae,Cistus,NA
Quercus suber-type,Plantae,Tracheophyta,Magnoliopsida,Fagales,Fagaceae,Quercus,NA
Cytisus,Plantae,Tracheophyta,Magnoliopsida,Fabales,Fabaceae,Cytisus,NA
Quercus robur,Plantae,Tracheophyta,Magnoliopsida,Fagales,Fagaceae,Quercus,Quercus robur
Spergula,Plantae,Tracheophyta,Magnoliopsida,Caryophyllales,Caryophyllaceae,Spergula,NA
Epipactis,Plantae,Tracheophyta,Liliopsida,Asparagales,Orchidaceae,Epipactis,NA
Lycopsis arvensis-type,Plantae,Tracheophyta,Magnoliopsida,Boraginales,Boraginaceae,Lycopsis,NA
Rhamnus-type,Plantae,Tracheophyta,Magnoliopsida,Rosales,Rhamnaceae,Rhamnus,NA
Rhus coriaria-type,Plantae,Tracheophyta,Magnoliopsida,Sapindales,Anacardiaceae,Rhus,NA
Vicia/Lathyrus,Plantae,Tracheophyta,Magnoliopsida,Fabales,Fabaceae,Vicia,NA
Convolvulus arvensis-type,Plantae,Tracheophyta,Magnoliopsida,Solanales,Convolvulaceae,Convolvulus,NA
Cuscuta europaea-type,Plantae,Tracheophyta,Magnoliopsida,Solanales,Convolvulaceae,Cuscuta,NA
Iris pseudacorus-type,Plantae,Tracheophyta,Liliopsida,Asparagales,Iridaceae,Iris,NA
Jasione montana-type,Plantae,Tracheophyta,Magnoliopsida,Asterales,Campanulaceae,Jasione,NA
Matricaria-type,Plantae,Tracheophyta,Magnoliopsida,Asterales,Asteraceae,Matricaria,NA
Rumex aquaticus-type,Plantae,Tracheophyta,Magnoliopsida,Caryophyllales,Polygonaceae,Rumex,NA
Rumex crispus-type,Plantae,Tracheophyta,Magnoliopsida,Caryophyllales,Polygonaceae,Rumex,NA
Saxifraga aizoides-type,Plantae,Tracheophyta,Magnoliopsida,Saxifragales,Saxifragaceae,Saxifraga,NA
Succisa-type,Plantae,Tracheophyta,Magnoliopsida,Dipsacales,Caprifoliaceae,Succisa,NA
Tilia cordata-type,Plantae,Tracheophyta,Magnoliopsida,Malvales,Malvaceae,Tilia,NA
Tilia platyphyllos-type,Plantae,Tracheophyta,Magnoliopsida,Malvales,Malvaceae,Tilia,NA
Cerastium alpinum-type,Plantae,Tracheophyta,Magnoliopsida,Caryophyllales,Caryophyllaceae,Cerastium,NA
Cerastium undiff.,Plantae,Tracheophyta,Magnoliopsida,Caryophyllales,Caryophyllaceae,Cerastium,NA
Cirsium/Carduus,Plantae,Tracheophyta,Magnoliopsida,Asterales,Asteraceae,Cirsium,NA
Filipendula vulgaris,Plantae,Tracheophyta,Magnoliopsida,Rosales,Rosaceae,Filipendula,Filipendula vulgaris
Hypericum pulchrum-type,Plantae,Tracheophyta,Magnoliopsida,Malpighiales,Hypericaceae,Hypericum,NA
Prunus cf. P. padus,Plantae,Tracheophyta,Magnoliopsida,Rosales,Rosaceae,Prunus,NA
Rubus saxatilis,Plantae,Tracheophyta,Magnoliopsida,Rosales,Rosaceae,Rubus,Rubus saxatilis
Salix pentandra-type,Plantae,Tracheophyta,Magnoliopsida,Malpighiales,Salicaceae,Salix,NA
Saussurea nuda,Plantae,Tracheophyta,Magnoliopsida,Asterales,Asteraceae,Saussurea,Saussurea nuda
Saxifraga aizoides,Plantae,Tracheophyta,Magnoliopsida,Saxifragales,Saxifragaceae,Saxifraga,Saxifraga aizoides
Stellaria undiff.,Plantae,Tracheophyta,Magnoliopsida,Caryophyllales,Caryophyllaceae,Stellaria,NA
Succisa pratensis,Plantae,Tracheophyta,Magnoliopsida,Dipsacales,Caprifoliaceae,Succisa,Succisa pratensis
cf. Salix herbacea,Plantae,Tracheophyta,Magnoliopsida,Malpighiales,Salicaceae,Salix,Salix herbacea
Chrysosplenium oppositifolium,Plantae,Tracheophyta,Magnoliopsida,Saxifragales,Saxifragaceae,Chrysosplenium,Chrysosplenium oppositifolium
Prunus avium/P. spinosa,Plantae,Tracheophyta,Magnoliopsida,Rosales,Rosaceae,Prunus,NA
Silene uniflora subsp. uniflora-type,Plantae,Tracheophyta,Magnoliopsida,Caryophyllales,Caryophyllaceae,Silene,Silene uniflora
Alnus glutinosa/A. incana,Plantae,Tracheophyta,Magnoliopsida,Fagales,Betulaceae,Alnus,NA
Centaurea collina-type,Plantae,Tracheophyta,Magnoliopsida,Asterales,Asteraceae,Centaurea,NA
Cytisus-type,Plantae,Tracheophyta,Magnoliopsida,Fabales,Fabaceae,Cytisus,NA
Koenigia alpina-type,Plantae,Tracheophyta,Magnoliopsida,Caryophyllales,Polygonaceae,Koenigia,NA
Plantago alpina,Plantae,Tracheophyta,Magnoliopsida,Lamiales,Plantaginaceae,Plantago,Plantago alpina
Centaurea montana-type,Plantae,Tracheophyta,Magnoliopsida,Asterales,Asteraceae,Centaurea,NA
Eranthis hyemalis,Plantae,Tracheophyta,Magnoliopsida,Ranunculales,Ranunculaceae,Eranthis,Eranthis hyemalis
Euphrasia-type,Plantae,Tracheophyta,Magnoliopsida,Lamiales,Orobanchaceae,Euphrasia,NA
Falcaria vulgaris,Plantae,Tracheophyta,Magnoliopsida,Apiales,Apiaceae,Falcaria,Falcaria vulgaris
Petasites,Plantae,Tracheophyta,Magnoliopsida,Asterales,Asteraceae,Petasites,NA
Rumex alpinus,Plantae,Tracheophyta,Magnoliopsida,Caryophyllales,Polygonaceae,Rumex,Rumex alpinus
Alchemilla/Aphanes,Plantae,Tracheophyta,Magnoliopsida,Rosales,Rosaceae,Alchemilla,NA
Allium ursinum-type,Plantae,Tracheophyta,Liliopsida,Asparagales,Amaryllidaceae,Allium,NA
Aruncus dioicus,Plantae,Tracheophyta,Magnoliopsida,Rosales,Rosaceae,Aruncus,Aruncus dioicus
Bellis-type,Plantae,Tracheophyta,Magnoliopsida,Asterales,Asteraceae,Bellis,NA
Bistorta officinalis/B. vivipara,Plantae,Tracheophyta,Magnoliopsida,Caryophyllales,Polygonaceae,Bistorta,NA
Calystegia sepium,Plantae,Tracheophyta,Magnoliopsida,Solanales,Convolvulaceae,Calystegia,Calystegia sepium
Centaurea scabiosa-type,Plantae,Tracheophyta,Magnoliopsida,Asterales,Asteraceae,Centaurea,NA
cf. Anthericum,Plantae,Tracheophyta,Liliopsida,Asparagales,Asparagaceae,Anthericum,NA
cf. Cannabis sativa,Plantae,Tracheophyta,Magnoliopsida,Rosales,Cannabaceae,Cannabis,Cannabis sativa
cf. Humulus lupulus,Plantae,Tracheophyta,Magnoliopsida,Rosales,Cannabaceae,Humulus,Humulus lupulus
cf. Xanthium-type,Plantae,Tracheophyta,Magnoliopsida,Asterales,Asteraceae,Xanthium,NA
Coronilla-type,Plantae,Tracheophyta,Magnoliopsida,Fabales,Fabaceae,Coronilla,NA
Echium vulgare,Plantae,Tracheophyta,Magnoliopsida,Boraginales,Boraginaceae,Echium,Echium vulgare
Epipactis palustris,Plantae,Tracheophyta,Liliopsida,Asparagales,Orchidaceae,Epipactis,Epipactis palustris
Glyceria-type,Plantae,Tracheophyta,Liliopsida,Poales,Poaceae,Glyceria,NA
Gypsophila fastigiata,Plantae,Tracheophyta,Magnoliopsida,Caryophyllales,Caryophyllaceae,Gypsophila,Gypsophila fastigiata
Helianthemum canum-type,Plantae,Tracheophyta,Magnoliopsida,Malvales,Cistaceae,Helianthemum,NA
Helianthemum oelandicum-type,Plantae,Tracheophyta,Magnoliopsida,Malvales,Cistaceae,Helianthemum,NA
Loranthus europaeus,Plantae,Tracheophyta,Magnoliopsida,Santalales,Loranthaceae,Loranthus,Loranthus europaeus
Lysimachia nummularia,Plantae,Tracheophyta,Magnoliopsida,Ericales,Primulaceae,Lysimachia,Lysimachia nummularia
Lythrum portula,Plantae,Tracheophyta,Magnoliopsida,Myrtales,Lythraceae,Lythrum,Lythrum portula
Ranunculus flammula-type,Plantae,Tracheophyta,Magnoliopsida,Ranunculales,Ranunculaceae,Ranunculus,NA
Rumex acetosa/Oxyria-type,Plantae,Tracheophyta,Magnoliopsida,Caryophyllales,Polygonaceae,Rumex,NA
Rumex crispus,Plantae,Tracheophyta,Magnoliopsida,Caryophyllales,Polygonaceae,Rumex,Rumex crispus
Salix glauca-type,Plantae,Tracheophyta,Magnoliopsida,Malpighiales,Salicaceae,Salix,NA
Salix polaris-type,Plantae,Tracheophyta,Magnoliopsida,Malpighiales,Salicaceae,Salix,NA
Salvia,Plantae,Tracheophyta,Magnoliopsida,Lamiales,Lamiaceae,Salvia,NA
Scorzonera humilis-type,Plantae,Tracheophyta,Magnoliopsida,Asterales,Asteraceae,Scorzonera,NA
Scrophularia,Plantae,Tracheophyta,Magnoliopsida,Lamiales,Scrophulariaceae,Scrophularia,NA
Solanum nigrum-type,Plantae,Tracheophyta,Magnoliopsida,Solanales,Solanaceae,Solanum,NA
Thymus-type,Plantae,Tracheophyta,Magnoliopsida,Lamiales,Lamiaceae,Thymus,NA
Tussilago-type,Plantae,Tracheophyta,Magnoliopsida,Asterales,Asteraceae,Tussilago,NA
Urtica urens,Plantae,Tracheophyta,Magnoliopsida,Rosales,Urticaceae,Urtica,Urtica urens
Valeriana dioica,Plantae,Tracheophyta,Magnoliopsida,Dipsacales,Caprifoliaceae,Valeriana,Valeriana dioica
Lilium martagon-type,Plantae,Tracheophyta,Liliopsida,Liliales,Liliaceae,Lilium,NA
cf. Samolus,Plantae,Tracheophyta,Magnoliopsida,Ericales,Primulaceae,Samolus,NA
Dipsacoideae undiff.,Plantae,Tracheophyta,Magnoliopsida,Dipsacales,Caprifoliaceae,Caprifoliaceae,NA
Gentiana pneumonanthe,Plantae,Tracheophyta,Magnoliopsida,Gentianales,Gentianaceae,Gentiana,Gentiana pneumonanthe
Jasminum,Plantae,Tracheophyta,Magnoliopsida,Lamiales,Oleaceae,Jasminum,NA
Viola arvensis,Plantae,Tracheophyta,Magnoliopsida,Malpighiales,Violaceae,Viola,Viola arvensis
Viola riviniana,Plantae,Tracheophyta,Magnoliopsida,Malpighiales,Violaceae,Viola,Viola riviniana
Sambucus nigra/S. racemosa,Plantae,Tracheophyta,Magnoliopsida,Dipsacales,Viburnaceae,Sambucus,NA
Nigella,Plantae,Tracheophyta,Magnoliopsida,Ranunculales,Ranunculaceae,Nigella,NA
Panicum-type,Plantae,Tracheophyta,Liliopsida,Poales,Poaceae,Panicum,NA
Fraxinus ornus,Plantae,Tracheophyta,Magnoliopsida,Lamiales,Oleaceae,Fraxinus,Fraxinus ornus
Genista,Plantae,Tracheophyta,Magnoliopsida,Fabales,Fabaceae,Genista,NA
Pinus pinaster-type,Plantae,Tracheophyta,Pinopsida,Pinales,Pinaceae,Pinus,NA
Quercus coccifera,Plantae,Tracheophyta,Magnoliopsida,Fagales,Fagaceae,Quercus,Quercus coccifera
Bruckenthalia,Plantae,Tracheophyta,Magnoliopsida,Ericales,Ericaceae,Erica,NA
Rheum,Plantae,Tracheophyta,Magnoliopsida,Caryophyllales,Polygonaceae,Rheum,NA
Aphanes-type,Plantae,Tracheophyta,Magnoliopsida,Rosales,Rosaceae,Aphanes,NA
Araliaceae undiff.,Plantae,Tracheophyta,Magnoliopsida,Apiales,Araliaceae,Araliaceae,NA
Astrantia major,Plantae,Tracheophyta,Magnoliopsida,Apiales,Apiaceae,Astrantia,Astrantia major
Ballota-type,Plantae,Tracheophyta,Magnoliopsida,Lamiales,Lamiaceae,Ballota,NA
Bryonia,Plantae,Tracheophyta,Magnoliopsida,Cucurbitales,Cucurbitaceae,Bryonia,NA
Chelidonium majus,Plantae,Tracheophyta,Magnoliopsida,Ranunculales,Papaveraceae,Chelidonium,Chelidonium majus
Conium-type,Plantae,Tracheophyta,Magnoliopsida,Apiales,Apiaceae,Conium,NA
Cornus mas-type,Plantae,Tracheophyta,Magnoliopsida,Cornales,Cornaceae,Cornus,NA
Daucus-type,Plantae,Tracheophyta,Magnoliopsida,Apiales,Apiaceae,Daucus,NA
Dorycnium-type,Plantae,Tracheophyta,Magnoliopsida,Fabales,Fabaceae,Lotus,NA
Euonymus europaeus,Plantae,Tracheophyta,Magnoliopsida,Celastrales,Celastraceae,Euonymus,Euonymus europaeus
Helleborus-type,Plantae,Tracheophyta,Magnoliopsida,Ranunculales,Ranunculaceae,Ranunculaceae,NA
Hippocrepis,Plantae,Tracheophyta,Magnoliopsida,Fabales,Fabaceae,Hippocrepis,NA
Linum alpinum-type,Plantae,Tracheophyta,Magnoliopsida,Malpighiales,Linaceae,Linum,NA
Oxalis acetosella,Plantae,Tracheophyta,Magnoliopsida,Oxalidales,Oxalidaceae,Oxalis,Oxalis acetosella
Papaver argemone-type,Plantae,Tracheophyta,Magnoliopsida,Ranunculales,Papaveraceae,Papaver,NA
Trifolium spadiceum,Plantae,Tracheophyta,Magnoliopsida,Fabales,Fabaceae,Trifolium,Trifolium spadiceum
Anemone nemorosa,Plantae,Tracheophyta,Magnoliopsida,Ranunculales,Ranunculaceae,Anemone,Anemone nemorosa
Poaceae undiff. (>40 µm),Plantae,Tracheophyta,Liliopsida,Poales,Poaceae,Poaceae,NA
Poaceae undiff. (<40 µm),Plantae,Tracheophyta,Liliopsida,Poales,Poaceae,Poaceae,NA
Rumex acetosa/R. acetosella,Plantae,Tracheophyta,Magnoliopsida,Caryophyllales,Polygonaceae,Rumex,NA
Stachys sylvatica,Plantae,Tracheophyta,Magnoliopsida,Lamiales,Lamiaceae,Stachys,Stachys sylvatica
Armeria maritima (type B),Plantae,Tracheophyta,Magnoliopsida,Caryophyllales,Plumbaginaceae,Armeria,Armeria maritima
Cuscuta lupuliformis,Plantae,Tracheophyta,Magnoliopsida,Solanales,Convolvulaceae,Cuscuta,Cuscuta lupuliformis
Helianthemum undiff.,Plantae,Tracheophyta,Magnoliopsida,Malvales,Cistaceae,Helianthemum,NA
Spergula arvensis-type,Plantae,Tracheophyta,Magnoliopsida,Caryophyllales,Caryophyllaceae,Spergula,NA
Verbena officinalis,Plantae,Tracheophyta,Magnoliopsida,Lamiales,Verbenaceae,Verbena,Verbena officinalis
Agrostemma githago,Plantae,Tracheophyta,Magnoliopsida,Caryophyllales,Caryophyllaceae,Agrostemma,Agrostemma githago
cf. Herniaria,Plantae,Tracheophyta,Magnoliopsida,Caryophyllales,Caryophyllaceae,Herniaria,NA
cf. Sagina,Plantae,Tracheophyta,Magnoliopsida,Caryophyllales,Caryophyllaceae,Sagina,NA
Cornus cf. C. suecica,Plantae,Tracheophyta,Magnoliopsida,Cornales,Cornaceae,Cornus,NA
Gentianella campestris,Plantae,Tracheophyta,Magnoliopsida,Gentianales,Gentianaceae,Gentianella,Gentianella campestris
Hystrix,Plantae,Tracheophyta,Magnoliopsida,Poales,Poaceae,Elymus,NA
Odontites-type,Plantae,Tracheophyta,Magnoliopsida,Lamiales,Orobanchaceae,Odontites,NA
Polygonatum-type,Plantae,Tracheophyta,Liliopsida,Asparagales,Asparagaceae,Polygonatum,NA
Primula vulgaris-type,Plantae,Tracheophyta,Magnoliopsida,Ericales,Primulaceae,Primula,NA
Sambucus cf. S. racemosa,Plantae,Tracheophyta,Magnoliopsida,Dipsacales,Viburnaceae,Sambucus,NA
Saxifraga cf. S. nivalis,Plantae,Tracheophyta,Magnoliopsida,Saxifragales,Saxifragaceae,Saxifraga,NA
Stellaria cf. S. palustris,Plantae,Tracheophyta,Magnoliopsida,Caryophyllales,Caryophyllaceae,Stellaria,NA
Stellaria graminea,Plantae,Tracheophyta,Magnoliopsida,Caryophyllales,Caryophyllaceae,Stellaria,Stellaria graminea
Carex hirta-type,Plantae,Tracheophyta,Liliopsida,Poales,Cyperaceae,Carex,NA
Caryophyllaceae cf. Silene latifolia subsp. alba,Plantae,Tracheophyta,Magnoliopsida,Caryophyllales,Caryophyllaceae,Caryophyllaceae,NA
Gypsophila muralis,Plantae,Tracheophyta,Magnoliopsida,Caryophyllales,Caryophyllaceae,Psammophiliella,Psammophiliella muralis
Melilotus officinalis,Plantae,Tracheophyta,Magnoliopsida,Fabales,Fabaceae,Melilotus,Melilotus officinalis
Stellaria cf. S. media,Plantae,Tracheophyta,Magnoliopsida,Caryophyllales,Caryophyllaceae,Stellaria,NA
Allium vineale-type,Plantae,Tracheophyta,Liliopsida,Asparagales,Amaryllidaceae,Allium,NA
Armeria maritima subsp. elongata,Plantae,Tracheophyta,Magnoliopsida,Caryophyllales,Plumbaginaceae,Armeria,Armeria maritima
cf. Littorella,Plantae,Tracheophyta,Magnoliopsida,Lamiales,Plantaginaceae,Littorella,NA
cf. Lobelia,Plantae,Tracheophyta,Magnoliopsida,Asterales,Campanulaceae,Lobelia,NA
cf. Montia,Plantae,Tracheophyta,Magnoliopsida,Caryophyllales,Montiaceae,Montiaceae,NA
Iris pseudacorus,Plantae,Tracheophyta,Liliopsida,Asparagales,Iridaceae,Iris,Iris pseudacorus
Papaver argemone,Plantae,Tracheophyta,Magnoliopsida,Ranunculales,Papaveraceae,Roemeria,Roemeria argemone
Polygala vulgaris,Plantae,Tracheophyta,Magnoliopsida,Fabales,Polygalaceae,Polygala,Polygala vulgaris
Rumex conglomeratus-type,Plantae,Tracheophyta,Magnoliopsida,Caryophyllales,Polygonaceae,Rumex,NA
Saxifraga cf. S. aizoides,Plantae,Tracheophyta,Magnoliopsida,Saxifragales,Saxifragaceae,Saxifraga,NA
cf. Humulus,Plantae,Tracheophyta,Magnoliopsida,Rosales,Cannabaceae,Humulus,NA
Chenopodium album,Plantae,Tracheophyta,Magnoliopsida,Caryophyllales,Amaranthaceae,Chenopodium,Chenopodium album
Fumaria,Plantae,Tracheophyta,Magnoliopsida,Ranunculales,Papaveraceae,Fumaria,NA
Pimpinella,Plantae,Tracheophyta,Magnoliopsida,Apiales,Apiaceae,Pimpinella,NA
Scabiosa columbaria,Plantae,Tracheophyta,Magnoliopsida,Dipsacales,Caprifoliaceae,Scabiosa,Scabiosa columbaria
Valerianella dentata,Plantae,Tracheophyta,Magnoliopsida,Dipsacales,Caprifoliaceae,Valerianella,Valerianella dentata
Hornungia,Plantae,Tracheophyta,Magnoliopsida,Brassicales,Brassicaceae,Hornungia,NA
Poaceae (large),Plantae,Tracheophyta,Liliopsida,Poales,Poaceae,Poaceae,NA
Anthericum-type,Plantae,Tracheophyta,Liliopsida,Asparagales,Asparagaceae,Anthericum,NA
Anthriscus sylvestris,Plantae,Tracheophyta,Magnoliopsida,Apiales,Apiaceae,Anthriscus,Anthriscus sylvestris
Calluna vulgaris-type,Plantae,Tracheophyta,Magnoliopsida,Ericales,Ericaceae,Calluna,NA
Centaurea montana/Cyanus triumfettii,Plantae,Tracheophyta,Magnoliopsida,Asterales,Asteraceae,Centaurea,NA
Cerastium fontanum-type,Plantae,Tracheophyta,Magnoliopsida,Caryophyllales,Caryophyllaceae,Cerastium,NA
Falcaria vulgaris-type,Plantae,Tracheophyta,Magnoliopsida,Apiales,Apiaceae,Falcaria,NA
Fraxinus excelsior-type,Plantae,Tracheophyta,Magnoliopsida,Lamiales,Oleaceae,Fraxinus,NA
Fritillaria-type,Plantae,Tracheophyta,Liliopsida,Liliales,Liliaceae,Fritillaria,NA
Herniaria glabra-type,Plantae,Tracheophyta,Magnoliopsida,Caryophyllales,Caryophyllaceae,Herniaria,NA
Humulus/Cannabis-type,Plantae,Tracheophyta,Magnoliopsida,Rosales,Cannabaceae,Humulus,NA
Ilex aquifolium-type,Plantae,Tracheophyta,Magnoliopsida,Aquifoliales,Aquifoliaceae,Ilex,NA
Laurus,Plantae,Tracheophyta,Magnoliopsida,Laurales,Lauraceae,Laurus,NA
Linum austriacum-type,Plantae,Tracheophyta,Magnoliopsida,Malpighiales,Linaceae,Linum,NA
Morus alba,Plantae,Tracheophyta,Magnoliopsida,Rosales,Moraceae,Morus,Morus alba
Pentaglottis sempervirens,Plantae,Tracheophyta,Magnoliopsida,Boraginales,Boraginaceae,Pentaglottis,Pentaglottis sempervirens
Pinus sylvestris-type,Plantae,Tracheophyta,Pinopsida,Pinales,Pinaceae,Pinus,NA
Saxifraga granulata,Plantae,Tracheophyta,Magnoliopsida,Saxifragales,Saxifragaceae,Saxifraga,Saxifraga granulata
Sorbus aucuparia-type,Plantae,Tracheophyta,Magnoliopsida,Rosales,Rosaceae,Sorbus,NA
Trifolium badium-type,Plantae,Tracheophyta,Magnoliopsida,Fabales,Fabaceae,Trifolium,NA
Anethum-type,Plantae,Tracheophyta,Magnoliopsida,Apiales,Apiaceae,Anethum,NA
Filipendula-type,Plantae,Tracheophyta,Magnoliopsida,Rosales,Rosaceae,Filipendula,NA
Linaria-type,Plantae,Tracheophyta,Magnoliopsida,Lamiales,Plantaginaceae,Linaria,NA
Adonis-type,Plantae,Tracheophyta,Magnoliopsida,Ranunculales,Ranunculaceae,Adonis,NA
Iris-type,Plantae,Tracheophyta,Liliopsida,Asparagales,Iridaceae,Iris,NA
Berberis vulgaris,Plantae,Tracheophyta,Magnoliopsida,Ranunculales,Berberidaceae,Berberis,Berberis vulgaris
Betula cf. B. nana,Plantae,Tracheophyta,Magnoliopsida,Fagales,Betulaceae,Betula,NA
cf. Xanthium,Plantae,Tracheophyta,Magnoliopsida,Asterales,Asteraceae,Xanthium,NA
Cyperus,Plantae,Tracheophyta,Liliopsida,Poales,Cyperaceae,Cyperus,NA
Gypsophila fastigiata-type,Plantae,Tracheophyta,Magnoliopsida,Caryophyllales,Caryophyllaceae,Gypsophila,NA
Lithospermum-type,Plantae,Tracheophyta,Magnoliopsida,Boraginales,Boraginaceae,Lithospermum,NA
Populus tremula-type,Plantae,Tracheophyta,Magnoliopsida,Malpighiales,Salicaceae,Populus,NA
Silene undiff.,Plantae,Tracheophyta,Magnoliopsida,Caryophyllales,Caryophyllaceae,Silene,NA
Urtica cf. U. dioica,Plantae,Tracheophyta,Magnoliopsida,Rosales,Urticaceae,Urtica,NA
Agropyron-type,Plantae,Tracheophyta,Liliopsida,Poales,Poaceae,Agropyron,NA
Arum/Acorus,Plantae,Tracheophyta,Liliopsida,Alismatales,Araceae/Acoraceae,Arum/Acora,NA
Buxus sempervirens,Plantae,Tracheophyta,Magnoliopsida,Buxales,Buxaceae,Buxus,Buxus sempervirens
cf. Cannabis,Plantae,Tracheophyta,Magnoliopsida,Rosales,Cannabaceae,Cannabis,NA
cf. Chrysanthemum,Plantae,Tracheophyta,Magnoliopsida,Asterales,Asteraceae,Chrysanthemum,NA
cf. Sorbus aucuparia,Plantae,Tracheophyta,Magnoliopsida,Rosales,Rosaceae,Sorbus,Sorbus aucuparia
cf. Triticum turgidum subsp. dicoccon,Plantae,Tracheophyta,Liliopsida,Poales,Poaceae,Triticum,Triticum turgidum
Dactylis-type,Plantae,Tracheophyta,Liliopsida,Poales,Poaceae,Dactylis,NA
Fallopia convolvulus/F. dumetorum,Plantae,Tracheophyta,Magnoliopsida,Caryophyllales,Polygonaceae,Fallopia,NA
Glechoma-type,Plantae,Tracheophyta,Magnoliopsida,Lamiales,Lamiaceae,Glechoma,NA
Phleum-type,Plantae,Tracheophyta,Liliopsida,Poales,Poaceae,Phleum,NA
Polygonatum verticillatum,Plantae,Tracheophyta,Liliopsida,Asparagales,Asparagaceae,Polygonatum,Polygonatum verticillatum
Rumex cf. R. obtusifolius,Plantae,Tracheophyta,Magnoliopsida,Caryophyllales,Polygonaceae,Rumex,NA
Sambucus cf. S. nigra,Plantae,Tracheophyta,Magnoliopsida,Dipsacales,Viburnaceae,Sambucus,NA
Staphylea,Plantae,Tracheophyta,Magnoliopsida,Crossosomatales,Staphyleaceae,Staphylea,NA
Poaceae (Cerealia-type) undiff.,Plantae,Tracheophyta,Liliopsida,Poales,Poaceae,Poaceae,NA
Arnica montana,Plantae,Tracheophyta,Magnoliopsida,Asterales,Asteraceae,Arnica,Arnica montana
Bellis,Plantae,Tracheophyta,Magnoliopsida,Asterales,Asteraceae,Bellis,NA
Convallaria majalis,Plantae,Tracheophyta,Liliopsida,Asparagales,Asparagaceae,Convallaria,Convallaria majalis
Cytisus scoparius,Plantae,Tracheophyta,Magnoliopsida,Fabales,Fabaceae,Cytisus,Cytisus scoparius
Erigeron,Plantae,Tracheophyta,Magnoliopsida,Asterales,Asteraceae,Erigeron,NA
Hippocrepis-type,Plantae,Tracheophyta,Magnoliopsida,Fabales,Fabaceae,Hippocrepis,NA
Homogyne,Plantae,Tracheophyta,Magnoliopsida,Asterales,Asteraceae,Homogyne,NA
Lonicera xylosteum-type,Plantae,Tracheophyta,Magnoliopsida,Dipsacales,Caprifoliaceae,Lonicera,NA
Medicago falcata-type,Plantae,Tracheophyta,Magnoliopsida,Fabales,Fabaceae,Medicago,NA
Mercurialis annua,Plantae,Tracheophyta,Magnoliopsida,Malpighiales,Euphorbiaceae,Mercurialis,Mercurialis annua
Onosma,Plantae,Tracheophyta,Magnoliopsida,Boraginales,Boraginaceae,Onosma,NA
Tussilago farfara,Plantae,Tracheophyta,Magnoliopsida,Asterales,Asteraceae,Tussilago,Tussilago farfara
Valeriana tripteris-type,Plantae,Tracheophyta,Magnoliopsida,Dipsacales,Caprifoliaceae,Valeriana,NA
Ranunculus lingua-type,Plantae,Tracheophyta,Magnoliopsida,Ranunculales,Ranunculaceae,Ranunculus,NA
Arbutus,Plantae,Tracheophyta,Magnoliopsida,Ericales,Ericaceae,Arbutus,NA
Arceuthobium oxycedri,Plantae,Tracheophyta,Magnoliopsida,Santalales,Viscaceae,Arceuthobium,Arceuthobium oxycedri
Asparagus acutifolius,Plantae,Tracheophyta,Liliopsida,Asparagales,Asparagaceae,Asparagus,Asparagus acutifolius
Asphodeline,Plantae,Tracheophyta,Liliopsida,Asparagales,Asphodelaceae,Asphodeline,NA
Asphodelus albus-type,Plantae,Tracheophyta,Liliopsida,Asparagales,Asphodelaceae,Asphodelus,NA
Calligonum,Plantae,Tracheophyta,Magnoliopsida,Caryophyllales,Polygonaceae,Calligonum,NA
Cardamine-type,Plantae,Tracheophyta,Magnoliopsida,Brassicales,Brassicaceae,Cardamine,NA
Carlina,Plantae,Tracheophyta,Magnoliopsida,Asterales,Asteraceae,Carlina,NA
Carthamus,Plantae,Tracheophyta,Magnoliopsida,Asterales,Asteraceae,Carthamus,NA
Carthamus-type,Plantae,Tracheophyta,Magnoliopsida,Asterales,Asteraceae,Carthamus,NA
Centaurium,Plantae,Tracheophyta,Magnoliopsida,Gentianales,Gentianaceae,Centaurium,NA
Cistus monspeliensis,Plantae,Tracheophyta,Magnoliopsida,Malvales,Cistaceae,Cistus,Cistus monspeliensis
Cistus salviifolius,Plantae,Tracheophyta,Magnoliopsida,Malvales,Cistaceae,Cistus,Cistus salviifolius
Crupina-type,Plantae,Tracheophyta,Magnoliopsida,Asterales,Asteraceae,Crupina,NA
Cyperus-type,Plantae,Tracheophyta,Liliopsida,Poales,Cyperaceae,Cyperus,NA
Epipactis palustris-type,Plantae,Tracheophyta,Liliopsida,Asparagales,Orchidaceae,Epipactis,NA
Erica arborea-type,Plantae,Tracheophyta,Magnoliopsida,Ericales,Ericaceae,Erica,NA
Ficus,Plantae,Tracheophyta,Magnoliopsida,Rosales,Moraceae,Ficus,NA
Gagea/Tulipa,Plantae,Tracheophyta,Liliopsida,Liliales,Liliaceae,Gagea/Tulipa,NA
Helleborus foetidus,Plantae,Tracheophyta,Magnoliopsida,Ranunculales,Ranunculaceae,Helleborus,Helleborus foetidus
Linum usitatissimum-type,Plantae,Tracheophyta,Magnoliopsida,Malpighiales,Linaceae,Linum,NA
Lycopsis arvensis,Plantae,Tracheophyta,Magnoliopsida,Boraginales,Boraginaceae,Lycopsis,Lycopsis arvensis
Lygeum spartum,Plantae,Tracheophyta,Liliopsida,Poales,Poaceae,Lygeum,Lygeum spartum
Myrtus communis,Plantae,Tracheophyta,Magnoliopsida,Myrtales,Myrtaceae,Myrtus,Myrtus communis
Nerium oleander,Plantae,Tracheophyta,Magnoliopsida,Gentianales,Apocynaceae,Nerium,Nerium oleander
Ostrya/Carpinus orientalis,Plantae,Tracheophyta,Magnoliopsida,Fagales,Betulaceae,Ostrya,NA
Paronychia-type,Plantae,Tracheophyta,Magnoliopsida,Caryophyllales,Caryophyllaceae,Paronychia,NA
Pinus halepensis-type,Plantae,Tracheophyta,Pinopsida,Pinales,Pinaceae,Pinus,NA
Quercus cerris/Q. suber,Plantae,Tracheophyta,Magnoliopsida,Fagales,Fagaceae,Quercus,NA
Quercus pubescens-type,Plantae,Tracheophyta,Magnoliopsida,Fagales,Fagaceae,Quercus,NA
Theligonum cynocrambe,Plantae,Tracheophyta,Magnoliopsida,Gentianales,Rubiaceae,Theligonum,Theligonum cynocrambe
Viburnum tinus,Plantae,Tracheophyta,Magnoliopsida,Dipsacales,Viburnaceae,Viburnum,Viburnum tinus
Aster/Achillea,Plantae,Tracheophyta,Magnoliopsida,Asterales,Asteraceae,Asteraceae,NA
Carpinus orientalis,Plantae,Tracheophyta,Magnoliopsida,Fagales,Betulaceae,Carpinus,Carpinus orientalis
Jurinea,Plantae,Tracheophyta,Magnoliopsida,Asterales,Asteraceae,Jurinea,NA
Quercus cerris,Plantae,Tracheophyta,Magnoliopsida,Fagales,Fagaceae,Quercus,Quercus cerris
Mercurialis perennis-type,Plantae,Tracheophyta,Magnoliopsida,Malpighiales,Euphorbiaceae,Mercurialis,NA
Minuartia-type,Plantae,Tracheophyta,Magnoliopsida,Caryophyllales,Caryophyllaceae,Minuartia,NA
Orlaya grandiflora,Plantae,Tracheophyta,Magnoliopsida,Apiales,Apiaceae,Orlaya,Orlaya grandiflora
Torilis arvensis,Plantae,Tracheophyta,Magnoliopsida,Apiales,Apiaceae,Torilis,Torilis arvensis
Trifolium alpinum-type,Plantae,Tracheophyta,Magnoliopsida,Fabales,Fabaceae,Trifolium,NA
Asarum europaeum,Plantae,Tracheophyta,Magnoliopsida,Piperales,Aristolochiaceae,Asarum,Asarum europaeum
Betula pendula,Plantae,Tracheophyta,Magnoliopsida,Fagales,Betulaceae,Betula,Betula pendula
Betula pubescens,Plantae,Tracheophyta,Magnoliopsida,Fagales,Betulaceae,Betula,Betula pubescens
Cichorium,Plantae,Tracheophyta,Magnoliopsida,Asterales,Asteraceae,Cichorium,NA
Santalaceae,Plantae,Tracheophyta,Magnoliopsida,Santalales,Santalaceae,Santalaceae,NA
cf. Limonium,Plantae,Tracheophyta,Magnoliopsida,Caryophyllales,Plumbaginaceae,Limonium,NA
Collinsia,Plantae,Tracheophyta,Magnoliopsida,Lamiales,Plantaginaceae,Collinsia,NA
Heliantheae undiff.,Plantae,Tracheophyta,Magnoliopsida,Asterales,Asteraceae,Heliantheae,NA
Pinus peuce,Plantae,Tracheophyta,Pinopsida,Pinales,Pinaceae,Pinus,Pinus peuce
Quercus cerris-type,Plantae,Tracheophyta,Magnoliopsida,Fagales,Fagaceae,Quercus,NA
Verbascum-type,Plantae,Tracheophyta,Magnoliopsida,Lamiales,Scrophulariaceae,Verbascum,NA
cf. Polemonium,Plantae,Tracheophyta,Magnoliopsida,Ericales,Polemoniaceae,Polemonium,NA
Knautia/Dipsacus,Plantae,Tracheophyta,Magnoliopsida,Dipsacales,Caprifoliaceae,Knautia,NA
Plantago media/P. montana,Plantae,Tracheophyta,Magnoliopsida,Lamiales,Plantaginaceae,Plantago,NA
Gypsophila-type,Plantae,Tracheophyta,Magnoliopsida,Caryophyllales,Caryophyllaceae,Gypsophila,NA
Pistacia lentiscus,Plantae,Tracheophyta,Magnoliopsida,Sapindales,Anacardiaceae,Pistacia,Pistacia lentiscus
Saxifraga paniculata-type,Plantae,Tracheophyta,Magnoliopsida,Saxifragales,Saxifragaceae,Saxifraga,NA
Sempervivum,Plantae,Tracheophyta,Magnoliopsida,Saxifragales,Crassulaceae,Sempervivum,NA
Streptopus amplexifolius,Plantae,Tracheophyta,Liliopsida,Liliales,Liliaceae,Streptopus,Streptopus amplexifolius
Vincetoxicum,Plantae,Tracheophyta,Magnoliopsida,Gentianales,Apocynaceae,Vincetoxicum,NA
Xeranthemum,Plantae,Tracheophyta,Magnoliopsida,Asterales,Asteraceae,Xeranthemum,NA
Myosotis arvensis-type,Plantae,Tracheophyta,Magnoliopsida,Boraginales,Boraginaceae,Myosotis,NA
Lotus corniculatus,Plantae,Tracheophyta,Magnoliopsida,Fabales,Fabaceae,Lotus,Lotus corniculatus
Poterium,Plantae,Tracheophyta,Magnoliopsida,Rosales,Rosaceae,Poterium,NA
Quercus (deciduous),Plantae,Tracheophyta,Magnoliopsida,Fagales,Fagaceae,Quercus,NA
Rumex aquaticus,Plantae,Tracheophyta,Magnoliopsida,Caryophyllales,Polygonaceae,Rumex,Rumex aquaticus
cf. Avena,Plantae,Tracheophyta,Liliopsida,Poales,Poaceae,Avena,NA
Hordeum/Secale,Plantae,Tracheophyta,Liliopsida,Poales,Poaceae,Hordeum,NA
Sambucus ebulus,Plantae,Tracheophyta,Magnoliopsida,Dipsacales,Viburnaceae,Sambucus,Sambucus ebulus
Tilia undiff.,Plantae,Tracheophyta,Magnoliopsida,Malvales,Malvaceae,Tilia,NA
Androsace-type,Plantae,Tracheophyta,Magnoliopsida,Ericales,Primulaceae,Androsace,NA
Arctostaphylos uva-ursi-type,Plantae,Tracheophyta,Magnoliopsida,Ericales,Ericaceae,Arctostaphylos,NA
Bambusa-type,Plantae,Tracheophyta,Liliopsida,Poales,Poaceae,Bambusa,NA
Betula pubescens-type,Plantae,Tracheophyta,Magnoliopsida,Fagales,Betulaceae,Betula,NA
Bruckenthalia-type,Plantae,Tracheophyta,Magnoliopsida,Ericales,Ericaceae,Erica,NA
Cedrus-type,Plantae,Tracheophyta,Pinopsida,Pinales,Pinaceae,Cedrus,NA
Chamaenerion,Plantae,Tracheophyta,Magnoliopsida,Myrtales,Onagraceae,Chamaenerion,NA
Coniferae-type,Plantae,undiff,undiff,undiff,undiff,undiff,NA
Geranium-type,Plantae,Tracheophyta,Magnoliopsida,Geraniales,Geraniaceae,Geranium,NA
Juglandaceae-type,Plantae,Tracheophyta,Magnoliopsida,Fagales,Juglandaceae,Juglandaceae,NA
Magnolia-type,Plantae,Tracheophyta,Magnoliopsida,Magnoliales,Magnoliaceae,Magnolia,NA
Podocarpus-type,Plantae,Tracheophyta,Pinopsida,Pinales,Podocarpaceae,Podocarpus,NA
Rumex cf. R. alpinus,Plantae,Tracheophyta,Magnoliopsida,Caryophyllales,Polygonaceae,Rumex,NA
Sileneae,Plantae,Tracheophyta,Magnoliopsida,Caryophyllales,Caryophyllaceae,Caryophyllaceae,NA
Sorbus aria-type,Plantae,Tracheophyta,Magnoliopsida,Rosales,Rosaceae,Sorbus,NA
Tsuga diversifolia-type,Plantae,Tracheophyta,Pinopsida,Pinales,Pinaceae,Tsuga,NA
Tsuga-type,Plantae,Tracheophyta,Pinopsida,Pinales,Pinaceae,Tsuga,NA
Buphthalmum,Plantae,Tracheophyta,Magnoliopsida,Asterales,Asteraceae,Buphthalmum,NA
Geum montanum-type,Plantae,Tracheophyta,Magnoliopsida,Rosales,Rosaceae,Geum,NA
Holosteum umbellatum,Plantae,Tracheophyta,Magnoliopsida,Caryophyllales,Caryophyllaceae,Holosteum,Holosteum umbellatum
Ligusticum mutellinoides-type,Plantae,Tracheophyta,Magnoliopsida,Apiales,Apiaceae,Ligusticum,NA
Minuartia verna-type,Plantae,Tracheophyta,Magnoliopsida,Caryophyllales,Caryophyllaceae,Minuartia,NA
Moehringia-type,Plantae,Tracheophyta,Magnoliopsida,Caryophyllales,Caryophyllaceae,Moehringia,NA
Myricaria germanica,Plantae,Tracheophyta,Magnoliopsida,Caryophyllales,Tamaricaceae,Myricaria,Myricaria germanica
Turgenia latifolia,Plantae,Tracheophyta,Magnoliopsida,Apiales,Apiaceae,Turgenia,Turgenia latifolia
Centaurea undiff.,Plantae,Tracheophyta,Magnoliopsida,Asterales,Asteraceae,Centaurea,NA
Fagopyrum-type,Plantae,Tracheophyta,Magnoliopsida,Caryophyllales,Polygonaceae,Fagopyrum,NA
Knautia arvensis-type,Plantae,Tracheophyta,Magnoliopsida,Dipsacales,Caprifoliaceae,Knautia,NA
Normapolles,Plantae,undiff,undiff,undiff,undiff,undiff,NA
Potentilla/Comarum,Plantae,Tracheophyta,Magnoliopsida,Rosales,Rosaceae,Potentilla/Comarum,NA
Scleranthus annuus-type,Plantae,Tracheophyta,Magnoliopsida,Caryophyllales,Caryophyllaceae,Scleranthus,NA
Sorbus torminalis,Plantae,Tracheophyta,Magnoliopsida,Rosales,Rosaceae,Torminalis,Torminalis glaberrima
Angelica sylvestris,Plantae,Tracheophyta,Magnoliopsida,Apiales,Apiaceae,Angelica,Angelica sylvestris
Athamanta cretensis,Plantae,Tracheophyta,Magnoliopsida,Apiales,Apiaceae,Athamanta,Athamanta cretensis
Lonicera alpigena,Plantae,Tracheophyta,Magnoliopsida,Dipsacales,Caprifoliaceae,Lonicera,Lonicera alpigena
Coriaria,Plantae,Tracheophyta,Magnoliopsida,Cucurbitales,Coriariaceae,Coriaria,NA
Cyperus capitatus,Plantae,Tracheophyta,Liliopsida,Poales,Cyperaceae,Cyperus,Cyperus capitatus
Gentiana verna,Plantae,Tracheophyta,Magnoliopsida,Gentianales,Gentianaceae,Gentiana,Gentiana verna
Olea europaea,Plantae,Tracheophyta,Magnoliopsida,Lamiales,Oleaceae,Olea,Olea europaea
Ranunculus lanuginosus,Plantae,Tracheophyta,Magnoliopsida,Ranunculales,Ranunculaceae,Ranunculus,Ranunculus lanuginosus
Stellaria holostea-type,Plantae,Tracheophyta,Magnoliopsida,Caryophyllales,Caryophyllaceae,Stellaria,NA
Anemone sect. Pulsatilla-type,Plantae,Tracheophyta,Magnoliopsida,Ranunculales,Ranunculaceae,Anemone,NA
Centaurea solstitialis-type,Plantae,Tracheophyta,Magnoliopsida,Asterales,Asteraceae,Centaurea,NA
Cistus albidus-type,Plantae,Tracheophyta,Magnoliopsida,Malvales,Cistaceae,Cistus,NA
Cotinus-type,Plantae,Tracheophyta,Magnoliopsida,Sapindales,Anacardiaceae,Cotinus,NA
Fraxinus angustifolia-type,Plantae,Tracheophyta,Magnoliopsida,Lamiales,Oleaceae,Fraxinus,NA
Heliotropium-type,Plantae,Tracheophyta,Magnoliopsida,Boraginales,Heliotropiaceae,Heliotropium,NA
Marrubium,Plantae,Tracheophyta,Magnoliopsida,Lamiales,Lamiaceae,Marrubium,NA
Myrtus,Plantae,Tracheophyta,Magnoliopsida,Myrtales,Myrtaceae,Myrtus,NA
Plantago lagopus-type,Plantae,Tracheophyta,Magnoliopsida,Lamiales,Plantaginaceae,Plantago,NA
Quercus (deciduous-type),Plantae,Tracheophyta,Magnoliopsida,Fagales,Fagaceae,Quercus,NA
Quercus (evergreen-type),Plantae,Tracheophyta,Magnoliopsida,Fagales,Fagaceae,Quercus,NA
Teucrium-type,Plantae,Tracheophyta,Magnoliopsida,Lamiales,Lamiaceae,Teucrium,NA
Anthemideae,Plantae,Tracheophyta,Mangnoliopsida,Asterales,Asteraceae,Asteraceae,NA
Crepis,Plantae,Tracheophyta,Magnoliopsida,Asterales,Asteraceae,Crepis,NA
Myrrhis-type,Plantae,Tracheophyta,Magnoliopsida,Apiales,Apiaceae,Myrrhis,NA
Parnassia-type,Plantae,Tracheophyta,Magnoliopsida,Celastrales,Parnassiaceae,Parnassia,NA
Hypericum elodes,Plantae,Tracheophyta,Magnoliopsida,Malpighiales,Hypericaceae,Hypericum,Hypericum elodes
Rumex hydrolapathum,Plantae,Tracheophyta,Magnoliopsida,Caryophyllales,Polygonaceae,Rumex,Rumex hydrolapathum
Atropa belladonna,Plantae,Tracheophyta,Magnoliopsida,Solanales,Solanaceae,Atropa,Atropa belladonna
Borago,Plantae,Tracheophyta,Magnoliopsida,Boraginales,Boraginaceae,Borago,NA
Spartium,Plantae,Tracheophyta,Magnoliopsida,Fabales,Fabaceae,Spartium,NA
Viola tricolor,Plantae,Tracheophyta,Magnoliopsida,Malpighiales,Violaceae,Viola,Viola tricolor
Calystegia sepium-type,Plantae,Tracheophyta,Magnoliopsida,Solanales,Convolvulaceae,Calystegia,NA
Dioscorea,Plantae,Tracheophyta,Liliopsida,Dioscoreales,Dioscoreaceae,Dioscorea,NA
Apium-type,Plantae,Tracheophyta,Magnoliopsida,Apiales,Apiaceae,Apium,NA
Plantago pro parte,Plantae,Tracheophyta,Magnoliopsida,Lamiales,Plantaginaceae,Plantago,NA
Ammi,Plantae,Tracheophyta,Magnoliopsida,Apiales,Apiaceae,Ammi,NA
Atriplex,Plantae,Tracheophyta,Magnoliopsida,Caryophyllales,Amaranthaceae,Atriplex,NA
Rosaceae (type A),Plantae,Tracheophyta,Magnoliopsida,Rosales,Rosaceae,Rosaceae,NA
Rosaceae (type B),Plantae,Tracheophyta,Magnoliopsida,Rosales,Rosaceae,Rosaceae,NA
Androsace alpina-type,Plantae,Tracheophyta,Magnoliopsida,Ericales,Primulaceae,Androsace,NA
Chrysosplenium undiff.,Plantae,Tracheophyta,Magnoliopsida,Saxifragales,Saxifragaceae,Chrysosplenium,NA
Lamium album-type,Plantae,Tracheophyta,Magnoliopsida,Lamiales,Lamiaceae,Lamium,NA
Narcissus pseudonarcissus-type,Plantae,Tracheophyta,Liliopsida,Asparagales,Amaryllidaceae,Narcissus,NA
Phyteuma-type,Plantae,Tracheophyta,Magnoliopsida,Asterales,Campanulaceae,Phyteuma,NA
Saxifraga hirculus-type,Plantae,Tracheophyta,Magnoliopsida,Saxifragales,Saxifragaceae,Saxifraga,NA
Vicia/Lathyrus-type,Plantae,Tracheophyta,Magnoliopsida,Fabales,Fabaceae,Vicia,NA
Echium-type,Plantae,Tracheophyta,Magnoliopsida,Boraginales,Boraginaceae,Echium,NA
Helleborus viridis-type,Plantae,Tracheophyta,Magnoliopsida,Ranunculales,Ranunculaceae,Helleborus,NA
Narcissus-type,Plantae,Tracheophyta,Liliopsida,Asparagales,Amaryllidaceae,Narcissus,NA
Homogyne-type,Plantae,Tracheophyta,Magnoliopsida,Asterales,Asteraceae,Homogyne,NA
Tozzia alpina,Plantae,Tracheophyta,Magnoliopsida,Lamiales,Orobanchaceae,Tozzia,Tozzia alpina
Claytonia arctica,Plantae,Tracheophyta,Magnoliopsida,Caryophyllales,Montiaceae,Claytonia,Claytonia arctica
Claytonia undiff.,Plantae,Tracheophyta,Magnoliopsida,Caryophyllales,Montiaceae,Claytonia,NA
Asteroideae pro parte,Plantae,Tracheophyta,Mangnoliopsida,Asterales,Asteraceae,Asteraceae,NA
Caryophyllaceae pro parte,Plantae,Tracheophyta,Magnoliopsida,Caryophyllales,Caryophyllaceae,Caryophyllaceae,NA
Euphorbia cf. E. palustris,Plantae,Tracheophyta,Magnoliopsida,Malpighiales,Euphorbiaceae,Euphorbia,NA
Fabaceae pro parte,Plantae,Tracheophyta,Magnoliopsida,Fabales,Fabaceae,Fabaceae,NA
Lamiaceae pro parte,Plantae,Tracheophyta,Magnoliopsida,Lamiales,Lamiaceae,Lamiaceae,NA
Liliaceae pro parte,Plantae,Tracheophyta,Liliopsida,Liliales,Liliaceae,Liliaceae,NA
Melampyrum pratense,Plantae,Tracheophyta,Magnoliopsida,Lamiales,Orobanchaceae,Melampyrum,Melampyrum pratense
Poaceae pro parte,Plantae,Tracheophyta,Liliopsida,Poales,Poaceae,Poaceae,NA
Ranunculaceae pro parte,Plantae,Tracheophyta,Magnoliopsida,Ranunculales,Ranunculaceae,Ranunculaceae,NA
Rosaceae pro parte,Plantae,Tracheophyta,Magnoliopsida,Rosales,Rosaceae,Rosaceae,NA
Spermatophyta undiff. (upland herbs),Plantae,undiff,undiff,undiff,undiff,undiff,NA
Muscari,Plantae,Tracheophyta,Liliopsida,Asparagales,Asparagaceae,Muscari,NA
Gentiana lutea,Plantae,Tracheophyta,Magnoliopsida,Gentianales,Gentianaceae,Gentiana,Gentiana lutea
Hedera-type,Plantae,Tracheophyta,Magnoliopsida,Apiales,Araliaceae,Araliaceae,NA
Betula sect. Apterocaryon-type,Plantae,Tracheophyta,Magnoliopsida,Fagales,Betulaceae,Betula,NA
Betula sect. Betula-type,Plantae,Tracheophyta,Magnoliopsida,Fagales,Betulaceae,Betula,NA
Pinus sibirica,Plantae,Tracheophyta,Pinopsida,Pinales,Pinaceae,Pinus,Pinus sibirica
Rumex/Oxyria-type,Plantae,Tracheophyta,Magnoliopsida,Caryophyllales,Polygonaceae,Rumex,NA
Ulmus sp.,Plantae,Tracheophyta,Magnoliopsida,Rosales,Ulmaceae,Ulmus,NA
Centaurea cf. C. cyanus-type,Plantae,Tracheophyta,Magnoliopsida,Asterales,Asteraceae,Centaurea,NA
Centaurea cf. C. nigra-type,Plantae,Tracheophyta,Magnoliopsida,Asterales,Asteraceae,Centaurea,NA
Centaurea cf. C. scabiosa-type,Plantae,Tracheophyta,Magnoliopsida,Asterales,Asteraceae,Centaurea,NA
cf. Acorus,Plantae,Tracheophyta,Liliopsida,Acorales,Acoraceae,Acorus,NA
cf. Alchemilla,Plantae,Tracheophyta,Magnoliopsida,Rosales,Rosaceae,Alchemilla,NA
cf. Armeria (type A),Plantae,Tracheophyta,Magnoliopsida,Caryophyllales,Plumbaginaceae,Armeria,NA
cf. Cedrus,Plantae,Tracheophyta,Pinopsida,Pinales,Pinaceae,Cedrus,NA
cf. Centaurium,Plantae,Tracheophyta,Magnoliopsida,Gentianales,Gentianaceae,Centaurium,NA
cf. Daphne,Plantae,Tracheophyta,Magnoliopsida,Malvales,Thymelaeaceae,Daphne,NA
cf. Epilobium,Plantae,Tracheophyta,Magnoliopsida,Myrtales,Onagraceae,Epilobium,NA
cf. Euphorbia,Plantae,Tracheophyta,Magnoliopsida,Malpighiales,Euphorbiaceae,Euphorbia,NA
cf. Lonicera,Plantae,Tracheophyta,Magnoliopsida,Dipsacales,Caprifoliaceae,Lonicera,NA
cf. Myrtus,Plantae,Tracheophyta,Magnoliopsida,Myrtales,Myrtaceae,Myrtus,NA
cf. Olea,Plantae,Tracheophyta,Magnoliopsida,Lamiales,Oleaceae,Olea,NA
cf. Persicaria amphibia,Plantae,Tracheophyta,Magnoliopsida,Caryophyllales,Polygonaceae,Persicaria,Persicaria amphibia
cf. Polygonum,Plantae,Tracheophyta,Magnoliopsida,Caryophyllales,Polygonaceae,Polygonum,NA
cf. Succisa,Plantae,Tracheophyta,Magnoliopsida,Dipsacales,Caprifoliaceae,Succisa,NA
cf. Viscum,Plantae,Tracheophyta,Magnoliopsida,Santalales,Viscaceae,Viscum,NA
cf. Viola,Plantae,Tracheophyta,Magnoliopsida,Malpighiales,Violaceae,Viola,NA
Agrimonia-type,Plantae,Tracheophyta,Magnoliopsida,Rosales,Rosaceae,Agrimonia,NA
Arnica-type,Plantae,Tracheophyta,Magnoliopsida,Asterales,Asteraceae,Arnica,NA
Sison amomum,Plantae,Tracheophyta,Magnoliopsida,Apiales,Apiaceae,Sison,Sison amomum
Sium latifolium-type,Plantae,Tracheophyta,Magnoliopsida,Apiales,Apiaceae,Sium,NA
Torilis nodosa,Plantae,Tracheophyta,Magnoliopsida,Apiales,Apiaceae,Torilis,Torilis nodosa
Trinia glauca,Plantae,Tracheophyta,Magnoliopsida,Apiales,Apiaceae,Trinia,Trinia glauca
Claytonia sarmentosa,Plantae,Tracheophyta,Magnoliopsida,Caryophyllales,Montiaceae,Claytonia,Claytonia sarmentosa
Claytoniella vassilievii,Plantae,Tracheophyta,Magnoliopsida,Caryophyllales,Montiaceae,Montia,Montia vassilievii
Betula humilis,Plantae,Tracheophyta,Magnoliopsida,Fagales,Betulaceae,Betula,Betula humilis
cf. Filipendula,Plantae,Tracheophyta,Magnoliopsida,Rosales,Rosaceae,Filipendula,NA
cf. Sorbus,Plantae,Tracheophyta,Magnoliopsida,Rosales,Rosaceae,Sorbus,NA
Ulex/Cytisus sect. Spartopsis,Plantae,Tracheophyta,Magnoliopsida,Fabales,Fabaceae,Ulex,NA
cf. Ruta,Plantae,Tracheophyta,Magnoliopsida,Sapindales,Rutaceae,Ruta,NA
Lamiaceae (hexacolpate),Plantae,Tracheophyta,Magnoliopsida,Lamiales,Lamiaceae,Lamiaceae,NA
Lamiaceae (tricolpate),Plantae,Tracheophyta,Magnoliopsida,Lamiales,Lamiaceae,Lamiaceae,NA
Psylliostachys spicata,Plantae,Tracheophyta,Magnoliopsida,Caryophyllales,Plumbaginaceae,Psylliostachys,Psylliostachys spicatus
Rumex cf. R. hydrolapathum,Plantae,Tracheophyta,Magnoliopsida,Caryophyllales,Polygonaceae,Rumex,NA
Betula cf. B. fruticosa,Plantae,Tracheophyta,Magnoliopsida,Fagales,Betulaceae,Betula,NA
Betula cf. B. pendula,Plantae,Tracheophyta,Magnoliopsida,Fagales,Betulaceae,Betula,NA
Alnus subg. Alnobetula,Plantae,Tracheophyta,Magnoliopsida,Fagales,Betulaceae,Alnus,NA
Campanula/Jasione,Plantae,Tracheophyta,Magnoliopsida,Asterales,Campanulaceae,Campanula,NA
Zygophyllum,Plantae,Tracheophyta,Magnoliopsida,Zygophyllales,Zygophyllaceae,Zygophyllum,NA
Rhamnus/Frangula,Plantae,Tracheophyta,Magnoliopsida,Rosales,Rhamnaceae,Rhamnus,NA
Convallaria-type,Plantae,Tracheophyta,Liliopsida,Asparagales,Asparagaceae,Convallaria,NA
Dioscorea communis,Plantae,Tracheophyta,Liliopsida,Dioscoreales,Dioscoreaceae,Dioscorea,Dioscorea communis
Lonicera nigra,Plantae,Tracheophyta,Magnoliopsida,Dipsacales,Caprifoliaceae,Lonicera,Lonicera nigra
Maianthemum bifolium,Plantae,Tracheophyta,Liliopsida,Asparagales,Asparagaceae,Maianthemum,Maianthemum bifolium
Saxifraga hirsuta-type,Plantae,Tracheophyta,Magnoliopsida,Saxifragales,Saxifragaceae,Saxifraga,NA
Silaum silaus,Plantae,Tracheophyta,Magnoliopsida,Apiales,Apiaceae,Silaum,Silaum silaus
Scorzonera-type,Plantae,Tracheophyta,Magnoliopsida,Asterales,Asteraceae,Scorzonera,NA
Linum undiff.,Plantae,Tracheophyta,Magnoliopsida,Malpighiales,Linaceae,Linum,NA
Lycopus/Mentha,Plantae,Tracheophyta,Magnoliopsida,Lamiales,Lamiaceae,Lycopus/Mentha,NA
Myricaria germanica-type,Plantae,Tracheophyta,Magnoliopsida,Caryophyllales,Tamaricaceae,Myricaria,NA
Cerastium fontanum,Plantae,Tracheophyta,Magnoliopsida,Caryophyllales,Caryophyllaceae,Cerastium,Cerastium fontanum
Narthecium-type,Plantae,Tracheophyta,Liliopsida,Dioscoreales,Nartheciaceae,Narthecium,NA
Aesculus hippocastanum,Plantae,Tracheophyta,Magnoliopsida,Sapindales,Sapindaceae,Aesculus,Aesculus hippocastanum
Nicotiana,Plantae,Tracheophyta,Magnoliopsida,Solanales,Solanaceae,Nicotiana,NA
Meum athamanticum,Plantae,Tracheophyta,Magnoliopsida,Apiales,Apiaceae,Meum,Meum athamanticum
Colchicum-type,Plantae,Tracheophyta,Liliopsida,Liliales,Colchicaceae,Colchicum,NA
Patrinia,Plantae,Tracheophyta,Magnoliopsida,Dipsacales,Caprifoliaceae,Patrinia,NA
Ulmus undiff.,Plantae,Tracheophyta,Magnoliopsida,Rosales,Ulmaceae,Ulmus,NA
Calystegia-type,Plantae,Tracheophyta,Magnoliopsida,Solanales,Convolvulaceae,Calystegia,NA
Cornus mas/C. suecica,Plantae,Tracheophyta,Magnoliopsida,Cornales,Cornaceae,Cornus,NA
Ericales (tetrad),Plantae,Tracheophyta,Magnoliopsida,Ericales,undiff,undiff,NA
Sium-type,Plantae,Tracheophyta,Magnoliopsida,Apiales,Apiaceae,Sium,NA
Acer campestre,Plantae,Tracheophyta,Magnoliopsida,Sapindales,Sapindaceae,Acer,Acer campestre
Anthriscus caucalis,Plantae,Tracheophyta,Magnoliopsida,Apiales,Apiaceae,Anthriscus,Anthriscus caucalis
Brassicaceae-type,Plantae,Tracheophyta,Magnoliopsida,Brassicales,Brassicaceae,Brassicaceae,NA
cf. Sedum,Plantae,Tracheophyta,Magnoliopsida,Saxifragales,Crassulaceae,Sedum,NA
Hypericum undiff.,Plantae,Tracheophyta,Magnoliopsida,Malpighiales,Hypericaceae,Hypericum,NA
Polemonium caeruleum,Plantae,Tracheophyta,Magnoliopsida,Ericales,Polemoniaceae,Polemonium,Polemonium caeruleum
Sagina cf. S. nodosa,Plantae,Tracheophyta,Magnoliopsida,Caryophyllales,Caryophyllaceae,Sagina,NA
Sedum/Rhodiola cf. R. rosea,Plantae,Tracheophyta,Magnoliopsida,Saxifragales,Crassulaceae,Sedum,NA
Sorbus aria,Plantae,Tracheophyta,Magnoliopsida,Rosales,Rosaceae,Aria,Aria edulis
Aethusa cynapium,Plantae,Tracheophyta,Magnoliopsida,Apiales,Apiaceae,Aethusa,Aethusa cynapium
Agrostemma,Plantae,Tracheophyta,Magnoliopsida,Caryophyllales,Caryophyllaceae,Agrostemma,NA
Antennaria-type,Plantae,Tracheophyta,Magnoliopsida,Asterales,Asteraceae,Antennaria,NA
Arnica,Plantae,Tracheophyta,Magnoliopsida,Asterales,Asteraceae,Arnica,NA
Bellidiastrum-type,Plantae,Tracheophyta,Magnoliopsida,Asterales,Asteraceae,Bellidiastrum,NA
Carum carvi-type,Plantae,Tracheophyta,Magnoliopsida,Apiales,Apiaceae,Carum,NA
Chaerophyllum,Plantae,Tracheophyta,Magnoliopsida,Apiales,Apiaceae,Chaerophyllum,NA
Chrysanthemum-type,Plantae,Tracheophyta,Magnoliopsida,Asterales,Asteraceae,Chrysanthemum,NA
Conium maculatum,Plantae,Tracheophyta,Magnoliopsida,Apiales,Apiaceae,Conium,Conium maculatum
Inula,Plantae,Tracheophyta,Magnoliopsida,Asterales,Asteraceae,Inula,NA
Liliaceae-type undiff.,Plantae,Tracheophyta,Liliopsida,Liliales,Liliaceae,Liliaceae,NA
Pastinaca sativa,Plantae,Tracheophyta,Magnoliopsida,Apiales,Apiaceae,Pastinaca,Pastinaca sativa
Peucedanum palustre,Plantae,Tracheophyta,Magnoliopsida,Apiales,Apiaceae,Thysselinum,Thysselinum palustre
Polemonium-type,Plantae,Tracheophyta,Magnoliopsida,Ericales,Polemoniaceae,Polemonium,NA
Primula veris-type,Plantae,Tracheophyta,Magnoliopsida,Ericales,Primulaceae,Primula,NA
Ranunculus flammula,Plantae,Tracheophyta,Magnoliopsida,Ranunculales,Ranunculaceae,Ranunculus,Ranunculus flammula
Scandix pecten-veneris,Plantae,Tracheophyta,Magnoliopsida,Apiales,Apiaceae,Scandix,Scandix pecten-veneris
Silene viscaria-type,Plantae,Tracheophyta,Magnoliopsida,Caryophyllales,Caryophyllaceae,Silene,NA
Swertia perennis,Plantae,Tracheophyta,Magnoliopsida,Gentianales,Gentianaceae,Swertia,Swertia perennis
Torilis japonica,Plantae,Tracheophyta,Magnoliopsida,Apiales,Apiaceae,Torilis,Torilis japonica
Buglossoides arvensis,Plantae,Tracheophyta,Magnoliopsida,Boraginales,Boraginaceae,Buglossoides,Buglossoides arvensis
Eryngium campestre,Plantae,Tracheophyta,Magnoliopsida,Apiales,Apiaceae,Eryngium,Eryngium campestre
Myricaria-type,Plantae,Tracheophyta,Magnoliopsida,Caryophyllales,Tamaricaceae,Myricaria,NA
Abies sibirica,Plantae,Tracheophyta,Pinopsida,Pinales,Pinaceae,Abies,Abies sibirica
Alnus hirsuta-type,Plantae,Tracheophyta,Magnoliopsida,Fagales,Betulaceae,Alnus,NA
Aquilegia undiff.,Plantae,Tracheophyta,Magnoliopsida,Ranunculales,Ranunculaceae,Aquilegia,NA
Bergenia crassifolia,Plantae,Tracheophyta,Magnoliopsida,Saxifragales,Saxifragaceae,Bergenia,Bergenia crassifolia
Betula fruticosa,Plantae,Tracheophyta,Magnoliopsida,Fagales,Betulaceae,Betula,Betula fruticosa
Cotoneaster,Plantae,Tracheophyta,Magnoliopsida,Rosales,Rosaceae,Cotoneaster,NA
Illecebrum-type,Plantae,Tracheophyta,Magnoliopsida,Caryophyllales,Caryophyllaceae,Illecebrum,NA
Iris germanica-type,Plantae,Tracheophyta,Liliopsida,Asparagales,Iridaceae,Iris,NA
Pedicularis oederi-type,Plantae,Tracheophyta,Magnoliopsida,Lamiales,Orobanchaceae,Pedicularis,NA
Rumex subg. Acetosa/Oxyria,Plantae,Tracheophyta,Magnoliopsida,Caryophyllales,Polygonaceae,Rumex,NA
Saxifraga hirsuta,Plantae,Tracheophyta,Magnoliopsida,Saxifragales,Saxifragaceae,Saxifraga,Saxifraga hirsuta
Solanum dulcamara-type,Plantae,Tracheophyta,Magnoliopsida,Solanales,Solanaceae,Solanum,NA
Minuartia,Plantae,Tracheophyta,Magnoliopsida,Caryophyllales,Caryophyllaceae,Minuartia,NA
Chelidonium-type,Plantae,Tracheophyta,Magnoliopsida,Ranunculales,Papaveraceae,Chelidonium,NA
Orthilia,Plantae,Tracheophyta,Magnoliopsida,Ericales,Ericaceae,Orthilia,NA
Scleranthus-type,Plantae,Tracheophyta,Magnoliopsida,Caryophyllales,Caryophyllaceae,Scleranthus,NA
Cichorioideae-type,Plantae,Tracheophyta,Magnoliopsida,Asterales,Asteraceae,Asteraceae,NA
Digitalis purpurea-type,Plantae,Tracheophyta,Magnoliopsida,Lamiales,Plantaginaceae,Digitalis,NA
Erica ciliaris-type,Plantae,Tracheophyta,Magnoliopsida,Ericales,Ericaceae,Erica,NA
Lythrum salicaria-type,Plantae,Tracheophyta,Magnoliopsida,Myrtales,Lythraceae,Lythrum,NA
Poaceae (annulus >10 µm),Plantae,Tracheophyta,Liliopsida,Poales,Poaceae,Poaceae,NA
Rumex sanguineus-type,Plantae,Tracheophyta,Magnoliopsida,Caryophyllales,Polygonaceae,Rumex,NA
Solidago virgaurea-type,Plantae,Tracheophyta,Magnoliopsida,Asterales,Asteraceae,Solidago,NA
Anagallis tenella,Plantae,Tracheophyta,Magnoliopsida,Ericales,Primulaceae,Lysimachia,Lysimachia tenella
Myosotis arvensis,Plantae,Tracheophyta,Magnoliopsida,Boraginales,Boraginaceae,Myosotis,Myosotis arvensis
Poaceae (<37 µm),Plantae,Tracheophyta,Liliopsida,Poales,Poaceae,Poaceae,NA
Acanthaceae,Plantae,Tracheophyta,Magnoliopsida,Lamiales,Acanthaceae,Acanthaceae,NA
Adenophora,Plantae,Tracheophyta,Magnoliopsida,Asterales,Campanulaceae,Adenophora,NA
Alangium,Plantae,Tracheophyta,Magnoliopsida,Cornales,Cornaceae,Alangium,NA
Aphanamixis-type,Plantae,Tracheophyta,Magnoliopsida,Sapindales,Meliaceae,Aphanamixis,NA
Aporosa,Plantae,Tracheophyta,Magnoliopsida,Malpighiales,Phyllanthaceae,Aporosa,NA
Biebersteinia,Plantae,Tracheophyta,Magnoliopsida,Sapindales,Biebersteiniaceae,Biebersteinia,NA
Bignoniaceae undiff.,Plantae,Tracheophyta,Magnoliopsida,Lamiales,Bignoniaceae,Bignoniaceae,NA
Catalpa,Plantae,Tracheophyta,Magnoliopsida,Lamiales,Bignoniaceae,Catalpa,NA
Engelhardia,Plantae,Tracheophyta,Magnoliopsida,Fagales,Juglandaceae,Engelhardia,NA
Eurya-type,Plantae,Tracheophyta,Magnoliopsida,Ericales,Pentaphylacaceae,Eurya,NA
Garcinia,Plantae,Tracheophyta,Magnoliopsida,Malpighiales,Clusiaceae,Garcinia,NA
Gesneriaceae,Plantae,Tracheophyta,Magnoliopsida,Lamiales,Gesneriaceae,Gesneriaceae,NA
Hippocastanoideae undiff.,Plantae,Tracheophyta,Magnoliopsida,Sapindales,Sapindaceae,Sapindaceae,NA
Illicium,Plantae,Tracheophyta,Magnoliopsida,Austrobaileyales,Schisandraceae,Illicium,NA
Lauraceae,Plantae,Tracheophyta,Magnoliopsida,Laurales,Lauraceae,Lauraceae,NA
Lobelioideae,Plantae,Tracheophyta,Magnoliopsida,Asterales,Campanulaceae,Campanulaceae,NA
Magnoliaceae,Plantae,Tracheophyta,Magnoliopsida,Magnoliales,Magnoliaceae,Magnoliaceae,NA
Melastomataceae,Plantae,Tracheophyta,Magnoliopsida,Myrtales,Melastomataceae,Melastomataceae,NA
Meliaceae undiff.,Plantae,Tracheophyta,Magnoliopsida,Sapindales,Meliaceae,Meliaceae,NA
Morina,Plantae,Tracheophyta,Magnoliopsida,Dipsacales,Caprifoliaceae,Morina,NA
Phyllanthus,Plantae,Tracheophyta,Magnoliopsida,Malpighiales,Phyllanthaceae,Phyllanthus,NA
Platycarya,Plantae,Tracheophyta,Magnoliopsida,Fagales,Juglandaceae,Platycarya,NA
Polygonum sp.,Plantae,Tracheophyta,Magnoliopsida,Caryophyllales,Polygonaceae,Polygonum,NA
Pseudolarix,Plantae,Tracheophyta,Pinopsida,Pinales,Pinaceae,Pseudolarix,NA
Quercus (evergreen),Plantae,Tracheophyta,Magnoliopsida,Fagales,Fagaceae,Quercus,NA
Reevesia,Plantae,Tracheophyta,Magnoliopsida,Malvales,Malvaceae,Reevesia,NA
Salicaceae undiff.,Plantae,Tracheophyta,Magnoliopsida,Malpighiales,Salicaceae,Salicaceae,NA
Schima-type,Plantae,Tracheophyta,Magnoliopsida,Ericales,Theaceae,Schima,NA
Schisandra,Plantae,Tracheophyta,Magnoliopsida,Austrobaileyales,Schisandraceae,Schisandra,NA
Styracaceae,Plantae,Tracheophyta,Magnoliopsida,Ericales,Styracaceae,Styracaceae,NA
Tetracentron,Plantae,Tracheophyta,Magnoliopsida,Trochodendrales,Trochodendraceae,Tetracentron,NA
Tournefortia,Plantae,Tracheophyta,Magnoliopsida,Boraginales,Heliotropiaceae,Tournefortia,NA
Tsuga dumosa,Plantae,Tracheophyta,Pinopsida,Pinales,Pinaceae,Tsuga,Tsuga dumosa
Alnus viridis subsp. fruticosa-type,Plantae,Tracheophyta,Magnoliopsida,Fagales,Betulaceae,Alnus,Alnus alnobetula
Pinus pumila,Plantae,Tracheophyta,Pinopsida,Pinales,Pinaceae,Pinus,Pinus pumila
Crataegus monogyna,Plantae,Tracheophyta,Magnoliopsida,Rosales,Rosaceae,Crataegus,Crataegus monogyna
Plantago tenuiflora,Plantae,Tracheophyta,Magnoliopsida,Lamiales,Plantaginaceae,Plantago,Plantago tenuiflora
Umbilicus rupestris,Plantae,Tracheophyta,Magnoliopsida,Saxifragales,Crassulaceae,Umbilicus,Umbilicus rupestris
Vicia sylvatica,Plantae,Tracheophyta,Magnoliopsida,Fabales,Fabaceae,Vicia,Vicia sylvatica
Anemone alpina,Plantae,Tracheophyta,Magnoliopsida,Ranunculales,Ranunculaceae,Anemone,Pulsatilla alpina
Chaerophyllum-type,Plantae,Tracheophyta,Magnoliopsida,Apiales,Apiaceae,Chaerophyllum,NA
Gentiana-type,Plantae,Tracheophyta,Magnoliopsida,Gentianales,Gentianaceae,Gentiana,NA
Peucedanum,Plantae,Tracheophyta,Magnoliopsida,Apiales,Apiaceae,Peucedanum,NA
Plantago montana,Plantae,Tracheophyta,Magnoliopsida,Lamiales,Plantaginaceae,Plantago,Plantago atrata
Polygala vulgaris-type,Plantae,Tracheophyta,Magnoliopsida,Fabales,Polygalaceae,Polygala,NA
Ranunculus aconitifolius,Plantae,Tracheophyta,Magnoliopsida,Ranunculales,Ranunculaceae,Ranunculus,Ranunculus aconitifolius
Seseli,Plantae,Tracheophyta,Magnoliopsida,Apiales,Apiaceae,Seseli,NA
Homogyne alpina,Plantae,Tracheophyta,Magnoliopsida,Asterales,Asteraceae,Homogyne,Homogyne alpina
Xanthium spinosum-type,Plantae,Tracheophyta,Magnoliopsida,Asterales,Asteraceae,Xanthium,NA
Meum-type,Plantae,Tracheophyta,Magnoliopsida,Apiales,Apiaceae,Meum,NA
Oenanthe fistulosa-type,Plantae,Tracheophyta,Magnoliopsida,Apiales,Apiaceae,Oenanthe,NA
Plantago atrata,Plantae,Tracheophyta,Magnoliopsida,Lamiales,Plantaginaceae,Plantago,Plantago atrata
Pleurospermum-type,Plantae,Tracheophyta,Magnoliopsida,Apiales,Apiaceae,Pleurospermum,NA
Pseudofumaria lutea-type,Plantae,Tracheophyta,Magnoliopsida,Ranunculales,Papaveraceae,Pseudofumaria,NA
Rumex alpinus-type,Plantae,Tracheophyta,Magnoliopsida,Caryophyllales,Polygonaceae,Rumex,NA
Scabiosa columbaria-type,Plantae,Tracheophyta,Magnoliopsida,Dipsacales,Caprifoliaceae,Scabiosa,NA
Staphylea pinnata,Plantae,Tracheophyta,Magnoliopsida,Crossosomatales,Staphyleaceae,Staphylea,Staphylea pinnata
Succisa pratensis-type,Plantae,Tracheophyta,Magnoliopsida,Dipsacales,Caprifoliaceae,Succisa,NA
Trachycarpus fortunei,Plantae,Tracheophyta,Liliopsida,Arecales,Arecaceae,Trachycarpus,Trachycarpus fortunei
Tribulus terrestris,Plantae,Tracheophyta,Magnoliopsida,Zygophyllales,Zygophyllaceae,Tribulus,Tribulus terrestris
Viola canina-type,Plantae,Tracheophyta,Magnoliopsida,Malpighiales,Violaceae,Viola,NA
Berula erecta,Plantae,Tracheophyta,Magnoliopsida,Apiales,Apiaceae,Berula,Berula erecta
Galanthus-type,Plantae,Tracheophyta,Liliopsida,Asparagales,Amaryllidaceae,Galanthus,NA
Matthiola-type,Plantae,Tracheophyta,Magnoliopsida,Brassicales,Brassicaceae,Matthiola,NA
Artemisia herba-alba-type,Plantae,Tracheophyta,Magnoliopsida,Asterales,Asteraceae,Artemisia,NA
Artemisia vulgaris-type,Plantae,Tracheophyta,Magnoliopsida,Asterales,Asteraceae,Artemisia,NA
Brassica-type,Plantae,Tracheophyta,Magnoliopsida,Brassicales,Brassicaceae,Brassica,NA
Cotinus coggygria,Plantae,Tracheophyta,Magnoliopsida,Sapindales,Anacardiaceae,Cotinus,Cotinus coggygria
Loranthus,Plantae,Tracheophyta,Magnoliopsida,Santalales,Loranthaceae,Loranthus,NA
Onosma-type,Plantae,Tracheophyta,Magnoliopsida,Boraginales,Boraginaceae,Onosma,NA
Paliurus,Plantae,Tracheophyta,Magnoliopsida,Rosales,Rhamnaceae,Paliurus,NA
Ranunculus repens-type,Plantae,Tracheophyta,Magnoliopsida,Ranunculales,Ranunculaceae,Ranunculus,NA
Ranunculus sceleratus-type,Plantae,Tracheophyta,Magnoliopsida,Ranunculales,Ranunculaceae,Ranunculus,NA
Rubus fruticosus,Plantae,Tracheophyta,Magnoliopsida,Rosales,Rosaceae,Rubus,Rubus cochinchinensis
Scrophularia/Verbascum,Plantae,Tracheophyta,Magnoliopsida,Lamiales,Scrophulariaceae,Scrophularia,NA
Symphytum-type,Plantae,Tracheophyta,Magnoliopsida,Boraginales,Boraginaceae,Symphytum,NA
Thymus/Mentha,Plantae,Tracheophyta,Magnoliopsida,Lamiales,Lamiaceae,Thymus/Mentha,NA
Adonis,Plantae,Tracheophyta,Magnoliopsida,Ranunculales,Ranunculaceae,Adonis,NA
Aster/Achillea-type,Plantae,Tracheophyta,Magnoliopsida,Asterales,Asteraceae,Aster/Achillea,NA
Armeria (type A),Plantae,Tracheophyta,Magnoliopsida,Caryophyllales,Plumbaginaceae,Armeria,NA
Armeria (type B),Plantae,Tracheophyta,Magnoliopsida,Caryophyllales,Plumbaginaceae,Armeria,NA
cf. Digitalis,Plantae,Tracheophyta,Magnoliopsida,Lamiales,Plantaginaceae,Digitalis,NA
cf. Geum,Plantae,Tracheophyta,Magnoliopsida,Rosales,Rosaceae,Geum,NA
Glaux,Plantae,Tracheophyta,Magnoliopsida,Fabales,Fabaceae,Astragalus,NA
Trifolium undiff.,Plantae,Tracheophyta,Magnoliopsida,Fabales,Fabaceae,Trifolium,NA
"Betula/Alnus/Corylus/Myrica (type 114, HdV)",Plantae,Tracheophyta,Magnoliopsida,Fagales,Betulaceae/Myricaceae,Betulaceae/Myricaceae,NA
Malva sylvestris-type,Plantae,Tracheophyta,Magnoliopsida,Malvales,Malvaceae,Malva,NA
Pinus pinaster,Plantae,Tracheophyta,Pinopsida,Pinales,Pinaceae,Pinus,Pinus pinaster
Quercus pyrenaica-type,Plantae,Tracheophyta,Magnoliopsida,Fagales,Fagaceae,Quercus,NA
cf. Hordeum,Plantae,Tracheophyta,Liliopsida,Poales,Poaceae,Hordeum,NA
Acanthus,Plantae,Tracheophyta,Magnoliopsida,Lamiales,Acanthaceae,Acanthus,NA
Ammi-type,Plantae,Tracheophyta,Magnoliopsida,Apiales,Apiaceae,Ammi,NA
Anemone hortensis-type,Plantae,Tracheophyta,Magnoliopsida,Ranunculales,Ranunculaceae,Anemone,NA
Asparagus,Plantae,Tracheophyta,Liliopsida,Asparagales,Asparagaceae,Asparagus,NA
Asphodelus fistulosus,Plantae,Tracheophyta,Liliopsida,Asparagales,Asphodelaceae,Asphodelus,Asphodelus fistulosus
Bituminaria bituminosa,Plantae,Tracheophyta,Magnoliopsida,Fabales,Fabaceae,Bituminaria,Bituminaria bituminosa
Borago officinalis,Plantae,Tracheophyta,Magnoliopsida,Boraginales,Boraginaceae,Borago,Borago officinalis
Chamaerops humilis,Plantae,Tracheophyta,Liliopsida,Arecales,Arecaceae,Chamaerops,Chamaerops humilis
Dorycnium,Plantae,Tracheophyta,Magnoliopsida,Fabales,Fabaceae,Lotus,NA
Fedia cornucopiae,Plantae,Tracheophyta,Magnoliopsida,Dipsacales,Caprifoliaceae,Fedia,Fedia cornucopiae
Ficus carica,Plantae,Tracheophyta,Magnoliopsida,Rosales,Moraceae,Ficus,Ficus carica
Gladiolus-type,Plantae,Tracheophyta,Liliopsida,Asparagales,Iridaceae,Gladiolus,NA
Gypsophila arrostii,Plantae,Tracheophyta,Magnoliopsida,Caryophyllales,Caryophyllaceae,Gypsophila,Gypsophila arrostii
Helleborus viridis,Plantae,Tracheophyta,Magnoliopsida,Ranunculales,Ranunculaceae,Helleborus,Helleborus viridis
Ornithopus,Plantae,Tracheophyta,Magnoliopsida,Fabales,Fabaceae,Ornithopus,NA
Phlomis,Plantae,Tracheophyta,Magnoliopsida,Lamiales,Lamiaceae,Phlomis,NA
Rumex scutatus-type,Plantae,Tracheophyta,Magnoliopsida,Caryophyllales,Polygonaceae,Rumex,NA
Saxifraga tridactylitis-type,Plantae,Tracheophyta,Magnoliopsida,Saxifragales,Saxifragaceae,Saxifraga,NA
Sideritis,Plantae,Tracheophyta,Magnoliopsida,Lamiales,Lamiaceae,Sideritis,NA
Simethis planifolia,Plantae,Tracheophyta,Liliopsida,Asparagales,Asphodelaceae,Simethis,Simethis mattiazzii
Smyrnium-type,Plantae,Tracheophyta,Magnoliopsida,Apiales,Apiaceae,Smyrnium,NA
Tamarix,Plantae,Tracheophyta,Magnoliopsida,Caryophyllales,Tamaricaceae,Tamarix,NA
Tuberaria,Plantae,Tracheophyta,Magnoliopsida,Malvales,Cistaceae,Tuberaria,NA
Urtica membranacea-type,Plantae,Tracheophyta,Magnoliopsida,Rosales,Urticaceae,Urtica,NA
Urtica pilulifera,Plantae,Tracheophyta,Magnoliopsida,Rosales,Urticaceae,Urtica,Urtica pilulifera
Zelkova,Plantae,Tracheophyta,Magnoliopsida,Rosales,Ulmaceae,Zelkova,NA
Planera,Plantae,Tracheophyta,Magnoliopsida,Rosales,Ulmaceae,Planera,NA
Aruncus,Plantae,Tracheophyta,Magnoliopsida,Rosales,Rosaceae,Aruncus,NA
Astrantia,Plantae,Tracheophyta,Magnoliopsida,Apiales,Apiaceae,Astrantia,NA
Bartsia,Plantae,Tracheophyta,Magnoliopsida,Lamiales,Orobanchaceae,Bartsia,NA
Filipendula ulmaria,Plantae,Tracheophyta,Magnoliopsida,Rosales,Rosaceae,Filipendula,Filipendula ulmaria
Gnaphalium,Plantae,Tracheophyta,Magnoliopsida,Asterales,Asteraceae,Gnaphalium,NA
Pedicularis palustris,Plantae,Tracheophyta,Magnoliopsida,Lamiales,Orobanchaceae,Pedicularis,Pedicularis palustris
Ribes alpinum,Plantae,Tracheophyta,Magnoliopsida,Saxifragales,Grossulariaceae,Ribes,Ribes alpinum
Silene vulgaris,Plantae,Tracheophyta,Magnoliopsida,Caryophyllales,Caryophyllaceae,Silene,Silene vulgaris
Veratrum album,Plantae,Tracheophyta,Liliopsida,Liliales,Melanthiaceae,Veratrum,Veratrum album
Ailanthus,Plantae,Tracheophyta,Magnoliopsida,Sapindales,Simaroubaceae,Ailanthus,NA
Centaurea solstitialis,Plantae,Tracheophyta,Magnoliopsida,Asterales,Asteraceae,Centaurea,Centaurea solstitialis
Centaurium-type,Plantae,Tracheophyta,Magnoliopsida,Gentianales,Gentianaceae,Centaurium,NA
Limonium-type,Plantae,Tracheophyta,Magnoliopsida,Caryophyllales,Plumbaginaceae,Limonium,NA
Radiola linoides,Plantae,Tracheophyta,Magnoliopsida,Malpighiales,Linaceae,Radiola,Radiola linoides
Consolida,Plantae,Tracheophyta,Magnoliopsida,Ranunculales,Ranunculaceae,Delphinium,NA
Nonea,Plantae,Tracheophyta,Magnoliopsida,Boraginales,Boraginaceae,Nonea,NA
Orlaya,Plantae,Tracheophyta,Magnoliopsida,Apiales,Apiaceae,Orlaya,NA
Pulmonaria obscura,Plantae,Tracheophyta,Magnoliopsida,Boraginales,Boraginaceae,Pulmonaria,Pulmonaria obscura
Alkanna,Plantae,Tracheophyta,Magnoliopsida,Boraginales,Boraginaceae,Alkanna,NA
Cynoglossum-type,Plantae,Tracheophyta,Magnoliopsida,Boraginales,Boraginaceae,Cynoglossum,NA
Jurinea-type,Plantae,Tracheophyta,Magnoliopsida,Asterales,Asteraceae,Jurinea,NA
Lilium-type,Plantae,Tracheophyta,Liliopsida,Liliales,Liliaceae,Lilium,NA
Daphne-type,Plantae,Tracheophyta,Magnoliopsida,Malvales,Thymelaeaceae,Daphne,NA
Gentiana purpurea-type,Plantae,Tracheophyta,Magnoliopsida,Gentianales,Gentianaceae,Gentiana,NA
Globularia,Plantae,Tracheophyta,Magnoliopsida,Lamiales,Plantaginaceae,Globularia,NA
Humulus/Urtica,Plantae,Tracheophyta,Magnoliopsida,Rosales,Cannabaceae,Humulus,NA
Gentianella tenella-type,Plantae,Tracheophyta,Magnoliopsida,Gentianales,Gentianaceae,Gentianella,NA
Myrtus-type,Plantae,Tracheophyta,Magnoliopsida,Myrtales,Myrtaceae,Myrtus,NA
Rubus fruticosus-type,Plantae,Tracheophyta,Magnoliopsida,Rosales,Rosaceae,Rubus,NA
Vicia faba-type,Plantae,Tracheophyta,Magnoliopsida,Fabales,Fabaceae,Vicia,NA
Cistus ladanifer-type,Plantae,Tracheophyta,Magnoliopsida,Malvales,Cistaceae,Cistus,NA
Colchicum,Plantae,Tracheophyta,Liliopsida,Liliales,Colchicaceae,Colchicum,NA
Gentiana verna-type,Plantae,Tracheophyta,Magnoliopsida,Gentianales,Gentianaceae,Gentiana,NA
Glyceria,Plantae,Tracheophyta,Liliopsida,Poales,Poaceae,Glyceria,NA
Hordelymus,Plantae,Tracheophyta,Liliopsida,Poales,Poaceae,Hordelymus,NA
Hordeum/Triticum-type,Plantae,Tracheophyta,Liliopsida,Poales,Poaceae,Hordeum,NA
Thymus/Mentha-type,Plantae,Tracheophyta,Magnoliopsida,Lamiales,Lamiaceae,Thymus/Mentha,NA
cf. Armeria,Plantae,Tracheophyta,Magnoliopsida,Caryophyllales,Plumbaginaceae,Armeria,NA
cf. Centaurea nigra-type,Plantae,Tracheophyta,Magnoliopsida,Asterales,Asteraceae,Centaurea,Centaurea nigra
cf. Platanus,Plantae,Tracheophyta,Magnoliopsida,Proteales,Platanaceae,Platanus,NA
cf. Sedum-type,Plantae,Tracheophyta,Magnoliopsida,Saxifragales,Crassulaceae,Sedum,NA
Colchicum autumnale-type,Plantae,Tracheophyta,Liliopsida,Liliales,Colchicaceae,Colchicum,NA
Polygonum oxyspermum,Plantae,Tracheophyta,Magnoliopsida,Caryophyllales,Polygonaceae,Polygonum,Polygonum oxyspermum
Gentianella-type,Plantae,Tracheophyta,Magnoliopsida,Gentianales,Gentianaceae,Gentianella,NA
Primula integrifolia-type,Plantae,Tracheophyta,Magnoliopsida,Ericales,Primulaceae,Primula,NA
Angelica archangelica-type,Plantae,Tracheophyta,Magnoliopsida,Apiales,Apiaceae,Angelica,NA
Angelica palustris-type,Plantae,Tracheophyta,Magnoliopsida,Apiales,Apiaceae,Angelica,NA
Anthemis-type (small),Plantae,Tracheophyta,Magnoliopsida,Asterales,Asteraceae,Anthemis,NA
Apium nodiflorum,Plantae,Tracheophyta,Magnoliopsida,Apiales,Apiaceae,Helosciadium,Helosciadium nodiflorum
Asphodelus albus,Plantae,Tracheophyta,Liliopsida,Asparagales,Asphodelaceae,Asphodelus,Asphodelus albus
Carum verticillatum,Plantae,Tracheophyta,Magnoliopsida,Apiales,Apiaceae,Trocdaris,Trocdaris verticillatum
Chaerophyllum temulum,Plantae,Tracheophyta,Magnoliopsida,Apiales,Apiaceae,Chaerophyllum,Chaerophyllum temulum
Colchicum montanum,Plantae,Tracheophyta,Liliopsida,Liliales,Colchicaceae,Colchicum,Colchicum montanum
Cytisus grandiflorus,Plantae,Tracheophyta,Magnoliopsida,Fabales,Fabaceae,Cytisus,Cytisus grandiflorus
Dianthus lusitanus-type,Plantae,Tracheophyta,Magnoliopsida,Caryophyllales,Caryophyllaceae,Dianthus,NA
Filago-type,Plantae,Tracheophyta,Magnoliopsida,Asterales,Asteraceae,Filago,NA
Fraxinus angustifolia,Plantae,Tracheophyta,Magnoliopsida,Lamiales,Oleaceae,Fraxinus,Fraxinus angustifolia
Fritillaria lusitanica,Plantae,Tracheophyta,Liliopsida,Liliales,Liliaceae,Fritillaria,Fritillaria lusitanica
Gagea nevadensis,Plantae,Tracheophyta,Liliopsida,Liliales,Liliaceae,Gagea,Gagea nevadensis
Gentiana lutea/G. pneumonanthe,Plantae,Tracheophyta,Magnoliopsida,Gentianales,Gentianaceae,Gentiana,NA
Halimium/Tuberaria,Plantae,Tracheophyta,Magnoliopsida,Malvales,Cistaceae,Halimium,NA
Laserpitium,Plantae,Tracheophyta,Magnoliopsida,Apiales,Apiaceae,Laserpitium,NA
Lavandula-type,Plantae,Tracheophyta,Magnoliopsida,Lamiales,Lamiaceae,Lavandula,NA
Lythrum undiff.,Plantae,Tracheophyta,Magnoliopsida,Myrtales,Lythraceae,Lythrum,NA
Minuartia recurva,Plantae,Tracheophyta,Magnoliopsida,Caryophyllales,Caryophyllaceae,Minuartia,Minuartia recurva
Narcissus bulbocodium,Plantae,Tracheophyta,Liliopsida,Asparagales,Amaryllidaceae,Narcissus,Narcissus bulbocodium
Paronychia polygonifolia-type,Plantae,Tracheophyta,Magnoliopsida,Caryophyllales,Caryophyllaceae,Paronychia,NA
Pedicularis sylvatica,Plantae,Tracheophyta,Magnoliopsida,Lamiales,Orobanchaceae,Pedicularis,Pedicularis sylvatica
Physospermum cornubiense,Plantae,Tracheophyta,Magnoliopsida,Apiales,Apiaceae,Physospermum,Physospermum cornubiense
Pimpinella saxifraga-type,Plantae,Tracheophyta,Magnoliopsida,Apiales,Apiaceae,Pimpinella,NA
Plantago coronopus sensu stricto,Plantae,Tracheophyta,Magnoliopsida,Lamiales,Plantaginaceae,Plantago,Plantago coronopus
Plantago subulata-type,Plantae,Tracheophyta,Magnoliopsida,Lamiales,Plantaginaceae,Plantago,NA
Reseda/Sesamoides,Plantae,Tracheophyta,Magnoliopsida,Brassicales,Resedaceae,Reseda,NA
Rhinanthus/Veronica,Plantae,Tracheophyta,Magnoliopsida,Lamiales,Orobanchaceae,Rhinanthus,NA
Sanguisorba officinalis-type,Plantae,Tracheophyta,Magnoliopsida,Rosales,Rosaceae,Sanguisorba,NA
Selinum carvifolia,Plantae,Tracheophyta,Magnoliopsida,Apiales,Apiaceae,Selinum,Selinum carvifolia
Seseli libanotis-type,Plantae,Tracheophyta,Magnoliopsida,Apiales,Apiaceae,Seseli,NA
Silaum silaus-type,Plantae,Tracheophyta,Magnoliopsida,Apiales,Apiaceae,Silaum,NA
Silene ciliata-type,Plantae,Tracheophyta,Magnoliopsida,Caryophyllales,Caryophyllaceae,Silene,NA
Silene foetida-type,Plantae,Tracheophyta,Magnoliopsida,Caryophyllales,Caryophyllaceae,Silene,NA
Torilis arvensis-type,Plantae,Tracheophyta,Magnoliopsida,Apiales,Apiaceae,Torilis,NA
Trinia glauca-type,Plantae,Tracheophyta,Magnoliopsida,Apiales,Apiaceae,Trinia,NA
Halimium-type,Plantae,Tracheophyta,Magnoliopsida,Malvales,Cistaceae,Halimium,NA
Hedysarum cf. H. hedysaroides,Plantae,Tracheophyta,Magnoliopsida,Fabales,Fabaceae,Hedysarum,NA
Vaccinium myrtillus,Plantae,Tracheophyta,Magnoliopsida,Ericales,Ericaceae,Vaccinium,Vaccinium myrtillus
Centaurea stoebe,Plantae,Tracheophyta,Magnoliopsida,Asterales,Asteraceae,Centaurea,Centaurea stoebe
cf. Convolvulus,Plantae,Tracheophyta,Magnoliopsida,Solanales,Convolvulaceae,Convolvulus,NA
Knautia-type,Plantae,Tracheophyta,Magnoliopsida,Dipsacales,Caprifoliaceae,Knautia,NA
Muscari-type,Plantae,Tracheophyta,Liliopsida,Asparagales,Asparagaceae,Muscari,NA
Paris-type,Plantae,Tracheophyta,Liliopsida,Liliales,Melanthiaceae,Paris,NA
Matthiola,Plantae,Tracheophyta,Magnoliopsida,Brassicales,Brassicaceae,Matthiola,NA
Trifolium arvense,Plantae,Tracheophyta,Magnoliopsida,Fabales,Fabaceae,Trifolium,Trifolium arvense
Valeriana tripteris,Plantae,Tracheophyta,Magnoliopsida,Dipsacales,Caprifoliaceae,Valeriana,Valeriana tripteris
Ephedra alata-type,Plantae,Tracheophyta,Gnetopsida,Ephedrales,Ephedraceae,Ephedra,NA
Ephedra major-type,Plantae,Tracheophyta,Gnetopsida,Ephedrales,Ephedraceae,Ephedra,NA
Ephedra sp.,Plantae,Tracheophyta,Gnetopsida,Ephedrales,Ephedraceae,Ephedra,NA
Haplophyllum,Plantae,Tracheophyta,Magnoliopsida,Sapindales,Rutaceae,Haplophyllum,NA
Parrotia persica,Plantae,Tracheophyta,Magnoliopsida,Saxifragales,Hamamelidaceae,Parrotia,Parrotia persica
Polygonum aviculare/Bistorta officinalis-type,Plantae,Tracheophyta,Magnoliopsida,Caryophyllales,Polygonaceae,Polygonum,NA
Rubiaceae (hexacolpate),Plantae,Tracheophyta,Magnoliopsida,Gentianales,Rubiaceae,Rubiaceae,NA
cf. Trollius europaeus,Plantae,Tracheophyta,Magnoliopsida,Ranunculales,Ranunculaceae,Trollius,Trollius europaeus
Empetrum hermaphroditum,Plantae,Tracheophyta,Magnoliopsida,Ericales,Ericaceae,Empetrum,Empetrum hermaphroditum
Erica cinerea,Plantae,Tracheophyta,Magnoliopsida,Ericales,Ericaceae,Erica,Erica cinerea
Faboideae undiff.,Plantae,Tracheophyta,Magnoliopsida,Fabales,Fabaceae,Faboidea,NA
Geum cf. G. rivale,Plantae,Tracheophyta,Magnoliopsida,Rosales,Rosaceae,Geum,NA
Geum cf. G. urbanum,Plantae,Tracheophyta,Magnoliopsida,Rosales,Rosaceae,Geum,NA
Hyacinthoides-type,Plantae,Tracheophyta,Liliopsida,Asparagales,Asparagaceae,Hyacinthoides,NA
Lotus cf. L. corniculatus,Plantae,Tracheophyta,Magnoliopsida,Fabales,Fabaceae,Lotus,NA
Lotus pedunculatus-type,Plantae,Tracheophyta,Magnoliopsida,Fabales,Fabaceae,Lotus,NA
Saxifraga cf. S. cespitosa,Plantae,Tracheophyta,Magnoliopsida,Saxifragales,Saxifragaceae,Saxifraga,NA
Ranunculus sceleratus/R. repens,Plantae,Tracheophyta,Magnoliopsida,Ranunculales,Ranunculaceae,Ranunculus,NA
Silene nutans,Plantae,Tracheophyta,Magnoliopsida,Caryophyllales,Caryophyllaceae,Silene,Silene nutans
Teucrium chamaedrys,Plantae,Tracheophyta,Magnoliopsida,Lamiales,Lamiaceae,Teucrium,Teucrium chamaedrys
Lycopus europaeus,Plantae,Tracheophyta,Magnoliopsida,Lamiales,Lamiaceae,Lycopus,Lycopus europaeus
Conium maculatum-type,Plantae,Tracheophyta,Magnoliopsida,Apiales,Apiaceae,Conium,NA
Pimpinella saxifraga,Plantae,Tracheophyta,Magnoliopsida,Apiales,Apiaceae,Pimpinella,Pimpinella saxifraga
Viscum album sensu lato,Plantae,Tracheophyta,Magnoliopsida,Santalales,Viscaceae,Viscum,Viscum album
Abies undiff.,Plantae,Tracheophyta,Pinopsida,Pinales,Pinaceae,Abies,NA
Centaurium pulchellum,Plantae,Tracheophyta,Magnoliopsida,Gentianales,Gentianaceae,Centaurium,Centaurium pulchellum
Chaerophyllum hirsutum,Plantae,Tracheophyta,Magnoliopsida,Apiales,Apiaceae,Chaerophyllum,Chaerophyllum hirsutum
Gratiola officinalis,Plantae,Tracheophyta,Magnoliopsida,Lamiales,Plantaginaceae,Gratiola,Gratiola officinalis
Onobrychis viciifolia,Plantae,Tracheophyta,Magnoliopsida,Fabales,Fabaceae,Onobrychis,Onobrychis viciifolia
Torilis,Plantae,Tracheophyta,Magnoliopsida,Apiales,Apiaceae,Torilis,NA
Aethusa cynapium-type,Plantae,Tracheophyta,Magnoliopsida,Apiales,Apiaceae,Aethusa,NA
Carum,Plantae,Tracheophyta,Magnoliopsida,Apiales,Apiaceae,Carum,NA
Caucalis platycarpos,Plantae,Tracheophyta,Magnoliopsida,Apiales,Apiaceae,Caucalis,Caucalis platycarpos
Centaurium pulchellum-type,Plantae,Tracheophyta,Magnoliopsida,Gentianales,Gentianaceae,Centaurium,NA
Foeniculum vulgare,Plantae,Tracheophyta,Magnoliopsida,Apiales,Apiaceae,Foeniculum,Foeniculum vulgare
Gagea-type,Plantae,Tracheophyta,Liliopsida,Liliales,Liliaceae,Gagea,NA
Meum athamanticum-type,Plantae,Tracheophyta,Magnoliopsida,Apiales,Apiaceae,Meum,NA
Monotropa hypopitys,Plantae,Tracheophyta,Magnoliopsida,Ericales,Ericaceae,Hypopitys,Hypopitys monotropa
Peucedanum palustre-type,Plantae,Tracheophyta,Magnoliopsida,Apiales,Apiaceae,Peucedanum,NA
Pleurospermum austriacum-type,Plantae,Tracheophyta,Magnoliopsida,Apiales,Apiaceae,Pleurospermum,NA
Ruta graveolens,Plantae,Tracheophyta,Magnoliopsida,Sapindales,Rutaceae,Ruta,Ruta graveolens
Scrophulariaceae pro parte,Plantae,Tracheophyta,Magnoliopsida,Lamiales,Scrophulariaceae,Scrophulariaceae,NA
Torilis japonica-type,Plantae,Tracheophyta,Magnoliopsida,Apiales,Apiaceae,Torilis,NA
Aphanes,Plantae,Tracheophyta,Magnoliopsida,Rosales,Rosaceae,Aphanes,NA
Astrantia major-type,Plantae,Tracheophyta,Magnoliopsida,Apiales,Apiaceae,Astrantia,NA
Ballota,Plantae,Tracheophyta,Magnoliopsida,Lamiales,Lamiaceae,Ballota,NA
Campanula trachelium-type,Plantae,Tracheophyta,Magnoliopsida,Asterales,Campanulaceae,Campanula,NA
Datura stramonium,Plantae,Tracheophyta,Magnoliopsida,Solanales,Solanaceae,Datura,Datura stramonium
Descurainia sophia,Plantae,Tracheophyta,Magnoliopsida,Brassicales,Brassicaceae,Descurainia,Descurainia sophia
Kickxia,Plantae,Tracheophyta,Magnoliopsida,Lamiales,Plantaginaceae,Kickxia,NA
Microrrhinum minus,Plantae,Tracheophyta,Magnoliopsida,Lamiales,Plantaginaceae,Chaenorhinum,Chaenorhinum minus
Pisum sativum,Plantae,Tracheophyta,Magnoliopsida,Fabales,Fabaceae,Lathyrus,Lathyrus oleraceus
Ephedra strobilacea-type,Plantae,Tracheophyta,Gnetopsida,Ephedrales,Ephedraceae,Ephedra,NA
Apium inundatum-type,Plantae,Tracheophyta,Magnoliopsida,Apiales,Apiaceae,Apium,NA
Corydalis pumila-type,Plantae,Tracheophyta,Magnoliopsida,Ranunculales,Papaveraceae,Corydalis,NA
Eryngium campestre-type,Plantae,Tracheophyta,Magnoliopsida,Apiales,Apiaceae,Eryngium,NA
Ornithogalum umbellatum-type,Plantae,Tracheophyta,Liliopsida,Asparagales,Asparagaceae,Ornithogalum,NA
Pedicularis verticillata-type,Plantae,Tracheophyta,Magnoliopsida,Lamiales,Orobanchaceae,Pedicularis,NA
Teucrium chamaedrys-type,Plantae,Tracheophyta,Magnoliopsida,Lamiales,Lamiaceae,Teucrium,NA
Turgenia latifolia-type,Plantae,Tracheophyta,Magnoliopsida,Apiales,Apiaceae,Turgenia,NA
Viola tricolor-type,Plantae,Tracheophyta,Magnoliopsida,Malpighiales,Violaceae,Viola,NA
Berula erecta-type,Plantae,Tracheophyta,Magnoliopsida,Apiales,Apiaceae,Berula,NA
Lythrum portula-type,Plantae,Tracheophyta,Magnoliopsida,Myrtales,Lythraceae,Lythrum,NA
Agrimonia eupatoria-type,Plantae,Tracheophyta,Magnoliopsida,Rosales,Rosaceae,Agrimonia,NA
Aphanes arvensis-type,Plantae,Tracheophyta,Magnoliopsida,Rosales,Rosaceae,Aphanes,NA
Ballota group,Plantae,Tracheophyta,Magnoliopsida,Lamiales,Lamiaceae,Ballota,NA
Descurainia sophia-type,Plantae,Tracheophyta,Magnoliopsida,Brassicales,Brassicaceae,Descurainia,NA
Eupatorium cannabinum-type,Plantae,Tracheophyta,Magnoliopsida,Asterales,Asteraceae,Eupatorium,NA
Geranium pratense-type,Plantae,Tracheophyta,Magnoliopsida,Geraniales,Geraniaceae,Geranium,NA
Impatiens noli-tangere,Plantae,Tracheophyta,Magnoliopsida,Ericales,Balsaminaceae,Impatiens,Impatiens noli-tangere
Lonicera periclymenum-type,Plantae,Tracheophyta,Magnoliopsida,Dipsacales,Caprifoliaceae,Lonicera,NA
Maianthemum-type,Plantae,Tracheophyta,Liliopsida,Asparagales,Asparagaceae,Maianthemum,NA
Mercurialis undiff.,Plantae,Tracheophyta,Magnoliopsida,Malpighiales,Euphorbiaceae,Mercurialis,NA
Narcissus poeticus-type,Plantae,Tracheophyta,Liliopsida,Asparagales,Amaryllidaceae,Narcissus,NA
Sagina nodosa group,Plantae,Tracheophyta,Magnoliopsida,Caryophyllales,Caryophyllaceae,Sagina,Sagina nodosa
Silene viscaria,Plantae,Tracheophyta,Magnoliopsida,Caryophyllales,Caryophyllaceae,Viscaria,Viscaria vulgaris
Urtica/Parietaria,Plantae,Tracheophyta,Magnoliopsida,Rosales,Urticaceae,Urtica/Parietaria,NA
Vicia-type sensu stricto,Plantae,Tracheophyta,Magnoliopsida,Fabales,Fabaceae,Vicia,NA
Mercurialis annua-type,Plantae,Tracheophyta,Magnoliopsida,Malpighiales,Euphorbiaceae,Mercurialis,NA
Alchemilla cf. A. glabra,Plantae,Tracheophyta,Magnoliopsida,Rosales,Rosaceae,Alchemilla,NA
cf. Rhinanthus,Plantae,Tracheophyta,Magnoliopsida,Lamiales,Orobanchaceae,Rhinanthus,NA
Gentiana nivalis-type,Plantae,Tracheophyta,Magnoliopsida,Gentianales,Gentianaceae,Gentiana,NA
Helianthemum cf. H. canum,Plantae,Tracheophyta,Magnoliopsida,Malvales,Cistaceae,Helianthemum,NA
Penthorum sedoides,Plantae,Tracheophyta,Magnoliopsida,Saxifragales,Penthoraceae,Penthorum,Penthorum sedoides
Vicia cf. V. cracca,Plantae,Tracheophyta,Magnoliopsida,Fabales,Fabaceae,Vicia,NA
Bromus,Plantae,Tracheophyta,Liliopsida,Poales,Poaceae,Bromus,NA
Plantago maritima/P. alpina,Plantae,Tracheophyta,Magnoliopsida,Lamiales,Plantaginaceae,Plantago,NA
Polemonium boreale,Plantae,Tracheophyta,Magnoliopsida,Ericales,Polemoniaceae,Polemonium,Polemonium boreale
Trifolium striatum-type,Plantae,Tracheophyta,Magnoliopsida,Fabales,Fabaceae,Trifolium,NA
Quercus suber,Plantae,Tracheophyta,Magnoliopsida,Fagales,Fagaceae,Quercus,Quercus suber
Bupleurum ranunculoides,Plantae,Tracheophyta,Magnoliopsida,Apiales,Apiaceae,Bupleurum,Bupleurum ranunculoides
Pulmonaria officinalis,Plantae,Tracheophyta,Magnoliopsida,Boraginales,Boraginaceae,Pulmonaria,Pulmonaria officinalis
Thymus,Plantae,Tracheophyta,Magnoliopsida,Lamiales,Lamiaceae,Thymus,NA
Anchusa-type,Plantae,Tracheophyta,Magnoliopsida,Boraginales,Boraginaceae,Anchusa,NA
cf. Sambucus nigra,Plantae,Tracheophyta,Magnoliopsida,Dipsacales,Viburnaceae,Sambucus,Sambucus nigra
cf. Sambucus racemosa,Plantae,Tracheophyta,Magnoliopsida,Dipsacales,Viburnaceae,Sambucus,Sambucus racemosa
Erica cf. E. tetralix,Plantae,Tracheophyta,Magnoliopsida,Ericales,Ericaceae,Erica,NA
cf. Cirsium,Plantae,Tracheophyta,Magnoliopsida,Asterales,Asteraceae,Cirsium,NA
cf. Lotus,Plantae,Tracheophyta,Magnoliopsida,Fabales,Fabaceae,Lotus,NA
cf. Papaver,Plantae,Tracheophyta,Magnoliopsida,Ranunculales,Papaveraceae,Papaver,NA
cf. Stellaria,Plantae,Tracheophyta,Magnoliopsida,Caryophyllales,Caryophyllaceae,Stellaria,NA
Persicaria cf. P. maculosa,Plantae,Tracheophyta,Magnoliopsida,Caryophyllales,Polygonaceae,Persicaria,NA
Pinus-type,Plantae,Tracheophyta,Pinopsida,Pinales,Pinaceae,Pinus,NA
Centaurea depressa-type,Plantae,Tracheophyta,Magnoliopsida,Asterales,Asteraceae,Centaurea,NA
Glaucium-type,Plantae,Tracheophyta,Magnoliopsida,Ranunculales,Papaveraceae,Glaucium,NA
Artemisia campestris-type,Plantae,Tracheophyta,Magnoliopsida,Asterales,Asteraceae,Artemisia,NA
Artemisia undiff.,Plantae,Tracheophyta,Magnoliopsida,Asterales,Asteraceae,Artemisia,NA
cf. Fabaceae,Plantae,Tracheophyta,Magnoliopsida,Fabales,Fabaceae,Fabaceae,NA
cf. Hippophae rhamnoides,Plantae,Tracheophyta,Magnoliopsida,Rosales,Elaeagnaceae,Hippophae,Hippophae rhamnoides
Droseraceae,Plantae,Tracheophyta,Magnoliopsida,Caryophyllales,Droseraceae,Droseraceae,NA
Rubus idaeus-type,Plantae,Tracheophyta,Magnoliopsida,Rosales,Rosaceae,Rubus,NA
Hypericum calycinum-type,Plantae,Tracheophyta,Magnoliopsida,Malpighiales,Hypericaceae,Hypericum,NA
Sedum acre,Plantae,Tracheophyta,Magnoliopsida,Saxifragales,Crassulaceae,Sedum,Sedum acre
cf. Saxifraga oppositifolia-type,Plantae,Tracheophyta,Magnoliopsida,Saxifragales,Saxifragaceae,Saxifraga,Saxifraga oppositifolia
Rosaceae (trees) undiff.,Plantae,Tracheophyta,Magnoliopsida,Rosales,Rosaceae,Rosaceae,NA
Trollius-type,Plantae,Tracheophyta,Magnoliopsida,Ranunculales,Ranunculaceae,Trollius,NA
Viburnum cf. V. opulus,Plantae,Tracheophyta,Magnoliopsida,Dipsacales,Viburnaceae,Viburnum,NA
cf. Frangula,Plantae,Tracheophyta,Magnoliopsida,Rosales,Rhamnaceae,Frangula,NA
Fallopia cf. F. convolvulus,Plantae,Tracheophyta,Magnoliopsida,Caryophyllales,Polygonaceae,Fallopia,NA
Armeria/Limonium,Plantae,Tracheophyta,Magnoliopsida,Caryophyllales,Plumbaginaceae,Armeria,NA
Micranthes nivalis/M. tenuis,Plantae,Tracheophyta,Magnoliopsida,Saxifragales,Saxifragaceae,Micranthes,NA
Rubus cf. R. saxatilis,Plantae,Tracheophyta,Magnoliopsida,Rosales,Rosaceae,Rubus,NA
Polygonum aviculare/Bistorta officinalis,Plantae,Tracheophyta,Magnoliopsida,Caryophyllales,Polygonaceae,Polygonum,NA
Sarcopoterium-type,Plantae,Tracheophyta,Magnoliopsida,Rosales,Rosaceae,Sarcopoterium,NA
Pistacia terebinthus,Plantae,Tracheophyta,Magnoliopsida,Sapindales,Anacardiaceae,Pistacia,Pistacia terebinthus
Polygonoideae pro parte,Plantae,Tracheophyta,Magnoliopsida,Caryophyllales,Polygonaceae,Calligonum,NA
Adonis aestivalis-type,Plantae,Tracheophyta,Magnoliopsida,Ranunculales,Ranunculaceae,Adonis,NA
Alchemilla group,Plantae,Tracheophyta,Magnoliopsida,Rosales,Rosaceae,Alchemilla,NA
Anemone coronaria,Plantae,Tracheophyta,Magnoliopsida,Ranunculales,Ranunculaceae,Anemone,Anemone coronaria
Arum,Plantae,Tracheophyta,Liliopsida,Alismatales,Araceae,Arum,NA
Blackstonia-type,Plantae,Tracheophyta,Magnoliopsida,Gentianales,Gentianaceae,Blackstonia,NA
Ceratonia siliqua,Plantae,Tracheophyta,Magnoliopsida,Fabales,Fabaceae,Ceratonia,Ceratonia siliqua
cf. Phillyrea,Plantae,Tracheophyta,Magnoliopsida,Lamiales,Oleaceae,Phillyrea,NA
cf. Plantago,Plantae,Tracheophyta,Magnoliopsida,Lamiales,Plantaginaceae,Plantago,NA
cf. Pterocarya fraxinifolia,Plantae,Tracheophyta,Magnoliopsida,Fagales,Juglandaceae,Pterocarya,Pterocarya fraxinifolia
cf. Ranunculaceae,Plantae,Tracheophyta,Magnoliopsida,Ranunculales,Ranunculaceae,Ranunculaceae,NA
Dipsacus/Cephalaria,Plantae,Tracheophyta,Magnoliopsida,Dipsacales,Caprifoliaceae,Dipsacus,NA
Genista group,Plantae,Tracheophyta,Magnoliopsida,Fabales,Fabaceae,Genista,NA
Ligustrum-type,Plantae,Tracheophyta,Magnoliopsida,Lamiales,Oleaceae,Ligustrum,NA
Liliaceae sensu lato,Plantae,Tracheophyta,Liliopsida,Liliales,Liliaceae,Liliaceae,NA
Lomelosia argentea-type,Plantae,Tracheophyta,Magnoliopsida,Dipsacales,Caprifoliaceae,Lomelosia,NA
Ostrya/Carpinus betulus-type,Plantae,Tracheophyta,Magnoliopsida,Fagales,Betulaceae,Ostrya,NA
Platanus orientalis,Plantae,Tracheophyta,Magnoliopsida,Proteales,Platanaceae,Platanus,Platanus orientalis
Polycnemum,Plantae,Tracheophyta,Magnoliopsida,Caryophyllales,Amaranthaceae,Polycnemum,NA
Ranunculus lanuginosus-type,Plantae,Tracheophyta,Magnoliopsida,Ranunculales,Ranunculaceae,Ranunculus,NA
Rhinanthus group,Plantae,Tracheophyta,Magnoliopsida,Lamiales,Orobanchaceae,Rhinanthus,NA
Salvia-type,Plantae,Tracheophyta,Magnoliopsida,Lamiales,Lamiaceae,Salvia,NA
Sorbus group,Plantae,Tracheophyta,Magnoliopsida,Rosales,Rosaceae,Sorbus,NA
Cistus-type,Plantae,Tracheophyta,Magnoliopsida,Malvales,Cistaceae,Cistus,NA
Corrigiola litoralis-type,Plantae,Tracheophyta,Magnoliopsida,Caryophyllales,Caryophyllaceae,Corrigiola,NA
Echium vulgare-type,Plantae,Tracheophyta,Magnoliopsida,Boraginales,Boraginaceae,Echium,NA
Erica australis-type,Plantae,Tracheophyta,Magnoliopsida,Ericales,Ericaceae,Erica,NA
Erica umbellata-type,Plantae,Tracheophyta,Magnoliopsida,Ericales,Ericaceae,Erica,NA
Erica undiff.,Plantae,Tracheophyta,Magnoliopsida,Ericales,Ericaceae,Erica,NA
Geranium molle-type,Plantae,Tracheophyta,Magnoliopsida,Geraniales,Geraniaceae,Geranium,NA
Hypecoum,Plantae,Tracheophyta,Magnoliopsida,Ranunculales,Papaveraceae,Hypecoum,NA
Illecebrum verticillatum-type,Plantae,Tracheophyta,Magnoliopsida,Caryophyllales,Caryophyllaceae,Illecebrum,NA
Montia fontana-type,Plantae,Tracheophyta,Magnoliopsida,Caryophyllales,Montiaceae,Montia,NA
Trollius europaeus-type,Plantae,Tracheophyta,Magnoliopsida,Ranunculales,Ranunculaceae,Trollius,NA
Aconitum napellus-type,Plantae,Tracheophyta,Magnoliopsida,Ranunculales,Ranunculaceae,Aconitum,NA
Arenaria serpyllifolia-type,Plantae,Tracheophyta,Magnoliopsida,Caryophyllales,Caryophyllaceae,Arenaria,NA
Blackstonia perfoliata-type,Plantae,Tracheophyta,Magnoliopsida,Gentianales,Gentianaceae,Blackstonia,NA
Circaea lutetiana-type,Plantae,Tracheophyta,Magnoliopsida,Myrtales,Onagraceae,Circaea,NA
Corrigiola telephiifolia-type,Plantae,Tracheophyta,Magnoliopsida,Caryophyllales,Caryophyllaceae,Corrigiola,NA
Daucus carota-type,Plantae,Tracheophyta,Magnoliopsida,Apiales,Apiaceae,Daucus,NA
Dipsacus fullonum-type,Plantae,Tracheophyta,Magnoliopsida,Dipsacales,Caprifoliaceae,Dipsacus,NA
Erodium cicutarium-type,Plantae,Tracheophyta,Magnoliopsida,Geraniales,Geraniaceae,Erodium,NA
Filipendula vulgaris-type,Plantae,Tracheophyta,Magnoliopsida,Rosales,Rosaceae,Filipendula,NA
Hedera helix-type,Plantae,Tracheophyta,Magnoliopsida,Apiales,Araliaceae,Hedera,NA
Humulus lupulus-type,Plantae,Tracheophyta,Magnoliopsida,Rosales,Cannabaceae,Humulus,NA
Ligustrum vulgare-type,Plantae,Tracheophyta,Magnoliopsida,Lamiales,Oleaceae,Ligustrum,NA
Limonium humile-type,Plantae,Tracheophyta,Magnoliopsida,Caryophyllales,Plumbaginaceae,Limonium,NA
Moehringia trinervia-type,Plantae,Tracheophyta,Magnoliopsida,Caryophyllales,Caryophyllaceae,Moehringia,NA
Phillyrea angustifolia-type,Plantae,Tracheophyta,Magnoliopsida,Lamiales,Oleaceae,Phillyrea,NA
Pinguicula vulgaris-type,Plantae,Tracheophyta,Magnoliopsida,Lamiales,Lentibulariaceae,Pinguicula,NA
Sagina procumbens-type,Plantae,Tracheophyta,Magnoliopsida,Caryophyllales,Caryophyllaceae,Sagina,NA
Viburnum lantana-type,Plantae,Tracheophyta,Magnoliopsida,Dipsacales,Viburnaceae,Viburnum,NA
Crocus vernus,Plantae,Tracheophyta,Liliopsida,Asparagales,Iridaceae,Crocus,Crocus vernus
Smyrnium,Plantae,Tracheophyta,Magnoliopsida,Apiales,Apiaceae,Smyrnium,NA
Reseda-type,Plantae,Tracheophyta,Magnoliopsida,Brassicales,Resedaceae,Reseda,NA
Sanicula-type,Plantae,Tracheophyta,Magnoliopsida,Apiales,Apiaceae,Sanicula,NA
Ranunculus glacialis-type,Plantae,Tracheophyta,Magnoliopsida,Ranunculales,Ranunculaceae,Ranunculus,NA
Silene cf. S. acaulis,Plantae,Tracheophyta,Magnoliopsida,Caryophyllales,Caryophyllaceae,Silene,NA
Aconitum lycoctonum subsp. septentrionale,Plantae,Tracheophyta,Magnoliopsida,Ranunculales,Ranunculaceae,Aconitum,Aconitum septentrionale
cf. Galeopsis,Plantae,Tracheophyta,Magnoliopsida,Lamiales,Lamiaceae,Galeopsis,NA
cf. Oxytropis,Plantae,Tracheophyta,Magnoliopsida,Fabales,Fabaceae,Oxytropis,NA
Festuca-type,Plantae,Tracheophyta,Liliopsida,Poales,Poaceae,Festuca,NA
Secale (primitive),Plantae,Tracheophyta,Liliopsida,Poales,Poaceae,Secale,NA
Triticum spelta-type,Plantae,Tracheophyta,Liliopsida,Poales,Poaceae,Triticum,NA
Poaceae (>40 µm),Plantae,Tracheophyta,Liliopsida,Poales,Poaceae,Poaceae,NA
Solidago-type/Saussurea-type,Plantae,Tracheophyta,Magnoliopsida,Asterales,Asteraceae,Solidago,NA
Betula pubescens var. pumila,Plantae,Tracheophyta,Magnoliopsida,Fagales,Betulaceae,Betula,Betula pubescens
Anchusa/Pulmonaria,Plantae,Tracheophyta,Magnoliopsida,Boraginales,Boraginaceae,Anchusa,NA
Anisosciadium-type,Plantae,Tracheophyta,Magnoliopsida,Apiales,Apiaceae,Anisosciadium,NA
Aquilegia-type,Plantae,Tracheophyta,Magnoliopsida,Ranunculales,Ranunculaceae,Aquilegia,NA
Arctium/Jurinea,Plantae,Tracheophyta,Magnoliopsida,Asterales,Asteraceae,Arctium,NA
Asperula-type,Plantae,Tracheophyta,Magnoliopsida,Gentianales,Rubiaceae,Asperula,NA
Atractylis-type,Plantee,Tracheophyta,Magnoliopsida,Asterales,Asteraceae,Atractylis,NA
Atraphaxis,Plantae,Tracheophyta,Magnoliopsida,Caryophyllales,Polygonaceae,Atraphaxis,NA
Atriplex-type,Plantae,Tracheophyta,Magnoliopsida,Caryophyllales,Amaranthaceae,Atriplex,NA
Beta-type,Plantae,Tracheophyta,Magnoliopsida,Caryophyllales,Amaranthaceae,Beta,NA
Bongardia,Plantae,Tracheophyta,Magnoliopsida,Ranunculales,Berberidaceae,Bongardia,NA
Bunium-type,Plantae,Tracheophyta,Magnoliopsida,Apiales,Apiaceae,Bunium,NA
Cephalaria,Plantae,Tracheophyta,Magnoliopsida,Dipsacales,Caprifoliaceae,Cephalaria,NA
Ceratocephala-type,Plantae,Tracheophyta,Magnoliopsida,Ranunculales,Ranunculaceae,Ceratocephala,NA
cf. Abies,Plantae,Tracheophyta,Pinopsida,Pinales,Pinaceae,Abies,NA
cf. Acantholimon,Plantae,Tracheophyta,Magnoliopsida,Caryophyllales,Plumbaginaceae,Acantholimon,NA
cf. Aconitum,Plantae,Tracheophyta,Magnoliopsida,Ranunculales,Ranunculaceae,Aconitum,NA
cf. Adonis,Plantae,Tracheophyta,Magnoliopsida,Ranunculales,Ranunculaceae,Adonis,NA
cf. Astragalus-type,Plantae,Tracheophyta,Magnoliopsida,Fabales,Fabaceae,Astragalus,NA
cf. Caucalis,Plantae,Tracheophyta,Magnoliopsida,Apiales,Apiaceae,Caucalis,NA
cf. Loranthaceae,Plantae,Tracheophyta,Magnoliopsida,Santalales,Loranthaceae,Loranthaceae,NA
cf. Papaveraceae,Plantae,Tracheophyta,Magnoliopsida,Ranunculales,Papaveraceae,Papaveraceae,NA
cf. Thymelaeaceae,Plantae,Tracheophyta,Magnoliopsida,Malvales,Thymelaeaceae,Thymelaeaceae,NA
Cirsium/Gundelia,Plantae,Tracheophyta,Magnoliopsida,Asterales,Asteraceae,Cirsium,NA
Cousinia,Plantae,Tracheophyta,Magnoliopsida,Asterales,Asteraceae,Cousinia,NA
Cyclamen,Plantae,Tracheophyta,Magnoliopsida,Ericales,Primulaceae,Cyclamen,NA
Datisca cannabina,Plantae,Tracheophyta,Magnoliopsida,Cucurbitales,Datiscaceae,Datisca,Datisca cannabina
Dipsacus-type,Plantae,Tracheophyta,Magnoliopsida,Dipsacales,Caprifoliaceae,Dipsacus,NA
Ferula-type,Plantae,Tracheophyta,Magnoliopsida,Apiales,Apiaceae,Ferula,NA
Filago,Plantae,Tracheophyta,Magnoliopsida,Asterales,Asteraceae,Filago,NA
Gentiana olivieri-type,Plantae,Tracheophyta,Magnoliopsida,Gentianales,Gentianaceae,Gentiana,NA
Halothamnus-type,Plantae,Tracheophyta,Magnoliopsida,Caryophyllales,Amaranthaceae,Halothamnus,NA
Hammada-type,Plantae,Tracheophyta,Magnoliopsida,Caryophyllales,Amaranthaceae,Hammada,NA
Hedysarum/Ebenus,Plantae,Tracheophyta,Magnoliopsida,Fabales,Fabaceae,Hedysarum,NA
Hypericum hirtellum var. assyriacum-type,Plantae,Tracheophyta,Magnoliopsida,Malpighiales,Hypericaceae,Hypericum,Hypericum hirtellum
Inula-type,Plantae,Tracheophyta,Magnoliopsida,Asterales,Asteraceae,Inula,NA
Legousia-type,Plantae,Tracheophyta,Magnoliopsida,Asterales,Campanulaceae,Legousia,NA
Leontice leontopetalum,Plantae,Tracheophyta,Magnoliopsida,Ranunculales,Berberidaceae,Leontice,Leontice leontopetalum
Lomelosia rotata-type,Plantae,Tracheophyta,Magnoliopsida,Dipsacales,Caprifoliaceae,Lomelosia,NA
Malabaila,Plantae,Tracheophyta,Magnoliopsida,Apiales,Apiaceae,Grafia,NA
Noaea-type,Plantae,Tracheophyta,Magnoliopsida,Caryophyllales,Amaranthaceae,Noaea,NA
Onopordum-type,Plantae,Tracheophyta,Magnoliopsida,Asterales,Asteraceae,Onopordum,NA
Plantago ovata-type,Plantae,Tracheophyta,Magnoliopsida,Lamiales,Plantaginaceae,Plantago,NA
Psylliostachys,Plantae,Tracheophyta,Magnoliopsida,Caryophyllales,Plumbaginaceae,Psylliostachys,NA
Psylliostachys spicata-type,Plantae,Tracheophyta,Magnoliopsida,Caryophyllales,Plumbaginaceae,Psylliostachys,NA
Quercus coccifera-type,Plantae,Tracheophyta,Magnoliopsida,Fagales,Fagaceae,Quercus,NA
Ranunculus asiaticus-type,Plantae,Tracheophyta,Magnoliopsida,Ranunculales,Ranunculaceae,Ranunculus,NA
Rumex cyprius-type,Plantae,Tracheophyta,Magnoliopsida,Caryophyllales,Polygonaceae,Rumex,NA
Rumex patientia-type,Plantae,Tracheophyta,Magnoliopsida,Caryophyllales,Polygonaceae,Rumex,NA
Sanicula,Plantae,Tracheophyta,Magnoliopsida,Apiales,Apiaceae,Sanicula,NA
Thymelaea,Plantae,Tracheophyta,Magnoliopsida,Malvales,Thymelaeaceae,Thymelaea,NA
Turgenia-type,Plantae,Tracheophyta,Magnoliopsida,Apiales,Apiaceae,Turgenia,NA
Urtica pilulifera-type,Plantae,Tracheophyta,Magnoliopsida,Rosales,Urticaceae,Urtica,NA
Gentiana punctata,Plantae,Tracheophyta,Magnoliopsida,Gentianales,Gentianaceae,Gentiana,Gentiana punctata
Geum rivale,Plantae,Tracheophyta,Magnoliopsida,Rosales,Rosaceae,Geum,Geum rivale
Ericaceae cf. Cassiope,Plantae,Tracheophyta,Magnoliopsida,Ericales,Ericaceae,Ericaceae,NA
cf. Maianthemum,Plantae,Tracheophyta,Liliopsida,Asparagales,Asparagaceae,Maianthemum,NA
cf. Limosella aquatica,Plantae,Tracheophyta,Magnoliopsida,Lamiales,Scrophulariaceae,Limosella,Limosella aquatica
Artemisia norvegica-type,Plantae,Tracheophyta,Magnoliopsida,Asterales,Asteraceae,Artemisia,NA
cf. Helianthemum,Plantae,Tracheophyta,Magnoliopsida,Malvales,Cistaceae,Helianthemum,NA
Poaceae (annulus 8-10 µm),Plantae,Tracheophyta,Liliopsida,Poales,Poaceae,Poaceae,NA
Saxifraga cernua/S. rivularis,Plantae,Tracheophyta,Magnoliopsida,Saxifragales,Saxifragaceae,Saxifraga,NA
Carum-type,Plantae,Tracheophyta,Magnoliopsida,Apiales,Apiaceae,Carum,NA
Corydalis cava-type,Plantae,Tracheophyta,Magnoliopsida,Ranunculales,Papaveraceae,Corydalis,NA
Lavandula,Plantae,Tracheophyta,Magnoliopsida,Lamiales,Lamiaceae,Lavandula,NA
cf. Rhamnaceae,Plantae,Tracheophyta,Magnoliopsida,Rosales,Rhamnaceae,Rhamnaceae,NA
Paronychia/Herniaria-type,Plantae,Tracheophyta,Magnoliopsida,Caryophyllales,Caryophyllaceae,Paronychia,NA
Podocarpaceae,Plantae,Tracheophyta,Pinopsida,Pinales,Podocarpaceae,Podocarpaceae,NA
Polygonaceae (excluding Rumex),Plantae,Tracheophyta,Magnoliopsida,Caryophyllales,Polygonaceae,Polygonaceae,NA
Ranunculaceae cf. Anemone/Caltha,Plantae,Tracheophyta,Magnoliopsida,Ranunculales,Ranunculaceae,Ranunculaceae,NA
Hedysarum hedysaroides,Plantae,Tracheophyta,Magnoliopsida,Fabales,Fabaceae,Hedysarum,Hedysarum hedysaroides
Delphinium elatum,Plantae,Tracheophyta,Magnoliopsida,Ranunculales,Ranunculaceae,Delphinium,Delphinium elatum
Silene suecica-type,Plantae,Tracheophyta,Magnoliopsida,Caryophyllales,Caryophyllaceae,Silene,NA
Blackstonia,Plantae,Tracheophyta,Magnoliopsida,Gentianales,Gentianaceae,Blackstonia,NA
Erica ciliaris,Plantae,Tracheophyta,Magnoliopsida,Ericales,Ericaceae,Erica,Erica ciliaris
Agrostis,Plantae,Tracheophyta,Liliopsida,Poales,Poaceae,Agrostis,NA
Araceae undiff.,Plantae,Tracheophyta,Liliopsida,Alismatales,Araceae,Araceae,NA
Chimaphila,Plantae,Tracheophyta,Magnoliopsida,Ericales,Ericaceae,Chimaphila,NA
Poa,Plantae,Tracheophyta,Liliopsida,Poales,Poaceae,Poa,NA
Chamaerops,Plantae,Tracheophyta,Liliopsida,Arecales,Arecaceae,Chamaerops,NA
Draba-type,Plantae,Tracheophyta,Magnoliopsida,Brassicales,Brassicaceae,Draba,NA
Ephedra cf. E. fragilis,Plantae,Tracheophyta,Gnetopsida,Ephedrales,Ephedraceae,Ephedra,NA
Falcaria,Plantae,Tracheophyta,Magnoliopsida,Apiales,Apiaceae,Falcaria,NA
Pinus halepensis,Plantae,Tracheophyta,Pinopsida,Pinales,Pinaceae,Pinus,Pinus halepensis
Radiola,Plantae,Tracheophyta,Magnoliopsida,Malpighiales,Linaceae,Radiola,NA
Ziziphus,Plantae,Tracheophyta,Magnoliopsida,Rosales,Rhamnaceae,Ziziphus,NA
Corrigiola litoralis,Plantae,Tracheophyta,Magnoliopsida,Caryophyllales,Caryophyllaceae,Corrigiola,Corrigiola litoralis
Cyclamen purpurascens,Plantae,Tracheophyta,Magnoliopsida,Ericales,Primulaceae,Cyclamen,Cyclamen purpurascens
Foeniculum-type,Plantae,Tracheophyta,Magnoliopsida,Apiales,Apiaceae,Foeniculum,NA
Adenostyles alliariae,Plantae,Tracheophyta,Magnoliopsida,Asterales,Asteraceae,Adenostyles,Adenostyles alliariae
Anemone nemorosa group,Plantae,Tracheophyta,Magnoliopsida,Ranunculales,Ranunculaceae,Anemone,Anemone nemorosa
Anthemis arvensis-type,Plantae,Tracheophyta,Magnoliopsida,Asterales,Asteraceae,Anthemis,NA
cf. Androsace,Plantae,Tracheophyta,Magnoliopsida,Ericales,Primulaceae,Androsace,NA
Gypsophila repens,Plantae,Tracheophyta,Magnoliopsida,Caryophyllales,Caryophyllaceae,Gypsophila,Gypsophila repens
Petasites hybridus-type,Plantae,Tracheophyta,Magnoliopsida,Asterales,Asteraceae,Petasites,NA
Primula clusiana-type,Plantae,Tracheophyta,Magnoliopsida,Ericales,Primulaceae,Primula,NA
Ranunculus acris/R. flammula/R. sceleratus group,Plantae,Tracheophyta,Magnoliopsida,Ranunculales,Ranunculaceae,Ranunculus,NA
Senecio/Aster,Plantae,Tracheophyta,Magnoliopsida,Asterales,Asteraceae,Senecio,NA
Androsace elongata-type,Plantae,Tracheophyta,Magnoliopsida,Ericales,Primulaceae,Androsace,NA
Crepis-type,Plantae,Tracheophyta,Magnoliopsida,Asterales,Asteraceae,Crepis,NA
Primula-type,Plantae,Tracheophyta,Magnoliopsida,Ericales,Primulaceae,Primula,NA
Ribes uva-crispa,Plantae,Tracheophyta,Magnoliopsida,Saxifragales,Grossulariaceae,Ribes,Ribes uva-crispa
Tripolium pannonicum subsp. tripolium-type,Plantae,Tracheophyta,Magnoliopsida,Asterales,Asteraceae,Tripolium,Tripolium pannonicum
Triticum undiff.,Plantae,Tracheophyta,Liliopsida,Poales,Poaceae,Triticum,NA
Orthilia secunda,Plantae,Tracheophyta,Magnoliopsida,Ericales,Ericaceae,Orthilia,Orthilia secunda
Taraxacum officinale,Plantae,Tracheophyta,Magnoliopsida,Asterales,Asteraceae,Taraxacum,Taraxacum officinale
"Caryophyllaceae (periporate, excluding Paronychioideae)",Plantae,Tracheophyta,Magnoliopsida,Caryophyllales,Caryophyllaceae,Caryophyllaceae,NA
Juniperus communis-type,Plantae,Tracheophyta,Pinopsida,Pinales,Cupressaceae,Juniperus,NA
"Poaceae (Cerealia, 37-40 µm)",Plantae,Tracheophyta,Liliopsida,Poales,Poaceae,Poaceae,NA
"Poaceae (Cerealia, 40-50 µm)",Plantae,Tracheophyta,Liliopsida,Poales,Poaceae,Poaceae,NA
"Poaceae (Cerealia, >50 µm)",Plantae,Tracheophyta,Liliopsida,Poales,Poaceae,Poaceae,NA
Vicia faba,Plantae,Tracheophyta,Magnoliopsida,Fabales,Fabaceae,Vicia,Vicia faba
Agrostemma-type,Plantae,Tracheophyta,Magnoliopsida,Caryophyllales,Caryophyllaceae,Agrostemma,NA
Ericoideae,Plantae,Tracheophyta,Magnoliopsida,Ericales,Ericaceae,Ericaceae,NA
Festuca,Plantae,Tracheophyta,Liliopsida,Poales,Poaceae,Festuca,NA
Rosaceae (herbs) undiff.,Plantae,Tracheophyta,Magnoliopsida,Rosales,Rosaceae,Rosaceae,NA
Quercus faginea-type,Plantae,Tracheophyta,Magnoliopsida,Fagales,Fagaceae,Quercus,NA
Scilla,Plantae,Tracheophyta,Liliopsida,Asparagales,Asparagaceae,Scilla,NA
Odontites/Euphrasia,Plantae,Tracheophyta,Magnoliopsida,Lamiales,Orobanchaceae,Odontites,NA
Ricinus communis,Plantae,Tracheophyta,Magnoliopsida,Malpighiales,Euphorbiaceae,Ricinus,Ricinus communis
Spartium junceum,Plantae,Tracheophyta,Magnoliopsida,Fabales,Fabaceae,Spartium,Spartium junceum
cf. Pterocarya,Plantae,Tracheophyta,Magnoliopsida,Fagales,Juglandaceae,Pterocarya,NA
cf. Gentianaceae,Plantae,Tracheophyta,Magnoliopsida,Gentianales,Gentianaceae,Gentianaceae,NA
Valerianaceae undiff.,Plantae,Tracheophyta,Magnoliopsida,Dipsacales,Valerianaceae,Valerianaceae,NA
Mercurialis-type,Plantae,Tracheophyta,Magnoliopsida,Malpighiales,Euphorbiaceae,Mercurialis,NA
Plantago cf. P. lanceolata,Plantae,Tracheophyta,Magnoliopsida,Lamiales,Plantaginaceae,Plantago,NA
Rubus chamaemorus-type,Plantae,Tracheophyta,Magnoliopsida,Rosales,Rosaceae,Rubus,NA
Corylus/Myrica undiff.,Plantae,Tracheophyta,Magnoliopsida,Fagales,Betulaceae,Corylus,NA
Cerinthe-type,Plantae,Tracheophyta,Magnoliopsida,Boraginales,Boraginaceae,Cerinthe,NA
Cistus undiff.,Plantae,Tracheophyta,Magnoliopsida,Malvales,Cistaceae,Cistus,NA
Geum/Potentilla,Plantae,Tracheophyta,Magnoliopsida,Rosales,Rosaceae,Geum,NA
Juncus/Luzula,Plantae,Tracheophyta,Liliopsida,Poales,Juncaceae,Juncus,NA
Phillyrea-type,Plantae,Tracheophyta,Magnoliopsida,Lamiales,Oleaceae,Phillyrea,NA
Quercus ilex/Q. coccifera-type,Plantae,Tracheophyta,Magnoliopsida,Fagales,Fagaceae,Quercus,NA
Rubiaceae cf. Galium,Plantae,Tracheophyta,Magnoliopsida,Gentianales,Rubiaceae,Rubiaceae,NA
Valeriana undiff.,Plantae,Tracheophyta,Magnoliopsida,Dipsacales,Caprifoliaceae,Valeriana,NA
Vitex agnus-castus,Plantae,Tracheophyta,Magnoliopsida,Lamiales,Lamiaceae,Vitex,Vitex agnus-castus
Asparagus-type,Plantae,Tracheophyta,Liliopsida,Asparagales,Asparagaceae,Asparagus,NA
Daphne/Thymelaea,Plantae,Tracheophyta,Magnoliopsida,Malvales,Thymelaeaceae,Daphne/Thymelaea,NA
Roemeria,Plantae,Tracheophyta,Magnoliopsida,Ranunculales,Papaveraceae,Roemeria,NA
Ruta,Plantae,Tracheophyta,Magnoliopsida,Sapindales,Rutaceae,Ruta,NA
Scabiosa-type,Plantae,Tracheophyta,Magnoliopsida,Dipsacales,Caprifoliaceae,Scabiosa,NA
Crocus,Plantae,Tracheophyta,Liliopsida,Asparagales,Iridaceae,Crocus,NA
Nerium,Plantae,Tracheophyta,Magnoliopsida,Gentianales,Apocynaceae,Nerium,NA
Ephedra major subsp. major,Plantae,Tracheophyta,Gnetopsida,Ephedrales,Ephedraceae,Ephedra,Ephedra foeminea
Pinus nigra-type,Plantae,Tracheophyta,Pinopsida,Pinales,Pinaceae,Pinus,NA
cf. Juniperus,Plantae,Tracheophyta,Pinopsida,Pinales,Cupressaceae,Juniperus,NA
Lygeum,Plantae,Tracheophyta,Liliopsida,Poales,Poaceae,Lygeum,NA
Olea/Phillyrea,Plantae,Tracheophyta,Magnoliopsida,Lamiales,Oleaceae,Olea/Phillyrea,NA
Andromeda-type,Plantae,Tracheophyta,Magnoliopsida,Ericales,Ericaceae,Andromeda,NA
Betula/Corylus,Plantae,Tracheophyta,Magnoliopsida,Fagales,Betulaceae,Betula/Corylus,NA
Erodium-type,Plantae,Tracheophyta,Magnoliopsida,Geraniales,Geraniaceae,Erodium,NA
Ficaria,Plantae,Tracheophyta,Magnoliopsida,Ranunculales,Ranunculaceae,Ficaria,NA
Helianthemum marifolium,Plantae,Tracheophyta,Magnoliopsida,Malvales,Cistaceae,Helianthemum,Helianthemum marifolium
Hyoscyamus,Plantae,Tracheophyta,Magnoliopsida,Solanales,Solanaceae,Hyoscyamus,NA
Lotus undiff.,Plantae,Tracheophyta,Magnoliopsida,Fabales,Fabaceae,Lotus,NA
Poaceae (>37 µm),Plantae,Tracheophyta,Liliopsida,Poales,Poaceae,Poaceae,NA
Primula elatior-type,Plantae,Tracheophyta,Magnoliopsida,Ericales,Primulaceae,Primula,NA
Sagina apetala-type,Plantae,Tracheophyta,Magnoliopsida,Caryophyllales,Caryophyllaceae,Sagina,NA
Scrophularia nodosa-type,Plantae,Tracheophyta,Magnoliopsida,Lamiales,Scrophulariaceae,Scrophularia,NA
Ulex/Cytisus sect. Spartopsis-type,Plantae,Tracheophyta,Magnoliopsida,Fabales,Fabaceae,Ulex,NA
Viola odorata-type,Plantae,Tracheophyta,Magnoliopsida,Malpighiales,Violaceae,Viola,NA
Camassia-type,Plantae,Tracheophyta,Liliopsida,Asparagales,Asparagaceae,Camassia,NA
Alchemilla pentaphyllea,Plantae,Tracheophyta,Magnoliopsida,Rosales,Rosaceae,Alchemilla,Alchemilla pentaphyllea
Hypericum elodes-type,Plantae,Tracheophyta,Magnoliopsida,Malpighiales,Hypericaceae,Hypericum,NA
Ailanthus altissima,Plantae,Tracheophyta,Magnoliopsida,Sapindales,Simaroubaceae,Ailanthus,Ailanthus altissima
Angelica archangelica,Plantae,Tracheophyta,Magnoliopsida,Apiales,Apiaceae,Angelica,Angelica archangelica
Anthericum liliago,Plantae,Tracheophyta,Liliopsida,Asparagales,Asparagaceae,Anthericum,Anthericum liliago
Arctium lappa-type,Plantae,Tracheophyta,Magnoliopsida,Asterales,Asteraceae,Arctium,NA
Campanula rapunculoides,Plantae,Tracheophyta,Magnoliopsida,Asterales,Campanulaceae,Campanula,Campanula rapunculoides
Cicer arietinum,Plantae,Tracheophyta,Magnoliopsida,Fabales,Fabaceae,Cicer,Cicer arietinum
Colchicum autumnale,Plantae,Tracheophyta,Liliopsida,Liliales,Colchicaceae,Colchicum,Colchicum autumnale
Echinophora-type,Plantae,Tracheophyta,Magnoliopsida,Apiales,Apiaceae,Echinophora,NA
Geranium molle group,Plantae,Tracheophyta,Magnoliopsida,Geraniales,Geraniaceae,Geranium,Geranium molle
Geranium pratense group,Plantae,Tracheophyta,Magnoliopsida,Geraniales,Geraniaceae,Geranium,Geranium pratense
Hyoscyamus niger,Plantae,Tracheophyta,Magnoliopsida,Solanales,Solanaceae,Hyoscyamus,Hyoscyamus niger
Larix decidua-type,Plantae,Tracheophyta,Pinopsida,Pinales,Pinaceae,Larix,NA
Medicago lupulina-type,Plantae,Tracheophyta,Magnoliopsida,Fabales,Fabaceae,Medicago,NA
Medicago sativa-type,Plantae,Tracheophyta,Magnoliopsida,Fabales,Fabaceae,Medicago,NA
Polygala comosa-type,Plantae,Tracheophyta,Magnoliopsida,Fabales,Polygalaceae,Polygala,NA
Polygonatum odoratum-type,Plantae,Tracheophyta,Liliopsida,Asparagales,Asparagaceae,Polygonatum,NA
Rubus undiff.,Plantae,Tracheophyta,Magnoliopsida,Rosales,Rosaceae,Rubus,NA
Salvia pratensis-type,Plantae,Tracheophyta,Magnoliopsida,Lamiales,Lamiaceae,Salvia,NA
Vicia hirsuta/V. tetrasperma,Plantae,Tracheophyta,Magnoliopsida,Fabales,Fabaceae,Vicia,NA
Lysimachia nemorum-type,Plantae,Tracheophyta,Magnoliopsida,Ericales,Primulaceae,Lysimachia,NA
Circaea-type,Plantae,Tracheophyta,Magnoliopsida,Myrtales,Onagraceae,Circaea,NA
Asteraceae undiff. (type 2),Plantae,Tracheophyta,Magnoliopsida,Asterales,Asteraceae,Asteraceae,NA
Lychnis-type,Plantae,Tracheophyta,Magnoliopsida,Caryophyllales,Caryophyllaceae,Silene,NA
Polygala-type,Plantae,Tracheophyta,Magnoliopsida,Fabales,Polygalaceae,Polygala,NA
cf. Cuscuta,Plantae,Tracheophyta,Magnoliopsida,Solanales,Convolvulaceae,Cuscuta,NA
Pinguicula cf. P. vulgaris,Plantae,Tracheophyta,Magnoliopsida,Lamiales,Lentibulariaceae,Pinguicula,NA
Scleranthus cf. S. perennis,Plantae,Tracheophyta,Magnoliopsida,Caryophyllales,Caryophyllaceae,Scleranthus,NA
Asperula,Plantae,Tracheophyta,Magnoliopsida,Gentianales,Rubiaceae,Asperula,NA
Centaurium erythraea,Plantae,Tracheophyta,Magnoliopsida,Gentianales,Gentianaceae,Centaurium,Centaurium erythraea
Fumaria officinalis,Plantae,Tracheophyta,Magnoliopsida,Ranunculales,Papaveraceae,Fumaria,Fumaria officinalis
Theligonum,Plantae,Tracheophyta,Magnoliopsida,Gentianales,Rubiaceae,Theligonum,NA
Carpinus betulus-type,Plantae,Tracheophyta,Magnoliopsida,Fagales,Betulaceae,Carpinus,NA
Aristolochia,Plantae,Tracheophyta,Magnoliopsida,Piperales,Aristolochiaceae,Aristolochia,NA
Orobanchaceae,Plantae,Tracheophyta,Magnoliopsida,Lamiales,Orobanchaceae,Orobanchaceae,NA
Quercus faginea,Plantae,Tracheophyta,Magnoliopsida,Fagales,Fagaceae,Quercus,Quercus faginea
Anagallis arvensis-type,Plantae,Tracheophyta,Magnoliopsida,Ericales,Primulaceae,Lysimachia,NA
Cichorium intybus-type,Plantae,Tracheophyta,Magnoliopsida,Asterales,Asteraceae,Cichorium,NA
Poaceae (annulus 10-12 µm),Plantae,Tracheophyta,Liliopsida,Poales,Poaceae,Poaceae,NA
cf. Glyceria,Plantae,Tracheophyta,Liliopsida,Poales,Poaceae,Glyceria,NA
Malus sylvestris,Plantae,Tracheophyta,Magnoliopsida,Rosales,Rosaceae,Malus,Malus sylvestris
Poterium sanguisorba subsp. sanguisorba,Plantae,Tracheophyta,Magnoliopsida,Rosales,Rosaceae,Poterium,Poterium sanguisorba
Pyrola-type,Plantae,Tracheophyta,Magnoliopsida,Ericales,Ericaceae,Pyrola,NA
Ilex verticillata,Plantae,Tracheophyta,Magnoliopsida,Aquifoliales,Aquifoliaceae,Ilex,Ilex verticillata
Cucumis-type,Plantae,Tracheophyta,Magnoliopsida,Cucurbitales,Cucurbitaceae,Cucumis,NA
Linum-type,Plantae,Tracheophyta,Magnoliopsida,Malpighiales,Linaceae,Linum,NA
Lythrum-type,Plantae,Tracheophyta,Magnoliopsida,Myrtales,Lythraceae,Lythrum,NA
Quercus indet.,Plantae,Tracheophyta,Magnoliopsida,Fagales,Fagaceae,Quercus,NA
Quercus ithaburensis,Plantae,Tracheophyta,Magnoliopsida,Fagales,Fagaceae,Quercus,Quercus ithaburensis
Styrax-type,Plantae,Tracheophyta,Magnoliopsida,Ericales,Styracaceae,Styrax,NA
Narcissus,Plantae,Tracheophyta,Liliopsida,Asparagales,Amaryllidaceae,Narcissus,NA
Cistaceae undiff.,Plantae,Tracheophyta,Magnoliopsida,Malvales,Cistaceae,Cistaceae,NA
Cuscuta-type,Plantae,Tracheophyta,Magnoliopsida,Solanales,Convolvulaceae,Cuscuta,NA
Amaranthaceae (broken),Plantae,Tracheophyta,Magnoliopsida,Caryophyllales,Amaranthaceae,Amaranthaceae,NA
Amaranthaceae (crumpled),Plantae,Tracheophyta,Magnoliopsida,Caryophyllales,Amaranthaceae,Amaranthaceae,NA
Asteraceae undiff. (broken),Plantae,Tracheophyta,Magnoliopsida,Asterales,Asteraceae,Asteraceae,NA
Asteraceae undiff. (crumpled),Plantae,Tracheophyta,Magnoliopsida,Asterales,Asteraceae,Asteraceae,NA
Cedrus (broken),Plantae,Tracheophyta,Pinopsida,Pinales,Pinaceae,Cedrus,NA
Cedrus (crumpled),Plantae,Tracheophyta,Pinopsida,Pinales,Pinaceae,Cedrus,NA
Cedrus (degraded),Plantae,Tracheophyta,Pinopsida,Pinales,Pinaceae,Cedrus,NA
Cornaceae-type,Plantae,Tracheophyta,Magnoliopsida,Cornales,Cornaceae,Cornaceae,NA
Cyperaceae (broken),Plantae,Tracheophyta,Liliopsida,Poales,Cyperaceae,Cyperaceae,NA
Cyperaceae (corroded),Plantae,Tracheophyta,Liliopsida,Poales,Cyperaceae,Cyperaceae,NA
Cyperaceae (crumpled),Plantae,Tracheophyta,Liliopsida,Poales,Cyperaceae,Cyperaceae,NA
Cyperaceae (degraded),Plantae,Tracheophyta,Liliopsida,Poales,Cyperaceae,Cyperaceae,NA
Echinops-type,Plantae,Tracheophyta,Magnoliopsida,Asterales,Asteraceae,Echinops,NA
Fraxinus ornus-type,Plantae,Tracheophyta,Magnoliopsida,Lamiales,Oleaceae,Fraxinus,NA
Olea-type,Plantae,Tracheophyta,Magnoliopsida,Lamiales,Oleaceae,Olea,NA
Oleaceae (broken),Plantae,Tracheophyta,Magnoliopsida,Lamiales,Oleaceae,Oleaceae,NA
Oleaceae (crumpled),Plantae,Tracheophyta,Magnoliopsida,Lamiales,Oleaceae,Oleaceae,NA
Oleaceae (obscured),Plantae,Tracheophyta,Magnoliopsida,Lamiales,Oleaceae,Oleaceae,NA
Ostrya/Corylus-type,Plantae,Tracheophyta,Magnoliopsida,Fagales,Betulaceae,Ostrya,NA
Pinaceae (broken),Plantae,Tracheophyta,Pinopsida,Pinales,Pinaceae,Pinaceae,NA
Pinaceae (corroded),Plantae,Tracheophyta,Pinopsida,Pinales,Pinaceae,Pinaceae,NA
Pinaceae (crumpled),Plantae,Tracheophyta,Pinopsida,Pinales,Pinaceae,Pinaceae,NA
Pinaceae (degraded),Plantae,Tracheophyta,Pinopsida,Pinales,Pinaceae,Pinaceae,NA
Pinaceae (obscured),Plantae,Tracheophyta,Pinopsida,Pinales,Pinaceae,Pinaceae,NA
Pinus (broken),Plantae,Tracheophyta,Pinopsida,Pinales,Pinaceae,Pinus,NA
Pinus (corroded),Plantae,Tracheophyta,Pinopsida,Pinales,Pinaceae,Pinus,NA
Pinus (crumpled),Plantae,Tracheophyta,Pinopsida,Pinales,Pinaceae,Pinus,NA
Pinus (degraded),Plantae,Tracheophyta,Pinopsida,Pinales,Pinaceae,Pinus,NA
Pinus (fragmented),Plantae,Tracheophyta,Pinopsida,Pinales,Pinaceae,Pinus,NA
Poaceae (broken),Plantae,Tracheophyta,Liliopsida,Poales,Poaceae,Poaceae,NA
"Poaceae (Cerealia-type, broken)",Plantae,Tracheophyta,Liliopsida,Poales,Poaceae,Poaceae,NA
"Poaceae (Cerealia-type, corroded)",Plantae,Tracheophyta,Liliopsida,Poales,Poaceae,Poaceae,NA
"Poaceae (Cerealia-type, crumpled)",Plantae,Tracheophyta,Liliopsida,Poales,Poaceae,Poaceae,NA
Poaceae (corroded),Plantae,Tracheophyta,Liliopsida,Poales,Poaceae,Poaceae,NA
Poaceae (crumpled),Plantae,Tracheophyta,Liliopsida,Poales,Poaceae,Poaceae,NA
Poaceae (degraded),Plantae,Tracheophyta,Liliopsida,Poales,Poaceae,Poaceae,NA
Polygonum-type,Plantae,Tracheophyta,Magnoliopsida,Caryophyllales,Polygonaceae,Polygonum,NA
Quercus coccifera-type (broken),Plantae,Tracheophyta,Magnoliopsida,Fagales,Fagaceae,Quercus,NA
Quercus coccifera-type: corroded,Plantae,Tracheophyta,Magnoliopsida,Fagales,Fagaceae,Quercus,NA
Quercus coccifera-type (crumpled),Plantae,Tracheophyta,Magnoliopsida,Fagales,Fagaceae,Quercus,NA
Quercus undiff. (broken),Plantae,Tracheophyta,Magnoliopsida,Fagales,Fagaceae,Quercus,NA
Quercus undiff. (corroded),Plantae,Tracheophyta,Magnoliopsida,Fagales,Fagaceae,Quercus,NA
Quercus undiff. (crumpled),Plantae,Tracheophyta,Magnoliopsida,Fagales,Fagaceae,Quercus,NA
Quercus undiff. (degraded),Plantae,Tracheophyta,Magnoliopsida,Fagales,Fagaceae,Quercus,NA
Quercus undiff. (obscured),Plantae,Tracheophyta,Magnoliopsida,Fagales,Fagaceae,Quercus,NA
Anagallis tenella-type,Plantae,Tracheophyta,Magnoliopsida,Ericales,Primulaceae,Lysimachia,NA
Arnoseris,Plantae,Tracheophyta,Magnoliopsida,Asterales,Asteraceae,Arnoseris,NA
Cicendia filiformis,Plantae,Tracheophyta,Magnoliopsida,Gentianales,Gentianaceae,Cicendia,Cicendia filiformis
Cistus monspeliensis-type,Plantae,Tracheophyta,Magnoliopsida,Malvales,Cistaceae,Cistus,NA
Erica scoparia-type,Plantae,Tracheophyta,Magnoliopsida,Ericales,Ericaceae,Erica,NA
Frankenia,Plantae,Tracheophyta,Magnoliopsida,Caryophyllales,Frankeniaceae,Frankenia,NA
Fumaria officinalis-type,Plantae,Tracheophyta,Magnoliopsida,Ranunculales,Papaveraceae,Fumaria,NA
Gynandriris sisyrinchium,Plantae,Tracheophyta,Liliopsida,Asparagales,Iridaceae,Moraea,Moraea sisyrinchium
Halimium halimifolium-type,Plantae,Tracheophyta,Magnoliopsida,Malvales,Cistaceae,Halimium,NA
Helianthemum croceum-type,Plantae,Tracheophyta,Magnoliopsida,Malvales,Cistaceae,Helianthemum,NA
Tuberaria guttata,Plantae,Tracheophyta,Magnoliopsida,Malvales,Cistaceae,Tuberaria,Tuberaria guttata
Actaea spicata,Plantae,Tracheophyta,Magnoliopsida,Ranunculales,Ranunculaceae,Actaea,Actaea spicata
Anemone pulsatilla-type,Plantae,Tracheophyta,Magnoliopsida,Ranunculales,Ranunculaceae,Anemone,NA
Anethum graveolens,Plantae,Tracheophyta,Magnoliopsida,Apiales,Apiaceae,Anethum,Anethum graveolens
Legousia,Plantae,Tracheophyta,Magnoliopsida,Asterales,Campanulaceae,Legousia,NA
Leucojum,Plantae,Tracheophyta,Liliopsida,Asparagales,Amaryllidaceae,Leucojum,NA
Robinia pseudoacacia,Plantae,Tracheophyta,Magnoliopsida,Fabales,Fabaceae,Robinia,Robinia pseudoacacia
Vaccaria hispanica,Plantae,Tracheophyta,Magnoliopsida,Caryophyllales,Caryophyllaceae,Gypsophila,Gypsophila vaccaria
Viburnum opulus/V. tinus,Plantae,Tracheophyta,Magnoliopsida,Dipsacales,Viburnaceae,Viburnum,NA
Carya glabra-type,Plantae,Tracheophyta,Magnoliopsida,Fagales,Juglandaceae,Carya,NA
Carya tomentosa-type,Plantae,Tracheophyta,Magnoliopsida,Fagales,Juglandaceae,Carya,NA
Haplophyllum-type,Plantae,Tracheophyta,Magnoliopsida,Sapindales,Rutaceae,Haplophyllum,NA
Anemone subg. Anemone,Plantae,Tracheophyta,Magnoliopsida,Ranunculales,Ranunculaceae,Anemone,NA
Artemisia alba-type,Plantae,Tracheophyta,Magnoliopsida,Asterales,Asteraceae,Artemisia,NA
Genista/Cytisus,Plantae,Tracheophyta,Magnoliopsida,Fabales,Fabaceae,Genista/Cytisus,NA
Lathyrus linifolius-type,Plantae,Tracheophyta,Magnoliopsida,Fabales,Fabaceae,Lathyrus,NA
Medicago-type,Plantae,Tracheophyta,Magnoliopsida,Fabales,Fabaceae,Medicago,NA
Potentilla erecta,Plantae,Tracheophyta,Magnoliopsida,Rosales,Rosaceae,Potentilla,Potentilla erecta
Centaurea jacea/C. nigra-type,Plantae,Tracheophyta,Magnoliopsida,Asterales,Asteraceae,Centaurea,NA
Cytisus/Genista-type,Plantae,Tracheophyta,Magnoliopsida,Fabales,Fabaceae,Cytisus,NA
Lamium amplexicaule-type,Plantae,Tracheophyta,Magnoliopsida,Lamiales,Lamiaceae,Lamium,NA
Lamium purpureum var. hybridum-type,Plantae,Tracheophyta,Magnoliopsida,Lamiales,Lamiaceae,Lamium,Lamium purpureum
Orlaya-type,Plantae,Tracheophyta,Magnoliopsida,Apiales,Apiaceae,Orlaya,NA
Polygonum cognatum,Plantae,Tracheophyta,Magnoliopsida,Caryophyllales,Polygonaceae,Polygonum,Polygonum cognatum
Rumex conglomeratus,Plantae,Tracheophyta,Magnoliopsida,Caryophyllales,Polygonaceae,Rumex,Rumex conglomeratus
Teucrium pyrenaicum-type,Plantae,Tracheophyta,Magnoliopsida,Lamiales,Lamiaceae,Teucrium,NA
Urtica atrovirens,Plantae,Tracheophyta,Magnoliopsida,Rosales,Urticaceae,Urtica,Urtica atrovirens
Geranium columbinum-type,Plantae,Tracheophyta,Magnoliopsida,Geraniales,Geraniaceae,Geranium,NA
Geranium pusillum-type,Plantae,Tracheophyta,Magnoliopsida,Geraniales,Geraniaceae,Geranium,NA
Acanthus-type,Plantae,Tracheophyta,Magnoliopsida,Lamiales,Acanthaceae,Acanthus,NA
Amaryllidaceae,Plantae,Tracheophyta,Liliopsida,Asparagales,Amaryllidaceae,Amaryllidaceae,NA
Asphodelus/Asphodeline,Plantae,Tracheophyta,Liliopsida,Asparagales,Asphodelaceae,Asphodelus,NA
Atropa-type,Plantae,Tracheophyta,Magnoliopsida,Solanales,Solanaceae,Atropa,NA
Chenopodium sp.,Plantae,Tracheophyta,Magnoliopsida,Caryophyllales,Amaranthaceae,Chenopodium,NA
Convolvulus undiff.,Plantae,Tracheophyta,Magnoliopsida,Solanales,Convolvulaceae,Convolvulus,NA
Crocus-type,Plantae,Tracheophyta,Liliopsida,Asparagales,Iridaceae,Crocus,NA
Dracunculus,Plantae,Tracheophyta,Liliopsida,Alismatales,Araceae,Dracunculus,NA
Hypecoum-type,Plantae,Tracheophyta,Magnoliopsida,Ranunculales,Papaveraceae,Hypecoum,NA
Lavatera-type,Plantae,Tracheophyta,Magnoliopsida,Malvales,Malvaceae,Malva,NA
Mesembryanthemum,Plantae,Tracheophyta,Magnoliopsida,Caryophyllales,Aizoaceae,Mesembryanthemum,NA
Paeonia,Plantae,Tracheophyta,Magnoliopsida,Saxifragales,Paeoniaceae,Paeonia,NA
Plantago lanceolata/P. lagopus,Plantae,Tracheophyta,Magnoliopsida,Lamiales,Plantaginaceae,Plantago,NA
Prunus sp.,Plantae,Tracheophyta,Magnoliopsida,Rosales,Rosaceae,Prunus,NA
Punica granatum,Plantae,Tracheophyta,Magnoliopsida,Myrtales,Lythraceae,Punica,Punica granatum
Quercus ilex/Q. coccifera,Plantae,Tracheophyta,Magnoliopsida,Fagales,Fagaceae,Quercus,NA
Rumex subg. Emex,Plantae,Tracheophyta,Magnoliopsida,Caryophyllales,Polygonaceae,Rumex,NA
Sarcopoterium spinosum/Poterium sanguisorba,Plantae,Tracheophyta,Magnoliopsida,Rosales,Rosaceae,Sarcopoterium,NA
Senecio sp.,Plantae,Tracheophyta,Magnoliopsida,Asterales,Asteraceae,Senecio,NA
Styrax,Plantae,Tracheophyta,Magnoliopsida,Ericales,Styracaceae,Styrax,NA
Arnoseris minima,Plantae,Tracheophyta,Magnoliopsida,Asterales,Asteraceae,Arnoseris,Arnoseris minima
Caryophyllaceae (porate),Plantae,Tracheophyta,Magnoliopsida,Caryophyllales,Caryophyllaceae,Caryophyllaceae,NA
Conopodium majus,Plantae,Tracheophyta,Magnoliopsida,Apiales,Apiaceae,Conopodium,Conopodium majus
Allium cf. A. sibiricum,Plantae,Tracheophyta,Liliopsida,Asparagales,Amaryllidaceae,Allium,NA
Bistorta-type,Plantae,Tracheophyta,Magnoliopsida,Caryophyllales,Polygonaceae,Bistorta,NA
cf. Genista,Plantae,Tracheophyta,Magnoliopsida,Fabales,Fabaceae,Genista,NA
Papaver radicatum-type,Plantae,Tracheophyta,Magnoliopsida,Ranunculales,Papaveraceae,Papaver,NA
Artemisia sp.,Plantae,Tracheophyta,Magnoliopsida,Asterales,Asteraceae,Artemisia,NA
Astragalus/Oxytropis,Plantae,Tracheophyta,Magnoliopsida,Fabales,Fabaceae,Astragalus,NA
Capsella,Plantae,Tracheophyta,Magnoliopsida,Brassicales,Brassicaceae,Capsella,NA
Gentianella sp.,Plantae,Tracheophyta,Magnoliopsida,Gentianales,Gentianaceae,Gentianella,NA
Ranunculus glacialis,Plantae,Tracheophyta,Magnoliopsida,Ranunculales,Ranunculaceae,Ranunculus,Ranunculus glacialis
Sonchus,Plantae,Tracheophyta,Magnoliopsida,Asterales,Asteraceae,Sonchus,NA
Primula scandinavica-type,Plantae,Tracheophyta,Magnoliopsida,Ericales,Primulaceae,Primula,NA
Sorbus cf. S. aucuparia,Plantae,Tracheophyta,Magnoliopsida,Rosales,Rosaceae,Sorbus,NA
Rumex sp.,Plantae,Tracheophyta,Magnoliopsida,Caryophyllales,Polygonaceae,Rumex,NA
Avena sativa,Plantae,Tracheophyta,Liliopsida,Poales,Poaceae,Avena,Avena sativa
cf. Avena sativa,Plantae,Tracheophyta,Liliopsida,Poales,Poaceae,Avena,Avena sativa
cf. Peucedanum-type,Plantae,Tracheophyta,Magnoliopsida,Apiales,Apiaceae,Peucedanum,Peucedanum
Linum bienne-type,Plantae,Tracheophyta,Magnoliopsida,Malpighiales,Linaceae,Linum,NA
Sorbus sp.,Plantae,Tracheophyta,Magnoliopsida,Rosales,Rosaceae,Sorbus,NA
Thalictrum flavum,Plantae,Tracheophyta,Magnoliopsida,Ranunculales,Ranunculaceae,Thalictrum,Thalictrum flavum
Triticum aestivum,Plantae,Tracheophyta,Liliopsida,Poales,Poaceae,Triticum,Triticum aestivum
Vaccinium sp.,Plantae,Tracheophyta,Magnoliopsida,Ericales,Ericaceae,Vaccinium,NA
Plantago cf. P. major,Plantae,Tracheophyta,Magnoliopsida,Lamiales,Plantaginaceae,Plantago,NA
Vaccinium uliginosum,Plantae,Tracheophyta,Magnoliopsida,Ericales,Ericaceae,Vaccinium,Vaccinium uliginosum
Vaccinium vitis-idaea,Plantae,Tracheophyta,Magnoliopsida,Ericales,Ericaceae,Vaccinium,Vaccinium vitis-idaea
Apiaceae cf. Pleurospermum,Plantae,Tracheophyta,Magnoliopsida,Apiales,Apiaceae,Apiaceae,NA
cf. Lamiaceae,Plantae,Tracheophyta,Magnoliopsida,Lamiales,Lamiaceae,Lamiaceae,NA
Ericaceae cf. Vaccinium,Plantae,Tracheophyta,Magnoliopsida,Ericales,Ericaceae,Ericaceae,NA
Juglans-type,Plantae,Tracheophyta,Magnoliopsida,Fagales,Juglandaceae,Juglans,NA
Rosaceae cf. Prunus,Plantae,Tracheophyta,Magnoliopsida,Rosales,Rosaceae,Rosaceae,NA
Rosaceae cf. Sorbus,Plantae,Tracheophyta,Magnoliopsida,Rosales,Rosaceae,Rosaceae,NA
Aesculus-type,Plantae,Tracheophyta,Magnoliopsida,Sapindales,Sapindaceae,Aesculus,NA
Dipsacaceae undiff.,Plantae,Tracheophyta,Magnoliopsida,Dipsacales,Dipsacaceae,Dipsacaceae,NA
Hordeum group,Plantae,Tracheophyta,Liliopsida,Poales,Poaceae,Hordeum,NA
Atriplex sp.,Plantae,Tracheophyta,Magnoliopsida,Caryophyllales,Amaranthaceae,Atriplex,NA
Centaurea sp.,Plantae,Tracheophyta,Magnoliopsida,Asterales,Asteraceae,Centaurea,NA
Chrysosplenium alternifolium,Plantae,Tracheophyta,Magnoliopsida,Saxifragales,Saxifragaceae,Chrysosplenium,Chrysosplenium alternifolium
Helianthemum sp.,Plantae,Tracheophyta,Magnoliopsida,Malvales,Cistaceae,Helianthemum,NA
Krascheninnikovia ceratoides,Plantae,Tracheophyta,Magnoliopsida,Caryophyllales,Amaranthaceae,Krascheninnikovia,Krascheninnikovia ceratoides
Salsola sp.,Plantae,Tracheophyta,Magnoliopsida,Caryophyllales,Amaranthaceae,Salsola,NA
Thalictrum sp.,Plantae,Tracheophyta,Magnoliopsida,Ranunculales,Ranunculaceae,Thalictrum,NA
Cassia,Plantae,Tracheophyta,Magnoliopsida,Fabales,Fabaceae,Cassia,NA
Fabaceae (reticulate),Plantae,Tracheophyta,Magnoliopsida,Fabales,Fabaceae,Fabaceae,NA
Hibiscus,Plantae,Tracheophyta,Magnoliopsida,Malvales,Malvaceae,Hibiscus,NA
Cucurbitaceae,Plantae,Tracheophyta,Magnoliopsida,Cucurbitales,Cucurbitaceae,Cucurbitaceae,NA
Medicago lupulina,Plantae,Tracheophyta,Magnoliopsida,Fabales,Fabaceae,Medicago,Medicago lupulina
Trifolium montanum-type,Plantae,Tracheophyta,Magnoliopsida,Fabales,Fabaceae,Trifolium,NA
Pinus cembroides,Plantae,Tracheophyta,Pinopsida,Pinales,Pinaceae,Pinus,Pinus cembroides
Angelica,Plantae,Tracheophyta,Magnoliopsida,Apiales,Apiaceae,Angelica,NA
Dictamnus albus,Plantae,Tracheophyta,Magnoliopsida,Sapindales,Rutaceae,Dictamnus,Dictamnus albus
Pastinaca-type,Plantae,Tracheophyta,Magnoliopsida,Apiales,Apiaceae,Pastinaca,NA
Pinus (haplostellate),Plantae,Tracheophyta,Pinopsida,Pinales,Pinaceae,Pinus,NA
Tussilago,Plantae,Tracheophyta,Magnoliopsida,Asterales,Asteraceae,Tussilago,NA
Pyrus,Plantae,Tracheophyta,Magnoliopsida,Rosales,Rosaceae,Pyrus,NA
Kalmia procumbens,Plantae,Tracheophyta,Magnoliopsida,Ericales,Ericaceae,Kalmia,Kalmia procumbens
Fragaria vesca,Plantae,Tracheophyta,Magnoliopsida,Rosales,Rosaceae,Fragaria,Fragaria vesca
Pinus mugo,Plantae,Tracheophyta,Pinopsida,Pinales,Pinaceae,Pinus,Pinus mugo
Pinus nigra,Plantae,Tracheophyta,Pinopsida,Pinales,Pinaceae,Pinus,Pinus nigra
Ajuga,Plantae,Tracheophyta,Magnoliopsida,Lamiales,Lamiaceae,Ajuga,NA
Lotus sp.,Plantae,Tracheophyta,Magnoliopsida,Fabales,Fabaceae,Lotus,NA
Melilotus,Plantae,Tracheophyta,Magnoliopsida,Fabales,Fabaceae,Melilotus,NA
Sambucus racemosa-type,Plantae,Tracheophyta,Magnoliopsida,Dipsacales,Viburnaceae,Sambucus,NA
Morus nigra,Plantae,Tracheophyta,Magnoliopsida,Rosales,Moraceae,Morus,Morus nigra
Bromus hordeaceus-type,Plantae,Tracheophyta,Liliopsida,Poales,Poaceae,Bromus,NA
Pinus haploxylon,Plantae,Tracheophyta,Pinopsida,Pinales,Pinaceae,Pinus,NA
Anthriscus,Plantae,Tracheophyta,Magnoliopsida,Apiales,Apiaceae,Anthriscus,NA
Betula/Carpinus,Plantae,Tracheophyta,Magnoliopsida,Fagales,Betulaceae,Betula/Carpinus,NA
Biscutella,Plantae,Tracheophyta,Magnoliopsida,Brassicales,Brassicaceae,Biscutella,NA
Centaurea alpina,Plantae,Tracheophyta,Magnoliopsida,Asterales,Asteraceae,Rhaponticoides,Rhaponticoides alpina
Omalotheca,Plantae,Tracheophyta,Magnoliopsida,Asterales,Asteraceae,Omalotheca,NA
Carlina-type,Plantae,Tracheophyta,Magnoliopsida,Asterales,Asteraceae,Carlina,NA
Centaurea aspera-type,Plantae,Tracheophyta,Magnoliopsida,Asterales,Asteraceae,Centaurea,NA
cf. Pterocarya/Juglans,Plantae,Tracheophyta,Magnoliopsida,Fagales,Juglandaceae,Pterocarya,NA
Cirsium cf. C. palustre,Plantae,Tracheophyta,Magnoliopsida,Asterales,Asteraceae,Cirsium,NA
Cyanus triumfettii,Plantae,Tracheophyta,Magnoliopsida,Asterales,Asteraceae,Centaurea,Centaurea triumfettii
Liliales,Plantae,Tracheophyta,Liliopsida,Liliales,undiff,undiff,NA
Pinus mugo/P. sylvestris,Plantae,Tracheophyta,Pinopsida,Pinales,Pinaceae,Pinus,NA
Plantago maritima subsp. serpentina,Plantae,Tracheophyta,Magnoliopsida,Lamiales,Plantaginaceae,Plantago,Plantago maritima
Polycarpon tetraphyllum,Plantae,Tracheophyta,Magnoliopsida,Caryophyllales,Caryophyllaceae,Polycarpon,Polycarpon tetraphyllum
Ranunculus fluitans-type,Plantae,Tracheophyta,Magnoliopsida,Ranunculales,Ranunculaceae,Ranunculus,NA
Sesamoides,Plantae,Tracheophyta,Magnoliopsida,Brassicales,Resedaceae,Sesamoides,NA
Solanum dulcamara/Sedum,Plantae,Tracheophyta,Magnoliopsida,Solanales,Solanaceae,Solanum,NA
Solenanthus-type,Plantae,Tracheophyta,Magnoliopsida,Boraginales,Boraginaceae,Solenanthus,NA
Thalictrum minus,Plantae,Tracheophyta,Magnoliopsida,Ranunculales,Ranunculaceae,Thalictrum,Thalictrum minus
Valeriana tuberosa,Plantae,Tracheophyta,Magnoliopsida,Dipsacales,Caprifoliaceae,Valeriana,Valeriana tuberosa
Aconitum group,Plantae,Tracheophyta,Magnoliopsida,Ranunculales,Ranunculaceae,Aconitum,NA
Anemone pulsatilla,Plantae,Tracheophyta,Magnoliopsida,Ranunculales,Ranunculaceae,Pulsatilla,Pulsatilla vulgaris
Anemone pulsatilla group,Plantae,Tracheophyta,Magnoliopsida,Ranunculales,Ranunculaceae,Pulsatilla,Pulsatilla vulgaris
Consolida ambigua-type,Plantae,Tracheophyta,Magnoliopsida,Ranunculales,Ranunculaceae,Delphinium,NA
Frangula alnus-type,Plantae,Tracheophyta,Magnoliopsida,Rosales,Rhamnaceae,Frangula,NA
Gratiola,Plantae,Tracheophyta,Magnoliopsida,Lamiales,Plantaginaceae,Gratiola,NA
Limonium vulgare (type A),Plantae,Tracheophyta,Magnoliopsida,Caryophyllales,Plumbaginaceae,Limonium,Limonium vulgare
Ribes rubrum-type,Plantae,Tracheophyta,Magnoliopsida,Saxifragales,Grossulariaceae,Ribes,NA
Sison amomum-type,Plantae,Tracheophyta,Magnoliopsida,Apiales,Apiaceae,Sison,NA
Prunella vulgaris-type,Plantae,Tracheophyta,Magnoliopsida,Lamiales,Lamiaceae,Prunella,NA
Amaranthaceae (small),Plantae,Tracheophyta,Magnoliopsida,Caryophyllales,Amaranthaceae,Amaranthaceae,NA
Apiaceae (medium),Plantae,Tracheophyta,Magnoliopsida,Apiales,Apiaceae,Apiaceae,NA
Caryophyllaceae (large),Plantae,Tracheophyta,Magnoliopsida,Caryophyllales,Caryophyllaceae,Caryophyllaceae,NA
Caryophyllaceae (small),Plantae,Tracheophyta,Magnoliopsida,Caryophyllales,Caryophyllaceae,Caryophyllaceae,NA
cf. Gentiana,Plantae,Tracheophyta,Magnoliopsida,Gentianales,Gentianaceae,Gentiana,NA
cf. Oxyria,Plantae,Tracheophyta,Magnoliopsida,Caryophyllales,Polyganaceae,Oxyria,NA
Poaceae (small),Plantae,Tracheophyta,Liliopsida,Poales,Poaceae,Poaceae,NA
Quercus rotundifolia,Plantae,Tracheophyta,Magnoliopsida,Fagales,Fagaceae,Quercus,Quercus rotundifolia
Orontium,Plantae,Tracheophyta,Liliopsida,Alismatales,Araceae,Orontium,NA
Lotus maritimus,Plantae,Tracheophyta,Magnoliopsida,Fabales,Fabaceae,Lotus,Lotus maritimus
Trifolium pannonicum,Plantae,Tracheophyta,Magnoliopsida,Fabales,Fabaceae,Trifolium,Trifolium pannonicum
Asteraceae indet.,Plantae,Tracheophyta,Magnoliopsida,Asterales,Asteraceae,Asteraceae,NA
Baccharis,Plantae,Tracheophyta,Magnoliopsida,Asterales,Asteraceae,Baccharis,NA
Chaenactis,Plantae,Tracheophyta,Magnoliopsida,Asterales,Asteraceae,Chaenactis,NA
"Poaceae (Cerealia-type, indeterminable)",Plantae,Tracheophyta,Liliopsida,Poales,Poaceae,Poaceae,NA
Centaurea pro parte,Plantae,Tracheophyta,Magnoliopsida,Asterales,Asteraceae,Centaurea,NA
Cistus pro parte,Plantae,Tracheophyta,Magnoliopsida,Malvales,Cistaceae,Cistus,NA
Plantago altissima-type,Plantae,Tracheophyta,Magnoliopsida,Lamiales,Plantaginaceae,Plantago,NA
Plantago argentea-type,Plantae,Tracheophyta,Magnoliopsida,Lamiales,Plantaginaceae,Plantago,NA
Plantago carinata-type,Plantae,Tracheophyta,Magnoliopsida,Lamiales,Plantaginaceae,Plantago,NA
Quercus pro parte,Plantae,Tracheophyta,Magnoliopsida,Fagales,Fagaceae,Quercus,NA
Rhamnus/Paliurus,Plantae,Tracheophyta,Magnoliopsida,Rosales,Rhamnaceae,Rhamnus,NA
Alnus viridis subsp. suaveolens,Plantae,Tracheophyta,Magnoliopsida,Fagales,Betulaceae,Alnus,Alnus alnobetula
Pinus laricio,Plantae,Tracheophyta,Pinopsida,Pinales,Pinaceae,Pinus,Pinus laricio
Pinus maritima,Plantae,Tracheophyta,Pinopsida,Pinales,Pinaceae,Pinus,Pinus halepensis
Coriaria myrtifolia,Plantae,Tracheophyta,Magnoliopsida,Cucurbitales,Coriariaceae,Coriaria,Coriaria myrtifolia
Ambrosia sp.,Plantae,Tracheophyta,Magnoliopsida,Asterales,Asteraceae,Ambrosia,NA
Linum cf. L. usitatissimum,Plantae,Tracheophyta,Magnoliopsida,Malpighiales,Linaceae,Linum,NA
Papaver rhoeas,Plantae,Tracheophyta,Magnoliopsida,Ranunculales,Papaveraceae,Papaver,Papaver rhoeas
Solanum-type,Plantae,Tracheophyta,Magnoliopsida,Solanales,Solanaceae,Solanum,NA
Tragopogon-type,Plantae,Tracheophyta,Magnoliopsida,Asterales,Asteraceae,Tragopogon,NA
Anthriscus-type,Plantae,Tracheophyta,Magnoliopsida,Apiales,Apiaceae,Anthriscus,NA
Convolvulaceae undiff.,Plantae,Tracheophyta,Magnoliopsida,Solanales,Convolvulaceae,Convolvulaceae,NA
Cornus subg. Thelycrania,Plantae,Tracheophyta,Magnoliopsida,Cornales,Cornaceae,Cornus,NA
Lythraceae undiff.,Plantae,Tracheophyta,Magnoliopsida,Myrtales,Lythraceae,Lythraceae,NA
Betula sect. Costatae,Plantae,Tracheophyta,Magnoliopsida,Fagales,Betulaceae,Betula,NA
Abies,Plantae,Tracheophyta,Pinopsida,Pinales,Pinaceae,Abies,NA
Alnus incana,Plantae,Tracheophyta,Magnoliopsida,Fagales,Betulaceae,Alnus,Alnus incana
Alnus undiff.,Plantae,Tracheophyta,Magnoliopsida,Fagales,Betulaceae,Alnus,NA
Alnus viridis,Plantae,Tracheophyta,Magnoliopsida,Fagales,Betulaceae,Alnus,Alnus alnobetula
Amaranthaceae,Plantae,Tracheophyta,Magnoliopsida,Caryophyllales,Amaranthaceae,Amaranthaceae,NA
Andromeda,Plantae,Tracheophyta,Magnoliopsida,Ericales,Ericaceae,Andromeda,NA
Apiaceae,Plantae,Tracheophyta,Magnoliopsida,Apiales,Apiaceae,Apiaceae,NA
Arctostaphylos uva-ursi,Plantae,Tracheophyta,Magnoliopsida,Ericales,Ericaceae,Arctostaphylos,Arctostaphylos uva-ursi
Arctous alpina/A. rubra,Plantae,Tracheophyta,Magnoliopsida,Ericales,Ericaceae,Arctous,NA
Artemisia,Plantae,Tracheophyta,Magnoliopsida,Asterales,Asteraceae,Artemisia,NA
Asteroideae undiff.,Plantae,Tracheophyta,Mangnoliopsida,Asterales,Asteraceae,Asteraceae,NA
Betula,Plantae,Tracheophyta,Magnoliopsida,Fagales,Betulaceae,Betula,NA
Bistorta officinalis-type,Plantae,Tracheophyta,Magnoliopsida,Caryophyllales,Polygonaceae,Bistorta,NA
Brassicaceae,Plantae,Tracheophyta,Magnoliopsida,Brassicales,Brassicaceae,Brassicaceae,NA
Caryophyllaceae,Plantae,Tracheophyta,Magnoliopsida,Caryophyllales,Caryophyllaceae,Caryophyllaceae,NA
Cassiope-type,Plantae,Tracheophyta,Magnoliopsida,Ericales,Ericaceae,Cassiope,NA
cf. Juglans,Plantae,Tracheophyta,Magnoliopsida,Fagales,Juglandaceae,Juglans,NA
cf. Lysimachia,Plantae,Tracheophyta,Magnoliopsida,Ericales,Primulaceae,Lysimachia,NA
cf. Ostrya/Carpinus,Plantae,Tracheophyta,Magnoliopsida,Fagales,Betulaceae,Ostrya,NA
Coniferae undiff.,Plantae,Tracheophyta,Pinopsida,Pinales,Pinales,Pinales,NA
Cornus,Plantae,Tracheophyta,Magnoliopsida,Cornales,Cornaceae,Cornus,NA
Cyperaceae undiff.,Plantae,Tracheophyta,Liliopsida,Poales,Cyperaceae,Cyperaceae,NA
Elaeagnus commutata,Plantae,Tracheophyta,Magnoliopsida,Rosales,Elaeagnaceae,Elaeagnus,Elaeagnus commutata
Epilobium,Plantae,Tracheophyta,Magnoliopsida,Myrtales,Onagraceae,Epilobium,NA
Ericaceae undiff.,Plantae,Tracheophyta,Magnoliopsida,Ericales,Ericaceae,Ericaceae,NA
Fabaceae,Plantae,Tracheophyta,Magnoliopsida,Fabales,Fabaceae,Fabaceae,NA
Galium,Plantae,Tracheophyta,Magnoliopsida,Gentianales,Rubiaceae,Galium,NA
Ilex,Plantae,Tracheophyta,Magnoliopsida,Aquifoliales,Aquifoliaceae,Ilex,NA
Juniperus,Plantae,Tracheophyta,Pinopsida,Pinales,Cupressaceae,Juniperus,NA
Lamiaceae,Plantae,Tracheophyta,Magnoliopsida,Lamiales,Lamiaceae,Lamiaceae,NA
Liliaceae,Plantae,Tracheophyta,Liliopsida,Liliales,Liliaceae,Liliaceae,NA
Linnaea borealis,Plantae,Tracheophyta,Magnoliopsida,Dipsacales,Caprifoliaceae,Linnaea,Linnaea borealis
Micranthes stellaris-type,Plantae,Tracheophyta,Magnoliopsida,Saxifragales,Saxifragaceae,Micranthes,NA
Myrica,Plantae,Tracheophyta,Magnoliopsida,Fagales,Myricaceae,Myrica,NA
Persicaria maculosa-type,Plantae,Tracheophyta,Magnoliopsida,Caryophyllales,Polygonaceae,Persicaria,NA
Picea glauca,Plantae,Tracheophyta,Pinopsida,Pinales,Pinaceae,Picea,Picea glauca
Picea mariana,Plantae,Tracheophyta,Pinopsida,Pinales,Pinaceae,Picea,Picea mariana
Picea undiff.,Plantae,Tracheophyta,Pinopsida,Pinales,Pinaceae,Picea,NA
Pinus subg. Pinus,Plantae,Tracheophyta,Pinopsida,Pinales,Pinaceae,Pinus,NA
Pinus subg. Strobus,Plantae,Tracheophyta,Pinopsida,Pinales,Pinaceae,Pinus,NA
Pinus undiff.,Plantae,Tracheophyta,Pinopsida,Pinales,Pinaceae,Pinus,NA
Poaceae,Plantae,Tracheophyta,Liliopsida,Poales,Poaceae,Poaceae,NA
Populus,Plantae,Tracheophyta,Magnoliopsida,Malpighiales,Salicaceae,Populus,NA
Populus balsamifera,Plantae,Tracheophyta,Magnoliopsida,Malpighiales,Salicaceae,Populus,Populus balsamifera
Populus tremuloides,Plantae,Tracheophyta,Magnoliopsida,Malpighiales,Salicaceae,Populus,Populus tremuloides
Potentilla-type,Plantae,Tracheophyta,Magnoliopsida,Rosales,Rosaceae,Potentilla,NA
Primulaceae,Plantae,Tracheophyta,Magnoliopsida,Ericales,Primulaceae,Primulaceae,NA
Ranunculus,Plantae,Tracheophyta,Magnoliopsida,Ranunculales,Ranunculaceae,Ranunculus,NA
Rhododendron subsect. Ledum-type,Plantae,Tracheophyta,Magnoliopsida,Ericales,Ericaceae,Rhododendron,NA
Rosaceae undiff.,Plantae,Tracheophyta,Magnoliopsida,Rosales,Rosaceae,Rosaceae,NA
Rumex/Oxyria digyna,Plantae,Tracheophyta,Magnoliopsida,Caryophyllales,Polygonaceae,Rumex,NA
Salix,Plantae,Tracheophyta,Magnoliopsida,Malpighiales,Salicaceae,Salix,NA
Sambucus-type,Plantae,Tracheophyta,Magnoliopsida,Dipsacales,Viburnaceae,Sambucus,NA
Sanguisorba,Plantae,Tracheophyta,Magnoliopsida,Rosales,Rosaceae,Sanguisorba,NA
Saxifraga oppositifolia-type,Plantae,Tracheophyta,Magnoliopsida,Saxifragales,Saxifragaceae,Saxifraga,NA
Scrophulariaceae,Plantae,Tracheophyta,Magnoliopsida,Lamiales,Scrophulariaceae,Scrophulariaceae,NA
Shepherdia argentea,Plantae,Tracheophyta,Magnoliopsida,Rosales,Elaeagnaceae,Shepherdia,Shepherdia argentea
Shepherdia canadensis,Plantae,Tracheophyta,Magnoliopsida,Rosales,Elaeagnaceae,Shepherdia,Shepherdia canadensis
Thalictrum/Coptis,Plantae,Tracheophyta,Magnoliopsida,Ranunculales,Ranunculaceae,Thalictrum,NA
Tsuga heterophylla,Plantae,Tracheophyta,Pinopsida,Pinales,Pinaceae,Tsuga,Tsuga heterophylla
Ulmus,Plantae,Tracheophyta,Magnoliopsida,Rosales,Ulmaceae,Ulmus,NA
Urtica,Plantae,Tracheophyta,Magnoliopsida,Rosales,Urticaceae,Urtica,NA
Vaccinium,Plantae,Tracheophyta,Magnoliopsida,Ericales,Ericaceae,Vaccinium,NA
Viburnum,Plantae,Tracheophyta,Magnoliopsida,Dipsacales,Viburnaceae,Viburnum,NA
Acer saccharum-type,Plantae,Tracheophyta,Magnoliopsida,Sapindales,Sapindaceae,Acer,NA
Acer undiff.,Plantae,Tracheophyta,Magnoliopsida,Sapindales,Sapindaceae,Acer,NA
Amaranthaceae undiff.,Plantae,Tracheophyta,Magnoliopsida,Caryophyllales,Amaranthaceae,Amaranthaceae,NA
Ambrosia-type,Plantae,Tracheophyta,Magnoliopsida,Asterales,Asteraceae,Ambrosia,Ambrosia
Carya,Plantae,Tracheophyta,Magnoliopsida,Fagales,Juglandaceae,Carya,NA
Castanea,Plantae,Tracheophyta,Magnoliopsida,Fagales,Fagaceae,Castanea,NA
Celtis,Plantae,Tracheophyta,Magnoliopsida,Rosales,Cannabaceae,Celtis,NA
Cephalanthus,Plantae,Tracheophyta,Magnoliopsida,Gentianales,Rubiaceae,Cephalanthus,NA
Cichorioideae,Plantae,Tracheophyta,Magnoliopsida,Asterales,Asteraceae,Asteraceae,NA
Cyperaceae,Plantae,Tracheophyta,Liliopsida,Poales,Cyperaceae,Cyperaceae,NA
Ephedra,Plantae,Tracheophyta,Gnetopsida,Ephedrales,Ephedraceae,Ephedra,NA
Ericales,Plantae,Tracheophyta,Magnoliopsida,Ericales,undiff,undiff,NA
Fagus,Plantae,Tracheophyta,Magnoliopsida,Fagales,Fagaceae,Fagus,NA
Fraxinus nigra-type,Plantae,Tracheophyta,Magnoliopsida,Lamiales,Oleaceae,Fraxinus,NA
Fraxinus undiff.,Plantae,Tracheophyta,Magnoliopsida,Lamiales,Oleaceae,Fraxinus,NA
Ilex/Nemopanthus undiff.,Plantae,Tracheophyta,Magnoliopsida,Aquifoliales,Aquifoliaceae,Ilex,NA
Impatiens,Plantae,Tracheophyta,Magnoliopsida,Ericales,Balsaminaceae,Impatiens,NA
Iva annua,Plantae,Tracheophyta,Magnoliopsida,Asterales,Asteraceae,Iva,Iva annua
Juglans cinerea,Plantae,Tracheophyta,Magnoliopsida,Fagales,Juglandaceae,Juglans,Juglans cinerea
Juglans nigra,Plantae,Tracheophyta,Magnoliopsida,Fagales,Juglandaceae,Juglans,Juglans nigra
Juniperus/Thuja,Plantae,Tracheophyta,Pinopsida,Pinales,Cupressaceae,Juniperus,NA
Larix,Plantae,Tracheophyta,Pinopsida,Pinales,Pinaceae,Larix,NA
Liquidambar,Plantae,Tracheophyta,Magnoliopsida,Saxifragales,Altingiaceae,Liquidambar,NA
Magnolia,Plantae,Tracheophyta,Magnoliopsida,Magnoliales,Magnoliaceae,Magnolia,NA
Nyssa,Plantae,Tracheophyta,Magnoliopsida,Cornales,Nyssaceae,Nyssa,NA
Ostrya/Carpinus,Plantae,Tracheophyta,Magnoliopsida,Fagales,Betulaceae,Ostrya,NA
Picea,Plantae,Tracheophyta,Pinopsida,Pinales,Pinaceae,Picea,NA
Pinus strobus,Plantae,Tracheophyta,Pinopsida,Pinales,Pinaceae,Pinus,Pinus strobus
Plantago,Plantae,Tracheophyta,Magnoliopsida,Lamiales,Plantaginaceae,Plantago,NA
Platanus,Plantae,Tracheophyta,Magnoliopsida,Proteales,Platanaceae,Platanus,NA
Quercus,Plantae,Tracheophyta,Magnoliopsida,Fagales,Fagaceae,Quercus,NA
Rosaceae,Plantae,Tracheophyta,Magnoliopsida,Rosales,Rosaceae,Rosaceae,NA
Rumex,Plantae,Tracheophyta,Magnoliopsida,Caryophyllales,Polygonaceae,Rumex,NA
Sarcobatus vermiculatus,Plantae,Tracheophyta,Magnoliopsida,Caryophyllales,Sarcobataceae,Sarcobatus,Sarcobatus vermiculatus
Taxus,Plantae,Tracheophyta,Pinopsida,Pinales,Taxaceae,Taxus,NA
Thalictrum,Plantae,Tracheophyta,Magnoliopsida,Ranunculales,Ranunculaceae,Thalictrum,NA
Tilia,Plantae,Tracheophyta,Magnoliopsida,Malvales,Malvaceae,Tilia,NA
Tsuga,Plantae,Tracheophyta,Pinopsida,Pinales,Pinaceae,Tsuga,NA
Aconitum,Plantae,Tracheophyta,Magnoliopsida,Ranunculales,Ranunculaceae,Aconitum,NA
Ambrosia,Plantae,Tracheophyta,Magnoliopsida,Asterales,Asteraceae,Ambrosia,NA
Androsace,Plantae,Tracheophyta,Magnoliopsida,Ericales,Primulaceae,Androsace,NA
Astragalus,Plantae,Tracheophyta,Magnoliopsida,Fabales,Fabaceae,Astragalus,NA
Bistorta vivipara,Plantae,Tracheophyta,Magnoliopsida,Caryophyllales,Polygonaceae,Bistorta,Bistorta vivipara
Brassicaceae undiff.,Plantae,Tracheophyta,Magnoliopsida,Brassicales,Brassicaceae,Brassicaceae,NA
Bupleurum,Plantae,Tracheophyta,Magnoliopsida,Apiales,Apiaceae,Bupleurum,NA
Cassiope,Plantae,Tracheophyta,Magnoliopsida,Ericales,Ericaceae,Cassiope,NA
Cnidium,Plantae,Tracheophyta,Magnoliopsida,Apiales,Apiaceae,Cnidium,NA
Dodecatheon,Plantae,Tracheophyta,Magnoliopsida,Ericales,Primulaceae,Dodecatheon,NA
Douglasia,Plantae,Tracheophyta,Magnoliopsida,Ericales,Primulaceae,Androsace,NA
Dryas,Plantae,Tracheophyta,Magnoliopsida,Rosales,Rosaceae,Dryas,NA
Empetrum,Plantae,Tracheophyta,Magnoliopsida,Ericales,Ericaceae,Empetrum,NA
Ericales undiff.,Plantae,Tracheophyta,Magnoliopsida,Ericales,undiff,undiff,NA
Gentiana,Plantae,Tracheophyta,Magnoliopsida,Gentianales,Gentianaceae,Gentiana,NA
Geum,Plantae,Tracheophyta,Magnoliopsida,Rosales,Rosaceae,Geum,NA
Hedysarum,Plantae,Tracheophyta,Magnoliopsida,Fabales,Fabaceae,Hedysarum,NA
Lagotis glauca,Plantae,Tracheophyta,Magnoliopsida,Lamiales,Plantaginaceae,Lagotis,Lagotis glauca
Lesquerella,Plantae,Tracheophyta,Magnoliopsida,Brassicales,Brassicaceae,Physaria,NA
Lupinus,Plantae,Tracheophyta,Magnoliopsida,Fabales,Fabaceae,Lupinus,NA
Mertensia-type,Plantae,Tracheophyta,Magnoliopsida,Boraginales,Boraginaceae,Mertensia,NA
Micranthes hieraciifolia,Plantae,Tracheophyta,Magnoliopsida,Saxifragales,Saxifragaceae,Micranthes,Micranthes hieraciifolia
Oxyria digyna,Plantae,Tracheophyta,Magnoliopsida,Caryophyllales,Polygonaceae,Oxyria,Oxyria digyna
Oxytropis,Plantae,Tracheophyta,Magnoliopsida,Fabales,Fabaceae,Oxytropis,NA
Pedicularis lanceolata,Plantae,Tracheophyta,Magnoliopsida,Lamiales,Orobanchaceae,Pedicularis,Pedicularis lanceolata
Phlox,Plantae,Tracheophyta,Magnoliopsida,Ericales,Polemoniaceae,Phlox,NA
Pinus,Plantae,Tracheophyta,Pinopsida,Pinales,Pinaceae,Pinus,NA
Plantago canescens,Plantae,Tracheophyta,Magnoliopsida,Lamiales,Plantaginaceae,Plantago,Plantago canescens
Plantago major,Plantae,Tracheophyta,Magnoliopsida,Lamiales,Plantaginaceae,Plantago,Plantago major
Polemonium,Plantae,Tracheophyta,Magnoliopsida,Ericales,Polemoniaceae,Polemonium,NA
Potentilla,Plantae,Tracheophyta,Magnoliopsida,Rosales,Rosaceae,Potentilla,NA
Pyrola,Plantae,Tracheophyta,Magnoliopsida,Ericales,Ericaceae,Pyrola,NA
Ranunculaceae undiff.,Plantae,Tracheophyta,Magnoliopsida,Ranunculales,Ranunculaceae,Ranunculaceae,NA
Rhododendron subsect. Ledum,Plantae,Tracheophyta,Magnoliopsida,Ericales,Ericaceae,Rhododendron,NA
Rubus chamaemorus,Plantae,Tracheophyta,Magnoliopsida,Rosales,Rosaceae,Rubus,Rubus chamaemorus
Saussurea,Plantae,Tracheophyta,Magnoliopsida,Asterales,Asteraceae,Saussurea,NA
Saxifraga cernua,Plantae,Tracheophyta,Magnoliopsida,Saxifragales,Saxifragaceae,Saxifraga,Saxifraga cernua
Saxifraga tricuspidata,Plantae,Tracheophyta,Magnoliopsida,Saxifragales,Saxifragaceae,Saxifraga,Saxifraga tricuspidata
Saxifragaceae undiff.,Plantae,Tracheophyta,Magnoliopsida,Saxifragales,Saxifragaceae,Saxifragaceae,NA
Spiraea,Plantae,Tracheophyta,Magnoliopsida,Rosales,Rosaceae,Spiraea,NA
Tofieldia,Plantae,Tracheophyta,Liliopsida,Alismatales,Tofieldiaceae,Tofieldia,NA
Valeriana,Plantae,Tracheophyta,Magnoliopsida,Dipsacales,Caprifoliaceae,Valeriana,NA
Alnus,Plantae,Tracheophyta,Magnoliopsida,Fagales,Betulaceae,Alnus,NA
Ericaceae,Plantae,Tracheophyta,Magnoliopsida,Ericales,Ericaceae,Ericaceae,NA
Geranium,Plantae,Tracheophyta,Magnoliopsida,Geraniales,Geraniaceae,Geranium,NA
Mertensia,Plantae,Tracheophyta,Magnoliopsida,Boraginales,Boraginaceae,Mertensia,NA
Persicaria amphibia,Plantae,Tracheophyta,Magnoliopsida,Caryophyllales,Polygonaceae,Persicaria,Persicaria amphibia
Persicaria lapathifolia,Plantae,Tracheophyta,Magnoliopsida,Caryophyllales,Polygonaceae,Persicaria,Persicaria lapathifolia
Saxifragaceae,Plantae,Tracheophyta,Magnoliopsida,Saxifragales,Saxifragaceae,Saxifragaceae,NA
Acer cf. A. negundo,Plantae,Tracheophyta,Magnoliopsida,Sapindales,Sapindaceae,Acer,NA
Ceanothus,Plantae,Tracheophyta,Magnoliopsida,Rosales,Rhamnaceae,Ceanothus,NA
Cercocarpus,Plantae,Tracheophyta,Magnoliopsida,Rosales,Rosaceae,Cercocarpus,NA
Elaeagnus/Shepherdia argentea,Plantae,Tracheophyta,Magnoliopsida,Rosales,Elaeagnaceae,Elaeagnus,NA
Juglans,Plantae,Tracheophyta,Magnoliopsida,Fagales,Juglandaceae,Juglans,NA
Lewisia,Plantae,Tracheophyta,Magnoliopsida,Caryophyllales,Montiaceae,Lewisia,NA
Malvaceae sensu stricto,Plantae,Tracheophyta,Magnoliopsida,Malvales,Malvaceae,Malvaceae,NA
Polygonaceae,Plantae,Tracheophyta,Magnoliopsida,Caryophyllales,Polygonaceae,Polygonaceae,NA
Pseudotsuga,Plantae,Tracheophyta,Pinopsida,Pinales,Pinaceae,Pseudotsuga,NA
Ranunculaceae,Plantae,Tracheophyta,Magnoliopsida,Ranunculales,Ranunculaceae,Ranunculaceae,NA
Ribes,Plantae,Tracheophyta,Magnoliopsida,Saxifragales,Grossulariaceae,Ribes,NA
Acer,Plantae,Tracheophyta,Magnoliopsida,Sapindales,Sapindaceae,Acer,NA
Angiospermae undiff. (herbs),Plantae,undif,undif,undif,undif,undif,NA
Arceuthobium,Plantae,Tracheophyta,Magnoliopsida,Santalales,Viscaceae,Arceuthobium,NA
Ceanothus-type,Plantae,Tracheophyta,Magnoliopsida,Rosales,Rhamnaceae,Ceanothus,NA
Cyclachaena xanthiifolia-type,Plantae,Tracheophyta,Magnoliopsida,Asterales,Asteraceae,Cyclachaena,NA
Eriogonum,Plantae,Tracheophyta,Magnoliopsida,Caryophyllales,Polygonaceae,Eriogonum,NA
Juniperus-type,Plantae,Tracheophyta,Pinopsida,Pinales,Cupressaceae,Juniperus,NA
Persicaria amphibia-type,Plantae,Tracheophyta,Magnoliopsida,Caryophyllales,Polygonaceae,Persicaria,NA
Pinus albicaulis-type,Plantae,Tracheophyta,Pinopsida,Pinales,Pinaceae,Pinus,NA
Pinus contorta-type,Plantae,Tracheophyta,Pinopsida,Pinales,Pinaceae,Pinus,NA
Polygonaceae undiff.,Plantae,Tracheophyta,Magnoliopsida,Caryophyllales,Polygonaceae,Polygonaceae,NA
Polygonum californicum-type,Plantae,Tracheophyta,Magnoliopsida,Caryophyllales,Polygonaceae,Polygonum,NA
Prunus-type,Plantae,Tracheophyta,Magnoliopsida,Rosales,Rosaceae,Prunus,NA
Pseudotsuga-type,Plantae,Tracheophyta,Pinopsida,Pinales,Pinaceae,Pseudotsuga,NA
Sambucus,Plantae,Tracheophyta,Magnoliopsida,Dipsacales,Viburnaceae,Sambucus,NA
Scrophulariaceae-type,Plantae,Tracheophyta,Magnoliopsida,Lamiales,Scrophulariaceae,Scrophulariaceae,NA
Sphaeralcea,Plantae,Tracheophyta,Magnoliopsida,Malvales,Malvaceae,Sphaeralcea,NA
Campanula,Plantae,Tracheophyta,Magnoliopsida,Asterales,Campanulaceae,Campanula,NA
Tsuga mertensiana,Plantae,Tracheophyta,Pinopsida,Pinales,Pinaceae,Tsuga,Tsuga mertensiana
Acer saccharum,Plantae,Tracheophyta,Magnoliopsida,Sapindales,Sapindaceae,Acer,Acer saccharum
Cornus canadensis,Plantae,Tracheophyta,Magnoliopsida,Cornales,Cornaceae,Cornus,Cornus canadensis
Cornus racemosa,Plantae,Tracheophyta,Magnoliopsida,Cornales,Cornaceae,Cornus,Cornus racemosa
Dalea,Plantae,Tracheophyta,Magnoliopsida,Fabales,Fabaceae,Dalea,NA
Filipendula,Plantae,Tracheophyta,Magnoliopsida,Rosales,Rosaceae,Filipendula,NA
Fraxinus nigra,Plantae,Tracheophyta,Magnoliopsida,Lamiales,Oleaceae,Fraxinus,Fraxinus nigra
Fraxinus pennsylvanica,Plantae,Tracheophyta,Magnoliopsida,Lamiales,Oleaceae,Fraxinus,Fraxinus pennsylvanica
Morus,Plantae,Tracheophyta,Magnoliopsida,Rosales,Moraceae,Morus,NA
Polygonum sensu lato,Plantae,Tracheophyta,Magnoliopsida,Caryophyllales,Polygonaceae,Polygonum,NA
Saxifraga oppositifolia,Plantae,Tracheophyta,Magnoliopsida,Saxifragales,Saxifragaceae,Saxifraga,Saxifraga oppositifolia
Saxifraga undiff.,Plantae,Tracheophyta,Magnoliopsida,Saxifragales,Saxifragaceae,Saxifraga,NA
Shepherdia,Plantae,Tracheophyta,Magnoliopsida,Rosales,Elaeagnaceae,Shepherdia,NA
Vitis,Plantae,Tracheophyta,Magnoliopsida,Vitales,Vitaceae,Vitis,NA
Betulaceae,Plantae,Tracheophyta,Magnoliopsida,Fagales,Betulaceae,Betulaceae,NA
Betulaceae undiff.,Plantae,Tracheophyta,Magnoliopsida,Fagales,Betulaceae,Betulaceae,NA
Caltha-type,Plantae,Tracheophyta,Magnoliopsida,Ranunculales,Ranunculaceae,Caltha,NA
cf. Pedicularis,Plantae,Tracheophyta,Magnoliopsida,Lamiales,Orobanchaceae,Pedicularis,NA
Coptis-type,Plantae,Tracheophyta,Magnoliopsida,Ranunculales,Ranunculaceae,Coptis,NA
Cupressaceae undiff.,Plantae,Tracheophyta,Pinopsida,Pinales,Cupressaceae,Cupressaceae,NA
Micranthes nivalis-type,Plantae,Tracheophyta,Magnoliopsida,Saxifragales,Saxifragaceae,Micranthes,NA
Pinus contorta,Plantae,Tracheophyta,Pinopsida,Pinales,Pinaceae,Pinus,Pinus contorta
Rubus-type undiff.,Plantae,Tracheophyta,Magnoliopsida,Rosales,Rosaceae,Rubus,NA
Saxifraga cf. S. hirculus,Plantae,Tracheophyta,Magnoliopsida,Saxifragales,Saxifragaceae,Saxifraga,NA
Campanulaceae,Plantae,Tracheophyta,Magnoliopsida,Asterales,Campanulaceae,Campanulaceae,NA
Dryas-type,Plantae,Tracheophyta,Magnoliopsida,Rosales,Rosaceae,Dryas,NA
Acer circinatum-type,Plantae,Tracheophyta,Magnoliopsida,Sapindales,Sapindaceae,Acer,NA
Acer macrophyllum-type,Plantae,Tracheophyta,Magnoliopsida,Sapindales,Sapindaceae,Acer,NA
Amelanchier-type,Plantae,Tracheophyta,Magnoliopsida,Rosales,Rosaceae,Amelanchier,NA
Bistorta bistortoides-type,Plantae,Tracheophyta,Magnoliopsida,Caryophyllales,Polygonaceae,Bistorta,NA
Caryophyllaceae undiff.,Plantae,Tracheophyta,Magnoliopsida,Caryophyllales,Caryophyllaceae,Caryophyllaceae,NA
Cornus canadensis-type,Plantae,Tracheophyta,Magnoliopsida,Cornales,Cornaceae,Cornus,NA
Epilobium-type,Plantae,Tracheophyta,Magnoliopsida,Myrtales,Onagraceae,Epilobium,NA
Eriogonum-type,Plantae,Tracheophyta,Magnoliopsida,Caryophyllales,Polygonaceae,Eriogonum,NA
Fraxinus,Plantae,Tracheophyta,Magnoliopsida,Lamiales,Oleaceae,Fraxinus,NA
Garrya-type,Plantae,Tracheophyta,Magnoliopsida,Garryales,Garryaceae,Garrya,NA
Hydrophyllaceae-type,Plantae,Tracheophyta,Magnoliopsida,Boraginales,Hydrophyllaceae,Hydrophyllaceae,NA
Lysichiton,Plantae,Tracheophyta,Liliopsida,Alismatales,Araceae,Lysichiton,NA
Rhamnus,Plantae,Tracheophyta,Magnoliopsida,Rosales,Rhamnaceae,Rhamnus,NA
Spiraea-type,Plantae,Tracheophyta,Magnoliopsida,Rosales,Rosaceae,Spiraea,NA
Stellaria-type,Plantae,Tracheophyta,Magnoliopsida,Caryophyllales,Caryophyllaceae,Stellaria,NA
Thuja-type,Plantae,Tracheophyta,Pinopsida,Pinales,Cupressaceae,Thuja,NA
Valeriana-type,Plantae,Tracheophyta,Magnoliopsida,Dipsacales,Caprifoliaceae,Valeriana,NA
Valerianella-type,Plantae,Tracheophyta,Magnoliopsida,Dipsacales,Caprifoliaceae,Valerianella,NA
Alnus (pentaporate),Plantae,Tracheophyta,Magnoliopsida,Fagales,Betulaceae,Alnus,NA
Alnus (tetraporate),Plantae,Tracheophyta,Magnoliopsida,Fagales,Betulaceae,Alnus,NA
Amorpha,Plantae,Tracheophyta,Magnoliopsida,Fabales,Fabaceae,Amorpha,NA
Bistorta officinalis,Plantae,Tracheophyta,Magnoliopsida,Caryophyllales,Polygonaceae,Bistorta,Bistorta officinalis
Cercocarpus-type,Plantae,Tracheophyta,Magnoliopsida,Rosales,Rosaceae,Cercocarpus,NA
Delphinium,Plantae,Tracheophyta,Magnoliopsida,Ranunculales,Ranunculaceae,Delphinium,NA
Ephedra trifurca-type,Plantae,Tracheophyta,Gnetopsida,Ephedrales,Ephedraceae,Ephedra,NA
Ephedra viridis-type,Plantae,Tracheophyta,Gnetopsida,Ephedrales,Ephedraceae,Ephedra,NA
Gilia,Plantae,Tracheophyta,Magnoliopsida,Ericales,Polemoniaceae,Gilia,NA
Pedicularis contorta-type,Plantae,Tracheophyta,Magnoliopsida,Lamiales,Orobanchaceae,Pedicularis,NA
Pedicularis groenlandica-type,Plantae,Tracheophyta,Magnoliopsida,Lamiales,Orobanchaceae,Pedicularis,NA
Polemoniaceae undiff.,Plantae,Tracheophyta,Magnoliopsida,Ericales,Polemoniaceae,Polemoniaceae,NA
Polygonum californicum,Plantae,Tracheophyta,Magnoliopsida,Caryophyllales,Polygonaceae,Polygonum,Polygonum californicum
Purshia-type,Plantae,Tracheophyta,Magnoliopsida,Rosales,Rosaceae,Purshia,NA
Ribes lacustre,Plantae,Tracheophyta,Magnoliopsida,Saxifragales,Grossulariaceae,Ribes,Ribes lacustre
Ribes montigenum,Plantae,Tracheophyta,Magnoliopsida,Saxifragales,Grossulariaceae,Ribes,Ribes montigenum
Ribes undiff.,Plantae,Tracheophyta,Magnoliopsida,Saxifragales,Grossulariaceae,Ribes,NA
Scrophulariaceae undiff.,Plantae,Tracheophyta,Magnoliopsida,Lamiales,Scrophulariaceae,Scrophulariaceae,NA
Stellaria,Plantae,Tracheophyta,Magnoliopsida,Caryophyllales,Caryophyllaceae,Stellaria,NA
Acer negundo,Plantae,Tracheophyta,Magnoliopsida,Sapindales,Sapindaceae,Acer,Acer negundo
Acer rubrum,Plantae,Tracheophyta,Magnoliopsida,Sapindales,Sapindaceae,Acer,Acer rubrum
Acer saccharinum-type,Plantae,Tracheophyta,Magnoliopsida,Sapindales,Sapindaceae,Acer,NA
Acer spicatum,Plantae,Tracheophyta,Magnoliopsida,Sapindales,Sapindaceae,Acer,Acer spicatum
Alnus incana-type,Plantae,Tracheophyta,Magnoliopsida,Fagales,Betulaceae,Alnus,NA
Alnus viridis-type,Plantae,Tracheophyta,Magnoliopsida,Fagales,Betulaceae,Alnus,NA
Chenopodium-type,Plantae,Tracheophyta,Magnoliopsida,Caryophyllales,Amaranthaceae,Chenopodium,NA
Ephedra nevadensis-type,Plantae,Tracheophyta,Gnetopsida,Ephedrales,Ephedraceae,Ephedra,NA
Euphorbia,Plantae,Tracheophyta,Magnoliopsida,Malpighiales,Euphorbiaceae,Euphorbia,NA
Fraxinus pennsylvanica-type,Plantae,Tracheophyta,Magnoliopsida,Lamiales,Oleaceae,Fraxinus,NA
Humulus/Cannabis sativa,Plantae,Tracheophyta,Magnoliopsida,Rosales,Cannabaceae,Humulus,NA
Iva annua-type,Plantae,Tracheophyta,Magnoliopsida,Asterales,Asteraceae,Iva,NA
Juglans cinerea-type,Plantae,Tracheophyta,Magnoliopsida,Fagales,Juglandaceae,Juglans,NA
Juglans nigra-type,Plantae,Tracheophyta,Magnoliopsida,Fagales,Juglandaceae,Juglans,NA
Lysimachia,Plantae,Tracheophyta,Magnoliopsida,Ericales,Primulaceae,Lysimachia,NA
Persicaria lapathifolia-type,Plantae,Tracheophyta,Magnoliopsida,Caryophyllales,Polygonaceae,Persicaria,NA
Pinus banksiana/P. resinosa,Plantae,Tracheophyta,Pinopsida,Pinales,Pinaceae,Pinus,NA
Plantago major-type,Plantae,Tracheophyta,Magnoliopsida,Lamiales,Plantaginaceae,Plantago,NA
Plantago undiff.,Plantae,Tracheophyta,Magnoliopsida,Lamiales,Plantaginaceae,Plantago,NA
Poaceae (Cerealia-type),Plantae,Tracheophyta,Liliopsida,Poales,Poaceae,Poaceae,NA
Poaceae undiff.,Plantae,Tracheophyta,Liliopsida,Poales,Poaceae,Poaceae,NA
Polygonum sensu lato undiff.,Plantae,Tracheophyta,Magnoliopsida,Caryophyllales,Polygonaceae,Polygonum,NA
Rhus,Plantae,Tracheophyta,Magnoliopsida,Sapindales,Anacardiaceae,Rhus,NA
Salsola,Plantae,Tracheophyta,Magnoliopsida,Caryophyllales,Amaranthaceae,Salsola,NA
Trientalis,Plantae,Tracheophyta,Magnoliopsida,Ericales,Primulaceae,Lysimachia,NA
Trifolium-type,Plantae,Tracheophyta,Magnoliopsida,Fabales,Fabaceae,Trifolium,NA
Xanthium,Plantae,Tracheophyta,Magnoliopsida,Asterales,Asteraceae,Xanthium,NA
Zanthoxylum,Plantae,Tracheophyta,Magnoliopsida,Sapindales,Rutaceae,Zanthoxylum,NA
Asteroideae,Plantae,Tracheophyta,Magnoliopsida,Asterales,Asteraceae,Asteraceae,NA
Betula nana,Plantae,Tracheophyta,Magnoliopsida,Fagales,Betulaceae,Betula,Betula nana
Cirsium,Plantae,Tracheophyta,Magnoliopsida,Asterales,Asteraceae,Cirsium,NA
Iridaceae,Plantae,Tracheophyta,Liliopsida,Asparagales,Iridaceae,Iridaceae,NA
Linum,Plantae,Tracheophyta,Magnoliopsida,Malpighiales,Linaceae,Linum,NA
Polygonum,Plantae,Tracheophyta,Magnoliopsida,Caryophyllales,Polygonaceae,Polygonum,NA
Acer pensylvanicum,Plantae,Tracheophyta,Magnoliopsida,Sapindales,Sapindaceae,Acer,Acer pensylvanicum
Acer saccharinum,Plantae,Tracheophyta,Magnoliopsida,Sapindales,Sapindaceae,Acer,Acer saccharinum
Achillea-type,Plantae,Tracheophyta,Magnoliopsida,Asterales,Asteraceae,Achillea,NA
Bidens-type,Plantae,Tracheophyta,Magnoliopsida,Asterales,Asteraceae,Bidens,NA
Celtis/Maclura,Plantae,Tracheophyta,Magnoliopsida,Rosales,Cannabaceae,Celtis,NA
Cirsium/Carduus-type,Plantae,Tracheophyta,Magnoliopsida,Asterales,Asteraceae,Cirsium,NA
Cornus florida,Plantae,Tracheophyta,Magnoliopsida,Cornales,Cornaceae,Cornus,Cornus florida
Cupressaceae,Plantae,Tracheophyta,Pinopsida,Pinales,Cupressaceae,Cupressaceae,NA
Hypoxis,Plantae,Tracheophyta,Liliopsida,Asparagales,Hypoxidaceae,Hypoxis,NA
Itea,Plantae,Tracheophyta,Magnoliopsida,Saxifragales,Iteaceae,Itea,NA
Juglans undiff.,Plantae,Tracheophyta,Magnoliopsida,Fagales,Juglandaceae,Juglans,NA
Liriodendron,Plantae,Tracheophyta,Magnoliopsida,Magnoliales,Magnoliaceae,Liriodendron,NA
Persicaria hydropiper-type,Plantae,Tracheophyta,Magnoliopsida,Caryophyllales,Polygonaceae,Persicaria,NA
Plantago lanceolata,Plantae,Tracheophyta,Magnoliopsida,Lamiales,Plantaginaceae,Plantago,Plantago lanceolata
Polygonum aviculare-type,Plantae,Tracheophyta,Magnoliopsida,Caryophyllales,Polygonaceae,Polygonum,NA
Prunus,Plantae,Tracheophyta,Magnoliopsida,Rosales,Rosaceae,Prunus,NA
Rubus,Plantae,Tracheophyta,Magnoliopsida,Rosales,Rosaceae,Rubus,NA
Sanguisorba canadensis,Plantae,Tracheophyta,Magnoliopsida,Rosales,Rosaceae,Sanguisorba,Sanguisorba canadensis
Urtica-type,Plantae,Tracheophyta,Magnoliopsida,Rosales,Urticaceae,Urtica,NA
Viburnum opulus-type,Plantae,Tracheophyta,Magnoliopsida,Dipsacales,Viburnaceae,Viburnum,NA
Zea mays,Plantae,Tracheophyta,Liliopsida,Poales,Poaceae,Zea,Zea mays
Carpinus,Plantae,Tracheophyta,Magnoliopsida,Fagales,Betulaceae,Carpinus,NA
Fagopyrum,Plantae,Tracheophyta,Magnoliopsida,Caryophyllales,Polygonaceae,Fagopyrum,NA
Plantago media,Plantae,Tracheophyta,Magnoliopsida,Lamiales,Plantaginaceae,Plantago,Plantago media
cf. Saxifragaceae,Plantae,Tracheophyta,Magnoliopsida,Saxifragales,Saxifragaceae,Saxifragaceae,NA
Cyclachaena xanthiifolia,Plantae,Tracheophyta,Magnoliopsida,Asterales,Asteraceae,Cyclachaena,Cyclachaena xanthiifolia
Ephedra torreyana-type,Plantae,Tracheophyta,Gnetopsida,Ephedrales,Ephedraceae,Ephedra,NA
Euphorbiaceae,Plantae,Tracheophyta,Magnoliopsida,Malpighiales,Euphorbiaceae,Euphorbiaceae,NA
Humulus,Plantae,Tracheophyta,Magnoliopsida,Rosales,Cannabaceae,Humulus,NA
Lamiaceae cf. Stachys,Plantae,Tracheophyta,Magnoliopsida,Lamiales,Lamiaceae,Lamiaceae,NA
Ambrosia/Iva,Plantae,Tracheophyta,Magnoliopsida,Asterales,Asteraceae,Ambrosia,Ambrosia
Spermatophyta undiff. (shrubs),Plantae,undiff,undiff,undiff,undiff,undiff,NA
Spermatophyta undiff. (trees),Plantae,undiff,undiff,undiff,undiff,undiff,NA
Allium-type,Plantae,Tracheophyta,Liliopsida,Asparagales,Amaryllidaceae,Allium,NA
Amorpha-type,Plantae,Tracheophyta,Magnoliopsida,Fabales,Fabaceae,Amorpha,NA
Dalea candida,Plantae,Tracheophyta,Magnoliopsida,Fabales,Fabaceae,Dalea,Dalea candida
Dalea purpurea-type,Plantae,Tracheophyta,Magnoliopsida,Fabales,Fabaceae,Dalea,NA
Dalea undiff.,Plantae,Tracheophyta,Magnoliopsida,Fabales,Fabaceae,Dalea,NA
Populus tremuloides-type,Plantae,Tracheophyta,Magnoliopsida,Malpighiales,Salicaceae,Populus,NA
Populus undiff.,Plantae,Tracheophyta,Magnoliopsida,Malpighiales,Salicaceae,Populus,NA
Ranunculaceae (tricolpate),Plantae,Tracheophyta,Magnoliopsida,Ranunculales,Ranunculaceae,Ranunculaceae,NA
Eupatorium,Plantae,Tracheophyta,Magnoliopsida,Asterales,Asteraceae,Eupatorium,NA
Ostrya,Plantae,Tracheophyta,Magnoliopsida,Fagales,Betulaceae,Ostrya,NA
Pinus banksiana,Plantae,Tracheophyta,Pinopsida,Pinales,Pinaceae,Pinus,Pinus banksiana
Anemone-type,Plantae,Tracheophyta,Magnoliopsida,Ranunculales,Ranunculaceae,Anemone,NA
Arctostaphylos,Plantae,Tracheophyta,Magnoliopsida,Ericales,Ericaceae,Arctostaphylos,NA
Astragalus-type,Plantae,Tracheophyta,Magnoliopsida,Fabales,Fabaceae,Astragalus,NA
Caprifoliaceae sensu lato,Plantae,Tracheophyta,Magnoliopsida,Dipsacales,Caprifoliaceae,Caprifoliaceae,NA
Diapensia,Plantae,Tracheophyta,Magnoliopsida,Ericales,Diapensiaceae,Diapensia,NA
Hedysarum-type,Plantae,Tracheophyta,Magnoliopsida,Fabales,Fabaceae,Hedysarum,NA
Koenigia islandica,Plantae,Tracheophyta,Magnoliopsida,Caryophyllales,Polygonaceae,Koenigia,Koenigia islandica
Micranthes foliolosa-type,Plantae,Tracheophyta,Magnoliopsida,Saxifragales,Saxifragaceae,Micranthes,NA
Micranthes hieraciifolia-type,Plantae,Tracheophyta,Magnoliopsida,Saxifragales,Saxifragaceae,Micranthes,NA
Monotropoideae,Plantae,Tracheophyta,Magnoliopsida,Ericales,Ericaceae,Ericaceae,NA
Papaveraceae,Plantae,Tracheophyta,Magnoliopsida,Ranunculales,Papaveraceae,Papaveraceae,NA
Pedicularis langsdorffii,Plantae,Tracheophyta,Magnoliopsida,Lamiales,Orobanchaceae,Pedicularis,Pedicularis langsdorffii
Picea/Pinus undiff.,Plantae,Tracheophyta,Pinopsida,Pinales,Pinaceae,Picea,NA
Plantago canescens-type,Plantae,Tracheophyta,Magnoliopsida,Lamiales,Plantaginaceae,Plantago,NA
Rhododendron,Plantae,Tracheophyta,Magnoliopsida,Ericales,Ericaceae,Rhododendron,NA
Saxifraga cernua-type,Plantae,Tracheophyta,Magnoliopsida,Saxifragales,Saxifragaceae,Saxifraga,NA
Saxifraga tricuspidata-type,Plantae,Tracheophyta,Magnoliopsida,Saxifragales,Saxifragaceae,Saxifraga,NA
Anthemis-type,Plantae,Tracheophyta,Magnoliopsida,Asterales,Asteraceae,Anthemis,NA
Aster-type,Plantae,Tracheophyta,Magnoliopsida,Asterales,Asteraceae,Aster,NA
Centaurea-type,Plantae,Tracheophyta,Magnoliopsida,Asterales,Asteraceae,Centaurea,NA
Circaea,Plantae,Tracheophyta,Magnoliopsida,Myrtales,Onagraceae,Circaea,NA
Corylus-type,Plantae,Tracheophyta,Magnoliopsida,Fagales,Betulaceae,Corylus,NA
Helianthemum,Plantae,Tracheophyta,Magnoliopsida,Malvales,Cistaceae,Helianthemum,NA
Hypericum-type,Plantae,Tracheophyta,Magnoliopsida,Malpighiales,Hypericaceae,Hypericum,NA
Lactuca,Plantae,Tracheophyta,Magnoliopsida,Asterales,Asteraceae,Lactuca,NA
Lythrum salicaria,Plantae,Tracheophyta,Magnoliopsida,Myrtales,Lythraceae,Lythrum,Lythrum salicaria
Melampyrum,Plantae,Tracheophyta,Magnoliopsida,Lamiales,Orobanchaceae,Melampyrum,NA
Poaceae (Cerealia),Plantae,Tracheophyta,Liliopsida,Poales,Gramineae,Gramineae,NA
Polygala,Plantae,Tracheophyta,Magnoliopsida,Fabales,Polygalaceae,Polygala,NA
Rumex acetosella,Plantae,Tracheophyta,Magnoliopsida,Caryophyllales,Polygonaceae,Rumex,Rumex acetosella
Rumex undiff.,Plantae,Tracheophyta,Magnoliopsida,Caryophyllales,Polygonaceae,Rumex,NA
Saxifraga-type,Plantae,Tracheophyta,Magnoliopsida,Saxifragales,Saxifragaceae,Saxifraga,NA
Sorbus,Plantae,Tracheophyta,Magnoliopsida,Rosales,Rosaceae,Sorbus,NA
Stachys-type,Plantae,Tracheophyta,Magnoliopsida,Lamiales,Lamiaceae,Stachys,NA
Vicia-type,Plantae,Tracheophyta,Magnoliopsida,Fabales,Fabaceae,Vicia,NA
Armeria,Plantae,Tracheophyta,Magnoliopsida,Caryophyllales,Plumbaginaceae,Armeria,NA
Asteraceae,Plantae,Tracheophyta,Magnoliopsida,Asterales,Asteraceae,Asteraceae,NA
Centaurea,Plantae,Tracheophyta,Magnoliopsida,Asterales,Asteraceae,Centaurea,NA
Chenopodiaceae sensu stricto,Plantae,Tracheophyta,Magnoliopsida,Caryophyllales,Amaranthaceae,Amaranthaceae,NA
Gentianella,Plantae,Tracheophyta,Magnoliopsida,Gentianales,Gentianaceae,Gentianella,NA
Geraniaceae,Plantae,Tracheophyta,Magnoliopsida,Geraniales,Geraniaceae,Geraniaceae,NA
Hypericum,Plantae,Tracheophyta,Magnoliopsida,Malpighiales,Hypericaceae,Hypericum,NA
Lonicera,Plantae,Tracheophyta,Magnoliopsida,Dipsacales,Caprifoliaceae,Lonicera,NA
Prunella,Plantae,Tracheophyta,Magnoliopsida,Lamiales,Lamiaceae,Prunella,NA
Pterocarya,Plantae,Tracheophyta,Magnoliopsida,Fagales,Juglandaceae,Pterocarya,NA
Trifolium,Plantae,Tracheophyta,Magnoliopsida,Fabales,Fabaceae,Trifolium,NA
Verbenaceae,Plantae,Tracheophyta,Magnoliopsida,Lamiales,Verbenaceae,Verbenaceae,NA
Anemone,Plantae,Tracheophyta,Magnoliopsida,Ranunculales,Ranunculaceae,Anemone,NA
Bistorta bistortoides,Plantae,Tracheophyta,Magnoliopsida,Caryophyllales,Polygonaceae,Bistorta,Bistorta bistortoides
Boraginaceae,Plantae,Tracheophyta,Magnoliopsida,Boraginales,Boraginaceae,Boraginaceae,NA
Claytonia,Plantae,Tracheophyta,Magnoliopsida,Caryophyllales,Montiaceae,Claytonia,NA
Micranthes foliolosa,Plantae,Tracheophyta,Magnoliopsida,Saxifragales,Saxifragaceae,Micranthes,Micranthes foliolosa
Sedum,Plantae,Tracheophyta,Magnoliopsida,Saxifragales,Crassulaceae,Sedum,NA
Plantago major/P. media,Plantae,Tracheophyta,Magnoliopsida,Lamiales,Plantaginaceae,Plantago,NA
Rubiaceae,Plantae,Tracheophyta,Magnoliopsida,Gentianales,Rubiaceae,Rubiaceae,NA
Avena-type,Plantae,Tracheophyta,Liliopsida,Poales,Poaceae,Avena,NA
Chamaenerion angustifolium,Plantae,Tracheophyta,Magnoliopsida,Myrtales,Onagraceae,Chamaenerion,Chamaenerion angustifolium
Cirsium-type,Plantae,Tracheophyta,Magnoliopsida,Asterales,Asteraceae,Cirsium,NA
Euonymus,Plantae,Tracheophyta,Magnoliopsida,Celastrales,Celastraceae,Euonymus,NA
Galium-type,Plantae,Tracheophyta,Magnoliopsida,Gentianales,Rubiaceae,Galium,NA
Lotus-type,Plantae,Tracheophyta,Magnoliopsida,Fabales,Fabaceae,Lotus,NA
Lythrum,Plantae,Tracheophyta,Magnoliopsida,Myrtales,Lythraceae,Lythrum,NA
Mentha-type,Plantae,Tracheophyta,Magnoliopsida,Lamiales,Lamiaceae,Mentha,NA
Parnassia palustris,Plantae,Tracheophyta,Magnoliopsida,Celastrales,Parnassiaceae,Parnassia,Parnassia palustris
Poaceae (Cerealia) undiff.,Plantae,Tracheophyta,Liliopsida,Poales,Gramineae,Gramineae,NA
Polygonum aviculare,Plantae,Tracheophyta,Magnoliopsida,Caryophyllales,Polygonaceae,Polygonum,Polygonum aviculare
Ranunculus-type,Plantae,Tracheophyta,Magnoliopsida,Ranunculales,Ranunculaceae,Ranunculus,NA
Rumex acetosa-type,Plantae,Tracheophyta,Magnoliopsida,Caryophyllales,Polygonaceae,Rumex,NA
Sambucus nigra-type,Plantae,Tracheophyta,Magnoliopsida,Dipsacales,Viburnaceae,Sambucus,NA
Secale-type,Plantae,Tracheophyta,Liliopsida,Poales,Poaceae,Secale,NA
Vaccinium-type,Plantae,Tracheophyta,Magnoliopsida,Ericales,Ericaceae,Vaccinium,NA
Viburnum undiff.,Plantae,Tracheophyta,Magnoliopsida,Dipsacales,Viburnaceae,Viburnum,NA
Cerastium-type,Plantae,Tracheophyta,Magnoliopsida,Caryophyllales,Caryophyllaceae,Cerastium,NA
Humulus/Cannabis,Plantae,Tracheophyta,Magnoliopsida,Rosales,Cannabaceae,Humulus,NA
Portulaca,Plantae,Tracheophyta,Magnoliopsida,Caryophyllales,Portulacaceae,Portulaca,NA
Secale,Plantae,Tracheophyta,Liliopsida,Poales,Poaceae,Secale,NA
Triticum,Plantae,Tracheophyta,Liliopsida,Poales,Poaceae,Triticum,NA
Convolvulaceae,Plantae,Tracheophyta,Magnoliopsida,Solanales,Convolvulaceae,Convolvulaceae,NA
Valerianoideae,Plantae,Tracheophyta,Magnoliopsida,Lamiales,Verbenaceae,Stachytarpheta,NA
Alnus viridis subsp. crispa,Plantae,Tracheophyta,Magnoliopsida,Fagales,Betulaceae,Alnus,Alnus alnobetula
Aquifoliaceae,Plantae,Tracheophyta,Magnoliopsida,Aquifoliales,Aquifoliaceae,Aquifoliaceae,NA
Cupressaceae/Taxaceae undiff.,Plantae,Tracheophyta,Pinopsida,Pinales,Cupressaceae,Cupressaceae,NA
Fraxinus americana,Plantae,Tracheophyta,Magnoliopsida,Lamiales,Oleaceae,Fraxinus,Fraxinus americana
Myricaceae undiff.,Plantae,Tracheophyta,Magnoliopsida,Fagales,Myricaceae,Myricaceae,NA
Picea cf. P. glauca,Plantae,Tracheophyta,Pinopsida,Pinales,Pinaceae,Picea,NA
Picea cf. P. mariana,Plantae,Tracheophyta,Pinopsida,Pinales,Pinaceae,Picea,NA
Saxifraga,Plantae,Tracheophyta,Magnoliopsida,Saxifragales,Saxifragaceae,Saxifraga,NA
Pinus det. P. banksiana/P. resinosa,Plantae,Tracheophyta,Pinopsida,Pinales,Pinaceae,Pinus,NA
Pinus det. P. strobus,Plantae,Tracheophyta,Pinopsida,Pinales,Pinaceae,Pinus,NA
Abies lasiocarpa,Plantae,Tracheophyta,Pinopsida,Pinales,Pinaceae,Abies,Abies lasiocarpa
Acer glabrum,Plantae,Tracheophyta,Magnoliopsida,Sapindales,Sapindaceae,Acer,Acer glabrum
Agoseris glauca-type,Plantae,Tracheophyta,Magnoliopsida,Asterales,Asteraceae,Agoseris,NA
Anthemis,Plantae,Tracheophyta,Magnoliopsida,Asterales,Asteraceae,Anthemis,NA
Berberis,Plantae,Tracheophyta,Magnoliopsida,Ranunculales,Berberidaceae,Berberis,NA
Cornus sericea,Plantae,Tracheophyta,Magnoliopsida,Cornales,Cornaceae,Cornus,Cornus sericea
Larix/Pseudotsuga,Plantae,Tracheophyta,Pinopsida,Pinales,Pinaceae,Larix,NA
Solidago canadensis,Plantae,Tracheophyta,Magnoliopsida,Asterales,Asteraceae,Solidago,Solidago canadensis
Urticaceae,Plantae,Tracheophyta,Magnoliopsida,Rosales,Urticaceae,Urticaceae,NA
Corylus/Myrica,Plantae,Tracheophyta,Magnoliopsida,Fagales,Betulaceae,Corylus,NA
Koenigia,Plantae,Tracheophyta,Magnoliopsida,Caryophyllales,Polygonaceae,Koenigia,NA
Medicago,Plantae,Tracheophyta,Magnoliopsida,Fabales,Fabaceae,Medicago,NA
cf. Carya,Plantae,Tracheophyta,Magnoliopsida,Fagales,Juglandaceae,Carya,NA
cf. Phlox,Plantae,Tracheophyta,Magnoliopsida,Ericales,Polemoniaceae,Phlox,NA
Pinus edulis-type,Plantae,Tracheophyta,Pinopsida,Pinales,Pinaceae,Pinus,NA
Pinus subg. Strobus undiff.,Plantae,Tracheophyta,Pinopsida,Pinales,Pinaceae,Pinus,NA
Sarcobatus,Plantae,Tracheophyta,Magnoliopsida,Caryophyllales,Sarcobataceae,Sarcobatus,NA
Campanula-type,Plantae,Tracheophyta,Magnoliopsida,Asterales,Campanulaceae,Campanula,NA
Cannabis-type,Plantae,Tracheophyta,Magnoliopsida,Rosales,Cannabaceae,Cannabis,NA
Empetrum nigrum,Plantae,Tracheophyta,Magnoliopsida,Ericales,Ericaceae,Empetrum,Empetrum nigrum
Myrica gale,Plantae,Tracheophyta,Magnoliopsida,Fagales,Myricaceae,Myrica,Myrica gale
Ononis-type,Plantae,Tracheophyta,Magnoliopsida,Fabales,Fabaceae,Ononis,NA
Pedicularis,Plantae,Tracheophyta,Magnoliopsida,Lamiales,Orobanchaceae,Pedicularis,NA
Plantago lanceolata-type,Plantae,Tracheophyta,Magnoliopsida,Lamiales,Plantaginaceae,Plantago,NA
Plantago uniflora,Plantae,Tracheophyta,Magnoliopsida,Lamiales,Plantaginaceae,Plantago,Plantago uniflora
Aster,Plantae,Tracheophyta,Magnoliopsida,Asterales,Asteraceae,Aster,NA
Rhamnaceae,Plantae,Tracheophyta,Magnoliopsida,Rosales,Rhamnaceae,Rhamnaceae,NA
Betula (shrub),Plantae,Tracheophyta,Magnoliopsida,Fagales,Betulaceae,Betula,NA
Betula undiff.,Plantae,Tracheophyta,Magnoliopsida,Fagales,Betulaceae,Betula,NA
Ilex/Nemopanthus,Plantae,Tracheophyta,Magnoliopsida,Aquifoliales,Aquifoliaceae,Ilex,NA
Betula (small),Plantae,Tracheophyta,Magnoliopsida,Fagales,Betulaceae,Betula,NA
Pinus subg. Pinus undiff.,Plantae,Tracheophyta,Pinopsida,Pinales,Pinaceae,Pinus,NA
Acer macrophyllum,Plantae,Tracheophyta,Magnoliopsida,Sapindales,Sapindaceae,Acer,Acer macrophyllum
Alnus rubra,Plantae,Tracheophyta,Magnoliopsida,Fagales,Betulaceae,Alnus,Alnus rubra
Alnus viridis subsp. sinuata,Plantae,Tracheophyta,Magnoliopsida,Fagales,Betulaceae,Alnus,Alnus alnobetula
Aquilegia,Plantae,Tracheophyta,Magnoliopsida,Ranunculales,Ranunculaceae,Aquilegia,NA
Cornus undiff.,Plantae,Tracheophyta,Magnoliopsida,Cornales,Cornaceae,Cornus,NA
Polemoniaceae,Plantae,Tracheophyta,Magnoliopsida,Ericales,Polemoniaceae,Polemoniaceae,NA
Alnus (hexaporate),Plantae,Tracheophyta,Magnoliopsida,Fagales,Betulaceae,Alnus,NA
Amelanchier,Plantae,Tracheophyta,Magnoliopsida,Rosales,Rosaceae,Amelanchier,NA
Chrysolepis,Plantae,Tracheophyta,Magnoliopsida,Fagales,Fagaceae,Chrysolepis,NA
Geum-type,Plantae,Tracheophyta,Magnoliopsida,Rosales,Rosaceae,Geum,NA
Anacardiaceae,Plantae,Tracheophyta,Magnoliopsida,Sapindales,Anacardiaceae,Anacardiaceae,NA
Onagraceae undiff.,Plantae,Tracheophyta,Magnoliopsida,Myrtales,Onagraceae,Onagraceae,NA
Cupressaceae/Taxaceae,Plantae,Tracheophyta,Pinopsida,Pinales,Cupressaceae,Cupressaceae,NA
Elaeagnus,Plantae,Tracheophyta,Magnoliopsida,Rosales,Elaeagnaceae,Elaeagnus,NA
Pinus edulis,Plantae,Tracheophyta,Pinopsida,Pinales,Pinaceae,Pinus,Pinus edulis
Pinus flexilis,Plantae,Tracheophyta,Pinopsida,Pinales,Pinaceae,Pinus,Pinus flexilis
Pinus ponderosa,Plantae,Tracheophyta,Pinopsida,Pinales,Pinaceae,Pinus,Pinus ponderosa
Asteroideae (coarse spine),Plantae,Tracheophyta,Mangnoliopsida,Asterales,Asteraceae,Asteraceae,NA
Asteroideae (large),Plantae,Tracheophyta,Mangnoliopsida,Asterales,Asteraceae,Asteraceae,NA
Pinus aristata,Plantae,Tracheophyta,Pinopsida,Pinales,Pinaceae,Pinus,Pinus aristata
Pinus (large),Plantae,Tracheophyta,Pinopsida,Pinales,Pinaceae,Pinus,NA
Pinus (small),Plantae,Tracheophyta,Pinopsida,Pinales,Pinaceae,Pinus,NA
Myricaceae,Plantae,Tracheophyta,Magnoliopsida,Fagales,Myricaceae,Myricaceae,NA
Ostrya-type,Plantae,Tracheophyta,Magnoliopsida,Fagales,Betulaceae,Ostrya,NA
Spermatophyta undiff. (trees/shrubs),Plantae,undiff,undiff,undiff,undiff,undiff,NA
Dalea purpurea,Plantae,Tracheophyta,Magnoliopsida,Fabales,Fabaceae,Dalea,Dalea purpurea
Alnus viridis subsp. crispa-type,Plantae,Tracheophyta,Magnoliopsida,Fagales,Betulaceae,Alnus,Alnus alnobetula
Avena/Triticum,Plantae,Tracheophyta,Liliopsida,Poales,Poaceae,Avena/Triticum,NA
Brassica,Plantae,Tracheophyta,Magnoliopsida,Brassicales,Brassicaceae,Brassica,NA
Caryophyllaceae cf. Dianthus,Plantae,Tracheophyta,Magnoliopsida,Caryophyllales,Caryophyllaceae,Caryophyllaceae,NA
Melilotus-type,Plantae,Tracheophyta,Magnoliopsida,Fabales,Fabaceae,Melilotus,NA
Populus balsamifera-type,Plantae,Tracheophyta,Magnoliopsida,Malpighiales,Salicaceae,Populus,NA
Ranunculus pensylvanicus-type,Plantae,Tracheophyta,Magnoliopsida,Ranunculales,Ranunculaceae,Ranunculus,NA
Syringa vulgaris,Plantae,Tracheophyta,Magnoliopsida,Lamiales,Oleaceae,Syringa,Syringa vulgaris
Ambrosia/Iva annua,Plantae,Tracheophyta,Magnoliopsida,Asterales,Asteraceae,Ambrosia,Ambrosia
Angiospermae undiff. (hardwood trees),Plantae,Tracheophyta,undiff,undiff,undiff,undiff,NA
Anacardiaceae undiff.,Plantae,Tracheophyta,Magnoliopsida,Sapindales,Anacardiaceae,Anacardiaceae,NA
Asteraceae (high spine),Plantae,Tracheophyta,Magnoliopsida,Asterales,Asteraceae,Asteraceae,NA
Asteraceae (low spine),Plantae,Tracheophyta,Magnoliopsida,Asterales,Asteraceae,Asteraceae,NA
Berberidaceae,Plantae,Tracheophyta,Magnoliopsida,Ranunculales,Berberidaceae,Berberidaceae,NA
Fraxinus pennsylvanica/F. americana-type,Plantae,Tracheophyta,Magnoliopsida,Lamiales,Oleaceae,Fraxinus,NA
Parthenocissus,Plantae,Tracheophyta,Magnoliopsida,Vitales,Vitaceae,Parthenocissus,NA
Prunus/Sorbus,Plantae,Tracheophyta,Magnoliopsida,Rosales,Rosaceae,Prunus,NA
Rosaceae (trees),Plantae,Tracheophyta,Magnoliopsida,Rosales,Rosaceae,Rosaceae,NA
Saxifraga hirculus,Plantae,Tracheophyta,Magnoliopsida,Saxifragales,Saxifragaceae,Saxifraga,Saxifraga hirculus
Acalypha,Plantae,Tracheophyta,Magnoliopsida,Malpighiales,Euphorbiaceae,Acalypha,NA
Chamaecyparis thyoides,Plantae,Tracheophyta,Pinopsida,Pinales,Cupressaceae,Chamaecyparis,Chamaecyparis thyoides
Euphorbiaceae undiff.,Plantae,Tracheophyta,Magnoliopsida,Malpighiales,Euphorbiaceae,Euphorbiaceae,NA
Trema,Plantae,Tracheophyta,Magnoliopsida,Rosales,Cannabaceae,Trema,NA
Elymus,Plantae,Tracheophyta,Liliopsida,Poales,Poaceae,Elymus,NA
Rhamnaceae/Vitaceae,Plantae,Tracheophyta,Magnoliopsida,Rosales,Rhamnaceae,Rhamnaceae,NA
Fagaceae,Plantae,Tracheophyta,Magnoliopsida,Fagales,Fagaceae,Fagaceae,NA
Gentianaceae,Plantae,Tracheophyta,Magnoliopsida,Gentianales,Gentianaceae,Gentianaceae,NA
Malvaceae,Plantae,Tracheophyta,Magnoliopsida,Malvales,Malvaceae,Malvaceae,NA
Pseudotsuga menziesii,Plantae,Tracheophyta,Pinopsida,Pinales,Pinaceae,Pseudotsuga,Pseudotsuga menziesii
Acer circinatum,Plantae,Tracheophyta,Magnoliopsida,Sapindales,Sapindaceae,Acer,Acer circinatum
Alnus rubra-type,Plantae,Tracheophyta,Magnoliopsida,Fagales,Betulaceae,Alnus,NA
Caprifoliaceae undiff.,Plantae,Tracheophyta,Magnoliopsida,Dipsacales,Caprifoliaceae,Caprifoliaceae,NA
Robinia,Plantae,Tracheophyta,Magnoliopsida,Fabales,Fabaceae,Robinia,NA
Parnassia,Plantae,Tracheophyta,Magnoliopsida,Celastrales,Parnassiaceae,Parnassia,NA
Pinaceae undiff.,Plantae,Tracheophyta,Pinopsida,Pinales,Pinaceae,Pinaceae,NA
Verbena,Plantae,Tracheophyta,Magnoliopsida,Lamiales,Verbenaceae,Verbena,NA
Chenopodium,Plantae,Tracheophyta,Magnoliopsida,Caryophyllales,Amaranthaceae,Chenopodium,NA
Menispermaceae,Plantae,Tracheophyta,Magnoliopsida,Ranunculales,Menispermaceae,Menispermaceae,NA
Mitella,Plantae,Tracheophyta,Magnoliopsida,Saxifragales,Saxifragaceae,Mitella,NA
Oxalis,Plantae,Tracheophyta,Magnoliopsida,Oxalidales,Oxalidaceae,Oxalis,NA
Planera aquatica,Plantae,Tracheophyta,Magnoliopsida,Rosales,Ulmaceae,Planera,Planera aquatica
Actaea rubra,Plantae,Tracheophyta,Magnoliopsida,Ranunculales,Ranunculaceae,Actaea,Actaea rubra
Clethra,Plantae,Tracheophyta,Magnoliopsida,Ericales,Clethraceae,Clethra,NA
Mitchella repens,Plantae,Tracheophyta,Magnoliopsida,Gentianales,Rubiaceae,Mitchella,Mitchella repens
Myrica/Comptonia peregrina,Plantae,Tracheophyta,Magnoliopsida,Fagales,Myricaceae,Myrica,NA
Sambucus racemosa,Plantae,Tracheophyta,Magnoliopsida,Dipsacales,Viburnaceae,Sambucus,Sambucus racemosa
Viola,Plantae,Tracheophyta,Magnoliopsida,Malpighiales,Violaceae,Viola,NA
cf. Dryas,Plantae,Tracheophyta,Magnoliopsida,Rosales,Rosaceae,Dryas,NA
Lotus,Plantae,Tracheophyta,Magnoliopsida,Fabales,Fabaceae,Lotus,NA
Resedaceae,Plantae,Tracheophyta,Magnoliopsida,Brassicales,Resedaceae,Resedaceae,NA
Allenrolfea occidentalis,Plantae,Tracheophyta,Magnoliopsida,Caryophyllales,Amaranthaceae,Allenrolfea,Allenrolfea occidentalis
Cactaceae,Plantae,Tracheophyta,Magnoliopsida,Caryophyllales,Cactaceae,Cactaceae,NA
Ephedra nevadensis,Plantae,Tracheophyta,Gnetopsida,Ephedrales,Ephedraceae,Ephedra,Ephedra nevadensis
Ephedra viridis,Plantae,Tracheophyta,Gnetopsida,Ephedrales,Ephedraceae,Ephedra,Ephedra viridis
Armeria maritima,Plantae,Tracheophyta,Magnoliopsida,Caryophyllales,Plumbaginaceae,Armeria,Armeria maritima
Bistorta vivipara-type,Plantae,Tracheophyta,Magnoliopsida,Caryophyllales,Polygonaceae,Bistorta,NA
cf. Diapensia lapponica,Plantae,Tracheophyta,Magnoliopsida,Ericales,Diapensiaceae,Diapensia,Diapensia lapponica
Comarum palustre-type,Plantae,Tracheophyta,Magnoliopsida,Rosales,Rosaceae,Comarum,NA
Fagus grandifolia,Plantae,Tracheophyta,Magnoliopsida,Fagales,Fagaceae,Fagus,Fagus grandifolia
Oxyria digyna-type,Plantae,Tracheophyta,Magnoliopsida,Caryophyllales,Polygonaceae,Oxyria,NA
Viburnum edule,Plantae,Tracheophyta,Magnoliopsida,Dipsacales,Viburnaceae,Viburnum,Viburnum edule
Cornus sericea-type,Plantae,Tracheophyta,Magnoliopsida,Cornales,Cornaceae,Cornus,NA
Lycopus-type,Plantae,Tracheophyta,Magnoliopsida,Lamiales,Lamiaceae,Lycopus,NA
Primula,Plantae,Tracheophyta,Magnoliopsida,Ericales,Primulaceae,Primula,NA
Betula glandulosa,Plantae,Tracheophyta,Magnoliopsida,Fagales,Betulaceae,Betula,Betula glandulosa
Violaceae,Plantae,Tracheophyta,Magnoliopsida,Malpighiales,Violaceae,Violaceae,NA
Bistorta,Plantae,Tracheophyta,Magnoliopsida,Caryophyllales,Polygonaceae,Bistorta,NA
Adenostoma fasciculatum,Plantae,Tracheophyta,Magnoliopsida,Rosales,Rosaceae,Adenostoma,Adenostoma fasciculatum
Adenostoma sparsifolium,Plantae,Tracheophyta,Magnoliopsida,Rosales,Rosaceae,Adenostoma,Adenostoma sparsifolium
Lamiaceae undiff.,Plantae,Tracheophyta,Magnoliopsida,Lamiales,Lamiaceae,Lamiaceae,NA
Mentha,Plantae,Tracheophyta,Magnoliopsida,Lamiales,Lamiaceae,Mentha,NA
Pinus jeffreyi-type,Plantae,Tracheophyta,Pinopsida,Pinales,Pinaceae,Pinus,NA
Quercus chrysolepis,Plantae,Tracheophyta,Magnoliopsida,Fagales,Fagaceae,Quercus,Quercus chrysolepis
Quercus undiff.,Plantae,Tracheophyta,Magnoliopsida,Fagales,Fagaceae,Quercus,NA
Trillium,Plantae,Tracheophyta,Liliopsida,Liliales,Melanthiaceae,Trillium,NA
Aesculus,Plantae,Tracheophyta,Magnoliopsida,Sapindales,Sapindaceae,Aesculus,NA
Castanopsis,Plantae,Tracheophyta,Magnoliopsida,Fagales,Fagaceae,Castanopsis,NA
Persicaria,Plantae,Tracheophyta,Magnoliopsida,Caryophyllales,Polygonaceae,Persicaria,NA
Symplocos,Plantae,Tracheophyta,Magnoliopsida,Ericales,Symplocaceae,Symplocos,NA
Chrysolepis/Lithocarpus,Plantae,Tracheophyta,Magnoliopsida,Fagales,Fagaceae,Chrysolepsis,NA
Hydrophyllum,Plantae,Tracheophyta,Magnoliopsida,Boraginales,Hydrophyllaceae,Hydrophyllum,NA
Pinus monticola-type,Plantae,Tracheophyta,Pinopsida,Pinales,Pinaceae,Pinus,NA
Sequoia,Plantae,Tracheophyta,Pinopsida,Pinales,Cupressaceae,Sequoia,NA
Araliaceae,Plantae,Tracheophyta,Magnoliopsida,Apiales,Araliaceae,Araliaceae,NA
Cupressaceae-type,Plantae,Tracheophyta,Pinopsida,Pinales,Cupressaceae,Cupressaceae,NA
Garrya,Plantae,Tracheophyta,Magnoliopsida,Garryales,Garryaceae,Garrya,NA
Navarretia,Plantae,Tracheophyta,Magnoliopsida,Ericales,Polemoniaceae,Navarretia,NA
Alnus (triporate),Plantae,Tracheophyta,Magnoliopsida,Fagales,Betulaceae,Alnus,NA
Coptis,Plantae,Tracheophyta,Magnoliopsida,Ranunculales,Ranunculaceae,Coptis,NA
Pinus monticola,Plantae,Tracheophyta,Pinopsida,Pinales,Pinaceae,Pinus,Pinus monticola
Purshia,Plantae,Tracheophyta,Magnoliopsida,Rosales,Rosaceae,Purshia,NA
Larix-type,Plantae,Tracheophyta,Pinopsida,Pinales,Pinaceae,Larix,NA
Picea glauca-type,Plantae,Tracheophyta,Pinopsida,Pinales,Pinaceae,Picea,NA
Picea mariana-type,Plantae,Tracheophyta,Pinopsida,Pinales,Pinaceae,Picea,NA
Solidago-type,Plantae,Tracheophyta,Magnoliopsida,Asterales,Asteraceae,Solidago,NA
Veronica-type,Plantae,Tracheophyta,Magnoliopsida,Lamiales,Plantaginaceae,Veronica,NA
Agrimonia,Plantae,Tracheophyta,Magnoliopsida,Rosales,Rosaceae,Agrimonia,NA
Castanea dentata,Plantae,Tracheophyta,Magnoliopsida,Fagales,Fagaceae,Castanea,Castanea dentata
Celtis occidentalis,Plantae,Tracheophyta,Magnoliopsida,Rosales,Cannabaceae,Celtis,Celtis occidentalis
Corylus cornuta,Plantae,Tracheophyta,Magnoliopsida,Fagales,Betulaceae,Corylus,Corylus cornuta
Iris,Plantae,Tracheophyta,Liliopsida,Asparagales,Iridaceae,Iris,NA
Platanus occidentalis,Plantae,Tracheophyta,Magnoliopsida,Proteales,Platanaceae,Platanus,Platanus occidentalis
Tsuga canadensis,Plantae,Tracheophyta,Pinopsida,Pinales,Pinaceae,Tsuga,Tsuga canadensis
Juniperus/Calocedrus,Plantae,Tracheophyta,Pinopsida,Pinales,Cupressaceae,Juniperus,NA
Quercus vaccinifolia-type,Plantae,Tracheophyta,Magnoliopsida,Fagales,Fagaceae,Quercus,NA
Apocynaceae,Plantae,Tracheophyta,Magnoliopsida,Gentianales,Apocynaceae,Apocynaceae,NA
Araceae,Plantae,Tracheophyta,Liliopsida,Alismatales,Araceae,Araceae,NA
Clematis,Plantae,Tracheophyta,Magnoliopsida,Ranunculales,Ranunculaceae,Clematis,NA
Convolvulus,Plantae,Tracheophyta,Magnoliopsida,Solanales,Convolvulaceae,Convolvulus,NA
Juncaceae,Plantae,Tracheophyta,Liliopsida,Poales,Juncaceae,Juncaceae,NA
Leptospermum,Plantae,Tracheophyta,Magnoliopsida,Myrtales,Myrtaceae,Leptospermum,NA
Lobelia,Plantae,Tracheophyta,Magnoliopsida,Asterales,Campanulaceae,Lobelia,NA
Orchidaceae,Plantae,Tracheophyta,Liliopsida,Asparagales,Orchidaceae,Orchidaceae,NA
Papaver,Plantae,Tracheophyta,Magnoliopsida,Ranunculales,Papaveraceae,Papaver,NA
Ulmaceae,Plantae,Tracheophyta,Magnoliopsida,Rosales,Ulmaceae,Ulmaceae,NA
Fraxinus (tetracolpate),Plantae,Tracheophyta,Magnoliopsida,Lamiales,Oleaceae,Fraxinus,NA
Fraxinus (tricolpate),Plantae,Tracheophyta,Magnoliopsida,Lamiales,Oleaceae,Fraxinus,NA
Alnus viridis subsp. sinuata-type,Plantae,Tracheophyta,Magnoliopsida,Fagales,Betulaceae,Alnus,Alnus alnobetula
Pinus subg. Pinus-type,Plantae,Tracheophyta,Pinopsida,Pinales,Pinaceae,Pinus,NA
Pinus subg. Strobus-type,Plantae,Tracheophyta,Pinopsida,Pinales,Pinaceae,Pinus,NA
Rhamnaceae undiff.,Plantae,Tracheophyta,Magnoliopsida,Rosales,Rhamnaceae,Rhamnaceae,NA
Arecaceae,Plantae,Tracheophyta,Liliopsida,Arecales,Arecaceae,Arecaceae,NA
Camassia,Plantae,Tracheophyta,Liliopsida,Asparagales,Asparagaceae,Camassia,NA
Cannabis,Plantae,Tracheophyta,Magnoliopsida,Rosales,Cannabaceae,Cannabis,NA
Stachys,Plantae,Tracheophyta,Magnoliopsida,Lamiales,Lamiaceae,Stachys,NA
Symphoricarpos,Plantae,Tracheophyta,Magnoliopsida,Dipsacales,Caprifoliaceae,Symphoricarpos,NA
Allium,Plantae,Tracheophyta,Liliopsida,Asparagales,Amaryllidaceae,Allium,NA
cf. Aquilegia,Plantae,Tracheophyta,Magnoliopsida,Ranunculales,Ranunculaceae,Aquilegia,NA
cf. Collinsia,Plantae,Rhodophyta,Florideophyceae,Gigartinales,Gigartinaceae,Collinsia,NA
cf. Linanthus,Plantae,Tracheophyta,Magnoliopsida,Ericales,Polemoniaceae,Linanthus,NA
cf. Lupinus,Plantae,Tracheophyta,Magnoliopsida,Fabales,Fabaceae,Lupinus,NA
Elaeagnaceae,Plantae,Tracheophyta,Magnoliopsida,Rosales,Elaeagnaceae,Elaeagnaceae,NA
Phacelia,Plantae,Tracheophyta,Magnoliopsida,Boraginales,Hydrophyllaceae,Phacelia,NA
Sequoiadendron,Plantae,Tracheophyta,Pinopsida,Pinales,Cupressaceae,Sequoiadendron,NA
Abies balsamea,Plantae,Tracheophyta,Pinopsida,Pinales,Pinaceae,Abies,Abies balsamea
Fragaria,Plantae,Tracheophyta,Magnoliopsida,Rosales,Rosaceae,Fragaria,NA
Larix laricina,Plantae,Tracheophyta,Pinopsida,Pinales,Pinaceae,Larix,Larix laricina
Lycopus,Plantae,Tracheophyta,Magnoliopsida,Lamiales,Lamiaceae,Lycopus,NA
Nemopanthus,Plantae,Tracheophyta,Magnoliopsida,Aquifoliales,Aquifoliaceae,Ilex,NA
Pinus banksiana-type,Plantae,Tracheophyta,Pinopsida,Pinales,Pinaceae,Pinus,NA
Taxus canadensis,Plantae,Tracheophyta,Pinopsida,Pinales,Taxaceae,Taxus,Taxus canadensis
Tilia americana,Plantae,Tracheophyta,Magnoliopsida,Malvales,Malvaceae,Tilia,Tilia americana
Viburnum nudum,Plantae,Tracheophyta,Magnoliopsida,Dipsacales,Viburnaceae,Viburnum,Viburnum nudum
cf. Vitis,Plantae,Tracheophyta,Magnoliopsida,Vitales,Vitaceae,Vitis,NA
Gordonia,Plantae,Tracheophyta,Magnoliopsida,Ericales,Theaceae,Gordonia,NA
Ilex-type,Plantae,Tracheophyta,Magnoliopsida,Aquifoliales,Aquifoliaceae,Ilex,NA
Liquidambar styraciflua,Plantae,Tracheophyta,Magnoliopsida,Saxifragales,Altingiaceae,Liquidambar,Liquidambar styraciflua
Liriodendron tulipifera,Plantae,Tracheophyta,Magnoliopsida,Magnoliales,Magnoliaceae,Liriodendron,Liriodendron tulipifera
Serenoa,Plantae,Tracheophyta,Liliopsida,Arecales,Arecaceae,Serenoa,NA
Viburnum-type,Plantae,Tracheophyta,Magnoliopsida,Dipsacales,Viburnaceae,Viburnum,NA
Fallopia convolvulus,Plantae,Tracheophyta,Magnoliopsida,Caryophyllales,Polygonaceae,Fallopia,Fallopia convolvulus
Holodiscus,Plantae,Tracheophyta,Magnoliopsida,Rosales,Rosaceae,Holodiscus,NA
Parietaria,Plantae,Tracheophyta,Magnoliopsida,Rosales,Urticaceae,Parietaria,NA
Sium,Plantae,Tracheophyta,Magnoliopsida,Apiales,Apiaceae,Sium,NA
Solidago,Plantae,Tracheophyta,Magnoliopsida,Asterales,Asteraceae,Solidago,NA
Helianthus,Plantae,Tracheophyta,Magnoliopsida,Asterales,Asteraceae,Helianthus,NA
Iva,Plantae,Tracheophyta,Magnoliopsida,Asterales,Asteraceae,Iva,NA
Urticaceae/Moraceae,Plantae,Tracheophyta,Magnoliopsida,Rosales,Urticaceae,Urticaceae,NA
Calendula,Plantae,Tracheophyta,Magnoliopsida,Asterales,Asteraceae,Calendula,NA
Lysichiton americanus,Plantae,Tracheophyta,Liliopsida,Alismatales,Araceae,Lysichiton,Lysichiton americanus
Boraginaceae undiff.,Plantae,Tracheophyta,Magnoliopsida,Boraginales,Boraginaceae,Boraginaceae,NA
Castilleja,Plantae,Tracheophyta,Magnoliopsida,Lamiales,Orobanchaceae,Castilleja,NA
Cryptantha,Plantae,Tracheophyta,Magnoliopsida,Boraginales,Boraginaceae,Cryptantha,NA
Erodium cicutarium,Plantae,Tracheophyta,Magnoliopsida,Geraniales,Geraniaceae,Erodium,Erodium cicutarium
Gossypium,Plantae,Tracheophyta,Magnoliopsida,Malvales,Malvaceae,Gossypium,NA
Kallstroemia,Plantae,Tracheophyta,Magnoliopsida,Zygophyllales,Zygophyllaceae,Kallstroemia,NA
Larrea,Plantae,Tracheophyta,Magnoliopsida,Zygophyllales,Zygophyllaceae,Larrea,NA
Linanthus,Plantae,Tracheophyta,Magnoliopsida,Ericales,Polemoniaceae,Linanthus,NA
Opuntia,Plantae,Tracheophyta,Magnoliopsida,Caryophyllales,Cactaceae,Opuntia,NA
Rosa,Plantae,Tracheophyta,Magnoliopsida,Rosales,Rosaceae,Rosa,NA
Elaeagnaceae undiff.,Plantae,Tracheophyta,Magnoliopsida,Rosales,Elaeagnaceae,Elaeagnaceae,NA
Vitaceae,Plantae,Tracheophyta,Magnoliopsida,Vitales,Vitaceae,Vitaceae,NA
Castanea-type,Plantae,Tracheophyta,Magnoliopsida,Fagales,Fagaceae,Castanea,NA
Cornus suecica-type,Plantae,Tracheophyta,Magnoliopsida,Cornales,Cornaceae,Cornus,NA
Crassula,Plantae,Tracheophyta,Magnoliopsida,Saxifragales,Crassulaceae,Crassula,NA
Crassulaceae undiff.,Plantae,Tracheophyta,Magnoliopsida,Saxifragales,Crassulaceae,Crassulaceae,NA
Illecebrum,Plantae,Tracheophyta,Magnoliopsida,Caryophyllales,Caryophyllaceae,Illecebrum,NA
Prunus pensylvanica,Plantae,Tracheophyta,Magnoliopsida,Rosales,Rosaceae,Prunus,Prunus pensylvanica
Prunus undiff.,Plantae,Tracheophyta,Magnoliopsida,Rosales,Rosaceae,Prunus,NA
Rhus typhina-type,Plantae,Tracheophyta,Magnoliopsida,Sapindales,Anacardiaceae,Rhus,NA
Rumex acetosella-type,Plantae,Tracheophyta,Magnoliopsida,Caryophyllales,Polygonaceae,Rumex,NA
Sambucus undiff.,Plantae,Tracheophyta,Magnoliopsida,Dipsacales,Viburnaceae,Sambucus,NA
Solanum dulcamara,Plantae,Tracheophyta,Magnoliopsida,Solanales,Solanaceae,Solanum,Solanum dulcamara
Stachys sylvatica-type,Plantae,Tracheophyta,Magnoliopsida,Lamiales,Lamiaceae,Stachys,NA
Tsuga undiff.,Plantae,Tracheophyta,Pinopsida,Pinales,Pinaceae,Tsuga,NA
Zea,Plantae,Tracheophyta,Liliopsida,Poales,Poaceae,Zea,NA
Nyssa sylvatica,Plantae,Tracheophyta,Magnoliopsida,Cornales,Nyssaceae,Nyssa,Nyssa sylvatica
Suaeda calceoliformis,Plantae,Tracheophyta,Magnoliopsida,Caryophyllales,Amaranthaceae,Suaeda,Suaeda calceoliformis
Ericaceae-type,Plantae,Tracheophyta,Magnoliopsida,Ericales,Ericaceae,Ericaceae,NA
Humulus-type,Plantae,Tracheophyta,Magnoliopsida,Rosales,Cannabaceae,Humulus,NA
Myrica-type,Plantae,Tracheophyta,Magnoliopsida,Fagales,Myricaceae,Myrica,NA
Xanthium-type,Plantae,Tracheophyta,Magnoliopsida,Asterales,Asteraceae,Xanthium,NA
Arceuthobium pusillum,Plantae,Tracheophyta,Magnoliopsida,Santalales,Viscaceae,Arceuthobium,Arceuthobium pusillum
cf. Cupressaceae,Plantae,Tracheophyta,Pinopsida,Pinales,Cupressaceae,Cupressaceae,NA
cf. Morus,Plantae,Tracheophyta,Magnoliopsida,Rosales,Moraceae,Morus,NA
cf. Taxus,Plantae,Tracheophyta,Pinopsida,Pinales,Taxaceae,Taxus,NA
Chamaesyce,Plantae,Tracheophyta,Magnoliopsida,Malpighiales,Euphorbiaceae,Euphorbia,NA
Hudsonia,Plantae,Tracheophyta,Magnoliopsida,Malvales,Cistaceae,Hudsonia,NA
Cercocarpus/Purshia,Plantae,Tracheophyta,Magnoliopsida,Rosales,Rosaceae,Cercocarpus,NA
Linaceae,Plantae,Tracheophyta,Magnoliopsida,Malpighiales,Linaceae,Linaceae,NA
Lycium,Plantae,Tracheophyta,Magnoliopsida,Solanales,Solanaceae,Lycium,NA
Gentiana undiff.,Plantae,Tracheophyta,Magnoliopsida,Gentianales,Gentianaceae,Gentiana,NA
Heracleum,Plantae,Tracheophyta,Magnoliopsida,Apiales,Apiaceae,Heracleum,NA
Angiospermae undiff. (upland herbs),Plantae,Tracheophyta,undiff,undiff,undiff,undiff,NA
Salix herbacea,Plantae,Tracheophyta,Magnoliopsida,Malpighiales,Salicaceae,Salix,Salix herbacea
Salix undiff.,Plantae,Tracheophyta,Magnoliopsida,Malpighiales,Salicaceae,Salix,NA
cf. Bistorta bistortoides,Plantae,Tracheophyta,Magnoliopsida,Caryophyllales,Polygonaceae,Bistorta,Bistorta bistortoides
Chamaebatiaria millefolium,Plantae,Tracheophyta,Magnoliopsida,Rosales,Rosaceae,Chamaebatiaria,Chamaebatiaria millefolium
Monardella,Plantae,Tracheophyta,Magnoliopsida,Lamiales,Lamiaceae,Monardella,NA
Plantaginaceae undiff.,Plantae,Tracheophyta,Magnoliopsida,Lamiales,Plantaginaceae,Plantaginaceae,NA
Iris versicolor,Plantae,Tracheophyta,Liliopsida,Asparagales,Iridaceae,Iris,Iris versicolor
Celtis-type,Plantae,Tracheophyta,Magnoliopsida,Rosales,Cannabaceae,Celtis,NA
cf. Verbenaceae,Plantae,Tracheophyta,Magnoliopsida,Lamiales,Verbenaceae,Verbenaceae,NA
Lamium,Plantae,Tracheophyta,Magnoliopsida,Lamiales,Lamiaceae,Lamium,NA
Penstemon,Plantae,Tracheophyta,Magnoliopsida,Lamiales,Plantaginaceae,Penstemon,NA
Prunella-type,Plantae,Tracheophyta,Magnoliopsida,Lamiales,Lamiaceae,Prunella,NA
Rubus-type,Plantae,Tracheophyta,Magnoliopsida,Rosales,Rosaceae,Rubus,NA
Cannabis sativa,Plantae,Tracheophyta,Magnoliopsida,Rosales,Cannabaceae,Cannabis,Cannabis sativa
Actaea,Plantae,Tracheophyta,Magnoliopsida,Ranunculales,Ranunculaceae,Actaea,NA
Berberis repens,Plantae,Tracheophyta,Magnoliopsida,Ranunculales,Berberidaceae,Mahonia,Mahonia repens
cf. Ceanothus,Plantae,Tracheophyta,Magnoliopsida,Rosales,Rhamnaceae,Ceanothus,NA
Holodiscus-type,Plantae,Tracheophyta,Magnoliopsida,Rosales,Rosaceae,Holodiscus,NA
cf. Rhus,Plantae,Tracheophyta,Magnoliopsida,Sapindales,Anacardiaceae,Rhus,NA
Fragaria-type,Plantae,Tracheophyta,Magnoliopsida,Rosales,Rosaceae,Fragaria,NA
Leptosiphon,Plantae,Tracheophyta,Magnoliopsida,Ericales,Polemoniaceae,Leptosiphon,NA
Anemone sect. Hepatica,Plantae,Tracheophyta,Magnoliopsida,Ranunculales,Ranunculaceae,Hepatica,NA
Cannabaceae,Plantae,Tracheophyta,Magnoliopsida,Rosales,Cannabaceae,Cannabaceae,NA
Caprifoliaceae,Plantae,Tracheophyta,Magnoliopsida,Dipsacales,Caprifoliaceae,Caprifoliaceae,NA
Commelinaceae,Plantae,Tracheophyta,Liliopsida,Commelinales,Commelinaceae,Commelinaceae,NA
Cornaceae,Plantae,Tracheophyta,Magnoliopsida,Cornales,Cornaceae,Cornaceae,NA
Pistacia,Plantae,Tracheophyta,Magnoliopsida,Sapindales,Anacardiaceae,Pistacia,NA
Lithospermum,Plantae,Tracheophyta,Magnoliopsida,Boraginales,Boraginaceae,Lithospermum,NA
Paronychia,Plantae,Tracheophyta,Magnoliopsida,Caryophyllales,Caryophyllaceae,Paronychia,NA
Artemisia-type,Plantae,Tracheophyta,Magnoliopsida,Asterales,Asteraceae,Artemisia,NA
Cornus sanguinea,Plantae,Tracheophyta,Magnoliopsida,Cornales,Cornaceae,Cornus,Cornus sanguinea
Malva,Plantae,Tracheophyta,Magnoliopsida,Malvales,Malvaceae,Malva,NA
Rhamnus cathartica,Plantae,Tracheophyta,Magnoliopsida,Rosales,Rhamnaceae,Rhamnus,Rhamnus cathartica
Secale cereale,Plantae,Tracheophyta,Liliopsida,Poales,Poaceae,Secale,Secale cereale
Cichorioideae undiff.,Plantae,Tracheophyta,Magnoliopsida,Asterales,Asteraceae,Asteraceae,NA
Jasione,Plantae,Tracheophyta,Magnoliopsida,Asterales,Campanulaceae,Jasione,NA
Oxyria,Plantae,Tracheophyta,Magnoliopsida,Caryophyllales,Polygonaceae,Oxyria,NA
Caprifoliaceae sensu lato undiff.,Plantae,Tracheophyta,Magnoliopsida,Dipsacales,Caprifoliaceae,Caprifoliaceae,NA
cf. Myrica,Plantae,Tracheophyta,Magnoliopsida,Fagales,Myricaceae,Myrica,NA
Fraxinus americana-type,Plantae,Tracheophyta,Magnoliopsida,Lamiales,Oleaceae,Fraxinus,NA
Humulus lupulus,Plantae,Tracheophyta,Magnoliopsida,Rosales,Cannabaceae,Humulus,Humulus lupulus
Juniperus communis/Thuja occidentalis-type,Plantae,Tracheophyta,Pinopsida,Pinales,Cupressaceae,Juniperus,NA
Morus rubra-type,Plantae,Tracheophyta,Magnoliopsida,Rosales,Moraceae,Morus,NA
Rumex-type,Plantae,Tracheophyta,Magnoliopsida,Caryophyllales,Polygonaceae,Rumex,NA
Smilax,Plantae,Tracheophyta,Liliopsida,Liliales,Smilacaceae,Smilax,NA
Taxodium,Plantae,Tracheophyta,Pinopsida,Pinales,Cupressaceae,Taxodium,NA
Urtica dioica-type,Plantae,Tracheophyta,Magnoliopsida,Rosales,Urticaceae,Urtica,NA
Pedicularis undiff.,Plantae,Tracheophyta,Magnoliopsida,Lamiales,Orobanchaceae,Pedicularis,NA
Rubus arcticus,Plantae,Tracheophyta,Magnoliopsida,Rosales,Rosaceae,Rubus,Rubus arcticus
Aralia hispida,Plantae,Tracheophyta,Magnoliopsida,Apiales,Araliaceae,Aralia,Aralia hispida
Carya ovata,Plantae,Tracheophyta,Magnoliopsida,Fagales,Juglandaceae,Carya,Carya ovata
Cornus alternifolia,Plantae,Tracheophyta,Magnoliopsida,Cornales,Cornaceae,Cornus,Cornus alternifolia
Viburnum lentago,Plantae,Tracheophyta,Magnoliopsida,Dipsacales,Viburnaceae,Viburnum,Viburnum lentago
Cedrus,Plantae,Tracheophyta,Pinopsida,Pinales,Pinaceae,Cedrus,NA
Claytonia acutifolia,Plantae,Tracheophyta,Magnoliopsida,Caryophyllales,Montiaceae,Claytonia,Claytonia acutifolia
Draba,Plantae,Tracheophyta,Magnoliopsida,Brassicales,Brassicaceae,Draba,NA
Picea sect. Eupicea,Plantae,Tracheophyta,Pinopsida,Pinales,Pinaceae,Picea,NA
Podocarpus,Plantae,Tracheophyta,Pinopsida,Pinales,Podocarpaceae,Podocarpus,NA
Taraxacum,Plantae,Tracheophyta,Magnoliopsida,Asterales,Asteraceae,Taraxacum,NA
Cannabaceae sensu stricto,Plantae,Tracheophyta,Magnoliopsida,Rosales,Cannabaceae,Cannabaceae,NA
Maclura pomifera-type,Plantae,Tracheophyta,Magnoliopsida,Rosales,Moraceae,Maclura,NA
Tidestromia-type,Plantae,Tracheophyta,Magnoliopsida,Caryophyllales,Amaranthaceae,Tidestromia,NA
Chrysolepis-type,Plantae,Tracheophyta,Magnoliopsida,Fagales,Fagaceae,Chrysolepsis,NA
Fraxinus latifolia,Plantae,Tracheophyta,Magnoliopsida,Lamiales,Oleaceae,Fraxinus,Fraxinus latifolia
Shepherdia canadensis-type,Plantae,Tracheophyta,Magnoliopsida,Rosales,Elaeagnaceae,Shepherdia,NA
Taxus brevifolia,Plantae,Tracheophyta,Pinopsida,Pinales,Taxaceae,Taxus,Taxus brevifolia
Ceratiola ericoides,Plantae,Tracheophyta,Magnoliopsida,Ericales,Ericaceae,Ceratiola,Ceratiola ericoides
Sabal,Plantae,Tracheophyta,Liliopsida,Arecales,Arecaceae,Sabal,NA
Moraceae,Plantae,Tracheophyta,Magnoliopsida,Rosales,Moraceae,Moraceae,NA
Oenothera,Plantae,Tracheophyta,Magnoliopsida,Myrtales,Onagraceae,Oenothera,NA
Arceuthobium americanum,Plantae,Tracheophyta,Magnoliopsida,Santalales,Viscaceae,Arceuthobium,Arceuthobium americanum
Betula det. shrub,Plantae,Tracheophyta,Magnoliopsida,Fagales,Betulaceae,Betula,NA
Betula det. tree,Plantae,Tracheophyta,Magnoliopsida,Fagales,Betulaceae,Betula,NA
Picea det. P. glauca,Plantae,Tracheophyta,Pinopsida,Pinales,Pinaceae,Picea,NA
Picea det. P. mariana,Plantae,Tracheophyta,Pinopsida,Pinales,Pinaceae,Picea,NA
Diospyros-type,Plantae,Tracheophyta,Magnoliopsida,Ericales,Ebenaceae,Diospyros,NA
Rhamnaceae/Vitaceae undiff.,Plantae,Tracheophyta,Magnoliopsida,Rosales,Rhamnaceae,Rhamnaceae,NA
Arenaria,Plantae,Tracheophyta,Magnoliopsida,Caryophyllales,Caryophyllaceae,Arenaria,NA
Betula (tree),Plantae,Tracheophyta,Magnoliopsida,Fagales,Betulaceae,Betula,NA
Impatiens capensis,Plantae,Tracheophyta,Magnoliopsida,Ericales,Balsaminaceae,Impatiens,Impatiens capensis
Caltha leptosepala,Plantae,Tracheophyta,Magnoliopsida,Ranunculales,Ranunculaceae,Caltha,Caltha leptosepala
Coptis aspleniifolia,Plantae,Tracheophyta,Magnoliopsida,Ranunculales,Ranunculaceae,Coptis,Coptis aspleniifolia
Gentiana douglasiana,Plantae,Tracheophyta,Magnoliopsida,Gentianales,Gentianaceae,Gentiana,Gentiana douglasiana
Arecaceae-type undiff.,Plantae,Tracheophyta,Liliopsida,Arecales,Arecaceae,Arecaceae,NA
Avicennia,Plantae,Tracheophyta,Magnoliopsida,Lamiales,Acanthaceae,Avicennia,NA
Citrus,Plantae,Tracheophyta,Magnoliopsida,Sapindales,Rutaceae,Citrus,NA
Coccoloba,Plantae,Tracheophyta,Magnoliopsida,Caryophyllales,Polygonaceae,Coccoloba,NA
Conocarpus,Plantae,Tracheophyta,Magnoliopsida,Myrtales,Combretaceae,Conocarpus,NA
Dodonaea,Plantae,Tracheophyta,Magnoliopsida,Sapindales,Sapindaceae,Dodonaea,NA
Eugenia-type,Plantae,Tracheophyta,Magnoliopsida,Myrtales,Myricaceae,Eugenia,NA
Forestiera,Plantae,Tracheophyta,Magnoliopsida,Lamiales,Oleaceae,Forestiera,NA
Laguncularia,Plantae,Tracheophyta,Magnoliopsida,Myrtales,Combretaceae,Laguncularia,NA
Oleaceae undiff.,Plantae,Tracheophyta,Magnoliopsida,Lamiales,Oleaceae,Oleaceae,NA
Rhizophora,Plantae,Tracheophyta,Magnoliopsida,Malpighiales,Rhizophoraceae,Rhizophora,NA
Rhus/Toxicodendron,Plantae,Tracheophyta,Magnoliopsida,Sapindales,Anacardiaceae,Rhus,NA
Sisyrinchium-type,Plantae,Tracheophyta,Liliopsida,Asparagales,Iridaceae,Sisyrinchium,NA
Rhododendron subsect. Ledum/Chamaedaphne calyculata,Plantae,Tracheophyta,Magnoliopsida,Ericales,Ericaceae,Rhododendron,NA
Solanaceae,Plantae,Tracheophyta,Magnoliopsida,Solanales,Solanaceae,Solanaceae,NA
Toxicodendron radicans,Plantae,Tracheophyta,Magnoliopsida,Sapindales,Anacardiaceae,Toxicodendron,Toxicodendron radicans
cf. Oxyria digyna,Plantae,Tracheophyta,Magnoliopsida,Caryophyllales,Polygonaceae,Oxyria,Oxyria digyna
Nemopanthus mucronatus,Plantae,Tracheophyta,Magnoliopsida,Aquifoliales,Aquifoliaceae,Ilex,Ilex mucronata
Oxytropis maydelliana-type,Plantae,Tracheophyta,Magnoliopsida,Fabales,Fabaceae,Oxytropis,NA
Pinus resinosa-type,Plantae,Tracheophyta,Pinopsida,Pinales,Pinaceae,Pinus,NA
Prunus virginiana,Plantae,Tracheophyta,Magnoliopsida,Rosales,Rosaceae,Prunus,Prunus virginiana
Rosaceae cf. Prunus serotina,Plantae,Tracheophyta,Magnoliopsida,Rosales,Rosaceae,Rosaceae,NA
Salix herbacea-type,Plantae,Tracheophyta,Magnoliopsida,Malpighiales,Salicaceae,Salix,NA
Salix vestita-type,Plantae,Tracheophyta,Magnoliopsida,Malpighiales,Salicaceae,Salix,NA
Viburnum opulus,Plantae,Tracheophyta,Magnoliopsida,Dipsacales,Viburnaceae,Viburnum,Viburnum opulus
Acer nigrum,Plantae,Tracheophyta,Magnoliopsida,Sapindales,Sapindaceae,Acer,Acer nigrum
Carya cordiformis,Plantae,Tracheophyta,Magnoliopsida,Fagales,Juglandaceae,Carya,Carya cordiformis
Myosotis-type,Plantae,Tracheophyta,Magnoliopsida,Boraginales,Boraginaceae,Myosotis,NA
Populus deltoides-type,Plantae,Tracheophyta,Magnoliopsida,Malpighiales,Salicaceae,Populus,NA
Agastache,Plantae,Tracheophyta,Magnoliopsida,Lamiales,Lamiaceae,Agastache,NA
Cistanthe,Plantae,Tracheophyta,Magnoliopsida,Caryophyllales,Montiaceae,Cistanthe,NA
Ligusticum,Plantae,Tracheophyta,Magnoliopsida,Apiales,Apiaceae,Ligusticum,NA
Polygonum sect. Duravia,Plantae,Tracheophyta,Magnoliopsida,Caryophyllales,Polygonaceae,Polygonum,NA
Ranunculus orthorhynchus,Plantae,Tracheophyta,Magnoliopsida,Ranunculales,Ranunculaceae,Ranunculus,Ranunculus orthorhynchus
Silene,Plantae,Tracheophyta,Magnoliopsida,Caryophyllales,Caryophyllaceae,Silene,NA
Pinus/Picea,Plantae,Tracheophyta,Pinopsida,Pinales,Pinaceae,Pinus/Picea,NA
Eucalyptus,Plantae,Tracheophyta,Magnoliopsida,Myrtales,Myrtaceae,Eucalyptus,NA
Arenaria-type,Plantae,Tracheophyta,Magnoliopsida,Caryophyllales,Caryophyllaceae,Arenaria,NA
Crataegus-type,Plantae,Tracheophyta,Magnoliopsida,Rosales,Rosaceae,Crataegus,NA
Dianthus-type,Plantae,Tracheophyta,Magnoliopsida,Caryophyllales,Caryophyllaceae,Dianthus,NA
Herniaria-type,Plantae,Tracheophyta,Magnoliopsida,Caryophyllales,Caryophyllaceae,Herniaria,NA
Mimulus,Plantae,Tracheophyta,Magnoliopsida,Lamiales,Phrymaceae,Mimulus,NA
Pinguicula,Plantae,Tracheophyta,Magnoliopsida,Lamiales,Lentibulariaceae,Pinguicula,NA
Plantago maritima-type,Plantae,Tracheophyta,Magnoliopsida,Lamiales,Plantaginaceae,Plantago,NA
Silene dioica-type,Plantae,Tracheophyta,Magnoliopsida,Caryophyllales,Caryophyllaceae,Silene,NA
Acacia,Plantae,Tracheophyta,Magnoliopsida,Fabales,Fabaceae,Acacia,NA
Carex,Plantae,Tracheophyta,Liliopsida,Poales,Cyperaceae,Carex,NA
Iva undiff.,Plantae,Tracheophyta,Magnoliopsida,Asterales,Asteraceae,Iva,NA
Lagotis,Plantae,Tracheophyta,Magnoliopsida,Lamiales,Plantaginaceae,Lagotis,NA
Swertia,Plantae,Tracheophyta,Magnoliopsida,Gentianales,Gentianaceae,Swertia,NA
Bidens,Plantae,Tracheophyta,Magnoliopsida,Asterales,Asteraceae,Bidens,NA
Knautia,Plantae,Tracheophyta,Magnoliopsida,Dipsacales,Caprifoliaceae,Knautia,NA
Persicaria maculosa,Plantae,Tracheophyta,Magnoliopsida,Caryophyllales,Polygonaceae,Persicaria,Persicaria maculosa
Rosa-type,Plantae,Tracheophyta,Magnoliopsida,Rosales,Rosaceae,Rosa,NA
Taraxacum-type,Plantae,Tracheophyta,Magnoliopsida,Asterales,Asteraceae,Taraxacum,NA
Trifolium repens,Plantae,Tracheophyta,Magnoliopsida,Fabales,Fabaceae,Trifolium,Trifolium repens
Salix reticulata-type,Plantae,Tracheophyta,Magnoliopsida,Malpighiales,Salicaceae,Salix,NA
Myrica/Comptonia,Plantae,Tracheophyta,Magnoliopsida,Fagales,Myricaceae,Myrica,NA
Pinus subsect. Cembroides,Plantae,Tracheophyta,Pinopsida,Pinales,Pinaceae,Pinus,NA
Pinaceae,Plantae,Tracheophyta,Pinopsida,Pinales,Pinaceae,Pinaceae,NA
Rhamnus alnifolia/Frangula alnus,Plantae,Tracheophyta,Magnoliopsida,Rosales,Rhamnaceae,Rhamnus,NA
Pedicularis verticillata,Plantae,Tracheophyta,Magnoliopsida,Lamiales,Orobanchaceae,Pedicularis,Pedicularis verticillata
Agave,Plantae,Tracheophyta,Liliopsida,Asparagales,Asparagaceae,Agave,NA
Allionia,Plantae,Tracheophyta,Magnoliopsida,Caryophyllales,Nyctaginaceae,Allionia,NA
Canotia,Plantae,Tracheophyta,Magnoliopsida,Celastrales,Celastraceae,Canotia,NA
Fouquieria,Plantae,Tracheophyta,Magnoliopsida,Ericales,Fouquieriaceae,Fouquieria,NA
Hydrophyllaceae,Plantae,Tracheophyta,Magnoliopsida,Boraginales,Hydrophyllaceae,Hydrophyllaceae,NA
Mimosa,Plantae,Tracheophyta,Magnoliopsida,Fabales,Fabaceae,Mimosa,NA
Parkinsonia,Plantae,Tracheophyta,Magnoliopsida,Fabales,Fabaceae,Parkinsonia,NA
Portulacaceae,Plantae,Tracheophyta,Magnoliopsida,Caryophyllales,Portulacaceae,Portulacaceae,NA
Prosopis,Plantae,Tracheophyta,Magnoliopsida,Fabales,Fabaceae,Prosopis,NA
Simmondsia chinensis,Plantae,Tracheophyta,Magnoliopsida,Caryophyllales,Simmondsiaceae,Simmondsia,Simmondsia chinensis
Tidestromia,Plantae,Tracheophyta,Magnoliopsida,Caryophyllales,Amaranthaceae,Tidestromia,NA
Yucca,Plantae,Tracheophyta,Liliopsida,Asparagales,Asparagaceae,Yucca,NA
Anemone canadensis-type,Plantae,Tracheophyta,Magnoliopsida,Ranunculales,Ranunculaceae,Anemone,NA
Campanula rotundifolia-type,Plantae,Tracheophyta,Magnoliopsida,Asterales,Campanulaceae,Campanula,NA
Cardueae,Plantae,Tracheophyta,Magnoliopsida,Asterales,Asteraceae,Asteraceae,NA
cf. Parnassia,Plantae,Tracheophyta,Magnoliopsida,Celastrales,Parnassiaceae,Parnassia,NA
Gaura,Plantae,Tracheophyta,Magnoliopsida,Myrtales,Onagraceae,Oenothera,NA
Momipites,Plantae,Tracheophyta,Magnoliopsida,Fagales,Juglandaceae,Momipites,NA
Pediomelum-type,Plantae,Tracheophyta,Magnoliopsida,Fabales,Fabaceae,Pediomelum,NA
Pinaceae (vesiculate) undiff.,Plantae,Tracheophyta,Pinopsida,Pinales,Pinaceae,Pinaceae,NA
Ranunculaceae (pericolpate),Plantae,Tracheophyta,Magnoliopsida,Ranunculales,Ranunculaceae,Ranunculaceae,NA
Ranunculaceae (tricolpate) undiff.,Plantae,Tracheophyta,Magnoliopsida,Ranunculales,Ranunculaceae,Ranunculaceae,NA
Symphoricarpos-type,Plantae,Tracheophyta,Magnoliopsida,Dipsacales,Caprifoliaceae,Symphoricarpos,NA
Triticum-type,Plantae,Tracheophyta,Liliopsida,Poales,Poaceae,Triticum,NA
Zigadenus,Plantae,Tracheophyta,Liliopsida,Liliales,Melanthiaceae,Zigadenus,NA
Apocynum,Plantae,Tracheophyta,Magnoliopsida,Gentianales,Apocynaceae,Apocynum,NA
Dicentra,Plantae,Tracheophyta,Magnoliopsida,Ranunculales,Papaveraceae,Dicentra,NA
Menispermum,Plantae,Tracheophyta,Magnoliopsida,Ranunculales,Menispermaceae,Menispermum,NA
Monotropa,Plantae,Tracheophyta,Magnoliopsida,Ericales,Ericaceae,Monotropa,NA
Fritillaria camschatcensis,Plantae,Tracheophyta,Liliopsida,Liliales,Liliaceae,Fritillaria,Fritillaria camschatcensis
Oplopanax horridus,Plantae,Tracheophyta,Magnoliopsida,Apiales,Araliaceae,Oplopanax,Oplopanax horridus
Picea sitchensis,Plantae,Tracheophyta,Pinopsida,Pinales,Pinaceae,Picea,Picea sitchensis
Populus trichocarpa,Plantae,Tracheophyta,Magnoliopsida,Malpighiales,Salicaceae,Populus,Populus trichocarpa
Sanguisorba stipulata,Plantae,Tracheophyta,Magnoliopsida,Rosales,Rosaceae,Sanguisorba,Sanguisorba stipulata
Alternanthera,Plantae,Tracheophyta,Magnoliopsida,Caryophyllales,Amaranthaceae,Alternanthera,NA
Chamaesyce-type,Plantae,Tracheophyta,Magnoliopsida,Malpighiales,Euphorbiaceae,Chamaesyce,NA
Cuscuta,Plantae,Tracheophyta,Magnoliopsida,Solanales,Convolvulaceae,Cuscuta,NA
Filipendula rubra,Plantae,Tracheophyta,Magnoliopsida,Rosales,Rosaceae,Filipendula,Filipendula rubra
Lilium,Plantae,Tracheophyta,Liliopsida,Liliales,Liliaceae,Lilium,NA
Polygonum subsect. Polygonella,Plantae,Tracheophyta,Magnoliopsida,Caryophyllales,Polygonaceae,Polygonella,NA
Solanum,Plantae,Tracheophyta,Magnoliopsida,Solanales,Solanaceae,Solanum,NA
Arabis,Plantae,Tracheophyta,Magnoliopsida,Brassicales,Brassicaceae,Arabis,NA
Chamaedaphne,Plantae,Tracheophyta,Magnoliopsida,Ericales,Ericaceae,Chamaedaphne,NA
Hamamelis,Plantae,Tracheophyta,Magnoliopsida,Saxifragales,Hamamelidaceae,Hamamelis,NA
Maianthemum,Plantae,Tracheophyta,Liliopsida,Asparagales,Asparagaceae,Maianthemum,NA
Rhamnus/Vitis,Plantae,Tracheophyta,Magnoliopsida,Rosales,Rhamnaceae,Rhamnus,NA
Hamamelidaceae,Plantae,Tracheophyta,Magnoliopsida,Saxifragales,Hamamelidaceae,Hamamelidaceae,NA
Platanaceae,Plantae,Tracheophyta,Magnoliopsida,Proteales,Platanaceae,Platanaceae,NA
Betulaceae/Myricaceae undiff.,Plantae,Tracheophyta,Magnoliopsida,Fagales,Betulaceae,Betulaceae,NA
cf. Hypericum,Plantae,Tracheophyta,Magnoliopsida,Malpighiales,Hypericaceae,Hypericum,NA
Kalmia,Plantae,Tracheophyta,Magnoliopsida,Ericales,Ericaceae,Kalmia,NA
cf. Primula,Plantae,Tracheophyta,Magnoliopsida,Ericales,Primulaceae,Primula,NA
Symphoricarpos albus,Plantae,Tracheophyta,Magnoliopsida,Dipsacales,Caprifoliaceae,Symphoricarpos,Symphoricarpos albus
Circaea alpina,Plantae,Tracheophyta,Magnoliopsida,Myrtales,Onagraceae,Circaea,Circaea alpina
Plantaginaceae,Plantae,Tracheophyta,Magnoliopsida,Lamiales,Plantaginaceae,Plantaginaceae,NA
Astragalus alpinus,Plantae,Tracheophyta,Magnoliopsida,Fabales,Fabaceae,Astragalus,Astragalus alpinus
Betula/Myrica,Plantae,Tracheophyta,Magnoliopsida,Fagales,Betulaceae/Myricaceae,Betula/Myrica,NA
cf. Rubus arcticus,Plantae,Tracheophyta,Magnoliopsida,Rosales,Rosaceae,Rubus,Rubus arcticus
Hypericum perforatum-type,Plantae,Tracheophyta,Magnoliopsida,Malpighiales,Hypericaceae,Hypericum,NA
Rhododendron-type,Plantae,Tracheophyta,Magnoliopsida,Ericales,Ericaceae,Rhododendron,NA
Sagina,Plantae,Tracheophyta,Magnoliopsida,Caryophyllales,Caryophyllaceae,Sagina,NA
Acalypha-type,Plantae,Tracheophyta,Magnoliopsida,Malpighiales,Euphorbiaceae,Acalypha,NA
Acer negundo-type,Plantae,Tracheophyta,Magnoliopsida,Sapindales,Sapindaceae,Acer,NA
Arceuthobium/Loranthaceae,Plantae,Tracheophyta,Magnoliopsida,Santalales,Viscaceae,Arceuthobium,NA
Beta vulgaris-type,Plantae,Tracheophyta,Magnoliopsida,Caryophyllales,Amaranthaceae,Beta,NA
Bromeliaceae,Plantae,Tracheophyta,Liliopsida,Poales,Bromeliaceae,Bromeliaceae,NA
Bursera,Plantae,Tracheophyta,Magnoliopsida,Sapindales,Burseraceae,Bursera,NA
Byrsonima,Plantae,Tracheophyta,Magnoliopsida,Malpighiales,Malpighiaceae,Byrsonima,NA
Ceratiola ericoides-type,Plantae,Tracheophyta,Magnoliopsida,Ericales,Ericaceae,Ceratiola,NA
cf. Oxalis,Plantae,Tracheophyta,Magnoliopsida,Oxalidales,Oxalidaceae,Oxalis,NA
cf. Physalis,Plantae,Tracheophyta,Magnoliopsida,Solanales,Solanaceae,Physalis,NA
cf. Weinmannia,Plantae,Tracheophyta,Magnoliopsida,Oxalidales,Cunoniaceae,Weinmannia,NA
Chamaecrista fasciculata-type,Plantae,Tracheophyta,Magnoliopsida,Fabales,Fabaceae,Chamaecrista,NA
Chamaecrista-type,Plantae,Tracheophyta,Magnoliopsida,Fabales,Fabaceae,Chamaecrista,NA
Chamaecyparis-type,Plantae,Tracheophyta,Pinopsida,Pinales,Cupressaceae,Chamaecyparis,NA
Cistaceae,Plantae,Tracheophyta,Magnoliopsida,Malvales,Cistaceae,Cistaceae,NA
Combretaceae/Melastomataceae undiff.,Plantae,Tracheophyta,Magnoliopsida,Myrtales,Combretaceae,Combretaceae,NA
Cyrilla racemiflora,Plantae,Tracheophyta,Magnoliopsida,Ericales,Cyrillaceae,Cyrilla,Cyrilla racemiflora
Dalea candida-type,Plantae,Tracheophyta,Magnoliopsida,Fabales,Fabaceae,Dalea,NA
Engelhardia-type,Plantae,Tracheophyta,Magnoliopsida,Fagales,Juglandaceae,Engelhardia,NA
Eryngium-type,Plantae,Tracheophyta,Magnoliopsida,Apiales,Apiaceae,Eryngium,NA
Froelichia-type,Plantae,Tracheophyta,Magnoliopsida,Caryophyllales,Amaranthaceae,Amaranthaceae,NA
Gentiana andrewsii-type,Plantae,Tracheophyta,Magnoliopsida,Gentianales,Gentianaceae,Gentiana,NA
Gomphrena-type,Plantae,Tracheophyta,Magnoliopsida,Caryophyllales,Amaranthaceae,Gomphrena,NA
Hedyosmum,Plantae,Tracheophyta,Magnoliopsida,Chloranthales,Chloranthaceae,Hedyosmum,NA
Iva frutescens-type,Plantae,Tracheophyta,Magnoliopsida,Asterales,Asteraceae,Iva,NA
Lechea,Plantae,Tracheophyta,Magnoliopsida,Malvales,Cistaceae,Lechea,NA
Ledum-type,Plantae,Tracheophyta,Magnoliopsida,Ericales,Ericaceae,Rhododendron,NA
Ludwigia-type,Plantae,Tracheophyta,Magnoliopsida,Myrtales,Onagraceae,Ludwigia,NA
Lupinus-type,Plantae,Tracheophyta,Magnoliopsida,Fabales,Fabaceae,Lupinus,NA
mimosoid clade,Plantae,Tracheophyta,Magnoliopsida,Fabales,Fabaceae,Fabaceae,NA
Myrtaceae undiff.,Plantae,Tracheophyta,Magnoliopsida,Myrtales,Myrtaceae,Myrtaceae,NA
Osmanthus,Plantae,Tracheophyta,Magnoliopsida,Lamiales,Oleaceae,Osmanthus,NA
Paronychia americana,Plantae,Tracheophyta,Magnoliopsida,Caryophyllales,Caryophyllaceae,Paronychia,Paronychia americana
Paronychia chartacea,Plantae,Tracheophyta,Magnoliopsida,Caryophyllales,Caryophyllaceae,Paronychia,Paronychia chartacea
Phoradendron,Plantae,Tracheophyta,Magnoliopsida,Santalales,Viscaceae,Phoradendron,NA
Piperaceae-type,Plantae,Tracheophyta,Magnoliopsida,Piperales,Piperaceae,Piperaceae,NA
Polygalaceae,Plantae,Tracheophyta,Magnoliopsida,Fabales,Polygalaceae,Polygalaceae,NA
Polygonum delopyrum-type,Plantae,Tracheophyta,Magnoliopsida,Caryophyllales,Polygonaceae,Polygonum,NA
Polygonum fimbriatum-type,Plantae,Tracheophyta,Magnoliopsida,Caryophyllales,Polygonaceae,Polygonum,NA
Polygonum polygamum-type,Plantae,Tracheophyta,Magnoliopsida,Caryophyllales,Polygonaceae,Polygonum,NA
Polygonum tenue-type,Plantae,Tracheophyta,Magnoliopsida,Caryophyllales,Polygonaceae,Polygonum,NA
Rhexia-type,Plantae,Tracheophyta,Magnoliopsida,Myrtales,Melastomataceae,Rhexia,NA
Sapindus,Plantae,Tracheophyta,Magnoliopsida,Sapindales,Sapindaceae,Sapindus,NA
Sisyrinchium,Plantae,Tracheophyta,Liliopsida,Asparagales,Iridaceae,Sisyrinchium,NA
Solanum rostratum,Plantae,Tracheophyta,Magnoliopsida,Solanales,Solanaceae,Solanum,Solanum angustifolium
Tillandsia,Plantae,Tracheophyta,Liliopsida,Poales,Bromeliaceae,Tillandsia,NA
Trifolium repens-type,Plantae,Tracheophyta,Magnoliopsida,Fabales,Fabaceae,Trifolium,NA
Urticaceae undiff.,Plantae,Tracheophyta,Magnoliopsida,Rosales,Urticaceae,Urticaceae,NA
Urticalean Rosids undiff.,Plantae,Tracheophyta,Magnoliopsida,Rosales,Rosales,Rosales,NA
Ximenia,Plantae,Tracheophyta,Magnoliopsida,Santalales,Ximeniaceae,Ximenia,NA
Xyris,Plantae,Tracheophyta,Liliopsida,Poales,Xyridaceae,Xyris,NA
Zanthoxylum-type,Plantae,Tracheophyta,Magnoliopsida,Sapindales,Rutaceae,Zanthoxylum,NA
Pinus aristata-type,Plantae,Tracheophyta,Pinopsida,Pinales,Pinaceae,Pinus,NA
Pinus flexilis-type,Plantae,Tracheophyta,Pinopsida,Pinales,Pinaceae,Pinus,NA
Pinus ponderosa-type,Plantae,Tracheophyta,Pinopsida,Pinales,Pinaceae,Pinus,NA
Celtis/Maclura-type,Plantae,Tracheophyta,Magnoliopsida,Rosales,Cannabaceae,Celtis,NA
Cephalanthus occidentalis,Plantae,Tracheophyta,Magnoliopsida,Gentianales,Rubiaceae,Cephalanthus,Cephalanthus occidentalis
Fraxinus quadrangulata/F. nigra-type,Plantae,Tracheophyta,Magnoliopsida,Lamiales,Oleaceae,Fraxinus,NA
Gleditsia,Plantae,Tracheophyta,Magnoliopsida,Fabales,Fabaceae,Gleditsia,NA
Prunus americana-type,Plantae,Tracheophyta,Magnoliopsida,Rosales,Rosaceae,Prunus,NA
Chamaedaphne calyculata,Plantae,Tracheophyta,Magnoliopsida,Ericales,Ericaceae,Chamaedaphne,Chamaedaphne calyculata
Gaultheria,Plantae,Tracheophyta,Magnoliopsida,Ericales,Ericaceae,Gaultheria,NA
Gaylussacia,Plantae,Tracheophyta,Magnoliopsida,Ericales,Ericaceae,Gaylussacia,NA
Pyrus-type,Plantae,Tracheophyta,Magnoliopsida,Rosales,Rosaceae,Pyrus,NA
Empetrum-type,Plantae,Tracheophyta,Magnoliopsida,Ericales,Ericaceae,Empetrum,NA
Lithocarpus,Plantae,Tracheophyta,Magnoliopsida,Fagales,Fagaceae,Lithocarpus,NA
Montia,Plantae,Tracheophyta,Magnoliopsida,Caryophyllales,Montiaceae,Montia,NA
Achillea,Plantae,Tracheophyta,Magnoliopsida,Asterales,Asteraceae,Achillea,NA
Fallopia convolvulus-type,Plantae,Tracheophyta,Magnoliopsida,Caryophyllales,Polygonaceae,Fallopia,NA
Ranunculus acris-type,Plantae,Tracheophyta,Magnoliopsida,Ranunculales,Ranunculaceae,Ranunculus,NA
Juniperus communis,Plantae,Tracheophyta,Pinopsida,Pinales,Cupressaceae,Juniperus,Juniperus communis
Ranunculus undiff.,Plantae,Tracheophyta,Magnoliopsida,Ranunculales,Ranunculaceae,Ranunculus,NA
Balsaminaceae,Plantae,Tracheophyta,Magnoliopsida,Ericales,Balsaminaceae,Balsaminaceae,NA
Maclura,Plantae,Tracheophyta,Magnoliopsida,Rosales,Moraceae,Maclura,NA
Oxalidaceae,Plantae,Tracheophyta,Magnoliopsida,Oxalidales,Oxalidaceae,Oxalidaceae,NA
Hippocastanoideae,Plantae,Tracheophyta,Magnoliopsida,Sapindales,Sapindaceae,Sapindaceae,NA
Rumex/Oxyria digyna undiff.,Plantae,Tracheophyta,Magnoliopsida,Caryophyllales,Polygonaceae,Rumex,NA
Liliaceae-type,Plantae,Tracheophyta,Liliopsida,Liliales,Liliaceae,Liliaceae,NA
Rumex/Oxyria,Plantae,Tracheophyta,Magnoliopsida,Caryophyllales,Polygonaceae,Rumex,NA
Sapindaceae,Plantae,Tracheophyta,Magnoliopsida,Sapindales,Sapindaceae,Sapindaceae,NA
Ranunculus sp.,Plantae,Tracheophyta,Magnoliopsida,Ranunculales,Ranunculaceae,Ranunculus,NA
Veronica,Plantae,Tracheophyta,Magnoliopsida,Lamiales,Plantaginaceae,Veronica,NA
Angelica-type,Plantae,Tracheophyta,Magnoliopsida,Apiales,Apiaceae,Angelica,NA
cf. Prunus,Plantae,Tracheophyta,Magnoliopsida,Rosales,Rosaceae,Prunus,NA
Helianthemum-type,Plantae,Tracheophyta,Magnoliopsida,Malvales,Cistaceae,Helianthemum,NA
Ranunculus sect. Batrachium-type,Plantae,Tracheophyta,Magnoliopsida,Ranunculales,Ranunculaceae,Ranunculus,NA
Actaea-type,Plantae,Tracheophyta,Magnoliopsida,Ranunculales,Ranunculaceae,Actaea,NA
Anemone patens,Plantae,Tracheophyta,Magnoliopsida,Ranunculales,Ranunculaceae,Pulsatilla,Pulsatilla patens
Anemone quinquefolia-type,Plantae,Tracheophyta,Magnoliopsida,Ranunculales,Ranunculaceae,Anemone,NA
Asteraceae cf. Cirsium,Plantae,Tracheophyta,Magnoliopsida,Asterales,Asteraceae,Asteraceae,NA
Calylophus,Plantae,Tracheophyta,Magnoliopsida,Myrtales,Onagraceae,Oenothera,NA
cf. Araceae,Plantae,Tracheophyta,Liliopsida,Alismatales,Araceae,Araceae,NA
cf. Cephalanthus,Plantae,Tracheophyta,Magnoliopsida,Gentianales,Rubiaceae,Cephalanthus,NA
Kochia-type,Plantae,Tracheophyta,Magnoliopsida,Caryophyllales,Amaranthaceae,Kochia,NA
Mentzelia,Plantae,Tracheophyta,Magnoliopsida,Cornales,Loasaceae,Mentzelia,NA
Momipites/Caryapollenites,Plantae,Tracheophyta,Magnoliopsida,Fagales,Juglandaceae,Momipites,NA
Picea indet.,Plantae,Tracheophyta,Pinopsida,Pinales,Pinaceae,Picea,NA
Polygonum ramosissimum-type,Plantae,Tracheophyta,Magnoliopsida,Caryophyllales,Polygonaceae,Polygonum,NA
Tsuga canadensis-type,Plantae,Tracheophyta,Pinopsida,Pinales,Pinaceae,Tsuga,NA
Viburnum rafinesquianum-type,Plantae,Tracheophyta,Magnoliopsida,Dipsacales,Viburnaceae,Viburnum,NA
Micranthes cf. M. stellaris,Plantae,Tracheophyta,Magnoliopsida,Saxifragales,Saxifragaceae,Micranthes,NA
Leitneria floridana,Plantae,Tracheophyta,Magnoliopsida,Sapindales,Simaroubaceae,Leitneria,Leitneria floridana
cf. Amelanchier,Plantae,Tracheophyta,Magnoliopsida,Rosales,Rosaceae,Amelanchier,NA
Ephedra (branched folds),Plantae,Tracheophyta,Gnetopsida,Ephedrales,Ephedraceae,Ephedra,NA
Ephedra (simple folds),Plantae,Tracheophyta,Gnetopsida,Ephedrales,Ephedraceae,Ephedra,NA
Pinus subg. Strobus (large),Plantae,Tracheophyta,Pinopsida,Pinales,Pinaceae,Pinus,NA
Pinus subg. Strobus (small),Plantae,Tracheophyta,Pinopsida,Pinales,Pinaceae,Pinus,NA
Salsola-type,Plantae,Tracheophyta,Magnoliopsida,Caryophyllales,Amaranthaceae,Salsola,NA
Lonicera caerulea,Plantae,Tracheophyta,Magnoliopsida,Dipsacales,Caprifoliaceae,Lonicera,Lonicera caerulea
Rumex-type undiff.,Plantae,Tracheophyta,Magnoliopsida,Caryophyllales,Polygonaceae,Rumex,NA
cf. Populus,Plantae,Tracheophyta,Magnoliopsida,Malpighiales,Salicaceae,Populus,NA
Zygophyllaceae,Plantae,Tracheophyta,Magnoliopsida,Zygophyllales,Zygophyllaceae,Zygophyllaceae,NA
Acer-type,Plantae,Tracheophyta,Magnoliopsida,Sapindales,Sapindaceae,Acer,NA
Cichorieae,Plantae,Tracheophyta,Magnoliopsida,Asterales,Asteraceae,Asteraceae,NA
Ephedraceae,Plantae,Tracheophyta,Gnetopsida,Ephedrales,Ephedraceae,Ephedraceae,NA
Pedicularis-type,Plantae,Tracheophyta,Magnoliopsida,Lamiales,Orobanchaceae,Pedicularis,NA
Quercus-type,Plantae,Tracheophyta,Magnoliopsida,Fagales,Fagaceae,Quercus,NA
Saxifragaceae-type,Plantae,Tracheophyta,Magnoliopsida,Saxifragales,Saxifragaceae,Saxifragaceae,NA
Cassiope tetragona,Plantae,Tracheophyta,Magnoliopsida,Ericales,Ericaceae,Cassiope,Cassiope tetragona
Cannabaceae sensu stricto undiff.,Plantae,Tracheophyta,Magnoliopsida,Rosales,Cannabaceae,Cannabaceae,NA
Quercus vaccinifolia,Plantae,Tracheophyta,Magnoliopsida,Fagales,Fagaceae,Quercus,Quercus vacciniifolia
Anemone sect. Pulsatilla,Plantae,Tracheophyta,Magnoliopsida,Ranunculales,Ranunculaceae,Pulsatilla,NA
Lactuca-type,Plantae,Tracheophyta,Magnoliopsida,Asterales,Asteraceae,Lactuca,NA
Rutaceae,Plantae,Tracheophyta,Magnoliopsida,Sapindales,Rutaceae,Rutaceae,NA
Betula glandulosa-type,Plantae,Tracheophyta,Magnoliopsida,Fagales,Betulaceae,Betula,NA
Grossulariaceae,Plantae,Tracheophyta,Magnoliopsida,Saxifragales,Grossulariaceae,Grossulariaceae,NA
cf. Sarcobatus vermiculatus,Plantae,Tracheophyta,Magnoliopsida,Caryophyllales,Sarcobataceae,Sarcobatus,Sarcobatus vermiculatus
Populus grandidentata-type,Plantae,Tracheophyta,Magnoliopsida,Malpighiales,Salicaceae,Populus,NA
Asteroideae (high spine),Plantae,Tracheophyta,Mangnoliopsida,Asterales,Asteraceae,Asteraceae,NA
Myosotis,Plantae,Tracheophyta,Magnoliopsida,Boraginales,Boraginaceae,Myosotis,NA
Fritillaria,Plantae,Tracheophyta,Liliopsida,Liliales,Liliaceae,Fritillaria,NA
Populus cf. P. tremuloides,Plantae,Tracheophyta,Magnoliopsida,Malpighiales,Salicaceae,Populus,NA
Thuja,Plantae,Tracheophyta,Pinopsida,Pinales,Cupressaceae,Thuja,NA
Conioselinum,Plantae,Tracheophyta,Magnoliopsida,Apiales,Apiaceae,Conioselinum,NA
Valeriana sitchensis,Plantae,Tracheophyta,Magnoliopsida,Dipsacales,Caprifoliaceae,Valeriana,Valeriana sitchensis
cf. Liliaceae,Plantae,Tracheophyta,Liliopsida,Liliales,Liliaceae,Liliaceae,NA
Malus,Plantae,Tracheophyta,Magnoliopsida,Rosales,Rosaceae,Malus,NA
Rosaceae (>20 µm),Plantae,Tracheophyta,Magnoliopsida,Rosales,Rosaceae,Rosaceae,NA
Rosaceae (<20 µm),Plantae,Tracheophyta,Magnoliopsida,Rosales,Rosaceae,Rosaceae,NA
Bupleurum-type,Plantae,Tracheophyta,Magnoliopsida,Apiales,Apiaceae,Bupleurum,NA
Heliotropium,Plantae,Tracheophyta,Magnoliopsida,Boraginales,Heliotropiaceae,Heliotropium,NA
Primula farinosa-type,Plantae,Tracheophyta,Magnoliopsida,Ericales,Primulaceae,Primula,NA
Scutellaria-type,Plantae,Tracheophyta,Magnoliopsida,Lamiales,Lamiaceae,Scutellaria,NA
Senecio,Plantae,Tracheophyta,Magnoliopsida,Asterales,Asteraceae,Senecio,NA
Veratrum,Plantae,Tracheophyta,Liliopsida,Liliales,Melanthiaceae,Veratrum,NA
Ribes-type,Plantae,Tracheophyta,Magnoliopsida,Saxifragales,Grossulariaceae,Ribes,NA
Crassulaceae,Plantae,Tracheophyta,Magnoliopsida,Saxifragales,Crassulaceae,Crassulaceae,NA
Calystegia,Plantae,Tracheophyta,Magnoliopsida,Solanales,Convolvulaceae,Calystegia,NA
Lysimachia thyrsiflora,Plantae,Tracheophyta,Magnoliopsida,Ericales,Primulaceae,Lysimachia,Lysimachia thyrsiflora
Medicago sativa,Plantae,Tracheophyta,Magnoliopsida,Fabales,Fabaceae,Medicago,Medicago sativa
cf. Gilia,Plantae,Tracheophyta,Magnoliopsida,Ericales,Polemoniaceae,Gilia,NA
cf. Portulaca,Plantae,Tracheophyta,Magnoliopsida,Caryophyllales,Portulacaceae,Portulaca,NA
Rosaceae cf. Holodiscus,Plantae,Tracheophyta,Magnoliopsida,Rosales,Rosaceae,Rosaceae,NA
Delphinium-type,Plantae,Tracheophyta,Magnoliopsida,Ranunculales,Ranunculaceae,Delphinium,NA
Carpinus-type,Plantae,Tracheophyta,Magnoliopsida,Fagales,Betulaceae,Carpinus,NA
Elymus-type,Plantae,Tracheophyta,Liliopsida,Poales,Poaceae,Elymus,NA
Trifolium pratense,Plantae,Tracheophyta,Magnoliopsida,Fabales,Fabaceae,Trifolium,Trifolium pratense
Vaccinium uliginosum-type,Plantae,Tracheophyta,Magnoliopsida,Ericales,Ericaceae,Vaccinium,NA
Listera,Plantae,Tracheophyta,Magnoliopsida,Fabales,Fabaceae,Listera,NA
Cornus sanguinea-type,Plantae,Tracheophyta,Magnoliopsida,Cornales,Cornaceae,Cornus,NA
Empetrum cf. E. nigrum,Plantae,Tracheophyta,Magnoliopsida,Ericales,Ericaceae,Empetrum,NA
Cichorium-type,Plantae,Tracheophyta,Magnoliopsida,Asterales,Asteraceae,Cichorium,NA
Loranthaceae,Plantae,Tracheophyta,Magnoliopsida,Santalales,Loranthaceae,Loranthaceae,NA
Rosaceae/Quercus undiff.,Plantae,Tracheophyta,Magnoliopsida,Rosales,Rosaceae/Fagaceae,Rosaceae/Fagaceae,NA
Brassicaceae-type undiff.,Plantae,Tracheophyta,Magnoliopsida,Brassicales,Brassicaceae,Brassicaceae,NA
Laportea-type,Plantae,Tracheophyta,Magnoliopsida,Rosales,Urticaceae,Laportea,NA
Comptonia peregrina,Plantae,Tracheophyta,Magnoliopsida,Fagales,Myricaceae,Comptonia,Comptonia peregrina
Viburnum alnifolium,Plantae,Tracheophyta,Magnoliopsida,Dipsacales,Viburnaceae,Viburnum,Viburnum lantanoides
Batis,Plantae,Tracheophyta,Magnoliopsida,Brassicales,Bataceae,Batis,NA
cf. Dodecatheon,Plantae,Tracheophyta,Magnoliopsida,Ericales,Primulaceae,Dodecatheon,NA
Cupressus,Plantae,Tracheophyta,Pinopsida,Pinales,Cupressaceae,Cupressus,NA
cf. Castilleja,Plantae,Tracheophyta,Magnoliopsida,Lamiales,Orobanchaceae,Castilleja,NA
Acer cf. A. pensylvanicum,Plantae,Tracheophyta,Magnoliopsida,Sapindales,Sapindaceae,Acer,NA
Frangula purshiana-type,Plantae,Tracheophyta,Magnoliopsida,Rosales,Rhamnaceae,Frangula,NA
Heuchera-type,Plantae,Tracheophyta,Magnoliopsida,Saxifragales,Saxifragaceae,Heuchera,NA
Pinus contorta/P. ponderosa,Plantae,Tracheophyta,Pinopsida,Pinales,Pinaceae,Pinus,NA
Pinus monticola/P. albicaulis,Plantae,Tracheophyta,Pinopsida,Pinales,Pinaceae,Pinus,NA
Populus trichocarpa-type,Plantae,Tracheophyta,Magnoliopsida,Malpighiales,Salicaceae,Populus,NA
Eupatorium-type,Plantae,Tracheophyta,Magnoliopsida,Asterales,Asteraceae,Eupatorium,NA
Prunus cf. P. serotina,Plantae,Tracheophyta,Magnoliopsida,Rosales,Rosaceae,Prunus,NA
Prunus-type undiff.,Plantae,Tracheophyta,Magnoliopsida,Rosales,Rosaceae,Prunus,NA
Convolvulus-type,Plantae,Tracheophyta,Magnoliopsida,Solanales,Convolvulaceae,Convolvulus,NA
Limonium,Plantae,Tracheophyta,Magnoliopsida,Caryophyllales,Plumbaginaceae,Limonium,NA
Urticalean Rosids,Plantae,Tracheophyta,Magnoliopsida,Rosales,undiff,undiff,NA
Pinus strobus-type,Plantae,Tracheophyta,Pinopsida,Pinales,Pinaceae,Pinus,NA
Thuja plicata-type,Plantae,Tracheophyta,Pinopsida,Pinales,Cupressaceae,Thuja,NA
Sphaeralcea-type,Plantae,Tracheophyta,Magnoliopsida,Malvales,Malvaceae,Sphaeralcea,NA
Cannabaceae cf. Humulus,Plantae,Tracheophyta,Magnoliopsida,Rosales,Cannabaceae,Cannabaceae,NA
cf. Fraxinus,Plantae,Tracheophyta,Magnoliopsida,Lamiales,Oleaceae,Fraxinus,NA
cf. Phacelia,Plantae,Tracheophyta,Magnoliopsida,Boraginales,Hydrophyllaceae,Phacelia,NA
Ranunculaceae cf. Aconitum,Plantae,Tracheophyta,Magnoliopsida,Ranunculales,Ranunculaceae,Ranunculaceae,NA
Rosaceae cf. Adenostoma,Plantae,Tracheophyta,Magnoliopsida,Rosales,Rosaceae,Rosaceae,NA
Betula (>20 µm),Plantae,Tracheophyta,Magnoliopsida,Fagales,Betulaceae,Betula,NA
Betula (<20 µm),Plantae,Tracheophyta,Magnoliopsida,Fagales,Betulaceae,Betula,NA
Acer cf. A. glabrum,Plantae,Tracheophyta,Magnoliopsida,Sapindales,Sapindaceae,Acer,NA
Plectritis,Plantae,Tracheophyta,Magnoliopsida,Dipsacales,Caprifoliaceae,Plectritis,NA
Quercus garryana,Plantae,Tracheophyta,Magnoliopsida,Fagales,Fagaceae,Quercus,Quercus garryana
Oxytropis-type,Plantae,Tracheophyta,Magnoliopsida,Fabales,Fabaceae,Oxytropis,NA
Betula papyrifera,Plantae,Tracheophyta,Magnoliopsida,Fagales,Betulaceae,Betula,Betula papyrifera
Morus rubra,Plantae,Tracheophyta,Magnoliopsida,Rosales,Moraceae,Morus,Morus rubra
Pinus resinosa,Plantae,Tracheophyta,Pinopsida,Pinales,Pinaceae,Pinus,Pinus resinosa
Berlandiera-type,Plantae,Tracheophyta,Magnoliopsida,Asterales,Asteraceae,Berlandiera,NA
Bumelia,Plantae,Tracheophyta,Magnoliopsida,Ericales,Sapotaceae,Sideroxylon,NA
Cecropia,Plantae,Tracheophyta,Magnoliopsida,Rosales,Urticaceae,Cecropia,NA
cf. Bocconia,Plantae,Tracheophyta,Magnoliopsida,Ranunculales,Papaveraceae,Bocconia,NA
Eugenia,Plantae,Tracheophyta,Magnoliopsida,Myrtales,Myrtaceae,Eugenia,NA
Meliaceae/Sapotaceae undiff.,Plantae,Tracheophyta,Magnoliopsida,Sapindales,Meliaceae,Meliaceae,NA
Myrsine,Plantae,Tracheophyta,Magnoliopsida,Ericales,Primulaceae,Myrsine,NA
Pinus clausa-type,Plantae,Tracheophyta,Pinopsida,Pinales,Pinaceae,Pinus,NA
Brassicaceae cf. Brassica,Plantae,Tracheophyta,Magnoliopsida,Brassicales,Brassicaceae,Brassicaceae,NA
cf. Eriogonum,Plantae,Tracheophyta,Magnoliopsida,Caryophyllales,Polygonaceae,Eriogonum,NA
cf. Phacelia hastata,Plantae,Tracheophyta,Magnoliopsida,Boraginales,Hydrophyllaceae,Phacelia,Phacelia hastata
cf. Sambucus,Plantae,Tracheophyta,Magnoliopsida,Dipsacales,Viburnaceae,Sambucus,NA
Rhus/Toxicodendron cf. T. radicans,Plantae,Tracheophyta,Magnoliopsida,Sapindales,Anacardiaceae,Rhus,NA
Campanula aparinoides-type,Plantae,Tracheophyta,Magnoliopsida,Asterales,Campanulaceae,Campanula,NA
Cannabis sativa-type,Plantae,Tracheophyta,Magnoliopsida,Rosales,Cannabaceae,Cannabis,NA
Andromeda polifolia,Plantae,Tracheophyta,Magnoliopsida,Ericales,Ericaceae,Andromeda,Andromeda polifolia
Koenigia alaskana,Plantae,Tracheophyta,Magnoliopsida,Caryophyllales,Polygonaceae,Koenigia,Koenigia lapathifolia
cf. Descurainia,Plantae,Tracheophyta,Magnoliopsida,Brassicales,Brassicaceae,Descurainia,NA
Comandra,Plantae,Tracheophyta,Magnoliopsida,Santalales,Comandraceae,Comandra,NA
Lilium philadelphicum-type,Plantae,Tracheophyta,Liliopsida,Liliales,Liliaceae,Lilium,NA
Lysimachia quadriflora-type,Plantae,Tracheophyta,Magnoliopsida,Ericales,Primulaceae,Lysimachia,NA
Pilea-type,Plantae,Tracheophyta,Magnoliopsida,Rosales,Urticaceae,Pilea,NA
Viscaceae sensu stricto,Plantae,Tracheophyta,Magnoliopsida,Santalales,Viscaceae,Viscaceae,NA
Plantago/Thalictrum,Plantae,Tracheophyta,Magnoliopsida,Lamiales,Plantaginaceae,Plantago,NA
Ribes aureum,Plantae,Tracheophyta,Magnoliopsida,Saxifragales,Grossulariaceae,Ribes,Ribes aureum
Boerhavia,Plantae,Tracheophyta,Magnoliopsida,Caryophyllales,Nyctaginaceae,Boerhavia,NA
Diospyros,Plantae,Tracheophyta,Magnoliopsida,Ericales,Ebenaceae,Diospyros,NA
cf. Ceanothus velutinus,Plantae,Tracheophyta,Magnoliopsida,Rosales,Rhamnaceae,Ceanothus,Ceanothus velutinus
cf. Scrophulariaceae,Plantae,Tracheophyta,Magnoliopsida,Lamiales,Scrophulariaceae,Scrophulariaceae,NA
Combretaceae/Melastomataceae,Plantae,Tracheophyta,Magnoliopsida,Myrtales,Combretaceae,Combretaceae,NA
Styloceras,Plantae,Tracheophyta,Magnoliopsida,Buxales,Buxaceae,Styloceras,NA
Viscaceae sensu stricto undiff.,Plantae,Tracheophyta,Magnoliopsida,Santalales,Viscaceae,Viscaceae,NA
Alnus rhombifolia-type,Plantae,Tracheophyta,Magnoliopsida,Fagales,Betulaceae,Alnus,NA
Berberis-type,Plantae,Tracheophyta,Magnoliopsida,Ranunculales,Berberidaceae,Berberis,NA
Fraxinus latifolia-type,Plantae,Tracheophyta,Magnoliopsida,Lamiales,Oleaceae,Fraxinus,NA
Phlox-type,Plantae,Tracheophyta,Magnoliopsida,Ericales,Polemoniaceae,Phlox,NA
Sanguisorba-type,Plantae,Tracheophyta,Magnoliopsida,Rosales,Rosaceae,Sanguisorba,NA
Triantha glutinosa,Plantae,Tracheophyta,Liliopsida,Alismatales,Tofieldiaceae,Triantha,Triantha glutinosa
Parthenocissus vitacea,Plantae,Tracheophyta,Magnoliopsida,Vitales,Vitaceae,Parthenocissus,Parthenocissus inserta
Boehmeria,Plantae,Tracheophyta,Magnoliopsida,Rosales,Urticaceae,Boehmeria,NA
Dracocephalum-type,Plantae,Tracheophyta,Magnoliopsida,Lamiales,Lamiaceae,Dracocephalum,NA
Prunus/Amelanchier,Plantae,Tracheophyta,Magnoliopsida,Rosales,Rosaceae,Prunus,NA
Trixis,Plantae,Tracheophyta,Magnoliopsida,Asterales,Asteraceae,Trixis,NA
cf. Veronica,Plantae,Tracheophyta,Magnoliopsida,Lamiales,Plantaginaceae,Veronica,NA
Amaranthus,Plantae,Tracheophyta,Magnoliopsida,Caryophyllales,Amaranthaceae,Amaranthus,NA
Araceae-type,Plantae,Tracheophyta,Liliopsida,Alismatales,Araceae,Araceae,NA
Picea rubens-type,Plantae,Tracheophyta,Pinopsida,Pinales,Pinaceae,Picea,NA
Acer rubrum-type,Plantae,Tracheophyta,Magnoliopsida,Sapindales,Sapindaceae,Acer,NA
Iva-type,Plantae,Tracheophyta,Magnoliopsida,Asterales,Asteraceae,Iva,NA
Magnolia virginiana-type,Plantae,Tracheophyta,Magnoliopsida,Magnoliales,Magnoliaceae,Magnolia,NA
Lobelia-type,Plantae,Tracheophyta,Magnoliopsida,Asterales,Campanulaceae,Lobelia,NA
Coniferae,Plantae,Tracheophyta,Pinopsida,Pinales,Pinales,Pinales,NA
Combretaceae,Plantae,Tracheophyta,Magnoliopsida,Myrtales,Combretaceae,Combretaceae,NA
Myrtaceae,Plantae,Tracheophyta,Magnoliopsida,Myrtales,Myrtaceae,Myrtaceae,NA
Parthenocissus-type,Plantae,Tracheophyta,Magnoliopsida,Vitales,Vitaceae,Parthenocissus,NA
Pinus rigida,Plantae,Tracheophyta,Pinopsida,Pinales,Pinaceae,Pinus,Pinus rigida
Acer saccharum/A. nigrum,Plantae,Tracheophyta,Magnoliopsida,Sapindales,Sapindaceae,Acer,NA
Acer spicatum-type,Plantae,Tracheophyta,Magnoliopsida,Sapindales,Sapindaceae,Acer,NA
cf. Verbascum,Plantae,Tracheophyta,Magnoliopsida,Lamiales,Scrophulariaceae,Verbascum,NA
Physocarpus,Plantae,Tracheophyta,Magnoliopsida,Rosales,Rosaceae,Physocarpus,NA
Pinus rigida-type,Plantae,Tracheophyta,Pinopsida,Pinales,Pinaceae,Pinus,NA
Rhododendron subsect. Ledum/Chamaedaphne,Plantae,Tracheophyta,Magnoliopsida,Ericales,Ericaceae,Rhododendron,NA
Taxodium-type,Plantae,Tracheophyta,Pinopsida,Pinales,Cupressaceae,Taxodium,NA
Taxus-type,Plantae,Tracheophyta,Pinopsida,Pinales,Taxaceae,Taxus,NA
Acer sp.,Plantae,Tracheophyta,Magnoliopsida,Sapindales,Sapindaceae,Acer,NA
cf. Parthenocissus,Plantae,Tracheophyta,Magnoliopsida,Vitales,Vitaceae,Parthenocissus,NA
Ptelea trifoliata,Plantae,Tracheophyta,Magnoliopsida,Sapindales,Rutaceae,Ptelea,Ptelea trifoliata
Cucurbita,Plantae,Tracheophyta,Magnoliopsida,Cucurbitales,Cucurbitaceae,Cucurbita,NA
Plantago-type,Plantae,Tracheophyta,Magnoliopsida,Lamiales,Plantaginaceae,Plantago,NA
Clethra-type,Plantae,Tracheophyta,Magnoliopsida,Ericales,Clethraceae,Clethra,NA
Acacia-type,Plantae,Tracheophyta,Magnoliopsida,Fabales,Fabaceae,Acacia,NA
Rhexia,Plantae,Tracheophyta,Magnoliopsida,Myrtales,Melastomataceae,Rhexia,NA
Celastraceae,Plantae,Tracheophyta,Magnoliopsida,Celastrales,Celastraceae,Celastraceae,NA
cf. Juncus,Plantae,Tracheophyta,Liliopsida,Poales,Juncaceae,Juncus,NA
Claytonia-type,Plantae,Tracheophyta,Magnoliopsida,Caryophyllales,Montiacea,Claytonia,NA
Pinus subg. Pinus (large),Plantae,Tracheophyta,Pinopsida,Pinales,Pinaceae,Pinus,NA
Pinus subg. Pinus (small),Plantae,Tracheophyta,Pinopsida,Pinales,Pinaceae,Pinus,NA
Cassiope tetragona-type,Plantae,Tracheophyta,Magnoliopsida,Ericales,Ericaceae,Cassiope,NA
Empetrum nigrum-type,Plantae,Tracheophyta,Magnoliopsida,Ericales,Ericaceae,Empetrum,NA
Juglandaceae,Plantae,Tracheophyta,Magnoliopsida,Fagales,Juglandaceae,Juglandaceae,NA
Melampyrum-type,Plantae,Tracheophyta,Magnoliopsida,Lamiales,Orobanchaceae,Melampyrum,NA
Polygonum oxyspermum-type,Plantae,Tracheophyta,Magnoliopsida,Caryophyllales,Polygonaceae,Polygonum,NA
cf. Rhamnus,Plantae,Tracheophyta,Magnoliopsida,Rosales,Rhamnaceae,Rhamnus,NA
Helianthus-type,Plantae,Tracheophyta,Magnoliopsida,Asterales,Asteraceae,Helianthus,NA
Carya-type,Plantae,Tracheophyta,Magnoliopsida,Fagales,Juglandaceae,Carya,NA
Euphorbia-type,Plantae,Tracheophyta,Magnoliopsida,Malpighiales,Euphorbiaceae,Euphorbia,NA
Oplopanax,Plantae,Tracheophyta,Magnoliopsida,Apiales,Araliaceae,Oplopanax,NA
Agoseris-type,Plantae,Tracheophyta,Magnoliopsida,Asterales,Asteraceae,Agoseris,NA
Ostrya/Carpinus-type,Plantae,Tracheophyta,Magnoliopsida,Fagales,Betulaceae,Ostrya,NA
Apiaceae (apiculate),Plantae,Tracheophyta,Magnoliopsida,Apiales,Apiaceae,Apiaceae,NA
Apiaceae (coarse reticulate),Plantae,Tracheophyta,Magnoliopsida,Apiales,Apiaceae,Apiaceae,NA
Apiaceae (large),Plantae,Tracheophyta,Magnoliopsida,Apiales,Apiaceae,Apiaceae,NA
"Apiaceae (medium, slender)",Plantae,Tracheophyta,Magnoliopsida,Apiales,Apiaceae,Apiaceae,NA
Apiaceae (small),Plantae,Tracheophyta,Magnoliopsida,Apiales,Apiaceae,Apiaceae,NA
"Ericaceae (large, round)",Plantae,Tracheophyta,Magnoliopsida,Ericales,Ericaceae,Ericaceae,NA
"Ericaceae (large, triangular)",Plantae,Tracheophyta,Magnoliopsida,Ericales,Ericaceae,Ericaceae,NA
"Ericaceae (medium, soccer ball)",Plantae,Tracheophyta,Magnoliopsida,Ericales,Ericaceae,Ericaceae,NA
"Ericaceae (small, round)",Plantae,Tracheophyta,Magnoliopsida,Ericales,Ericaceae,Ericaceae,NA
"Ericaceae (small, triangular)",Plantae,Tracheophyta,Magnoliopsida,Ericales,Ericaceae,Ericaceae,NA
Linnaea,Plantae,Tracheophyta,Magnoliopsida,Dipsacales,Caprifoliaceae,Linnaea,NA
Betula (large),Plantae,Tracheophyta,Magnoliopsida,Fagales,Betulaceae,Betula,NA
Abies sp.,Plantae,Tracheophyta,Pinopsida,Pinales,Pinaceae,Abies,NA
Picea sp.,Plantae,Tracheophyta,Pinopsida,Pinales,Pinaceae,Picea,NA
Salix sp.,Plantae,Tracheophyta,Magnoliopsida,Malpighiales,Salicaceae,Salix,NA
Taxaceae,Plantae,Tracheophyta,Pinopsida,Pinales,Taxaceae,Taxaceae,NA
Chamaecrista,Plantae,Tracheophyta,Magnoliopsida,Fabales,Fabaceae,Chamaecrista,NA
Maclura-type,Plantae,Tracheophyta,Magnoliopsida,Rosales,Moraceae,Maclura,NA
Coptis trifolia,Plantae,Tracheophyta,Magnoliopsida,Ranunculales,Ranunculaceae,Coptis,Coptis trifolia
Epilobium palustre,Plantae,Tracheophyta,Magnoliopsida,Myrtales,Onagraceae,Epilobium,Epilobium palustre
Scutellaria galericulata,Plantae,Tracheophyta,Magnoliopsida,Lamiales,Lamiaceae,Scutellaria,Scutellaria galericulata
cf. Shepherdia,Plantae,Tracheophyta,Magnoliopsida,Rosales,Elaeagnaceae,Shepherdia,NA
Pinus indet.,Plantae,Tracheophyta,Pinopsida,Pinales,Pinaceae,Pinus,NA
Salix-type,Plantae,Tracheophyta,Magnoliopsida,Malphigiales,Salicaceae,Salix,NA
Parietaria-type,Plantae,Tracheophyta,Magnoliopsida,Rosales,Urticaceae,Parietaria,NA
cf. Sanguisorba,Plantae,Tracheophyta,Magnoliopsida,Rosales,Rosaceae,Sanguisorba,NA
cf. Verbena,Plantae,Tracheophyta,Magnoliopsida,Lamiales,Verbenaceae,Verbena,NA
Fagus/Nyssa,Plantae,Tracheophyta,Magnoliopsida,Fagales,Fagaceae,Fagus,NA
Gilia-type,Plantae,Tracheophyta,Magnoliopsida,Ericales,Polemoniaceae,Gilia,NA
Morus-type,Plantae,Tracheophyta,Magnoliopsida,Rosales,Moraceae,Morus,NA
Erythranthe guttata,Plantae,Tracheophyta,Magnoliopsida,Lamiales,Phrymaceae,Erythranthe,Erythranthe guttata
Andromeda polifolia var. latifolia,Plantae,Tracheophyta,Magnoliopsida,Ericales,Ericaceae,Andromeda,Andromeda polifolia
Cupressaceae cf. Thuja occidentalis,Plantae,Tracheophyta,Pinopsida,Pinales,Cupressaceae,Cupressaceae,NA
Prunus serotina,Plantae,Tracheophyta,Magnoliopsida,Rosales,Rosaceae,Prunus,Prunus serotina
Rhododendron canadense,Plantae,Tracheophyta,Magnoliopsida,Ericales,Ericaceae,Rhododendron,Rhododendron canadense
Vaccinium angustifolium-type,Plantae,Tracheophyta,Magnoliopsida,Ericales,Ericaceae,Vaccinium,NA
Vaccinium oxycoccos,Plantae,Tracheophyta,Magnoliopsida,Ericales,Ericaceae,Vaccinium,Vaccinium oxycoccos
Vaccinium undiff.,Plantae,Tracheophyta,Magnoliopsida,Ericales,Ericaceae,Vaccinium,NA
Lithocarpus-type,Plantae,Tracheophyta,Magnoliopsida,Fagales,Fagaceae,Lithocarpus,NA
Lyonia,Plantae,Tracheophyta,Magnoliopsida,Ericales,Ericaceae,Lyonia,NA
Sanguinaria canadensis,Plantae,Tracheophyta,Magnoliopsida,Ranunculales,Papaveraceae,Sanguinaria,Sanguinaria canadensis
Toxicodendron,Plantae,Tracheophyta,Magnoliopsida,Sapindales,Anacardiaceae,Toxicodendron,NA
cf. Cornus,Plantae,Tracheophyta,Magnoliopsida,Cornales,Cornaceae,Cornus,NA
cf. Mentha,Plantae,Tracheophyta,Magnoliopsida,Lamiales,Lamiaceae,Mentha,NA
Rumex mexicanus,Plantae,Tracheophyta,Magnoliopsida,Caryophyllales,Polygonaceae,Rumex,Rumex triangulivalvis
Microsteris,Plantae,Tracheophyta,Magnoliopsida,Ericales,Polemoniaceae,Microsteris,NA
Dryas integrifolia,Plantae,Tracheophyta,Magnoliopsida,Rosales,Rosaceae,Dryas,Dryas integrifolia
cf. Campanula,Plantae,Tracheophyta,Magnoliopsida,Asterales,Campanulaceae,Campanula,NA
cf. Mirabilis,Plantae,Tracheophyta,Magnoliopsida,Caryophyllales,Nyctaginaceae,Mirabilis,NA
Astragalus/Lupinus,Plantae,Tracheophyta,Magnoliopsida,Fabales,Fabaceae,Astragalus/Lupinus,NA
Rhus typhina,Plantae,Tracheophyta,Magnoliopsida,Sapindales,Anacardiaceae,Rhus,Rhus typhina
Mentha arvensis,Plantae,Tracheophyta,Magnoliopsida,Lamiales,Lamiaceae,Mentha,Mentha arvensis
Micranthes cf. M. punctata,Plantae,Tracheophyta,Magnoliopsida,Saxifragales,Saxifragaceae,Micranthes,NA
Ranunculus-type undiff.,Plantae,Tracheophyta,Magnoliopsida,Ranunculales,Ranunculaceae,Ranunculus,NA
Rubus cf. R. chamaemorus,Plantae,Tracheophyta,Magnoliopsida,Rosales,Rosaceae,Rubus,NA
Betula (20-25 µm),Plantae,Tracheophyta,Magnoliopsida,Fagales,Betulaceae,Betula,NA
Betula (>25 µm),Plantae,Tracheophyta,Magnoliopsida,Fagales,Betulaceae,Betula,NA
