neotoma_names,level_1,level_2,level_3,level_4,level_5,level_6,level_7
Abies,Plantae,Tracheophyta,Pinopsida,Pinales,Pinaceae,Abies,NA
Acer negundo-type,Plantae,Tracheophyta,Magnoliopsida,Sapindales,Sapindaceae,Acer,NA
Acer rubrum,Plantae,Tracheophyta,Magnoliopsida,Sapindales,Sapindaceae,Acer,Acer rubrum
Acer saccharum-type,Plantae,Tracheophyta,Magnoliopsida,Sapindales,Sapindaceae,Acer,NA
Acer undiff.,Plantae,Tracheophyta,Magnoliopsida,Sapindales,Sapindaceae,Acer,NA
Alnus incana-type,Plantae,Tracheophyta,Magnoliopsida,Fagales,Betulaceae,Alnus,NA
Amaranthaceae undiff.,Plantae,Tracheophyta,Magnoliopsida,Caryophyllales,Amaranthaceae,Amaranthaceae,NA
Anacardiaceae undiff.,Plantae,Tracheophyta,Magnoliopsida,Sapindales,Anacardiaceae,Anacardiaceae,NA
Apiaceae,Plantae,Tracheophyta,Magnoliopsida,Apiales,Apiaceae,Apiaceae,NA
Apocynum,Plantae,Tracheophyta,Magnoliopsida,Gentianales,Apocynaceae,Apocynum,NA
Arecaceae undiff.,Plantae,Tracheophyta,Liliopsida,Arecales,Arecaceae,Arecaceae,NA
Artemisia,Plantae,Tracheophyta,Magnoliopsida,Asterales,Asteraceae,Artemisia,NA
Berberidaceae,Plantae,Tracheophyta,Magnoliopsida,Ranunculales,Berberidaceae,Berberidaceae,NA
Beta vulgaris-type,Plantae,Tracheophyta,Magnoliopsida,Caryophyllales,Amaranthaceae,Beta,NA
Betula,Plantae,Tracheophyta,Magnoliopsida,Fagales,Betulaceae,Betula,NA
Brassica,Plantae,Tracheophyta,Magnoliopsida,Brassicales,Brassicaceae,Brassica,NA
Brassicaceae undiff.,Plantae,Tracheophyta,Magnoliopsida,Brassicales,Brassicaceae,Brassicaceae,NA
Bromeliaceae,Plantae,Tracheophyta,Liliopsida,Poales,Bromeliaceae,Bromeliaceae,NA
Bursera,Plantae,Tracheophyta,Magnoliopsida,Sapindales,Burseraceae,Bursera,NA
Byrsonima,Plantae,Tracheophyta,Magnoliopsida,Malpighiales,Malpighiaceae,Byrsonima,NA
Campanulaceae,Plantae,Tracheophyta,Magnoliopsida,Asterales,Campanulaceae,Campanulaceae,NA
Carya,Plantae,Tracheophyta,Magnoliopsida,Fagales,Juglandaceae,Carya,NA
Caryophyllaceae,Plantae,Tracheophyta,Magnoliopsida,Caryophyllales,Caryophyllaceae,Caryophyllaceae,NA
Ceanothus,Plantae,Tracheophyta,Magnoliopsida,Rosales,Rhamnaceae,Ceanothus,NA
Cedrus,Plantae,Tracheophyta,Pinopsida,Pinales,Pinaceae,Cedrus,NA
Celtis,Plantae,Tracheophyta,Magnoliopsida,Rosales,Cannabaceae,Celtis,NA
Cephalanthus,Plantae,Tracheophyta,Magnoliopsida,Gentianales,Rubiaceae,Cephalanthus,NA
Ceratiola ericoides-type,Plantae,Tracheophyta,Magnoliopsida,Ericales,Ericaceae,Ceratiola,NA
Chamaecrista fasciculata-type,Plantae,Tracheophyta,Magnoliopsida,Fabales,Fabaceae,Chamaecrista,NA
Cistaceae,Plantae,Tracheophyta,Magnoliopsida,Malvales,Cistaceae,Cistaceae,NA
Clethra,Plantae,Tracheophyta,Magnoliopsida,Ericales,Clethraceae,Clethra,NA
Corylus,Plantae,Tracheophyta,Magnoliopsida,Fagales,Betulaceae,Corylus,NA
Cupressaceae undiff.,Plantae,Tracheophyta,Pinopsida,Pinales,Cupressaceae,Cupressaceae,NA
Cyclachaena xanthiifolia-type,Plantae,Tracheophyta,Magnoliopsida,Asterales,Asteraceae,Cyclachaena,NA
Cyperaceae,Plantae,Tracheophyta,Liliopsida,Poales,Cyperaceae,Cyperaceae,NA
Cyrilla racemiflora,Plantae,Tracheophyta,Magnoliopsida,Ericales,Cyrillaceae,Cyrilla,Cyrilla racemiflora
Dalea,Plantae,Tracheophyta,Magnoliopsida,Fabales,Fabaceae,Dalea,NA
Dalea candida-type,Plantae,Tracheophyta,Magnoliopsida,Fabales,Fabaceae,Dalea,NA
Dalea purpurea,Plantae,Tracheophyta,Magnoliopsida,Fabales,Fabaceae,Dalea,Dalea purpurea
Dalea undiff.,Plantae,Tracheophyta,Magnoliopsida,Fabales,Fabaceae,Dalea,NA
Dodonaea,Plantae,Tracheophyta,Magnoliopsida,Sapindales,Sapindaceae,Dodonaea,NA
Ericaceae,Plantae,Tracheophyta,Magnoliopsida,Ericales,Ericaceae,Ericaceae,NA
Euphorbia,Plantae,Tracheophyta,Magnoliopsida,Malpighiales,Euphorbiaceae,Euphorbia,NA
Fabaceae undiff.,Plantae,Tracheophyta,Magnoliopsida,Fabales,Fabaceae,Fabaceae,NA
Fagus,Plantae,Tracheophyta,Magnoliopsida,Fagales,Fagaceae,Fagus,NA
Fraxinus nigra-type,Plantae,Tracheophyta,Magnoliopsida,Lamiales,Oleaceae,Fraxinus,NA
Fraxinus pennsylvanica-type,Plantae,Tracheophyta,Magnoliopsida,Lamiales,Oleaceae,Fraxinus,NA
Fraxinus undiff.,Plantae,Tracheophyta,Magnoliopsida,Lamiales,Oleaceae,Fraxinus,NA
Galium,Plantae,Tracheophyta,Magnoliopsida,Gentianales,Rubiaceae,Galium,NA
Gentiana andrewsii-type,Plantae,Tracheophyta,Magnoliopsida,Gentianales,Gentianaceae,Gentiana,NA
Gentianaceae undiff.,Plantae,Tracheophyta,Magnoliopsida,Gentianales,Gentianaceae,Gentianaceae,NA
Gordonia,Plantae,Tracheophyta,Magnoliopsida,Ericales,Theaceae,Gordonia,NA
Hedyosmum,Plantae,Tracheophyta,Magnoliopsida,Chloranthales,Chloranthaceae,Hedyosmum,NA
Hedysarum,Plantae,Tracheophyta,Magnoliopsida,Fabales,Fabaceae,Hedysarum,NA
Ilex,Plantae,Tracheophyta,Magnoliopsida,Aquifoliales,Aquifoliaceae,Ilex,NA
Impatiens,Plantae,Tracheophyta,Magnoliopsida,Ericales,Balsaminaceae,Impatiens,NA
Iva frutescens-type,Plantae,Tracheophyta,Magnoliopsida,Asterales,Asteraceae,Iva,NA
Juglans nigra-type,Plantae,Tracheophyta,Magnoliopsida,Fagales,Juglandaceae,Juglans,NA
Lamiaceae,Plantae,Tracheophyta,Magnoliopsida,Lamiales,Lamiaceae,Lamiaceae,NA
Lechea,Plantae,Tracheophyta,Magnoliopsida,Malvales,Cistaceae,Lechea,NA
Liquidambar,Plantae,Tracheophyta,Magnoliopsida,Saxifragales,Altingiaceae,Liquidambar,NA
Magnolia,Plantae,Tracheophyta,Magnoliopsida,Magnoliales,Magnoliaceae,Magnolia,NA
Malvaceae,Plantae,Tracheophyta,Magnoliopsida,Malvales,Malvaceae,Malvaceae,NA
Moraceae undiff.,Plantae,Tracheophyta,Magnoliopsida,Rosales,Moraceae,Moraceae,NA
Morus,Plantae,Tracheophyta,Magnoliopsida,Rosales,Moraceae,Morus,NA
Myrica,Plantae,Tracheophyta,Magnoliopsida,Fagales,Myricaceae,Myrica,NA
Myrtaceae undiff.,Plantae,Tracheophyta,Magnoliopsida,Myrtales,Myrtaceae,Myrtaceae,NA
Nyssa,Plantae,Tracheophyta,Magnoliopsida,Cornales,Nyssaceae,Nyssa,NA
Onagraceae,Plantae,Tracheophyta,Magnoliopsida,Myrtales,Onagraceae,Onagraceae,NA
Opuntia,Plantae,Tracheophyta,Magnoliopsida,Caryophyllales,Cactaceae,Opuntia,NA
Orchidaceae,Plantae,Tracheophyta,Liliopsida,Asparagales,Orchidaceae,Orchidaceae,NA
Osmanthus,Plantae,Tracheophyta,Magnoliopsida,Lamiales,Oleaceae,Osmanthus,NA
Paronychia americana,Plantae,Tracheophyta,Magnoliopsida,Caryophyllales,Caryophyllaceae,Paronychia,Paronychia americana
Paronychia chartacea,Plantae,Tracheophyta,Magnoliopsida,Caryophyllales,Caryophyllaceae,Paronychia,Paronychia chartacea
Parthenocissus,Plantae,Tracheophyta,Magnoliopsida,Vitales,Vitaceae,Parthenocissus,NA
Persicaria amphibia,Plantae,Tracheophyta,Magnoliopsida,Caryophyllales,Polygonaceae,Persicaria,Persicaria amphibia
Phoradendron,Plantae,Tracheophyta,Magnoliopsida,Santalales,Viscaceae,Phoradendron,NA
Picea,Plantae,Tracheophyta,Pinopsida,Pinales,Pinaceae,Picea,NA
Pinaceae (vesiculate) undiff.,Plantae,Tracheophyta,Pinopsida,Pinales,Pinaceae,Pinaceae,NA
Pinus subg. Pinus,Plantae,Tracheophyta,Pinopsida,Pinales,Pinaceae,Pinus,NA
Pinus subg. Strobus,Plantae,Tracheophyta,Pinopsida,Pinales,Pinaceae,Pinus,NA
Pinus undiff.,Plantae,Tracheophyta,Pinopsida,Pinales,Pinaceae,Pinus,NA
Plantago,Plantae,Tracheophyta,Magnoliopsida,Lamiales,Plantaginaceae,Plantago,NA
Platanus,Plantae,Tracheophyta,Magnoliopsida,Proteales,Platanaceae,Platanus,NA
Poaceae,Plantae,Tracheophyta,Liliopsida,Poales,Poaceae,Poaceae,NA
Podocarpus,Plantae,Tracheophyta,Pinopsida,Pinales,Podocarpaceae,Podocarpus,NA
Polygalaceae,Plantae,Tracheophyta,Magnoliopsida,Fabales,Polygalaceae,Polygalaceae,NA
Polygonum delopyrum-type,Plantae,Tracheophyta,Magnoliopsida,Caryophyllales,Polygonaceae,Polygonum,NA
Polygonum fimbriatum-type,Plantae,Tracheophyta,Magnoliopsida,Caryophyllales,Polygonaceae,Polygonum,NA
Polygonum polygamum-type,Plantae,Tracheophyta,Magnoliopsida,Caryophyllales,Polygonaceae,Polygonum,NA
Polygonum tenue-type,Plantae,Tracheophyta,Magnoliopsida,Caryophyllales,Polygonaceae,Polygonum,NA
Populus,Plantae,Tracheophyta,Magnoliopsida,Malpighiales,Salicaceae,Populus,NA
Quercus,Plantae,Tracheophyta,Magnoliopsida,Fagales,Fagaceae,Quercus,NA
Ranunculaceae undiff.,Plantae,Tracheophyta,Magnoliopsida,Ranunculales,Ranunculaceae,Ranunculaceae,NA
Rhamnaceae undiff.,Plantae,Tracheophyta,Magnoliopsida,Rosales,Rhamnaceae,Rhamnaceae,NA
Rhus,Plantae,Tracheophyta,Magnoliopsida,Sapindales,Anacardiaceae,Rhus,NA
Rosaceae undiff.,Plantae,Tracheophyta,Magnoliopsida,Rosales,Rosaceae,Rosaceae,NA
Rubiaceae undiff.,Plantae,Tracheophyta,Magnoliopsida,Gentianales,Rubiaceae,Rubiaceae,NA
Rumex,Plantae,Tracheophyta,Magnoliopsida,Caryophyllales,Polygonaceae,Rumex,NA
Rutaceae undiff.,Plantae,Tracheophyta,Magnoliopsida,Sapindales,Rutaceae,Rutaceae,NA
Sabal,Plantae,Tracheophyta,Liliopsida,Arecales,Arecaceae,Sabal,NA
Salix,Plantae,Tracheophyta,Magnoliopsida,Malpighiales,Salicaceae,Salix,NA
Sambucus,Plantae,Tracheophyta,Magnoliopsida,Dipsacales,Viburnaceae,Sambucus,NA
Sanguisorba,Plantae,Tracheophyta,Magnoliopsida,Rosales,Rosaceae,Sanguisorba,NA
Sapindus,Plantae,Tracheophyta,Magnoliopsida,Sapindales,Sapindaceae,Sapindus,NA
Serenoa,Plantae,Tracheophyta,Liliopsida,Arecales,Arecaceae,Serenoa,NA
Shepherdia canadensis,Plantae,Tracheophyta,Magnoliopsida,Rosales,Elaeagnaceae,Shepherdia,Shepherdia canadensis
Sisyrinchium,Plantae,Tracheophyta,Liliopsida,Asparagales,Iridaceae,Sisyrinchium,NA
Solanaceae undiff.,Plantae,Tracheophyta,Magnoliopsida,Solanales,Solanaceae,Solanaceae,NA
Solanum rostratum,Plantae,Tracheophyta,Magnoliopsida,Solanales,Solanaceae,Solanum,Solanum angustifolium
Symplocos,Plantae,Tracheophyta,Magnoliopsida,Ericales,Symplocaceae,Symplocos,NA
Taxodium,Plantae,Tracheophyta,Pinopsida,Pinales,Cupressaceae,Taxodium,NA
Taxus,Plantae,Tracheophyta,Pinopsida,Pinales,Taxaceae,Taxus,NA
Thalictrum,Plantae,Tracheophyta,Magnoliopsida,Ranunculales,Ranunculaceae,Thalictrum,NA
Tilia,Plantae,Tracheophyta,Magnoliopsida,Malvales,Malvaceae,Tilia,NA
Tillandsia,Plantae,Tracheophyta,Liliopsida,Poales,Bromeliaceae,Tillandsia,NA
Trema,Plantae,Tracheophyta,Magnoliopsida,Rosales,Cannabaceae,Trema,NA
Trifolium repens-type,Plantae,Tracheophyta,Magnoliopsida,Fabales,Fabaceae,Trifolium,NA
Tsuga,Plantae,Tracheophyta,Pinopsida,Pinales,Pinaceae,Tsuga,NA
Ulmus,Plantae,Tracheophyta,Magnoliopsida,Rosales,Ulmaceae,Ulmus,NA
Urticaceae undiff.,Plantae,Tracheophyta,Magnoliopsida,Rosales,Urticaceae,Urticaceae,NA
Viburnum,Plantae,Tracheophyta,Magnoliopsida,Dipsacales,Viburnaceae,Viburnum,NA
Vitis,Plantae,Tracheophyta,Magnoliopsida,Vitales,Vitaceae,Vitis,NA
Xanthium,Plantae,Tracheophyta,Magnoliopsida,Asterales,Asteraceae,Xanthium,NA
Ximenia,Plantae,Tracheophyta,Magnoliopsida,Santalales,Ximeniaceae,Ximenia,NA
Xyris,Plantae,Tracheophyta,Liliopsida,Poales,Xyridaceae,Xyris,NA
Alnus incana,Plantae,Tracheophyta,Magnoliopsida,Fagales,Betulaceae,Alnus,Alnus incana
Alnus undiff.,Plantae,Tracheophyta,Magnoliopsida,Fagales,Betulaceae,Alnus,NA
Amaranthaceae,Plantae,Tracheophyta,Magnoliopsida,Caryophyllales,Amaranthaceae,Amaranthaceae,NA
Amelanchier,Plantae,Tracheophyta,Magnoliopsida,Rosales,Rosaceae,Amelanchier,NA
Arceuthobium,Plantae,Tracheophyta,Magnoliopsida,Santalales,Viscaceae,Arceuthobium,NA
Brassicaceae,Plantae,Tracheophyta,Magnoliopsida,Brassicales,Brassicaceae,Brassicaceae,NA
Ephedra,Plantae,Tracheophyta,Gnetopsida,Ephedrales,Ephedraceae,Ephedra,NA
Eriogonum,Plantae,Tracheophyta,Magnoliopsida,Caryophyllales,Polygonaceae,Eriogonum,NA
Fabaceae,Plantae,Tracheophyta,Magnoliopsida,Fabales,Fabaceae,Fabaceae,NA
Fraxinus,Plantae,Tracheophyta,Magnoliopsida,Lamiales,Oleaceae,Fraxinus,NA
Juniperus,Plantae,Tracheophyta,Pinopsida,Pinales,Cupressaceae,Juniperus,NA
Pinus albicaulis-type,Plantae,Tracheophyta,Pinopsida,Pinales,Pinaceae,Pinus,NA
Pinus contorta-type,Plantae,Tracheophyta,Pinopsida,Pinales,Pinaceae,Pinus,NA
Polygonaceae undiff.,Plantae,Tracheophyta,Magnoliopsida,Caryophyllales,Polygonaceae,Polygonaceae,NA
Potentilla,Plantae,Tracheophyta,Magnoliopsida,Rosales,Rosaceae,Potentilla,NA
Pseudotsuga,Plantae,Tracheophyta,Pinopsida,Pinales,Pinaceae,Pseudotsuga,NA
Sarcobatus,Plantae,Tracheophyta,Magnoliopsida,Caryophyllales,Sarcobataceae,Sarcobatus,NA
Sphaeralcea,Plantae,Tracheophyta,Magnoliopsida,Malvales,Malvaceae,Sphaeralcea,NA
Acer,Plantae,Tracheophyta,Magnoliopsida,Sapindales,Sapindaceae,Acer,NA
Alnus,Plantae,Tracheophyta,Magnoliopsida,Fagales,Betulaceae,Alnus,NA
Asteraceae undiff.,Plantae,Tracheophyta,Magnoliopsida,Asterales,Asteraceae,Asteraceae,NA
Castanea,Plantae,Tracheophyta,Magnoliopsida,Fagales,Fagaceae,Castanea,NA
Cornus,Plantae,Tracheophyta,Magnoliopsida,Cornales,Cornaceae,Cornus,NA
Juglans,Plantae,Tracheophyta,Magnoliopsida,Fagales,Juglandaceae,Juglans,NA
Pinus,Plantae,Tracheophyta,Pinopsida,Pinales,Pinaceae,Pinus,NA
Rosaceae,Plantae,Tracheophyta,Magnoliopsida,Rosales,Rosaceae,Rosaceae,NA
Cupressaceae,Plantae,Tracheophyta,Pinopsida,Pinales,Cupressaceae,Cupressaceae,NA
Elaeagnus,Plantae,Tracheophyta,Magnoliopsida,Rosales,Elaeagnaceae,Elaeagnus,NA
Ephedra viridis-type,Plantae,Tracheophyta,Gnetopsida,Ephedrales,Ephedraceae,Ephedra,NA
Euphorbiaceae,Plantae,Tracheophyta,Magnoliopsida,Malpighiales,Euphorbiaceae,Euphorbiaceae,NA
Lamiaceae undiff.,Plantae,Tracheophyta,Magnoliopsida,Lamiales,Lamiaceae,Lamiaceae,NA
Larix,Plantae,Tracheophyta,Pinopsida,Pinales,Pinaceae,Larix,NA
Malvaceae sensu stricto,Plantae,Tracheophyta,Magnoliopsida,Malvales,Malvaceae,Malvaceae,NA
Persicaria lapathifolia-type,Plantae,Tracheophyta,Magnoliopsida,Caryophyllales,Polygonaceae,Persicaria,NA
Plantago major,Plantae,Tracheophyta,Magnoliopsida,Lamiales,Plantaginaceae,Plantago,Plantago major
Polemonium,Plantae,Tracheophyta,Magnoliopsida,Ericales,Polemoniaceae,Polemonium,NA
Polygonum aviculare-type,Plantae,Tracheophyta,Magnoliopsida,Caryophyllales,Polygonaceae,Polygonum,NA
Primulaceae,Plantae,Tracheophyta,Magnoliopsida,Ericales,Primulaceae,Primulaceae,NA
Rhamnus,Plantae,Tracheophyta,Magnoliopsida,Rosales,Rhamnaceae,Rhamnus,NA
Sarcobatus vermiculatus,Plantae,Tracheophyta,Magnoliopsida,Caryophyllales,Sarcobataceae,Sarcobatus,Sarcobatus vermiculatus
Saxifragaceae,Plantae,Tracheophyta,Magnoliopsida,Saxifragales,Saxifragaceae,Saxifragaceae,NA
Scrophulariaceae,Plantae,Tracheophyta,Magnoliopsida,Lamiales,Scrophulariaceae,Scrophulariaceae,NA
Solanaceae,Plantae,Tracheophyta,Magnoliopsida,Solanales,Solanaceae,Solanaceae,NA
Viscaceae sensu stricto,Plantae,Tracheophyta,Magnoliopsida,Santalales,Viscaceae,Viscaceae,NA
Ambrosia,Plantae,Tracheophyta,Magnoliopsida,Asterales,Asteraceae,Ambrosia,NA
Arctostaphylos,Plantae,Tracheophyta,Magnoliopsida,Ericales,Ericaceae,Arctostaphylos,NA
Berberis,Plantae,Tracheophyta,Magnoliopsida,Ranunculales,Berberidaceae,Berberis,NA
Bistorta bistortoides,Plantae,Tracheophyta,Magnoliopsida,Caryophyllales,Polygonaceae,Bistorta,Bistorta bistortoides
Cactaceae,Plantae,Tracheophyta,Magnoliopsida,Caryophyllales,Cactaceae,Cactaceae,NA
Cercocarpus,Plantae,Tracheophyta,Magnoliopsida,Rosales,Rosaceae,Cercocarpus,NA
Cirsium,Plantae,Tracheophyta,Magnoliopsida,Asterales,Asteraceae,Cirsium,NA
Holodiscus,Plantae,Tracheophyta,Magnoliopsida,Rosales,Rosaceae,Holodiscus,NA
Liliaceae,Plantae,Tracheophyta,Liliopsida,Liliales,Liliaceae,Liliaceae,NA
Lonicera,Plantae,Tracheophyta,Magnoliopsida,Dipsacales,Caprifoliaceae,Lonicera,NA
Parkinsonia,Plantae,Tracheophyta,Magnoliopsida,Fabales,Fabaceae,Parkinsonia,NA
Pinus edulis-type,Plantae,Tracheophyta,Pinopsida,Pinales,Pinaceae,Pinus,NA
Pinus flexilis-type,Plantae,Tracheophyta,Pinopsida,Pinales,Pinaceae,Pinus,NA
Polygonum sensu lato undiff.,Plantae,Tracheophyta,Magnoliopsida,Caryophyllales,Polygonaceae,Polygonum,NA
Portulacaceae,Plantae,Tracheophyta,Magnoliopsida,Caryophyllales,Portulacaceae,Portulacaceae,NA
Ranunculus,Plantae,Tracheophyta,Magnoliopsida,Ranunculales,Ranunculaceae,Ranunculus,NA
Ribes,Plantae,Tracheophyta,Magnoliopsida,Saxifragales,Grossulariaceae,Ribes,NA
Rubus,Plantae,Tracheophyta,Magnoliopsida,Rosales,Rosaceae,Rubus,NA
Trixis,Plantae,Tracheophyta,Magnoliopsida,Asterales,Asteraceae,Trixis,NA
Acer negundo,Plantae,Tracheophyta,Magnoliopsida,Sapindales,Sapindaceae,Acer,Acer negundo
Acer saccharinum-type,Plantae,Tracheophyta,Magnoliopsida,Sapindales,Sapindaceae,Acer,NA
Caprifoliaceae sensu lato undiff.,Plantae,Tracheophyta,Magnoliopsida,Dipsacales,Caprifoliaceae,Caprifoliaceae,NA
Fraxinus (tetracolpate),Plantae,Tracheophyta,Magnoliopsida,Lamiales,Oleaceae,Fraxinus,NA
Fraxinus (tricolpate),Plantae,Tracheophyta,Magnoliopsida,Lamiales,Oleaceae,Fraxinus,NA
Juglans cinerea,Plantae,Tracheophyta,Magnoliopsida,Fagales,Juglandaceae,Juglans,Juglans cinerea
Juglans nigra,Plantae,Tracheophyta,Magnoliopsida,Fagales,Juglandaceae,Juglans,Juglans nigra
Oxyria digyna,Plantae,Tracheophyta,Magnoliopsida,Caryophyllales,Polygonaceae,Oxyria,Oxyria digyna
Rhamnaceae,Plantae,Tracheophyta,Magnoliopsida,Rosales,Rhamnaceae,Rhamnaceae,NA
Salsola,Plantae,Tracheophyta,Magnoliopsida,Caryophyllales,Amaranthaceae,Salsola,NA
Cyclachaena xanthiifolia,Plantae,Tracheophyta,Magnoliopsida,Asterales,Asteraceae,Cyclachaena,Cyclachaena xanthiifolia
Ephedra nevadensis-type,Plantae,Tracheophyta,Gnetopsida,Ephedrales,Ephedraceae,Ephedra,NA
Shepherdia argentea,Plantae,Tracheophyta,Magnoliopsida,Rosales,Elaeagnaceae,Shepherdia,Shepherdia argentea
Abies balsamea,Plantae,Tracheophyta,Pinopsida,Pinales,Pinaceae,Abies,Abies balsamea
Acer pensylvanicum,Plantae,Tracheophyta,Magnoliopsida,Sapindales,Sapindaceae,Acer,Acer pensylvanicum
Acer saccharum,Plantae,Tracheophyta,Magnoliopsida,Sapindales,Sapindaceae,Acer,Acer saccharum
Acer spicatum,Plantae,Tracheophyta,Magnoliopsida,Sapindales,Sapindaceae,Acer,Acer spicatum
Alnus viridis-type,Plantae,Tracheophyta,Magnoliopsida,Fagales,Betulaceae,Alnus,NA
Betula undiff.,Plantae,Tracheophyta,Magnoliopsida,Fagales,Betulaceae,Betula,NA
Bistorta vivipara,Plantae,Tracheophyta,Magnoliopsida,Caryophyllales,Polygonaceae,Bistorta,Bistorta vivipara
Carya ovata,Plantae,Tracheophyta,Magnoliopsida,Fagales,Juglandaceae,Carya,Carya ovata
Castanea dentata,Plantae,Tracheophyta,Magnoliopsida,Fagales,Fagaceae,Castanea,Castanea dentata
Corylus cornuta,Plantae,Tracheophyta,Magnoliopsida,Fagales,Betulaceae,Corylus,Corylus cornuta
Epilobium,Plantae,Tracheophyta,Magnoliopsida,Myrtales,Onagraceae,Epilobium,NA
Juniperus communis/Thuja occidentalis-type,Plantae,Tracheophyta,Pinopsida,Pinales,Cupressaceae,Juniperus,NA
Koenigia islandica,Plantae,Tracheophyta,Magnoliopsida,Caryophyllales,Polygonaceae,Koenigia,Koenigia islandica
Myrica gale,Plantae,Tracheophyta,Magnoliopsida,Fagales,Myricaceae,Myrica,Myrica gale
Oxytropis maydelliana-type,Plantae,Tracheophyta,Magnoliopsida,Fabales,Fabaceae,Oxytropis,NA
Pedicularis,Plantae,Tracheophyta,Magnoliopsida,Lamiales,Orobanchaceae,Pedicularis,NA
Picea glauca-type,Plantae,Tracheophyta,Pinopsida,Pinales,Pinaceae,Picea,NA
Picea mariana-type,Plantae,Tracheophyta,Pinopsida,Pinales,Pinaceae,Picea,NA
Picea undiff.,Plantae,Tracheophyta,Pinopsida,Pinales,Pinaceae,Picea,NA
Pinaceae,Plantae,Tracheophyta,Pinopsida,Pinales,Pinaceae,Pinaceae,NA
Pinus banksiana-type,Plantae,Tracheophyta,Pinopsida,Pinales,Pinaceae,Pinus,NA
Pinus strobus,Plantae,Tracheophyta,Pinopsida,Pinales,Pinaceae,Pinus,Pinus strobus
Populus balsamifera-type,Plantae,Tracheophyta,Magnoliopsida,Malpighiales,Salicaceae,Populus,NA
Populus tremuloides-type,Plantae,Tracheophyta,Magnoliopsida,Malpighiales,Salicaceae,Populus,NA
Prunus,Plantae,Tracheophyta,Magnoliopsida,Rosales,Rosaceae,Prunus,NA
Rhamnus alnifolia/Frangula alnus,Plantae,Tracheophyta,Magnoliopsida,Rosales,Rhamnaceae,Rhamnus,NA
Saxifraga cernua-type,Plantae,Tracheophyta,Magnoliopsida,Saxifragales,Saxifragaceae,Saxifraga,NA
Saxifraga oppositifolia-type,Plantae,Tracheophyta,Magnoliopsida,Saxifragales,Saxifragaceae,Saxifraga,NA
Tsuga canadensis,Plantae,Tracheophyta,Pinopsida,Pinales,Pinaceae,Tsuga,Tsuga canadensis
Anacardiaceae,Plantae,Tracheophyta,Magnoliopsida,Sapindales,Anacardiaceae,Anacardiaceae,NA
Aquifoliaceae,Plantae,Tracheophyta,Magnoliopsida,Aquifoliales,Aquifoliaceae,Aquifoliaceae,NA
Gleditsia,Plantae,Tracheophyta,Magnoliopsida,Fabales,Fabaceae,Gleditsia,NA
Iva annua-type,Plantae,Tracheophyta,Magnoliopsida,Asterales,Asteraceae,Iva,NA
Poaceae undiff.,Plantae,Tracheophyta,Liliopsida,Poales,Poaceae,Poaceae,NA
Polygonum sensu lato,Plantae,Tracheophyta,Magnoliopsida,Caryophyllales,Polygonaceae,Polygonum,NA
Shepherdia,Plantae,Tracheophyta,Magnoliopsida,Rosales,Elaeagnaceae,Shepherdia,NA
Aconitum,Plantae,Tracheophyta,Magnoliopsida,Ranunculales,Ranunculaceae,Aconitum,NA
Alnus viridis,Plantae,Tracheophyta,Magnoliopsida,Fagales,Betulaceae,Alnus,Alnus alnobetula
Boraginaceae,Plantae,Tracheophyta,Magnoliopsida,Boraginales,Boraginaceae,Boraginaceae,NA
Ericales,Plantae,Tracheophyta,Magnoliopsida,Ericales,undiff,undiff,NA
Gentiana,Plantae,Tracheophyta,Magnoliopsida,Gentianales,Gentianaceae,Gentiana,NA
Micranthes hieraciifolia,Plantae,Tracheophyta,Magnoliopsida,Saxifragales,Saxifragaceae,Micranthes,Micranthes hieraciifolia
Pedicularis langsdorffii,Plantae,Tracheophyta,Magnoliopsida,Lamiales,Orobanchaceae,Pedicularis,Pedicularis langsdorffii
Pedicularis verticillata,Plantae,Tracheophyta,Magnoliopsida,Lamiales,Orobanchaceae,Pedicularis,Pedicularis verticillata
Rubus chamaemorus,Plantae,Tracheophyta,Magnoliopsida,Rosales,Rosaceae,Rubus,Rubus chamaemorus
Saxifraga cernua,Plantae,Tracheophyta,Magnoliopsida,Saxifragales,Saxifragaceae,Saxifraga,Saxifraga cernua
Saxifraga tricuspidata,Plantae,Tracheophyta,Magnoliopsida,Saxifragales,Saxifragaceae,Saxifraga,Saxifraga tricuspidata
Saxifragaceae undiff.,Plantae,Tracheophyta,Magnoliopsida,Saxifragales,Saxifragaceae,Saxifragaceae,NA
Valeriana,Plantae,Tracheophyta,Magnoliopsida,Dipsacales,Caprifoliaceae,Valeriana,NA
Astragalus,Plantae,Tracheophyta,Magnoliopsida,Fabales,Fabaceae,Astragalus,NA
Bistorta officinalis,Plantae,Tracheophyta,Magnoliopsida,Caryophyllales,Polygonaceae,Bistorta,Bistorta officinalis
Dryas,Plantae,Tracheophyta,Magnoliopsida,Rosales,Rosaceae,Dryas,NA
Linnaea borealis,Plantae,Tracheophyta,Magnoliopsida,Dipsacales,Caprifoliaceae,Linnaea,Linnaea borealis
Oxytropis,Plantae,Tracheophyta,Magnoliopsida,Fabales,Fabaceae,Oxytropis,NA
Rubus arcticus,Plantae,Tracheophyta,Magnoliopsida,Rosales,Rosaceae,Rubus,Rubus arcticus
Saussurea,Plantae,Tracheophyta,Magnoliopsida,Asterales,Asteraceae,Saussurea,NA
Urtica,Plantae,Tracheophyta,Magnoliopsida,Rosales,Urticaceae,Urtica,NA
Eucalyptus,Plantae,Tracheophyta,Magnoliopsida,Myrtales,Myrtaceae,Eucalyptus,NA
Ranunculaceae,Plantae,Tracheophyta,Magnoliopsida,Ranunculales,Ranunculaceae,Ranunculaceae,NA
Saxifraga oppositifolia,Plantae,Tracheophyta,Magnoliopsida,Saxifragales,Saxifragaceae,Saxifraga,Saxifraga oppositifolia
Valerianoideae,Plantae,Tracheophyta,Magnoliopsida,Lamiales,Verbenaceae,Stachytarpheta,NA
Asteraceae,Plantae,Tracheophyta,Magnoliopsida,Asterales,Asteraceae,Asteraceae,NA
Cornaceae,Plantae,Tracheophyta,Magnoliopsida,Cornales,Cornaceae,Cornaceae,NA
Gentianaceae,Plantae,Tracheophyta,Magnoliopsida,Gentianales,Gentianaceae,Gentianaceae,NA
Rubiaceae,Plantae,Tracheophyta,Magnoliopsida,Gentianales,Rubiaceae,Rubiaceae,NA
Sapindaceae,Plantae,Tracheophyta,Magnoliopsida,Sapindales,Sapindaceae,Sapindaceae,NA
Tsuga heterophylla,Plantae,Tracheophyta,Pinopsida,Pinales,Pinaceae,Tsuga,Tsuga heterophylla
Tsuga mertensiana,Plantae,Tracheophyta,Pinopsida,Pinales,Pinaceae,Tsuga,Tsuga mertensiana
Alnus viridis subsp. crispa,Plantae,Tracheophyta,Magnoliopsida,Fagales,Betulaceae,Alnus,Alnus alnobetula
Betulaceae undiff.,Plantae,Tracheophyta,Magnoliopsida,Fagales,Betulaceae,Betulaceae,NA
Elaeagnaceae undiff.,Plantae,Tracheophyta,Magnoliopsida,Rosales,Elaeagnaceae,Elaeagnaceae,NA
Lamium,Plantae,Tracheophyta,Magnoliopsida,Lamiales,Lamiaceae,Lamium,NA
Penstemon,Plantae,Tracheophyta,Magnoliopsida,Lamiales,Plantaginaceae,Penstemon,NA
Phlox,Plantae,Tracheophyta,Magnoliopsida,Ericales,Polemoniaceae,Phlox,NA
Plantaginaceae undiff.,Plantae,Tracheophyta,Magnoliopsida,Lamiales,Plantaginaceae,Plantaginaceae,NA
Polygonum,Plantae,Tracheophyta,Magnoliopsida,Caryophyllales,Polygonaceae,Polygonum,NA
Populus balsamifera,Plantae,Tracheophyta,Magnoliopsida,Malpighiales,Salicaceae,Populus,Populus balsamifera
Populus tremuloides,Plantae,Tracheophyta,Magnoliopsida,Malpighiales,Salicaceae,Populus,Populus tremuloides
Populus undiff.,Plantae,Tracheophyta,Magnoliopsida,Malpighiales,Salicaceae,Populus,NA
Caprifoliaceae sensu lato,Plantae,Tracheophyta,Magnoliopsida,Dipsacales,Caprifoliaceae,Caprifoliaceae,NA
Claytonia,Plantae,Tracheophyta,Magnoliopsida,Caryophyllales,Montiaceae,Claytonia,NA
Polemoniaceae undiff.,Plantae,Tracheophyta,Magnoliopsida,Ericales,Polemoniaceae,Polemoniaceae,NA
Diapensia,Plantae,Tracheophyta,Magnoliopsida,Ericales,Diapensiaceae,Diapensia,NA
Empetrum,Plantae,Tracheophyta,Magnoliopsida,Ericales,Ericaceae,Empetrum,NA
Allium,Plantae,Tracheophyta,Liliopsida,Asparagales,Amaryllidaceae,Allium,NA
Anemone canadensis-type,Plantae,Tracheophyta,Magnoliopsida,Ranunculales,Ranunculaceae,Anemone,NA
Chamaecrista,Plantae,Tracheophyta,Magnoliopsida,Fabales,Fabaceae,Chamaecrista,NA
Cornus sericea-type,Plantae,Tracheophyta,Magnoliopsida,Cornales,Cornaceae,Cornus,NA
Ephedra trifurca-type,Plantae,Tracheophyta,Gnetopsida,Ephedrales,Ephedraceae,Ephedra,NA
Humulus,Plantae,Tracheophyta,Magnoliopsida,Rosales,Cannabaceae,Humulus,NA
Hydrophyllum,Plantae,Tracheophyta,Magnoliopsida,Boraginales,Hydrophyllaceae,Hydrophyllum,NA
Hypoxis,Plantae,Tracheophyta,Liliopsida,Asparagales,Hypoxidaceae,Hypoxis,NA
Liliaceae undiff.,Plantae,Tracheophyta,Liliopsida,Liliales,Liliaceae,Liliaceae,NA
Lilium philadelphicum-type,Plantae,Tracheophyta,Liliopsida,Liliales,Liliaceae,Lilium,NA
Lysimachia thyrsiflora,Plantae,Tracheophyta,Magnoliopsida,Ericales,Primulaceae,Lysimachia,Lysimachia thyrsiflora
Lythrum,Plantae,Tracheophyta,Magnoliopsida,Myrtales,Lythraceae,Lythrum,NA
Parietaria,Plantae,Tracheophyta,Magnoliopsida,Rosales,Urticaceae,Parietaria,NA
Pinaceae undiff.,Plantae,Tracheophyta,Pinopsida,Pinales,Pinaceae,Pinaceae,NA
Pinus subg. Strobus undiff.,Plantae,Tracheophyta,Pinopsida,Pinales,Pinaceae,Pinus,NA
Ranunculaceae (tricolpate),Plantae,Tracheophyta,Magnoliopsida,Ranunculales,Ranunculaceae,Ranunculaceae,NA
Tidestromia,Plantae,Tracheophyta,Magnoliopsida,Caryophyllales,Amaranthaceae,Tidestromia,NA
Viburnum lentago,Plantae,Tracheophyta,Magnoliopsida,Dipsacales,Viburnaceae,Viburnum,Viburnum lentago
Zea mays,Plantae,Tracheophyta,Liliopsida,Poales,Poaceae,Zea,Zea mays
Zigadenus,Plantae,Tracheophyta,Liliopsida,Liliales,Melanthiaceae,Zigadenus,NA
Calluna vulgaris,Plantae,Tracheophyta,Magnoliopsida,Ericales,Ericaceae,Calluna,Calluna vulgaris
Carpinus,Plantae,Tracheophyta,Magnoliopsida,Fagales,Betulaceae,Carpinus,NA
Centaurea cyanus,Plantae,Tracheophyta,Magnoliopsida,Asterales,Asteraceae,Centaurea,Centaurea cyanus
Fagopyrum,Plantae,Tracheophyta,Magnoliopsida,Caryophyllales,Polygonaceae,Fagopyrum,NA
Frangula alnus,Plantae,Tracheophyta,Magnoliopsida,Rosales,Rhamnaceae,Frangula,Frangula alnus
Hedera,Plantae,Tracheophyta,Magnoliopsida,Apiales,Araliaceae,Hedera,NA
Plantago lanceolata,Plantae,Tracheophyta,Magnoliopsida,Lamiales,Plantaginaceae,Plantago,Plantago lanceolata
Plantago media,Plantae,Tracheophyta,Magnoliopsida,Lamiales,Plantaginaceae,Plantago,Plantago media
Viscum,Plantae,Tracheophyta,Magnoliopsida,Santalales,Viscaceae,Viscum,NA
Calluna,Plantae,Tracheophyta,Magnoliopsida,Ericales,Ericaceae,Calluna,NA
Campanula,Plantae,Tracheophyta,Magnoliopsida,Asterales,Campanulaceae,Campanula,NA
Circaea,Plantae,Tracheophyta,Magnoliopsida,Myrtales,Onagraceae,Circaea,NA
Crataegus,Plantae,Tracheophyta,Magnoliopsida,Rosales,Rosaceae,Crataegus,NA
Filipendula,Plantae,Tracheophyta,Magnoliopsida,Rosales,Rosaceae,Filipendula,NA
Helianthemum,Plantae,Tracheophyta,Magnoliopsida,Malvales,Cistaceae,Helianthemum,NA
Lactuca,Plantae,Tracheophyta,Magnoliopsida,Asterales,Asteraceae,Lactuca,NA
Lythrum salicaria,Plantae,Tracheophyta,Magnoliopsida,Myrtales,Lythraceae,Lythrum,Lythrum salicaria
Melampyrum,Plantae,Tracheophyta,Magnoliopsida,Lamiales,Orobanchaceae,Melampyrum,NA
Narthecium,Plantae,Tracheophyta,Liliopsida,Dioscoreales,Nartheciaceae,Narthecium,NA
Plantago undiff.,Plantae,Tracheophyta,Magnoliopsida,Lamiales,Plantaginaceae,Plantago,NA
Polygala,Plantae,Tracheophyta,Magnoliopsida,Fabales,Polygalaceae,Polygala,NA
Pulmonaria obscura-type,Plantae,Tracheophyta,Magnoliopsida,Boraginales,Boraginaceae,Pulmonaria,NA
Rhinanthus,Plantae,Tracheophyta,Magnoliopsida,Lamiales,Orobanchaceae,Rhinanthus,NA
Rumex acetosa,Plantae,Tracheophyta,Magnoliopsida,Caryophyllales,Polygonaceae,Rumex,Rumex acetosa
Rumex acetosella,Plantae,Tracheophyta,Magnoliopsida,Caryophyllales,Polygonaceae,Rumex,Rumex acetosella
Rumex obtusifolius,Plantae,Tracheophyta,Magnoliopsida,Caryophyllales,Polygonaceae,Rumex,Rumex obtusifolius
Rumex undiff.,Plantae,Tracheophyta,Magnoliopsida,Caryophyllales,Polygonaceae,Rumex,NA
Scabiosa,Plantae,Tracheophyta,Magnoliopsida,Dipsacales,Caprifoliaceae,Scabiosa,NA
Sorbus,Plantae,Tracheophyta,Magnoliopsida,Rosales,Rosaceae,Sorbus,NA
Succisa,Plantae,Tracheophyta,Magnoliopsida,Dipsacales,Caprifoliaceae,Succisa,NA
Ulex,Plantae,Tracheophyta,Magnoliopsida,Fabales,Fabaceae,Ulex,NA
Armeria,Plantae,Tracheophyta,Magnoliopsida,Caryophyllales,Plumbaginaceae,Armeria,NA
Centaurea,Plantae,Tracheophyta,Magnoliopsida,Asterales,Asteraceae,Centaurea,NA
Chenopodiaceae sensu stricto,Plantae,Tracheophyta,Magnoliopsida,Caryophyllales,Amaranthaceae,Amaranthaceae,NA
Faboideae,Plantae,Tracheophyta,Magnoliopsida,Fabales,Fabaceae,Faboidea,NA
Gentianella,Plantae,Tracheophyta,Magnoliopsida,Gentianales,Gentianaceae,Gentianella,NA
Geraniaceae,Plantae,Tracheophyta,Magnoliopsida,Geraniales,Geraniaceae,Geraniaceae,NA
Hypericum,Plantae,Tracheophyta,Magnoliopsida,Malpighiales,Hypericaceae,Hypericum,NA
Plantago maritima,Plantae,Tracheophyta,Magnoliopsida,Lamiales,Plantaginaceae,Plantago,Plantago maritima
Prunella,Plantae,Tracheophyta,Magnoliopsida,Lamiales,Lamiaceae,Prunella,NA
Pterocarya,Plantae,Tracheophyta,Magnoliopsida,Fagales,Juglandaceae,Pterocarya,NA
Trifolium,Plantae,Tracheophyta,Magnoliopsida,Fabales,Fabaceae,Trifolium,NA
Verbenaceae,Plantae,Tracheophyta,Magnoliopsida,Lamiales,Verbenaceae,Verbenaceae,NA
Betula nana-type,Plantae,Tracheophyta,Magnoliopsida,Fagales,Betulaceae,Betula,NA
Ericales undiff.,Plantae,Tracheophyta,Magnoliopsida,Ericales,undiff,undiff,NA
Plantago major/P. media,Plantae,Tracheophyta,Magnoliopsida,Lamiales,Plantaginaceae,Plantago,NA
Rumex subg. Acetosa,Plantae,Tracheophyta,Magnoliopsida,Caryophyllales,Polygonaceae,Rumex,NA
Abies alba,Plantae,Tracheophyta,Pinopsida,Pinales,Pinaceae,Abies,Abies alba
Bistorta officinalis-type,Plantae,Tracheophyta,Magnoliopsida,Caryophyllales,Polygonaceae,Bistorta,NA
Cardamine pratensis-type,Plantae,Tracheophyta,Magnoliopsida,Brassicales,Brassicaceae,Cardamine,NA
Carpinus betulus,Plantae,Tracheophyta,Magnoliopsida,Fagales,Betulaceae,Carpinus,Carpinus betulus
Centaurea scabiosa,Plantae,Tracheophyta,Magnoliopsida,Asterales,Asteraceae,Centaurea,Centaurea scabiosa
Chamaenerion angustifolium,Plantae,Tracheophyta,Magnoliopsida,Myrtales,Onagraceae,Chamaenerion,Chamaenerion angustifolium
Chrysosplenium,Plantae,Tracheophyta,Magnoliopsida,Saxifragales,Saxifragaceae,Chrysosplenium,NA
Corylus avellana,Plantae,Tracheophyta,Magnoliopsida,Fagales,Betulaceae,Corylus,Corylus avellana
Echium,Plantae,Tracheophyta,Magnoliopsida,Boraginales,Boraginaceae,Echium,NA
Ephedra foeminea-type,Plantae,Tracheophyta,Gnetopsida,Ephedrales,Ephedraceae,Ephedra,NA
Euonymus,Plantae,Tracheophyta,Magnoliopsida,Celastrales,Celastraceae,Euonymus,NA
Fagus sylvatica,Plantae,Tracheophyta,Magnoliopsida,Fagales,Fagaceae,Fagus,Fagus sylvatica
Larix decidua,Plantae,Tracheophyta,Pinopsida,Pinales,Pinaceae,Larix,Larix decidua
Lysimachia vulgaris-type,Plantae,Tracheophyta,Magnoliopsida,Ericales,Primulaceae,Lysimachia,NA
Parnassia palustris,Plantae,Tracheophyta,Magnoliopsida,Celastrales,Parnassiaceae,Parnassia,Parnassia palustris
Persicaria maculosa-type,Plantae,Tracheophyta,Magnoliopsida,Caryophyllales,Polygonaceae,Persicaria,NA
Picea abies,Plantae,Tracheophyta,Pinopsida,Pinales,Pinaceae,Picea,Picea abies
Pleurospermum,Plantae,Tracheophyta,Magnoliopsida,Apiales,Apiaceae,Pleurospermum,NA
Polygonum aviculare,Plantae,Tracheophyta,Magnoliopsida,Caryophyllales,Polygonaceae,Polygonum,Polygonum aviculare
Ranunculus arvensis-type,Plantae,Tracheophyta,Magnoliopsida,Ranunculales,Ranunculaceae,Ranunculus,NA
Rumex acetosa-type,Plantae,Tracheophyta,Magnoliopsida,Caryophyllales,Polygonaceae,Rumex,NA
Sambucus nigra-type,Plantae,Tracheophyta,Magnoliopsida,Dipsacales,Viburnaceae,Sambucus,NA
Sanguisorba officinalis,Plantae,Tracheophyta,Magnoliopsida,Rosales,Rosaceae,Sanguisorba,Sanguisorba officinalis
Trifolium pratense-type,Plantae,Tracheophyta,Magnoliopsida,Fabales,Fabaceae,Trifolium,NA
Viburnum undiff.,Plantae,Tracheophyta,Magnoliopsida,Dipsacales,Viburnaceae,Viburnum,NA
Betula nana,Plantae,Tracheophyta,Magnoliopsida,Fagales,Betulaceae,Betula,Betula nana
Dryas octopetala,Plantae,Tracheophyta,Magnoliopsida,Rosales,Rosaceae,Dryas,Dryas octopetala
Hippophaë,Plantae,Tracheophyta,Magnoliopsida,Rosales,Elaeagnaceae,Hippophae,NA
Mercurialis,Plantae,Tracheophyta,Magnoliopsida,Malpighiales,Euphorbiaceae,Mercurialis,NA
Portulaca,Plantae,Tracheophyta,Magnoliopsida,Caryophyllales,Portulacaceae,Portulaca,NA
Secale,Plantae,Tracheophyta,Liliopsida,Poales,Poaceae,Secale,NA
Triticum,Plantae,Tracheophyta,Liliopsida,Poales,Poaceae,Triticum,NA
Acer platanoides,Plantae,Tracheophyta,Magnoliopsida,Sapindales,Sapindaceae,Acer,Acer platanoides
Alnus glutinosa,Plantae,Tracheophyta,Magnoliopsida,Fagales,Betulaceae,Alnus,Alnus glutinosa
Caryophyllaceae undiff.,Plantae,Tracheophyta,Magnoliopsida,Caryophyllales,Caryophyllaceae,Caryophyllaceae,NA
Convolvulaceae,Plantae,Tracheophyta,Magnoliopsida,Solanales,Convolvulaceae,Convolvulaceae,NA
Echinops,Plantae,Tracheophyta,Magnoliopsida,Asterales,Asteraceae,Echinops,NA
Fagopyrum esculentum,Plantae,Tracheophyta,Magnoliopsida,Caryophyllales,Polygonaceae,Fagopyrum,Fagopyrum esculentum
Fagopyrum tataricum,Plantae,Tracheophyta,Magnoliopsida,Caryophyllales,Polygonaceae,Fagopyrum,Fagopyrum tataricum
Fagopyrum undiff.,Plantae,Tracheophyta,Magnoliopsida,Caryophyllales,Polygonaceae,Fagopyrum,NA
Hippophaë rhamnoides,Plantae,Tracheophyta,Magnoliopsida,Rosales,Elaeagnaceae,Hippophae,Hippophae rhamnoides
Knautia arvensis,Plantae,Tracheophyta,Magnoliopsida,Dipsacales,Caprifoliaceae,Knautia,Knautia arvensis
Pinus sylvestris,Plantae,Tracheophyta,Pinopsida,Pinales,Pinaceae,Pinus,Pinus sylvestris
Plumbaginaceae,Plantae,Tracheophyta,Magnoliopsida,Caryophyllales,Plumbaginaceae,Plumbaginaceae,NA
Thalictrum aquilegiifolium,Plantae,Tracheophyta,Magnoliopsida,Ranunculales,Ranunculaceae,Thalictrum,Thalictrum aquilegiifolium
Thalictrum lucidum,Plantae,Tracheophyta,Magnoliopsida,Ranunculales,Ranunculaceae,Thalictrum,Thalictrum lucidum
Thalictrum undiff.,Plantae,Tracheophyta,Magnoliopsida,Ranunculales,Ranunculaceae,Thalictrum,NA
Ulmus glabra,Plantae,Tracheophyta,Magnoliopsida,Rosales,Ulmaceae,Ulmus,Ulmus glabra
Ulmus laevis,Plantae,Tracheophyta,Magnoliopsida,Rosales,Ulmaceae,Ulmus,Ulmus laevis
Ulmus minor,Plantae,Tracheophyta,Magnoliopsida,Rosales,Ulmaceae,Ulmus,Ulmus minor
Vitis vinifera,Plantae,Tracheophyta,Magnoliopsida,Vitales,Vitaceae,Vitis,Vitis vinifera
Anemone,Plantae,Tracheophyta,Magnoliopsida,Ranunculales,Ranunculaceae,Anemone,NA
Arctium,Plantae,Tracheophyta,Magnoliopsida,Asterales,Asteraceae,Arctium,NA
Hypericaceae,Plantae,Tracheophyta,Magnoliopsida,Malpighiales,Hypericaceae,Hypericaceae,NA
Matricaria,Plantae,Tracheophyta,Magnoliopsida,Asterales,Asteraceae,Matricaria,NA
Tilia platyphyllos,Plantae,Tracheophyta,Magnoliopsida,Malvales,Malvaceae,Tilia,Tilia platyphyllos
Koenigia,Plantae,Tracheophyta,Magnoliopsida,Caryophyllales,Polygonaceae,Koenigia,NA
Medicago,Plantae,Tracheophyta,Magnoliopsida,Fabales,Fabaceae,Medicago,NA
Tilia cordata,Plantae,Tracheophyta,Magnoliopsida,Malvales,Malvaceae,Tilia,Tilia cordata
Arbutus unedo,Plantae,Tracheophyta,Magnoliopsida,Ericales,Ericaceae,Arbutus,Arbutus unedo
Armeria maritima (type A),Plantae,Tracheophyta,Magnoliopsida,Caryophyllales,Plumbaginaceae,Armeria,Armeria maritima
Empetrum nigrum,Plantae,Tracheophyta,Magnoliopsida,Ericales,Ericaceae,Empetrum,Empetrum nigrum
Erica tetralix,Plantae,Tracheophyta,Magnoliopsida,Ericales,Ericaceae,Erica,Erica tetralix
Fraxinus excelsior,Plantae,Tracheophyta,Magnoliopsida,Lamiales,Oleaceae,Fraxinus,Fraxinus excelsior
Hedera helix,Plantae,Tracheophyta,Magnoliopsida,Apiales,Araliaceae,Hedera,Hedera helix
Ilex aquifolium,Plantae,Tracheophyta,Magnoliopsida,Aquifoliales,Aquifoliaceae,Ilex,Ilex aquifolium
Juglans regia,Plantae,Tracheophyta,Magnoliopsida,Fagales,Juglandaceae,Juglans,Juglans regia
Lonicera periclymenum,Plantae,Tracheophyta,Magnoliopsida,Dipsacales,Caprifoliaceae,Lonicera,Lonicera periclymenum
Narthecium ossifragum,Plantae,Tracheophyta,Liliopsida,Dioscoreales,Nartheciaceae,Narthecium,Narthecium ossifragum
Plantago coronopus,Plantae,Tracheophyta,Magnoliopsida,Lamiales,Plantaginaceae,Plantago,Plantago coronopus
Plantago lanceolata-type,Plantae,Tracheophyta,Magnoliopsida,Lamiales,Plantaginaceae,Plantago,NA
Plantago uniflora,Plantae,Tracheophyta,Magnoliopsida,Lamiales,Plantaginaceae,Plantago,Plantago uniflora
Potentilla undiff.,Plantae,Tracheophyta,Magnoliopsida,Rosales,Rosaceae,Potentilla,NA
Saxifraga,Plantae,Tracheophyta,Magnoliopsida,Saxifragales,Saxifragaceae,Saxifraga,NA
Sedum,Plantae,Tracheophyta,Magnoliopsida,Saxifragales,Crassulaceae,Sedum,NA
Taxus baccata,Plantae,Tracheophyta,Pinopsida,Pinales,Taxaceae,Taxus,Taxus baccata
Teucrium,Plantae,Tracheophyta,Magnoliopsida,Lamiales,Lamiaceae,Teucrium,NA
Urtica dioica,Plantae,Tracheophyta,Magnoliopsida,Rosales,Urticaceae,Urtica,Urtica dioica
Vaccinium,Plantae,Tracheophyta,Magnoliopsida,Ericales,Ericaceae,Vaccinium,NA
Vicia,Plantae,Tracheophyta,Magnoliopsida,Fabales,Fabaceae,Vicia,NA
Ranunculus lingua,Plantae,Tracheophyta,Magnoliopsida,Ranunculales,Ranunculaceae,Ranunculus,Ranunculus lingua
Buxus,Plantae,Tracheophyta,Magnoliopsida,Buxales,Buxaceae,Buxus,NA
Cannabis,Plantae,Tracheophyta,Magnoliopsida,Rosales,Cannabaceae,Cannabis,NA
Ligustrum,Plantae,Tracheophyta,Magnoliopsida,Lamiales,Oleaceae,Ligustrum,NA
Polygonum oxyspermum subsp. raii,Plantae,Tracheophyta,Magnoliopsida,Caryophyllales,Polygonaceae,Polygonum,Polygonum raii
Ranunculus acris,Plantae,Tracheophyta,Magnoliopsida,Ranunculales,Ranunculaceae,Ranunculus,Ranunculus acris
Stachys,Plantae,Tracheophyta,Magnoliopsida,Lamiales,Lamiaceae,Stachys,NA
Valerianella,Plantae,Tracheophyta,Magnoliopsida,Dipsacales,Caprifoliaceae,Valerianella,NA
Anchusa,Plantae,Tracheophyta,Magnoliopsida,Boraginales,Boraginaceae,Anchusa,NA
Daphne,Plantae,Tracheophyta,Magnoliopsida,Malvales,Thymelaeaceae,Daphne,NA
Frangula,Plantae,Tracheophyta,Magnoliopsida,Rosales,Rhamnaceae,Frangula,NA
Geranium,Plantae,Tracheophyta,Magnoliopsida,Geraniales,Geraniaceae,Geranium,NA
Linum catharticum,Plantae,Tracheophyta,Magnoliopsida,Malpighiales,Linaceae,Linum,Linum catharticum
Olea,Plantae,Tracheophyta,Magnoliopsida,Lamiales,Oleaceae,Olea,NA
Papaver,Plantae,Tracheophyta,Magnoliopsida,Ranunculales,Papaveraceae,Papaver,NA
Phillyrea,Plantae,Tracheophyta,Magnoliopsida,Lamiales,Oleaceae,Phillyrea,NA
Pistacia,Plantae,Tracheophyta,Magnoliopsida,Sapindales,Anacardiaceae,Pistacia,NA
Quercus ilex,Plantae,Tracheophyta,Magnoliopsida,Fagales,Fagaceae,Quercus,Quercus ilex
Adonis aestivalis,Plantae,Tracheophyta,Magnoliopsida,Ranunculales,Ranunculaceae,Adonis,Adonis aestivalis
Anagallis,Plantae,Tracheophyta,Magnoliopsida,Ericales,Primulaceae,Lysimachia,NA
Anarrhinum,Plantae,Tracheophyta,Magnoliopsida,Lamiales,Plantaginaceae,Anarrhinum,NA
Anthemis,Plantae,Tracheophyta,Magnoliopsida,Asterales,Asteraceae,Anthemis,NA
Aster,Plantae,Tracheophyta,Magnoliopsida,Asterales,Asteraceae,Aster,NA
Centranthus,Plantae,Tracheophyta,Magnoliopsida,Dipsacales,Caprifoliaceae,Centranthus,NA
Erica arborea,Plantae,Tracheophyta,Magnoliopsida,Ericales,Ericaceae,Erica,Erica arborea
Erica australis,Plantae,Tracheophyta,Magnoliopsida,Ericales,Ericaceae,Erica,Erica australis
Erica umbellata,Plantae,Tracheophyta,Magnoliopsida,Ericales,Ericaceae,Erica,Erica umbellata
Fumana,Plantae,Tracheophyta,Magnoliopsida,Malvales,Cistaceae,Fumana,NA
Herniaria,Plantae,Tracheophyta,Magnoliopsida,Caryophyllales,Caryophyllaceae,Herniaria,NA
Lithospermum,Plantae,Tracheophyta,Magnoliopsida,Boraginales,Boraginaceae,Lithospermum,NA
Lotus,Plantae,Tracheophyta,Magnoliopsida,Fabales,Fabaceae,Lotus,NA
Mentha,Plantae,Tracheophyta,Magnoliopsida,Lamiales,Lamiaceae,Mentha,NA
Onobrychis,Plantae,Tracheophyta,Magnoliopsida,Fabales,Fabaceae,Onobrychis,NA
Paronychia,Plantae,Tracheophyta,Magnoliopsida,Caryophyllales,Caryophyllaceae,Paronychia,NA
Serratula,Plantae,Tracheophyta,Magnoliopsida,Asterales,Asteraceae,Serratula,NA
Sinapis,Plantae,Tracheophyta,Magnoliopsida,Brassicales,Brassicaceae,Sinapis,NA
Trollius,Plantae,Tracheophyta,Magnoliopsida,Ranunculales,Ranunculaceae,Trollius,NA
Cannabis sativa,Plantae,Tracheophyta,Magnoliopsida,Rosales,Cannabaceae,Cannabis,Cannabis sativa
Cornus sanguinea,Plantae,Tracheophyta,Magnoliopsida,Cornales,Cornaceae,Cornus,Cornus sanguinea
Ericaceae undiff.,Plantae,Tracheophyta,Magnoliopsida,Ericales,Ericaceae,Ericaceae,NA
Iris,Plantae,Tracheophyta,Liliopsida,Asparagales,Iridaceae,Iris,NA
Lathyrus,Plantae,Tracheophyta,Magnoliopsida,Fabales,Fabaceae,Lathyrus,NA
Linum,Plantae,Tracheophyta,Magnoliopsida,Malpighiales,Linaceae,Linum,NA
Malva,Plantae,Tracheophyta,Magnoliopsida,Malvales,Malvaceae,Malva,NA
Polygonaceae,Plantae,Tracheophyta,Magnoliopsida,Caryophyllales,Polygonaceae,Polygonaceae,NA
Rhamnus cathartica,Plantae,Tracheophyta,Magnoliopsida,Rosales,Rhamnaceae,Rhamnus,Rhamnus cathartica
Sambucus nigra,Plantae,Tracheophyta,Magnoliopsida,Dipsacales,Viburnaceae,Sambucus,Sambucus nigra
Secale cereale,Plantae,Tracheophyta,Liliopsida,Poales,Poaceae,Secale,Secale cereale
Viola,Plantae,Tracheophyta,Magnoliopsida,Malpighiales,Violaceae,Viola,NA
Aesculus,Plantae,Tracheophyta,Magnoliopsida,Sapindales,Sapindaceae,Aesculus,NA
Avena,Plantae,Tracheophyta,Liliopsida,Poales,Poaceae,Avena,NA
Eryngium,Plantae,Tracheophyta,Magnoliopsida,Apiales,Apiaceae,Eryngium,NA
Helleborus,Plantae,Tracheophyta,Magnoliopsida,Ranunculales,Ranunculaceae,Helleborus,NA
Heracleum sphondylium,Plantae,Tracheophyta,Magnoliopsida,Apiales,Apiaceae,Heracleum,Heracleum sphondylium
Hordeum,Plantae,Tracheophyta,Liliopsida,Poales,Poaceae,Hordeum,NA
Jasione,Plantae,Tracheophyta,Magnoliopsida,Asterales,Campanulaceae,Jasione,NA
Lobelia,Plantae,Tracheophyta,Magnoliopsida,Asterales,Campanulaceae,Lobelia,NA
Oxyria,Plantae,Tracheophyta,Magnoliopsida,Caryophyllales,Polygonaceae,Oxyria,NA
Persicaria,Plantae,Tracheophyta,Magnoliopsida,Caryophyllales,Polygonaceae,Persicaria,NA
Primula,Plantae,Tracheophyta,Magnoliopsida,Ericales,Primulaceae,Primula,NA
Prunus spinosa,Plantae,Tracheophyta,Magnoliopsida,Rosales,Rosaceae,Prunus,Prunus spinosa
Anthyllis vulneraria,Plantae,Tracheophyta,Magnoliopsida,Fabales,Fabaceae,Anthyllis,Anthyllis vulneraria
Chelidonium,Plantae,Tracheophyta,Magnoliopsida,Ranunculales,Papaveraceae,Chelidonium,NA
Ephedra distachya-type,Plantae,Tracheophyta,Gnetopsida,Ephedrales,Ephedraceae,Ephedra,NA
Erica tetralix-type,Plantae,Tracheophyta, Magnoliopsida,Ericales,Ericaceae,Erica,NA
Erodium,Plantae,Tracheophyta,Magnoliopsida,Geraniales,Geraniaceae,Erodium,NA
Micranthes stellaris-type,Plantae,Tracheophyta,Magnoliopsida,Saxifragales,Saxifragaceae,Micranthes,NA
Mimulus,Plantae,Tracheophyta,Magnoliopsida,Lamiales,Phrymaceae,Mimulus,NA
Montia fontana,Plantae,Tracheophyta,Magnoliopsida,Caryophyllales,Montiaceae,Montia,Montia fontana
Ononis,Plantae,Tracheophyta,Magnoliopsida,Fabales,Fabaceae,Ononis,NA
Pinguicula,Plantae,Tracheophyta,Magnoliopsida,Lamiales,Lentibulariaceae,Pinguicula,NA
Plantago coronopus-type,Plantae,Tracheophyta,Magnoliopsida,Lamiales,Plantaginaceae,Plantago,NA
Plantago major/P. media-type,Plantae,Tracheophyta,Magnoliopsida,Lamiales,Plantaginaceae,Plantago,NA
Plantago maritima-type,Plantae,Tracheophyta,Magnoliopsida,Lamiales,Plantaginaceae,Plantago,NA
Poterium sanguisorba,Plantae,Tracheophyta,Magnoliopsida,Rosales,Rosaceae,Poterium,Poterium sanguisorba
Saxifraga hypnoides-type,Plantae,Tracheophyta,Magnoliopsida,Saxifragales,Saxifragaceae,Saxifraga,NA
Scutellaria,Plantae,Tracheophyta,Magnoliopsida,Lamiales,Lamiaceae,Scutellaria,NA
Silene dioica-type,Plantae,Tracheophyta,Magnoliopsida,Caryophyllales,Caryophyllaceae,Silene,NA
Silene flos-cuculi,Plantae,Tracheophyta,Magnoliopsida,Caryophyllales,Caryophyllaceae,Silene,Silene flos-cuculi
Stellaria holostea,Plantae,Tracheophyta,Magnoliopsida,Caryophyllales,Caryophyllaceae,Rabelera,Rabelera holostea
Valeriana officinalis-type,Plantae,Tracheophyta,Magnoliopsida,Dipsacales,Caprifoliaceae,Valeriana,NA
Acacia,Plantae,Tracheophyta,Magnoliopsida,Fabales,Fabaceae,Acacia,NA
Adenostyles,Plantae,Tracheophyta,Magnoliopsida,Asterales,Asteraceae,Adenostyles,NA
Calceolaria,Plantae,Tracheophyta,Magnoliopsida,Lamiales,Calceolariaceae,Calceolaria,NA
Carex,Plantae,Tracheophyta,Liliopsida,Poales,Cyperaceae,Carex,NA
Cicuta virosa,Plantae,Tracheophyta,Magnoliopsida,Apiales,Apiaceae,Cicuta,Cicuta virosa
Coronilla,Plantae,Tracheophyta,Magnoliopsida,Fabales,Fabaceae,Coronilla,NA
Dalechampia,Plantae,Tracheophyta,Magnoliopsida,Malpighiales,Euphorbiaceae,Dalechampia,NA
Gladiolus,Plantae,Tracheophyta,Liliopsida,Asparagales,Iridaceae,Gladiolus,NA
Glaucium,Plantae,Tracheophyta,Magnoliopsida,Ranunculales,Papaveraceae,Glaucium,NA
Helianthus,Plantae,Tracheophyta,Magnoliopsida,Asterales,Asteraceae,Helianthus,NA
Ligustrum vulgare,Plantae,Tracheophyta,Magnoliopsida,Lamiales,Oleaceae,Ligustrum,Ligustrum vulgare
Lilium martagon,Plantae,Tracheophyta,Liliopsida,Liliales,Liliaceae,Lilium,Lilium martagon
Limosella,Plantae,Tracheophyta,Magnoliopsida,Lamiales,Scrophulariaceae,Limosella,NA
Luzula,Plantae,Tracheophyta,Liliopsida,Poales,Juncaceae,Luzula,NA
Portulaca oleracea-type,Plantae,Tracheophyta,Magnoliopsida,Caryophyllales,Portulacaceae,Portulaca,NA
Primula vulgaris,Plantae,Tracheophyta,Magnoliopsida,Ericales,Primulaceae,Primula,Primula vulgaris
Rhododendron,Plantae,Tracheophyta,Magnoliopsida,Ericales,Ericaceae,Rhododendron,NA
Silene dioica,Plantae,Tracheophyta,Magnoliopsida,Caryophyllales,Caryophyllaceae,Silene,Silene dioica
Viburnum opulus,Plantae,Tracheophyta,Magnoliopsida,Dipsacales,Viburnaceae,Viburnum,Viburnum opulus
Zea,Plantae,Tracheophyta,Liliopsida,Poales,Poaceae,Zea,NA
Acer campestre-type,Plantae,Tracheophyta,Magnoliopsida,Sapindales,Sapindaceae,Acer,NA
Apiaceae undiff.,Plantae,Tracheophyta,Magnoliopsida,Apiales,Apiaceae,Apiaceae,NA
Campanulaceae undiff.,Plantae,Tracheophyta,Magnoliopsida,Asterales,Campanulaceae,Campanulaceae,NA
Castanea sativa,Plantae,Tracheophyta,Magnoliopsida,Fagales,Fagaceae,Castanea,Castanea sativa
Centaurea jacea-type,Plantae,Tracheophyta,Magnoliopsida,Asterales,Asteraceae,Centaurea,NA
Convolvulus arvensis,Plantae,Tracheophyta,Magnoliopsida,Solanales,Convolvulaceae,Convolvulus,Convolvulus arvensis
Cyperaceae undiff.,Plantae,Tracheophyta,Liliopsida,Poales,Cyperaceae,Cyperaceae,NA
Fallopia convolvulus-type,Plantae,Tracheophyta,Magnoliopsida,Caryophyllales,Polygonaceae,Fallopia,NA
Gypsophila,Plantae,Tracheophyta,Magnoliopsida,Caryophyllales,Caryophyllaceae,Gypsophila,NA
Lysimachia,Plantae,Tracheophyta,Magnoliopsida,Ericales,Primulaceae,Lysimachia,NA
Mercurialis perennis,Plantae,Tracheophyta,Magnoliopsida,Malpighiales,Euphorbiaceae,Mercurialis,Mercurialis perennis
Ranunculus acris-type,Plantae,Tracheophyta,Magnoliopsida,Ranunculales,Ranunculaceae,Ranunculus,NA
Scleranthus perennis,Plantae,Tracheophyta,Magnoliopsida,Caryophyllales,Caryophyllaceae,Scleranthus,Scleranthus perennis
Scrophulariaceae undiff.,Plantae,Tracheophyta,Magnoliopsida,Lamiales,Scrophulariaceae,Scrophulariaceae,NA
Solanum dulcamara,Plantae,Tracheophyta,Magnoliopsida,Solanales,Solanaceae,Solanum,Solanum dulcamara
Viscum album,Plantae,Tracheophyta,Magnoliopsida,Santalales,Viscaceae,Viscum,Viscum album
Adoxa moschatellina,Plantae,Tracheophyta,Magnoliopsida,Dipsacales,Viburnaceae,Adoxa,Adoxa moschatellina
Anemone nemorosa-type,Plantae,Tracheophyta,Magnoliopsida,Ranunculales,Ranunculaceae,Anemone,NA
Arctostaphylos uva-ursi,Plantae,Tracheophyta,Magnoliopsida,Ericales,Ericaceae,Arctostaphylos,Arctostaphylos uva-ursi
Astragalus alpinus,Plantae,Tracheophyta,Magnoliopsida,Fabales,Fabaceae,Astragalus,Astragalus alpinus
Astragalus cf. A. glycyphyllos,Plantae,Tracheophyta,Magnoliopsida,Fabales,Fabaceae,Astragalus,NA
Cornus suecica,Plantae,Tracheophyta,Magnoliopsida,Cornales,Cornaceae,Cornus,Cornus suecica
Humulus lupulus,Plantae,Tracheophyta,Magnoliopsida,Rosales,Cannabaceae,Humulus,Humulus lupulus
Hypericum perforatum,Plantae,Tracheophyta,Magnoliopsida,Malpighiales,Hypericaceae,Hypericum,Hypericum perforatum
Juniperus communis,Plantae,Tracheophyta,Pinopsida,Pinales,Cupressaceae,Juniperus,Juniperus communis
Papaver rhoeas-type,Plantae,Tracheophyta,Magnoliopsida,Ranunculales,Papaveraceae,Papaver,NA
Potentilla recta,Plantae,Tracheophyta,Magnoliopsida,Rosales,Rosaceae,Potentilla,Potentilla recta
Prunus padus,Plantae,Tracheophyta,Magnoliopsida,Rosales,Rosaceae,Prunus,Prunus padus
Ranunculus undiff.,Plantae,Tracheophyta,Magnoliopsida,Ranunculales,Ranunculaceae,Ranunculus,NA
Rhododendron tomentosum,Plantae,Tracheophyta,Magnoliopsida,Ericales,Ericaceae,Rhododendron,Rhododendron tomentosum
Sorbus aucuparia,Plantae,Tracheophyta,Magnoliopsida,Rosales,Rosaceae,Sorbus,Sorbus aucuparia
Stachys sylvatica-type,Plantae,Tracheophyta,Magnoliopsida,Lamiales,Lamiaceae,Stachys,NA
Trientalis europaea,Plantae,Tracheophyta,Magnoliopsida,Ericales,Primulaceae,Lysimachia,Trientalis europaea
Gentianella campestris-type,Plantae,Tracheophyta,Magnoliopsida,Gentianales,Gentianaceae,Gentianella,NA
Silene vulgaris-type,Plantae,Tracheophyta,Magnoliopsida,Caryophyllales,Caryophyllaceae,Silene,NA
Valeriana officinalis,Plantae,Tracheophyta,Magnoliopsida,Dipsacales,Caprifoliaceae,Valeriana,Valeriana officinalis
Rumex subg. Rumex,Plantae,Tracheophyta,Magnoliopsida,Caryophyllales,Polygonaceae,Rumex,NA
Trientalis,Plantae,Tracheophyta,Magnoliopsida,Ericales,Primulaceae,Lysimachia,NA
Achillea,Plantae,Tracheophyta,Magnoliopsida,Asterales,Asteraceae,Achillea,NA
Alchemilla,Plantae,Tracheophyta,Magnoliopsida,Rosales,Rosaceae,Alchemilla,NA
Arctous alpina,Plantae,Tracheophyta,Magnoliopsida,Ericales,Ericaceae,Arctostaphylos,Arctostaphylos alpinus
Arenaria,Plantae,Tracheophyta,Magnoliopsida,Caryophyllales,Caryophyllaceae,Arenaria,NA
Artemisia norvegica,Plantae,Tracheophyta,Magnoliopsida,Asterales,Asteraceae,Artemisia,Artemisia norvegica
Astragalus frigidus,Plantae,Tracheophyta,Magnoliopsida,Fabales,Fabaceae,Astragalus,Astragalus frigidus
Bistorta,Plantae,Tracheophyta,Magnoliopsida,Caryophyllales,Polygonaceae,Bistorta,NA
Convallaria,Plantae,Tracheophyta,Liliopsida,Asparagales,Asparagaceae,Convallaria,NA
Ephedra distachya,Plantae,Tracheophyta,Gnetopsida,Ephedrales,Ephedraceae,Ephedra,Ephedra distachya
Ephedra fragilis,Plantae,Tracheophyta,Gnetopsida,Ephedrales,Ephedraceae,Ephedra,Ephedra fragilis
Euphrasia,Plantae,Tracheophyta,Magnoliopsida,Lamiales,Orobanchaceae,Euphrasia,NA
Gentiana campestris,Plantae,Tracheophyta,Magnoliopsida,Gentianales,Gentianaceae,Gentianella,Gentianella campestris
Gentiana nivalis,Plantae,Tracheophyta,Magnoliopsida,Gentianales,Gentianaceae,Gentiana,Gentiana nivalis
Geum,Plantae,Tracheophyta,Magnoliopsida,Rosales,Rosaceae,Geum,NA
Micranthes stellaris,Plantae,Tracheophyta,Magnoliopsida,Saxifragales,Saxifragaceae,Micranthes,Micranthes stellaris
Myricaria,Plantae,Tracheophyta,Magnoliopsida,Caryophyllales,Tamaricaceae,Myricaria,NA
Parnassia,Plantae,Tracheophyta,Magnoliopsida,Celastrales,Parnassiaceae,Parnassia,NA
Ranunculus sp.,Plantae,Tracheophyta,Magnoliopsida,Ranunculales,Ranunculaceae,Ranunculus,NA
Rubus sp.,Plantae,Tracheophyta,Magnoliopsida,Rosales,Rosaceae,Rubus,NA
Rumex longifolius,Plantae,Tracheophyta,Magnoliopsida,Caryophyllales,Polygonaceae,Rumex,Rumex longifolius
Sagina,Plantae,Tracheophyta,Magnoliopsida,Caryophyllales,Caryophyllaceae,Sagina,NA
Salix herbacea,Plantae,Tracheophyta,Magnoliopsida,Malpighiales,Salicaceae,Salix,Salix herbacea
Saxifraga hirculus,Plantae,Tracheophyta,Magnoliopsida,Saxifragales,Saxifragaceae,Saxifraga,Saxifraga hirculus
Sibbaldia,Plantae,Tracheophyta,Magnoliopsida,Rosales,Rosaceae,Sibbaldia,NA
Silene acaulis,Plantae,Tracheophyta,Magnoliopsida,Caryophyllales,Caryophyllaceae,Silene,Silene acaulis
Tofieldia,Plantae,Tracheophyta,Liliopsida,Alismatales,Tofieldiaceae,Tofieldia,NA
Verbascum,Plantae,Tracheophyta,Magnoliopsida,Lamiales,Scrophulariaceae,Verbascum,NA
Veronica,Plantae,Tracheophyta,Magnoliopsida,Lamiales,Plantaginaceae,Veronica,NA
Astragalus cf. A. alpinus,Plantae,Tracheophyta,Magnoliopsida,Fabales,Fabaceae,Astragalus,NA
Geranium sylvaticum-type,Plantae,Tracheophyta,Magnoliopsida,Geraniales,Geraniaceae,Geranium,NA
Rumex acetosa/R. acetosella-type,Plantae,Tracheophyta,Magnoliopsida,Caryophyllales,Polygonaceae,Rumex,NA
Rumex acetosella-type,Plantae,Tracheophyta,Magnoliopsida,Caryophyllales,Polygonaceae,Rumex,NA
Salix herbacea-type,Plantae,Tracheophyta,Magnoliopsida,Malpighiales,Salicaceae,Salix,NA
Salix undiff.,Plantae,Tracheophyta,Magnoliopsida,Malpighiales,Salicaceae,Salix,NA
Tofieldia pusilla,Plantae,Tracheophyta,Liliopsida,Alismatales,Tofieldiaceae,Tofieldia,Tofieldia pusilla
Trollius europaeus,Plantae,Tracheophyta,Magnoliopsida,Ranunculales,Ranunculaceae,Trollius,Trollius europaeus
Valeriana excelsa subsp. sambucifolia-type,Plantae,Tracheophyta,Magnoliopsida,Dipsacales,Caprifoliaceae,Valeriana,Valeriana excelsa
Cannabaceae undiff.,Plantae,Tracheophyta,Magnoliopsida,Rosales,Cannabaceae,Cannabaceae,NA
Cerastium cerastoides-type,Plantae,Tracheophyta,Magnoliopsida,Caryophyllales,Caryophyllaceae,Cerastium,NA
Geranium sylvaticum,Plantae,Tracheophyta,Magnoliopsida,Geraniales,Geraniaceae,Geranium,Geranium sylvaticum
Pedicularis palustris-type,Plantae,Tracheophyta,Magnoliopsida,Lamiales,Orobanchaceae,Pedicularis,NA
Silene acaulis-type,Plantae,Tracheophyta,Magnoliopsida,Caryophyllales,Caryophyllaceae,Silene,NA
Artemisia cf. A. norvegica,Plantae,Tracheophyta,Magnoliopsida,Asterales,Asteraceae,Artemisia,NA
Lobelia dortmanna,Plantae,Tracheophyta,Magnoliopsida,Asterales,Campanulaceae,Lobelia,Lobelia dortmanna
Micranthes nivalis-type,Plantae,Tracheophyta,Magnoliopsida,Saxifragales,Saxifragaceae,Micranthes,NA
Populus tremula,Plantae,Tracheophyta,Magnoliopsida,Malpighiales,Salicaceae,Populus,Populus tremula
Rumex longifolius-type,Plantae,Tracheophyta,Magnoliopsida,Caryophyllales,Polygonaceae,Rumex,NA
Saxifraga cespitosa-type,Plantae,Tracheophyta,Magnoliopsida,Saxifragales,Saxifragaceae,Saxifraga,NA
Cerastium,Plantae,Tracheophyta,Magnoliopsida,Caryophyllales,Caryophyllaceae,Cerastium,NA
Ephedra distachya subsp. helvetica-type,Plantae,Tracheophyta,Gnetopsida,Ephedrales,Ephedraceae,Ephedra,Ephedra distachya
Ephedra fragilis-type,Plantae,Tracheophyta,Gnetopsida,Ephedrales,Ephedraceae,Ephedra,NA
Erica,Plantae,Tracheophyta,Magnoliopsida,Ericales,Ericaceae,Erica,NA
Silene,Plantae,Tracheophyta,Magnoliopsida,Caryophyllales,Caryophyllaceae,Silene,NA
Cornus suecica (thick wall),Plantae,Tracheophyta,Magnoliopsida,Cornales,Cornaceae,Cornus,Cornus suecica
Ericaceae cf. Calluna,Plantae,Tracheophyta,Magnoliopsida,Ericales,Ericaceae,Ericaceae,NA
Euphorbiaceae cf. Mercurialis,Plantae,Tracheophyta,Magnoliopsida,Malpighiales,Euphorbiaceae,Euphorbiaceae,NA
Onagraceae cf. Epilobium,Plantae,Tracheophyta,Magnoliopsida,Myrtales,Onagraceae,Onagraceae,NA
Rubus cf. R. idaeus,Plantae,Tracheophyta,Magnoliopsida,Rosales,Rosaceae,Rubus,NA
Anagallis cf. A. arvensis,Plantae,Tracheophyta,Magnoliopsida,Ericales,Primulaceae,Lysimachia,NA
Anagallis cf. A. tenella,Plantae,Tracheophyta,Magnoliopsida,Ericales,Primulaceae,Lysimachia,NA
Cannabaceae,Plantae,Tracheophyta,Magnoliopsida,Rosales,Cannabaceae,Cannabaceae,NA
Centaurea cyanus-type,Plantae,Tracheophyta,Magnoliopsida,Asterales,Asteraceae,Centaurea,NA
Centaurea nigra-type,Plantae,Tracheophyta,Magnoliopsida,Asterales,Asteraceae,Centaurea,NA
Diapensia lapponica,Plantae,Tracheophyta,Magnoliopsida,Ericales,Diapensiaceae,Diapensia,Diapensia lapponica
Polygonum cf. P. aviculare,Plantae,Tracheophyta,Magnoliopsida,Caryophyllales,Polygonaceae,Polygonum,NA
Primula farinosa,Plantae,Tracheophyta,Magnoliopsida,Ericales,Primulaceae,Primula,Primula farinosa
Rumex cf. R. longifolius,Plantae,Tracheophyta,Magnoliopsida,Caryophyllales,Polygonaceae,Rumex,NA
"Alnus (shrub, pale shallow pores)",Plantae,Tracheophyta,Magnoliopsida,Fagales,Betulaceae,Alnus,NA
"Alnus (tree, robust deep pores)",Plantae,Tracheophyta,Magnoliopsida,Fagales,Betulaceae,Alnus,NA
Betula (hybrid),Plantae,Tracheophyta,Magnoliopsida,Fagales,Betulaceae,Betula,NA
Betula (tree),Plantae,Tracheophyta,Magnoliopsida,Fagales,Betulaceae,Betula,NA
Cannabaceae cf. Cannabis sativa,Plantae,Tracheophyta,Magnoliopsida,Rosales,Cannabaceae,Cannabaceae,NA
Centaurea cf. C. cyanus,Plantae,Tracheophyta,Magnoliopsida,Asterales,Asteraceae,Centaurea,NA
Micranthes cf. M. stellaris,Plantae,Tracheophyta,Magnoliopsida,Saxifragales,Saxifragaceae,Micranthes,NA
Plantago cf. P. coronopus,Plantae,Tracheophyta,Magnoliopsida,Lamiales,Plantaginaceae,Plantago,NA
Saxifraga cf. S. oppositifolia,Plantae,Tracheophyta,Magnoliopsida,Saxifragales,Saxifragaceae,Saxifraga,NA
Saxifraga granulata-type,Plantae,Tracheophyta,Magnoliopsida,Saxifragales,Saxifragaceae,Saxifraga,NA
Spergularia,Plantae,Tracheophyta,Magnoliopsida,Caryophyllales,Caryophyllaceae,Spergularia,NA
Anagallis arvensis,Plantae,Tracheophyta,Magnoliopsida,Ericales,Primulaceae,Lysimachia,Lysimachia arvensis
Corylus avellana-type,Plantae,Tracheophyta,Magnoliopsida,Fagales,Betulaceae,Corylus,NA
Jasione montana,Plantae,Tracheophyta,Magnoliopsida,Asterales,Campanulaceae,Jasione,Jasione montana
Vicia sylvatica-type,Plantae,Tracheophyta,Magnoliopsida,Fabales,Fabaceae,Vicia,NA
Alnus glutinosa-type,Plantae,Tracheophyta,Magnoliopsida,Fagales,Betulaceae,Alnus,NA
Anthriscus sylvestris-type,Plantae,Tracheophyta,Magnoliopsida,Apiales,Apiaceae,Anthriscus,NA
Bidens,Plantae,Tracheophyta,Magnoliopsida,Asterales,Asteraceae,Bidens,NA
Chaerophyllum hirsutum-type,Plantae,Tracheophyta,Magnoliopsida,Apiales,Apiaceae,Chaerophyllum,NA
Dipsacus,Plantae,Tracheophyta,Magnoliopsida,Dipsacales,Caprifoliaceae,Dipsacus,NA
Lonicera xylosteum,Plantae,Tracheophyta,Magnoliopsida,Dipsacales,Caprifoliaceae,Lonicera,Lonicera xylosteum
Phyteuma,Plantae,Tracheophyta,Magnoliopsida,Asterales,Campanulaceae,Phyteuma,NA
Pimpinella major-type,Plantae,Tracheophyta,Magnoliopsida,Apiales,Apiaceae,Pimpinella,NA
Ranunculus arvensis,Plantae,Tracheophyta,Magnoliopsida,Ranunculales,Ranunculaceae,Ranunculus,Ranunculus arvensis
Rumex obtusifolius-type,Plantae,Tracheophyta,Magnoliopsida,Caryophyllales,Polygonaceae,Rumex,NA
Vicia cracca-type,Plantae,Tracheophyta,Magnoliopsida,Fabales,Fabaceae,Vicia,NA
Carduus,Plantae,Tracheophyta,Magnoliopsida,Asterales,Asteraceae,Carduus,NA
Carum carvi,Plantae,Tracheophyta,Magnoliopsida,Apiales,Apiaceae,Carum,Carum carvi
Chamaenerion angustifolium-type,Plantae,Tracheophyta,Magnoliopsida,Myrtales,Onagraceae,Chamaenerion,NA
Daucus,Plantae,Tracheophyta,Magnoliopsida,Apiales,Apiaceae,Daucus,NA
Polygonatum,Plantae,Tracheophyta,Liliopsida,Asparagales,Asparagaceae,Polygonatum,NA
Sanicula europaea,Plantae,Tracheophyta,Magnoliopsida,Apiales,Apiaceae,Sanicula,Sanicula europaea
Viburnum lantana,Plantae,Tracheophyta,Magnoliopsida,Dipsacales,Viburnaceae,Viburnum,Viburnum lantana
Gagea,Plantae,Tracheophyta,Liliopsida,Liliales,Liliaceae,Gagea,NA
Knautia,Plantae,Tracheophyta,Magnoliopsida,Dipsacales,Caprifoliaceae,Knautia,NA
Pinus cembra-type,Plantae,Tracheophyta,Pinopsida,Pinales,Pinaceae,Pinus,NA
Plantago sp.,Plantae,Tracheophyta,Magnoliopsida,Lamiales,Plantaginaceae,Plantago,NA
Pulmonaria,Plantae,Tracheophyta,Magnoliopsida,Boraginales,Boraginaceae,Pulmonaria,NA
Symphytum,Plantae,Tracheophyta,Magnoliopsida,Boraginales,Boraginaceae,Symphytum,NA
Fallopia,Plantae,Tracheophyta,Magnoliopsida,Caryophyllales,Polygonaceae,Fallopia,NA
Gypsophila repens-type,Plantae,Tracheophyta,Magnoliopsida,Caryophyllales,Caryophyllaceae,Gypsophila,NA
Koenigia alpina,Plantae,Tracheophyta,Magnoliopsida,Caryophyllales,Polygonaceae,Koenigia,Koenigia alpina
Montia,Plantae,Tracheophyta,Magnoliopsida,Caryophyllales,Montiaceae,Montia,NA
Papaveraceae,Plantae,Tracheophyta,Magnoliopsida,Ranunculales,Papaveraceae,Papaveraceae,NA
Plantago major-type,Plantae,Tracheophyta,Magnoliopsida,Lamiales,Plantaginaceae,Plantago,NA
Pleurospermum austriacum,Plantae,Tracheophyta,Magnoliopsida,Apiales,Apiaceae,Pleurospermum,Pleurospermum austriacum
Scleranthus annuus,Plantae,Tracheophyta,Magnoliopsida,Caryophyllales,Caryophyllaceae,Scleranthus,Scleranthus annuus
Soldanella,Plantae,Tracheophyta,Magnoliopsida,Ericales,Primulaceae,Soldanella,NA
Valeriana dioica-type,Plantae,Tracheophyta,Magnoliopsida,Dipsacales,Caprifoliaceae,Valeriana,NA
Plantago media-type,Plantae,Tracheophyta,Magnoliopsida,Lamiales,Plantaginaceae,Plantago,NA
Centaurea stoebe-type,Plantae,Tracheophyta,Magnoliopsida,Asterales,Asteraceae,Centaurea,NA
Galeopsis,Plantae,Tracheophyta,Magnoliopsida,Lamiales,Lamiaceae,Galeopsis,NA
Gentiana asclepiadea-type,Plantae,Tracheophyta,Magnoliopsida,Gentianales,Gentianaceae,Gentiana,NA
Lysimachia vulgaris,Plantae,Tracheophyta,Magnoliopsida,Ericales,Primulaceae,Lysimachia,Lysimachia vulgaris
Oxalis,Plantae,Tracheophyta,Magnoliopsida,Oxalidales,Oxalidaceae,Oxalis,NA
Ribes cf. R. alpinum,Plantae,Tracheophyta,Magnoliopsida,Saxifragales,Grossulariaceae,Ribes,NA
Sambucus cf. S. ebulus,Plantae,Tracheophyta,Magnoliopsida,Dipsacales,Viburnaceae,Sambucus,NA
Valeriana dioica subsp. simplicifolia,Plantae,Tracheophyta,Magnoliopsida,Dipsacales,Caprifoliaceae,Valeriana,Valeriana dioica
Veratrum,Plantae,Tracheophyta,Liliopsida,Liliales,Melanthiaceae,Veratrum,NA
Viola arvensis-type,Plantae,Tracheophyta,Magnoliopsida,Malpighiales,Violaceae,Viola,NA
Lysimachia nemorum,Plantae,Tracheophyta,Magnoliopsida,Ericales,Primulaceae,Lysimachia,Lysimachia nemorum
Pinguicula vulgaris,Plantae,Tracheophyta,Magnoliopsida,Lamiales,Lentibulariaceae,Pinguicula,Pinguicula vulgaris
Helianthemum nummularium-type,Plantae,Tracheophyta,Magnoliopsida,Malvales,Cistaceae,Helianthemum,NA
Helianthemum oelandicum subsp. alpestris-type,Plantae,Tracheophyta,Magnoliopsida,Malvales,Cistaceae,Helianthemum,Helianthemum oelandicum
Paradisea liliastrum,Plantae,Tracheophyta,Liliopsida,Asparagales,Asparagaceae,Paradisea,Paradisea liliastrum
Pinus cembra,Plantae,Tracheophyta,Pinopsida,Pinales,Pinaceae,Pinus,Pinus cembra
Plantago alpina-type,Plantae,Tracheophyta,Magnoliopsida,Lamiales,Plantaginaceae,Plantago,NA
Plantago atrata-type,Plantae,Tracheophyta,Magnoliopsida,Lamiales,Plantaginaceae,Plantago,NA
Androsace,Plantae,Tracheophyta,Magnoliopsida,Ericales,Primulaceae,Androsace,NA
Bupleurum,Plantae,Tracheophyta,Magnoliopsida,Apiales,Apiaceae,Bupleurum,NA
Centaurea nigra,Plantae,Tracheophyta,Magnoliopsida,Asterales,Asteraceae,Centaurea,Centaurea nigra
Crassulaceae,Plantae,Tracheophyta,Magnoliopsida,Saxifragales,Crassulaceae,Crassulaceae,NA
Linaria,Plantae,Tracheophyta,Magnoliopsida,Lamiales,Plantaginaceae,Linaria,NA
Odontites,Plantae,Tracheophyta,Magnoliopsida,Lamiales,Orobanchaceae,Odontites,NA
Oleaceae,Plantae,Tracheophyta,Magnoliopsida,Lamiales,Oleaceae,Oleaceae,NA
Ostrya,Plantae,Tracheophyta,Magnoliopsida,Fagales,Betulaceae,Ostrya,NA
Quercus ilex-type,Plantae,Tracheophyta,Magnoliopsida,Fagales,Fagaceae,Quercus,NA
Quercus robur-type,Plantae,Tracheophyta,Magnoliopsida,Fagales,Fagaceae,Quercus,NA
Urticaceae,Plantae,Tracheophyta,Magnoliopsida,Rosales,Urticaceae,Urticaceae,NA
Calystegia,Plantae,Tracheophyta,Magnoliopsida,Solanales,Convolvulaceae,Calystegia,NA
Centaurea jacea,Plantae,Tracheophyta,Magnoliopsida,Asterales,Asteraceae,Centaurea,Centaurea jacea
Cynoglossum,Plantae,Tracheophyta,Magnoliopsida,Boraginales,Boraginaceae,Cynoglossum,NA
Dianthus,Plantae,Tracheophyta,Magnoliopsida,Caryophyllales,Caryophyllaceae,Dianthus,NA
Digitalis,Plantae,Tracheophyta,Magnoliopsida,Lamiales,Plantaginaceae,Digitalis,NA
Gentiana pneumonanthe-type,Plantae,Tracheophyta,Magnoliopsida,Gentianales,Gentianaceae,Gentiana,NA
Linum usitatissimum,Plantae,Tracheophyta,Magnoliopsida,Malpighiales,Linaceae,Linum,Linum usitatissimum
Lotus pedunculatus,Plantae,Tracheophyta,Magnoliopsida,Fabales,Fabaceae,Lotus,Lotus pedunculatus
Myosotis,Plantae,Tracheophyta,Magnoliopsida,Boraginales,Boraginaceae,Myosotis,NA
Reseda,Plantae,Tracheophyta,Magnoliopsida,Brassicales,Resedaceae,Reseda,NA
Scleranthus,Plantae,Tracheophyta,Magnoliopsida,Caryophyllales,Caryophyllaceae,Scleranthus,NA
Solanum nigrum,Plantae,Tracheophyta,Magnoliopsida,Solanales,Solanaceae,Solanum,Solanum nigrum
Spergula arvensis,Plantae,Tracheophyta,Magnoliopsida,Caryophyllales,Caryophyllaceae,Spergula,Spergula arvensis
Vicia cracca,Plantae,Tracheophyta,Magnoliopsida,Fabales,Fabaceae,Vicia,Vicia cracca
Aquilegia,Plantae,Tracheophyta,Magnoliopsida,Ranunculales,Ranunculaceae,Aquilegia,NA
Asphodelus,Plantae,Tracheophyta,Liliopsida,Asparagales,Asphodelaceae,Asphodelus,NA
Centaurea collina,Plantae,Tracheophyta,Magnoliopsida,Asterales,Asteraceae,Centaurea,Centaurea collina
Convolvulus,Plantae,Tracheophyta,Magnoliopsida,Solanales,Convolvulaceae,Convolvulus,NA
Juncaceae,Plantae,Tracheophyta,Liliopsida,Poales,Juncaceae,Juncaceae,NA
Ceratonia,Plantae,Tracheophyta,Magnoliopsida,Fabales,Fabaceae,Ceratonia,NA
Cistus,Plantae,Tracheophyta,Magnoliopsida,Malvales,Cistaceae,Cistus,NA
Quercus suber-type,Plantae,Tracheophyta,Magnoliopsida,Fagales,Fagaceae,Quercus,NA
Cytisus,Plantae,Tracheophyta,Magnoliopsida,Fabales,Fabaceae,Cytisus,NA
Lilium,Plantae,Tracheophyta,Liliopsida,Liliales,Liliaceae,Lilium,NA
Quercus robur,Plantae,Tracheophyta,Magnoliopsida,Fagales,Fagaceae,Quercus,Quercus robur
Spergula,Plantae,Tracheophyta,Magnoliopsida,Caryophyllales,Caryophyllaceae,Spergula,NA
Cuscuta,Plantae,Tracheophyta,Magnoliopsida,Solanales,Convolvulaceae,Cuscuta,NA
Epipactis,Plantae,Tracheophyta,Liliopsida,Asparagales,Orchidaceae,Epipactis,NA
Hypericum perforatum-type,Plantae,Tracheophyta,Magnoliopsida,Malpighiales,Hypericaceae,Hypericum,NA
Lycopsis arvensis-type,Plantae,Tracheophyta,Magnoliopsida,Boraginales,Boraginaceae,Lycopsis,NA
Rhododendron subsect. Ledum,Plantae,Tracheophyta,Magnoliopsida,Ericales,Ericaceae,Rhododendron,NA
Rhus coriaria-type,Plantae,Tracheophyta,Magnoliopsida,Sapindales,Anacardiaceae,Rhus,NA
Convolvulus arvensis-type,Plantae,Tracheophyta,Magnoliopsida,Solanales,Convolvulaceae,Convolvulus,NA
Cuscuta europaea-type,Plantae,Tracheophyta,Magnoliopsida,Solanales,Convolvulaceae,Cuscuta,NA
Iris pseudacorus-type,Plantae,Tracheophyta,Liliopsida,Asparagales,Iridaceae,Iris,NA
Jasione montana-type,Plantae,Tracheophyta,Magnoliopsida,Asterales,Campanulaceae,Jasione,NA
Rumex aquaticus-type,Plantae,Tracheophyta,Magnoliopsida,Caryophyllales,Polygonaceae,Rumex,NA
Rumex crispus-type,Plantae,Tracheophyta,Magnoliopsida,Caryophyllales,Polygonaceae,Rumex,NA
Sanguisorba minor-type,Plantae,Tracheophyta,Magnoliopsida,Rosales,Rosaceae,Sanguisorba,NA
Saxifraga aizoides-type,Plantae,Tracheophyta,Magnoliopsida,Saxifragales,Saxifragaceae,Saxifraga,NA
Thesium,Plantae,Tracheophyta,Magnoliopsida,Santalales,Thesiaceae,Thesium,NA
Tilia cordata-type,Plantae,Tracheophyta,Magnoliopsida,Malvales,Malvaceae,Tilia,NA
Tilia platyphyllos-type,Plantae,Tracheophyta,Magnoliopsida,Malvales,Malvaceae,Tilia,NA
Viburnum opulus-type,Plantae,Tracheophyta,Magnoliopsida,Dipsacales,Viburnaceae,Viburnum,NA
Cerastium alpinum-type,Plantae,Tracheophyta,Magnoliopsida,Caryophyllales,Caryophyllaceae,Cerastium,NA
Cerastium undiff.,Plantae,Tracheophyta,Magnoliopsida,Caryophyllales,Caryophyllaceae,Cerastium,NA
Filipendula vulgaris,Plantae,Tracheophyta,Magnoliopsida,Rosales,Rosaceae,Filipendula,Filipendula vulgaris
Hypericum pulchrum-type,Plantae,Tracheophyta,Magnoliopsida,Malpighiales,Hypericaceae,Hypericum,NA
Prunus cf. P. padus,Plantae,Tracheophyta,Magnoliopsida,Rosales,Rosaceae,Prunus,NA
Rubus saxatilis,Plantae,Tracheophyta,Magnoliopsida,Rosales,Rosaceae,Rubus,Rubus saxatilis
Salix pentandra-type,Plantae,Tracheophyta,Magnoliopsida,Malpighiales,Salicaceae,Salix,NA
Saussurea nuda,Plantae,Tracheophyta,Magnoliopsida,Asterales,Asteraceae,Saussurea,Saussurea nuda
Saxifraga aizoides,Plantae,Tracheophyta,Magnoliopsida,Saxifragales,Saxifragaceae,Saxifraga,Saxifraga aizoides
Stellaria undiff.,Plantae,Tracheophyta,Magnoliopsida,Caryophyllales,Caryophyllaceae,Stellaria,NA
Succisa pratensis,Plantae,Tracheophyta,Magnoliopsida,Dipsacales,Caprifoliaceae,Succisa,Succisa pratensis
Chrysosplenium oppositifolium,Plantae,Tracheophyta,Magnoliopsida,Saxifragales,Saxifragaceae,Chrysosplenium,Chrysosplenium oppositifolium
Prunus avium/P. spinosa,Plantae,Tracheophyta,Magnoliopsida,Rosales,Rosaceae,Prunus,NA
Silene uniflora subsp. uniflora-type,Plantae,Tracheophyta,Magnoliopsida,Caryophyllales,Caryophyllaceae,Silene,Silene uniflora
Alnus glutinosa/A. incana,Plantae,Tracheophyta,Magnoliopsida,Fagales,Betulaceae,Alnus,NA
Centaurea collina-type,Plantae,Tracheophyta,Magnoliopsida,Asterales,Asteraceae,Centaurea,NA
Koenigia alpina-type,Plantae,Tracheophyta,Magnoliopsida,Caryophyllales,Polygonaceae,Koenigia,NA
Persicaria amphibia-type,Plantae,Tracheophyta,Magnoliopsida,Caryophyllales,Polygonaceae,Persicaria,NA
Plantago alpina,Plantae,Tracheophyta,Magnoliopsida,Lamiales,Plantaginaceae,Plantago,Plantago alpina
Centaurea montana-type,Plantae,Tracheophyta,Magnoliopsida,Asterales,Asteraceae,Centaurea,NA
Eranthis hyemalis,Plantae,Tracheophyta,Magnoliopsida,Ranunculales,Ranunculaceae,Eranthis,Eranthis hyemalis
Falcaria vulgaris,Plantae,Tracheophyta,Magnoliopsida,Apiales,Apiaceae,Falcaria,Falcaria vulgaris
Petasites,Plantae,Tracheophyta,Magnoliopsida,Asterales,Asteraceae,Petasites,NA
Rumex alpinus,Plantae,Tracheophyta,Magnoliopsida,Caryophyllales,Polygonaceae,Rumex,Rumex alpinus
Spiraea,Plantae,Tracheophyta,Magnoliopsida,Rosales,Rosaceae,Spiraea,NA
Agrimonia,Plantae,Tracheophyta,Magnoliopsida,Rosales,Rosaceae,Agrimonia,NA
Allium ursinum-type,Plantae,Tracheophyta,Liliopsida,Asparagales,Amaryllidaceae,Allium,NA
Anemone sect. Pulsatilla,Plantae,Tracheophyta,Magnoliopsida,Ranunculales,Ranunculaceae,Pulsatilla,NA
Anthericum,Plantae,Tracheophyta,Liliopsida,Asparagales,Asparagaceae,Anthericum,NA
Aruncus dioicus,Plantae,Tracheophyta,Magnoliopsida,Rosales,Rosaceae,Aruncus,Aruncus dioicus
Bistorta officinalis/B. vivipara,Plantae,Tracheophyta,Magnoliopsida,Caryophyllales,Polygonaceae,Bistorta,NA
Calystegia sepium,Plantae,Tracheophyta,Magnoliopsida,Solanales,Convolvulaceae,Calystegia,Calystegia sepium
Centaurea scabiosa-type,Plantae,Tracheophyta,Magnoliopsida,Asterales,Asteraceae,Centaurea,NA
Echium vulgare,Plantae,Tracheophyta,Magnoliopsida,Boraginales,Boraginaceae,Echium,Echium vulgare
Epipactis palustris,Plantae,Tracheophyta,Liliopsida,Asparagales,Orchidaceae,Epipactis,Epipactis palustris
Gypsophila fastigiata,Plantae,Tracheophyta,Magnoliopsida,Caryophyllales,Caryophyllaceae,Gypsophila,Gypsophila fastigiata
Helianthemum canum-type,Plantae,Tracheophyta,Magnoliopsida,Malvales,Cistaceae,Helianthemum,NA
Helianthemum oelandicum-type,Plantae,Tracheophyta,Magnoliopsida,Malvales,Cistaceae,Helianthemum,NA
Linum catharticum-type,Plantae,Tracheophyta,Magnoliopsida,Malpighiales,Linaceae,Linum,NA
Lithospermum officinale,Plantae,Tracheophyta,Magnoliopsida,Boraginales,Boraginaceae,Lithospermum,Lithospermum officinale
Loranthus europaeus,Plantae,Tracheophyta,Magnoliopsida,Santalales,Loranthaceae,Loranthus,Loranthus europaeus
Lysimachia nummularia,Plantae,Tracheophyta,Magnoliopsida,Ericales,Primulaceae,Lysimachia,Lysimachia nummularia
Lythrum portula,Plantae,Tracheophyta,Magnoliopsida,Myrtales,Lythraceae,Lythrum,Lythrum portula
Malus,Plantae,Tracheophyta,Magnoliopsida,Rosales,Rosaceae,Malus,NA
Medicago sativa,Plantae,Tracheophyta,Magnoliopsida,Fabales,Fabaceae,Medicago,Medicago sativa
Ranunculus flammula-type,Plantae,Tracheophyta,Magnoliopsida,Ranunculales,Ranunculaceae,Ranunculus,NA
Rumex acetosa/Oxyria-type,Plantae,Tracheophyta,Magnoliopsida,Caryophyllales,Polygonaceae,Rumex,NA
Rumex crispus,Plantae,Tracheophyta,Magnoliopsida,Caryophyllales,Polygonaceae,Rumex,Rumex crispus
Salix glauca-type,Plantae,Tracheophyta,Magnoliopsida,Malpighiales,Salicaceae,Salix,NA
Salix polaris-type,Plantae,Tracheophyta,Magnoliopsida,Malpighiales,Salicaceae,Salix,NA
Salvia,Plantae,Tracheophyta,Magnoliopsida,Lamiales,Lamiaceae,Salvia,NA
Scorzonera humilis-type,Plantae,Tracheophyta,Magnoliopsida,Asterales,Asteraceae,Scorzonera,NA
Scrophularia,Plantae,Tracheophyta,Magnoliopsida,Lamiales,Scrophulariaceae,Scrophularia,NA
Solanum nigrum-type,Plantae,Tracheophyta,Magnoliopsida,Solanales,Solanaceae,Solanum,NA
Syringa vulgaris,Plantae,Tracheophyta,Magnoliopsida,Lamiales,Oleaceae,Syringa,Syringa vulgaris
Trifolium repens,Plantae,Tracheophyta,Magnoliopsida,Fabales,Fabaceae,Trifolium,Trifolium repens
Urtica urens,Plantae,Tracheophyta,Magnoliopsida,Rosales,Urticaceae,Urtica,Urtica urens
Valeriana dioica,Plantae,Tracheophyta,Magnoliopsida,Dipsacales,Caprifoliaceae,Valeriana,Valeriana dioica
Rosaceae (trees),Plantae,Tracheophyta,Magnoliopsida,Rosales,Rosaceae,Rosaceae,NA
Centaurea montana,Plantae,Tracheophyta,Magnoliopsida,Asterales,Asteraceae,Centaurea,Centaurea montana
Heracleum,Plantae,Tracheophyta,Magnoliopsida,Apiales,Apiaceae,Heracleum,NA
Lilium martagon-type,Plantae,Tracheophyta,Liliopsida,Liliales,Liliaceae,Lilium,NA
Euphorbiaceae undiff.,Plantae,Tracheophyta,Magnoliopsida,Malpighiales,Euphorbiaceae,Euphorbiaceae,NA
Gentiana pneumonanthe,Plantae,Tracheophyta,Magnoliopsida,Gentianales,Gentianaceae,Gentiana,Gentiana pneumonanthe
Jasminum,Plantae,Tracheophyta,Magnoliopsida,Lamiales,Oleaceae,Jasminum,NA
Solanum,Plantae,Tracheophyta,Magnoliopsida,Solanales,Solanaceae,Solanum,NA
Viola arvensis,Plantae,Tracheophyta,Magnoliopsida,Malpighiales,Violaceae,Viola,Viola arvensis
Viola riviniana,Plantae,Tracheophyta,Magnoliopsida,Malpighiales,Violaceae,Viola,Viola riviniana
Sambucus nigra/S. racemosa,Plantae,Tracheophyta,Magnoliopsida,Dipsacales,Viburnaceae,Sambucus,NA
Nigella,Plantae,Tracheophyta,Magnoliopsida,Ranunculales,Ranunculaceae,Nigella,NA
Persicaria maculosa,Plantae,Tracheophyta,Magnoliopsida,Caryophyllales,Polygonaceae,Persicaria,Persicaria maculosa
Chenopodium,Plantae,Tracheophyta,Magnoliopsida,Caryophyllales,Amaranthaceae,Chenopodium,NA
Fraxinus ornus,Plantae,Tracheophyta,Magnoliopsida,Lamiales,Oleaceae,Fraxinus,Fraxinus ornus
Genista,Plantae,Tracheophyta,Magnoliopsida,Fabales,Fabaceae,Genista,NA
Pinus pinaster-type,Plantae,Tracheophyta,Pinopsida,Pinales,Pinaceae,Pinus,NA
Quercus coccifera,Plantae,Tracheophyta,Magnoliopsida,Fagales,Fagaceae,Quercus,Quercus coccifera
Bruckenthalia,Plantae,Tracheophyta,Magnoliopsida,Ericales,Ericaceae,Erica,NA
Cornus mas,Plantae,Tracheophyta,Magnoliopsida,Cornales,Cornaceae,Cornus,Cornus mas
Rheum,Plantae,Tracheophyta,Magnoliopsida,Caryophyllales,Polygonaceae,Rheum,NA
Apium,Plantae,Tracheophyta,Magnoliopsida,Apiales,Apiaceae,Apium,NA
Araliaceae undiff.,Plantae,Tracheophyta,Magnoliopsida,Apiales,Araliaceae,Araliaceae,NA
Astrantia major,Plantae,Tracheophyta,Magnoliopsida,Apiales,Apiaceae,Astrantia,Astrantia major
Bryonia,Plantae,Tracheophyta,Magnoliopsida,Cucurbitales,Cucurbitaceae,Bryonia,NA
Chelidonium majus,Plantae,Tracheophyta,Magnoliopsida,Ranunculales,Papaveraceae,Chelidonium,Chelidonium majus
Cornus mas-type,Plantae,Tracheophyta,Magnoliopsida,Cornales,Cornaceae,Cornus,NA
Euonymus europaeus,Plantae,Tracheophyta,Magnoliopsida,Celastrales,Celastraceae,Euonymus,Euonymus europaeus
Fallopia convolvulus,Plantae,Tracheophyta,Magnoliopsida,Caryophyllales,Polygonaceae,Fallopia,Fallopia convolvulus
Hippocrepis,Plantae,Tracheophyta,Magnoliopsida,Fabales,Fabaceae,Hippocrepis,NA
Linum alpinum-type,Plantae,Tracheophyta,Magnoliopsida,Malpighiales,Linaceae,Linum,NA
Oxalis acetosella,Plantae,Tracheophyta,Magnoliopsida,Oxalidales,Oxalidaceae,Oxalis,Oxalis acetosella
Papaver argemone-type,Plantae,Tracheophyta,Magnoliopsida,Ranunculales,Papaveraceae,Papaver,NA
Trifolium spadiceum,Plantae,Tracheophyta,Magnoliopsida,Fabales,Fabaceae,Trifolium,Trifolium spadiceum
Anemone nemorosa,Plantae,Tracheophyta,Magnoliopsida,Ranunculales,Ranunculaceae,Anemone,Anemone nemorosa
Poaceae undiff. (>40 µm),Plantae,Tracheophyta,Liliopsida,Poales,Poaceae,Poaceae,NA
Poaceae undiff. (<40 µm),Plantae,Tracheophyta,Liliopsida,Poales,Poaceae,Poaceae,NA
Rumex acetosa/R. acetosella,Plantae,Tracheophyta,Magnoliopsida,Caryophyllales,Polygonaceae,Rumex,NA
Stachys sylvatica,Plantae,Tracheophyta,Magnoliopsida,Lamiales,Lamiaceae,Stachys,Stachys sylvatica
Armeria maritima (type B),Plantae,Tracheophyta,Magnoliopsida,Caryophyllales,Plumbaginaceae,Armeria,Armeria maritima
Cuscuta lupuliformis,Plantae,Tracheophyta,Magnoliopsida,Solanales,Convolvulaceae,Cuscuta,Cuscuta lupuliformis
Helianthemum undiff.,Plantae,Tracheophyta,Magnoliopsida,Malvales,Cistaceae,Helianthemum,NA
Spergula arvensis-type,Plantae,Tracheophyta,Magnoliopsida,Caryophyllales,Caryophyllaceae,Spergula,NA
Verbena officinalis,Plantae,Tracheophyta,Magnoliopsida,Lamiales,Verbenaceae,Verbena,Verbena officinalis
Agrostemma githago,Plantae,Tracheophyta,Magnoliopsida,Caryophyllales,Caryophyllaceae,Agrostemma,Agrostemma githago
Cornus cf. C. suecica,Plantae,Tracheophyta,Magnoliopsida,Cornales,Cornaceae,Cornus,NA
Gentianella campestris,Plantae,Tracheophyta,Magnoliopsida,Gentianales,Gentianaceae,Gentianella,Gentianella campestris
Primula vulgaris-type,Plantae,Tracheophyta,Magnoliopsida,Ericales,Primulaceae,Primula,NA
Sambucus cf. S. racemosa,Plantae,Tracheophyta,Magnoliopsida,Dipsacales,Viburnaceae,Sambucus,NA
Saxifraga cf. S. nivalis,Plantae,Tracheophyta,Magnoliopsida,Saxifragales,Saxifragaceae,Saxifraga,NA
Stellaria cf. S. palustris,Plantae,Tracheophyta,Magnoliopsida,Caryophyllales,Caryophyllaceae,Stellaria,NA
Stellaria graminea,Plantae,Tracheophyta,Magnoliopsida,Caryophyllales,Caryophyllaceae,Stellaria,Stellaria graminea
Carex hirta-type,Plantae,Tracheophyta,Liliopsida,Poales,Cyperaceae,Carex,NA
Caryophyllaceae cf. Silene latifolia subsp. alba,Plantae,Tracheophyta,Magnoliopsida,Caryophyllales,Caryophyllaceae,Caryophyllaceae,NA
Gypsophila muralis,Plantae,Tracheophyta,Magnoliopsida,Caryophyllales,Caryophyllaceae,Psammophiliella,Psammophiliella muralis
Melilotus officinalis,Plantae,Tracheophyta,Magnoliopsida,Fabales,Fabaceae,Melilotus,Melilotus officinalis
Pyrola,Plantae,Tracheophyta,Magnoliopsida,Ericales,Ericaceae,Pyrola,NA
Stellaria,Plantae,Tracheophyta,Magnoliopsida,Caryophyllales,Caryophyllaceae,Stellaria,NA
Stellaria cf. S. media,Plantae,Tracheophyta,Magnoliopsida,Caryophyllales,Caryophyllaceae,Stellaria,NA
Allium vineale-type,Plantae,Tracheophyta,Liliopsida,Asparagales,Amaryllidaceae,Allium,NA
Armeria maritima subsp. elongata,Plantae,Tracheophyta,Magnoliopsida,Caryophyllales,Plumbaginaceae,Armeria,Armeria maritima
Iris pseudacorus,Plantae,Tracheophyta,Liliopsida,Asparagales,Iridaceae,Iris,Iris pseudacorus
Papaver argemone,Plantae,Tracheophyta,Magnoliopsida,Ranunculales,Papaveraceae,Roemeria,Roemeria argemone
Polygala vulgaris,Plantae,Tracheophyta,Magnoliopsida,Fabales,Polygalaceae,Polygala,Polygala vulgaris
Rumex conglomeratus-type,Plantae,Tracheophyta,Magnoliopsida,Caryophyllales,Polygonaceae,Rumex,NA
Saxifraga cf. S. aizoides,Plantae,Tracheophyta,Magnoliopsida,Saxifragales,Saxifragaceae,Saxifraga,NA
Trifolium pratense,Plantae,Tracheophyta,Magnoliopsida,Fabales,Fabaceae,Trifolium,Trifolium pratense
Chenopodium album,Plantae,Tracheophyta,Magnoliopsida,Caryophyllales,Amaranthaceae,Chenopodium,Chenopodium album
Fumaria,Plantae,Tracheophyta,Magnoliopsida,Ranunculales,Papaveraceae,Fumaria,NA
Pimpinella,Plantae,Tracheophyta,Magnoliopsida,Apiales,Apiaceae,Pimpinella,NA
Scabiosa columbaria,Plantae,Tracheophyta,Magnoliopsida,Dipsacales,Caprifoliaceae,Scabiosa,Scabiosa columbaria
Valerianella dentata,Plantae,Tracheophyta,Magnoliopsida,Dipsacales,Caprifoliaceae,Valerianella,Valerianella dentata
Hornungia,Plantae,Tracheophyta,Magnoliopsida,Brassicales,Brassicaceae,Hornungia,NA
Listera,Plantae,Tracheophyta,Magnoliopsida,Fabales,Fabaceae,Listera,NA
Poaceae (large),Plantae,Tracheophyta,Liliopsida,Poales,Poaceae,Poaceae,NA
Anthriscus sylvestris,Plantae,Tracheophyta,Magnoliopsida,Apiales,Apiaceae,Anthriscus,Anthriscus sylvestris
Calluna vulgaris-type,Plantae,Tracheophyta,Magnoliopsida,Ericales,Ericaceae,Calluna,NA
Centaurea montana/Cyanus triumfettii,Plantae,Tracheophyta,Magnoliopsida,Asterales,Asteraceae,Centaurea,NA
Cerastium fontanum-type,Plantae,Tracheophyta,Magnoliopsida,Caryophyllales,Caryophyllaceae,Cerastium,NA
Cornus sanguinea-type,Plantae,Tracheophyta,Magnoliopsida,Cornales,Cornaceae,Cornus,NA
Falcaria vulgaris-type,Plantae,Tracheophyta,Magnoliopsida,Apiales,Apiaceae,Falcaria,NA
Fraxinus excelsior-type,Plantae,Tracheophyta,Magnoliopsida,Lamiales,Oleaceae,Fraxinus,NA
Herniaria glabra-type,Plantae,Tracheophyta,Magnoliopsida,Caryophyllales,Caryophyllaceae,Herniaria,NA
Ilex aquifolium-type,Plantae,Tracheophyta,Magnoliopsida,Aquifoliales,Aquifoliaceae,Ilex,NA
Laurus,Plantae,Tracheophyta,Magnoliopsida,Laurales,Lauraceae,Laurus,NA
Ligusticum mutellina,Plantae,Tracheophyta,Magnoliopsida,Apiales,Apiaceae,Mutellina,Mutellina adonidifolia
Linum austriacum-type,Plantae,Tracheophyta,Magnoliopsida,Malpighiales,Linaceae,Linum,NA
Morus alba,Plantae,Tracheophyta,Magnoliopsida,Rosales,Moraceae,Morus,Morus alba
Pentaglottis sempervirens,Plantae,Tracheophyta,Magnoliopsida,Boraginales,Boraginaceae,Pentaglottis,Pentaglottis sempervirens
Pinus sylvestris-type,Plantae,Tracheophyta,Pinopsida,Pinales,Pinaceae,Pinus,NA
Sambucus racemosa,Plantae,Tracheophyta,Magnoliopsida,Dipsacales,Viburnaceae,Sambucus,Sambucus racemosa
Saxifraga granulata,Plantae,Tracheophyta,Magnoliopsida,Saxifragales,Saxifragaceae,Saxifraga,Saxifraga granulata
Sorbus aucuparia-type,Plantae,Tracheophyta,Magnoliopsida,Rosales,Rosaceae,Sorbus,NA
Trifolium badium-type,Plantae,Tracheophyta,Magnoliopsida,Fabales,Fabaceae,Trifolium,NA
Berberis vulgaris,Plantae,Tracheophyta,Magnoliopsida,Ranunculales,Berberidaceae,Berberis,Berberis vulgaris
Betula cf. B. nana,Plantae,Tracheophyta,Magnoliopsida,Fagales,Betulaceae,Betula,NA
Corydalis,Plantae,Tracheophyta,Magnoliopsida,Ranunculales,Papaveraceae,Corydalis,NA
Cyperus,Plantae,Tracheophyta,Liliopsida,Poales,Cyperaceae,Cyperus,NA
Empetrum cf. E. nigrum,Plantae,Tracheophyta,Magnoliopsida,Ericales,Ericaceae,Empetrum,NA
Gypsophila fastigiata-type,Plantae,Tracheophyta,Magnoliopsida,Caryophyllales,Caryophyllaceae,Gypsophila,NA
Populus tremula-type,Plantae,Tracheophyta,Magnoliopsida,Malpighiales,Salicaceae,Populus,NA
Silene undiff.,Plantae,Tracheophyta,Magnoliopsida,Caryophyllales,Caryophyllaceae,Silene,NA
Urtica cf. U. dioica,Plantae,Tracheophyta,Magnoliopsida,Rosales,Urticaceae,Urtica,NA
Buxus sempervirens,Plantae,Tracheophyta,Magnoliopsida,Buxales,Buxaceae,Buxus,Buxus sempervirens
Fallopia convolvulus/F. dumetorum,Plantae,Tracheophyta,Magnoliopsida,Caryophyllales,Polygonaceae,Fallopia,NA
Polygonatum verticillatum,Plantae,Tracheophyta,Liliopsida,Asparagales,Asparagaceae,Polygonatum,Polygonatum verticillatum
Primula farinosa-type,Plantae,Tracheophyta,Magnoliopsida,Ericales,Primulaceae,Primula,NA
Rumex cf. R. obtusifolius,Plantae,Tracheophyta,Magnoliopsida,Caryophyllales,Polygonaceae,Rumex,NA
Sambucus cf. S. nigra,Plantae,Tracheophyta,Magnoliopsida,Dipsacales,Viburnaceae,Sambucus,NA
Saxifraga cf. S. hirculus,Plantae,Tracheophyta,Magnoliopsida,Saxifragales,Saxifragaceae,Saxifraga,NA
Staphylea,Plantae,Tracheophyta,Magnoliopsida,Crossosomatales,Staphyleaceae,Staphylea,NA
Syringa,Plantae,Tracheophyta,Magnoliopsida,Lamiales,Oleaceae,Syringa,NA
Anthyllis,Plantae,Tracheophyta,Magnoliopsida,Fabales,Fabaceae,Anthyllis,NA
Arnica montana,Plantae,Tracheophyta,Magnoliopsida,Asterales,Asteraceae,Arnica,Arnica montana
Astragalus alpinus-type,Plantae,Tracheophyta,Magnoliopsida,Fabales,Fabaceae,Astragalus,NA
Bellis,Plantae,Tracheophyta,Magnoliopsida,Asterales,Asteraceae,Bellis,NA
Cerastium arvense-type,Plantae,Tracheophyta,Magnoliopsida,Caryophyllales,Caryophyllaceae,Cerastium,NA
Convallaria majalis,Plantae,Tracheophyta,Liliopsida,Asparagales,Asparagaceae,Convallaria,Convallaria majalis
Cytisus scoparius,Plantae,Tracheophyta,Magnoliopsida,Fabales,Fabaceae,Cytisus,Cytisus scoparius
Daucus carota,Plantae,Tracheophyta,Magnoliopsida,Apiales,Apiaceae,Daucus,Daucus carota
Dianthus superbus-type,Plantae,Tracheophyta,Magnoliopsida,Caryophyllales,Caryophyllaceae,Dianthus,NA
Erigeron,Plantae,Tracheophyta,Magnoliopsida,Asterales,Asteraceae,Erigeron,NA
Homogyne,Plantae,Tracheophyta,Magnoliopsida,Asterales,Asteraceae,Homogyne,NA
Lonicera xylosteum-type,Plantae,Tracheophyta,Magnoliopsida,Dipsacales,Caprifoliaceae,Lonicera,NA
Medicago falcata-type,Plantae,Tracheophyta,Magnoliopsida,Fabales,Fabaceae,Medicago,NA
Mercurialis annua,Plantae,Tracheophyta,Magnoliopsida,Malpighiales,Euphorbiaceae,Mercurialis,Mercurialis annua
Minuartia rubra-type,Plantae,Tracheophyta,Magnoliopsida,Caryophyllales,Caryophyllaceae,Minuartia,NA
Onosma,Plantae,Tracheophyta,Magnoliopsida,Boraginales,Boraginaceae,Onosma,NA
Primula hirsuta-type,Plantae,Tracheophyta,Magnoliopsida,Ericales,Primulaceae,Primula,NA
Rosa,Plantae,Tracheophyta,Magnoliopsida,Rosales,Rosaceae,Rosa,NA
Senecio,Plantae,Tracheophyta,Magnoliopsida,Asterales,Asteraceae,Senecio,NA
Solidago,Plantae,Tracheophyta,Magnoliopsida,Asterales,Asteraceae,Solidago,NA
Tussilago farfara,Plantae,Tracheophyta,Magnoliopsida,Asterales,Asteraceae,Tussilago,Tussilago farfara
Valeriana tripteris-type,Plantae,Tracheophyta,Magnoliopsida,Dipsacales,Caprifoliaceae,Valeriana,NA
Ranunculus lingua-type,Plantae,Tracheophyta,Magnoliopsida,Ranunculales,Ranunculaceae,Ranunculus,NA
Arbutus,Plantae,Tracheophyta,Magnoliopsida,Ericales,Ericaceae,Arbutus,NA
Arceuthobium oxycedri,Plantae,Tracheophyta,Magnoliopsida,Santalales,Viscaceae,Arceuthobium,Arceuthobium oxycedri
Asparagus acutifolius,Plantae,Tracheophyta,Liliopsida,Asparagales,Asparagaceae,Asparagus,Asparagus acutifolius
Asphodeline,Plantae,Tracheophyta,Liliopsida,Asparagales,Asphodelaceae,Asphodeline,NA
Asphodelus albus-type,Plantae,Tracheophyta,Liliopsida,Asparagales,Asphodelaceae,Asphodelus,NA
Calligonum,Plantae,Tracheophyta,Magnoliopsida,Caryophyllales,Polygonaceae,Calligonum,NA
Carlina,Plantae,Tracheophyta,Magnoliopsida,Asterales,Asteraceae,Carlina,NA
Carthamus,Plantae,Tracheophyta,Magnoliopsida,Asterales,Asteraceae,Carthamus,NA
Celtis australis,Plantae,Tracheophyta,Magnoliopsida,Rosales,Cannabaceae,Celtis,Celtis australis
Centaurium,Plantae,Tracheophyta,Magnoliopsida,Gentianales,Gentianaceae,Centaurium,NA
Cerinthe,Plantae,Tracheophyta,Magnoliopsida,Boraginales,Boraginaceae,Cerinthe,NA
Cistus monspeliensis,Plantae,Tracheophyta,Magnoliopsida,Malvales,Cistaceae,Cistus,Cistus monspeliensis
Cistus salviifolius,Plantae,Tracheophyta,Magnoliopsida,Malvales,Cistaceae,Cistus,Cistus salviifolius
Epipactis palustris-type,Plantae,Tracheophyta,Liliopsida,Asparagales,Orchidaceae,Epipactis,NA
Erica arborea-type,Plantae,Tracheophyta,Magnoliopsida,Ericales,Ericaceae,Erica,NA
Ficus,Plantae,Tracheophyta,Magnoliopsida,Rosales,Moraceae,Ficus,NA
Helleborus foetidus,Plantae,Tracheophyta,Magnoliopsida,Ranunculales,Ranunculaceae,Helleborus,Helleborus foetidus
Linum usitatissimum-type,Plantae,Tracheophyta,Magnoliopsida,Malpighiales,Linaceae,Linum,NA
Lycopsis arvensis,Plantae,Tracheophyta,Magnoliopsida,Boraginales,Boraginaceae,Lycopsis,Lycopsis arvensis
Lygeum spartum,Plantae,Tracheophyta,Liliopsida,Poales,Poaceae,Lygeum,Lygeum spartum
Myrtus communis,Plantae,Tracheophyta,Magnoliopsida,Myrtales,Myrtaceae,Myrtus,Myrtus communis
Nerium oleander,Plantae,Tracheophyta,Magnoliopsida,Gentianales,Apocynaceae,Nerium,Nerium oleander
Pinus halepensis-type,Plantae,Tracheophyta,Pinopsida,Pinales,Pinaceae,Pinus,NA
Quercus cerris/Q. suber,Plantae,Tracheophyta,Magnoliopsida,Fagales,Fagaceae,Quercus,NA
Quercus pubescens-type,Plantae,Tracheophyta,Magnoliopsida,Fagales,Fagaceae,Quercus,NA
Theligonum cynocrambe,Plantae,Tracheophyta,Magnoliopsida,Gentianales,Rubiaceae,Theligonum,Theligonum cynocrambe
Thymelaeaceae,Plantae,Tracheophyta,Magnoliopsida,Malvales,Thymelaeaceae,Thymelaeaceae,NA
Viburnum tinus,Plantae,Tracheophyta,Magnoliopsida,Dipsacales,Viburnaceae,Viburnum,Viburnum tinus
Carpinus orientalis,Plantae,Tracheophyta,Magnoliopsida,Fagales,Betulaceae,Carpinus,Carpinus orientalis
Jurinea,Plantae,Tracheophyta,Magnoliopsida,Asterales,Asteraceae,Jurinea,NA
Quercus cerris,Plantae,Tracheophyta,Magnoliopsida,Fagales,Fagaceae,Quercus,Quercus cerris
Anemone sect. Hepatica,Plantae,Tracheophyta,Magnoliopsida,Ranunculales,Ranunculaceae,Hepatica,NA
Mercurialis perennis-type,Plantae,Tracheophyta,Magnoliopsida,Malpighiales,Euphorbiaceae,Mercurialis,NA
Orlaya grandiflora,Plantae,Tracheophyta,Magnoliopsida,Apiales,Apiaceae,Orlaya,Orlaya grandiflora
Torilis arvensis,Plantae,Tracheophyta,Magnoliopsida,Apiales,Apiaceae,Torilis,Torilis arvensis
Trifolium alpinum-type,Plantae,Tracheophyta,Magnoliopsida,Fabales,Fabaceae,Trifolium,NA
Asarum europaeum,Plantae,Tracheophyta,Magnoliopsida,Piperales,Aristolochiaceae,Asarum,Asarum europaeum
Betula pendula,Plantae,Tracheophyta,Magnoliopsida,Fagales,Betulaceae,Betula,Betula pendula
Betula pubescens,Plantae,Tracheophyta,Magnoliopsida,Fagales,Betulaceae,Betula,Betula pubescens
Cichorium,Plantae,Tracheophyta,Magnoliopsida,Asterales,Asteraceae,Cichorium,NA
Illecebrum,Plantae,Tracheophyta,Magnoliopsida,Caryophyllales,Caryophyllaceae,Illecebrum,NA
Oxalidaceae,Plantae,Tracheophyta,Magnoliopsida,Oxalidales,Oxalidaceae,Oxalidaceae,NA
Plantaginaceae,Plantae,Tracheophyta,Magnoliopsida,Lamiales,Plantaginaceae,Plantaginaceae,NA
Santalaceae,Plantae,Tracheophyta,Magnoliopsida,Santalales,Santalaceae,Santalaceae,NA
Violaceae,Plantae,Tracheophyta,Magnoliopsida,Malpighiales,Violaceae,Violaceae,NA
Iridaceae,Plantae,Tracheophyta,Liliopsida,Asparagales,Iridaceae,Iridaceae,NA
Pinus peuce,Plantae,Tracheophyta,Pinopsida,Pinales,Pinaceae,Pinus,Pinus peuce
Quercus cerris-type,Plantae,Tracheophyta,Magnoliopsida,Fagales,Fagaceae,Quercus,NA
Plantago media/P. montana,Plantae,Tracheophyta,Magnoliopsida,Lamiales,Plantaginaceae,Plantago,NA
Pistacia lentiscus,Plantae,Tracheophyta,Magnoliopsida,Sapindales,Anacardiaceae,Pistacia,Pistacia lentiscus
Saxifraga paniculata-type,Plantae,Tracheophyta,Magnoliopsida,Saxifragales,Saxifragaceae,Saxifraga,NA
Sempervivum,Plantae,Tracheophyta,Magnoliopsida,Saxifragales,Crassulaceae,Sempervivum,NA
Streptopus amplexifolius,Plantae,Tracheophyta,Liliopsida,Liliales,Liliaceae,Streptopus,Streptopus amplexifolius
Vincetoxicum,Plantae,Tracheophyta,Magnoliopsida,Gentianales,Apocynaceae,Vincetoxicum,NA
Xeranthemum,Plantae,Tracheophyta,Magnoliopsida,Asterales,Asteraceae,Xeranthemum,NA
Myosotis arvensis-type,Plantae,Tracheophyta,Magnoliopsida,Boraginales,Boraginaceae,Myosotis,NA
Lotus corniculatus,Plantae,Tracheophyta,Magnoliopsida,Fabales,Fabaceae,Lotus,Lotus corniculatus
Persicaria lapathifolia,Plantae,Tracheophyta,Magnoliopsida,Caryophyllales,Polygonaceae,Persicaria,Persicaria lapathifolia
Poterium,Plantae,Tracheophyta,Magnoliopsida,Rosales,Rosaceae,Poterium,NA
Quercus (deciduous),Plantae,Tracheophyta,Magnoliopsida,Fagales,Fagaceae,Quercus,NA
Rumex aquaticus,Plantae,Tracheophyta,Magnoliopsida,Caryophyllales,Polygonaceae,Rumex,Rumex aquaticus
Sambucus ebulus,Plantae,Tracheophyta,Magnoliopsida,Dipsacales,Viburnaceae,Sambucus,Sambucus ebulus
Tilia undiff.,Plantae,Tracheophyta,Magnoliopsida,Malvales,Malvaceae,Tilia,NA
Arctostaphylos uva-ursi-type,Plantae,Tracheophyta,Magnoliopsida,Ericales,Ericaceae,Arctostaphylos,NA
Betula pubescens-type,Plantae,Tracheophyta,Magnoliopsida,Fagales,Betulaceae,Betula,NA
Chamaenerion,Plantae,Tracheophyta,Magnoliopsida,Myrtales,Onagraceae,Chamaenerion,NA
Cryptomeria,Plantae,Tracheophyta,Pinopsida,Pinales,Cupressaceae,Cryptomeria,NA
Rumex cf. R. alpinus,Plantae,Tracheophyta,Magnoliopsida,Caryophyllales,Polygonaceae,Rumex,NA
Saxifraga undiff.,Plantae,Tracheophyta,Magnoliopsida,Saxifragales,Saxifragaceae,Saxifraga,NA
Sciadopitys,Plantae,Tracheophyta,Pinopsida,Pinales,Sciadopityaceae,Sciadopitys,NA
Sequoia,Plantae,Tracheophyta,Pinopsida,Pinales,Cupressaceae,Sequoia,NA
Sorbus aria-type,Plantae,Tracheophyta,Magnoliopsida,Rosales,Rosaceae,Sorbus,NA
Tsuga diversifolia-type,Plantae,Tracheophyta,Pinopsida,Pinales,Pinaceae,Tsuga,NA
Buphthalmum,Plantae,Tracheophyta,Magnoliopsida,Asterales,Asteraceae,Buphthalmum,NA
Geum montanum-type,Plantae,Tracheophyta,Magnoliopsida,Rosales,Rosaceae,Geum,NA
Holosteum umbellatum,Plantae,Tracheophyta,Magnoliopsida,Caryophyllales,Caryophyllaceae,Holosteum,Holosteum umbellatum
Ligusticum mutellinoides-type,Plantae,Tracheophyta,Magnoliopsida,Apiales,Apiaceae,Ligusticum,NA
Minuartia verna-type,Plantae,Tracheophyta,Magnoliopsida,Caryophyllales,Caryophyllaceae,Minuartia,NA
Myricaria germanica,Plantae,Tracheophyta,Magnoliopsida,Caryophyllales,Tamaricaceae,Myricaria,Myricaria germanica
Turgenia latifolia,Plantae,Tracheophyta,Magnoliopsida,Apiales,Apiaceae,Turgenia,Turgenia latifolia
Linaceae,Plantae,Tracheophyta,Magnoliopsida,Malpighiales,Linaceae,Linaceae,NA
Olea europaea,Plantae,Tracheophyta,Magnoliopsida,Lamiales,Oleaceae,Olea,Olea europaea
Quercus canariensis,Plantae,Tracheophyta,Magnoliopsida,Fagales,Fagaceae,Quercus,Quercus canariensis
Quercus suber,Plantae,Tracheophyta,Magnoliopsida,Fagales,Fagaceae,Quercus,Quercus suber
Centaurea undiff.,Plantae,Tracheophyta,Magnoliopsida,Asterales,Asteraceae,Centaurea,NA
Knautia arvensis-type,Plantae,Tracheophyta,Magnoliopsida,Dipsacales,Caprifoliaceae,Knautia,NA
Lycopus,Plantae,Tracheophyta,Magnoliopsida,Lamiales,Lamiaceae,Lycopus,NA
Scleranthus annuus-type,Plantae,Tracheophyta,Magnoliopsida,Caryophyllales,Caryophyllaceae,Scleranthus,NA
Sorbus torminalis,Plantae,Tracheophyta,Magnoliopsida,Rosales,Rosaceae,Torminalis,Torminalis glaberrima
Angelica sylvestris,Plantae,Tracheophyta,Magnoliopsida,Apiales,Apiaceae,Angelica,Angelica sylvestris
Athamanta cretensis,Plantae,Tracheophyta,Magnoliopsida,Apiales,Apiaceae,Athamanta,Athamanta cretensis
Lonicera alpigena,Plantae,Tracheophyta,Magnoliopsida,Dipsacales,Caprifoliaceae,Lonicera,Lonicera alpigena
Acanthus,Plantae,Tracheophyta,Magnoliopsida,Lamiales,Acanthaceae,Acanthus,NA
Coriaria,Plantae,Tracheophyta,Magnoliopsida,Cucurbitales,Coriariaceae,Coriaria,NA
Cyperus capitatus,Plantae,Tracheophyta,Liliopsida,Poales,Cyperaceae,Cyperus,Cyperus capitatus
Gentiana verna,Plantae,Tracheophyta,Magnoliopsida,Gentianales,Gentianaceae,Gentiana,Gentiana verna
Ranunculus lanuginosus,Plantae,Tracheophyta,Magnoliopsida,Ranunculales,Ranunculaceae,Ranunculus,Ranunculus lanuginosus
Stellaria holostea-type,Plantae,Tracheophyta,Magnoliopsida,Caryophyllales,Caryophyllaceae,Stellaria,NA
Centaurea solstitialis-type,Plantae,Tracheophyta,Magnoliopsida,Asterales,Asteraceae,Centaurea,NA
Cistus albidus-type,Plantae,Tracheophyta,Magnoliopsida,Malvales,Cistaceae,Cistus,NA
Fraxinus angustifolia-type,Plantae,Tracheophyta,Magnoliopsida,Lamiales,Oleaceae,Fraxinus,NA
Marrubium,Plantae,Tracheophyta,Magnoliopsida,Lamiales,Lamiaceae,Marrubium,NA
Myrtus,Plantae,Tracheophyta,Magnoliopsida,Myrtales,Myrtaceae,Myrtus,NA
Plantago lagopus-type,Plantae,Tracheophyta,Magnoliopsida,Lamiales,Plantaginaceae,Plantago,NA
Quercus (deciduous-type),Plantae,Tracheophyta,Magnoliopsida,Fagales,Fagaceae,Quercus,NA
Quercus (evergreen-type),Plantae,Tracheophyta,Magnoliopsida,Fagales,Fagaceae,Quercus,NA
Crepis,Plantae,Tracheophyta,Magnoliopsida,Asterales,Asteraceae,Crepis,NA
Hypericum elodes,Plantae,Tracheophyta,Magnoliopsida,Malpighiales,Hypericaceae,Hypericum,Hypericum elodes
Rumex hydrolapathum,Plantae,Tracheophyta,Magnoliopsida,Caryophyllales,Polygonaceae,Rumex,Rumex hydrolapathum
Verbena,Plantae,Tracheophyta,Magnoliopsida,Lamiales,Verbenaceae,Verbena,NA
Armeria maritima,Plantae,Tracheophyta,Magnoliopsida,Caryophyllales,Plumbaginaceae,Armeria,Armeria maritima
Atropa belladonna,Plantae,Tracheophyta,Magnoliopsida,Solanales,Solanaceae,Atropa,Atropa belladonna
Borago,Plantae,Tracheophyta,Magnoliopsida,Boraginales,Boraginaceae,Borago,NA
Limonium,Plantae,Tracheophyta,Magnoliopsida,Caryophyllales,Plumbaginaceae,Limonium,NA
Resedaceae,Plantae,Tracheophyta,Magnoliopsida,Brassicales,Resedaceae,Resedaceae,NA
Spartium,Plantae,Tracheophyta,Magnoliopsida,Fabales,Fabaceae,Spartium,NA
Viola tricolor,Plantae,Tracheophyta,Magnoliopsida,Malpighiales,Violaceae,Viola,Viola tricolor
Calystegia sepium-type,Plantae,Tracheophyta,Magnoliopsida,Solanales,Convolvulaceae,Calystegia,NA
Dioscorea,Plantae,Tracheophyta,Liliopsida,Dioscoreales,Dioscoreaceae,Dioscorea,NA
Plantago pro parte,Plantae,Tracheophyta,Magnoliopsida,Lamiales,Plantaginaceae,Plantago,NA
Ammi,Plantae,Tracheophyta,Magnoliopsida,Apiales,Apiaceae,Ammi,NA
Atriplex,Plantae,Tracheophyta,Magnoliopsida,Caryophyllales,Amaranthaceae,Atriplex,NA
Calendula,Plantae,Tracheophyta,Magnoliopsida,Asterales,Asteraceae,Calendula,NA
Draba,Plantae,Tracheophyta,Magnoliopsida,Brassicales,Brassicaceae,Draba,NA
Rosaceae (type A),Plantae,Tracheophyta,Magnoliopsida,Rosales,Rosaceae,Rosaceae,NA
Rosaceae (type B),Plantae,Tracheophyta,Magnoliopsida,Rosales,Rosaceae,Rosaceae,NA
Androsace alpina-type,Plantae,Tracheophyta,Magnoliopsida,Ericales,Primulaceae,Androsace,NA
Chrysosplenium undiff.,Plantae,Tracheophyta,Magnoliopsida,Saxifragales,Saxifragaceae,Chrysosplenium,NA
Lamium album-type,Plantae,Tracheophyta,Magnoliopsida,Lamiales,Lamiaceae,Lamium,NA
Narcissus pseudonarcissus-type,Plantae,Tracheophyta,Liliopsida,Asparagales,Amaryllidaceae,Narcissus,NA
Saxifraga hirculus-type,Plantae,Tracheophyta,Magnoliopsida,Saxifragales,Saxifragaceae,Saxifraga,NA
Helleborus viridis-type,Plantae,Tracheophyta,Magnoliopsida,Ranunculales,Ranunculaceae,Helleborus,NA
Boraginaceae undiff.,Plantae,Tracheophyta,Magnoliopsida,Boraginales,Boraginaceae,Boraginaceae,NA
Tozzia alpina,Plantae,Tracheophyta,Magnoliopsida,Lamiales,Orobanchaceae,Tozzia,Tozzia alpina
Caryophyllaceae pro parte,Plantae,Tracheophyta,Magnoliopsida,Caryophyllales,Caryophyllaceae,Caryophyllaceae,NA
Euphorbia cf. E. palustris,Plantae,Tracheophyta,Magnoliopsida,Malpighiales,Euphorbiaceae,Euphorbia,NA
Fabaceae pro parte,Plantae,Tracheophyta,Magnoliopsida,Fabales,Fabaceae,Fabaceae,NA
Lamiaceae pro parte,Plantae,Tracheophyta,Magnoliopsida,Lamiales,Lamiaceae,Lamiaceae,NA
Liliaceae pro parte,Plantae,Tracheophyta,Liliopsida,Liliales,Liliaceae,Liliaceae,NA
Melampyrum pratense,Plantae,Tracheophyta,Magnoliopsida,Lamiales,Orobanchaceae,Melampyrum,Melampyrum pratense
Poaceae pro parte,Plantae,Tracheophyta,Liliopsida,Poales,Poaceae,Poaceae,NA
Ranunculaceae pro parte,Plantae,Tracheophyta,Magnoliopsida,Ranunculales,Ranunculaceae,Ranunculaceae,NA
Rosaceae pro parte,Plantae,Tracheophyta,Magnoliopsida,Rosales,Rosaceae,Rosaceae,NA
Muscari,Plantae,Tracheophyta,Liliopsida,Asparagales,Asparagaceae,Muscari,NA
Gentiana lutea,Plantae,Tracheophyta,Magnoliopsida,Gentianales,Gentianaceae,Gentiana,Gentiana lutea
Centaurea cf. C. cyanus-type,Plantae,Tracheophyta,Magnoliopsida,Asterales,Asteraceae,Centaurea,NA
Centaurea cf. C. nigra-type,Plantae,Tracheophyta,Magnoliopsida,Asterales,Asteraceae,Centaurea,NA
Centaurea cf. C. scabiosa-type,Plantae,Tracheophyta,Magnoliopsida,Asterales,Asteraceae,Centaurea,NA
Quercus undiff.,Plantae,Tracheophyta,Magnoliopsida,Fagales,Fagaceae,Quercus,NA
Andromeda polifolia,Plantae,Tracheophyta,Magnoliopsida,Ericales,Ericaceae,Andromeda,Andromeda polifolia
Eupatorium,Plantae,Tracheophyta,Magnoliopsida,Asterales,Asteraceae,Eupatorium,NA
Sison amomum,Plantae,Tracheophyta,Magnoliopsida,Apiales,Apiaceae,Sison,Sison amomum
Sium latifolium-type,Plantae,Tracheophyta,Magnoliopsida,Apiales,Apiaceae,Sium,NA
Torilis nodosa,Plantae,Tracheophyta,Magnoliopsida,Apiales,Apiaceae,Torilis,Torilis nodosa
Trinia glauca,Plantae,Tracheophyta,Magnoliopsida,Apiales,Apiaceae,Trinia,Trinia glauca
Betula humilis,Plantae,Tracheophyta,Magnoliopsida,Fagales,Betulaceae,Betula,Betula humilis
Caprifoliaceae,Plantae,Tracheophyta,Magnoliopsida,Dipsacales,Caprifoliaceae,Caprifoliaceae,NA
Lamiaceae (hexacolpate),Plantae,Tracheophyta,Magnoliopsida,Lamiales,Lamiaceae,Lamiaceae,NA
Lamiaceae (tricolpate),Plantae,Tracheophyta,Magnoliopsida,Lamiales,Lamiaceae,Lamiaceae,NA
Psylliostachys spicata,Plantae,Tracheophyta,Magnoliopsida,Caryophyllales,Plumbaginaceae,Psylliostachys,Psylliostachys spicatus
Rumex cf. R. hydrolapathum,Plantae,Tracheophyta,Magnoliopsida,Caryophyllales,Polygonaceae,Rumex,NA
Zygophyllum,Plantae,Tracheophyta,Magnoliopsida,Zygophyllales,Zygophyllaceae,Zygophyllum,NA
Clematis,Plantae,Tracheophyta,Magnoliopsida,Ranunculales,Ranunculaceae,Clematis,NA
Dioscorea communis,Plantae,Tracheophyta,Liliopsida,Dioscoreales,Dioscoreaceae,Dioscorea,Dioscorea communis
Lonicera nigra,Plantae,Tracheophyta,Magnoliopsida,Dipsacales,Caprifoliaceae,Lonicera,Lonicera nigra
Maianthemum bifolium,Plantae,Tracheophyta,Liliopsida,Asparagales,Asparagaceae,Maianthemum,Maianthemum bifolium
Saxifraga hirsuta-type,Plantae,Tracheophyta,Magnoliopsida,Saxifragales,Saxifragaceae,Saxifraga,NA
Silaum silaus,Plantae,Tracheophyta,Magnoliopsida,Apiales,Apiaceae,Silaum,Silaum silaus
Linum undiff.,Plantae,Tracheophyta,Magnoliopsida,Malpighiales,Linaceae,Linum,NA
Myricaria germanica-type,Plantae,Tracheophyta,Magnoliopsida,Caryophyllales,Tamaricaceae,Myricaria,NA
Bistorta vivipara-type,Plantae,Tracheophyta,Magnoliopsida,Caryophyllales,Polygonaceae,Bistorta,NA
Cerastium fontanum,Plantae,Tracheophyta,Magnoliopsida,Caryophyllales,Caryophyllaceae,Cerastium,Cerastium fontanum
Aesculus hippocastanum,Plantae,Tracheophyta,Magnoliopsida,Sapindales,Sapindaceae,Aesculus,Aesculus hippocastanum
Nicotiana,Plantae,Tracheophyta,Magnoliopsida,Solanales,Solanaceae,Nicotiana,NA
Laserpitium latifolium-type,Plantae,Tracheophyta,Magnoliopsida,Apiales,Apiaceae,Laserpitium,NA
Meum athamanticum,Plantae,Tracheophyta,Magnoliopsida,Apiales,Apiaceae,Meum,Meum athamanticum
Cornus mas/C. suecica,Plantae,Tracheophyta,Magnoliopsida,Cornales,Cornaceae,Cornus,NA
Ericales (tetrad),Plantae,Tracheophyta,Magnoliopsida,Ericales,undiff,undiff,NA
Acer campestre,Plantae,Tracheophyta,Magnoliopsida,Sapindales,Sapindaceae,Acer,Acer campestre
Anthriscus caucalis,Plantae,Tracheophyta,Magnoliopsida,Apiales,Apiaceae,Anthriscus,Anthriscus caucalis
Hypericum undiff.,Plantae,Tracheophyta,Magnoliopsida,Malpighiales,Hypericaceae,Hypericum,NA
Polemonium caeruleum,Plantae,Tracheophyta,Magnoliopsida,Ericales,Polemoniaceae,Polemonium,Polemonium caeruleum
Sagina cf. S. nodosa,Plantae,Tracheophyta,Magnoliopsida,Caryophyllales,Caryophyllaceae,Sagina,NA
Sorbus aria,Plantae,Tracheophyta,Magnoliopsida,Rosales,Rosaceae,Aria,Aria edulis
Aethusa cynapium,Plantae,Tracheophyta,Magnoliopsida,Apiales,Apiaceae,Aethusa,Aethusa cynapium
Agrostemma,Plantae,Tracheophyta,Magnoliopsida,Caryophyllales,Caryophyllaceae,Agrostemma,NA
Arnica,Plantae,Tracheophyta,Magnoliopsida,Asterales,Asteraceae,Arnica,NA
Carum carvi-type,Plantae,Tracheophyta,Magnoliopsida,Apiales,Apiaceae,Carum,NA
Chaerophyllum,Plantae,Tracheophyta,Magnoliopsida,Apiales,Apiaceae,Chaerophyllum,NA
Conium maculatum,Plantae,Tracheophyta,Magnoliopsida,Apiales,Apiaceae,Conium,Conium maculatum
Inula,Plantae,Tracheophyta,Magnoliopsida,Asterales,Asteraceae,Inula,NA
Pastinaca sativa,Plantae,Tracheophyta,Magnoliopsida,Apiales,Apiaceae,Pastinaca,Pastinaca sativa
Peucedanum palustre,Plantae,Tracheophyta,Magnoliopsida,Apiales,Apiaceae,Thysselinum,Thysselinum palustre
Primula veris-type,Plantae,Tracheophyta,Magnoliopsida,Ericales,Primulaceae,Primula,NA
Ranunculus flammula,Plantae,Tracheophyta,Magnoliopsida,Ranunculales,Ranunculaceae,Ranunculus,Ranunculus flammula
Scandix pecten-veneris,Plantae,Tracheophyta,Magnoliopsida,Apiales,Apiaceae,Scandix,Scandix pecten-veneris
Silene viscaria-type,Plantae,Tracheophyta,Magnoliopsida,Caryophyllales,Caryophyllaceae,Silene,NA
Sium,Plantae,Tracheophyta,Magnoliopsida,Apiales,Apiaceae,Sium,NA
Swertia perennis,Plantae,Tracheophyta,Magnoliopsida,Gentianales,Gentianaceae,Swertia,Swertia perennis
Torilis japonica,Plantae,Tracheophyta,Magnoliopsida,Apiales,Apiaceae,Torilis,Torilis japonica
Buglossoides arvensis,Plantae,Tracheophyta,Magnoliopsida,Boraginales,Boraginaceae,Buglossoides,Buglossoides arvensis
Eryngium campestre,Plantae,Tracheophyta,Magnoliopsida,Apiales,Apiaceae,Eryngium,Eryngium campestre
Primulaceae undiff.,Plantae,Tracheophyta,Magnoliopsida,Ericales,Primulaceae,Primulaceae,NA
Orthilia,Plantae,Tracheophyta,Magnoliopsida,Ericales,Ericaceae,Orthilia,NA
Digitalis purpurea-type,Plantae,Tracheophyta,Magnoliopsida,Lamiales,Plantaginaceae,Digitalis,NA
Erica ciliaris-type,Plantae,Tracheophyta,Magnoliopsida,Ericales,Ericaceae,Erica,NA
Lythrum salicaria-type,Plantae,Tracheophyta,Magnoliopsida,Myrtales,Lythraceae,Lythrum,NA
Poaceae (annulus >10 µm),Plantae,Tracheophyta,Liliopsida,Poales,Poaceae,Poaceae,NA
Rumex sanguineus-type,Plantae,Tracheophyta,Magnoliopsida,Caryophyllales,Polygonaceae,Rumex,NA
Solidago virgaurea-type,Plantae,Tracheophyta,Magnoliopsida,Asterales,Asteraceae,Solidago,NA
Anagallis tenella,Plantae,Tracheophyta,Magnoliopsida,Ericales,Primulaceae,Lysimachia,Lysimachia tenella
Crassulaceae undiff.,Plantae,Tracheophyta,Magnoliopsida,Saxifragales,Crassulaceae,Crassulaceae,NA
Myosotis arvensis,Plantae,Tracheophyta,Magnoliopsida,Boraginales,Boraginaceae,Myosotis,Myosotis arvensis
Poaceae (<37 µm),Plantae,Tracheophyta,Liliopsida,Poales,Poaceae,Poaceae,NA
Andromeda,Plantae,Tracheophyta,Magnoliopsida,Ericales,Ericaceae,Andromeda,NA
Crataegus monogyna,Plantae,Tracheophyta,Magnoliopsida,Rosales,Rosaceae,Crataegus,Crataegus monogyna
Plantago tenuiflora,Plantae,Tracheophyta,Magnoliopsida,Lamiales,Plantaginaceae,Plantago,Plantago tenuiflora
Umbilicus rupestris,Plantae,Tracheophyta,Magnoliopsida,Saxifragales,Crassulaceae,Umbilicus,Umbilicus rupestris
Vicia sylvatica,Plantae,Tracheophyta,Magnoliopsida,Fabales,Fabaceae,Vicia,Vicia sylvatica
Monotropa,Plantae,Tracheophyta,Magnoliopsida,Ericales,Ericaceae,Monotropa,NA
Anemone alpina,Plantae,Tracheophyta,Magnoliopsida,Ranunculales,Ranunculaceae,Anemone,Pulsatilla alpina
Ligusticum,Plantae,Tracheophyta,Magnoliopsida,Apiales,Apiaceae,Ligusticum,NA
Peucedanum,Plantae,Tracheophyta,Magnoliopsida,Apiales,Apiaceae,Peucedanum,NA
Plantago montana,Plantae,Tracheophyta,Magnoliopsida,Lamiales,Plantaginaceae,Plantago,Plantago atrata
Polygala vulgaris-type,Plantae,Tracheophyta,Magnoliopsida,Fabales,Polygalaceae,Polygala,NA
Ranunculus aconitifolius,Plantae,Tracheophyta,Magnoliopsida,Ranunculales,Ranunculaceae,Ranunculus,Ranunculus aconitifolius
Seseli,Plantae,Tracheophyta,Magnoliopsida,Apiales,Apiaceae,Seseli,NA
Homogyne alpina,Plantae,Tracheophyta,Magnoliopsida,Asterales,Asteraceae,Homogyne,Homogyne alpina
Xanthium spinosum-type,Plantae,Tracheophyta,Magnoliopsida,Asterales,Asteraceae,Xanthium,NA
Oenanthe fistulosa-type,Plantae,Tracheophyta,Magnoliopsida,Apiales,Apiaceae,Oenanthe,NA
Plantago atrata,Plantae,Tracheophyta,Magnoliopsida,Lamiales,Plantaginaceae,Plantago,Plantago atrata
Pseudofumaria lutea-type,Plantae,Tracheophyta,Magnoliopsida,Ranunculales,Papaveraceae,Pseudofumaria,NA
Rumex alpinus-type,Plantae,Tracheophyta,Magnoliopsida,Caryophyllales,Polygonaceae,Rumex,NA
Scabiosa columbaria-type,Plantae,Tracheophyta,Magnoliopsida,Dipsacales,Caprifoliaceae,Scabiosa,NA
Staphylea pinnata,Plantae,Tracheophyta,Magnoliopsida,Crossosomatales,Staphyleaceae,Staphylea,Staphylea pinnata
Succisa pratensis-type,Plantae,Tracheophyta,Magnoliopsida,Dipsacales,Caprifoliaceae,Succisa,NA
Trachycarpus fortunei,Plantae,Tracheophyta,Liliopsida,Arecales,Arecaceae,Trachycarpus,Trachycarpus fortunei
Tribulus terrestris,Plantae,Tracheophyta,Magnoliopsida,Zygophyllales,Zygophyllaceae,Tribulus,Tribulus terrestris
Viola canina-type,Plantae,Tracheophyta,Magnoliopsida,Malpighiales,Violaceae,Viola,NA
Berula erecta,Plantae,Tracheophyta,Magnoliopsida,Apiales,Apiaceae,Berula,Berula erecta
Morus alba-type,Plantae,Tracheophyta,Magnoliopsida,Rosales,Moraceae,Morus,NA
Artemisia herba-alba-type,Plantae,Tracheophyta,Magnoliopsida,Asterales,Asteraceae,Artemisia,NA
Artemisia vulgaris-type,Plantae,Tracheophyta,Magnoliopsida,Asterales,Asteraceae,Artemisia,NA
Betulaceae,Plantae,Tracheophyta,Magnoliopsida,Fagales,Betulaceae,Betulaceae,NA
Cotinus coggygria,Plantae,Tracheophyta,Magnoliopsida,Sapindales,Anacardiaceae,Cotinus,Cotinus coggygria
Loranthus,Plantae,Tracheophyta,Magnoliopsida,Santalales,Loranthaceae,Loranthus,NA
Paliurus,Plantae,Tracheophyta,Magnoliopsida,Rosales,Rhamnaceae,Paliurus,NA
Ranunculus repens-type,Plantae,Tracheophyta,Magnoliopsida,Ranunculales,Ranunculaceae,Ranunculus,NA
Ranunculus sceleratus-type,Plantae,Tracheophyta,Magnoliopsida,Ranunculales,Ranunculaceae,Ranunculus,NA
Rubus fruticosus,Plantae,Tracheophyta,Magnoliopsida,Rosales,Rosaceae,Rubus,Rubus cochinchinensis
Adonis,Plantae,Tracheophyta,Magnoliopsida,Ranunculales,Ranunculaceae,Adonis,NA
Armeria (type A),Plantae,Tracheophyta,Magnoliopsida,Caryophyllales,Plumbaginaceae,Armeria,NA
Armeria (type B),Plantae,Tracheophyta,Magnoliopsida,Caryophyllales,Plumbaginaceae,Armeria,NA
Glaux,Plantae,Tracheophyta,Magnoliopsida,Fabales,Fabaceae,Astragalus,NA
Trifolium undiff.,Plantae,Tracheophyta,Magnoliopsida,Fabales,Fabaceae,Trifolium,NA
Malva sylvestris-type,Plantae,Tracheophyta,Magnoliopsida,Malvales,Malvaceae,Malva,NA
Pinus pinaster,Plantae,Tracheophyta,Pinopsida,Pinales,Pinaceae,Pinus,Pinus pinaster
Quercus pyrenaica-type,Plantae,Tracheophyta,Magnoliopsida,Fagales,Fagaceae,Quercus,NA
Urtica dioica-type,Plantae,Tracheophyta,Magnoliopsida,Rosales,Urticaceae,Urtica,NA
Amaranthus,Plantae,Tracheophyta,Magnoliopsida,Caryophyllales,Amaranthaceae,Amaranthus,NA
Anemone hortensis-type,Plantae,Tracheophyta,Magnoliopsida,Ranunculales,Ranunculaceae,Anemone,NA
Asparagus,Plantae,Tracheophyta,Liliopsida,Asparagales,Asparagaceae,Asparagus,NA
Asphodelus fistulosus,Plantae,Tracheophyta,Liliopsida,Asparagales,Asphodelaceae,Asphodelus,Asphodelus fistulosus
Bituminaria bituminosa,Plantae,Tracheophyta,Magnoliopsida,Fabales,Fabaceae,Bituminaria,Bituminaria bituminosa
Borago officinalis,Plantae,Tracheophyta,Magnoliopsida,Boraginales,Boraginaceae,Borago,Borago officinalis
Chamaerops humilis,Plantae,Tracheophyta,Liliopsida,Arecales,Arecaceae,Chamaerops,Chamaerops humilis
Citrus,Plantae,Tracheophyta,Magnoliopsida,Sapindales,Rutaceae,Citrus,NA
Cynoglossum officinale-type,Plantae,Tracheophyta,Magnoliopsida,Boraginales,Boraginaceae,Cynoglossum,NA
Dorycnium,Plantae,Tracheophyta,Magnoliopsida,Fabales,Fabaceae,Lotus,NA
Fedia cornucopiae,Plantae,Tracheophyta,Magnoliopsida,Dipsacales,Caprifoliaceae,Fedia,Fedia cornucopiae
Ficus carica,Plantae,Tracheophyta,Magnoliopsida,Rosales,Moraceae,Ficus,Ficus carica
Gypsophila arrostii,Plantae,Tracheophyta,Magnoliopsida,Caryophyllales,Caryophyllaceae,Gypsophila,Gypsophila arrostii
Helleborus viridis,Plantae,Tracheophyta,Magnoliopsida,Ranunculales,Ranunculaceae,Helleborus,Helleborus viridis
Ornithopus,Plantae,Tracheophyta,Magnoliopsida,Fabales,Fabaceae,Ornithopus,NA
Phlomis,Plantae,Tracheophyta,Magnoliopsida,Lamiales,Lamiaceae,Phlomis,NA
Rumex scutatus-type,Plantae,Tracheophyta,Magnoliopsida,Caryophyllales,Polygonaceae,Rumex,NA
Saxifraga tridactylitis-type,Plantae,Tracheophyta,Magnoliopsida,Saxifragales,Saxifragaceae,Saxifraga,NA
Sideritis,Plantae,Tracheophyta,Magnoliopsida,Lamiales,Lamiaceae,Sideritis,NA
Simethis planifolia,Plantae,Tracheophyta,Liliopsida,Asparagales,Asphodelaceae,Simethis,Simethis mattiazzii
Tamarix,Plantae,Tracheophyta,Magnoliopsida,Caryophyllales,Tamaricaceae,Tamarix,NA
Tuberaria,Plantae,Tracheophyta,Magnoliopsida,Malvales,Cistaceae,Tuberaria,NA
Urtica membranacea-type,Plantae,Tracheophyta,Magnoliopsida,Rosales,Urticaceae,Urtica,NA
Urtica pilulifera,Plantae,Tracheophyta,Magnoliopsida,Rosales,Urticaceae,Urtica,Urtica pilulifera
Zelkova,Plantae,Tracheophyta,Magnoliopsida,Rosales,Ulmaceae,Zelkova,NA
Aruncus,Plantae,Tracheophyta,Magnoliopsida,Rosales,Rosaceae,Aruncus,NA
Astrantia,Plantae,Tracheophyta,Magnoliopsida,Apiales,Apiaceae,Astrantia,NA
Bartsia,Plantae,Tracheophyta,Magnoliopsida,Lamiales,Orobanchaceae,Bartsia,NA
Filipendula ulmaria,Plantae,Tracheophyta,Magnoliopsida,Rosales,Rosaceae,Filipendula,Filipendula ulmaria
Gnaphalium,Plantae,Tracheophyta,Magnoliopsida,Asterales,Asteraceae,Gnaphalium,NA
Pedicularis palustris,Plantae,Tracheophyta,Magnoliopsida,Lamiales,Orobanchaceae,Pedicularis,Pedicularis palustris
Ribes alpinum,Plantae,Tracheophyta,Magnoliopsida,Saxifragales,Grossulariaceae,Ribes,Ribes alpinum
Silene vulgaris,Plantae,Tracheophyta,Magnoliopsida,Caryophyllales,Caryophyllaceae,Silene,Silene vulgaris
Veratrum album,Plantae,Tracheophyta,Liliopsida,Liliales,Melanthiaceae,Veratrum,Veratrum album
Ailanthus,Plantae,Tracheophyta,Magnoliopsida,Sapindales,Simaroubaceae,Ailanthus,NA
Centaurea solstitialis,Plantae,Tracheophyta,Magnoliopsida,Asterales,Asteraceae,Centaurea,Centaurea solstitialis
Radiola linoides,Plantae,Tracheophyta,Magnoliopsida,Malpighiales,Linaceae,Radiola,Radiola linoides
Consolida,Plantae,Tracheophyta,Magnoliopsida,Ranunculales,Ranunculaceae,Delphinium,NA
Delphinium,Plantae,Tracheophyta,Magnoliopsida,Ranunculales,Ranunculaceae,Delphinium,NA
Nonea,Plantae,Tracheophyta,Magnoliopsida,Boraginales,Boraginaceae,Nonea,NA
Orlaya,Plantae,Tracheophyta,Magnoliopsida,Apiales,Apiaceae,Orlaya,NA
Pulmonaria obscura,Plantae,Tracheophyta,Magnoliopsida,Boraginales,Boraginaceae,Pulmonaria,Pulmonaria obscura
Alkanna,Plantae,Tracheophyta,Magnoliopsida,Boraginales,Boraginaceae,Alkanna,NA
Gentiana purpurea-type,Plantae,Tracheophyta,Magnoliopsida,Gentianales,Gentianaceae,Gentiana,NA
Globularia,Plantae,Tracheophyta,Magnoliopsida,Lamiales,Plantaginaceae,Globularia,NA
Gentianella tenella-type,Plantae,Tracheophyta,Magnoliopsida,Gentianales,Gentianaceae,Gentianella,NA
Rubus fruticosus-type,Plantae,Tracheophyta,Magnoliopsida,Rosales,Rosaceae,Rubus,NA
Vicia faba-type,Plantae,Tracheophyta,Magnoliopsida,Fabales,Fabaceae,Vicia,NA
Cistus ladanifer-type,Plantae,Tracheophyta,Magnoliopsida,Malvales,Cistaceae,Cistus,NA
Colchicum,Plantae,Tracheophyta,Liliopsida,Liliales,Colchicaceae,Colchicum,NA
Gentiana verna-type,Plantae,Tracheophyta,Magnoliopsida,Gentianales,Gentianaceae,Gentiana,NA
Glyceria,Plantae,Tracheophyta,Liliopsida,Poales,Poaceae,Glyceria,NA
Hordelymus,Plantae,Tracheophyta,Liliopsida,Poales,Poaceae,Hordelymus,NA
Lonicera caerulea,Plantae,Tracheophyta,Magnoliopsida,Dipsacales,Caprifoliaceae,Lonicera,Lonicera caerulea
Colchicum autumnale-type,Plantae,Tracheophyta,Liliopsida,Liliales,Colchicaceae,Colchicum,NA
Polygonum oxyspermum,Plantae,Tracheophyta,Magnoliopsida,Caryophyllales,Polygonaceae,Polygonum,Polygonum oxyspermum
Primula integrifolia-type,Plantae,Tracheophyta,Magnoliopsida,Ericales,Primulaceae,Primula,NA
Angelica archangelica-type,Plantae,Tracheophyta,Magnoliopsida,Apiales,Apiaceae,Angelica,NA
Angelica palustris-type,Plantae,Tracheophyta,Magnoliopsida,Apiales,Apiaceae,Angelica,NA
Apium nodiflorum,Plantae,Tracheophyta,Magnoliopsida,Apiales,Apiaceae,Helosciadium,Helosciadium nodiflorum
Asphodelus albus,Plantae,Tracheophyta,Liliopsida,Asparagales,Asphodelaceae,Asphodelus,Asphodelus albus
Carum verticillatum,Plantae,Tracheophyta,Magnoliopsida,Apiales,Apiaceae,Trocdaris,Trocdaris verticillatum
Chaerophyllum temulum,Plantae,Tracheophyta,Magnoliopsida,Apiales,Apiaceae,Chaerophyllum,Chaerophyllum temulum
Colchicum montanum,Plantae,Tracheophyta,Liliopsida,Liliales,Colchicaceae,Colchicum,Colchicum montanum
Cytisus grandiflorus,Plantae,Tracheophyta,Magnoliopsida,Fabales,Fabaceae,Cytisus,Cytisus grandiflorus
Dianthus lusitanus-type,Plantae,Tracheophyta,Magnoliopsida,Caryophyllales,Caryophyllaceae,Dianthus,NA
Fraxinus angustifolia,Plantae,Tracheophyta,Magnoliopsida,Lamiales,Oleaceae,Fraxinus,Fraxinus angustifolia
Fritillaria lusitanica,Plantae,Tracheophyta,Liliopsida,Liliales,Liliaceae,Fritillaria,Fritillaria lusitanica
Gagea nevadensis,Plantae,Tracheophyta,Liliopsida,Liliales,Liliaceae,Gagea,Gagea nevadensis
Gentiana lutea/G. pneumonanthe,Plantae,Tracheophyta,Magnoliopsida,Gentianales,Gentianaceae,Gentiana,NA
Laserpitium,Plantae,Tracheophyta,Magnoliopsida,Apiales,Apiaceae,Laserpitium,NA
Lythrum undiff.,Plantae,Tracheophyta,Magnoliopsida,Myrtales,Lythraceae,Lythrum,NA
Minuartia recurva,Plantae,Tracheophyta,Magnoliopsida,Caryophyllales,Caryophyllaceae,Minuartia,Minuartia recurva
Narcissus bulbocodium,Plantae,Tracheophyta,Liliopsida,Asparagales,Amaryllidaceae,Narcissus,Narcissus bulbocodium
Paronychia polygonifolia-type,Plantae,Tracheophyta,Magnoliopsida,Caryophyllales,Caryophyllaceae,Paronychia,NA
Pedicularis sylvatica,Plantae,Tracheophyta,Magnoliopsida,Lamiales,Orobanchaceae,Pedicularis,Pedicularis sylvatica
Physospermum cornubiense,Plantae,Tracheophyta,Magnoliopsida,Apiales,Apiaceae,Physospermum,Physospermum cornubiense
Pimpinella anisum,Plantae,Tracheophyta,Magnoliopsida,Apiales,Apiaceae,Pimpinella,Pimpinella anisum
Pimpinella saxifraga-type,Plantae,Tracheophyta,Magnoliopsida,Apiales,Apiaceae,Pimpinella,NA
Plantago coronopus sensu stricto,Plantae,Tracheophyta,Magnoliopsida,Lamiales,Plantaginaceae,Plantago,Plantago coronopus
Plantago subulata-type,Plantae,Tracheophyta,Magnoliopsida,Lamiales,Plantaginaceae,Plantago,NA
Sanguisorba officinalis-type,Plantae,Tracheophyta,Magnoliopsida,Rosales,Rosaceae,Sanguisorba,NA
Selinum carvifolia,Plantae,Tracheophyta,Magnoliopsida,Apiales,Apiaceae,Selinum,Selinum carvifolia
Seseli libanotis-type,Plantae,Tracheophyta,Magnoliopsida,Apiales,Apiaceae,Seseli,NA
Silaum silaus-type,Plantae,Tracheophyta,Magnoliopsida,Apiales,Apiaceae,Silaum,NA
Silene ciliata-type,Plantae,Tracheophyta,Magnoliopsida,Caryophyllales,Caryophyllaceae,Silene,NA
Silene foetida-type,Plantae,Tracheophyta,Magnoliopsida,Caryophyllales,Caryophyllaceae,Silene,NA
Torilis arvensis-type,Plantae,Tracheophyta,Magnoliopsida,Apiales,Apiaceae,Torilis,NA
Trinia glauca-type,Plantae,Tracheophyta,Magnoliopsida,Apiales,Apiaceae,Trinia,NA
Hedysarum cf. H. hedysaroides,Plantae,Tracheophyta,Magnoliopsida,Fabales,Fabaceae,Hedysarum,NA
Vaccinium myrtillus,Plantae,Tracheophyta,Magnoliopsida,Ericales,Ericaceae,Vaccinium,Vaccinium myrtillus
Centaurea stoebe,Plantae,Tracheophyta,Magnoliopsida,Asterales,Asteraceae,Centaurea,Centaurea stoebe
Juglandaceae,Plantae,Tracheophyta,Magnoliopsida,Fagales,Juglandaceae,Juglandaceae,NA
Matthiola,Plantae,Tracheophyta,Magnoliopsida,Brassicales,Brassicaceae,Matthiola,NA
Trifolium arvense,Plantae,Tracheophyta,Magnoliopsida,Fabales,Fabaceae,Trifolium,Trifolium arvense
Valeriana tripteris,Plantae,Tracheophyta,Magnoliopsida,Dipsacales,Caprifoliaceae,Valeriana,Valeriana tripteris
Empetrum hermaphroditum,Plantae,Tracheophyta,Magnoliopsida,Ericales,Ericaceae,Empetrum,Empetrum hermaphroditum
Erica cinerea,Plantae,Tracheophyta,Magnoliopsida,Ericales,Ericaceae,Erica,Erica cinerea
Faboideae undiff.,Plantae,Tracheophyta,Magnoliopsida,Fabales,Fabaceae,Faboidea,NA
Geum cf. G. rivale,Plantae,Tracheophyta,Magnoliopsida,Rosales,Rosaceae,Geum,NA
Geum cf. G. urbanum,Plantae,Tracheophyta,Magnoliopsida,Rosales,Rosaceae,Geum,NA
Lotus cf. L. corniculatus,Plantae,Tracheophyta,Magnoliopsida,Fabales,Fabaceae,Lotus,NA
Lotus pedunculatus-type,Plantae,Tracheophyta,Magnoliopsida,Fabales,Fabaceae,Lotus,NA
Saxifraga cf. S. cespitosa,Plantae,Tracheophyta,Magnoliopsida,Saxifragales,Saxifragaceae,Saxifraga,NA
Ranunculus sceleratus/R. repens,Plantae,Tracheophyta,Magnoliopsida,Ranunculales,Ranunculaceae,Ranunculus,NA
Silene nutans,Plantae,Tracheophyta,Magnoliopsida,Caryophyllales,Caryophyllaceae,Silene,Silene nutans
Swertia,Plantae,Tracheophyta,Magnoliopsida,Gentianales,Gentianaceae,Swertia,NA
Teucrium chamaedrys,Plantae,Tracheophyta,Magnoliopsida,Lamiales,Lamiaceae,Teucrium,Teucrium chamaedrys
Lycopus europaeus,Plantae,Tracheophyta,Magnoliopsida,Lamiales,Lamiaceae,Lycopus,Lycopus europaeus
Oleaceae undiff.,Plantae,Tracheophyta,Magnoliopsida,Lamiales,Oleaceae,Oleaceae,NA
Conium maculatum-type,Plantae,Tracheophyta,Magnoliopsida,Apiales,Apiaceae,Conium,NA
Pimpinella saxifraga,Plantae,Tracheophyta,Magnoliopsida,Apiales,Apiaceae,Pimpinella,Pimpinella saxifraga
Viscum album sensu lato,Plantae,Tracheophyta,Magnoliopsida,Santalales,Viscaceae,Viscum,Viscum album
Abies undiff.,Plantae,Tracheophyta,Pinopsida,Pinales,Pinaceae,Abies,NA
Centaurium pulchellum,Plantae,Tracheophyta,Magnoliopsida,Gentianales,Gentianaceae,Centaurium,Centaurium pulchellum
Chaerophyllum hirsutum,Plantae,Tracheophyta,Magnoliopsida,Apiales,Apiaceae,Chaerophyllum,Chaerophyllum hirsutum
Gratiola officinalis,Plantae,Tracheophyta,Magnoliopsida,Lamiales,Plantaginaceae,Gratiola,Gratiola officinalis
Onobrychis viciifolia,Plantae,Tracheophyta,Magnoliopsida,Fabales,Fabaceae,Onobrychis,Onobrychis viciifolia
Torilis,Plantae,Tracheophyta,Magnoliopsida,Apiales,Apiaceae,Torilis,NA
Aethusa cynapium-type,Plantae,Tracheophyta,Magnoliopsida,Apiales,Apiaceae,Aethusa,NA
Carum,Plantae,Tracheophyta,Magnoliopsida,Apiales,Apiaceae,Carum,NA
Caucalis platycarpos,Plantae,Tracheophyta,Magnoliopsida,Apiales,Apiaceae,Caucalis,Caucalis platycarpos
Centaurium pulchellum-type,Plantae,Tracheophyta,Magnoliopsida,Gentianales,Gentianaceae,Centaurium,NA
Foeniculum vulgare,Plantae,Tracheophyta,Magnoliopsida,Apiales,Apiaceae,Foeniculum,Foeniculum vulgare
Meum athamanticum-type,Plantae,Tracheophyta,Magnoliopsida,Apiales,Apiaceae,Meum,NA
Monotropa hypopitys,Plantae,Tracheophyta,Magnoliopsida,Ericales,Ericaceae,Hypopitys,Hypopitys monotropa
Peucedanum palustre-type,Plantae,Tracheophyta,Magnoliopsida,Apiales,Apiaceae,Peucedanum,NA
Pleurospermum austriacum-type,Plantae,Tracheophyta,Magnoliopsida,Apiales,Apiaceae,Pleurospermum,NA
Ruta graveolens,Plantae,Tracheophyta,Magnoliopsida,Sapindales,Rutaceae,Ruta,Ruta graveolens
Sambucus undiff.,Plantae,Tracheophyta,Magnoliopsida,Dipsacales,Viburnaceae,Sambucus,NA
Scrophulariaceae pro parte,Plantae,Tracheophyta,Magnoliopsida,Lamiales,Scrophulariaceae,Scrophulariaceae,NA
Torilis japonica-type,Plantae,Tracheophyta,Magnoliopsida,Apiales,Apiaceae,Torilis,NA
Aphanes,Plantae,Tracheophyta,Magnoliopsida,Rosales,Rosaceae,Aphanes,NA
Astrantia major-type,Plantae,Tracheophyta,Magnoliopsida,Apiales,Apiaceae,Astrantia,NA
Ballota,Plantae,Tracheophyta,Magnoliopsida,Lamiales,Lamiaceae,Ballota,NA
Campanula trachelium-type,Plantae,Tracheophyta,Magnoliopsida,Asterales,Campanulaceae,Campanula,NA
Datura stramonium,Plantae,Tracheophyta,Magnoliopsida,Solanales,Solanaceae,Datura,Datura stramonium
Descurainia sophia,Plantae,Tracheophyta,Magnoliopsida,Brassicales,Brassicaceae,Descurainia,Descurainia sophia
Kickxia,Plantae,Tracheophyta,Magnoliopsida,Lamiales,Plantaginaceae,Kickxia,NA
Microrrhinum minus,Plantae,Tracheophyta,Magnoliopsida,Lamiales,Plantaginaceae,Chaenorhinum,Chaenorhinum minus
Pisum sativum,Plantae,Tracheophyta,Magnoliopsida,Fabales,Fabaceae,Lathyrus,Lathyrus oleraceus
Ephedra strobilacea-type,Plantae,Tracheophyta,Gnetopsida,Ephedrales,Ephedraceae,Ephedra,NA
Apium inundatum-type,Plantae,Tracheophyta,Magnoliopsida,Apiales,Apiaceae,Apium,NA
Corydalis pumila-type,Plantae,Tracheophyta,Magnoliopsida,Ranunculales,Papaveraceae,Corydalis,NA
Eryngium campestre-type,Plantae,Tracheophyta,Magnoliopsida,Apiales,Apiaceae,Eryngium,NA
Ornithogalum umbellatum-type,Plantae,Tracheophyta,Liliopsida,Asparagales,Asparagaceae,Ornithogalum,NA
Pedicularis verticillata-type,Plantae,Tracheophyta,Magnoliopsida,Lamiales,Orobanchaceae,Pedicularis,NA
Teucrium chamaedrys-type,Plantae,Tracheophyta,Magnoliopsida,Lamiales,Lamiaceae,Teucrium,NA
Turgenia latifolia-type,Plantae,Tracheophyta,Magnoliopsida,Apiales,Apiaceae,Turgenia,NA
Viola tricolor-type,Plantae,Tracheophyta,Magnoliopsida,Malpighiales,Violaceae,Viola,NA
Berula erecta-type,Plantae,Tracheophyta,Magnoliopsida,Apiales,Apiaceae,Berula,NA
Lythrum portula-type,Plantae,Tracheophyta,Magnoliopsida,Myrtales,Lythraceae,Lythrum,NA
Agrimonia eupatoria-type,Plantae,Tracheophyta,Magnoliopsida,Rosales,Rosaceae,Agrimonia,NA
Aphanes arvensis-type,Plantae,Tracheophyta,Magnoliopsida,Rosales,Rosaceae,Aphanes,NA
Ballota group,Plantae,Tracheophyta,Magnoliopsida,Lamiales,Lamiaceae,Ballota,NA
Descurainia sophia-type,Plantae,Tracheophyta,Magnoliopsida,Brassicales,Brassicaceae,Descurainia,NA
Eupatorium cannabinum-type,Plantae,Tracheophyta,Magnoliopsida,Asterales,Asteraceae,Eupatorium,NA
Geranium pratense-type,Plantae,Tracheophyta,Magnoliopsida,Geraniales,Geraniaceae,Geranium,NA
Impatiens noli-tangere,Plantae,Tracheophyta,Magnoliopsida,Ericales,Balsaminaceae,Impatiens,Impatiens noli-tangere
Liriodendron tulipifera,Plantae,Tracheophyta,Magnoliopsida,Magnoliales,Magnoliaceae,Liriodendron,Liriodendron tulipifera
Lonicera periclymenum-type,Plantae,Tracheophyta,Magnoliopsida,Dipsacales,Caprifoliaceae,Lonicera,NA
Mercurialis undiff.,Plantae,Tracheophyta,Magnoliopsida,Malpighiales,Euphorbiaceae,Mercurialis,NA
Narcissus poeticus-type,Plantae,Tracheophyta,Liliopsida,Asparagales,Amaryllidaceae,Narcissus,NA
Sagina nodosa group,Plantae,Tracheophyta,Magnoliopsida,Caryophyllales,Caryophyllaceae,Sagina,Sagina nodosa
Silene viscaria,Plantae,Tracheophyta,Magnoliopsida,Caryophyllales,Caryophyllaceae,Viscaria,Viscaria vulgaris
Mercurialis annua-type,Plantae,Tracheophyta,Magnoliopsida,Malpighiales,Euphorbiaceae,Mercurialis,NA
Alchemilla cf. A. glabra,Plantae,Tracheophyta,Magnoliopsida,Rosales,Rosaceae,Alchemilla,NA
Gentiana nivalis-type,Plantae,Tracheophyta,Magnoliopsida,Gentianales,Gentianaceae,Gentiana,NA
Helianthemum cf. H. canum,Plantae,Tracheophyta,Magnoliopsida,Malvales,Cistaceae,Helianthemum,NA
Oxyria digyna-type,Plantae,Tracheophyta,Magnoliopsida,Caryophyllales,Polygonaceae,Oxyria,NA
Penthorum sedoides,Plantae,Tracheophyta,Magnoliopsida,Saxifragales,Penthoraceae,Penthorum,Penthorum sedoides
Vicia cf. V. cracca,Plantae,Tracheophyta,Magnoliopsida,Fabales,Fabaceae,Vicia,NA
Betula sect. Apterocaryon,Plantae,Tracheophyta,Magnoliopsida,Fagales,Betulaceae,Betula,NA
Betula sect. Betula,Plantae,Tracheophyta,Magnoliopsida,Fagales,Betulaceae,Betula,NA
Bromus,Plantae,Tracheophyta,Liliopsida,Poales,Poaceae,Bromus,NA
Plantago maritima/P. alpina,Plantae,Tracheophyta,Magnoliopsida,Lamiales,Plantaginaceae,Plantago,NA
Polemonium boreale,Plantae,Tracheophyta,Magnoliopsida,Ericales,Polemoniaceae,Polemonium,Polemonium boreale
Trifolium striatum-type,Plantae,Tracheophyta,Magnoliopsida,Fabales,Fabaceae,Trifolium,NA
Loranthaceae,Plantae,Tracheophyta,Magnoliopsida,Santalales,Loranthaceae,Loranthaceae,NA
Bupleurum ranunculoides,Plantae,Tracheophyta,Magnoliopsida,Apiales,Apiaceae,Bupleurum,Bupleurum ranunculoides
Pulmonaria officinalis,Plantae,Tracheophyta,Magnoliopsida,Boraginales,Boraginaceae,Pulmonaria,Pulmonaria officinalis
Thymus,Plantae,Tracheophyta,Magnoliopsida,Lamiales,Lamiaceae,Thymus,NA
Cannabaceae sensu stricto,Plantae,Tracheophyta,Magnoliopsida,Rosales,Cannabaceae,Cannabaceae,NA
Erica cf. E. tetralix,Plantae,Tracheophyta,Magnoliopsida,Ericales,Ericaceae,Erica,NA
Persicaria cf. P. maculosa,Plantae,Tracheophyta,Magnoliopsida,Caryophyllales,Polygonaceae,Persicaria,NA
Elymus,Plantae,Tracheophyta,Liliopsida,Poales,Poaceae,Elymus,NA
Centaurea depressa-type,Plantae,Tracheophyta,Magnoliopsida,Asterales,Asteraceae,Centaurea,NA
Artemisia campestris-type,Plantae,Tracheophyta,Magnoliopsida,Asterales,Asteraceae,Artemisia,NA
Artemisia undiff.,Plantae,Tracheophyta,Magnoliopsida,Asterales,Asteraceae,Artemisia,NA
Droseraceae,Plantae,Tracheophyta,Magnoliopsida,Caryophyllales,Droseraceae,Droseraceae,NA
Rubus idaeus-type,Plantae,Tracheophyta,Magnoliopsida,Rosales,Rosaceae,Rubus,NA
Polemoniaceae,Plantae,Tracheophyta,Magnoliopsida,Ericales,Polemoniaceae,Polemoniaceae,NA
Hypericum calycinum-type,Plantae,Tracheophyta,Magnoliopsida,Malpighiales,Hypericaceae,Hypericum,NA
Sedum acre,Plantae,Tracheophyta,Magnoliopsida,Saxifragales,Crassulaceae,Sedum,Sedum acre
Rosaceae (trees) undiff.,Plantae,Tracheophyta,Magnoliopsida,Rosales,Rosaceae,Rosaceae,NA
Viburnum cf. V. opulus,Plantae,Tracheophyta,Magnoliopsida,Dipsacales,Viburnaceae,Viburnum,NA
Fallopia cf. F. convolvulus,Plantae,Tracheophyta,Magnoliopsida,Caryophyllales,Polygonaceae,Fallopia,NA
Micranthes nivalis/M. tenuis,Plantae,Tracheophyta,Magnoliopsida,Saxifragales,Saxifragaceae,Micranthes,NA
Rubus cf. R. saxatilis,Plantae,Tracheophyta,Magnoliopsida,Rosales,Rosaceae,Rubus,NA
Quercus (evergreen),Plantae,Tracheophyta,Magnoliopsida,Fagales,Fagaceae,Quercus,NA
Polygonum aviculare/Bistorta officinalis,Plantae,Tracheophyta,Magnoliopsida,Caryophyllales,Polygonaceae,Polygonum,NA
Pistacia terebinthus,Plantae,Tracheophyta,Magnoliopsida,Sapindales,Anacardiaceae,Pistacia,Pistacia terebinthus
Polygonoideae pro parte,Plantae,Tracheophyta,Magnoliopsida,Caryophyllales,Polygonaceae,Calligonum,NA
Adonis aestivalis-type,Plantae,Tracheophyta,Magnoliopsida,Ranunculales,Ranunculaceae,Adonis,NA
Alchemilla group,Plantae,Tracheophyta,Magnoliopsida,Rosales,Rosaceae,Alchemilla,NA
Anemone coronaria,Plantae,Tracheophyta,Magnoliopsida,Ranunculales,Ranunculaceae,Anemone,Anemone coronaria
Arum,Plantae,Tracheophyta,Liliopsida,Alismatales,Araceae,Arum,NA
Ceratonia siliqua,Plantae,Tracheophyta,Magnoliopsida,Fabales,Fabaceae,Ceratonia,Ceratonia siliqua
Genista group,Plantae,Tracheophyta,Magnoliopsida,Fabales,Fabaceae,Genista,NA
Liliaceae sensu lato,Plantae,Tracheophyta,Liliopsida,Liliales,Liliaceae,Liliaceae,NA
Lomelosia argentea-type,Plantae,Tracheophyta,Magnoliopsida,Dipsacales,Caprifoliaceae,Lomelosia,NA
Platanus orientalis,Plantae,Tracheophyta,Magnoliopsida,Proteales,Platanaceae,Platanus,Platanus orientalis
Polycnemum,Plantae,Tracheophyta,Magnoliopsida,Caryophyllales,Amaranthaceae,Polycnemum,NA
Ranunculus lanuginosus-type,Plantae,Tracheophyta,Magnoliopsida,Ranunculales,Ranunculaceae,Ranunculus,NA
Rhinanthus group,Plantae,Tracheophyta,Magnoliopsida,Lamiales,Orobanchaceae,Rhinanthus,NA
Sorbus group,Plantae,Tracheophyta,Magnoliopsida,Rosales,Rosaceae,Sorbus,NA
Corrigiola litoralis-type,Plantae,Tracheophyta,Magnoliopsida,Caryophyllales,Caryophyllaceae,Corrigiola,NA
Echium vulgare-type,Plantae,Tracheophyta,Magnoliopsida,Boraginales,Boraginaceae,Echium,NA
Erica australis-type,Plantae,Tracheophyta,Magnoliopsida,Ericales,Ericaceae,Erica,NA
Erica umbellata-type,Plantae,Tracheophyta,Magnoliopsida,Ericales,Ericaceae,Erica,NA
Erica undiff.,Plantae,Tracheophyta,Magnoliopsida,Ericales,Ericaceae,Erica,NA
Geranium molle-type,Plantae,Tracheophyta,Magnoliopsida,Geraniales,Geraniaceae,Geranium,NA
Hypecoum,Plantae,Tracheophyta,Magnoliopsida,Ranunculales,Papaveraceae,Hypecoum,NA
Illecebrum verticillatum-type,Plantae,Tracheophyta,Magnoliopsida,Caryophyllales,Caryophyllaceae,Illecebrum,NA
Montia fontana-type,Plantae,Tracheophyta,Magnoliopsida,Caryophyllales,Montiaceae,Montia,NA
Trollius europaeus-type,Plantae,Tracheophyta,Magnoliopsida,Ranunculales,Ranunculaceae,Trollius,NA
Aconitum napellus-type,Plantae,Tracheophyta,Magnoliopsida,Ranunculales,Ranunculaceae,Aconitum,NA
Arenaria serpyllifolia-type,Plantae,Tracheophyta,Magnoliopsida,Caryophyllales,Caryophyllaceae,Arenaria,NA
Blackstonia perfoliata-type,Plantae,Tracheophyta,Magnoliopsida,Gentianales,Gentianaceae,Blackstonia,NA
Circaea lutetiana-type,Plantae,Tracheophyta,Magnoliopsida,Myrtales,Onagraceae,Circaea,NA
Corrigiola telephiifolia-type,Plantae,Tracheophyta,Magnoliopsida,Caryophyllales,Caryophyllaceae,Corrigiola,NA
Daucus carota-type,Plantae,Tracheophyta,Magnoliopsida,Apiales,Apiaceae,Daucus,NA
Dipsacus fullonum-type,Plantae,Tracheophyta,Magnoliopsida,Dipsacales,Caprifoliaceae,Dipsacus,NA
Erodium cicutarium-type,Plantae,Tracheophyta,Magnoliopsida,Geraniales,Geraniaceae,Erodium,NA
Filipendula vulgaris-type,Plantae,Tracheophyta,Magnoliopsida,Rosales,Rosaceae,Filipendula,NA
Hedera helix-type,Plantae,Tracheophyta,Magnoliopsida,Apiales,Araliaceae,Hedera,NA
Humulus lupulus-type,Plantae,Tracheophyta,Magnoliopsida,Rosales,Cannabaceae,Humulus,NA
Ligustrum vulgare-type,Plantae,Tracheophyta,Magnoliopsida,Lamiales,Oleaceae,Ligustrum,NA
Limonium humile-type,Plantae,Tracheophyta,Magnoliopsida,Caryophyllales,Plumbaginaceae,Limonium,NA
Moehringia trinervia-type,Plantae,Tracheophyta,Magnoliopsida,Caryophyllales,Caryophyllaceae,Moehringia,NA
Phillyrea angustifolia-type,Plantae,Tracheophyta,Magnoliopsida,Lamiales,Oleaceae,Phillyrea,NA
Pinguicula vulgaris-type,Plantae,Tracheophyta,Magnoliopsida,Lamiales,Lentibulariaceae,Pinguicula,NA
Sagina procumbens-type,Plantae,Tracheophyta,Magnoliopsida,Caryophyllales,Caryophyllaceae,Sagina,NA
Viburnum lantana-type,Plantae,Tracheophyta,Magnoliopsida,Dipsacales,Viburnaceae,Viburnum,NA
Crocus vernus,Plantae,Tracheophyta,Liliopsida,Asparagales,Iridaceae,Crocus,Crocus vernus
Heliotropium,Plantae,Tracheophyta,Magnoliopsida,Boraginales,Heliotropiaceae,Heliotropium,NA
Smyrnium,Plantae,Tracheophyta,Magnoliopsida,Apiales,Apiaceae,Smyrnium,NA
Ranunculus glacialis-type,Plantae,Tracheophyta,Magnoliopsida,Ranunculales,Ranunculaceae,Ranunculus,NA
Silene cf. S. acaulis,Plantae,Tracheophyta,Magnoliopsida,Caryophyllales,Caryophyllaceae,Silene,NA
Aconitum lycoctonum subsp. septentrionale,Plantae,Tracheophyta,Magnoliopsida,Ranunculales,Ranunculaceae,Aconitum,Aconitum septentrionale
Polygonum oxyspermum-type,Plantae,Tracheophyta,Magnoliopsida,Caryophyllales,Polygonaceae,Polygonum,NA
Secale (primitive),Plantae,Tracheophyta,Liliopsida,Poales,Poaceae,Secale,NA
Triticum spelta-type,Plantae,Tracheophyta,Liliopsida,Poales,Poaceae,Triticum,NA
Poaceae (>40 µm),Plantae,Tracheophyta,Liliopsida,Poales,Poaceae,Poaceae,NA
Crassula,Plantae,Tracheophyta,Magnoliopsida,Saxifragales,Crassulaceae,Crassula,NA
Gentiana punctata,Plantae,Tracheophyta,Magnoliopsida,Gentianales,Gentianaceae,Gentiana,Gentiana punctata
Geum rivale,Plantae,Tracheophyta,Magnoliopsida,Rosales,Rosaceae,Geum,Geum rivale
Ericaceae cf. Cassiope,Plantae,Tracheophyta,Magnoliopsida,Ericales,Ericaceae,Ericaceae,NA
Artemisia norvegica-type,Plantae,Tracheophyta,Magnoliopsida,Asterales,Asteraceae,Artemisia,NA
Poaceae (annulus 8-10 µm),Plantae,Tracheophyta,Liliopsida,Poales,Poaceae,Poaceae,NA
Saxifraga cernua/S. rivularis,Plantae,Tracheophyta,Magnoliopsida,Saxifragales,Saxifragaceae,Saxifraga,NA
Cornus undiff.,Plantae,Tracheophyta,Magnoliopsida,Cornales,Cornaceae,Cornus,NA
Corydalis cava-type,Plantae,Tracheophyta,Magnoliopsida,Ranunculales,Papaveraceae,Corydalis,NA
Lavandula,Plantae,Tracheophyta,Magnoliopsida,Lamiales,Lamiaceae,Lavandula,NA
Blackstonia,Plantae,Tracheophyta,Magnoliopsida,Gentianales,Gentianaceae,Blackstonia,NA
Erica ciliaris,Plantae,Tracheophyta,Magnoliopsida,Ericales,Ericaceae,Erica,Erica ciliaris
Cardamine,Plantae,Tracheophyta,Magnoliopsida,Brassicales,Brassicaceae,Cardamine,NA
Chamaerops,Plantae,Tracheophyta,Liliopsida,Arecales,Arecaceae,Chamaerops,NA
Ephedra cf. E. fragilis,Plantae,Tracheophyta,Gnetopsida,Ephedrales,Ephedraceae,Ephedra,NA
Ephedra undiff.,Plantae,Tracheophyta,Gnetopsida,Ephedrales,Ephedraceae,Ephedra,NA
Falcaria,Plantae,Tracheophyta,Magnoliopsida,Apiales,Apiaceae,Falcaria,NA
Pinus halepensis,Plantae,Tracheophyta,Pinopsida,Pinales,Pinaceae,Pinus,Pinus halepensis
Radiola,Plantae,Tracheophyta,Magnoliopsida,Malpighiales,Linaceae,Radiola,NA
Smilax,Plantae,Tracheophyta,Liliopsida,Liliales,Smilacaceae,Smilax,NA
Thymelaea,Plantae,Tracheophyta,Magnoliopsida,Malvales,Thymelaeaceae,Thymelaea,NA
Ziziphus,Plantae,Tracheophyta,Magnoliopsida,Rosales,Rhamnaceae,Ziziphus,NA
Corrigiola litoralis,Plantae,Tracheophyta,Magnoliopsida,Caryophyllales,Caryophyllaceae,Corrigiola,Corrigiola litoralis
Cyclamen purpurascens,Plantae,Tracheophyta,Magnoliopsida,Ericales,Primulaceae,Cyclamen,Cyclamen purpurascens
Adenostyles alliariae,Plantae,Tracheophyta,Magnoliopsida,Asterales,Asteraceae,Adenostyles,Adenostyles alliariae
Anemone nemorosa group,Plantae,Tracheophyta,Magnoliopsida,Ranunculales,Ranunculaceae,Anemone,Anemone nemorosa
Anthemis arvensis-type,Plantae,Tracheophyta,Magnoliopsida,Asterales,Asteraceae,Anthemis,NA
Gypsophila repens,Plantae,Tracheophyta,Magnoliopsida,Caryophyllales,Caryophyllaceae,Gypsophila,Gypsophila repens
Petasites hybridus-type,Plantae,Tracheophyta,Magnoliopsida,Asterales,Asteraceae,Petasites,NA
Primula clusiana-type,Plantae,Tracheophyta,Magnoliopsida,Ericales,Primulaceae,Primula,NA
Ranunculus acris/R. flammula/R. sceleratus group,Plantae,Tracheophyta,Magnoliopsida,Ranunculales,Ranunculaceae,Ranunculus,NA
Androsace elongata-type,Plantae,Tracheophyta,Magnoliopsida,Ericales,Primulaceae,Androsace,NA
Ribes uva-crispa,Plantae,Tracheophyta,Magnoliopsida,Saxifragales,Grossulariaceae,Ribes,Ribes uva-crispa
Tripolium pannonicum subsp. tripolium-type,Plantae,Tracheophyta,Magnoliopsida,Asterales,Asteraceae,Tripolium,Tripolium pannonicum
Triticum undiff.,Plantae,Tracheophyta,Liliopsida,Poales,Poaceae,Triticum,NA
Orthilia secunda,Plantae,Tracheophyta,Magnoliopsida,Ericales,Ericaceae,Orthilia,Orthilia secunda
Taraxacum officinale,Plantae,Tracheophyta,Magnoliopsida,Asterales,Asteraceae,Taraxacum,Taraxacum officinale
"Caryophyllaceae (periporate, excluding Paronychioideae)",Plantae,Tracheophyta,Magnoliopsida,Caryophyllales,Caryophyllaceae,Caryophyllaceae,NA
Juniperus communis-type,Plantae,Tracheophyta,Pinopsida,Pinales,Cupressaceae,Juniperus,NA
Cannabis sativa-type,Plantae,Tracheophyta,Magnoliopsida,Rosales,Cannabaceae,Cannabis,NA
"Poaceae (Cerealia, 37-40 µm)",Plantae,Tracheophyta,Liliopsida,Poales,Poaceae,Poaceae,NA
"Poaceae (Cerealia, 40-50 µm)",Plantae,Tracheophyta,Liliopsida,Poales,Poaceae,Poaceae,NA
"Poaceae (Cerealia, >50 µm)",Plantae,Tracheophyta,Liliopsida,Poales,Poaceae,Poaceae,NA
Vicia faba,Plantae,Tracheophyta,Magnoliopsida,Fabales,Fabaceae,Vicia,Vicia faba
Festuca,Plantae,Tracheophyta,Liliopsida,Poales,Poaceae,Festuca,NA
Rosaceae (herbs) undiff.,Plantae,Tracheophyta,Magnoliopsida,Rosales,Rosaceae,Rosaceae,NA
Quercus faginea-type,Plantae,Tracheophyta,Magnoliopsida,Fagales,Fagaceae,Quercus,NA
Scilla,Plantae,Tracheophyta,Liliopsida,Asparagales,Asparagaceae,Scilla,NA
Filago,Plantae,Tracheophyta,Magnoliopsida,Asterales,Asteraceae,Filago,NA
Ricinus communis,Plantae,Tracheophyta,Magnoliopsida,Malpighiales,Euphorbiaceae,Ricinus,Ricinus communis
Spartium junceum,Plantae,Tracheophyta,Magnoliopsida,Fabales,Fabaceae,Spartium,Spartium junceum
Moraceae,Plantae,Tracheophyta,Magnoliopsida,Rosales,Moraceae,Moraceae,NA
Plantago cf. P. lanceolata,Plantae,Tracheophyta,Magnoliopsida,Lamiales,Plantaginaceae,Plantago,NA
Rubus chamaemorus-type,Plantae,Tracheophyta,Magnoliopsida,Rosales,Rosaceae,Rubus,NA
Cistus undiff.,Plantae,Tracheophyta,Magnoliopsida,Malvales,Cistaceae,Cistus,NA
Quercus ilex/Q. coccifera-type,Plantae,Tracheophyta,Magnoliopsida,Fagales,Fagaceae,Quercus,NA
Rubiaceae cf. Galium,Plantae,Tracheophyta,Magnoliopsida,Gentianales,Rubiaceae,Rubiaceae,NA
Valeriana undiff.,Plantae,Tracheophyta,Magnoliopsida,Dipsacales,Caprifoliaceae,Valeriana,NA
Vitex agnus-castus,Plantae,Tracheophyta,Magnoliopsida,Lamiales,Lamiaceae,Vitex,Vitex agnus-castus
Ephedra major-type,Plantae,Tracheophyta,Gnetopsida,Ephedrales,Ephedraceae,Ephedra,NA
Roemeria,Plantae,Tracheophyta,Magnoliopsida,Ranunculales,Papaveraceae,Roemeria,NA
Ruta,Plantae,Tracheophyta,Magnoliopsida,Sapindales,Rutaceae,Ruta,NA
Crocus,Plantae,Tracheophyta,Liliopsida,Asparagales,Iridaceae,Crocus,NA
Nerium,Plantae,Tracheophyta,Magnoliopsida,Gentianales,Apocynaceae,Nerium,NA
Ephedra major subsp. major,Plantae,Tracheophyta,Gnetopsida,Ephedrales,Ephedraceae,Ephedra,Ephedra foeminea
Pinus nigra-type,Plantae,Tracheophyta,Pinopsida,Pinales,Pinaceae,Pinus,NA
Lygeum,Plantae,Tracheophyta,Liliopsida,Poales,Poaceae,Lygeum,NA
Myrtaceae,Plantae,Tracheophyta,Magnoliopsida,Myrtales,Myrtaceae,Myrtaceae,NA
Balsaminaceae,Plantae,Tracheophyta,Magnoliopsida,Ericales,Balsaminaceae,Balsaminaceae,NA
Cotoneaster,Plantae,Tracheophyta,Magnoliopsida,Rosales,Rosaceae,Cotoneaster,NA
Ficaria,Plantae,Tracheophyta,Magnoliopsida,Ranunculales,Ranunculaceae,Ficaria,NA
Helianthemum marifolium,Plantae,Tracheophyta,Magnoliopsida,Malvales,Cistaceae,Helianthemum,Helianthemum marifolium
Hyoscyamus,Plantae,Tracheophyta,Magnoliopsida,Solanales,Solanaceae,Hyoscyamus,NA
Lotus undiff.,Plantae,Tracheophyta,Magnoliopsida,Fabales,Fabaceae,Lotus,NA
Malvaceae undiff.,Plantae,Tracheophyta,Magnoliopsida,Malvales,Malvaceae,Malvaceae,NA
Phacelia,Plantae,Tracheophyta,Magnoliopsida,Boraginales,Hydrophyllaceae,Phacelia,NA
Poaceae (>37 µm),Plantae,Tracheophyta,Liliopsida,Poales,Poaceae,Poaceae,NA
Primula elatior-type,Plantae,Tracheophyta,Magnoliopsida,Ericales,Primulaceae,Primula,NA
Sagina apetala-type,Plantae,Tracheophyta,Magnoliopsida,Caryophyllales,Caryophyllaceae,Sagina,NA
Saponaria,Plantae,Tracheophyta,Magnoliopsida,Caryophyllales,Caryophyllaceae,Saponaria,NA
Scrophularia nodosa-type,Plantae,Tracheophyta,Magnoliopsida,Lamiales,Scrophulariaceae,Scrophularia,NA
Viola odorata-type,Plantae,Tracheophyta,Magnoliopsida,Malpighiales,Violaceae,Viola,NA
Alchemilla pentaphyllea,Plantae,Tracheophyta,Magnoliopsida,Rosales,Rosaceae,Alchemilla,Alchemilla pentaphyllea
Hypericum elodes-type,Plantae,Tracheophyta,Magnoliopsida,Malpighiales,Hypericaceae,Hypericum,NA
Lupinus,Plantae,Tracheophyta,Magnoliopsida,Fabales,Fabaceae,Lupinus,NA
Ailanthus altissima,Plantae,Tracheophyta,Magnoliopsida,Sapindales,Simaroubaceae,Ailanthus,Ailanthus altissima
Angelica archangelica,Plantae,Tracheophyta,Magnoliopsida,Apiales,Apiaceae,Angelica,Angelica archangelica
Anthericum liliago,Plantae,Tracheophyta,Liliopsida,Asparagales,Asparagaceae,Anthericum,Anthericum liliago
Anthriscus cerefolium,Plantae,Tracheophyta,Magnoliopsida,Apiales,Apiaceae,Anthriscus,Anthriscus cerefolium
Arctium lappa-type,Plantae,Tracheophyta,Magnoliopsida,Asterales,Asteraceae,Arctium,NA
Campanula rapunculoides,Plantae,Tracheophyta,Magnoliopsida,Asterales,Campanulaceae,Campanula,Campanula rapunculoides
Cicer arietinum,Plantae,Tracheophyta,Magnoliopsida,Fabales,Fabaceae,Cicer,Cicer arietinum
Colchicum autumnale,Plantae,Tracheophyta,Liliopsida,Liliales,Colchicaceae,Colchicum,Colchicum autumnale
Geranium molle group,Plantae,Tracheophyta,Magnoliopsida,Geraniales,Geraniaceae,Geranium,Geranium molle
Geranium pratense group,Plantae,Tracheophyta,Magnoliopsida,Geraniales,Geraniaceae,Geranium,Geranium pratense
Hyoscyamus niger,Plantae,Tracheophyta,Magnoliopsida,Solanales,Solanaceae,Hyoscyamus,Hyoscyamus niger
Larix decidua-type,Plantae,Tracheophyta,Pinopsida,Pinales,Pinaceae,Larix,NA
Magnoliaceae,Plantae,Tracheophyta,Magnoliopsida,Magnoliales,Magnoliaceae,Magnoliaceae,NA
Medicago lupulina-type,Plantae,Tracheophyta,Magnoliopsida,Fabales,Fabaceae,Medicago,NA
Medicago sativa-type,Plantae,Tracheophyta,Magnoliopsida,Fabales,Fabaceae,Medicago,NA
Polygala comosa-type,Plantae,Tracheophyta,Magnoliopsida,Fabales,Polygalaceae,Polygala,NA
Polygonatum odoratum-type,Plantae,Tracheophyta,Liliopsida,Asparagales,Asparagaceae,Polygonatum,NA
Rubus undiff.,Plantae,Tracheophyta,Magnoliopsida,Rosales,Rosaceae,Rubus,NA
Salvia pratensis-type,Plantae,Tracheophyta,Magnoliopsida,Lamiales,Lamiaceae,Salvia,NA
Vicia hirsuta/V. tetrasperma,Plantae,Tracheophyta,Magnoliopsida,Fabales,Fabaceae,Vicia,NA
Lysimachia nemorum-type,Plantae,Tracheophyta,Magnoliopsida,Ericales,Primulaceae,Lysimachia,NA
Caprifoliaceae undiff.,Plantae,Tracheophyta,Magnoliopsida,Dipsacales,Caprifoliaceae,Caprifoliaceae,NA
Asteraceae undiff. (type 2),Plantae,Tracheophyta,Magnoliopsida,Asterales,Asteraceae,Asteraceae,NA
Asteraceae (echinate),Plantae,Tracheophyta,Magnoliopsida,Asterales,Asteraceae,Asteraceae,NA
Cedrus atlantica,Plantae,Tracheophyta,Pinopsida,Pinales,Pinaceae,Cedrus,Cedrus atlantica
Cupressus,Plantae,Tracheophyta,Pinopsida,Pinales,Cupressaceae,Cupressus,NA
Daphne gnidium,Plantae,Tracheophyta,Magnoliopsida,Malvales,Thymelaeaceae,Daphne,Daphne gnidium
Quercus canariensis/Q. pyrenaica,Plantae,Tracheophyta,Magnoliopsida,Fagales,Fagaceae,Quercus,NA
Quercus ilex/Q. coccifera,Plantae,Tracheophyta,Magnoliopsida,Fagales,Fagaceae,Quercus,NA
Pinguicula cf. P. vulgaris,Plantae,Tracheophyta,Magnoliopsida,Lamiales,Lentibulariaceae,Pinguicula,NA
Scleranthus cf. S. perennis,Plantae,Tracheophyta,Magnoliopsida,Caryophyllales,Caryophyllaceae,Scleranthus,NA
Asperula,Plantae,Tracheophyta,Magnoliopsida,Gentianales,Rubiaceae,Asperula,NA
Centaurium erythraea,Plantae,Tracheophyta,Magnoliopsida,Gentianales,Gentianaceae,Centaurium,Centaurium erythraea
Fumaria officinalis,Plantae,Tracheophyta,Magnoliopsida,Ranunculales,Papaveraceae,Fumaria,Fumaria officinalis
Theligonum,Plantae,Tracheophyta,Magnoliopsida,Gentianales,Rubiaceae,Theligonum,NA
Taraxacum,Plantae,Tracheophyta,Magnoliopsida,Asterales,Asteraceae,Taraxacum,NA
Alnus subg. Alnobetula,Plantae,Tracheophyta,Magnoliopsida,Fagales,Betulaceae,Alnus,NA
Carpinus betulus-type,Plantae,Tracheophyta,Magnoliopsida,Fagales,Betulaceae,Carpinus,NA
Aristolochia,Plantae,Tracheophyta,Magnoliopsida,Piperales,Aristolochiaceae,Aristolochia,NA
Orobanchaceae,Plantae,Tracheophyta,Magnoliopsida,Lamiales,Orobanchaceae,Orobanchaceae,NA
Quercus faginea,Plantae,Tracheophyta,Magnoliopsida,Fagales,Fagaceae,Quercus,Quercus faginea
Anagallis arvensis-type,Plantae,Tracheophyta,Magnoliopsida,Ericales,Primulaceae,Lysimachia,NA
Cichorium intybus-type,Plantae,Tracheophyta,Magnoliopsida,Asterales,Asteraceae,Cichorium,NA
Poaceae (annulus 10-12 µm),Plantae,Tracheophyta,Liliopsida,Poales,Poaceae,Poaceae,NA
Cornus suecica-type,Plantae,Tracheophyta,Magnoliopsida,Cornales,Cornaceae,Cornus,NA
Malus sylvestris,Plantae,Tracheophyta,Magnoliopsida,Rosales,Rosaceae,Malus,Malus sylvestris
Poterium sanguisorba subsp. sanguisorba,Plantae,Tracheophyta,Magnoliopsida,Rosales,Rosaceae,Poterium,Poterium sanguisorba
Narcissus,Plantae,Tracheophyta,Liliopsida,Asparagales,Amaryllidaceae,Narcissus,NA
Cistaceae undiff.,Plantae,Tracheophyta,Magnoliopsida,Malvales,Cistaceae,Cistaceae,NA
Amaranthaceae (broken),Plantae,Tracheophyta,Magnoliopsida,Caryophyllales,Amaranthaceae,Amaranthaceae,NA
Amaranthaceae (crumpled),Plantae,Tracheophyta,Magnoliopsida,Caryophyllales,Amaranthaceae,Amaranthaceae,NA
Asteraceae undiff. (broken),Plantae,Tracheophyta,Magnoliopsida,Asterales,Asteraceae,Asteraceae,NA
Asteraceae undiff. (crumpled),Plantae,Tracheophyta,Magnoliopsida,Asterales,Asteraceae,Asteraceae,NA
Cedrus (broken),Plantae,Tracheophyta,Pinopsida,Pinales,Pinaceae,Cedrus,NA
Cedrus (crumpled),Plantae,Tracheophyta,Pinopsida,Pinales,Pinaceae,Cedrus,NA
Cedrus (degraded),Plantae,Tracheophyta,Pinopsida,Pinales,Pinaceae,Cedrus,NA
Cyperaceae (broken),Plantae,Tracheophyta,Liliopsida,Poales,Cyperaceae,Cyperaceae,NA
Cyperaceae (corroded),Plantae,Tracheophyta,Liliopsida,Poales,Cyperaceae,Cyperaceae,NA
Cyperaceae (crumpled),Plantae,Tracheophyta,Liliopsida,Poales,Cyperaceae,Cyperaceae,NA
Cyperaceae (degraded),Plantae,Tracheophyta,Liliopsida,Poales,Cyperaceae,Cyperaceae,NA
Fraxinus ornus-type,Plantae,Tracheophyta,Magnoliopsida,Lamiales,Oleaceae,Fraxinus,NA
Oleaceae (broken),Plantae,Tracheophyta,Magnoliopsida,Lamiales,Oleaceae,Oleaceae,NA
Oleaceae (crumpled),Plantae,Tracheophyta,Magnoliopsida,Lamiales,Oleaceae,Oleaceae,NA
Oleaceae (obscured),Plantae,Tracheophyta,Magnoliopsida,Lamiales,Oleaceae,Oleaceae,NA
Pinaceae (broken),Plantae,Tracheophyta,Pinopsida,Pinales,Pinaceae,Pinaceae,NA
Pinaceae (corroded),Plantae,Tracheophyta,Pinopsida,Pinales,Pinaceae,Pinaceae,NA
Pinaceae (crumpled),Plantae,Tracheophyta,Pinopsida,Pinales,Pinaceae,Pinaceae,NA
Pinaceae (degraded),Plantae,Tracheophyta,Pinopsida,Pinales,Pinaceae,Pinaceae,NA
Pinaceae (obscured),Plantae,Tracheophyta,Pinopsida,Pinales,Pinaceae,Pinaceae,NA
Pinus (broken),Plantae,Tracheophyta,Pinopsida,Pinales,Pinaceae,Pinus,NA
Pinus (corroded),Plantae,Tracheophyta,Pinopsida,Pinales,Pinaceae,Pinus,NA
Pinus (crumpled),Plantae,Tracheophyta,Pinopsida,Pinales,Pinaceae,Pinus,NA
Pinus (degraded),Plantae,Tracheophyta,Pinopsida,Pinales,Pinaceae,Pinus,NA
Pinus (fragmented),Plantae,Tracheophyta,Pinopsida,Pinales,Pinaceae,Pinus,NA
Poaceae (broken),Plantae,Tracheophyta,Liliopsida,Poales,Poaceae,Poaceae,NA
"Poaceae (Cerealia-type, broken)",Plantae,Tracheophyta,Liliopsida,Poales,Poaceae,Poaceae,NA
"Poaceae (Cerealia-type, corroded)",Plantae,Tracheophyta,Liliopsida,Poales,Poaceae,Poaceae,NA
"Poaceae (Cerealia-type, crumpled)",Plantae,Tracheophyta,Liliopsida,Poales,Poaceae,Poaceae,NA
Poaceae (corroded),Plantae,Tracheophyta,Liliopsida,Poales,Poaceae,Poaceae,NA
Poaceae (crumpled),Plantae,Tracheophyta,Liliopsida,Poales,Poaceae,Poaceae,NA
Poaceae (degraded),Plantae,Tracheophyta,Liliopsida,Poales,Poaceae,Poaceae,NA
Quercus coccifera-type,Plantae,Tracheophyta,Magnoliopsida,Fagales,Fagaceae,Quercus,NA
Quercus coccifera-type (broken),Plantae,Tracheophyta,Magnoliopsida,Fagales,Fagaceae,Quercus,NA
Quercus coccifera-type: corroded,Plantae,Tracheophyta,Magnoliopsida,Fagales,Fagaceae,Quercus,NA
Quercus coccifera-type (crumpled),Plantae,Tracheophyta,Magnoliopsida,Fagales,Fagaceae,Quercus,NA
Quercus undiff. (broken),Plantae,Tracheophyta,Magnoliopsida,Fagales,Fagaceae,Quercus,NA
Quercus undiff. (corroded),Plantae,Tracheophyta,Magnoliopsida,Fagales,Fagaceae,Quercus,NA
Quercus undiff. (crumpled),Plantae,Tracheophyta,Magnoliopsida,Fagales,Fagaceae,Quercus,NA
Quercus undiff. (degraded),Plantae,Tracheophyta,Magnoliopsida,Fagales,Fagaceae,Quercus,NA
Quercus undiff. (obscured),Plantae,Tracheophyta,Magnoliopsida,Fagales,Fagaceae,Quercus,NA
Anagallis tenella-type,Plantae,Tracheophyta,Magnoliopsida,Ericales,Primulaceae,Lysimachia,NA
Arnoseris,Plantae,Tracheophyta,Magnoliopsida,Asterales,Asteraceae,Arnoseris,NA
Cicendia filiformis,Plantae,Tracheophyta,Magnoliopsida,Gentianales,Gentianaceae,Cicendia,Cicendia filiformis
Cistus monspeliensis-type,Plantae,Tracheophyta,Magnoliopsida,Malvales,Cistaceae,Cistus,NA
Erica scoparia-type,Plantae,Tracheophyta,Magnoliopsida,Ericales,Ericaceae,Erica,NA
Frankenia,Plantae,Tracheophyta,Magnoliopsida,Caryophyllales,Frankeniaceae,Frankenia,NA
Fumaria officinalis-type,Plantae,Tracheophyta,Magnoliopsida,Ranunculales,Papaveraceae,Fumaria,NA
Gynandriris sisyrinchium,Plantae,Tracheophyta,Liliopsida,Asparagales,Iridaceae,Moraea,Moraea sisyrinchium
Halimium halimifolium-type,Plantae,Tracheophyta,Magnoliopsida,Malvales,Cistaceae,Halimium,NA
Helianthemum croceum-type,Plantae,Tracheophyta,Magnoliopsida,Malvales,Cistaceae,Helianthemum,NA
Tuberaria guttata,Plantae,Tracheophyta,Magnoliopsida,Malvales,Cistaceae,Tuberaria,Tuberaria guttata
Actaea spicata,Plantae,Tracheophyta,Magnoliopsida,Ranunculales,Ranunculaceae,Actaea,Actaea spicata
Aegopodium podagraria,Plantae,Tracheophyta,Magnoliopsida,Apiales,Apiaceae,Aegopodium,Aegopodium podagraria
Anemone pulsatilla-type,Plantae,Tracheophyta,Magnoliopsida,Ranunculales,Ranunculaceae,Anemone,NA
Anethum graveolens,Plantae,Tracheophyta,Magnoliopsida,Apiales,Apiaceae,Anethum,Anethum graveolens
Fragaria,Plantae,Tracheophyta,Magnoliopsida,Rosales,Rosaceae,Fragaria,NA
Iris germanica-type,Plantae,Tracheophyta,Liliopsida,Asparagales,Iridaceae,Iris,NA
Legousia,Plantae,Tracheophyta,Magnoliopsida,Asterales,Campanulaceae,Legousia,NA
Leucojum,Plantae,Tracheophyta,Liliopsida,Asparagales,Amaryllidaceae,Leucojum,NA
Robinia pseudoacacia,Plantae,Tracheophyta,Magnoliopsida,Fabales,Fabaceae,Robinia,Robinia pseudoacacia
Vaccaria hispanica,Plantae,Tracheophyta,Magnoliopsida,Caryophyllales,Caryophyllaceae,Gypsophila,Gypsophila vaccaria
Viburnum opulus/V. tinus,Plantae,Tracheophyta,Magnoliopsida,Dipsacales,Viburnaceae,Viburnum,NA
Carya glabra-type,Plantae,Tracheophyta,Magnoliopsida,Fagales,Juglandaceae,Carya,NA
Carya tomentosa-type,Plantae,Tracheophyta,Magnoliopsida,Fagales,Juglandaceae,Carya,NA
Anemone subg. Anemone,Plantae,Tracheophyta,Magnoliopsida,Ranunculales,Ranunculaceae,Anemone,NA
Artemisia alba-type,Plantae,Tracheophyta,Magnoliopsida,Asterales,Asteraceae,Artemisia,NA
Lathyrus linifolius-type,Plantae,Tracheophyta,Magnoliopsida,Fabales,Fabaceae,Lathyrus,NA
Potentilla erecta,Plantae,Tracheophyta,Magnoliopsida,Rosales,Rosaceae,Potentilla,Potentilla erecta
Centaurea jacea/C. nigra-type,Plantae,Tracheophyta,Magnoliopsida,Asterales,Asteraceae,Centaurea,NA
Lamium amplexicaule-type,Plantae,Tracheophyta,Magnoliopsida,Lamiales,Lamiaceae,Lamium,NA
Lamium purpureum var. hybridum-type,Plantae,Tracheophyta,Magnoliopsida,Lamiales,Lamiaceae,Lamium,Lamium purpureum
Polygonum cognatum,Plantae,Tracheophyta,Magnoliopsida,Caryophyllales,Polygonaceae,Polygonum,Polygonum cognatum
Rumex conglomeratus,Plantae,Tracheophyta,Magnoliopsida,Caryophyllales,Polygonaceae,Rumex,Rumex conglomeratus
Teucrium pyrenaicum-type,Plantae,Tracheophyta,Magnoliopsida,Lamiales,Lamiaceae,Teucrium,NA
Urtica atrovirens,Plantae,Tracheophyta,Magnoliopsida,Rosales,Urticaceae,Urtica,Urtica atrovirens
Geranium columbinum-type,Plantae,Tracheophyta,Magnoliopsida,Geraniales,Geraniaceae,Geranium,NA
Geranium pusillum-type,Plantae,Tracheophyta,Magnoliopsida,Geraniales,Geraniaceae,Geranium,NA
Amaryllidaceae,Plantae,Tracheophyta,Liliopsida,Asparagales,Amaryllidaceae,Amaryllidaceae,NA
Cercis,Plantae,Tracheophyta,Magnoliopsida,Fabales,Fabaceae,Cercis,NA
Chenopodium sp.,Plantae,Tracheophyta,Magnoliopsida,Caryophyllales,Amaranthaceae,Chenopodium,NA
Convolvulus undiff.,Plantae,Tracheophyta,Magnoliopsida,Solanales,Convolvulaceae,Convolvulus,NA
Cyclamen,Plantae,Tracheophyta,Magnoliopsida,Ericales,Primulaceae,Cyclamen,NA
Dracunculus,Plantae,Tracheophyta,Liliopsida,Alismatales,Araceae,Dracunculus,NA
Gentiana undiff.,Plantae,Tracheophyta,Magnoliopsida,Gentianales,Gentianaceae,Gentiana,NA
Mesembryanthemum,Plantae,Tracheophyta,Magnoliopsida,Caryophyllales,Aizoaceae,Mesembryanthemum,NA
Oenothera,Plantae,Tracheophyta,Magnoliopsida,Myrtales,Onagraceae,Oenothera,NA
Paeonia,Plantae,Tracheophyta,Magnoliopsida,Saxifragales,Paeoniaceae,Paeonia,NA
Plantago lanceolata/P. lagopus,Plantae,Tracheophyta,Magnoliopsida,Lamiales,Plantaginaceae,Plantago,NA
Prunus sp.,Plantae,Tracheophyta,Magnoliopsida,Rosales,Rosaceae,Prunus,NA
Punica granatum,Plantae,Tracheophyta,Magnoliopsida,Myrtales,Lythraceae,Punica,Punica granatum
Rumex subg. Emex,Plantae,Tracheophyta,Magnoliopsida,Caryophyllales,Polygonaceae,Rumex,NA
Sarcopoterium spinosum/Poterium sanguisorba,Plantae,Tracheophyta,Magnoliopsida,Rosales,Rosaceae,Sarcopoterium,NA
Senecio sp.,Plantae,Tracheophyta,Magnoliopsida,Asterales,Asteraceae,Senecio,NA
Styrax,Plantae,Tracheophyta,Magnoliopsida,Ericales,Styracaceae,Styrax,NA
Urtica pilulifera-type,Plantae,Tracheophyta,Magnoliopsida,Rosales,Urticaceae,Urtica,NA
Arnoseris minima,Plantae,Tracheophyta,Magnoliopsida,Asterales,Asteraceae,Arnoseris,Arnoseris minima
Caryophyllaceae (porate),Plantae,Tracheophyta,Magnoliopsida,Caryophyllales,Caryophyllaceae,Caryophyllaceae,NA
Conopodium majus,Plantae,Tracheophyta,Magnoliopsida,Apiales,Apiaceae,Conopodium,Conopodium majus
Artemisia sp.,Plantae,Tracheophyta,Magnoliopsida,Asterales,Asteraceae,Artemisia,NA
Capsella,Plantae,Tracheophyta,Magnoliopsida,Brassicales,Brassicaceae,Capsella,NA
Gentianella sp.,Plantae,Tracheophyta,Magnoliopsida,Gentianales,Gentianaceae,Gentianella,NA
Ranunculus glacialis,Plantae,Tracheophyta,Magnoliopsida,Ranunculales,Ranunculaceae,Ranunculus,Ranunculus glacialis
Sonchus,Plantae,Tracheophyta,Magnoliopsida,Asterales,Asteraceae,Sonchus,NA
Primula scandinavica-type,Plantae,Tracheophyta,Magnoliopsida,Ericales,Primulaceae,Primula,NA
Sorbus cf. S. aucuparia,Plantae,Tracheophyta,Magnoliopsida,Rosales,Rosaceae,Sorbus,NA
Linnaea,Plantae,Tracheophyta,Magnoliopsida,Dipsacales,Caprifoliaceae,Linnaea,NA
Rumex sp.,Plantae,Tracheophyta,Magnoliopsida,Caryophyllales,Polygonaceae,Rumex,NA
Avena sativa,Plantae,Tracheophyta,Liliopsida,Poales,Poaceae,Avena,Avena sativa
Linum bienne-type,Plantae,Tracheophyta,Magnoliopsida,Malpighiales,Linaceae,Linum,NA
Sorbus sp.,Plantae,Tracheophyta,Magnoliopsida,Rosales,Rosaceae,Sorbus,NA
Thalictrum flavum,Plantae,Tracheophyta,Magnoliopsida,Ranunculales,Ranunculaceae,Thalictrum,Thalictrum flavum
Triticum aestivum,Plantae,Tracheophyta,Liliopsida,Poales,Poaceae,Triticum,Triticum aestivum
Vaccinium sp.,Plantae,Tracheophyta,Magnoliopsida,Ericales,Ericaceae,Vaccinium,NA
Plantago cf. P. major,Plantae,Tracheophyta,Magnoliopsida,Lamiales,Plantaginaceae,Plantago,NA
Vaccinium uliginosum,Plantae,Tracheophyta,Magnoliopsida,Ericales,Ericaceae,Vaccinium,Vaccinium uliginosum
Vaccinium vitis-idaea,Plantae,Tracheophyta,Magnoliopsida,Ericales,Ericaceae,Vaccinium,Vaccinium vitis-idaea
Apiaceae cf. Pleurospermum,Plantae,Tracheophyta,Magnoliopsida,Apiales,Apiaceae,Apiaceae,NA
Ericaceae cf. Vaccinium,Plantae,Tracheophyta,Magnoliopsida,Ericales,Ericaceae,Ericaceae,NA
Rosaceae cf. Prunus,Plantae,Tracheophyta,Magnoliopsida,Rosales,Rosaceae,Rosaceae,NA
Rosaceae cf. Sorbus,Plantae,Tracheophyta,Magnoliopsida,Rosales,Rosaceae,Rosaceae,NA
Dipsacaceae undiff.,Plantae,Tracheophyta,Magnoliopsida,Dipsacales,Dipsacaceae,Dipsacaceae,NA
Hordeum group,Plantae,Tracheophyta,Liliopsida,Poales,Poaceae,Hordeum,NA
Atriplex sp.,Plantae,Tracheophyta,Magnoliopsida,Caryophyllales,Amaranthaceae,Atriplex,NA
Centaurea sp.,Plantae,Tracheophyta,Magnoliopsida,Asterales,Asteraceae,Centaurea,NA
Chrysosplenium alternifolium,Plantae,Tracheophyta,Magnoliopsida,Saxifragales,Saxifragaceae,Chrysosplenium,Chrysosplenium alternifolium
Helianthemum sp.,Plantae,Tracheophyta,Magnoliopsida,Malvales,Cistaceae,Helianthemum,NA
Krascheninnikovia ceratoides,Plantae,Tracheophyta,Magnoliopsida,Caryophyllales,Amaranthaceae,Krascheninnikovia,Krascheninnikovia ceratoides
Salsola sp.,Plantae,Tracheophyta,Magnoliopsida,Caryophyllales,Amaranthaceae,Salsola,NA
Thalictrum sp.,Plantae,Tracheophyta,Magnoliopsida,Ranunculales,Ranunculaceae,Thalictrum,NA
Medicago lupulina,Plantae,Tracheophyta,Magnoliopsida,Fabales,Fabaceae,Medicago,Medicago lupulina
Trifolium montanum-type,Plantae,Tracheophyta,Magnoliopsida,Fabales,Fabaceae,Trifolium,NA
Pinus cembroides,Plantae,Tracheophyta,Pinopsida,Pinales,Pinaceae,Pinus,Pinus cembroides
Angelica,Plantae,Tracheophyta,Magnoliopsida,Apiales,Apiaceae,Angelica,NA
Dictamnus albus,Plantae,Tracheophyta,Magnoliopsida,Sapindales,Rutaceae,Dictamnus,Dictamnus albus
Pinus (haplostellate),Plantae,Tracheophyta,Pinopsida,Pinales,Pinaceae,Pinus,NA
Sanicula,Plantae,Tracheophyta,Magnoliopsida,Apiales,Apiaceae,Sanicula,NA
Tussilago,Plantae,Tracheophyta,Magnoliopsida,Asterales,Asteraceae,Tussilago,NA
Kalmia,Plantae,Tracheophyta,Magnoliopsida,Ericales,Ericaceae,Kalmia,NA
Minuartia,Plantae,Tracheophyta,Magnoliopsida,Caryophyllales,Caryophyllaceae,Minuartia,NA
Pinus strobus-type,Plantae,Tracheophyta,Pinopsida,Pinales,Pinaceae,Pinus,NA
Pyrus,Plantae,Tracheophyta,Magnoliopsida,Rosales,Rosaceae,Pyrus,NA
Kalmia procumbens,Plantae,Tracheophyta,Magnoliopsida,Ericales,Ericaceae,Kalmia,Kalmia procumbens
Fragaria vesca,Plantae,Tracheophyta,Magnoliopsida,Rosales,Rosaceae,Fragaria,Fragaria vesca
Pinus mugo,Plantae,Tracheophyta,Pinopsida,Pinales,Pinaceae,Pinus,Pinus mugo
Pinus nigra,Plantae,Tracheophyta,Pinopsida,Pinales,Pinaceae,Pinus,Pinus nigra
Ajuga,Plantae,Tracheophyta,Magnoliopsida,Lamiales,Lamiaceae,Ajuga,NA
Lotus sp.,Plantae,Tracheophyta,Magnoliopsida,Fabales,Fabaceae,Lotus,NA
Melilotus,Plantae,Tracheophyta,Magnoliopsida,Fabales,Fabaceae,Melilotus,NA
Sambucus racemosa-type,Plantae,Tracheophyta,Magnoliopsida,Dipsacales,Viburnaceae,Sambucus,NA
Morus nigra,Plantae,Tracheophyta,Magnoliopsida,Rosales,Moraceae,Morus,Morus nigra
Centaurea aspera-type,Plantae,Tracheophyta,Magnoliopsida,Asterales,Asteraceae,Centaurea,NA
Cirsium cf. C. palustre,Plantae,Tracheophyta,Magnoliopsida,Asterales,Asteraceae,Cirsium,NA
Cyanus triumfettii,Plantae,Tracheophyta,Magnoliopsida,Asterales,Asteraceae,Centaurea,Centaurea triumfettii
Liliales,Plantae,Tracheophyta,Liliopsida,Liliales,undiff,undiff,NA
Pinus mugo/P. sylvestris,Plantae,Tracheophyta,Pinopsida,Pinales,Pinaceae,Pinus,NA
Plantago maritima subsp. serpentina,Plantae,Tracheophyta,Magnoliopsida,Lamiales,Plantaginaceae,Plantago,Plantago maritima
Polycarpon tetraphyllum,Plantae,Tracheophyta,Magnoliopsida,Caryophyllales,Caryophyllaceae,Polycarpon,Polycarpon tetraphyllum
Ranunculus fluitans-type,Plantae,Tracheophyta,Magnoliopsida,Ranunculales,Ranunculaceae,Ranunculus,NA
Sesamoides,Plantae,Tracheophyta,Magnoliopsida,Brassicales,Resedaceae,Sesamoides,NA
Solanum dulcamara/Sedum,Plantae,Tracheophyta,Magnoliopsida,Solanales,Solanaceae,Solanum,NA
Thalictrum minus,Plantae,Tracheophyta,Magnoliopsida,Ranunculales,Ranunculaceae,Thalictrum,Thalictrum minus
Valeriana tuberosa,Plantae,Tracheophyta,Magnoliopsida,Dipsacales,Caprifoliaceae,Valeriana,Valeriana tuberosa
Aconitum group,Plantae,Tracheophyta,Magnoliopsida,Ranunculales,Ranunculaceae,Aconitum,NA
Anemone pulsatilla,Plantae,Tracheophyta,Magnoliopsida,Ranunculales,Ranunculaceae,Pulsatilla,Pulsatilla vulgaris
Anemone pulsatilla group,Plantae,Tracheophyta,Magnoliopsida,Ranunculales,Ranunculaceae,Pulsatilla,Pulsatilla vulgaris
Consolida ambigua-type,Plantae,Tracheophyta,Magnoliopsida,Ranunculales,Ranunculaceae,Delphinium,NA
Frangula alnus-type,Plantae,Tracheophyta,Magnoliopsida,Rosales,Rhamnaceae,Frangula,NA
Gratiola,Plantae,Tracheophyta,Magnoliopsida,Lamiales,Plantaginaceae,Gratiola,NA
Limonium vulgare (type A),Plantae,Tracheophyta,Magnoliopsida,Caryophyllales,Plumbaginaceae,Limonium,Limonium vulgare
Ribes rubrum-type,Plantae,Tracheophyta,Magnoliopsida,Saxifragales,Grossulariaceae,Ribes,NA
Sison amomum-type,Plantae,Tracheophyta,Magnoliopsida,Apiales,Apiaceae,Sison,NA
Solanum dulcamara-type,Plantae,Tracheophyta,Magnoliopsida,Solanales,Solanaceae,Solanum,NA
Empetrum nigrum-type,Plantae,Tracheophyta,Magnoliopsida,Ericales,Ericaceae,Empetrum,NA
Prunella vulgaris-type,Plantae,Tracheophyta,Magnoliopsida,Lamiales,Lamiaceae,Prunella,NA
Amaranthaceae (small),Plantae,Tracheophyta,Magnoliopsida,Caryophyllales,Amaranthaceae,Amaranthaceae,NA
Apiaceae (apiculate),Plantae,Tracheophyta,Magnoliopsida,Apiales,Apiaceae,Apiaceae,NA
Apiaceae (large),Plantae,Tracheophyta,Magnoliopsida,Apiales,Apiaceae,Apiaceae,NA
Apiaceae (medium),Plantae,Tracheophyta,Magnoliopsida,Apiales,Apiaceae,Apiaceae,NA
Apiaceae (small),Plantae,Tracheophyta,Magnoliopsida,Apiales,Apiaceae,Apiaceae,NA
Caryophyllaceae (large),Plantae,Tracheophyta,Magnoliopsida,Caryophyllales,Caryophyllaceae,Caryophyllaceae,NA
Caryophyllaceae (small),Plantae,Tracheophyta,Magnoliopsida,Caryophyllales,Caryophyllaceae,Caryophyllaceae,NA
Pinus (large),Plantae,Tracheophyta,Pinopsida,Pinales,Pinaceae,Pinus,NA
Pinus (small),Plantae,Tracheophyta,Pinopsida,Pinales,Pinaceae,Pinus,NA
Poaceae (small),Plantae,Tracheophyta,Liliopsida,Poales,Poaceae,Poaceae,NA
Quercus rotundifolia,Plantae,Tracheophyta,Magnoliopsida,Fagales,Fagaceae,Quercus,Quercus rotundifolia
Symphoricarpos,Plantae,Tracheophyta,Magnoliopsida,Dipsacales,Caprifoliaceae,Symphoricarpos,NA
Lotus maritimus,Plantae,Tracheophyta,Magnoliopsida,Fabales,Fabaceae,Lotus,Lotus maritimus
Trifolium pannonicum,Plantae,Tracheophyta,Magnoliopsida,Fabales,Fabaceae,Trifolium,Trifolium pannonicum
"Poaceae (Cerealia-type, indeterminable)",Plantae,Tracheophyta,Liliopsida,Poales,Poaceae,Poaceae,NA
Centaurea pro parte,Plantae,Tracheophyta,Magnoliopsida,Asterales,Asteraceae,Centaurea,NA
Cistus pro parte,Plantae,Tracheophyta,Magnoliopsida,Malvales,Cistaceae,Cistus,NA
Plantago altissima-type,Plantae,Tracheophyta,Magnoliopsida,Lamiales,Plantaginaceae,Plantago,NA
Plantago argentea-type,Plantae,Tracheophyta,Magnoliopsida,Lamiales,Plantaginaceae,Plantago,NA
Plantago carinata-type,Plantae,Tracheophyta,Magnoliopsida,Lamiales,Plantaginaceae,Plantago,NA
Quercus pro parte,Plantae,Tracheophyta,Magnoliopsida,Fagales,Fagaceae,Quercus,NA
Alnus viridis subsp. suaveolens,Plantae,Tracheophyta,Magnoliopsida,Fagales,Betulaceae,Alnus,Alnus alnobetula
Pinus laricio,Plantae,Tracheophyta,Pinopsida,Pinales,Pinaceae,Pinus,Pinus laricio
Pinus maritima,Plantae,Tracheophyta,Pinopsida,Pinales,Pinaceae,Pinus,Pinus halepensis
Coriaria myrtifolia,Plantae,Tracheophyta,Magnoliopsida,Cucurbitales,Coriariaceae,Coriaria,Coriaria myrtifolia
Linum cf. L. usitatissimum,Plantae,Tracheophyta,Magnoliopsida,Malpighiales,Linaceae,Linum,NA
Papaver rhoeas,Plantae,Tracheophyta,Magnoliopsida,Ranunculales,Papaveraceae,Papaver,Papaver rhoeas
Convolvulaceae undiff.,Plantae,Tracheophyta,Magnoliopsida,Solanales,Convolvulaceae,Convolvulaceae,NA
Cornus subg. Thelycrania,Plantae,Tracheophyta,Magnoliopsida,Cornales,Cornaceae,Cornus,NA
Lythraceae undiff.,Plantae,Tracheophyta,Magnoliopsida,Myrtales,Lythraceae,Lythraceae,NA
Cousinia,Plantae,Tracheophyta,Magnoliopsida,Asterales,Asteraceae,Cousinia,NA
Lomelosia rotata-type,Plantae,Tracheophyta,Magnoliopsida,Dipsacales,Caprifoliaceae,Lomelosia,NA
Arctous alpina/A. rubra,Plantae,Tracheophyta,Magnoliopsida,Ericales,Ericaceae,Arctous,NA
Elaeagnus commutata,Plantae,Tracheophyta,Magnoliopsida,Rosales,Elaeagnaceae,Elaeagnus,Elaeagnus commutata
Picea glauca,Plantae,Tracheophyta,Pinopsida,Pinales,Pinaceae,Picea,Picea glauca
Picea mariana,Plantae,Tracheophyta,Pinopsida,Pinales,Pinaceae,Picea,Picea mariana
Iva annua,Plantae,Tracheophyta,Magnoliopsida,Asterales,Asteraceae,Iva,Iva annua
Cassiope,Plantae,Tracheophyta,Magnoliopsida,Ericales,Ericaceae,Cassiope,NA
Cnidium,Plantae,Tracheophyta,Magnoliopsida,Apiales,Apiaceae,Cnidium,NA
Dodecatheon,Plantae,Tracheophyta,Magnoliopsida,Ericales,Primulaceae,Dodecatheon,NA
Douglasia,Plantae,Tracheophyta,Magnoliopsida,Ericales,Primulaceae,Androsace,NA
Lagotis glauca,Plantae,Tracheophyta,Magnoliopsida,Lamiales,Plantaginaceae,Lagotis,Lagotis glauca
Lesquerella,Plantae,Tracheophyta,Magnoliopsida,Brassicales,Brassicaceae,Physaria,NA
Pedicularis lanceolata,Plantae,Tracheophyta,Magnoliopsida,Lamiales,Orobanchaceae,Pedicularis,Pedicularis lanceolata
Plantago canescens,Plantae,Tracheophyta,Magnoliopsida,Lamiales,Plantaginaceae,Plantago,Plantago canescens
Mertensia,Plantae,Tracheophyta,Magnoliopsida,Boraginales,Boraginaceae,Mertensia,NA
Acer cf. A. negundo,Plantae,Tracheophyta,Magnoliopsida,Sapindales,Sapindaceae,Acer,NA
Lewisia,Plantae,Tracheophyta,Magnoliopsida,Caryophyllales,Montiaceae,Lewisia,NA
Polygonum californicum-type,Plantae,Tracheophyta,Magnoliopsida,Caryophyllales,Polygonaceae,Polygonum,NA
Cornus canadensis,Plantae,Tracheophyta,Magnoliopsida,Cornales,Cornaceae,Cornus,Cornus canadensis
Cornus racemosa,Plantae,Tracheophyta,Magnoliopsida,Cornales,Cornaceae,Cornus,Cornus racemosa
Fraxinus nigra,Plantae,Tracheophyta,Magnoliopsida,Lamiales,Oleaceae,Fraxinus,Fraxinus nigra
Fraxinus pennsylvanica,Plantae,Tracheophyta,Magnoliopsida,Lamiales,Oleaceae,Fraxinus,Fraxinus pennsylvanica
Pinus contorta,Plantae,Tracheophyta,Pinopsida,Pinales,Pinaceae,Pinus,Pinus contorta
Acer circinatum-type,Plantae,Tracheophyta,Magnoliopsida,Sapindales,Sapindaceae,Acer,NA
Acer macrophyllum-type,Plantae,Tracheophyta,Magnoliopsida,Sapindales,Sapindaceae,Acer,NA
Bistorta bistortoides-type,Plantae,Tracheophyta,Magnoliopsida,Caryophyllales,Polygonaceae,Bistorta,NA
Cornus canadensis-type,Plantae,Tracheophyta,Magnoliopsida,Cornales,Cornaceae,Cornus,NA
Lysichiton,Plantae,Tracheophyta,Liliopsida,Alismatales,Araceae,Lysichiton,NA
Alnus (pentaporate),Plantae,Tracheophyta,Magnoliopsida,Fagales,Betulaceae,Alnus,NA
Alnus (tetraporate),Plantae,Tracheophyta,Magnoliopsida,Fagales,Betulaceae,Alnus,NA
Amorpha,Plantae,Tracheophyta,Magnoliopsida,Fabales,Fabaceae,Amorpha,NA
Gilia,Plantae,Tracheophyta,Magnoliopsida,Ericales,Polemoniaceae,Gilia,NA
Pedicularis contorta-type,Plantae,Tracheophyta,Magnoliopsida,Lamiales,Orobanchaceae,Pedicularis,NA
Pedicularis groenlandica-type,Plantae,Tracheophyta,Magnoliopsida,Lamiales,Orobanchaceae,Pedicularis,NA
Polygonum californicum,Plantae,Tracheophyta,Magnoliopsida,Caryophyllales,Polygonaceae,Polygonum,Polygonum californicum
Ribes lacustre,Plantae,Tracheophyta,Magnoliopsida,Saxifragales,Grossulariaceae,Ribes,Ribes lacustre
Ribes montigenum,Plantae,Tracheophyta,Magnoliopsida,Saxifragales,Grossulariaceae,Ribes,Ribes montigenum
Ribes undiff.,Plantae,Tracheophyta,Magnoliopsida,Saxifragales,Grossulariaceae,Ribes,NA
Juglans cinerea-type,Plantae,Tracheophyta,Magnoliopsida,Fagales,Juglandaceae,Juglans,NA
Pinus banksiana/P. resinosa,Plantae,Tracheophyta,Pinopsida,Pinales,Pinaceae,Pinus,NA
Zanthoxylum,Plantae,Tracheophyta,Magnoliopsida,Sapindales,Rutaceae,Zanthoxylum,NA
Acer saccharinum,Plantae,Tracheophyta,Magnoliopsida,Sapindales,Sapindaceae,Acer,Acer saccharinum
Cornus florida,Plantae,Tracheophyta,Magnoliopsida,Cornales,Cornaceae,Cornus,Cornus florida
Itea,Plantae,Tracheophyta,Magnoliopsida,Saxifragales,Iteaceae,Itea,NA
Juglans undiff.,Plantae,Tracheophyta,Magnoliopsida,Fagales,Juglandaceae,Juglans,NA
Liriodendron,Plantae,Tracheophyta,Magnoliopsida,Magnoliales,Magnoliaceae,Liriodendron,NA
Persicaria hydropiper-type,Plantae,Tracheophyta,Magnoliopsida,Caryophyllales,Polygonaceae,Persicaria,NA
Sanguisorba canadensis,Plantae,Tracheophyta,Magnoliopsida,Rosales,Rosaceae,Sanguisorba,Sanguisorba canadensis
Ephedra torreyana-type,Plantae,Tracheophyta,Gnetopsida,Ephedrales,Ephedraceae,Ephedra,NA
Lamiaceae cf. Stachys,Plantae,Tracheophyta,Magnoliopsida,Lamiales,Lamiaceae,Lamiaceae,NA
Dalea candida,Plantae,Tracheophyta,Magnoliopsida,Fabales,Fabaceae,Dalea,Dalea candida
Dalea purpurea-type,Plantae,Tracheophyta,Magnoliopsida,Fabales,Fabaceae,Dalea,NA
Pinus banksiana,Plantae,Tracheophyta,Pinopsida,Pinales,Pinaceae,Pinus,Pinus banksiana
Micranthes foliolosa-type,Plantae,Tracheophyta,Magnoliopsida,Saxifragales,Saxifragaceae,Micranthes,NA
Micranthes hieraciifolia-type,Plantae,Tracheophyta,Magnoliopsida,Saxifragales,Saxifragaceae,Micranthes,NA
Plantago canescens-type,Plantae,Tracheophyta,Magnoliopsida,Lamiales,Plantaginaceae,Plantago,NA
Saxifraga tricuspidata-type,Plantae,Tracheophyta,Magnoliopsida,Saxifragales,Saxifragaceae,Saxifraga,NA
Micranthes foliolosa,Plantae,Tracheophyta,Magnoliopsida,Saxifragales,Saxifragaceae,Micranthes,Micranthes foliolosa
Fraxinus americana,Plantae,Tracheophyta,Magnoliopsida,Lamiales,Oleaceae,Fraxinus,Fraxinus americana
Myricaceae undiff.,Plantae,Tracheophyta,Magnoliopsida,Fagales,Myricaceae,Myricaceae,NA
Picea cf. P. glauca,Plantae,Tracheophyta,Pinopsida,Pinales,Pinaceae,Picea,NA
Picea cf. P. mariana,Plantae,Tracheophyta,Pinopsida,Pinales,Pinaceae,Picea,NA
Pinus det. P. banksiana/P. resinosa,Plantae,Tracheophyta,Pinopsida,Pinales,Pinaceae,Pinus,NA
Pinus det. P. strobus,Plantae,Tracheophyta,Pinopsida,Pinales,Pinaceae,Pinus,NA
Abies lasiocarpa,Plantae,Tracheophyta,Pinopsida,Pinales,Pinaceae,Abies,Abies lasiocarpa
Acer glabrum,Plantae,Tracheophyta,Magnoliopsida,Sapindales,Sapindaceae,Acer,Acer glabrum
Agoseris glauca-type,Plantae,Tracheophyta,Magnoliopsida,Asterales,Asteraceae,Agoseris,NA
Cornus sericea,Plantae,Tracheophyta,Magnoliopsida,Cornales,Cornaceae,Cornus,Cornus sericea
Solidago canadensis,Plantae,Tracheophyta,Magnoliopsida,Asterales,Asteraceae,Solidago,Solidago canadensis
Betula (shrub),Plantae,Tracheophyta,Magnoliopsida,Fagales,Betulaceae,Betula,NA
Betula (small),Plantae,Tracheophyta,Magnoliopsida,Fagales,Betulaceae,Betula,NA
Pinus subg. Pinus undiff.,Plantae,Tracheophyta,Pinopsida,Pinales,Pinaceae,Pinus,NA
Acer macrophyllum,Plantae,Tracheophyta,Magnoliopsida,Sapindales,Sapindaceae,Acer,Acer macrophyllum
Alnus rubra,Plantae,Tracheophyta,Magnoliopsida,Fagales,Betulaceae,Alnus,Alnus rubra
Alnus viridis subsp. sinuata,Plantae,Tracheophyta,Magnoliopsida,Fagales,Betulaceae,Alnus,Alnus alnobetula
Alnus (hexaporate),Plantae,Tracheophyta,Magnoliopsida,Fagales,Betulaceae,Alnus,NA
Chrysolepis,Plantae,Tracheophyta,Magnoliopsida,Fagales,Fagaceae,Chrysolepis,NA
Nyctaginaceae,Plantae,Tracheophyta,Magnoliopsida,Caryophyllales,Nyctaginaceae,Nyctaginaceae,NA
Onagraceae undiff.,Plantae,Tracheophyta,Magnoliopsida,Myrtales,Onagraceae,Onagraceae,NA
Pinus edulis,Plantae,Tracheophyta,Pinopsida,Pinales,Pinaceae,Pinus,Pinus edulis
Pinus flexilis,Plantae,Tracheophyta,Pinopsida,Pinales,Pinaceae,Pinus,Pinus flexilis
Pinus ponderosa,Plantae,Tracheophyta,Pinopsida,Pinales,Pinaceae,Pinus,Pinus ponderosa
Pinus aristata,Plantae,Tracheophyta,Pinopsida,Pinales,Pinaceae,Pinus,Pinus aristata
Myricaceae,Plantae,Tracheophyta,Magnoliopsida,Fagales,Myricaceae,Myricaceae,NA
Alnus viridis subsp. crispa-type,Plantae,Tracheophyta,Magnoliopsida,Fagales,Betulaceae,Alnus,Alnus alnobetula
Caryophyllaceae cf. Dianthus,Plantae,Tracheophyta,Magnoliopsida,Caryophyllales,Caryophyllaceae,Caryophyllaceae,NA
Ranunculus pensylvanicus-type,Plantae,Tracheophyta,Magnoliopsida,Ranunculales,Ranunculaceae,Ranunculus,NA
Asteraceae (high spine),Plantae,Tracheophyta,Magnoliopsida,Asterales,Asteraceae,Asteraceae,NA
Asteraceae (low spine),Plantae,Tracheophyta,Magnoliopsida,Asterales,Asteraceae,Asteraceae,NA
Fraxinus pennsylvanica/F. americana-type,Plantae,Tracheophyta,Magnoliopsida,Lamiales,Oleaceae,Fraxinus,NA
Acalypha,Plantae,Tracheophyta,Magnoliopsida,Malpighiales,Euphorbiaceae,Acalypha,NA
Chamaecyparis thyoides,Plantae,Tracheophyta,Pinopsida,Pinales,Cupressaceae,Chamaecyparis,Chamaecyparis thyoides
Fagaceae,Plantae,Tracheophyta,Magnoliopsida,Fagales,Fagaceae,Fagaceae,NA
Pseudotsuga menziesii,Plantae,Tracheophyta,Pinopsida,Pinales,Pinaceae,Pseudotsuga,Pseudotsuga menziesii
Acer circinatum,Plantae,Tracheophyta,Magnoliopsida,Sapindales,Sapindaceae,Acer,Acer circinatum
Alnus rubra-type,Plantae,Tracheophyta,Magnoliopsida,Fagales,Betulaceae,Alnus,NA
Robinia,Plantae,Tracheophyta,Magnoliopsida,Fabales,Fabaceae,Robinia,NA
Menispermaceae,Plantae,Tracheophyta,Magnoliopsida,Ranunculales,Menispermaceae,Menispermaceae,NA
Mitella,Plantae,Tracheophyta,Magnoliopsida,Saxifragales,Saxifragaceae,Mitella,NA
Planera aquatica,Plantae,Tracheophyta,Magnoliopsida,Rosales,Ulmaceae,Planera,Planera aquatica
Actaea rubra,Plantae,Tracheophyta,Magnoliopsida,Ranunculales,Ranunculaceae,Actaea,Actaea rubra
Mitchella repens,Plantae,Tracheophyta,Magnoliopsida,Gentianales,Rubiaceae,Mitchella,Mitchella repens
Allenrolfea occidentalis,Plantae,Tracheophyta,Magnoliopsida,Caryophyllales,Amaranthaceae,Allenrolfea,Allenrolfea occidentalis
Ephedra nevadensis,Plantae,Tracheophyta,Gnetopsida,Ephedrales,Ephedraceae,Ephedra,Ephedra nevadensis
Ephedra viridis,Plantae,Tracheophyta,Gnetopsida,Ephedrales,Ephedraceae,Ephedra,Ephedra viridis
Comarum palustre-type,Plantae,Tracheophyta,Magnoliopsida,Rosales,Rosaceae,Comarum,NA
Fagus grandifolia,Plantae,Tracheophyta,Magnoliopsida,Fagales,Fagaceae,Fagus,Fagus grandifolia
Viburnum edule,Plantae,Tracheophyta,Magnoliopsida,Dipsacales,Viburnaceae,Viburnum,Viburnum edule
Betula glandulosa,Plantae,Tracheophyta,Magnoliopsida,Fagales,Betulaceae,Betula,Betula glandulosa
Adenostoma fasciculatum,Plantae,Tracheophyta,Magnoliopsida,Rosales,Rosaceae,Adenostoma,Adenostoma fasciculatum
Adenostoma sparsifolium,Plantae,Tracheophyta,Magnoliopsida,Rosales,Rosaceae,Adenostoma,Adenostoma sparsifolium
Pinus jeffreyi-type,Plantae,Tracheophyta,Pinopsida,Pinales,Pinaceae,Pinus,NA
Quercus chrysolepis,Plantae,Tracheophyta,Magnoliopsida,Fagales,Fagaceae,Quercus,Quercus chrysolepis
Trillium,Plantae,Tracheophyta,Liliopsida,Liliales,Melanthiaceae,Trillium,NA
Pinus monticola-type,Plantae,Tracheophyta,Pinopsida,Pinales,Pinaceae,Pinus,NA
Castanopsis,Plantae,Tracheophyta,Magnoliopsida,Fagales,Fagaceae,Castanopsis,NA
Garrya,Plantae,Tracheophyta,Magnoliopsida,Garryales,Garryaceae,Garrya,NA
Navarretia,Plantae,Tracheophyta,Magnoliopsida,Ericales,Polemoniaceae,Navarretia,NA
Alnus (triporate),Plantae,Tracheophyta,Magnoliopsida,Fagales,Betulaceae,Alnus,NA
Pinus monticola,Plantae,Tracheophyta,Pinopsida,Pinales,Pinaceae,Pinus,Pinus monticola
Purshia,Plantae,Tracheophyta,Magnoliopsida,Rosales,Rosaceae,Purshia,NA
Celtis occidentalis,Plantae,Tracheophyta,Magnoliopsida,Rosales,Cannabaceae,Celtis,Celtis occidentalis
Platanus occidentalis,Plantae,Tracheophyta,Magnoliopsida,Proteales,Platanaceae,Platanus,Platanus occidentalis
Quercus vaccinifolia-type,Plantae,Tracheophyta,Magnoliopsida,Fagales,Fagaceae,Quercus,NA
Apocynaceae,Plantae,Tracheophyta,Magnoliopsida,Gentianales,Apocynaceae,Apocynaceae,NA
Araceae,Plantae,Tracheophyta,Liliopsida,Alismatales,Araceae,Araceae,NA
Leptospermum,Plantae,Tracheophyta,Magnoliopsida,Myrtales,Myrtaceae,Leptospermum,NA
Ulmaceae,Plantae,Tracheophyta,Magnoliopsida,Rosales,Ulmaceae,Ulmaceae,NA
Alnus viridis subsp. sinuata-type,Plantae,Tracheophyta,Magnoliopsida,Fagales,Betulaceae,Alnus,Alnus alnobetula
Arecaceae,Plantae,Tracheophyta,Liliopsida,Arecales,Arecaceae,Arecaceae,NA
Camassia,Plantae,Tracheophyta,Liliopsida,Asparagales,Asparagaceae,Camassia,NA
Elaeagnaceae,Plantae,Tracheophyta,Magnoliopsida,Rosales,Elaeagnaceae,Elaeagnaceae,NA
Sequoiadendron,Plantae,Tracheophyta,Pinopsida,Pinales,Cupressaceae,Sequoiadendron,NA
Larix laricina,Plantae,Tracheophyta,Pinopsida,Pinales,Pinaceae,Larix,Larix laricina
Nemopanthus,Plantae,Tracheophyta,Magnoliopsida,Aquifoliales,Aquifoliaceae,Ilex,NA
Taxus canadensis,Plantae,Tracheophyta,Pinopsida,Pinales,Taxaceae,Taxus,Taxus canadensis
Tilia americana,Plantae,Tracheophyta,Magnoliopsida,Malvales,Malvaceae,Tilia,Tilia americana
Viburnum nudum,Plantae,Tracheophyta,Magnoliopsida,Dipsacales,Viburnaceae,Viburnum,Viburnum nudum
Liquidambar styraciflua,Plantae,Tracheophyta,Magnoliopsida,Saxifragales,Altingiaceae,Liquidambar,Liquidambar styraciflua
Iva,Plantae,Tracheophyta,Magnoliopsida,Asterales,Asteraceae,Iva,NA
Lysichiton americanus,Plantae,Tracheophyta,Liliopsida,Alismatales,Araceae,Lysichiton,Lysichiton americanus
Castilleja,Plantae,Tracheophyta,Magnoliopsida,Lamiales,Orobanchaceae,Castilleja,NA
Cryptantha,Plantae,Tracheophyta,Magnoliopsida,Boraginales,Boraginaceae,Cryptantha,NA
Erodium cicutarium,Plantae,Tracheophyta,Magnoliopsida,Geraniales,Geraniaceae,Erodium,Erodium cicutarium
Gossypium,Plantae,Tracheophyta,Magnoliopsida,Malvales,Malvaceae,Gossypium,NA
Kallstroemia,Plantae,Tracheophyta,Magnoliopsida,Zygophyllales,Zygophyllaceae,Kallstroemia,NA
Larrea,Plantae,Tracheophyta,Magnoliopsida,Zygophyllales,Zygophyllaceae,Larrea,NA
Linanthus,Plantae,Tracheophyta,Magnoliopsida,Ericales,Polemoniaceae,Linanthus,NA
Vitaceae,Plantae,Tracheophyta,Magnoliopsida,Vitales,Vitaceae,Vitaceae,NA
Prunus pensylvanica,Plantae,Tracheophyta,Magnoliopsida,Rosales,Rosaceae,Prunus,Prunus pensylvanica
Prunus undiff.,Plantae,Tracheophyta,Magnoliopsida,Rosales,Rosaceae,Prunus,NA
Rhus typhina-type,Plantae,Tracheophyta,Magnoliopsida,Sapindales,Anacardiaceae,Rhus,NA
Tsuga undiff.,Plantae,Tracheophyta,Pinopsida,Pinales,Pinaceae,Tsuga,NA
Nyssa sylvatica,Plantae,Tracheophyta,Magnoliopsida,Cornales,Nyssaceae,Nyssa,Nyssa sylvatica
Suaeda calceoliformis,Plantae,Tracheophyta,Magnoliopsida,Caryophyllales,Amaranthaceae,Suaeda,Suaeda calceoliformis
Arceuthobium pusillum,Plantae,Tracheophyta,Magnoliopsida,Santalales,Viscaceae,Arceuthobium,Arceuthobium pusillum
Chamaesyce,Plantae,Tracheophyta,Magnoliopsida,Malpighiales,Euphorbiaceae,Euphorbia,NA
Hudsonia,Plantae,Tracheophyta,Magnoliopsida,Malvales,Cistaceae,Hudsonia,NA
Lycium,Plantae,Tracheophyta,Magnoliopsida,Solanales,Solanaceae,Lycium,NA
Chamaebatiaria millefolium,Plantae,Tracheophyta,Magnoliopsida,Rosales,Rosaceae,Chamaebatiaria,Chamaebatiaria millefolium
Monardella,Plantae,Tracheophyta,Magnoliopsida,Lamiales,Lamiaceae,Monardella,NA
Iris versicolor,Plantae,Tracheophyta,Liliopsida,Asparagales,Iridaceae,Iris,Iris versicolor
Actaea,Plantae,Tracheophyta,Magnoliopsida,Ranunculales,Ranunculaceae,Actaea,NA
Berberis repens,Plantae,Tracheophyta,Magnoliopsida,Ranunculales,Berberidaceae,Mahonia,Mahonia repens
Leptosiphon,Plantae,Tracheophyta,Magnoliopsida,Ericales,Polemoniaceae,Leptosiphon,NA
Commelinaceae,Plantae,Tracheophyta,Liliopsida,Commelinales,Commelinaceae,Commelinaceae,NA
Fraxinus americana-type,Plantae,Tracheophyta,Magnoliopsida,Lamiales,Oleaceae,Fraxinus,NA
Morus rubra-type,Plantae,Tracheophyta,Magnoliopsida,Rosales,Moraceae,Morus,NA
Pedicularis undiff.,Plantae,Tracheophyta,Magnoliopsida,Lamiales,Orobanchaceae,Pedicularis,NA
Aralia hispida,Plantae,Tracheophyta,Magnoliopsida,Apiales,Araliaceae,Aralia,Aralia hispida
Cornus alternifolia,Plantae,Tracheophyta,Magnoliopsida,Cornales,Cornaceae,Cornus,Cornus alternifolia
Maclura pomifera-type,Plantae,Tracheophyta,Magnoliopsida,Rosales,Moraceae,Maclura,NA
Fraxinus latifolia,Plantae,Tracheophyta,Magnoliopsida,Lamiales,Oleaceae,Fraxinus,Fraxinus latifolia
Shepherdia canadensis-type,Plantae,Tracheophyta,Magnoliopsida,Rosales,Elaeagnaceae,Shepherdia,NA
Taxus brevifolia,Plantae,Tracheophyta,Pinopsida,Pinales,Taxaceae,Taxus,Taxus brevifolia
Ceratiola ericoides,Plantae,Tracheophyta,Magnoliopsida,Ericales,Ericaceae,Ceratiola,Ceratiola ericoides
Arceuthobium americanum,Plantae,Tracheophyta,Magnoliopsida,Santalales,Viscaceae,Arceuthobium,Arceuthobium americanum
Betula det. shrub,Plantae,Tracheophyta,Magnoliopsida,Fagales,Betulaceae,Betula,NA
Betula det. tree,Plantae,Tracheophyta,Magnoliopsida,Fagales,Betulaceae,Betula,NA
Picea det. P. glauca,Plantae,Tracheophyta,Pinopsida,Pinales,Pinaceae,Picea,NA
Picea det. P. mariana,Plantae,Tracheophyta,Pinopsida,Pinales,Pinaceae,Picea,NA
Impatiens capensis,Plantae,Tracheophyta,Magnoliopsida,Ericales,Balsaminaceae,Impatiens,Impatiens capensis
Caltha leptosepala,Plantae,Tracheophyta,Magnoliopsida,Ranunculales,Ranunculaceae,Caltha,Caltha leptosepala
Coptis aspleniifolia,Plantae,Tracheophyta,Magnoliopsida,Ranunculales,Ranunculaceae,Coptis,Coptis aspleniifolia
Gentiana douglasiana,Plantae,Tracheophyta,Magnoliopsida,Gentianales,Gentianaceae,Gentiana,Gentiana douglasiana
Avicennia,Plantae,Tracheophyta,Magnoliopsida,Lamiales,Acanthaceae,Avicennia,NA
Coccoloba,Plantae,Tracheophyta,Magnoliopsida,Caryophyllales,Polygonaceae,Coccoloba,NA
Conocarpus,Plantae,Tracheophyta,Magnoliopsida,Myrtales,Combretaceae,Conocarpus,NA
Forestiera,Plantae,Tracheophyta,Magnoliopsida,Lamiales,Oleaceae,Forestiera,NA
Laguncularia,Plantae,Tracheophyta,Magnoliopsida,Myrtales,Combretaceae,Laguncularia,NA
Rhizophora,Plantae,Tracheophyta,Magnoliopsida,Malpighiales,Rhizophoraceae,Rhizophora,NA
Sapindaceae undiff.,Plantae,Tracheophyta,Magnoliopsida,Sapindales,Sapindaceae,Sapindaceae,NA
Toxicodendron radicans,Plantae,Tracheophyta,Magnoliopsida,Sapindales,Anacardiaceae,Toxicodendron,Toxicodendron radicans
Nemopanthus mucronatus,Plantae,Tracheophyta,Magnoliopsida,Aquifoliales,Aquifoliaceae,Ilex,Ilex mucronata
Pinus resinosa-type,Plantae,Tracheophyta,Pinopsida,Pinales,Pinaceae,Pinus,NA
Prunus virginiana,Plantae,Tracheophyta,Magnoliopsida,Rosales,Rosaceae,Prunus,Prunus virginiana
Rosaceae cf. Prunus serotina,Plantae,Tracheophyta,Magnoliopsida,Rosales,Rosaceae,Rosaceae,NA
Salix vestita-type,Plantae,Tracheophyta,Magnoliopsida,Malpighiales,Salicaceae,Salix,NA
Acer nigrum,Plantae,Tracheophyta,Magnoliopsida,Sapindales,Sapindaceae,Acer,Acer nigrum
Carya cordiformis,Plantae,Tracheophyta,Magnoliopsida,Fagales,Juglandaceae,Carya,Carya cordiformis
Populus deltoides-type,Plantae,Tracheophyta,Magnoliopsida,Malpighiales,Salicaceae,Populus,NA
Agastache,Plantae,Tracheophyta,Magnoliopsida,Lamiales,Lamiaceae,Agastache,NA
Cistanthe,Plantae,Tracheophyta,Magnoliopsida,Caryophyllales,Montiaceae,Cistanthe,NA
Polygonum sect. Duravia,Plantae,Tracheophyta,Magnoliopsida,Caryophyllales,Polygonaceae,Polygonum,NA
Ranunculus orthorhynchus,Plantae,Tracheophyta,Magnoliopsida,Ranunculales,Ranunculaceae,Ranunculus,Ranunculus orthorhynchus
Iva undiff.,Plantae,Tracheophyta,Magnoliopsida,Asterales,Asteraceae,Iva,NA
Lagotis,Plantae,Tracheophyta,Magnoliopsida,Lamiales,Plantaginaceae,Lagotis,NA
Salix reticulata-type,Plantae,Tracheophyta,Magnoliopsida,Malpighiales,Salicaceae,Salix,NA
Agave,Plantae,Tracheophyta,Liliopsida,Asparagales,Asparagaceae,Agave,NA
Allionia,Plantae,Tracheophyta,Magnoliopsida,Caryophyllales,Nyctaginaceae,Allionia,NA
Canotia,Plantae,Tracheophyta,Magnoliopsida,Celastrales,Celastraceae,Canotia,NA
Fouquieria,Plantae,Tracheophyta,Magnoliopsida,Ericales,Fouquieriaceae,Fouquieria,NA
Hydrophyllaceae,Plantae,Tracheophyta,Magnoliopsida,Boraginales,Hydrophyllaceae,Hydrophyllaceae,NA
Mimosa,Plantae,Tracheophyta,Magnoliopsida,Fabales,Fabaceae,Mimosa,NA
Prosopis,Plantae,Tracheophyta,Magnoliopsida,Fabales,Fabaceae,Prosopis,NA
Simmondsia chinensis,Plantae,Tracheophyta,Magnoliopsida,Caryophyllales,Simmondsiaceae,Simmondsia,Simmondsia chinensis
Yucca,Plantae,Tracheophyta,Liliopsida,Asparagales,Asparagaceae,Yucca,NA
Campanula rotundifolia-type,Plantae,Tracheophyta,Magnoliopsida,Asterales,Campanulaceae,Campanula,NA
Gaura,Plantae,Tracheophyta,Magnoliopsida,Myrtales,Onagraceae,Oenothera,NA
Momipites,Plantae,Tracheophyta,Magnoliopsida,Fagales,Juglandaceae,Momipites,NA
Ranunculaceae (pericolpate),Plantae,Tracheophyta,Magnoliopsida,Ranunculales,Ranunculaceae,Ranunculaceae,NA
Ranunculaceae (tricolpate) undiff.,Plantae,Tracheophyta,Magnoliopsida,Ranunculales,Ranunculaceae,Ranunculaceae,NA
Dicentra,Plantae,Tracheophyta,Magnoliopsida,Ranunculales,Papaveraceae,Dicentra,NA
Menispermum,Plantae,Tracheophyta,Magnoliopsida,Ranunculales,Menispermaceae,Menispermum,NA
Fritillaria camschatcensis,Plantae,Tracheophyta,Liliopsida,Liliales,Liliaceae,Fritillaria,Fritillaria camschatcensis
Oplopanax horridus,Plantae,Tracheophyta,Magnoliopsida,Apiales,Araliaceae,Oplopanax,Oplopanax horridus
Picea sitchensis,Plantae,Tracheophyta,Pinopsida,Pinales,Pinaceae,Picea,Picea sitchensis
Populus trichocarpa,Plantae,Tracheophyta,Magnoliopsida,Malpighiales,Salicaceae,Populus,Populus trichocarpa
Sanguisorba stipulata,Plantae,Tracheophyta,Magnoliopsida,Rosales,Rosaceae,Sanguisorba,Sanguisorba stipulata
Alternanthera,Plantae,Tracheophyta,Magnoliopsida,Caryophyllales,Amaranthaceae,Alternanthera,NA
Filipendula rubra,Plantae,Tracheophyta,Magnoliopsida,Rosales,Rosaceae,Filipendula,Filipendula rubra
Polygonum subsect. Polygonella,Plantae,Tracheophyta,Magnoliopsida,Caryophyllales,Polygonaceae,Polygonella,NA
Arabis,Plantae,Tracheophyta,Magnoliopsida,Brassicales,Brassicaceae,Arabis,NA
Chamaedaphne,Plantae,Tracheophyta,Magnoliopsida,Ericales,Ericaceae,Chamaedaphne,NA
Hamamelis,Plantae,Tracheophyta,Magnoliopsida,Saxifragales,Hamamelidaceae,Hamamelis,NA
Maianthemum,Plantae,Tracheophyta,Liliopsida,Asparagales,Asparagaceae,Maianthemum,NA
Hamamelidaceae,Plantae,Tracheophyta,Magnoliopsida,Saxifragales,Hamamelidaceae,Hamamelidaceae,NA
Platanaceae,Plantae,Tracheophyta,Magnoliopsida,Proteales,Platanaceae,Platanaceae,NA
Symphoricarpos albus,Plantae,Tracheophyta,Magnoliopsida,Dipsacales,Caprifoliaceae,Symphoricarpos,Symphoricarpos albus
Circaea alpina,Plantae,Tracheophyta,Magnoliopsida,Myrtales,Onagraceae,Circaea,Circaea alpina
Claytonia acutifolia,Plantae,Tracheophyta,Magnoliopsida,Caryophyllales,Montiaceae,Claytonia,Claytonia acutifolia
Pinus aristata-type,Plantae,Tracheophyta,Pinopsida,Pinales,Pinaceae,Pinus,NA
Pinus ponderosa-type,Plantae,Tracheophyta,Pinopsida,Pinales,Pinaceae,Pinus,NA
Berchemia scandens,Plantae,Tracheophyta,Magnoliopsida,Rosales,Rhamnaceae,Berchemia,Berchemia scandens
Calycanthus,Plantae,Tracheophyta,Magnoliopsida,Laurales,Calycanthaceae,Calycanthus,NA
Cephalanthus occidentalis,Plantae,Tracheophyta,Magnoliopsida,Gentianales,Rubiaceae,Cephalanthus,Cephalanthus occidentalis
Fraxinus quadrangulata/F. nigra-type,Plantae,Tracheophyta,Magnoliopsida,Lamiales,Oleaceae,Fraxinus,NA
Prunus americana-type,Plantae,Tracheophyta,Magnoliopsida,Rosales,Rosaceae,Prunus,NA
Prunus virginiana-type,Plantae,Tracheophyta,Magnoliopsida,Rosales,Rosaceae,Prunus,NA
Viburnum acerifolium-type,Plantae,Tracheophyta,Magnoliopsida,Dipsacales,Viburnaceae,Viburnum,NA
Viburnum lentago-type,Plantae,Tracheophyta,Magnoliopsida,Dipsacales,Viburnaceae,Viburnum,NA
Chamaedaphne calyculata,Plantae,Tracheophyta,Magnoliopsida,Ericales,Ericaceae,Chamaedaphne,Chamaedaphne calyculata
Gaultheria,Plantae,Tracheophyta,Magnoliopsida,Ericales,Ericaceae,Gaultheria,NA
Gaylussacia,Plantae,Tracheophyta,Magnoliopsida,Ericales,Ericaceae,Gaylussacia,NA
Lithocarpus,Plantae,Tracheophyta,Magnoliopsida,Fagales,Fagaceae,Lithocarpus,NA
Maclura,Plantae,Tracheophyta,Magnoliopsida,Rosales,Moraceae,Maclura,NA
Anemone patens,Plantae,Tracheophyta,Magnoliopsida,Ranunculales,Ranunculaceae,Pulsatilla,Pulsatilla patens
Anemone quinquefolia-type,Plantae,Tracheophyta,Magnoliopsida,Ranunculales,Ranunculaceae,Anemone,NA
Asteraceae cf. Cirsium,Plantae,Tracheophyta,Magnoliopsida,Asterales,Asteraceae,Asteraceae,NA
Calylophus,Plantae,Tracheophyta,Magnoliopsida,Myrtales,Onagraceae,Oenothera,NA
Mentzelia,Plantae,Tracheophyta,Magnoliopsida,Cornales,Loasaceae,Mentzelia,NA
Picea indet.,Plantae,Tracheophyta,Pinopsida,Pinales,Pinaceae,Picea,NA
Polygonum ramosissimum-type,Plantae,Tracheophyta,Magnoliopsida,Caryophyllales,Polygonaceae,Polygonum,NA
Tsuga canadensis-type,Plantae,Tracheophyta,Pinopsida,Pinales,Pinaceae,Tsuga,NA
Viburnum rafinesquianum-type,Plantae,Tracheophyta,Magnoliopsida,Dipsacales,Viburnaceae,Viburnum,NA
Leitneria floridana,Plantae,Tracheophyta,Magnoliopsida,Sapindales,Simaroubaceae,Leitneria,Leitneria floridana
Ephedra (branched folds),Plantae,Tracheophyta,Gnetopsida,Ephedrales,Ephedraceae,Ephedra,NA
Ephedra (simple folds),Plantae,Tracheophyta,Gnetopsida,Ephedrales,Ephedraceae,Ephedra,NA
Pinus subg. Strobus (large),Plantae,Tracheophyta,Pinopsida,Pinales,Pinaceae,Pinus,NA
Pinus subg. Strobus (small),Plantae,Tracheophyta,Pinopsida,Pinales,Pinaceae,Pinus,NA
Zygophyllaceae,Plantae,Tracheophyta,Magnoliopsida,Zygophyllales,Zygophyllaceae,Zygophyllaceae,NA
Ephedraceae,Plantae,Tracheophyta,Gnetopsida,Ephedrales,Ephedraceae,Ephedraceae,NA
Cassiope tetragona,Plantae,Tracheophyta,Magnoliopsida,Ericales,Ericaceae,Cassiope,Cassiope tetragona
Cannabaceae sensu stricto undiff.,Plantae,Tracheophyta,Magnoliopsida,Rosales,Cannabaceae,Cannabaceae,NA
Quercus vaccinifolia,Plantae,Tracheophyta,Magnoliopsida,Fagales,Fagaceae,Quercus,Quercus vacciniifolia
Rutaceae,Plantae,Tracheophyta,Magnoliopsida,Sapindales,Rutaceae,Rutaceae,NA
Betula glandulosa-type,Plantae,Tracheophyta,Magnoliopsida,Fagales,Betulaceae,Betula,NA
Grossulariaceae,Plantae,Tracheophyta,Magnoliopsida,Saxifragales,Grossulariaceae,Grossulariaceae,NA
Populus grandidentata-type,Plantae,Tracheophyta,Magnoliopsida,Malpighiales,Salicaceae,Populus,NA
Coptis,Plantae,Tracheophyta,Magnoliopsida,Ranunculales,Ranunculaceae,Coptis,NA
Fritillaria,Plantae,Tracheophyta,Liliopsida,Liliales,Liliaceae,Fritillaria,NA
Populus cf. P. tremuloides,Plantae,Tracheophyta,Magnoliopsida,Malpighiales,Salicaceae,Populus,NA
Thuja,Plantae,Tracheophyta,Pinopsida,Pinales,Cupressaceae,Thuja,NA
Conioselinum,Plantae,Tracheophyta,Magnoliopsida,Apiales,Apiaceae,Conioselinum,NA
Valeriana sitchensis,Plantae,Tracheophyta,Magnoliopsida,Dipsacales,Caprifoliaceae,Valeriana,Valeriana sitchensis
Rosaceae (>20 µm),Plantae,Tracheophyta,Magnoliopsida,Rosales,Rosaceae,Rosaceae,NA
Rosaceae (<20 µm),Plantae,Tracheophyta,Magnoliopsida,Rosales,Rosaceae,Rosaceae,NA
Rosaceae cf. Holodiscus,Plantae,Tracheophyta,Magnoliopsida,Rosales,Rosaceae,Rosaceae,NA
Vaccinium uliginosum-type,Plantae,Tracheophyta,Magnoliopsida,Ericales,Ericaceae,Vaccinium,NA
Comptonia peregrina,Plantae,Tracheophyta,Magnoliopsida,Fagales,Myricaceae,Comptonia,Comptonia peregrina
Viburnum alnifolium,Plantae,Tracheophyta,Magnoliopsida,Dipsacales,Viburnaceae,Viburnum,Viburnum lantanoides
Batis,Plantae,Tracheophyta,Magnoliopsida,Brassicales,Bataceae,Batis,NA
Collinsia,Plantae,Tracheophyta,Magnoliopsida,Lamiales,Plantaginaceae,Collinsia,NA
Heliantheae undiff.,Plantae,Tracheophyta,Magnoliopsida,Asterales,Asteraceae,Heliantheae,NA
Acer cf. A. pensylvanicum,Plantae,Tracheophyta,Magnoliopsida,Sapindales,Sapindaceae,Acer,NA
Frangula purshiana-type,Plantae,Tracheophyta,Magnoliopsida,Rosales,Rhamnaceae,Frangula,NA
Pinus contorta/P. ponderosa,Plantae,Tracheophyta,Pinopsida,Pinales,Pinaceae,Pinus,NA
Pinus monticola/P. albicaulis,Plantae,Tracheophyta,Pinopsida,Pinales,Pinaceae,Pinus,NA
Populus trichocarpa-type,Plantae,Tracheophyta,Magnoliopsida,Malpighiales,Salicaceae,Populus,NA
Prunus cf. P. serotina,Plantae,Tracheophyta,Magnoliopsida,Rosales,Rosaceae,Prunus,NA
Thuja plicata-type,Plantae,Tracheophyta,Pinopsida,Pinales,Cupressaceae,Thuja,NA
Cannabaceae cf. Humulus,Plantae,Tracheophyta,Magnoliopsida,Rosales,Cannabaceae,Cannabaceae,NA
Ranunculaceae cf. Aconitum,Plantae,Tracheophyta,Magnoliopsida,Ranunculales,Ranunculaceae,Ranunculaceae,NA
Rosaceae cf. Adenostoma,Plantae,Tracheophyta,Magnoliopsida,Rosales,Rosaceae,Rosaceae,NA
Betula (>20 µm),Plantae,Tracheophyta,Magnoliopsida,Fagales,Betulaceae,Betula,NA
Betula (<20 µm),Plantae,Tracheophyta,Magnoliopsida,Fagales,Betulaceae,Betula,NA
Acer cf. A. glabrum,Plantae,Tracheophyta,Magnoliopsida,Sapindales,Sapindaceae,Acer,NA
Plectritis,Plantae,Tracheophyta,Magnoliopsida,Dipsacales,Caprifoliaceae,Plectritis,NA
Quercus garryana,Plantae,Tracheophyta,Magnoliopsida,Fagales,Fagaceae,Quercus,Quercus garryana
Betula papyrifera,Plantae,Tracheophyta,Magnoliopsida,Fagales,Betulaceae,Betula,Betula papyrifera
Morus rubra,Plantae,Tracheophyta,Magnoliopsida,Rosales,Moraceae,Morus,Morus rubra
Pinus resinosa,Plantae,Tracheophyta,Pinopsida,Pinales,Pinaceae,Pinus,Pinus resinosa
Araliaceae,Plantae,Tracheophyta,Magnoliopsida,Apiales,Araliaceae,Araliaceae,NA
Bumelia,Plantae,Tracheophyta,Magnoliopsida,Ericales,Sapotaceae,Sideroxylon,NA
Cecropia,Plantae,Tracheophyta,Magnoliopsida,Rosales,Urticaceae,Cecropia,NA
Eugenia,Plantae,Tracheophyta,Magnoliopsida,Myrtales,Myrtaceae,Eugenia,NA
Myrsine,Plantae,Tracheophyta,Magnoliopsida,Ericales,Primulaceae,Myrsine,NA
Pinus clausa-type,Plantae,Tracheophyta,Pinopsida,Pinales,Pinaceae,Pinus,NA
Brassicaceae cf. Brassica,Plantae,Tracheophyta,Magnoliopsida,Brassicales,Brassicaceae,Brassicaceae,NA
Campanula aparinoides-type,Plantae,Tracheophyta,Magnoliopsida,Asterales,Campanulaceae,Campanula,NA
Koenigia alaskana,Plantae,Tracheophyta,Magnoliopsida,Caryophyllales,Polygonaceae,Koenigia,Koenigia lapathifolia
Comandra,Plantae,Tracheophyta,Magnoliopsida,Santalales,Comandraceae,Comandra,NA
Lysimachia quadriflora-type,Plantae,Tracheophyta,Magnoliopsida,Ericales,Primulaceae,Lysimachia,NA
Ribes aureum,Plantae,Tracheophyta,Magnoliopsida,Saxifragales,Grossulariaceae,Ribes,Ribes aureum
Boerhavia,Plantae,Tracheophyta,Magnoliopsida,Caryophyllales,Nyctaginaceae,Boerhavia,NA
Diospyros,Plantae,Tracheophyta,Magnoliopsida,Ericales,Ebenaceae,Diospyros,NA
Styloceras,Plantae,Tracheophyta,Magnoliopsida,Buxales,Buxaceae,Styloceras,NA
Viscaceae sensu stricto undiff.,Plantae,Tracheophyta,Magnoliopsida,Santalales,Viscaceae,Viscaceae,NA
Alnus rhombifolia-type,Plantae,Tracheophyta,Magnoliopsida,Fagales,Betulaceae,Alnus,NA
Fraxinus latifolia-type,Plantae,Tracheophyta,Magnoliopsida,Lamiales,Oleaceae,Fraxinus,NA
Triantha glutinosa,Plantae,Tracheophyta,Liliopsida,Alismatales,Tofieldiaceae,Triantha,Triantha glutinosa
Parthenocissus vitacea,Plantae,Tracheophyta,Magnoliopsida,Vitales,Vitaceae,Parthenocissus,Parthenocissus inserta
Boehmeria,Plantae,Tracheophyta,Magnoliopsida,Rosales,Urticaceae,Boehmeria,NA
Picea rubens-type,Plantae,Tracheophyta,Pinopsida,Pinales,Pinaceae,Picea,NA
Acer rubrum-type,Plantae,Tracheophyta,Magnoliopsida,Sapindales,Sapindaceae,Acer,NA
Magnolia virginiana-type,Plantae,Tracheophyta,Magnoliopsida,Magnoliales,Magnoliaceae,Magnolia,NA
Combretaceae,Plantae,Tracheophyta,Magnoliopsida,Myrtales,Combretaceae,Combretaceae,NA
Pinus rigida,Plantae,Tracheophyta,Pinopsida,Pinales,Pinaceae,Pinus,Pinus rigida
Acer saccharum/A. nigrum,Plantae,Tracheophyta,Magnoliopsida,Sapindales,Sapindaceae,Acer,NA
Acer spicatum-type,Plantae,Tracheophyta,Magnoliopsida,Sapindales,Sapindaceae,Acer,NA
Physocarpus,Plantae,Tracheophyta,Magnoliopsida,Rosales,Rosaceae,Physocarpus,NA
Pinus rigida-type,Plantae,Tracheophyta,Pinopsida,Pinales,Pinaceae,Pinus,NA
Acer sp.,Plantae,Tracheophyta,Magnoliopsida,Sapindales,Sapindaceae,Acer,NA
Ptelea trifoliata,Plantae,Tracheophyta,Magnoliopsida,Sapindales,Rutaceae,Ptelea,Ptelea trifoliata
Cucurbita,Plantae,Tracheophyta,Magnoliopsida,Cucurbitales,Cucurbitaceae,Cucurbita,NA
Rhexia,Plantae,Tracheophyta,Magnoliopsida,Myrtales,Melastomataceae,Rhexia,NA
Pinus subg. Pinus (large),Plantae,Tracheophyta,Pinopsida,Pinales,Pinaceae,Pinus,NA
Pinus subg. Pinus (small),Plantae,Tracheophyta,Pinopsida,Pinales,Pinaceae,Pinus,NA
Planera,Plantae,Tracheophyta,Magnoliopsida,Rosales,Ulmaceae,Planera,NA
Cassiope tetragona-type,Plantae,Tracheophyta,Magnoliopsida,Ericales,Ericaceae,Cassiope,NA
Oplopanax,Plantae,Tracheophyta,Magnoliopsida,Apiales,Araliaceae,Oplopanax,NA
Agrostis,Plantae,Tracheophyta,Liliopsida,Poales,Poaceae,Agrostis,NA
Araceae undiff.,Plantae,Tracheophyta,Liliopsida,Alismatales,Araceae,Araceae,NA
Chimaphila,Plantae,Tracheophyta,Magnoliopsida,Ericales,Ericaceae,Chimaphila,NA
Poa,Plantae,Tracheophyta,Liliopsida,Poales,Poaceae,Poa,NA
Apiaceae (coarse reticulate),Plantae,Tracheophyta,Magnoliopsida,Apiales,Apiaceae,Apiaceae,NA
"Apiaceae (medium, slender)",Plantae,Tracheophyta,Magnoliopsida,Apiales,Apiaceae,Apiaceae,NA
"Ericaceae (large, round)",Plantae,Tracheophyta,Magnoliopsida,Ericales,Ericaceae,Ericaceae,NA
"Ericaceae (large, triangular)",Plantae,Tracheophyta,Magnoliopsida,Ericales,Ericaceae,Ericaceae,NA
"Ericaceae (medium, soccer ball)",Plantae,Tracheophyta,Magnoliopsida,Ericales,Ericaceae,Ericaceae,NA
"Ericaceae (small, round)",Plantae,Tracheophyta,Magnoliopsida,Ericales,Ericaceae,Ericaceae,NA
"Ericaceae (small, triangular)",Plantae,Tracheophyta,Magnoliopsida,Ericales,Ericaceae,Ericaceae,NA
Betula (large),Plantae,Tracheophyta,Magnoliopsida,Fagales,Betulaceae,Betula,NA
Abies sp.,Plantae,Tracheophyta,Pinopsida,Pinales,Pinaceae,Abies,NA
Picea sp.,Plantae,Tracheophyta,Pinopsida,Pinales,Pinaceae,Picea,NA
Salix sp.,Plantae,Tracheophyta,Magnoliopsida,Malpighiales,Salicaceae,Salix,NA
Taxaceae,Plantae,Tracheophyta,Pinopsida,Pinales,Taxaceae,Taxaceae,NA
Coptis trifolia,Plantae,Tracheophyta,Magnoliopsida,Ranunculales,Ranunculaceae,Coptis,Coptis trifolia
Epilobium palustre,Plantae,Tracheophyta,Magnoliopsida,Myrtales,Onagraceae,Epilobium,Epilobium palustre
Scutellaria galericulata,Plantae,Tracheophyta,Magnoliopsida,Lamiales,Lamiaceae,Scutellaria,Scutellaria galericulata
Pinus indet.,Plantae,Tracheophyta,Pinopsida,Pinales,Pinaceae,Pinus,NA
Valerianaceae undiff.,Plantae,Tracheophyta,Magnoliopsida,Dipsacales,Valerianaceae,Valerianaceae,NA
Erythranthe guttata,Plantae,Tracheophyta,Magnoliopsida,Lamiales,Phrymaceae,Erythranthe,Erythranthe guttata
Andromeda polifolia var. latifolia,Plantae,Tracheophyta,Magnoliopsida,Ericales,Ericaceae,Andromeda,Andromeda polifolia
Cupressaceae cf. Thuja occidentalis,Plantae,Tracheophyta,Pinopsida,Pinales,Cupressaceae,Cupressaceae,NA
Prunus serotina,Plantae,Tracheophyta,Magnoliopsida,Rosales,Rosaceae,Prunus,Prunus serotina
Rhododendron canadense,Plantae,Tracheophyta,Magnoliopsida,Ericales,Ericaceae,Rhododendron,Rhododendron canadense
Vaccinium angustifolium-type,Plantae,Tracheophyta,Magnoliopsida,Ericales,Ericaceae,Vaccinium,NA
Vaccinium oxycoccos,Plantae,Tracheophyta,Magnoliopsida,Ericales,Ericaceae,Vaccinium,Vaccinium oxycoccos
Vaccinium undiff.,Plantae,Tracheophyta,Magnoliopsida,Ericales,Ericaceae,Vaccinium,NA
Ilex verticillata,Plantae,Tracheophyta,Magnoliopsida,Aquifoliales,Aquifoliaceae,Ilex,Ilex verticillata
Lyonia,Plantae,Tracheophyta,Magnoliopsida,Ericales,Ericaceae,Lyonia,NA
Sanguinaria canadensis,Plantae,Tracheophyta,Magnoliopsida,Ranunculales,Papaveraceae,Sanguinaria,Sanguinaria canadensis
Toxicodendron,Plantae,Tracheophyta,Magnoliopsida,Sapindales,Anacardiaceae,Toxicodendron,NA
Cassia,Plantae,Tracheophyta,Magnoliopsida,Fabales,Fabaceae,Cassia,NA
Fabaceae (reticulate),Plantae,Tracheophyta,Magnoliopsida,Fabales,Fabaceae,Fabaceae,NA
Hibiscus,Plantae,Tracheophyta,Magnoliopsida,Malvales,Malvaceae,Hibiscus,NA
Cucurbitaceae,Plantae,Tracheophyta,Magnoliopsida,Cucurbitales,Cucurbitaceae,Cucurbitaceae,NA
Bromus hordeaceus-type,Plantae,Tracheophyta,Liliopsida,Poales,Poaceae,Bromus,NA
Pinus haploxylon,Plantae,Tracheophyta,Pinopsida,Pinales,Pinaceae,Pinus,NA
Orontium,Plantae,Tracheophyta,Liliopsida,Alismatales,Araceae,Orontium,NA
Asteraceae indet.,Plantae,Tracheophyta,Magnoliopsida,Asterales,Asteraceae,Asteraceae,NA
Baccharis,Plantae,Tracheophyta,Magnoliopsida,Asterales,Asteraceae,Baccharis,NA
Chaenactis,Plantae,Tracheophyta,Magnoliopsida,Asterales,Asteraceae,Chaenactis,NA
Ambrosia sp.,Plantae,Tracheophyta,Magnoliopsida,Asterales,Asteraceae,Ambrosia,NA
Rumex mexicanus,Plantae,Tracheophyta,Magnoliopsida,Caryophyllales,Polygonaceae,Rumex,Rumex triangulivalvis
Microsteris,Plantae,Tracheophyta,Magnoliopsida,Ericales,Polemoniaceae,Microsteris,NA
Dryas integrifolia,Plantae,Tracheophyta,Magnoliopsida,Rosales,Rosaceae,Dryas,Dryas integrifolia
Rhus typhina,Plantae,Tracheophyta,Magnoliopsida,Sapindales,Anacardiaceae,Rhus,Rhus typhina
Mentha arvensis,Plantae,Tracheophyta,Magnoliopsida,Lamiales,Lamiaceae,Mentha,Mentha arvensis
Micranthes cf. M. punctata,Plantae,Tracheophyta,Magnoliopsida,Saxifragales,Saxifragaceae,Micranthes,NA
Rubus cf. R. chamaemorus,Plantae,Tracheophyta,Magnoliopsida,Rosales,Rosaceae,Rubus,NA
Betula (20-25 µm),Plantae,Tracheophyta,Magnoliopsida,Fagales,Betulaceae,Betula,NA
Betula (>25 µm),Plantae,Tracheophyta,Magnoliopsida,Fagales,Betulaceae,Betula,NA
Nitraria,Plantae,Tracheophyta,Magnoliopsida,Sapindales,Nitrariaceae,Nitraria,NA
Tamaricaceae,Plantae,Tracheophyta,Magnoliopsida,Caryophyllales,Tamaricaceae,Tamaricaceae,NA
Alnus hirsuta,Plantae,Tracheophyta,Magnoliopsida,Fagales,Betulaceae,Alnus,Alnus hirsuta
Alnus viridis subsp. fruticosa,Plantae,Tracheophyta,Magnoliopsida,Fagales,Betulaceae,Alnus,Alnus alnobetula
Betula nana subsp. exilis,Plantae,Tracheophyta,Magnoliopsida,Fagales,Betulaceae,Betula,Betula glandulosa
Betula pendula subsp. mandshurica,Plantae,Tracheophyta,Magnoliopsida,Fagales,Betulaceae,Betula,Betula pendula
Chrozophora tinctoria,Plantae,Tracheophyta,Magnoliopsida,Malpighiales,Euphorbiaceae,Chrozophora,Chrozophora tinctoria
Larix gmelinii,Plantae,Tracheophyta,Pinopsida,Pinales,Pinaceae,Larix,Larix gmelinii
Phlox sibirica,Plantae,Tracheophyta,Magnoliopsida,Ericales,Polemoniaceae,Phlox,Phlox sibirica
Picea obovata,Plantae,Tracheophyta,Pinopsida,Pinales,Pinaceae,Picea,Picea obovata
Haloragis,Plantae,Tracheophyta,Magnoliopsida,Saxifragales,Haloragaceae,Haloragis,NA
Quercus sect. Cyclobalanopsis,Plantae,Tracheophyta,Magnoliopsida,Fagales,Fagaceae,Quercus,NA
Quercus subg. Quercus,Plantae,Tracheophyta,Magnoliopsida,Fagales,Fagaceae,Quercus,NA
Carpinus tschonoskii,Plantae,Tracheophyta,Magnoliopsida,Fagales,Betulaceae,Carpinus,Carpinus tschonoskii
Fagus crenata,Plantae,Tracheophyta,Magnoliopsida,Fagales,Fagaceae,Fagus,Fagus crenata
Fagus japonica,Plantae,Tracheophyta,Magnoliopsida,Fagales,Fagaceae,Fagus,Fagus japonica
Mallotus,Plantae,Tracheophyta,Magnoliopsida,Malpighiales,Euphorbiaceae,Mallotus,NA
Phellodendron,Plantae,Tracheophyta,Magnoliopsida,Sapindales,Rutaceae,Phellodendron,NA
Weigela,Plantae,Tracheophyta,Magnoliopsida,Dipsacales,Caprifoliaceae,Weigela,NA
Reynoutria,Plantae,Tracheophyta,Magnoliopsida,Caryophyllales,Polygonaceae,Reynoutria,NA
Skimmia,Plantae,Tracheophyta,Magnoliopsida,Sapindales,Rutaceae,Skimmia,NA
Dacrydium,Plantae,Tracheophyta,Pinopsida,Pinales,Podocarpaceae,Dacrydium,NA
Koenigia sect. Aconogonon,Plantae,Tracheophyta,Magnoliopsida,Caryophyllales,Polygonaceae,Koenigia,NA
Lythraceae,Plantae,Tracheophyta,Magnoliopsida,Myrtales,Lythraceae,Lythraceae,NA
Tsuga diversifolia,Plantae,Tracheophyta,Pinopsida,Pinales,Pinaceae,Tsuga,Tsuga diversifolia
Betula costata,Plantae,Tracheophyta,Magnoliopsida,Fagales,Betulaceae,Betula,Betula costata
Betula dahurica,Plantae,Tracheophyta,Magnoliopsida,Fagales,Betulaceae,Betula,Betula dahurica
Betula ermanii,Plantae,Tracheophyta,Magnoliopsida,Fagales,Betulaceae,Betula,Betula ermanii
Betula schmidtii,Plantae,Tracheophyta,Magnoliopsida,Fagales,Betulaceae,Betula,Betula schmidtii
Pinus koraiensis,Plantae,Tracheophyta,Pinopsida,Pinales,Pinaceae,Pinus,Pinus koraiensis
Polygonum sect. Polygonum,Plantae,Tracheophyta,Magnoliopsida,Caryophyllales,Polygonaceae,Polygonum,NA
Astragalus onobrychis-type,Plantae,Tracheophyta,Magnoliopsida,Fabales,Fabaceae,Astragalus,NA
Eremurus,Plantae,Tracheophyta,Liliopsida,Asparagales,Asphodelaceae,Eremurus,NA
Primula farinosa-type (large),Plantae,Tracheophyta,Magnoliopsida,Ericales,Primulaceae,Primula,NA
Pterocarya fraxinifolia,Plantae,Tracheophyta,Magnoliopsida,Fagales,Juglandaceae,Pterocarya,Pterocarya fraxinifolia
Rheum officinale,Plantae,Tracheophyta,Magnoliopsida,Caryophyllales,Polygonaceae,Rheum,Rheum officinale
Claytonia arctica,Plantae,Tracheophyta,Magnoliopsida,Caryophyllales,Montiaceae,Claytonia,Claytonia arctica
Claytonia undiff.,Plantae,Tracheophyta,Magnoliopsida,Caryophyllales,Montiaceae,Claytonia,NA
Pinus sibirica,Plantae,Tracheophyta,Pinopsida,Pinales,Pinaceae,Pinus,Pinus sibirica
Ulmus sp.,Plantae,Tracheophyta,Magnoliopsida,Rosales,Ulmaceae,Ulmus,NA
Claytonia sarmentosa,Plantae,Tracheophyta,Magnoliopsida,Caryophyllales,Montiaceae,Claytonia,Claytonia sarmentosa
Claytoniella vassilievii,Plantae,Tracheophyta,Magnoliopsida,Caryophyllales,Montiaceae,Montia,Montia vassilievii
Betula cf. B. fruticosa,Plantae,Tracheophyta,Magnoliopsida,Fagales,Betulaceae,Betula,NA
Betula cf. B. pendula,Plantae,Tracheophyta,Magnoliopsida,Fagales,Betulaceae,Betula,NA
Patrinia,Plantae,Tracheophyta,Magnoliopsida,Dipsacales,Caprifoliaceae,Patrinia,NA
Ulmus undiff.,Plantae,Tracheophyta,Magnoliopsida,Rosales,Ulmaceae,Ulmus,NA
Abies sibirica,Plantae,Tracheophyta,Pinopsida,Pinales,Pinaceae,Abies,Abies sibirica
Alnus hirsuta-type,Plantae,Tracheophyta,Magnoliopsida,Fagales,Betulaceae,Alnus,NA
Aquilegia undiff.,Plantae,Tracheophyta,Magnoliopsida,Ranunculales,Ranunculaceae,Aquilegia,NA
Bergenia crassifolia,Plantae,Tracheophyta,Magnoliopsida,Saxifragales,Saxifragaceae,Bergenia,Bergenia crassifolia
Betula fruticosa,Plantae,Tracheophyta,Magnoliopsida,Fagales,Betulaceae,Betula,Betula fruticosa
Pedicularis oederi-type,Plantae,Tracheophyta,Magnoliopsida,Lamiales,Orobanchaceae,Pedicularis,NA
Saxifraga hirsuta,Plantae,Tracheophyta,Magnoliopsida,Saxifragales,Saxifragaceae,Saxifraga,Saxifraga hirsuta
Acanthaceae,Plantae,Tracheophyta,Magnoliopsida,Lamiales,Acanthaceae,Acanthaceae,NA
Adenophora,Plantae,Tracheophyta,Magnoliopsida,Asterales,Campanulaceae,Adenophora,NA
Alangium,Plantae,Tracheophyta,Magnoliopsida,Cornales,Cornaceae,Alangium,NA
Aporosa,Plantae,Tracheophyta,Magnoliopsida,Malpighiales,Phyllanthaceae,Aporosa,NA
Biebersteinia,Plantae,Tracheophyta,Magnoliopsida,Sapindales,Biebersteiniaceae,Biebersteinia,NA
Bignoniaceae undiff.,Plantae,Tracheophyta,Magnoliopsida,Lamiales,Bignoniaceae,Bignoniaceae,NA
Catalpa,Plantae,Tracheophyta,Magnoliopsida,Lamiales,Bignoniaceae,Catalpa,NA
Celastraceae,Plantae,Tracheophyta,Magnoliopsida,Celastrales,Celastraceae,Celastraceae,NA
Engelhardia,Plantae,Tracheophyta,Magnoliopsida,Fagales,Juglandaceae,Engelhardia,NA
Garcinia,Plantae,Tracheophyta,Magnoliopsida,Malpighiales,Clusiaceae,Garcinia,NA
Gesneriaceae,Plantae,Tracheophyta,Magnoliopsida,Lamiales,Gesneriaceae,Gesneriaceae,NA
Illicium,Plantae,Tracheophyta,Magnoliopsida,Austrobaileyales,Schisandraceae,Illicium,NA
Lauraceae,Plantae,Tracheophyta,Magnoliopsida,Laurales,Lauraceae,Lauraceae,NA
Melastomataceae,Plantae,Tracheophyta,Magnoliopsida,Myrtales,Melastomataceae,Melastomataceae,NA
Meliaceae undiff.,Plantae,Tracheophyta,Magnoliopsida,Sapindales,Meliaceae,Meliaceae,NA
Morina,Plantae,Tracheophyta,Magnoliopsida,Dipsacales,Caprifoliaceae,Morina,NA
Phyllanthus,Plantae,Tracheophyta,Magnoliopsida,Malpighiales,Phyllanthaceae,Phyllanthus,NA
Platycarya,Plantae,Tracheophyta,Magnoliopsida,Fagales,Juglandaceae,Platycarya,NA
Polygonum sp.,Plantae,Tracheophyta,Magnoliopsida,Caryophyllales,Polygonaceae,Polygonum,NA
Pseudolarix,Plantae,Tracheophyta,Pinopsida,Pinales,Pinaceae,Pseudolarix,NA
Reevesia,Plantae,Tracheophyta,Magnoliopsida,Malvales,Malvaceae,Reevesia,NA
Salicaceae undiff.,Plantae,Tracheophyta,Magnoliopsida,Malpighiales,Salicaceae,Salicaceae,NA
Schisandra,Plantae,Tracheophyta,Magnoliopsida,Austrobaileyales,Schisandraceae,Schisandra,NA
Styracaceae,Plantae,Tracheophyta,Magnoliopsida,Ericales,Styracaceae,Styracaceae,NA
Tetracentron,Plantae,Tracheophyta,Magnoliopsida,Trochodendrales,Trochodendraceae,Tetracentron,NA
Tournefortia,Plantae,Tracheophyta,Magnoliopsida,Boraginales,Heliotropiaceae,Tournefortia,NA
Tsuga dumosa,Plantae,Tracheophyta,Pinopsida,Pinales,Pinaceae,Tsuga,Tsuga dumosa
Alnus viridis subsp. fruticosa-type,Plantae,Tracheophyta,Magnoliopsida,Fagales,Betulaceae,Alnus,Alnus alnobetula
Pinus pumila,Plantae,Tracheophyta,Pinopsida,Pinales,Pinaceae,Pinus,Pinus pumila
Ephedra alata-type,Plantae,Tracheophyta,Gnetopsida,Ephedrales,Ephedraceae,Ephedra,NA
Ephedra sp.,Plantae,Tracheophyta,Gnetopsida,Ephedrales,Ephedraceae,Ephedra,NA
Haplophyllum,Plantae,Tracheophyta,Magnoliopsida,Sapindales,Rutaceae,Haplophyllum,NA
Parrotia persica,Plantae,Tracheophyta,Magnoliopsida,Saxifragales,Hamamelidaceae,Parrotia,Parrotia persica
Polygonum aviculare/Bistorta officinalis-type,Plantae,Tracheophyta,Magnoliopsida,Caryophyllales,Polygonaceae,Polygonum,NA
Rubiaceae (hexacolpate),Plantae,Tracheophyta,Magnoliopsida,Gentianales,Rubiaceae,Rubiaceae,NA
Betula pubescens var. pumila,Plantae,Tracheophyta,Magnoliopsida,Fagales,Betulaceae,Betula,Betula pubescens
Atraphaxis,Plantae,Tracheophyta,Magnoliopsida,Caryophyllales,Polygonaceae,Atraphaxis,NA
Bongardia,Plantae,Tracheophyta,Magnoliopsida,Ranunculales,Berberidaceae,Bongardia,NA
Cephalaria,Plantae,Tracheophyta,Magnoliopsida,Dipsacales,Caprifoliaceae,Cephalaria,NA
Datisca cannabina,Plantae,Tracheophyta,Magnoliopsida,Cucurbitales,Datiscaceae,Datisca,Datisca cannabina
Gentiana olivieri-type,Plantae,Tracheophyta,Magnoliopsida,Gentianales,Gentianaceae,Gentiana,NA
Hypericum hirtellum var. assyriacum-type,Plantae,Tracheophyta,Magnoliopsida,Malpighiales,Hypericaceae,Hypericum,Hypericum hirtellum
Leontice leontopetalum,Plantae,Tracheophyta,Magnoliopsida,Ranunculales,Berberidaceae,Leontice,Leontice leontopetalum
Malabaila,Plantae,Tracheophyta,Magnoliopsida,Apiales,Apiaceae,Grafia,NA
Plantago ovata-type,Plantae,Tracheophyta,Magnoliopsida,Lamiales,Plantaginaceae,Plantago,
Psylliostachys,Plantae,Tracheophyta,Magnoliopsida,Caryophyllales,Plumbaginaceae,Psylliostachys,NA
Psylliostachys spicata-type,Plantae,Tracheophyta,Magnoliopsida,Caryophyllales,Plumbaginaceae,Psylliostachys,NA
Ranunculus asiaticus-type,Plantae,Tracheophyta,Magnoliopsida,Ranunculales,Ranunculaceae,Ranunculus,NA
Rumex cyprius-type,Plantae,Tracheophyta,Magnoliopsida,Caryophyllales,Polygonaceae,Rumex,NA
Rumex patientia-type,Plantae,Tracheophyta,Magnoliopsida,Caryophyllales,Polygonaceae,Rumex,NA
Podocarpaceae,Plantae,Tracheophyta,Pinopsida,Pinales,Podocarpaceae,Podocarpaceae,NA
Polygonaceae (excluding Rumex),Plantae,Tracheophyta,Magnoliopsida,Caryophyllales,Polygonaceae,Polygonaceae,NA
Ranunculaceae cf. Anemone/Caltha,Plantae,Tracheophyta,Magnoliopsida,Ranunculales,Ranunculaceae,Ranunculaceae,NA
Hedysarum hedysaroides,Plantae,Tracheophyta,Magnoliopsida,Fabales,Fabaceae,Hedysarum,Hedysarum hedysaroides
Delphinium elatum,Plantae,Tracheophyta,Magnoliopsida,Ranunculales,Ranunculaceae,Delphinium,Delphinium elatum
Silene suecica-type,Plantae,Tracheophyta,Magnoliopsida,Caryophyllales,Caryophyllaceae,Silene,NA
Quercus indet.,Plantae,Tracheophyta,Magnoliopsida,Fagales,Fagaceae,Quercus,NA
Quercus ithaburensis,Plantae,Tracheophyta,Magnoliopsida,Fagales,Fagaceae,Quercus,Quercus ithaburensis
Allium cf. A. sibiricum,Plantae,Tracheophyta,Liliopsida,Asparagales,Amaryllidaceae,Allium,NA
Papaver radicatum-type,Plantae,Tracheophyta,Magnoliopsida,Ranunculales,Papaveraceae,Papaver,NA
Anthriscus,Plantae,Tracheophyta,Magnoliopsida,Apiales,Apiaceae,Anthriscus,NA
Biscutella,Plantae,Tracheophyta,Magnoliopsida,Brassicales,Brassicaceae,Biscutella,NA
Centaurea alpina,Plantae,Tracheophyta,Magnoliopsida,Asterales,Asteraceae,Rhaponticoides,Rhaponticoides alpina
Omalotheca,Plantae,Tracheophyta,Magnoliopsida,Asterales,Asteraceae,Omalotheca,NA
Acalypha-type,Plantae,Tracheophyta,Magnoliopsida,Malpighiales,Euphorbiaceae,Acalypha,NA
Ambrosia-type,Plantae,Tracheophyta,Magnoliopsida,Asterales,Asteraceae,Ambrosia,Ambrosia
Arceuthobium/Loranthaceae,Plantae,Tracheophyta,Magnoliopsida,Santalales,Viscaceae,Arceuthobium,NA
Avena-type,Plantae,Tracheophyta,Liliopsida,Poales,Poaceae,Avena,NA
cf. Araliaceae,Plantae,Tracheophyta,Magnoliopsida,Apiales,Araliaceae,Araliaceae,NA
cf. Hypericum,Plantae,Tracheophyta,Magnoliopsida,Malpighiales,Hypericaceae,Hypericum,NA
cf. Oxalis,Plantae,Tracheophyta,Magnoliopsida,Oxalidales,Oxalidaceae,Oxalis,NA
cf. Physalis,Plantae,Tracheophyta,Magnoliopsida,Solanales,Solanaceae,Physalis,NA
cf. Verbenaceae,Plantae,Tracheophyta,Magnoliopsida,Lamiales,Verbenaceae,Verbenaceae,NA
cf. Weinmannia,Plantae,Tracheophyta,Magnoliopsida,Oxalidales,Cunoniaceae,Weinmannia,NA
Chamaecrista-type,Plantae,Tracheophyta,Magnoliopsida,Fabales,Fabaceae,Chamaecrista,NA
Chamaecyparis-type,Plantae,Tracheophyta,Pinopsida,Pinales,Cupressaceae,Chamaecyparis,NA
Cichorioideae,Plantae,Tracheophyta,Magnoliopsida,Asterales,Asteraceae,Asteraceae,NA
Combretaceae/Melastomataceae undiff.,Plantae,Tracheophyta,Magnoliopsida,Myrtales,Combretaceae,Combretaceae,NA
Dianthus-type,Plantae,Tracheophyta,Magnoliopsida,Caryophyllales,Caryophyllaceae,Dianthus,NA
Engelhardia-type,Plantae,Tracheophyta,Magnoliopsida,Fagales,Juglandaceae,Engelhardia,NA
Eryngium-type,Plantae,Tracheophyta,Magnoliopsida,Apiales,Apiaceae,Eryngium,NA
Froelichia-type,Plantae,Tracheophyta,Magnoliopsida,Caryophyllales,Amaranthaceae,Amaranthaceae,NA
Gomphrena-type,Plantae,Tracheophyta,Magnoliopsida,Caryophyllales,Amaranthaceae,Gomphrena,NA
Larix/Pseudotsuga,Plantae,Tracheophyta,Pinopsida,Pinales,Pinaceae,Larix,NA
Ledum-type,Plantae,Tracheophyta,Magnoliopsida,Ericales,Ericaceae,Rhododendron,NA
Ludwigia-type,Plantae,Tracheophyta,Magnoliopsida,Myrtales,Onagraceae,Ludwigia,NA
Lupinus-type,Plantae,Tracheophyta,Magnoliopsida,Fabales,Fabaceae,Lupinus,NA
mimosoid clade,Plantae,Tracheophyta,Magnoliopsida,Fabales,Fabaceae,Fabaceae,NA
Ostrya/Carpinus,Plantae,Tracheophyta,Magnoliopsida,Fagales,Betulaceae,Ostrya,NA
Piperaceae-type,Plantae,Tracheophyta,Magnoliopsida,Piperales,Piperaceae,Piperaceae,NA
Rhexia-type,Plantae,Tracheophyta,Magnoliopsida,Myrtales,Melastomataceae,Rhexia,NA
Saxifraga-type,Plantae,Tracheophyta,Magnoliopsida,Saxifragales,Saxifragaceae,Saxifraga,NA
Scrophulariaceae-type,Plantae,Tracheophyta,Magnoliopsida,Lamiales,Scrophulariaceae,Scrophulariaceae,NA
Urtica-type,Plantae,Tracheophyta,Magnoliopsida,Rosales,Urticaceae,Urtica,NA
Urticalean Rosids undiff.,Plantae,Tracheophyta,Magnoliopsida,Rosales,Rosales,Rosales,NA
Zanthoxylum-type,Plantae,Tracheophyta,Magnoliopsida,Sapindales,Rutaceae,Zanthoxylum,NA
Angiospermae undiff. (herbs),Plantae,undif,undif,undif,undif,undif,NA
Bidens-type,Plantae,Tracheophyta,Magnoliopsida,Asterales,Asteraceae,Bidens,NA
Elaeagnus/Shepherdia argentea,Plantae,Tracheophyta,Magnoliopsida,Rosales,Elaeagnaceae,Elaeagnus,NA
Ostrya-type,Plantae,Tracheophyta,Magnoliopsida,Fagales,Betulaceae,Ostrya,NA
Spermatophyta undiff. (trees/shrubs),Plantae,undiff,undiff,undiff,undiff,undiff,NA
Amorpha-type,Plantae,Tracheophyta,Magnoliopsida,Fabales,Fabaceae,Amorpha,NA
Humulus-type,Plantae,Tracheophyta,Magnoliopsida,Rosales,Cannabaceae,Humulus,NA
Stachys-type,Plantae,Tracheophyta,Magnoliopsida,Lamiales,Lamiaceae,Stachys,NA
Prunus/Amelanchier,Plantae,Tracheophyta,Magnoliopsida,Rosales,Rosaceae,Prunus,NA
Humulus/Cannabis,Plantae,Tracheophyta,Magnoliopsida,Rosales,Cannabaceae,Humulus,NA
Spermatophyta undiff. (trees),Plantae,undiff,undiff,undiff,undiff,undiff,NA
Juniperus/Thuja,Plantae,Tracheophyta,Pinopsida,Pinales,Cupressaceae,Juniperus,NA
cf. Oxyria digyna,Plantae,Tracheophyta,Magnoliopsida,Caryophyllales,Polygonaceae,Oxyria,Oxyria digyna
Ilex/Nemopanthus,Plantae,Tracheophyta,Magnoliopsida,Aquifoliales,Aquifoliaceae,Ilex,NA
Juniperus-type,Plantae,Tracheophyta,Pinopsida,Pinales,Cupressaceae,Juniperus,NA
Crataegus-type,Plantae,Tracheophyta,Magnoliopsida,Rosales,Rosaceae,Crataegus,NA
Potentilla-type,Plantae,Tracheophyta,Magnoliopsida,Rosales,Rosaceae,Potentilla,NA
Prunus/Sorbus,Plantae,Tracheophyta,Magnoliopsida,Rosales,Rosaceae,Prunus,NA
Pyrus-type,Plantae,Tracheophyta,Magnoliopsida,Rosales,Rosaceae,Pyrus,NA
Rhamnaceae/Vitaceae undiff.,Plantae,Tracheophyta,Magnoliopsida,Rosales,Rhamnaceae,Rhamnaceae,NA
Spermatophyta undiff. (shrubs),Plantae,undiff,undiff,undiff,undiff,undiff,NA
Rumex/Oxyria digyna,Plantae,Tracheophyta,Magnoliopsida,Caryophyllales,Polygonaceae,Rumex,NA
Anemone-type,Plantae,Tracheophyta,Magnoliopsida,Ranunculales,Ranunculaceae,Anemone,NA
Liliaceae-type,Plantae,Tracheophyta,Liliopsida,Liliales,Liliaceae,Liliaceae,NA
Rumex/Oxyria,Plantae,Tracheophyta,Magnoliopsida,Caryophyllales,Polygonaceae,Rumex,NA
Celtis-type,Plantae,Tracheophyta,Magnoliopsida,Rosales,Cannabaceae,Celtis,NA
Cercocarpus-type,Plantae,Tracheophyta,Magnoliopsida,Rosales,Rosaceae,Cercocarpus,NA
Prunella-type,Plantae,Tracheophyta,Magnoliopsida,Lamiales,Lamiaceae,Prunella,NA
Rubus-type,Plantae,Tracheophyta,Magnoliopsida,Rosales,Rosaceae,Rubus,NA
Amelanchier-type,Plantae,Tracheophyta,Magnoliopsida,Rosales,Rosaceae,Amelanchier,NA
Cannabis-type,Plantae,Tracheophyta,Magnoliopsida,Rosales,Cannabaceae,Cannabis,NA
cf. Dodecatheon,Plantae,Tracheophyta,Magnoliopsida,Ericales,Primulaceae,Dodecatheon,NA
Dryas-type,Plantae,Tracheophyta,Magnoliopsida,Rosales,Rosaceae,Dryas,NA
Laportea-type,Plantae,Tracheophyta,Magnoliopsida,Rosales,Urticaceae,Laportea,NA
Lycopus-type,Plantae,Tracheophyta,Magnoliopsida,Lamiales,Lamiaceae,Lycopus,NA
Maclura-type,Plantae,Tracheophyta,Magnoliopsida,Rosales,Moraceae,Maclura,NA
Pilea-type,Plantae,Tracheophyta,Magnoliopsida,Rosales,Urticaceae,Pilea,NA
Triticum-type,Plantae,Tracheophyta,Liliopsida,Poales,Poaceae,Triticum,NA
Cannabaceae-type,Plantae,Tracheophyta,Magnoliopsida,Rosales,Cannabaceae,Cannabaceae,NA
Dipsacoideae,Plantae,Tracheophyta,Magnoliopsida,Dipsacales,Caprifoliaceae,Caprifoliaceae,NA
Poaceae (Cerealia-type),Plantae,Tracheophyta,Liliopsida,Poales,Poaceae,Poaceae,NA
Anthemis-type,Plantae,Tracheophyta,Magnoliopsida,Asterales,Asteraceae,Anthemis,NA
Aster-type,Plantae,Tracheophyta,Magnoliopsida,Asterales,Asteraceae,Aster,NA
Caltha-type,Plantae,Tracheophyta,Magnoliopsida,Ranunculales,Ranunculaceae,Caltha,NA
Centaurea-type,Plantae,Tracheophyta,Magnoliopsida,Asterales,Asteraceae,Centaurea,NA
Corylus-type,Plantae,Tracheophyta,Magnoliopsida,Fagales,Betulaceae,Corylus,NA
Erica-type,Plantae,Tracheophyta,Magnoliopsida,Ericales,Ericaceae,Erica,NA
Hypericum-type,Plantae,Tracheophyta,Magnoliopsida,Malpighiales,Hypericaceae,Hypericum,NA
Serratula-type,Plantae,Tracheophyta,Magnoliopsida,Asterales,Asteraceae,Serratula,NA
Sinapis-type,Plantae,Tracheophyta,Magnoliopsida,Brassicales,Brassicaceae,Sinapsis,NA
Trifolium-type,Plantae,Tracheophyta,Magnoliopsida,Fabales,Fabaceae,Trifolium,NA
Vicia-type,Plantae,Tracheophyta,Magnoliopsida,Fabales,Fabaceae,Vicia,NA
Achillea-type,Plantae,Tracheophyta,Magnoliopsida,Asterales,Asteraceae,Achillea,NA
Barbarea-type,Plantae,Tracheophyta,Magnoliopsida,Brassicales,Brassicaceae,Barbarea,NA
Cirsium-type,Plantae,Tracheophyta,Magnoliopsida,Asterales,Asteraceae,Cirsium,NA
Galium-type,Plantae,Tracheophyta,Magnoliopsida,Gentianales,Rubiaceae,Galium,NA
Lamium-type,Plantae,Tracheophyta,Magnoliopsida,Lamiales,Lamiaceae,Lamium,NA
Lotus-type,Plantae,Tracheophyta,Magnoliopsida,Fabales,Fabaceae,Lotus,NA
Mentha-type,Plantae,Tracheophyta,Magnoliopsida,Lamiales,Lamiaceae,Mentha,NA
Petasites-type,Plantae,Tracheophyta,Magnoliopsida,Asterales,Asteraceae,Petasites,NA
Ranunculus-type,Plantae,Tracheophyta,Magnoliopsida,Ranunculales,Ranunculaceae,Ranunculus,NA
Secale-type,Plantae,Tracheophyta,Liliopsida,Poales,Poaceae,Secale,NA
Senecio-type,Plantae,Tracheophyta,Magnoliopsida,Asterales,Asteraceae,Senecio,NA
Silene-type,Plantae,Tracheophyta,Magnoliopsida,Caryophyllales,Caryophyllaceae,Silene,NA
Silene-type undiff.,Plantae,Tracheophyta,Magnoliopsida,Caryophyllales,Caryophyllaceae,Silene,NA
Vaccinium-type,Plantae,Tracheophyta,Magnoliopsida,Ericales,Ericaceae,Vaccinium,NA
Cerastium-type,Plantae,Tracheophyta,Magnoliopsida,Caryophyllales,Caryophyllaceae,Cerastium,NA
cf. Valeriana,Plantae,Tracheophyta,Magnoliopsida,Dipsacales,Caprifoliaceae,Valeriana,NA
Hordeum-type,Plantae,Tracheophyta,Liliopsida,Poales,Poaceae,Hordeum,NA
Lathyrus-type,Plantae,Tracheophyta,Magnoliopsida,Fabales,Fabaceae,Lathyrus,NA
Lonicera-type,Plantae,Tracheophyta,Magnoliopsida,Dipsacales,Caprifoliaceae,Lonicera,NA
Oxalis-type,Plantae,Tracheophyta,Magnoliopsida,Oxalidales,Oxalidaceae,Oxalis,NA
Oxyria-type,Plantae,Tracheophyta,Magnoliopsida,Caryophyllales,Polygonaceae,Oxyria,NA
Stellaria-type,Plantae,Tracheophyta,Magnoliopsida,Caryophyllales,Caryophyllaceae,Stellaria,NA
Spergula/Spergularia,Plantae,Tracheophyta,Magnoliopsida,Caryophyllales,Caryophyllaceae,Spergula,NA
Corylus/Myrica,Plantae,Tracheophyta,Magnoliopsida,Fagales,Betulaceae,Corylus,NA
Anagallis-type,Plantae,Tracheophyta,Magnoliopsida,Ericales,Primulaceae,Lysimachia,NA
Campanula-type,Plantae,Tracheophyta,Magnoliopsida,Asterales,Campanulaceae,Campanula,NA
Conopodium-type,Plantae,Tracheophyta,Magnoliopsida,Apiales,Apiaceae,Conopodium,NA
Ononis-type,Plantae,Tracheophyta,Magnoliopsida,Fabales,Fabaceae,Ononis,NA
Rhinanthus-type,Plantae,Tracheophyta,Magnoliopsida,Lamiales,Orobanchaceae,Rhinanthus,NA
Scrophularia-type,Plantae,Tracheophyta,Magnoliopsida,Lamiales,Scrophulariaceae,Scrophularia,NA
Betula/Corylus/Myrica,Plantae,Tracheophyta,Magnoliopsida,Fagales,Fagales,Fagales,NA
Fumana-type,Plantae,Tracheophyta,Magnoliopsida,Malvales,Cistaceae,Fumana,NA
Listera-type,Plantae,Tracheophyta,Liliopsida,Asparagales,Orchidaceae,Listera,NA
Sedum-type,Plantae,Tracheophyta,Magnoliopsida,Saxifragales,Crassulaceae,Sedum,NA
Ulex-type,Plantae,Tracheophyta,Magnoliopsida,Fabales,Fabaceae,Ulex,NA
Asphodelus-type,Plantae,Tracheophyta,Liliopsida,Asparagales,Asphodelaceae,Asphodelus,NA
Hornungia-type,Plantae,Tracheophyta,Magnoliopsida,Brassicales,Brassicaceae,Hornungia,NA
Spermatophyta undiff. (deciduous trees),Plantae,undiff,undiff,undiff,undiff,undiff,NA
Artemisia-type,Plantae,Tracheophyta,Magnoliopsida,Asterales,Asteraceae,Artemisia,NA
Cichorioideae undiff.,Plantae,Tracheophyta,Magnoliopsida,Asterales,Asteraceae,Asteraceae,NA
Arenaria-type,Plantae,Tracheophyta,Magnoliopsida,Caryophyllales,Caryophyllaceae,Arenaria,NA
Armeria-type,Plantae,Tracheophyta,Magnoliopsida,Caryophyllales,Plumbaginaceae,Armeria,NA
Geum-type,Plantae,Tracheophyta,Magnoliopsida,Rosales,Rosaceae,Geum,NA
Herniaria-type,Plantae,Tracheophyta,Magnoliopsida,Caryophyllales,Caryophyllaceae,Herniaria,NA
Jasione-type,Plantae,Tracheophyta,Magnoliopsida,Asterales,Campanulaceae,Jasione,NA
Prunus-type,Plantae,Tracheophyta,Magnoliopsida,Rosales,Rosaceae,Prunus,NA
Sagina-type,Plantae,Tracheophyta,Magnoliopsida,Caryophyllales,Caryophyllaceae,Sagina,NA
Scilla-type,Plantae,Tracheophyta,Liliopsida,Asparagales,Asparagaceae,Scilla,NA
Spergula-type,Plantae,Tracheophyta,Magnoliopsida,Caryophyllales,Caryophyllaceae,Spergula,NA
Allium-type,Plantae,Tracheophyta,Liliopsida,Asparagales,Amaryllidaceae,Allium,NA
Malva-type,Plantae,Tracheophyta,Magnoliopsida,Malvales,Malvaceae,Malva,NA
Berula-type,Plantae,Tracheophyta,Magnoliopsida,Apiales,Apiaceae,Berula,NA
Malus-type,Plantae,Tracheophyta,Magnoliopsida,Rosales,Rosaceae,Malus,NA
Onobrychis-type,Plantae,Tracheophyta,Magnoliopsida,Fabales,Fabaceae,Onobrychis,NA
Sorbus-type,Plantae,Tracheophyta,Magnoliopsida,Rosales,Rosaceae,Sorbus,NA
Avena/Triticum-type,Plantae,Tracheophyta,Liliopsida,Poales,Poaceae,Poaceae,NA
Lysimachia-type,Plantae,Tracheophyta,Magnoliopsida,Ericales,Primulaceae,Lysimachia,NA
Solidago-type,Plantae,Tracheophyta,Magnoliopsida,Asterales,Asteraceae,Solidago,NA
Astragalus/Oxytropis-type,Plantae,Tracheophyta,Magnoliopsida,Fabales,Fabaceae,Fabaceae,NA
Capsella-type,Plantae,Tracheophyta,Magnoliopsida,Brassicales,Brassicaceae,Capsella,NA
Carex-type,Plantae,Tracheophyta,Liliopsida,Poales,Cyperaceae,Carex,NA
Angelica-type,Plantae,Tracheophyta,Magnoliopsida,Apiales,Apiaceae,Angelica,NA
Cirsium/Carduus-type,Plantae,Tracheophyta,Magnoliopsida,Asterales,Asteraceae,Cirsium,NA
Ericaceae-type,Plantae,Tracheophyta,Magnoliopsida,Ericales,Ericaceae,Ericaceae,NA
Arctium-type,Plantae,Tracheophyta,Magnoliopsida,Asterales,Asteraceae,Arctium,NA
Pimpinella-type,Plantae,Tracheophyta,Magnoliopsida,Rosales,Rosaceae,Sanguisorba,NA
Saussurea-type,Plantae,Tracheophyta,Magnoliopsida,Asterales,Asteraceae,Saussurea,NA
Veronica-type,Plantae,Tracheophyta,Magnoliopsida,Lamiales,Plantaginaceae,Veronica,NA
Galeopsis-type,Plantae,Tracheophyta,Magnoliopsida,Lamiales,Lamiaceae,Galeopsis,NA
cf. Artemisia,Plantae,Tracheophyta,Magnoliopsida,Asterales,Asteraceae,Artemisia,Artemisia
cf. Brassicaceae,Plantae,Tracheophyta,Magnoliopsida,Brassicales,Brassicaceae,Brassicaceae,NA
cf. Carpinus,Plantae,Tracheophyta,Magnoliopsida,Fagales,Betulaceae,Carpinus,NA
cf. Dryas,Plantae,Tracheophyta,Magnoliopsida,Rosales,Rosaceae,Dryas,NA
cf. Ephedra fragilis,Plantae,Tracheophyta,Gnetopsida,Ephedrales,Ephedraceae,Ephedra,Ephedra fragilis
cf. Ilex,Plantae,Tracheophyta,Magnoliopsida,Aquifoliales,Aquifoliaceae,Ilex,NA
cf. Mercurialis,Plantae,Tracheophyta,Magnoliopsida,Malpighiales,Euphorbiaceae,Mercurialis,NA
cf. Prunus,Plantae,Tracheophyta,Magnoliopsida,Rosales,Rosaceae,Prunus,NA
cf. Quercus,Plantae,Tracheophyta,Magnoliopsida,Fagales,Fagaceae,Quercus,NA
cf. Ranunculus,Plantae,Tracheophyta,Magnoliopsida,Ranunculales,Ranunculaceae,Ranunculus,NA
cf. Taxus,Plantae,Tracheophyta,Pinopsida,Pinales,Taxaceae,Taxus,NA
cf. Thalictrum,Plantae,Tracheophyta,Magnoliopsida,Ranunculales,Ranunculaceae,Thalictrum,NA
cf. Urtica,Plantae,Tracheophyta,Magnoliopsida,Rosales,Urticaceae,Urtica,NA
Helianthemum-type,Plantae,Tracheophyta,Magnoliopsida,Malvales,Cistaceae,Helianthemum,NA
Ranunculus sect. Batrachium-type,Plantae,Tracheophyta,Magnoliopsida,Ranunculales,Ranunculaceae,Ranunculus,NA
cf. Chrysosplenium,Plantae,Tracheophyta,Magnoliopsida,Saxifragales,Saxifragaceae,Chrysosplenium,NA
cf. Cyperaceae-type,Plantae,Tracheophyta,Liliopsida,Poales,Cyperaceae,Cyperaceae,NA
cf. Empetrum,Plantae,Tracheophyta,Magnoliopsida,Ericales,Ericaceae,Empetrum,NA
cf. Larix,Plantae,Tracheophyta,Pinopsida,Pinales,Pinaceae,Larix,NA
cf. Melampyrum,Plantae,Tracheophyta,Magnoliopsida,Lamiales,Orobanchaceae,Melampyrum,NA
cf. Pedicularis,Plantae,Tracheophyta,Magnoliopsida,Lamiales,Orobanchaceae,Pedicularis,NA
cf. Saxifraga granulata,Plantae,Tracheophyta,Magnoliopsida,Saxifragales,Saxifragaceae,Saxifraga,Saxifraga granulata
cf. Saxifraga stellaris-type,Plantae,Tracheophyta,Magnoliopsida,Saxifragales,Saxifragaceae,Micranthes,Micranthes stellaris
cf. Scutellaria,Plantae,Tracheophyta,Magnoliopsida,Lamiales,Lamiaceae,Scutellaria,NA
cf. Frangula alnus,Plantae,Tracheophyta,Magnoliopsida,Rosales,Rhamnaceae,Frangula,Frangula alnus
cf. Lycopsis arvensis,Plantae,Tracheophyta,Magnoliopsida,Boraginales,Boraginaceae,Lycopsis,Lycopsis arvensis
cf. Myricaria germanica,Plantae,Tracheophyta,Magnoliopsida,Caryophyllales,Tamaricaceae,Myricaria,Myricaria germanica
cf. Gentiana pneumonanthe,Plantae,Tracheophyta,Magnoliopsida,Gentianales,Gentianaceae,Gentiana,Gentiana pneumonanthe
Chamaenerion-type,Plantae,Tracheophyta,Magnoliopsida,Myrtales,Onagraceae,Chamaenerion,NA
Chrysosplenium-type,Plantae,Tracheophyta,Magnoliopsida,Saxifragales,Saxifragaceae,Chrysosplenium,NA
Cichorieae,Plantae,Tracheophyta,Magnoliopsida,Asterales,Asteraceae,Asteraceae,NA
Heracleum-type,Plantae,Tracheophyta,Magnoliopsida,Apiales,Apiaceae,Heracleum,NA
Peucedanum-type,Plantae,Tracheophyta,Magnoliopsida,Apiales,Apiaceae,Peucedanum,Peucedanum
Bupleurum-type,Plantae,Tracheophyta,Magnoliopsida,Apiales,Apiaceae,Bupleurum,NA
Empetrum-type,Plantae,Tracheophyta,Magnoliopsida,Ericales,Ericaceae,Empetrum,NA
Gnaphalium-type,Plantae,Tracheophyta,Magnoliopsida,Asterales,Asteraceae,Gnaphalium,NA
Seseli-type,Plantae,Tracheophyta,Magnoliopsida,Apiales,Apiaceae,Seseli,NA
Pedicularis-type,Plantae,Tracheophyta,Magnoliopsida,Lamiales,Orobanchaceae,Pedicularis,NA
Veratrum-type,Plantae,Tracheophyta,Liliopsida,Liliales,Melanthiaceae,Veratrum,NA
Epilobium-type,Plantae,Tracheophyta,Magnoliopsida,Myrtales,Onagraceae,Epilobium,NA
Aconitum-type,Plantae,Tracheophyta,Magnoliopsida,Ranunculales,Ranunculaceae,Aconitum,NA
Comarum-type,Plantae,Tracheophyta,Magnoliopsida,Rosales,Rosaceae,Comarum,NA
Spergularia-type,Plantae,Tracheophyta,Magnoliopsida,Caryophyllales,Caryophyllaceae,Spergularia,NA
Amaranthaceae-type,Plantae,Tracheophyta,Magnoliopsida,Caryophyllales,Amaranthaceae,Amaranthaceae,NA
Rumex-type,Plantae,Tracheophyta,Magnoliopsida,Caryophyllales,Polygonaceae,Rumex,NA
Spermatophyta undiff. (cf. upland herbs),Plantae,undiff,undiff,undiff,undiff,undiff,NA
Thalictrum-type,Plantae,Tracheophyta,Magnoliopsida,Ranunculales,Ranunculaceae,Thalictrum,NA
Carduus-type,Plantae,Tracheophyta,Magnoliopsida,Asterales,Asteraceae,Carduus,NA
Genista-type,Plantae,Tracheophyta,Magnoliopsida,Fabales,Fabaceae,Genista,NA
Papaver-type,Plantae,Tracheophyta,Magnoliopsida,Ranunculales,Papaveraceae,Papaver,NA
Polygonum-type sensu lato,Plantae,Tracheophyta,Magnoliopsida,Caryophyllales,Polygonaceae,Polygonum,NA
Rhamnus-type,Plantae,Tracheophyta,Magnoliopsida,Rosales,Rhamnaceae,Rhamnus,NA
Vicia/Lathyrus,Plantae,Tracheophyta,Magnoliopsida,Fabales,Fabaceae,Vicia,NA
Matricaria-type,Plantae,Tracheophyta,Magnoliopsida,Asterales,Asteraceae,Matricaria,NA
Pulmonaria-type,Plantae,Tracheophyta,Magnoliopsida,Boraginales,Boraginaceae,Pulmonaria,NA
Succisa-type,Plantae,Tracheophyta,Magnoliopsida,Dipsacales,Caprifoliaceae,Succisa,NA
Cirsium/Carduus,Plantae,Tracheophyta,Magnoliopsida,Asterales,Asteraceae,Cirsium,NA
Alchemilla-type,Plantae,Tracheophyta,Magnoliopsida,Rosales,Rosaceae,Alchemilla,NA
cf. Salix herbacea,Plantae,Tracheophyta,Magnoliopsida,Malpighiales,Salicaceae,Salix,Salix herbacea
Cytisus-type,Plantae,Tracheophyta,Magnoliopsida,Fabales,Fabaceae,Cytisus,NA
Hedysarum-type,Plantae,Tracheophyta,Magnoliopsida,Fabales,Fabaceae,Hedysarum,NA
Euphrasia-type,Plantae,Tracheophyta,Magnoliopsida,Lamiales,Orobanchaceae,Euphrasia,NA
Silenoideae-type,Plantae,Tracheophyta,Magnoliopsida,Caryophyllales,Caryophyllaceae,Caryophyllaceae,NA
Alchemilla/Aphanes,Plantae,Tracheophyta,Magnoliopsida,Rosales,Rosaceae,Alchemilla,NA
Bellis-type,Plantae,Tracheophyta,Magnoliopsida,Asterales,Asteraceae,Bellis,NA
cf. Anthericum,Plantae,Tracheophyta,Liliopsida,Asparagales,Asparagaceae,Anthericum,NA
cf. Cannabis sativa,Plantae,Tracheophyta,Magnoliopsida,Rosales,Cannabaceae,Cannabis,Cannabis sativa
cf. Humulus lupulus,Plantae,Tracheophyta,Magnoliopsida,Rosales,Cannabaceae,Humulus,Humulus lupulus
cf. Xanthium-type,Plantae,Tracheophyta,Magnoliopsida,Asterales,Asteraceae,Xanthium,NA
Coronilla-type,Plantae,Tracheophyta,Magnoliopsida,Fabales,Fabaceae,Coronilla,NA
Glyceria-type,Plantae,Tracheophyta,Liliopsida,Poales,Poaceae,Glyceria,NA
Taraxacum-type,Plantae,Tracheophyta,Magnoliopsida,Asterales,Asteraceae,Taraxacum,NA
Thymus-type,Plantae,Tracheophyta,Magnoliopsida,Lamiales,Lamiaceae,Thymus,NA
Tussilago-type,Plantae,Tracheophyta,Magnoliopsida,Asterales,Asteraceae,Tussilago,NA
Astrantia-type,Plantae,Tracheophyta,Magnoliopsida,Apiales,Apiaceae,Astrantia,NA
Monotropoideae,Plantae,Tracheophyta,Magnoliopsida,Ericales,Ericaceae,Ericaceae,NA
cf. Samolus,Plantae,Tracheophyta,Magnoliopsida,Ericales,Primulaceae,Samolus,NA
Dipsacoideae undiff.,Plantae,Tracheophyta,Magnoliopsida,Dipsacales,Caprifoliaceae,Caprifoliaceae,NA
Delphinium-type,Plantae,Tracheophyta,Magnoliopsida,Ranunculales,Ranunculaceae,Delphinium,NA
Panicum-type,Plantae,Tracheophyta,Liliopsida,Poales,Poaceae,Panicum,NA
Aphanes-type,Plantae,Tracheophyta,Magnoliopsida,Rosales,Rosaceae,Aphanes,NA
Ballota-type,Plantae,Tracheophyta,Magnoliopsida,Lamiales,Lamiaceae,Ballota,NA
Conium-type,Plantae,Tracheophyta,Magnoliopsida,Apiales,Apiaceae,Conium,NA
Daucus-type,Plantae,Tracheophyta,Magnoliopsida,Apiales,Apiaceae,Daucus,NA
Dorycnium-type,Plantae,Tracheophyta,Magnoliopsida,Fabales,Fabaceae,Lotus,NA
Helleborus-type,Plantae,Tracheophyta,Magnoliopsida,Ranunculales,Ranunculaceae,Ranunculaceae,NA
Rosa-type,Plantae,Tracheophyta,Magnoliopsida,Rosales,Rosaceae,Rosa,NA
Carpinus-type,Plantae,Tracheophyta,Magnoliopsida,Fagales,Betulaceae,Carpinus,NA
cf. Herniaria,Plantae,Tracheophyta,Magnoliopsida,Caryophyllales,Caryophyllaceae,Herniaria,NA
cf. Sagina,Plantae,Tracheophyta,Magnoliopsida,Caryophyllales,Caryophyllaceae,Sagina,NA
Elymus-type,Plantae,Tracheophyta,Liliopsida,Poales,Poaceae,Elymus,NA
Odontites-type,Plantae,Tracheophyta,Magnoliopsida,Lamiales,Orobanchaceae,Odontites,NA
Polygonatum-type,Plantae,Tracheophyta,Liliopsida,Asparagales,Asparagaceae,Polygonatum,NA
Astragalus-type,Plantae,Tracheophyta,Magnoliopsida,Fabales,Fabaceae,Astragalus,NA
Digitalis-type,Plantae,Tracheophyta,Magnoliopsida,Lamiales,Plantaginaceae,Digitalis,NA
cf. Littorella,Plantae,Tracheophyta,Magnoliopsida,Lamiales,Plantaginaceae,Littorella,NA
cf. Lobelia,Plantae,Tracheophyta,Magnoliopsida,Asterales,Campanulaceae,Lobelia,NA
cf. Montia,Plantae,Tracheophyta,Magnoliopsida,Caryophyllales,Montiaceae,Montiaceae,NA
cf. Humulus,Plantae,Tracheophyta,Magnoliopsida,Rosales,Cannabaceae,Humulus,NA
Anthericum-type,Plantae,Tracheophyta,Liliopsida,Asparagales,Asparagaceae,Anthericum,NA
Fritillaria-type,Plantae,Tracheophyta,Liliopsida,Liliales,Liliaceae,Fritillaria,NA
Humulus/Cannabis-type,Plantae,Tracheophyta,Magnoliopsida,Rosales,Cannabaceae,Humulus,NA
Anethum-type,Plantae,Tracheophyta,Magnoliopsida,Apiales,Apiaceae,Anethum,NA
Filipendula-type,Plantae,Tracheophyta,Magnoliopsida,Rosales,Rosaceae,Filipendula,NA
Linaria-type,Plantae,Tracheophyta,Magnoliopsida,Lamiales,Plantaginaceae,Linaria,NA
Spiraea-type,Plantae,Tracheophyta,Magnoliopsida,Rosales,Rosaceae,Spiraea,NA
Adonis-type,Plantae,Tracheophyta,Magnoliopsida,Ranunculales,Ranunculaceae,Adonis,NA
Iris-type,Plantae,Tracheophyta,Liliopsida,Asparagales,Iridaceae,Iris,NA
cf. Xanthium,Plantae,Tracheophyta,Magnoliopsida,Asterales,Asteraceae,Xanthium,NA
Lithospermum-type,Plantae,Tracheophyta,Magnoliopsida,Boraginales,Boraginaceae,Lithospermum,NA
Pinus subg. Strobus-type,Plantae,Tracheophyta,Pinopsida,Pinales,Pinaceae,Pinus,NA
Viburnum-type,Plantae,Tracheophyta,Magnoliopsida,Dipsacales,Viburnaceae,Viburnum,NA
Agropyron-type,Plantae,Tracheophyta,Liliopsida,Poales,Poaceae,Agropyron,NA
Arum/Acorus,Plantae,Tracheophyta,Liliopsida,Alismatales,Araceae/Acoraceae,Arum/Acora,NA
cf. Cannabis,Plantae,Tracheophyta,Magnoliopsida,Rosales,Cannabaceae,Cannabis,NA
cf. Chrysanthemum,Plantae,Tracheophyta,Magnoliopsida,Asterales,Asteraceae,Chrysanthemum,NA
cf. Sorbus aucuparia,Plantae,Tracheophyta,Magnoliopsida,Rosales,Rosaceae,Sorbus,Sorbus aucuparia
cf. Triticum turgidum subsp. dicoccon,Plantae,Tracheophyta,Liliopsida,Poales,Poaceae,Triticum,Triticum turgidum
Dactylis-type,Plantae,Tracheophyta,Liliopsida,Poales,Poaceae,Dactylis,NA
Glechoma-type,Plantae,Tracheophyta,Magnoliopsida,Lamiales,Lamiaceae,Glechoma,NA
Phleum-type,Plantae,Tracheophyta,Liliopsida,Poales,Poaceae,Phleum,NA
Poaceae (Cerealia-type) undiff.,Plantae,Tracheophyta,Liliopsida,Poales,Poaceae,Poaceae,NA
Bartsia-type,Plantae,Tracheophyta,Magnoliopsida,Lamiales,Orobanchaceae,Bartsia,NA
Hippocrepis-type,Plantae,Tracheophyta,Magnoliopsida,Fabales,Fabaceae,Hippocrepis,NA
Cardamine-type,Plantae,Tracheophyta,Magnoliopsida,Brassicales,Brassicaceae,Cardamine,NA
Carthamus-type,Plantae,Tracheophyta,Magnoliopsida,Asterales,Asteraceae,Carthamus,NA
Crupina-type,Plantae,Tracheophyta,Magnoliopsida,Asterales,Asteraceae,Crupina,NA
Cyperus-type,Plantae,Tracheophyta,Liliopsida,Poales,Cyperaceae,Cyperus,NA
Gagea/Tulipa,Plantae,Tracheophyta,Liliopsida,Liliales,Liliaceae,Gagea/Tulipa,NA
Ostrya/Carpinus orientalis,Plantae,Tracheophyta,Magnoliopsida,Fagales,Betulaceae,Ostrya,NA
Paronychia-type,Plantae,Tracheophyta,Magnoliopsida,Caryophyllales,Caryophyllaceae,Paronychia,NA
Aster/Achillea,Plantae,Tracheophyta,Magnoliopsida,Asterales,Asteraceae,Asteraceae,NA
Minuartia-type,Plantae,Tracheophyta,Magnoliopsida,Caryophyllales,Caryophyllaceae,Minuartia,NA
Convolvulus-type,Plantae,Tracheophyta,Magnoliopsida,Solanales,Convolvulaceae,Convolvulus,NA
Pinus subg. Pinus-type,Plantae,Tracheophyta,Pinopsida,Pinales,Pinaceae,Pinus,NA
Verbascum-type,Plantae,Tracheophyta,Magnoliopsida,Lamiales,Scrophulariaceae,Verbascum,NA
cf. Polemonium,Plantae,Tracheophyta,Magnoliopsida,Ericales,Polemoniaceae,Polemonium,NA
Knautia/Dipsacus,Plantae,Tracheophyta,Magnoliopsida,Dipsacales,Caprifoliaceae,Knautia,NA
Aruncus-type,Plantae,Tracheophyta,Magnoliopsida,Rosales,Rosaceae,Aruncus,NA
Gypsophila-type,Plantae,Tracheophyta,Magnoliopsida,Caryophyllales,Caryophyllaceae,Gypsophila,NA
cf. Avena,Plantae,Tracheophyta,Liliopsida,Poales,Poaceae,Avena,NA
Hordeum/Secale,Plantae,Tracheophyta,Liliopsida,Poales,Poaceae,Hordeum,NA
Androsace-type,Plantae,Tracheophyta,Magnoliopsida,Ericales,Primulaceae,Androsace,NA
Bambusa-type,Plantae,Tracheophyta,Liliopsida,Poales,Poaceae,Bambusa,NA
Bruckenthalia-type,Plantae,Tracheophyta,Magnoliopsida,Ericales,Ericaceae,Erica,NA
Castanea-type,Plantae,Tracheophyta,Magnoliopsida,Fagales,Fagaceae,Castanea,NA
Cedrus-type,Plantae,Tracheophyta,Pinopsida,Pinales,Pinaceae,Cedrus,NA
Coniferae-type,Plantae,undiff,undiff,undiff,undiff,undiff,NA
Geranium-type,Plantae,Tracheophyta,Magnoliopsida,Geraniales,Geraniaceae,Geranium,NA
Juglandaceae-type,Plantae,Tracheophyta,Magnoliopsida,Fagales,Juglandaceae,Juglandaceae,NA
Larix-type,Plantae,Tracheophyta,Pinopsida,Pinales,Pinaceae,Larix,NA
Magnolia-type,Plantae,Tracheophyta,Magnoliopsida,Magnoliales,Magnoliaceae,Magnolia,NA
Myrica-type,Plantae,Tracheophyta,Magnoliopsida,Fagales,Myricaceae,Myrica,NA
Podocarpus-type,Plantae,Tracheophyta,Pinopsida,Pinales,Podocarpaceae,Podocarpus,NA
Sileneae,Plantae,Tracheophyta,Magnoliopsida,Caryophyllales,Caryophyllaceae,Caryophyllaceae,NA
Tsuga-type,Plantae,Tracheophyta,Pinopsida,Pinales,Pinaceae,Tsuga,NA
Ulmus/Zelkova,Plantae,Tracheophyta,Magnoliopsida,Rosales,Ulmaceae,Ulmus/Zelkova,NA
Moehringia-type,Plantae,Tracheophyta,Magnoliopsida,Caryophyllales,Caryophyllaceae,Moehringia,NA
Fagopyrum-type,Plantae,Tracheophyta,Magnoliopsida,Caryophyllales,Polygonaceae,Fagopyrum,NA
Normapolles,Plantae,undiff,undiff,undiff,undiff,undiff,NA
Potentilla/Comarum,Plantae,Tracheophyta,Magnoliopsida,Rosales,Rosaceae,Potentilla/Comarum,NA
Anemone sect. Pulsatilla-type,Plantae,Tracheophyta,Magnoliopsida,Ranunculales,Ranunculaceae,Anemone,NA
Cotinus-type,Plantae,Tracheophyta,Magnoliopsida,Sapindales,Anacardiaceae,Cotinus,NA
Heliotropium-type,Plantae,Tracheophyta,Magnoliopsida,Boraginales,Heliotropiaceae,Heliotropium,NA
Teucrium-type,Plantae,Tracheophyta,Magnoliopsida,Lamiales,Lamiaceae,Teucrium,NA
Carduoideae,Plantae,Tracheophyta,Magnoliopsida,Asterales,Asteraceae,Asteraceae,NA
Myrrhis-type,Plantae,Tracheophyta,Magnoliopsida,Apiales,Apiaceae,Myrrhis,NA
Parnassia-type,Plantae,Tracheophyta,Magnoliopsida,Celastrales,Parnassiaceae,Parnassia,NA
Apium-type,Plantae,Tracheophyta,Magnoliopsida,Apiales,Apiaceae,Apium,NA
Scutellaria-type,Plantae,Tracheophyta,Magnoliopsida,Lamiales,Lamiaceae,Scutellaria,NA
Urticalean Rosids,Plantae,Tracheophyta,Magnoliopsida,Rosales,undiff,undiff,NA
Phyteuma-type,Plantae,Tracheophyta,Magnoliopsida,Asterales,Campanulaceae,Phyteuma,NA
Vicia/Lathyrus-type,Plantae,Tracheophyta,Magnoliopsida,Fabales,Fabaceae,Vicia,NA
Echium-type,Plantae,Tracheophyta,Magnoliopsida,Boraginales,Boraginaceae,Echium,NA
Narcissus-type,Plantae,Tracheophyta,Liliopsida,Asparagales,Amaryllidaceae,Narcissus,NA
Homogyne-type,Plantae,Tracheophyta,Magnoliopsida,Asterales,Asteraceae,Homogyne,NA
Consolida-type,Plantae,Tracheophyta,Magnoliopsida,Ranunculales,Ranunculaceae,Consolida,NA
Rhododendron-type,Plantae,Tracheophyta,Magnoliopsida,Ericales,Ericaceae,Rhododendron,NA
Spermatophyta undiff. (upland herbs),Plantae,undiff,undiff,undiff,undiff,undiff,NA
Hedera-type,Plantae,Tracheophyta,Magnoliopsida,Apiales,Araliaceae,Araliaceae,NA
cf. Acorus,Plantae,Tracheophyta,Liliopsida,Acorales,Acoraceae,Acorus,NA
cf. Alchemilla,Plantae,Tracheophyta,Magnoliopsida,Rosales,Rosaceae,Alchemilla,NA
cf. Armeria (type A),Plantae,Tracheophyta,Magnoliopsida,Caryophyllales,Plumbaginaceae,Armeria,NA
cf. Cedrus,Plantae,Tracheophyta,Pinopsida,Pinales,Pinaceae,Cedrus,NA
cf. Centaurium,Plantae,Tracheophyta,Magnoliopsida,Gentianales,Gentianaceae,Centaurium,NA
cf. Daphne,Plantae,Tracheophyta,Magnoliopsida,Malvales,Thymelaeaceae,Daphne,NA
cf. Epilobium,Plantae,Tracheophyta,Magnoliopsida,Myrtales,Onagraceae,Epilobium,NA
cf. Euphorbia,Plantae,Tracheophyta,Magnoliopsida,Malpighiales,Euphorbiaceae,Euphorbia,NA
cf. Lonicera,Plantae,Tracheophyta,Magnoliopsida,Dipsacales,Caprifoliaceae,Lonicera,NA
cf. Myrtus,Plantae,Tracheophyta,Magnoliopsida,Myrtales,Myrtaceae,Myrtus,NA
cf. Olea,Plantae,Tracheophyta,Magnoliopsida,Lamiales,Oleaceae,Olea,NA
cf. Persicaria amphibia,Plantae,Tracheophyta,Magnoliopsida,Caryophyllales,Polygonaceae,Persicaria,Persicaria amphibia
cf. Polygonum,Plantae,Tracheophyta,Magnoliopsida,Caryophyllales,Polygonaceae,Polygonum,NA
cf. Succisa,Plantae,Tracheophyta,Magnoliopsida,Dipsacales,Caprifoliaceae,Succisa,NA
cf. Viscum,Plantae,Tracheophyta,Magnoliopsida,Santalales,Viscaceae,Viscum,NA
Ornithogalum-type,Plantae,Tracheophyta,Liliopsida,Asparagales,Asparagaceae,Ornithogalum,NA
Agrimonia-type,Plantae,Tracheophyta,Magnoliopsida,Rosales,Rosaceae,Agrimonia,NA
Arnica-type,Plantae,Tracheophyta,Magnoliopsida,Asterales,Asteraceae,Arnica,NA
cf. Filipendula,Plantae,Tracheophyta,Magnoliopsida,Rosales,Rosaceae,Filipendula,NA
cf. Sorbus,Plantae,Tracheophyta,Magnoliopsida,Rosales,Rosaceae,Sorbus,NA
Ulex/Cytisus sect. Spartopsis,Plantae,Tracheophyta,Magnoliopsida,Fabales,Fabaceae,Ulex,NA
cf. Ruta,Plantae,Tracheophyta,Magnoliopsida,Sapindales,Rutaceae,Ruta,NA
cf. Veronica,Plantae,Tracheophyta,Magnoliopsida,Lamiales,Plantaginaceae,Veronica,NA
Campanula/Jasione,Plantae,Tracheophyta,Magnoliopsida,Asterales,Campanulaceae,Campanula,NA
Rhamnus/Frangula,Plantae,Tracheophyta,Magnoliopsida,Rosales,Rhamnaceae,Rhamnus,NA
Convallaria-type,Plantae,Tracheophyta,Liliopsida,Asparagales,Asparagaceae,Convallaria,NA
Scorzonera-type,Plantae,Tracheophyta,Magnoliopsida,Asterales,Asteraceae,Scorzonera,NA
Lobelia-type,Plantae,Tracheophyta,Magnoliopsida,Asterales,Campanulaceae,Lobelia,NA
Lycopus/Mentha,Plantae,Tracheophyta,Magnoliopsida,Lamiales,Lamiaceae,Lycopus/Mentha,NA
Narthecium-type,Plantae,Tracheophyta,Liliopsida,Dioscoreales,Nartheciaceae,Narthecium,NA
Colchicum-type,Plantae,Tracheophyta,Liliopsida,Liliales,Colchicaceae,Colchicum,NA
Calystegia-type,Plantae,Tracheophyta,Magnoliopsida,Solanales,Convolvulaceae,Calystegia,NA
Sium-type,Plantae,Tracheophyta,Magnoliopsida,Apiales,Apiaceae,Sium,NA
Brassicaceae-type,Plantae,Tracheophyta,Magnoliopsida,Brassicales,Brassicaceae,Brassicaceae,NA
cf. Sedum,Plantae,Tracheophyta,Magnoliopsida,Saxifragales,Crassulaceae,Sedum,NA
Sedum/Rhodiola cf. R. rosea,Plantae,Tracheophyta,Magnoliopsida,Saxifragales,Crassulaceae,Sedum,NA
Xanthium-type,Plantae,Tracheophyta,Magnoliopsida,Asterales,Asteraceae,Xanthium,NA
Antennaria-type,Plantae,Tracheophyta,Magnoliopsida,Asterales,Asteraceae,Antennaria,NA
Bellidiastrum-type,Plantae,Tracheophyta,Magnoliopsida,Asterales,Asteraceae,Bellidiastrum,NA
Chrysanthemum-type,Plantae,Tracheophyta,Magnoliopsida,Asterales,Asteraceae,Chrysanthemum,NA
Eupatorium-type,Plantae,Tracheophyta,Magnoliopsida,Asterales,Asteraceae,Eupatorium,NA
Liliaceae-type undiff.,Plantae,Tracheophyta,Liliopsida,Liliales,Liliaceae,Liliaceae,NA
Polemonium-type,Plantae,Tracheophyta,Magnoliopsida,Ericales,Polemoniaceae,Polemonium,NA
Myricaria-type,Plantae,Tracheophyta,Magnoliopsida,Caryophyllales,Tamaricaceae,Myricaria,NA
Chelidonium-type,Plantae,Tracheophyta,Magnoliopsida,Ranunculales,Papaveraceae,Chelidonium,NA
Scleranthus-type,Plantae,Tracheophyta,Magnoliopsida,Caryophyllales,Caryophyllaceae,Scleranthus,NA
Cichorioideae-type,Plantae,Tracheophyta,Magnoliopsida,Asterales,Asteraceae,Asteraceae,NA
Cardueae,Plantae,Tracheophyta,Magnoliopsida,Asterales,Asteraceae,Asteraceae,NA
Avena/Triticum,Plantae,Tracheophyta,Liliopsida,Poales,Poaceae,Avena/Triticum,NA
Chaerophyllum-type,Plantae,Tracheophyta,Magnoliopsida,Apiales,Apiaceae,Chaerophyllum,NA
Gentiana-type,Plantae,Tracheophyta,Magnoliopsida,Gentianales,Gentianaceae,Gentiana,NA
Clematis-type,Plantae,Tracheophyta,Magnoliopsida,Ranunculales,Ranunculaceae,Clematis,NA
Meum-type,Plantae,Tracheophyta,Magnoliopsida,Apiales,Apiaceae,Meum,NA
Pleurospermum-type,Plantae,Tracheophyta,Magnoliopsida,Apiales,Apiaceae,Pleurospermum,NA
Falcaria-type,Plantae,Tracheophyta,Magnoliopsida,Apiales,Apiaceae,Falcaria,NA
Galanthus-type,Plantae,Tracheophyta,Liliopsida,Asparagales,Amaryllidaceae,Galanthus,NA
Matthiola-type,Plantae,Tracheophyta,Magnoliopsida,Brassicales,Brassicaceae,Matthiola,NA
Brassica-type,Plantae,Tracheophyta,Magnoliopsida,Brassicales,Brassicaceae,Brassica,NA
Onosma-type,Plantae,Tracheophyta,Magnoliopsida,Boraginales,Boraginaceae,Onosma,NA
Sanguisorba-type,Plantae,Tracheophyta,Magnoliopsida,Rosales,Rosaceae,Sanguisorba,NA
Scrophularia/Verbascum,Plantae,Tracheophyta,Magnoliopsida,Lamiales,Scrophulariaceae,Scrophularia,NA
Symphytum-type,Plantae,Tracheophyta,Magnoliopsida,Boraginales,Boraginaceae,Symphytum,NA
Thymus/Mentha,Plantae,Tracheophyta,Magnoliopsida,Lamiales,Lamiaceae,Thymus/Mentha,NA
Aster/Achillea-type,Plantae,Tracheophyta,Magnoliopsida,Asterales,Asteraceae,Aster/Achillea,NA
cf. Digitalis,Plantae,Tracheophyta,Magnoliopsida,Lamiales,Plantaginaceae,Digitalis,NA
cf. Geum,Plantae,Tracheophyta,Magnoliopsida,Rosales,Rosaceae,Geum,NA
"Betula/Alnus/Corylus/Myrica (type 114, HdV)",Plantae,Tracheophyta,Magnoliopsida,Fagales,Betulaceae/Myricaceae,Betulaceae/Myricaceae,NA
cf. Hordeum,Plantae,Tracheophyta,Liliopsida,Poales,Poaceae,Hordeum,NA
cf. Juncus,Plantae,Tracheophyta,Liliopsida,Poales,Juncaceae,Juncus,NA
Ammi-type,Plantae,Tracheophyta,Magnoliopsida,Apiales,Apiaceae,Ammi,NA
Gladiolus-type,Plantae,Tracheophyta,Liliopsida,Asparagales,Iridaceae,Gladiolus,NA
Smyrnium-type,Plantae,Tracheophyta,Magnoliopsida,Apiales,Apiaceae,Smyrnium,NA
Centaurium-type,Plantae,Tracheophyta,Magnoliopsida,Gentianales,Gentianaceae,Centaurium,NA
Limonium-type,Plantae,Tracheophyta,Magnoliopsida,Caryophyllales,Plumbaginaceae,Limonium,NA
Cynoglossum-type,Plantae,Tracheophyta,Magnoliopsida,Boraginales,Boraginaceae,Cynoglossum,NA
Jurinea-type,Plantae,Tracheophyta,Magnoliopsida,Asterales,Asteraceae,Jurinea,NA
Lilium-type,Plantae,Tracheophyta,Liliopsida,Liliales,Liliaceae,Lilium,NA
Daphne-type,Plantae,Tracheophyta,Magnoliopsida,Malvales,Thymelaeaceae,Daphne,NA
Humulus/Urtica,Plantae,Tracheophyta,Magnoliopsida,Rosales,Cannabaceae,Humulus,NA
Myrtus-type,Plantae,Tracheophyta,Magnoliopsida,Myrtales,Myrtaceae,Myrtus,NA
Hordeum/Triticum-type,Plantae,Tracheophyta,Liliopsida,Poales,Poaceae,Hordeum,NA
Thymus/Mentha-type,Plantae,Tracheophyta,Magnoliopsida,Lamiales,Lamiaceae,Thymus/Mentha,NA
cf. Armeria,Plantae,Tracheophyta,Magnoliopsida,Caryophyllales,Plumbaginaceae,Armeria,NA
cf. Centaurea nigra-type,Plantae,Tracheophyta,Magnoliopsida,Asterales,Asteraceae,Centaurea,Centaurea nigra
cf. Platanus,Plantae,Tracheophyta,Magnoliopsida,Proteales,Platanaceae,Platanus,NA
cf. Sedum-type,Plantae,Tracheophyta,Magnoliopsida,Saxifragales,Crassulaceae,Sedum,NA
Gentianella-type,Plantae,Tracheophyta,Magnoliopsida,Gentianales,Gentianaceae,Gentianella,NA
Anthemis-type (small),Plantae,Tracheophyta,Magnoliopsida,Asterales,Asteraceae,Anthemis,NA
Filago-type,Plantae,Tracheophyta,Magnoliopsida,Asterales,Asteraceae,Filago,NA
Halimium/Tuberaria,Plantae,Tracheophyta,Magnoliopsida,Malvales,Cistaceae,Halimium,NA
Lavandula-type,Plantae,Tracheophyta,Magnoliopsida,Lamiales,Lamiaceae,Lavandula,NA
Reseda/Sesamoides,Plantae,Tracheophyta,Magnoliopsida,Brassicales,Resedaceae,Reseda,NA
Rhinanthus/Veronica,Plantae,Tracheophyta,Magnoliopsida,Lamiales,Orobanchaceae,Rhinanthus,NA
Halimium-type,Plantae,Tracheophyta,Magnoliopsida,Malvales,Cistaceae,Halimium,NA
cf. Convolvulus,Plantae,Tracheophyta,Magnoliopsida,Solanales,Convolvulaceae,Convolvulus,NA
Humulus/Cannabis sativa,Plantae,Tracheophyta,Magnoliopsida,Rosales,Cannabaceae,Humulus,NA
Knautia-type,Plantae,Tracheophyta,Magnoliopsida,Dipsacales,Caprifoliaceae,Knautia,NA
Muscari-type,Plantae,Tracheophyta,Liliopsida,Asparagales,Asparagaceae,Muscari,NA
Paris-type,Plantae,Tracheophyta,Liliopsida,Liliales,Melanthiaceae,Paris,NA
cf. Trollius europaeus,Plantae,Tracheophyta,Magnoliopsida,Ranunculales,Ranunculaceae,Trollius,Trollius europaeus
Hyacinthoides-type,Plantae,Tracheophyta,Liliopsida,Asparagales,Asparagaceae,Hyacinthoides,NA
Gagea-type,Plantae,Tracheophyta,Liliopsida,Liliales,Liliaceae,Gagea,NA
Maianthemum-type,Plantae,Tracheophyta,Liliopsida,Asparagales,Asparagaceae,Maianthemum,NA
Urtica/Parietaria,Plantae,Tracheophyta,Magnoliopsida,Rosales,Urticaceae,Urtica/Parietaria,NA
Vicia-type sensu stricto,Plantae,Tracheophyta,Magnoliopsida,Fabales,Fabaceae,Vicia,NA
cf. Rhinanthus,Plantae,Tracheophyta,Magnoliopsida,Lamiales,Orobanchaceae,Rhinanthus,NA
Anchusa-type,Plantae,Tracheophyta,Magnoliopsida,Boraginales,Boraginaceae,Anchusa,NA
cf. Sambucus nigra,Plantae,Tracheophyta,Magnoliopsida,Dipsacales,Viburnaceae,Sambucus,Sambucus nigra
cf. Sambucus racemosa,Plantae,Tracheophyta,Magnoliopsida,Dipsacales,Viburnaceae,Sambucus,Sambucus racemosa
Sambucus-type,Plantae,Tracheophyta,Magnoliopsida,Dipsacales,Viburnaceae,Sambucus,NA
cf. Cirsium,Plantae,Tracheophyta,Magnoliopsida,Asterales,Asteraceae,Cirsium,NA
cf. Lotus,Plantae,Tracheophyta,Magnoliopsida,Fabales,Fabaceae,Lotus,NA
cf. Papaver,Plantae,Tracheophyta,Magnoliopsida,Ranunculales,Papaveraceae,Papaver,NA
cf. Stellaria,Plantae,Tracheophyta,Magnoliopsida,Caryophyllales,Caryophyllaceae,Stellaria,NA
Pinus-type,Plantae,Tracheophyta,Pinopsida,Pinales,Pinaceae,Pinus,NA
Glaucium-type,Plantae,Tracheophyta,Magnoliopsida,Ranunculales,Papaveraceae,Glaucium,NA
Valeriana-type,Plantae,Tracheophyta,Magnoliopsida,Dipsacales,Caprifoliaceae,Valeriana,NA
cf. Fabaceae,Plantae,Tracheophyta,Magnoliopsida,Fabales,Fabaceae,Fabaceae,NA
cf. Hippophae rhamnoides,Plantae,Tracheophyta,Magnoliopsida,Rosales,Elaeagnaceae,Hippophae,Hippophae rhamnoides
cf. Saxifraga oppositifolia-type,Plantae,Tracheophyta,Magnoliopsida,Saxifragales,Saxifragaceae,Saxifraga,Saxifraga oppositifolia
Trollius-type,Plantae,Tracheophyta,Magnoliopsida,Ranunculales,Ranunculaceae,Trollius,NA
cf. Frangula,Plantae,Tracheophyta,Magnoliopsida,Rosales,Rhamnaceae,Frangula,NA
Armeria/Limonium,Plantae,Tracheophyta,Magnoliopsida,Caryophyllales,Plumbaginaceae,Armeria,NA
Sarcopoterium-type,Plantae,Tracheophyta,Magnoliopsida,Rosales,Rosaceae,Sarcopoterium,NA
Blackstonia-type,Plantae,Tracheophyta,Magnoliopsida,Gentianales,Gentianaceae,Blackstonia,NA
cf. Carya,Plantae,Tracheophyta,Magnoliopsida,Fagales,Juglandaceae,Carya,NA
cf. Phillyrea,Plantae,Tracheophyta,Magnoliopsida,Lamiales,Oleaceae,Phillyrea,NA
cf. Plantago,Plantae,Tracheophyta,Magnoliopsida,Lamiales,Plantaginaceae,Plantago,NA
cf. Pterocarya fraxinifolia,Plantae,Tracheophyta,Magnoliopsida,Fagales,Juglandaceae,Pterocarya,Pterocarya fraxinifolia
cf. Ranunculaceae,Plantae,Tracheophyta,Magnoliopsida,Ranunculales,Ranunculaceae,Ranunculaceae,NA
Dipsacus/Cephalaria,Plantae,Tracheophyta,Magnoliopsida,Dipsacales,Caprifoliaceae,Dipsacus,NA
Ligustrum-type,Plantae,Tracheophyta,Magnoliopsida,Lamiales,Oleaceae,Ligustrum,NA
Ostrya/Carpinus betulus-type,Plantae,Tracheophyta,Magnoliopsida,Fagales,Betulaceae,Ostrya,NA
Salvia-type,Plantae,Tracheophyta,Magnoliopsida,Lamiales,Lamiaceae,Salvia,NA
Urticaceae/Moraceae,Plantae,Tracheophyta,Magnoliopsida,Rosales,Urticaceae,Urticaceae,NA
Cistus-type,Plantae,Tracheophyta,Magnoliopsida,Malvales,Cistaceae,Cistus,NA
Melampyrum-type,Plantae,Tracheophyta,Magnoliopsida,Lamiales,Orobanchaceae,Melampyrum,NA
Valerianella-type,Plantae,Tracheophyta,Magnoliopsida,Dipsacales,Caprifoliaceae,Valerianella,NA
Reseda-type,Plantae,Tracheophyta,Magnoliopsida,Brassicales,Resedaceae,Reseda,NA
Sanicula-type,Plantae,Tracheophyta,Magnoliopsida,Apiales,Apiaceae,Sanicula,NA
cf. Galeopsis,Plantae,Tracheophyta,Magnoliopsida,Lamiales,Lamiaceae,Galeopsis,NA
cf. Oxytropis,Plantae,Tracheophyta,Magnoliopsida,Fabales,Fabaceae,Oxytropis,NA
Festuca-type,Plantae,Tracheophyta,Liliopsida,Poales,Poaceae,Festuca,NA
cf. Rhamnus,Plantae,Tracheophyta,Magnoliopsida,Rosales,Rhamnaceae,Rhamnus,NA
Helianthus-type,Plantae,Tracheophyta,Magnoliopsida,Asterales,Asteraceae,Helianthus,NA
Solidago-type/Saussurea-type,Plantae,Tracheophyta,Magnoliopsida,Asterales,Asteraceae,Solidago,NA
cf. Maianthemum,Plantae,Tracheophyta,Liliopsida,Asparagales,Asparagaceae,Maianthemum,NA
cf. Limosella aquatica,Plantae,Tracheophyta,Magnoliopsida,Lamiales,Scrophulariaceae,Limosella,Limosella aquatica
cf. Helianthemum,Plantae,Tracheophyta,Magnoliopsida,Malvales,Cistaceae,Helianthemum,NA
Carum-type,Plantae,Tracheophyta,Magnoliopsida,Apiales,Apiaceae,Carum,NA
Draba-type,Plantae,Tracheophyta,Magnoliopsida,Brassicales,Brassicaceae,Draba,NA
Foeniculum-type,Plantae,Tracheophyta,Magnoliopsida,Apiales,Apiaceae,Foeniculum,NA
cf. Androsace,Plantae,Tracheophyta,Magnoliopsida,Ericales,Primulaceae,Androsace,NA
Senecio/Aster,Plantae,Tracheophyta,Magnoliopsida,Asterales,Asteraceae,Senecio,NA
Crepis-type,Plantae,Tracheophyta,Magnoliopsida,Asterales,Asteraceae,Crepis,NA
Lactuca-type,Plantae,Tracheophyta,Magnoliopsida,Asterales,Asteraceae,Lactuca,NA
Myosotis-type,Plantae,Tracheophyta,Magnoliopsida,Boraginales,Boraginaceae,Myosotis,NA
Primula-type,Plantae,Tracheophyta,Magnoliopsida,Ericales,Primulaceae,Primula,NA
Agrostemma-type,Plantae,Tracheophyta,Magnoliopsida,Caryophyllales,Caryophyllaceae,Agrostemma,NA
Ericoideae,Plantae,Tracheophyta,Magnoliopsida,Ericales,Ericaceae,Ericaceae,NA
Odontites/Euphrasia,Plantae,Tracheophyta,Magnoliopsida,Lamiales,Orobanchaceae,Odontites,NA
cf. Pterocarya,Plantae,Tracheophyta,Magnoliopsida,Fagales,Juglandaceae,Pterocarya,NA
cf. Gentianaceae,Plantae,Tracheophyta,Magnoliopsida,Gentianales,Gentianaceae,Gentianaceae,NA
Mercurialis-type,Plantae,Tracheophyta,Magnoliopsida,Malpighiales,Euphorbiaceae,Mercurialis,NA
Plantago-type,Plantae,Tracheophyta,Magnoliopsida,Lamiales,Plantaginaceae,Plantago,NA
Corylus/Myrica undiff.,Plantae,Tracheophyta,Magnoliopsida,Fagales,Betulaceae,Corylus,NA
Cerinthe-type,Plantae,Tracheophyta,Magnoliopsida,Boraginales,Boraginaceae,Cerinthe,NA
Dipsacus-type,Plantae,Tracheophyta,Magnoliopsida,Dipsacales,Caprifoliaceae,Dipsacus,NA
Geum/Potentilla,Plantae,Tracheophyta,Magnoliopsida,Rosales,Rosaceae,Geum,NA
Juncus/Luzula,Plantae,Tracheophyta,Liliopsida,Poales,Juncaceae,Juncus,NA
Parietaria-type,Plantae,Tracheophyta,Magnoliopsida,Rosales,Urticaceae,Parietaria,NA
Phillyrea-type,Plantae,Tracheophyta,Magnoliopsida,Lamiales,Oleaceae,Phillyrea,NA
Asparagus-type,Plantae,Tracheophyta,Liliopsida,Asparagales,Asparagaceae,Asparagus,NA
Daphne/Thymelaea,Plantae,Tracheophyta,Magnoliopsida,Malvales,Thymelaeaceae,Daphne/Thymelaea,NA
Scabiosa-type,Plantae,Tracheophyta,Magnoliopsida,Dipsacales,Caprifoliaceae,Scabiosa,NA
cf. Juniperus,Plantae,Tracheophyta,Pinopsida,Pinales,Cupressaceae,Juniperus,NA
Olea/Phillyrea,Plantae,Tracheophyta,Magnoliopsida,Lamiales,Oleaceae,Olea/Phillyrea,NA
Andromeda-type,Plantae,Tracheophyta,Magnoliopsida,Ericales,Ericaceae,Andromeda,NA
Betula/Corylus,Plantae,Tracheophyta,Magnoliopsida,Fagales,Betulaceae,Betula/Corylus,NA
Erodium-type,Plantae,Tracheophyta,Magnoliopsida,Geraniales,Geraniaceae,Erodium,NA
Melilotus-type,Plantae,Tracheophyta,Magnoliopsida,Fabales,Fabaceae,Melilotus,NA
Ulex/Cytisus sect. Spartopsis-type,Plantae,Tracheophyta,Magnoliopsida,Fabales,Fabaceae,Ulex,NA
Aquilegia-type,Plantae,Tracheophyta,Magnoliopsida,Ranunculales,Ranunculaceae,Aquilegia,NA
Echinophora-type,Plantae,Tracheophyta,Magnoliopsida,Apiales,Apiaceae,Echinophora,NA
Circaea-type,Plantae,Tracheophyta,Magnoliopsida,Myrtales,Onagraceae,Circaea,NA
Lychnis-type,Plantae,Tracheophyta,Magnoliopsida,Caryophyllales,Caryophyllaceae,Silene,NA
Polygala-type,Plantae,Tracheophyta,Magnoliopsida,Fabales,Polygalaceae,Polygala,NA
cf. Cuscuta,Plantae,Tracheophyta,Magnoliopsida,Solanales,Convolvulaceae,Cuscuta,NA
Morus-type,Plantae,Tracheophyta,Magnoliopsida,Rosales,Moraceae,Morus,NA
cf. Glyceria,Plantae,Tracheophyta,Liliopsida,Poales,Poaceae,Glyceria,NA
Pyrola-type,Plantae,Tracheophyta,Magnoliopsida,Ericales,Ericaceae,Pyrola,NA
Cucumis-type,Plantae,Tracheophyta,Magnoliopsida,Cucurbitales,Cucurbitaceae,Cucumis,NA
Cuscuta-type,Plantae,Tracheophyta,Magnoliopsida,Solanales,Convolvulaceae,Cuscuta,NA
Cornaceae-type,Plantae,Tracheophyta,Magnoliopsida,Cornales,Cornaceae,Cornaceae,NA
Echinops-type,Plantae,Tracheophyta,Magnoliopsida,Asterales,Asteraceae,Echinops,NA
Olea-type,Plantae,Tracheophyta,Magnoliopsida,Lamiales,Oleaceae,Olea,NA
Ostrya/Corylus-type,Plantae,Tracheophyta,Magnoliopsida,Fagales,Betulaceae,Ostrya,NA
Polygonum-type,Plantae,Tracheophyta,Magnoliopsida,Caryophyllales,Polygonaceae,Polygonum,NA
Salix-type,Plantae,Tracheophyta,Magnoliopsida,Malphigiales,Salicaceae,Salix,NA
Carya-type,Plantae,Tracheophyta,Magnoliopsida,Fagales,Juglandaceae,Carya,NA
Haplophyllum-type,Plantae,Tracheophyta,Magnoliopsida,Sapindales,Rutaceae,Haplophyllum,NA
Genista/Cytisus,Plantae,Tracheophyta,Magnoliopsida,Fabales,Fabaceae,Genista/Cytisus,NA
Medicago-type,Plantae,Tracheophyta,Magnoliopsida,Fabales,Fabaceae,Medicago,NA
Cytisus/Genista-type,Plantae,Tracheophyta,Magnoliopsida,Fabales,Fabaceae,Cytisus,NA
Orlaya-type,Plantae,Tracheophyta,Magnoliopsida,Apiales,Apiaceae,Orlaya,NA
Acanthus-type,Plantae,Tracheophyta,Magnoliopsida,Lamiales,Acanthaceae,Acanthus,NA
Asphodelus/Asphodeline,Plantae,Tracheophyta,Liliopsida,Asparagales,Asphodelaceae,Asphodelus,NA
Atropa-type,Plantae,Tracheophyta,Magnoliopsida,Solanales,Solanaceae,Atropa,NA
Berberis-type,Plantae,Tracheophyta,Magnoliopsida,Ranunculales,Berberidaceae,Berberis,NA
Crocus-type,Plantae,Tracheophyta,Liliopsida,Asparagales,Iridaceae,Crocus,NA
Euphorbia-type,Plantae,Tracheophyta,Magnoliopsida,Malpighiales,Euphorbiaceae,Euphorbia,NA
Hypecoum-type,Plantae,Tracheophyta,Magnoliopsida,Ranunculales,Papaveraceae,Hypecoum,NA
Lavatera-type,Plantae,Tracheophyta,Magnoliopsida,Malvales,Malvaceae,Malva,NA
Ribes-type,Plantae,Tracheophyta,Magnoliopsida,Saxifragales,Grossulariaceae,Ribes,NA
Salsola-type,Plantae,Tracheophyta,Magnoliopsida,Caryophyllales,Amaranthaceae,Salsola,NA
Astragalus/Oxytropis,Plantae,Tracheophyta,Magnoliopsida,Fabales,Fabaceae,Astragalus,NA
cf. Avena sativa,Plantae,Tracheophyta,Liliopsida,Poales,Poaceae,Avena,Avena sativa
cf. Peucedanum-type,Plantae,Tracheophyta,Magnoliopsida,Apiales,Apiaceae,Peucedanum,Peucedanum
cf. Sambucus,Plantae,Tracheophyta,Magnoliopsida,Dipsacales,Viburnaceae,Sambucus,NA
cf. Lamiaceae,Plantae,Tracheophyta,Magnoliopsida,Lamiales,Lamiaceae,Lamiaceae,NA
Juglans-type,Plantae,Tracheophyta,Magnoliopsida,Fagales,Juglandaceae,Juglans,NA
Aesculus-type,Plantae,Tracheophyta,Magnoliopsida,Sapindales,Sapindaceae,Aesculus,NA
Pastinaca-type,Plantae,Tracheophyta,Magnoliopsida,Apiales,Apiaceae,Pastinaca,NA
Carlina-type,Plantae,Tracheophyta,Magnoliopsida,Asterales,Asteraceae,Carlina,NA
cf. Pterocarya/Juglans,Plantae,Tracheophyta,Magnoliopsida,Fagales,Juglandaceae,Pterocarya,NA
Solenanthus-type,Plantae,Tracheophyta,Magnoliopsida,Boraginales,Boraginaceae,Solenanthus,NA
cf. Cornus,Plantae,Tracheophyta,Magnoliopsida,Cornales,Cornaceae,Cornus,NA
cf. Gentiana,Plantae,Tracheophyta,Magnoliopsida,Gentianales,Gentianaceae,Gentiana,NA
cf. Mentha,Plantae,Tracheophyta,Magnoliopsida,Lamiales,Lamiaceae,Mentha,NA
cf. Oxyria,Plantae,Tracheophyta,Magnoliopsida,Caryophyllales,Polyganaceae,Oxyria,NA
cf. Rhus,Plantae,Tracheophyta,Magnoliopsida,Sapindales,Anacardiaceae,Rhus,NA
Rhamnus/Paliurus,Plantae,Tracheophyta,Magnoliopsida,Rosales,Rhamnaceae,Rhamnus,NA
Solanum-type,Plantae,Tracheophyta,Magnoliopsida,Solanales,Solanaceae,Solanum,NA
Tragopogon-type,Plantae,Tracheophyta,Magnoliopsida,Asterales,Asteraceae,Tragopogon,NA
Anthriscus-type,Plantae,Tracheophyta,Magnoliopsida,Apiales,Apiaceae,Anthriscus,NA
Amygdaloideae,Plantae,Tracheophyta,Magnoliopsida,Rosales,Rosaceae,Rosaceae,NA
Cirsium/Gundelia,Plantae,Tracheophyta,Magnoliopsida,Asterales,Asteraceae,Cirsium,NA
Noaea-type,Plantae,Tracheophyta,Magnoliopsida,Caryophyllales,Amaranthaceae,Noaea,NA
Cassiope-type,Plantae,Tracheophyta,Magnoliopsida,Ericales,Ericaceae,Cassiope,NA
cf. Juglans,Plantae,Tracheophyta,Magnoliopsida,Fagales,Juglandaceae,Juglans,NA
cf. Lysimachia,Plantae,Tracheophyta,Magnoliopsida,Ericales,Primulaceae,Lysimachia,NA
cf. Ostrya/Carpinus,Plantae,Tracheophyta,Magnoliopsida,Fagales,Betulaceae,Ostrya,NA
Rhododendron subsect. Ledum-type,Plantae,Tracheophyta,Magnoliopsida,Ericales,Ericaceae,Rhododendron,NA
Thalictrum/Coptis,Plantae,Tracheophyta,Magnoliopsida,Ranunculales,Ranunculaceae,Thalictrum,NA
Ilex/Nemopanthus undiff.,Plantae,Tracheophyta,Magnoliopsida,Aquifoliales,Aquifoliaceae,Ilex,NA
Mertensia-type,Plantae,Tracheophyta,Magnoliopsida,Boraginales,Boraginaceae,Mertensia,NA
Ceanothus-type,Plantae,Tracheophyta,Magnoliopsida,Rosales,Rhamnaceae,Ceanothus,NA
Pseudotsuga-type,Plantae,Tracheophyta,Pinopsida,Pinales,Pinaceae,Pseudotsuga,NA
Coptis-type,Plantae,Tracheophyta,Magnoliopsida,Ranunculales,Ranunculaceae,Coptis,NA
Rubus-type undiff.,Plantae,Tracheophyta,Magnoliopsida,Rosales,Rosaceae,Rubus,NA
Eriogonum-type,Plantae,Tracheophyta,Magnoliopsida,Caryophyllales,Polygonaceae,Eriogonum,NA
Garrya-type,Plantae,Tracheophyta,Magnoliopsida,Garryales,Garryaceae,Garrya,NA
Hydrophyllaceae-type,Plantae,Tracheophyta,Magnoliopsida,Boraginales,Hydrophyllaceae,Hydrophyllaceae,NA
Thuja-type,Plantae,Tracheophyta,Pinopsida,Pinales,Cupressaceae,Thuja,NA
Purshia-type,Plantae,Tracheophyta,Magnoliopsida,Rosales,Rosaceae,Purshia,NA
Chenopodium-type,Plantae,Tracheophyta,Magnoliopsida,Caryophyllales,Amaranthaceae,Chenopodium,NA
Celtis/Maclura,Plantae,Tracheophyta,Magnoliopsida,Rosales,Cannabaceae,Celtis,NA
cf. Saxifragaceae,Plantae,Tracheophyta,Magnoliopsida,Saxifragales,Saxifragaceae,Saxifragaceae,NA
Ambrosia/Iva,Plantae,Tracheophyta,Magnoliopsida,Asterales,Asteraceae,Ambrosia,Ambrosia
Picea/Pinus undiff.,Plantae,Tracheophyta,Pinopsida,Pinales,Pinaceae,Picea,NA
Cupressaceae/Taxaceae undiff.,Plantae,Tracheophyta,Pinopsida,Pinales,Cupressaceae,Cupressaceae,NA
cf. Celtis,Plantae,Tracheophyta,Magnoliopsida,Rosales,Cannabaceae,Celtis,NA
cf. Euphorbiaceae,Plantae,Tracheophyta,Magnoliopsida,Malpighiales,Euphorbiaceae,Euphorbiaceae,NA
cf. Phlox,Plantae,Tracheophyta,Magnoliopsida,Ericales,Polemoniaceae,Phlox,NA
cf. Silene,Plantae,Tracheophyta,Magnoliopsida,Caryophyllales,Caryophyllaceae,Silene,NA
Cupressaceae/Taxaceae,Plantae,Tracheophyta,Pinopsida,Pinales,Cupressaceae,Cupressaceae,NA
Ambrosia/Iva annua,Plantae,Tracheophyta,Magnoliopsida,Asterales,Asteraceae,Ambrosia,Ambrosia
Angiospermae undiff. (hardwood trees),Plantae,Tracheophyta,undiff,undiff,undiff,undiff,NA
Rhamnaceae/Vitaceae,Plantae,Tracheophyta,Magnoliopsida,Rosales,Rhamnaceae,Rhamnaceae,NA
Myrica/Comptonia peregrina,Plantae,Tracheophyta,Magnoliopsida,Fagales,Myricaceae,Myrica,NA
cf. Diapensia lapponica,Plantae,Tracheophyta,Magnoliopsida,Ericales,Diapensiaceae,Diapensia,Diapensia lapponica
Chrysolepis/Lithocarpus,Plantae,Tracheophyta,Magnoliopsida,Fagales,Fagaceae,Chrysolepsis,NA
Juniperus/Calocedrus,Plantae,Tracheophyta,Pinopsida,Pinales,Cupressaceae,Juniperus,NA
cf. Aquilegia,Plantae,Tracheophyta,Magnoliopsida,Ranunculales,Ranunculaceae,Aquilegia,NA
cf. Castanopsis,Plantae,Tracheophyta,Magnoliopsida,Fagales,Fagaceae,Castanopsis,NA
cf. Collinsia,Plantae,Rhodophyta,Florideophyceae,Gigartinales,Gigartinaceae,Collinsia,NA
cf. Linanthus,Plantae,Tracheophyta,Magnoliopsida,Ericales,Polemoniaceae,Linanthus,NA
cf. Lupinus,Plantae,Tracheophyta,Magnoliopsida,Fabales,Fabaceae,Lupinus,NA
cf. Vitis,Plantae,Tracheophyta,Magnoliopsida,Vitales,Vitaceae,Vitis,NA
Ilex-type,Plantae,Tracheophyta,Magnoliopsida,Aquifoliales,Aquifoliaceae,Ilex,NA
cf. Cupressaceae,Plantae,Tracheophyta,Pinopsida,Pinales,Cupressaceae,Cupressaceae,NA
cf. Morus,Plantae,Tracheophyta,Magnoliopsida,Rosales,Moraceae,Morus,NA
Cercocarpus/Purshia,Plantae,Tracheophyta,Magnoliopsida,Rosales,Rosaceae,Cercocarpus,NA
Angiospermae undiff. (upland herbs),Plantae,Tracheophyta,undiff,undiff,undiff,undiff,NA
cf. Bistorta bistortoides,Plantae,Tracheophyta,Magnoliopsida,Caryophyllales,Polygonaceae,Bistorta,Bistorta bistortoides
cf. Ceanothus,Plantae,Tracheophyta,Magnoliopsida,Rosales,Rhamnaceae,Ceanothus,NA
Holodiscus-type,Plantae,Tracheophyta,Magnoliopsida,Rosales,Rosaceae,Holodiscus,NA
Fragaria-type,Plantae,Tracheophyta,Magnoliopsida,Rosales,Rosaceae,Fragaria,NA
cf. Myrica,Plantae,Tracheophyta,Magnoliopsida,Fagales,Myricaceae,Myrica,NA
Tidestromia-type,Plantae,Tracheophyta,Magnoliopsida,Caryophyllales,Amaranthaceae,Tidestromia,NA
Chrysolepis-type,Plantae,Tracheophyta,Magnoliopsida,Fagales,Fagaceae,Chrysolepsis,NA
Diospyros-type,Plantae,Tracheophyta,Magnoliopsida,Ericales,Ebenaceae,Diospyros,NA
Arecaceae-type undiff.,Plantae,Tracheophyta,Liliopsida,Arecales,Arecaceae,Arecaceae,NA
Eugenia-type,Plantae,Tracheophyta,Magnoliopsida,Myrtales,Myricaceae,Eugenia,NA
Rhus/Toxicodendron,Plantae,Tracheophyta,Magnoliopsida,Sapindales,Anacardiaceae,Rhus,NA
Sisyrinchium-type,Plantae,Tracheophyta,Liliopsida,Asparagales,Iridaceae,Sisyrinchium,NA
Rhododendron subsect. Ledum/Chamaedaphne calyculata,Plantae,Tracheophyta,Magnoliopsida,Ericales,Ericaceae,Rhododendron,NA
Pinus/Picea,Plantae,Tracheophyta,Pinopsida,Pinales,Pinaceae,Pinus/Picea,NA
Myrica/Comptonia,Plantae,Tracheophyta,Magnoliopsida,Fagales,Myricaceae,Myrica,NA
cf. Parnassia,Plantae,Tracheophyta,Magnoliopsida,Celastrales,Parnassiaceae,Parnassia,NA
Pediomelum-type,Plantae,Tracheophyta,Magnoliopsida,Fabales,Fabaceae,Pediomelum,NA
Symphoricarpos-type,Plantae,Tracheophyta,Magnoliopsida,Dipsacales,Caprifoliaceae,Symphoricarpos,NA
Chamaesyce-type,Plantae,Tracheophyta,Magnoliopsida,Malpighiales,Euphorbiaceae,Chamaesyce,NA
Rhamnus/Vitis,Plantae,Tracheophyta,Magnoliopsida,Rosales,Rhamnaceae,Rhamnus,NA
Betulaceae/Myricaceae undiff.,Plantae,Tracheophyta,Magnoliopsida,Fagales,Betulaceae,Betulaceae,NA
cf. Primula,Plantae,Tracheophyta,Magnoliopsida,Ericales,Primulaceae,Primula,NA
Picea sect. Eupicea,Plantae,Tracheophyta,Pinopsida,Pinales,Pinaceae,Picea,NA
Betula/Myrica,Plantae,Tracheophyta,Magnoliopsida,Fagales,Betulaceae/Myricaceae,Betula/Myrica,NA
cf. Rubus arcticus,Plantae,Tracheophyta,Magnoliopsida,Rosales,Rosaceae,Rubus,Rubus arcticus
Celtis/Maclura-type,Plantae,Tracheophyta,Magnoliopsida,Rosales,Cannabaceae,Celtis,NA
Hippocastanoideae,Plantae,Tracheophyta,Magnoliopsida,Sapindales,Sapindaceae,Sapindaceae,NA
Rumex/Oxyria digyna undiff.,Plantae,Tracheophyta,Magnoliopsida,Caryophyllales,Polygonaceae,Rumex,NA
Actaea-type,Plantae,Tracheophyta,Magnoliopsida,Ranunculales,Ranunculaceae,Actaea,NA
cf. Araceae,Plantae,Tracheophyta,Liliopsida,Alismatales,Araceae,Araceae,NA
cf. Cephalanthus,Plantae,Tracheophyta,Magnoliopsida,Gentianales,Rubiaceae,Cephalanthus,NA
Cupressaceae-type,Plantae,Tracheophyta,Pinopsida,Pinales,Cupressaceae,Cupressaceae,NA
Kochia-type,Plantae,Tracheophyta,Magnoliopsida,Caryophyllales,Amaranthaceae,Kochia,NA
Momipites/Caryapollenites,Plantae,Tracheophyta,Magnoliopsida,Fagales,Juglandaceae,Momipites,NA
cf. Amelanchier,Plantae,Tracheophyta,Magnoliopsida,Rosales,Rosaceae,Amelanchier,NA
Rumex-type undiff.,Plantae,Tracheophyta,Magnoliopsida,Caryophyllales,Polygonaceae,Rumex,NA
cf. Populus,Plantae,Tracheophyta,Magnoliopsida,Malpighiales,Salicaceae,Populus,NA
Acer-type,Plantae,Tracheophyta,Magnoliopsida,Sapindales,Sapindaceae,Acer,NA
Quercus-type,Plantae,Tracheophyta,Magnoliopsida,Fagales,Fagaceae,Quercus,NA
Saxifragaceae-type,Plantae,Tracheophyta,Magnoliopsida,Saxifragales,Saxifragaceae,Saxifragaceae,NA
cf. Rumex,Plantae,Tracheophyta,Magnoliopsida,Caryophyllales,Polygonaceae,Rumex,NA
cf. Sarcobatus vermiculatus,Plantae,Tracheophyta,Magnoliopsida,Caryophyllales,Sarcobataceae,Sarcobatus,Sarcobatus vermiculatus
cf. Liliaceae,Plantae,Tracheophyta,Liliopsida,Liliales,Liliaceae,Liliaceae,NA
cf. Gilia,Plantae,Tracheophyta,Magnoliopsida,Ericales,Polemoniaceae,Gilia,NA
cf. Portulaca,Plantae,Tracheophyta,Magnoliopsida,Caryophyllales,Portulacaceae,Portulaca,NA
Cichorium-type,Plantae,Tracheophyta,Magnoliopsida,Asterales,Asteraceae,Cichorium,NA
Rosaceae/Quercus undiff.,Plantae,Tracheophyta,Magnoliopsida,Rosales,Rosaceae/Fagaceae,Rosaceae/Fagaceae,NA
Brassicaceae-type undiff.,Plantae,Tracheophyta,Magnoliopsida,Brassicales,Brassicaceae,Brassicaceae,NA
cf. Limonium,Plantae,Tracheophyta,Magnoliopsida,Caryophyllales,Plumbaginaceae,Limonium,NA
cf. Castilleja,Plantae,Tracheophyta,Magnoliopsida,Lamiales,Orobanchaceae,Castilleja,NA
Heuchera-type,Plantae,Tracheophyta,Magnoliopsida,Saxifragales,Saxifragaceae,Heuchera,NA
Prunus-type undiff.,Plantae,Tracheophyta,Magnoliopsida,Rosales,Rosaceae,Prunus,NA
Sphaeralcea-type,Plantae,Tracheophyta,Magnoliopsida,Malvales,Malvaceae,Sphaeralcea,NA
cf. Fraxinus,Plantae,Tracheophyta,Magnoliopsida,Lamiales,Oleaceae,Fraxinus,NA
cf. Phacelia,Plantae,Tracheophyta,Magnoliopsida,Boraginales,Hydrophyllaceae,Phacelia,NA
Oxytropis-type,Plantae,Tracheophyta,Magnoliopsida,Fabales,Fabaceae,Oxytropis,NA
Berlandiera-type,Plantae,Tracheophyta,Magnoliopsida,Asterales,Asteraceae,Berlandiera,NA
cf. Bocconia,Plantae,Tracheophyta,Magnoliopsida,Ranunculales,Papaveraceae,Bocconia,NA
cf. Viola,Plantae,Tracheophyta,Magnoliopsida,Malpighiales,Violaceae,Viola,NA
Meliaceae/Sapotaceae undiff.,Plantae,Tracheophyta,Magnoliopsida,Sapindales,Meliaceae,Meliaceae,NA
cf. Eriogonum,Plantae,Tracheophyta,Magnoliopsida,Caryophyllales,Polygonaceae,Eriogonum,NA
cf. Phacelia hastata,Plantae,Tracheophyta,Magnoliopsida,Boraginales,Hydrophyllaceae,Phacelia,Phacelia hastata
Rhus/Toxicodendron cf. T. radicans,Plantae,Tracheophyta,Magnoliopsida,Sapindales,Anacardiaceae,Rhus,NA
cf. Descurainia,Plantae,Tracheophyta,Magnoliopsida,Brassicales,Brassicaceae,Descurainia,NA
Plantago/Thalictrum,Plantae,Tracheophyta,Magnoliopsida,Lamiales,Plantaginaceae,Plantago,NA
cf. Ceanothus velutinus,Plantae,Tracheophyta,Magnoliopsida,Rosales,Rhamnaceae,Ceanothus,Ceanothus velutinus
cf. Scrophulariaceae,Plantae,Tracheophyta,Magnoliopsida,Lamiales,Scrophulariaceae,Scrophulariaceae,NA
Combretaceae/Melastomataceae,Plantae,Tracheophyta,Magnoliopsida,Myrtales,Combretaceae,Combretaceae,NA
Phlox-type,Plantae,Tracheophyta,Magnoliopsida,Ericales,Polemoniaceae,Phlox,NA
Dracocephalum-type,Plantae,Tracheophyta,Magnoliopsida,Lamiales,Lamiaceae,Dracocephalum,NA
Araceae-type,Plantae,Tracheophyta,Liliopsida,Alismatales,Araceae,Araceae,NA
Iva-type,Plantae,Tracheophyta,Magnoliopsida,Asterales,Asteraceae,Iva,NA
Parthenocissus-type,Plantae,Tracheophyta,Magnoliopsida,Vitales,Vitaceae,Parthenocissus,NA
cf. Verbascum,Plantae,Tracheophyta,Magnoliopsida,Lamiales,Scrophulariaceae,Verbascum,NA
Rhododendron subsect. Ledum/Chamaedaphne,Plantae,Tracheophyta,Magnoliopsida,Ericales,Ericaceae,Rhododendron,NA
Taxodium-type,Plantae,Tracheophyta,Pinopsida,Pinales,Cupressaceae,Taxodium,NA
Taxus-type,Plantae,Tracheophyta,Pinopsida,Pinales,Taxaceae,Taxus,NA
cf. Parthenocissus,Plantae,Tracheophyta,Magnoliopsida,Vitales,Vitaceae,Parthenocissus,NA
Clethra-type,Plantae,Tracheophyta,Magnoliopsida,Ericales,Clethraceae,Clethra,NA
Acacia-type,Plantae,Tracheophyta,Magnoliopsida,Fabales,Fabaceae,Acacia,NA
Claytonia-type,Plantae,Tracheophyta,Magnoliopsida,Caryophyllales,Montiacea,Claytonia,NA
Agoseris-type,Plantae,Tracheophyta,Magnoliopsida,Asterales,Asteraceae,Agoseris,NA
Ostrya/Carpinus-type,Plantae,Tracheophyta,Magnoliopsida,Fagales,Betulaceae,Ostrya,NA
cf. Shepherdia,Plantae,Tracheophyta,Magnoliopsida,Rosales,Elaeagnaceae,Shepherdia,NA
cf. Sanguisorba,Plantae,Tracheophyta,Magnoliopsida,Rosales,Rosaceae,Sanguisorba,NA
cf. Verbena,Plantae,Tracheophyta,Magnoliopsida,Lamiales,Verbenaceae,Verbena,NA
Fagus/Nyssa,Plantae,Tracheophyta,Magnoliopsida,Fagales,Fagaceae,Fagus,NA
Gilia-type,Plantae,Tracheophyta,Magnoliopsida,Ericales,Polemoniaceae,Gilia,NA
Camassia-type,Plantae,Tracheophyta,Liliopsida,Asparagales,Asparagaceae,Camassia,NA
Lithocarpus-type,Plantae,Tracheophyta,Magnoliopsida,Fagales,Fagaceae,Lithocarpus,NA
cf. Campanula,Plantae,Tracheophyta,Magnoliopsida,Asterales,Campanulaceae,Campanula,NA
cf. Mirabilis,Plantae,Tracheophyta,Magnoliopsida,Caryophyllales,Nyctaginaceae,Mirabilis,NA
Astragalus/Lupinus,Plantae,Tracheophyta,Magnoliopsida,Fabales,Fabaceae,Astragalus/Lupinus,NA
Ranunculus-type undiff.,Plantae,Tracheophyta,Magnoliopsida,Ranunculales,Ranunculaceae,Ranunculus,NA
Celtis/Aphananthe,Plantae,Tracheophyta,Magnoliopsida,Rosales,Cannabaceae,Celtis,NA
Juglans/Pterocarya,Plantae,Tracheophyta,Magnoliopsida,Fagales,Juglandaceae,Juglans,NA
Castanea/Castanopsis,Plantae,Tracheophyta,Magnoliopsida,Fagales,Fagaceae,Castanea,NA
Betula sect. Apterocaryon-type,Plantae,Tracheophyta,Magnoliopsida,Fagales,Betulaceae,Betula,NA
Betula sect. Betula-type,Plantae,Tracheophyta,Magnoliopsida,Fagales,Betulaceae,Betula,NA
Rumex/Oxyria-type,Plantae,Tracheophyta,Magnoliopsida,Caryophyllales,Polygonaceae,Rumex,NA
Illecebrum-type,Plantae,Tracheophyta,Magnoliopsida,Caryophyllales,Caryophyllaceae,Illecebrum,NA
Rumex subg. Acetosa/Oxyria,Plantae,Tracheophyta,Magnoliopsida,Caryophyllales,Polygonaceae,Rumex,NA
Aphanamixis-type,Plantae,Tracheophyta,Magnoliopsida,Sapindales,Meliaceae,Aphanamixis,NA
Eurya-type,Plantae,Tracheophyta,Magnoliopsida,Ericales,Pentaphylacaceae,Eurya,NA
Hippocastanoideae undiff.,Plantae,Tracheophyta,Magnoliopsida,Sapindales,Sapindaceae,Sapindaceae,NA
Lobelioideae,Plantae,Tracheophyta,Magnoliopsida,Asterales,Campanulaceae,Campanulaceae,NA
Schima-type,Plantae,Tracheophyta,Magnoliopsida,Ericales,Theaceae,Schima,NA
Anchusa/Pulmonaria,Plantae,Tracheophyta,Magnoliopsida,Boraginales,Boraginaceae,Anchusa,NA
Anisosciadium-type,Plantae,Tracheophyta,Magnoliopsida,Apiales,Apiaceae,Anisosciadium,NA
Arctium/Jurinea,Plantae,Tracheophyta,Magnoliopsida,Asterales,Asteraceae,Arctium,NA
Asperula-type,Plantae,Tracheophyta,Magnoliopsida,Gentianales,Rubiaceae,Asperula,NA
Atractylis-type,Plantee,Tracheophyta,Magnoliopsida,Asterales,Asteraceae,Atractylis,NA
Atriplex-type,Plantae,Tracheophyta,Magnoliopsida,Caryophyllales,Amaranthaceae,Atriplex,NA
Beta-type,Plantae,Tracheophyta,Magnoliopsida,Caryophyllales,Amaranthaceae,Beta,NA
Bunium-type,Plantae,Tracheophyta,Magnoliopsida,Apiales,Apiaceae,Bunium,NA
Ceratocephala-type,Plantae,Tracheophyta,Magnoliopsida,Ranunculales,Ranunculaceae,Ceratocephala,NA
cf. Abies,Plantae,Tracheophyta,Pinopsida,Pinales,Pinaceae,Abies,NA
cf. Acantholimon,Plantae,Tracheophyta,Magnoliopsida,Caryophyllales,Plumbaginaceae,Acantholimon,NA
cf. Aconitum,Plantae,Tracheophyta,Magnoliopsida,Ranunculales,Ranunculaceae,Aconitum,NA
cf. Adonis,Plantae,Tracheophyta,Magnoliopsida,Ranunculales,Ranunculaceae,Adonis,NA
cf. Astragalus-type,Plantae,Tracheophyta,Magnoliopsida,Fabales,Fabaceae,Astragalus,NA
cf. Caucalis,Plantae,Tracheophyta,Magnoliopsida,Apiales,Apiaceae,Caucalis,NA
cf. Loranthaceae,Plantae,Tracheophyta,Magnoliopsida,Santalales,Loranthaceae,Loranthaceae,NA
cf. Papaveraceae,Plantae,Tracheophyta,Magnoliopsida,Ranunculales,Papaveraceae,Papaveraceae,NA
cf. Thymelaeaceae,Plantae,Tracheophyta,Magnoliopsida,Malvales,Thymelaeaceae,Thymelaeaceae,NA
Ferula-type,Plantae,Tracheophyta,Magnoliopsida,Apiales,Apiaceae,Ferula,NA
Halothamnus-type,Plantae,Tracheophyta,Magnoliopsida,Caryophyllales,Amaranthaceae,Halothamnus,NA
Hammada-type,Plantae,Tracheophyta,Magnoliopsida,Caryophyllales,Amaranthaceae,Hammada,NA
Hedysarum/Ebenus,Plantae,Tracheophyta,Magnoliopsida,Fabales,Fabaceae,Hedysarum,NA
Inula-type,Plantae,Tracheophyta,Magnoliopsida,Asterales,Asteraceae,Inula,NA
Legousia-type,Plantae,Tracheophyta,Magnoliopsida,Asterales,Campanulaceae,Legousia,NA
Onopordum-type,Plantae,Tracheophyta,Magnoliopsida,Asterales,Asteraceae,Onopordum,NA
Turgenia-type,Plantae,Tracheophyta,Magnoliopsida,Apiales,Apiaceae,Turgenia,NA
cf. Rhamnaceae,Plantae,Tracheophyta,Magnoliopsida,Rosales,Rhamnaceae,Rhamnaceae,NA
Paronychia/Herniaria-type,Plantae,Tracheophyta,Magnoliopsida,Caryophyllales,Caryophyllaceae,Paronychia,NA
Linum-type,Plantae,Tracheophyta,Magnoliopsida,Malpighiales,Linaceae,Linum,NA
Lythrum-type,Plantae,Tracheophyta,Magnoliopsida,Myrtales,Lythraceae,Lythrum,NA
Styrax-type,Plantae,Tracheophyta,Magnoliopsida,Ericales,Styracaceae,Styrax,NA
Bistorta-type,Plantae,Tracheophyta,Magnoliopsida,Caryophyllales,Polygonaceae,Bistorta,NA
cf. Genista,Plantae,Tracheophyta,Magnoliopsida,Fabales,Fabaceae,Genista,NA
Betula/Carpinus,Plantae,Tracheophyta,Magnoliopsida,Fagales,Betulaceae,Betula/Carpinus,NA
Asteroideae undiff.,Plantae,Tracheophyta,Mangnoliopsida,Asterales,Asteraceae,Asteraceae,NA
Asteroideae,Plantae,Tracheophyta,Magnoliopsida,Asterales,Asteraceae,Asteraceae,NA
Poaceae (Cerealia),Plantae,Tracheophyta,Liliopsida,Poales,Gramineae,Gramineae,NA
Poaceae (Cerealia) undiff.,Plantae,Tracheophyta,Liliopsida,Poales,Gramineae,Gramineae,NA
Hystrix,Plantae,Tracheophyta,Magnoliopsida,Poales,Poaceae,Elymus,NA
Anthemideae,Plantae,Tracheophyta,Mangnoliopsida,Asterales,Asteraceae,Asteraceae,NA
Asteroideae pro parte,Plantae,Tracheophyta,Mangnoliopsida,Asterales,Asteraceae,Asteraceae,NA
Coniferae undiff.,Plantae,Tracheophyta,Pinopsida,Pinales,Pinales,Pinales,NA
Asteroideae (coarse spine),Plantae,Tracheophyta,Mangnoliopsida,Asterales,Asteraceae,Asteraceae,NA
Asteroideae (large),Plantae,Tracheophyta,Mangnoliopsida,Asterales,Asteraceae,Asteraceae,NA
Pinus subsect. Cembroides,Plantae,Tracheophyta,Pinopsida,Pinales,Pinaceae,Pinus,NA
Asteroideae (high spine),Plantae,Tracheophyta,Mangnoliopsida,Asterales,Asteraceae,Asteraceae,NA
Coniferae,Plantae,Tracheophyta,Pinopsida,Pinales,Pinales,Pinales,NA
Picea sect. Omorika,Plantae,Tracheophyta,Pinopsida,Pinales,Pinaceae,Picea,NA
Betula sect. Costatae,Plantae,Tracheophyta,Magnoliopsida,Fagales,Betulaceae,Betula,NA
Abies,,,,,,Abies,
Abies balsamea,,,,,,Abies,
Abies lasiocarpa,,,,,,Abies,
Abies sp.,,,,,,Abies,
Abronia,,,,,,Abronia,
Acacia,,,,,,Acacia,
Acacia-type,,,,,,Acacia,
Acalypha,,,,,,Acalypha,
Acalypha-type,,,,,,Acalypha,
Acer,,,,,,Acer,
Acer-type,,,,,,Acer,
Acer cf. A. glabrum,,,,,,Acer,
Acer cf. A. negundo,,,,,,Acer,
Acer cf. A. pensylvanicum,,,,,,Acer,
Acer circinatum,,,,,,Acer,
Acer circinatum-type,,,,,,Acer,
Acer glabrum,,,,,,Acer,
Acer macrophyllum,,,,,,Acer,
Acer macrophyllum-type,,,,,,Acer,
Acer negundo,,,,,,Acer,
Acer negundo-type,,,,,,Acer,
Acer nigrum,,,,,,Acer,
Acer pensylvanicum,,,,,,Acer,
Acer rubrum,,,,,,Acer,
Acer rubrum-type,,,,,,Acer,
Acer saccharinum,,,,,,Acer,
Acer saccharinum-type,,,,,,Acer,
Acer saccharum,,,,,,Acer,
Acer saccharum-type,,,,,,Acer,
Acer saccharum/A. nigrum,,,,,,Acer,
Acer sp.,,,,,,Acer,
Acer spicatum,,,,,,Acer,
Acer spicatum-type,,,,,,Acer,
Acer undiff.,,,,,,Acer,
Achillea,,,,,,Asteraceae:Asteroideae,
Achillea-type,,,,,,Asteraceae:Asteroideae,
Aconitum,,,,,,Ranunculaceae undiff.,
Actaea,,,,,,Ranunculaceae undiff.,
Actaea-type,,,,,,Ranunculaceae undiff.,
Actaea rubra,,,,,,Ranunculaceae undiff.,
Adenostoma fasciculatum,,,,,,Asteraceae:Asteroideae,
Adenostoma sparsifolium,,,,,,Asteraceae:Asteroideae,
Aesculus,,,,,,Aesculus,
Agastache,,,,,,Lamiaceae,
Agastache-type,,,,,,Lamiaceae,
Agave,,,,,,Agave,
Agoseris-type,,,,,,Asteraceae:Asteroideae,
Agoseris glauca-type,,,,,,Asteraceae:Asteroideae,
Agrimonia,,,,,,Rosaceae,
Allenrolfea occidentalis,,,,,,Allenrolfea occidentalis,
Allionia,,,,,,Allionia,
Allium,,,,,,Liliaceae-type,
Allium-type,,,,,,Liliaceae-type,
Alnus,,,,,,Alnus,
Alnus (hexaporate),,,,,,Alnus,
Alnus (pentaporate),,,,,,Alnus,
Alnus (tetraporate),,,,,,Alnus,
Alnus (triporate),,,,,,Alnus,
Alnus cf. A. incana,,,,,,Alnus,
Alnus cf. A. viridis,,,,,,Alnus,
Alnus incana,,,,,,Alnus,
Alnus incana-type,,,,,,Alnus,
Alnus rhombifolia-type,,,,,,Alnus,
Alnus rubra,,,,,,Alnus,
Alnus rubra-type,,,,,,Alnus,
Alnus undiff.,,,,,,Alnus,
Alnus viridis,,,,,,Alnus,
Alnus viridis-type,,,,,,Alnus,
Alnus viridis subsp. crispa,,,,,,Alnus,
Alnus viridis subsp. crispa-type,,,,,,Alnus,
Alnus viridis subsp. sinuata,,,,,,Alnus,
Alnus viridis subsp. sinuata-type,,,,,,Alnus,
Alternanthera,,,,,,Alternanthera,
Amaranthaceae,,,,,,Amaranthaceae,
Amaranthaceae undiff.,,,,,,Amaranthaceae,
Amaranthus,,,,,,Amaranthaceae,
Ambrosia,,,,,,Ambrosia-type,
Ambrosia-type,,,,,,Ambrosia-type,
Ambrosia/Iva,,,,,,Iva-type,
Ambrosia/Iva annua,,,,,,Iva-type,
Amelanchier,,,,,,Rosaceae,
Amelanchier-type,,,,,,Rosaceae,
Amorpha,,,,,,Fabaceae,
Amorpha-type,,,,,,Fabaceae,
Anacardiaceae,,,,,,Anacardiaceae,
Anacardiaceae-type undiff.,,,,,,Anacardiaceae,
Anacardiaceae undiff.,,,,,,Anacardiaceae,
Andromeda,,,,,,Ericaceae,
Andromeda polifolia,,,,,,Andromeda Polifolia,
Andromeda polifolia var. latifolia,,,,,,Andromeda Polifolia,
Androsace,,,,,,Primulaceae,
Anemone,,,,,,Ranunculaceae undiff.,
Anemone-type,,,,,,Ranunculaceae undiff.,
Anemone canadensis-type,,,,,,Ranunculaceae undiff.,
Anemone patens,,,,,,Ranunculaceae undiff.,
Anemone quinquefolia-type,,,,,,Ranunculaceae undiff.,
Anemone sect. Hepatica,,,,,,Ranunculaceae undiff.,
Anemone sect. Pulsatilla,,,,,,Ranunculaceae undiff.,
Angelica-type,,,,,,Apiaceae,
Angiospermae undiff. (hardwood trees),,,,,,Taxon aggregates,
Angiospermae undiff. (herbs),,,,,,Taxon aggregates,
Angiospermae undiff. (upland herbs),,,,,,Taxon aggregates,
Anthemis,,,,,,Asteraceae:Asteroideae,
Anthemis-type,,,,,,Asteraceae:Asteroideae,
Apiaceae,,,,,,Apiaceae,
Apiaceae (apiculate),,,,,,Apiaceae,
Apiaceae (coarse reticulate),,,,,,Apiaceae,
Apiaceae (large),,,,,,Apiaceae,
"Apiaceae (medium, slender)",,,,,,Apiaceae,
Apiaceae (small),,,,,,Apiaceae,
Apiaceae undiff,,,,,,Apiaceae,
Apocynaceae,,,,,,Apocynaceae,
Apocynum,,,,,,Apocynaceae,
Aquifoliaceae,,,,,,Aquifoliaceae,
Aquilegia,,,,,,Ranunculus-type,
Arabis,,,,,,Brassicaceae,
Araceae,,,,,,Araceae,
Araceae-type,,,,,,Araceae,
Aralia,,,,,,Araliaceae,
Aralia hispida,,,,,,Aralia Hispida,
Araliaceae,,,,,,Araliaceae,
Arceuthobium,,,,,,Arceuthobium,
Arceuthobium americanum,,,,,,Arceuthobium,
Arceuthobium pusillum,,,,,,Arceuthobium,
Arceuthobium/Loranthaceae,,,,,,Arceuthobium,
Arctostaphylos,,,,,,Ericaceae,
Arctostaphylos uva-ursi,,,,,,Ericaceae,
Arctous alpina/A. rubra,,,,,,Ericaceae,
Arecaceae,,,,,,Arecaceae,
Arecaceae-type undiff.,,,,,,Arecaceae,
Arecaceae undiff,,,,,,Arecaceae,
Arenaria,,,,,,Caryophyllaceae,
Arenaria-type,,,,,,Caryophyllaceae,
Armeria,,,,,,Plumbaginaceae,
Armeria maritima,,,,,,Plumbaginaceae,
Artemisia,,,,,,Artemisia,
Artemisia-type,,,,,,Artemisia,
Aster,,,,,,Asteraceae:Asteroideae,
Aster-type,,,,,,Asteraceae:Asteroideae,
Asteraceae,,,,,,Asteraceae undiff.,
Asteraceae (high spine),,,,,,Asteraceae:Asteroideae,
Asteraceae (low spine),,,,,,Asteraceae:Asteroideae,
Asteraceae (undiff.),,,,,,Asteraceae undiff.,
Asteraceae cf. Cirsium,,,,,,Cynareae,
Asteroideae,,,,,,Asteraceae:Asteroideae,
Asteroideae (coarse spine),,,,,,Asteraceae:Asteroideae,
Asteroideae (high spine),,,,,,Asteraceae:Asteroideae,
Asteroideae (large),,,,,,Asteraceae:Asteroideae,
Asteroideae undiff.,,,,,,Asteraceae:Asteroideae,
Astragalus,,,,,,Fabaceae,
Astragalus-type,,,,,,Fabaceae,
Astragalus alpinus,,,,,,Fabaceae,
Astragalus/Lupinus,,,,,,Fabaceae,
Avena-type,,,,,,Cerealia-type,
Avena/Triticum,,,,,,Cerealia-type,
Avicennia,,,,,,Avicennia,
Balsaminaceae,,,,,,Balsaminaceae,
Batis,,,,,,Batis,
Berberidaceae,,,,,,Berberidaceae,
Berberis,,,,,,Berberidaceae,
Berberis-type,,,,,,Berberidaceae,
Berberis repens,,,,,,Berberidaceae,
Berlandiera-type,,,,,,Asteraceae:Asteroideae,
Beta vulgaris-type,,,,,,Amaranthaceae,
Betula,,,,,,Betula,
Betula (<20 µm),,,,,,Betula,
Betula (>20 µm),,,,,,Betula,
Betula (>25 µm),,,,,,Betula,
Betula (20-25 µm),,,,,,Betula,
Betula (large),,,,,,Betula,
Betula (shrub),,,,,,Betula,
Betula (small),,,,,,Betula,
Betula (tree),,,,,,Betula,
Betula cf. B. occidentalis,,,,,,Betula,
Betula det. shrub,,,,,,Betula,
Betula det. tree,,,,,,Betula,
Betula glandulosa,,,,,,Betula,
Betula glandulosa-type,,,,,,Betula,
Betula nana,,,,,,Betula,
Betula papyrifera,,,,,,Betula,
Betula undiff.,,,,,,Betula,
Betula/Myrica,,,,,,Betula,
Betulaceae,,,,,,Betulaceae undiff.,
Betulaceae undiff.,,,,,,Betulaceae undiff.,
Betulaceae/Myricaceae undiff.,,,,,,Taxon aggregates,
Bidens,,,,,,Asteraceae:Asteroideae,
Bidens-type,,,,,,Asteraceae:Asteroideae,
Bistorta,,,,,,Polygonum-type,
Bistorta bistortoides,,,,,,Polygonum-type,
Bistorta bistortoides-type,,,,,,Polygonum-type,
Bistorta officinalis,,,,,,Polygonum-type,
Bistorta officinalis-type,,,,,,Polygonum-type,
Bistorta vivipara,,,,,,Polygonum-type,
Bistorta vivipara-type,,,,,,Polygonum-type,
Boehmeria,,,,,,Boehmeria,
Boehmeria-type,,,,,,Boehmeria,
Boerhavia,,,,,,Boehmeria,
Boraginaceae,,,,,,Boraginaceae,
Boraginaceae undiff.,,,,,,Boraginaceae,
Brassica,,,,,,Brassicaceae,
Brassicaceae,,,,,,Brassicaceae,
Brassicaceae-type undiff.,,,,,,Brassicaceae,
Brassicaceae cf. Brassica,,,,,,Brassicaceae,
Brassicaceae undiff.,,,,,,Brassicaceae,
Bromeliaceae,,,,,,Bromeliaceae undiff.,
Bromeliaceae undiff.,,,,,,Bromeliaceae undiff.,
Bumelia,,,,,,Bumelia,
Bupleurum,,,,,,Apiaceae,
Bupleurum-type,,,,,,Apiaceae,
Bursera,,,,,,Bursera,
Byrsonima,,,,,,Byrsonima,
Cactaceae,,,,,,Cactaceae,
Calendula,,,,,,Asteraceae:Asteroideae,
Caltha-type,,,,,,Ranunculaceae undiff.,
Caltha leptosepala,,,,,,Ranunculaceae undiff.,
Calylophus,,,,,,Calylophus,
Calystegia,,,,,,Convolvulaceae,
Camassia,,,,,,Liliaceae-type,
Campanula,,,,,,Campanulaceae,
Campanula-type,,,,,,Campanulaceae,
Campanula aparinoides-type,,,,,,Campanulaceae,
Campanula rotundifolia-type,,,,,,Campanulaceae,
Campanulaceae,,,,,,Campanulaceae,
Cannabaceae,,,,,,Cannabis/Humulus,
Cannabaceae cf. Humulus,,,,,,Cannabis/Humulus,
Cannabaceae sensu stricto,,,,,,Cannabis/Humulus,
Cannabaceae sensu stricto undiff.,,,,,,Cannabis/Humulus,
Cannabis,,,,,,Cannabis/Humulus,
Cannabis-type,,,,,,Cannabis/Humulus,
Cannabis sativa,,,,,,Cannabis/Humulus,
Cannabis sativa-type,,,,,,Cannabis/Humulus,
Canotia,,,,,,Canotia,
Caprifoliaceae,,,,,,Caprifoliaceae,
Caprifoliaceae sensu lato,,,,,,Caprifoliaceae sensu lato,
Caprifoliaceae sensu lato undiff.,,,,,,Caprifoliaceae sensu lato,
Caprifoliaceae undiff.,,,,,,Caprifoliaceae,
Cardueae,,,,,,Cynareae,
Carex,,,,,,Cyperaceae,
Carpinus,,,,,,Ostrya/Carpinus,
Carpinus-type,,,,,,Ostrya/Carpinus,
Carya,,,,,,Carya,
Carya-type,,,,,,Carya,
Carya cordiformis,,,,,,Carya,
Carya ovata,,,,,,Carya,
Caryophyllaceae,,,,,,Caryophyllaceae,
Caryophyllaceae cf. Dianthus,,,,,,Caryophyllaceae,
Caryophyllaceae undiff.,,,,,,Caryophyllaceae,
Cassiope,,,,,,Ericaceae,
Cassiope-type,,,,,,Ericaceae,
Cassiope tetragona,,,,,,Ericaceae,
Cassiope tetragona-type,,,,,,Ericaceae,
Castanea,,,,,,Castanea,
Castanea-type,,,,,,Castanea,
Castanea dentata,,,,,,Castanea,
Castanopsis,,,,,,Lithocarpus-type,
Castanopsis/Lithocarpus,,,,,,Lithocarpus-type,
Castilleja,,,,,,Scrophulariaceae,
Casuarina,,,,,,Casuarina,
Ceanothus,,,,,,Rhamnaceae,
Ceanothus-type,,,,,,Rhamnaceae,
Cecropia,,,,,,Cecropia,
Cedrus,,,,,,Cedrus,
Celastraceae,,,,,,Celastraceae,
Celtis,,,,,,Celtis,
Celtis-type,,,,,,Celtis,
Celtis occidentalis,,,,,,Celtis,
Celtis/Maclura,,,,,,Celtis,
Celtis/Maclura-type,,,,,,Celtis,
Centaurea,,,,,,Centaurea,
Centaurea-type,,,,,,Centaurea,
Cephalanthus,,,,,,Cephalanthus,
Cephalanthus occidentalis,,,,,,Cephalanthus,
Cerastium-type,,,,,,Caryophyllaceae,
Ceratiola ericoides,,,,,,Ceratiola ericoides-type,
Ceratiola ericoides-type,,,,,,Ceratiola ericoides-type,
Cercocarpus,,,,,,Rosaceae,
Cercocarpus-type,,,,,,Rosaceae,
Cercocarpus/Purshia,,,,,,Rosaceae,
cf Araliaceae,,,,,,Araliaceae,
cf Castanopsis,,,,,,Lithocarpus-type,
cf Celtis,,,,,,Celtis,
cf Euphorbiaceae,,,,,,Euphorbiaceae,
cf Gentiana,,,,,,Gentianaceae,
cf Rumex,,,,,,Rumex-type,
cf Sapindaceae,,,,,,Sapindaceae subf. Hippocastanoideae,
cf Silene,,,,,,Caryophyllaceae,
cf Viola,,,,,,Violaceae,
cf. Aesculus,,,,,,Aesculus,
cf. Allium,,,,,,Liliaceae-type,
cf. Amelanchier,,,,,,Rosaceae,
cf. Amorpha,,,,,,Fabaceae,
cf. Aquilegia,,,,,,Ranunculaceae undiff.,
cf. Araceae,,,,,,Araceae,
cf. Bistorta bistortoides,,,,,,Polygonum-type,
cf. Bocconia,,,,,,Papaveraceae,
cf. Brodiaea,,,,,,Liliaceae-type,
cf. Campanula,,,,,,Campanulaceae,
cf. Carya,,,,,,Carya,
cf. Castilleja,,,,,,Scrophulariaceae,
cf. Ceanothus,,,,,,Rhamnaceae,
cf. Ceanothus velutinus,,,,,,Rhamnaceae,
cf. Cephalanthus,,,,,,Cephalanthus,
cf. Cercocarpus,,,,,,Rosaceae,
cf. Cercocarpus ledifolius,,,,,,Rosaceae,
cf. Collinsia,,,,,,Scrophulariaceae,
cf. Cornus,,,,,,Cornus,
cf. Cupressaceae,,,,,,Juniperus-type,
cf. Descurainia,,,,,,Brassicaceae,
cf. Diapensia lapponica,,,,,,Diapensia,
cf. Dodecatheon,,,,,,Primulaceae,
cf. Dryas,,,,,,Dryas,
cf. Eriogonum,,,,,,Eriogonum,
cf. Fraxinus,,,,,,Fraxinus,
cf. Gilia,,,,,,Polemoniaceae,
cf. Hedysarum,,,,,,Fabaceae,
cf. Hypericum,,,,,,Guttiferae,
cf. Juglans,,,,,,Juglans,
cf. Juncus,,,,,,Juncaceae,
cf. Liliaceae,,,,,,Liliaceae-type,
cf. Linanthus,,,,,,Polemoniaceae,
cf. Lupinus,,,,,,Fabaceae,
cf. Lysimachia,,,,,,Primulaceae,
cf. Mentha,,,,,,Lamiaceae,
cf. Mirabilis,,,,,,Mirabilis,
cf. Morus,,,,,,Moraceae,
cf. Myrica,,,,,,Myrica,
cf. Nemopanthus,,,,,,Ilex,
cf. Ostrya/Carpinus,,,,,,Ostrya/Carpinus,
cf. Oxalis,,,,,,Oxalidaceae,
cf. Oxyria digyna,,,,,,Rumex-type,
cf. Parnassia,,,,,,Saxifragaceae,
cf. Parthenocissus,,,,,,Parthenocissus,
cf. Pedicularis,,,,,,Pedicularis,
cf. Phacelia,,,,,,Phacelia,
cf. Phacelia hastata,,,,,,Phacelia,
cf. Phlox,,,,,,Phlox,
cf. Physalis,,,,,,cf. Physalis,
cf. Polygonum sensu lato,,,,,,Polygonum-type,
cf. Populus,,,,,,Populus,
cf. Portulaca,,,,,,Portulacaceae,
cf. Primula,,,,,,Primulaceae,
cf. Prunus,,,,,,Rosaceae,
cf. Rhamnus,,,,,,Rhamnaceae,
cf. Rhamnus alnifolia,,,,,,Rhamnaceae,
cf. Rhus,,,,,,Anacardiaceae,
cf. Ribes,,,,,,Ribes-type,
cf. Rubus arcticus,,,,,,Rosaceae,
cf. Sambucus,,,,,,Sambucus,
cf. Sanguisorba,,,,,,Rosaceae,
cf. Sarcobatus vermiculatus,,,,,,Amaranthaceae,
cf. Saxifragaceae,,,,,,Saxifragaceae,
cf. Scrophulariaceae,,,,,,Scrophulariaceae,
cf. Shepherdia,,,,,,Shepherdia,
cf. Taxus,,,,,,Taxus,
cf. Verbascum,,,,,,Scrophulariaceae,
cf. Verbena,,,,,,Verbenaceae,
cf. Verbenaceae,,,,,,Verbenaceae,
cf. Veronica,,,,,,Scrophulariaceae,
cf. Viburnum lentago,,,,,,Viburnum,
cf. Vitis,,,,,,Vitis,
cf. Weinmannia,,,,,,cf. Weinmannia,
Chamaebatiaria millefolium,,,,,,Rosaceae,
Chamaecrista,,,,,,Chamaecrista,
Chamaecrista-type,,,,,,Chamaecrista,
Chamaecrista fasciculata-type,,,,,,Chamaecrista,
Chamaecyparis-type,,,,,,Juniperus-type,
Chamaecyparis thyoides,,,,,,Juniperus-type,
Chamaedaphne,,,,,,Ericaceae,
Chamaedaphne calyculata,,,,,,Ericaceae,
Chamaenerion angustifolium,,,,,,Onagraceae,
Chamaesyce,,,,,,Euphorbiaceae,
Chamaesyce-type,,,,,,Euphorbiaceae,
Chenopodiaceae sensu stricto,,,,,,Amaranthaceae,
Chenopodium,,,,,,Amaranthaceae,
Chenopodium-type,,,,,,Amaranthaceae,
Chrysolepis,,,,,,Lithocarpus-type,
Chrysolepis-type,,,,,,Lithocarpus-type,
Chrysolepis/Lithocarpus,,,,,,Lithocarpus-type,
Cichorieae,,,,,,Asteraceae:Asteroideae,
Cichorioideae,,,,,,Asteraceae:Asteroideae,
Cichorioideae undiff.,,,,,,Asteraceae:Asteroideae,
Cichorium-type,,,,,,Asteraceae:Asteroideae,
Cicuta-type,,,,,,Apiaceae,
Circaea,,,,,,Onagraceae,
Circaea alpina,,,,,,Onagraceae,
Cirsium,,,,,,Cynareae,
Cirsium-type,,,,,,Cynareae,
Cirsium/Carduus-type,,,,,,Cynareae,
Cistaceae,,,,,,Cistaceae,
Cistanthe,,,,,,Cistanthe,
Citrus,,,,,,Citrus,
Claytonia,,,,,,Claytonia,
Claytonia-type,,,,,,Claytonia,
Claytonia acutifolia,,,,,,Claytonia,
Clematis,,,,,,Ranunculaceae undiff.,
Clethra,,,,,,Clethra,
Clethra-type,,,,,,Clethra,
Cnidium,,,,,,Cnidium,
Coccoloba,,,,,,Polygonaceae,
Comandra,,,,,,Comandra,
Comarum palustre-type,,,,,,Rosaceae,
Combretaceae,,,,,,Combretaceae/Melastomataceae,
Combretaceae/Melastomataceae,,,,,,Combretaceae/Melastomataceae,
Combretaceae/Melastomataceae undiff.,,,,,,Combretaceae/Melastomataceae,
Commelinaceae,,,,,,Commelinaceae,
Comptonia peregrina,,,,,,Comptonia peregrina,
Coniferae,,,,,,Taxon aggregates,
Coniferae undiff.,,,,,,Taxon aggregates,
Conioselinum,,,,,,Apiaceae,
Conocarpus,,,,,,Combretaceae/Melastomataceae,
Convolvulaceae,,,,,,Convolvulaceae,
Convolvulus,,,,,,Convolvulaceae,
Convolvulus-type,,,,,,Convolvulaceae,
Coptis,,,,,,Ranunculaceae undiff.,
Coptis-type,,,,,,Ranunculaceae undiff.,
Coptis aspleniifolia,,,,,,Ranunculaceae undiff.,
Coptis trifolia,,,,,,Ranunculaceae undiff.,
Cornaceae,,,,,,Cornaceae,
Cornus,,,,,,Cornus,
Cornus alternifolia,,,,,,Cornus,
Cornus amomum-type,,,,,,Cornus,
Cornus canadensis,,,,,,Cornus,
Cornus canadensis-type,,,,,,Cornus,
Cornus cf. C. sericea,,,,,,Cornus,
Cornus florida,,,,,,Cornus,
Cornus racemosa,,,,,,Cornus,
Cornus rugosa,,,,,,Cornus,
Cornus sanguinea,,,,,,Cornus,
Cornus sanguinea-type,,,,,,Cornus,
Cornus sericea,,,,,,Cornus,
Cornus sericea-type,,,,,,Cornus,
Cornus suecica-type,,,,,,Cornus,
Cornus undiff.,,,,,,Cornus,
corylus,,,,,,Corylus,
Corylus-type,,,,,,Corylus,
Corylus cornuta,,,,,,Corylus,
Corylus/Myrica,,,,,,Corylus,
Crassula,,,,,,Crassulaceae,
Crassulaceae,,,,,,Crassulaceae,
Crassulaceae undiff.,,,,,,Crassulaceae,
Crataegus-type,,,,,,Rosaceae,
Cryptantha,,,,,,Boraginaceae,
Cucurbita,,,,,,Cucurbita,
Cupressaceae,,,,,,Juniperus-type,
Cupressaceae-type,,,,,,Juniperus-type,
Cupressaceae cf. Thuja occidentalis,,,,,,Juniperus-type,
Cupressaceae undiff.,,,,,,Juniperus-type,
Cupressaceae/Taxaceae,,,,,,Juniperus-type,
Cupressaceae/Taxaceae undiff.,,,,,,Juniperus-type,
Cupressus,,,,,,Juniperus-type,
Cuscuta,,,,,,Cuscuta,
Cyclachaena xanthiifolia,,,,,,Cyclachaena xanthiifolia,
Cyclachaena xanthiifolia-type,,,,,,Cyclachaena xanthiifolia,
Cyperaceae,,,,,,Cyperaceae,
Cyperaceae undiff.,,,,,,Cyperaceae,
Cyrilla racemiflora,,,,,,Cyrilla racemiflora,
Cyrillaceae,,,,,,Cyrillaceae,
Dalea,,,,,,Fabaceae,
Dalea candida,,,,,,Fabaceae,
Dalea candida-type,,,,,,Fabaceae,
Dalea purpurea,,,,,,Fabaceae,
Dalea purpurea-type,,,,,,Fabaceae,
Dalea undiff.,,,,,,Fabaceae,
Delphinium,,,,,,Ranunculaceae undiff.,
Delphinium-type,,,,,,Ranunculaceae undiff.,
Dianthus-type,,,,,,Caryophyllaceae,
Diapensia,,,,,,Diapensia,
Dicentra,,,,,,Dicentra,
Diervilla lonicera,,,,,,Diervilla lonicera,
Diospyros,,,,,,Diospyros,
Diospyros-type,,,,,,Diospyros,
Dodecatheon,,,,,,Primulaceae,
Dodonaea,,,,,,Dodonaea,
Douglasia,,,,,,Primulaceae,
Draba,,,,,,Brassicaceae,
Dracocephalum-type,,,,,,Lamiaceae,
Dryas,,,,,,Dryas,
Dryas-type,,,,,,Dryas,
Dryas integrifolia,,,,,,Dryas,
Elaeagnaceae,,,,,,Elaeagnaceae,
Elaeagnaceae undiff.,,,,,,Elaeagnaceae,
Elaeagnus,,,,,,Elaeagnus,
Elaeagnus commutata,,,,,,Elaeagnus,
Elaeagnus/Shepherdia argentea,,,,,,Elaeagnaceae,
Elymus,,,,,,Poaceae,
Elymus-type,,,,,,Poaceae,
Empetrum,,,,,,Empetrum,
Empetrum-type,,,,,,Empetrum,
Empetrum cf. E. nigrum,,,,,,Empetrum,
Empetrum nigrum,,,,,,Empetrum,
Empetrum nigrum-type,,,,,,Empetrum,
Engelhardia-type,,,,,,Engelhardia-type,
Ephedra,,,,,,Ephedra,
Ephedra (branched folds),,,,,,Ephedra,
Ephedra (simple folds),,,,,,Ephedra,
Ephedra (undiff.),,,,,,Ephedra,
Ephedra nevadensis,,,,,,Ephedra,
Ephedra nevadensis-type,,,,,,Ephedra,
Ephedra torreyana-type,,,,,,Ephedra,
Ephedra trifurca-type,,,,,,Ephedra,
Ephedra viridis,,,,,,Ephedra,
Ephedra viridis-type,,,,,,Ephedra,
Ephedraceae,,,,,,Ephedra,
Epilobium,,,,,,Onagraceae,
Epilobium-type,,,,,,Onagraceae,
Epilobium palustre,,,,,,Onagraceae,
Ericaceae,,,,,,Ericaceae,
Ericaceae-type,,,,,,Ericaceae,
"Ericaceae (large, round)",,,,,,Ericaceae,
"Ericaceae (large, triangular)",,,,,,Ericaceae,
"Ericaceae (medium, soccer ball)",,,,,,Ericaceae,
"Ericaceae (small, round)",,,,,,Ericaceae,
"Ericaceae (small, triangular)",,,,,,Ericaceae,
Ericaceae undiff.,,,,,,Ericaceae,
Ericales,,,,,,Ericaceae,
Ericales undiff.,,,,,,Ericaceae,
Eriogonum,,,,,,Eriogonum,
Eriogonum-type,,,,,,Eriogonum,
Eriogonum heracleoides-type,,,,,,Eriogonum,
Eriogonum microtheca-type,,,,,,Eriogonum,
Erodium cicutarium,,,,,,Geraniaceae,
Eryngium-type,,,,,,Apiaceae,
Erythranthe guttata,,,,,,Erythranthe guttata,
Eucalyptus,,,,,,Eucalyptus,
Eugenia,,,,,,Eugenia,
Eugenia-type,,,,,,Eugenia,
Euonymus,,,,,,Celastraceae,
Eupatorium,,,,,,Asteraceae:Asteroideae,
Eupatorium-type,,,,,,Asteraceae:Asteroideae,
Euphorbia,,,,,,Euphorbiaceae,
Euphorbia-type,,,,,,Euphorbiaceae,
Euphorbiaceae,,,,,,Euphorbiaceae,
Euphorbiaceae undiff.,,,,,,Euphorbiaceae,
Fabaceae,,,,,,Fabaceae,
Fabaceae (cf.Astragalus),,,,,,Fabaceae,
Fabaceae cf. Melilotus,,,,,,Fabaceae,
Fabaceae Undiff,,,,,,Fabaceae,
Fagaceae,,,,,,Fabaceae,
Fagopyrum,,,,,,Fagopyrum,
Fagus,,,,,,Fagus,
Fagus grandifolia,,,,,,Fagus,
Fagus/Nyssa,,,,,,Fagus,
Fallopia cf. F. scandens,,,,,,Polygonum-type,
Fallopia convolvulus,,,,,,Polygonum-type,
Fallopia convolvulus-type,,,,,,Polygonum-type,
Filipendula,,,,,,Filipendula,
Filipendula rubra,,,,,,Filipendula,
Forestiera,,,,,,Oleaceae,
Fouquieria,,,,,,Fouquieria,
Fragaria,,,,,,Rosaceae,
Fragaria-type,,,,,,Rosaceae,
Frangula purshiana-type,,,,,,Rhamnaceae,
Fraxinus,,,,,,Fraxinus,
Fraxinus (tetracolpate),,,,,,Fraxinus,
Fraxinus (tricolpate),,,,,,Fraxinus,
Fraxinus americana,,,,,,Fraxinus,
Fraxinus americana-type,,,,,,Fraxinus,
Fraxinus cf. F. nigra,,,,,,Fraxinus,
Fraxinus latifolia,,,,,,Fraxinus,
Fraxinus latifolia-type,,,,,,Fraxinus,
Fraxinus nigra,,,,,,Fraxinus,
Fraxinus nigra-type,,,,,,Fraxinus,
Fraxinus pennsylvanica,,,,,,Fraxinus,
Fraxinus pennsylvanica-type,,,,,,Fraxinus,
Fraxinus pennsylvanica/F. americana-type,,,,,,Fraxinus,
Fraxinus quadrangulata/F. nigra-type,,,,,,Fraxinus,
Fraxinus undiff.,,,,,,Fraxinus,
Fritillaria,,,,,,Liliaceae-type,
Fritillaria camschatcensis,,,,,,Liliaceae-type,
Froelichia-type,,,,,,Amaranthaceae,
Galium,,,,,,Rubiaceae,
Galium-type,,,,,,Rubiaceae,
Garrya,,,,,,Garrya,
Garrya-type,,,,,,Garrya,
Gaultheria,,,,,,Ericaceae,
Gaultheria procumbens,,,,,,Ericaceae,
Gaura,,,,,,Onagraceae,
Gaylussacia,,,,,,Gaylussacia,
Gentiana,,,,,,Gentianaceae,
Gentiana andrewsii-type,,,,,,Gentianaceae,
Gentiana douglasiana,,,,,,Gentianaceae,
Gentiana undiff.,,,,,,Gentianaceae,
Gentianaceae,,,,,,Gentianaceae,
Gentianaceae undiff,,,,,,Gentianaceae,
Gentianella,,,,,,Gentianaceae,
Geraniaceae,,,,,,Geraniaceae,
Geranium,,,,,,Geraniaceae,
Geum,,,,,,Rosaceae,
Geum-type,,,,,,Rosaceae,
Gilia,,,,,,Polemoniaceae,
Gilia-type,,,,,,Polemoniaceae,
Gilia aggregata,,,,,,Polemoniaceae,
Glaux maritima,,,,,,Primulaceae,
Gleditsia,,,,,,Gleditsia,
Gomphrena-type,,,,,,Gomphrena-type,
Gordonia,,,,,,Gordonia,
Gossypium,,,,,,Gossypium,
Grossulariaceae,,,,,,Grossulariaceae,
Hamamelidaceae,,,,,,Hamamelidaceae,
Hamamelis,,,,,,Hamamelidaceae,
Hedyosmum,,,,,,Hedyosmum,
Hedysarum,,,,,,Fabaceae,
Hedysarum-type,,,,,,Fabaceae,
Helianthemum,,,,,,Cistaceae,
Helianthemum-type,,,,,,Cistaceae,
Helianthus,,,,,,Asteraceae:Asteroideae,
Helianthus-type,,,,,,Asteraceae:Asteroideae,
Heliotropium,,,,,,Boraginaceae,
Heracleum,,,,,,Apiaceae,
Herniaria-type,,,,,,Caryophyllaceae,
Heuchera,,,,,,Saxifragaceae,
Heuchera-type,,,,,,Saxifragaceae,
Hippocastanoideae,,,,,,Sapindaceae subf. Hippocastanoideae,
Holodiscus,,,,,,Rosaceae,
Holodiscus-type,,,,,,Rosaceae,
Hudsonia,,,,,,Rubiaceae,
Humulus,,,,,,Cannabis/Humulus,
Humulus-type,,,,,,Cannabis/Humulus,
Humulus lupulus,,,,,,Cannabis/Humulus,
Humulus/Cannabis,,,,,,Cannabis/Humulus,
Humulus/Cannabis sativa,,,,,,Cannabis/Humulus,
Hydrophyllaceae,,,,,,Hydrophyllaceae,
Hydrophyllaceae-type,,,,,,Hydrophyllaceae,
Hydrophyllum,,,,,,Hydrophyllaceae,
Hypericum,,,,,,Guttiferae,
Hypericum-type,,,,,,Guttiferae,
Hypericum perforatum-type,,,,,,Guttiferae,
Hypoxis,,,,,,Hypoxis,
Ilex,,,,,,Ilex,
Ilex-type,,,,,,Ilex,
Ilex/Nemopanthus,,,,,,Ilex,
Ilex/Nemopanthus undiff.,,,,,,Ilex,
Illecebrum,,,,,,Saxifragaceae,
Impatiens,,,,,,Impatiens,
Impatiens capensis,,,,,,Impatiens,
Iridaceae,,,,,,Iridaceae,
Iris,,,,,,Iridaceae,
Iris versicolor,,,,,,Iridaceae,
Itea,,,,,,Itea,
Iva,,,,,,Iva-type,
Iva-type,,,,,,Iva-type,
Iva annua,,,,,,Iva-type,
Iva annua-type,,,,,,Iva-type,
Iva frutescens-type,,,,,,Iva-type,
Iva undiff.,,,,,,Iva-type,
Jasione,,,,,,Campanulaceae,
Juglandaceae,,,,,,Juglans,
Juglans,,,,,,Juglans,
Juglans cf. J. cinerea,,,,,,Juglans,
Juglans cf. J. nigra,,,,,,Juglans,
Juglans cinerea,,,,,,Juglans,
Juglans cinerea-type,,,,,,Juglans,
Juglans nigra,,,,,,Juglans,
Juglans nigra-type,,,,,,Juglans,
Juglans undiff.,,,,,,Juglans,
Juncaceae,,,,,,Juncaceae,
Juniperus,,,,,,Juniperus-type,
Juniperus-type,,,,,,Juniperus-type,
Juniperus communis,,,,,,Juniperus-type,
Juniperus communis/Thuja occidentalis-type,,,,,,Juniperus-type,
Juniperus/Calocedrus,,,,,,Juniperus-type,
Juniperus/Thuja,,,,,,Juniperus-type,
Kallstroemia,,,,,,Kallstroemia,
Kalmia,,,,,,Ericaceae,
Knautia,,,,,,Knautia,
Kochia-type,,,,,,Amaranthaceae,
Koenigia,,,,,,Koenigia islandica,
Koenigia alaskana,,,,,,Koenigia islandica,
Koenigia islandica,,,,,,Koenigia islandica,
Lactuca,,,,,,Asteraceae:Cicorioideae,
Lactuca-type,,,,,,Asteraceae:Cicorioideae,
Lagotis,,,,,,Scrophulariaceae,
Lagotis glauca,,,,,,Scrophulariaceae,
Laguncularia,,,,,,Laguncularia,
Lamiaceae,,,,,,Lamiaceae,
Lamiaceae cf. Stachys,,,,,,Lamiaceae,
Lamiaceae undiff.,,,,,,Lamiaceae,
Lamium,,,,,,Lamiaceae,
Laportea,,,,,,Urtica-type,
Laportea-type,,,,,,Urtica-type,
Larix,,,,,,Larix/Pseudotsuga,
Larix-type,,,,,,Larix/Pseudotsuga,
Larix laricina,,,,,,Larix/Pseudotsuga,
Larix/Pseudotsuga,,,,,,Larix/Pseudotsuga,
Larrea,,,,,,Rosaceae,
Lechea,,,,,,Lechea,
Ledum-type,,,,,,Ericaceae,
Leitneria floridana,,,,,,Leitneria floridana,
Leptosiphon,,,,,,Leptosiphon,
Leptospermum,,,,,,Leptospermum,
Lesquerella,,,,,,Brassicaceae,
Lewisia,,,,,,Lewisia,
Ligusticum,,,,,,Apiaceae,
Liliaceae,,,,,,Liliaceae-type,
Liliaceae-type,,,,,,Liliaceae-type,
Liliaceae undiff,,,,,,Liliaceae-type,
Lilium,,,,,,Liliaceae-type,
Lilium philadelphicum-type,,,,,,Liliaceae-type,
Limonium,,,,,,Plumbaginaceae,
Limonium cf. L. limbatum,,,,,,Plumbaginaceae,
Linaceae,,,,,,Linaceae,
Linanthus,,,,,,Polemoniaceae,
Linnaea,,,,,,Linnaea borealis,
Linnaea borealis,,,,,,Linnaea borealis,
Linum,,,,,,Linaceae,
Liquidambar,,,,,,Liquidambar,
Liquidambar styraciflua,,,,,,Liquidambar,
Liriodendron,,,,,,Liriodendron,
Liriodendron tulipifera,,,,,,Liriodendron,
Listera,,,,,,Orchidaceae,
Lithocarpus,,,,,,Lithocarpus-type,
Lithocarpus-type,,,,,,Lithocarpus-type,
Lithospermum,,,,,,Boraginaceae,
Lobelia,,,,,,Campanulaceae,
Lobelia-type,,,,,,Campanulaceae,
Lonicera,,,,,,Lonicera,
Lonicera caerulea,,,,,,Lonicera,
Lonicera involucrata,,,,,,Lonicera,
Loranthaceae,,,,,,Loranthaceae,
Lotus,,,,,,Fabaceae,
Lotus-type,,,,,,Fabaceae,
Ludwigia-type,,,,,,Onagraceae,
Lupinus,,,,,,Fabaceae,
Lupinus-type,,,,,,Fabaceae,
Lycium,,,,,,Lycium,
Lycopus,,,,,,Lamiaceae,
Lycopus-type,,,,,,Lamiaceae,
Lyonia,,,,,,Lyonia,
Lysichiton,,,,,,Lysichiton,
Lysichiton americanus,,,,,,Lysichiton,
Lysimachia,,,,,,Primulaceae,
Lysimachia quadriflora-type,,,,,,Primulaceae,
Lysimachia thyrsiflora,,,,,,Primulaceae,
Lythrum,,,,,,Lythrum,
Lythrum salicaria,,,,,,Lythrum,
Maclura,,,,,,Maclura,
Maclura-type,,,,,,Maclura,
Maclura pomifera,,,,,,Maclura,
Maclura pomifera-type,,,,,,Maclura,
Magnolia,,,,,,Magnolia,
Magnolia virginiana-type,,,,,,Magnolia,
Maianthemum,,,,,,Liliaceae-type,
Malus,,,,,,Rosaceae,
Malva,,,,,,Malvaceae,
Malvaceae,,,,,,Malvaceae,
Malvaceae sensu stricto,,,,,,Malvaceae,
Malvaceae undiff,,,,,,Malvaceae,
Medicago,,,,,,Fabaceae,
Medicago sativa,,,,,,Fabaceae,
Melampyrum,,,,,,Scrophulariaceae,
Melampyrum-type,,,,,,Scrophulariaceae,
Meliaceae/Sapotaceae,,,,,,Meliaceae/Sapotaceae,
Meliaceae/Sapotaceae undiff.,,,,,,Meliaceae/Sapotaceae,
Melilotus-type,,,,,,Fabaceae,
Menispermaceae,,,,,,Menispermaceae,
Menispermum,,,,,,Menispermaceae,
Mentha,,,,,,Lamiaceae,
Mentha-type,,,,,,Lamiaceae,
Mentha arvensis,,,,,,Lamiaceae,
Mentzelia,,,,,,Mentzelia,
Mertensia,,,,,,Boraginaceae,
Mertensia-type,,,,,,Boraginaceae,
Micranthes cf. M. punctata,,,,,,Saxifraga,
Micranthes cf. M. stellaris,,,,,,Saxifraga,
Micranthes foliolosa,,,,,,Saxifraga,
Micranthes foliolosa-type,,,,,,Saxifraga,
Micranthes hieraciifolia,,,,,,Saxifraga,
Micranthes hieraciifolia-type,,,,,,Saxifraga,
Micranthes nivalis-type,,,,,,Saxifraga,
Micranthes stellaris-type,,,,,,Saxifraga,
Microsteris,,,,,,Microsteris,
Mimosa,,,,,,Mimosa,
mimosoid clade,,,,,,mimosoid clade,
Mimulus,,,,,,Scrophulariaceae,
Mitchella repens,,,,,,Mitchella repens,
Mitella,,,,,,Saxifragaceae,
Momipites,,,,,,Momipites/Caryapollenites,
Momipites/Caryapollenites,,,,,,Momipites/Caryapollenites,
Monardella,,,,,,Lamiaceae,
Moneses uniflora,,,,,,Ericaceae,
Monimiaceae,,,,,,Monimiaceae,
Monotropa,,,,,,Monotropa,
Monotropoideae,,,,,,Monotropa,
Montia,,,,,,Montia,
Moraceae,,,,,,Moraceae,
Moraceae undiff,,,,,,Moraceae,
Morus,,,,,,Moraceae,
Morus-type,,,,,,Moraceae,
Morus rubra,,,,,,Moraceae,
Morus rubra-type,,,,,,Moraceae,
Myosotis,,,,,,Boraginaceae,
Myosotis-type,,,,,,Boraginaceae,
Myrica,,,,,,Myrica,
Myrica-type,,,,,,Myrica,
Myrica gale,,,,,,Myrica,
Myrica/Comptonia,,,,,,Myrica,
Myrica/Comptonia peregrina,,,,,,Myrica,
Myricaceae,,,,,,Myricaceae,
Myricaceae undiff.,,,,,,Myricaceae,
Myrsine,,,,,,Myrsine,
Myrtaceae,,,,,,Myrtaceae,
Myrtaceae undiff.,,,,,,Swertia,
Navarretia,,,,,,Plantago,
Nemopanthus,,,,,,Nemopanthus,
Nemopanthus mucronatus,,,,,,Nemopanthus,
Nyssa,,,,,,Nyssa,
Nyssa sylvatica,,,,,,Nyssa,
Oenothera,,,,,,Onagraceae,
Oleaceae undiff.,,,,,,Oleaceae,
onagraceae,,,,,,Onagraceae,
Onagraceae undiff.,,,,,,Onagraceae,
Ononis-type,,,,,,Fabaceae,
Oplopanax,,,,,,Oplopanax,
Oplopanax horridus,,,,,,Oplopanax,
Opuntia,,,,,,Opuntia,
Orchidaceae,,,,,,Orchidaceae,
Osmanthus,,,,,,Osmanthus,
Ostrya,,,,,,Ostrya/Carpinus,
Ostrya-type,,,,,,Ostrya/Carpinus,
Ostrya/Carpinus,,,,,,Ostrya/Carpinus,
Ostrya/Carpinus-type,,,,,,Ostrya/Carpinus,
Oxalidaceae,,,,,,Oxalidaceae,
Oxalis,,,,,,Oxalidaceae,
Oxyria,,,,,,Rumex-type,
Oxyria digyna,,,,,,Rumex-type,
Oxyria digyna-type,,,,,,Rumex-type,
Oxytropis,,,,,,Fabaceae,
Oxytropis-type,,,,,,Fabaceae,
Oxytropis maydelliana-type,,,,,,Fabaceae,
Papaver,,,,,,Papaveraceae,
Papaveraceae,,,,,,Papaveraceae,
Parietaria,,,,,,Urtica-type,
Parietaria-type,,,,,,Anacardiaceae,
Parkinsonia,,,,,,Parkinsonia,
Parnassia,,,,,,Saxifragaceae,
Parnassia palustris,,,,,,Saxifragaceae,
Paronychia,,,,,,Caryophyllaceae,
Paronychia americana,,,,,,Caryophyllaceae,
Paronychia chartacea,,,,,,Caryophyllaceae,
Parthenocissus,,,,,,Parthenocissus,
Parthenocissus-type,,,,,,Parthenocissus,
Parthenocissus vitacea,,,,,,Parthenocissus,
Pedicularis,,,,,,Pedicularis,
Pedicularis-type,,,,,,Pedicularis,
Pedicularis contorta-type,,,,,,Pedicularis,
Pedicularis groenlandica-type,,,,,,Pedicularis,
Pedicularis lanceolata,,,,,,Pedicularis,
Pedicularis langsdorffii,,,,,,Pedicularis,
Pedicularis undiff.,,,,,,Pedicularis,
Pedicularis verticillata,,,,,,Pedicularis,
Pediomelum-type,,,,,,Pediomelum-type,
Penstemon,,,,,,Scrophulariaceae,
Persicaria,,,,,,Polygonum-type,
Persicaria amphibia,,,,,,Polygonum-type,
Persicaria amphibia-type,,,,,,Polygonum-type,
Persicaria cf. P. hydropiperoides,,,,,,Polygonum-type,
Persicaria cf. P. lapathifolia,,,,,,Polygonum-type,
Persicaria hydropiper-type,,,,,,Polygonum-type,
Persicaria hydropiperoides-type,,,,,,Polygonum-type,
Persicaria lapathifolia,,,,,,Polygonum-type,
Persicaria lapathifolia-type,,,,,,Polygonum-type,
Persicaria maculosa,,,,,,Polygonum-type,
Persicaria maculosa-type,,,,,,Polygonum-type,
Phacelia,,,,,,Phacelia,
Phlox,,,,,,Phlox,
Phlox-type,,,,,,Phlox,
Phoradendron,,,,,,Phoradendron,
Physocarpus,,,,,,Rosaceae,
Picea,,,,,,Picea,
Picea cf. P. glauca,,,,,,Picea,
Picea cf. P. mariana,,,,,,Picea,
Picea det. P. glauca,,,,,,Picea,
Picea det. P. mariana,,,,,,Picea,
Picea glauca,,,,,,Picea,
Picea glauca-type,,,,,,Picea,
Picea indet.,,,,,,Picea,
Picea mariana,,,,,,Picea,
Picea mariana-type,,,,,,Picea,
Picea rubens-type,,,,,,Picea,
Picea sect. Eupicea,,,,,,Picea,
Picea sitchensis,,,,,,Picea,
Picea sp.,,,,,,Picea,
Picea undiff.,,,,,,Picea,
Picea/Pinus undiff.,,,,,,Pinaceae undiff.,
Pilea-type,,,,,,Urtica-type,
Pinaceae,,,,,,Pinaceae undiff.,
Pinaceae (vesiculate) undiff.,,,,,,Pinaceae undiff.,
Pinaceae undiff.,,,,,,Pinaceae undiff.,
Pinguicula,,,,,,Pinguicula,
Pinus,,,,,,Pinus,
Pinus (large),,,,,,Pinus,
Pinus (small),,,,,,Pinus,
Pinus albicaulis-type,,,,,,Pinus,
Pinus aristata,,,,,,Pinus,
Pinus aristata-type,,,,,,Pinus,
Pinus banksiana,,,,,,Pinus,
Pinus banksiana-type,,,,,,Pinus,
Pinus banksiana/P. resinosa,,,,,,Pinus,
Pinus clausa-type,,,,,,Pinus,
Pinus contorta,,,,,,Pinus,
Pinus contorta-type,,,,,,Pinus,
Pinus contorta/P. ponderosa,,,,,,Pinus,
Pinus det. P. banksiana/P. resinosa,,,,,,Pinus,
Pinus det. P. strobus,,,,,,Pinus,
Pinus edulis,,,,,,Pinus,
Pinus edulis-type,,,,,,Pinus,
Pinus flexilis,,,,,,Pinus,
Pinus flexilis-type,,,,,,Pinus,
Pinus indet.,,,,,,Pinus,
Pinus jeffreyi-type,,,,,,Pinus,
Pinus monticola,,,,,,Pinus,
Pinus monticola-type,,,,,,Pinus,
Pinus monticola/P. albicaulis,,,,,,Pinus,
Pinus ponderosa,,,,,,Pinus,
Pinus ponderosa-type,,,,,,Pinus,
Pinus resinosa,,,,,,Pinus,
Pinus resinosa-type,,,,,,Pinus,
Pinus rigida,,,,,,Pinus,
Pinus rigida-type,,,,,,Pinus,
Pinus strobus,,,,,,Pinus,
Pinus strobus-type,,,,,,Pinus,
Pinus subg. Pinus,,,,,,Pinus,
Pinus subg. Pinus-type,,,,,,Pinus,
Pinus subg. Pinus (large),,,,,,Pinus,
Pinus subg. Pinus (small),,,,,,Pinus,
Pinus subg. Pinus undiff.,,,,,,Pinus,
Pinus subg. Strobus,,,,,,Pinus,
Pinus subg. Strobus-type,,,,,,Pinus,
Pinus subg. Strobus (large),,,,,,Pinus,
Pinus subg. Strobus (small),,,,,,Pinus,
Pinus subg. Strobus undiff.,,,,,,Pinus,
Pinus subsect. Cembroides,,,,,,Pinus,
Pinus undiff.,,,,,,Pinus,
Pinus/Picea,,,,,,Pinaceae undiff.,
Piperaceae-type,,,,,,Piperaceae-type,
Pistacia,,,,,,Pistacia,
Planera aquatica,,,,,,Planera aquatica,
Plantaginaceae,,,,,,Plantago,
Plantaginaceae undiff.,,,,,,Plantago,
Plantago,,,,,,Plantago,
Plantago-type,,,,,,Plantago,
Plantago canescens,,,,,,Plantago,
Plantago canescens-type,,,,,,Plantago,
Plantago lanceolata,,,,,,Plantago,
Plantago lanceolata-type,,,,,,Plantago,
Plantago major,,,,,,Plantago,
Plantago major-type,,,,,,Plantago,
Plantago major/P. media,,,,,,Plantago,
Plantago maritima-type,,,,,,Plantago,
Plantago media,,,,,,Plantago,
Plantago undiff.,,,,,,Plantago,
Plantago uniflora,,,,,,Plantago,
Plantago/Thalictrum,,,,,,Plantago,
Platanaceae,,,,,,Cerealia-type,
Platanus,,,,,,Cerealia-type,
Platanus occidentalis,,,,,,Cerealia-type,
Plectritis,,,,,,Plectritis,
Poaceae,,,,,,Poaceae,
Poaceae (Cerealia-type),,,,,,Cerealia-type,
Poaceae (Cerealia),,,,,,Cerealia-type,
Poaceae (Cerealia) undiff.,,,,,,Cerealia-type,
Poaceae undiff.,,,,,,Poaceae,
Podocarpus,,,,,,Podocarpus,
Polemoniaceae,,,,,,Polemoniaceae,
Polemoniaceae undiff.,,,,,,Polemoniaceae,
Polemonium,,,,,,Polemonium,
Polygala,,,,,,Polygala,
Polygalaceae,,,,,,Polygala,
Polygonaceae,,,,,,Polygonaceae,
Polygonaceae undiff.,,,,,,Polygonum-type,
Polygonum,,,,,,Polygonum-type,
Polygonum aviculare,,,,,,Polygonum-type,
Polygonum aviculare-type,,,,,,Polygonum-type,
Polygonum californicum,,,,,,Polygonum-type,
Polygonum californicum-type,,,,,,Polygonum-type,
Polygonum delopyrum-type,,,,,,Cannabis/Humulus,
Polygonum douglasii-type,,,,,,Polygonum-type,
Polygonum fimbriatum-type,,,,,,Polygonum-type,
Polygonum fimbriatum/P. dentoceras,,,,,,Polygonum-type,
Polygonum oxyspermum-type,,,,,,Polygonum-type,
Polygonum polygamum-type,,,,,,Polygonum-type,
Polygonum ramosissimum-type,,,,,,Polygonum-type,
Polygonum sect. Duravia,,,,,,Polygonum-type,
Polygonum sensu lato,,,,,,Polygonum-type,
Polygonum sensu lato undiff.,,,,,,Polygonum-type,
Polygonum subsect. Polygonella,,,,,,Polygonum-type,
Polygonum tenue-type,,,,,,Polygonum-type,
Populus,,,,,,Populus,
Populus balsamifera,,,,,,Populus,
Populus balsamifera-type,,,,,,Populus,
Populus cf. P. tremuloides,,,,,,Populus,
Populus deltoides-type,,,,,,Populus,
Populus grandidentata-type,,,,,,Populus,
Populus tremuloides,,,,,,Populus,
Populus tremuloides-type,,,,,,Populus,
Populus trichocarpa,,,,,,Populus,
Populus trichocarpa-type,,,,,,Populus,
Populus undiff.,,,,,,Populus,
Portulaca,,,,,,Portulacaceae,
Portulacaceae,,,,,,Portulacaceae,
Potentilla,,,,,,Potentilla-type,
Potentilla-type,,,,,,Potentilla-type,
Primula,,,,,,Primulaceae,
Primula farinosa-type,,,,,,Primulaceae,
Primulaceae,,,,,,Primulaceae,
Primulaceae undiff,,,,,,Primulaceae,
Prosopis,,,,,,Fabaceae,
Prunella,,,,,,Lamiaceae,
Prunella-type,,,,,,Lamiaceae,
Prunus,,,,,,Rosaceae,
Prunus-type,,,,,,Rosaceae,
Prunus-type undiff.,,,,,,Rosaceae,
Prunus americana-type,,,,,,Rosaceae,
Prunus cf. P. serotina,,,,,,Rosaceae,
Prunus pensylvanica,,,,,,Rosaceae,
Prunus serotina,,,,,,Rosaceae,
Prunus undiff.,,,,,,Rosaceae,
Prunus virginiana,,,,,,Rosaceae,
Prunus/Amelanchier,,,,,,Rosaceae,
Prunus/Sorbus,,,,,,Rosaceae,
Pseudotsuga,,,,,,Larix/Pseudotsuga,
Pseudotsuga-type,,,,,,Larix/Pseudotsuga,
Pseudotsuga menziesii,,,,,,Larix/Pseudotsuga,
Ptelea trifoliata,,,,,,Ptelea trifoliata,
Pterocarya,,,,,,Pterocarya,
Purshia,,,,,,Rosaceae,
Purshia-type,,,,,,Rosaceae,
Pyrola,,,,,,Pyrola,
Pyrus-type,,,,,,Rosaceae,
Quercus,,,,,,Quercus,
Quercus-type,,,,,,Quercus,
Quercus chrysolepis,,,,,,Quercus,
Quercus gambelii-type,,,,,,Quercus,
Quercus garryana,,,,,,Quercus,
Quercus undiff.,,,,,,Quercus,
Quercus vaccinifolia,,,,,,Quercus,
Quercus vaccinifolia-type,,,,,,Quercus,
Ranunculaceae,,,,,,Ranunculaceae undiff.,
Ranunculaceae (pericolpate),,,,,,Ranunculaceae undiff.,
Ranunculaceae (tricolpate),,,,,,Ranunculaceae undiff.,
Ranunculaceae (tricolpate) undiff.,,,,,,Ranunculaceae undiff.,
Ranunculaceae cf. Aconitum,,,,,,Ranunculaceae undiff.,
Ranunculaceae undiff.,,,,,,Ranunculaceae undiff.,
Ranunculus,,,,,,Ranunculus-type,
Ranunculus-type,,,,,,Ranunculus-type,
Ranunculus-type undiff.,,,,,,Ranunculus-type,
Ranunculus acris-type,,,,,,Ranunculaceae undiff.,
Ranunculus orthorhynchus,,,,,,Ranunculus-type,
Ranunculus pensylvanicus-type,,,,,,Ranunculus-type,
Ranunculus sect. Batrachium-type,,,,,,delete,
Ranunculus sp.,,,,,,Ranunculus-type,
Ranunculus undiff.,,,,,,Ranunculus-type,
Resedaceae,,,,,,Resedaceae,
Rhamnaceae,,,,,,Rhamnaceae,
Rhamnaceae undiff.,,,,,,Rhamnaceae,
Rhamnaceae/Vitaceae,,,,,,Rhamnaceae,
Rhamnaceae/Vitaceae undiff.,,,,,,Rhamnaceae,
Rhamnus,,,,,,Rhamnaceae,
Rhamnus alnifolia,,,,,,Rhamnaceae,
Rhamnus alnifolia/Frangula alnus,,,,,,Rhamnaceae,
Rhamnus cathartica,,,,,,Rhamnaceae,
Rhamnus/Vitis,,,,,,Rhamnaceae,
Rhamnus/Vitis undiff.,,,,,,Rhamnaceae,
Rhexia,,,,,,Rhexia,
Rhexia-type,,,,,,Rhexia,
Rhizophora,,,,,,Rhizophora,
Rhododendron,,,,,,Ericaceae,
Rhododendron-type,,,,,,Ericaceae,
Rhododendron canadense,,,,,,Ericaceae,
Rhododendron subsect. Ledum,,,,,,Ericaceae,
Rhododendron subsect. Ledum-type,,,,,,Ericaceae,
Rhododendron subsect. Ledum/Chamaedaphne,,,,,,Ericaceae,
Rhododendron subsect. Ledum/Chamaedaphne calyculata,,,,,,Ericaceae,
Rhus,,,,,,Anacardiaceae,
Rhus typhina,,,,,,Anacardiaceae,
Rhus typhina-type,,,,,,Anacardiaceae,
Rhus/Toxicodendron,,,,,,Anacardiaceae,
Rhus/Toxicodendron cf. T. radicans,,,,,,Anacardiaceae,
Ribes,,,,,,Ribes-type,
Ribes-type,,,,,,Ribes-type,
Ribes aureum,,,,,,Ribes-type,
Ribes lacustre,,,,,,Ribes-type,
Ribes montigenum,,,,,,Ribes-type,
Ribes undiff.,,,,,,Ribes-type,
Robinia,,,,,,Fabaceae,
Rosa,,,,,,Rosaceae,
Rosa-type,,,,,,Rosaceae,
Rosaceae,,,,,,Rosaceae,
Rosaceae (<20 µm),,,,,,Rosaceae,
Rosaceae (>20 µm),,,,,,Rosaceae,
Rosaceae (trees),,,,,,Rosaceae,
Rosaceae cf. Adenostoma,,,,,,Rosaceae,
Rosaceae cf. Holodiscus,,,,,,Rosaceae,
Rosaceae cf. Prunus serotina,,,,,,Rosaceae,
Rosaceae undiff.,,,,,,Rosaceae,
Rosaceae/Quercus undiff.,,,,,,Taxon aggregates,
Rubiaceae,,,,,,Rubiaceae,
Rubiaceae undiff,,,,,,Rubiaceae,
Rubus,,,,,,Rosaceae,
Rubus-type,,,,,,Rosaceae,
Rubus-type undiff.,,,,,,Rosaceae,
Rubus arcticus,,,,,,Rosaceae,
Rubus cf. R. chamaemorus,,,,,,Rosaceae,
Rubus chamaemorus,,,,,,Rosaceae,
Rumex,,,,,,Rumex-type,
Rumex-type,,,,,,Rumex-type,
Rumex-type undiff.,,,,,,Rumex-type,
Rumex acetosa-type,,,,,,Rumex-type,
Rumex acetosella,,,,,,Rumex-type,
Rumex acetosella-type,,,,,,Rumex-type,
Rumex mexicanus,,,,,,Rumex-type,
Rumex undiff.,,,,,,Rumex-type,
Rumex/Oxyria,,,,,,Rumex-type,
Rumex/Oxyria digyna,,,,,,Rumex-type,
Rumex/Oxyria digyna undiff.,,,,,,Rumex-type,
Rutaceae,,,,,,Rutaceae,
Rutaceae undiff,,,,,,Rutaceae,
Sabal,,,,,,Sabal,
Sagina,,,,,,Caryophyllaceae,
Salix,,,,,,Salix,
Salix-type,,,,,,Salix,
Salix herbacea,,,,,,Salix,
Salix herbacea-type,,,,,,Salix,
Salix reticulata-type,,,,,,Salix,
Salix sp.,,,,,,Salix,
Salix undiff.,,,,,,Salix,
Salix vestita-type,,,,,,Salix,
Salsola,,,,,,Salsola,
Salsola-type,,,,,,Salsola,
Sambucus,,,,,,Sambucus,
Sambucus-type,,,,,,Sambucus,
Sambucus nigra-type,,,,,,Sambucus,
Sambucus racemosa,,,,,,Sambucus,
Sambucus undiff.,,,,,,Sambucus,
Sanguinaria canadensis,,,,,,Papaveraceae,
Sanguisorba,,,,,,Rosaceae,
Sanguisorba-type,,,,,,Rosaceae,
Sanguisorba canadensis,,,,,,Rosaceae,
Sanguisorba stipulata,,,,,,Rosaceae,
Sapindaceae,,,,,,Sapindaceae,
Sapindaceae undiff,,,,,,Sapindaceae,
Sapindus,,,,,,Sapindaceae subf. Hippocastanoideae,
Sarcobatus,,,,,,Sarcobatus vermiculatus,
Sarcobatus vermiculatus,,,,,,Sarcobatus vermiculatus,
Saussurea,,,,,,Asteraceae:Asteroideae,
Saxifraga,,,,,,Saxifraga,
Saxifraga-type,,,,,,Saxifraga,
Saxifraga cernua,,,,,,Saxifraga,
Saxifraga cernua-type,,,,,,Saxifraga,
Saxifraga cf. S. hirculus,,,,,,Saxifraga,
Saxifraga hirculus,,,,,,Saxifraga,
Saxifraga oppositifolia,,,,,,Saxifraga,
Saxifraga oppositifolia-type,,,,,,Saxifraga,
Saxifraga tricuspidata,,,,,,Saxifraga,
Saxifraga tricuspidata-type,,,,,,Saxifraga,
Saxifraga undiff.,,,,,,Saxifraga,
Saxifragaceae,,,,,,Saxifragaceae,
Saxifragaceae-type,,,,,,Saxifragaceae,
Saxifragaceae undiff.,,,,,,Saxifragaceae,
Scrophulariaceae,,,,,,Scrophulariaceae,
Scrophulariaceae-type,,,,,,Scrophulariaceae,
Scrophulariaceae undiff.,,,,,,Scrophulariaceae,
Scutellaria-type,,,,,,Lamiaceae,
Scutellaria galericulata,,,,,,Lamiaceae,
Secale,,,,,,Cerealia-type,
Secale-type,,,,,,Cerealia-type,
Secale cereale,,,,,,Cerealia-type,
Sedum,,,,,,Crassulaceae,
Selinum,,,,,,Apiaceae,
Senecio,,,,,,Asteraceae:Asteroideae,
Senecio/Arctium,,,,,,Asteraceae:Asteroideae,
Sequoia,,,,,,Sequoia,
Sequoiadendron,,,,,,Sequoiadendron,
Serenoa,,,,,,Serenoa,
Shepherdia,,,,,,Shepherdia,
Shepherdia argentea,,,,,,Shepherdia argentea,
Shepherdia canadensis,,,,,,Shepherdia canadensis,
Shepherdia canadensis-type,,,,,,Shepherdia canadensis,
Silene,,,,,,Caryophyllaceae,
Silene dioica-type,,,,,,Caryophyllaceae,
Simmondsia chinensis,,,,,,Simmondsia chinensis,
Sisyrinchium,,,,,,Iridaceae,
Sisyrinchium-type,,,,,,Iridaceae,
Sium,,,,,,Apiaceae,
Smilacaceae,,,,,,Smilax,
Smilax,,,,,,Smilax,
Solanaceae,,,,,,Solanaceae,
Solanaceae-type,,,,,,Solanaceae,
Solanaceae (undiff.),,,,,,Solanaceae,
Solanum,,,,,,Solanaceae,
Solanum dulcamara,,,,,,Solanaceae,
Solanum rostratum,,,,,,Solanaceae,
Solidago,,,,,,Asteraceae:Asteroideae,
Solidago-type,,,,,,Asteraceae:Asteroideae,
Solidago canadensis,,,,,,Asteraceae:Asteroideae,
Sorbus,,,,,,Rosaceae,
Spermatophyta undiff. (shrubs),,,,,,Taxon aggregates,
Spermatophyta undiff. (trees),,,,,,Taxon aggregates,
Spermatophyta undiff. (trees/shrubs),,,,,,Taxon aggregates,
Sphaeralcea,,,,,,Sphaeralcea,
Sphaeralcea-type,,,,,,Sphaeralcea,
Spiraea,,,,,,Filipendula,
Spiraea-type,,,,,,Filipendula,
Stachys,,,,,,Lamiaceae,
Stachys-type,,,,,,Lamiaceae,
Stachys sylvatica-type,,,,,,Lamiaceae,
Stellaria,,,,,,Caryophyllaceae,
Stellaria-type,,,,,,Caryophyllaceae,
Styloceras,,,,,,Styloceras,
Suaeda calceoliformis,,,,,,Amaranthaceae,
Swertia,,,,,,Gentianaceae,
Symphoricarpos,,,,,,Symphoricarpos,
Symphoricarpos-type,,,,,,Symphoricarpos,
Symphoricarpos albus,,,,,,Symphoricarpos,
Symphoricarpos occidentalis,,,,,,Symphoricarpos,
Symplocos,,,,,,Symplocos,
Syringa vulgaris,,,,,,Syringa vulgaris,
Taraxacum,,,,,,Asteraceae:Cicorioideae,
Taraxacum-type,,,,,,Asteraceae:Cicorioideae,
Taxaceae,,,,,,Taxaceae,
Taxodium,,,,,,Taxodium-type,
Taxodium-type,,,,,,Taxodium-type,
Taxus,,,,,,Taxus,
Taxus-type,,,,,,Taxus,
Taxus brevifolia,,,,,,Taxus,
Taxus canadensis,,,,,,Taxus,
Thalictrum,,,,,,Ranunculaceae undiff.,
Thalictrum/Coptis,,,,,,Ranunculaceae undiff.,
Thuja,,,,,,Juniperus-type,
Thuja-type,,,,,,Juniperus-type,
Thuja plicata-type,,,,,,Juniperus-type,
Tidestromia,,,,,,Tidestromia,
Tidestromia-type,,,,,,Tidestromia,
Tilia,,,,,,Tilia,
Tilia americana,,,,,,Tilia,
Tillandsia,,,,,,Tillandsia,
Tofieldia,,,,,,Tofieldia,
Toxicodendron,,,,,,Anacardiaceae,
Toxicodendron radicans,,,,,,Anacardiaceae,
Toxicodendron radicans-type,,,,,,Anacardiaceae,
Tradescantia,,,,,,Commelinaceae,
Trema,,,,,,Trema,
Triantha glutinosa,,,,,,Tofieldia,
Tribulus,,,,,,Tribulus,
Trientalis,,,,,,Primulaceae,
Trifolium,,,,,,Fabaceae,
Trifolium-type,,,,,,Fabaceae,
Trifolium pratense,,,,,,Fabaceae,
Trifolium repens,,,,,,Fabaceae,
Trifolium repens-type,,,,,,Fabaceae,
Trillium,,,,,,Liliaceae-type,
Triticum,,,,,,Cerealia-type,
Triticum-type,,,,,,Cerealia-type,
Trixis,,,,,,Asteraceae:Asteroideae,
Tsuga,,,,,,Tsuga,
Tsuga canadensis,,,,,,Tsuga,
Tsuga canadensis-type,,,,,,Tsuga,
Tsuga heterophylla,,,,,,Tsuga,
Tsuga mertensiana,,,,,,Tsuga,
Tsuga undiff.,,,,,,Tsuga,
Ulmaceae,,,,,,Ulmaceae,
Ulmus,,,,,,Ulmus,
Ulmus americana,,,,,,Ulmus,
Urtica,,,,,,Urtica-type,
Urtica-type,,,,,,Urtica-type,
Urtica dioica-type,,,,,,Urtica-type,
Urticaceae,,,,,,Urtica-type,
Urticaceae undiff.,,,,,,Urtica-type,
Urticaceae/Moraceae,,,,,,Urtica-type,
Urticalean Rosids,,,,,,Urticalean Rosids,
Urticalean Rosids undiff.,,,,,,Urticalean Rosids,
Vaccinium,,,,,,Ericaceae,
Vaccinium-type,,,,,,Ericaceae,
Vaccinium angustifolium-type,,,,,,Ericaceae,
Vaccinium macrocarpon-type,,,,,,Ericaceae,
Vaccinium oxycoccos,,,,,,Ericaceae,
Vaccinium uliginosum-type,,,,,,Ericaceae,
Vaccinium undiff.,,,,,,Ericaceae,
Valeriana,,,,,,Valeriana,
Valeriana-type,,,,,,Valeriana,
Valeriana sitchensis,,,,,,Valeriana,
Valerianella-type,,,,,,Valerianella-type,
Valerianoideae,,,,,,Valeriana,
Veratrum,,,,,,Liliaceae-type,
Verbena,,,,,,Verbenaceae,
Verbenaceae,,,,,,Verbenaceae,
Veronica,,,,,,Scrophulariaceae,
Veronica-type,,,,,,Scrophulariaceae,
Viburnum,,,,,,Viburnum,
Viburnum-type,,,,,,Viburnum,
Viburnum alnifolium,,,,,,Viburnum,
Viburnum edule,,,,,,Viburnum,
Viburnum lentago,,,,,,Viburnum,
Viburnum nudum,,,,,,Viburnum,
Viburnum opulus,,,,,,Viburnum,
Viburnum opulus-type,,,,,,Viburnum,
Viburnum rafinesquianum-type,,,,,,Viburnum,
Viburnum undiff.,,,,,,Viburnum,
Vicia-type,,,,,,Fabaceae,
Viola,,,,,,Violaceae,
Violaceae,,,,,,Violaceae,
Violaceae undiff.,,,,,,Violaceae,
Viscaceae sensu stricto,,,,,,Viscaceae sensu stricto undiff.,
Viscaceae sensu stricto undiff.,,,,,,Viscaceae sensu stricto undiff.,
Vitaceae,,,,,,Vitaceae,
Vitis,,,,,,Vitis,
Xanthium,,,,,,Xanthium-type,
Xanthium-type,,,,,,Xanthium-type,
Ximenia,,,,,,Ximenia,
Xyris,,,,,,Xyris,
Yucca,,,,,,Yucca,
Zanthoxylum,,,,,,Rutaceae,
Zanthoxylum-type,,,,,,Rutaceae,
Zanthoxylum americanum,,,,,,Rutaceae,
Zea,,,,,,Zea mays,
Zea mays,,,,,,Zea mays,
Zigadenus,,,,,,Liliaceae-type,
Zygophyllaceae,,,,,,Zygophyllaceae,
