taxon_name,level_1,level_2,level_3,level_4,level_5,level_6,level_7,Pollen_type
Abies,Plantae,Tracheophyta,Pinopsida,Pinales,Pinaceae,Abies,NA,Abies
Acer negundo-type,Plantae,Tracheophyta,Magnoliopsida,Sapindales,Sapindaceae,Acer,NA,Acer
Acer rubrum,Plantae,Tracheophyta,Magnoliopsida,Sapindales,Sapindaceae,Acer,Acer rubrum,Acer
Acer saccharum-type,Plantae,Tracheophyta,Magnoliopsida,Sapindales,Sapindaceae,Acer,NA,Acer
Acer undiff.,Plantae,Tracheophyta,Magnoliopsida,Sapindales,Sapindaceae,Acer,NA,Acer
Alnus incana-type,Plantae,Tracheophyta,Magnoliopsida,Fagales,Betulaceae,Alnus,NA,Alnus
Amaranthaceae undiff.,Plantae,Tracheophyta,Magnoliopsida,Caryophyllales,Amaranthaceae,Amaranthaceae,NA,Amaranthaceae
Anacardiaceae undiff.,Plantae,Tracheophyta,Magnoliopsida,Sapindales,Anacardiaceae,Anacardiaceae,NA,Anacardiaceae
Apiaceae,Plantae,Tracheophyta,Magnoliopsida,Apiales,Apiaceae,Apiaceae,NA,Apiaceae
Apocynum,Plantae,Tracheophyta,Magnoliopsida,Gentianales,Apocynaceae,Apocynum,NA,Apocynum
Arecaceae undiff.,Plantae,Tracheophyta,Liliopsida,Arecales,Arecaceae,Arecaceae,NA,Arecaceae
Artemisia,Plantae,Tracheophyta,Magnoliopsida,Asterales,Asteraceae,Artemisia,NA,Artemisia
Berberidaceae,Plantae,Tracheophyta,Magnoliopsida,Ranunculales,Berberidaceae,Berberidaceae,NA,Berberidaceae
Beta vulgaris-type,Plantae,Tracheophyta,Magnoliopsida,Caryophyllales,Amaranthaceae,Beta,NA,Beta
Betula,Plantae,Tracheophyta,Magnoliopsida,Fagales,Betulaceae,Betula,NA,Betula
Brassica,Plantae,Tracheophyta,Magnoliopsida,Brassicales,Brassicaceae,Brassica,NA,Brassica
Brassicaceae undiff.,Plantae,Tracheophyta,Magnoliopsida,Brassicales,Brassicaceae,Brassicaceae,NA,Brassicaceae
Bromeliaceae,Plantae,Tracheophyta,Liliopsida,Poales,Bromeliaceae,Bromeliaceae,NA,Bromeliaceae
Bursera,Plantae,Tracheophyta,Magnoliopsida,Sapindales,Burseraceae,Bursera,NA,Bursera
Byrsonima,Plantae,Tracheophyta,Magnoliopsida,Malpighiales,Malpighiaceae,Byrsonima,NA,Byrsonima
Campanulaceae,Plantae,Tracheophyta,Magnoliopsida,Asterales,Campanulaceae,Campanulaceae,NA,Campanulaceae
Carya,Plantae,Tracheophyta,Magnoliopsida,Fagales,Juglandaceae,Carya,NA,Carya
Caryophyllaceae,Plantae,Tracheophyta,Magnoliopsida,Caryophyllales,Caryophyllaceae,Caryophyllaceae,NA,Caryophyllaceae
Ceanothus,Plantae,Tracheophyta,Magnoliopsida,Rosales,Rhamnaceae,Ceanothus,NA,Ceanothus
Cedrus,Plantae,Tracheophyta,Pinopsida,Pinales,Pinaceae,Cedrus,NA,Cedrus
Celtis,Plantae,Tracheophyta,Magnoliopsida,Rosales,Cannabaceae,Celtis,NA,Celtis
Cephalanthus,Plantae,Tracheophyta,Magnoliopsida,Gentianales,Rubiaceae,Cephalanthus,NA,Cephalanthus
Ceratiola ericoides-type,Plantae,Tracheophyta,Magnoliopsida,Ericales,Ericaceae,Ceratiola,NA,Ceratiola
Chamaecrista fasciculata-type,Plantae,Tracheophyta,Magnoliopsida,Fabales,Fabaceae,Chamaecrista,NA,Chamaecrista
Cistaceae,Plantae,Tracheophyta,Magnoliopsida,Malvales,Cistaceae,Cistaceae,NA,Cistaceae
Clethra,Plantae,Tracheophyta,Magnoliopsida,Ericales,Clethraceae,Clethra,NA,Clethra
Corylus,Plantae,Tracheophyta,Magnoliopsida,Fagales,Betulaceae,Corylus,NA,Corylus
Cupressaceae undiff.,Plantae,Tracheophyta,Pinopsida,Pinales,Cupressaceae,Cupressaceae,NA,Cupressaceae
Cyclachaena xanthiifolia-type,Plantae,Tracheophyta,Magnoliopsida,Asterales,Asteraceae,Cyclachaena,NA,Cyclachaena
Cyperaceae,Plantae,Tracheophyta,Liliopsida,Poales,Cyperaceae,Cyperaceae,NA,Cyperaceae
Cyrilla racemiflora,Plantae,Tracheophyta,Magnoliopsida,Ericales,Cyrillaceae,Cyrilla,Cyrilla racemiflora,Cyrilla
Dalea,Plantae,Tracheophyta,Magnoliopsida,Fabales,Fabaceae,Dalea,NA,Dalea
Dalea candida-type,Plantae,Tracheophyta,Magnoliopsida,Fabales,Fabaceae,Dalea,NA,Dalea
Dalea purpurea,Plantae,Tracheophyta,Magnoliopsida,Fabales,Fabaceae,Dalea,Dalea purpurea,Dalea
Dalea undiff.,Plantae,Tracheophyta,Magnoliopsida,Fabales,Fabaceae,Dalea,NA,Dalea
Dodonaea,Plantae,Tracheophyta,Magnoliopsida,Sapindales,Sapindaceae,Dodonaea,NA,Dodonaea
Ericaceae,Plantae,Tracheophyta,Magnoliopsida,Ericales,Ericaceae,Ericaceae,NA,Ericaceae
Euphorbia,Plantae,Tracheophyta,Magnoliopsida,Malpighiales,Euphorbiaceae,Euphorbia,NA,Euphorbia
Fabaceae undiff.,Plantae,Tracheophyta,Magnoliopsida,Fabales,Fabaceae,Fabaceae,NA,Fabaceae
Fagus,Plantae,Tracheophyta,Magnoliopsida,Fagales,Fagaceae,Fagus,NA,Fagus
Fraxinus nigra-type,Plantae,Tracheophyta,Magnoliopsida,Lamiales,Oleaceae,Fraxinus,NA,Fraxinus
Fraxinus pennsylvanica-type,Plantae,Tracheophyta,Magnoliopsida,Lamiales,Oleaceae,Fraxinus,NA,Fraxinus
Fraxinus undiff.,Plantae,Tracheophyta,Magnoliopsida,Lamiales,Oleaceae,Fraxinus,NA,Fraxinus
Galium,Plantae,Tracheophyta,Magnoliopsida,Gentianales,Rubiaceae,Galium,NA,Galium
Gentiana andrewsii-type,Plantae,Tracheophyta,Magnoliopsida,Gentianales,Gentianaceae,Gentiana,NA,Gentiana
Gentianaceae undiff.,Plantae,Tracheophyta,Magnoliopsida,Gentianales,Gentianaceae,Gentianaceae,NA,Gentianaceae
Gordonia,Plantae,Tracheophyta,Magnoliopsida,Ericales,Theaceae,Gordonia,NA,Gordonia
Hedyosmum,Plantae,Tracheophyta,Magnoliopsida,Chloranthales,Chloranthaceae,Hedyosmum,NA,Hedyosmum
Hedysarum,Plantae,Tracheophyta,Magnoliopsida,Fabales,Fabaceae,Hedysarum,NA,Hedysarum
Ilex,Plantae,Tracheophyta,Magnoliopsida,Aquifoliales,Aquifoliaceae,Ilex,NA,Ilex
Impatiens,Plantae,Tracheophyta,Magnoliopsida,Ericales,Balsaminaceae,Impatiens,NA,Impatiens
Iva frutescens-type,Plantae,Tracheophyta,Magnoliopsida,Asterales,Asteraceae,Iva,NA,Iva
Juglans nigra-type,Plantae,Tracheophyta,Magnoliopsida,Fagales,Juglandaceae,Juglans,NA,Juglans
Lamiaceae,Plantae,Tracheophyta,Magnoliopsida,Lamiales,Lamiaceae,Lamiaceae,NA,Lamiaceae
Lechea,Plantae,Tracheophyta,Magnoliopsida,Malvales,Cistaceae,Lechea,NA,Lechea
Liquidambar,Plantae,Tracheophyta,Magnoliopsida,Saxifragales,Altingiaceae,Liquidambar,NA,Liquidambar
Magnolia,Plantae,Tracheophyta,Magnoliopsida,Magnoliales,Magnoliaceae,Magnolia,NA,Magnolia
Malvaceae,Plantae,Tracheophyta,Magnoliopsida,Malvales,Malvaceae,Malvaceae,NA,Malvaceae
Moraceae undiff.,Plantae,Tracheophyta,Magnoliopsida,Rosales,Moraceae,Moraceae,NA,Moraceae
Morus,Plantae,Tracheophyta,Magnoliopsida,Rosales,Moraceae,Morus,NA,Morus
Myrica,Plantae,Tracheophyta,Magnoliopsida,Fagales,Myricaceae,Myrica,NA,Myrica
Myrtaceae undiff.,Plantae,Tracheophyta,Magnoliopsida,Myrtales,Myrtaceae,Myrtaceae,NA,Myrtaceae
Nyssa,Plantae,Tracheophyta,Magnoliopsida,Cornales,Nyssaceae,Nyssa,NA,Nyssa
Onagraceae,Plantae,Tracheophyta,Magnoliopsida,Myrtales,Onagraceae,Onagraceae,NA,Onagraceae
Opuntia,Plantae,Tracheophyta,Magnoliopsida,Caryophyllales,Cactaceae,Opuntia,NA,Opuntia
Orchidaceae,Plantae,Tracheophyta,Liliopsida,Asparagales,Orchidaceae,Orchidaceae,NA,Orchidaceae
Osmanthus,Plantae,Tracheophyta,Magnoliopsida,Lamiales,Oleaceae,Osmanthus,NA,Osmanthus
Paronychia americana,Plantae,Tracheophyta,Magnoliopsida,Caryophyllales,Caryophyllaceae,Paronychia,Paronychia americana,Paronychia
Paronychia chartacea,Plantae,Tracheophyta,Magnoliopsida,Caryophyllales,Caryophyllaceae,Paronychia,Paronychia chartacea,Paronychia
Parthenocissus,Plantae,Tracheophyta,Magnoliopsida,Vitales,Vitaceae,Parthenocissus,NA,Parthenocissus
Persicaria amphibia,Plantae,Tracheophyta,Magnoliopsida,Caryophyllales,Polygonaceae,Persicaria,Persicaria amphibia,Persicaria
Phoradendron,Plantae,Tracheophyta,Magnoliopsida,Santalales,Viscaceae,Phoradendron,NA,Phoradendron
Picea,Plantae,Tracheophyta,Pinopsida,Pinales,Pinaceae,Picea,NA,Picea
Pinaceae (vesiculate) undiff.,Plantae,Tracheophyta,Pinopsida,Pinales,Pinaceae,Pinaceae,NA,Pinaceae
Pinus subg. Pinus,Plantae,Tracheophyta,Pinopsida,Pinales,Pinaceae,Pinus,NA,Pinus
Pinus subg. Strobus,Plantae,Tracheophyta,Pinopsida,Pinales,Pinaceae,Pinus,NA,Pinus
Pinus undiff.,Plantae,Tracheophyta,Pinopsida,Pinales,Pinaceae,Pinus,NA,Pinus
Plantago,Plantae,Tracheophyta,Magnoliopsida,Lamiales,Plantaginaceae,Plantago,NA,Plantago
Platanus,Plantae,Tracheophyta,Magnoliopsida,Proteales,Platanaceae,Platanus,NA,Platanus
Poaceae,Plantae,Tracheophyta,Liliopsida,Poales,Poaceae,Poaceae,NA,Poaceae
Podocarpus,Plantae,Tracheophyta,Pinopsida,Pinales,Podocarpaceae,Podocarpus,NA,Podocarpus
Polygalaceae,Plantae,Tracheophyta,Magnoliopsida,Fabales,Polygalaceae,Polygalaceae,NA,Polygalaceae
Polygonum delopyrum-type,Plantae,Tracheophyta,Magnoliopsida,Caryophyllales,Polygonaceae,Polygonum,NA,Polygonum
Polygonum fimbriatum-type,Plantae,Tracheophyta,Magnoliopsida,Caryophyllales,Polygonaceae,Polygonum,NA,Polygonum
Polygonum polygamum-type,Plantae,Tracheophyta,Magnoliopsida,Caryophyllales,Polygonaceae,Polygonum,NA,Polygonum
Polygonum tenue-type,Plantae,Tracheophyta,Magnoliopsida,Caryophyllales,Polygonaceae,Polygonum,NA,Polygonum
Populus,Plantae,Tracheophyta,Magnoliopsida,Malpighiales,Salicaceae,Populus,NA,Populus
Quercus,Plantae,Tracheophyta,Magnoliopsida,Fagales,Fagaceae,Quercus,NA,Quercus
Ranunculaceae undiff.,Plantae,Tracheophyta,Magnoliopsida,Ranunculales,Ranunculaceae,Ranunculaceae,NA,Ranunculaceae
Rhamnaceae undiff.,Plantae,Tracheophyta,Magnoliopsida,Rosales,Rhamnaceae,Rhamnaceae,NA,Rhamnaceae
Rhus,Plantae,Tracheophyta,Magnoliopsida,Sapindales,Anacardiaceae,Rhus,NA,Rhus
Rosaceae undiff.,Plantae,Tracheophyta,Magnoliopsida,Rosales,Rosaceae,Rosaceae,NA,Rosaceae
Rubiaceae undiff.,Plantae,Tracheophyta,Magnoliopsida,Gentianales,Rubiaceae,Rubiaceae,NA,Rubiaceae
Rumex,Plantae,Tracheophyta,Magnoliopsida,Caryophyllales,Polygonaceae,Rumex,NA,Rumex
Rutaceae undiff.,Plantae,Tracheophyta,Magnoliopsida,Sapindales,Rutaceae,Rutaceae,NA,Rutaceae
Sabal,Plantae,Tracheophyta,Liliopsida,Arecales,Arecaceae,Sabal,NA,Sabal
Salix,Plantae,Tracheophyta,Magnoliopsida,Malpighiales,Salicaceae,Salix,NA,Salix
Sambucus,Plantae,Tracheophyta,Magnoliopsida,Dipsacales,Viburnaceae,Sambucus,NA,Sambucus
Sanguisorba,Plantae,Tracheophyta,Magnoliopsida,Rosales,Rosaceae,Sanguisorba,NA,Sanguisorba
Sapindus,Plantae,Tracheophyta,Magnoliopsida,Sapindales,Sapindaceae,Sapindus,NA,Sapindus
Serenoa,Plantae,Tracheophyta,Liliopsida,Arecales,Arecaceae,Serenoa,NA,Serenoa
Shepherdia canadensis,Plantae,Tracheophyta,Magnoliopsida,Rosales,Elaeagnaceae,Shepherdia,Shepherdia canadensis,Shepherdia
Sisyrinchium,Plantae,Tracheophyta,Liliopsida,Asparagales,Iridaceae,Sisyrinchium,NA,Sisyrinchium
Solanaceae undiff.,Plantae,Tracheophyta,Magnoliopsida,Solanales,Solanaceae,Solanaceae,NA,Solanaceae
Solanum rostratum,Plantae,Tracheophyta,Magnoliopsida,Solanales,Solanaceae,Solanum,Solanum angustifolium,Solanum
Symplocos,Plantae,Tracheophyta,Magnoliopsida,Ericales,Symplocaceae,Symplocos,NA,Symplocos
Taxodium,Plantae,Tracheophyta,Pinopsida,Pinales,Cupressaceae,Taxodium,NA,Taxodium
Taxus,Plantae,Tracheophyta,Pinopsida,Pinales,Taxaceae,Taxus,NA,Taxus
Thalictrum,Plantae,Tracheophyta,Magnoliopsida,Ranunculales,Ranunculaceae,Thalictrum,NA,Thalictrum
Tilia,Plantae,Tracheophyta,Magnoliopsida,Malvales,Malvaceae,Tilia,NA,Tilia
Tillandsia,Plantae,Tracheophyta,Liliopsida,Poales,Bromeliaceae,Tillandsia,NA,Tillandsia
Trema,Plantae,Tracheophyta,Magnoliopsida,Rosales,Cannabaceae,Trema,NA,Trema
Trifolium repens-type,Plantae,Tracheophyta,Magnoliopsida,Fabales,Fabaceae,Trifolium,NA,Trifolium
Tsuga,Plantae,Tracheophyta,Pinopsida,Pinales,Pinaceae,Tsuga,NA,Tsuga
Ulmus,Plantae,Tracheophyta,Magnoliopsida,Rosales,Ulmaceae,Ulmus,NA,Ulmus
Urticaceae undiff.,Plantae,Tracheophyta,Magnoliopsida,Rosales,Urticaceae,Urticaceae,NA,Urticaceae
Viburnum,Plantae,Tracheophyta,Magnoliopsida,Dipsacales,Viburnaceae,Viburnum,NA,Viburnum
Vitis,Plantae,Tracheophyta,Magnoliopsida,Vitales,Vitaceae,Vitis,NA,Vitis
Xanthium,Plantae,Tracheophyta,Magnoliopsida,Asterales,Asteraceae,Xanthium,NA,Xanthium
Ximenia,Plantae,Tracheophyta,Magnoliopsida,Santalales,Ximeniaceae,Ximenia,NA,Ximenia
Xyris,Plantae,Tracheophyta,Liliopsida,Poales,Xyridaceae,Xyris,NA,Xyris
Alnus incana,Plantae,Tracheophyta,Magnoliopsida,Fagales,Betulaceae,Alnus,Alnus incana,Alnus
Alnus undiff.,Plantae,Tracheophyta,Magnoliopsida,Fagales,Betulaceae,Alnus,NA,Alnus
Amaranthaceae,Plantae,Tracheophyta,Magnoliopsida,Caryophyllales,Amaranthaceae,Amaranthaceae,NA,Amaranthaceae
Amelanchier,Plantae,Tracheophyta,Magnoliopsida,Rosales,Rosaceae,Amelanchier,NA,Amelanchier
Arceuthobium,Plantae,Tracheophyta,Magnoliopsida,Santalales,Viscaceae,Arceuthobium,NA,Arceuthobium
Brassicaceae,Plantae,Tracheophyta,Magnoliopsida,Brassicales,Brassicaceae,Brassicaceae,NA,Brassicaceae
Ephedra,Plantae,Tracheophyta,Gnetopsida,Ephedrales,Ephedraceae,Ephedra,NA,Ephedra
Eriogonum,Plantae,Tracheophyta,Magnoliopsida,Caryophyllales,Polygonaceae,Eriogonum,NA,Eriogonum
Fabaceae,Plantae,Tracheophyta,Magnoliopsida,Fabales,Fabaceae,Fabaceae,NA,Fabaceae
Fraxinus,Plantae,Tracheophyta,Magnoliopsida,Lamiales,Oleaceae,Fraxinus,NA,Fraxinus
Juniperus,Plantae,Tracheophyta,Pinopsida,Pinales,Cupressaceae,Juniperus,NA,Juniperus
Pinus albicaulis-type,Plantae,Tracheophyta,Pinopsida,Pinales,Pinaceae,Pinus,NA,Pinus
Pinus contorta-type,Plantae,Tracheophyta,Pinopsida,Pinales,Pinaceae,Pinus,NA,Pinus
Polygonaceae undiff.,Plantae,Tracheophyta,Magnoliopsida,Caryophyllales,Polygonaceae,Polygonaceae,NA,Polygonaceae
Potentilla,Plantae,Tracheophyta,Magnoliopsida,Rosales,Rosaceae,Potentilla,NA,Potentilla
Pseudotsuga,Plantae,Tracheophyta,Pinopsida,Pinales,Pinaceae,Pseudotsuga,NA,Pseudotsuga
Sarcobatus,Plantae,Tracheophyta,Magnoliopsida,Caryophyllales,Sarcobataceae,Sarcobatus,NA,Sarcobatus
Sphaeralcea,Plantae,Tracheophyta,Magnoliopsida,Malvales,Malvaceae,Sphaeralcea,NA,Sphaeralcea
Acer,Plantae,Tracheophyta,Magnoliopsida,Sapindales,Sapindaceae,Acer,NA,Acer
Alnus,Plantae,Tracheophyta,Magnoliopsida,Fagales,Betulaceae,Alnus,NA,Alnus
Asteraceae undiff.,Plantae,Tracheophyta,Magnoliopsida,Asterales,Asteraceae,Asteraceae,NA,Asteraceae
Castanea,Plantae,Tracheophyta,Magnoliopsida,Fagales,Fagaceae,Castanea,NA,Castanea
Cornus,Plantae,Tracheophyta,Magnoliopsida,Cornales,Cornaceae,Cornus,NA,Cornus
Juglans,Plantae,Tracheophyta,Magnoliopsida,Fagales,Juglandaceae,Juglans,NA,Juglans
Pinus,Plantae,Tracheophyta,Pinopsida,Pinales,Pinaceae,Pinus,NA,Pinus
Rosaceae,Plantae,Tracheophyta,Magnoliopsida,Rosales,Rosaceae,Rosaceae,NA,Rosaceae
Cupressaceae,Plantae,Tracheophyta,Pinopsida,Pinales,Cupressaceae,Cupressaceae,NA,Cupressaceae
Elaeagnus,Plantae,Tracheophyta,Magnoliopsida,Rosales,Elaeagnaceae,Elaeagnus,NA,Elaeagnus
Ephedra viridis-type,Plantae,Tracheophyta,Gnetopsida,Ephedrales,Ephedraceae,Ephedra,NA,Ephedra
Euphorbiaceae,Plantae,Tracheophyta,Magnoliopsida,Malpighiales,Euphorbiaceae,Euphorbiaceae,NA,Euphorbiaceae
Lamiaceae undiff.,Plantae,Tracheophyta,Magnoliopsida,Lamiales,Lamiaceae,Lamiaceae,NA,Lamiaceae
Larix,Plantae,Tracheophyta,Pinopsida,Pinales,Pinaceae,Larix,NA,Larix
Malvaceae sensu stricto,Plantae,Tracheophyta,Magnoliopsida,Malvales,Malvaceae,Malvaceae,NA,Malvaceae
Persicaria lapathifolia-type,Plantae,Tracheophyta,Magnoliopsida,Caryophyllales,Polygonaceae,Persicaria,NA,Persicaria
Plantago major,Plantae,Tracheophyta,Magnoliopsida,Lamiales,Plantaginaceae,Plantago,Plantago major,Plantago
Polemonium,Plantae,Tracheophyta,Magnoliopsida,Ericales,Polemoniaceae,Polemonium,NA,Polemonium
Polygonum aviculare-type,Plantae,Tracheophyta,Magnoliopsida,Caryophyllales,Polygonaceae,Polygonum,NA,Polygonum
Primulaceae,Plantae,Tracheophyta,Magnoliopsida,Ericales,Primulaceae,Primulaceae,NA,Primulaceae
Rhamnus,Plantae,Tracheophyta,Magnoliopsida,Rosales,Rhamnaceae,Rhamnus,NA,Rhamnus
Sarcobatus vermiculatus,Plantae,Tracheophyta,Magnoliopsida,Caryophyllales,Sarcobataceae,Sarcobatus,Sarcobatus vermiculatus,Sarcobatus
Saxifragaceae,Plantae,Tracheophyta,Magnoliopsida,Saxifragales,Saxifragaceae,Saxifragaceae,NA,Saxifragaceae
Scrophulariaceae,Plantae,Tracheophyta,Magnoliopsida,Lamiales,Scrophulariaceae,Scrophulariaceae,NA,Scrophulariaceae
Solanaceae,Plantae,Tracheophyta,Magnoliopsida,Solanales,Solanaceae,Solanaceae,NA,Solanaceae
Viscaceae sensu stricto,Plantae,Tracheophyta,Magnoliopsida,Santalales,Viscaceae,Viscaceae,NA,Viscaceae
Ambrosia,Plantae,Tracheophyta,Magnoliopsida,Asterales,Asteraceae,Ambrosia,NA,Ambrosia
Arctostaphylos,Plantae,Tracheophyta,Magnoliopsida,Ericales,Ericaceae,Arctostaphylos,NA,Arctostaphylos
Berberis,Plantae,Tracheophyta,Magnoliopsida,Ranunculales,Berberidaceae,Berberis,NA,Berberis
Bistorta bistortoides,Plantae,Tracheophyta,Magnoliopsida,Caryophyllales,Polygonaceae,Bistorta,Bistorta bistortoides,Bistorta
Cactaceae,Plantae,Tracheophyta,Magnoliopsida,Caryophyllales,Cactaceae,Cactaceae,NA,Cactaceae
Cercocarpus,Plantae,Tracheophyta,Magnoliopsida,Rosales,Rosaceae,Cercocarpus,NA,Cercocarpus
Cirsium,Plantae,Tracheophyta,Magnoliopsida,Asterales,Asteraceae,Cirsium,NA,Cirsium
Holodiscus,Plantae,Tracheophyta,Magnoliopsida,Rosales,Rosaceae,Holodiscus,NA,Holodiscus
Liliaceae,Plantae,Tracheophyta,Liliopsida,Liliales,Liliaceae,Liliaceae,NA,Liliaceae
Lonicera,Plantae,Tracheophyta,Magnoliopsida,Dipsacales,Caprifoliaceae,Lonicera,NA,Lonicera
Parkinsonia,Plantae,Tracheophyta,Magnoliopsida,Fabales,Fabaceae,Parkinsonia,NA,Parkinsonia
Pinus edulis-type,Plantae,Tracheophyta,Pinopsida,Pinales,Pinaceae,Pinus,NA,Pinus
Pinus flexilis-type,Plantae,Tracheophyta,Pinopsida,Pinales,Pinaceae,Pinus,NA,Pinus
Polygonum sensu lato undiff.,Plantae,Tracheophyta,Magnoliopsida,Caryophyllales,Polygonaceae,Polygonum,NA,Polygonum
Portulacaceae,Plantae,Tracheophyta,Magnoliopsida,Caryophyllales,Portulacaceae,Portulacaceae,NA,Portulacaceae
Ranunculus,Plantae,Tracheophyta,Magnoliopsida,Ranunculales,Ranunculaceae,Ranunculus,NA,Ranunculus
Ribes,Plantae,Tracheophyta,Magnoliopsida,Saxifragales,Grossulariaceae,Ribes,NA,Ribes
Rubus,Plantae,Tracheophyta,Magnoliopsida,Rosales,Rosaceae,Rubus,NA,Rubus
Trixis,Plantae,Tracheophyta,Magnoliopsida,Asterales,Asteraceae,Trixis,NA,Trixis
Acer negundo,Plantae,Tracheophyta,Magnoliopsida,Sapindales,Sapindaceae,Acer,Acer negundo,Acer
Acer saccharinum-type,Plantae,Tracheophyta,Magnoliopsida,Sapindales,Sapindaceae,Acer,NA,Acer
Caprifoliaceae sensu lato undiff.,Plantae,Tracheophyta,Magnoliopsida,Dipsacales,Caprifoliaceae,Caprifoliaceae,NA,Caprifoliaceae
Fraxinus (tetracolpate),Plantae,Tracheophyta,Magnoliopsida,Lamiales,Oleaceae,Fraxinus,NA,Fraxinus
Fraxinus (tricolpate),Plantae,Tracheophyta,Magnoliopsida,Lamiales,Oleaceae,Fraxinus,NA,Fraxinus
Juglans cinerea,Plantae,Tracheophyta,Magnoliopsida,Fagales,Juglandaceae,Juglans,Juglans cinerea,Juglans
Juglans nigra,Plantae,Tracheophyta,Magnoliopsida,Fagales,Juglandaceae,Juglans,Juglans nigra,Juglans
Oxyria digyna,Plantae,Tracheophyta,Magnoliopsida,Caryophyllales,Polygonaceae,Oxyria,Oxyria digyna,Oxyria
Rhamnaceae,Plantae,Tracheophyta,Magnoliopsida,Rosales,Rhamnaceae,Rhamnaceae,NA,Rhamnaceae
Salsola,Plantae,Tracheophyta,Magnoliopsida,Caryophyllales,Amaranthaceae,Salsola,NA,Salsola
Cyclachaena xanthiifolia,Plantae,Tracheophyta,Magnoliopsida,Asterales,Asteraceae,Cyclachaena,Cyclachaena xanthiifolia,Cyclachaena
Ephedra nevadensis-type,Plantae,Tracheophyta,Gnetopsida,Ephedrales,Ephedraceae,Ephedra,NA,Ephedra
Shepherdia argentea,Plantae,Tracheophyta,Magnoliopsida,Rosales,Elaeagnaceae,Shepherdia,Shepherdia argentea,Shepherdia
Abies balsamea,Plantae,Tracheophyta,Pinopsida,Pinales,Pinaceae,Abies,Abies balsamea,Abies
Acer pensylvanicum,Plantae,Tracheophyta,Magnoliopsida,Sapindales,Sapindaceae,Acer,Acer pensylvanicum,Acer
Acer saccharum,Plantae,Tracheophyta,Magnoliopsida,Sapindales,Sapindaceae,Acer,Acer saccharum,Acer
Acer spicatum,Plantae,Tracheophyta,Magnoliopsida,Sapindales,Sapindaceae,Acer,Acer spicatum,Acer
Alnus viridis-type,Plantae,Tracheophyta,Magnoliopsida,Fagales,Betulaceae,Alnus,NA,Alnus
Betula undiff.,Plantae,Tracheophyta,Magnoliopsida,Fagales,Betulaceae,Betula,NA,Betula
Bistorta vivipara,Plantae,Tracheophyta,Magnoliopsida,Caryophyllales,Polygonaceae,Bistorta,Bistorta vivipara,Bistorta
Carya ovata,Plantae,Tracheophyta,Magnoliopsida,Fagales,Juglandaceae,Carya,Carya ovata,Carya
Castanea dentata,Plantae,Tracheophyta,Magnoliopsida,Fagales,Fagaceae,Castanea,Castanea dentata,Castanea
Corylus cornuta,Plantae,Tracheophyta,Magnoliopsida,Fagales,Betulaceae,Corylus,Corylus cornuta,Corylus
Epilobium,Plantae,Tracheophyta,Magnoliopsida,Myrtales,Onagraceae,Epilobium,NA,Epilobium
Juniperus communis/Thuja occidentalis-type,Plantae,Tracheophyta,Pinopsida,Pinales,Cupressaceae,Juniperus,NA,Juniperus
Koenigia islandica,Plantae,Tracheophyta,Magnoliopsida,Caryophyllales,Polygonaceae,Koenigia,Koenigia islandica,Koenigia
Myrica gale,Plantae,Tracheophyta,Magnoliopsida,Fagales,Myricaceae,Myrica,Myrica gale,Myrica
Oxytropis maydelliana-type,Plantae,Tracheophyta,Magnoliopsida,Fabales,Fabaceae,Oxytropis,NA,Oxytropis
Pedicularis,Plantae,Tracheophyta,Magnoliopsida,Lamiales,Orobanchaceae,Pedicularis,NA,Pedicularis
Picea glauca-type,Plantae,Tracheophyta,Pinopsida,Pinales,Pinaceae,Picea,NA,Picea
Picea mariana-type,Plantae,Tracheophyta,Pinopsida,Pinales,Pinaceae,Picea,NA,Picea
Picea undiff.,Plantae,Tracheophyta,Pinopsida,Pinales,Pinaceae,Picea,NA,Picea
Pinaceae,Plantae,Tracheophyta,Pinopsida,Pinales,Pinaceae,Pinaceae,NA,Pinaceae
Pinus banksiana-type,Plantae,Tracheophyta,Pinopsida,Pinales,Pinaceae,Pinus,NA,Pinus
Pinus strobus,Plantae,Tracheophyta,Pinopsida,Pinales,Pinaceae,Pinus,Pinus strobus,Pinus
Populus balsamifera-type,Plantae,Tracheophyta,Magnoliopsida,Malpighiales,Salicaceae,Populus,NA,Populus
Populus tremuloides-type,Plantae,Tracheophyta,Magnoliopsida,Malpighiales,Salicaceae,Populus,NA,Populus
Prunus,Plantae,Tracheophyta,Magnoliopsida,Rosales,Rosaceae,Prunus,NA,Prunus
Rhamnus alnifolia/Frangula alnus,Plantae,Tracheophyta,Magnoliopsida,Rosales,Rhamnaceae,Rhamnus,NA,Rhamnus
Saxifraga cernua-type,Plantae,Tracheophyta,Magnoliopsida,Saxifragales,Saxifragaceae,Saxifraga,NA,Saxifraga
Saxifraga oppositifolia-type,Plantae,Tracheophyta,Magnoliopsida,Saxifragales,Saxifragaceae,Saxifraga,NA,Saxifraga
Tsuga canadensis,Plantae,Tracheophyta,Pinopsida,Pinales,Pinaceae,Tsuga,Tsuga canadensis,Tsuga
Anacardiaceae,Plantae,Tracheophyta,Magnoliopsida,Sapindales,Anacardiaceae,Anacardiaceae,NA,Anacardiaceae
Aquifoliaceae,Plantae,Tracheophyta,Magnoliopsida,Aquifoliales,Aquifoliaceae,Aquifoliaceae,NA,Aquifoliaceae
Gleditsia,Plantae,Tracheophyta,Magnoliopsida,Fabales,Fabaceae,Gleditsia,NA,Gleditsia
Iva annua-type,Plantae,Tracheophyta,Magnoliopsida,Asterales,Asteraceae,Iva,NA,Iva
Poaceae undiff.,Plantae,Tracheophyta,Liliopsida,Poales,Poaceae,Poaceae,NA,Poaceae
Polygonum sensu lato,Plantae,Tracheophyta,Magnoliopsida,Caryophyllales,Polygonaceae,Polygonum,NA,Polygonum
Shepherdia,Plantae,Tracheophyta,Magnoliopsida,Rosales,Elaeagnaceae,Shepherdia,NA,Shepherdia
Aconitum,Plantae,Tracheophyta,Magnoliopsida,Ranunculales,Ranunculaceae,Aconitum,NA,Aconitum
Alnus viridis,Plantae,Tracheophyta,Magnoliopsida,Fagales,Betulaceae,Alnus,Alnus alnobetula,Alnus
Boraginaceae,Plantae,Tracheophyta,Magnoliopsida,Boraginales,Boraginaceae,Boraginaceae,NA,Boraginaceae
Ericales,Plantae,Tracheophyta,Magnoliopsida,Ericales,undiff,undiff,NA,undiff
Gentiana,Plantae,Tracheophyta,Magnoliopsida,Gentianales,Gentianaceae,Gentiana,NA,Gentiana
Micranthes hieraciifolia,Plantae,Tracheophyta,Magnoliopsida,Saxifragales,Saxifragaceae,Micranthes,Micranthes hieraciifolia,Micranthes
Pedicularis langsdorffii,Plantae,Tracheophyta,Magnoliopsida,Lamiales,Orobanchaceae,Pedicularis,Pedicularis langsdorffii,Pedicularis
Pedicularis verticillata,Plantae,Tracheophyta,Magnoliopsida,Lamiales,Orobanchaceae,Pedicularis,Pedicularis verticillata,Pedicularis
Rubus chamaemorus,Plantae,Tracheophyta,Magnoliopsida,Rosales,Rosaceae,Rubus,Rubus chamaemorus,Rubus
Saxifraga cernua,Plantae,Tracheophyta,Magnoliopsida,Saxifragales,Saxifragaceae,Saxifraga,Saxifraga cernua,Saxifraga
Saxifraga tricuspidata,Plantae,Tracheophyta,Magnoliopsida,Saxifragales,Saxifragaceae,Saxifraga,Saxifraga tricuspidata,Saxifraga
Saxifragaceae undiff.,Plantae,Tracheophyta,Magnoliopsida,Saxifragales,Saxifragaceae,Saxifragaceae,NA,Saxifragaceae
Valeriana,Plantae,Tracheophyta,Magnoliopsida,Dipsacales,Caprifoliaceae,Valeriana,NA,Valeriana
Astragalus,Plantae,Tracheophyta,Magnoliopsida,Fabales,Fabaceae,Astragalus,NA,Astragalus
Bistorta officinalis,Plantae,Tracheophyta,Magnoliopsida,Caryophyllales,Polygonaceae,Bistorta,Bistorta officinalis,Bistorta
Dryas,Plantae,Tracheophyta,Magnoliopsida,Rosales,Rosaceae,Dryas,NA,Dryas
Linnaea borealis,Plantae,Tracheophyta,Magnoliopsida,Dipsacales,Caprifoliaceae,Linnaea,Linnaea borealis,Linnaea
Oxytropis,Plantae,Tracheophyta,Magnoliopsida,Fabales,Fabaceae,Oxytropis,NA,Oxytropis
Rubus arcticus,Plantae,Tracheophyta,Magnoliopsida,Rosales,Rosaceae,Rubus,Rubus arcticus,Rubus
Saussurea,Plantae,Tracheophyta,Magnoliopsida,Asterales,Asteraceae,Saussurea,NA,Saussurea
Urtica,Plantae,Tracheophyta,Magnoliopsida,Rosales,Urticaceae,Urtica,NA,Urtica
Eucalyptus,Plantae,Tracheophyta,Magnoliopsida,Myrtales,Myrtaceae,Eucalyptus,NA,Eucalyptus
Ranunculaceae,Plantae,Tracheophyta,Magnoliopsida,Ranunculales,Ranunculaceae,Ranunculaceae,NA,Ranunculaceae
Saxifraga oppositifolia,Plantae,Tracheophyta,Magnoliopsida,Saxifragales,Saxifragaceae,Saxifraga,Saxifraga oppositifolia,Saxifraga
Valerianoideae,Plantae,Tracheophyta,Magnoliopsida,Lamiales,Verbenaceae,Stachytarpheta,NA,Stachytarpheta
Asteraceae,Plantae,Tracheophyta,Magnoliopsida,Asterales,Asteraceae,Asteraceae,NA,Asteraceae
Cornaceae,Plantae,Tracheophyta,Magnoliopsida,Cornales,Cornaceae,Cornaceae,NA,Cornaceae
Gentianaceae,Plantae,Tracheophyta,Magnoliopsida,Gentianales,Gentianaceae,Gentianaceae,NA,Gentianaceae
Rubiaceae,Plantae,Tracheophyta,Magnoliopsida,Gentianales,Rubiaceae,Rubiaceae,NA,Rubiaceae
Sapindaceae,Plantae,Tracheophyta,Magnoliopsida,Sapindales,Sapindaceae,Sapindaceae,NA,Sapindaceae
Tsuga heterophylla,Plantae,Tracheophyta,Pinopsida,Pinales,Pinaceae,Tsuga,Tsuga heterophylla,Tsuga
Tsuga mertensiana,Plantae,Tracheophyta,Pinopsida,Pinales,Pinaceae,Tsuga,Tsuga mertensiana,Tsuga
Alnus viridis subsp. crispa,Plantae,Tracheophyta,Magnoliopsida,Fagales,Betulaceae,Alnus,Alnus alnobetula,Alnus
Betulaceae undiff.,Plantae,Tracheophyta,Magnoliopsida,Fagales,Betulaceae,Betulaceae,NA,Betulaceae
Elaeagnaceae undiff.,Plantae,Tracheophyta,Magnoliopsida,Rosales,Elaeagnaceae,Elaeagnaceae,NA,Elaeagnaceae
Lamium,Plantae,Tracheophyta,Magnoliopsida,Lamiales,Lamiaceae,Lamium,NA,Lamium
Penstemon,Plantae,Tracheophyta,Magnoliopsida,Lamiales,Plantaginaceae,Penstemon,NA,Penstemon
Phlox,Plantae,Tracheophyta,Magnoliopsida,Ericales,Polemoniaceae,Phlox,NA,Phlox
Plantaginaceae undiff.,Plantae,Tracheophyta,Magnoliopsida,Lamiales,Plantaginaceae,Plantaginaceae,NA,Plantaginaceae
Polygonum,Plantae,Tracheophyta,Magnoliopsida,Caryophyllales,Polygonaceae,Polygonum,NA,Polygonum
Populus balsamifera,Plantae,Tracheophyta,Magnoliopsida,Malpighiales,Salicaceae,Populus,Populus balsamifera,Populus
Populus tremuloides,Plantae,Tracheophyta,Magnoliopsida,Malpighiales,Salicaceae,Populus,Populus tremuloides,Populus
Populus undiff.,Plantae,Tracheophyta,Magnoliopsida,Malpighiales,Salicaceae,Populus,NA,Populus
Caprifoliaceae sensu lato,Plantae,Tracheophyta,Magnoliopsida,Dipsacales,Caprifoliaceae,Caprifoliaceae,NA,Caprifoliaceae
Claytonia,Plantae,Tracheophyta,Magnoliopsida,Caryophyllales,Montiaceae,Claytonia,NA,Claytonia
Polemoniaceae undiff.,Plantae,Tracheophyta,Magnoliopsida,Ericales,Polemoniaceae,Polemoniaceae,NA,Polemoniaceae
Diapensia,Plantae,Tracheophyta,Magnoliopsida,Ericales,Diapensiaceae,Diapensia,NA,Diapensia
Empetrum,Plantae,Tracheophyta,Magnoliopsida,Ericales,Ericaceae,Empetrum,NA,Empetrum
Allium,Plantae,Tracheophyta,Liliopsida,Asparagales,Amaryllidaceae,Allium,NA,Allium
Anemone canadensis-type,Plantae,Tracheophyta,Magnoliopsida,Ranunculales,Ranunculaceae,Anemone,NA,Anemone
Chamaecrista,Plantae,Tracheophyta,Magnoliopsida,Fabales,Fabaceae,Chamaecrista,NA,Chamaecrista
Cornus sericea-type,Plantae,Tracheophyta,Magnoliopsida,Cornales,Cornaceae,Cornus,NA,Cornus
Ephedra trifurca-type,Plantae,Tracheophyta,Gnetopsida,Ephedrales,Ephedraceae,Ephedra,NA,Ephedra
Humulus,Plantae,Tracheophyta,Magnoliopsida,Rosales,Cannabaceae,Humulus,NA,Humulus
Hydrophyllum,Plantae,Tracheophyta,Magnoliopsida,Boraginales,Hydrophyllaceae,Hydrophyllum,NA,Hydrophyllum
Hypoxis,Plantae,Tracheophyta,Liliopsida,Asparagales,Hypoxidaceae,Hypoxis,NA,Hypoxis
Liliaceae undiff.,Plantae,Tracheophyta,Liliopsida,Liliales,Liliaceae,Liliaceae,NA,Liliaceae
Lilium philadelphicum-type,Plantae,Tracheophyta,Liliopsida,Liliales,Liliaceae,Lilium,NA,Lilium
Lysimachia thyrsiflora,Plantae,Tracheophyta,Magnoliopsida,Ericales,Primulaceae,Lysimachia,Lysimachia thyrsiflora,Lysimachia
Lythrum,Plantae,Tracheophyta,Magnoliopsida,Myrtales,Lythraceae,Lythrum,NA,Lythrum
Parietaria,Plantae,Tracheophyta,Magnoliopsida,Rosales,Urticaceae,Parietaria,NA,Parietaria
Pinaceae undiff.,Plantae,Tracheophyta,Pinopsida,Pinales,Pinaceae,Pinaceae,NA,Pinaceae
Pinus subg. Strobus undiff.,Plantae,Tracheophyta,Pinopsida,Pinales,Pinaceae,Pinus,NA,Pinus
Ranunculaceae (tricolpate),Plantae,Tracheophyta,Magnoliopsida,Ranunculales,Ranunculaceae,Ranunculaceae,NA,Ranunculaceae
Tidestromia,Plantae,Tracheophyta,Magnoliopsida,Caryophyllales,Amaranthaceae,Tidestromia,NA,Tidestromia
Viburnum lentago,Plantae,Tracheophyta,Magnoliopsida,Dipsacales,Viburnaceae,Viburnum,Viburnum lentago,Viburnum
Zea mays,Plantae,Tracheophyta,Liliopsida,Poales,Poaceae,Zea,Zea mays,Zea
Zigadenus,Plantae,Tracheophyta,Liliopsida,Liliales,Melanthiaceae,Zigadenus,NA,Zigadenus
Calluna vulgaris,Plantae,Tracheophyta,Magnoliopsida,Ericales,Ericaceae,Calluna,Calluna vulgaris,Calluna
Carpinus,Plantae,Tracheophyta,Magnoliopsida,Fagales,Betulaceae,Carpinus,NA,Carpinus
Centaurea cyanus,Plantae,Tracheophyta,Magnoliopsida,Asterales,Asteraceae,Centaurea,Centaurea cyanus,Centaurea
Fagopyrum,Plantae,Tracheophyta,Magnoliopsida,Caryophyllales,Polygonaceae,Fagopyrum,NA,Fagopyrum
Frangula alnus,Plantae,Tracheophyta,Magnoliopsida,Rosales,Rhamnaceae,Frangula,Frangula alnus,Frangula
Hedera,Plantae,Tracheophyta,Magnoliopsida,Apiales,Araliaceae,Hedera,NA,Hedera
Plantago lanceolata,Plantae,Tracheophyta,Magnoliopsida,Lamiales,Plantaginaceae,Plantago,Plantago lanceolata,Plantago
Plantago media,Plantae,Tracheophyta,Magnoliopsida,Lamiales,Plantaginaceae,Plantago,Plantago media,Plantago
Viscum,Plantae,Tracheophyta,Magnoliopsida,Santalales,Viscaceae,Viscum,NA,Viscum
Calluna,Plantae,Tracheophyta,Magnoliopsida,Ericales,Ericaceae,Calluna,NA,Calluna
Campanula,Plantae,Tracheophyta,Magnoliopsida,Asterales,Campanulaceae,Campanula,NA,Campanula
Circaea,Plantae,Tracheophyta,Magnoliopsida,Myrtales,Onagraceae,Circaea,NA,Circaea
Crataegus,Plantae,Tracheophyta,Magnoliopsida,Rosales,Rosaceae,Crataegus,NA,Crataegus
Filipendula,Plantae,Tracheophyta,Magnoliopsida,Rosales,Rosaceae,Filipendula,NA,Filipendula
Helianthemum,Plantae,Tracheophyta,Magnoliopsida,Malvales,Cistaceae,Helianthemum,NA,Helianthemum
Lactuca,Plantae,Tracheophyta,Magnoliopsida,Asterales,Asteraceae,Lactuca,NA,Lactuca
Lythrum salicaria,Plantae,Tracheophyta,Magnoliopsida,Myrtales,Lythraceae,Lythrum,Lythrum salicaria,Lythrum
Melampyrum,Plantae,Tracheophyta,Magnoliopsida,Lamiales,Orobanchaceae,Melampyrum,NA,Melampyrum
Narthecium,Plantae,Tracheophyta,Liliopsida,Dioscoreales,Nartheciaceae,Narthecium,NA,Narthecium
Plantago undiff.,Plantae,Tracheophyta,Magnoliopsida,Lamiales,Plantaginaceae,Plantago,NA,Plantago
Polygala,Plantae,Tracheophyta,Magnoliopsida,Fabales,Polygalaceae,Polygala,NA,Polygala
Pulmonaria obscura-type,Plantae,Tracheophyta,Magnoliopsida,Boraginales,Boraginaceae,Pulmonaria,NA,Pulmonaria
Rhinanthus,Plantae,Tracheophyta,Magnoliopsida,Lamiales,Orobanchaceae,Rhinanthus,NA,Rhinanthus
Rumex acetosa,Plantae,Tracheophyta,Magnoliopsida,Caryophyllales,Polygonaceae,Rumex,Rumex acetosa,Rumex
Rumex acetosella,Plantae,Tracheophyta,Magnoliopsida,Caryophyllales,Polygonaceae,Rumex,Rumex acetosella,Rumex
Rumex obtusifolius,Plantae,Tracheophyta,Magnoliopsida,Caryophyllales,Polygonaceae,Rumex,Rumex obtusifolius,Rumex
Rumex undiff.,Plantae,Tracheophyta,Magnoliopsida,Caryophyllales,Polygonaceae,Rumex,NA,Rumex
Scabiosa,Plantae,Tracheophyta,Magnoliopsida,Dipsacales,Caprifoliaceae,Scabiosa,NA,Scabiosa
Sorbus,Plantae,Tracheophyta,Magnoliopsida,Rosales,Rosaceae,Sorbus,NA,Sorbus
Succisa,Plantae,Tracheophyta,Magnoliopsida,Dipsacales,Caprifoliaceae,Succisa,NA,Succisa
Ulex,Plantae,Tracheophyta,Magnoliopsida,Fabales,Fabaceae,Ulex,NA,Ulex
Armeria,Plantae,Tracheophyta,Magnoliopsida,Caryophyllales,Plumbaginaceae,Armeria,NA,Armeria
Centaurea,Plantae,Tracheophyta,Magnoliopsida,Asterales,Asteraceae,Centaurea,NA,Centaurea
Chenopodiaceae sensu stricto,Plantae,Tracheophyta,Magnoliopsida,Caryophyllales,Amaranthaceae,Amaranthaceae,NA,Amaranthaceae
Faboideae,Plantae,Tracheophyta,Magnoliopsida,Fabales,Fabaceae,Faboidea,NA,Faboidea
Gentianella,Plantae,Tracheophyta,Magnoliopsida,Gentianales,Gentianaceae,Gentianella,NA,Gentianella
Geraniaceae,Plantae,Tracheophyta,Magnoliopsida,Geraniales,Geraniaceae,Geraniaceae,NA,Geraniaceae
Hypericum,Plantae,Tracheophyta,Magnoliopsida,Malpighiales,Hypericaceae,Hypericum,NA,Hypericum
Plantago maritima,Plantae,Tracheophyta,Magnoliopsida,Lamiales,Plantaginaceae,Plantago,Plantago maritima,Plantago
Prunella,Plantae,Tracheophyta,Magnoliopsida,Lamiales,Lamiaceae,Prunella,NA,Prunella
Pterocarya,Plantae,Tracheophyta,Magnoliopsida,Fagales,Juglandaceae,Pterocarya,NA,Pterocarya
Trifolium,Plantae,Tracheophyta,Magnoliopsida,Fabales,Fabaceae,Trifolium,NA,Trifolium
Verbenaceae,Plantae,Tracheophyta,Magnoliopsida,Lamiales,Verbenaceae,Verbenaceae,NA,Verbenaceae
Betula nana-type,Plantae,Tracheophyta,Magnoliopsida,Fagales,Betulaceae,Betula,NA,Betula
Ericales undiff.,Plantae,Tracheophyta,Magnoliopsida,Ericales,undiff,undiff,NA,undiff
Plantago major/P. media,Plantae,Tracheophyta,Magnoliopsida,Lamiales,Plantaginaceae,Plantago,NA,Plantago
Rumex subg. Acetosa,Plantae,Tracheophyta,Magnoliopsida,Caryophyllales,Polygonaceae,Rumex,NA,Rumex
Abies alba,Plantae,Tracheophyta,Pinopsida,Pinales,Pinaceae,Abies,Abies alba,Abies
Bistorta officinalis-type,Plantae,Tracheophyta,Magnoliopsida,Caryophyllales,Polygonaceae,Bistorta,NA,Bistorta
Cardamine pratensis-type,Plantae,Tracheophyta,Magnoliopsida,Brassicales,Brassicaceae,Cardamine,NA,Cardamine
Carpinus betulus,Plantae,Tracheophyta,Magnoliopsida,Fagales,Betulaceae,Carpinus,Carpinus betulus,Carpinus
Centaurea scabiosa,Plantae,Tracheophyta,Magnoliopsida,Asterales,Asteraceae,Centaurea,Centaurea scabiosa,Centaurea
Chamaenerion angustifolium,Plantae,Tracheophyta,Magnoliopsida,Myrtales,Onagraceae,Chamaenerion,Chamaenerion angustifolium,Chamaenerion
Chrysosplenium,Plantae,Tracheophyta,Magnoliopsida,Saxifragales,Saxifragaceae,Chrysosplenium,NA,Chrysosplenium
Corylus avellana,Plantae,Tracheophyta,Magnoliopsida,Fagales,Betulaceae,Corylus,Corylus avellana,Corylus
Echium,Plantae,Tracheophyta,Magnoliopsida,Boraginales,Boraginaceae,Echium,NA,Echium
Ephedra foeminea-type,Plantae,Tracheophyta,Gnetopsida,Ephedrales,Ephedraceae,Ephedra,NA,Ephedra
Euonymus,Plantae,Tracheophyta,Magnoliopsida,Celastrales,Celastraceae,Euonymus,NA,Euonymus
Fagus sylvatica,Plantae,Tracheophyta,Magnoliopsida,Fagales,Fagaceae,Fagus,Fagus sylvatica,Fagus
Larix decidua,Plantae,Tracheophyta,Pinopsida,Pinales,Pinaceae,Larix,Larix decidua,Larix
Lysimachia vulgaris-type,Plantae,Tracheophyta,Magnoliopsida,Ericales,Primulaceae,Lysimachia,NA,Lysimachia
Parnassia palustris,Plantae,Tracheophyta,Magnoliopsida,Celastrales,Parnassiaceae,Parnassia,Parnassia palustris,Parnassia
Persicaria maculosa-type,Plantae,Tracheophyta,Magnoliopsida,Caryophyllales,Polygonaceae,Persicaria,NA,Persicaria
Picea abies,Plantae,Tracheophyta,Pinopsida,Pinales,Pinaceae,Picea,Picea abies,Picea
Pleurospermum,Plantae,Tracheophyta,Magnoliopsida,Apiales,Apiaceae,Pleurospermum,NA,Pleurospermum
Polygonum aviculare,Plantae,Tracheophyta,Magnoliopsida,Caryophyllales,Polygonaceae,Polygonum,Polygonum aviculare,Polygonum
Ranunculus arvensis-type,Plantae,Tracheophyta,Magnoliopsida,Ranunculales,Ranunculaceae,Ranunculus,NA,Ranunculus
Rumex acetosa-type,Plantae,Tracheophyta,Magnoliopsida,Caryophyllales,Polygonaceae,Rumex,NA,Rumex
Sambucus nigra-type,Plantae,Tracheophyta,Magnoliopsida,Dipsacales,Viburnaceae,Sambucus,NA,Sambucus
Sanguisorba officinalis,Plantae,Tracheophyta,Magnoliopsida,Rosales,Rosaceae,Sanguisorba,Sanguisorba officinalis,Sanguisorba
Trifolium pratense-type,Plantae,Tracheophyta,Magnoliopsida,Fabales,Fabaceae,Trifolium,NA,Trifolium
Viburnum undiff.,Plantae,Tracheophyta,Magnoliopsida,Dipsacales,Viburnaceae,Viburnum,NA,Viburnum
Betula nana,Plantae,Tracheophyta,Magnoliopsida,Fagales,Betulaceae,Betula,Betula nana,Betula
Dryas octopetala,Plantae,Tracheophyta,Magnoliopsida,Rosales,Rosaceae,Dryas,Dryas octopetala,Dryas
Hippophaë,Plantae,Tracheophyta,Magnoliopsida,Rosales,Elaeagnaceae,Hippophae,NA,Hippophae
Mercurialis,Plantae,Tracheophyta,Magnoliopsida,Malpighiales,Euphorbiaceae,Mercurialis,NA,Mercurialis
Portulaca,Plantae,Tracheophyta,Magnoliopsida,Caryophyllales,Portulacaceae,Portulaca,NA,Portulaca
Secale,Plantae,Tracheophyta,Liliopsida,Poales,Poaceae,Secale,NA,Secale
Triticum,Plantae,Tracheophyta,Liliopsida,Poales,Poaceae,Triticum,NA,Triticum
Acer platanoides,Plantae,Tracheophyta,Magnoliopsida,Sapindales,Sapindaceae,Acer,Acer platanoides,Acer
Alnus glutinosa,Plantae,Tracheophyta,Magnoliopsida,Fagales,Betulaceae,Alnus,Alnus glutinosa,Alnus
Caryophyllaceae undiff.,Plantae,Tracheophyta,Magnoliopsida,Caryophyllales,Caryophyllaceae,Caryophyllaceae,NA,Caryophyllaceae
Convolvulaceae,Plantae,Tracheophyta,Magnoliopsida,Solanales,Convolvulaceae,Convolvulaceae,NA,Convolvulaceae
Echinops,Plantae,Tracheophyta,Magnoliopsida,Asterales,Asteraceae,Echinops,NA,Echinops
Fagopyrum esculentum,Plantae,Tracheophyta,Magnoliopsida,Caryophyllales,Polygonaceae,Fagopyrum,Fagopyrum esculentum,Fagopyrum
Fagopyrum tataricum,Plantae,Tracheophyta,Magnoliopsida,Caryophyllales,Polygonaceae,Fagopyrum,Fagopyrum tataricum,Fagopyrum
Fagopyrum undiff.,Plantae,Tracheophyta,Magnoliopsida,Caryophyllales,Polygonaceae,Fagopyrum,NA,Fagopyrum
Hippophaë rhamnoides,Plantae,Tracheophyta,Magnoliopsida,Rosales,Elaeagnaceae,Hippophae,Hippophae rhamnoides,Hippophae
Knautia arvensis,Plantae,Tracheophyta,Magnoliopsida,Dipsacales,Caprifoliaceae,Knautia,Knautia arvensis,Knautia
Pinus sylvestris,Plantae,Tracheophyta,Pinopsida,Pinales,Pinaceae,Pinus,Pinus sylvestris,Pinus
Plumbaginaceae,Plantae,Tracheophyta,Magnoliopsida,Caryophyllales,Plumbaginaceae,Plumbaginaceae,NA,Plumbaginaceae
Thalictrum aquilegiifolium,Plantae,Tracheophyta,Magnoliopsida,Ranunculales,Ranunculaceae,Thalictrum,Thalictrum aquilegiifolium,Thalictrum
Thalictrum lucidum,Plantae,Tracheophyta,Magnoliopsida,Ranunculales,Ranunculaceae,Thalictrum,Thalictrum lucidum,Thalictrum
Thalictrum undiff.,Plantae,Tracheophyta,Magnoliopsida,Ranunculales,Ranunculaceae,Thalictrum,NA,Thalictrum
Ulmus glabra,Plantae,Tracheophyta,Magnoliopsida,Rosales,Ulmaceae,Ulmus,Ulmus glabra,Ulmus
Ulmus laevis,Plantae,Tracheophyta,Magnoliopsida,Rosales,Ulmaceae,Ulmus,Ulmus laevis,Ulmus
Ulmus minor,Plantae,Tracheophyta,Magnoliopsida,Rosales,Ulmaceae,Ulmus,Ulmus minor,Ulmus
Vitis vinifera,Plantae,Tracheophyta,Magnoliopsida,Vitales,Vitaceae,Vitis,Vitis vinifera,Vitis
Anemone,Plantae,Tracheophyta,Magnoliopsida,Ranunculales,Ranunculaceae,Anemone,NA,Anemone
Arctium,Plantae,Tracheophyta,Magnoliopsida,Asterales,Asteraceae,Arctium,NA,Arctium
Hypericaceae,Plantae,Tracheophyta,Magnoliopsida,Malpighiales,Hypericaceae,Hypericaceae,NA,Hypericaceae
Matricaria,Plantae,Tracheophyta,Magnoliopsida,Asterales,Asteraceae,Matricaria,NA,Matricaria
Tilia platyphyllos,Plantae,Tracheophyta,Magnoliopsida,Malvales,Malvaceae,Tilia,Tilia platyphyllos,Tilia
Koenigia,Plantae,Tracheophyta,Magnoliopsida,Caryophyllales,Polygonaceae,Koenigia,NA,Koenigia
Medicago,Plantae,Tracheophyta,Magnoliopsida,Fabales,Fabaceae,Medicago,NA,Medicago
Tilia cordata,Plantae,Tracheophyta,Magnoliopsida,Malvales,Malvaceae,Tilia,Tilia cordata,Tilia
Arbutus unedo,Plantae,Tracheophyta,Magnoliopsida,Ericales,Ericaceae,Arbutus,Arbutus unedo,Arbutus
Armeria maritima (type A),Plantae,Tracheophyta,Magnoliopsida,Caryophyllales,Plumbaginaceae,Armeria,Armeria maritima,Armeria
Empetrum nigrum,Plantae,Tracheophyta,Magnoliopsida,Ericales,Ericaceae,Empetrum,Empetrum nigrum,Empetrum
Erica tetralix,Plantae,Tracheophyta,Magnoliopsida,Ericales,Ericaceae,Erica,Erica tetralix,Erica
Fraxinus excelsior,Plantae,Tracheophyta,Magnoliopsida,Lamiales,Oleaceae,Fraxinus,Fraxinus excelsior,Fraxinus
Hedera helix,Plantae,Tracheophyta,Magnoliopsida,Apiales,Araliaceae,Hedera,Hedera helix,Hedera
Ilex aquifolium,Plantae,Tracheophyta,Magnoliopsida,Aquifoliales,Aquifoliaceae,Ilex,Ilex aquifolium,Ilex
Juglans regia,Plantae,Tracheophyta,Magnoliopsida,Fagales,Juglandaceae,Juglans,Juglans regia,Juglans
Lonicera periclymenum,Plantae,Tracheophyta,Magnoliopsida,Dipsacales,Caprifoliaceae,Lonicera,Lonicera periclymenum,Lonicera
Narthecium ossifragum,Plantae,Tracheophyta,Liliopsida,Dioscoreales,Nartheciaceae,Narthecium,Narthecium ossifragum,Narthecium
Plantago coronopus,Plantae,Tracheophyta,Magnoliopsida,Lamiales,Plantaginaceae,Plantago,Plantago coronopus,Plantago
Plantago lanceolata-type,Plantae,Tracheophyta,Magnoliopsida,Lamiales,Plantaginaceae,Plantago,NA,Plantago
Plantago uniflora,Plantae,Tracheophyta,Magnoliopsida,Lamiales,Plantaginaceae,Plantago,Plantago uniflora,Plantago
Potentilla undiff.,Plantae,Tracheophyta,Magnoliopsida,Rosales,Rosaceae,Potentilla,NA,Potentilla
Saxifraga,Plantae,Tracheophyta,Magnoliopsida,Saxifragales,Saxifragaceae,Saxifraga,NA,Saxifraga
Sedum,Plantae,Tracheophyta,Magnoliopsida,Saxifragales,Crassulaceae,Sedum,NA,Sedum
Taxus baccata,Plantae,Tracheophyta,Pinopsida,Pinales,Taxaceae,Taxus,Taxus baccata,Taxus
Teucrium,Plantae,Tracheophyta,Magnoliopsida,Lamiales,Lamiaceae,Teucrium,NA,Teucrium
Urtica dioica,Plantae,Tracheophyta,Magnoliopsida,Rosales,Urticaceae,Urtica,Urtica dioica,Urtica
Vaccinium,Plantae,Tracheophyta,Magnoliopsida,Ericales,Ericaceae,Vaccinium,NA,Vaccinium
Vicia,Plantae,Tracheophyta,Magnoliopsida,Fabales,Fabaceae,Vicia,NA,Vicia
Ranunculus lingua,Plantae,Tracheophyta,Magnoliopsida,Ranunculales,Ranunculaceae,Ranunculus,Ranunculus lingua,Ranunculus
Buxus,Plantae,Tracheophyta,Magnoliopsida,Buxales,Buxaceae,Buxus,NA,Buxus
Cannabis,Plantae,Tracheophyta,Magnoliopsida,Rosales,Cannabaceae,Cannabis,NA,Cannabis
Ligustrum,Plantae,Tracheophyta,Magnoliopsida,Lamiales,Oleaceae,Ligustrum,NA,Ligustrum
Polygonum oxyspermum subsp. raii,Plantae,Tracheophyta,Magnoliopsida,Caryophyllales,Polygonaceae,Polygonum,Polygonum raii,Polygonum
Ranunculus acris,Plantae,Tracheophyta,Magnoliopsida,Ranunculales,Ranunculaceae,Ranunculus,Ranunculus acris,Ranunculus
Stachys,Plantae,Tracheophyta,Magnoliopsida,Lamiales,Lamiaceae,Stachys,NA,Stachys
Valerianella,Plantae,Tracheophyta,Magnoliopsida,Dipsacales,Caprifoliaceae,Valerianella,NA,Valerianella
Anchusa,Plantae,Tracheophyta,Magnoliopsida,Boraginales,Boraginaceae,Anchusa,NA,Anchusa
Daphne,Plantae,Tracheophyta,Magnoliopsida,Malvales,Thymelaeaceae,Daphne,NA,Daphne
Frangula,Plantae,Tracheophyta,Magnoliopsida,Rosales,Rhamnaceae,Frangula,NA,Frangula
Geranium,Plantae,Tracheophyta,Magnoliopsida,Geraniales,Geraniaceae,Geranium,NA,Geranium
Linum catharticum,Plantae,Tracheophyta,Magnoliopsida,Malpighiales,Linaceae,Linum,Linum catharticum,Linum
Olea,Plantae,Tracheophyta,Magnoliopsida,Lamiales,Oleaceae,Olea,NA,Olea
Papaver,Plantae,Tracheophyta,Magnoliopsida,Ranunculales,Papaveraceae,Papaver,NA,Papaver
Phillyrea,Plantae,Tracheophyta,Magnoliopsida,Lamiales,Oleaceae,Phillyrea,NA,Phillyrea
Pistacia,Plantae,Tracheophyta,Magnoliopsida,Sapindales,Anacardiaceae,Pistacia,NA,Pistacia
Quercus ilex,Plantae,Tracheophyta,Magnoliopsida,Fagales,Fagaceae,Quercus,Quercus ilex,Quercus
Adonis aestivalis,Plantae,Tracheophyta,Magnoliopsida,Ranunculales,Ranunculaceae,Adonis,Adonis aestivalis,Adonis
Anagallis,Plantae,Tracheophyta,Magnoliopsida,Ericales,Primulaceae,Lysimachia,NA,Lysimachia
Anarrhinum,Plantae,Tracheophyta,Magnoliopsida,Lamiales,Plantaginaceae,Anarrhinum,NA,Anarrhinum
Anthemis,Plantae,Tracheophyta,Magnoliopsida,Asterales,Asteraceae,Anthemis,NA,Anthemis
Aster,Plantae,Tracheophyta,Magnoliopsida,Asterales,Asteraceae,Aster,NA,Aster
Centranthus,Plantae,Tracheophyta,Magnoliopsida,Dipsacales,Caprifoliaceae,Centranthus,NA,Centranthus
Erica arborea,Plantae,Tracheophyta,Magnoliopsida,Ericales,Ericaceae,Erica,Erica arborea,Erica
Erica australis,Plantae,Tracheophyta,Magnoliopsida,Ericales,Ericaceae,Erica,Erica australis,Erica
Erica umbellata,Plantae,Tracheophyta,Magnoliopsida,Ericales,Ericaceae,Erica,Erica umbellata,Erica
Fumana,Plantae,Tracheophyta,Magnoliopsida,Malvales,Cistaceae,Fumana,NA,Fumana
Herniaria,Plantae,Tracheophyta,Magnoliopsida,Caryophyllales,Caryophyllaceae,Herniaria,NA,Herniaria
Lithospermum,Plantae,Tracheophyta,Magnoliopsida,Boraginales,Boraginaceae,Lithospermum,NA,Lithospermum
Lotus,Plantae,Tracheophyta,Magnoliopsida,Fabales,Fabaceae,Lotus,NA,Lotus
Mentha,Plantae,Tracheophyta,Magnoliopsida,Lamiales,Lamiaceae,Mentha,NA,Mentha
Onobrychis,Plantae,Tracheophyta,Magnoliopsida,Fabales,Fabaceae,Onobrychis,NA,Onobrychis
Paronychia,Plantae,Tracheophyta,Magnoliopsida,Caryophyllales,Caryophyllaceae,Paronychia,NA,Paronychia
Serratula,Plantae,Tracheophyta,Magnoliopsida,Asterales,Asteraceae,Serratula,NA,Serratula
Sinapis,Plantae,Tracheophyta,Magnoliopsida,Brassicales,Brassicaceae,Sinapis,NA,Sinapis
Trollius,Plantae,Tracheophyta,Magnoliopsida,Ranunculales,Ranunculaceae,Trollius,NA,Trollius
Cannabis sativa,Plantae,Tracheophyta,Magnoliopsida,Rosales,Cannabaceae,Cannabis,Cannabis sativa,Cannabis
Cornus sanguinea,Plantae,Tracheophyta,Magnoliopsida,Cornales,Cornaceae,Cornus,Cornus sanguinea,Cornus
Ericaceae undiff.,Plantae,Tracheophyta,Magnoliopsida,Ericales,Ericaceae,Ericaceae,NA,Ericaceae
Iris,Plantae,Tracheophyta,Liliopsida,Asparagales,Iridaceae,Iris,NA,Iris
Lathyrus,Plantae,Tracheophyta,Magnoliopsida,Fabales,Fabaceae,Lathyrus,NA,Lathyrus
Linum,Plantae,Tracheophyta,Magnoliopsida,Malpighiales,Linaceae,Linum,NA,Linum
Malva,Plantae,Tracheophyta,Magnoliopsida,Malvales,Malvaceae,Malva,NA,Malva
Polygonaceae,Plantae,Tracheophyta,Magnoliopsida,Caryophyllales,Polygonaceae,Polygonaceae,NA,Polygonaceae
Rhamnus cathartica,Plantae,Tracheophyta,Magnoliopsida,Rosales,Rhamnaceae,Rhamnus,Rhamnus cathartica,Rhamnus
Sambucus nigra,Plantae,Tracheophyta,Magnoliopsida,Dipsacales,Viburnaceae,Sambucus,Sambucus nigra,Sambucus
Secale cereale,Plantae,Tracheophyta,Liliopsida,Poales,Poaceae,Secale,Secale cereale,Secale
Viola,Plantae,Tracheophyta,Magnoliopsida,Malpighiales,Violaceae,Viola,NA,Viola
Aesculus,Plantae,Tracheophyta,Magnoliopsida,Sapindales,Sapindaceae,Aesculus,NA,Aesculus
Avena,Plantae,Tracheophyta,Liliopsida,Poales,Poaceae,Avena,NA,Avena
Eryngium,Plantae,Tracheophyta,Magnoliopsida,Apiales,Apiaceae,Eryngium,NA,Eryngium
Helleborus,Plantae,Tracheophyta,Magnoliopsida,Ranunculales,Ranunculaceae,Helleborus,NA,Helleborus
Heracleum sphondylium,Plantae,Tracheophyta,Magnoliopsida,Apiales,Apiaceae,Heracleum,Heracleum sphondylium,Heracleum
Hordeum,Plantae,Tracheophyta,Liliopsida,Poales,Poaceae,Hordeum,NA,Hordeum
Jasione,Plantae,Tracheophyta,Magnoliopsida,Asterales,Campanulaceae,Jasione,NA,Jasione
Lobelia,Plantae,Tracheophyta,Magnoliopsida,Asterales,Campanulaceae,Lobelia,NA,Lobelia
Oxyria,Plantae,Tracheophyta,Magnoliopsida,Caryophyllales,Polygonaceae,Oxyria,NA,Oxyria
Persicaria,Plantae,Tracheophyta,Magnoliopsida,Caryophyllales,Polygonaceae,Persicaria,NA,Persicaria
Primula,Plantae,Tracheophyta,Magnoliopsida,Ericales,Primulaceae,Primula,NA,Primula
Prunus spinosa,Plantae,Tracheophyta,Magnoliopsida,Rosales,Rosaceae,Prunus,Prunus spinosa,Prunus
Anthyllis vulneraria,Plantae,Tracheophyta,Magnoliopsida,Fabales,Fabaceae,Anthyllis,Anthyllis vulneraria,Anthyllis
Chelidonium,Plantae,Tracheophyta,Magnoliopsida,Ranunculales,Papaveraceae,Chelidonium,NA,Chelidonium
Ephedra distachya-type,Plantae,Tracheophyta,Gnetopsida,Ephedrales,Ephedraceae,Ephedra,NA,Ephedra
Erica tetralix-type,Plantae,Tracheophyta,Magnoliopsida,Ericales,Ericaceae,Erica,NA,Erica
Erodium,Plantae,Tracheophyta,Magnoliopsida,Geraniales,Geraniaceae,Erodium,NA,Erodium
Micranthes stellaris-type,Plantae,Tracheophyta,Magnoliopsida,Saxifragales,Saxifragaceae,Micranthes,NA,Micranthes
Mimulus,Plantae,Tracheophyta,Magnoliopsida,Lamiales,Phrymaceae,Mimulus,NA,Mimulus
Montia fontana,Plantae,Tracheophyta,Magnoliopsida,Caryophyllales,Montiaceae,Montia,Montia fontana,Montia
Ononis,Plantae,Tracheophyta,Magnoliopsida,Fabales,Fabaceae,Ononis,NA,Ononis
Pinguicula,Plantae,Tracheophyta,Magnoliopsida,Lamiales,Lentibulariaceae,Pinguicula,NA,Pinguicula
Plantago coronopus-type,Plantae,Tracheophyta,Magnoliopsida,Lamiales,Plantaginaceae,Plantago,NA,Plantago
Plantago major/P. media-type,Plantae,Tracheophyta,Magnoliopsida,Lamiales,Plantaginaceae,Plantago,NA,Plantago
Plantago maritima-type,Plantae,Tracheophyta,Magnoliopsida,Lamiales,Plantaginaceae,Plantago,NA,Plantago
Poterium sanguisorba,Plantae,Tracheophyta,Magnoliopsida,Rosales,Rosaceae,Poterium,Poterium sanguisorba,Poterium
Saxifraga hypnoides-type,Plantae,Tracheophyta,Magnoliopsida,Saxifragales,Saxifragaceae,Saxifraga,NA,Saxifraga
Scutellaria,Plantae,Tracheophyta,Magnoliopsida,Lamiales,Lamiaceae,Scutellaria,NA,Scutellaria
Silene dioica-type,Plantae,Tracheophyta,Magnoliopsida,Caryophyllales,Caryophyllaceae,Silene,NA,Silene
Silene flos-cuculi,Plantae,Tracheophyta,Magnoliopsida,Caryophyllales,Caryophyllaceae,Silene,Silene flos-cuculi,Silene
Stellaria holostea,Plantae,Tracheophyta,Magnoliopsida,Caryophyllales,Caryophyllaceae,Rabelera,Rabelera holostea,Rabelera
Valeriana officinalis-type,Plantae,Tracheophyta,Magnoliopsida,Dipsacales,Caprifoliaceae,Valeriana,NA,Valeriana
Acacia,Plantae,Tracheophyta,Magnoliopsida,Fabales,Fabaceae,Acacia,NA,Acacia
Adenostyles,Plantae,Tracheophyta,Magnoliopsida,Asterales,Asteraceae,Adenostyles,NA,Adenostyles
Calceolaria,Plantae,Tracheophyta,Magnoliopsida,Lamiales,Calceolariaceae,Calceolaria,NA,Calceolaria
Carex,Plantae,Tracheophyta,Liliopsida,Poales,Cyperaceae,Carex,NA,Carex
Cicuta virosa,Plantae,Tracheophyta,Magnoliopsida,Apiales,Apiaceae,Cicuta,Cicuta virosa,Cicuta
Coronilla,Plantae,Tracheophyta,Magnoliopsida,Fabales,Fabaceae,Coronilla,NA,Coronilla
Dalechampia,Plantae,Tracheophyta,Magnoliopsida,Malpighiales,Euphorbiaceae,Dalechampia,NA,Dalechampia
Gladiolus,Plantae,Tracheophyta,Liliopsida,Asparagales,Iridaceae,Gladiolus,NA,Gladiolus
Glaucium,Plantae,Tracheophyta,Magnoliopsida,Ranunculales,Papaveraceae,Glaucium,NA,Glaucium
Helianthus,Plantae,Tracheophyta,Magnoliopsida,Asterales,Asteraceae,Helianthus,NA,Helianthus
Ligustrum vulgare,Plantae,Tracheophyta,Magnoliopsida,Lamiales,Oleaceae,Ligustrum,Ligustrum vulgare,Ligustrum
Lilium martagon,Plantae,Tracheophyta,Liliopsida,Liliales,Liliaceae,Lilium,Lilium martagon,Lilium
Limosella,Plantae,Tracheophyta,Magnoliopsida,Lamiales,Scrophulariaceae,Limosella,NA,Limosella
Luzula,Plantae,Tracheophyta,Liliopsida,Poales,Juncaceae,Luzula,NA,Luzula
Portulaca oleracea-type,Plantae,Tracheophyta,Magnoliopsida,Caryophyllales,Portulacaceae,Portulaca,NA,Portulaca
Primula vulgaris,Plantae,Tracheophyta,Magnoliopsida,Ericales,Primulaceae,Primula,Primula vulgaris,Primula
Rhododendron,Plantae,Tracheophyta,Magnoliopsida,Ericales,Ericaceae,Rhododendron,NA,Rhododendron
Silene dioica,Plantae,Tracheophyta,Magnoliopsida,Caryophyllales,Caryophyllaceae,Silene,Silene dioica,Silene
Viburnum opulus,Plantae,Tracheophyta,Magnoliopsida,Dipsacales,Viburnaceae,Viburnum,Viburnum opulus,Viburnum
Zea,Plantae,Tracheophyta,Liliopsida,Poales,Poaceae,Zea,NA,Zea
Acer campestre-type,Plantae,Tracheophyta,Magnoliopsida,Sapindales,Sapindaceae,Acer,NA,Acer
Apiaceae undiff.,Plantae,Tracheophyta,Magnoliopsida,Apiales,Apiaceae,Apiaceae,NA,Apiaceae
Campanulaceae undiff.,Plantae,Tracheophyta,Magnoliopsida,Asterales,Campanulaceae,Campanulaceae,NA,Campanulaceae
Castanea sativa,Plantae,Tracheophyta,Magnoliopsida,Fagales,Fagaceae,Castanea,Castanea sativa,Castanea
Centaurea jacea-type,Plantae,Tracheophyta,Magnoliopsida,Asterales,Asteraceae,Centaurea,NA,Centaurea
Convolvulus arvensis,Plantae,Tracheophyta,Magnoliopsida,Solanales,Convolvulaceae,Convolvulus,Convolvulus arvensis,Convolvulus
Cyperaceae undiff.,Plantae,Tracheophyta,Liliopsida,Poales,Cyperaceae,Cyperaceae,NA,Cyperaceae
Fallopia convolvulus-type,Plantae,Tracheophyta,Magnoliopsida,Caryophyllales,Polygonaceae,Fallopia,NA,Fallopia
Gypsophila,Plantae,Tracheophyta,Magnoliopsida,Caryophyllales,Caryophyllaceae,Gypsophila,NA,Gypsophila
Lysimachia,Plantae,Tracheophyta,Magnoliopsida,Ericales,Primulaceae,Lysimachia,NA,Lysimachia
Mercurialis perennis,Plantae,Tracheophyta,Magnoliopsida,Malpighiales,Euphorbiaceae,Mercurialis,Mercurialis perennis,Mercurialis
Ranunculus acris-type,Plantae,Tracheophyta,Magnoliopsida,Ranunculales,Ranunculaceae,Ranunculus,NA,Ranunculus
Scleranthus perennis,Plantae,Tracheophyta,Magnoliopsida,Caryophyllales,Caryophyllaceae,Scleranthus,Scleranthus perennis,Scleranthus
Scrophulariaceae undiff.,Plantae,Tracheophyta,Magnoliopsida,Lamiales,Scrophulariaceae,Scrophulariaceae,NA,Scrophulariaceae
Solanum dulcamara,Plantae,Tracheophyta,Magnoliopsida,Solanales,Solanaceae,Solanum,Solanum dulcamara,Solanum
Viscum album,Plantae,Tracheophyta,Magnoliopsida,Santalales,Viscaceae,Viscum,Viscum album,Viscum
Adoxa moschatellina,Plantae,Tracheophyta,Magnoliopsida,Dipsacales,Viburnaceae,Adoxa,Adoxa moschatellina,Adoxa
Anemone nemorosa-type,Plantae,Tracheophyta,Magnoliopsida,Ranunculales,Ranunculaceae,Anemone,NA,Anemone
Arctostaphylos uva-ursi,Plantae,Tracheophyta,Magnoliopsida,Ericales,Ericaceae,Arctostaphylos,Arctostaphylos uva-ursi,Arctostaphylos
Astragalus alpinus,Plantae,Tracheophyta,Magnoliopsida,Fabales,Fabaceae,Astragalus,Astragalus alpinus,Astragalus
Astragalus cf. A. glycyphyllos,Plantae,Tracheophyta,Magnoliopsida,Fabales,Fabaceae,Astragalus,NA,Astragalus
Cornus suecica,Plantae,Tracheophyta,Magnoliopsida,Cornales,Cornaceae,Cornus,Cornus suecica,Cornus
Humulus lupulus,Plantae,Tracheophyta,Magnoliopsida,Rosales,Cannabaceae,Humulus,Humulus lupulus,Humulus
Hypericum perforatum,Plantae,Tracheophyta,Magnoliopsida,Malpighiales,Hypericaceae,Hypericum,Hypericum perforatum,Hypericum
Juniperus communis,Plantae,Tracheophyta,Pinopsida,Pinales,Cupressaceae,Juniperus,Juniperus communis,Juniperus
Papaver rhoeas-type,Plantae,Tracheophyta,Magnoliopsida,Ranunculales,Papaveraceae,Papaver,NA,Papaver
Potentilla recta,Plantae,Tracheophyta,Magnoliopsida,Rosales,Rosaceae,Potentilla,Potentilla recta,Potentilla
Prunus padus,Plantae,Tracheophyta,Magnoliopsida,Rosales,Rosaceae,Prunus,Prunus padus,Prunus
Ranunculus undiff.,Plantae,Tracheophyta,Magnoliopsida,Ranunculales,Ranunculaceae,Ranunculus,NA,Ranunculus
Rhododendron tomentosum,Plantae,Tracheophyta,Magnoliopsida,Ericales,Ericaceae,Rhododendron,Rhododendron tomentosum,Rhododendron
Sorbus aucuparia,Plantae,Tracheophyta,Magnoliopsida,Rosales,Rosaceae,Sorbus,Sorbus aucuparia,Sorbus
Stachys sylvatica-type,Plantae,Tracheophyta,Magnoliopsida,Lamiales,Lamiaceae,Stachys,NA,Stachys
Trientalis europaea,Plantae,Tracheophyta,Magnoliopsida,Ericales,Primulaceae,Lysimachia,Trientalis europaea,Lysimachia
Gentianella campestris-type,Plantae,Tracheophyta,Magnoliopsida,Gentianales,Gentianaceae,Gentianella,NA,Gentianella
Silene vulgaris-type,Plantae,Tracheophyta,Magnoliopsida,Caryophyllales,Caryophyllaceae,Silene,NA,Silene
Valeriana officinalis,Plantae,Tracheophyta,Magnoliopsida,Dipsacales,Caprifoliaceae,Valeriana,Valeriana officinalis,Valeriana
Rumex subg. Rumex,Plantae,Tracheophyta,Magnoliopsida,Caryophyllales,Polygonaceae,Rumex,NA,Rumex
Trientalis,Plantae,Tracheophyta,Magnoliopsida,Ericales,Primulaceae,Lysimachia,NA,Lysimachia
Achillea,Plantae,Tracheophyta,Magnoliopsida,Asterales,Asteraceae,Achillea,NA,Achillea
Alchemilla,Plantae,Tracheophyta,Magnoliopsida,Rosales,Rosaceae,Alchemilla,NA,Alchemilla
Arctous alpina,Plantae,Tracheophyta,Magnoliopsida,Ericales,Ericaceae,Arctostaphylos,Arctostaphylos alpinus,Arctostaphylos
Arenaria,Plantae,Tracheophyta,Magnoliopsida,Caryophyllales,Caryophyllaceae,Arenaria,NA,Arenaria
Artemisia norvegica,Plantae,Tracheophyta,Magnoliopsida,Asterales,Asteraceae,Artemisia,Artemisia norvegica,Artemisia
Astragalus frigidus,Plantae,Tracheophyta,Magnoliopsida,Fabales,Fabaceae,Astragalus,Astragalus frigidus,Astragalus
Bistorta,Plantae,Tracheophyta,Magnoliopsida,Caryophyllales,Polygonaceae,Bistorta,NA,Bistorta
Convallaria,Plantae,Tracheophyta,Liliopsida,Asparagales,Asparagaceae,Convallaria,NA,Convallaria
Ephedra distachya,Plantae,Tracheophyta,Gnetopsida,Ephedrales,Ephedraceae,Ephedra,Ephedra distachya,Ephedra
Ephedra fragilis,Plantae,Tracheophyta,Gnetopsida,Ephedrales,Ephedraceae,Ephedra,Ephedra fragilis,Ephedra
Euphrasia,Plantae,Tracheophyta,Magnoliopsida,Lamiales,Orobanchaceae,Euphrasia,NA,Euphrasia
Gentiana campestris,Plantae,Tracheophyta,Magnoliopsida,Gentianales,Gentianaceae,Gentianella,Gentianella campestris,Gentianella
Gentiana nivalis,Plantae,Tracheophyta,Magnoliopsida,Gentianales,Gentianaceae,Gentiana,Gentiana nivalis,Gentiana
Geum,Plantae,Tracheophyta,Magnoliopsida,Rosales,Rosaceae,Geum,NA,Geum
Micranthes stellaris,Plantae,Tracheophyta,Magnoliopsida,Saxifragales,Saxifragaceae,Micranthes,Micranthes stellaris,Micranthes
Myricaria,Plantae,Tracheophyta,Magnoliopsida,Caryophyllales,Tamaricaceae,Myricaria,NA,Myricaria
Parnassia,Plantae,Tracheophyta,Magnoliopsida,Celastrales,Parnassiaceae,Parnassia,NA,Parnassia
Ranunculus sp.,Plantae,Tracheophyta,Magnoliopsida,Ranunculales,Ranunculaceae,Ranunculus,NA,Ranunculus
Rubus sp.,Plantae,Tracheophyta,Magnoliopsida,Rosales,Rosaceae,Rubus,NA,Rubus
Rumex longifolius,Plantae,Tracheophyta,Magnoliopsida,Caryophyllales,Polygonaceae,Rumex,Rumex longifolius,Rumex
Sagina,Plantae,Tracheophyta,Magnoliopsida,Caryophyllales,Caryophyllaceae,Sagina,NA,Sagina
Salix herbacea,Plantae,Tracheophyta,Magnoliopsida,Malpighiales,Salicaceae,Salix,Salix herbacea,Salix
Saxifraga hirculus,Plantae,Tracheophyta,Magnoliopsida,Saxifragales,Saxifragaceae,Saxifraga,Saxifraga hirculus,Saxifraga
Sibbaldia,Plantae,Tracheophyta,Magnoliopsida,Rosales,Rosaceae,Sibbaldia,NA,Sibbaldia
Silene acaulis,Plantae,Tracheophyta,Magnoliopsida,Caryophyllales,Caryophyllaceae,Silene,Silene acaulis,Silene
Tofieldia,Plantae,Tracheophyta,Liliopsida,Alismatales,Tofieldiaceae,Tofieldia,NA,Tofieldia
Verbascum,Plantae,Tracheophyta,Magnoliopsida,Lamiales,Scrophulariaceae,Verbascum,NA,Verbascum
Veronica,Plantae,Tracheophyta,Magnoliopsida,Lamiales,Plantaginaceae,Veronica,NA,Veronica
Astragalus cf. A. alpinus,Plantae,Tracheophyta,Magnoliopsida,Fabales,Fabaceae,Astragalus,NA,Astragalus
Geranium sylvaticum-type,Plantae,Tracheophyta,Magnoliopsida,Geraniales,Geraniaceae,Geranium,NA,Geranium
Rumex acetosa/R. acetosella-type,Plantae,Tracheophyta,Magnoliopsida,Caryophyllales,Polygonaceae,Rumex,NA,Rumex
Rumex acetosella-type,Plantae,Tracheophyta,Magnoliopsida,Caryophyllales,Polygonaceae,Rumex,NA,Rumex
Salix herbacea-type,Plantae,Tracheophyta,Magnoliopsida,Malpighiales,Salicaceae,Salix,NA,Salix
Salix undiff.,Plantae,Tracheophyta,Magnoliopsida,Malpighiales,Salicaceae,Salix,NA,Salix
Tofieldia pusilla,Plantae,Tracheophyta,Liliopsida,Alismatales,Tofieldiaceae,Tofieldia,Tofieldia pusilla,Tofieldia
Trollius europaeus,Plantae,Tracheophyta,Magnoliopsida,Ranunculales,Ranunculaceae,Trollius,Trollius europaeus,Trollius
Valeriana excelsa subsp. sambucifolia-type,Plantae,Tracheophyta,Magnoliopsida,Dipsacales,Caprifoliaceae,Valeriana,Valeriana excelsa,Valeriana
Cannabaceae undiff.,Plantae,Tracheophyta,Magnoliopsida,Rosales,Cannabaceae,Cannabaceae,NA,Cannabaceae
Cerastium cerastoides-type,Plantae,Tracheophyta,Magnoliopsida,Caryophyllales,Caryophyllaceae,Cerastium,NA,Cerastium
Geranium sylvaticum,Plantae,Tracheophyta,Magnoliopsida,Geraniales,Geraniaceae,Geranium,Geranium sylvaticum,Geranium
Pedicularis palustris-type,Plantae,Tracheophyta,Magnoliopsida,Lamiales,Orobanchaceae,Pedicularis,NA,Pedicularis
Silene acaulis-type,Plantae,Tracheophyta,Magnoliopsida,Caryophyllales,Caryophyllaceae,Silene,NA,Silene
Artemisia cf. A. norvegica,Plantae,Tracheophyta,Magnoliopsida,Asterales,Asteraceae,Artemisia,NA,Artemisia
Lobelia dortmanna,Plantae,Tracheophyta,Magnoliopsida,Asterales,Campanulaceae,Lobelia,Lobelia dortmanna,Lobelia
Micranthes nivalis-type,Plantae,Tracheophyta,Magnoliopsida,Saxifragales,Saxifragaceae,Micranthes,NA,Micranthes
Populus tremula,Plantae,Tracheophyta,Magnoliopsida,Malpighiales,Salicaceae,Populus,Populus tremula,Populus
Rumex longifolius-type,Plantae,Tracheophyta,Magnoliopsida,Caryophyllales,Polygonaceae,Rumex,NA,Rumex
Saxifraga cespitosa-type,Plantae,Tracheophyta,Magnoliopsida,Saxifragales,Saxifragaceae,Saxifraga,NA,Saxifraga
Cerastium,Plantae,Tracheophyta,Magnoliopsida,Caryophyllales,Caryophyllaceae,Cerastium,NA,Cerastium
Ephedra distachya subsp. helvetica-type,Plantae,Tracheophyta,Gnetopsida,Ephedrales,Ephedraceae,Ephedra,Ephedra distachya,Ephedra
Ephedra fragilis-type,Plantae,Tracheophyta,Gnetopsida,Ephedrales,Ephedraceae,Ephedra,NA,Ephedra
Erica,Plantae,Tracheophyta,Magnoliopsida,Ericales,Ericaceae,Erica,NA,Erica
Silene,Plantae,Tracheophyta,Magnoliopsida,Caryophyllales,Caryophyllaceae,Silene,NA,Silene
Cornus suecica (thick wall),Plantae,Tracheophyta,Magnoliopsida,Cornales,Cornaceae,Cornus,Cornus suecica,Cornus
Ericaceae cf. Calluna,Plantae,Tracheophyta,Magnoliopsida,Ericales,Ericaceae,Ericaceae,NA,Ericaceae
Euphorbiaceae cf. Mercurialis,Plantae,Tracheophyta,Magnoliopsida,Malpighiales,Euphorbiaceae,Euphorbiaceae,NA,Euphorbiaceae
Onagraceae cf. Epilobium,Plantae,Tracheophyta,Magnoliopsida,Myrtales,Onagraceae,Onagraceae,NA,Onagraceae
Rubus cf. R. idaeus,Plantae,Tracheophyta,Magnoliopsida,Rosales,Rosaceae,Rubus,NA,Rubus
Anagallis cf. A. arvensis,Plantae,Tracheophyta,Magnoliopsida,Ericales,Primulaceae,Lysimachia,NA,Lysimachia
Anagallis cf. A. tenella,Plantae,Tracheophyta,Magnoliopsida,Ericales,Primulaceae,Lysimachia,NA,Lysimachia
Cannabaceae,Plantae,Tracheophyta,Magnoliopsida,Rosales,Cannabaceae,Cannabaceae,NA,Cannabaceae
Centaurea cyanus-type,Plantae,Tracheophyta,Magnoliopsida,Asterales,Asteraceae,Centaurea,NA,Centaurea
Centaurea nigra-type,Plantae,Tracheophyta,Magnoliopsida,Asterales,Asteraceae,Centaurea,NA,Centaurea
Diapensia lapponica,Plantae,Tracheophyta,Magnoliopsida,Ericales,Diapensiaceae,Diapensia,Diapensia lapponica,Diapensia
Polygonum cf. P. aviculare,Plantae,Tracheophyta,Magnoliopsida,Caryophyllales,Polygonaceae,Polygonum,NA,Polygonum
Primula farinosa,Plantae,Tracheophyta,Magnoliopsida,Ericales,Primulaceae,Primula,Primula farinosa,Primula
Rumex cf. R. longifolius,Plantae,Tracheophyta,Magnoliopsida,Caryophyllales,Polygonaceae,Rumex,NA,Rumex
"Alnus (shrub, pale shallow pores)",Plantae,Tracheophyta,Magnoliopsida,Fagales,Betulaceae,Alnus,NA,Alnus
"Alnus (tree, robust deep pores)",Plantae,Tracheophyta,Magnoliopsida,Fagales,Betulaceae,Alnus,NA,Alnus
Betula (hybrid),Plantae,Tracheophyta,Magnoliopsida,Fagales,Betulaceae,Betula,NA,Betula
Betula (tree),Plantae,Tracheophyta,Magnoliopsida,Fagales,Betulaceae,Betula,NA,Betula
Cannabaceae cf. Cannabis sativa,Plantae,Tracheophyta,Magnoliopsida,Rosales,Cannabaceae,Cannabaceae,NA,Cannabaceae
Centaurea cf. C. cyanus,Plantae,Tracheophyta,Magnoliopsida,Asterales,Asteraceae,Centaurea,NA,Centaurea
Micranthes cf. M. stellaris,Plantae,Tracheophyta,Magnoliopsida,Saxifragales,Saxifragaceae,Micranthes,NA,Micranthes
Plantago cf. P. coronopus,Plantae,Tracheophyta,Magnoliopsida,Lamiales,Plantaginaceae,Plantago,NA,Plantago
Saxifraga cf. S. oppositifolia,Plantae,Tracheophyta,Magnoliopsida,Saxifragales,Saxifragaceae,Saxifraga,NA,Saxifraga
Saxifraga granulata-type,Plantae,Tracheophyta,Magnoliopsida,Saxifragales,Saxifragaceae,Saxifraga,NA,Saxifraga
Spergularia,Plantae,Tracheophyta,Magnoliopsida,Caryophyllales,Caryophyllaceae,Spergularia,NA,Spergularia
Anagallis arvensis,Plantae,Tracheophyta,Magnoliopsida,Ericales,Primulaceae,Lysimachia,Lysimachia arvensis,Lysimachia
Corylus avellana-type,Plantae,Tracheophyta,Magnoliopsida,Fagales,Betulaceae,Corylus,NA,Corylus
Jasione montana,Plantae,Tracheophyta,Magnoliopsida,Asterales,Campanulaceae,Jasione,Jasione montana,Jasione
Vicia sylvatica-type,Plantae,Tracheophyta,Magnoliopsida,Fabales,Fabaceae,Vicia,NA,Vicia
Alnus glutinosa-type,Plantae,Tracheophyta,Magnoliopsida,Fagales,Betulaceae,Alnus,NA,Alnus
Anthriscus sylvestris-type,Plantae,Tracheophyta,Magnoliopsida,Apiales,Apiaceae,Anthriscus,NA,Anthriscus
Bidens,Plantae,Tracheophyta,Magnoliopsida,Asterales,Asteraceae,Bidens,NA,Bidens
Chaerophyllum hirsutum-type,Plantae,Tracheophyta,Magnoliopsida,Apiales,Apiaceae,Chaerophyllum,NA,Chaerophyllum
Dipsacus,Plantae,Tracheophyta,Magnoliopsida,Dipsacales,Caprifoliaceae,Dipsacus,NA,Dipsacus
Lonicera xylosteum,Plantae,Tracheophyta,Magnoliopsida,Dipsacales,Caprifoliaceae,Lonicera,Lonicera xylosteum,Lonicera
Phyteuma,Plantae,Tracheophyta,Magnoliopsida,Asterales,Campanulaceae,Phyteuma,NA,Phyteuma
Pimpinella major-type,Plantae,Tracheophyta,Magnoliopsida,Apiales,Apiaceae,Pimpinella,NA,Pimpinella
Ranunculus arvensis,Plantae,Tracheophyta,Magnoliopsida,Ranunculales,Ranunculaceae,Ranunculus,Ranunculus arvensis,Ranunculus
Rumex obtusifolius-type,Plantae,Tracheophyta,Magnoliopsida,Caryophyllales,Polygonaceae,Rumex,NA,Rumex
Vicia cracca-type,Plantae,Tracheophyta,Magnoliopsida,Fabales,Fabaceae,Vicia,NA,Vicia
Carduus,Plantae,Tracheophyta,Magnoliopsida,Asterales,Asteraceae,Carduus,NA,Carduus
Carum carvi,Plantae,Tracheophyta,Magnoliopsida,Apiales,Apiaceae,Carum,Carum carvi,Carum
Chamaenerion angustifolium-type,Plantae,Tracheophyta,Magnoliopsida,Myrtales,Onagraceae,Chamaenerion,NA,Chamaenerion
Daucus,Plantae,Tracheophyta,Magnoliopsida,Apiales,Apiaceae,Daucus,NA,Daucus
Polygonatum,Plantae,Tracheophyta,Liliopsida,Asparagales,Asparagaceae,Polygonatum,NA,Polygonatum
Sanicula europaea,Plantae,Tracheophyta,Magnoliopsida,Apiales,Apiaceae,Sanicula,Sanicula europaea,Sanicula
Viburnum lantana,Plantae,Tracheophyta,Magnoliopsida,Dipsacales,Viburnaceae,Viburnum,Viburnum lantana,Viburnum
Gagea,Plantae,Tracheophyta,Liliopsida,Liliales,Liliaceae,Gagea,NA,Gagea
Knautia,Plantae,Tracheophyta,Magnoliopsida,Dipsacales,Caprifoliaceae,Knautia,NA,Knautia
Pinus cembra-type,Plantae,Tracheophyta,Pinopsida,Pinales,Pinaceae,Pinus,NA,Pinus
Plantago sp.,Plantae,Tracheophyta,Magnoliopsida,Lamiales,Plantaginaceae,Plantago,NA,Plantago
Pulmonaria,Plantae,Tracheophyta,Magnoliopsida,Boraginales,Boraginaceae,Pulmonaria,NA,Pulmonaria
Symphytum,Plantae,Tracheophyta,Magnoliopsida,Boraginales,Boraginaceae,Symphytum,NA,Symphytum
Fallopia,Plantae,Tracheophyta,Magnoliopsida,Caryophyllales,Polygonaceae,Fallopia,NA,Fallopia
Gypsophila repens-type,Plantae,Tracheophyta,Magnoliopsida,Caryophyllales,Caryophyllaceae,Gypsophila,NA,Gypsophila
Koenigia alpina,Plantae,Tracheophyta,Magnoliopsida,Caryophyllales,Polygonaceae,Koenigia,Koenigia alpina,Koenigia
Montia,Plantae,Tracheophyta,Magnoliopsida,Caryophyllales,Montiaceae,Montia,NA,Montia
Papaveraceae,Plantae,Tracheophyta,Magnoliopsida,Ranunculales,Papaveraceae,Papaveraceae,NA,Papaveraceae
Plantago major-type,Plantae,Tracheophyta,Magnoliopsida,Lamiales,Plantaginaceae,Plantago,NA,Plantago
Pleurospermum austriacum,Plantae,Tracheophyta,Magnoliopsida,Apiales,Apiaceae,Pleurospermum,Pleurospermum austriacum,Pleurospermum
Scleranthus annuus,Plantae,Tracheophyta,Magnoliopsida,Caryophyllales,Caryophyllaceae,Scleranthus,Scleranthus annuus,Scleranthus
Soldanella,Plantae,Tracheophyta,Magnoliopsida,Ericales,Primulaceae,Soldanella,NA,Soldanella
Valeriana dioica-type,Plantae,Tracheophyta,Magnoliopsida,Dipsacales,Caprifoliaceae,Valeriana,NA,Valeriana
Plantago media-type,Plantae,Tracheophyta,Magnoliopsida,Lamiales,Plantaginaceae,Plantago,NA,Plantago
Centaurea stoebe-type,Plantae,Tracheophyta,Magnoliopsida,Asterales,Asteraceae,Centaurea,NA,Centaurea
Galeopsis,Plantae,Tracheophyta,Magnoliopsida,Lamiales,Lamiaceae,Galeopsis,NA,Galeopsis
Gentiana asclepiadea-type,Plantae,Tracheophyta,Magnoliopsida,Gentianales,Gentianaceae,Gentiana,NA,Gentiana
Lysimachia vulgaris,Plantae,Tracheophyta,Magnoliopsida,Ericales,Primulaceae,Lysimachia,Lysimachia vulgaris,Lysimachia
Oxalis,Plantae,Tracheophyta,Magnoliopsida,Oxalidales,Oxalidaceae,Oxalis,NA,Oxalis
Ribes cf. R. alpinum,Plantae,Tracheophyta,Magnoliopsida,Saxifragales,Grossulariaceae,Ribes,NA,Ribes
Sambucus cf. S. ebulus,Plantae,Tracheophyta,Magnoliopsida,Dipsacales,Viburnaceae,Sambucus,NA,Sambucus
Valeriana dioica subsp. simplicifolia,Plantae,Tracheophyta,Magnoliopsida,Dipsacales,Caprifoliaceae,Valeriana,Valeriana dioica,Valeriana
Veratrum,Plantae,Tracheophyta,Liliopsida,Liliales,Melanthiaceae,Veratrum,NA,Veratrum
Viola arvensis-type,Plantae,Tracheophyta,Magnoliopsida,Malpighiales,Violaceae,Viola,NA,Viola
Lysimachia nemorum,Plantae,Tracheophyta,Magnoliopsida,Ericales,Primulaceae,Lysimachia,Lysimachia nemorum,Lysimachia
Pinguicula vulgaris,Plantae,Tracheophyta,Magnoliopsida,Lamiales,Lentibulariaceae,Pinguicula,Pinguicula vulgaris,Pinguicula
Helianthemum nummularium-type,Plantae,Tracheophyta,Magnoliopsida,Malvales,Cistaceae,Helianthemum,NA,Helianthemum
Helianthemum oelandicum subsp. alpestris-type,Plantae,Tracheophyta,Magnoliopsida,Malvales,Cistaceae,Helianthemum,Helianthemum oelandicum,Helianthemum
Paradisea liliastrum,Plantae,Tracheophyta,Liliopsida,Asparagales,Asparagaceae,Paradisea,Paradisea liliastrum,Paradisea
Pinus cembra,Plantae,Tracheophyta,Pinopsida,Pinales,Pinaceae,Pinus,Pinus cembra,Pinus
Plantago alpina-type,Plantae,Tracheophyta,Magnoliopsida,Lamiales,Plantaginaceae,Plantago,NA,Plantago
Plantago atrata-type,Plantae,Tracheophyta,Magnoliopsida,Lamiales,Plantaginaceae,Plantago,NA,Plantago
Androsace,Plantae,Tracheophyta,Magnoliopsida,Ericales,Primulaceae,Androsace,NA,Androsace
Bupleurum,Plantae,Tracheophyta,Magnoliopsida,Apiales,Apiaceae,Bupleurum,NA,Bupleurum
Centaurea nigra,Plantae,Tracheophyta,Magnoliopsida,Asterales,Asteraceae,Centaurea,Centaurea nigra,Centaurea
Crassulaceae,Plantae,Tracheophyta,Magnoliopsida,Saxifragales,Crassulaceae,Crassulaceae,NA,Crassulaceae
Linaria,Plantae,Tracheophyta,Magnoliopsida,Lamiales,Plantaginaceae,Linaria,NA,Linaria
Odontites,Plantae,Tracheophyta,Magnoliopsida,Lamiales,Orobanchaceae,Odontites,NA,Odontites
Oleaceae,Plantae,Tracheophyta,Magnoliopsida,Lamiales,Oleaceae,Oleaceae,NA,Oleaceae
Ostrya,Plantae,Tracheophyta,Magnoliopsida,Fagales,Betulaceae,Ostrya,NA,Ostrya
Quercus ilex-type,Plantae,Tracheophyta,Magnoliopsida,Fagales,Fagaceae,Quercus,NA,Quercus
Quercus robur-type,Plantae,Tracheophyta,Magnoliopsida,Fagales,Fagaceae,Quercus,NA,Quercus
Urticaceae,Plantae,Tracheophyta,Magnoliopsida,Rosales,Urticaceae,Urticaceae,NA,Urticaceae
Calystegia,Plantae,Tracheophyta,Magnoliopsida,Solanales,Convolvulaceae,Calystegia,NA,Calystegia
Centaurea jacea,Plantae,Tracheophyta,Magnoliopsida,Asterales,Asteraceae,Centaurea,Centaurea jacea,Centaurea
Cynoglossum,Plantae,Tracheophyta,Magnoliopsida,Boraginales,Boraginaceae,Cynoglossum,NA,Cynoglossum
Dianthus,Plantae,Tracheophyta,Magnoliopsida,Caryophyllales,Caryophyllaceae,Dianthus,NA,Dianthus
Digitalis,Plantae,Tracheophyta,Magnoliopsida,Lamiales,Plantaginaceae,Digitalis,NA,Digitalis
Gentiana pneumonanthe-type,Plantae,Tracheophyta,Magnoliopsida,Gentianales,Gentianaceae,Gentiana,NA,Gentiana
Linum usitatissimum,Plantae,Tracheophyta,Magnoliopsida,Malpighiales,Linaceae,Linum,Linum usitatissimum,Linum
Lotus pedunculatus,Plantae,Tracheophyta,Magnoliopsida,Fabales,Fabaceae,Lotus,Lotus pedunculatus,Lotus
Myosotis,Plantae,Tracheophyta,Magnoliopsida,Boraginales,Boraginaceae,Myosotis,NA,Myosotis
Reseda,Plantae,Tracheophyta,Magnoliopsida,Brassicales,Resedaceae,Reseda,NA,Reseda
Scleranthus,Plantae,Tracheophyta,Magnoliopsida,Caryophyllales,Caryophyllaceae,Scleranthus,NA,Scleranthus
Solanum nigrum,Plantae,Tracheophyta,Magnoliopsida,Solanales,Solanaceae,Solanum,Solanum nigrum,Solanum
Spergula arvensis,Plantae,Tracheophyta,Magnoliopsida,Caryophyllales,Caryophyllaceae,Spergula,Spergula arvensis,Spergula
Vicia cracca,Plantae,Tracheophyta,Magnoliopsida,Fabales,Fabaceae,Vicia,Vicia cracca,Vicia
Aquilegia,Plantae,Tracheophyta,Magnoliopsida,Ranunculales,Ranunculaceae,Aquilegia,NA,Aquilegia
Asphodelus,Plantae,Tracheophyta,Liliopsida,Asparagales,Asphodelaceae,Asphodelus,NA,Asphodelus
Centaurea collina,Plantae,Tracheophyta,Magnoliopsida,Asterales,Asteraceae,Centaurea,Centaurea collina,Centaurea
Convolvulus,Plantae,Tracheophyta,Magnoliopsida,Solanales,Convolvulaceae,Convolvulus,NA,Convolvulus
Juncaceae,Plantae,Tracheophyta,Liliopsida,Poales,Juncaceae,Juncaceae,NA,Juncaceae
Ceratonia,Plantae,Tracheophyta,Magnoliopsida,Fabales,Fabaceae,Ceratonia,NA,Ceratonia
Cistus,Plantae,Tracheophyta,Magnoliopsida,Malvales,Cistaceae,Cistus,NA,Cistus
Quercus suber-type,Plantae,Tracheophyta,Magnoliopsida,Fagales,Fagaceae,Quercus,NA,Quercus
Cytisus,Plantae,Tracheophyta,Magnoliopsida,Fabales,Fabaceae,Cytisus,NA,Cytisus
Lilium,Plantae,Tracheophyta,Liliopsida,Liliales,Liliaceae,Lilium,NA,Lilium
Quercus robur,Plantae,Tracheophyta,Magnoliopsida,Fagales,Fagaceae,Quercus,Quercus robur,Quercus
Spergula,Plantae,Tracheophyta,Magnoliopsida,Caryophyllales,Caryophyllaceae,Spergula,NA,Spergula
Cuscuta,Plantae,Tracheophyta,Magnoliopsida,Solanales,Convolvulaceae,Cuscuta,NA,Cuscuta
Epipactis,Plantae,Tracheophyta,Liliopsida,Asparagales,Orchidaceae,Epipactis,NA,Epipactis
Hypericum perforatum-type,Plantae,Tracheophyta,Magnoliopsida,Malpighiales,Hypericaceae,Hypericum,NA,Hypericum
Lycopsis arvensis-type,Plantae,Tracheophyta,Magnoliopsida,Boraginales,Boraginaceae,Lycopsis,NA,Lycopsis
Rhododendron subsect. Ledum,Plantae,Tracheophyta,Magnoliopsida,Ericales,Ericaceae,Rhododendron,NA,Rhododendron
Rhus coriaria-type,Plantae,Tracheophyta,Magnoliopsida,Sapindales,Anacardiaceae,Rhus,NA,Rhus
Convolvulus arvensis-type,Plantae,Tracheophyta,Magnoliopsida,Solanales,Convolvulaceae,Convolvulus,NA,Convolvulus
Cuscuta europaea-type,Plantae,Tracheophyta,Magnoliopsida,Solanales,Convolvulaceae,Cuscuta,NA,Cuscuta
Iris pseudacorus-type,Plantae,Tracheophyta,Liliopsida,Asparagales,Iridaceae,Iris,NA,Iris
Jasione montana-type,Plantae,Tracheophyta,Magnoliopsida,Asterales,Campanulaceae,Jasione,NA,Jasione
Rumex aquaticus-type,Plantae,Tracheophyta,Magnoliopsida,Caryophyllales,Polygonaceae,Rumex,NA,Rumex
Rumex crispus-type,Plantae,Tracheophyta,Magnoliopsida,Caryophyllales,Polygonaceae,Rumex,NA,Rumex
Sanguisorba minor-type,Plantae,Tracheophyta,Magnoliopsida,Rosales,Rosaceae,Sanguisorba,NA,Sanguisorba
Saxifraga aizoides-type,Plantae,Tracheophyta,Magnoliopsida,Saxifragales,Saxifragaceae,Saxifraga,NA,Saxifraga
Thesium,Plantae,Tracheophyta,Magnoliopsida,Santalales,Thesiaceae,Thesium,NA,Thesium
Tilia cordata-type,Plantae,Tracheophyta,Magnoliopsida,Malvales,Malvaceae,Tilia,NA,Tilia
Tilia platyphyllos-type,Plantae,Tracheophyta,Magnoliopsida,Malvales,Malvaceae,Tilia,NA,Tilia
Viburnum opulus-type,Plantae,Tracheophyta,Magnoliopsida,Dipsacales,Viburnaceae,Viburnum,NA,Viburnum
Cerastium alpinum-type,Plantae,Tracheophyta,Magnoliopsida,Caryophyllales,Caryophyllaceae,Cerastium,NA,Cerastium
Cerastium undiff.,Plantae,Tracheophyta,Magnoliopsida,Caryophyllales,Caryophyllaceae,Cerastium,NA,Cerastium
Filipendula vulgaris,Plantae,Tracheophyta,Magnoliopsida,Rosales,Rosaceae,Filipendula,Filipendula vulgaris,Filipendula
Hypericum pulchrum-type,Plantae,Tracheophyta,Magnoliopsida,Malpighiales,Hypericaceae,Hypericum,NA,Hypericum
Prunus cf. P. padus,Plantae,Tracheophyta,Magnoliopsida,Rosales,Rosaceae,Prunus,NA,Prunus
Rubus saxatilis,Plantae,Tracheophyta,Magnoliopsida,Rosales,Rosaceae,Rubus,Rubus saxatilis,Rubus
Salix pentandra-type,Plantae,Tracheophyta,Magnoliopsida,Malpighiales,Salicaceae,Salix,NA,Salix
Saussurea nuda,Plantae,Tracheophyta,Magnoliopsida,Asterales,Asteraceae,Saussurea,Saussurea nuda,Saussurea
Saxifraga aizoides,Plantae,Tracheophyta,Magnoliopsida,Saxifragales,Saxifragaceae,Saxifraga,Saxifraga aizoides,Saxifraga
Stellaria undiff.,Plantae,Tracheophyta,Magnoliopsida,Caryophyllales,Caryophyllaceae,Stellaria,NA,Stellaria
Succisa pratensis,Plantae,Tracheophyta,Magnoliopsida,Dipsacales,Caprifoliaceae,Succisa,Succisa pratensis,Succisa
Chrysosplenium oppositifolium,Plantae,Tracheophyta,Magnoliopsida,Saxifragales,Saxifragaceae,Chrysosplenium,Chrysosplenium oppositifolium,Chrysosplenium
Prunus avium/P. spinosa,Plantae,Tracheophyta,Magnoliopsida,Rosales,Rosaceae,Prunus,NA,Prunus
Silene uniflora subsp. uniflora-type,Plantae,Tracheophyta,Magnoliopsida,Caryophyllales,Caryophyllaceae,Silene,Silene uniflora,Silene
Alnus glutinosa/A. incana,Plantae,Tracheophyta,Magnoliopsida,Fagales,Betulaceae,Alnus,NA,Alnus
Centaurea collina-type,Plantae,Tracheophyta,Magnoliopsida,Asterales,Asteraceae,Centaurea,NA,Centaurea
Koenigia alpina-type,Plantae,Tracheophyta,Magnoliopsida,Caryophyllales,Polygonaceae,Koenigia,NA,Koenigia
Persicaria amphibia-type,Plantae,Tracheophyta,Magnoliopsida,Caryophyllales,Polygonaceae,Persicaria,NA,Persicaria
Plantago alpina,Plantae,Tracheophyta,Magnoliopsida,Lamiales,Plantaginaceae,Plantago,Plantago alpina,Plantago
Centaurea montana-type,Plantae,Tracheophyta,Magnoliopsida,Asterales,Asteraceae,Centaurea,NA,Centaurea
Eranthis hyemalis,Plantae,Tracheophyta,Magnoliopsida,Ranunculales,Ranunculaceae,Eranthis,Eranthis hyemalis,Eranthis
Falcaria vulgaris,Plantae,Tracheophyta,Magnoliopsida,Apiales,Apiaceae,Falcaria,Falcaria vulgaris,Falcaria
Petasites,Plantae,Tracheophyta,Magnoliopsida,Asterales,Asteraceae,Petasites,NA,Petasites
Rumex alpinus,Plantae,Tracheophyta,Magnoliopsida,Caryophyllales,Polygonaceae,Rumex,Rumex alpinus,Rumex
Spiraea,Plantae,Tracheophyta,Magnoliopsida,Rosales,Rosaceae,Spiraea,NA,Spiraea
Agrimonia,Plantae,Tracheophyta,Magnoliopsida,Rosales,Rosaceae,Agrimonia,NA,Agrimonia
Allium ursinum-type,Plantae,Tracheophyta,Liliopsida,Asparagales,Amaryllidaceae,Allium,NA,Allium
Anemone sect. Pulsatilla,Plantae,Tracheophyta,Magnoliopsida,Ranunculales,Ranunculaceae,Pulsatilla,NA,Pulsatilla
Anthericum,Plantae,Tracheophyta,Liliopsida,Asparagales,Asparagaceae,Anthericum,NA,Anthericum
Aruncus dioicus,Plantae,Tracheophyta,Magnoliopsida,Rosales,Rosaceae,Aruncus,Aruncus dioicus,Aruncus
Bistorta officinalis/B. vivipara,Plantae,Tracheophyta,Magnoliopsida,Caryophyllales,Polygonaceae,Bistorta,NA,Bistorta
Calystegia sepium,Plantae,Tracheophyta,Magnoliopsida,Solanales,Convolvulaceae,Calystegia,Calystegia sepium,Calystegia
Centaurea scabiosa-type,Plantae,Tracheophyta,Magnoliopsida,Asterales,Asteraceae,Centaurea,NA,Centaurea
Echium vulgare,Plantae,Tracheophyta,Magnoliopsida,Boraginales,Boraginaceae,Echium,Echium vulgare,Echium
Epipactis palustris,Plantae,Tracheophyta,Liliopsida,Asparagales,Orchidaceae,Epipactis,Epipactis palustris,Epipactis
Gypsophila fastigiata,Plantae,Tracheophyta,Magnoliopsida,Caryophyllales,Caryophyllaceae,Gypsophila,Gypsophila fastigiata,Gypsophila
Helianthemum canum-type,Plantae,Tracheophyta,Magnoliopsida,Malvales,Cistaceae,Helianthemum,NA,Helianthemum
Helianthemum oelandicum-type,Plantae,Tracheophyta,Magnoliopsida,Malvales,Cistaceae,Helianthemum,NA,Helianthemum
Linum catharticum-type,Plantae,Tracheophyta,Magnoliopsida,Malpighiales,Linaceae,Linum,NA,Linum
Lithospermum officinale,Plantae,Tracheophyta,Magnoliopsida,Boraginales,Boraginaceae,Lithospermum,Lithospermum officinale,Lithospermum
Loranthus europaeus,Plantae,Tracheophyta,Magnoliopsida,Santalales,Loranthaceae,Loranthus,Loranthus europaeus,Loranthus
Lysimachia nummularia,Plantae,Tracheophyta,Magnoliopsida,Ericales,Primulaceae,Lysimachia,Lysimachia nummularia,Lysimachia
Lythrum portula,Plantae,Tracheophyta,Magnoliopsida,Myrtales,Lythraceae,Lythrum,Lythrum portula,Lythrum
Malus,Plantae,Tracheophyta,Magnoliopsida,Rosales,Rosaceae,Malus,NA,Malus
Medicago sativa,Plantae,Tracheophyta,Magnoliopsida,Fabales,Fabaceae,Medicago,Medicago sativa,Medicago
Ranunculus flammula-type,Plantae,Tracheophyta,Magnoliopsida,Ranunculales,Ranunculaceae,Ranunculus,NA,Ranunculus
Rumex acetosa/Oxyria-type,Plantae,Tracheophyta,Magnoliopsida,Caryophyllales,Polygonaceae,Rumex,NA,Rumex
Rumex crispus,Plantae,Tracheophyta,Magnoliopsida,Caryophyllales,Polygonaceae,Rumex,Rumex crispus,Rumex
Salix glauca-type,Plantae,Tracheophyta,Magnoliopsida,Malpighiales,Salicaceae,Salix,NA,Salix
Salix polaris-type,Plantae,Tracheophyta,Magnoliopsida,Malpighiales,Salicaceae,Salix,NA,Salix
Salvia,Plantae,Tracheophyta,Magnoliopsida,Lamiales,Lamiaceae,Salvia,NA,Salvia
Scorzonera humilis-type,Plantae,Tracheophyta,Magnoliopsida,Asterales,Asteraceae,Scorzonera,NA,Scorzonera
Scrophularia,Plantae,Tracheophyta,Magnoliopsida,Lamiales,Scrophulariaceae,Scrophularia,NA,Scrophularia
Solanum nigrum-type,Plantae,Tracheophyta,Magnoliopsida,Solanales,Solanaceae,Solanum,NA,Solanum
Syringa vulgaris,Plantae,Tracheophyta,Magnoliopsida,Lamiales,Oleaceae,Syringa,Syringa vulgaris,Syringa
Trifolium repens,Plantae,Tracheophyta,Magnoliopsida,Fabales,Fabaceae,Trifolium,Trifolium repens,Trifolium
Urtica urens,Plantae,Tracheophyta,Magnoliopsida,Rosales,Urticaceae,Urtica,Urtica urens,Urtica
Valeriana dioica,Plantae,Tracheophyta,Magnoliopsida,Dipsacales,Caprifoliaceae,Valeriana,Valeriana dioica,Valeriana
Rosaceae (trees),Plantae,Tracheophyta,Magnoliopsida,Rosales,Rosaceae,Rosaceae,NA,Rosaceae
Centaurea montana,Plantae,Tracheophyta,Magnoliopsida,Asterales,Asteraceae,Centaurea,Centaurea montana,Centaurea
Heracleum,Plantae,Tracheophyta,Magnoliopsida,Apiales,Apiaceae,Heracleum,NA,Heracleum
Lilium martagon-type,Plantae,Tracheophyta,Liliopsida,Liliales,Liliaceae,Lilium,NA,Lilium
Euphorbiaceae undiff.,Plantae,Tracheophyta,Magnoliopsida,Malpighiales,Euphorbiaceae,Euphorbiaceae,NA,Euphorbiaceae
Gentiana pneumonanthe,Plantae,Tracheophyta,Magnoliopsida,Gentianales,Gentianaceae,Gentiana,Gentiana pneumonanthe,Gentiana
Jasminum,Plantae,Tracheophyta,Magnoliopsida,Lamiales,Oleaceae,Jasminum,NA,Jasminum
Solanum,Plantae,Tracheophyta,Magnoliopsida,Solanales,Solanaceae,Solanum,NA,Solanum
Viola arvensis,Plantae,Tracheophyta,Magnoliopsida,Malpighiales,Violaceae,Viola,Viola arvensis,Viola
Viola riviniana,Plantae,Tracheophyta,Magnoliopsida,Malpighiales,Violaceae,Viola,Viola riviniana,Viola
Sambucus nigra/S. racemosa,Plantae,Tracheophyta,Magnoliopsida,Dipsacales,Viburnaceae,Sambucus,NA,Sambucus
Nigella,Plantae,Tracheophyta,Magnoliopsida,Ranunculales,Ranunculaceae,Nigella,NA,Nigella
Persicaria maculosa,Plantae,Tracheophyta,Magnoliopsida,Caryophyllales,Polygonaceae,Persicaria,Persicaria maculosa,Persicaria
Chenopodium,Plantae,Tracheophyta,Magnoliopsida,Caryophyllales,Amaranthaceae,Chenopodium,NA,Chenopodium
Fraxinus ornus,Plantae,Tracheophyta,Magnoliopsida,Lamiales,Oleaceae,Fraxinus,Fraxinus ornus,Fraxinus
Genista,Plantae,Tracheophyta,Magnoliopsida,Fabales,Fabaceae,Genista,NA,Genista
Pinus pinaster-type,Plantae,Tracheophyta,Pinopsida,Pinales,Pinaceae,Pinus,NA,Pinus
Quercus coccifera,Plantae,Tracheophyta,Magnoliopsida,Fagales,Fagaceae,Quercus,Quercus coccifera,Quercus
Bruckenthalia,Plantae,Tracheophyta,Magnoliopsida,Ericales,Ericaceae,Erica,NA,Erica
Cornus mas,Plantae,Tracheophyta,Magnoliopsida,Cornales,Cornaceae,Cornus,Cornus mas,Cornus
Rheum,Plantae,Tracheophyta,Magnoliopsida,Caryophyllales,Polygonaceae,Rheum,NA,Rheum
Apium,Plantae,Tracheophyta,Magnoliopsida,Apiales,Apiaceae,Apium,NA,Apium
Araliaceae undiff.,Plantae,Tracheophyta,Magnoliopsida,Apiales,Araliaceae,Araliaceae,NA,Araliaceae
Astrantia major,Plantae,Tracheophyta,Magnoliopsida,Apiales,Apiaceae,Astrantia,Astrantia major,Astrantia
Bryonia,Plantae,Tracheophyta,Magnoliopsida,Cucurbitales,Cucurbitaceae,Bryonia,NA,Bryonia
Chelidonium majus,Plantae,Tracheophyta,Magnoliopsida,Ranunculales,Papaveraceae,Chelidonium,Chelidonium majus,Chelidonium
Cornus mas-type,Plantae,Tracheophyta,Magnoliopsida,Cornales,Cornaceae,Cornus,NA,Cornus
Euonymus europaeus,Plantae,Tracheophyta,Magnoliopsida,Celastrales,Celastraceae,Euonymus,Euonymus europaeus,Euonymus
Fallopia convolvulus,Plantae,Tracheophyta,Magnoliopsida,Caryophyllales,Polygonaceae,Fallopia,Fallopia convolvulus,Fallopia
Hippocrepis,Plantae,Tracheophyta,Magnoliopsida,Fabales,Fabaceae,Hippocrepis,NA,Hippocrepis
Linum alpinum-type,Plantae,Tracheophyta,Magnoliopsida,Malpighiales,Linaceae,Linum,NA,Linum
Oxalis acetosella,Plantae,Tracheophyta,Magnoliopsida,Oxalidales,Oxalidaceae,Oxalis,Oxalis acetosella,Oxalis
Papaver argemone-type,Plantae,Tracheophyta,Magnoliopsida,Ranunculales,Papaveraceae,Papaver,NA,Papaver
Trifolium spadiceum,Plantae,Tracheophyta,Magnoliopsida,Fabales,Fabaceae,Trifolium,Trifolium spadiceum,Trifolium
Anemone nemorosa,Plantae,Tracheophyta,Magnoliopsida,Ranunculales,Ranunculaceae,Anemone,Anemone nemorosa,Anemone
Poaceae undiff. (>40 µm),Plantae,Tracheophyta,Liliopsida,Poales,Poaceae,Poaceae,NA,Poaceae
Poaceae undiff. (<40 µm),Plantae,Tracheophyta,Liliopsida,Poales,Poaceae,Poaceae,NA,Poaceae
Rumex acetosa/R. acetosella,Plantae,Tracheophyta,Magnoliopsida,Caryophyllales,Polygonaceae,Rumex,NA,Rumex
Stachys sylvatica,Plantae,Tracheophyta,Magnoliopsida,Lamiales,Lamiaceae,Stachys,Stachys sylvatica,Stachys
Armeria maritima (type B),Plantae,Tracheophyta,Magnoliopsida,Caryophyllales,Plumbaginaceae,Armeria,Armeria maritima,Armeria
Cuscuta lupuliformis,Plantae,Tracheophyta,Magnoliopsida,Solanales,Convolvulaceae,Cuscuta,Cuscuta lupuliformis,Cuscuta
Helianthemum undiff.,Plantae,Tracheophyta,Magnoliopsida,Malvales,Cistaceae,Helianthemum,NA,Helianthemum
Spergula arvensis-type,Plantae,Tracheophyta,Magnoliopsida,Caryophyllales,Caryophyllaceae,Spergula,NA,Spergula
Verbena officinalis,Plantae,Tracheophyta,Magnoliopsida,Lamiales,Verbenaceae,Verbena,Verbena officinalis,Verbena
Agrostemma githago,Plantae,Tracheophyta,Magnoliopsida,Caryophyllales,Caryophyllaceae,Agrostemma,Agrostemma githago,Agrostemma
Cornus cf. C. suecica,Plantae,Tracheophyta,Magnoliopsida,Cornales,Cornaceae,Cornus,NA,Cornus
Gentianella campestris,Plantae,Tracheophyta,Magnoliopsida,Gentianales,Gentianaceae,Gentianella,Gentianella campestris,Gentianella
Primula vulgaris-type,Plantae,Tracheophyta,Magnoliopsida,Ericales,Primulaceae,Primula,NA,Primula
Sambucus cf. S. racemosa,Plantae,Tracheophyta,Magnoliopsida,Dipsacales,Viburnaceae,Sambucus,NA,Sambucus
Saxifraga cf. S. nivalis,Plantae,Tracheophyta,Magnoliopsida,Saxifragales,Saxifragaceae,Saxifraga,NA,Saxifraga
Stellaria cf. S. palustris,Plantae,Tracheophyta,Magnoliopsida,Caryophyllales,Caryophyllaceae,Stellaria,NA,Stellaria
Stellaria graminea,Plantae,Tracheophyta,Magnoliopsida,Caryophyllales,Caryophyllaceae,Stellaria,Stellaria graminea,Stellaria
Carex hirta-type,Plantae,Tracheophyta,Liliopsida,Poales,Cyperaceae,Carex,NA,Carex
Caryophyllaceae cf. Silene latifolia subsp. alba,Plantae,Tracheophyta,Magnoliopsida,Caryophyllales,Caryophyllaceae,Caryophyllaceae,NA,Caryophyllaceae
Gypsophila muralis,Plantae,Tracheophyta,Magnoliopsida,Caryophyllales,Caryophyllaceae,Psammophiliella,Psammophiliella muralis,Psammophiliella
Melilotus officinalis,Plantae,Tracheophyta,Magnoliopsida,Fabales,Fabaceae,Melilotus,Melilotus officinalis,Melilotus
Pyrola,Plantae,Tracheophyta,Magnoliopsida,Ericales,Ericaceae,Pyrola,NA,Pyrola
Stellaria,Plantae,Tracheophyta,Magnoliopsida,Caryophyllales,Caryophyllaceae,Stellaria,NA,Stellaria
Stellaria cf. S. media,Plantae,Tracheophyta,Magnoliopsida,Caryophyllales,Caryophyllaceae,Stellaria,NA,Stellaria
Allium vineale-type,Plantae,Tracheophyta,Liliopsida,Asparagales,Amaryllidaceae,Allium,NA,Allium
Armeria maritima subsp. elongata,Plantae,Tracheophyta,Magnoliopsida,Caryophyllales,Plumbaginaceae,Armeria,Armeria maritima,Armeria
Iris pseudacorus,Plantae,Tracheophyta,Liliopsida,Asparagales,Iridaceae,Iris,Iris pseudacorus,Iris
Papaver argemone,Plantae,Tracheophyta,Magnoliopsida,Ranunculales,Papaveraceae,Roemeria,Roemeria argemone,Roemeria
Polygala vulgaris,Plantae,Tracheophyta,Magnoliopsida,Fabales,Polygalaceae,Polygala,Polygala vulgaris,Polygala
Rumex conglomeratus-type,Plantae,Tracheophyta,Magnoliopsida,Caryophyllales,Polygonaceae,Rumex,NA,Rumex
Saxifraga cf. S. aizoides,Plantae,Tracheophyta,Magnoliopsida,Saxifragales,Saxifragaceae,Saxifraga,NA,Saxifraga
Trifolium pratense,Plantae,Tracheophyta,Magnoliopsida,Fabales,Fabaceae,Trifolium,Trifolium pratense,Trifolium
Chenopodium album,Plantae,Tracheophyta,Magnoliopsida,Caryophyllales,Amaranthaceae,Chenopodium,Chenopodium album,Chenopodium
Fumaria,Plantae,Tracheophyta,Magnoliopsida,Ranunculales,Papaveraceae,Fumaria,NA,Fumaria
Pimpinella,Plantae,Tracheophyta,Magnoliopsida,Apiales,Apiaceae,Pimpinella,NA,Pimpinella
Scabiosa columbaria,Plantae,Tracheophyta,Magnoliopsida,Dipsacales,Caprifoliaceae,Scabiosa,Scabiosa columbaria,Scabiosa
Valerianella dentata,Plantae,Tracheophyta,Magnoliopsida,Dipsacales,Caprifoliaceae,Valerianella,Valerianella dentata,Valerianella
Hornungia,Plantae,Tracheophyta,Magnoliopsida,Brassicales,Brassicaceae,Hornungia,NA,Hornungia
Listera,Plantae,Tracheophyta,Magnoliopsida,Fabales,Fabaceae,Listera,NA,Listera
Poaceae (large),Plantae,Tracheophyta,Liliopsida,Poales,Poaceae,Poaceae,NA,Poaceae
Anthriscus sylvestris,Plantae,Tracheophyta,Magnoliopsida,Apiales,Apiaceae,Anthriscus,Anthriscus sylvestris,Anthriscus
Calluna vulgaris-type,Plantae,Tracheophyta,Magnoliopsida,Ericales,Ericaceae,Calluna,NA,Calluna
Centaurea montana/Cyanus triumfettii,Plantae,Tracheophyta,Magnoliopsida,Asterales,Asteraceae,Centaurea,NA,Centaurea
Cerastium fontanum-type,Plantae,Tracheophyta,Magnoliopsida,Caryophyllales,Caryophyllaceae,Cerastium,NA,Cerastium
Cornus sanguinea-type,Plantae,Tracheophyta,Magnoliopsida,Cornales,Cornaceae,Cornus,NA,Cornus
Falcaria vulgaris-type,Plantae,Tracheophyta,Magnoliopsida,Apiales,Apiaceae,Falcaria,NA,Falcaria
Fraxinus excelsior-type,Plantae,Tracheophyta,Magnoliopsida,Lamiales,Oleaceae,Fraxinus,NA,Fraxinus
Herniaria glabra-type,Plantae,Tracheophyta,Magnoliopsida,Caryophyllales,Caryophyllaceae,Herniaria,NA,Herniaria
Ilex aquifolium-type,Plantae,Tracheophyta,Magnoliopsida,Aquifoliales,Aquifoliaceae,Ilex,NA,Ilex
Laurus,Plantae,Tracheophyta,Magnoliopsida,Laurales,Lauraceae,Laurus,NA,Laurus
Ligusticum mutellina,Plantae,Tracheophyta,Magnoliopsida,Apiales,Apiaceae,Mutellina,Mutellina adonidifolia,Mutellina
Linum austriacum-type,Plantae,Tracheophyta,Magnoliopsida,Malpighiales,Linaceae,Linum,NA,Linum
Morus alba,Plantae,Tracheophyta,Magnoliopsida,Rosales,Moraceae,Morus,Morus alba,Morus
Pentaglottis sempervirens,Plantae,Tracheophyta,Magnoliopsida,Boraginales,Boraginaceae,Pentaglottis,Pentaglottis sempervirens,Pentaglottis
Pinus sylvestris-type,Plantae,Tracheophyta,Pinopsida,Pinales,Pinaceae,Pinus,NA,Pinus
Sambucus racemosa,Plantae,Tracheophyta,Magnoliopsida,Dipsacales,Viburnaceae,Sambucus,Sambucus racemosa,Sambucus
Saxifraga granulata,Plantae,Tracheophyta,Magnoliopsida,Saxifragales,Saxifragaceae,Saxifraga,Saxifraga granulata,Saxifraga
Sorbus aucuparia-type,Plantae,Tracheophyta,Magnoliopsida,Rosales,Rosaceae,Sorbus,NA,Sorbus
Trifolium badium-type,Plantae,Tracheophyta,Magnoliopsida,Fabales,Fabaceae,Trifolium,NA,Trifolium
Berberis vulgaris,Plantae,Tracheophyta,Magnoliopsida,Ranunculales,Berberidaceae,Berberis,Berberis vulgaris,Berberis
Betula cf. B. nana,Plantae,Tracheophyta,Magnoliopsida,Fagales,Betulaceae,Betula,NA,Betula
Corydalis,Plantae,Tracheophyta,Magnoliopsida,Ranunculales,Papaveraceae,Corydalis,NA,Corydalis
Cyperus,Plantae,Tracheophyta,Liliopsida,Poales,Cyperaceae,Cyperus,NA,Cyperus
Empetrum cf. E. nigrum,Plantae,Tracheophyta,Magnoliopsida,Ericales,Ericaceae,Empetrum,NA,Empetrum
Gypsophila fastigiata-type,Plantae,Tracheophyta,Magnoliopsida,Caryophyllales,Caryophyllaceae,Gypsophila,NA,Gypsophila
Populus tremula-type,Plantae,Tracheophyta,Magnoliopsida,Malpighiales,Salicaceae,Populus,NA,Populus
Silene undiff.,Plantae,Tracheophyta,Magnoliopsida,Caryophyllales,Caryophyllaceae,Silene,NA,Silene
Urtica cf. U. dioica,Plantae,Tracheophyta,Magnoliopsida,Rosales,Urticaceae,Urtica,NA,Urtica
Buxus sempervirens,Plantae,Tracheophyta,Magnoliopsida,Buxales,Buxaceae,Buxus,Buxus sempervirens,Buxus
Fallopia convolvulus/F. dumetorum,Plantae,Tracheophyta,Magnoliopsida,Caryophyllales,Polygonaceae,Fallopia,NA,Fallopia
Polygonatum verticillatum,Plantae,Tracheophyta,Liliopsida,Asparagales,Asparagaceae,Polygonatum,Polygonatum verticillatum,Polygonatum
Primula farinosa-type,Plantae,Tracheophyta,Magnoliopsida,Ericales,Primulaceae,Primula,NA,Primula
Rumex cf. R. obtusifolius,Plantae,Tracheophyta,Magnoliopsida,Caryophyllales,Polygonaceae,Rumex,NA,Rumex
Sambucus cf. S. nigra,Plantae,Tracheophyta,Magnoliopsida,Dipsacales,Viburnaceae,Sambucus,NA,Sambucus
Saxifraga cf. S. hirculus,Plantae,Tracheophyta,Magnoliopsida,Saxifragales,Saxifragaceae,Saxifraga,NA,Saxifraga
Staphylea,Plantae,Tracheophyta,Magnoliopsida,Crossosomatales,Staphyleaceae,Staphylea,NA,Staphylea
Syringa,Plantae,Tracheophyta,Magnoliopsida,Lamiales,Oleaceae,Syringa,NA,Syringa
Anthyllis,Plantae,Tracheophyta,Magnoliopsida,Fabales,Fabaceae,Anthyllis,NA,Anthyllis
Arnica montana,Plantae,Tracheophyta,Magnoliopsida,Asterales,Asteraceae,Arnica,Arnica montana,Arnica
Astragalus alpinus-type,Plantae,Tracheophyta,Magnoliopsida,Fabales,Fabaceae,Astragalus,NA,Astragalus
Bellis,Plantae,Tracheophyta,Magnoliopsida,Asterales,Asteraceae,Bellis,NA,Bellis
Cerastium arvense-type,Plantae,Tracheophyta,Magnoliopsida,Caryophyllales,Caryophyllaceae,Cerastium,NA,Cerastium
Convallaria majalis,Plantae,Tracheophyta,Liliopsida,Asparagales,Asparagaceae,Convallaria,Convallaria majalis,Convallaria
Cytisus scoparius,Plantae,Tracheophyta,Magnoliopsida,Fabales,Fabaceae,Cytisus,Cytisus scoparius,Cytisus
Daucus carota,Plantae,Tracheophyta,Magnoliopsida,Apiales,Apiaceae,Daucus,Daucus carota,Daucus
Dianthus superbus-type,Plantae,Tracheophyta,Magnoliopsida,Caryophyllales,Caryophyllaceae,Dianthus,NA,Dianthus
Erigeron,Plantae,Tracheophyta,Magnoliopsida,Asterales,Asteraceae,Erigeron,NA,Erigeron
Homogyne,Plantae,Tracheophyta,Magnoliopsida,Asterales,Asteraceae,Homogyne,NA,Homogyne
Lonicera xylosteum-type,Plantae,Tracheophyta,Magnoliopsida,Dipsacales,Caprifoliaceae,Lonicera,NA,Lonicera
Medicago falcata-type,Plantae,Tracheophyta,Magnoliopsida,Fabales,Fabaceae,Medicago,NA,Medicago
Mercurialis annua,Plantae,Tracheophyta,Magnoliopsida,Malpighiales,Euphorbiaceae,Mercurialis,Mercurialis annua,Mercurialis
Minuartia rubra-type,Plantae,Tracheophyta,Magnoliopsida,Caryophyllales,Caryophyllaceae,Minuartia,NA,Minuartia
Onosma,Plantae,Tracheophyta,Magnoliopsida,Boraginales,Boraginaceae,Onosma,NA,Onosma
Primula hirsuta-type,Plantae,Tracheophyta,Magnoliopsida,Ericales,Primulaceae,Primula,NA,Primula
Rosa,Plantae,Tracheophyta,Magnoliopsida,Rosales,Rosaceae,Rosa,NA,Rosa
Senecio,Plantae,Tracheophyta,Magnoliopsida,Asterales,Asteraceae,Senecio,NA,Senecio
Solidago,Plantae,Tracheophyta,Magnoliopsida,Asterales,Asteraceae,Solidago,NA,Solidago
Tussilago farfara,Plantae,Tracheophyta,Magnoliopsida,Asterales,Asteraceae,Tussilago,Tussilago farfara,Tussilago
Valeriana tripteris-type,Plantae,Tracheophyta,Magnoliopsida,Dipsacales,Caprifoliaceae,Valeriana,NA,Valeriana
Ranunculus lingua-type,Plantae,Tracheophyta,Magnoliopsida,Ranunculales,Ranunculaceae,Ranunculus,NA,Ranunculus
Arbutus,Plantae,Tracheophyta,Magnoliopsida,Ericales,Ericaceae,Arbutus,NA,Arbutus
Arceuthobium oxycedri,Plantae,Tracheophyta,Magnoliopsida,Santalales,Viscaceae,Arceuthobium,Arceuthobium oxycedri,Arceuthobium
Asparagus acutifolius,Plantae,Tracheophyta,Liliopsida,Asparagales,Asparagaceae,Asparagus,Asparagus acutifolius,Asparagus
Asphodeline,Plantae,Tracheophyta,Liliopsida,Asparagales,Asphodelaceae,Asphodeline,NA,Asphodeline
Asphodelus albus-type,Plantae,Tracheophyta,Liliopsida,Asparagales,Asphodelaceae,Asphodelus,NA,Asphodelus
Calligonum,Plantae,Tracheophyta,Magnoliopsida,Caryophyllales,Polygonaceae,Calligonum,NA,Calligonum
Carlina,Plantae,Tracheophyta,Magnoliopsida,Asterales,Asteraceae,Carlina,NA,Carlina
Carthamus,Plantae,Tracheophyta,Magnoliopsida,Asterales,Asteraceae,Carthamus,NA,Carthamus
Celtis australis,Plantae,Tracheophyta,Magnoliopsida,Rosales,Cannabaceae,Celtis,Celtis australis,Celtis
Centaurium,Plantae,Tracheophyta,Magnoliopsida,Gentianales,Gentianaceae,Centaurium,NA,Centaurium
Cerinthe,Plantae,Tracheophyta,Magnoliopsida,Boraginales,Boraginaceae,Cerinthe,NA,Cerinthe
Cistus monspeliensis,Plantae,Tracheophyta,Magnoliopsida,Malvales,Cistaceae,Cistus,Cistus monspeliensis,Cistus
Cistus salviifolius,Plantae,Tracheophyta,Magnoliopsida,Malvales,Cistaceae,Cistus,Cistus salviifolius,Cistus
Epipactis palustris-type,Plantae,Tracheophyta,Liliopsida,Asparagales,Orchidaceae,Epipactis,NA,Epipactis
Erica arborea-type,Plantae,Tracheophyta,Magnoliopsida,Ericales,Ericaceae,Erica,NA,Erica
Ficus,Plantae,Tracheophyta,Magnoliopsida,Rosales,Moraceae,Ficus,NA,Ficus
Helleborus foetidus,Plantae,Tracheophyta,Magnoliopsida,Ranunculales,Ranunculaceae,Helleborus,Helleborus foetidus,Helleborus
Linum usitatissimum-type,Plantae,Tracheophyta,Magnoliopsida,Malpighiales,Linaceae,Linum,NA,Linum
Lycopsis arvensis,Plantae,Tracheophyta,Magnoliopsida,Boraginales,Boraginaceae,Lycopsis,Lycopsis arvensis,Lycopsis
Lygeum spartum,Plantae,Tracheophyta,Liliopsida,Poales,Poaceae,Lygeum,Lygeum spartum,Lygeum
Myrtus communis,Plantae,Tracheophyta,Magnoliopsida,Myrtales,Myrtaceae,Myrtus,Myrtus communis,Myrtus
Nerium oleander,Plantae,Tracheophyta,Magnoliopsida,Gentianales,Apocynaceae,Nerium,Nerium oleander,Nerium
Pinus halepensis-type,Plantae,Tracheophyta,Pinopsida,Pinales,Pinaceae,Pinus,NA,Pinus
Quercus cerris/Q. suber,Plantae,Tracheophyta,Magnoliopsida,Fagales,Fagaceae,Quercus,NA,Quercus
Quercus pubescens-type,Plantae,Tracheophyta,Magnoliopsida,Fagales,Fagaceae,Quercus,NA,Quercus
Theligonum cynocrambe,Plantae,Tracheophyta,Magnoliopsida,Gentianales,Rubiaceae,Theligonum,Theligonum cynocrambe,Theligonum
Thymelaeaceae,Plantae,Tracheophyta,Magnoliopsida,Malvales,Thymelaeaceae,Thymelaeaceae,NA,Thymelaeaceae
Viburnum tinus,Plantae,Tracheophyta,Magnoliopsida,Dipsacales,Viburnaceae,Viburnum,Viburnum tinus,Viburnum
Carpinus orientalis,Plantae,Tracheophyta,Magnoliopsida,Fagales,Betulaceae,Carpinus,Carpinus orientalis,Carpinus
Jurinea,Plantae,Tracheophyta,Magnoliopsida,Asterales,Asteraceae,Jurinea,NA,Jurinea
Quercus cerris,Plantae,Tracheophyta,Magnoliopsida,Fagales,Fagaceae,Quercus,Quercus cerris,Quercus
Anemone sect. Hepatica,Plantae,Tracheophyta,Magnoliopsida,Ranunculales,Ranunculaceae,Hepatica,NA,Hepatica
Mercurialis perennis-type,Plantae,Tracheophyta,Magnoliopsida,Malpighiales,Euphorbiaceae,Mercurialis,NA,Mercurialis
Orlaya grandiflora,Plantae,Tracheophyta,Magnoliopsida,Apiales,Apiaceae,Orlaya,Orlaya grandiflora,Orlaya
Torilis arvensis,Plantae,Tracheophyta,Magnoliopsida,Apiales,Apiaceae,Torilis,Torilis arvensis,Torilis
Trifolium alpinum-type,Plantae,Tracheophyta,Magnoliopsida,Fabales,Fabaceae,Trifolium,NA,Trifolium
Asarum europaeum,Plantae,Tracheophyta,Magnoliopsida,Piperales,Aristolochiaceae,Asarum,Asarum europaeum,Asarum
Betula pendula,Plantae,Tracheophyta,Magnoliopsida,Fagales,Betulaceae,Betula,Betula pendula,Betula
Betula pubescens,Plantae,Tracheophyta,Magnoliopsida,Fagales,Betulaceae,Betula,Betula pubescens,Betula
Cichorium,Plantae,Tracheophyta,Magnoliopsida,Asterales,Asteraceae,Cichorium,NA,Cichorium
Illecebrum,Plantae,Tracheophyta,Magnoliopsida,Caryophyllales,Caryophyllaceae,Illecebrum,NA,Illecebrum
Oxalidaceae,Plantae,Tracheophyta,Magnoliopsida,Oxalidales,Oxalidaceae,Oxalidaceae,NA,Oxalidaceae
Plantaginaceae,Plantae,Tracheophyta,Magnoliopsida,Lamiales,Plantaginaceae,Plantaginaceae,NA,Plantaginaceae
Santalaceae,Plantae,Tracheophyta,Magnoliopsida,Santalales,Santalaceae,Santalaceae,NA,Santalaceae
Violaceae,Plantae,Tracheophyta,Magnoliopsida,Malpighiales,Violaceae,Violaceae,NA,Violaceae
Iridaceae,Plantae,Tracheophyta,Liliopsida,Asparagales,Iridaceae,Iridaceae,NA,Iridaceae
Pinus peuce,Plantae,Tracheophyta,Pinopsida,Pinales,Pinaceae,Pinus,Pinus peuce,Pinus
Quercus cerris-type,Plantae,Tracheophyta,Magnoliopsida,Fagales,Fagaceae,Quercus,NA,Quercus
Plantago media/P. montana,Plantae,Tracheophyta,Magnoliopsida,Lamiales,Plantaginaceae,Plantago,NA,Plantago
Pistacia lentiscus,Plantae,Tracheophyta,Magnoliopsida,Sapindales,Anacardiaceae,Pistacia,Pistacia lentiscus,Pistacia
Saxifraga paniculata-type,Plantae,Tracheophyta,Magnoliopsida,Saxifragales,Saxifragaceae,Saxifraga,NA,Saxifraga
Sempervivum,Plantae,Tracheophyta,Magnoliopsida,Saxifragales,Crassulaceae,Sempervivum,NA,Sempervivum
Streptopus amplexifolius,Plantae,Tracheophyta,Liliopsida,Liliales,Liliaceae,Streptopus,Streptopus amplexifolius,Streptopus
Vincetoxicum,Plantae,Tracheophyta,Magnoliopsida,Gentianales,Apocynaceae,Vincetoxicum,NA,Vincetoxicum
Xeranthemum,Plantae,Tracheophyta,Magnoliopsida,Asterales,Asteraceae,Xeranthemum,NA,Xeranthemum
Myosotis arvensis-type,Plantae,Tracheophyta,Magnoliopsida,Boraginales,Boraginaceae,Myosotis,NA,Myosotis
Lotus corniculatus,Plantae,Tracheophyta,Magnoliopsida,Fabales,Fabaceae,Lotus,Lotus corniculatus,Lotus
Persicaria lapathifolia,Plantae,Tracheophyta,Magnoliopsida,Caryophyllales,Polygonaceae,Persicaria,Persicaria lapathifolia,Persicaria
Poterium,Plantae,Tracheophyta,Magnoliopsida,Rosales,Rosaceae,Poterium,NA,Poterium
Quercus (deciduous),Plantae,Tracheophyta,Magnoliopsida,Fagales,Fagaceae,Quercus,NA,Quercus
Rumex aquaticus,Plantae,Tracheophyta,Magnoliopsida,Caryophyllales,Polygonaceae,Rumex,Rumex aquaticus,Rumex
Sambucus ebulus,Plantae,Tracheophyta,Magnoliopsida,Dipsacales,Viburnaceae,Sambucus,Sambucus ebulus,Sambucus
Tilia undiff.,Plantae,Tracheophyta,Magnoliopsida,Malvales,Malvaceae,Tilia,NA,Tilia
Arctostaphylos uva-ursi-type,Plantae,Tracheophyta,Magnoliopsida,Ericales,Ericaceae,Arctostaphylos,NA,Arctostaphylos
Betula pubescens-type,Plantae,Tracheophyta,Magnoliopsida,Fagales,Betulaceae,Betula,NA,Betula
Chamaenerion,Plantae,Tracheophyta,Magnoliopsida,Myrtales,Onagraceae,Chamaenerion,NA,Chamaenerion
Cryptomeria,Plantae,Tracheophyta,Pinopsida,Pinales,Cupressaceae,Cryptomeria,NA,Cryptomeria
Rumex cf. R. alpinus,Plantae,Tracheophyta,Magnoliopsida,Caryophyllales,Polygonaceae,Rumex,NA,Rumex
Saxifraga undiff.,Plantae,Tracheophyta,Magnoliopsida,Saxifragales,Saxifragaceae,Saxifraga,NA,Saxifraga
Sciadopitys,Plantae,Tracheophyta,Pinopsida,Pinales,Sciadopityaceae,Sciadopitys,NA,Sciadopitys
Sequoia,Plantae,Tracheophyta,Pinopsida,Pinales,Cupressaceae,Sequoia,NA,Sequoia
Sorbus aria-type,Plantae,Tracheophyta,Magnoliopsida,Rosales,Rosaceae,Sorbus,NA,Sorbus
Tsuga diversifolia-type,Plantae,Tracheophyta,Pinopsida,Pinales,Pinaceae,Tsuga,NA,Tsuga
Buphthalmum,Plantae,Tracheophyta,Magnoliopsida,Asterales,Asteraceae,Buphthalmum,NA,Buphthalmum
Geum montanum-type,Plantae,Tracheophyta,Magnoliopsida,Rosales,Rosaceae,Geum,NA,Geum
Holosteum umbellatum,Plantae,Tracheophyta,Magnoliopsida,Caryophyllales,Caryophyllaceae,Holosteum,Holosteum umbellatum,Holosteum
Ligusticum mutellinoides-type,Plantae,Tracheophyta,Magnoliopsida,Apiales,Apiaceae,Ligusticum,NA,Ligusticum
Minuartia verna-type,Plantae,Tracheophyta,Magnoliopsida,Caryophyllales,Caryophyllaceae,Minuartia,NA,Minuartia
Myricaria germanica,Plantae,Tracheophyta,Magnoliopsida,Caryophyllales,Tamaricaceae,Myricaria,Myricaria germanica,Myricaria
Turgenia latifolia,Plantae,Tracheophyta,Magnoliopsida,Apiales,Apiaceae,Turgenia,Turgenia latifolia,Turgenia
Linaceae,Plantae,Tracheophyta,Magnoliopsida,Malpighiales,Linaceae,Linaceae,NA,Linaceae
Olea europaea,Plantae,Tracheophyta,Magnoliopsida,Lamiales,Oleaceae,Olea,Olea europaea,Olea
Quercus canariensis,Plantae,Tracheophyta,Magnoliopsida,Fagales,Fagaceae,Quercus,Quercus canariensis,Quercus
Quercus suber,Plantae,Tracheophyta,Magnoliopsida,Fagales,Fagaceae,Quercus,Quercus suber,Quercus
Centaurea undiff.,Plantae,Tracheophyta,Magnoliopsida,Asterales,Asteraceae,Centaurea,NA,Centaurea
Knautia arvensis-type,Plantae,Tracheophyta,Magnoliopsida,Dipsacales,Caprifoliaceae,Knautia,NA,Knautia
Lycopus,Plantae,Tracheophyta,Magnoliopsida,Lamiales,Lamiaceae,Lycopus,NA,Lycopus
Scleranthus annuus-type,Plantae,Tracheophyta,Magnoliopsida,Caryophyllales,Caryophyllaceae,Scleranthus,NA,Scleranthus
Sorbus torminalis,Plantae,Tracheophyta,Magnoliopsida,Rosales,Rosaceae,Torminalis,Torminalis glaberrima,Torminalis
Angelica sylvestris,Plantae,Tracheophyta,Magnoliopsida,Apiales,Apiaceae,Angelica,Angelica sylvestris,Angelica
Athamanta cretensis,Plantae,Tracheophyta,Magnoliopsida,Apiales,Apiaceae,Athamanta,Athamanta cretensis,Athamanta
Lonicera alpigena,Plantae,Tracheophyta,Magnoliopsida,Dipsacales,Caprifoliaceae,Lonicera,Lonicera alpigena,Lonicera
Acanthus,Plantae,Tracheophyta,Magnoliopsida,Lamiales,Acanthaceae,Acanthus,NA,Acanthus
Coriaria,Plantae,Tracheophyta,Magnoliopsida,Cucurbitales,Coriariaceae,Coriaria,NA,Coriaria
Cyperus capitatus,Plantae,Tracheophyta,Liliopsida,Poales,Cyperaceae,Cyperus,Cyperus capitatus,Cyperus
Gentiana verna,Plantae,Tracheophyta,Magnoliopsida,Gentianales,Gentianaceae,Gentiana,Gentiana verna,Gentiana
Ranunculus lanuginosus,Plantae,Tracheophyta,Magnoliopsida,Ranunculales,Ranunculaceae,Ranunculus,Ranunculus lanuginosus,Ranunculus
Stellaria holostea-type,Plantae,Tracheophyta,Magnoliopsida,Caryophyllales,Caryophyllaceae,Stellaria,NA,Stellaria
Centaurea solstitialis-type,Plantae,Tracheophyta,Magnoliopsida,Asterales,Asteraceae,Centaurea,NA,Centaurea
Cistus albidus-type,Plantae,Tracheophyta,Magnoliopsida,Malvales,Cistaceae,Cistus,NA,Cistus
Fraxinus angustifolia-type,Plantae,Tracheophyta,Magnoliopsida,Lamiales,Oleaceae,Fraxinus,NA,Fraxinus
Marrubium,Plantae,Tracheophyta,Magnoliopsida,Lamiales,Lamiaceae,Marrubium,NA,Marrubium
Myrtus,Plantae,Tracheophyta,Magnoliopsida,Myrtales,Myrtaceae,Myrtus,NA,Myrtus
Plantago lagopus-type,Plantae,Tracheophyta,Magnoliopsida,Lamiales,Plantaginaceae,Plantago,NA,Plantago
Quercus (deciduous-type),Plantae,Tracheophyta,Magnoliopsida,Fagales,Fagaceae,Quercus,NA,Quercus
Quercus (evergreen-type),Plantae,Tracheophyta,Magnoliopsida,Fagales,Fagaceae,Quercus,NA,Quercus
Crepis,Plantae,Tracheophyta,Magnoliopsida,Asterales,Asteraceae,Crepis,NA,Crepis
Hypericum elodes,Plantae,Tracheophyta,Magnoliopsida,Malpighiales,Hypericaceae,Hypericum,Hypericum elodes,Hypericum
Rumex hydrolapathum,Plantae,Tracheophyta,Magnoliopsida,Caryophyllales,Polygonaceae,Rumex,Rumex hydrolapathum,Rumex
Verbena,Plantae,Tracheophyta,Magnoliopsida,Lamiales,Verbenaceae,Verbena,NA,Verbena
Armeria maritima,Plantae,Tracheophyta,Magnoliopsida,Caryophyllales,Plumbaginaceae,Armeria,Armeria maritima,Armeria
Atropa belladonna,Plantae,Tracheophyta,Magnoliopsida,Solanales,Solanaceae,Atropa,Atropa belladonna,Atropa
Borago,Plantae,Tracheophyta,Magnoliopsida,Boraginales,Boraginaceae,Borago,NA,Borago
Limonium,Plantae,Tracheophyta,Magnoliopsida,Caryophyllales,Plumbaginaceae,Limonium,NA,Limonium
Resedaceae,Plantae,Tracheophyta,Magnoliopsida,Brassicales,Resedaceae,Resedaceae,NA,Resedaceae
Spartium,Plantae,Tracheophyta,Magnoliopsida,Fabales,Fabaceae,Spartium,NA,Spartium
Viola tricolor,Plantae,Tracheophyta,Magnoliopsida,Malpighiales,Violaceae,Viola,Viola tricolor,Viola
Calystegia sepium-type,Plantae,Tracheophyta,Magnoliopsida,Solanales,Convolvulaceae,Calystegia,NA,Calystegia
Dioscorea,Plantae,Tracheophyta,Liliopsida,Dioscoreales,Dioscoreaceae,Dioscorea,NA,Dioscorea
Plantago pro parte,Plantae,Tracheophyta,Magnoliopsida,Lamiales,Plantaginaceae,Plantago,NA,Plantago
Ammi,Plantae,Tracheophyta,Magnoliopsida,Apiales,Apiaceae,Ammi,NA,Ammi
Atriplex,Plantae,Tracheophyta,Magnoliopsida,Caryophyllales,Amaranthaceae,Atriplex,NA,Atriplex
Calendula,Plantae,Tracheophyta,Magnoliopsida,Asterales,Asteraceae,Calendula,NA,Calendula
Draba,Plantae,Tracheophyta,Magnoliopsida,Brassicales,Brassicaceae,Draba,NA,Draba
Rosaceae (type A),Plantae,Tracheophyta,Magnoliopsida,Rosales,Rosaceae,Rosaceae,NA,Rosaceae
Rosaceae (type B),Plantae,Tracheophyta,Magnoliopsida,Rosales,Rosaceae,Rosaceae,NA,Rosaceae
Androsace alpina-type,Plantae,Tracheophyta,Magnoliopsida,Ericales,Primulaceae,Androsace,NA,Androsace
Chrysosplenium undiff.,Plantae,Tracheophyta,Magnoliopsida,Saxifragales,Saxifragaceae,Chrysosplenium,NA,Chrysosplenium
Lamium album-type,Plantae,Tracheophyta,Magnoliopsida,Lamiales,Lamiaceae,Lamium,NA,Lamium
Narcissus pseudonarcissus-type,Plantae,Tracheophyta,Liliopsida,Asparagales,Amaryllidaceae,Narcissus,NA,Narcissus
Saxifraga hirculus-type,Plantae,Tracheophyta,Magnoliopsida,Saxifragales,Saxifragaceae,Saxifraga,NA,Saxifraga
Helleborus viridis-type,Plantae,Tracheophyta,Magnoliopsida,Ranunculales,Ranunculaceae,Helleborus,NA,Helleborus
Boraginaceae undiff.,Plantae,Tracheophyta,Magnoliopsida,Boraginales,Boraginaceae,Boraginaceae,NA,Boraginaceae
Tozzia alpina,Plantae,Tracheophyta,Magnoliopsida,Lamiales,Orobanchaceae,Tozzia,Tozzia alpina,Tozzia
Caryophyllaceae pro parte,Plantae,Tracheophyta,Magnoliopsida,Caryophyllales,Caryophyllaceae,Caryophyllaceae,NA,Caryophyllaceae
Euphorbia cf. E. palustris,Plantae,Tracheophyta,Magnoliopsida,Malpighiales,Euphorbiaceae,Euphorbia,NA,Euphorbia
Fabaceae pro parte,Plantae,Tracheophyta,Magnoliopsida,Fabales,Fabaceae,Fabaceae,NA,Fabaceae
Lamiaceae pro parte,Plantae,Tracheophyta,Magnoliopsida,Lamiales,Lamiaceae,Lamiaceae,NA,Lamiaceae
Liliaceae pro parte,Plantae,Tracheophyta,Liliopsida,Liliales,Liliaceae,Liliaceae,NA,Liliaceae
Melampyrum pratense,Plantae,Tracheophyta,Magnoliopsida,Lamiales,Orobanchaceae,Melampyrum,Melampyrum pratense,Melampyrum
Poaceae pro parte,Plantae,Tracheophyta,Liliopsida,Poales,Poaceae,Poaceae,NA,Poaceae
Ranunculaceae pro parte,Plantae,Tracheophyta,Magnoliopsida,Ranunculales,Ranunculaceae,Ranunculaceae,NA,Ranunculaceae
Rosaceae pro parte,Plantae,Tracheophyta,Magnoliopsida,Rosales,Rosaceae,Rosaceae,NA,Rosaceae
Muscari,Plantae,Tracheophyta,Liliopsida,Asparagales,Asparagaceae,Muscari,NA,Muscari
Gentiana lutea,Plantae,Tracheophyta,Magnoliopsida,Gentianales,Gentianaceae,Gentiana,Gentiana lutea,Gentiana
Centaurea cf. C. cyanus-type,Plantae,Tracheophyta,Magnoliopsida,Asterales,Asteraceae,Centaurea,NA,Centaurea
Centaurea cf. C. nigra-type,Plantae,Tracheophyta,Magnoliopsida,Asterales,Asteraceae,Centaurea,NA,Centaurea
Centaurea cf. C. scabiosa-type,Plantae,Tracheophyta,Magnoliopsida,Asterales,Asteraceae,Centaurea,NA,Centaurea
Quercus undiff.,Plantae,Tracheophyta,Magnoliopsida,Fagales,Fagaceae,Quercus,NA,Quercus
Andromeda polifolia,Plantae,Tracheophyta,Magnoliopsida,Ericales,Ericaceae,Andromeda,Andromeda polifolia,Andromeda
Eupatorium,Plantae,Tracheophyta,Magnoliopsida,Asterales,Asteraceae,Eupatorium,NA,Eupatorium
Sison amomum,Plantae,Tracheophyta,Magnoliopsida,Apiales,Apiaceae,Sison,Sison amomum,Sison
Sium latifolium-type,Plantae,Tracheophyta,Magnoliopsida,Apiales,Apiaceae,Sium,NA,Sium
Torilis nodosa,Plantae,Tracheophyta,Magnoliopsida,Apiales,Apiaceae,Torilis,Torilis nodosa,Torilis
Trinia glauca,Plantae,Tracheophyta,Magnoliopsida,Apiales,Apiaceae,Trinia,Trinia glauca,Trinia
Betula humilis,Plantae,Tracheophyta,Magnoliopsida,Fagales,Betulaceae,Betula,Betula humilis,Betula
Caprifoliaceae,Plantae,Tracheophyta,Magnoliopsida,Dipsacales,Caprifoliaceae,Caprifoliaceae,NA,Caprifoliaceae
Lamiaceae (hexacolpate),Plantae,Tracheophyta,Magnoliopsida,Lamiales,Lamiaceae,Lamiaceae,NA,Lamiaceae
Lamiaceae (tricolpate),Plantae,Tracheophyta,Magnoliopsida,Lamiales,Lamiaceae,Lamiaceae,NA,Lamiaceae
Psylliostachys spicata,Plantae,Tracheophyta,Magnoliopsida,Caryophyllales,Plumbaginaceae,Psylliostachys,Psylliostachys spicatus,Psylliostachys
Rumex cf. R. hydrolapathum,Plantae,Tracheophyta,Magnoliopsida,Caryophyllales,Polygonaceae,Rumex,NA,Rumex
Zygophyllum,Plantae,Tracheophyta,Magnoliopsida,Zygophyllales,Zygophyllaceae,Zygophyllum,NA,Zygophyllum
Clematis,Plantae,Tracheophyta,Magnoliopsida,Ranunculales,Ranunculaceae,Clematis,NA,Clematis
Dioscorea communis,Plantae,Tracheophyta,Liliopsida,Dioscoreales,Dioscoreaceae,Dioscorea,Dioscorea communis,Dioscorea
Lonicera nigra,Plantae,Tracheophyta,Magnoliopsida,Dipsacales,Caprifoliaceae,Lonicera,Lonicera nigra,Lonicera
Maianthemum bifolium,Plantae,Tracheophyta,Liliopsida,Asparagales,Asparagaceae,Maianthemum,Maianthemum bifolium,Maianthemum
Saxifraga hirsuta-type,Plantae,Tracheophyta,Magnoliopsida,Saxifragales,Saxifragaceae,Saxifraga,NA,Saxifraga
Silaum silaus,Plantae,Tracheophyta,Magnoliopsida,Apiales,Apiaceae,Silaum,Silaum silaus,Silaum
Linum undiff.,Plantae,Tracheophyta,Magnoliopsida,Malpighiales,Linaceae,Linum,NA,Linum
Myricaria germanica-type,Plantae,Tracheophyta,Magnoliopsida,Caryophyllales,Tamaricaceae,Myricaria,NA,Myricaria
Bistorta vivipara-type,Plantae,Tracheophyta,Magnoliopsida,Caryophyllales,Polygonaceae,Bistorta,NA,Bistorta
Cerastium fontanum,Plantae,Tracheophyta,Magnoliopsida,Caryophyllales,Caryophyllaceae,Cerastium,Cerastium fontanum,Cerastium
Aesculus hippocastanum,Plantae,Tracheophyta,Magnoliopsida,Sapindales,Sapindaceae,Aesculus,Aesculus hippocastanum,Aesculus
Nicotiana,Plantae,Tracheophyta,Magnoliopsida,Solanales,Solanaceae,Nicotiana,NA,Nicotiana
Laserpitium latifolium-type,Plantae,Tracheophyta,Magnoliopsida,Apiales,Apiaceae,Laserpitium,NA,Laserpitium
Meum athamanticum,Plantae,Tracheophyta,Magnoliopsida,Apiales,Apiaceae,Meum,Meum athamanticum,Meum
Cornus mas/C. suecica,Plantae,Tracheophyta,Magnoliopsida,Cornales,Cornaceae,Cornus,NA,Cornus
Ericales (tetrad),Plantae,Tracheophyta,Magnoliopsida,Ericales,undiff,undiff,NA,undiff
Acer campestre,Plantae,Tracheophyta,Magnoliopsida,Sapindales,Sapindaceae,Acer,Acer campestre,Acer
Anthriscus caucalis,Plantae,Tracheophyta,Magnoliopsida,Apiales,Apiaceae,Anthriscus,Anthriscus caucalis,Anthriscus
Hypericum undiff.,Plantae,Tracheophyta,Magnoliopsida,Malpighiales,Hypericaceae,Hypericum,NA,Hypericum
Polemonium caeruleum,Plantae,Tracheophyta,Magnoliopsida,Ericales,Polemoniaceae,Polemonium,Polemonium caeruleum,Polemonium
Sagina cf. S. nodosa,Plantae,Tracheophyta,Magnoliopsida,Caryophyllales,Caryophyllaceae,Sagina,NA,Sagina
Sorbus aria,Plantae,Tracheophyta,Magnoliopsida,Rosales,Rosaceae,Aria,Aria edulis,Aria
Aethusa cynapium,Plantae,Tracheophyta,Magnoliopsida,Apiales,Apiaceae,Aethusa,Aethusa cynapium,Aethusa
Agrostemma,Plantae,Tracheophyta,Magnoliopsida,Caryophyllales,Caryophyllaceae,Agrostemma,NA,Agrostemma
Arnica,Plantae,Tracheophyta,Magnoliopsida,Asterales,Asteraceae,Arnica,NA,Arnica
Carum carvi-type,Plantae,Tracheophyta,Magnoliopsida,Apiales,Apiaceae,Carum,NA,Carum
Chaerophyllum,Plantae,Tracheophyta,Magnoliopsida,Apiales,Apiaceae,Chaerophyllum,NA,Chaerophyllum
Conium maculatum,Plantae,Tracheophyta,Magnoliopsida,Apiales,Apiaceae,Conium,Conium maculatum,Conium
Inula,Plantae,Tracheophyta,Magnoliopsida,Asterales,Asteraceae,Inula,NA,Inula
Pastinaca sativa,Plantae,Tracheophyta,Magnoliopsida,Apiales,Apiaceae,Pastinaca,Pastinaca sativa,Pastinaca
Peucedanum palustre,Plantae,Tracheophyta,Magnoliopsida,Apiales,Apiaceae,Thysselinum,Thysselinum palustre,Thysselinum
Primula veris-type,Plantae,Tracheophyta,Magnoliopsida,Ericales,Primulaceae,Primula,NA,Primula
Ranunculus flammula,Plantae,Tracheophyta,Magnoliopsida,Ranunculales,Ranunculaceae,Ranunculus,Ranunculus flammula,Ranunculus
Scandix pecten-veneris,Plantae,Tracheophyta,Magnoliopsida,Apiales,Apiaceae,Scandix,Scandix pecten-veneris,Scandix
Silene viscaria-type,Plantae,Tracheophyta,Magnoliopsida,Caryophyllales,Caryophyllaceae,Silene,NA,Silene
Sium,Plantae,Tracheophyta,Magnoliopsida,Apiales,Apiaceae,Sium,NA,Sium
Swertia perennis,Plantae,Tracheophyta,Magnoliopsida,Gentianales,Gentianaceae,Swertia,Swertia perennis,Swertia
Torilis japonica,Plantae,Tracheophyta,Magnoliopsida,Apiales,Apiaceae,Torilis,Torilis japonica,Torilis
Buglossoides arvensis,Plantae,Tracheophyta,Magnoliopsida,Boraginales,Boraginaceae,Buglossoides,Buglossoides arvensis,Buglossoides
Eryngium campestre,Plantae,Tracheophyta,Magnoliopsida,Apiales,Apiaceae,Eryngium,Eryngium campestre,Eryngium
Primulaceae undiff.,Plantae,Tracheophyta,Magnoliopsida,Ericales,Primulaceae,Primulaceae,NA,Primulaceae
Orthilia,Plantae,Tracheophyta,Magnoliopsida,Ericales,Ericaceae,Orthilia,NA,Orthilia
Digitalis purpurea-type,Plantae,Tracheophyta,Magnoliopsida,Lamiales,Plantaginaceae,Digitalis,NA,Digitalis
Erica ciliaris-type,Plantae,Tracheophyta,Magnoliopsida,Ericales,Ericaceae,Erica,NA,Erica
Lythrum salicaria-type,Plantae,Tracheophyta,Magnoliopsida,Myrtales,Lythraceae,Lythrum,NA,Lythrum
Poaceae (annulus >10 µm),Plantae,Tracheophyta,Liliopsida,Poales,Poaceae,Poaceae,NA,Poaceae
Rumex sanguineus-type,Plantae,Tracheophyta,Magnoliopsida,Caryophyllales,Polygonaceae,Rumex,NA,Rumex
Solidago virgaurea-type,Plantae,Tracheophyta,Magnoliopsida,Asterales,Asteraceae,Solidago,NA,Solidago
Anagallis tenella,Plantae,Tracheophyta,Magnoliopsida,Ericales,Primulaceae,Lysimachia,Lysimachia tenella,Lysimachia
Crassulaceae undiff.,Plantae,Tracheophyta,Magnoliopsida,Saxifragales,Crassulaceae,Crassulaceae,NA,Crassulaceae
Myosotis arvensis,Plantae,Tracheophyta,Magnoliopsida,Boraginales,Boraginaceae,Myosotis,Myosotis arvensis,Myosotis
Poaceae (<37 µm),Plantae,Tracheophyta,Liliopsida,Poales,Poaceae,Poaceae,NA,Poaceae
Andromeda,Plantae,Tracheophyta,Magnoliopsida,Ericales,Ericaceae,Andromeda,NA,Andromeda
Crataegus monogyna,Plantae,Tracheophyta,Magnoliopsida,Rosales,Rosaceae,Crataegus,Crataegus monogyna,Crataegus
Plantago tenuiflora,Plantae,Tracheophyta,Magnoliopsida,Lamiales,Plantaginaceae,Plantago,Plantago tenuiflora,Plantago
Umbilicus rupestris,Plantae,Tracheophyta,Magnoliopsida,Saxifragales,Crassulaceae,Umbilicus,Umbilicus rupestris,Umbilicus
Vicia sylvatica,Plantae,Tracheophyta,Magnoliopsida,Fabales,Fabaceae,Vicia,Vicia sylvatica,Vicia
Monotropa,Plantae,Tracheophyta,Magnoliopsida,Ericales,Ericaceae,Monotropa,NA,Monotropa
Anemone alpina,Plantae,Tracheophyta,Magnoliopsida,Ranunculales,Ranunculaceae,Anemone,Pulsatilla alpina,Anemone
Ligusticum,Plantae,Tracheophyta,Magnoliopsida,Apiales,Apiaceae,Ligusticum,NA,Ligusticum
Peucedanum,Plantae,Tracheophyta,Magnoliopsida,Apiales,Apiaceae,Peucedanum,NA,Peucedanum
Plantago montana,Plantae,Tracheophyta,Magnoliopsida,Lamiales,Plantaginaceae,Plantago,Plantago atrata,Plantago
Polygala vulgaris-type,Plantae,Tracheophyta,Magnoliopsida,Fabales,Polygalaceae,Polygala,NA,Polygala
Ranunculus aconitifolius,Plantae,Tracheophyta,Magnoliopsida,Ranunculales,Ranunculaceae,Ranunculus,Ranunculus aconitifolius,Ranunculus
Seseli,Plantae,Tracheophyta,Magnoliopsida,Apiales,Apiaceae,Seseli,NA,Seseli
Homogyne alpina,Plantae,Tracheophyta,Magnoliopsida,Asterales,Asteraceae,Homogyne,Homogyne alpina,Homogyne
Xanthium spinosum-type,Plantae,Tracheophyta,Magnoliopsida,Asterales,Asteraceae,Xanthium,NA,Xanthium
Oenanthe fistulosa-type,Plantae,Tracheophyta,Magnoliopsida,Apiales,Apiaceae,Oenanthe,NA,Oenanthe
Plantago atrata,Plantae,Tracheophyta,Magnoliopsida,Lamiales,Plantaginaceae,Plantago,Plantago atrata,Plantago
Pseudofumaria lutea-type,Plantae,Tracheophyta,Magnoliopsida,Ranunculales,Papaveraceae,Pseudofumaria,NA,Pseudofumaria
Rumex alpinus-type,Plantae,Tracheophyta,Magnoliopsida,Caryophyllales,Polygonaceae,Rumex,NA,Rumex
Scabiosa columbaria-type,Plantae,Tracheophyta,Magnoliopsida,Dipsacales,Caprifoliaceae,Scabiosa,NA,Scabiosa
Staphylea pinnata,Plantae,Tracheophyta,Magnoliopsida,Crossosomatales,Staphyleaceae,Staphylea,Staphylea pinnata,Staphylea
Succisa pratensis-type,Plantae,Tracheophyta,Magnoliopsida,Dipsacales,Caprifoliaceae,Succisa,NA,Succisa
Trachycarpus fortunei,Plantae,Tracheophyta,Liliopsida,Arecales,Arecaceae,Trachycarpus,Trachycarpus fortunei,Trachycarpus
Tribulus terrestris,Plantae,Tracheophyta,Magnoliopsida,Zygophyllales,Zygophyllaceae,Tribulus,Tribulus terrestris,Tribulus
Viola canina-type,Plantae,Tracheophyta,Magnoliopsida,Malpighiales,Violaceae,Viola,NA,Viola
Berula erecta,Plantae,Tracheophyta,Magnoliopsida,Apiales,Apiaceae,Berula,Berula erecta,Berula
Morus alba-type,Plantae,Tracheophyta,Magnoliopsida,Rosales,Moraceae,Morus,NA,Morus
Artemisia herba-alba-type,Plantae,Tracheophyta,Magnoliopsida,Asterales,Asteraceae,Artemisia,NA,Artemisia
Artemisia vulgaris-type,Plantae,Tracheophyta,Magnoliopsida,Asterales,Asteraceae,Artemisia,NA,Artemisia
Betulaceae,Plantae,Tracheophyta,Magnoliopsida,Fagales,Betulaceae,Betulaceae,NA,Betulaceae
Cotinus coggygria,Plantae,Tracheophyta,Magnoliopsida,Sapindales,Anacardiaceae,Cotinus,Cotinus coggygria,Cotinus
Loranthus,Plantae,Tracheophyta,Magnoliopsida,Santalales,Loranthaceae,Loranthus,NA,Loranthus
Paliurus,Plantae,Tracheophyta,Magnoliopsida,Rosales,Rhamnaceae,Paliurus,NA,Paliurus
Ranunculus repens-type,Plantae,Tracheophyta,Magnoliopsida,Ranunculales,Ranunculaceae,Ranunculus,NA,Ranunculus
Ranunculus sceleratus-type,Plantae,Tracheophyta,Magnoliopsida,Ranunculales,Ranunculaceae,Ranunculus,NA,Ranunculus
Rubus fruticosus,Plantae,Tracheophyta,Magnoliopsida,Rosales,Rosaceae,Rubus,Rubus cochinchinensis,Rubus
Adonis,Plantae,Tracheophyta,Magnoliopsida,Ranunculales,Ranunculaceae,Adonis,NA,Adonis
Armeria (type A),Plantae,Tracheophyta,Magnoliopsida,Caryophyllales,Plumbaginaceae,Armeria,NA,Armeria
Armeria (type B),Plantae,Tracheophyta,Magnoliopsida,Caryophyllales,Plumbaginaceae,Armeria,NA,Armeria
Glaux,Plantae,Tracheophyta,Magnoliopsida,Fabales,Fabaceae,Astragalus,NA,Astragalus
Trifolium undiff.,Plantae,Tracheophyta,Magnoliopsida,Fabales,Fabaceae,Trifolium,NA,Trifolium
Malva sylvestris-type,Plantae,Tracheophyta,Magnoliopsida,Malvales,Malvaceae,Malva,NA,Malva
Pinus pinaster,Plantae,Tracheophyta,Pinopsida,Pinales,Pinaceae,Pinus,Pinus pinaster,Pinus
Quercus pyrenaica-type,Plantae,Tracheophyta,Magnoliopsida,Fagales,Fagaceae,Quercus,NA,Quercus
Urtica dioica-type,Plantae,Tracheophyta,Magnoliopsida,Rosales,Urticaceae,Urtica,NA,Urtica
Amaranthus,Plantae,Tracheophyta,Magnoliopsida,Caryophyllales,Amaranthaceae,Amaranthus,NA,Amaranthus
Anemone hortensis-type,Plantae,Tracheophyta,Magnoliopsida,Ranunculales,Ranunculaceae,Anemone,NA,Anemone
Asparagus,Plantae,Tracheophyta,Liliopsida,Asparagales,Asparagaceae,Asparagus,NA,Asparagus
Asphodelus fistulosus,Plantae,Tracheophyta,Liliopsida,Asparagales,Asphodelaceae,Asphodelus,Asphodelus fistulosus,Asphodelus
Bituminaria bituminosa,Plantae,Tracheophyta,Magnoliopsida,Fabales,Fabaceae,Bituminaria,Bituminaria bituminosa,Bituminaria
Borago officinalis,Plantae,Tracheophyta,Magnoliopsida,Boraginales,Boraginaceae,Borago,Borago officinalis,Borago
Chamaerops humilis,Plantae,Tracheophyta,Liliopsida,Arecales,Arecaceae,Chamaerops,Chamaerops humilis,Chamaerops
Citrus,Plantae,Tracheophyta,Magnoliopsida,Sapindales,Rutaceae,Citrus,NA,Citrus
Cynoglossum officinale-type,Plantae,Tracheophyta,Magnoliopsida,Boraginales,Boraginaceae,Cynoglossum,NA,Cynoglossum
Dorycnium,Plantae,Tracheophyta,Magnoliopsida,Fabales,Fabaceae,Lotus,NA,Lotus
Fedia cornucopiae,Plantae,Tracheophyta,Magnoliopsida,Dipsacales,Caprifoliaceae,Fedia,Fedia cornucopiae,Fedia
Ficus carica,Plantae,Tracheophyta,Magnoliopsida,Rosales,Moraceae,Ficus,Ficus carica,Ficus
Gypsophila arrostii,Plantae,Tracheophyta,Magnoliopsida,Caryophyllales,Caryophyllaceae,Gypsophila,Gypsophila arrostii,Gypsophila
Helleborus viridis,Plantae,Tracheophyta,Magnoliopsida,Ranunculales,Ranunculaceae,Helleborus,Helleborus viridis,Helleborus
Ornithopus,Plantae,Tracheophyta,Magnoliopsida,Fabales,Fabaceae,Ornithopus,NA,Ornithopus
Phlomis,Plantae,Tracheophyta,Magnoliopsida,Lamiales,Lamiaceae,Phlomis,NA,Phlomis
Rumex scutatus-type,Plantae,Tracheophyta,Magnoliopsida,Caryophyllales,Polygonaceae,Rumex,NA,Rumex
Saxifraga tridactylitis-type,Plantae,Tracheophyta,Magnoliopsida,Saxifragales,Saxifragaceae,Saxifraga,NA,Saxifraga
Sideritis,Plantae,Tracheophyta,Magnoliopsida,Lamiales,Lamiaceae,Sideritis,NA,Sideritis
Simethis planifolia,Plantae,Tracheophyta,Liliopsida,Asparagales,Asphodelaceae,Simethis,Simethis mattiazzii,Simethis
Tamarix,Plantae,Tracheophyta,Magnoliopsida,Caryophyllales,Tamaricaceae,Tamarix,NA,Tamarix
Tuberaria,Plantae,Tracheophyta,Magnoliopsida,Malvales,Cistaceae,Tuberaria,NA,Tuberaria
Urtica membranacea-type,Plantae,Tracheophyta,Magnoliopsida,Rosales,Urticaceae,Urtica,NA,Urtica
Urtica pilulifera,Plantae,Tracheophyta,Magnoliopsida,Rosales,Urticaceae,Urtica,Urtica pilulifera,Urtica
Zelkova,Plantae,Tracheophyta,Magnoliopsida,Rosales,Ulmaceae,Zelkova,NA,Zelkova
Aruncus,Plantae,Tracheophyta,Magnoliopsida,Rosales,Rosaceae,Aruncus,NA,Aruncus
Astrantia,Plantae,Tracheophyta,Magnoliopsida,Apiales,Apiaceae,Astrantia,NA,Astrantia
Bartsia,Plantae,Tracheophyta,Magnoliopsida,Lamiales,Orobanchaceae,Bartsia,NA,Bartsia
Filipendula ulmaria,Plantae,Tracheophyta,Magnoliopsida,Rosales,Rosaceae,Filipendula,Filipendula ulmaria,Filipendula
Gnaphalium,Plantae,Tracheophyta,Magnoliopsida,Asterales,Asteraceae,Gnaphalium,NA,Gnaphalium
Pedicularis palustris,Plantae,Tracheophyta,Magnoliopsida,Lamiales,Orobanchaceae,Pedicularis,Pedicularis palustris,Pedicularis
Ribes alpinum,Plantae,Tracheophyta,Magnoliopsida,Saxifragales,Grossulariaceae,Ribes,Ribes alpinum,Ribes
Silene vulgaris,Plantae,Tracheophyta,Magnoliopsida,Caryophyllales,Caryophyllaceae,Silene,Silene vulgaris,Silene
Veratrum album,Plantae,Tracheophyta,Liliopsida,Liliales,Melanthiaceae,Veratrum,Veratrum album,Veratrum
Ailanthus,Plantae,Tracheophyta,Magnoliopsida,Sapindales,Simaroubaceae,Ailanthus,NA,Ailanthus
Centaurea solstitialis,Plantae,Tracheophyta,Magnoliopsida,Asterales,Asteraceae,Centaurea,Centaurea solstitialis,Centaurea
Radiola linoides,Plantae,Tracheophyta,Magnoliopsida,Malpighiales,Linaceae,Radiola,Radiola linoides,Radiola
Consolida,Plantae,Tracheophyta,Magnoliopsida,Ranunculales,Ranunculaceae,Delphinium,NA,Delphinium
Delphinium,Plantae,Tracheophyta,Magnoliopsida,Ranunculales,Ranunculaceae,Delphinium,NA,Delphinium
Nonea,Plantae,Tracheophyta,Magnoliopsida,Boraginales,Boraginaceae,Nonea,NA,Nonea
Orlaya,Plantae,Tracheophyta,Magnoliopsida,Apiales,Apiaceae,Orlaya,NA,Orlaya
Pulmonaria obscura,Plantae,Tracheophyta,Magnoliopsida,Boraginales,Boraginaceae,Pulmonaria,Pulmonaria obscura,Pulmonaria
Alkanna,Plantae,Tracheophyta,Magnoliopsida,Boraginales,Boraginaceae,Alkanna,NA,Alkanna
Gentiana purpurea-type,Plantae,Tracheophyta,Magnoliopsida,Gentianales,Gentianaceae,Gentiana,NA,Gentiana
Globularia,Plantae,Tracheophyta,Magnoliopsida,Lamiales,Plantaginaceae,Globularia,NA,Globularia
Gentianella tenella-type,Plantae,Tracheophyta,Magnoliopsida,Gentianales,Gentianaceae,Gentianella,NA,Gentianella
Rubus fruticosus-type,Plantae,Tracheophyta,Magnoliopsida,Rosales,Rosaceae,Rubus,NA,Rubus
Vicia faba-type,Plantae,Tracheophyta,Magnoliopsida,Fabales,Fabaceae,Vicia,NA,Vicia
Cistus ladanifer-type,Plantae,Tracheophyta,Magnoliopsida,Malvales,Cistaceae,Cistus,NA,Cistus
Colchicum,Plantae,Tracheophyta,Liliopsida,Liliales,Colchicaceae,Colchicum,NA,Colchicum
Gentiana verna-type,Plantae,Tracheophyta,Magnoliopsida,Gentianales,Gentianaceae,Gentiana,NA,Gentiana
Glyceria,Plantae,Tracheophyta,Liliopsida,Poales,Poaceae,Glyceria,NA,Glyceria
Hordelymus,Plantae,Tracheophyta,Liliopsida,Poales,Poaceae,Hordelymus,NA,Hordelymus
Lonicera caerulea,Plantae,Tracheophyta,Magnoliopsida,Dipsacales,Caprifoliaceae,Lonicera,Lonicera caerulea,Lonicera
Colchicum autumnale-type,Plantae,Tracheophyta,Liliopsida,Liliales,Colchicaceae,Colchicum,NA,Colchicum
Polygonum oxyspermum,Plantae,Tracheophyta,Magnoliopsida,Caryophyllales,Polygonaceae,Polygonum,Polygonum oxyspermum,Polygonum
Primula integrifolia-type,Plantae,Tracheophyta,Magnoliopsida,Ericales,Primulaceae,Primula,NA,Primula
Angelica archangelica-type,Plantae,Tracheophyta,Magnoliopsida,Apiales,Apiaceae,Angelica,NA,Angelica
Angelica palustris-type,Plantae,Tracheophyta,Magnoliopsida,Apiales,Apiaceae,Angelica,NA,Angelica
Apium nodiflorum,Plantae,Tracheophyta,Magnoliopsida,Apiales,Apiaceae,Helosciadium,Helosciadium nodiflorum,Helosciadium
Asphodelus albus,Plantae,Tracheophyta,Liliopsida,Asparagales,Asphodelaceae,Asphodelus,Asphodelus albus,Asphodelus
Carum verticillatum,Plantae,Tracheophyta,Magnoliopsida,Apiales,Apiaceae,Trocdaris,Trocdaris verticillatum,Trocdaris
Chaerophyllum temulum,Plantae,Tracheophyta,Magnoliopsida,Apiales,Apiaceae,Chaerophyllum,Chaerophyllum temulum,Chaerophyllum
Colchicum montanum,Plantae,Tracheophyta,Liliopsida,Liliales,Colchicaceae,Colchicum,Colchicum montanum,Colchicum
Cytisus grandiflorus,Plantae,Tracheophyta,Magnoliopsida,Fabales,Fabaceae,Cytisus,Cytisus grandiflorus,Cytisus
Dianthus lusitanus-type,Plantae,Tracheophyta,Magnoliopsida,Caryophyllales,Caryophyllaceae,Dianthus,NA,Dianthus
Fraxinus angustifolia,Plantae,Tracheophyta,Magnoliopsida,Lamiales,Oleaceae,Fraxinus,Fraxinus angustifolia,Fraxinus
Fritillaria lusitanica,Plantae,Tracheophyta,Liliopsida,Liliales,Liliaceae,Fritillaria,Fritillaria lusitanica,Fritillaria
Gagea nevadensis,Plantae,Tracheophyta,Liliopsida,Liliales,Liliaceae,Gagea,Gagea nevadensis,Gagea
Gentiana lutea/G. pneumonanthe,Plantae,Tracheophyta,Magnoliopsida,Gentianales,Gentianaceae,Gentiana,NA,Gentiana
Laserpitium,Plantae,Tracheophyta,Magnoliopsida,Apiales,Apiaceae,Laserpitium,NA,Laserpitium
Lythrum undiff.,Plantae,Tracheophyta,Magnoliopsida,Myrtales,Lythraceae,Lythrum,NA,Lythrum
Minuartia recurva,Plantae,Tracheophyta,Magnoliopsida,Caryophyllales,Caryophyllaceae,Minuartia,Minuartia recurva,Minuartia
Narcissus bulbocodium,Plantae,Tracheophyta,Liliopsida,Asparagales,Amaryllidaceae,Narcissus,Narcissus bulbocodium,Narcissus
Paronychia polygonifolia-type,Plantae,Tracheophyta,Magnoliopsida,Caryophyllales,Caryophyllaceae,Paronychia,NA,Paronychia
Pedicularis sylvatica,Plantae,Tracheophyta,Magnoliopsida,Lamiales,Orobanchaceae,Pedicularis,Pedicularis sylvatica,Pedicularis
Physospermum cornubiense,Plantae,Tracheophyta,Magnoliopsida,Apiales,Apiaceae,Physospermum,Physospermum cornubiense,Physospermum
Pimpinella anisum,Plantae,Tracheophyta,Magnoliopsida,Apiales,Apiaceae,Pimpinella,Pimpinella anisum,Pimpinella
Pimpinella saxifraga-type,Plantae,Tracheophyta,Magnoliopsida,Apiales,Apiaceae,Pimpinella,NA,Pimpinella
Plantago coronopus sensu stricto,Plantae,Tracheophyta,Magnoliopsida,Lamiales,Plantaginaceae,Plantago,Plantago coronopus,Plantago
Plantago subulata-type,Plantae,Tracheophyta,Magnoliopsida,Lamiales,Plantaginaceae,Plantago,NA,Plantago
Sanguisorba officinalis-type,Plantae,Tracheophyta,Magnoliopsida,Rosales,Rosaceae,Sanguisorba,NA,Sanguisorba
Selinum carvifolia,Plantae,Tracheophyta,Magnoliopsida,Apiales,Apiaceae,Selinum,Selinum carvifolia,Selinum
Seseli libanotis-type,Plantae,Tracheophyta,Magnoliopsida,Apiales,Apiaceae,Seseli,NA,Seseli
Silaum silaus-type,Plantae,Tracheophyta,Magnoliopsida,Apiales,Apiaceae,Silaum,NA,Silaum
Silene ciliata-type,Plantae,Tracheophyta,Magnoliopsida,Caryophyllales,Caryophyllaceae,Silene,NA,Silene
Silene foetida-type,Plantae,Tracheophyta,Magnoliopsida,Caryophyllales,Caryophyllaceae,Silene,NA,Silene
Torilis arvensis-type,Plantae,Tracheophyta,Magnoliopsida,Apiales,Apiaceae,Torilis,NA,Torilis
Trinia glauca-type,Plantae,Tracheophyta,Magnoliopsida,Apiales,Apiaceae,Trinia,NA,Trinia
Hedysarum cf. H. hedysaroides,Plantae,Tracheophyta,Magnoliopsida,Fabales,Fabaceae,Hedysarum,NA,Hedysarum
Vaccinium myrtillus,Plantae,Tracheophyta,Magnoliopsida,Ericales,Ericaceae,Vaccinium,Vaccinium myrtillus,Vaccinium
Centaurea stoebe,Plantae,Tracheophyta,Magnoliopsida,Asterales,Asteraceae,Centaurea,Centaurea stoebe,Centaurea
Juglandaceae,Plantae,Tracheophyta,Magnoliopsida,Fagales,Juglandaceae,Juglandaceae,NA,Juglandaceae
Matthiola,Plantae,Tracheophyta,Magnoliopsida,Brassicales,Brassicaceae,Matthiola,NA,Matthiola
Trifolium arvense,Plantae,Tracheophyta,Magnoliopsida,Fabales,Fabaceae,Trifolium,Trifolium arvense,Trifolium
Valeriana tripteris,Plantae,Tracheophyta,Magnoliopsida,Dipsacales,Caprifoliaceae,Valeriana,Valeriana tripteris,Valeriana
Empetrum hermaphroditum,Plantae,Tracheophyta,Magnoliopsida,Ericales,Ericaceae,Empetrum,Empetrum hermaphroditum,Empetrum
Erica cinerea,Plantae,Tracheophyta,Magnoliopsida,Ericales,Ericaceae,Erica,Erica cinerea,Erica
Faboideae undiff.,Plantae,Tracheophyta,Magnoliopsida,Fabales,Fabaceae,Faboidea,NA,Faboidea
Geum cf. G. rivale,Plantae,Tracheophyta,Magnoliopsida,Rosales,Rosaceae,Geum,NA,Geum
Geum cf. G. urbanum,Plantae,Tracheophyta,Magnoliopsida,Rosales,Rosaceae,Geum,NA,Geum
Lotus cf. L. corniculatus,Plantae,Tracheophyta,Magnoliopsida,Fabales,Fabaceae,Lotus,NA,Lotus
Lotus pedunculatus-type,Plantae,Tracheophyta,Magnoliopsida,Fabales,Fabaceae,Lotus,NA,Lotus
Saxifraga cf. S. cespitosa,Plantae,Tracheophyta,Magnoliopsida,Saxifragales,Saxifragaceae,Saxifraga,NA,Saxifraga
Ranunculus sceleratus/R. repens,Plantae,Tracheophyta,Magnoliopsida,Ranunculales,Ranunculaceae,Ranunculus,NA,Ranunculus
Silene nutans,Plantae,Tracheophyta,Magnoliopsida,Caryophyllales,Caryophyllaceae,Silene,Silene nutans,Silene
Swertia,Plantae,Tracheophyta,Magnoliopsida,Gentianales,Gentianaceae,Swertia,NA,Swertia
Teucrium chamaedrys,Plantae,Tracheophyta,Magnoliopsida,Lamiales,Lamiaceae,Teucrium,Teucrium chamaedrys,Teucrium
Lycopus europaeus,Plantae,Tracheophyta,Magnoliopsida,Lamiales,Lamiaceae,Lycopus,Lycopus europaeus,Lycopus
Oleaceae undiff.,Plantae,Tracheophyta,Magnoliopsida,Lamiales,Oleaceae,Oleaceae,NA,Oleaceae
Conium maculatum-type,Plantae,Tracheophyta,Magnoliopsida,Apiales,Apiaceae,Conium,NA,Conium
Pimpinella saxifraga,Plantae,Tracheophyta,Magnoliopsida,Apiales,Apiaceae,Pimpinella,Pimpinella saxifraga,Pimpinella
Viscum album sensu lato,Plantae,Tracheophyta,Magnoliopsida,Santalales,Viscaceae,Viscum,Viscum album,Viscum
Abies undiff.,Plantae,Tracheophyta,Pinopsida,Pinales,Pinaceae,Abies,NA,Abies
Centaurium pulchellum,Plantae,Tracheophyta,Magnoliopsida,Gentianales,Gentianaceae,Centaurium,Centaurium pulchellum,Centaurium
Chaerophyllum hirsutum,Plantae,Tracheophyta,Magnoliopsida,Apiales,Apiaceae,Chaerophyllum,Chaerophyllum hirsutum,Chaerophyllum
Gratiola officinalis,Plantae,Tracheophyta,Magnoliopsida,Lamiales,Plantaginaceae,Gratiola,Gratiola officinalis,Gratiola
Onobrychis viciifolia,Plantae,Tracheophyta,Magnoliopsida,Fabales,Fabaceae,Onobrychis,Onobrychis viciifolia,Onobrychis
Torilis,Plantae,Tracheophyta,Magnoliopsida,Apiales,Apiaceae,Torilis,NA,Torilis
Aethusa cynapium-type,Plantae,Tracheophyta,Magnoliopsida,Apiales,Apiaceae,Aethusa,NA,Aethusa
Carum,Plantae,Tracheophyta,Magnoliopsida,Apiales,Apiaceae,Carum,NA,Carum
Caucalis platycarpos,Plantae,Tracheophyta,Magnoliopsida,Apiales,Apiaceae,Caucalis,Caucalis platycarpos,Caucalis
Centaurium pulchellum-type,Plantae,Tracheophyta,Magnoliopsida,Gentianales,Gentianaceae,Centaurium,NA,Centaurium
Foeniculum vulgare,Plantae,Tracheophyta,Magnoliopsida,Apiales,Apiaceae,Foeniculum,Foeniculum vulgare,Foeniculum
Meum athamanticum-type,Plantae,Tracheophyta,Magnoliopsida,Apiales,Apiaceae,Meum,NA,Meum
Monotropa hypopitys,Plantae,Tracheophyta,Magnoliopsida,Ericales,Ericaceae,Hypopitys,Hypopitys monotropa,Hypopitys
Peucedanum palustre-type,Plantae,Tracheophyta,Magnoliopsida,Apiales,Apiaceae,Peucedanum,NA,Peucedanum
Pleurospermum austriacum-type,Plantae,Tracheophyta,Magnoliopsida,Apiales,Apiaceae,Pleurospermum,NA,Pleurospermum
Ruta graveolens,Plantae,Tracheophyta,Magnoliopsida,Sapindales,Rutaceae,Ruta,Ruta graveolens,Ruta
Sambucus undiff.,Plantae,Tracheophyta,Magnoliopsida,Dipsacales,Viburnaceae,Sambucus,NA,Sambucus
Scrophulariaceae pro parte,Plantae,Tracheophyta,Magnoliopsida,Lamiales,Scrophulariaceae,Scrophulariaceae,NA,Scrophulariaceae
Torilis japonica-type,Plantae,Tracheophyta,Magnoliopsida,Apiales,Apiaceae,Torilis,NA,Torilis
Aphanes,Plantae,Tracheophyta,Magnoliopsida,Rosales,Rosaceae,Aphanes,NA,Aphanes
Astrantia major-type,Plantae,Tracheophyta,Magnoliopsida,Apiales,Apiaceae,Astrantia,NA,Astrantia
Ballota,Plantae,Tracheophyta,Magnoliopsida,Lamiales,Lamiaceae,Ballota,NA,Ballota
Campanula trachelium-type,Plantae,Tracheophyta,Magnoliopsida,Asterales,Campanulaceae,Campanula,NA,Campanula
Datura stramonium,Plantae,Tracheophyta,Magnoliopsida,Solanales,Solanaceae,Datura,Datura stramonium,Datura
Descurainia sophia,Plantae,Tracheophyta,Magnoliopsida,Brassicales,Brassicaceae,Descurainia,Descurainia sophia,Descurainia
Kickxia,Plantae,Tracheophyta,Magnoliopsida,Lamiales,Plantaginaceae,Kickxia,NA,Kickxia
Microrrhinum minus,Plantae,Tracheophyta,Magnoliopsida,Lamiales,Plantaginaceae,Chaenorhinum,Chaenorhinum minus,Chaenorhinum
Pisum sativum,Plantae,Tracheophyta,Magnoliopsida,Fabales,Fabaceae,Lathyrus,Lathyrus oleraceus,Lathyrus
Ephedra strobilacea-type,Plantae,Tracheophyta,Gnetopsida,Ephedrales,Ephedraceae,Ephedra,NA,Ephedra
Apium inundatum-type,Plantae,Tracheophyta,Magnoliopsida,Apiales,Apiaceae,Apium,NA,Apium
Corydalis pumila-type,Plantae,Tracheophyta,Magnoliopsida,Ranunculales,Papaveraceae,Corydalis,NA,Corydalis
Eryngium campestre-type,Plantae,Tracheophyta,Magnoliopsida,Apiales,Apiaceae,Eryngium,NA,Eryngium
Ornithogalum umbellatum-type,Plantae,Tracheophyta,Liliopsida,Asparagales,Asparagaceae,Ornithogalum,NA,Ornithogalum
Pedicularis verticillata-type,Plantae,Tracheophyta,Magnoliopsida,Lamiales,Orobanchaceae,Pedicularis,NA,Pedicularis
Teucrium chamaedrys-type,Plantae,Tracheophyta,Magnoliopsida,Lamiales,Lamiaceae,Teucrium,NA,Teucrium
Turgenia latifolia-type,Plantae,Tracheophyta,Magnoliopsida,Apiales,Apiaceae,Turgenia,NA,Turgenia
Viola tricolor-type,Plantae,Tracheophyta,Magnoliopsida,Malpighiales,Violaceae,Viola,NA,Viola
Berula erecta-type,Plantae,Tracheophyta,Magnoliopsida,Apiales,Apiaceae,Berula,NA,Berula
Lythrum portula-type,Plantae,Tracheophyta,Magnoliopsida,Myrtales,Lythraceae,Lythrum,NA,Lythrum
Agrimonia eupatoria-type,Plantae,Tracheophyta,Magnoliopsida,Rosales,Rosaceae,Agrimonia,NA,Agrimonia
Aphanes arvensis-type,Plantae,Tracheophyta,Magnoliopsida,Rosales,Rosaceae,Aphanes,NA,Aphanes
Ballota group,Plantae,Tracheophyta,Magnoliopsida,Lamiales,Lamiaceae,Ballota,NA,Ballota
Descurainia sophia-type,Plantae,Tracheophyta,Magnoliopsida,Brassicales,Brassicaceae,Descurainia,NA,Descurainia
Eupatorium cannabinum-type,Plantae,Tracheophyta,Magnoliopsida,Asterales,Asteraceae,Eupatorium,NA,Eupatorium
Geranium pratense-type,Plantae,Tracheophyta,Magnoliopsida,Geraniales,Geraniaceae,Geranium,NA,Geranium
Impatiens noli-tangere,Plantae,Tracheophyta,Magnoliopsida,Ericales,Balsaminaceae,Impatiens,Impatiens noli-tangere,Impatiens
Liriodendron tulipifera,Plantae,Tracheophyta,Magnoliopsida,Magnoliales,Magnoliaceae,Liriodendron,Liriodendron tulipifera,Liriodendron
Lonicera periclymenum-type,Plantae,Tracheophyta,Magnoliopsida,Dipsacales,Caprifoliaceae,Lonicera,NA,Lonicera
Mercurialis undiff.,Plantae,Tracheophyta,Magnoliopsida,Malpighiales,Euphorbiaceae,Mercurialis,NA,Mercurialis
Narcissus poeticus-type,Plantae,Tracheophyta,Liliopsida,Asparagales,Amaryllidaceae,Narcissus,NA,Narcissus
Sagina nodosa group,Plantae,Tracheophyta,Magnoliopsida,Caryophyllales,Caryophyllaceae,Sagina,Sagina nodosa,Sagina
Silene viscaria,Plantae,Tracheophyta,Magnoliopsida,Caryophyllales,Caryophyllaceae,Viscaria,Viscaria vulgaris,Viscaria
Mercurialis annua-type,Plantae,Tracheophyta,Magnoliopsida,Malpighiales,Euphorbiaceae,Mercurialis,NA,Mercurialis
Alchemilla cf. A. glabra,Plantae,Tracheophyta,Magnoliopsida,Rosales,Rosaceae,Alchemilla,NA,Alchemilla
Gentiana nivalis-type,Plantae,Tracheophyta,Magnoliopsida,Gentianales,Gentianaceae,Gentiana,NA,Gentiana
Helianthemum cf. H. canum,Plantae,Tracheophyta,Magnoliopsida,Malvales,Cistaceae,Helianthemum,NA,Helianthemum
Oxyria digyna-type,Plantae,Tracheophyta,Magnoliopsida,Caryophyllales,Polygonaceae,Oxyria,NA,Oxyria
Penthorum sedoides,Plantae,Tracheophyta,Magnoliopsida,Saxifragales,Penthoraceae,Penthorum,Penthorum sedoides,Penthorum
Vicia cf. V. cracca,Plantae,Tracheophyta,Magnoliopsida,Fabales,Fabaceae,Vicia,NA,Vicia
Betula sect. Apterocaryon,Plantae,Tracheophyta,Magnoliopsida,Fagales,Betulaceae,Betula,NA,Betula
Betula sect. Betula,Plantae,Tracheophyta,Magnoliopsida,Fagales,Betulaceae,Betula,NA,Betula
Bromus,Plantae,Tracheophyta,Liliopsida,Poales,Poaceae,Bromus,NA,Bromus
Plantago maritima/P. alpina,Plantae,Tracheophyta,Magnoliopsida,Lamiales,Plantaginaceae,Plantago,NA,Plantago
Polemonium boreale,Plantae,Tracheophyta,Magnoliopsida,Ericales,Polemoniaceae,Polemonium,Polemonium boreale,Polemonium
Trifolium striatum-type,Plantae,Tracheophyta,Magnoliopsida,Fabales,Fabaceae,Trifolium,NA,Trifolium
Loranthaceae,Plantae,Tracheophyta,Magnoliopsida,Santalales,Loranthaceae,Loranthaceae,NA,Loranthaceae
Bupleurum ranunculoides,Plantae,Tracheophyta,Magnoliopsida,Apiales,Apiaceae,Bupleurum,Bupleurum ranunculoides,Bupleurum
Pulmonaria officinalis,Plantae,Tracheophyta,Magnoliopsida,Boraginales,Boraginaceae,Pulmonaria,Pulmonaria officinalis,Pulmonaria
Thymus,Plantae,Tracheophyta,Magnoliopsida,Lamiales,Lamiaceae,Thymus,NA,Thymus
Cannabaceae sensu stricto,Plantae,Tracheophyta,Magnoliopsida,Rosales,Cannabaceae,Cannabaceae,NA,Cannabaceae
Erica cf. E. tetralix,Plantae,Tracheophyta,Magnoliopsida,Ericales,Ericaceae,Erica,NA,Erica
Persicaria cf. P. maculosa,Plantae,Tracheophyta,Magnoliopsida,Caryophyllales,Polygonaceae,Persicaria,NA,Persicaria
Elymus,Plantae,Tracheophyta,Liliopsida,Poales,Poaceae,Elymus,NA,Elymus
Centaurea depressa-type,Plantae,Tracheophyta,Magnoliopsida,Asterales,Asteraceae,Centaurea,NA,Centaurea
Artemisia campestris-type,Plantae,Tracheophyta,Magnoliopsida,Asterales,Asteraceae,Artemisia,NA,Artemisia
Artemisia undiff.,Plantae,Tracheophyta,Magnoliopsida,Asterales,Asteraceae,Artemisia,NA,Artemisia
Droseraceae,Plantae,Tracheophyta,Magnoliopsida,Caryophyllales,Droseraceae,Droseraceae,NA,Droseraceae
Rubus idaeus-type,Plantae,Tracheophyta,Magnoliopsida,Rosales,Rosaceae,Rubus,NA,Rubus
Polemoniaceae,Plantae,Tracheophyta,Magnoliopsida,Ericales,Polemoniaceae,Polemoniaceae,NA,Polemoniaceae
Hypericum calycinum-type,Plantae,Tracheophyta,Magnoliopsida,Malpighiales,Hypericaceae,Hypericum,NA,Hypericum
Sedum acre,Plantae,Tracheophyta,Magnoliopsida,Saxifragales,Crassulaceae,Sedum,Sedum acre,Sedum
Rosaceae (trees) undiff.,Plantae,Tracheophyta,Magnoliopsida,Rosales,Rosaceae,Rosaceae,NA,Rosaceae
Viburnum cf. V. opulus,Plantae,Tracheophyta,Magnoliopsida,Dipsacales,Viburnaceae,Viburnum,NA,Viburnum
Fallopia cf. F. convolvulus,Plantae,Tracheophyta,Magnoliopsida,Caryophyllales,Polygonaceae,Fallopia,NA,Fallopia
Micranthes nivalis/M. tenuis,Plantae,Tracheophyta,Magnoliopsida,Saxifragales,Saxifragaceae,Micranthes,NA,Micranthes
Rubus cf. R. saxatilis,Plantae,Tracheophyta,Magnoliopsida,Rosales,Rosaceae,Rubus,NA,Rubus
Quercus (evergreen),Plantae,Tracheophyta,Magnoliopsida,Fagales,Fagaceae,Quercus,NA,Quercus
Polygonum aviculare/Bistorta officinalis,Plantae,Tracheophyta,Magnoliopsida,Caryophyllales,Polygonaceae,Polygonum,NA,Polygonum
Pistacia terebinthus,Plantae,Tracheophyta,Magnoliopsida,Sapindales,Anacardiaceae,Pistacia,Pistacia terebinthus,Pistacia
Polygonoideae pro parte,Plantae,Tracheophyta,Magnoliopsida,Caryophyllales,Polygonaceae,Calligonum,NA,Calligonum
Adonis aestivalis-type,Plantae,Tracheophyta,Magnoliopsida,Ranunculales,Ranunculaceae,Adonis,NA,Adonis
Alchemilla group,Plantae,Tracheophyta,Magnoliopsida,Rosales,Rosaceae,Alchemilla,NA,Alchemilla
Anemone coronaria,Plantae,Tracheophyta,Magnoliopsida,Ranunculales,Ranunculaceae,Anemone,Anemone coronaria,Anemone
Arum,Plantae,Tracheophyta,Liliopsida,Alismatales,Araceae,Arum,NA,Arum
Ceratonia siliqua,Plantae,Tracheophyta,Magnoliopsida,Fabales,Fabaceae,Ceratonia,Ceratonia siliqua,Ceratonia
Genista group,Plantae,Tracheophyta,Magnoliopsida,Fabales,Fabaceae,Genista,NA,Genista
Liliaceae sensu lato,Plantae,Tracheophyta,Liliopsida,Liliales,Liliaceae,Liliaceae,NA,Liliaceae
Lomelosia argentea-type,Plantae,Tracheophyta,Magnoliopsida,Dipsacales,Caprifoliaceae,Lomelosia,NA,Lomelosia
Platanus orientalis,Plantae,Tracheophyta,Magnoliopsida,Proteales,Platanaceae,Platanus,Platanus orientalis,Platanus
Polycnemum,Plantae,Tracheophyta,Magnoliopsida,Caryophyllales,Amaranthaceae,Polycnemum,NA,Polycnemum
Ranunculus lanuginosus-type,Plantae,Tracheophyta,Magnoliopsida,Ranunculales,Ranunculaceae,Ranunculus,NA,Ranunculus
Rhinanthus group,Plantae,Tracheophyta,Magnoliopsida,Lamiales,Orobanchaceae,Rhinanthus,NA,Rhinanthus
Sorbus group,Plantae,Tracheophyta,Magnoliopsida,Rosales,Rosaceae,Sorbus,NA,Sorbus
Corrigiola litoralis-type,Plantae,Tracheophyta,Magnoliopsida,Caryophyllales,Caryophyllaceae,Corrigiola,NA,Corrigiola
Echium vulgare-type,Plantae,Tracheophyta,Magnoliopsida,Boraginales,Boraginaceae,Echium,NA,Echium
Erica australis-type,Plantae,Tracheophyta,Magnoliopsida,Ericales,Ericaceae,Erica,NA,Erica
Erica umbellata-type,Plantae,Tracheophyta,Magnoliopsida,Ericales,Ericaceae,Erica,NA,Erica
Erica undiff.,Plantae,Tracheophyta,Magnoliopsida,Ericales,Ericaceae,Erica,NA,Erica
Geranium molle-type,Plantae,Tracheophyta,Magnoliopsida,Geraniales,Geraniaceae,Geranium,NA,Geranium
Hypecoum,Plantae,Tracheophyta,Magnoliopsida,Ranunculales,Papaveraceae,Hypecoum,NA,Hypecoum
Illecebrum verticillatum-type,Plantae,Tracheophyta,Magnoliopsida,Caryophyllales,Caryophyllaceae,Illecebrum,NA,Illecebrum
Montia fontana-type,Plantae,Tracheophyta,Magnoliopsida,Caryophyllales,Montiaceae,Montia,NA,Montia
Trollius europaeus-type,Plantae,Tracheophyta,Magnoliopsida,Ranunculales,Ranunculaceae,Trollius,NA,Trollius
Aconitum napellus-type,Plantae,Tracheophyta,Magnoliopsida,Ranunculales,Ranunculaceae,Aconitum,NA,Aconitum
Arenaria serpyllifolia-type,Plantae,Tracheophyta,Magnoliopsida,Caryophyllales,Caryophyllaceae,Arenaria,NA,Arenaria
Blackstonia perfoliata-type,Plantae,Tracheophyta,Magnoliopsida,Gentianales,Gentianaceae,Blackstonia,NA,Blackstonia
Circaea lutetiana-type,Plantae,Tracheophyta,Magnoliopsida,Myrtales,Onagraceae,Circaea,NA,Circaea
Corrigiola telephiifolia-type,Plantae,Tracheophyta,Magnoliopsida,Caryophyllales,Caryophyllaceae,Corrigiola,NA,Corrigiola
Daucus carota-type,Plantae,Tracheophyta,Magnoliopsida,Apiales,Apiaceae,Daucus,NA,Daucus
Dipsacus fullonum-type,Plantae,Tracheophyta,Magnoliopsida,Dipsacales,Caprifoliaceae,Dipsacus,NA,Dipsacus
Erodium cicutarium-type,Plantae,Tracheophyta,Magnoliopsida,Geraniales,Geraniaceae,Erodium,NA,Erodium
Filipendula vulgaris-type,Plantae,Tracheophyta,Magnoliopsida,Rosales,Rosaceae,Filipendula,NA,Filipendula
Hedera helix-type,Plantae,Tracheophyta,Magnoliopsida,Apiales,Araliaceae,Hedera,NA,Hedera
Humulus lupulus-type,Plantae,Tracheophyta,Magnoliopsida,Rosales,Cannabaceae,Humulus,NA,Humulus
Ligustrum vulgare-type,Plantae,Tracheophyta,Magnoliopsida,Lamiales,Oleaceae,Ligustrum,NA,Ligustrum
Limonium humile-type,Plantae,Tracheophyta,Magnoliopsida,Caryophyllales,Plumbaginaceae,Limonium,NA,Limonium
Moehringia trinervia-type,Plantae,Tracheophyta,Magnoliopsida,Caryophyllales,Caryophyllaceae,Moehringia,NA,Moehringia
Phillyrea angustifolia-type,Plantae,Tracheophyta,Magnoliopsida,Lamiales,Oleaceae,Phillyrea,NA,Phillyrea
Pinguicula vulgaris-type,Plantae,Tracheophyta,Magnoliopsida,Lamiales,Lentibulariaceae,Pinguicula,NA,Pinguicula
Sagina procumbens-type,Plantae,Tracheophyta,Magnoliopsida,Caryophyllales,Caryophyllaceae,Sagina,NA,Sagina
Viburnum lantana-type,Plantae,Tracheophyta,Magnoliopsida,Dipsacales,Viburnaceae,Viburnum,NA,Viburnum
Crocus vernus,Plantae,Tracheophyta,Liliopsida,Asparagales,Iridaceae,Crocus,Crocus vernus,Crocus
Heliotropium,Plantae,Tracheophyta,Magnoliopsida,Boraginales,Heliotropiaceae,Heliotropium,NA,Heliotropium
Smyrnium,Plantae,Tracheophyta,Magnoliopsida,Apiales,Apiaceae,Smyrnium,NA,Smyrnium
Ranunculus glacialis-type,Plantae,Tracheophyta,Magnoliopsida,Ranunculales,Ranunculaceae,Ranunculus,NA,Ranunculus
Silene cf. S. acaulis,Plantae,Tracheophyta,Magnoliopsida,Caryophyllales,Caryophyllaceae,Silene,NA,Silene
Aconitum lycoctonum subsp. septentrionale,Plantae,Tracheophyta,Magnoliopsida,Ranunculales,Ranunculaceae,Aconitum,Aconitum septentrionale,Aconitum
Polygonum oxyspermum-type,Plantae,Tracheophyta,Magnoliopsida,Caryophyllales,Polygonaceae,Polygonum,NA,Polygonum
Secale (primitive),Plantae,Tracheophyta,Liliopsida,Poales,Poaceae,Secale,NA,Secale
Triticum spelta-type,Plantae,Tracheophyta,Liliopsida,Poales,Poaceae,Triticum,NA,Triticum
Poaceae (>40 µm),Plantae,Tracheophyta,Liliopsida,Poales,Poaceae,Poaceae,NA,Poaceae
Crassula,Plantae,Tracheophyta,Magnoliopsida,Saxifragales,Crassulaceae,Crassula,NA,Crassula
Gentiana punctata,Plantae,Tracheophyta,Magnoliopsida,Gentianales,Gentianaceae,Gentiana,Gentiana punctata,Gentiana
Geum rivale,Plantae,Tracheophyta,Magnoliopsida,Rosales,Rosaceae,Geum,Geum rivale,Geum
Ericaceae cf. Cassiope,Plantae,Tracheophyta,Magnoliopsida,Ericales,Ericaceae,Ericaceae,NA,Ericaceae
Artemisia norvegica-type,Plantae,Tracheophyta,Magnoliopsida,Asterales,Asteraceae,Artemisia,NA,Artemisia
Poaceae (annulus 8-10 µm),Plantae,Tracheophyta,Liliopsida,Poales,Poaceae,Poaceae,NA,Poaceae
Saxifraga cernua/S. rivularis,Plantae,Tracheophyta,Magnoliopsida,Saxifragales,Saxifragaceae,Saxifraga,NA,Saxifraga
Cornus undiff.,Plantae,Tracheophyta,Magnoliopsida,Cornales,Cornaceae,Cornus,NA,Cornus
Corydalis cava-type,Plantae,Tracheophyta,Magnoliopsida,Ranunculales,Papaveraceae,Corydalis,NA,Corydalis
Lavandula,Plantae,Tracheophyta,Magnoliopsida,Lamiales,Lamiaceae,Lavandula,NA,Lavandula
Blackstonia,Plantae,Tracheophyta,Magnoliopsida,Gentianales,Gentianaceae,Blackstonia,NA,Blackstonia
Erica ciliaris,Plantae,Tracheophyta,Magnoliopsida,Ericales,Ericaceae,Erica,Erica ciliaris,Erica
Cardamine,Plantae,Tracheophyta,Magnoliopsida,Brassicales,Brassicaceae,Cardamine,NA,Cardamine
Chamaerops,Plantae,Tracheophyta,Liliopsida,Arecales,Arecaceae,Chamaerops,NA,Chamaerops
Ephedra cf. E. fragilis,Plantae,Tracheophyta,Gnetopsida,Ephedrales,Ephedraceae,Ephedra,NA,Ephedra
Ephedra undiff.,Plantae,Tracheophyta,Gnetopsida,Ephedrales,Ephedraceae,Ephedra,NA,Ephedra
Falcaria,Plantae,Tracheophyta,Magnoliopsida,Apiales,Apiaceae,Falcaria,NA,Falcaria
Pinus halepensis,Plantae,Tracheophyta,Pinopsida,Pinales,Pinaceae,Pinus,Pinus halepensis,Pinus
Radiola,Plantae,Tracheophyta,Magnoliopsida,Malpighiales,Linaceae,Radiola,NA,Radiola
Smilax,Plantae,Tracheophyta,Liliopsida,Liliales,Smilacaceae,Smilax,NA,Smilax
Thymelaea,Plantae,Tracheophyta,Magnoliopsida,Malvales,Thymelaeaceae,Thymelaea,NA,Thymelaea
Ziziphus,Plantae,Tracheophyta,Magnoliopsida,Rosales,Rhamnaceae,Ziziphus,NA,Ziziphus
Corrigiola litoralis,Plantae,Tracheophyta,Magnoliopsida,Caryophyllales,Caryophyllaceae,Corrigiola,Corrigiola litoralis,Corrigiola
Cyclamen purpurascens,Plantae,Tracheophyta,Magnoliopsida,Ericales,Primulaceae,Cyclamen,Cyclamen purpurascens,Cyclamen
Adenostyles alliariae,Plantae,Tracheophyta,Magnoliopsida,Asterales,Asteraceae,Adenostyles,Adenostyles alliariae,Adenostyles
Anemone nemorosa group,Plantae,Tracheophyta,Magnoliopsida,Ranunculales,Ranunculaceae,Anemone,Anemone nemorosa,Anemone
Anthemis arvensis-type,Plantae,Tracheophyta,Magnoliopsida,Asterales,Asteraceae,Anthemis,NA,Anthemis
Gypsophila repens,Plantae,Tracheophyta,Magnoliopsida,Caryophyllales,Caryophyllaceae,Gypsophila,Gypsophila repens,Gypsophila
Petasites hybridus-type,Plantae,Tracheophyta,Magnoliopsida,Asterales,Asteraceae,Petasites,NA,Petasites
Primula clusiana-type,Plantae,Tracheophyta,Magnoliopsida,Ericales,Primulaceae,Primula,NA,Primula
Ranunculus acris/R. flammula/R. sceleratus group,Plantae,Tracheophyta,Magnoliopsida,Ranunculales,Ranunculaceae,Ranunculus,NA,Ranunculus
Androsace elongata-type,Plantae,Tracheophyta,Magnoliopsida,Ericales,Primulaceae,Androsace,NA,Androsace
Ribes uva-crispa,Plantae,Tracheophyta,Magnoliopsida,Saxifragales,Grossulariaceae,Ribes,Ribes uva-crispa,Ribes
Tripolium pannonicum subsp. tripolium-type,Plantae,Tracheophyta,Magnoliopsida,Asterales,Asteraceae,Tripolium,Tripolium pannonicum,Tripolium
Triticum undiff.,Plantae,Tracheophyta,Liliopsida,Poales,Poaceae,Triticum,NA,Triticum
Orthilia secunda,Plantae,Tracheophyta,Magnoliopsida,Ericales,Ericaceae,Orthilia,Orthilia secunda,Orthilia
Taraxacum officinale,Plantae,Tracheophyta,Magnoliopsida,Asterales,Asteraceae,Taraxacum,Taraxacum officinale,Taraxacum
"Caryophyllaceae (periporate, excluding Paronychioideae)",Plantae,Tracheophyta,Magnoliopsida,Caryophyllales,Caryophyllaceae,Caryophyllaceae,NA,Caryophyllaceae
Juniperus communis-type,Plantae,Tracheophyta,Pinopsida,Pinales,Cupressaceae,Juniperus,NA,Juniperus
Cannabis sativa-type,Plantae,Tracheophyta,Magnoliopsida,Rosales,Cannabaceae,Cannabis,NA,Cannabis
"Poaceae (Cerealia, 37-40 µm)",Plantae,Tracheophyta,Liliopsida,Poales,Poaceae,Poaceae,NA,Poaceae
"Poaceae (Cerealia, 40-50 µm)",Plantae,Tracheophyta,Liliopsida,Poales,Poaceae,Poaceae,NA,Poaceae
"Poaceae (Cerealia, >50 µm)",Plantae,Tracheophyta,Liliopsida,Poales,Poaceae,Poaceae,NA,Poaceae
Vicia faba,Plantae,Tracheophyta,Magnoliopsida,Fabales,Fabaceae,Vicia,Vicia faba,Vicia
Festuca,Plantae,Tracheophyta,Liliopsida,Poales,Poaceae,Festuca,NA,Festuca
Rosaceae (herbs) undiff.,Plantae,Tracheophyta,Magnoliopsida,Rosales,Rosaceae,Rosaceae,NA,Rosaceae
Quercus faginea-type,Plantae,Tracheophyta,Magnoliopsida,Fagales,Fagaceae,Quercus,NA,Quercus
Scilla,Plantae,Tracheophyta,Liliopsida,Asparagales,Asparagaceae,Scilla,NA,Scilla
Filago,Plantae,Tracheophyta,Magnoliopsida,Asterales,Asteraceae,Filago,NA,Filago
Ricinus communis,Plantae,Tracheophyta,Magnoliopsida,Malpighiales,Euphorbiaceae,Ricinus,Ricinus communis,Ricinus
Spartium junceum,Plantae,Tracheophyta,Magnoliopsida,Fabales,Fabaceae,Spartium,Spartium junceum,Spartium
Moraceae,Plantae,Tracheophyta,Magnoliopsida,Rosales,Moraceae,Moraceae,NA,Moraceae
Plantago cf. P. lanceolata,Plantae,Tracheophyta,Magnoliopsida,Lamiales,Plantaginaceae,Plantago,NA,Plantago
Rubus chamaemorus-type,Plantae,Tracheophyta,Magnoliopsida,Rosales,Rosaceae,Rubus,NA,Rubus
Cistus undiff.,Plantae,Tracheophyta,Magnoliopsida,Malvales,Cistaceae,Cistus,NA,Cistus
Quercus ilex/Q. coccifera-type,Plantae,Tracheophyta,Magnoliopsida,Fagales,Fagaceae,Quercus,NA,Quercus
Rubiaceae cf. Galium,Plantae,Tracheophyta,Magnoliopsida,Gentianales,Rubiaceae,Rubiaceae,NA,Rubiaceae
Valeriana undiff.,Plantae,Tracheophyta,Magnoliopsida,Dipsacales,Caprifoliaceae,Valeriana,NA,Valeriana
Vitex agnus-castus,Plantae,Tracheophyta,Magnoliopsida,Lamiales,Lamiaceae,Vitex,Vitex agnus-castus,Vitex
Ephedra major-type,Plantae,Tracheophyta,Gnetopsida,Ephedrales,Ephedraceae,Ephedra,NA,Ephedra
Roemeria,Plantae,Tracheophyta,Magnoliopsida,Ranunculales,Papaveraceae,Roemeria,NA,Roemeria
Ruta,Plantae,Tracheophyta,Magnoliopsida,Sapindales,Rutaceae,Ruta,NA,Ruta
Crocus,Plantae,Tracheophyta,Liliopsida,Asparagales,Iridaceae,Crocus,NA,Crocus
Nerium,Plantae,Tracheophyta,Magnoliopsida,Gentianales,Apocynaceae,Nerium,NA,Nerium
Ephedra major subsp. major,Plantae,Tracheophyta,Gnetopsida,Ephedrales,Ephedraceae,Ephedra,Ephedra foeminea,Ephedra
Pinus nigra-type,Plantae,Tracheophyta,Pinopsida,Pinales,Pinaceae,Pinus,NA,Pinus
Lygeum,Plantae,Tracheophyta,Liliopsida,Poales,Poaceae,Lygeum,NA,Lygeum
Myrtaceae,Plantae,Tracheophyta,Magnoliopsida,Myrtales,Myrtaceae,Myrtaceae,NA,Myrtaceae
Balsaminaceae,Plantae,Tracheophyta,Magnoliopsida,Ericales,Balsaminaceae,Balsaminaceae,NA,Balsaminaceae
Cotoneaster,Plantae,Tracheophyta,Magnoliopsida,Rosales,Rosaceae,Cotoneaster,NA,Cotoneaster
Ficaria,Plantae,Tracheophyta,Magnoliopsida,Ranunculales,Ranunculaceae,Ficaria,NA,Ficaria
Helianthemum marifolium,Plantae,Tracheophyta,Magnoliopsida,Malvales,Cistaceae,Helianthemum,Helianthemum marifolium,Helianthemum
Hyoscyamus,Plantae,Tracheophyta,Magnoliopsida,Solanales,Solanaceae,Hyoscyamus,NA,Hyoscyamus
Lotus undiff.,Plantae,Tracheophyta,Magnoliopsida,Fabales,Fabaceae,Lotus,NA,Lotus
Malvaceae undiff.,Plantae,Tracheophyta,Magnoliopsida,Malvales,Malvaceae,Malvaceae,NA,Malvaceae
Phacelia,Plantae,Tracheophyta,Magnoliopsida,Boraginales,Hydrophyllaceae,Phacelia,NA,Phacelia
Poaceae (>37 µm),Plantae,Tracheophyta,Liliopsida,Poales,Poaceae,Poaceae,NA,Poaceae
Primula elatior-type,Plantae,Tracheophyta,Magnoliopsida,Ericales,Primulaceae,Primula,NA,Primula
Sagina apetala-type,Plantae,Tracheophyta,Magnoliopsida,Caryophyllales,Caryophyllaceae,Sagina,NA,Sagina
Saponaria,Plantae,Tracheophyta,Magnoliopsida,Caryophyllales,Caryophyllaceae,Saponaria,NA,Saponaria
Scrophularia nodosa-type,Plantae,Tracheophyta,Magnoliopsida,Lamiales,Scrophulariaceae,Scrophularia,NA,Scrophularia
Viola odorata-type,Plantae,Tracheophyta,Magnoliopsida,Malpighiales,Violaceae,Viola,NA,Viola
Alchemilla pentaphyllea,Plantae,Tracheophyta,Magnoliopsida,Rosales,Rosaceae,Alchemilla,Alchemilla pentaphyllea,Alchemilla
Hypericum elodes-type,Plantae,Tracheophyta,Magnoliopsida,Malpighiales,Hypericaceae,Hypericum,NA,Hypericum
Lupinus,Plantae,Tracheophyta,Magnoliopsida,Fabales,Fabaceae,Lupinus,NA,Lupinus
Ailanthus altissima,Plantae,Tracheophyta,Magnoliopsida,Sapindales,Simaroubaceae,Ailanthus,Ailanthus altissima,Ailanthus
Angelica archangelica,Plantae,Tracheophyta,Magnoliopsida,Apiales,Apiaceae,Angelica,Angelica archangelica,Angelica
Anthericum liliago,Plantae,Tracheophyta,Liliopsida,Asparagales,Asparagaceae,Anthericum,Anthericum liliago,Anthericum
Anthriscus cerefolium,Plantae,Tracheophyta,Magnoliopsida,Apiales,Apiaceae,Anthriscus,Anthriscus cerefolium,Anthriscus
Arctium lappa-type,Plantae,Tracheophyta,Magnoliopsida,Asterales,Asteraceae,Arctium,NA,Arctium
Campanula rapunculoides,Plantae,Tracheophyta,Magnoliopsida,Asterales,Campanulaceae,Campanula,Campanula rapunculoides,Campanula
Cicer arietinum,Plantae,Tracheophyta,Magnoliopsida,Fabales,Fabaceae,Cicer,Cicer arietinum,Cicer
Colchicum autumnale,Plantae,Tracheophyta,Liliopsida,Liliales,Colchicaceae,Colchicum,Colchicum autumnale,Colchicum
Geranium molle group,Plantae,Tracheophyta,Magnoliopsida,Geraniales,Geraniaceae,Geranium,Geranium molle,Geranium
Geranium pratense group,Plantae,Tracheophyta,Magnoliopsida,Geraniales,Geraniaceae,Geranium,Geranium pratense,Geranium
Hyoscyamus niger,Plantae,Tracheophyta,Magnoliopsida,Solanales,Solanaceae,Hyoscyamus,Hyoscyamus niger,Hyoscyamus
Larix decidua-type,Plantae,Tracheophyta,Pinopsida,Pinales,Pinaceae,Larix,NA,Larix
Magnoliaceae,Plantae,Tracheophyta,Magnoliopsida,Magnoliales,Magnoliaceae,Magnoliaceae,NA,Magnoliaceae
Medicago lupulina-type,Plantae,Tracheophyta,Magnoliopsida,Fabales,Fabaceae,Medicago,NA,Medicago
Medicago sativa-type,Plantae,Tracheophyta,Magnoliopsida,Fabales,Fabaceae,Medicago,NA,Medicago
Polygala comosa-type,Plantae,Tracheophyta,Magnoliopsida,Fabales,Polygalaceae,Polygala,NA,Polygala
Polygonatum odoratum-type,Plantae,Tracheophyta,Liliopsida,Asparagales,Asparagaceae,Polygonatum,NA,Polygonatum
Rubus undiff.,Plantae,Tracheophyta,Magnoliopsida,Rosales,Rosaceae,Rubus,NA,Rubus
Salvia pratensis-type,Plantae,Tracheophyta,Magnoliopsida,Lamiales,Lamiaceae,Salvia,NA,Salvia
Vicia hirsuta/V. tetrasperma,Plantae,Tracheophyta,Magnoliopsida,Fabales,Fabaceae,Vicia,NA,Vicia
Lysimachia nemorum-type,Plantae,Tracheophyta,Magnoliopsida,Ericales,Primulaceae,Lysimachia,NA,Lysimachia
Caprifoliaceae undiff.,Plantae,Tracheophyta,Magnoliopsida,Dipsacales,Caprifoliaceae,Caprifoliaceae,NA,Caprifoliaceae
Asteraceae undiff. (type 2),Plantae,Tracheophyta,Magnoliopsida,Asterales,Asteraceae,Asteraceae,NA,Asteraceae
Asteraceae (echinate),Plantae,Tracheophyta,Magnoliopsida,Asterales,Asteraceae,Asteraceae,NA,Asteraceae
Cedrus atlantica,Plantae,Tracheophyta,Pinopsida,Pinales,Pinaceae,Cedrus,Cedrus atlantica,Cedrus
Cupressus,Plantae,Tracheophyta,Pinopsida,Pinales,Cupressaceae,Cupressus,NA,Cupressus
Daphne gnidium,Plantae,Tracheophyta,Magnoliopsida,Malvales,Thymelaeaceae,Daphne,Daphne gnidium,Daphne
Quercus canariensis/Q. pyrenaica,Plantae,Tracheophyta,Magnoliopsida,Fagales,Fagaceae,Quercus,NA,Quercus
Quercus ilex/Q. coccifera,Plantae,Tracheophyta,Magnoliopsida,Fagales,Fagaceae,Quercus,NA,Quercus
Pinguicula cf. P. vulgaris,Plantae,Tracheophyta,Magnoliopsida,Lamiales,Lentibulariaceae,Pinguicula,NA,Pinguicula
Scleranthus cf. S. perennis,Plantae,Tracheophyta,Magnoliopsida,Caryophyllales,Caryophyllaceae,Scleranthus,NA,Scleranthus
Asperula,Plantae,Tracheophyta,Magnoliopsida,Gentianales,Rubiaceae,Asperula,NA,Asperula
Centaurium erythraea,Plantae,Tracheophyta,Magnoliopsida,Gentianales,Gentianaceae,Centaurium,Centaurium erythraea,Centaurium
Fumaria officinalis,Plantae,Tracheophyta,Magnoliopsida,Ranunculales,Papaveraceae,Fumaria,Fumaria officinalis,Fumaria
Theligonum,Plantae,Tracheophyta,Magnoliopsida,Gentianales,Rubiaceae,Theligonum,NA,Theligonum
Taraxacum,Plantae,Tracheophyta,Magnoliopsida,Asterales,Asteraceae,Taraxacum,NA,Taraxacum
Alnus subg. Alnobetula,Plantae,Tracheophyta,Magnoliopsida,Fagales,Betulaceae,Alnus,NA,Alnus
Carpinus betulus-type,Plantae,Tracheophyta,Magnoliopsida,Fagales,Betulaceae,Carpinus,NA,Carpinus
Aristolochia,Plantae,Tracheophyta,Magnoliopsida,Piperales,Aristolochiaceae,Aristolochia,NA,Aristolochia
Orobanchaceae,Plantae,Tracheophyta,Magnoliopsida,Lamiales,Orobanchaceae,Orobanchaceae,NA,Orobanchaceae
Quercus faginea,Plantae,Tracheophyta,Magnoliopsida,Fagales,Fagaceae,Quercus,Quercus faginea,Quercus
Anagallis arvensis-type,Plantae,Tracheophyta,Magnoliopsida,Ericales,Primulaceae,Lysimachia,NA,Lysimachia
Cichorium intybus-type,Plantae,Tracheophyta,Magnoliopsida,Asterales,Asteraceae,Cichorium,NA,Cichorium
Poaceae (annulus 10-12 µm),Plantae,Tracheophyta,Liliopsida,Poales,Poaceae,Poaceae,NA,Poaceae
Cornus suecica-type,Plantae,Tracheophyta,Magnoliopsida,Cornales,Cornaceae,Cornus,NA,Cornus
Malus sylvestris,Plantae,Tracheophyta,Magnoliopsida,Rosales,Rosaceae,Malus,Malus sylvestris,Malus
Poterium sanguisorba subsp. sanguisorba,Plantae,Tracheophyta,Magnoliopsida,Rosales,Rosaceae,Poterium,Poterium sanguisorba,Poterium
Narcissus,Plantae,Tracheophyta,Liliopsida,Asparagales,Amaryllidaceae,Narcissus,NA,Narcissus
Cistaceae undiff.,Plantae,Tracheophyta,Magnoliopsida,Malvales,Cistaceae,Cistaceae,NA,Cistaceae
Amaranthaceae (broken),Plantae,Tracheophyta,Magnoliopsida,Caryophyllales,Amaranthaceae,Amaranthaceae,NA,Amaranthaceae
Amaranthaceae (crumpled),Plantae,Tracheophyta,Magnoliopsida,Caryophyllales,Amaranthaceae,Amaranthaceae,NA,Amaranthaceae
Asteraceae undiff. (broken),Plantae,Tracheophyta,Magnoliopsida,Asterales,Asteraceae,Asteraceae,NA,Asteraceae
Asteraceae undiff. (crumpled),Plantae,Tracheophyta,Magnoliopsida,Asterales,Asteraceae,Asteraceae,NA,Asteraceae
Cedrus (broken),Plantae,Tracheophyta,Pinopsida,Pinales,Pinaceae,Cedrus,NA,Cedrus
Cedrus (crumpled),Plantae,Tracheophyta,Pinopsida,Pinales,Pinaceae,Cedrus,NA,Cedrus
Cedrus (degraded),Plantae,Tracheophyta,Pinopsida,Pinales,Pinaceae,Cedrus,NA,Cedrus
Cyperaceae (broken),Plantae,Tracheophyta,Liliopsida,Poales,Cyperaceae,Cyperaceae,NA,Cyperaceae
Cyperaceae (corroded),Plantae,Tracheophyta,Liliopsida,Poales,Cyperaceae,Cyperaceae,NA,Cyperaceae
Cyperaceae (crumpled),Plantae,Tracheophyta,Liliopsida,Poales,Cyperaceae,Cyperaceae,NA,Cyperaceae
Cyperaceae (degraded),Plantae,Tracheophyta,Liliopsida,Poales,Cyperaceae,Cyperaceae,NA,Cyperaceae
Fraxinus ornus-type,Plantae,Tracheophyta,Magnoliopsida,Lamiales,Oleaceae,Fraxinus,NA,Fraxinus
Oleaceae (broken),Plantae,Tracheophyta,Magnoliopsida,Lamiales,Oleaceae,Oleaceae,NA,Oleaceae
Oleaceae (crumpled),Plantae,Tracheophyta,Magnoliopsida,Lamiales,Oleaceae,Oleaceae,NA,Oleaceae
Oleaceae (obscured),Plantae,Tracheophyta,Magnoliopsida,Lamiales,Oleaceae,Oleaceae,NA,Oleaceae
Pinaceae (broken),Plantae,Tracheophyta,Pinopsida,Pinales,Pinaceae,Pinaceae,NA,Pinaceae
Pinaceae (corroded),Plantae,Tracheophyta,Pinopsida,Pinales,Pinaceae,Pinaceae,NA,Pinaceae
Pinaceae (crumpled),Plantae,Tracheophyta,Pinopsida,Pinales,Pinaceae,Pinaceae,NA,Pinaceae
Pinaceae (degraded),Plantae,Tracheophyta,Pinopsida,Pinales,Pinaceae,Pinaceae,NA,Pinaceae
Pinaceae (obscured),Plantae,Tracheophyta,Pinopsida,Pinales,Pinaceae,Pinaceae,NA,Pinaceae
Pinus (broken),Plantae,Tracheophyta,Pinopsida,Pinales,Pinaceae,Pinus,NA,Pinus
Pinus (corroded),Plantae,Tracheophyta,Pinopsida,Pinales,Pinaceae,Pinus,NA,Pinus
Pinus (crumpled),Plantae,Tracheophyta,Pinopsida,Pinales,Pinaceae,Pinus,NA,Pinus
Pinus (degraded),Plantae,Tracheophyta,Pinopsida,Pinales,Pinaceae,Pinus,NA,Pinus
Pinus (fragmented),Plantae,Tracheophyta,Pinopsida,Pinales,Pinaceae,Pinus,NA,Pinus
Poaceae (broken),Plantae,Tracheophyta,Liliopsida,Poales,Poaceae,Poaceae,NA,Poaceae
"Poaceae (Cerealia-type, broken)",Plantae,Tracheophyta,Liliopsida,Poales,Poaceae,Poaceae,NA,Poaceae
"Poaceae (Cerealia-type, corroded)",Plantae,Tracheophyta,Liliopsida,Poales,Poaceae,Poaceae,NA,Poaceae
"Poaceae (Cerealia-type, crumpled)",Plantae,Tracheophyta,Liliopsida,Poales,Poaceae,Poaceae,NA,Poaceae
Poaceae (corroded),Plantae,Tracheophyta,Liliopsida,Poales,Poaceae,Poaceae,NA,Poaceae
Poaceae (crumpled),Plantae,Tracheophyta,Liliopsida,Poales,Poaceae,Poaceae,NA,Poaceae
Poaceae (degraded),Plantae,Tracheophyta,Liliopsida,Poales,Poaceae,Poaceae,NA,Poaceae
Quercus coccifera-type,Plantae,Tracheophyta,Magnoliopsida,Fagales,Fagaceae,Quercus,NA,Quercus
Quercus coccifera-type (broken),Plantae,Tracheophyta,Magnoliopsida,Fagales,Fagaceae,Quercus,NA,Quercus
Quercus coccifera-type: corroded,Plantae,Tracheophyta,Magnoliopsida,Fagales,Fagaceae,Quercus,NA,Quercus
Quercus coccifera-type (crumpled),Plantae,Tracheophyta,Magnoliopsida,Fagales,Fagaceae,Quercus,NA,Quercus
Quercus undiff. (broken),Plantae,Tracheophyta,Magnoliopsida,Fagales,Fagaceae,Quercus,NA,Quercus
Quercus undiff. (corroded),Plantae,Tracheophyta,Magnoliopsida,Fagales,Fagaceae,Quercus,NA,Quercus
Quercus undiff. (crumpled),Plantae,Tracheophyta,Magnoliopsida,Fagales,Fagaceae,Quercus,NA,Quercus
Quercus undiff. (degraded),Plantae,Tracheophyta,Magnoliopsida,Fagales,Fagaceae,Quercus,NA,Quercus
Quercus undiff. (obscured),Plantae,Tracheophyta,Magnoliopsida,Fagales,Fagaceae,Quercus,NA,Quercus
Anagallis tenella-type,Plantae,Tracheophyta,Magnoliopsida,Ericales,Primulaceae,Lysimachia,NA,Lysimachia
Arnoseris,Plantae,Tracheophyta,Magnoliopsida,Asterales,Asteraceae,Arnoseris,NA,Arnoseris
Cicendia filiformis,Plantae,Tracheophyta,Magnoliopsida,Gentianales,Gentianaceae,Cicendia,Cicendia filiformis,Cicendia
Cistus monspeliensis-type,Plantae,Tracheophyta,Magnoliopsida,Malvales,Cistaceae,Cistus,NA,Cistus
Erica scoparia-type,Plantae,Tracheophyta,Magnoliopsida,Ericales,Ericaceae,Erica,NA,Erica
Frankenia,Plantae,Tracheophyta,Magnoliopsida,Caryophyllales,Frankeniaceae,Frankenia,NA,Frankenia
Fumaria officinalis-type,Plantae,Tracheophyta,Magnoliopsida,Ranunculales,Papaveraceae,Fumaria,NA,Fumaria
Gynandriris sisyrinchium,Plantae,Tracheophyta,Liliopsida,Asparagales,Iridaceae,Moraea,Moraea sisyrinchium,Moraea
Halimium halimifolium-type,Plantae,Tracheophyta,Magnoliopsida,Malvales,Cistaceae,Halimium,NA,Halimium
Helianthemum croceum-type,Plantae,Tracheophyta,Magnoliopsida,Malvales,Cistaceae,Helianthemum,NA,Helianthemum
Tuberaria guttata,Plantae,Tracheophyta,Magnoliopsida,Malvales,Cistaceae,Tuberaria,Tuberaria guttata,Tuberaria
Actaea spicata,Plantae,Tracheophyta,Magnoliopsida,Ranunculales,Ranunculaceae,Actaea,Actaea spicata,Actaea
Aegopodium podagraria,Plantae,Tracheophyta,Magnoliopsida,Apiales,Apiaceae,Aegopodium,Aegopodium podagraria,Aegopodium
Anemone pulsatilla-type,Plantae,Tracheophyta,Magnoliopsida,Ranunculales,Ranunculaceae,Anemone,NA,Anemone
Anethum graveolens,Plantae,Tracheophyta,Magnoliopsida,Apiales,Apiaceae,Anethum,Anethum graveolens,Anethum
Fragaria,Plantae,Tracheophyta,Magnoliopsida,Rosales,Rosaceae,Fragaria,NA,Fragaria
Iris germanica-type,Plantae,Tracheophyta,Liliopsida,Asparagales,Iridaceae,Iris,NA,Iris
Legousia,Plantae,Tracheophyta,Magnoliopsida,Asterales,Campanulaceae,Legousia,NA,Legousia
Leucojum,Plantae,Tracheophyta,Liliopsida,Asparagales,Amaryllidaceae,Leucojum,NA,Leucojum
Robinia pseudoacacia,Plantae,Tracheophyta,Magnoliopsida,Fabales,Fabaceae,Robinia,Robinia pseudoacacia,Robinia
Vaccaria hispanica,Plantae,Tracheophyta,Magnoliopsida,Caryophyllales,Caryophyllaceae,Gypsophila,Gypsophila vaccaria,Gypsophila
Viburnum opulus/V. tinus,Plantae,Tracheophyta,Magnoliopsida,Dipsacales,Viburnaceae,Viburnum,NA,Viburnum
Carya glabra-type,Plantae,Tracheophyta,Magnoliopsida,Fagales,Juglandaceae,Carya,NA,Carya
Carya tomentosa-type,Plantae,Tracheophyta,Magnoliopsida,Fagales,Juglandaceae,Carya,NA,Carya
Anemone subg. Anemone,Plantae,Tracheophyta,Magnoliopsida,Ranunculales,Ranunculaceae,Anemone,NA,Anemone
Artemisia alba-type,Plantae,Tracheophyta,Magnoliopsida,Asterales,Asteraceae,Artemisia,NA,Artemisia
Lathyrus linifolius-type,Plantae,Tracheophyta,Magnoliopsida,Fabales,Fabaceae,Lathyrus,NA,Lathyrus
Potentilla erecta,Plantae,Tracheophyta,Magnoliopsida,Rosales,Rosaceae,Potentilla,Potentilla erecta,Potentilla
Centaurea jacea/C. nigra-type,Plantae,Tracheophyta,Magnoliopsida,Asterales,Asteraceae,Centaurea,NA,Centaurea
Lamium amplexicaule-type,Plantae,Tracheophyta,Magnoliopsida,Lamiales,Lamiaceae,Lamium,NA,Lamium
Lamium purpureum var. hybridum-type,Plantae,Tracheophyta,Magnoliopsida,Lamiales,Lamiaceae,Lamium,Lamium purpureum,Lamium
Polygonum cognatum,Plantae,Tracheophyta,Magnoliopsida,Caryophyllales,Polygonaceae,Polygonum,Polygonum cognatum,Polygonum
Rumex conglomeratus,Plantae,Tracheophyta,Magnoliopsida,Caryophyllales,Polygonaceae,Rumex,Rumex conglomeratus,Rumex
Teucrium pyrenaicum-type,Plantae,Tracheophyta,Magnoliopsida,Lamiales,Lamiaceae,Teucrium,NA,Teucrium
Urtica atrovirens,Plantae,Tracheophyta,Magnoliopsida,Rosales,Urticaceae,Urtica,Urtica atrovirens,Urtica
Geranium columbinum-type,Plantae,Tracheophyta,Magnoliopsida,Geraniales,Geraniaceae,Geranium,NA,Geranium
Geranium pusillum-type,Plantae,Tracheophyta,Magnoliopsida,Geraniales,Geraniaceae,Geranium,NA,Geranium
Amaryllidaceae,Plantae,Tracheophyta,Liliopsida,Asparagales,Amaryllidaceae,Amaryllidaceae,NA,Amaryllidaceae
Cercis,Plantae,Tracheophyta,Magnoliopsida,Fabales,Fabaceae,Cercis,NA,Cercis
Chenopodium sp.,Plantae,Tracheophyta,Magnoliopsida,Caryophyllales,Amaranthaceae,Chenopodium,NA,Chenopodium
Convolvulus undiff.,Plantae,Tracheophyta,Magnoliopsida,Solanales,Convolvulaceae,Convolvulus,NA,Convolvulus
Cyclamen,Plantae,Tracheophyta,Magnoliopsida,Ericales,Primulaceae,Cyclamen,NA,Cyclamen
Dracunculus,Plantae,Tracheophyta,Liliopsida,Alismatales,Araceae,Dracunculus,NA,Dracunculus
Gentiana undiff.,Plantae,Tracheophyta,Magnoliopsida,Gentianales,Gentianaceae,Gentiana,NA,Gentiana
Mesembryanthemum,Plantae,Tracheophyta,Magnoliopsida,Caryophyllales,Aizoaceae,Mesembryanthemum,NA,Mesembryanthemum
Oenothera,Plantae,Tracheophyta,Magnoliopsida,Myrtales,Onagraceae,Oenothera,NA,Oenothera
Paeonia,Plantae,Tracheophyta,Magnoliopsida,Saxifragales,Paeoniaceae,Paeonia,NA,Paeonia
Plantago lanceolata/P. lagopus,Plantae,Tracheophyta,Magnoliopsida,Lamiales,Plantaginaceae,Plantago,NA,Plantago
Prunus sp.,Plantae,Tracheophyta,Magnoliopsida,Rosales,Rosaceae,Prunus,NA,Prunus
Punica granatum,Plantae,Tracheophyta,Magnoliopsida,Myrtales,Lythraceae,Punica,Punica granatum,Punica
Rumex subg. Emex,Plantae,Tracheophyta,Magnoliopsida,Caryophyllales,Polygonaceae,Rumex,NA,Rumex
Sarcopoterium spinosum/Poterium sanguisorba,Plantae,Tracheophyta,Magnoliopsida,Rosales,Rosaceae,Sarcopoterium,NA,Sarcopoterium
Senecio sp.,Plantae,Tracheophyta,Magnoliopsida,Asterales,Asteraceae,Senecio,NA,Senecio
Styrax,Plantae,Tracheophyta,Magnoliopsida,Ericales,Styracaceae,Styrax,NA,Styrax
Urtica pilulifera-type,Plantae,Tracheophyta,Magnoliopsida,Rosales,Urticaceae,Urtica,NA,Urtica
Arnoseris minima,Plantae,Tracheophyta,Magnoliopsida,Asterales,Asteraceae,Arnoseris,Arnoseris minima,Arnoseris
Caryophyllaceae (porate),Plantae,Tracheophyta,Magnoliopsida,Caryophyllales,Caryophyllaceae,Caryophyllaceae,NA,Caryophyllaceae
Conopodium majus,Plantae,Tracheophyta,Magnoliopsida,Apiales,Apiaceae,Conopodium,Conopodium majus,Conopodium
Artemisia sp.,Plantae,Tracheophyta,Magnoliopsida,Asterales,Asteraceae,Artemisia,NA,Artemisia
Capsella,Plantae,Tracheophyta,Magnoliopsida,Brassicales,Brassicaceae,Capsella,NA,Capsella
Gentianella sp.,Plantae,Tracheophyta,Magnoliopsida,Gentianales,Gentianaceae,Gentianella,NA,Gentianella
Ranunculus glacialis,Plantae,Tracheophyta,Magnoliopsida,Ranunculales,Ranunculaceae,Ranunculus,Ranunculus glacialis,Ranunculus
Sonchus,Plantae,Tracheophyta,Magnoliopsida,Asterales,Asteraceae,Sonchus,NA,Sonchus
Primula scandinavica-type,Plantae,Tracheophyta,Magnoliopsida,Ericales,Primulaceae,Primula,NA,Primula
Sorbus cf. S. aucuparia,Plantae,Tracheophyta,Magnoliopsida,Rosales,Rosaceae,Sorbus,NA,Sorbus
Linnaea,Plantae,Tracheophyta,Magnoliopsida,Dipsacales,Caprifoliaceae,Linnaea,NA,Linnaea
Rumex sp.,Plantae,Tracheophyta,Magnoliopsida,Caryophyllales,Polygonaceae,Rumex,NA,Rumex
Avena sativa,Plantae,Tracheophyta,Liliopsida,Poales,Poaceae,Avena,Avena sativa,Avena
Linum bienne-type,Plantae,Tracheophyta,Magnoliopsida,Malpighiales,Linaceae,Linum,NA,Linum
Sorbus sp.,Plantae,Tracheophyta,Magnoliopsida,Rosales,Rosaceae,Sorbus,NA,Sorbus
Thalictrum flavum,Plantae,Tracheophyta,Magnoliopsida,Ranunculales,Ranunculaceae,Thalictrum,Thalictrum flavum,Thalictrum
Triticum aestivum,Plantae,Tracheophyta,Liliopsida,Poales,Poaceae,Triticum,Triticum aestivum,Triticum
Vaccinium sp.,Plantae,Tracheophyta,Magnoliopsida,Ericales,Ericaceae,Vaccinium,NA,Vaccinium
Plantago cf. P. major,Plantae,Tracheophyta,Magnoliopsida,Lamiales,Plantaginaceae,Plantago,NA,Plantago
Vaccinium uliginosum,Plantae,Tracheophyta,Magnoliopsida,Ericales,Ericaceae,Vaccinium,Vaccinium uliginosum,Vaccinium
Vaccinium vitis-idaea,Plantae,Tracheophyta,Magnoliopsida,Ericales,Ericaceae,Vaccinium,Vaccinium vitis-idaea,Vaccinium
Apiaceae cf. Pleurospermum,Plantae,Tracheophyta,Magnoliopsida,Apiales,Apiaceae,Apiaceae,NA,Apiaceae
Ericaceae cf. Vaccinium,Plantae,Tracheophyta,Magnoliopsida,Ericales,Ericaceae,Ericaceae,NA,Ericaceae
Rosaceae cf. Prunus,Plantae,Tracheophyta,Magnoliopsida,Rosales,Rosaceae,Rosaceae,NA,Rosaceae
Rosaceae cf. Sorbus,Plantae,Tracheophyta,Magnoliopsida,Rosales,Rosaceae,Rosaceae,NA,Rosaceae
Dipsacaceae undiff.,Plantae,Tracheophyta,Magnoliopsida,Dipsacales,Dipsacaceae,Dipsacaceae,NA,Dipsacaceae
Hordeum group,Plantae,Tracheophyta,Liliopsida,Poales,Poaceae,Hordeum,NA,Hordeum
Atriplex sp.,Plantae,Tracheophyta,Magnoliopsida,Caryophyllales,Amaranthaceae,Atriplex,NA,Atriplex
Centaurea sp.,Plantae,Tracheophyta,Magnoliopsida,Asterales,Asteraceae,Centaurea,NA,Centaurea
Chrysosplenium alternifolium,Plantae,Tracheophyta,Magnoliopsida,Saxifragales,Saxifragaceae,Chrysosplenium,Chrysosplenium alternifolium,Chrysosplenium
Helianthemum sp.,Plantae,Tracheophyta,Magnoliopsida,Malvales,Cistaceae,Helianthemum,NA,Helianthemum
Krascheninnikovia ceratoides,Plantae,Tracheophyta,Magnoliopsida,Caryophyllales,Amaranthaceae,Krascheninnikovia,Krascheninnikovia ceratoides,Krascheninnikovia
Salsola sp.,Plantae,Tracheophyta,Magnoliopsida,Caryophyllales,Amaranthaceae,Salsola,NA,Salsola
Thalictrum sp.,Plantae,Tracheophyta,Magnoliopsida,Ranunculales,Ranunculaceae,Thalictrum,NA,Thalictrum
Medicago lupulina,Plantae,Tracheophyta,Magnoliopsida,Fabales,Fabaceae,Medicago,Medicago lupulina,Medicago
Trifolium montanum-type,Plantae,Tracheophyta,Magnoliopsida,Fabales,Fabaceae,Trifolium,NA,Trifolium
Pinus cembroides,Plantae,Tracheophyta,Pinopsida,Pinales,Pinaceae,Pinus,Pinus cembroides,Pinus
Angelica,Plantae,Tracheophyta,Magnoliopsida,Apiales,Apiaceae,Angelica,NA,Angelica
Dictamnus albus,Plantae,Tracheophyta,Magnoliopsida,Sapindales,Rutaceae,Dictamnus,Dictamnus albus,Dictamnus
Pinus (haplostellate),Plantae,Tracheophyta,Pinopsida,Pinales,Pinaceae,Pinus,NA,Pinus
Sanicula,Plantae,Tracheophyta,Magnoliopsida,Apiales,Apiaceae,Sanicula,NA,Sanicula
Tussilago,Plantae,Tracheophyta,Magnoliopsida,Asterales,Asteraceae,Tussilago,NA,Tussilago
Kalmia,Plantae,Tracheophyta,Magnoliopsida,Ericales,Ericaceae,Kalmia,NA,Kalmia
Minuartia,Plantae,Tracheophyta,Magnoliopsida,Caryophyllales,Caryophyllaceae,Minuartia,NA,Minuartia
Pinus strobus-type,Plantae,Tracheophyta,Pinopsida,Pinales,Pinaceae,Pinus,NA,Pinus
Pyrus,Plantae,Tracheophyta,Magnoliopsida,Rosales,Rosaceae,Pyrus,NA,Pyrus
Kalmia procumbens,Plantae,Tracheophyta,Magnoliopsida,Ericales,Ericaceae,Kalmia,Kalmia procumbens,Kalmia
Fragaria vesca,Plantae,Tracheophyta,Magnoliopsida,Rosales,Rosaceae,Fragaria,Fragaria vesca,Fragaria
Pinus mugo,Plantae,Tracheophyta,Pinopsida,Pinales,Pinaceae,Pinus,Pinus mugo,Pinus
Pinus nigra,Plantae,Tracheophyta,Pinopsida,Pinales,Pinaceae,Pinus,Pinus nigra,Pinus
Ajuga,Plantae,Tracheophyta,Magnoliopsida,Lamiales,Lamiaceae,Ajuga,NA,Ajuga
Lotus sp.,Plantae,Tracheophyta,Magnoliopsida,Fabales,Fabaceae,Lotus,NA,Lotus
Melilotus,Plantae,Tracheophyta,Magnoliopsida,Fabales,Fabaceae,Melilotus,NA,Melilotus
Sambucus racemosa-type,Plantae,Tracheophyta,Magnoliopsida,Dipsacales,Viburnaceae,Sambucus,NA,Sambucus
Morus nigra,Plantae,Tracheophyta,Magnoliopsida,Rosales,Moraceae,Morus,Morus nigra,Morus
Centaurea aspera-type,Plantae,Tracheophyta,Magnoliopsida,Asterales,Asteraceae,Centaurea,NA,Centaurea
Cirsium cf. C. palustre,Plantae,Tracheophyta,Magnoliopsida,Asterales,Asteraceae,Cirsium,NA,Cirsium
Cyanus triumfettii,Plantae,Tracheophyta,Magnoliopsida,Asterales,Asteraceae,Centaurea,Centaurea triumfettii,Centaurea
Liliales,Plantae,Tracheophyta,Liliopsida,Liliales,undiff,undiff,NA,undiff
Pinus mugo/P. sylvestris,Plantae,Tracheophyta,Pinopsida,Pinales,Pinaceae,Pinus,NA,Pinus
Plantago maritima subsp. serpentina,Plantae,Tracheophyta,Magnoliopsida,Lamiales,Plantaginaceae,Plantago,Plantago maritima,Plantago
Polycarpon tetraphyllum,Plantae,Tracheophyta,Magnoliopsida,Caryophyllales,Caryophyllaceae,Polycarpon,Polycarpon tetraphyllum,Polycarpon
Ranunculus fluitans-type,Plantae,Tracheophyta,Magnoliopsida,Ranunculales,Ranunculaceae,Ranunculus,NA,Ranunculus
Sesamoides,Plantae,Tracheophyta,Magnoliopsida,Brassicales,Resedaceae,Sesamoides,NA,Sesamoides
Solanum dulcamara/Sedum,Plantae,Tracheophyta,Magnoliopsida,Solanales,Solanaceae,Solanum,NA,Solanum
Thalictrum minus,Plantae,Tracheophyta,Magnoliopsida,Ranunculales,Ranunculaceae,Thalictrum,Thalictrum minus,Thalictrum
Valeriana tuberosa,Plantae,Tracheophyta,Magnoliopsida,Dipsacales,Caprifoliaceae,Valeriana,Valeriana tuberosa,Valeriana
Aconitum group,Plantae,Tracheophyta,Magnoliopsida,Ranunculales,Ranunculaceae,Aconitum,NA,Aconitum
Anemone pulsatilla,Plantae,Tracheophyta,Magnoliopsida,Ranunculales,Ranunculaceae,Pulsatilla,Pulsatilla vulgaris,Pulsatilla
Anemone pulsatilla group,Plantae,Tracheophyta,Magnoliopsida,Ranunculales,Ranunculaceae,Pulsatilla,Pulsatilla vulgaris,Pulsatilla
Consolida ambigua-type,Plantae,Tracheophyta,Magnoliopsida,Ranunculales,Ranunculaceae,Delphinium,NA,Delphinium
Frangula alnus-type,Plantae,Tracheophyta,Magnoliopsida,Rosales,Rhamnaceae,Frangula,NA,Frangula
Gratiola,Plantae,Tracheophyta,Magnoliopsida,Lamiales,Plantaginaceae,Gratiola,NA,Gratiola
Limonium vulgare (type A),Plantae,Tracheophyta,Magnoliopsida,Caryophyllales,Plumbaginaceae,Limonium,Limonium vulgare,Limonium
Ribes rubrum-type,Plantae,Tracheophyta,Magnoliopsida,Saxifragales,Grossulariaceae,Ribes,NA,Ribes
Sison amomum-type,Plantae,Tracheophyta,Magnoliopsida,Apiales,Apiaceae,Sison,NA,Sison
Solanum dulcamara-type,Plantae,Tracheophyta,Magnoliopsida,Solanales,Solanaceae,Solanum,NA,Solanum
Empetrum nigrum-type,Plantae,Tracheophyta,Magnoliopsida,Ericales,Ericaceae,Empetrum,NA,Empetrum
Prunella vulgaris-type,Plantae,Tracheophyta,Magnoliopsida,Lamiales,Lamiaceae,Prunella,NA,Prunella
Amaranthaceae (small),Plantae,Tracheophyta,Magnoliopsida,Caryophyllales,Amaranthaceae,Amaranthaceae,NA,Amaranthaceae
Apiaceae (apiculate),Plantae,Tracheophyta,Magnoliopsida,Apiales,Apiaceae,Apiaceae,NA,Apiaceae
Apiaceae (large),Plantae,Tracheophyta,Magnoliopsida,Apiales,Apiaceae,Apiaceae,NA,Apiaceae
Apiaceae (medium),Plantae,Tracheophyta,Magnoliopsida,Apiales,Apiaceae,Apiaceae,NA,Apiaceae
Apiaceae (small),Plantae,Tracheophyta,Magnoliopsida,Apiales,Apiaceae,Apiaceae,NA,Apiaceae
Caryophyllaceae (large),Plantae,Tracheophyta,Magnoliopsida,Caryophyllales,Caryophyllaceae,Caryophyllaceae,NA,Caryophyllaceae
Caryophyllaceae (small),Plantae,Tracheophyta,Magnoliopsida,Caryophyllales,Caryophyllaceae,Caryophyllaceae,NA,Caryophyllaceae
Pinus (large),Plantae,Tracheophyta,Pinopsida,Pinales,Pinaceae,Pinus,NA,Pinus
Pinus (small),Plantae,Tracheophyta,Pinopsida,Pinales,Pinaceae,Pinus,NA,Pinus
Poaceae (small),Plantae,Tracheophyta,Liliopsida,Poales,Poaceae,Poaceae,NA,Poaceae
Quercus rotundifolia,Plantae,Tracheophyta,Magnoliopsida,Fagales,Fagaceae,Quercus,Quercus rotundifolia,Quercus
Symphoricarpos,Plantae,Tracheophyta,Magnoliopsida,Dipsacales,Caprifoliaceae,Symphoricarpos,NA,Symphoricarpos
Lotus maritimus,Plantae,Tracheophyta,Magnoliopsida,Fabales,Fabaceae,Lotus,Lotus maritimus,Lotus
Trifolium pannonicum,Plantae,Tracheophyta,Magnoliopsida,Fabales,Fabaceae,Trifolium,Trifolium pannonicum,Trifolium
"Poaceae (Cerealia-type, indeterminable)",Plantae,Tracheophyta,Liliopsida,Poales,Poaceae,Poaceae,NA,Poaceae
Centaurea pro parte,Plantae,Tracheophyta,Magnoliopsida,Asterales,Asteraceae,Centaurea,NA,Centaurea
Cistus pro parte,Plantae,Tracheophyta,Magnoliopsida,Malvales,Cistaceae,Cistus,NA,Cistus
Plantago altissima-type,Plantae,Tracheophyta,Magnoliopsida,Lamiales,Plantaginaceae,Plantago,NA,Plantago
Plantago argentea-type,Plantae,Tracheophyta,Magnoliopsida,Lamiales,Plantaginaceae,Plantago,NA,Plantago
Plantago carinata-type,Plantae,Tracheophyta,Magnoliopsida,Lamiales,Plantaginaceae,Plantago,NA,Plantago
Quercus pro parte,Plantae,Tracheophyta,Magnoliopsida,Fagales,Fagaceae,Quercus,NA,Quercus
Alnus viridis subsp. suaveolens,Plantae,Tracheophyta,Magnoliopsida,Fagales,Betulaceae,Alnus,Alnus alnobetula,Alnus
Pinus laricio,Plantae,Tracheophyta,Pinopsida,Pinales,Pinaceae,Pinus,Pinus laricio,Pinus
Pinus maritima,Plantae,Tracheophyta,Pinopsida,Pinales,Pinaceae,Pinus,Pinus halepensis,Pinus
Coriaria myrtifolia,Plantae,Tracheophyta,Magnoliopsida,Cucurbitales,Coriariaceae,Coriaria,Coriaria myrtifolia,Coriaria
Linum cf. L. usitatissimum,Plantae,Tracheophyta,Magnoliopsida,Malpighiales,Linaceae,Linum,NA,Linum
Papaver rhoeas,Plantae,Tracheophyta,Magnoliopsida,Ranunculales,Papaveraceae,Papaver,Papaver rhoeas,Papaver
Convolvulaceae undiff.,Plantae,Tracheophyta,Magnoliopsida,Solanales,Convolvulaceae,Convolvulaceae,NA,Convolvulaceae
Cornus subg. Thelycrania,Plantae,Tracheophyta,Magnoliopsida,Cornales,Cornaceae,Cornus,NA,Cornus
Lythraceae undiff.,Plantae,Tracheophyta,Magnoliopsida,Myrtales,Lythraceae,Lythraceae,NA,Lythraceae
Cousinia,Plantae,Tracheophyta,Magnoliopsida,Asterales,Asteraceae,Cousinia,NA,Cousinia
Lomelosia rotata-type,Plantae,Tracheophyta,Magnoliopsida,Dipsacales,Caprifoliaceae,Lomelosia,NA,Lomelosia
Arctous alpina/A. rubra,Plantae,Tracheophyta,Magnoliopsida,Ericales,Ericaceae,Arctous,NA,Arctous
Elaeagnus commutata,Plantae,Tracheophyta,Magnoliopsida,Rosales,Elaeagnaceae,Elaeagnus,Elaeagnus commutata,Elaeagnus
Picea glauca,Plantae,Tracheophyta,Pinopsida,Pinales,Pinaceae,Picea,Picea glauca,Picea
Picea mariana,Plantae,Tracheophyta,Pinopsida,Pinales,Pinaceae,Picea,Picea mariana,Picea
Iva annua,Plantae,Tracheophyta,Magnoliopsida,Asterales,Asteraceae,Iva,Iva annua,Iva
Cassiope,Plantae,Tracheophyta,Magnoliopsida,Ericales,Ericaceae,Cassiope,NA,Cassiope
Cnidium,Plantae,Tracheophyta,Magnoliopsida,Apiales,Apiaceae,Cnidium,NA,Cnidium
Dodecatheon,Plantae,Tracheophyta,Magnoliopsida,Ericales,Primulaceae,Dodecatheon,NA,Dodecatheon
Douglasia,Plantae,Tracheophyta,Magnoliopsida,Ericales,Primulaceae,Androsace,NA,Androsace
Lagotis glauca,Plantae,Tracheophyta,Magnoliopsida,Lamiales,Plantaginaceae,Lagotis,Lagotis glauca,Lagotis
Lesquerella,Plantae,Tracheophyta,Magnoliopsida,Brassicales,Brassicaceae,Physaria,NA,Physaria
Pedicularis lanceolata,Plantae,Tracheophyta,Magnoliopsida,Lamiales,Orobanchaceae,Pedicularis,Pedicularis lanceolata,Pedicularis
Plantago canescens,Plantae,Tracheophyta,Magnoliopsida,Lamiales,Plantaginaceae,Plantago,Plantago canescens,Plantago
Mertensia,Plantae,Tracheophyta,Magnoliopsida,Boraginales,Boraginaceae,Mertensia,NA,Mertensia
Acer cf. A. negundo,Plantae,Tracheophyta,Magnoliopsida,Sapindales,Sapindaceae,Acer,NA,Acer
Lewisia,Plantae,Tracheophyta,Magnoliopsida,Caryophyllales,Montiaceae,Lewisia,NA,Lewisia
Polygonum californicum-type,Plantae,Tracheophyta,Magnoliopsida,Caryophyllales,Polygonaceae,Polygonum,NA,Polygonum
Cornus canadensis,Plantae,Tracheophyta,Magnoliopsida,Cornales,Cornaceae,Cornus,Cornus canadensis,Cornus
Cornus racemosa,Plantae,Tracheophyta,Magnoliopsida,Cornales,Cornaceae,Cornus,Cornus racemosa,Cornus
Fraxinus nigra,Plantae,Tracheophyta,Magnoliopsida,Lamiales,Oleaceae,Fraxinus,Fraxinus nigra,Fraxinus
Fraxinus pennsylvanica,Plantae,Tracheophyta,Magnoliopsida,Lamiales,Oleaceae,Fraxinus,Fraxinus pennsylvanica,Fraxinus
Pinus contorta,Plantae,Tracheophyta,Pinopsida,Pinales,Pinaceae,Pinus,Pinus contorta,Pinus
Acer circinatum-type,Plantae,Tracheophyta,Magnoliopsida,Sapindales,Sapindaceae,Acer,NA,Acer
Acer macrophyllum-type,Plantae,Tracheophyta,Magnoliopsida,Sapindales,Sapindaceae,Acer,NA,Acer
Bistorta bistortoides-type,Plantae,Tracheophyta,Magnoliopsida,Caryophyllales,Polygonaceae,Bistorta,NA,Bistorta
Cornus canadensis-type,Plantae,Tracheophyta,Magnoliopsida,Cornales,Cornaceae,Cornus,NA,Cornus
Lysichiton,Plantae,Tracheophyta,Liliopsida,Alismatales,Araceae,Lysichiton,NA,Lysichiton
Alnus (pentaporate),Plantae,Tracheophyta,Magnoliopsida,Fagales,Betulaceae,Alnus,NA,Alnus
Alnus (tetraporate),Plantae,Tracheophyta,Magnoliopsida,Fagales,Betulaceae,Alnus,NA,Alnus
Amorpha,Plantae,Tracheophyta,Magnoliopsida,Fabales,Fabaceae,Amorpha,NA,Amorpha
Gilia,Plantae,Tracheophyta,Magnoliopsida,Ericales,Polemoniaceae,Gilia,NA,Gilia
Pedicularis contorta-type,Plantae,Tracheophyta,Magnoliopsida,Lamiales,Orobanchaceae,Pedicularis,NA,Pedicularis
Pedicularis groenlandica-type,Plantae,Tracheophyta,Magnoliopsida,Lamiales,Orobanchaceae,Pedicularis,NA,Pedicularis
Polygonum californicum,Plantae,Tracheophyta,Magnoliopsida,Caryophyllales,Polygonaceae,Polygonum,Polygonum californicum,Polygonum
Ribes lacustre,Plantae,Tracheophyta,Magnoliopsida,Saxifragales,Grossulariaceae,Ribes,Ribes lacustre,Ribes
Ribes montigenum,Plantae,Tracheophyta,Magnoliopsida,Saxifragales,Grossulariaceae,Ribes,Ribes montigenum,Ribes
Ribes undiff.,Plantae,Tracheophyta,Magnoliopsida,Saxifragales,Grossulariaceae,Ribes,NA,Ribes
Juglans cinerea-type,Plantae,Tracheophyta,Magnoliopsida,Fagales,Juglandaceae,Juglans,NA,Juglans
Pinus banksiana/P. resinosa,Plantae,Tracheophyta,Pinopsida,Pinales,Pinaceae,Pinus,NA,Pinus
Zanthoxylum,Plantae,Tracheophyta,Magnoliopsida,Sapindales,Rutaceae,Zanthoxylum,NA,Zanthoxylum
Acer saccharinum,Plantae,Tracheophyta,Magnoliopsida,Sapindales,Sapindaceae,Acer,Acer saccharinum,Acer
Cornus florida,Plantae,Tracheophyta,Magnoliopsida,Cornales,Cornaceae,Cornus,Cornus florida,Cornus
Itea,Plantae,Tracheophyta,Magnoliopsida,Saxifragales,Iteaceae,Itea,NA,Itea
Juglans undiff.,Plantae,Tracheophyta,Magnoliopsida,Fagales,Juglandaceae,Juglans,NA,Juglans
Liriodendron,Plantae,Tracheophyta,Magnoliopsida,Magnoliales,Magnoliaceae,Liriodendron,NA,Liriodendron
Persicaria hydropiper-type,Plantae,Tracheophyta,Magnoliopsida,Caryophyllales,Polygonaceae,Persicaria,NA,Persicaria
Sanguisorba canadensis,Plantae,Tracheophyta,Magnoliopsida,Rosales,Rosaceae,Sanguisorba,Sanguisorba canadensis,Sanguisorba
Ephedra torreyana-type,Plantae,Tracheophyta,Gnetopsida,Ephedrales,Ephedraceae,Ephedra,NA,Ephedra
Lamiaceae cf. Stachys,Plantae,Tracheophyta,Magnoliopsida,Lamiales,Lamiaceae,Lamiaceae,NA,Lamiaceae
Dalea candida,Plantae,Tracheophyta,Magnoliopsida,Fabales,Fabaceae,Dalea,Dalea candida,Dalea
Dalea purpurea-type,Plantae,Tracheophyta,Magnoliopsida,Fabales,Fabaceae,Dalea,NA,Dalea
Pinus banksiana,Plantae,Tracheophyta,Pinopsida,Pinales,Pinaceae,Pinus,Pinus banksiana,Pinus
Micranthes foliolosa-type,Plantae,Tracheophyta,Magnoliopsida,Saxifragales,Saxifragaceae,Micranthes,NA,Micranthes
Micranthes hieraciifolia-type,Plantae,Tracheophyta,Magnoliopsida,Saxifragales,Saxifragaceae,Micranthes,NA,Micranthes
Plantago canescens-type,Plantae,Tracheophyta,Magnoliopsida,Lamiales,Plantaginaceae,Plantago,NA,Plantago
Saxifraga tricuspidata-type,Plantae,Tracheophyta,Magnoliopsida,Saxifragales,Saxifragaceae,Saxifraga,NA,Saxifraga
Micranthes foliolosa,Plantae,Tracheophyta,Magnoliopsida,Saxifragales,Saxifragaceae,Micranthes,Micranthes foliolosa,Micranthes
Fraxinus americana,Plantae,Tracheophyta,Magnoliopsida,Lamiales,Oleaceae,Fraxinus,Fraxinus americana,Fraxinus
Myricaceae undiff.,Plantae,Tracheophyta,Magnoliopsida,Fagales,Myricaceae,Myricaceae,NA,Myricaceae
Picea cf. P. glauca,Plantae,Tracheophyta,Pinopsida,Pinales,Pinaceae,Picea,NA,Picea
Picea cf. P. mariana,Plantae,Tracheophyta,Pinopsida,Pinales,Pinaceae,Picea,NA,Picea
Pinus det. P. banksiana/P. resinosa,Plantae,Tracheophyta,Pinopsida,Pinales,Pinaceae,Pinus,NA,Pinus
Pinus det. P. strobus,Plantae,Tracheophyta,Pinopsida,Pinales,Pinaceae,Pinus,NA,Pinus
Abies lasiocarpa,Plantae,Tracheophyta,Pinopsida,Pinales,Pinaceae,Abies,Abies lasiocarpa,Abies
Acer glabrum,Plantae,Tracheophyta,Magnoliopsida,Sapindales,Sapindaceae,Acer,Acer glabrum,Acer
Agoseris glauca-type,Plantae,Tracheophyta,Magnoliopsida,Asterales,Asteraceae,Agoseris,NA,Agoseris
Cornus sericea,Plantae,Tracheophyta,Magnoliopsida,Cornales,Cornaceae,Cornus,Cornus sericea,Cornus
Solidago canadensis,Plantae,Tracheophyta,Magnoliopsida,Asterales,Asteraceae,Solidago,Solidago canadensis,Solidago
Betula (shrub),Plantae,Tracheophyta,Magnoliopsida,Fagales,Betulaceae,Betula,NA,Betula
Betula (small),Plantae,Tracheophyta,Magnoliopsida,Fagales,Betulaceae,Betula,NA,Betula
Pinus subg. Pinus undiff.,Plantae,Tracheophyta,Pinopsida,Pinales,Pinaceae,Pinus,NA,Pinus
Acer macrophyllum,Plantae,Tracheophyta,Magnoliopsida,Sapindales,Sapindaceae,Acer,Acer macrophyllum,Acer
Alnus rubra,Plantae,Tracheophyta,Magnoliopsida,Fagales,Betulaceae,Alnus,Alnus rubra,Alnus
Alnus viridis subsp. sinuata,Plantae,Tracheophyta,Magnoliopsida,Fagales,Betulaceae,Alnus,Alnus alnobetula,Alnus
Alnus (hexaporate),Plantae,Tracheophyta,Magnoliopsida,Fagales,Betulaceae,Alnus,NA,Alnus
Chrysolepis,Plantae,Tracheophyta,Magnoliopsida,Fagales,Fagaceae,Chrysolepis,NA,Chrysolepis
Nyctaginaceae,Plantae,Tracheophyta,Magnoliopsida,Caryophyllales,Nyctaginaceae,Nyctaginaceae,NA,Nyctaginaceae
Onagraceae undiff.,Plantae,Tracheophyta,Magnoliopsida,Myrtales,Onagraceae,Onagraceae,NA,Onagraceae
Pinus edulis,Plantae,Tracheophyta,Pinopsida,Pinales,Pinaceae,Pinus,Pinus edulis,Pinus
Pinus flexilis,Plantae,Tracheophyta,Pinopsida,Pinales,Pinaceae,Pinus,Pinus flexilis,Pinus
Pinus ponderosa,Plantae,Tracheophyta,Pinopsida,Pinales,Pinaceae,Pinus,Pinus ponderosa,Pinus
Pinus aristata,Plantae,Tracheophyta,Pinopsida,Pinales,Pinaceae,Pinus,Pinus aristata,Pinus
Myricaceae,Plantae,Tracheophyta,Magnoliopsida,Fagales,Myricaceae,Myricaceae,NA,Myricaceae
Alnus viridis subsp. crispa-type,Plantae,Tracheophyta,Magnoliopsida,Fagales,Betulaceae,Alnus,Alnus alnobetula,Alnus
Caryophyllaceae cf. Dianthus,Plantae,Tracheophyta,Magnoliopsida,Caryophyllales,Caryophyllaceae,Caryophyllaceae,NA,Caryophyllaceae
Ranunculus pensylvanicus-type,Plantae,Tracheophyta,Magnoliopsida,Ranunculales,Ranunculaceae,Ranunculus,NA,Ranunculus
Asteraceae (high spine),Plantae,Tracheophyta,Magnoliopsida,Asterales,Asteraceae,Asteraceae,NA,Asteraceae
Asteraceae (low spine),Plantae,Tracheophyta,Magnoliopsida,Asterales,Asteraceae,Asteraceae,NA,Asteraceae
Fraxinus pennsylvanica/F. americana-type,Plantae,Tracheophyta,Magnoliopsida,Lamiales,Oleaceae,Fraxinus,NA,Fraxinus
Acalypha,Plantae,Tracheophyta,Magnoliopsida,Malpighiales,Euphorbiaceae,Acalypha,NA,Acalypha
Chamaecyparis thyoides,Plantae,Tracheophyta,Pinopsida,Pinales,Cupressaceae,Chamaecyparis,Chamaecyparis thyoides,Chamaecyparis
Fagaceae,Plantae,Tracheophyta,Magnoliopsida,Fagales,Fagaceae,Fagaceae,NA,Fagaceae
Pseudotsuga menziesii,Plantae,Tracheophyta,Pinopsida,Pinales,Pinaceae,Pseudotsuga,Pseudotsuga menziesii,Pseudotsuga
Acer circinatum,Plantae,Tracheophyta,Magnoliopsida,Sapindales,Sapindaceae,Acer,Acer circinatum,Acer
Alnus rubra-type,Plantae,Tracheophyta,Magnoliopsida,Fagales,Betulaceae,Alnus,NA,Alnus
Robinia,Plantae,Tracheophyta,Magnoliopsida,Fabales,Fabaceae,Robinia,NA,Robinia
Menispermaceae,Plantae,Tracheophyta,Magnoliopsida,Ranunculales,Menispermaceae,Menispermaceae,NA,Menispermaceae
Mitella,Plantae,Tracheophyta,Magnoliopsida,Saxifragales,Saxifragaceae,Mitella,NA,Mitella
Planera aquatica,Plantae,Tracheophyta,Magnoliopsida,Rosales,Ulmaceae,Planera,Planera aquatica,Planera
Actaea rubra,Plantae,Tracheophyta,Magnoliopsida,Ranunculales,Ranunculaceae,Actaea,Actaea rubra,Actaea
Mitchella repens,Plantae,Tracheophyta,Magnoliopsida,Gentianales,Rubiaceae,Mitchella,Mitchella repens,Mitchella
Allenrolfea occidentalis,Plantae,Tracheophyta,Magnoliopsida,Caryophyllales,Amaranthaceae,Allenrolfea,Allenrolfea occidentalis,Allenrolfea
Ephedra nevadensis,Plantae,Tracheophyta,Gnetopsida,Ephedrales,Ephedraceae,Ephedra,Ephedra nevadensis,Ephedra
Ephedra viridis,Plantae,Tracheophyta,Gnetopsida,Ephedrales,Ephedraceae,Ephedra,Ephedra viridis,Ephedra
Comarum palustre-type,Plantae,Tracheophyta,Magnoliopsida,Rosales,Rosaceae,Comarum,NA,Comarum
Fagus grandifolia,Plantae,Tracheophyta,Magnoliopsida,Fagales,Fagaceae,Fagus,Fagus grandifolia,Fagus
Viburnum edule,Plantae,Tracheophyta,Magnoliopsida,Dipsacales,Viburnaceae,Viburnum,Viburnum edule,Viburnum
Betula glandulosa,Plantae,Tracheophyta,Magnoliopsida,Fagales,Betulaceae,Betula,Betula glandulosa,Betula
Adenostoma fasciculatum,Plantae,Tracheophyta,Magnoliopsida,Rosales,Rosaceae,Adenostoma,Adenostoma fasciculatum,Adenostoma
Adenostoma sparsifolium,Plantae,Tracheophyta,Magnoliopsida,Rosales,Rosaceae,Adenostoma,Adenostoma sparsifolium,Adenostoma
Pinus jeffreyi-type,Plantae,Tracheophyta,Pinopsida,Pinales,Pinaceae,Pinus,NA,Pinus
Quercus chrysolepis,Plantae,Tracheophyta,Magnoliopsida,Fagales,Fagaceae,Quercus,Quercus chrysolepis,Quercus
Trillium,Plantae,Tracheophyta,Liliopsida,Liliales,Melanthiaceae,Trillium,NA,Trillium
Pinus monticola-type,Plantae,Tracheophyta,Pinopsida,Pinales,Pinaceae,Pinus,NA,Pinus
Castanopsis,Plantae,Tracheophyta,Magnoliopsida,Fagales,Fagaceae,Castanopsis,NA,Castanopsis
Garrya,Plantae,Tracheophyta,Magnoliopsida,Garryales,Garryaceae,Garrya,NA,Garrya
Navarretia,Plantae,Tracheophyta,Magnoliopsida,Ericales,Polemoniaceae,Navarretia,NA,Navarretia
Alnus (triporate),Plantae,Tracheophyta,Magnoliopsida,Fagales,Betulaceae,Alnus,NA,Alnus
Pinus monticola,Plantae,Tracheophyta,Pinopsida,Pinales,Pinaceae,Pinus,Pinus monticola,Pinus
Purshia,Plantae,Tracheophyta,Magnoliopsida,Rosales,Rosaceae,Purshia,NA,Purshia
Celtis occidentalis,Plantae,Tracheophyta,Magnoliopsida,Rosales,Cannabaceae,Celtis,Celtis occidentalis,Celtis
Platanus occidentalis,Plantae,Tracheophyta,Magnoliopsida,Proteales,Platanaceae,Platanus,Platanus occidentalis,Platanus
Quercus vaccinifolia-type,Plantae,Tracheophyta,Magnoliopsida,Fagales,Fagaceae,Quercus,NA,Quercus
Apocynaceae,Plantae,Tracheophyta,Magnoliopsida,Gentianales,Apocynaceae,Apocynaceae,NA,Apocynaceae
Araceae,Plantae,Tracheophyta,Liliopsida,Alismatales,Araceae,Araceae,NA,Araceae
Leptospermum,Plantae,Tracheophyta,Magnoliopsida,Myrtales,Myrtaceae,Leptospermum,NA,Leptospermum
Ulmaceae,Plantae,Tracheophyta,Magnoliopsida,Rosales,Ulmaceae,Ulmaceae,NA,Ulmaceae
Alnus viridis subsp. sinuata-type,Plantae,Tracheophyta,Magnoliopsida,Fagales,Betulaceae,Alnus,Alnus alnobetula,Alnus
Arecaceae,Plantae,Tracheophyta,Liliopsida,Arecales,Arecaceae,Arecaceae,NA,Arecaceae
Camassia,Plantae,Tracheophyta,Liliopsida,Asparagales,Asparagaceae,Camassia,NA,Camassia
Elaeagnaceae,Plantae,Tracheophyta,Magnoliopsida,Rosales,Elaeagnaceae,Elaeagnaceae,NA,Elaeagnaceae
Sequoiadendron,Plantae,Tracheophyta,Pinopsida,Pinales,Cupressaceae,Sequoiadendron,NA,Sequoiadendron
Larix laricina,Plantae,Tracheophyta,Pinopsida,Pinales,Pinaceae,Larix,Larix laricina,Larix
Nemopanthus,Plantae,Tracheophyta,Magnoliopsida,Aquifoliales,Aquifoliaceae,Ilex,NA,Ilex
Taxus canadensis,Plantae,Tracheophyta,Pinopsida,Pinales,Taxaceae,Taxus,Taxus canadensis,Taxus
Tilia americana,Plantae,Tracheophyta,Magnoliopsida,Malvales,Malvaceae,Tilia,Tilia americana,Tilia
Viburnum nudum,Plantae,Tracheophyta,Magnoliopsida,Dipsacales,Viburnaceae,Viburnum,Viburnum nudum,Viburnum
Liquidambar styraciflua,Plantae,Tracheophyta,Magnoliopsida,Saxifragales,Altingiaceae,Liquidambar,Liquidambar styraciflua,Liquidambar
Iva,Plantae,Tracheophyta,Magnoliopsida,Asterales,Asteraceae,Iva,NA,Iva
Lysichiton americanus,Plantae,Tracheophyta,Liliopsida,Alismatales,Araceae,Lysichiton,Lysichiton americanus,Lysichiton
Castilleja,Plantae,Tracheophyta,Magnoliopsida,Lamiales,Orobanchaceae,Castilleja,NA,Castilleja
Cryptantha,Plantae,Tracheophyta,Magnoliopsida,Boraginales,Boraginaceae,Cryptantha,NA,Cryptantha
Erodium cicutarium,Plantae,Tracheophyta,Magnoliopsida,Geraniales,Geraniaceae,Erodium,Erodium cicutarium,Erodium
Gossypium,Plantae,Tracheophyta,Magnoliopsida,Malvales,Malvaceae,Gossypium,NA,Gossypium
Kallstroemia,Plantae,Tracheophyta,Magnoliopsida,Zygophyllales,Zygophyllaceae,Kallstroemia,NA,Kallstroemia
Larrea,Plantae,Tracheophyta,Magnoliopsida,Zygophyllales,Zygophyllaceae,Larrea,NA,Larrea
Linanthus,Plantae,Tracheophyta,Magnoliopsida,Ericales,Polemoniaceae,Linanthus,NA,Linanthus
Vitaceae,Plantae,Tracheophyta,Magnoliopsida,Vitales,Vitaceae,Vitaceae,NA,Vitaceae
Prunus pensylvanica,Plantae,Tracheophyta,Magnoliopsida,Rosales,Rosaceae,Prunus,Prunus pensylvanica,Prunus
Prunus undiff.,Plantae,Tracheophyta,Magnoliopsida,Rosales,Rosaceae,Prunus,NA,Prunus
Rhus typhina-type,Plantae,Tracheophyta,Magnoliopsida,Sapindales,Anacardiaceae,Rhus,NA,Rhus
Tsuga undiff.,Plantae,Tracheophyta,Pinopsida,Pinales,Pinaceae,Tsuga,NA,Tsuga
Nyssa sylvatica,Plantae,Tracheophyta,Magnoliopsida,Cornales,Nyssaceae,Nyssa,Nyssa sylvatica,Nyssa
Suaeda calceoliformis,Plantae,Tracheophyta,Magnoliopsida,Caryophyllales,Amaranthaceae,Suaeda,Suaeda calceoliformis,Suaeda
Arceuthobium pusillum,Plantae,Tracheophyta,Magnoliopsida,Santalales,Viscaceae,Arceuthobium,Arceuthobium pusillum,Arceuthobium
Chamaesyce,Plantae,Tracheophyta,Magnoliopsida,Malpighiales,Euphorbiaceae,Euphorbia,NA,Euphorbia
Hudsonia,Plantae,Tracheophyta,Magnoliopsida,Malvales,Cistaceae,Hudsonia,NA,Hudsonia
Lycium,Plantae,Tracheophyta,Magnoliopsida,Solanales,Solanaceae,Lycium,NA,Lycium
Chamaebatiaria millefolium,Plantae,Tracheophyta,Magnoliopsida,Rosales,Rosaceae,Chamaebatiaria,Chamaebatiaria millefolium,Chamaebatiaria
Monardella,Plantae,Tracheophyta,Magnoliopsida,Lamiales,Lamiaceae,Monardella,NA,Monardella
Iris versicolor,Plantae,Tracheophyta,Liliopsida,Asparagales,Iridaceae,Iris,Iris versicolor,Iris
Actaea,Plantae,Tracheophyta,Magnoliopsida,Ranunculales,Ranunculaceae,Actaea,NA,Actaea
Berberis repens,Plantae,Tracheophyta,Magnoliopsida,Ranunculales,Berberidaceae,Mahonia,Mahonia repens,Mahonia
Leptosiphon,Plantae,Tracheophyta,Magnoliopsida,Ericales,Polemoniaceae,Leptosiphon,NA,Leptosiphon
Commelinaceae,Plantae,Tracheophyta,Liliopsida,Commelinales,Commelinaceae,Commelinaceae,NA,Commelinaceae
Fraxinus americana-type,Plantae,Tracheophyta,Magnoliopsida,Lamiales,Oleaceae,Fraxinus,NA,Fraxinus
Morus rubra-type,Plantae,Tracheophyta,Magnoliopsida,Rosales,Moraceae,Morus,NA,Morus
Pedicularis undiff.,Plantae,Tracheophyta,Magnoliopsida,Lamiales,Orobanchaceae,Pedicularis,NA,Pedicularis
Aralia hispida,Plantae,Tracheophyta,Magnoliopsida,Apiales,Araliaceae,Aralia,Aralia hispida,Aralia
Cornus alternifolia,Plantae,Tracheophyta,Magnoliopsida,Cornales,Cornaceae,Cornus,Cornus alternifolia,Cornus
Maclura pomifera-type,Plantae,Tracheophyta,Magnoliopsida,Rosales,Moraceae,Maclura,NA,Maclura
Fraxinus latifolia,Plantae,Tracheophyta,Magnoliopsida,Lamiales,Oleaceae,Fraxinus,Fraxinus latifolia,Fraxinus
Shepherdia canadensis-type,Plantae,Tracheophyta,Magnoliopsida,Rosales,Elaeagnaceae,Shepherdia,NA,Shepherdia
Taxus brevifolia,Plantae,Tracheophyta,Pinopsida,Pinales,Taxaceae,Taxus,Taxus brevifolia,Taxus
Ceratiola ericoides,Plantae,Tracheophyta,Magnoliopsida,Ericales,Ericaceae,Ceratiola,Ceratiola ericoides,Ceratiola
Arceuthobium americanum,Plantae,Tracheophyta,Magnoliopsida,Santalales,Viscaceae,Arceuthobium,Arceuthobium americanum,Arceuthobium
Betula det. shrub,Plantae,Tracheophyta,Magnoliopsida,Fagales,Betulaceae,Betula,NA,Betula
Betula det. tree,Plantae,Tracheophyta,Magnoliopsida,Fagales,Betulaceae,Betula,NA,Betula
Picea det. P. glauca,Plantae,Tracheophyta,Pinopsida,Pinales,Pinaceae,Picea,NA,Picea
Picea det. P. mariana,Plantae,Tracheophyta,Pinopsida,Pinales,Pinaceae,Picea,NA,Picea
Impatiens capensis,Plantae,Tracheophyta,Magnoliopsida,Ericales,Balsaminaceae,Impatiens,Impatiens capensis,Impatiens
Caltha leptosepala,Plantae,Tracheophyta,Magnoliopsida,Ranunculales,Ranunculaceae,Caltha,Caltha leptosepala,Caltha
Coptis aspleniifolia,Plantae,Tracheophyta,Magnoliopsida,Ranunculales,Ranunculaceae,Coptis,Coptis aspleniifolia,Coptis
Gentiana douglasiana,Plantae,Tracheophyta,Magnoliopsida,Gentianales,Gentianaceae,Gentiana,Gentiana douglasiana,Gentiana
Avicennia,Plantae,Tracheophyta,Magnoliopsida,Lamiales,Acanthaceae,Avicennia,NA,Avicennia
Coccoloba,Plantae,Tracheophyta,Magnoliopsida,Caryophyllales,Polygonaceae,Coccoloba,NA,Coccoloba
Conocarpus,Plantae,Tracheophyta,Magnoliopsida,Myrtales,Combretaceae,Conocarpus,NA,Conocarpus
Forestiera,Plantae,Tracheophyta,Magnoliopsida,Lamiales,Oleaceae,Forestiera,NA,Forestiera
Laguncularia,Plantae,Tracheophyta,Magnoliopsida,Myrtales,Combretaceae,Laguncularia,NA,Laguncularia
Rhizophora,Plantae,Tracheophyta,Magnoliopsida,Malpighiales,Rhizophoraceae,Rhizophora,NA,Rhizophora
Sapindaceae undiff.,Plantae,Tracheophyta,Magnoliopsida,Sapindales,Sapindaceae,Sapindaceae,NA,Sapindaceae
Toxicodendron radicans,Plantae,Tracheophyta,Magnoliopsida,Sapindales,Anacardiaceae,Toxicodendron,Toxicodendron radicans,Toxicodendron
Nemopanthus mucronatus,Plantae,Tracheophyta,Magnoliopsida,Aquifoliales,Aquifoliaceae,Ilex,Ilex mucronata,Ilex
Pinus resinosa-type,Plantae,Tracheophyta,Pinopsida,Pinales,Pinaceae,Pinus,NA,Pinus
Prunus virginiana,Plantae,Tracheophyta,Magnoliopsida,Rosales,Rosaceae,Prunus,Prunus virginiana,Prunus
Rosaceae cf. Prunus serotina,Plantae,Tracheophyta,Magnoliopsida,Rosales,Rosaceae,Rosaceae,NA,Rosaceae
Salix vestita-type,Plantae,Tracheophyta,Magnoliopsida,Malpighiales,Salicaceae,Salix,NA,Salix
Acer nigrum,Plantae,Tracheophyta,Magnoliopsida,Sapindales,Sapindaceae,Acer,Acer nigrum,Acer
Carya cordiformis,Plantae,Tracheophyta,Magnoliopsida,Fagales,Juglandaceae,Carya,Carya cordiformis,Carya
Populus deltoides-type,Plantae,Tracheophyta,Magnoliopsida,Malpighiales,Salicaceae,Populus,NA,Populus
Agastache,Plantae,Tracheophyta,Magnoliopsida,Lamiales,Lamiaceae,Agastache,NA,Agastache
Cistanthe,Plantae,Tracheophyta,Magnoliopsida,Caryophyllales,Montiaceae,Cistanthe,NA,Cistanthe
Polygonum sect. Duravia,Plantae,Tracheophyta,Magnoliopsida,Caryophyllales,Polygonaceae,Polygonum,NA,Polygonum
Ranunculus orthorhynchus,Plantae,Tracheophyta,Magnoliopsida,Ranunculales,Ranunculaceae,Ranunculus,Ranunculus orthorhynchus,Ranunculus
Iva undiff.,Plantae,Tracheophyta,Magnoliopsida,Asterales,Asteraceae,Iva,NA,Iva
Lagotis,Plantae,Tracheophyta,Magnoliopsida,Lamiales,Plantaginaceae,Lagotis,NA,Lagotis
Salix reticulata-type,Plantae,Tracheophyta,Magnoliopsida,Malpighiales,Salicaceae,Salix,NA,Salix
Agave,Plantae,Tracheophyta,Liliopsida,Asparagales,Asparagaceae,Agave,NA,Agave
Allionia,Plantae,Tracheophyta,Magnoliopsida,Caryophyllales,Nyctaginaceae,Allionia,NA,Allionia
Canotia,Plantae,Tracheophyta,Magnoliopsida,Celastrales,Celastraceae,Canotia,NA,Canotia
Fouquieria,Plantae,Tracheophyta,Magnoliopsida,Ericales,Fouquieriaceae,Fouquieria,NA,Fouquieria
Hydrophyllaceae,Plantae,Tracheophyta,Magnoliopsida,Boraginales,Hydrophyllaceae,Hydrophyllaceae,NA,Hydrophyllaceae
Mimosa,Plantae,Tracheophyta,Magnoliopsida,Fabales,Fabaceae,Mimosa,NA,Mimosa
Prosopis,Plantae,Tracheophyta,Magnoliopsida,Fabales,Fabaceae,Prosopis,NA,Prosopis
Simmondsia chinensis,Plantae,Tracheophyta,Magnoliopsida,Caryophyllales,Simmondsiaceae,Simmondsia,Simmondsia chinensis,Simmondsia
Yucca,Plantae,Tracheophyta,Liliopsida,Asparagales,Asparagaceae,Yucca,NA,Yucca
Campanula rotundifolia-type,Plantae,Tracheophyta,Magnoliopsida,Asterales,Campanulaceae,Campanula,NA,Campanula
Gaura,Plantae,Tracheophyta,Magnoliopsida,Myrtales,Onagraceae,Oenothera,NA,Oenothera
Momipites,Plantae,Tracheophyta,Magnoliopsida,Fagales,Juglandaceae,Momipites,NA,Momipites
Ranunculaceae (pericolpate),Plantae,Tracheophyta,Magnoliopsida,Ranunculales,Ranunculaceae,Ranunculaceae,NA,Ranunculaceae
Ranunculaceae (tricolpate) undiff.,Plantae,Tracheophyta,Magnoliopsida,Ranunculales,Ranunculaceae,Ranunculaceae,NA,Ranunculaceae
Dicentra,Plantae,Tracheophyta,Magnoliopsida,Ranunculales,Papaveraceae,Dicentra,NA,Dicentra
Menispermum,Plantae,Tracheophyta,Magnoliopsida,Ranunculales,Menispermaceae,Menispermum,NA,Menispermum
Fritillaria camschatcensis,Plantae,Tracheophyta,Liliopsida,Liliales,Liliaceae,Fritillaria,Fritillaria camschatcensis,Fritillaria
Oplopanax horridus,Plantae,Tracheophyta,Magnoliopsida,Apiales,Araliaceae,Oplopanax,Oplopanax horridus,Oplopanax
Picea sitchensis,Plantae,Tracheophyta,Pinopsida,Pinales,Pinaceae,Picea,Picea sitchensis,Picea
Populus trichocarpa,Plantae,Tracheophyta,Magnoliopsida,Malpighiales,Salicaceae,Populus,Populus trichocarpa,Populus
Sanguisorba stipulata,Plantae,Tracheophyta,Magnoliopsida,Rosales,Rosaceae,Sanguisorba,Sanguisorba stipulata,Sanguisorba
Alternanthera,Plantae,Tracheophyta,Magnoliopsida,Caryophyllales,Amaranthaceae,Alternanthera,NA,Alternanthera
Filipendula rubra,Plantae,Tracheophyta,Magnoliopsida,Rosales,Rosaceae,Filipendula,Filipendula rubra,Filipendula
Polygonum subsect. Polygonella,Plantae,Tracheophyta,Magnoliopsida,Caryophyllales,Polygonaceae,Polygonella,NA,Polygonella
Arabis,Plantae,Tracheophyta,Magnoliopsida,Brassicales,Brassicaceae,Arabis,NA,Arabis
Chamaedaphne,Plantae,Tracheophyta,Magnoliopsida,Ericales,Ericaceae,Chamaedaphne,NA,Chamaedaphne
Hamamelis,Plantae,Tracheophyta,Magnoliopsida,Saxifragales,Hamamelidaceae,Hamamelis,NA,Hamamelis
Maianthemum,Plantae,Tracheophyta,Liliopsida,Asparagales,Asparagaceae,Maianthemum,NA,Maianthemum
Hamamelidaceae,Plantae,Tracheophyta,Magnoliopsida,Saxifragales,Hamamelidaceae,Hamamelidaceae,NA,Hamamelidaceae
Platanaceae,Plantae,Tracheophyta,Magnoliopsida,Proteales,Platanaceae,Platanaceae,NA,Platanaceae
Symphoricarpos albus,Plantae,Tracheophyta,Magnoliopsida,Dipsacales,Caprifoliaceae,Symphoricarpos,Symphoricarpos albus,Symphoricarpos
Circaea alpina,Plantae,Tracheophyta,Magnoliopsida,Myrtales,Onagraceae,Circaea,Circaea alpina,Circaea
Claytonia acutifolia,Plantae,Tracheophyta,Magnoliopsida,Caryophyllales,Montiaceae,Claytonia,Claytonia acutifolia,Claytonia
Pinus aristata-type,Plantae,Tracheophyta,Pinopsida,Pinales,Pinaceae,Pinus,NA,Pinus
Pinus ponderosa-type,Plantae,Tracheophyta,Pinopsida,Pinales,Pinaceae,Pinus,NA,Pinus
Berchemia scandens,Plantae,Tracheophyta,Magnoliopsida,Rosales,Rhamnaceae,Berchemia,Berchemia scandens,Berchemia
Calycanthus,Plantae,Tracheophyta,Magnoliopsida,Laurales,Calycanthaceae,Calycanthus,NA,Calycanthus
Cephalanthus occidentalis,Plantae,Tracheophyta,Magnoliopsida,Gentianales,Rubiaceae,Cephalanthus,Cephalanthus occidentalis,Cephalanthus
Fraxinus quadrangulata/F. nigra-type,Plantae,Tracheophyta,Magnoliopsida,Lamiales,Oleaceae,Fraxinus,NA,Fraxinus
Prunus americana-type,Plantae,Tracheophyta,Magnoliopsida,Rosales,Rosaceae,Prunus,NA,Prunus
Prunus virginiana-type,Plantae,Tracheophyta,Magnoliopsida,Rosales,Rosaceae,Prunus,NA,Prunus
Viburnum acerifolium-type,Plantae,Tracheophyta,Magnoliopsida,Dipsacales,Viburnaceae,Viburnum,NA,Viburnum
Viburnum lentago-type,Plantae,Tracheophyta,Magnoliopsida,Dipsacales,Viburnaceae,Viburnum,NA,Viburnum
Chamaedaphne calyculata,Plantae,Tracheophyta,Magnoliopsida,Ericales,Ericaceae,Chamaedaphne,Chamaedaphne calyculata,Chamaedaphne
Gaultheria,Plantae,Tracheophyta,Magnoliopsida,Ericales,Ericaceae,Gaultheria,NA,Gaultheria
Gaylussacia,Plantae,Tracheophyta,Magnoliopsida,Ericales,Ericaceae,Gaylussacia,NA,Gaylussacia
Lithocarpus,Plantae,Tracheophyta,Magnoliopsida,Fagales,Fagaceae,Lithocarpus,NA,Lithocarpus
Maclura,Plantae,Tracheophyta,Magnoliopsida,Rosales,Moraceae,Maclura,NA,Maclura
Anemone patens,Plantae,Tracheophyta,Magnoliopsida,Ranunculales,Ranunculaceae,Pulsatilla,Pulsatilla patens,Pulsatilla
Anemone quinquefolia-type,Plantae,Tracheophyta,Magnoliopsida,Ranunculales,Ranunculaceae,Anemone,NA,Anemone
Asteraceae cf. Cirsium,Plantae,Tracheophyta,Magnoliopsida,Asterales,Asteraceae,Asteraceae,NA,Asteraceae
Calylophus,Plantae,Tracheophyta,Magnoliopsida,Myrtales,Onagraceae,Oenothera,NA,Oenothera
Mentzelia,Plantae,Tracheophyta,Magnoliopsida,Cornales,Loasaceae,Mentzelia,NA,Mentzelia
Picea indet.,Plantae,Tracheophyta,Pinopsida,Pinales,Pinaceae,Picea,NA,Picea
Polygonum ramosissimum-type,Plantae,Tracheophyta,Magnoliopsida,Caryophyllales,Polygonaceae,Polygonum,NA,Polygonum
Tsuga canadensis-type,Plantae,Tracheophyta,Pinopsida,Pinales,Pinaceae,Tsuga,NA,Tsuga
Viburnum rafinesquianum-type,Plantae,Tracheophyta,Magnoliopsida,Dipsacales,Viburnaceae,Viburnum,NA,Viburnum
Leitneria floridana,Plantae,Tracheophyta,Magnoliopsida,Sapindales,Simaroubaceae,Leitneria,Leitneria floridana,Leitneria
Ephedra (branched folds),Plantae,Tracheophyta,Gnetopsida,Ephedrales,Ephedraceae,Ephedra,NA,Ephedra
Ephedra (simple folds),Plantae,Tracheophyta,Gnetopsida,Ephedrales,Ephedraceae,Ephedra,NA,Ephedra
Pinus subg. Strobus (large),Plantae,Tracheophyta,Pinopsida,Pinales,Pinaceae,Pinus,NA,Pinus
Pinus subg. Strobus (small),Plantae,Tracheophyta,Pinopsida,Pinales,Pinaceae,Pinus,NA,Pinus
Zygophyllaceae,Plantae,Tracheophyta,Magnoliopsida,Zygophyllales,Zygophyllaceae,Zygophyllaceae,NA,Zygophyllaceae
Ephedraceae,Plantae,Tracheophyta,Gnetopsida,Ephedrales,Ephedraceae,Ephedraceae,NA,Ephedraceae
Cassiope tetragona,Plantae,Tracheophyta,Magnoliopsida,Ericales,Ericaceae,Cassiope,Cassiope tetragona,Cassiope
Cannabaceae sensu stricto undiff.,Plantae,Tracheophyta,Magnoliopsida,Rosales,Cannabaceae,Cannabaceae,NA,Cannabaceae
Quercus vaccinifolia,Plantae,Tracheophyta,Magnoliopsida,Fagales,Fagaceae,Quercus,Quercus vacciniifolia,Quercus
Rutaceae,Plantae,Tracheophyta,Magnoliopsida,Sapindales,Rutaceae,Rutaceae,NA,Rutaceae
Betula glandulosa-type,Plantae,Tracheophyta,Magnoliopsida,Fagales,Betulaceae,Betula,NA,Betula
Grossulariaceae,Plantae,Tracheophyta,Magnoliopsida,Saxifragales,Grossulariaceae,Grossulariaceae,NA,Grossulariaceae
Populus grandidentata-type,Plantae,Tracheophyta,Magnoliopsida,Malpighiales,Salicaceae,Populus,NA,Populus
Coptis,Plantae,Tracheophyta,Magnoliopsida,Ranunculales,Ranunculaceae,Coptis,NA,Coptis
Fritillaria,Plantae,Tracheophyta,Liliopsida,Liliales,Liliaceae,Fritillaria,NA,Fritillaria
Populus cf. P. tremuloides,Plantae,Tracheophyta,Magnoliopsida,Malpighiales,Salicaceae,Populus,NA,Populus
Thuja,Plantae,Tracheophyta,Pinopsida,Pinales,Cupressaceae,Thuja,NA,Thuja
Conioselinum,Plantae,Tracheophyta,Magnoliopsida,Apiales,Apiaceae,Conioselinum,NA,Conioselinum
Valeriana sitchensis,Plantae,Tracheophyta,Magnoliopsida,Dipsacales,Caprifoliaceae,Valeriana,Valeriana sitchensis,Valeriana
Rosaceae (>20 µm),Plantae,Tracheophyta,Magnoliopsida,Rosales,Rosaceae,Rosaceae,NA,Rosaceae
Rosaceae (<20 µm),Plantae,Tracheophyta,Magnoliopsida,Rosales,Rosaceae,Rosaceae,NA,Rosaceae
Rosaceae cf. Holodiscus,Plantae,Tracheophyta,Magnoliopsida,Rosales,Rosaceae,Rosaceae,NA,Rosaceae
Vaccinium uliginosum-type,Plantae,Tracheophyta,Magnoliopsida,Ericales,Ericaceae,Vaccinium,NA,Vaccinium
Comptonia peregrina,Plantae,Tracheophyta,Magnoliopsida,Fagales,Myricaceae,Comptonia,Comptonia peregrina,Comptonia
Viburnum alnifolium,Plantae,Tracheophyta,Magnoliopsida,Dipsacales,Viburnaceae,Viburnum,Viburnum lantanoides,Viburnum
Batis,Plantae,Tracheophyta,Magnoliopsida,Brassicales,Bataceae,Batis,NA,Batis
Collinsia,Plantae,Tracheophyta,Magnoliopsida,Lamiales,Plantaginaceae,Collinsia,NA,Collinsia
Heliantheae undiff.,Plantae,Tracheophyta,Magnoliopsida,Asterales,Asteraceae,Heliantheae,NA,Heliantheae
Acer cf. A. pensylvanicum,Plantae,Tracheophyta,Magnoliopsida,Sapindales,Sapindaceae,Acer,NA,Acer
Frangula purshiana-type,Plantae,Tracheophyta,Magnoliopsida,Rosales,Rhamnaceae,Frangula,NA,Frangula
Pinus contorta/P. ponderosa,Plantae,Tracheophyta,Pinopsida,Pinales,Pinaceae,Pinus,NA,Pinus
Pinus monticola/P. albicaulis,Plantae,Tracheophyta,Pinopsida,Pinales,Pinaceae,Pinus,NA,Pinus
Populus trichocarpa-type,Plantae,Tracheophyta,Magnoliopsida,Malpighiales,Salicaceae,Populus,NA,Populus
Prunus cf. P. serotina,Plantae,Tracheophyta,Magnoliopsida,Rosales,Rosaceae,Prunus,NA,Prunus
Thuja plicata-type,Plantae,Tracheophyta,Pinopsida,Pinales,Cupressaceae,Thuja,NA,Thuja
Cannabaceae cf. Humulus,Plantae,Tracheophyta,Magnoliopsida,Rosales,Cannabaceae,Cannabaceae,NA,Cannabaceae
Ranunculaceae cf. Aconitum,Plantae,Tracheophyta,Magnoliopsida,Ranunculales,Ranunculaceae,Ranunculaceae,NA,Ranunculaceae
Rosaceae cf. Adenostoma,Plantae,Tracheophyta,Magnoliopsida,Rosales,Rosaceae,Rosaceae,NA,Rosaceae
Betula (>20 µm),Plantae,Tracheophyta,Magnoliopsida,Fagales,Betulaceae,Betula,NA,Betula
Betula (<20 µm),Plantae,Tracheophyta,Magnoliopsida,Fagales,Betulaceae,Betula,NA,Betula
Acer cf. A. glabrum,Plantae,Tracheophyta,Magnoliopsida,Sapindales,Sapindaceae,Acer,NA,Acer
Plectritis,Plantae,Tracheophyta,Magnoliopsida,Dipsacales,Caprifoliaceae,Plectritis,NA,Plectritis
Quercus garryana,Plantae,Tracheophyta,Magnoliopsida,Fagales,Fagaceae,Quercus,Quercus garryana,Quercus
Betula papyrifera,Plantae,Tracheophyta,Magnoliopsida,Fagales,Betulaceae,Betula,Betula papyrifera,Betula
Morus rubra,Plantae,Tracheophyta,Magnoliopsida,Rosales,Moraceae,Morus,Morus rubra,Morus
Pinus resinosa,Plantae,Tracheophyta,Pinopsida,Pinales,Pinaceae,Pinus,Pinus resinosa,Pinus
Araliaceae,Plantae,Tracheophyta,Magnoliopsida,Apiales,Araliaceae,Araliaceae,NA,Araliaceae
Bumelia,Plantae,Tracheophyta,Magnoliopsida,Ericales,Sapotaceae,Sideroxylon,NA,Sideroxylon
Cecropia,Plantae,Tracheophyta,Magnoliopsida,Rosales,Urticaceae,Cecropia,NA,Cecropia
Eugenia,Plantae,Tracheophyta,Magnoliopsida,Myrtales,Myrtaceae,Eugenia,NA,Eugenia
Myrsine,Plantae,Tracheophyta,Magnoliopsida,Ericales,Primulaceae,Myrsine,NA,Myrsine
Pinus clausa-type,Plantae,Tracheophyta,Pinopsida,Pinales,Pinaceae,Pinus,NA,Pinus
Brassicaceae cf. Brassica,Plantae,Tracheophyta,Magnoliopsida,Brassicales,Brassicaceae,Brassicaceae,NA,Brassicaceae
Campanula aparinoides-type,Plantae,Tracheophyta,Magnoliopsida,Asterales,Campanulaceae,Campanula,NA,Campanula
Koenigia alaskana,Plantae,Tracheophyta,Magnoliopsida,Caryophyllales,Polygonaceae,Koenigia,Koenigia lapathifolia,Koenigia
Comandra,Plantae,Tracheophyta,Magnoliopsida,Santalales,Comandraceae,Comandra,NA,Comandra
Lysimachia quadriflora-type,Plantae,Tracheophyta,Magnoliopsida,Ericales,Primulaceae,Lysimachia,NA,Lysimachia
Ribes aureum,Plantae,Tracheophyta,Magnoliopsida,Saxifragales,Grossulariaceae,Ribes,Ribes aureum,Ribes
Boerhavia,Plantae,Tracheophyta,Magnoliopsida,Caryophyllales,Nyctaginaceae,Boerhavia,NA,Boerhavia
Diospyros,Plantae,Tracheophyta,Magnoliopsida,Ericales,Ebenaceae,Diospyros,NA,Diospyros
Styloceras,Plantae,Tracheophyta,Magnoliopsida,Buxales,Buxaceae,Styloceras,NA,Styloceras
Viscaceae sensu stricto undiff.,Plantae,Tracheophyta,Magnoliopsida,Santalales,Viscaceae,Viscaceae,NA,Viscaceae
Alnus rhombifolia-type,Plantae,Tracheophyta,Magnoliopsida,Fagales,Betulaceae,Alnus,NA,Alnus
Fraxinus latifolia-type,Plantae,Tracheophyta,Magnoliopsida,Lamiales,Oleaceae,Fraxinus,NA,Fraxinus
Triantha glutinosa,Plantae,Tracheophyta,Liliopsida,Alismatales,Tofieldiaceae,Triantha,Triantha glutinosa,Triantha
Parthenocissus vitacea,Plantae,Tracheophyta,Magnoliopsida,Vitales,Vitaceae,Parthenocissus,Parthenocissus inserta,Parthenocissus
Boehmeria,Plantae,Tracheophyta,Magnoliopsida,Rosales,Urticaceae,Boehmeria,NA,Boehmeria
Picea rubens-type,Plantae,Tracheophyta,Pinopsida,Pinales,Pinaceae,Picea,NA,Picea
Acer rubrum-type,Plantae,Tracheophyta,Magnoliopsida,Sapindales,Sapindaceae,Acer,NA,Acer
Magnolia virginiana-type,Plantae,Tracheophyta,Magnoliopsida,Magnoliales,Magnoliaceae,Magnolia,NA,Magnolia
Combretaceae,Plantae,Tracheophyta,Magnoliopsida,Myrtales,Combretaceae,Combretaceae,NA,Combretaceae
Pinus rigida,Plantae,Tracheophyta,Pinopsida,Pinales,Pinaceae,Pinus,Pinus rigida,Pinus
Acer saccharum/A. nigrum,Plantae,Tracheophyta,Magnoliopsida,Sapindales,Sapindaceae,Acer,NA,Acer
Acer spicatum-type,Plantae,Tracheophyta,Magnoliopsida,Sapindales,Sapindaceae,Acer,NA,Acer
Physocarpus,Plantae,Tracheophyta,Magnoliopsida,Rosales,Rosaceae,Physocarpus,NA,Physocarpus
Pinus rigida-type,Plantae,Tracheophyta,Pinopsida,Pinales,Pinaceae,Pinus,NA,Pinus
Acer sp.,Plantae,Tracheophyta,Magnoliopsida,Sapindales,Sapindaceae,Acer,NA,Acer
Ptelea trifoliata,Plantae,Tracheophyta,Magnoliopsida,Sapindales,Rutaceae,Ptelea,Ptelea trifoliata,Ptelea
Cucurbita,Plantae,Tracheophyta,Magnoliopsida,Cucurbitales,Cucurbitaceae,Cucurbita,NA,Cucurbita
Rhexia,Plantae,Tracheophyta,Magnoliopsida,Myrtales,Melastomataceae,Rhexia,NA,Rhexia
Pinus subg. Pinus (large),Plantae,Tracheophyta,Pinopsida,Pinales,Pinaceae,Pinus,NA,Pinus
Pinus subg. Pinus (small),Plantae,Tracheophyta,Pinopsida,Pinales,Pinaceae,Pinus,NA,Pinus
Planera,Plantae,Tracheophyta,Magnoliopsida,Rosales,Ulmaceae,Planera,NA,Planera
Cassiope tetragona-type,Plantae,Tracheophyta,Magnoliopsida,Ericales,Ericaceae,Cassiope,NA,Cassiope
Oplopanax,Plantae,Tracheophyta,Magnoliopsida,Apiales,Araliaceae,Oplopanax,NA,Oplopanax
Agrostis,Plantae,Tracheophyta,Liliopsida,Poales,Poaceae,Agrostis,NA,Agrostis
Araceae undiff.,Plantae,Tracheophyta,Liliopsida,Alismatales,Araceae,Araceae,NA,Araceae
Chimaphila,Plantae,Tracheophyta,Magnoliopsida,Ericales,Ericaceae,Chimaphila,NA,Chimaphila
Poa,Plantae,Tracheophyta,Liliopsida,Poales,Poaceae,Poa,NA,Poa
Apiaceae (coarse reticulate),Plantae,Tracheophyta,Magnoliopsida,Apiales,Apiaceae,Apiaceae,NA,Apiaceae
"Apiaceae (medium, slender)",Plantae,Tracheophyta,Magnoliopsida,Apiales,Apiaceae,Apiaceae,NA,Apiaceae
"Ericaceae (large, round)",Plantae,Tracheophyta,Magnoliopsida,Ericales,Ericaceae,Ericaceae,NA,Ericaceae
"Ericaceae (large, triangular)",Plantae,Tracheophyta,Magnoliopsida,Ericales,Ericaceae,Ericaceae,NA,Ericaceae
"Ericaceae (medium, soccer ball)",Plantae,Tracheophyta,Magnoliopsida,Ericales,Ericaceae,Ericaceae,NA,Ericaceae
"Ericaceae (small, round)",Plantae,Tracheophyta,Magnoliopsida,Ericales,Ericaceae,Ericaceae,NA,Ericaceae
"Ericaceae (small, triangular)",Plantae,Tracheophyta,Magnoliopsida,Ericales,Ericaceae,Ericaceae,NA,Ericaceae
Betula (large),Plantae,Tracheophyta,Magnoliopsida,Fagales,Betulaceae,Betula,NA,Betula
Abies sp.,Plantae,Tracheophyta,Pinopsida,Pinales,Pinaceae,Abies,NA,Abies
Picea sp.,Plantae,Tracheophyta,Pinopsida,Pinales,Pinaceae,Picea,NA,Picea
Salix sp.,Plantae,Tracheophyta,Magnoliopsida,Malpighiales,Salicaceae,Salix,NA,Salix
Taxaceae,Plantae,Tracheophyta,Pinopsida,Pinales,Taxaceae,Taxaceae,NA,Taxaceae
Coptis trifolia,Plantae,Tracheophyta,Magnoliopsida,Ranunculales,Ranunculaceae,Coptis,Coptis trifolia,Coptis
Epilobium palustre,Plantae,Tracheophyta,Magnoliopsida,Myrtales,Onagraceae,Epilobium,Epilobium palustre,Epilobium
Scutellaria galericulata,Plantae,Tracheophyta,Magnoliopsida,Lamiales,Lamiaceae,Scutellaria,Scutellaria galericulata,Scutellaria
Pinus indet.,Plantae,Tracheophyta,Pinopsida,Pinales,Pinaceae,Pinus,NA,Pinus
Valerianaceae undiff.,Plantae,Tracheophyta,Magnoliopsida,Dipsacales,Valerianaceae,Valerianaceae,NA,Valerianaceae
Erythranthe guttata,Plantae,Tracheophyta,Magnoliopsida,Lamiales,Phrymaceae,Erythranthe,Erythranthe guttata,Erythranthe
Andromeda polifolia var. latifolia,Plantae,Tracheophyta,Magnoliopsida,Ericales,Ericaceae,Andromeda,Andromeda polifolia,Andromeda
Cupressaceae cf. Thuja occidentalis,Plantae,Tracheophyta,Pinopsida,Pinales,Cupressaceae,Cupressaceae,NA,Cupressaceae
Prunus serotina,Plantae,Tracheophyta,Magnoliopsida,Rosales,Rosaceae,Prunus,Prunus serotina,Prunus
Rhododendron canadense,Plantae,Tracheophyta,Magnoliopsida,Ericales,Ericaceae,Rhododendron,Rhododendron canadense,Rhododendron
Vaccinium angustifolium-type,Plantae,Tracheophyta,Magnoliopsida,Ericales,Ericaceae,Vaccinium,NA,Vaccinium
Vaccinium oxycoccos,Plantae,Tracheophyta,Magnoliopsida,Ericales,Ericaceae,Vaccinium,Vaccinium oxycoccos,Vaccinium
Vaccinium undiff.,Plantae,Tracheophyta,Magnoliopsida,Ericales,Ericaceae,Vaccinium,NA,Vaccinium
Ilex verticillata,Plantae,Tracheophyta,Magnoliopsida,Aquifoliales,Aquifoliaceae,Ilex,Ilex verticillata,Ilex
Lyonia,Plantae,Tracheophyta,Magnoliopsida,Ericales,Ericaceae,Lyonia,NA,Lyonia
Sanguinaria canadensis,Plantae,Tracheophyta,Magnoliopsida,Ranunculales,Papaveraceae,Sanguinaria,Sanguinaria canadensis,Sanguinaria
Toxicodendron,Plantae,Tracheophyta,Magnoliopsida,Sapindales,Anacardiaceae,Toxicodendron,NA,Toxicodendron
Cassia,Plantae,Tracheophyta,Magnoliopsida,Fabales,Fabaceae,Cassia,NA,Cassia
Fabaceae (reticulate),Plantae,Tracheophyta,Magnoliopsida,Fabales,Fabaceae,Fabaceae,NA,Fabaceae
Hibiscus,Plantae,Tracheophyta,Magnoliopsida,Malvales,Malvaceae,Hibiscus,NA,Hibiscus
Cucurbitaceae,Plantae,Tracheophyta,Magnoliopsida,Cucurbitales,Cucurbitaceae,Cucurbitaceae,NA,Cucurbitaceae
Bromus hordeaceus-type,Plantae,Tracheophyta,Liliopsida,Poales,Poaceae,Bromus,NA,Bromus
Pinus haploxylon,Plantae,Tracheophyta,Pinopsida,Pinales,Pinaceae,Pinus,NA,Pinus
Orontium,Plantae,Tracheophyta,Liliopsida,Alismatales,Araceae,Orontium,NA,Orontium
Asteraceae indet.,Plantae,Tracheophyta,Magnoliopsida,Asterales,Asteraceae,Asteraceae,NA,Asteraceae
Baccharis,Plantae,Tracheophyta,Magnoliopsida,Asterales,Asteraceae,Baccharis,NA,Baccharis
Chaenactis,Plantae,Tracheophyta,Magnoliopsida,Asterales,Asteraceae,Chaenactis,NA,Chaenactis
Ambrosia sp.,Plantae,Tracheophyta,Magnoliopsida,Asterales,Asteraceae,Ambrosia,NA,Ambrosia
Rumex mexicanus,Plantae,Tracheophyta,Magnoliopsida,Caryophyllales,Polygonaceae,Rumex,Rumex triangulivalvis,Rumex
Microsteris,Plantae,Tracheophyta,Magnoliopsida,Ericales,Polemoniaceae,Microsteris,NA,Microsteris
Dryas integrifolia,Plantae,Tracheophyta,Magnoliopsida,Rosales,Rosaceae,Dryas,Dryas integrifolia,Dryas
Rhus typhina,Plantae,Tracheophyta,Magnoliopsida,Sapindales,Anacardiaceae,Rhus,Rhus typhina,Rhus
Mentha arvensis,Plantae,Tracheophyta,Magnoliopsida,Lamiales,Lamiaceae,Mentha,Mentha arvensis,Mentha
Micranthes cf. M. punctata,Plantae,Tracheophyta,Magnoliopsida,Saxifragales,Saxifragaceae,Micranthes,NA,Micranthes
Rubus cf. R. chamaemorus,Plantae,Tracheophyta,Magnoliopsida,Rosales,Rosaceae,Rubus,NA,Rubus
Betula (20-25 µm),Plantae,Tracheophyta,Magnoliopsida,Fagales,Betulaceae,Betula,NA,Betula
Betula (>25 µm),Plantae,Tracheophyta,Magnoliopsida,Fagales,Betulaceae,Betula,NA,Betula
Nitraria,Plantae,Tracheophyta,Magnoliopsida,Sapindales,Nitrariaceae,Nitraria,NA,Nitraria
Tamaricaceae,Plantae,Tracheophyta,Magnoliopsida,Caryophyllales,Tamaricaceae,Tamaricaceae,NA,Tamaricaceae
Alnus hirsuta,Plantae,Tracheophyta,Magnoliopsida,Fagales,Betulaceae,Alnus,Alnus hirsuta,Alnus
Alnus viridis subsp. fruticosa,Plantae,Tracheophyta,Magnoliopsida,Fagales,Betulaceae,Alnus,Alnus alnobetula,Alnus
Betula nana subsp. exilis,Plantae,Tracheophyta,Magnoliopsida,Fagales,Betulaceae,Betula,Betula glandulosa,Betula
Betula pendula subsp. mandshurica,Plantae,Tracheophyta,Magnoliopsida,Fagales,Betulaceae,Betula,Betula pendula,Betula
Chrozophora tinctoria,Plantae,Tracheophyta,Magnoliopsida,Malpighiales,Euphorbiaceae,Chrozophora,Chrozophora tinctoria,Chrozophora
Larix gmelinii,Plantae,Tracheophyta,Pinopsida,Pinales,Pinaceae,Larix,Larix gmelinii,Larix
Phlox sibirica,Plantae,Tracheophyta,Magnoliopsida,Ericales,Polemoniaceae,Phlox,Phlox sibirica,Phlox
Picea obovata,Plantae,Tracheophyta,Pinopsida,Pinales,Pinaceae,Picea,Picea obovata,Picea
Haloragis,Plantae,Tracheophyta,Magnoliopsida,Saxifragales,Haloragaceae,Haloragis,NA,Haloragis
Quercus sect. Cyclobalanopsis,Plantae,Tracheophyta,Magnoliopsida,Fagales,Fagaceae,Quercus,NA,Quercus
Quercus subg. Quercus,Plantae,Tracheophyta,Magnoliopsida,Fagales,Fagaceae,Quercus,NA,Quercus
Carpinus tschonoskii,Plantae,Tracheophyta,Magnoliopsida,Fagales,Betulaceae,Carpinus,Carpinus tschonoskii,Carpinus
Fagus crenata,Plantae,Tracheophyta,Magnoliopsida,Fagales,Fagaceae,Fagus,Fagus crenata,Fagus
Fagus japonica,Plantae,Tracheophyta,Magnoliopsida,Fagales,Fagaceae,Fagus,Fagus japonica,Fagus
Mallotus,Plantae,Tracheophyta,Magnoliopsida,Malpighiales,Euphorbiaceae,Mallotus,NA,Mallotus
Phellodendron,Plantae,Tracheophyta,Magnoliopsida,Sapindales,Rutaceae,Phellodendron,NA,Phellodendron
Weigela,Plantae,Tracheophyta,Magnoliopsida,Dipsacales,Caprifoliaceae,Weigela,NA,Weigela
Reynoutria,Plantae,Tracheophyta,Magnoliopsida,Caryophyllales,Polygonaceae,Reynoutria,NA,Reynoutria
Skimmia,Plantae,Tracheophyta,Magnoliopsida,Sapindales,Rutaceae,Skimmia,NA,Skimmia
Dacrydium,Plantae,Tracheophyta,Pinopsida,Pinales,Podocarpaceae,Dacrydium,NA,Dacrydium
Koenigia sect. Aconogonon,Plantae,Tracheophyta,Magnoliopsida,Caryophyllales,Polygonaceae,Koenigia,NA,Koenigia
Lythraceae,Plantae,Tracheophyta,Magnoliopsida,Myrtales,Lythraceae,Lythraceae,NA,Lythraceae
Tsuga diversifolia,Plantae,Tracheophyta,Pinopsida,Pinales,Pinaceae,Tsuga,Tsuga diversifolia,Tsuga
Betula costata,Plantae,Tracheophyta,Magnoliopsida,Fagales,Betulaceae,Betula,Betula costata,Betula
Betula dahurica,Plantae,Tracheophyta,Magnoliopsida,Fagales,Betulaceae,Betula,Betula dahurica,Betula
Betula ermanii,Plantae,Tracheophyta,Magnoliopsida,Fagales,Betulaceae,Betula,Betula ermanii,Betula
Betula schmidtii,Plantae,Tracheophyta,Magnoliopsida,Fagales,Betulaceae,Betula,Betula schmidtii,Betula
Pinus koraiensis,Plantae,Tracheophyta,Pinopsida,Pinales,Pinaceae,Pinus,Pinus koraiensis,Pinus
Polygonum sect. Polygonum,Plantae,Tracheophyta,Magnoliopsida,Caryophyllales,Polygonaceae,Polygonum,NA,Polygonum
Astragalus onobrychis-type,Plantae,Tracheophyta,Magnoliopsida,Fabales,Fabaceae,Astragalus,NA,Astragalus
Eremurus,Plantae,Tracheophyta,Liliopsida,Asparagales,Asphodelaceae,Eremurus,NA,Eremurus
Primula farinosa-type (large),Plantae,Tracheophyta,Magnoliopsida,Ericales,Primulaceae,Primula,NA,Primula
Pterocarya fraxinifolia,Plantae,Tracheophyta,Magnoliopsida,Fagales,Juglandaceae,Pterocarya,Pterocarya fraxinifolia,Pterocarya
Rheum officinale,Plantae,Tracheophyta,Magnoliopsida,Caryophyllales,Polygonaceae,Rheum,Rheum officinale,Rheum
Claytonia arctica,Plantae,Tracheophyta,Magnoliopsida,Caryophyllales,Montiaceae,Claytonia,Claytonia arctica,Claytonia
Claytonia undiff.,Plantae,Tracheophyta,Magnoliopsida,Caryophyllales,Montiaceae,Claytonia,NA,Claytonia
Pinus sibirica,Plantae,Tracheophyta,Pinopsida,Pinales,Pinaceae,Pinus,Pinus sibirica,Pinus
Ulmus sp.,Plantae,Tracheophyta,Magnoliopsida,Rosales,Ulmaceae,Ulmus,NA,Ulmus
Claytonia sarmentosa,Plantae,Tracheophyta,Magnoliopsida,Caryophyllales,Montiaceae,Claytonia,Claytonia sarmentosa,Claytonia
Claytoniella vassilievii,Plantae,Tracheophyta,Magnoliopsida,Caryophyllales,Montiaceae,Montia,Montia vassilievii,Montia
Betula cf. B. fruticosa,Plantae,Tracheophyta,Magnoliopsida,Fagales,Betulaceae,Betula,NA,Betula
Betula cf. B. pendula,Plantae,Tracheophyta,Magnoliopsida,Fagales,Betulaceae,Betula,NA,Betula
Patrinia,Plantae,Tracheophyta,Magnoliopsida,Dipsacales,Caprifoliaceae,Patrinia,NA,Patrinia
Ulmus undiff.,Plantae,Tracheophyta,Magnoliopsida,Rosales,Ulmaceae,Ulmus,NA,Ulmus
Abies sibirica,Plantae,Tracheophyta,Pinopsida,Pinales,Pinaceae,Abies,Abies sibirica,Abies
Alnus hirsuta-type,Plantae,Tracheophyta,Magnoliopsida,Fagales,Betulaceae,Alnus,NA,Alnus
Aquilegia undiff.,Plantae,Tracheophyta,Magnoliopsida,Ranunculales,Ranunculaceae,Aquilegia,NA,Aquilegia
Bergenia crassifolia,Plantae,Tracheophyta,Magnoliopsida,Saxifragales,Saxifragaceae,Bergenia,Bergenia crassifolia,Bergenia
Betula fruticosa,Plantae,Tracheophyta,Magnoliopsida,Fagales,Betulaceae,Betula,Betula fruticosa,Betula
Pedicularis oederi-type,Plantae,Tracheophyta,Magnoliopsida,Lamiales,Orobanchaceae,Pedicularis,NA,Pedicularis
Saxifraga hirsuta,Plantae,Tracheophyta,Magnoliopsida,Saxifragales,Saxifragaceae,Saxifraga,Saxifraga hirsuta,Saxifraga
Acanthaceae,Plantae,Tracheophyta,Magnoliopsida,Lamiales,Acanthaceae,Acanthaceae,NA,Acanthaceae
Adenophora,Plantae,Tracheophyta,Magnoliopsida,Asterales,Campanulaceae,Adenophora,NA,Adenophora
Alangium,Plantae,Tracheophyta,Magnoliopsida,Cornales,Cornaceae,Alangium,NA,Alangium
Aporosa,Plantae,Tracheophyta,Magnoliopsida,Malpighiales,Phyllanthaceae,Aporosa,NA,Aporosa
Biebersteinia,Plantae,Tracheophyta,Magnoliopsida,Sapindales,Biebersteiniaceae,Biebersteinia,NA,Biebersteinia
Bignoniaceae undiff.,Plantae,Tracheophyta,Magnoliopsida,Lamiales,Bignoniaceae,Bignoniaceae,NA,Bignoniaceae
Catalpa,Plantae,Tracheophyta,Magnoliopsida,Lamiales,Bignoniaceae,Catalpa,NA,Catalpa
Celastraceae,Plantae,Tracheophyta,Magnoliopsida,Celastrales,Celastraceae,Celastraceae,NA,Celastraceae
Engelhardia,Plantae,Tracheophyta,Magnoliopsida,Fagales,Juglandaceae,Engelhardia,NA,Engelhardia
Garcinia,Plantae,Tracheophyta,Magnoliopsida,Malpighiales,Clusiaceae,Garcinia,NA,Garcinia
Gesneriaceae,Plantae,Tracheophyta,Magnoliopsida,Lamiales,Gesneriaceae,Gesneriaceae,NA,Gesneriaceae
Illicium,Plantae,Tracheophyta,Magnoliopsida,Austrobaileyales,Schisandraceae,Illicium,NA,Illicium
Lauraceae,Plantae,Tracheophyta,Magnoliopsida,Laurales,Lauraceae,Lauraceae,NA,Lauraceae
Melastomataceae,Plantae,Tracheophyta,Magnoliopsida,Myrtales,Melastomataceae,Melastomataceae,NA,Melastomataceae
Meliaceae undiff.,Plantae,Tracheophyta,Magnoliopsida,Sapindales,Meliaceae,Meliaceae,NA,Meliaceae
Morina,Plantae,Tracheophyta,Magnoliopsida,Dipsacales,Caprifoliaceae,Morina,NA,Morina
Phyllanthus,Plantae,Tracheophyta,Magnoliopsida,Malpighiales,Phyllanthaceae,Phyllanthus,NA,Phyllanthus
Platycarya,Plantae,Tracheophyta,Magnoliopsida,Fagales,Juglandaceae,Platycarya,NA,Platycarya
Polygonum sp.,Plantae,Tracheophyta,Magnoliopsida,Caryophyllales,Polygonaceae,Polygonum,NA,Polygonum
Pseudolarix,Plantae,Tracheophyta,Pinopsida,Pinales,Pinaceae,Pseudolarix,NA,Pseudolarix
Reevesia,Plantae,Tracheophyta,Magnoliopsida,Malvales,Malvaceae,Reevesia,NA,Reevesia
Salicaceae undiff.,Plantae,Tracheophyta,Magnoliopsida,Malpighiales,Salicaceae,Salicaceae,NA,Salicaceae
Schisandra,Plantae,Tracheophyta,Magnoliopsida,Austrobaileyales,Schisandraceae,Schisandra,NA,Schisandra
Styracaceae,Plantae,Tracheophyta,Magnoliopsida,Ericales,Styracaceae,Styracaceae,NA,Styracaceae
Tetracentron,Plantae,Tracheophyta,Magnoliopsida,Trochodendrales,Trochodendraceae,Tetracentron,NA,Tetracentron
Tournefortia,Plantae,Tracheophyta,Magnoliopsida,Boraginales,Heliotropiaceae,Tournefortia,NA,Tournefortia
Tsuga dumosa,Plantae,Tracheophyta,Pinopsida,Pinales,Pinaceae,Tsuga,Tsuga dumosa,Tsuga
Alnus viridis subsp. fruticosa-type,Plantae,Tracheophyta,Magnoliopsida,Fagales,Betulaceae,Alnus,Alnus alnobetula,Alnus
Pinus pumila,Plantae,Tracheophyta,Pinopsida,Pinales,Pinaceae,Pinus,Pinus pumila,Pinus
Ephedra alata-type,Plantae,Tracheophyta,Gnetopsida,Ephedrales,Ephedraceae,Ephedra,NA,Ephedra
Ephedra sp.,Plantae,Tracheophyta,Gnetopsida,Ephedrales,Ephedraceae,Ephedra,NA,Ephedra
Haplophyllum,Plantae,Tracheophyta,Magnoliopsida,Sapindales,Rutaceae,Haplophyllum,NA,Haplophyllum
Parrotia persica,Plantae,Tracheophyta,Magnoliopsida,Saxifragales,Hamamelidaceae,Parrotia,Parrotia persica,Parrotia
Polygonum aviculare/Bistorta officinalis-type,Plantae,Tracheophyta,Magnoliopsida,Caryophyllales,Polygonaceae,Polygonum,NA,Polygonum
Rubiaceae (hexacolpate),Plantae,Tracheophyta,Magnoliopsida,Gentianales,Rubiaceae,Rubiaceae,NA,Rubiaceae
Betula pubescens var. pumila,Plantae,Tracheophyta,Magnoliopsida,Fagales,Betulaceae,Betula,Betula pubescens,Betula
Atraphaxis,Plantae,Tracheophyta,Magnoliopsida,Caryophyllales,Polygonaceae,Atraphaxis,NA,Atraphaxis
Bongardia,Plantae,Tracheophyta,Magnoliopsida,Ranunculales,Berberidaceae,Bongardia,NA,Bongardia
Cephalaria,Plantae,Tracheophyta,Magnoliopsida,Dipsacales,Caprifoliaceae,Cephalaria,NA,Cephalaria
Datisca cannabina,Plantae,Tracheophyta,Magnoliopsida,Cucurbitales,Datiscaceae,Datisca,Datisca cannabina,Datisca
Gentiana olivieri-type,Plantae,Tracheophyta,Magnoliopsida,Gentianales,Gentianaceae,Gentiana,NA,Gentiana
Hypericum hirtellum var. assyriacum-type,Plantae,Tracheophyta,Magnoliopsida,Malpighiales,Hypericaceae,Hypericum,Hypericum hirtellum,Hypericum
Leontice leontopetalum,Plantae,Tracheophyta,Magnoliopsida,Ranunculales,Berberidaceae,Leontice,Leontice leontopetalum,Leontice
Malabaila,Plantae,Tracheophyta,Magnoliopsida,Apiales,Apiaceae,Grafia,NA,Grafia
Plantago ovata-type,Plantae,Tracheophyta,Magnoliopsida,Lamiales,Plantaginaceae,Plantago,NA,Plantago
Psylliostachys,Plantae,Tracheophyta,Magnoliopsida,Caryophyllales,Plumbaginaceae,Psylliostachys,NA,Psylliostachys
Psylliostachys spicata-type,Plantae,Tracheophyta,Magnoliopsida,Caryophyllales,Plumbaginaceae,Psylliostachys,NA,Psylliostachys
Ranunculus asiaticus-type,Plantae,Tracheophyta,Magnoliopsida,Ranunculales,Ranunculaceae,Ranunculus,NA,Ranunculus
Rumex cyprius-type,Plantae,Tracheophyta,Magnoliopsida,Caryophyllales,Polygonaceae,Rumex,NA,Rumex
Rumex patientia-type,Plantae,Tracheophyta,Magnoliopsida,Caryophyllales,Polygonaceae,Rumex,NA,Rumex
Podocarpaceae,Plantae,Tracheophyta,Pinopsida,Pinales,Podocarpaceae,Podocarpaceae,NA,Podocarpaceae
Polygonaceae (excluding Rumex),Plantae,Tracheophyta,Magnoliopsida,Caryophyllales,Polygonaceae,Polygonaceae,NA,Polygonaceae
Ranunculaceae cf. Anemone/Caltha,Plantae,Tracheophyta,Magnoliopsida,Ranunculales,Ranunculaceae,Ranunculaceae,NA,Ranunculaceae
Hedysarum hedysaroides,Plantae,Tracheophyta,Magnoliopsida,Fabales,Fabaceae,Hedysarum,Hedysarum hedysaroides,Hedysarum
Delphinium elatum,Plantae,Tracheophyta,Magnoliopsida,Ranunculales,Ranunculaceae,Delphinium,Delphinium elatum,Delphinium
Silene suecica-type,Plantae,Tracheophyta,Magnoliopsida,Caryophyllales,Caryophyllaceae,Silene,NA,Silene
Quercus indet.,Plantae,Tracheophyta,Magnoliopsida,Fagales,Fagaceae,Quercus,NA,Quercus
Quercus ithaburensis,Plantae,Tracheophyta,Magnoliopsida,Fagales,Fagaceae,Quercus,Quercus ithaburensis,Quercus
Allium cf. A. sibiricum,Plantae,Tracheophyta,Liliopsida,Asparagales,Amaryllidaceae,Allium,NA,Allium
Papaver radicatum-type,Plantae,Tracheophyta,Magnoliopsida,Ranunculales,Papaveraceae,Papaver,NA,Papaver
Anthriscus,Plantae,Tracheophyta,Magnoliopsida,Apiales,Apiaceae,Anthriscus,NA,Anthriscus
Biscutella,Plantae,Tracheophyta,Magnoliopsida,Brassicales,Brassicaceae,Biscutella,NA,Biscutella
Centaurea alpina,Plantae,Tracheophyta,Magnoliopsida,Asterales,Asteraceae,Rhaponticoides,Rhaponticoides alpina,Rhaponticoides
Omalotheca,Plantae,Tracheophyta,Magnoliopsida,Asterales,Asteraceae,Omalotheca,NA,Omalotheca
Acalypha-type,Plantae,Tracheophyta,Magnoliopsida,Malpighiales,Euphorbiaceae,Acalypha,NA,Acalypha
Ambrosia-type,Plantae,Tracheophyta,Magnoliopsida,Asterales,Asteraceae,Ambrosia,Ambrosia,Ambrosia
Arceuthobium/Loranthaceae,Plantae,Tracheophyta,Magnoliopsida,Santalales,Viscaceae,Arceuthobium,NA,Arceuthobium
Avena-type,Plantae,Tracheophyta,Liliopsida,Poales,Poaceae,Avena,NA,Avena
cf. Araliaceae,Plantae,Tracheophyta,Magnoliopsida,Apiales,Araliaceae,Araliaceae,NA,Araliaceae
cf. Hypericum,Plantae,Tracheophyta,Magnoliopsida,Malpighiales,Hypericaceae,Hypericum,NA,Hypericum
cf. Oxalis,Plantae,Tracheophyta,Magnoliopsida,Oxalidales,Oxalidaceae,Oxalis,NA,Oxalis
cf. Physalis,Plantae,Tracheophyta,Magnoliopsida,Solanales,Solanaceae,Physalis,NA,Physalis
cf. Verbenaceae,Plantae,Tracheophyta,Magnoliopsida,Lamiales,Verbenaceae,Verbenaceae,NA,Verbenaceae
cf. Weinmannia,Plantae,Tracheophyta,Magnoliopsida,Oxalidales,Cunoniaceae,Weinmannia,NA,Weinmannia
Chamaecrista-type,Plantae,Tracheophyta,Magnoliopsida,Fabales,Fabaceae,Chamaecrista,NA,Chamaecrista
Chamaecyparis-type,Plantae,Tracheophyta,Pinopsida,Pinales,Cupressaceae,Chamaecyparis,NA,Chamaecyparis
Cichorioideae,Plantae,Tracheophyta,Magnoliopsida,Asterales,Asteraceae,Asteraceae,NA,Asteraceae
Combretaceae/Melastomataceae undiff.,Plantae,Tracheophyta,Magnoliopsida,Myrtales,Combretaceae,Combretaceae,NA,Combretaceae
Dianthus-type,Plantae,Tracheophyta,Magnoliopsida,Caryophyllales,Caryophyllaceae,Dianthus,NA,Dianthus
Engelhardia-type,Plantae,Tracheophyta,Magnoliopsida,Fagales,Juglandaceae,Engelhardia,NA,Engelhardia
Eryngium-type,Plantae,Tracheophyta,Magnoliopsida,Apiales,Apiaceae,Eryngium,NA,Eryngium
Froelichia-type,Plantae,Tracheophyta,Magnoliopsida,Caryophyllales,Amaranthaceae,Amaranthaceae,NA,Amaranthaceae
Gomphrena-type,Plantae,Tracheophyta,Magnoliopsida,Caryophyllales,Amaranthaceae,Gomphrena,NA,Gomphrena
Larix/Pseudotsuga,Plantae,Tracheophyta,Pinopsida,Pinales,Pinaceae,Larix,NA,Larix
Ledum-type,Plantae,Tracheophyta,Magnoliopsida,Ericales,Ericaceae,Rhododendron,NA,Rhododendron
Ludwigia-type,Plantae,Tracheophyta,Magnoliopsida,Myrtales,Onagraceae,Ludwigia,NA,Ludwigia
Lupinus-type,Plantae,Tracheophyta,Magnoliopsida,Fabales,Fabaceae,Lupinus,NA,Lupinus
mimosoid clade,Plantae,Tracheophyta,Magnoliopsida,Fabales,Fabaceae,Fabaceae,NA,Fabaceae
Ostrya/Carpinus,Plantae,Tracheophyta,Magnoliopsida,Fagales,Betulaceae,Ostrya,NA,Ostrya
Piperaceae-type,Plantae,Tracheophyta,Magnoliopsida,Piperales,Piperaceae,Piperaceae,NA,Piperaceae
Rhexia-type,Plantae,Tracheophyta,Magnoliopsida,Myrtales,Melastomataceae,Rhexia,NA,Rhexia
Saxifraga-type,Plantae,Tracheophyta,Magnoliopsida,Saxifragales,Saxifragaceae,Saxifraga,NA,Saxifraga
Scrophulariaceae-type,Plantae,Tracheophyta,Magnoliopsida,Lamiales,Scrophulariaceae,Scrophulariaceae,NA,Scrophulariaceae
Urtica-type,Plantae,Tracheophyta,Magnoliopsida,Rosales,Urticaceae,Urtica,NA,Urtica
Urticalean Rosids undiff.,Plantae,Tracheophyta,Magnoliopsida,Rosales,Rosales,Rosales,NA,Rosales
Zanthoxylum-type,Plantae,Tracheophyta,Magnoliopsida,Sapindales,Rutaceae,Zanthoxylum,NA,Zanthoxylum
Angiospermae undiff. (herbs),Plantae,undif,undif,undif,undif,undif,NA,undif
Bidens-type,Plantae,Tracheophyta,Magnoliopsida,Asterales,Asteraceae,Bidens,NA,Bidens
Elaeagnus/Shepherdia argentea,Plantae,Tracheophyta,Magnoliopsida,Rosales,Elaeagnaceae,Elaeagnus,NA,Elaeagnus
Ostrya-type,Plantae,Tracheophyta,Magnoliopsida,Fagales,Betulaceae,Ostrya,NA,Ostrya
Spermatophyta undiff. (trees/shrubs),Plantae,undiff,undiff,undiff,undiff,undiff,NA,undiff
Amorpha-type,Plantae,Tracheophyta,Magnoliopsida,Fabales,Fabaceae,Amorpha,NA,Amorpha
Humulus-type,Plantae,Tracheophyta,Magnoliopsida,Rosales,Cannabaceae,Humulus,NA,Humulus
Stachys-type,Plantae,Tracheophyta,Magnoliopsida,Lamiales,Lamiaceae,Stachys,NA,Stachys
Prunus/Amelanchier,Plantae,Tracheophyta,Magnoliopsida,Rosales,Rosaceae,Prunus,NA,Prunus
Humulus/Cannabis,Plantae,Tracheophyta,Magnoliopsida,Rosales,Cannabaceae,Humulus,NA,Humulus
Spermatophyta undiff. (trees),Plantae,undiff,undiff,undiff,undiff,undiff,NA,undiff
Juniperus/Thuja,Plantae,Tracheophyta,Pinopsida,Pinales,Cupressaceae,Juniperus,NA,Juniperus
cf. Oxyria digyna,Plantae,Tracheophyta,Magnoliopsida,Caryophyllales,Polygonaceae,Oxyria,Oxyria digyna,Oxyria
Ilex/Nemopanthus,Plantae,Tracheophyta,Magnoliopsida,Aquifoliales,Aquifoliaceae,Ilex,NA,Ilex
Juniperus-type,Plantae,Tracheophyta,Pinopsida,Pinales,Cupressaceae,Juniperus,NA,Juniperus
Crataegus-type,Plantae,Tracheophyta,Magnoliopsida,Rosales,Rosaceae,Crataegus,NA,Crataegus
Potentilla-type,Plantae,Tracheophyta,Magnoliopsida,Rosales,Rosaceae,Potentilla,NA,Potentilla
Prunus/Sorbus,Plantae,Tracheophyta,Magnoliopsida,Rosales,Rosaceae,Prunus,NA,Prunus
Pyrus-type,Plantae,Tracheophyta,Magnoliopsida,Rosales,Rosaceae,Pyrus,NA,Pyrus
Rhamnaceae/Vitaceae undiff.,Plantae,Tracheophyta,Magnoliopsida,Rosales,Rhamnaceae,Rhamnaceae,NA,Rhamnaceae
Spermatophyta undiff. (shrubs),Plantae,undiff,undiff,undiff,undiff,undiff,NA,undiff
Rumex/Oxyria digyna,Plantae,Tracheophyta,Magnoliopsida,Caryophyllales,Polygonaceae,Rumex,NA,Rumex
Anemone-type,Plantae,Tracheophyta,Magnoliopsida,Ranunculales,Ranunculaceae,Anemone,NA,Anemone
Liliaceae-type,Plantae,Tracheophyta,Liliopsida,Liliales,Liliaceae,Liliaceae,NA,Liliaceae
Rumex/Oxyria,Plantae,Tracheophyta,Magnoliopsida,Caryophyllales,Polygonaceae,Rumex,NA,Rumex
Celtis-type,Plantae,Tracheophyta,Magnoliopsida,Rosales,Cannabaceae,Celtis,NA,Celtis
Cercocarpus-type,Plantae,Tracheophyta,Magnoliopsida,Rosales,Rosaceae,Cercocarpus,NA,Cercocarpus
Prunella-type,Plantae,Tracheophyta,Magnoliopsida,Lamiales,Lamiaceae,Prunella,NA,Prunella
Rubus-type,Plantae,Tracheophyta,Magnoliopsida,Rosales,Rosaceae,Rubus,NA,Rubus
Amelanchier-type,Plantae,Tracheophyta,Magnoliopsida,Rosales,Rosaceae,Amelanchier,NA,Amelanchier
Cannabis-type,Plantae,Tracheophyta,Magnoliopsida,Rosales,Cannabaceae,Cannabis,NA,Cannabis
cf. Dodecatheon,Plantae,Tracheophyta,Magnoliopsida,Ericales,Primulaceae,Dodecatheon,NA,Dodecatheon
Dryas-type,Plantae,Tracheophyta,Magnoliopsida,Rosales,Rosaceae,Dryas,NA,Dryas
Laportea-type,Plantae,Tracheophyta,Magnoliopsida,Rosales,Urticaceae,Laportea,NA,Laportea
Lycopus-type,Plantae,Tracheophyta,Magnoliopsida,Lamiales,Lamiaceae,Lycopus,NA,Lycopus
Maclura-type,Plantae,Tracheophyta,Magnoliopsida,Rosales,Moraceae,Maclura,NA,Maclura
Pilea-type,Plantae,Tracheophyta,Magnoliopsida,Rosales,Urticaceae,Pilea,NA,Pilea
Triticum-type,Plantae,Tracheophyta,Liliopsida,Poales,Poaceae,Triticum,NA,Triticum
Cannabaceae-type,Plantae,Tracheophyta,Magnoliopsida,Rosales,Cannabaceae,Cannabaceae,NA,Cannabaceae
Dipsacoideae,Plantae,Tracheophyta,Magnoliopsida,Dipsacales,Caprifoliaceae,Caprifoliaceae,NA,Caprifoliaceae
Poaceae (Cerealia-type),Plantae,Tracheophyta,Liliopsida,Poales,Poaceae,Poaceae,NA,Poaceae
Anthemis-type,Plantae,Tracheophyta,Magnoliopsida,Asterales,Asteraceae,Anthemis,NA,Anthemis
Aster-type,Plantae,Tracheophyta,Magnoliopsida,Asterales,Asteraceae,Aster,NA,Aster
Caltha-type,Plantae,Tracheophyta,Magnoliopsida,Ranunculales,Ranunculaceae,Caltha,NA,Caltha
Centaurea-type,Plantae,Tracheophyta,Magnoliopsida,Asterales,Asteraceae,Centaurea,NA,Centaurea
Corylus-type,Plantae,Tracheophyta,Magnoliopsida,Fagales,Betulaceae,Corylus,NA,Corylus
Erica-type,Plantae,Tracheophyta,Magnoliopsida,Ericales,Ericaceae,Erica,NA,Erica
Hypericum-type,Plantae,Tracheophyta,Magnoliopsida,Malpighiales,Hypericaceae,Hypericum,NA,Hypericum
Serratula-type,Plantae,Tracheophyta,Magnoliopsida,Asterales,Asteraceae,Serratula,NA,Serratula
Sinapis-type,Plantae,Tracheophyta,Magnoliopsida,Brassicales,Brassicaceae,Sinapsis,NA,Sinapsis
Trifolium-type,Plantae,Tracheophyta,Magnoliopsida,Fabales,Fabaceae,Trifolium,NA,Trifolium
Vicia-type,Plantae,Tracheophyta,Magnoliopsida,Fabales,Fabaceae,Vicia,NA,Vicia
Achillea-type,Plantae,Tracheophyta,Magnoliopsida,Asterales,Asteraceae,Achillea,NA,Achillea
Barbarea-type,Plantae,Tracheophyta,Magnoliopsida,Brassicales,Brassicaceae,Barbarea,NA,Barbarea
Cirsium-type,Plantae,Tracheophyta,Magnoliopsida,Asterales,Asteraceae,Cirsium,NA,Cirsium
Galium-type,Plantae,Tracheophyta,Magnoliopsida,Gentianales,Rubiaceae,Galium,NA,Galium
Lamium-type,Plantae,Tracheophyta,Magnoliopsida,Lamiales,Lamiaceae,Lamium,NA,Lamium
Lotus-type,Plantae,Tracheophyta,Magnoliopsida,Fabales,Fabaceae,Lotus,NA,Lotus
Mentha-type,Plantae,Tracheophyta,Magnoliopsida,Lamiales,Lamiaceae,Mentha,NA,Mentha
Petasites-type,Plantae,Tracheophyta,Magnoliopsida,Asterales,Asteraceae,Petasites,NA,Petasites
Ranunculus-type,Plantae,Tracheophyta,Magnoliopsida,Ranunculales,Ranunculaceae,Ranunculus,NA,Ranunculus
Secale-type,Plantae,Tracheophyta,Liliopsida,Poales,Poaceae,Secale,NA,Secale
Senecio-type,Plantae,Tracheophyta,Magnoliopsida,Asterales,Asteraceae,Senecio,NA,Senecio
Silene-type,Plantae,Tracheophyta,Magnoliopsida,Caryophyllales,Caryophyllaceae,Silene,NA,Silene
Silene-type undiff.,Plantae,Tracheophyta,Magnoliopsida,Caryophyllales,Caryophyllaceae,Silene,NA,Silene
Vaccinium-type,Plantae,Tracheophyta,Magnoliopsida,Ericales,Ericaceae,Vaccinium,NA,Vaccinium
Cerastium-type,Plantae,Tracheophyta,Magnoliopsida,Caryophyllales,Caryophyllaceae,Cerastium,NA,Cerastium
cf. Valeriana,Plantae,Tracheophyta,Magnoliopsida,Dipsacales,Caprifoliaceae,Valeriana,NA,Valeriana
Hordeum-type,Plantae,Tracheophyta,Liliopsida,Poales,Poaceae,Hordeum,NA,Hordeum
Lathyrus-type,Plantae,Tracheophyta,Magnoliopsida,Fabales,Fabaceae,Lathyrus,NA,Lathyrus
Lonicera-type,Plantae,Tracheophyta,Magnoliopsida,Dipsacales,Caprifoliaceae,Lonicera,NA,Lonicera
Oxalis-type,Plantae,Tracheophyta,Magnoliopsida,Oxalidales,Oxalidaceae,Oxalis,NA,Oxalis
Oxyria-type,Plantae,Tracheophyta,Magnoliopsida,Caryophyllales,Polygonaceae,Oxyria,NA,Oxyria
Stellaria-type,Plantae,Tracheophyta,Magnoliopsida,Caryophyllales,Caryophyllaceae,Stellaria,NA,Stellaria
Spergula/Spergularia,Plantae,Tracheophyta,Magnoliopsida,Caryophyllales,Caryophyllaceae,Spergula,NA,Spergula
Corylus/Myrica,Plantae,Tracheophyta,Magnoliopsida,Fagales,Betulaceae,Corylus,NA,Corylus
Anagallis-type,Plantae,Tracheophyta,Magnoliopsida,Ericales,Primulaceae,Lysimachia,NA,Lysimachia
Campanula-type,Plantae,Tracheophyta,Magnoliopsida,Asterales,Campanulaceae,Campanula,NA,Campanula
Conopodium-type,Plantae,Tracheophyta,Magnoliopsida,Apiales,Apiaceae,Conopodium,NA,Conopodium
Ononis-type,Plantae,Tracheophyta,Magnoliopsida,Fabales,Fabaceae,Ononis,NA,Ononis
Rhinanthus-type,Plantae,Tracheophyta,Magnoliopsida,Lamiales,Orobanchaceae,Rhinanthus,NA,Rhinanthus
Scrophularia-type,Plantae,Tracheophyta,Magnoliopsida,Lamiales,Scrophulariaceae,Scrophularia,NA,Scrophularia
Betula/Corylus/Myrica,Plantae,Tracheophyta,Magnoliopsida,Fagales,Fagales,Fagales,NA,Fagales
Fumana-type,Plantae,Tracheophyta,Magnoliopsida,Malvales,Cistaceae,Fumana,NA,Fumana
Listera-type,Plantae,Tracheophyta,Liliopsida,Asparagales,Orchidaceae,Listera,NA,Listera
Sedum-type,Plantae,Tracheophyta,Magnoliopsida,Saxifragales,Crassulaceae,Sedum,NA,Sedum
Ulex-type,Plantae,Tracheophyta,Magnoliopsida,Fabales,Fabaceae,Ulex,NA,Ulex
Asphodelus-type,Plantae,Tracheophyta,Liliopsida,Asparagales,Asphodelaceae,Asphodelus,NA,Asphodelus
Hornungia-type,Plantae,Tracheophyta,Magnoliopsida,Brassicales,Brassicaceae,Hornungia,NA,Hornungia
Spermatophyta undiff. (deciduous trees),Plantae,undiff,undiff,undiff,undiff,undiff,NA,undiff
Artemisia-type,Plantae,Tracheophyta,Magnoliopsida,Asterales,Asteraceae,Artemisia,NA,Artemisia
Cichorioideae undiff.,Plantae,Tracheophyta,Magnoliopsida,Asterales,Asteraceae,Asteraceae,NA,Asteraceae
Arenaria-type,Plantae,Tracheophyta,Magnoliopsida,Caryophyllales,Caryophyllaceae,Arenaria,NA,Arenaria
Armeria-type,Plantae,Tracheophyta,Magnoliopsida,Caryophyllales,Plumbaginaceae,Armeria,NA,Armeria
Geum-type,Plantae,Tracheophyta,Magnoliopsida,Rosales,Rosaceae,Geum,NA,Geum
Herniaria-type,Plantae,Tracheophyta,Magnoliopsida,Caryophyllales,Caryophyllaceae,Herniaria,NA,Herniaria
Jasione-type,Plantae,Tracheophyta,Magnoliopsida,Asterales,Campanulaceae,Jasione,NA,Jasione
Prunus-type,Plantae,Tracheophyta,Magnoliopsida,Rosales,Rosaceae,Prunus,NA,Prunus
Sagina-type,Plantae,Tracheophyta,Magnoliopsida,Caryophyllales,Caryophyllaceae,Sagina,NA,Sagina
Scilla-type,Plantae,Tracheophyta,Liliopsida,Asparagales,Asparagaceae,Scilla,NA,Scilla
Spergula-type,Plantae,Tracheophyta,Magnoliopsida,Caryophyllales,Caryophyllaceae,Spergula,NA,Spergula
Allium-type,Plantae,Tracheophyta,Liliopsida,Asparagales,Amaryllidaceae,Allium,NA,Allium
Malva-type,Plantae,Tracheophyta,Magnoliopsida,Malvales,Malvaceae,Malva,NA,Malva
Berula-type,Plantae,Tracheophyta,Magnoliopsida,Apiales,Apiaceae,Berula,NA,Berula
Malus-type,Plantae,Tracheophyta,Magnoliopsida,Rosales,Rosaceae,Malus,NA,Malus
Onobrychis-type,Plantae,Tracheophyta,Magnoliopsida,Fabales,Fabaceae,Onobrychis,NA,Onobrychis
Sorbus-type,Plantae,Tracheophyta,Magnoliopsida,Rosales,Rosaceae,Sorbus,NA,Sorbus
Avena/Triticum-type,Plantae,Tracheophyta,Liliopsida,Poales,Poaceae,Poaceae,NA,Poaceae
Lysimachia-type,Plantae,Tracheophyta,Magnoliopsida,Ericales,Primulaceae,Lysimachia,NA,Lysimachia
Solidago-type,Plantae,Tracheophyta,Magnoliopsida,Asterales,Asteraceae,Solidago,NA,Solidago
Astragalus/Oxytropis-type,Plantae,Tracheophyta,Magnoliopsida,Fabales,Fabaceae,Fabaceae,NA,Fabaceae
Capsella-type,Plantae,Tracheophyta,Magnoliopsida,Brassicales,Brassicaceae,Capsella,NA,Capsella
Carex-type,Plantae,Tracheophyta,Liliopsida,Poales,Cyperaceae,Carex,NA,Carex
Angelica-type,Plantae,Tracheophyta,Magnoliopsida,Apiales,Apiaceae,Angelica,NA,Angelica
Cirsium/Carduus-type,Plantae,Tracheophyta,Magnoliopsida,Asterales,Asteraceae,Cirsium,NA,Cirsium
Ericaceae-type,Plantae,Tracheophyta,Magnoliopsida,Ericales,Ericaceae,Ericaceae,NA,Ericaceae
Arctium-type,Plantae,Tracheophyta,Magnoliopsida,Asterales,Asteraceae,Arctium,NA,Arctium
Pimpinella-type,Plantae,Tracheophyta,Magnoliopsida,Rosales,Rosaceae,Sanguisorba,NA,Sanguisorba
Saussurea-type,Plantae,Tracheophyta,Magnoliopsida,Asterales,Asteraceae,Saussurea,NA,Saussurea
Veronica-type,Plantae,Tracheophyta,Magnoliopsida,Lamiales,Plantaginaceae,Veronica,NA,Veronica
Galeopsis-type,Plantae,Tracheophyta,Magnoliopsida,Lamiales,Lamiaceae,Galeopsis,NA,Galeopsis
cf. Artemisia,Plantae,Tracheophyta,Magnoliopsida,Asterales,Asteraceae,Artemisia,Artemisia,Artemisia
cf. Brassicaceae,Plantae,Tracheophyta,Magnoliopsida,Brassicales,Brassicaceae,Brassicaceae,NA,Brassicaceae
cf. Carpinus,Plantae,Tracheophyta,Magnoliopsida,Fagales,Betulaceae,Carpinus,NA,Carpinus
cf. Dryas,Plantae,Tracheophyta,Magnoliopsida,Rosales,Rosaceae,Dryas,NA,Dryas
cf. Ephedra fragilis,Plantae,Tracheophyta,Gnetopsida,Ephedrales,Ephedraceae,Ephedra,Ephedra fragilis,Ephedra
cf. Ilex,Plantae,Tracheophyta,Magnoliopsida,Aquifoliales,Aquifoliaceae,Ilex,NA,Ilex
cf. Mercurialis,Plantae,Tracheophyta,Magnoliopsida,Malpighiales,Euphorbiaceae,Mercurialis,NA,Mercurialis
cf. Prunus,Plantae,Tracheophyta,Magnoliopsida,Rosales,Rosaceae,Prunus,NA,Prunus
cf. Quercus,Plantae,Tracheophyta,Magnoliopsida,Fagales,Fagaceae,Quercus,NA,Quercus
cf. Ranunculus,Plantae,Tracheophyta,Magnoliopsida,Ranunculales,Ranunculaceae,Ranunculus,NA,Ranunculus
cf. Taxus,Plantae,Tracheophyta,Pinopsida,Pinales,Taxaceae,Taxus,NA,Taxus
cf. Thalictrum,Plantae,Tracheophyta,Magnoliopsida,Ranunculales,Ranunculaceae,Thalictrum,NA,Thalictrum
cf. Urtica,Plantae,Tracheophyta,Magnoliopsida,Rosales,Urticaceae,Urtica,NA,Urtica
Helianthemum-type,Plantae,Tracheophyta,Magnoliopsida,Malvales,Cistaceae,Helianthemum,NA,Helianthemum
Ranunculus sect. Batrachium-type,Plantae,Tracheophyta,Magnoliopsida,Ranunculales,Ranunculaceae,Ranunculus,NA,Ranunculus
cf. Chrysosplenium,Plantae,Tracheophyta,Magnoliopsida,Saxifragales,Saxifragaceae,Chrysosplenium,NA,Chrysosplenium
cf. Cyperaceae-type,Plantae,Tracheophyta,Liliopsida,Poales,Cyperaceae,Cyperaceae,NA,Cyperaceae
cf. Empetrum,Plantae,Tracheophyta,Magnoliopsida,Ericales,Ericaceae,Empetrum,NA,Empetrum
cf. Larix,Plantae,Tracheophyta,Pinopsida,Pinales,Pinaceae,Larix,NA,Larix
cf. Melampyrum,Plantae,Tracheophyta,Magnoliopsida,Lamiales,Orobanchaceae,Melampyrum,NA,Melampyrum
cf. Pedicularis,Plantae,Tracheophyta,Magnoliopsida,Lamiales,Orobanchaceae,Pedicularis,NA,Pedicularis
cf. Saxifraga granulata,Plantae,Tracheophyta,Magnoliopsida,Saxifragales,Saxifragaceae,Saxifraga,Saxifraga granulata,Saxifraga
cf. Saxifraga stellaris-type,Plantae,Tracheophyta,Magnoliopsida,Saxifragales,Saxifragaceae,Micranthes,Micranthes stellaris,Micranthes
cf. Scutellaria,Plantae,Tracheophyta,Magnoliopsida,Lamiales,Lamiaceae,Scutellaria,NA,Scutellaria
cf. Frangula alnus,Plantae,Tracheophyta,Magnoliopsida,Rosales,Rhamnaceae,Frangula,Frangula alnus,Frangula
cf. Lycopsis arvensis,Plantae,Tracheophyta,Magnoliopsida,Boraginales,Boraginaceae,Lycopsis,Lycopsis arvensis,Lycopsis
cf. Myricaria germanica,Plantae,Tracheophyta,Magnoliopsida,Caryophyllales,Tamaricaceae,Myricaria,Myricaria germanica,Myricaria
cf. Gentiana pneumonanthe,Plantae,Tracheophyta,Magnoliopsida,Gentianales,Gentianaceae,Gentiana,Gentiana pneumonanthe,Gentiana
Chamaenerion-type,Plantae,Tracheophyta,Magnoliopsida,Myrtales,Onagraceae,Chamaenerion,NA,Chamaenerion
Chrysosplenium-type,Plantae,Tracheophyta,Magnoliopsida,Saxifragales,Saxifragaceae,Chrysosplenium,NA,Chrysosplenium
Cichorieae,Plantae,Tracheophyta,Magnoliopsida,Asterales,Asteraceae,Asteraceae,NA,Asteraceae
Heracleum-type,Plantae,Tracheophyta,Magnoliopsida,Apiales,Apiaceae,Heracleum,NA,Heracleum
Peucedanum-type,Plantae,Tracheophyta,Magnoliopsida,Apiales,Apiaceae,Peucedanum,Peucedanum,Peucedanum
Bupleurum-type,Plantae,Tracheophyta,Magnoliopsida,Apiales,Apiaceae,Bupleurum,NA,Bupleurum
Empetrum-type,Plantae,Tracheophyta,Magnoliopsida,Ericales,Ericaceae,Empetrum,NA,Empetrum
Gnaphalium-type,Plantae,Tracheophyta,Magnoliopsida,Asterales,Asteraceae,Gnaphalium,NA,Gnaphalium
Seseli-type,Plantae,Tracheophyta,Magnoliopsida,Apiales,Apiaceae,Seseli,NA,Seseli
Pedicularis-type,Plantae,Tracheophyta,Magnoliopsida,Lamiales,Orobanchaceae,Pedicularis,NA,Pedicularis
Veratrum-type,Plantae,Tracheophyta,Liliopsida,Liliales,Melanthiaceae,Veratrum,NA,Veratrum
Epilobium-type,Plantae,Tracheophyta,Magnoliopsida,Myrtales,Onagraceae,Epilobium,NA,Epilobium
Aconitum-type,Plantae,Tracheophyta,Magnoliopsida,Ranunculales,Ranunculaceae,Aconitum,NA,Aconitum
Comarum-type,Plantae,Tracheophyta,Magnoliopsida,Rosales,Rosaceae,Comarum,NA,Comarum
Spergularia-type,Plantae,Tracheophyta,Magnoliopsida,Caryophyllales,Caryophyllaceae,Spergularia,NA,Spergularia
Amaranthaceae-type,Plantae,Tracheophyta,Magnoliopsida,Caryophyllales,Amaranthaceae,Amaranthaceae,NA,Amaranthaceae
Rumex-type,Plantae,Tracheophyta,Magnoliopsida,Caryophyllales,Polygonaceae,Rumex,NA,Rumex
Spermatophyta undiff. (cf. upland herbs),Plantae,undiff,undiff,undiff,undiff,undiff,NA,undiff
Thalictrum-type,Plantae,Tracheophyta,Magnoliopsida,Ranunculales,Ranunculaceae,Thalictrum,NA,Thalictrum
Carduus-type,Plantae,Tracheophyta,Magnoliopsida,Asterales,Asteraceae,Carduus,NA,Carduus
Genista-type,Plantae,Tracheophyta,Magnoliopsida,Fabales,Fabaceae,Genista,NA,Genista
Papaver-type,Plantae,Tracheophyta,Magnoliopsida,Ranunculales,Papaveraceae,Papaver,NA,Papaver
Polygonum-type sensu lato,Plantae,Tracheophyta,Magnoliopsida,Caryophyllales,Polygonaceae,Polygonum,NA,Polygonum
Rhamnus-type,Plantae,Tracheophyta,Magnoliopsida,Rosales,Rhamnaceae,Rhamnus,NA,Rhamnus
Vicia/Lathyrus,Plantae,Tracheophyta,Magnoliopsida,Fabales,Fabaceae,Vicia,NA,Vicia
Matricaria-type,Plantae,Tracheophyta,Magnoliopsida,Asterales,Asteraceae,Matricaria,NA,Matricaria
Pulmonaria-type,Plantae,Tracheophyta,Magnoliopsida,Boraginales,Boraginaceae,Pulmonaria,NA,Pulmonaria
Succisa-type,Plantae,Tracheophyta,Magnoliopsida,Dipsacales,Caprifoliaceae,Succisa,NA,Succisa
Cirsium/Carduus,Plantae,Tracheophyta,Magnoliopsida,Asterales,Asteraceae,Cirsium,NA,Cirsium
Alchemilla-type,Plantae,Tracheophyta,Magnoliopsida,Rosales,Rosaceae,Alchemilla,NA,Alchemilla
cf. Salix herbacea,Plantae,Tracheophyta,Magnoliopsida,Malpighiales,Salicaceae,Salix,Salix herbacea,Salix
Cytisus-type,Plantae,Tracheophyta,Magnoliopsida,Fabales,Fabaceae,Cytisus,NA,Cytisus
Hedysarum-type,Plantae,Tracheophyta,Magnoliopsida,Fabales,Fabaceae,Hedysarum,NA,Hedysarum
Euphrasia-type,Plantae,Tracheophyta,Magnoliopsida,Lamiales,Orobanchaceae,Euphrasia,NA,Euphrasia
Silenoideae-type,Plantae,Tracheophyta,Magnoliopsida,Caryophyllales,Caryophyllaceae,Caryophyllaceae,NA,Caryophyllaceae
Alchemilla/Aphanes,Plantae,Tracheophyta,Magnoliopsida,Rosales,Rosaceae,Alchemilla,NA,Alchemilla
Bellis-type,Plantae,Tracheophyta,Magnoliopsida,Asterales,Asteraceae,Bellis,NA,Bellis
cf. Anthericum,Plantae,Tracheophyta,Liliopsida,Asparagales,Asparagaceae,Anthericum,NA,Anthericum
cf. Cannabis sativa,Plantae,Tracheophyta,Magnoliopsida,Rosales,Cannabaceae,Cannabis,Cannabis sativa,Cannabis
cf. Humulus lupulus,Plantae,Tracheophyta,Magnoliopsida,Rosales,Cannabaceae,Humulus,Humulus lupulus,Humulus
cf. Xanthium-type,Plantae,Tracheophyta,Magnoliopsida,Asterales,Asteraceae,Xanthium,NA,Xanthium
Coronilla-type,Plantae,Tracheophyta,Magnoliopsida,Fabales,Fabaceae,Coronilla,NA,Coronilla
Glyceria-type,Plantae,Tracheophyta,Liliopsida,Poales,Poaceae,Glyceria,NA,Glyceria
Taraxacum-type,Plantae,Tracheophyta,Magnoliopsida,Asterales,Asteraceae,Taraxacum,NA,Taraxacum
Thymus-type,Plantae,Tracheophyta,Magnoliopsida,Lamiales,Lamiaceae,Thymus,NA,Thymus
Tussilago-type,Plantae,Tracheophyta,Magnoliopsida,Asterales,Asteraceae,Tussilago,NA,Tussilago
Astrantia-type,Plantae,Tracheophyta,Magnoliopsida,Apiales,Apiaceae,Astrantia,NA,Astrantia
Monotropoideae,Plantae,Tracheophyta,Magnoliopsida,Ericales,Ericaceae,Ericaceae,NA,Ericaceae
cf. Samolus,Plantae,Tracheophyta,Magnoliopsida,Ericales,Primulaceae,Samolus,NA,Samolus
Dipsacoideae undiff.,Plantae,Tracheophyta,Magnoliopsida,Dipsacales,Caprifoliaceae,Caprifoliaceae,NA,Caprifoliaceae
Delphinium-type,Plantae,Tracheophyta,Magnoliopsida,Ranunculales,Ranunculaceae,Delphinium,NA,Delphinium
Panicum-type,Plantae,Tracheophyta,Liliopsida,Poales,Poaceae,Panicum,NA,Panicum
Aphanes-type,Plantae,Tracheophyta,Magnoliopsida,Rosales,Rosaceae,Aphanes,NA,Aphanes
Ballota-type,Plantae,Tracheophyta,Magnoliopsida,Lamiales,Lamiaceae,Ballota,NA,Ballota
Conium-type,Plantae,Tracheophyta,Magnoliopsida,Apiales,Apiaceae,Conium,NA,Conium
Daucus-type,Plantae,Tracheophyta,Magnoliopsida,Apiales,Apiaceae,Daucus,NA,Daucus
Dorycnium-type,Plantae,Tracheophyta,Magnoliopsida,Fabales,Fabaceae,Lotus,NA,Lotus
Helleborus-type,Plantae,Tracheophyta,Magnoliopsida,Ranunculales,Ranunculaceae,Ranunculaceae,NA,Ranunculaceae
Rosa-type,Plantae,Tracheophyta,Magnoliopsida,Rosales,Rosaceae,Rosa,NA,Rosa
Carpinus-type,Plantae,Tracheophyta,Magnoliopsida,Fagales,Betulaceae,Carpinus,NA,Carpinus
cf. Herniaria,Plantae,Tracheophyta,Magnoliopsida,Caryophyllales,Caryophyllaceae,Herniaria,NA,Herniaria
cf. Sagina,Plantae,Tracheophyta,Magnoliopsida,Caryophyllales,Caryophyllaceae,Sagina,NA,Sagina
Elymus-type,Plantae,Tracheophyta,Liliopsida,Poales,Poaceae,Elymus,NA,Elymus
Odontites-type,Plantae,Tracheophyta,Magnoliopsida,Lamiales,Orobanchaceae,Odontites,NA,Odontites
Polygonatum-type,Plantae,Tracheophyta,Liliopsida,Asparagales,Asparagaceae,Polygonatum,NA,Polygonatum
Astragalus-type,Plantae,Tracheophyta,Magnoliopsida,Fabales,Fabaceae,Astragalus,NA,Astragalus
Digitalis-type,Plantae,Tracheophyta,Magnoliopsida,Lamiales,Plantaginaceae,Digitalis,NA,Digitalis
cf. Littorella,Plantae,Tracheophyta,Magnoliopsida,Lamiales,Plantaginaceae,Littorella,NA,Littorella
cf. Lobelia,Plantae,Tracheophyta,Magnoliopsida,Asterales,Campanulaceae,Lobelia,NA,Lobelia
cf. Montia,Plantae,Tracheophyta,Magnoliopsida,Caryophyllales,Montiaceae,Montiaceae,NA,Montiaceae
cf. Humulus,Plantae,Tracheophyta,Magnoliopsida,Rosales,Cannabaceae,Humulus,NA,Humulus
Anthericum-type,Plantae,Tracheophyta,Liliopsida,Asparagales,Asparagaceae,Anthericum,NA,Anthericum
Fritillaria-type,Plantae,Tracheophyta,Liliopsida,Liliales,Liliaceae,Fritillaria,NA,Fritillaria
Humulus/Cannabis-type,Plantae,Tracheophyta,Magnoliopsida,Rosales,Cannabaceae,Humulus,NA,Humulus
Anethum-type,Plantae,Tracheophyta,Magnoliopsida,Apiales,Apiaceae,Anethum,NA,Anethum
Filipendula-type,Plantae,Tracheophyta,Magnoliopsida,Rosales,Rosaceae,Filipendula,NA,Filipendula
Linaria-type,Plantae,Tracheophyta,Magnoliopsida,Lamiales,Plantaginaceae,Linaria,NA,Linaria
Spiraea-type,Plantae,Tracheophyta,Magnoliopsida,Rosales,Rosaceae,Spiraea,NA,Spiraea
Adonis-type,Plantae,Tracheophyta,Magnoliopsida,Ranunculales,Ranunculaceae,Adonis,NA,Adonis
Iris-type,Plantae,Tracheophyta,Liliopsida,Asparagales,Iridaceae,Iris,NA,Iris
cf. Xanthium,Plantae,Tracheophyta,Magnoliopsida,Asterales,Asteraceae,Xanthium,NA,Xanthium
Lithospermum-type,Plantae,Tracheophyta,Magnoliopsida,Boraginales,Boraginaceae,Lithospermum,NA,Lithospermum
Pinus subg. Strobus-type,Plantae,Tracheophyta,Pinopsida,Pinales,Pinaceae,Pinus,NA,Pinus
Viburnum-type,Plantae,Tracheophyta,Magnoliopsida,Dipsacales,Viburnaceae,Viburnum,NA,Viburnum
Agropyron-type,Plantae,Tracheophyta,Liliopsida,Poales,Poaceae,Agropyron,NA,Agropyron
Arum/Acorus,Plantae,Tracheophyta,Liliopsida,Alismatales,Araceae/Acoraceae,Arum/Acora,NA,Arum/Acora
cf. Cannabis,Plantae,Tracheophyta,Magnoliopsida,Rosales,Cannabaceae,Cannabis,NA,Cannabis
cf. Chrysanthemum,Plantae,Tracheophyta,Magnoliopsida,Asterales,Asteraceae,Chrysanthemum,NA,Chrysanthemum
cf. Sorbus aucuparia,Plantae,Tracheophyta,Magnoliopsida,Rosales,Rosaceae,Sorbus,Sorbus aucuparia,Sorbus
cf. Triticum turgidum subsp. dicoccon,Plantae,Tracheophyta,Liliopsida,Poales,Poaceae,Triticum,Triticum turgidum,Triticum
Dactylis-type,Plantae,Tracheophyta,Liliopsida,Poales,Poaceae,Dactylis,NA,Dactylis
Glechoma-type,Plantae,Tracheophyta,Magnoliopsida,Lamiales,Lamiaceae,Glechoma,NA,Glechoma
Phleum-type,Plantae,Tracheophyta,Liliopsida,Poales,Poaceae,Phleum,NA,Phleum
Poaceae (Cerealia-type) undiff.,Plantae,Tracheophyta,Liliopsida,Poales,Poaceae,Poaceae,NA,Poaceae
Bartsia-type,Plantae,Tracheophyta,Magnoliopsida,Lamiales,Orobanchaceae,Bartsia,NA,Bartsia
Hippocrepis-type,Plantae,Tracheophyta,Magnoliopsida,Fabales,Fabaceae,Hippocrepis,NA,Hippocrepis
Cardamine-type,Plantae,Tracheophyta,Magnoliopsida,Brassicales,Brassicaceae,Cardamine,NA,Cardamine
Carthamus-type,Plantae,Tracheophyta,Magnoliopsida,Asterales,Asteraceae,Carthamus,NA,Carthamus
Crupina-type,Plantae,Tracheophyta,Magnoliopsida,Asterales,Asteraceae,Crupina,NA,Crupina
Cyperus-type,Plantae,Tracheophyta,Liliopsida,Poales,Cyperaceae,Cyperus,NA,Cyperus
Gagea/Tulipa,Plantae,Tracheophyta,Liliopsida,Liliales,Liliaceae,Gagea/Tulipa,NA,Gagea/Tulipa
Ostrya/Carpinus orientalis,Plantae,Tracheophyta,Magnoliopsida,Fagales,Betulaceae,Ostrya,NA,Ostrya
Paronychia-type,Plantae,Tracheophyta,Magnoliopsida,Caryophyllales,Caryophyllaceae,Paronychia,NA,Paronychia
Aster/Achillea,Plantae,Tracheophyta,Magnoliopsida,Asterales,Asteraceae,Asteraceae,NA,Asteraceae
Minuartia-type,Plantae,Tracheophyta,Magnoliopsida,Caryophyllales,Caryophyllaceae,Minuartia,NA,Minuartia
Convolvulus-type,Plantae,Tracheophyta,Magnoliopsida,Solanales,Convolvulaceae,Convolvulus,NA,Convolvulus
Pinus subg. Pinus-type,Plantae,Tracheophyta,Pinopsida,Pinales,Pinaceae,Pinus,NA,Pinus
Verbascum-type,Plantae,Tracheophyta,Magnoliopsida,Lamiales,Scrophulariaceae,Verbascum,NA,Verbascum
cf. Polemonium,Plantae,Tracheophyta,Magnoliopsida,Ericales,Polemoniaceae,Polemonium,NA,Polemonium
Knautia/Dipsacus,Plantae,Tracheophyta,Magnoliopsida,Dipsacales,Caprifoliaceae,Knautia,NA,Knautia
Aruncus-type,Plantae,Tracheophyta,Magnoliopsida,Rosales,Rosaceae,Aruncus,NA,Aruncus
Gypsophila-type,Plantae,Tracheophyta,Magnoliopsida,Caryophyllales,Caryophyllaceae,Gypsophila,NA,Gypsophila
cf. Avena,Plantae,Tracheophyta,Liliopsida,Poales,Poaceae,Avena,NA,Avena
Hordeum/Secale,Plantae,Tracheophyta,Liliopsida,Poales,Poaceae,Hordeum,NA,Hordeum
Androsace-type,Plantae,Tracheophyta,Magnoliopsida,Ericales,Primulaceae,Androsace,NA,Androsace
Bambusa-type,Plantae,Tracheophyta,Liliopsida,Poales,Poaceae,Bambusa,NA,Bambusa
Bruckenthalia-type,Plantae,Tracheophyta,Magnoliopsida,Ericales,Ericaceae,Erica,NA,Erica
Castanea-type,Plantae,Tracheophyta,Magnoliopsida,Fagales,Fagaceae,Castanea,NA,Castanea
Cedrus-type,Plantae,Tracheophyta,Pinopsida,Pinales,Pinaceae,Cedrus,NA,Cedrus
Coniferae-type,Plantae,undiff,undiff,undiff,undiff,undiff,NA,undiff
Geranium-type,Plantae,Tracheophyta,Magnoliopsida,Geraniales,Geraniaceae,Geranium,NA,Geranium
Juglandaceae-type,Plantae,Tracheophyta,Magnoliopsida,Fagales,Juglandaceae,Juglandaceae,NA,Juglandaceae
Larix-type,Plantae,Tracheophyta,Pinopsida,Pinales,Pinaceae,Larix,NA,Larix
Magnolia-type,Plantae,Tracheophyta,Magnoliopsida,Magnoliales,Magnoliaceae,Magnolia,NA,Magnolia
Myrica-type,Plantae,Tracheophyta,Magnoliopsida,Fagales,Myricaceae,Myrica,NA,Myrica
Podocarpus-type,Plantae,Tracheophyta,Pinopsida,Pinales,Podocarpaceae,Podocarpus,NA,Podocarpus
Sileneae,Plantae,Tracheophyta,Magnoliopsida,Caryophyllales,Caryophyllaceae,Caryophyllaceae,NA,Caryophyllaceae
Tsuga-type,Plantae,Tracheophyta,Pinopsida,Pinales,Pinaceae,Tsuga,NA,Tsuga
Ulmus/Zelkova,Plantae,Tracheophyta,Magnoliopsida,Rosales,Ulmaceae,Ulmus/Zelkova,NA,Ulmus/Zelkova
Moehringia-type,Plantae,Tracheophyta,Magnoliopsida,Caryophyllales,Caryophyllaceae,Moehringia,NA,Moehringia
Fagopyrum-type,Plantae,Tracheophyta,Magnoliopsida,Caryophyllales,Polygonaceae,Fagopyrum,NA,Fagopyrum
Normapolles,Plantae,undiff,undiff,undiff,undiff,undiff,NA,undiff
Potentilla/Comarum,Plantae,Tracheophyta,Magnoliopsida,Rosales,Rosaceae,Potentilla/Comarum,NA,Potentilla/Comarum
Anemone sect. Pulsatilla-type,Plantae,Tracheophyta,Magnoliopsida,Ranunculales,Ranunculaceae,Anemone,NA,Anemone
Cotinus-type,Plantae,Tracheophyta,Magnoliopsida,Sapindales,Anacardiaceae,Cotinus,NA,Cotinus
Heliotropium-type,Plantae,Tracheophyta,Magnoliopsida,Boraginales,Heliotropiaceae,Heliotropium,NA,Heliotropium
Teucrium-type,Plantae,Tracheophyta,Magnoliopsida,Lamiales,Lamiaceae,Teucrium,NA,Teucrium
Carduoideae,Plantae,Tracheophyta,Magnoliopsida,Asterales,Asteraceae,Asteraceae,NA,Asteraceae
Myrrhis-type,Plantae,Tracheophyta,Magnoliopsida,Apiales,Apiaceae,Myrrhis,NA,Myrrhis
Parnassia-type,Plantae,Tracheophyta,Magnoliopsida,Celastrales,Parnassiaceae,Parnassia,NA,Parnassia
Apium-type,Plantae,Tracheophyta,Magnoliopsida,Apiales,Apiaceae,Apium,NA,Apium
Scutellaria-type,Plantae,Tracheophyta,Magnoliopsida,Lamiales,Lamiaceae,Scutellaria,NA,Scutellaria
Urticalean Rosids,Plantae,Tracheophyta,Magnoliopsida,Rosales,undiff,undiff,NA,undiff
Phyteuma-type,Plantae,Tracheophyta,Magnoliopsida,Asterales,Campanulaceae,Phyteuma,NA,Phyteuma
Vicia/Lathyrus-type,Plantae,Tracheophyta,Magnoliopsida,Fabales,Fabaceae,Vicia,NA,Vicia
Echium-type,Plantae,Tracheophyta,Magnoliopsida,Boraginales,Boraginaceae,Echium,NA,Echium
Narcissus-type,Plantae,Tracheophyta,Liliopsida,Asparagales,Amaryllidaceae,Narcissus,NA,Narcissus
Homogyne-type,Plantae,Tracheophyta,Magnoliopsida,Asterales,Asteraceae,Homogyne,NA,Homogyne
Consolida-type,Plantae,Tracheophyta,Magnoliopsida,Ranunculales,Ranunculaceae,Consolida,NA,Consolida
Rhododendron-type,Plantae,Tracheophyta,Magnoliopsida,Ericales,Ericaceae,Rhododendron,NA,Rhododendron
Spermatophyta undiff. (upland herbs),Plantae,undiff,undiff,undiff,undiff,undiff,NA,undiff
Hedera-type,Plantae,Tracheophyta,Magnoliopsida,Apiales,Araliaceae,Araliaceae,NA,Araliaceae
cf. Acorus,Plantae,Tracheophyta,Liliopsida,Acorales,Acoraceae,Acorus,NA,Acorus
cf. Alchemilla,Plantae,Tracheophyta,Magnoliopsida,Rosales,Rosaceae,Alchemilla,NA,Alchemilla
cf. Armeria (type A),Plantae,Tracheophyta,Magnoliopsida,Caryophyllales,Plumbaginaceae,Armeria,NA,Armeria
cf. Cedrus,Plantae,Tracheophyta,Pinopsida,Pinales,Pinaceae,Cedrus,NA,Cedrus
cf. Centaurium,Plantae,Tracheophyta,Magnoliopsida,Gentianales,Gentianaceae,Centaurium,NA,Centaurium
cf. Daphne,Plantae,Tracheophyta,Magnoliopsida,Malvales,Thymelaeaceae,Daphne,NA,Daphne
cf. Epilobium,Plantae,Tracheophyta,Magnoliopsida,Myrtales,Onagraceae,Epilobium,NA,Epilobium
cf. Euphorbia,Plantae,Tracheophyta,Magnoliopsida,Malpighiales,Euphorbiaceae,Euphorbia,NA,Euphorbia
cf. Lonicera,Plantae,Tracheophyta,Magnoliopsida,Dipsacales,Caprifoliaceae,Lonicera,NA,Lonicera
cf. Myrtus,Plantae,Tracheophyta,Magnoliopsida,Myrtales,Myrtaceae,Myrtus,NA,Myrtus
cf. Olea,Plantae,Tracheophyta,Magnoliopsida,Lamiales,Oleaceae,Olea,NA,Olea
cf. Persicaria amphibia,Plantae,Tracheophyta,Magnoliopsida,Caryophyllales,Polygonaceae,Persicaria,Persicaria amphibia,Persicaria
cf. Polygonum,Plantae,Tracheophyta,Magnoliopsida,Caryophyllales,Polygonaceae,Polygonum,NA,Polygonum
cf. Succisa,Plantae,Tracheophyta,Magnoliopsida,Dipsacales,Caprifoliaceae,Succisa,NA,Succisa
cf. Viscum,Plantae,Tracheophyta,Magnoliopsida,Santalales,Viscaceae,Viscum,NA,Viscum
Ornithogalum-type,Plantae,Tracheophyta,Liliopsida,Asparagales,Asparagaceae,Ornithogalum,NA,Ornithogalum
Agrimonia-type,Plantae,Tracheophyta,Magnoliopsida,Rosales,Rosaceae,Agrimonia,NA,Agrimonia
Arnica-type,Plantae,Tracheophyta,Magnoliopsida,Asterales,Asteraceae,Arnica,NA,Arnica
cf. Filipendula,Plantae,Tracheophyta,Magnoliopsida,Rosales,Rosaceae,Filipendula,NA,Filipendula
cf. Sorbus,Plantae,Tracheophyta,Magnoliopsida,Rosales,Rosaceae,Sorbus,NA,Sorbus
Ulex/Cytisus sect. Spartopsis,Plantae,Tracheophyta,Magnoliopsida,Fabales,Fabaceae,Ulex,NA,Ulex
cf. Ruta,Plantae,Tracheophyta,Magnoliopsida,Sapindales,Rutaceae,Ruta,NA,Ruta
cf. Veronica,Plantae,Tracheophyta,Magnoliopsida,Lamiales,Plantaginaceae,Veronica,NA,Veronica
Campanula/Jasione,Plantae,Tracheophyta,Magnoliopsida,Asterales,Campanulaceae,Campanula,NA,Campanula
Rhamnus/Frangula,Plantae,Tracheophyta,Magnoliopsida,Rosales,Rhamnaceae,Rhamnus,NA,Rhamnus
Convallaria-type,Plantae,Tracheophyta,Liliopsida,Asparagales,Asparagaceae,Convallaria,NA,Convallaria
Scorzonera-type,Plantae,Tracheophyta,Magnoliopsida,Asterales,Asteraceae,Scorzonera,NA,Scorzonera
Lobelia-type,Plantae,Tracheophyta,Magnoliopsida,Asterales,Campanulaceae,Lobelia,NA,Lobelia
Lycopus/Mentha,Plantae,Tracheophyta,Magnoliopsida,Lamiales,Lamiaceae,Lycopus/Mentha,NA,Lycopus/Mentha
Narthecium-type,Plantae,Tracheophyta,Liliopsida,Dioscoreales,Nartheciaceae,Narthecium,NA,Narthecium
Colchicum-type,Plantae,Tracheophyta,Liliopsida,Liliales,Colchicaceae,Colchicum,NA,Colchicum
Calystegia-type,Plantae,Tracheophyta,Magnoliopsida,Solanales,Convolvulaceae,Calystegia,NA,Calystegia
Sium-type,Plantae,Tracheophyta,Magnoliopsida,Apiales,Apiaceae,Sium,NA,Sium
Brassicaceae-type,Plantae,Tracheophyta,Magnoliopsida,Brassicales,Brassicaceae,Brassicaceae,NA,Brassicaceae
cf. Sedum,Plantae,Tracheophyta,Magnoliopsida,Saxifragales,Crassulaceae,Sedum,NA,Sedum
Sedum/Rhodiola cf. R. rosea,Plantae,Tracheophyta,Magnoliopsida,Saxifragales,Crassulaceae,Sedum,NA,Sedum
Xanthium-type,Plantae,Tracheophyta,Magnoliopsida,Asterales,Asteraceae,Xanthium,NA,Xanthium
Antennaria-type,Plantae,Tracheophyta,Magnoliopsida,Asterales,Asteraceae,Antennaria,NA,Antennaria
Bellidiastrum-type,Plantae,Tracheophyta,Magnoliopsida,Asterales,Asteraceae,Bellidiastrum,NA,Bellidiastrum
Chrysanthemum-type,Plantae,Tracheophyta,Magnoliopsida,Asterales,Asteraceae,Chrysanthemum,NA,Chrysanthemum
Eupatorium-type,Plantae,Tracheophyta,Magnoliopsida,Asterales,Asteraceae,Eupatorium,NA,Eupatorium
Liliaceae-type undiff.,Plantae,Tracheophyta,Liliopsida,Liliales,Liliaceae,Liliaceae,NA,Liliaceae
Polemonium-type,Plantae,Tracheophyta,Magnoliopsida,Ericales,Polemoniaceae,Polemonium,NA,Polemonium
Myricaria-type,Plantae,Tracheophyta,Magnoliopsida,Caryophyllales,Tamaricaceae,Myricaria,NA,Myricaria
Chelidonium-type,Plantae,Tracheophyta,Magnoliopsida,Ranunculales,Papaveraceae,Chelidonium,NA,Chelidonium
Scleranthus-type,Plantae,Tracheophyta,Magnoliopsida,Caryophyllales,Caryophyllaceae,Scleranthus,NA,Scleranthus
Cichorioideae-type,Plantae,Tracheophyta,Magnoliopsida,Asterales,Asteraceae,Asteraceae,NA,Asteraceae
Cardueae,Plantae,Tracheophyta,Magnoliopsida,Asterales,Asteraceae,Asteraceae,NA,Asteraceae
Avena/Triticum,Plantae,Tracheophyta,Liliopsida,Poales,Poaceae,Avena/Triticum,NA,Avena/Triticum
Chaerophyllum-type,Plantae,Tracheophyta,Magnoliopsida,Apiales,Apiaceae,Chaerophyllum,NA,Chaerophyllum
Gentiana-type,Plantae,Tracheophyta,Magnoliopsida,Gentianales,Gentianaceae,Gentiana,NA,Gentiana
Clematis-type,Plantae,Tracheophyta,Magnoliopsida,Ranunculales,Ranunculaceae,Clematis,NA,Clematis
Meum-type,Plantae,Tracheophyta,Magnoliopsida,Apiales,Apiaceae,Meum,NA,Meum
Pleurospermum-type,Plantae,Tracheophyta,Magnoliopsida,Apiales,Apiaceae,Pleurospermum,NA,Pleurospermum
Falcaria-type,Plantae,Tracheophyta,Magnoliopsida,Apiales,Apiaceae,Falcaria,NA,Falcaria
Galanthus-type,Plantae,Tracheophyta,Liliopsida,Asparagales,Amaryllidaceae,Galanthus,NA,Galanthus
Matthiola-type,Plantae,Tracheophyta,Magnoliopsida,Brassicales,Brassicaceae,Matthiola,NA,Matthiola
Brassica-type,Plantae,Tracheophyta,Magnoliopsida,Brassicales,Brassicaceae,Brassica,NA,Brassica
Onosma-type,Plantae,Tracheophyta,Magnoliopsida,Boraginales,Boraginaceae,Onosma,NA,Onosma
Sanguisorba-type,Plantae,Tracheophyta,Magnoliopsida,Rosales,Rosaceae,Sanguisorba,NA,Sanguisorba
Scrophularia/Verbascum,Plantae,Tracheophyta,Magnoliopsida,Lamiales,Scrophulariaceae,Scrophularia,NA,Scrophularia
Symphytum-type,Plantae,Tracheophyta,Magnoliopsida,Boraginales,Boraginaceae,Symphytum,NA,Symphytum
Thymus/Mentha,Plantae,Tracheophyta,Magnoliopsida,Lamiales,Lamiaceae,Thymus/Mentha,NA,Thymus/Mentha
Aster/Achillea-type,Plantae,Tracheophyta,Magnoliopsida,Asterales,Asteraceae,Aster/Achillea,NA,Aster/Achillea
cf. Digitalis,Plantae,Tracheophyta,Magnoliopsida,Lamiales,Plantaginaceae,Digitalis,NA,Digitalis
cf. Geum,Plantae,Tracheophyta,Magnoliopsida,Rosales,Rosaceae,Geum,NA,Geum
"Betula/Alnus/Corylus/Myrica (type 114, HdV)",Plantae,Tracheophyta,Magnoliopsida,Fagales,Betulaceae/Myricaceae,Betulaceae/Myricaceae,NA,Betulaceae/Myricaceae
cf. Hordeum,Plantae,Tracheophyta,Liliopsida,Poales,Poaceae,Hordeum,NA,Hordeum
cf. Juncus,Plantae,Tracheophyta,Liliopsida,Poales,Juncaceae,Juncus,NA,Juncus
Ammi-type,Plantae,Tracheophyta,Magnoliopsida,Apiales,Apiaceae,Ammi,NA,Ammi
Gladiolus-type,Plantae,Tracheophyta,Liliopsida,Asparagales,Iridaceae,Gladiolus,NA,Gladiolus
Smyrnium-type,Plantae,Tracheophyta,Magnoliopsida,Apiales,Apiaceae,Smyrnium,NA,Smyrnium
Centaurium-type,Plantae,Tracheophyta,Magnoliopsida,Gentianales,Gentianaceae,Centaurium,NA,Centaurium
Limonium-type,Plantae,Tracheophyta,Magnoliopsida,Caryophyllales,Plumbaginaceae,Limonium,NA,Limonium
Cynoglossum-type,Plantae,Tracheophyta,Magnoliopsida,Boraginales,Boraginaceae,Cynoglossum,NA,Cynoglossum
Jurinea-type,Plantae,Tracheophyta,Magnoliopsida,Asterales,Asteraceae,Jurinea,NA,Jurinea
Lilium-type,Plantae,Tracheophyta,Liliopsida,Liliales,Liliaceae,Lilium,NA,Lilium
Daphne-type,Plantae,Tracheophyta,Magnoliopsida,Malvales,Thymelaeaceae,Daphne,NA,Daphne
Humulus/Urtica,Plantae,Tracheophyta,Magnoliopsida,Rosales,Cannabaceae,Humulus,NA,Humulus
Myrtus-type,Plantae,Tracheophyta,Magnoliopsida,Myrtales,Myrtaceae,Myrtus,NA,Myrtus
Hordeum/Triticum-type,Plantae,Tracheophyta,Liliopsida,Poales,Poaceae,Hordeum,NA,Hordeum
Thymus/Mentha-type,Plantae,Tracheophyta,Magnoliopsida,Lamiales,Lamiaceae,Thymus/Mentha,NA,Thymus/Mentha
cf. Armeria,Plantae,Tracheophyta,Magnoliopsida,Caryophyllales,Plumbaginaceae,Armeria,NA,Armeria
cf. Centaurea nigra-type,Plantae,Tracheophyta,Magnoliopsida,Asterales,Asteraceae,Centaurea,Centaurea nigra,Centaurea
cf. Platanus,Plantae,Tracheophyta,Magnoliopsida,Proteales,Platanaceae,Platanus,NA,Platanus
cf. Sedum-type,Plantae,Tracheophyta,Magnoliopsida,Saxifragales,Crassulaceae,Sedum,NA,Sedum
Gentianella-type,Plantae,Tracheophyta,Magnoliopsida,Gentianales,Gentianaceae,Gentianella,NA,Gentianella
Anthemis-type (small),Plantae,Tracheophyta,Magnoliopsida,Asterales,Asteraceae,Anthemis,NA,Anthemis
Filago-type,Plantae,Tracheophyta,Magnoliopsida,Asterales,Asteraceae,Filago,NA,Filago
Halimium/Tuberaria,Plantae,Tracheophyta,Magnoliopsida,Malvales,Cistaceae,Halimium,NA,Halimium
Lavandula-type,Plantae,Tracheophyta,Magnoliopsida,Lamiales,Lamiaceae,Lavandula,NA,Lavandula
Reseda/Sesamoides,Plantae,Tracheophyta,Magnoliopsida,Brassicales,Resedaceae,Reseda,NA,Reseda
Rhinanthus/Veronica,Plantae,Tracheophyta,Magnoliopsida,Lamiales,Orobanchaceae,Rhinanthus,NA,Rhinanthus
Halimium-type,Plantae,Tracheophyta,Magnoliopsida,Malvales,Cistaceae,Halimium,NA,Halimium
cf. Convolvulus,Plantae,Tracheophyta,Magnoliopsida,Solanales,Convolvulaceae,Convolvulus,NA,Convolvulus
Humulus/Cannabis sativa,Plantae,Tracheophyta,Magnoliopsida,Rosales,Cannabaceae,Humulus,NA,Humulus
Knautia-type,Plantae,Tracheophyta,Magnoliopsida,Dipsacales,Caprifoliaceae,Knautia,NA,Knautia
Muscari-type,Plantae,Tracheophyta,Liliopsida,Asparagales,Asparagaceae,Muscari,NA,Muscari
Paris-type,Plantae,Tracheophyta,Liliopsida,Liliales,Melanthiaceae,Paris,NA,Paris
cf. Trollius europaeus,Plantae,Tracheophyta,Magnoliopsida,Ranunculales,Ranunculaceae,Trollius,Trollius europaeus,Trollius
Hyacinthoides-type,Plantae,Tracheophyta,Liliopsida,Asparagales,Asparagaceae,Hyacinthoides,NA,Hyacinthoides
Gagea-type,Plantae,Tracheophyta,Liliopsida,Liliales,Liliaceae,Gagea,NA,Gagea
Maianthemum-type,Plantae,Tracheophyta,Liliopsida,Asparagales,Asparagaceae,Maianthemum,NA,Maianthemum
Urtica/Parietaria,Plantae,Tracheophyta,Magnoliopsida,Rosales,Urticaceae,Urtica/Parietaria,NA,Urtica/Parietaria
Vicia-type sensu stricto,Plantae,Tracheophyta,Magnoliopsida,Fabales,Fabaceae,Vicia,NA,Vicia
cf. Rhinanthus,Plantae,Tracheophyta,Magnoliopsida,Lamiales,Orobanchaceae,Rhinanthus,NA,Rhinanthus
Anchusa-type,Plantae,Tracheophyta,Magnoliopsida,Boraginales,Boraginaceae,Anchusa,NA,Anchusa
cf. Sambucus nigra,Plantae,Tracheophyta,Magnoliopsida,Dipsacales,Viburnaceae,Sambucus,Sambucus nigra,Sambucus
cf. Sambucus racemosa,Plantae,Tracheophyta,Magnoliopsida,Dipsacales,Viburnaceae,Sambucus,Sambucus racemosa,Sambucus
Sambucus-type,Plantae,Tracheophyta,Magnoliopsida,Dipsacales,Viburnaceae,Sambucus,NA,Sambucus
cf. Cirsium,Plantae,Tracheophyta,Magnoliopsida,Asterales,Asteraceae,Cirsium,NA,Cirsium
cf. Lotus,Plantae,Tracheophyta,Magnoliopsida,Fabales,Fabaceae,Lotus,NA,Lotus
cf. Papaver,Plantae,Tracheophyta,Magnoliopsida,Ranunculales,Papaveraceae,Papaver,NA,Papaver
cf. Stellaria,Plantae,Tracheophyta,Magnoliopsida,Caryophyllales,Caryophyllaceae,Stellaria,NA,Stellaria
Pinus-type,Plantae,Tracheophyta,Pinopsida,Pinales,Pinaceae,Pinus,NA,Pinus
Glaucium-type,Plantae,Tracheophyta,Magnoliopsida,Ranunculales,Papaveraceae,Glaucium,NA,Glaucium
Valeriana-type,Plantae,Tracheophyta,Magnoliopsida,Dipsacales,Caprifoliaceae,Valeriana,NA,Valeriana
cf. Fabaceae,Plantae,Tracheophyta,Magnoliopsida,Fabales,Fabaceae,Fabaceae,NA,Fabaceae
cf. Hippophae rhamnoides,Plantae,Tracheophyta,Magnoliopsida,Rosales,Elaeagnaceae,Hippophae,Hippophae rhamnoides,Hippophae
cf. Saxifraga oppositifolia-type,Plantae,Tracheophyta,Magnoliopsida,Saxifragales,Saxifragaceae,Saxifraga,Saxifraga oppositifolia,Saxifraga
Trollius-type,Plantae,Tracheophyta,Magnoliopsida,Ranunculales,Ranunculaceae,Trollius,NA,Trollius
cf. Frangula,Plantae,Tracheophyta,Magnoliopsida,Rosales,Rhamnaceae,Frangula,NA,Frangula
Armeria/Limonium,Plantae,Tracheophyta,Magnoliopsida,Caryophyllales,Plumbaginaceae,Armeria,NA,Armeria
Sarcopoterium-type,Plantae,Tracheophyta,Magnoliopsida,Rosales,Rosaceae,Sarcopoterium,NA,Sarcopoterium
Blackstonia-type,Plantae,Tracheophyta,Magnoliopsida,Gentianales,Gentianaceae,Blackstonia,NA,Blackstonia
cf. Carya,Plantae,Tracheophyta,Magnoliopsida,Fagales,Juglandaceae,Carya,NA,Carya
cf. Phillyrea,Plantae,Tracheophyta,Magnoliopsida,Lamiales,Oleaceae,Phillyrea,NA,Phillyrea
cf. Plantago,Plantae,Tracheophyta,Magnoliopsida,Lamiales,Plantaginaceae,Plantago,NA,Plantago
cf. Pterocarya fraxinifolia,Plantae,Tracheophyta,Magnoliopsida,Fagales,Juglandaceae,Pterocarya,Pterocarya fraxinifolia,Pterocarya
cf. Ranunculaceae,Plantae,Tracheophyta,Magnoliopsida,Ranunculales,Ranunculaceae,Ranunculaceae,NA,Ranunculaceae
Dipsacus/Cephalaria,Plantae,Tracheophyta,Magnoliopsida,Dipsacales,Caprifoliaceae,Dipsacus,NA,Dipsacus
Ligustrum-type,Plantae,Tracheophyta,Magnoliopsida,Lamiales,Oleaceae,Ligustrum,NA,Ligustrum
Ostrya/Carpinus betulus-type,Plantae,Tracheophyta,Magnoliopsida,Fagales,Betulaceae,Ostrya,NA,Ostrya
Salvia-type,Plantae,Tracheophyta,Magnoliopsida,Lamiales,Lamiaceae,Salvia,NA,Salvia
Urticaceae/Moraceae,Plantae,Tracheophyta,Magnoliopsida,Rosales,Urticaceae,Urticaceae,NA,Urticaceae
Cistus-type,Plantae,Tracheophyta,Magnoliopsida,Malvales,Cistaceae,Cistus,NA,Cistus
Melampyrum-type,Plantae,Tracheophyta,Magnoliopsida,Lamiales,Orobanchaceae,Melampyrum,NA,Melampyrum
Valerianella-type,Plantae,Tracheophyta,Magnoliopsida,Dipsacales,Caprifoliaceae,Valerianella,NA,Valerianella
Reseda-type,Plantae,Tracheophyta,Magnoliopsida,Brassicales,Resedaceae,Reseda,NA,Reseda
Sanicula-type,Plantae,Tracheophyta,Magnoliopsida,Apiales,Apiaceae,Sanicula,NA,Sanicula
cf. Galeopsis,Plantae,Tracheophyta,Magnoliopsida,Lamiales,Lamiaceae,Galeopsis,NA,Galeopsis
cf. Oxytropis,Plantae,Tracheophyta,Magnoliopsida,Fabales,Fabaceae,Oxytropis,NA,Oxytropis
Festuca-type,Plantae,Tracheophyta,Liliopsida,Poales,Poaceae,Festuca,NA,Festuca
cf. Rhamnus,Plantae,Tracheophyta,Magnoliopsida,Rosales,Rhamnaceae,Rhamnus,NA,Rhamnus
Helianthus-type,Plantae,Tracheophyta,Magnoliopsida,Asterales,Asteraceae,Helianthus,NA,Helianthus
Solidago-type/Saussurea-type,Plantae,Tracheophyta,Magnoliopsida,Asterales,Asteraceae,Solidago,NA,Solidago
cf. Maianthemum,Plantae,Tracheophyta,Liliopsida,Asparagales,Asparagaceae,Maianthemum,NA,Maianthemum
cf. Limosella aquatica,Plantae,Tracheophyta,Magnoliopsida,Lamiales,Scrophulariaceae,Limosella,Limosella aquatica,Limosella
cf. Helianthemum,Plantae,Tracheophyta,Magnoliopsida,Malvales,Cistaceae,Helianthemum,NA,Helianthemum
Carum-type,Plantae,Tracheophyta,Magnoliopsida,Apiales,Apiaceae,Carum,NA,Carum
Draba-type,Plantae,Tracheophyta,Magnoliopsida,Brassicales,Brassicaceae,Draba,NA,Draba
Foeniculum-type,Plantae,Tracheophyta,Magnoliopsida,Apiales,Apiaceae,Foeniculum,NA,Foeniculum
cf. Androsace,Plantae,Tracheophyta,Magnoliopsida,Ericales,Primulaceae,Androsace,NA,Androsace
Senecio/Aster,Plantae,Tracheophyta,Magnoliopsida,Asterales,Asteraceae,Senecio,NA,Senecio
Crepis-type,Plantae,Tracheophyta,Magnoliopsida,Asterales,Asteraceae,Crepis,NA,Crepis
Lactuca-type,Plantae,Tracheophyta,Magnoliopsida,Asterales,Asteraceae,Lactuca,NA,Lactuca
Myosotis-type,Plantae,Tracheophyta,Magnoliopsida,Boraginales,Boraginaceae,Myosotis,NA,Myosotis
Primula-type,Plantae,Tracheophyta,Magnoliopsida,Ericales,Primulaceae,Primula,NA,Primula
Agrostemma-type,Plantae,Tracheophyta,Magnoliopsida,Caryophyllales,Caryophyllaceae,Agrostemma,NA,Agrostemma
Ericoideae,Plantae,Tracheophyta,Magnoliopsida,Ericales,Ericaceae,Ericaceae,NA,Ericaceae
Odontites/Euphrasia,Plantae,Tracheophyta,Magnoliopsida,Lamiales,Orobanchaceae,Odontites,NA,Odontites
cf. Pterocarya,Plantae,Tracheophyta,Magnoliopsida,Fagales,Juglandaceae,Pterocarya,NA,Pterocarya
cf. Gentianaceae,Plantae,Tracheophyta,Magnoliopsida,Gentianales,Gentianaceae,Gentianaceae,NA,Gentianaceae
Mercurialis-type,Plantae,Tracheophyta,Magnoliopsida,Malpighiales,Euphorbiaceae,Mercurialis,NA,Mercurialis
Plantago-type,Plantae,Tracheophyta,Magnoliopsida,Lamiales,Plantaginaceae,Plantago,NA,Plantago
Corylus/Myrica undiff.,Plantae,Tracheophyta,Magnoliopsida,Fagales,Betulaceae,Corylus,NA,Corylus
Cerinthe-type,Plantae,Tracheophyta,Magnoliopsida,Boraginales,Boraginaceae,Cerinthe,NA,Cerinthe
Dipsacus-type,Plantae,Tracheophyta,Magnoliopsida,Dipsacales,Caprifoliaceae,Dipsacus,NA,Dipsacus
Geum/Potentilla,Plantae,Tracheophyta,Magnoliopsida,Rosales,Rosaceae,Geum,NA,Geum
Juncus/Luzula,Plantae,Tracheophyta,Liliopsida,Poales,Juncaceae,Juncus,NA,Juncus
Parietaria-type,Plantae,Tracheophyta,Magnoliopsida,Rosales,Urticaceae,Parietaria,NA,Parietaria
Phillyrea-type,Plantae,Tracheophyta,Magnoliopsida,Lamiales,Oleaceae,Phillyrea,NA,Phillyrea
Asparagus-type,Plantae,Tracheophyta,Liliopsida,Asparagales,Asparagaceae,Asparagus,NA,Asparagus
Daphne/Thymelaea,Plantae,Tracheophyta,Magnoliopsida,Malvales,Thymelaeaceae,Daphne/Thymelaea,NA,Daphne/Thymelaea
Scabiosa-type,Plantae,Tracheophyta,Magnoliopsida,Dipsacales,Caprifoliaceae,Scabiosa,NA,Scabiosa
cf. Juniperus,Plantae,Tracheophyta,Pinopsida,Pinales,Cupressaceae,Juniperus,NA,Juniperus
Olea/Phillyrea,Plantae,Tracheophyta,Magnoliopsida,Lamiales,Oleaceae,Olea/Phillyrea,NA,Olea/Phillyrea
Andromeda-type,Plantae,Tracheophyta,Magnoliopsida,Ericales,Ericaceae,Andromeda,NA,Andromeda
Betula/Corylus,Plantae,Tracheophyta,Magnoliopsida,Fagales,Betulaceae,Betula/Corylus,NA,Betula/Corylus
Erodium-type,Plantae,Tracheophyta,Magnoliopsida,Geraniales,Geraniaceae,Erodium,NA,Erodium
Melilotus-type,Plantae,Tracheophyta,Magnoliopsida,Fabales,Fabaceae,Melilotus,NA,Melilotus
Ulex/Cytisus sect. Spartopsis-type,Plantae,Tracheophyta,Magnoliopsida,Fabales,Fabaceae,Ulex,NA,Ulex
Aquilegia-type,Plantae,Tracheophyta,Magnoliopsida,Ranunculales,Ranunculaceae,Aquilegia,NA,Aquilegia
Echinophora-type,Plantae,Tracheophyta,Magnoliopsida,Apiales,Apiaceae,Echinophora,NA,Echinophora
Circaea-type,Plantae,Tracheophyta,Magnoliopsida,Myrtales,Onagraceae,Circaea,NA,Circaea
Lychnis-type,Plantae,Tracheophyta,Magnoliopsida,Caryophyllales,Caryophyllaceae,Silene,NA,Silene
Polygala-type,Plantae,Tracheophyta,Magnoliopsida,Fabales,Polygalaceae,Polygala,NA,Polygala
cf. Cuscuta,Plantae,Tracheophyta,Magnoliopsida,Solanales,Convolvulaceae,Cuscuta,NA,Cuscuta
Morus-type,Plantae,Tracheophyta,Magnoliopsida,Rosales,Moraceae,Morus,NA,Morus
cf. Glyceria,Plantae,Tracheophyta,Liliopsida,Poales,Poaceae,Glyceria,NA,Glyceria
Pyrola-type,Plantae,Tracheophyta,Magnoliopsida,Ericales,Ericaceae,Pyrola,NA,Pyrola
Cucumis-type,Plantae,Tracheophyta,Magnoliopsida,Cucurbitales,Cucurbitaceae,Cucumis,NA,Cucumis
Cuscuta-type,Plantae,Tracheophyta,Magnoliopsida,Solanales,Convolvulaceae,Cuscuta,NA,Cuscuta
Cornaceae-type,Plantae,Tracheophyta,Magnoliopsida,Cornales,Cornaceae,Cornaceae,NA,Cornaceae
Echinops-type,Plantae,Tracheophyta,Magnoliopsida,Asterales,Asteraceae,Echinops,NA,Echinops
Olea-type,Plantae,Tracheophyta,Magnoliopsida,Lamiales,Oleaceae,Olea,NA,Olea
Ostrya/Corylus-type,Plantae,Tracheophyta,Magnoliopsida,Fagales,Betulaceae,Ostrya,NA,Ostrya
Polygonum-type,Plantae,Tracheophyta,Magnoliopsida,Caryophyllales,Polygonaceae,Polygonum,NA,Polygonum
Salix-type,Plantae,Tracheophyta,Magnoliopsida,Malphigiales,Salicaceae,Salix,NA,Salix
Carya-type,Plantae,Tracheophyta,Magnoliopsida,Fagales,Juglandaceae,Carya,NA,Carya
Haplophyllum-type,Plantae,Tracheophyta,Magnoliopsida,Sapindales,Rutaceae,Haplophyllum,NA,Haplophyllum
Genista/Cytisus,Plantae,Tracheophyta,Magnoliopsida,Fabales,Fabaceae,Genista/Cytisus,NA,Genista/Cytisus
Medicago-type,Plantae,Tracheophyta,Magnoliopsida,Fabales,Fabaceae,Medicago,NA,Medicago
Cytisus/Genista-type,Plantae,Tracheophyta,Magnoliopsida,Fabales,Fabaceae,Cytisus,NA,Cytisus
Orlaya-type,Plantae,Tracheophyta,Magnoliopsida,Apiales,Apiaceae,Orlaya,NA,Orlaya
Acanthus-type,Plantae,Tracheophyta,Magnoliopsida,Lamiales,Acanthaceae,Acanthus,NA,Acanthus
Asphodelus/Asphodeline,Plantae,Tracheophyta,Liliopsida,Asparagales,Asphodelaceae,Asphodelus,NA,Asphodelus
Atropa-type,Plantae,Tracheophyta,Magnoliopsida,Solanales,Solanaceae,Atropa,NA,Atropa
Berberis-type,Plantae,Tracheophyta,Magnoliopsida,Ranunculales,Berberidaceae,Berberis,NA,Berberis
Crocus-type,Plantae,Tracheophyta,Liliopsida,Asparagales,Iridaceae,Crocus,NA,Crocus
Euphorbia-type,Plantae,Tracheophyta,Magnoliopsida,Malpighiales,Euphorbiaceae,Euphorbia,NA,Euphorbia
Hypecoum-type,Plantae,Tracheophyta,Magnoliopsida,Ranunculales,Papaveraceae,Hypecoum,NA,Hypecoum
Lavatera-type,Plantae,Tracheophyta,Magnoliopsida,Malvales,Malvaceae,Malva,NA,Malva
Ribes-type,Plantae,Tracheophyta,Magnoliopsida,Saxifragales,Grossulariaceae,Ribes,NA,Ribes
Salsola-type,Plantae,Tracheophyta,Magnoliopsida,Caryophyllales,Amaranthaceae,Salsola,NA,Salsola
Astragalus/Oxytropis,Plantae,Tracheophyta,Magnoliopsida,Fabales,Fabaceae,Astragalus,NA,Astragalus
cf. Avena sativa,Plantae,Tracheophyta,Liliopsida,Poales,Poaceae,Avena,Avena sativa,Avena
cf. Peucedanum-type,Plantae,Tracheophyta,Magnoliopsida,Apiales,Apiaceae,Peucedanum,Peucedanum,Peucedanum
cf. Sambucus,Plantae,Tracheophyta,Magnoliopsida,Dipsacales,Viburnaceae,Sambucus,NA,Sambucus
cf. Lamiaceae,Plantae,Tracheophyta,Magnoliopsida,Lamiales,Lamiaceae,Lamiaceae,NA,Lamiaceae
Juglans-type,Plantae,Tracheophyta,Magnoliopsida,Fagales,Juglandaceae,Juglans,NA,Juglans
Aesculus-type,Plantae,Tracheophyta,Magnoliopsida,Sapindales,Sapindaceae,Aesculus,NA,Aesculus
Pastinaca-type,Plantae,Tracheophyta,Magnoliopsida,Apiales,Apiaceae,Pastinaca,NA,Pastinaca
Carlina-type,Plantae,Tracheophyta,Magnoliopsida,Asterales,Asteraceae,Carlina,NA,Carlina
cf. Pterocarya/Juglans,Plantae,Tracheophyta,Magnoliopsida,Fagales,Juglandaceae,Pterocarya,NA,Pterocarya
Solenanthus-type,Plantae,Tracheophyta,Magnoliopsida,Boraginales,Boraginaceae,Solenanthus,NA,Solenanthus
cf. Cornus,Plantae,Tracheophyta,Magnoliopsida,Cornales,Cornaceae,Cornus,NA,Cornus
cf. Gentiana,Plantae,Tracheophyta,Magnoliopsida,Gentianales,Gentianaceae,Gentiana,NA,Gentiana
cf. Mentha,Plantae,Tracheophyta,Magnoliopsida,Lamiales,Lamiaceae,Mentha,NA,Mentha
cf. Oxyria,Plantae,Tracheophyta,Magnoliopsida,Caryophyllales,Polyganaceae,Oxyria,NA,Oxyria
cf. Rhus,Plantae,Tracheophyta,Magnoliopsida,Sapindales,Anacardiaceae,Rhus,NA,Rhus
Rhamnus/Paliurus,Plantae,Tracheophyta,Magnoliopsida,Rosales,Rhamnaceae,Rhamnus,NA,Rhamnus
Solanum-type,Plantae,Tracheophyta,Magnoliopsida,Solanales,Solanaceae,Solanum,NA,Solanum
Tragopogon-type,Plantae,Tracheophyta,Magnoliopsida,Asterales,Asteraceae,Tragopogon,NA,Tragopogon
Anthriscus-type,Plantae,Tracheophyta,Magnoliopsida,Apiales,Apiaceae,Anthriscus,NA,Anthriscus
Amygdaloideae,Plantae,Tracheophyta,Magnoliopsida,Rosales,Rosaceae,Rosaceae,NA,Rosaceae
Cirsium/Gundelia,Plantae,Tracheophyta,Magnoliopsida,Asterales,Asteraceae,Cirsium,NA,Cirsium
Noaea-type,Plantae,Tracheophyta,Magnoliopsida,Caryophyllales,Amaranthaceae,Noaea,NA,Noaea
Cassiope-type,Plantae,Tracheophyta,Magnoliopsida,Ericales,Ericaceae,Cassiope,NA,Cassiope
cf. Juglans,Plantae,Tracheophyta,Magnoliopsida,Fagales,Juglandaceae,Juglans,NA,Juglans
cf. Lysimachia,Plantae,Tracheophyta,Magnoliopsida,Ericales,Primulaceae,Lysimachia,NA,Lysimachia
cf. Ostrya/Carpinus,Plantae,Tracheophyta,Magnoliopsida,Fagales,Betulaceae,Ostrya,NA,Ostrya
Rhododendron subsect. Ledum-type,Plantae,Tracheophyta,Magnoliopsida,Ericales,Ericaceae,Rhododendron,NA,Rhododendron
Thalictrum/Coptis,Plantae,Tracheophyta,Magnoliopsida,Ranunculales,Ranunculaceae,Thalictrum,NA,Thalictrum
Ilex/Nemopanthus undiff.,Plantae,Tracheophyta,Magnoliopsida,Aquifoliales,Aquifoliaceae,Ilex,NA,Ilex
Mertensia-type,Plantae,Tracheophyta,Magnoliopsida,Boraginales,Boraginaceae,Mertensia,NA,Mertensia
Ceanothus-type,Plantae,Tracheophyta,Magnoliopsida,Rosales,Rhamnaceae,Ceanothus,NA,Ceanothus
Pseudotsuga-type,Plantae,Tracheophyta,Pinopsida,Pinales,Pinaceae,Pseudotsuga,NA,Pseudotsuga
Coptis-type,Plantae,Tracheophyta,Magnoliopsida,Ranunculales,Ranunculaceae,Coptis,NA,Coptis
Rubus-type undiff.,Plantae,Tracheophyta,Magnoliopsida,Rosales,Rosaceae,Rubus,NA,Rubus
Eriogonum-type,Plantae,Tracheophyta,Magnoliopsida,Caryophyllales,Polygonaceae,Eriogonum,NA,Eriogonum
Garrya-type,Plantae,Tracheophyta,Magnoliopsida,Garryales,Garryaceae,Garrya,NA,Garrya
Hydrophyllaceae-type,Plantae,Tracheophyta,Magnoliopsida,Boraginales,Hydrophyllaceae,Hydrophyllaceae,NA,Hydrophyllaceae
Thuja-type,Plantae,Tracheophyta,Pinopsida,Pinales,Cupressaceae,Thuja,NA,Thuja
Purshia-type,Plantae,Tracheophyta,Magnoliopsida,Rosales,Rosaceae,Purshia,NA,Purshia
Chenopodium-type,Plantae,Tracheophyta,Magnoliopsida,Caryophyllales,Amaranthaceae,Chenopodium,NA,Chenopodium
Celtis/Maclura,Plantae,Tracheophyta,Magnoliopsida,Rosales,Cannabaceae,Celtis,NA,Celtis
cf. Saxifragaceae,Plantae,Tracheophyta,Magnoliopsida,Saxifragales,Saxifragaceae,Saxifragaceae,NA,Saxifragaceae
Ambrosia/Iva,Plantae,Tracheophyta,Magnoliopsida,Asterales,Asteraceae,Ambrosia,Ambrosia,Ambrosia
Picea/Pinus undiff.,Plantae,Tracheophyta,Pinopsida,Pinales,Pinaceae,Picea,NA,Picea
Cupressaceae/Taxaceae undiff.,Plantae,Tracheophyta,Pinopsida,Pinales,Cupressaceae,Cupressaceae,NA,Cupressaceae
cf. Celtis,Plantae,Tracheophyta,Magnoliopsida,Rosales,Cannabaceae,Celtis,NA,Celtis
cf. Euphorbiaceae,Plantae,Tracheophyta,Magnoliopsida,Malpighiales,Euphorbiaceae,Euphorbiaceae,NA,Euphorbiaceae
cf. Phlox,Plantae,Tracheophyta,Magnoliopsida,Ericales,Polemoniaceae,Phlox,NA,Phlox
cf. Silene,Plantae,Tracheophyta,Magnoliopsida,Caryophyllales,Caryophyllaceae,Silene,NA,Silene
Cupressaceae/Taxaceae,Plantae,Tracheophyta,Pinopsida,Pinales,Cupressaceae,Cupressaceae,NA,Cupressaceae
Ambrosia/Iva annua,Plantae,Tracheophyta,Magnoliopsida,Asterales,Asteraceae,Ambrosia,Ambrosia,Ambrosia
Angiospermae undiff. (hardwood trees),Plantae,Tracheophyta,undiff,undiff,undiff,undiff,NA,undiff
Rhamnaceae/Vitaceae,Plantae,Tracheophyta,Magnoliopsida,Rosales,Rhamnaceae,Rhamnaceae,NA,Rhamnaceae
Myrica/Comptonia peregrina,Plantae,Tracheophyta,Magnoliopsida,Fagales,Myricaceae,Myrica,NA,Myrica
cf. Diapensia lapponica,Plantae,Tracheophyta,Magnoliopsida,Ericales,Diapensiaceae,Diapensia,Diapensia lapponica,Diapensia
Chrysolepis/Lithocarpus,Plantae,Tracheophyta,Magnoliopsida,Fagales,Fagaceae,Chrysolepsis,NA,Chrysolepsis
Juniperus/Calocedrus,Plantae,Tracheophyta,Pinopsida,Pinales,Cupressaceae,Juniperus,NA,Juniperus
cf. Aquilegia,Plantae,Tracheophyta,Magnoliopsida,Ranunculales,Ranunculaceae,Aquilegia,NA,Aquilegia
cf. Castanopsis,Plantae,Tracheophyta,Magnoliopsida,Fagales,Fagaceae,Castanopsis,NA,Castanopsis
cf. Collinsia,Plantae,Rhodophyta,Florideophyceae,Gigartinales,Gigartinaceae,Collinsia,NA,Collinsia
cf. Linanthus,Plantae,Tracheophyta,Magnoliopsida,Ericales,Polemoniaceae,Linanthus,NA,Linanthus
cf. Lupinus,Plantae,Tracheophyta,Magnoliopsida,Fabales,Fabaceae,Lupinus,NA,Lupinus
cf. Vitis,Plantae,Tracheophyta,Magnoliopsida,Vitales,Vitaceae,Vitis,NA,Vitis
Ilex-type,Plantae,Tracheophyta,Magnoliopsida,Aquifoliales,Aquifoliaceae,Ilex,NA,Ilex
cf. Cupressaceae,Plantae,Tracheophyta,Pinopsida,Pinales,Cupressaceae,Cupressaceae,NA,Cupressaceae
cf. Morus,Plantae,Tracheophyta,Magnoliopsida,Rosales,Moraceae,Morus,NA,Morus
Cercocarpus/Purshia,Plantae,Tracheophyta,Magnoliopsida,Rosales,Rosaceae,Cercocarpus,NA,Cercocarpus
Angiospermae undiff. (upland herbs),Plantae,Tracheophyta,undiff,undiff,undiff,undiff,NA,undiff
cf. Bistorta bistortoides,Plantae,Tracheophyta,Magnoliopsida,Caryophyllales,Polygonaceae,Bistorta,Bistorta bistortoides,Bistorta
cf. Ceanothus,Plantae,Tracheophyta,Magnoliopsida,Rosales,Rhamnaceae,Ceanothus,NA,Ceanothus
Holodiscus-type,Plantae,Tracheophyta,Magnoliopsida,Rosales,Rosaceae,Holodiscus,NA,Holodiscus
Fragaria-type,Plantae,Tracheophyta,Magnoliopsida,Rosales,Rosaceae,Fragaria,NA,Fragaria
cf. Myrica,Plantae,Tracheophyta,Magnoliopsida,Fagales,Myricaceae,Myrica,NA,Myrica
Tidestromia-type,Plantae,Tracheophyta,Magnoliopsida,Caryophyllales,Amaranthaceae,Tidestromia,NA,Tidestromia
Chrysolepis-type,Plantae,Tracheophyta,Magnoliopsida,Fagales,Fagaceae,Chrysolepsis,NA,Chrysolepsis
Diospyros-type,Plantae,Tracheophyta,Magnoliopsida,Ericales,Ebenaceae,Diospyros,NA,Diospyros
Arecaceae-type undiff.,Plantae,Tracheophyta,Liliopsida,Arecales,Arecaceae,Arecaceae,NA,Arecaceae
Eugenia-type,Plantae,Tracheophyta,Magnoliopsida,Myrtales,Myricaceae,Eugenia,NA,Eugenia
Rhus/Toxicodendron,Plantae,Tracheophyta,Magnoliopsida,Sapindales,Anacardiaceae,Rhus,NA,Rhus
Sisyrinchium-type,Plantae,Tracheophyta,Liliopsida,Asparagales,Iridaceae,Sisyrinchium,NA,Sisyrinchium
Rhododendron subsect. Ledum/Chamaedaphne calyculata,Plantae,Tracheophyta,Magnoliopsida,Ericales,Ericaceae,Rhododendron,NA,Rhododendron
Pinus/Picea,Plantae,Tracheophyta,Pinopsida,Pinales,Pinaceae,Pinus/Picea,NA,Pinus/Picea
Myrica/Comptonia,Plantae,Tracheophyta,Magnoliopsida,Fagales,Myricaceae,Myrica,NA,Myrica
cf. Parnassia,Plantae,Tracheophyta,Magnoliopsida,Celastrales,Parnassiaceae,Parnassia,NA,Parnassia
Pediomelum-type,Plantae,Tracheophyta,Magnoliopsida,Fabales,Fabaceae,Pediomelum,NA,Pediomelum
Symphoricarpos-type,Plantae,Tracheophyta,Magnoliopsida,Dipsacales,Caprifoliaceae,Symphoricarpos,NA,Symphoricarpos
Chamaesyce-type,Plantae,Tracheophyta,Magnoliopsida,Malpighiales,Euphorbiaceae,Chamaesyce,NA,Chamaesyce
Rhamnus/Vitis,Plantae,Tracheophyta,Magnoliopsida,Rosales,Rhamnaceae,Rhamnus,NA,Rhamnus
Betulaceae/Myricaceae undiff.,Plantae,Tracheophyta,Magnoliopsida,Fagales,Betulaceae,Betulaceae,NA,Betulaceae
cf. Primula,Plantae,Tracheophyta,Magnoliopsida,Ericales,Primulaceae,Primula,NA,Primula
Picea sect. Eupicea,Plantae,Tracheophyta,Pinopsida,Pinales,Pinaceae,Picea,NA,Picea
Betula/Myrica,Plantae,Tracheophyta,Magnoliopsida,Fagales,Betulaceae/Myricaceae,Betula/Myrica,NA,Betula/Myrica
cf. Rubus arcticus,Plantae,Tracheophyta,Magnoliopsida,Rosales,Rosaceae,Rubus,Rubus arcticus,Rubus
Celtis/Maclura-type,Plantae,Tracheophyta,Magnoliopsida,Rosales,Cannabaceae,Celtis,NA,Celtis
Hippocastanoideae,Plantae,Tracheophyta,Magnoliopsida,Sapindales,Sapindaceae,Sapindaceae,NA,Sapindaceae
Rumex/Oxyria digyna undiff.,Plantae,Tracheophyta,Magnoliopsida,Caryophyllales,Polygonaceae,Rumex,NA,Rumex
Actaea-type,Plantae,Tracheophyta,Magnoliopsida,Ranunculales,Ranunculaceae,Actaea,NA,Actaea
cf. Araceae,Plantae,Tracheophyta,Liliopsida,Alismatales,Araceae,Araceae,NA,Araceae
cf. Cephalanthus,Plantae,Tracheophyta,Magnoliopsida,Gentianales,Rubiaceae,Cephalanthus,NA,Cephalanthus
Cupressaceae-type,Plantae,Tracheophyta,Pinopsida,Pinales,Cupressaceae,Cupressaceae,NA,Cupressaceae
Kochia-type,Plantae,Tracheophyta,Magnoliopsida,Caryophyllales,Amaranthaceae,Kochia,NA,Kochia
Momipites/Caryapollenites,Plantae,Tracheophyta,Magnoliopsida,Fagales,Juglandaceae,Momipites,NA,Momipites
cf. Amelanchier,Plantae,Tracheophyta,Magnoliopsida,Rosales,Rosaceae,Amelanchier,NA,Amelanchier
Rumex-type undiff.,Plantae,Tracheophyta,Magnoliopsida,Caryophyllales,Polygonaceae,Rumex,NA,Rumex
cf. Populus,Plantae,Tracheophyta,Magnoliopsida,Malpighiales,Salicaceae,Populus,NA,Populus
Acer-type,Plantae,Tracheophyta,Magnoliopsida,Sapindales,Sapindaceae,Acer,NA,Acer
Quercus-type,Plantae,Tracheophyta,Magnoliopsida,Fagales,Fagaceae,Quercus,NA,Quercus
Saxifragaceae-type,Plantae,Tracheophyta,Magnoliopsida,Saxifragales,Saxifragaceae,Saxifragaceae,NA,Saxifragaceae
cf. Rumex,Plantae,Tracheophyta,Magnoliopsida,Caryophyllales,Polygonaceae,Rumex,NA,Rumex
cf. Sarcobatus vermiculatus,Plantae,Tracheophyta,Magnoliopsida,Caryophyllales,Sarcobataceae,Sarcobatus,Sarcobatus vermiculatus,Sarcobatus
cf. Liliaceae,Plantae,Tracheophyta,Liliopsida,Liliales,Liliaceae,Liliaceae,NA,Liliaceae
cf. Gilia,Plantae,Tracheophyta,Magnoliopsida,Ericales,Polemoniaceae,Gilia,NA,Gilia
cf. Portulaca,Plantae,Tracheophyta,Magnoliopsida,Caryophyllales,Portulacaceae,Portulaca,NA,Portulaca
Cichorium-type,Plantae,Tracheophyta,Magnoliopsida,Asterales,Asteraceae,Cichorium,NA,Cichorium
Rosaceae/Quercus undiff.,Plantae,Tracheophyta,Magnoliopsida,Rosales,Rosaceae/Fagaceae,Rosaceae/Fagaceae,NA,Rosaceae/Fagaceae
Brassicaceae-type undiff.,Plantae,Tracheophyta,Magnoliopsida,Brassicales,Brassicaceae,Brassicaceae,NA,Brassicaceae
cf. Limonium,Plantae,Tracheophyta,Magnoliopsida,Caryophyllales,Plumbaginaceae,Limonium,NA,Limonium
cf. Castilleja,Plantae,Tracheophyta,Magnoliopsida,Lamiales,Orobanchaceae,Castilleja,NA,Castilleja
Heuchera-type,Plantae,Tracheophyta,Magnoliopsida,Saxifragales,Saxifragaceae,Heuchera,NA,Heuchera
Prunus-type undiff.,Plantae,Tracheophyta,Magnoliopsida,Rosales,Rosaceae,Prunus,NA,Prunus
Sphaeralcea-type,Plantae,Tracheophyta,Magnoliopsida,Malvales,Malvaceae,Sphaeralcea,NA,Sphaeralcea
cf. Fraxinus,Plantae,Tracheophyta,Magnoliopsida,Lamiales,Oleaceae,Fraxinus,NA,Fraxinus
cf. Phacelia,Plantae,Tracheophyta,Magnoliopsida,Boraginales,Hydrophyllaceae,Phacelia,NA,Phacelia
Oxytropis-type,Plantae,Tracheophyta,Magnoliopsida,Fabales,Fabaceae,Oxytropis,NA,Oxytropis
Berlandiera-type,Plantae,Tracheophyta,Magnoliopsida,Asterales,Asteraceae,Berlandiera,NA,Berlandiera
cf. Bocconia,Plantae,Tracheophyta,Magnoliopsida,Ranunculales,Papaveraceae,Bocconia,NA,Bocconia
cf. Viola,Plantae,Tracheophyta,Magnoliopsida,Malpighiales,Violaceae,Viola,NA,Viola
Meliaceae/Sapotaceae undiff.,Plantae,Tracheophyta,Magnoliopsida,Sapindales,Meliaceae,Meliaceae,NA,Meliaceae
cf. Eriogonum,Plantae,Tracheophyta,Magnoliopsida,Caryophyllales,Polygonaceae,Eriogonum,NA,Eriogonum
cf. Phacelia hastata,Plantae,Tracheophyta,Magnoliopsida,Boraginales,Hydrophyllaceae,Phacelia,Phacelia hastata,Phacelia
Rhus/Toxicodendron cf. T. radicans,Plantae,Tracheophyta,Magnoliopsida,Sapindales,Anacardiaceae,Rhus,NA,Rhus
cf. Descurainia,Plantae,Tracheophyta,Magnoliopsida,Brassicales,Brassicaceae,Descurainia,NA,Descurainia
Plantago/Thalictrum,Plantae,Tracheophyta,Magnoliopsida,Lamiales,Plantaginaceae,Plantago,NA,Plantago
cf. Ceanothus velutinus,Plantae,Tracheophyta,Magnoliopsida,Rosales,Rhamnaceae,Ceanothus,Ceanothus velutinus,Ceanothus
cf. Scrophulariaceae,Plantae,Tracheophyta,Magnoliopsida,Lamiales,Scrophulariaceae,Scrophulariaceae,NA,Scrophulariaceae
Combretaceae/Melastomataceae,Plantae,Tracheophyta,Magnoliopsida,Myrtales,Combretaceae,Combretaceae,NA,Combretaceae
Phlox-type,Plantae,Tracheophyta,Magnoliopsida,Ericales,Polemoniaceae,Phlox,NA,Phlox
Dracocephalum-type,Plantae,Tracheophyta,Magnoliopsida,Lamiales,Lamiaceae,Dracocephalum,NA,Dracocephalum
Araceae-type,Plantae,Tracheophyta,Liliopsida,Alismatales,Araceae,Araceae,NA,Araceae
Iva-type,Plantae,Tracheophyta,Magnoliopsida,Asterales,Asteraceae,Iva,NA,Iva
Parthenocissus-type,Plantae,Tracheophyta,Magnoliopsida,Vitales,Vitaceae,Parthenocissus,NA,Parthenocissus
cf. Verbascum,Plantae,Tracheophyta,Magnoliopsida,Lamiales,Scrophulariaceae,Verbascum,NA,Verbascum
Rhododendron subsect. Ledum/Chamaedaphne,Plantae,Tracheophyta,Magnoliopsida,Ericales,Ericaceae,Rhododendron,NA,Rhododendron
Taxodium-type,Plantae,Tracheophyta,Pinopsida,Pinales,Cupressaceae,Taxodium,NA,Taxodium
Taxus-type,Plantae,Tracheophyta,Pinopsida,Pinales,Taxaceae,Taxus,NA,Taxus
cf. Parthenocissus,Plantae,Tracheophyta,Magnoliopsida,Vitales,Vitaceae,Parthenocissus,NA,Parthenocissus
Clethra-type,Plantae,Tracheophyta,Magnoliopsida,Ericales,Clethraceae,Clethra,NA,Clethra
Acacia-type,Plantae,Tracheophyta,Magnoliopsida,Fabales,Fabaceae,Acacia,NA,Acacia
Claytonia-type,Plantae,Tracheophyta,Magnoliopsida,Caryophyllales,Montiacea,Claytonia,NA,Claytonia
Agoseris-type,Plantae,Tracheophyta,Magnoliopsida,Asterales,Asteraceae,Agoseris,NA,Agoseris
Ostrya/Carpinus-type,Plantae,Tracheophyta,Magnoliopsida,Fagales,Betulaceae,Ostrya,NA,Ostrya
cf. Shepherdia,Plantae,Tracheophyta,Magnoliopsida,Rosales,Elaeagnaceae,Shepherdia,NA,Shepherdia
cf. Sanguisorba,Plantae,Tracheophyta,Magnoliopsida,Rosales,Rosaceae,Sanguisorba,NA,Sanguisorba
cf. Verbena,Plantae,Tracheophyta,Magnoliopsida,Lamiales,Verbenaceae,Verbena,NA,Verbena
Fagus/Nyssa,Plantae,Tracheophyta,Magnoliopsida,Fagales,Fagaceae,Fagus,NA,Fagus
Gilia-type,Plantae,Tracheophyta,Magnoliopsida,Ericales,Polemoniaceae,Gilia,NA,Gilia
Camassia-type,Plantae,Tracheophyta,Liliopsida,Asparagales,Asparagaceae,Camassia,NA,Camassia
Lithocarpus-type,Plantae,Tracheophyta,Magnoliopsida,Fagales,Fagaceae,Lithocarpus,NA,Lithocarpus
cf. Campanula,Plantae,Tracheophyta,Magnoliopsida,Asterales,Campanulaceae,Campanula,NA,Campanula
cf. Mirabilis,Plantae,Tracheophyta,Magnoliopsida,Caryophyllales,Nyctaginaceae,Mirabilis,NA,Mirabilis
Astragalus/Lupinus,Plantae,Tracheophyta,Magnoliopsida,Fabales,Fabaceae,Astragalus/Lupinus,NA,Astragalus/Lupinus
Ranunculus-type undiff.,Plantae,Tracheophyta,Magnoliopsida,Ranunculales,Ranunculaceae,Ranunculus,NA,Ranunculus
Celtis/Aphananthe,Plantae,Tracheophyta,Magnoliopsida,Rosales,Cannabaceae,Celtis,NA,Celtis
Juglans/Pterocarya,Plantae,Tracheophyta,Magnoliopsida,Fagales,Juglandaceae,Juglans,NA,Juglans
Castanea/Castanopsis,Plantae,Tracheophyta,Magnoliopsida,Fagales,Fagaceae,Castanea,NA,Castanea
Betula sect. Apterocaryon-type,Plantae,Tracheophyta,Magnoliopsida,Fagales,Betulaceae,Betula,NA,Betula
Betula sect. Betula-type,Plantae,Tracheophyta,Magnoliopsida,Fagales,Betulaceae,Betula,NA,Betula
Rumex/Oxyria-type,Plantae,Tracheophyta,Magnoliopsida,Caryophyllales,Polygonaceae,Rumex,NA,Rumex
Illecebrum-type,Plantae,Tracheophyta,Magnoliopsida,Caryophyllales,Caryophyllaceae,Illecebrum,NA,Illecebrum
Rumex subg. Acetosa/Oxyria,Plantae,Tracheophyta,Magnoliopsida,Caryophyllales,Polygonaceae,Rumex,NA,Rumex
Aphanamixis-type,Plantae,Tracheophyta,Magnoliopsida,Sapindales,Meliaceae,Aphanamixis,NA,Aphanamixis
Eurya-type,Plantae,Tracheophyta,Magnoliopsida,Ericales,Pentaphylacaceae,Eurya,NA,Eurya
Hippocastanoideae undiff.,Plantae,Tracheophyta,Magnoliopsida,Sapindales,Sapindaceae,Sapindaceae,NA,Sapindaceae
Lobelioideae,Plantae,Tracheophyta,Magnoliopsida,Asterales,Campanulaceae,Campanulaceae,NA,Campanulaceae
Schima-type,Plantae,Tracheophyta,Magnoliopsida,Ericales,Theaceae,Schima,NA,Schima
Anchusa/Pulmonaria,Plantae,Tracheophyta,Magnoliopsida,Boraginales,Boraginaceae,Anchusa,NA,Anchusa
Anisosciadium-type,Plantae,Tracheophyta,Magnoliopsida,Apiales,Apiaceae,Anisosciadium,NA,Anisosciadium
Arctium/Jurinea,Plantae,Tracheophyta,Magnoliopsida,Asterales,Asteraceae,Arctium,NA,Arctium
Asperula-type,Plantae,Tracheophyta,Magnoliopsida,Gentianales,Rubiaceae,Asperula,NA,Asperula
Atractylis-type,Plantee,Tracheophyta,Magnoliopsida,Asterales,Asteraceae,Atractylis,NA,Atractylis
Atriplex-type,Plantae,Tracheophyta,Magnoliopsida,Caryophyllales,Amaranthaceae,Atriplex,NA,Atriplex
Beta-type,Plantae,Tracheophyta,Magnoliopsida,Caryophyllales,Amaranthaceae,Beta,NA,Beta
Bunium-type,Plantae,Tracheophyta,Magnoliopsida,Apiales,Apiaceae,Bunium,NA,Bunium
Ceratocephala-type,Plantae,Tracheophyta,Magnoliopsida,Ranunculales,Ranunculaceae,Ceratocephala,NA,Ceratocephala
cf. Abies,Plantae,Tracheophyta,Pinopsida,Pinales,Pinaceae,Abies,NA,Abies
cf. Acantholimon,Plantae,Tracheophyta,Magnoliopsida,Caryophyllales,Plumbaginaceae,Acantholimon,NA,Acantholimon
cf. Aconitum,Plantae,Tracheophyta,Magnoliopsida,Ranunculales,Ranunculaceae,Aconitum,NA,Aconitum
cf. Adonis,Plantae,Tracheophyta,Magnoliopsida,Ranunculales,Ranunculaceae,Adonis,NA,Adonis
cf. Astragalus-type,Plantae,Tracheophyta,Magnoliopsida,Fabales,Fabaceae,Astragalus,NA,Astragalus
cf. Caucalis,Plantae,Tracheophyta,Magnoliopsida,Apiales,Apiaceae,Caucalis,NA,Caucalis
cf. Loranthaceae,Plantae,Tracheophyta,Magnoliopsida,Santalales,Loranthaceae,Loranthaceae,NA,Loranthaceae
cf. Papaveraceae,Plantae,Tracheophyta,Magnoliopsida,Ranunculales,Papaveraceae,Papaveraceae,NA,Papaveraceae
cf. Thymelaeaceae,Plantae,Tracheophyta,Magnoliopsida,Malvales,Thymelaeaceae,Thymelaeaceae,NA,Thymelaeaceae
Ferula-type,Plantae,Tracheophyta,Magnoliopsida,Apiales,Apiaceae,Ferula,NA,Ferula
Halothamnus-type,Plantae,Tracheophyta,Magnoliopsida,Caryophyllales,Amaranthaceae,Halothamnus,NA,Halothamnus
Hammada-type,Plantae,Tracheophyta,Magnoliopsida,Caryophyllales,Amaranthaceae,Hammada,NA,Hammada
Hedysarum/Ebenus,Plantae,Tracheophyta,Magnoliopsida,Fabales,Fabaceae,Hedysarum,NA,Hedysarum
Inula-type,Plantae,Tracheophyta,Magnoliopsida,Asterales,Asteraceae,Inula,NA,Inula
Legousia-type,Plantae,Tracheophyta,Magnoliopsida,Asterales,Campanulaceae,Legousia,NA,Legousia
Onopordum-type,Plantae,Tracheophyta,Magnoliopsida,Asterales,Asteraceae,Onopordum,NA,Onopordum
Turgenia-type,Plantae,Tracheophyta,Magnoliopsida,Apiales,Apiaceae,Turgenia,NA,Turgenia
cf. Rhamnaceae,Plantae,Tracheophyta,Magnoliopsida,Rosales,Rhamnaceae,Rhamnaceae,NA,Rhamnaceae
Paronychia/Herniaria-type,Plantae,Tracheophyta,Magnoliopsida,Caryophyllales,Caryophyllaceae,Paronychia,NA,Paronychia
Linum-type,Plantae,Tracheophyta,Magnoliopsida,Malpighiales,Linaceae,Linum,NA,Linum
Lythrum-type,Plantae,Tracheophyta,Magnoliopsida,Myrtales,Lythraceae,Lythrum,NA,Lythrum
Styrax-type,Plantae,Tracheophyta,Magnoliopsida,Ericales,Styracaceae,Styrax,NA,Styrax
Bistorta-type,Plantae,Tracheophyta,Magnoliopsida,Caryophyllales,Polygonaceae,Bistorta,NA,Bistorta
cf. Genista,Plantae,Tracheophyta,Magnoliopsida,Fabales,Fabaceae,Genista,NA,Genista
Betula/Carpinus,Plantae,Tracheophyta,Magnoliopsida,Fagales,Betulaceae,Betula/Carpinus,NA,Betula/Carpinus
Asteroideae undiff.,Plantae,Tracheophyta,Mangnoliopsida,Asterales,Asteraceae,Asteraceae,NA,Asteraceae
Asteroideae,Plantae,Tracheophyta,Magnoliopsida,Asterales,Asteraceae,Asteraceae,NA,Asteraceae
Poaceae (Cerealia),Plantae,Tracheophyta,Liliopsida,Poales,Gramineae,Gramineae,NA,Gramineae
Poaceae (Cerealia) undiff.,Plantae,Tracheophyta,Liliopsida,Poales,Gramineae,Gramineae,NA,Gramineae
Hystrix,Plantae,Tracheophyta,Magnoliopsida,Poales,Poaceae,Elymus,NA,Elymus
Anthemideae,Plantae,Tracheophyta,Mangnoliopsida,Asterales,Asteraceae,Asteraceae,NA,Asteraceae
Asteroideae pro parte,Plantae,Tracheophyta,Mangnoliopsida,Asterales,Asteraceae,Asteraceae,NA,Asteraceae
Coniferae undiff.,Plantae,Tracheophyta,Pinopsida,Pinales,Pinales,Pinales,NA,Pinales
Asteroideae (coarse spine),Plantae,Tracheophyta,Mangnoliopsida,Asterales,Asteraceae,Asteraceae,NA,Asteraceae
Asteroideae (large),Plantae,Tracheophyta,Mangnoliopsida,Asterales,Asteraceae,Asteraceae,NA,Asteraceae
Pinus subsect. Cembroides,Plantae,Tracheophyta,Pinopsida,Pinales,Pinaceae,Pinus,NA,Pinus
Asteroideae (high spine),Plantae,Tracheophyta,Mangnoliopsida,Asterales,Asteraceae,Asteraceae,NA,Asteraceae
Coniferae,Plantae,Tracheophyta,Pinopsida,Pinales,Pinales,Pinales,NA,Pinales
Picea sect. Omorika,Plantae,Tracheophyta,Pinopsida,Pinales,Pinaceae,Picea,NA,Picea
Betula sect. Costatae,Plantae,Tracheophyta,Magnoliopsida,Fagales,Betulaceae,Betula,NA,Betula
Equisetum,NA,NA,NA,NA,NA,NA,NA,Equisetum
Equisetaceae,NA,NA,NA,NA,NA,NA,NA,Equisetum
Anthoceros/Phaeoceros,NA,NA,NA,NA,NA,NA,NA,Anthoceros/Phaeoceros
Anthoceros,NA,NA,NA,NA,NA,NA,NA,Anthoceros/Phaeoceros
Anthocerothales,NA,NA,NA,NA,NA,NA,NA,Anthoceros/Phaeoceros
Anthocerotaceae,NA,NA,NA,NA,NA,NA,NA,Anthoceros/Phaeoceros
Anthocerotales (type 1),NA,NA,NA,NA,NA,NA,NA,Anthoceros/Phaeoceros
Anthocerotales (type 2),NA,NA,NA,NA,NA,NA,NA,Anthoceros/Phaeoceros
Anthocerotales (type 3),NA,NA,NA,NA,NA,NA,NA,Anthoceros/Phaeoceros
Anthoceros crispulus,NA,NA,NA,NA,NA,NA,NA,Anthoceros crispulus
Anthoceros punctatus,NA,NA,NA,NA,NA,NA,NA,Anthoceros punctatus-type
Anthoceros punctatus-type,NA,NA,NA,NA,NA,NA,NA,Anthoceros punctatus-type
Anthoceros laevis-type,NA,NA,NA,NA,NA,NA,NA,Phaeoceros laevis-type
Anthoceros laevis,NA,NA,NA,NA,NA,NA,NA,Phaeoceros laevis-type
Phaeoceros laevis,NA,NA,NA,NA,NA,NA,NA,Phaeoceros laevis-type
Phaeoceros,NA,NA,NA,NA,NA,NA,NA,Phaeoceros laevis-type
Phaeoceros laevis-type,NA,NA,NA,NA,NA,NA,NA,Phaeoceros laevis-type
Anogramma leptophylla,NA,NA,NA,NA,NA,NA,NA,Anogramma leptophylla
Anogramma,NA,NA,NA,NA,NA,NA,NA,Anogramma leptophylla
Cheilanthes,NA,NA,NA,NA,NA,NA,NA,Cheilanthes
Cheilanthes-type,NA,NA,NA,NA,NA,NA,NA,Cheilanthes
Cosentinia,NA,NA,NA,NA,NA,NA,NA,Cheilanthes
Cryptogramma crispa,NA,NA,NA,NA,NA,NA,NA,Cryptogramma crispa
Cryptogramma,NA,NA,NA,NA,NA,NA,NA,Cryptogramma crispa
Hymenophyllum,NA,NA,NA,NA,NA,NA,NA,Hymenophyllum
Hymenophyllum wilsonii,NA,NA,NA,NA,NA,NA,NA,Hymenophyllum wilsonii
Hymenophyllum tunbrigense,NA,NA,NA,NA,NA,NA,NA,Hymenophyllum tunbrigense
Hymenophyllum flabellatum,NA,NA,NA,NA,NA,NA,NA,Hymenophyllum flabellatum
Huperzia selago,NA,NA,NA,NA,NA,NA,NA,Huperzia selago
Huperzia selago subsp. arctica,NA,NA,NA,NA,NA,NA,NA,Huperzia selago
Huperzia arctica,NA,NA,NA,NA,NA,NA,NA,Huperzia selago
Lycopodium selago,NA,NA,NA,NA,NA,NA,NA,Huperzia selago
Huperzia,NA,NA,NA,NA,NA,NA,NA,Huperzia selago
Huperzia selago-type,NA,NA,NA,NA,NA,NA,NA,Huperzia selago
Lycopodium appressum,NA,NA,NA,NA,NA,NA,NA,Huperzia selago
Huperzia selago subsp. arctica-type,NA,NA,NA,NA,NA,NA,NA,Huperzia selago
Huperzia selago subsp. selago,NA,NA,NA,NA,NA,NA,NA,Huperzia selago
Huperzia undifferentiated,NA,NA,NA,NA,NA,NA,NA,Huperzia selago
Huperzia petrovii,NA,NA,NA,NA,NA,NA,NA,Huperzia selago
Huperzia serrata,NA,NA,NA,NA,NA,NA,NA,Huperzia serrata
Lycopodiaceae,NA,NA,NA,NA,NA,NA,NA,Lycopodiaceae
Lycopodiaceae undifferentiated,NA,NA,NA,NA,NA,NA,NA,Lycopodiaceae
Lycopodium-type,NA,NA,NA,NA,NA,NA,NA,Lycopodiaceae
Lycopodium cf. L. selago,NA,NA,NA,NA,NA,NA,NA,Lycopodiaceae
Lycopodiaceae sp.,NA,NA,NA,NA,NA,NA,NA,Lycopodiaceae
Lycopodium,NA,NA,NA,NA,NA,NA,NA,Lycopodium
Lycopodium cf. L. clavatum (tetrad),NA,NA,NA,NA,NA,NA,NA,Lycopodium
Lycopodium undifferentiated,NA,NA,NA,NA,NA,NA,NA,Lycopodium
Lycopodium cf. L. annotinum,NA,NA,NA,NA,NA,NA,NA,Lycopodium
Lycopodium annotinum/Diphasium complanatum,NA,NA,NA,NA,NA,NA,NA,Lycopodium
Lycopodium cf. L. complanatum,NA,NA,NA,NA,NA,NA,NA,Lycopodium
Lycopodium indeterminata,NA,NA,NA,NA,NA,NA,NA,Lycopodium
Lycopodium sp.,NA,NA,NA,NA,NA,NA,NA,Lycopodium
Lycopodium cf. L. clavatum,NA,NA,NA,NA,NA,NA,NA,Lycopodium
Lycopodium cf. L. alpinum,NA,NA,NA,NA,NA,NA,NA,Lycopodium
Lycopodium clavatum,NA,NA,NA,NA,NA,NA,NA,Lycopodium clavatum
Diphasium alpinum,NA,NA,NA,NA,NA,NA,NA,Lycopodium clavatum-type
Diphasium cf. D. alpinum,NA,NA,NA,NA,NA,NA,NA,Lycopodium clavatum-type
Diphasium complanatum-type,NA,NA,NA,NA,NA,NA,NA,Lycopodium clavatum-type
Diphasium alpinum-type,NA,NA,NA,NA,NA,NA,NA,Lycopodium clavatum-type
Lycopodium clavatum-type,NA,NA,NA,NA,NA,NA,NA,Lycopodium clavatum-type
Diphasium complanatum,NA,NA,NA,NA,NA,NA,NA,Lycopodium clavatum-type
Diphasium alpinum/D. complanatum,NA,NA,NA,NA,NA,NA,NA,Lycopodium clavatum-type
Diphasium,NA,NA,NA,NA,NA,NA,NA,Lycopodium clavatum-type
Diphasium-type,NA,NA,NA,NA,NA,NA,NA,Lycopodium clavatum-type
Diphasium tristachyum,NA,NA,NA,NA,NA,NA,NA,Lycopodium clavatum-type
Diphasium complanatum/D. tristachyum,NA,NA,NA,NA,NA,NA,NA,Lycopodium clavatum-type
Diphasiastrum tristachyum,NA,NA,NA,NA,NA,NA,NA,Lycopodium clavatum-type
Lycopodium clavatum/Diphasium,NA,NA,NA,NA,NA,NA,NA,Lycopodium clavatum-type
Diphasiastrum alpinum,NA,NA,NA,NA,NA,NA,NA,Lycopodium clavatum-type
Diphasiastrum,NA,NA,NA,NA,NA,NA,NA,Lycopodium clavatum-type
Lycopodium alpinum-type,NA,NA,NA,NA,NA,NA,NA,Lycopodium clavatum-type
Lycopodium alpinum,NA,NA,NA,NA,NA,NA,NA,Lycopodium clavatum-type
Lycopodium alpinum/complanatum,NA,NA,NA,NA,NA,NA,NA,Lycopodium clavatum-type
Lycopodium complanatum,NA,NA,NA,NA,NA,NA,NA,Lycopodium clavatum-type
Diphasiastrum complanatum-type,NA,NA,NA,NA,NA,NA,NA,Lycopodium clavatum-type
Diphasiastrum complanatum,NA,NA,NA,NA,NA,NA,NA,Lycopodium clavatum-type
Diphasiastrum-type,NA,NA,NA,NA,NA,NA,NA,Lycopodium clavatum-type
Diphasiastrum alpinum-type,NA,NA,NA,NA,NA,NA,NA,Lycopodium clavatum-type
Lycopodium complanatum-type,NA,NA,NA,NA,NA,NA,NA,Lycopodium clavatum-type
Diphasiastrum undifferentiated,NA,NA,NA,NA,NA,NA,NA,Lycopodium clavatum-type
Lycopodium annotinum,NA,NA,NA,NA,NA,NA,NA,Lycopodium annotinum-type
Lycopodium annotinum-type,NA,NA,NA,NA,NA,NA,NA,Lycopodium annotinum-type
Lycopodium dubium,NA,NA,NA,NA,NA,NA,NA,Lycopodium annotinum-type
Lycopodium pungens,NA,NA,NA,NA,NA,NA,NA,Lycopodium annotinum-type
Lycopodium annotinum subsp. alpestre,NA,NA,NA,NA,NA,NA,NA,Lycopodium annotinum-type
Lycopodium annotinum subsp. annotinum,NA,NA,NA,NA,NA,NA,NA,Lycopodium annotinum-type
Lepidotis inundata,NA,NA,NA,NA,NA,NA,NA,Lycopodiella inundata
Lycopodiella inundata,NA,NA,NA,NA,NA,NA,NA,Lycopodiella inundata
Lycopodiella,NA,NA,NA,NA,NA,NA,NA,Lycopodiella inundata
Lycopodium inundatum,NA,NA,NA,NA,NA,NA,NA,Lycopodiella inundata
Lycopodium inundatum-type,NA,NA,NA,NA,NA,NA,NA,Lycopodiella inundata
Lycopodium obscurum,NA,NA,NA,NA,NA,NA,NA,Lycopodium obscurum
Lycopodium lagopus,NA,NA,NA,NA,NA,NA,NA,Lycopodium lagopus
Clavatum-type/Diphasium,NA,NA,NA,NA,NA,NA,NA,Lycopodium clavatum-type
Lycopodium juniperoideum,NA,NA,NA,NA,NA,NA,NA,Lycopodium juniperoideum
Pilularia,NA,NA,NA,NA,NA,NA,NA,Pilularia
Pilularia globulifera,NA,NA,NA,NA,NA,NA,NA,Pilularia
Pteridium,NA,NA,NA,NA,NA,NA,NA,Pteridium aquilinum
Pteridium aquilinum,NA,NA,NA,NA,NA,NA,NA,Pteridium aquilinum
Pteridium-type,NA,NA,NA,NA,NA,NA,NA,Pteridium aquilinum
Pteridium aquilinum-type,NA,NA,NA,NA,NA,NA,NA,Pteridium aquilinum
Pteridium undifferentiated,NA,NA,NA,NA,NA,NA,NA,Pteridium aquilinum
Selaginella,NA,NA,NA,NA,NA,NA,NA,Selaginella
Selaginellaceae,NA,NA,NA,NA,NA,NA,NA,Selaginella
Selaginella undifferentiated,NA,NA,NA,NA,NA,NA,NA,Selaginella
Selaginella selaginoides,NA,NA,NA,NA,NA,NA,NA,Selaginella selaginoides
Selaginella selaginoides-type,NA,NA,NA,NA,NA,NA,NA,Selaginella selaginoides
Selaginella helvetica,NA,NA,NA,NA,NA,NA,NA,Selaginella helvetica-type
Selaginella helvetica-type,NA,NA,NA,NA,NA,NA,NA,Selaginella helvetica-type
Selaginella denticulata-type,NA,NA,NA,NA,NA,NA,NA,Selaginella helvetica-type
Selaginella denticulata,NA,NA,NA,NA,NA,NA,NA,Selaginella helvetica-type
Selaginella cf. denticula,NA,NA,NA,NA,NA,NA,NA,Selaginella helvetica-type
Selaginella sibirica,NA,NA,NA,NA,NA,NA,NA,Selaginella sibirica
Selaginella rupestris,NA,NA,NA,NA,NA,NA,NA,Selaginella rupestris
Selaginella apoda,NA,NA,NA,NA,NA,NA,NA,Selaginella apoda
Selaginella sanguinolenta,NA,NA,NA,NA,NA,NA,NA,Selaginella sanguinolenta
Selaginella borealis,NA,NA,NA,NA,NA,NA,NA,Selaginella borealis
Bryophyte spores,NA,NA,NA,NA,NA,NA,NA,Bryophyte spores
Bryophyte spores undifferentiated,NA,NA,NA,NA,NA,NA,NA,Bryophyte spores
Bryales,NA,NA,NA,NA,NA,NA,NA,Bryophyte spores
Bryidae,NA,NA,NA,NA,NA,NA,NA,Bryophyte spores
Bryophytes,NA,NA,NA,NA,NA,NA,NA,Bryophyte spores
Bryales undifferentiated,NA,NA,NA,NA,NA,NA,NA,Bryophyte spores
Bryophytes undifferentiated,NA,NA,NA,NA,NA,NA,NA,Bryophyte spores
Sphagnum,NA,NA,NA,NA,NA,NA,NA,Sphagnum
Sphagnales,NA,NA,NA,NA,NA,NA,NA,Sphagnum
Sphagnum-type,NA,NA,NA,NA,NA,NA,NA,Sphagnum
Encalypta rhabdocarpa,NA,NA,NA,NA,NA,NA,NA,Encalypta rhabdocarpa
Hedwigia,NA,NA,NA,NA,NA,NA,NA,Hedwigia
Encalypta,NA,NA,NA,NA,NA,NA,NA,Encalypta
Philonotis,NA,NA,NA,NA,NA,NA,NA,Philonotis
Polytrichum,NA,NA,NA,NA,NA,NA,NA,Polytrichum
Dicranum,NA,NA,NA,NA,NA,NA,NA,Dicranum
Hypnum,NA,NA,NA,NA,NA,NA,NA,Hypnum
Acaulon-type,NA,NA,NA,NA,NA,NA,NA,Acaulon-type
Encalypta-type,NA,NA,NA,NA,NA,NA,NA,Encalypta-type
Meesia,NA,NA,NA,NA,NA,NA,NA,Meesia
Trachyphyllum,NA,NA,NA,NA,NA,NA,NA,Trachyphyllum
Dicranaceae,NA,NA,NA,NA,NA,NA,NA,Dicranaceae
Filicopsida trilete undifferentiated,NA,NA,NA,NA,NA,NA,NA,Trilete spore(s)
Pteridophyta trilete undifferentiated,NA,NA,NA,NA,NA,NA,NA,Trilete spore(s)
Trilete spore(s) undifferentiated,NA,NA,NA,NA,NA,NA,NA,Trilete spore(s)
Trilete spore(s),NA,NA,NA,NA,NA,NA,NA,Trilete spore(s)
cf. Huperzia selago,NA,NA,NA,NA,NA,NA,NA,Trilete spore(s)
cf. Pteridium,NA,NA,NA,NA,NA,NA,NA,Trilete spore(s)
cf. Lycopodium clavatum,NA,NA,NA,NA,NA,NA,NA,Trilete spore(s)
cf. Lycopodium,NA,NA,NA,NA,NA,NA,NA,Trilete spore(s)
cf. Lepidotis inundata,NA,NA,NA,NA,NA,NA,NA,Trilete spore(s)
cf. Cryptogramma crispa,NA,NA,NA,NA,NA,NA,NA,Trilete spore(s)
cf. Osmunda,NA,NA,NA,NA,NA,NA,NA,Trilete spore(s)
cf. Ophioglossum vulgatum,NA,NA,NA,NA,NA,NA,NA,Trilete spore(s)
cf. Adiantum,NA,NA,NA,NA,NA,NA,NA,Trilete spore(s)
cf. Lycopodiella inundatum,NA,NA,NA,NA,NA,NA,NA,Trilete spore(s)
cf. Diphasiastrum-type,NA,NA,NA,NA,NA,NA,NA,Trilete spore(s)
Trilete spore sculptured,NA,NA,NA,NA,NA,NA,NA,Trilete spore(s)
Trilete spores (roughly verrucate),NA,NA,NA,NA,NA,NA,NA,Trilete spore(s)
Trilete spores (smoothly verrucate),NA,NA,NA,NA,NA,NA,NA,Trilete spore(s)
Pteridaceae,NA,NA,NA,NA,NA,NA,NA,Trilete spore(s)
Trilete fern spores,NA,NA,NA,NA,NA,NA,NA,Trilete spore(s)
Trilete psilate,NA,NA,NA,NA,NA,NA,NA,Trilete spore(s)
Trilete spores (verrucate),NA,NA,NA,NA,NA,NA,NA,Trilete spore(s)
Filicales triletes,NA,NA,NA,NA,NA,NA,NA,Trilete spore(s)
Filicales triletes undifferentiated,NA,NA,NA,NA,NA,NA,NA,Trilete spore(s)
Trilete non-psilate,NA,NA,NA,NA,NA,NA,NA,Trilete spore(s)
Trilete indeterminata,NA,NA,NA,NA,NA,NA,NA,Trilete spore(s)
Trilete ornamented,NA,NA,NA,NA,NA,NA,NA,Trilete spore(s)
Pteris,NA,NA,NA,NA,NA,NA,NA,Pteris
Pteris cretica,NA,NA,NA,NA,NA,NA,NA,Pteris cretica
Salvinia,NA,NA,NA,NA,NA,NA,NA,Salvinia
Salvinia natans,NA,NA,NA,NA,NA,NA,NA,Salvinia
Massulae salvinia,NA,NA,NA,NA,NA,NA,NA,Salvinia
Azolla/Salvinia,NA,NA,NA,NA,NA,NA,NA,Azolla/Salvinia
Salvinia-type,NA,NA,NA,NA,NA,NA,NA,Azolla/Salvinia
Salviniaceae,NA,NA,NA,NA,NA,NA,NA,Azolla/Salvinia
Salvinia/Azolla: massulae,NA,NA,NA,NA,NA,NA,NA,Azolla/Salvinia
Azolla/Salvinia spore(s),NA,NA,NA,NA,NA,NA,NA,Azolla/Salvinia
Azolla,NA,NA,NA,NA,NA,NA,NA,Azolla
Azolla nilotica,NA,NA,NA,NA,NA,NA,NA,Azolla nilotica
Azolla filiculoides: glochidia,NA,NA,NA,NA,NA,NA,NA,Azolla filiculoides
Azolla filiculoides,NA,NA,NA,NA,NA,NA,NA,Azolla filiculoides
Azolla filiculoides: massulae,NA,NA,NA,NA,NA,NA,NA,Azolla filiculoides
Azolla: microspores,NA,NA,NA,NA,NA,NA,NA,Azolla filiculoides
Azolla filiculoides: spores,NA,NA,NA,NA,NA,NA,NA,Azolla filiculoides
Botrychium,NA,NA,NA,NA,NA,NA,NA,Botrychium
Botrychium-type,NA,NA,NA,NA,NA,NA,NA,Botrychium
Botrychium undifferentiated,NA,NA,NA,NA,NA,NA,NA,Botrychium
Botrychium cf. lunaria,NA,NA,NA,NA,NA,NA,NA,Botrychium
Botrychium boreale-type,NA,NA,NA,NA,NA,NA,NA,Botrychium boreale-type
Botrychium virginianum,NA,NA,NA,NA,NA,NA,NA,Botrychium boreale-type
Botrychium boreale,NA,NA,NA,NA,NA,NA,NA,Botrychium boreale-type
Botrychium simplex,NA,NA,NA,NA,NA,NA,NA,Botrychium boreale-type
Botrychium lunaria,NA,NA,NA,NA,NA,NA,NA,Botrychium lunaria-type
Botrychium lunaria-type,NA,NA,NA,NA,NA,NA,NA,Botrychium lunaria-type
Botrychium multifidum,NA,NA,NA,NA,NA,NA,NA,Botrychium lunaria-type
Botrychium biternatum,NA,NA,NA,NA,NA,NA,NA,Botrychium biternatum
Ophioglossum,NA,NA,NA,NA,NA,NA,NA,Ophioglossum
Ophioglossum cf. O. polyphyllum,NA,NA,NA,NA,NA,NA,NA,Ophioglossum
Ophioglossum vulgatum,NA,NA,NA,NA,NA,NA,NA,Ophioglossum vulgatum
Ophioglossum vulgatum-type,NA,NA,NA,NA,NA,NA,NA,Ophioglossum vulgatum
Ophioglossum lusitanicum-type,NA,NA,NA,NA,NA,NA,NA,Ophioglossum lusitanicum-type
Ophioglossum lusitanicum,NA,NA,NA,NA,NA,NA,NA,Ophioglossum lusitanicum-type
Ophioglossaceae,NA,NA,NA,NA,NA,NA,NA,Ophioglossaceae
Marsilea,NA,NA,NA,NA,NA,NA,NA,Marsilea
Marsileaceae,NA,NA,NA,NA,NA,NA,NA,Marsileaceae
Adiantum,NA,NA,NA,NA,NA,NA,NA,Adiantum capillus-veneris
Adiantum capillus-veneris,NA,NA,NA,NA,NA,NA,NA,Adiantum capillus-veneris
Pellaea-type,NA,NA,NA,NA,NA,NA,NA,Pellaea-type
Riccia-type,NA,NA,NA,NA,NA,NA,NA,Riccia
Riccia,NA,NA,NA,NA,NA,NA,NA,Riccia
Riccia lamellosa-type,NA,NA,NA,NA,NA,NA,NA,Riccia
Riccia cf. sorocarpa,NA,NA,NA,NA,NA,NA,NA,Riccia
Riccia sp.,NA,NA,NA,NA,NA,NA,NA,Riccia
Fossombronia,NA,NA,NA,NA,NA,NA,NA,Fossombronia
Riccardia pinguis-type,NA,NA,NA,NA,NA,NA,NA,Riccardia pinguis-type
Hepaticeae,NA,NA,NA,NA,NA,NA,NA,Hepaticae
Hepaticae,NA,NA,NA,NA,NA,NA,NA,Hepaticae
Hepaticae undifferentiated,NA,NA,NA,NA,NA,NA,NA,Hepaticae
Osmunda regalis,NA,NA,NA,NA,NA,NA,NA,Osmunda regalis
Osmunda regalis-type,NA,NA,NA,NA,NA,NA,NA,Osmunda regalis
Osmunda,NA,NA,NA,NA,NA,NA,NA,Osmunda regalis
Osmunda cinnamomea,NA,NA,NA,NA,NA,NA,NA,Osmunda cinnamomea
Osmunda regalis/Osmundastrum claytonianum,NA,NA,NA,NA,NA,NA,NA,Osmunda regalis/Osmundastrum claytonianum
Osmunda undifferentiated,NA,NA,NA,NA,NA,NA,NA,Osmunda-type
Osmundaceae,NA,NA,NA,NA,NA,NA,NA,Osmunda-type
Osmunda-type,NA,NA,NA,NA,NA,NA,NA,Osmunda-type
Osmunda claytoniana,NA,NA,NA,NA,NA,NA,NA,Osmunda claytoniana
Asplenium-type,NA,NA,NA,NA,NA,NA,NA,Asplenium-type
Asplenium,NA,NA,NA,NA,NA,NA,NA,Asplenium-type
Phyllitis,NA,NA,NA,NA,NA,NA,NA,Asplenium-type
Asplenium viride,NA,NA,NA,NA,NA,NA,NA,Asplenium-type
Phyllitis scolopendrium-type,NA,NA,NA,NA,NA,NA,NA,Asplenium-type
Ceterach officinarum,NA,NA,NA,NA,NA,NA,NA,Asplenium-type
Asplenium-type undifferentiated,NA,NA,NA,NA,NA,NA,NA,Asplenium-type
Asplenium trichomanes,NA,NA,NA,NA,NA,NA,NA,Asplenium-type
Asplenium ruta-muraria,NA,NA,NA,NA,NA,NA,NA,Asplenium-type
Scolopendrium,NA,NA,NA,NA,NA,NA,NA,Asplenium-type
Athyrium filix-femina,NA,NA,NA,NA,NA,NA,NA,Athyrium filix-femina
Athyrium,NA,NA,NA,NA,NA,NA,NA,Athyrium filix-femina
Athyrium-type,NA,NA,NA,NA,NA,NA,NA,Athyrium filix-femina
Blechnum spicant,NA,NA,NA,NA,NA,NA,NA,Blechnum spicant
Blechnum,NA,NA,NA,NA,NA,NA,NA,Blechnum spicant
Dryopteris dilatata,NA,NA,NA,NA,NA,NA,NA,Dryopteris dilatata
Dryopteris dilatata-type,NA,NA,NA,NA,NA,NA,NA,Dryopteris dilatata
Dryopteris austriaca,NA,NA,NA,NA,NA,NA,NA,Dryopteris dilatata
Dryopteris filix-mas,NA,NA,NA,NA,NA,NA,NA,Dryopteris filix-mas-type
Dryopteris filix-mas-type,NA,NA,NA,NA,NA,NA,NA,Dryopteris filix-mas-type
Dryopteris filix-mas s.s.,NA,NA,NA,NA,NA,NA,NA,Dryopteris filix-mas-type
Dryopteris oreopteris,NA,NA,NA,NA,NA,NA,NA,Dryopteris filix-mas-type
Dryopteris,NA,NA,NA,NA,NA,NA,NA,Dryopteris-type
Dryopteris-type,NA,NA,NA,NA,NA,NA,NA,Dryopteris-type
Matteuccia-type,NA,NA,NA,NA,NA,NA,NA,Dryopteris-type
Lastrea-type,NA,NA,NA,NA,NA,NA,NA,Dryopteris-type
Dryopteris undifferentiated,NA,NA,NA,NA,NA,NA,NA,Dryopteris-type
Gymnocarpium,NA,NA,NA,NA,NA,NA,NA,Gymnocarpium dryopteris
Gymnocarpium dryopteris,NA,NA,NA,NA,NA,NA,NA,Gymnocarpium dryopteris
Gymnocarpium dryopteris-type,NA,NA,NA,NA,NA,NA,NA,Gymnocarpium dryopteris
Dryopteris linnaeana,NA,NA,NA,NA,NA,NA,NA,Gymnocarpium dryopteris
Phegopteris dryopteris,NA,NA,NA,NA,NA,NA,NA,Gymnocarpium dryopteris
Thelypteris palustris,NA,NA,NA,NA,NA,NA,NA,Thelypteris palustris
Thelypteris palustris-type,NA,NA,NA,NA,NA,NA,NA,Thelypteris palustris
Thelypteris-type,NA,NA,NA,NA,NA,NA,NA,Thelypteris palustris
Thelypteris,NA,NA,NA,NA,NA,NA,NA,Thelypteris palustris
Dryopteris thelypteris,NA,NA,NA,NA,NA,NA,NA,Thelypteris palustris
Woodsia-type,NA,NA,NA,NA,NA,NA,NA,Woodsia-type
Athyrium distentifolium-type,NA,NA,NA,NA,NA,NA,NA,Woodsia-type
Athyrium alpestre-type,NA,NA,NA,NA,NA,NA,NA,Woodsia-type
Athyrium/Woodsia,NA,NA,NA,NA,NA,NA,NA,Woodsia-type
Athyrium distentifolium,NA,NA,NA,NA,NA,NA,NA,Woodsia-type
Woodsia undifferentiated,NA,NA,NA,NA,NA,NA,NA,Woodsia-type
Woodsia ilvensis,NA,NA,NA,NA,NA,NA,NA,Woodsia-type
Woodsia,NA,NA,NA,NA,NA,NA,NA,Woodsia-type
Athyrium alpestre,NA,NA,NA,NA,NA,NA,NA,Woodsia-type
Cystopteris fragilis,NA,NA,NA,NA,NA,NA,NA,Cystopteris fragilis
Cystopteris fragilis-type,NA,NA,NA,NA,NA,NA,NA,Cystopteris fragilis
Cystopteris-type,NA,NA,NA,NA,NA,NA,NA,Cystopteris
Cystopteris undifferentiated,NA,NA,NA,NA,NA,NA,NA,Cystopteris
Cystopteris,NA,NA,NA,NA,NA,NA,NA,Cystopteris
Cystopteris indeterminata,NA,NA,NA,NA,NA,NA,NA,Cystopteris
Rhizomatopteris sudetica,NA,NA,NA,NA,NA,NA,NA,Cystopteris montana-type
Cystopteris montana-type,NA,NA,NA,NA,NA,NA,NA,Cystopteris montana-type
Polystichum-type,NA,NA,NA,NA,NA,NA,NA,Polystichum
Polystichum,NA,NA,NA,NA,NA,NA,NA,Polystichum
Polystichum lonchitis,NA,NA,NA,NA,NA,NA,NA,Polystichum
Dryopteris carthusiana-type,NA,NA,NA,NA,NA,NA,NA,Dryopteris cristata-type
Dryopteris carthusiana,NA,NA,NA,NA,NA,NA,NA,Dryopteris cristata-type
Dryopteris cristata-type,NA,NA,NA,NA,NA,NA,NA,Dryopteris cristata-type
Dryopteris cristata,NA,NA,NA,NA,NA,NA,NA,Dryopteris cristata-type
Dryopteris spinulosa,NA,NA,NA,NA,NA,NA,NA,Dryopteris cristata-type
Dryopteris fragrans,NA,NA,NA,NA,NA,NA,NA,Dryopteris fragrans
Dryopteris crassirhizoma,NA,NA,NA,NA,NA,NA,NA,Dryopteris crassirhizoma
Leucostegia immersa,NA,NA,NA,NA,NA,NA,NA,Leucostegia immersa
Matteuccia,NA,NA,NA,NA,NA,NA,NA,Matteuccia struthiopteris
Matteuccia struthiopteris,NA,NA,NA,NA,NA,NA,NA,Matteuccia struthiopteris
Grammitis,NA,NA,NA,NA,NA,NA,NA,Grammitis
Thelypteris phegopteris,NA,NA,NA,NA,NA,NA,NA,Phegopteris
Lastrea phegopteris,NA,NA,NA,NA,NA,NA,NA,Phegopteris
Phegopteris,NA,NA,NA,NA,NA,NA,NA,Phegopteris
Isoetes,NA,NA,NA,NA,NA,NA,NA,Isoetes
Isoetes (type A),NA,NA,NA,NA,NA,NA,NA,Isoetes
Isoetes cf. Lacustris,NA,NA,NA,NA,NA,NA,NA,Isoetes
Isoetes undifferentiated,NA,NA,NA,NA,NA,NA,NA,Isoetes
Isoete spore(s),NA,NA,NA,NA,NA,NA,NA,Isoetes
Isoetes lacustris,NA,NA,NA,NA,NA,NA,NA,Isoetes lacustris
Isoetes setacea,NA,NA,NA,NA,NA,NA,NA,Isoetes echinospora
Isoetes echinospora,NA,NA,NA,NA,NA,NA,NA,Isoetes echinospora
Polypodium,NA,NA,NA,NA,NA,NA,NA,Polypodium
Polypodium vulgare,NA,NA,NA,NA,NA,NA,NA,Polypodium
Polypodium vulgare-type,NA,NA,NA,NA,NA,NA,NA,Polypodium
Polypodium-type,NA,NA,NA,NA,NA,NA,NA,Polypodium
Polypodium undifferentiated,NA,NA,NA,NA,NA,NA,NA,Polypodium
Polypodium australe,NA,NA,NA,NA,NA,NA,NA,Polypodium
Polypodium sibiricum,NA,NA,NA,NA,NA,NA,NA,Polypodium
cf. Cystopteris,NA,NA,NA,NA,NA,NA,NA,Monolete fern spores
Filicopsida,NA,NA,NA,NA,NA,NA,NA,Monolete fern spores
Filicopsida monolete undifferentiated,NA,NA,NA,NA,NA,NA,NA,Monolete fern spores
Filicopsida undifferentiated,NA,NA,NA,NA,NA,NA,NA,Monolete fern spores
Pteridophyta monolete undifferentiated,NA,NA,NA,NA,NA,NA,NA,Monolete fern spores
Pteridophyta undifferentiated,NA,NA,NA,NA,NA,NA,NA,Monolete fern spores
cf. Thelypteris palustris,NA,NA,NA,NA,NA,NA,NA,Monolete fern spores
cf. Athyrium,NA,NA,NA,NA,NA,NA,NA,Monolete fern spores
cf. Dryopteris felix-mas,NA,NA,NA,NA,NA,NA,NA,Monolete fern spores
Monolete spore(s),NA,NA,NA,NA,NA,NA,NA,Monolete fern spores
Monolete spore(s) undifferentiated,NA,NA,NA,NA,NA,NA,NA,Monolete fern spores
Polypodiaceae undifferentiated,NA,NA,NA,NA,NA,NA,NA,Monolete fern spores
Polypodiaceae,NA,NA,NA,NA,NA,NA,NA,Monolete fern spores
Polypodiaceae-type,NA,NA,NA,NA,NA,NA,NA,Monolete fern spores
Polypodiaceae/Aspidiaceae undifferentiated,NA,NA,NA,NA,NA,NA,NA,Monolete fern spores
Monolete psilate,NA,NA,NA,NA,NA,NA,NA,Monolete fern spores
Monolete verrucate,NA,NA,NA,NA,NA,NA,NA,Monolete fern spores
Monolete spore sculptured,NA,NA,NA,NA,NA,NA,NA,Monolete fern spores
cf. Polypodium,NA,NA,NA,NA,NA,NA,NA,Monolete fern spores
cf. Dryopteris,NA,NA,NA,NA,NA,NA,NA,Monolete fern spores
Polypodiaceae s.l. undifferentiated,NA,NA,NA,NA,NA,NA,NA,Monolete fern spores
Pteridophyta spores,NA,NA,NA,NA,NA,NA,NA,Monolete fern spores
Filicinae,NA,NA,NA,NA,NA,NA,NA,Monolete fern spores
Dryopteris filix-femina,NA,NA,NA,NA,NA,NA,NA,Monolete fern spores
Monolete fern spores,NA,NA,NA,NA,NA,NA,NA,Monolete fern spores
Filicales monoletes,NA,NA,NA,NA,NA,NA,NA,Monolete fern spores
Pteropsida undifferentiated,NA,NA,NA,NA,NA,NA,NA,Monolete fern spores
Dryopteris cf. D. cristata,NA,NA,NA,NA,NA,NA,NA,Monolete fern spores
Filicales,NA,NA,NA,NA,NA,NA,NA,Monolete fern spores
Polypodiaceae p.p.,NA,NA,NA,NA,NA,NA,NA,Monolete fern spores
Filicinae indeterminata,NA,NA,NA,NA,NA,NA,NA,Monolete fern spores
Filicales monoletes undifferentiated,NA,NA,NA,NA,NA,NA,NA,Monolete fern spores
Pteropsida monolete indeterminata,NA,NA,NA,NA,NA,NA,NA,Monolete fern spores
Athyrium filix-mas,NA,NA,NA,NA,NA,NA,NA,Monolete fern spores
Thelypteridaceae,NA,NA,NA,NA,NA,NA,NA,Monolete fern spores
Filicales undifferentiated,NA,NA,NA,NA,NA,NA,NA,Monolete fern spores
Monolete non-psilate,NA,NA,NA,NA,NA,NA,NA,Monolete fern spores
Polypodiales,NA,NA,NA,NA,NA,NA,NA,Monolete fern spores
Pteridophyta monolete with perine,NA,NA,NA,NA,NA,NA,NA,Monolete fern spores
cf. Dryopteris thelypteris,NA,NA,NA,NA,NA,NA,NA,Monolete fern spores
Pteropsida,NA,NA,NA,NA,NA,NA,NA,Monolete fern spores
Monolete ornamented,NA,NA,NA,NA,NA,NA,NA,Monolete fern spores
Fern spore indeterminata,NA,NA,NA,NA,NA,NA,NA,Monolete fern spores
Polypodiophyta,NA,NA,NA,NA,NA,NA,NA,Monolete fern spores
Polypodiophyta undifferentiated,NA,NA,NA,NA,NA,NA,NA,Monolete fern spores
Aldrovanda vesiculosa,NA,NA,NA,NA,NA,NA,NA,Aldrovanda vesiculosa
Drosera,NA,NA,NA,NA,NA,NA,NA,Drosera
Drosera cf. D. rotundifolia,NA,NA,NA,NA,NA,NA,NA,Drosera
Drosera cf. D. intermedia,NA,NA,NA,NA,NA,NA,NA,Drosera
Drosera undifferentiated,NA,NA,NA,NA,NA,NA,NA,Drosera
Drosera-type,NA,NA,NA,NA,NA,NA,NA,Drosera
Drosera intermedia,NA,NA,NA,NA,NA,NA,NA,Drosera intermedia
Drosera intermedia-type,NA,NA,NA,NA,NA,NA,NA,Drosera intermedia
Drosera rotundifolia-type,NA,NA,NA,NA,NA,NA,NA,Drosera rotundifolia-type
Drosera rotundifolia,NA,NA,NA,NA,NA,NA,NA,Drosera rotundifolia-type
Drosera rotundifolia/D. anglica,NA,NA,NA,NA,NA,NA,NA,Drosera rotundifolia-type
Drosera anglica,NA,NA,NA,NA,NA,NA,NA,Drosera anglica
Calluna-type,NA,NA,NA,NA,NA,NA,NA,Ericales (tetrads)
Ericaceae undifferentiated,NA,NA,NA,NA,NA,NA,NA,Ericales (tetrads)
Ericaceae/Empetrum,NA,NA,NA,NA,NA,NA,NA,Ericales (tetrads)
Ericales (tetrads),NA,NA,NA,NA,NA,NA,NA,Ericales (tetrads)
Ericales undifferentiated,NA,NA,NA,NA,NA,NA,NA,Ericales (tetrads)
cf. Calluna,NA,NA,NA,NA,NA,NA,NA,Ericales (tetrads)
cf. Arctostaphylos,NA,NA,NA,NA,NA,NA,NA,Ericales (tetrads)
cf. Andromeda polifolia,NA,NA,NA,NA,NA,NA,NA,Ericales (tetrads)
cf. Erica,NA,NA,NA,NA,NA,NA,NA,Ericales (tetrads)
cf. Arbutus,NA,NA,NA,NA,NA,NA,NA,Ericales (tetrads)
cf. Cassiope,NA,NA,NA,NA,NA,NA,NA,Ericales (tetrads)
cf. Ledum,NA,NA,NA,NA,NA,NA,NA,Ericales (tetrads)
Vacciniaceae,NA,NA,NA,NA,NA,NA,NA,Ericales (tetrads)
Ericales indeterminata,NA,NA,NA,NA,NA,NA,NA,Ericales (tetrads)
Ericaceae p.p.,NA,NA,NA,NA,NA,NA,NA,Ericales (tetrads)
Ericaceae s.l.,NA,NA,NA,NA,NA,NA,NA,Ericales (tetrads)
Vacciniaceae/Ericaceae,NA,NA,NA,NA,NA,NA,NA,Ericales (tetrads)
Ericaceae indeterminata,NA,NA,NA,NA,NA,NA,NA,Ericales (tetrads)
cf. Vaccinium,NA,NA,NA,NA,NA,NA,NA,Ericales (tetrads)
Moneses,NA,NA,NA,NA,NA,NA,NA,Moneses
Erica cinerea/E. tetralix,NA,NA,NA,NA,NA,NA,NA,Erica
Erica cf. E. cinerea,NA,NA,NA,NA,NA,NA,NA,Erica
Erica undifferentiated,NA,NA,NA,NA,NA,NA,NA,Erica
Erica indeterminata,NA,NA,NA,NA,NA,NA,NA,Erica
Erica cinerea/E. ciliaris,NA,NA,NA,NA,NA,NA,NA,Erica
Loiseleuria procumbens,NA,NA,NA,NA,NA,NA,NA,Loiseleuria procumbens
Rhododendron lapponicum-type,NA,NA,NA,NA,NA,NA,NA,Rhododendron
Rhododendron ponticum,NA,NA,NA,NA,NA,NA,NA,Rhododendron
Rhododendron ferrugineum,NA,NA,NA,NA,NA,NA,NA,Rhododendron
Vaccinium myrtillus-type,NA,NA,NA,NA,NA,NA,NA,Vaccinium
Vaccinium subgen. Oxycoccus,NA,NA,NA,NA,NA,NA,NA,Vaccinium
Erica lusitanica,NA,NA,NA,NA,NA,NA,NA,Erica arborea-type
Erica multiflora-type,NA,NA,NA,NA,NA,NA,NA,Erica arborea-type
Erica scoparia,NA,NA,NA,NA,NA,NA,NA,Erica arborea-type
Erica erigena,NA,NA,NA,NA,NA,NA,NA,Erica ciliaris-type
Pyrolaceae,NA,NA,NA,NA,NA,NA,NA,Pyrola-type
Pyrola minor,NA,NA,NA,NA,NA,NA,NA,Pyrola-type
Pyrola incarnata,NA,NA,NA,NA,NA,NA,NA,Pyrola-type
Arctostaphylos alpinus,NA,NA,NA,NA,NA,NA,NA,Arctostaphylos alpinus
Arctostaphylos undifferentiated,NA,NA,NA,NA,NA,NA,NA,Arctostaphylos
Corema album,NA,NA,NA,NA,NA,NA,NA,Corema album
Erica terminalis,NA,NA,NA,NA,NA,NA,NA,Erica terminalis
Empetrum nigrum ssp. hermaphroditum,NA,NA,NA,NA,NA,NA,NA,Empetrum nigrum
Empetrum nigrum subsp. hermaphroditum,NA,NA,NA,NA,NA,NA,NA,Empetrum nigrum
Ledum,NA,NA,NA,NA,NA,NA,NA,Ledum palustre
Ledum palustre,NA,NA,NA,NA,NA,NA,NA,Ledum palustre
Empetraceae,NA,NA,NA,NA,NA,NA,NA,Empetrum/Ledum
Empetrum/Ledum,NA,NA,NA,NA,NA,NA,NA,Empetrum/Ledum
Empetrum/Ledum-type,NA,NA,NA,NA,NA,NA,NA,Empetrum/Ledum
Juncus,NA,NA,NA,NA,NA,NA,NA,Juncaceae
Listera ovata,NA,NA,NA,NA,NA,NA,NA,Listera ovata
Periploca,NA,NA,NA,NA,NA,NA,NA,Periploca
Trachomitum,NA,NA,NA,NA,NA,NA,NA,Trachomitum
Typha latifolia,NA,NA,NA,NA,NA,NA,NA,Typha latifolia
Typha latifolia-type,NA,NA,NA,NA,NA,NA,NA,Typha latifolia-type
Typha undifferentiated (tetrad),NA,NA,NA,NA,NA,NA,NA,Typha latifolia-type
Sparganium (tetrad),NA,NA,NA,NA,NA,NA,NA,Typha latifolia-type
Typha minima-type,NA,NA,NA,NA,NA,NA,NA,Typha latifolia-type
Typha cf. T. elephantina,NA,NA,NA,NA,NA,NA,NA,Typha latifolia-type
Typha (tetrad),NA,NA,NA,NA,NA,NA,NA,Typha latifolia-type
Typha minima,NA,NA,NA,NA,NA,NA,NA,Typha minima
Scheuchzeria,NA,NA,NA,NA,NA,NA,NA,Scheuchzeria palustris
Scheuchzeria palustris,NA,NA,NA,NA,NA,NA,NA,Scheuchzeria palustris
Scheuchzeria-type,NA,NA,NA,NA,NA,NA,NA,Scheuchzeria palustris
Abies undifferentiated,NA,NA,NA,NA,NA,NA,NA,Abies
Abies nordmanniana,NA,NA,NA,NA,NA,NA,NA,Abies
Abies marocana,NA,NA,NA,NA,NA,NA,NA,Abies marocana
Cedrus libani,NA,NA,NA,NA,NA,NA,NA,Cedrus
Cedrus cf. C. atlantica,NA,NA,NA,NA,NA,NA,NA,Cedrus
Picea abies-type,NA,NA,NA,NA,NA,NA,NA,Picea abies-type
Picea (half),NA,NA,NA,NA,NA,NA,NA,Picea abies-type
Picea (whole),NA,NA,NA,NA,NA,NA,NA,Picea abies-type
Picea abies subsp. obovata,NA,NA,NA,NA,NA,NA,NA,Picea abies-type
Picea abies subsp. abies,NA,NA,NA,NA,NA,NA,NA,Picea abies-type
Picea excelsa-type,NA,NA,NA,NA,NA,NA,NA,Picea abies-type
Picea undifferentiated,NA,NA,NA,NA,NA,NA,NA,Picea
Picea omorika,NA,NA,NA,NA,NA,NA,NA,Picea omorika-type
Picea orientalis,NA,NA,NA,NA,NA,NA,NA,Picea omorika-type
Picea cf. omorika,NA,NA,NA,NA,NA,NA,NA,Picea omorika-type
Picea omorika-type,NA,NA,NA,NA,NA,NA,NA,Picea omorika-type
Pinus undifferentiated,NA,NA,NA,NA,NA,NA,NA,Pinus
Pinus (type A),NA,NA,NA,NA,NA,NA,NA,Pinus
Pinus (type 2),NA,NA,NA,NA,NA,NA,NA,Pinus
Pinus pp.,NA,NA,NA,NA,NA,NA,NA,Pinus
Pinus indeterminata,NA,NA,NA,NA,NA,NA,NA,Pinus
Pinus sp.,NA,NA,NA,NA,NA,NA,NA,Pinus
Pinus: clumps,NA,NA,NA,NA,NA,NA,NA,Pinus
Pinus diploxylon-type,NA,NA,NA,NA,NA,NA,NA,Pinus sylvestris-type
Pinus diploxylon,NA,NA,NA,NA,NA,NA,NA,Pinus sylvestris-type
Pinus (half),NA,NA,NA,NA,NA,NA,NA,Pinus sylvestris-type
Pinus (whole),NA,NA,NA,NA,NA,NA,NA,Pinus sylvestris-type
Pinus subgen. Pinus,NA,NA,NA,NA,NA,NA,NA,Pinus sylvestris-type
Pinus non-cembra,NA,NA,NA,NA,NA,NA,NA,Pinus sylvestris-type
Pinus sylvestris/P. nigra-type,NA,NA,NA,NA,NA,NA,NA,Pinus sylvestris-type
Pinus subgen. Diploxylon-type,NA,NA,NA,NA,NA,NA,NA,Pinus sylvestris-type
Pinus subgen. Diploxylon,NA,NA,NA,NA,NA,NA,NA,Pinus sylvestris-type
Pinus maritima-type,NA,NA,NA,NA,NA,NA,NA,Pinus sylvestris-type
Pinus uncinata-type,NA,NA,NA,NA,NA,NA,NA,Pinus sylvestris-type
Pinus pinea-type,NA,NA,NA,NA,NA,NA,NA,Pinus halepensis-type
Pinus halepensis/P. pinea-type,NA,NA,NA,NA,NA,NA,NA,Pinus halepensis-type
Pinus pinea,NA,NA,NA,NA,NA,NA,NA,Pinus halepensis-type
Pinus pinea/P. halepensis,NA,NA,NA,NA,NA,NA,NA,Pinus halepensis-type
Pinus haploxylon-type,NA,NA,NA,NA,NA,NA,NA,Pinus cembra-type
Pinus subgen. Strobus,NA,NA,NA,NA,NA,NA,NA,Pinus cembra-type
Pinus cembra/Pinus haploxylon-type,NA,NA,NA,NA,NA,NA,NA,Pinus cembra-type
Pinus subgen. Haploxylon-type,NA,NA,NA,NA,NA,NA,NA,Pinus cembra-type
Pinus subgen. Haploxylon,NA,NA,NA,NA,NA,NA,NA,Pinus cembra-type
Pinus sibirica-type,NA,NA,NA,NA,NA,NA,NA,Pinus cembra-type
Pinus pumila-type,NA,NA,NA,NA,NA,NA,NA,Pinus cembra-type
Pinus haplostellate,NA,NA,NA,NA,NA,NA,NA,Pinus cembra-type
Tsuga undifferentiated,NA,NA,NA,NA,NA,NA,NA,Tsuga
Keteleeria,NA,NA,NA,NA,NA,NA,NA,Keteleeria
Coniferae indeterminable,NA,NA,NA,NA,NA,NA,NA,cf. Abies
Pinaceae undifferentiated,NA,NA,NA,NA,NA,NA,NA,cf. Abies
Pinaceae indeterminata,NA,NA,NA,NA,NA,NA,NA,cf. Abies
Picea/Pinus undifferentiated,NA,NA,NA,NA,NA,NA,NA,cf. Abies
Coniferae coroded,NA,NA,NA,NA,NA,NA,NA,cf. Abies
Callitriche stagnalis,NA,NA,NA,NA,NA,NA,NA,Callitriche stagnalis
Callitriche stagnalis-type,NA,NA,NA,NA,NA,NA,NA,Callitriche stagnalis
Cladium mariscus,NA,NA,NA,NA,NA,NA,NA,Cladium mariscus
Cladium-type,NA,NA,NA,NA,NA,NA,NA,Cladium mariscus
Cladium,NA,NA,NA,NA,NA,NA,NA,Cladium mariscus
Cyperaceae undifferentiated,NA,NA,NA,NA,NA,NA,NA,Cyperaceae
Cyperaceae p.p.,NA,NA,NA,NA,NA,NA,NA,Cyperaceae
Cyperaceae indeterminata,NA,NA,NA,NA,NA,NA,NA,Cyperaceae
Cyperus longus-type,NA,NA,NA,NA,NA,NA,NA,Cyperus
Eriophorum,NA,NA,NA,NA,NA,NA,NA,Eriophorum-type
Eriophorum-type,NA,NA,NA,NA,NA,NA,NA,Eriophorum-type
Eriophorum angustifolium/E. vaginatum,NA,NA,NA,NA,NA,NA,NA,Eriophorum-type
Eriophorum scheuchzeri,NA,NA,NA,NA,NA,NA,NA,Eriophorum-type
Scirpus lacustris,NA,NA,NA,NA,NA,NA,NA,Scirpus-type
Scirpus maritimus,NA,NA,NA,NA,NA,NA,NA,Scirpus-type
Scirpus sect. Pterolepis-type,NA,NA,NA,NA,NA,NA,NA,Scirpus-type
Scirpus-type,NA,NA,NA,NA,NA,NA,NA,Scirpus-type
Scirpus lacustris-type,NA,NA,NA,NA,NA,NA,NA,Scirpus-type
Scirpus lacustris subsp. lacustris-type,NA,NA,NA,NA,NA,NA,NA,Scirpus-type
Bolboschoenus maritimus,NA,NA,NA,NA,NA,NA,NA,Scirpus-type
Scirpus,NA,NA,NA,NA,NA,NA,NA,Scirpus-type
Scirpus lacustris subsp. tabernaemontani,NA,NA,NA,NA,NA,NA,NA,Scirpus-type
Schoenoplectus lacturis subsp. lacustris,NA,NA,NA,NA,NA,NA,NA,Scirpus-type
Schoenoplectus-type,NA,NA,NA,NA,NA,NA,NA,Scirpus-type
Trichophorum caespitosum,NA,NA,NA,NA,NA,NA,NA,Scirpus-type
Rhynchospora alba,NA,NA,NA,NA,NA,NA,NA,Rhynchospora
Rhynchospora,NA,NA,NA,NA,NA,NA,NA,Rhynchospora
Rhynchospora alba-type,NA,NA,NA,NA,NA,NA,NA,Rhynchospora
Rhynchospora-type,NA,NA,NA,NA,NA,NA,NA,Rhynchospora
Dulichium-type,NA,NA,NA,NA,NA,NA,NA,Carex
Schoenus-type,NA,NA,NA,NA,NA,NA,NA,Schoenus
Schoenus,NA,NA,NA,NA,NA,NA,NA,Schoenus
Ephedra undifferentiated,NA,NA,NA,NA,NA,NA,NA,Ephedra
Ephedra indeterminata,NA,NA,NA,NA,NA,NA,NA,Ephedra
Ephedra cf. E. distachya,NA,NA,NA,NA,NA,NA,NA,Ephedra distachya-type
Ephedra major,NA,NA,NA,NA,NA,NA,NA,Ephedra distachya-type
Ephedra distachya-nebrodensis,NA,NA,NA,NA,NA,NA,NA,Ephedra distachya-type
Ephedra fragilis ssp. campylopoda,NA,NA,NA,NA,NA,NA,NA,Ephedra fragilis-type
Ephedra fragilis ssp. campylopoda-type,NA,NA,NA,NA,NA,NA,NA,Ephedra fragilis-type
Ephedra cf. E. fragilis ssp. campylopoda,NA,NA,NA,NA,NA,NA,NA,Ephedra fragilis-type
Ephedra cf. E. strobilacea,NA,NA,NA,NA,NA,NA,NA,Ephedra fragilis-type
Ephedra strobilaceae-type,NA,NA,NA,NA,NA,NA,NA,Ephedra strobilacea
Ephedra strobilacea,NA,NA,NA,NA,NA,NA,NA,Ephedra strobilacea
Ephedra monosperma,NA,NA,NA,NA,NA,NA,NA,Ephedra monosperma
Ephedra intermedia-type,NA,NA,NA,NA,NA,NA,NA,Ephedra intermedia-type
Ephedra alata,NA,NA,NA,NA,NA,NA,NA,Ephedra alata-type
Hydrocharis morsus-ranae,NA,NA,NA,NA,NA,NA,NA,Hydrocharis morsus-ranae
Hydrocharis,NA,NA,NA,NA,NA,NA,NA,Hydrocharis morsus-ranae
Taxodiaceae,NA,NA,NA,NA,NA,NA,NA,Juniperus-type
Juniperus/Cupressaceae,NA,NA,NA,NA,NA,NA,NA,Juniperus-type
Cupressaceae/Taxodiaceae,NA,NA,NA,NA,NA,NA,NA,Juniperus-type
Juniperus/Tetraclinis-type,NA,NA,NA,NA,NA,NA,NA,Juniperus-type
Juniperus sabina,NA,NA,NA,NA,NA,NA,NA,Juniperus sabina
Tetraclinis,NA,NA,NA,NA,NA,NA,NA,Tetraclinis
Juniperus oxycedrus-type,NA,NA,NA,NA,NA,NA,NA,Juniperus oxycedrus-type
Potamogeton,NA,NA,NA,NA,NA,NA,NA,Potamogeton-type
Potamogeton undifferentiated,NA,NA,NA,NA,NA,NA,NA,Potamogeton-type
Potamogeton-type,NA,NA,NA,NA,NA,NA,NA,Potamogeton-type
Potamogetonaceae,NA,NA,NA,NA,NA,NA,NA,Potamogeton-type
Triglochin/Potamogeton,NA,NA,NA,NA,NA,NA,NA,Potamogeton-type
Potamogeton/Triglochin,NA,NA,NA,NA,NA,NA,NA,Potamogeton-type
Triglochin,NA,NA,NA,NA,NA,NA,NA,Triglochin
Triglochin cf. T. palustris,NA,NA,NA,NA,NA,NA,NA,Triglochin
Triglochin-type,NA,NA,NA,NA,NA,NA,NA,Triglochin
Juncaginaceae,NA,NA,NA,NA,NA,NA,NA,Triglochin
Triglochin maritima,NA,NA,NA,NA,NA,NA,NA,Triglochin
Potamogeton subgen. Potamogeton,NA,NA,NA,NA,NA,NA,NA,Potamogeton natans-type
Potamogeton sect. Eupotamogeton,NA,NA,NA,NA,NA,NA,NA,Potamogeton natans-type
Potamogeton subgen. Potamogeton-type,NA,NA,NA,NA,NA,NA,NA,Potamogeton natans-type
Potamogeton subgen. Eupotamogeton,NA,NA,NA,NA,NA,NA,NA,Potamogeton natans-type
Potamogeton nodosus,NA,NA,NA,NA,NA,NA,NA,Potamogeton natans-type
Potamogeton natans,NA,NA,NA,NA,NA,NA,NA,Potamogeton natans-type
Groenlandia densa,NA,NA,NA,NA,NA,NA,NA,Potamogeton natans-type
Potamogeton perfoliatus,NA,NA,NA,NA,NA,NA,NA,Potamogeton natans-type
Potamogeton lucens,NA,NA,NA,NA,NA,NA,NA,Potamogeton natans-type
Potamogeton subgen. Eupotamogeton-type,NA,NA,NA,NA,NA,NA,NA,Potamogeton natans-type
Potamogeton natans-type,NA,NA,NA,NA,NA,NA,NA,Potamogeton natans-type
Potamogeton eupotamogeton-type,NA,NA,NA,NA,NA,NA,NA,Potamogeton natans-type
Eu-Potamogeton-type,NA,NA,NA,NA,NA,NA,NA,Potamogeton natans-type
Potamogeton eupotamogeton,NA,NA,NA,NA,NA,NA,NA,Potamogeton natans-type
Potamogeton subgen. Coleogeton,NA,NA,NA,NA,NA,NA,NA,Potamogeton pectinatus-type
Potamogeton cf. P. pectinatus,NA,NA,NA,NA,NA,NA,NA,Potamogeton pectinatus-type
Potamogeton sect. Coleogeton,NA,NA,NA,NA,NA,NA,NA,Potamogeton pectinatus-type
Potamogeton sect. Coleogeton-type,NA,NA,NA,NA,NA,NA,NA,Potamogeton pectinatus-type
Potamogeton filiformis-type,NA,NA,NA,NA,NA,NA,NA,Potamogeton pectinatus-type
Potamogeton pectinatus,NA,NA,NA,NA,NA,NA,NA,Potamogeton pectinatus-type
Potamogeton subgen. Coleogeton-type,NA,NA,NA,NA,NA,NA,NA,Potamogeton pectinatus-type
Potamogeton pectinatus-type,NA,NA,NA,NA,NA,NA,NA,Potamogeton pectinatus-type
Ruppia,NA,NA,NA,NA,NA,NA,NA,Ruppia
Ruppia maritima,NA,NA,NA,NA,NA,NA,NA,Ruppia
Sciadopitys-type,NA,NA,NA,NA,NA,NA,NA,Sciadopitys
Thesium-type,NA,NA,NA,NA,NA,NA,NA,Thesium
Spathiflorae,NA,NA,NA,NA,NA,NA,NA,Araceae
Laurus nobilis,NA,NA,NA,NA,NA,NA,NA,Laurus nobilis
Hydrocharitaceae,NA,NA,NA,NA,NA,NA,NA,Hydrocharitaceae
Aristolochia paucinervis-type,NA,NA,NA,NA,NA,NA,NA,Aristolochia
Aristolochia clematitis,NA,NA,NA,NA,NA,NA,NA,Aristolochia
Aristolochiaceae,NA,NA,NA,NA,NA,NA,NA,Aristolochiaceae
Larix dahurica,NA,NA,NA,NA,NA,NA,NA,Larix dahurica
Larix sibirica,NA,NA,NA,NA,NA,NA,NA,Larix/Pseudotsuga
Najas marina,NA,NA,NA,NA,NA,NA,NA,Najas marina
Najas,NA,NA,NA,NA,NA,NA,NA,Najas
Zannichelliaceae,NA,NA,NA,NA,NA,NA,NA,Zannichelliaceae
Zannichellia,NA,NA,NA,NA,NA,NA,NA,Zannichellia
Zannichellia-type,NA,NA,NA,NA,NA,NA,NA,Zannichellia
Cryptomeria-type,NA,NA,NA,NA,NA,NA,NA,Cryptomeria-type
Elodea,NA,NA,NA,NA,NA,NA,NA,Elodea
Elodea densa,NA,NA,NA,NA,NA,NA,NA,Elodea
cf. Cladium mariscus,NA,NA,NA,NA,NA,NA,NA,Cyperaceae
cf. Cladium,NA,NA,NA,NA,NA,NA,NA,Cyperaceae
cf. Cladium-type,NA,NA,NA,NA,NA,NA,NA,Cyperaceae
Lemna,NA,NA,NA,NA,NA,NA,NA,Lemna
Lemna minor,NA,NA,NA,NA,NA,NA,NA,Lemna
Lemna minor-type,NA,NA,NA,NA,NA,NA,NA,Lemna
Lemnaceae,NA,NA,NA,NA,NA,NA,NA,Lemnaceae
Nymphaea,NA,NA,NA,NA,NA,NA,NA,Nymphaea
Nymphaea cf. N. candida,NA,NA,NA,NA,NA,NA,NA,Nymphaea
Nymphaea alba,NA,NA,NA,NA,NA,NA,NA,Nymphaea
Nymphaea alba-type,NA,NA,NA,NA,NA,NA,NA,Nymphaea
Nymphaea tetragona,NA,NA,NA,NA,NA,NA,NA,Nymphaea
Nymphaea sp.,NA,NA,NA,NA,NA,NA,NA,Nymphaea
Nymphaea candida,NA,NA,NA,NA,NA,NA,NA,Nymphaea candida
Cephalanthera longifolia-type,NA,NA,NA,NA,NA,NA,NA,Cephalanthera-type
Cephalanthera-type,NA,NA,NA,NA,NA,NA,NA,Cephalanthera-type
Avena versicolor,NA,NA,NA,NA,NA,NA,NA,Avena-type
Setaria,NA,NA,NA,NA,NA,NA,NA,Avena-type
Cerealia/Avena-type,NA,NA,NA,NA,NA,NA,NA,Avena-type
Cerealia-type,NA,NA,NA,NA,NA,NA,NA,Cerealia-type
cf. Secale,NA,NA,NA,NA,NA,NA,NA,Cerealia-type
Cerealia undifferentiated,NA,NA,NA,NA,NA,NA,NA,Cerealia-type
cf. Triticum diccocon,NA,NA,NA,NA,NA,NA,NA,Cerealia-type
Hordeum/Triticum,NA,NA,NA,NA,NA,NA,NA,Cerealia-type
cf. Triticum,NA,NA,NA,NA,NA,NA,NA,Cerealia-type
Cereales,NA,NA,NA,NA,NA,NA,NA,Cerealia-type
Cerealia,NA,NA,NA,NA,NA,NA,NA,Cerealia-type
Poaceae undifferentiated >40 m,NA,NA,NA,NA,NA,NA,NA,Cerealia-type
Poaceae large,NA,NA,NA,NA,NA,NA,NA,Cerealia-type
Cerealia indeterminata,NA,NA,NA,NA,NA,NA,NA,Cerealia-type
Cerealia (excl. Secale),NA,NA,NA,NA,NA,NA,NA,Cerealia-type
Cerealia sp.,NA,NA,NA,NA,NA,NA,NA,Cerealia-type
Cerealia-type (excl. Secale),NA,NA,NA,NA,NA,NA,NA,Cerealia-type
Gramineae >43 m,NA,NA,NA,NA,NA,NA,NA,Cerealia-type
Poaceae >40 m,NA,NA,NA,NA,NA,NA,NA,Cerealia-type
Glyceria maxima,NA,NA,NA,NA,NA,NA,NA,Hordeum-type
Hordeum vulgare-type,NA,NA,NA,NA,NA,NA,NA,Hordeum-type
Poaceae/Glyceria-type,NA,NA,NA,NA,NA,NA,NA,Hordeum-type
Cerealia/Hordeum-type,NA,NA,NA,NA,NA,NA,NA,Hordeum-type
Cerealia-type/Secale,NA,NA,NA,NA,NA,NA,NA,Secale cereale
Cerealia/Secale,NA,NA,NA,NA,NA,NA,NA,Secale cereale
Triticum undifferentiated,NA,NA,NA,NA,NA,NA,NA,Triticum-type
Cerealia-type/Triticum,NA,NA,NA,NA,NA,NA,NA,Triticum-type
Cerealia/Triticum-type,NA,NA,NA,NA,NA,NA,NA,Triticum-type
Zea undifferentiated,NA,NA,NA,NA,NA,NA,NA,Zea mays
Cerealia-type/Zea,NA,NA,NA,NA,NA,NA,NA,Zea mays
Triticum/Avena-type,NA,NA,NA,NA,NA,NA,NA,Avena/Triticum-type
Cerealia-type/Triticum/Avena,NA,NA,NA,NA,NA,NA,NA,Avena/Triticum-type
Lygeum-type,NA,NA,NA,NA,NA,NA,NA,Lygeum spartum
Oryza-type,NA,NA,NA,NA,NA,NA,NA,Oryza-type
Phragmites,NA,NA,NA,NA,NA,NA,NA,Phragmites australis-type
Phragmites-type,NA,NA,NA,NA,NA,NA,NA,Phragmites australis-type
Phragmites australis-type,NA,NA,NA,NA,NA,NA,NA,Phragmites australis-type
Phragmites australis,NA,NA,NA,NA,NA,NA,NA,Phragmites australis-type
Gramineae,NA,NA,NA,NA,NA,NA,NA,Poaceae
Gramineae undifferentiated,NA,NA,NA,NA,NA,NA,NA,Poaceae
Andropogon,NA,NA,NA,NA,NA,NA,NA,Poaceae
cf. Phragmites australis,NA,NA,NA,NA,NA,NA,NA,Poaceae
Poaceae undifferentiated,NA,NA,NA,NA,NA,NA,NA,Poaceae
Deschampsia,NA,NA,NA,NA,NA,NA,NA,Poaceae
Poa/Festuca-type,NA,NA,NA,NA,NA,NA,NA,Poaceae
Anthoxanthum,NA,NA,NA,NA,NA,NA,NA,Poaceae
Nardus,NA,NA,NA,NA,NA,NA,NA,Poaceae
Poaceae p.p.,NA,NA,NA,NA,NA,NA,NA,Poaceae
Poaceae undifferentiated <40 m,NA,NA,NA,NA,NA,NA,NA,Poaceae
Poaceae <37 m,NA,NA,NA,NA,NA,NA,NA,Poaceae
Poaceae Tardiglaciaire,NA,NA,NA,NA,NA,NA,NA,Poaceae
Sparganium,NA,NA,NA,NA,NA,NA,NA,Sparganium-type
Sparganium-type,NA,NA,NA,NA,NA,NA,NA,Sparganium-type
Typha angustifolia-type,NA,NA,NA,NA,NA,NA,NA,Sparganium-type
Typha angustifolia/Sparganium,NA,NA,NA,NA,NA,NA,NA,Sparganium-type
Sparganiaceae,NA,NA,NA,NA,NA,NA,NA,Sparganium-type
Typha undifferentiated (monad),NA,NA,NA,NA,NA,NA,NA,Sparganium-type
Typha cf. T. angustifolia,NA,NA,NA,NA,NA,NA,NA,Sparganium-type
Sparganium (monad),NA,NA,NA,NA,NA,NA,NA,Sparganium-type
Typha angustifolia/Sparganium-type,NA,NA,NA,NA,NA,NA,NA,Sparganium-type
Sparganium/Typha,NA,NA,NA,NA,NA,NA,NA,Sparganium-type
Typha/Sparganium-type,NA,NA,NA,NA,NA,NA,NA,Sparganium-type
Typha cf. T. domingensis,NA,NA,NA,NA,NA,NA,NA,Sparganium-type
Sparganium sp.,NA,NA,NA,NA,NA,NA,NA,Sparganium-type
Sparganium/Typha angustifolia-type,NA,NA,NA,NA,NA,NA,NA,Sparganium-type
Sparganium/Typha angustifolia,NA,NA,NA,NA,NA,NA,NA,Sparganium-type
Typha/Sparganium undifferentiated,NA,NA,NA,NA,NA,NA,NA,Sparganium-type
Typha angustifolia,NA,NA,NA,NA,NA,NA,NA,Typha angustifolia
Sparganium cf. S. minimum,NA,NA,NA,NA,NA,NA,NA,Sparganium emersum-type
Sparganium emersum-type,NA,NA,NA,NA,NA,NA,NA,Sparganium emersum-type
Sparganium minimum-type,NA,NA,NA,NA,NA,NA,NA,Sparganium emersum-type
Sparganium emersum,NA,NA,NA,NA,NA,NA,NA,Sparganium emersum-type
Sparganium angustifolium-type,NA,NA,NA,NA,NA,NA,NA,Sparganium emersum-type
Sparganium erectum-type,NA,NA,NA,NA,NA,NA,NA,Sparganium erectum
Sparganium erectum,NA,NA,NA,NA,NA,NA,NA,Sparganium erectum
Typha undifferentiated,NA,NA,NA,NA,NA,NA,NA,Typha/Sparganium
Typha-type,NA,NA,NA,NA,NA,NA,NA,Typha/Sparganium
Typhaceae,NA,NA,NA,NA,NA,NA,NA,Typha/Sparganium
Typha,NA,NA,NA,NA,NA,NA,NA,Typha/Sparganium
Typha latifolia/T. angustifolia,NA,NA,NA,NA,NA,NA,NA,Typha/Sparganium
Sparganiaceae/Typhaceae,NA,NA,NA,NA,NA,NA,NA,Typha/Sparganium
Typhaceae/Sparganiaceae,NA,NA,NA,NA,NA,NA,NA,Typha/Sparganium
Typha/Sparganium,NA,NA,NA,NA,NA,NA,NA,Typha/Sparganium
Acorus calamus,NA,NA,NA,NA,NA,NA,NA,Acorus calamus
Nuphar,NA,NA,NA,NA,NA,NA,NA,Nuphar
Nuphar lutea,NA,NA,NA,NA,NA,NA,NA,Nuphar
Nuphar pumila,NA,NA,NA,NA,NA,NA,NA,Nuphar
Nuphar cf. N. lutea,NA,NA,NA,NA,NA,NA,NA,Nuphar
Nuphar lutea-type,NA,NA,NA,NA,NA,NA,NA,Nuphar
Allium oleraceum-type,NA,NA,NA,NA,NA,NA,NA,Allium ursinum-type
Allium suaevolens,NA,NA,NA,NA,NA,NA,NA,Allium ursinum-type
Allium sp.,NA,NA,NA,NA,NA,NA,NA,Allium-type
Anthericum ramosum,NA,NA,NA,NA,NA,NA,NA,Anthericum ramosum
Asparagus officinalis-type,NA,NA,NA,NA,NA,NA,NA,Asparagus officinalis-type
Butomus umbellatus,NA,NA,NA,NA,NA,NA,NA,Butomus umbellatus
Butomus-type,NA,NA,NA,NA,NA,NA,NA,Butomus umbellatus
Butomus,NA,NA,NA,NA,NA,NA,NA,Butomus umbellatus
Butomaceae,NA,NA,NA,NA,NA,NA,NA,Butomus umbellatus
Iris pumila,NA,NA,NA,NA,NA,NA,NA,Iris pumila
Muscari neglectum-type,NA,NA,NA,NA,NA,NA,NA,Muscari neglectum-type
Narthecium ossifragum-type,NA,NA,NA,NA,NA,NA,NA,Narthecium
Hyacinthoides non-scripta,NA,NA,NA,NA,NA,NA,NA,Ornithogalum-type
Ornithogalum umbellatum,NA,NA,NA,NA,NA,NA,NA,Ornithogalum-type
Hyacinthoides/Scilla,NA,NA,NA,NA,NA,NA,NA,Ornithogalum-type
Hyacinthoides,NA,NA,NA,NA,NA,NA,NA,Ornithogalum-type
Ornithogalum,NA,NA,NA,NA,NA,NA,NA,Ornithogalum-type
Endymion,NA,NA,NA,NA,NA,NA,NA,Ornithogalum-type
Smilacina stellata,NA,NA,NA,NA,NA,NA,NA,Smilacina stellata
Liliaceae undifferentiated,NA,NA,NA,NA,NA,NA,NA,Liliaceae-type
Liliaceae-type undifferentiated,NA,NA,NA,NA,NA,NA,NA,Liliaceae-type
Liliaceae cf. Narthecium-type,NA,NA,NA,NA,NA,NA,NA,Liliaceae-type
Paris/Gagea,NA,NA,NA,NA,NA,NA,NA,Liliaceae-type
Monocolpate,NA,NA,NA,NA,NA,NA,NA,Liliaceae-type
Monocotyledone monocolpate,NA,NA,NA,NA,NA,NA,NA,Liliaceae-type
Iridaceae undifferentiated,NA,NA,NA,NA,NA,NA,NA,Liliaceae-type
Liliiflorae,NA,NA,NA,NA,NA,NA,NA,Liliaceae-type
cf. Allium vineale-type,NA,NA,NA,NA,NA,NA,NA,Liliaceae-type
Liliopsida monocolpate,NA,NA,NA,NA,NA,NA,NA,Liliaceae-type
Liliaceae p.p.,NA,NA,NA,NA,NA,NA,NA,Liliaceae-type
Liliaceae indeterminata,NA,NA,NA,NA,NA,NA,NA,Liliaceae-type
Iridaceae/Amaryllidaceae,NA,NA,NA,NA,NA,NA,NA,Liliaceae-type
Asphodelus lutea,NA,NA,NA,NA,NA,NA,NA,Asphodeline
Asphodelus fistulosus-type,NA,NA,NA,NA,NA,NA,NA,Asphodelus fistulosus-type
Smilax aspera,NA,NA,NA,NA,NA,NA,NA,Smilax
Crocus longiflorus,NA,NA,NA,NA,NA,NA,NA,Crocus longiflorus
Polygonatum verticillatum-type,NA,NA,NA,NA,NA,NA,NA,Polygonatum verticillatum
Ruscus,NA,NA,NA,NA,NA,NA,NA,Ruscus
Ruscus aculeatus,NA,NA,NA,NA,NA,NA,NA,Ruscus
Gladiolus/Romulea,NA,NA,NA,NA,NA,NA,NA,Gladiolus/Romulea
Dipcadi-type,NA,NA,NA,NA,NA,NA,NA,Dipcadi-type
Lloydia serotina,NA,NA,NA,NA,NA,NA,NA,Lloydia serotina
Lloydia,NA,NA,NA,NA,NA,NA,NA,Lloydia serotina
Gagea lutea-type,NA,NA,NA,NA,NA,NA,NA,Gagea/Tulipa
Gagea pratensis-type,NA,NA,NA,NA,NA,NA,NA,Gagea/Tulipa
Tulipa sylvestris,NA,NA,NA,NA,NA,NA,NA,Gagea/Tulipa
Tulipa-type,NA,NA,NA,NA,NA,NA,NA,Gagea/Tulipa
Gagea soleirolii,NA,NA,NA,NA,NA,NA,NA,Gagea/Tulipa
Tulipa,NA,NA,NA,NA,NA,NA,NA,Gagea/Tulipa
Paradisia liliastrum,NA,NA,NA,NA,NA,NA,NA,Paradisia liliastrum
Paris,NA,NA,NA,NA,NA,NA,NA,Paris
Maianthemum/Paris,NA,NA,NA,NA,NA,NA,NA,Maianthemum/Paris
Simethis,NA,NA,NA,NA,NA,NA,NA,Simethis
Leucojum/Galanthus,NA,NA,NA,NA,NA,NA,NA,Leucojum-type
Galanthus,NA,NA,NA,NA,NA,NA,NA,Leucojum-type
Galanthus nivalis,NA,NA,NA,NA,NA,NA,NA,Leucojum-type
Leucojum-type,NA,NA,NA,NA,NA,NA,NA,Leucojum-type
Stratiotes,NA,NA,NA,NA,NA,NA,NA,Stratiotes aloides
Stratiotes aloides,NA,NA,NA,NA,NA,NA,NA,Stratiotes aloides
Trachycarpus,NA,NA,NA,NA,NA,NA,NA,Trachycarpus
Hyphaene,NA,NA,NA,NA,NA,NA,NA,Hyphaene
Hyphaene cf. H. thebaica,NA,NA,NA,NA,NA,NA,NA,Hyphaene
Magnoliaceae undifferentiated,NA,NA,NA,NA,NA,NA,NA,Magnolia-type
Eriocaulon,NA,NA,NA,NA,NA,NA,NA,Eriocaulon
Eriocaulaceae,NA,NA,NA,NA,NA,NA,NA,Eriocaulon
Myrtus/Eucalyptus,NA,NA,NA,NA,NA,NA,NA,Myrtaceae
Syzygium-type,NA,NA,NA,NA,NA,NA,NA,Syzygium-type
Nymphoides peltata,NA,NA,NA,NA,NA,NA,NA,Nymphoides peltata
Nymphoides,NA,NA,NA,NA,NA,NA,NA,Nymphoides peltata
Nymphoides peltata-type,NA,NA,NA,NA,NA,NA,NA,Nymphoides peltata
Pedicularis verticillatum-type,NA,NA,NA,NA,NA,NA,NA,Pedicularis verticillata-type
Berberis vulgaris-type,NA,NA,NA,NA,NA,NA,NA,Berberis
Mahonia-type,NA,NA,NA,NA,NA,NA,NA,Mahonia aquilifolium-type
Mahonia aquilifolium-type,NA,NA,NA,NA,NA,NA,NA,Mahonia aquilifolium-type
Anarrhinum bellidifolium,NA,NA,NA,NA,NA,NA,NA,Anarrhinum bellidifolium
Mimulus-type,NA,NA,NA,NA,NA,NA,NA,Mimulus-type
Tamus communis,NA,NA,NA,NA,NA,NA,NA,Tamus communis
Tamus,NA,NA,NA,NA,NA,NA,NA,Tamus communis
Tofieldia-type,NA,NA,NA,NA,NA,NA,NA,Tofieldia
Calla,NA,NA,NA,NA,NA,NA,NA,Calla palustris
Calla palustris,NA,NA,NA,NA,NA,NA,NA,Calla palustris
Aconitum-group,NA,NA,NA,NA,NA,NA,NA,Aconitum
Aconitum non-napellus,NA,NA,NA,NA,NA,NA,NA,Aconitum
Adonis annua-type,NA,NA,NA,NA,NA,NA,NA,Adonis aestivalis-type
Adonis aestivalis/A. flammea,NA,NA,NA,NA,NA,NA,NA,Adonis aestivalis-type
Caltha palustris-type,NA,NA,NA,NA,NA,NA,NA,Caltha-type
Caltha,NA,NA,NA,NA,NA,NA,NA,Caltha palustris
Caltha palustris,NA,NA,NA,NA,NA,NA,NA,Caltha palustris
Aquilegia sp.,NA,NA,NA,NA,NA,NA,NA,Aquilegia
Convolvulus undifferentiated,NA,NA,NA,NA,NA,NA,NA,Convolvulus
Cuscuta gronovii-type,NA,NA,NA,NA,NA,NA,NA,Cuscuta europaea-type
Cuscuta europaea,NA,NA,NA,NA,NA,NA,NA,Cuscuta europaea-type
Cuscuta epithymum,NA,NA,NA,NA,NA,NA,NA,Cuscuta europaea-type
Frankenia hirsuta-type,NA,NA,NA,NA,NA,NA,NA,Frankenia
Frankenia-type,NA,NA,NA,NA,NA,NA,NA,Frankenia
Papaver rhoeas-group,NA,NA,NA,NA,NA,NA,NA,Papaver rhoeas-type
Papaver radicatum,NA,NA,NA,NA,NA,NA,NA,Papaver radicatum
Papaver dubium,NA,NA,NA,NA,NA,NA,NA,Papaver dubium
Papaver somniferum,NA,NA,NA,NA,NA,NA,NA,Papaver somniferum
Papaveraceae undifferentiated,NA,NA,NA,NA,NA,NA,NA,Papaveraceae
Rhinanthus-group,NA,NA,NA,NA,NA,NA,NA,Rhinanthus-group
Rhynchocorys,NA,NA,NA,NA,NA,NA,NA,Rhinanthus-type
Orobanche,NA,NA,NA,NA,NA,NA,NA,Rhinanthus-type
Parentucellia-type,NA,NA,NA,NA,NA,NA,NA,Rhinanthus-type
Rhinanthoideae,NA,NA,NA,NA,NA,NA,NA,Rhinanthus-type
Lathraea,NA,NA,NA,NA,NA,NA,NA,Rhinanthus-type
Veronica beccabunga-type,NA,NA,NA,NA,NA,NA,NA,Veronica-type
Veronica beccabunga,NA,NA,NA,NA,NA,NA,NA,Veronica-type
Veronica anagallis-aquatica,NA,NA,NA,NA,NA,NA,NA,Veronica-type
Veronica cf. spicata,NA,NA,NA,NA,NA,NA,NA,Veronica-type
cf. Veronica chamaedrys,NA,NA,NA,NA,NA,NA,NA,Veronica-type
Veronica chamaedrys,NA,NA,NA,NA,NA,NA,NA,Veronica-type
Veronica officinalis,NA,NA,NA,NA,NA,NA,NA,Veronica-type
Polygonum alpinum,NA,NA,NA,NA,NA,NA,NA,Polygonum alpinum
Polygonum alpinum-type,NA,NA,NA,NA,NA,NA,NA,Polygonum alpinum
Quercus undifferentiated,NA,NA,NA,NA,NA,NA,NA,Quercus
Quercus robur/Q. cerris,NA,NA,NA,NA,NA,NA,NA,Quercus
Quercus cf. Q. robur,NA,NA,NA,NA,NA,NA,NA,Quercus
Quercus cf. Q. ilex,NA,NA,NA,NA,NA,NA,NA,Quercus
Quercus cf. Q. suber,NA,NA,NA,NA,NA,NA,NA,Quercus
Quercus cf. Q. rotundifolia,NA,NA,NA,NA,NA,NA,NA,Quercus
Quercus indeterminata,NA,NA,NA,NA,NA,NA,NA,Quercus
Quercus evergreen-type,NA,NA,NA,NA,NA,NA,NA,Quercus ilex-type
Quercus evergreen,NA,NA,NA,NA,NA,NA,NA,Quercus ilex-type
Quercus sempervirens,NA,NA,NA,NA,NA,NA,NA,Quercus ilex-type
Quercus frainetto,NA,NA,NA,NA,NA,NA,NA,Quercus robur-type
Quercus infectoria-type,NA,NA,NA,NA,NA,NA,NA,Quercus robur-type
Quercus petraea,NA,NA,NA,NA,NA,NA,NA,Quercus robur-type
Quercus robur-group,NA,NA,NA,NA,NA,NA,NA,Quercus robur-type
Quercus cf. Q. canariensis,NA,NA,NA,NA,NA,NA,NA,Quercus robur-type
Quercus robur/Q. pubescens-type,NA,NA,NA,NA,NA,NA,NA,Quercus robur-type
Quercus pubescens,NA,NA,NA,NA,NA,NA,NA,Quercus robur-type
Quercus deciduous-type,NA,NA,NA,NA,NA,NA,NA,Quercus robur-type
Quercus pubescens/Q. robur-type,NA,NA,NA,NA,NA,NA,NA,Quercus robur-type
Quercus deciduous,NA,NA,NA,NA,NA,NA,NA,Quercus robur-type
Ranunculaceae undifferentiated,NA,NA,NA,NA,NA,NA,NA,Ranunculaceae
Ranunculaceae (type 1),NA,NA,NA,NA,NA,NA,NA,Ranunculaceae
Ranunculaceae (type 2),NA,NA,NA,NA,NA,NA,NA,Ranunculaceae
Ranunculaceae p.p.,NA,NA,NA,NA,NA,NA,NA,Ranunculaceae
Ranunculaceae indeterminata,NA,NA,NA,NA,NA,NA,NA,Ranunculaceae
Ranunculus cf. R. bulbosus,NA,NA,NA,NA,NA,NA,NA,Ranunculus acris-type
Ranunculus repens,NA,NA,NA,NA,NA,NA,NA,Ranunculus acris-type
Ranunculus acer,NA,NA,NA,NA,NA,NA,NA,Ranunculus acris-type
Ranunculus acris-group,NA,NA,NA,NA,NA,NA,NA,Ranunculus acris-type
Ranunculus muricatus-type,NA,NA,NA,NA,NA,NA,NA,Ranunculus acris-type
Ranunculus montanus-type,NA,NA,NA,NA,NA,NA,NA,Ranunculus acris-type
Ranunculus acer-type,NA,NA,NA,NA,NA,NA,NA,Ranunculus acris-type
Ranunculus polyphyllus,NA,NA,NA,NA,NA,NA,NA,Ranunculus flammula-type
Ranunculus flammula-group,NA,NA,NA,NA,NA,NA,NA,Ranunculus flammula-type
Ranunculus undifferentiated,NA,NA,NA,NA,NA,NA,NA,Ranunculus-type
Anemone/Hepatica,NA,NA,NA,NA,NA,NA,NA,Ranunculus-type
Ranunculus officinalis,NA,NA,NA,NA,NA,NA,NA,Ranunculus-type
Anemone/Pulsatilla,NA,NA,NA,NA,NA,NA,NA,Ranunculus-type
Anemone/Pulsatilla-type,NA,NA,NA,NA,NA,NA,NA,Ranunculus-type
Ranunculus indeterminata,NA,NA,NA,NA,NA,NA,NA,Ranunculus-type
Anemone undifferentiated,NA,NA,NA,NA,NA,NA,NA,Anemone nemorosa-type
Anemone nemorosa-group,NA,NA,NA,NA,NA,NA,NA,Anemone nemorosa-type
Anemone nemorosa/ranunculoides,NA,NA,NA,NA,NA,NA,NA,Anemone nemorosa-type
Ranunculus circiniatus,NA,NA,NA,NA,NA,NA,NA,Ranunculus sceleratus-type
Ranunculus sceleratus,NA,NA,NA,NA,NA,NA,NA,Ranunculus sceleratus-type
Ranunculus cf. R. sceleratus,NA,NA,NA,NA,NA,NA,NA,Ranunculus sceleratus-type
Pulsatilla,NA,NA,NA,NA,NA,NA,NA,Pulsatilla
Pulsatilla alpina,NA,NA,NA,NA,NA,NA,NA,Pulsatilla
Pulsatilla vulgaris-group,NA,NA,NA,NA,NA,NA,NA,Pulsatilla
Pulsatilla-type,NA,NA,NA,NA,NA,NA,NA,Pulsatilla
Pulsatilla montana,NA,NA,NA,NA,NA,NA,NA,Pulsatilla
Ceratocephalus-type,NA,NA,NA,NA,NA,NA,NA,Ceratocephalus
Ceratocephalus,NA,NA,NA,NA,NA,NA,NA,Ceratocephalus
Ranunculus subgen. Batrachium,NA,NA,NA,NA,NA,NA,NA,Ranunculus aquatilis-type
Ranunculus trichophyllus-type,NA,NA,NA,NA,NA,NA,NA,Ranunculus aquatilis-type
Ranunculus subgen. Batrachium-type,NA,NA,NA,NA,NA,NA,NA,Ranunculus aquatilis-type
Ranunculus peltatus-type,NA,NA,NA,NA,NA,NA,NA,Ranunculus aquatilis-type
Ranunculus trichophyllus,NA,NA,NA,NA,NA,NA,NA,Ranunculus aquatilis-type
Ranunculus batrachioides,NA,NA,NA,NA,NA,NA,NA,Ranunculus aquatilis-type
Batrachium-type,NA,NA,NA,NA,NA,NA,NA,Ranunculus aquatilis-type
Ranunculus aquatilis-type,NA,NA,NA,NA,NA,NA,NA,Ranunculus aquatilis-type
Batrachium,NA,NA,NA,NA,NA,NA,NA,Ranunculus aquatilis-type
Ranunculus sect. Batrachium,NA,NA,NA,NA,NA,NA,NA,Ranunculus aquatilis-type
Ranunculus batrachium,NA,NA,NA,NA,NA,NA,NA,Ranunculus aquatilis-type
Ranunculus batrachium-type,NA,NA,NA,NA,NA,NA,NA,Ranunculus aquatilis-type
Batrachium aquatile,NA,NA,NA,NA,NA,NA,NA,Ranunculus aquatilis-type
Ranunculus ficaria,NA,NA,NA,NA,NA,NA,NA,Ranunculus ficaria
Ranunculus ficaria-group,NA,NA,NA,NA,NA,NA,NA,Ranunculus ficaria
Ranunculus ficaria-type,NA,NA,NA,NA,NA,NA,NA,Ranunculus ficaria
Ranunculus constantinopolitanus-type,NA,NA,NA,NA,NA,NA,NA,Ranunculus constantinopolitanus-type
Ranunculus nivalis-type,NA,NA,NA,NA,NA,NA,NA,Ranunculus nivalis-type
Ranunculus asiaticus,NA,NA,NA,NA,NA,NA,NA,Ranunculus asiaticus
Saxifraga hypnoides,NA,NA,NA,NA,NA,NA,NA,Saxifraga granulata-type
Saxifraga rosacea,NA,NA,NA,NA,NA,NA,NA,Saxifraga granulata-type
Saxifraga rivularis,NA,NA,NA,NA,NA,NA,NA,Saxifraga granulata-type
Saxifraga rotundifolia,NA,NA,NA,NA,NA,NA,NA,Saxifraga granulata-type
Saxifraga moschata-type,NA,NA,NA,NA,NA,NA,NA,Saxifraga granulata-type
Saxifraga tridactylites,NA,NA,NA,NA,NA,NA,NA,Saxifraga granulata-type
Teucrium scordonia,NA,NA,NA,NA,NA,NA,NA,Teucrium chamaedrys-type
Valerianella campestris,NA,NA,NA,NA,NA,NA,NA,Valerianella
Valerianella locusta,NA,NA,NA,NA,NA,NA,NA,Valerianella
Fedia,NA,NA,NA,NA,NA,NA,NA,Fedia
Viola palustris-type,NA,NA,NA,NA,NA,NA,NA,Viola odorata-type
Viola riviniana-type,NA,NA,NA,NA,NA,NA,NA,Viola odorata-type
Viola palustris,NA,NA,NA,NA,NA,NA,NA,Viola odorata-type
Viola riviniana/V. canina,NA,NA,NA,NA,NA,NA,NA,Viola odorata-type
Trapa,NA,NA,NA,NA,NA,NA,NA,Trapa natans
Trapa natans,NA,NA,NA,NA,NA,NA,NA,Trapa natans
Nigella-type,NA,NA,NA,NA,NA,NA,NA,Nigella
Nigella arvensis-type,NA,NA,NA,NA,NA,NA,NA,Nigella
Alchemilla pentaphylla,NA,NA,NA,NA,NA,NA,NA,Alchemilla
Alchemilla arvensis,NA,NA,NA,NA,NA,NA,NA,Alchemilla
Alchemilla pentaphyllea-type,NA,NA,NA,NA,NA,NA,NA,Alchemilla
Alchemilla-group,NA,NA,NA,NA,NA,NA,NA,Alchemilla/Aphanes
Sanguisorba minor,NA,NA,NA,NA,NA,NA,NA,Sanguisorba minor-type
Sanguisorba minor ssp. minor,NA,NA,NA,NA,NA,NA,NA,Sanguisorba minor-type
Sarcopoterium spinosum/Sanguisorba minor,NA,NA,NA,NA,NA,NA,NA,Sanguisorba minor-type
Sarcopoterium,NA,NA,NA,NA,NA,NA,NA,Sanguisorba minor-type
Sanguisorba/Poterium,NA,NA,NA,NA,NA,NA,NA,Sanguisorba minor-type
Sanguisorba/Poterium-type,NA,NA,NA,NA,NA,NA,NA,Sanguisorba minor-type
Actaea spicata-type,NA,NA,NA,NA,NA,NA,NA,Actaea
Hepatica-type,NA,NA,NA,NA,NA,NA,NA,Hepatica
Hepatica,NA,NA,NA,NA,NA,NA,NA,Hepatica
Hepatica nobilis-type,NA,NA,NA,NA,NA,NA,NA,Hepatica
Hepatica nobilis,NA,NA,NA,NA,NA,NA,NA,Hepatica
Polycarpon,NA,NA,NA,NA,NA,NA,NA,Polycarpon
Polycarpon-type,NA,NA,NA,NA,NA,NA,NA,Polycarpon
Pteranthus,NA,NA,NA,NA,NA,NA,NA,Pteranthus
Delphinium/Aconitum,NA,NA,NA,NA,NA,NA,NA,Consolida-type
Consolida ambigua,NA,NA,NA,NA,NA,NA,NA,Consolida-type
Consolida regalis-type,NA,NA,NA,NA,NA,NA,NA,Consolida-type
Consolida regalis,NA,NA,NA,NA,NA,NA,NA,Consolida-type
Globularia alypum-type,NA,NA,NA,NA,NA,NA,NA,Globularia
Lamiastrum-type,NA,NA,NA,NA,NA,NA,NA,Lamium album-type
Lamiastrum,NA,NA,NA,NA,NA,NA,NA,Lamium album-type
Lamium album,NA,NA,NA,NA,NA,NA,NA,Lamium album-type
Eranthis hyemalis-type,NA,NA,NA,NA,NA,NA,NA,Eranthis hyemalis
Claytonia undifferentiated,NA,NA,NA,NA,NA,NA,NA,Claytonia
Claytonia sibirica,NA,NA,NA,NA,NA,NA,NA,Claytonia
Anthyllis-type,NA,NA,NA,NA,NA,NA,NA,Anthyllis
Artemisia cf. A. norvegica (type1),NA,NA,NA,NA,NA,NA,NA,Artemisia
Artemisia cf. A. norvegica (type2),NA,NA,NA,NA,NA,NA,NA,Artemisia
Artemisia undifferentiated,NA,NA,NA,NA,NA,NA,NA,Artemisia
Artemisia (Type A),NA,NA,NA,NA,NA,NA,NA,Artemisia
Artemisia (Type B),NA,NA,NA,NA,NA,NA,NA,Artemisia
Artemisia (Type C),NA,NA,NA,NA,NA,NA,NA,Artemisia
Artemisia (Type D),NA,NA,NA,NA,NA,NA,NA,Artemisia
Artemisia rupestris,NA,NA,NA,NA,NA,NA,NA,Artemisia
Artemisia (Type F),NA,NA,NA,NA,NA,NA,NA,Artemisia
Artemisia herba-alba,NA,NA,NA,NA,NA,NA,NA,Artemisia
Artemisia ss,NA,NA,NA,NA,NA,NA,NA,Artemisia
Artemisia sl.,NA,NA,NA,NA,NA,NA,NA,Artemisia
Artemisia vulgaris,NA,NA,NA,NA,NA,NA,NA,Artemisia
Artemisia campestris,NA,NA,NA,NA,NA,NA,NA,Artemisia
Artemisia genipii/A. mutellina,NA,NA,NA,NA,NA,NA,NA,Artemisia
Artemisia: clumps,NA,NA,NA,NA,NA,NA,NA,Artemisia
Bruckenthalia spiculifolia,NA,NA,NA,NA,NA,NA,NA,Bruckenthalia spiculifolia
Centaurea depressa,NA,NA,NA,NA,NA,NA,NA,Centaurea cyanus-type
Centaurea mollis-type,NA,NA,NA,NA,NA,NA,NA,Centaurea montana-type
Centaurea montana/C. triumfetti,NA,NA,NA,NA,NA,NA,NA,Centaurea montana-type
Centaurea triumfetti-type,NA,NA,NA,NA,NA,NA,NA,Centaurea montana-type
Centaurea cf. C. scabiosa,NA,NA,NA,NA,NA,NA,NA,Centaurea scabiosa-type
Crassula aquatica,NA,NA,NA,NA,NA,NA,NA,Umbilicus-type
Umbilicus,NA,NA,NA,NA,NA,NA,NA,Umbilicus-type
Umbilicus-type,NA,NA,NA,NA,NA,NA,NA,Umbilicus-type
Umbilicus rupestris-type,NA,NA,NA,NA,NA,NA,NA,Umbilicus-type
Tillaea,NA,NA,NA,NA,NA,NA,NA,Umbilicus-type
Polygonum-type (tricolporate),NA,NA,NA,NA,NA,NA,NA,Polygonum-type (tricolporate)
Polygonum undifferentiated,NA,NA,NA,NA,NA,NA,NA,Polygonum-type (tricolporate)
Polygonum (tricolporate),NA,NA,NA,NA,NA,NA,NA,Polygonum-type (tricolporate)
Polygonum pp.,NA,NA,NA,NA,NA,NA,NA,Polygonum-type (tricolporate)
Polygonum aviculare/P. bistorta-type,NA,NA,NA,NA,NA,NA,NA,Polygonum-type (tricolporate)
Polygonum sect. Aconogonon,NA,NA,NA,NA,NA,NA,NA,Polygonum-type (tricolporate)
Polygonum arenarium,NA,NA,NA,NA,NA,NA,NA,Polygonum aviculare-type
Polygonum maritimum,NA,NA,NA,NA,NA,NA,NA,Polygonum oxyspermum-type
Polygonum bistorta,NA,NA,NA,NA,NA,NA,NA,Polygonum bistorta
Bistorta major,NA,NA,NA,NA,NA,NA,NA,Polygonum bistorta
Polygonum bistorta-type,NA,NA,NA,NA,NA,NA,NA,Polygonum bistorta-type
Polygonum bistorta/P. viviparum,NA,NA,NA,NA,NA,NA,NA,Polygonum bistorta-type
Polygonum cf. P. viviparum,NA,NA,NA,NA,NA,NA,NA,Polygonum bistorta-type
Polygonum sect. Bistorta,NA,NA,NA,NA,NA,NA,NA,Polygonum bistorta-type
Polygonum viviparum-type,NA,NA,NA,NA,NA,NA,NA,Polygonum bistorta-type
Polygonum cf. P. bistorta,NA,NA,NA,NA,NA,NA,NA,Polygonum bistorta-type
Polygonum cf. P. bistorta-type,NA,NA,NA,NA,NA,NA,NA,Polygonum bistorta-type
Polygonum viviparum,NA,NA,NA,NA,NA,NA,NA,Polygonum viviparum
Polygonum amplexicaule,NA,NA,NA,NA,NA,NA,NA,Polygonum amplexicaule
Bilderdykia convolvulus,NA,NA,NA,NA,NA,NA,NA,Fallopia
Bilderdykia convolvulus-type,NA,NA,NA,NA,NA,NA,NA,Fallopia
Bilderdykia convolvulus/B. dumetorum,NA,NA,NA,NA,NA,NA,NA,Fallopia
Polygonum convolvulus-type,NA,NA,NA,NA,NA,NA,NA,Fallopia
Polygonum convolvulus,NA,NA,NA,NA,NA,NA,NA,Fallopia
Fallopia-type,NA,NA,NA,NA,NA,NA,NA,Fallopia
Polygonum convolvulus/P. dumetorum,NA,NA,NA,NA,NA,NA,NA,Fallopia
Polygonum cognatum-type,NA,NA,NA,NA,NA,NA,NA,Polygonum cognatum
Fagus orientalis,NA,NA,NA,NA,NA,NA,NA,Fagus
Filipendula cf. F. ulmaria,NA,NA,NA,NA,NA,NA,NA,Filipendula
Filipendula ulmaria/F. vulgaris,NA,NA,NA,NA,NA,NA,NA,Filipendula
Lotus uliginosus,NA,NA,NA,NA,NA,NA,NA,Lotus-type
Lotus uliginosus-type,NA,NA,NA,NA,NA,NA,NA,Lotus-type
Lotus undifferentiated,NA,NA,NA,NA,NA,NA,NA,Lotus-type
Lotus cf. L. uliginosus,NA,NA,NA,NA,NA,NA,NA,Lotus-type
Fabaceae/Lotus-type,NA,NA,NA,NA,NA,NA,NA,Lotus-type
Tetragonolobus maritimus,NA,NA,NA,NA,NA,NA,NA,Tetragonolobus maritimus
Polygonaceae undifferentiated,NA,NA,NA,NA,NA,NA,NA,Polygonaceae
Paliurus-type,NA,NA,NA,NA,NA,NA,NA,Rhamnus-type
Paliurus spina-christi,NA,NA,NA,NA,NA,NA,NA,Rhamnus-type
Zizyphus lotus,NA,NA,NA,NA,NA,NA,NA,Zizyphus
Zizyphus,NA,NA,NA,NA,NA,NA,NA,Zizyphus
Hippophae,NA,NA,NA,NA,NA,NA,NA,Hippophae rhamnoides
Hippophae rhamnoides,NA,NA,NA,NA,NA,NA,NA,Hippophae rhamnoides
Solanum cf. S. nigrum,NA,NA,NA,NA,NA,NA,NA,Solanum
Solanum sodomeum,NA,NA,NA,NA,NA,NA,NA,Solanum nigrum-type
Solanum cf. nigrum-type,NA,NA,NA,NA,NA,NA,NA,Solanum nigrum-type
Verbena-type,NA,NA,NA,NA,NA,NA,NA,Verbena officinalis
Cyclamen hederifolium,NA,NA,NA,NA,NA,NA,NA,Cyclamen hederifolium
Androsaceae,NA,NA,NA,NA,NA,NA,NA,Androsace
Dorycnium hirsutum,NA,NA,NA,NA,NA,NA,NA,Dorycnium
Ornithopus perpusillus,NA,NA,NA,NA,NA,NA,NA,Ornithopus
Apium graveolens,NA,NA,NA,NA,NA,NA,NA,Apium graveolens
Apium inundatum,NA,NA,NA,NA,NA,NA,NA,Apium inundatum
Bupleurum falcatum-type,NA,NA,NA,NA,NA,NA,NA,Bupleurum
Heracleum sphondylium-type,NA,NA,NA,NA,NA,NA,NA,Heracleum
Heracleum sp.,NA,NA,NA,NA,NA,NA,NA,Heracleum
Heracleum mantegazzianum,NA,NA,NA,NA,NA,NA,NA,Heracleum mantegazzianum
Hydrocotyle,NA,NA,NA,NA,NA,NA,NA,Hydrocotyle
Hydrocotyle vulgaris,NA,NA,NA,NA,NA,NA,NA,Hydrocotyle
Hydrocotyle-type,NA,NA,NA,NA,NA,NA,NA,Hydrocotyle
Sium erectum-type,NA,NA,NA,NA,NA,NA,NA,Sium-type
Anthriscus caucalis-type,NA,NA,NA,NA,NA,NA,NA,Anthriscus caucalis
Pimpinella major/P. saxifraga,NA,NA,NA,NA,NA,NA,NA,Pimpinella major-type
Pimpinella major,NA,NA,NA,NA,NA,NA,NA,Pimpinella major-type
Bunium,NA,NA,NA,NA,NA,NA,NA,Peucedanum-type
Angelica sylvestris-type,NA,NA,NA,NA,NA,NA,NA,Peucedanum-type
Ferula/Bunium-type,NA,NA,NA,NA,NA,NA,NA,Peucedanum-type
Selinum carvifolia/pyrenaeum,NA,NA,NA,NA,NA,NA,NA,Peucedanum-type
Peucedanum ostruthium,NA,NA,NA,NA,NA,NA,NA,Peucedanum-type
Selinum carvifolia-type,NA,NA,NA,NA,NA,NA,NA,Peucedanum-type
Foeniculum vulgare ssp. vulgare,NA,NA,NA,NA,NA,NA,NA,Foeniculum vulgare ssp. vulgare
Anthriscus nitida/sylvestris,NA,NA,NA,NA,NA,NA,NA,Anthriscus sylvestris-type
Lecokia,NA,NA,NA,NA,NA,NA,NA,Lecokia
Psammogeton-type,NA,NA,NA,NA,NA,NA,NA,Psammogeton-type
Trachyspermum-type,NA,NA,NA,NA,NA,NA,NA,Trachyspermum-type
Astrantia minor,NA,NA,NA,NA,NA,NA,NA,Astrantia-type
Oenanthe,NA,NA,NA,NA,NA,NA,NA,Oenanthe
Aegopodium,NA,NA,NA,NA,NA,NA,NA,Aegopodium podagraria
Eryngium ilicifolium,NA,NA,NA,NA,NA,NA,NA,Eryngium
Conium,NA,NA,NA,NA,NA,NA,NA,Conium maculatum
Ligusticum scoticum,NA,NA,NA,NA,NA,NA,NA,Ligusticum scoticum
Meum,NA,NA,NA,NA,NA,NA,NA,Meum athamanticum
Chaerophyllum temulentum,NA,NA,NA,NA,NA,NA,NA,Chaerophyllum hirsutum-type
Chaerophyllum hirsutum/C. temulentum,NA,NA,NA,NA,NA,NA,NA,Chaerophyllum hirsutum-type
Thorella verticillatinundata-type,NA,NA,NA,NA,NA,NA,NA,Thorella verticillatinundata-type
Cicuta-type,NA,NA,NA,NA,NA,NA,NA,Apiaceae
Umbelliferae,NA,NA,NA,NA,NA,NA,NA,Apiaceae
Umbelliferae (type 1),NA,NA,NA,NA,NA,NA,NA,Apiaceae
Umbelliferae (type 2),NA,NA,NA,NA,NA,NA,NA,Apiaceae
Umbelliferae (type 3),NA,NA,NA,NA,NA,NA,NA,Apiaceae
Umbelliferae undifferentiated,NA,NA,NA,NA,NA,NA,NA,Apiaceae
cf. Ligusticum,NA,NA,NA,NA,NA,NA,NA,Apiaceae
Oenanthe-type,NA,NA,NA,NA,NA,NA,NA,Apiaceae
cf. Bunium rectangulum,NA,NA,NA,NA,NA,NA,NA,Apiaceae
cf. Falcaria,NA,NA,NA,NA,NA,NA,NA,Apiaceae
cf. Levisticum,NA,NA,NA,NA,NA,NA,NA,Apiaceae
cf. Smyrniopsis,NA,NA,NA,NA,NA,NA,NA,Apiaceae
cf. Heracleum sphondylium,NA,NA,NA,NA,NA,NA,NA,Apiaceae
Umbelliferae 3,NA,NA,NA,NA,NA,NA,NA,Apiaceae
Apiaceae undifferentiated,NA,NA,NA,NA,NA,NA,NA,Apiaceae
cf. Anthriscus caucalis,NA,NA,NA,NA,NA,NA,NA,Apiaceae
cf. Daucus carota,NA,NA,NA,NA,NA,NA,NA,Apiaceae
Apiaceae cf. Berula erecta,NA,NA,NA,NA,NA,NA,NA,Apiaceae
Daucaceae,NA,NA,NA,NA,NA,NA,NA,Apiaceae
Aethusa-type,NA,NA,NA,NA,NA,NA,NA,Apiaceae
Umbelliferae/Apiaceae,NA,NA,NA,NA,NA,NA,NA,Apiaceae
cf. Peucedanum,NA,NA,NA,NA,NA,NA,NA,Apiaceae
Apiaceae indeterminata,NA,NA,NA,NA,NA,NA,NA,Apiaceae
Daucaceae,NA,NA,NA,NA,NA,NA,NA,Apiaceae
Apiaceae apioide-type,NA,NA,NA,NA,NA,NA,NA,Apiaceae
cf. Meum,NA,NA,NA,NA,NA,NA,NA,Apiaceae
Anisosciadium,NA,NA,NA,NA,NA,NA,NA,Anisosciadium
Bifora radians-type,NA,NA,NA,NA,NA,NA,NA,Bifora radians-type
Angelica palustris,NA,NA,NA,NA,NA,NA,NA,Angelica palustris
Laserpitium latifolium,NA,NA,NA,NA,NA,NA,NA,Laserpitium latifolium-type
Laserpitium prutenicum,NA,NA,NA,NA,NA,NA,NA,Laserpitium prutenicum
Trinia,NA,NA,NA,NA,NA,NA,NA,Trinia glauca
Ammi majus,NA,NA,NA,NA,NA,NA,NA,Ammi majus
Turgenia,NA,NA,NA,NA,NA,NA,NA,Turgenia latifolia
Myrrhis odorata,NA,NA,NA,NA,NA,NA,NA,Myrrhis odorata
Torilis nodosa-type,NA,NA,NA,NA,NA,NA,NA,Torilis nodosa
Levisticum officinale-type,NA,NA,NA,NA,NA,NA,NA,Levisticum officinale
Levisticum officinale,NA,NA,NA,NA,NA,NA,NA,Levisticum officinale
Cachrys-type,NA,NA,NA,NA,NA,NA,NA,Cachrys-type
Scandix,NA,NA,NA,NA,NA,NA,NA,Scandix pecten-veneris/Caucalis platycarpos
Scandix pecten-veneris-type,NA,NA,NA,NA,NA,NA,NA,Scandix pecten-veneris/Caucalis platycarpos
Scandix pecten-veneris/Caucalis platycarpos,NA,NA,NA,NA,NA,NA,NA,Scandix pecten-veneris/Caucalis platycarpos
Petroselinum segetum-type,NA,NA,NA,NA,NA,NA,NA,Petroselinum segetum-type
Caesalpinia-type,NA,NA,NA,NA,NA,NA,NA,Caesalpinia-type
Hagenia abyssinica,NA,NA,NA,NA,NA,NA,NA,Hagenia abyssinica
Anchusa arvensis,NA,NA,NA,NA,NA,NA,NA,Anchusa arvensis-type
Anchusa arvensis-type,NA,NA,NA,NA,NA,NA,NA,Anchusa arvensis-type
Moltkiopsis-type,NA,NA,NA,NA,NA,NA,NA,Moltkiopsis-type
Diospyrus,NA,NA,NA,NA,NA,NA,NA,Diospyrus
Eucommia,NA,NA,NA,NA,NA,NA,NA,Eucommia
cf. Cornus suecica,NA,NA,NA,NA,NA,NA,NA,Cornus
Cornus mas/C. sanguinea,NA,NA,NA,NA,NA,NA,NA,Cornus
Cornus-type,NA,NA,NA,NA,NA,NA,NA,Cornus
Cornus undifferentiated,NA,NA,NA,NA,NA,NA,NA,Cornus
Cornus cf. C. sanguinea,NA,NA,NA,NA,NA,NA,NA,Cornus
Cornus subgen. Kraniopsis,NA,NA,NA,NA,NA,NA,NA,Cornus sanguinea-type
Elatine,NA,NA,NA,NA,NA,NA,NA,Elatine
Elatine-type,NA,NA,NA,NA,NA,NA,NA,Elatine
Medicago sativa ssp. falcata,NA,NA,NA,NA,NA,NA,NA,Medicago sativa-type
Mercurialis undifferentiated,NA,NA,NA,NA,NA,NA,NA,Mercurialis
Mercurialis cf. M. perennis,NA,NA,NA,NA,NA,NA,NA,Mercurialis
Mercurialis cf. annua,NA,NA,NA,NA,NA,NA,NA,Mercurialis
Mercurialis cf. ovata,NA,NA,NA,NA,NA,NA,NA,Mercurialis perennis-type
Punica,NA,NA,NA,NA,NA,NA,NA,Punica granatum
Orthilia cf. O. secunda,NA,NA,NA,NA,NA,NA,NA,Orthilia
Capparis spinosa,NA,NA,NA,NA,NA,NA,NA,Capparis
Capparis,NA,NA,NA,NA,NA,NA,NA,Capparis
Soldanella pusilla,NA,NA,NA,NA,NA,NA,NA,Soldanella
Capparaceae,NA,NA,NA,NA,NA,NA,NA,Capparaceae
Datisca,NA,NA,NA,NA,NA,NA,NA,Datisca cannabina
cf. Linum catharticum-type,NA,NA,NA,NA,NA,NA,NA,Linum
Linum undifferentiated,NA,NA,NA,NA,NA,NA,NA,Linum
Linum sp.,NA,NA,NA,NA,NA,NA,NA,Linum
Linum maritimum-type,NA,NA,NA,NA,NA,NA,NA,Linum catharticum-type
Linum flavum,NA,NA,NA,NA,NA,NA,NA,Linum flavum
Linum tenuifolium-type,NA,NA,NA,NA,NA,NA,NA,Linum tenuifolium
Linum tenuifolium,NA,NA,NA,NA,NA,NA,NA,Linum tenuifolium
Linum cf. L. perenne ssp. anglicum,NA,NA,NA,NA,NA,NA,NA,NA
Linum perenne ssp. anglicum,NA,NA,NA,NA,NA,NA,NA,Linum perenne ssp. anglicum
Linum mucronatum-type,NA,NA,NA,NA,NA,NA,NA,Linum mucronatum-type
Linum perenne,NA,NA,NA,NA,NA,NA,NA,Linum austriacum-type
Linum cf. hirsutum/L. viscosum,NA,NA,NA,NA,NA,NA,NA,Linum austriacum-type
Linum austriacum,NA,NA,NA,NA,NA,NA,NA,Linum austriacum-type
Linum usitatissimum/L. bienne,NA,NA,NA,NA,NA,NA,NA,Linum usitatissimum/L. bienne
Viscum album-type,NA,NA,NA,NA,NA,NA,NA,Viscum
Viscum album s.l.,NA,NA,NA,NA,NA,NA,NA,Viscum
Geranium striate-type,NA,NA,NA,NA,NA,NA,NA,Erodium
Geranium reticulate-type,NA,NA,NA,NA,NA,NA,NA,Geranium
Geranium pratense-group,NA,NA,NA,NA,NA,NA,NA,Geranium pratense-type
Geranium sanguineum,NA,NA,NA,NA,NA,NA,NA,Geranium pratense-type
Geranium phaeum-type,NA,NA,NA,NA,NA,NA,NA,Geranium phaeum-type
Geranium robertianum-type,NA,NA,NA,NA,NA,NA,NA,Geranium robertianum-type
Geranium robertianum/G. rotundifolium,NA,NA,NA,NA,NA,NA,NA,Geranium robertianum-type
Linaceae indeterminata,NA,NA,NA,NA,NA,NA,NA,Linaceae
Carpobrotus,NA,NA,NA,NA,NA,NA,NA,Carpobrotus
Ambrosia/Xanthium,NA,NA,NA,NA,NA,NA,NA,Ambrosia/Xanthium
cf. Centaurea cyanus,NA,NA,NA,NA,NA,NA,NA,Centaurea
cf. Centaurea scabiosa-type,NA,NA,NA,NA,NA,NA,NA,Centaurea
Centaurea undifferentiated,NA,NA,NA,NA,NA,NA,NA,Centaurea
Centaurea jacea/C. scabiosa,NA,NA,NA,NA,NA,NA,NA,Centaurea
Centaurea jacea/C. scabiosa-type,NA,NA,NA,NA,NA,NA,NA,Centaurea
Centaurea rhenana-type,NA,NA,NA,NA,NA,NA,NA,Centaurea nigra-type
Centaurea rhenana,NA,NA,NA,NA,NA,NA,NA,Centaurea nigra-type
Centaurea cf. C. kotschyana,NA,NA,NA,NA,NA,NA,NA,Centaurea nigra-type
Centaurea debeauxii subsp. thuillieri,NA,NA,NA,NA,NA,NA,NA,Centaurea nigra-type
Acroptilon,NA,NA,NA,NA,NA,NA,NA,Centaurea nigra-type
Centaurea sphaerocephala,NA,NA,NA,NA,NA,NA,NA,Centaurea nigra-type
Centaurea dealbata-type,NA,NA,NA,NA,NA,NA,NA,Centaurea nigra-type
Rhaponticum scariosum,NA,NA,NA,NA,NA,NA,NA,Centaurea nigra-type
Centaurea jacea/C. stoebe,NA,NA,NA,NA,NA,NA,NA,Centaurea nigra-type
Centaurea nigra-type s.l.,NA,NA,NA,NA,NA,NA,NA,Centaurea nigra-type
Centaurea nemecii-type,NA,NA,NA,NA,NA,NA,NA,Centaurea nemecii-type
Compositae subfam. Asteroideae,NA,NA,NA,NA,NA,NA,NA,Compositae subfam. Asteroideae
Compositae subfam. Asteroideae undifferentiated,NA,NA,NA,NA,NA,NA,NA,Compositae subfam. Asteroideae
Centaurea/Serratula,NA,NA,NA,NA,NA,NA,NA,Compositae subfam. Asteroideae
Achillea/Aster,NA,NA,NA,NA,NA,NA,NA,Compositae subfam. Asteroideae
Achillea/Aster-type,NA,NA,NA,NA,NA,NA,NA,Compositae subfam. Asteroideae
Asteraceae Tubuliflorae,NA,NA,NA,NA,NA,NA,NA,Compositae subfam. Asteroideae
Asteroideae p.p.,NA,NA,NA,NA,NA,NA,NA,Compositae subfam. Asteroideae
Tubuliflorae,NA,NA,NA,NA,NA,NA,NA,Compositae subfam. Asteroideae
Asteraceae asteroideae undifforma,NA,NA,NA,NA,NA,NA,NA,Compositae subfam. Asteroideae
Compositae subfam. Asteroideae indeterminata,NA,NA,NA,NA,NA,NA,NA,Compositae subfam. Asteroideae
Asteraceae-type,NA,NA,NA,NA,NA,NA,NA,Compositae subfam. Asteroideae
Aster/Anthemis-type,NA,NA,NA,NA,NA,NA,NA,Compositae subfam. Asteroideae
Tubuliflorae proliferum,NA,NA,NA,NA,NA,NA,NA,Compositae subfam. Asteroideae
Atractylis cancellata,NA,NA,NA,NA,NA,NA,NA,Atractylis cancellata
Atractylis,NA,NA,NA,NA,NA,NA,NA,Atractylis
Tanacetum-type,NA,NA,NA,NA,NA,NA,NA,Matricaria-type
Chrysanthemum,NA,NA,NA,NA,NA,NA,NA,Matricaria-type
Anthemis (small)-type,NA,NA,NA,NA,NA,NA,NA,Matricaria-type
Leucanthemum vulgare-type,NA,NA,NA,NA,NA,NA,NA,Matricaria-type
Chrysanthemum alpinum,NA,NA,NA,NA,NA,NA,NA,Matricaria-type
Achillea moschata,NA,NA,NA,NA,NA,NA,NA,Matricaria-type
Achillea/Matricaria,NA,NA,NA,NA,NA,NA,NA,Matricaria-type
Solidago virgaurea,NA,NA,NA,NA,NA,NA,NA,Aster-type
Aster bellidiastrum,NA,NA,NA,NA,NA,NA,NA,Aster-type
Eupatorium cannabis-type,NA,NA,NA,NA,NA,NA,NA,Aster-type
Bidens sl.,NA,NA,NA,NA,NA,NA,NA,Bidens-type
Senecio cf. S. congestus,NA,NA,NA,NA,NA,NA,NA,Senecio-type
Adenostyles-type,NA,NA,NA,NA,NA,NA,NA,Senecio-type
Bellis/Senecio,NA,NA,NA,NA,NA,NA,NA,Senecio-type
Antennaria,NA,NA,NA,NA,NA,NA,NA,Antennaria-type
Evax,NA,NA,NA,NA,NA,NA,NA,Gnaphalium-type
Pseudognaphalium luteo-alba-type,NA,NA,NA,NA,NA,NA,NA,Gnaphalium-type
Gnaphalium supinum,NA,NA,NA,NA,NA,NA,NA,Gnaphalium-type
Doronicum-type,NA,NA,NA,NA,NA,NA,NA,Doronicum
Doronicum,NA,NA,NA,NA,NA,NA,NA,Doronicum
Dipsacaceae,NA,NA,NA,NA,NA,NA,NA,Dipsacaceae
Knautia/Succisa,NA,NA,NA,NA,NA,NA,NA,Dipsacaceae
Dipsacaceae undifferentiated,NA,NA,NA,NA,NA,NA,NA,Dipsacaceae
Dipsaceae indeterminata,NA,NA,NA,NA,NA,NA,NA,Dipsacaceae
Pterocephalus-type,NA,NA,NA,NA,NA,NA,NA,Dipsacus-type
Dipsacus fullonum,NA,NA,NA,NA,NA,NA,NA,Dipsacus fullonum-type
Scabiosa undifferentiated,NA,NA,NA,NA,NA,NA,NA,Scabiosa
Scabiosa rotata-type,NA,NA,NA,NA,NA,NA,NA,Scabiosa columbaria-type
Scabiosa rotata,NA,NA,NA,NA,NA,NA,NA,Scabiosa columbaria-type
Scabiosa canescens-type,NA,NA,NA,NA,NA,NA,NA,Scabiosa columbaria-type
Scabiosa palestina,NA,NA,NA,NA,NA,NA,NA,Scabiosa columbaria-type
Scabiosa pratensis-type,NA,NA,NA,NA,NA,NA,NA,Scabiosa columbaria-type
Scabiosa atropurpurea-type,NA,NA,NA,NA,NA,NA,NA,Scabiosa columbaria-type
Scabiosa olivieri,NA,NA,NA,NA,NA,NA,NA,Scabiosa olivieri
Succisella-type,NA,NA,NA,NA,NA,NA,NA,Succisa-type
Succisella,NA,NA,NA,NA,NA,NA,NA,Succisa-type
Scabiosa argentea,NA,NA,NA,NA,NA,NA,NA,Scabiosa argentea
Scabiosa grandifolia,NA,NA,NA,NA,NA,NA,NA,Scabiosa graminifolia
Scabiosa graminifolia,NA,NA,NA,NA,NA,NA,NA,Scabiosa graminifolia
Lonicera undifferentiated,NA,NA,NA,NA,NA,NA,NA,Lonicera
Lonicera nigra-type,NA,NA,NA,NA,NA,NA,NA,Lonicera nigra
Lonicera coerulea,NA,NA,NA,NA,NA,NA,NA,Lonicera coerulea
Lonicera implexa,NA,NA,NA,NA,NA,NA,NA,Lonicera periclymenum-type
Valeriana undifferentiated,NA,NA,NA,NA,NA,NA,NA,Valeriana
Valeriana cf. V. officinalis ssp. sambucifolia,NA,NA,NA,NA,NA,NA,NA,Valeriana
Valeriana cf. V. dioica,NA,NA,NA,NA,NA,NA,NA,Valeriana
Valeriana cf. V. officinalis,NA,NA,NA,NA,NA,NA,NA,Valeriana
Valeriana sp.,NA,NA,NA,NA,NA,NA,NA,Valeriana
Valeriana officinalis subsp. sambucifolia,NA,NA,NA,NA,NA,NA,NA,Valeriana officinalis-type
Valeriana sambucifolia-type,NA,NA,NA,NA,NA,NA,NA,Valeriana officinalis-type
Valeriana sambucifolia,NA,NA,NA,NA,NA,NA,NA,Valeriana officinalis-type
Valeriana montana-type,NA,NA,NA,NA,NA,NA,NA,Valeriana montana-type
Valeriana saxatilis-type,NA,NA,NA,NA,NA,NA,NA,Valeriana saxatilis-type
Valerianaceae,NA,NA,NA,NA,NA,NA,NA,Valerianaceae
Valeriana/Valerianella,NA,NA,NA,NA,NA,NA,NA,Valerianaceae
Caprifoliaceae undifferentiated,NA,NA,NA,NA,NA,NA,NA,Caprifoliaceae
Aizoaceae,NA,NA,NA,NA,NA,NA,NA,Aizoaceae
Compositae undifferentiated,NA,NA,NA,NA,NA,NA,NA,Asteraceae
Compositae,NA,NA,NA,NA,NA,NA,NA,Asteraceae
Asteraceae undifferentiated,NA,NA,NA,NA,NA,NA,NA,Asteraceae
Compositae indeterminata,NA,NA,NA,NA,NA,NA,NA,Asteraceae
Compositae p.p.,NA,NA,NA,NA,NA,NA,NA,Asteraceae
Asteraceae p.p.,NA,NA,NA,NA,NA,NA,NA,Asteraceae
Centaurea alpina-type,NA,NA,NA,NA,NA,NA,NA,Centaurea alpina-type
Cirsium helenioides,NA,NA,NA,NA,NA,NA,NA,Cirsium
Cirsium cf. vulgare,NA,NA,NA,NA,NA,NA,NA,Cirsium
Cirsium cf. oleraceum,NA,NA,NA,NA,NA,NA,NA,Cirsium
Cirsium cf. palustre,NA,NA,NA,NA,NA,NA,NA,Cirsium
Cirsium cf. arvense,NA,NA,NA,NA,NA,NA,NA,Cirsium
Cirsium acaule,NA,NA,NA,NA,NA,NA,NA,Cirsium
Cirsium spinosissimum,NA,NA,NA,NA,NA,NA,NA,Cirsium
Echinops ritro,NA,NA,NA,NA,NA,NA,NA,Echinops
Arctium cf. A. minus,NA,NA,NA,NA,NA,NA,NA,Arctium
Arctium lappa,NA,NA,NA,NA,NA,NA,NA,Arctium
Saussurea alpina,NA,NA,NA,NA,NA,NA,NA,Saussurea alpina
Chardinia/Onopordon,NA,NA,NA,NA,NA,NA,NA,Chardinia/Onopordon
Chardinia,NA,NA,NA,NA,NA,NA,NA,Chardinia/Onopordon
Onopordum acanthium,NA,NA,NA,NA,NA,NA,NA,Chardinia/Onopordon
Onopordum,NA,NA,NA,NA,NA,NA,NA,Chardinia/Onopordon
Silybum-type,NA,NA,NA,NA,NA,NA,NA,Carduus-type
Cousinia-type,NA,NA,NA,NA,NA,NA,NA,Cousinia
Cnicus,NA,NA,NA,NA,NA,NA,NA,Cnicus
Crupina,NA,NA,NA,NA,NA,NA,NA,Crupina
Carlina acaulis,NA,NA,NA,NA,NA,NA,NA,Carlina acaulis
Carduncellus-type,NA,NA,NA,NA,NA,NA,NA,Carduncellus-type
Centaurea cf. Xeranthemum,NA,NA,NA,NA,NA,NA,NA,Cynareae
Carduaceae,NA,NA,NA,NA,NA,NA,NA,Cynareae
Cardueae undifferentiated,NA,NA,NA,NA,NA,NA,NA,Cynareae
Carduus/Cirsium,NA,NA,NA,NA,NA,NA,NA,Cynareae
Cynareae,NA,NA,NA,NA,NA,NA,NA,Cynareae
Cardueae-type,NA,NA,NA,NA,NA,NA,NA,Cynareae
Acer cf. A. campestre,NA,NA,NA,NA,NA,NA,NA,Acer campestre-type
Acer pseudoplatanus,NA,NA,NA,NA,NA,NA,NA,Acer campestre-type
Aceraceae,NA,NA,NA,NA,NA,NA,NA,Acer campestre-type
Acer undifferentiated,NA,NA,NA,NA,NA,NA,NA,Acer campestre-type
cf. Saxifraga oppositifolia,NA,NA,NA,NA,NA,NA,NA,Saxifraga
Saxifraga cf. S. stellaris,NA,NA,NA,NA,NA,NA,NA,Saxifraga
Saxifraga undifferentiated,NA,NA,NA,NA,NA,NA,NA,Saxifraga
Saxifraga cf. S. rivularis,NA,NA,NA,NA,NA,NA,NA,Saxifraga
Saxifraga cf. S. hypnoides,NA,NA,NA,NA,NA,NA,NA,Saxifraga
Saxifraga sp.,NA,NA,NA,NA,NA,NA,NA,Saxifraga
Saxifraga oppositifolia/S. aizoides,NA,NA,NA,NA,NA,NA,NA,Saxifraga oppositifolia-type
Saxifraga caesia,NA,NA,NA,NA,NA,NA,NA,Saxifraga oppositifolia-type
Saxifraga oppositifolia-group,NA,NA,NA,NA,NA,NA,NA,Saxifraga oppositifolia-type
Saxifraga adscendens,NA,NA,NA,NA,NA,NA,NA,Saxifraga adscendens
Saxifraga cuneifolia-type,NA,NA,NA,NA,NA,NA,NA,Saxifraga hirsuta-type
Saxifragaceae undifferentiated,NA,NA,NA,NA,NA,NA,NA,Saxifragaceae
Cistaceae undifferentiated,NA,NA,NA,NA,NA,NA,NA,Cistaceae
Cistus/Helianthemum,NA,NA,NA,NA,NA,NA,NA,Cistus/Helianthemum
Helianthemum/Cistus-type,NA,NA,NA,NA,NA,NA,NA,Helianthemum/Cistus-type
Cicendia-type,NA,NA,NA,NA,NA,NA,NA,Blackstonia-type
Blackstonia perfoliata,NA,NA,NA,NA,NA,NA,NA,Blackstonia perfoliata
Centaurium maritimum,NA,NA,NA,NA,NA,NA,NA,Centaurium
Gentiana cf. G. pneumonanthe,NA,NA,NA,NA,NA,NA,NA,Gentiana
Gentiana undifferentiated,NA,NA,NA,NA,NA,NA,NA,Gentiana
Gentiana sp.,NA,NA,NA,NA,NA,NA,NA,Gentiana
Gentiana lutea-type,NA,NA,NA,NA,NA,NA,NA,Gentiana pneumonanthe-type
Gentiana lutea/Pneumonanthe,NA,NA,NA,NA,NA,NA,NA,Gentiana lutea/G. pneumonanthe
Gentiana purpurea,NA,NA,NA,NA,NA,NA,NA,Gentiana purpurea
Gentiana cruciata-type,NA,NA,NA,NA,NA,NA,NA,Gentiana cruciata
Gentiana cruciata,NA,NA,NA,NA,NA,NA,NA,Gentiana cruciata
Gentianaceae undifferentiated,NA,NA,NA,NA,NA,NA,NA,Gentianaceae
Gentiana/Gentianella,NA,NA,NA,NA,NA,NA,NA,Gentianaceae
Gentianaceae indeterminata,NA,NA,NA,NA,NA,NA,NA,Gentianaceae
cf. Gentianella campestris,NA,NA,NA,NA,NA,NA,NA,Gentianaceae
cf. Swertia,NA,NA,NA,NA,NA,NA,NA,Gentianaceae
Swertia-type,NA,NA,NA,NA,NA,NA,NA,Swertia perennis
Helianthemum undifferentiated,NA,NA,NA,NA,NA,NA,NA,Helianthemum
Helianthemum p.p.,NA,NA,NA,NA,NA,NA,NA,Helianthemum
Helianthemum oelandicum ssp. alpestre,NA,NA,NA,NA,NA,NA,NA,Helianthemum oelandicum-type
Helianthemum cf. H. oelandicum,NA,NA,NA,NA,NA,NA,NA,Helianthemum oelandicum-type
Helianthemum oelandicum subsp. alpestre-type,NA,NA,NA,NA,NA,NA,NA,Helianthemum oelandicum-type
Helianthemum canum/H. alpestre,NA,NA,NA,NA,NA,NA,NA,Helianthemum oelandicum-type
Helianthemum oelandicum,NA,NA,NA,NA,NA,NA,NA,Helianthemum oelandicum-type
Helianthemum alpestre-type,NA,NA,NA,NA,NA,NA,NA,Helianthemum oelandicum-type
Helianthemum alpestre,NA,NA,NA,NA,NA,NA,NA,Helianthemum oelandicum-type
Helianthemum alpinum,NA,NA,NA,NA,NA,NA,NA,Helianthemum oelandicum-type
Helianthemum nummularium,NA,NA,NA,NA,NA,NA,NA,Helianthemum nummularium-type
Helianthemum cf. H. nummularium,NA,NA,NA,NA,NA,NA,NA,Helianthemum nummularium-type
Helianthemum nummularium-group,NA,NA,NA,NA,NA,NA,NA,Helianthemum nummularium-type
Rhus coriaria,NA,NA,NA,NA,NA,NA,NA,Rhus coriaria-type
Cotinus,NA,NA,NA,NA,NA,NA,NA,Cotinus coggygria
Rhus/Cotinus,NA,NA,NA,NA,NA,NA,NA,Rhus/Cotinus
Rhus-type,NA,NA,NA,NA,NA,NA,NA,Rhus/Cotinus
Halimium,NA,NA,NA,NA,NA,NA,NA,Halimium
Halimium halimifolium,NA,NA,NA,NA,NA,NA,NA,Halimium halimifolium-type
Halimium lasianthum-type,NA,NA,NA,NA,NA,NA,NA,Halimium lasianthum-type
Tuberaria lignosa,NA,NA,NA,NA,NA,NA,NA,Tuberaria lignosa
Coronilla emerus,NA,NA,NA,NA,NA,NA,NA,Coronilla-type
Hippocrepis comosa,NA,NA,NA,NA,NA,NA,NA,Coronilla-type
Coronilla varia-type,NA,NA,NA,NA,NA,NA,NA,Coronilla-type
Securigera varia,NA,NA,NA,NA,NA,NA,NA,Coronilla varia
Coronilla varia,NA,NA,NA,NA,NA,NA,NA,Coronilla varia
Crassulaceae undifferentiated,NA,NA,NA,NA,NA,NA,NA,Crassulaceae
Sedum cf. S. villosum/S. anglicum,NA,NA,NA,NA,NA,NA,NA,Sedum-type
Sedum anglicum,NA,NA,NA,NA,NA,NA,NA,Sedum-type
Rhodiola rosea,NA,NA,NA,NA,NA,NA,NA,Sedum-type
Sedum acre-type,NA,NA,NA,NA,NA,NA,NA,Sedum-type
Sedum/Sempervivum,NA,NA,NA,NA,NA,NA,NA,Sedum-type
Sedum album-type,NA,NA,NA,NA,NA,NA,NA,Sedum-type
Lomatogonium,NA,NA,NA,NA,NA,NA,NA,Lomatogonium
Sieversia-type,NA,NA,NA,NA,NA,NA,NA,Geum-type
Sibbaldia procumbens,NA,NA,NA,NA,NA,NA,NA,Sibbaldia procumbens
Rosaceae (operculate),NA,NA,NA,NA,NA,NA,NA,Rosaceae (operculate)
Potentilla palustris,NA,NA,NA,NA,NA,NA,NA,Potentilla palustris
Potentilla comarum,NA,NA,NA,NA,NA,NA,NA,Potentilla palustris
Comarum palustre,NA,NA,NA,NA,NA,NA,NA,Potentilla palustris
Comarum,NA,NA,NA,NA,NA,NA,NA,Potentilla palustris
cf. Potentilla bifurca subgen. Comarum,NA,NA,NA,NA,NA,NA,NA,Potentilla-type
cf. Potentilla palustris,NA,NA,NA,NA,NA,NA,NA,Potentilla-type
Potentilla undifferentiated,NA,NA,NA,NA,NA,NA,NA,Potentilla-type
Potentilla subgen. Comarum,NA,NA,NA,NA,NA,NA,NA,Potentilla-type
Potentilla subgen. Comarum-type,NA,NA,NA,NA,NA,NA,NA,Potentilla-type
Potentilla grandiflora,NA,NA,NA,NA,NA,NA,NA,Potentilla-type
Potentilla aurea,NA,NA,NA,NA,NA,NA,NA,Potentilla-type
Rosaceae/Potentilla,NA,NA,NA,NA,NA,NA,NA,Potentilla-type
Potentilla indeterminata,NA,NA,NA,NA,NA,NA,NA,Potentilla-type
Potentilla micrantha-type,NA,NA,NA,NA,NA,NA,NA,Potentilla-type
Potentilla/Comarum-type,NA,NA,NA,NA,NA,NA,NA,Potentilla-type
Potentilla/Fragaria,NA,NA,NA,NA,NA,NA,NA,Potentilla-type
Rosa canina-type,NA,NA,NA,NA,NA,NA,NA,Rosa
Lycium-type,NA,NA,NA,NA,NA,NA,NA,Lycium
Rosaceae (non-operculate),NA,NA,NA,NA,NA,NA,NA,Rosaceae (non-operculate)
cf. Prunus-type,NA,NA,NA,NA,NA,NA,NA,Rosaceae (non-operculate)
cf. Rosa,NA,NA,NA,NA,NA,NA,NA,Rosaceae (non-operculate)
cf. Dryas octopetala,NA,NA,NA,NA,NA,NA,NA,Rosaceae (non-operculate)
cf. Malus,NA,NA,NA,NA,NA,NA,NA,Rosaceae (non-operculate)
cf. Rubus idaeus,NA,NA,NA,NA,NA,NA,NA,Rosaceae (non-operculate)
cf. Rubus,NA,NA,NA,NA,NA,NA,NA,Rosaceae (non-operculate)
Pyrus/Sorbus,NA,NA,NA,NA,NA,NA,NA,Rosaceae (non-operculate)
Rosaceae subgen. Amygdalus,NA,NA,NA,NA,NA,NA,NA,Rosaceae (non-operculate)
Crataegus/Sorbus,NA,NA,NA,NA,NA,NA,NA,Rosaceae (non-operculate)
Rosaceae subfam. Maloideae,NA,NA,NA,NA,NA,NA,NA,Rosaceae (non-operculate)
Rosaceae trees,NA,NA,NA,NA,NA,NA,NA,Rosaceae (non-operculate)
Rosaceae tree,NA,NA,NA,NA,NA,NA,NA,Rosaceae (non-operculate)
Sorbus-group,NA,NA,NA,NA,NA,NA,NA,Rosaceae (non-operculate)
Crataegus monogyna-type,NA,NA,NA,NA,NA,NA,NA,Crataegus
Mespilus germanica,NA,NA,NA,NA,NA,NA,NA,Mespilus germanica
Mespilus-type,NA,NA,NA,NA,NA,NA,NA,Mespilus germanica
Malus/Mespilus,NA,NA,NA,NA,NA,NA,NA,Prunus-type
Prunus dulcis-type,NA,NA,NA,NA,NA,NA,NA,Prunus-type
Prunus spinosa-type,NA,NA,NA,NA,NA,NA,NA,Prunus-type
Prunus avium,NA,NA,NA,NA,NA,NA,NA,Prunus-type
Prunus cf. P. avium,NA,NA,NA,NA,NA,NA,NA,Prunus-type
Laurocerasus,NA,NA,NA,NA,NA,NA,NA,Prunus-type
Amygdalus-type,NA,NA,NA,NA,NA,NA,NA,Prunus-type
Pirus-type,NA,NA,NA,NA,NA,NA,NA,Prunus-type
Malus sp.,NA,NA,NA,NA,NA,NA,NA,Prunus-type
Rosaceae-type/Prunus,NA,NA,NA,NA,NA,NA,NA,Prunus-type
Rubus undifferentiated,NA,NA,NA,NA,NA,NA,NA,Rubus
Rubus ulmifolius-type,NA,NA,NA,NA,NA,NA,NA,Rubus
Rubus cf. arcticus,NA,NA,NA,NA,NA,NA,NA,Rubus
Rubus idaeus,NA,NA,NA,NA,NA,NA,NA,Rubus
Rubus arcticus-type,NA,NA,NA,NA,NA,NA,NA,Rubus arcticus
Cotoneaster-type,NA,NA,NA,NA,NA,NA,NA,Cotoneaster
Sorbus cf. S. rupicola,NA,NA,NA,NA,NA,NA,NA,Sorbus-type
Sorbus undifferentiated,NA,NA,NA,NA,NA,NA,NA,Sorbus-type
Menyanthes trifoliata,NA,NA,NA,NA,NA,NA,NA,Menyanthes trifoliata
Menyanthes-type,NA,NA,NA,NA,NA,NA,NA,Menyanthes trifoliata
Menyanthes trifoliata-type,NA,NA,NA,NA,NA,NA,NA,Menyanthes trifoliata
Menyanthes,NA,NA,NA,NA,NA,NA,NA,Menyanthes trifoliata
Nephrophyllidium,NA,NA,NA,NA,NA,NA,NA,Nephrophyllidium
Rosaceae undifferentiated,NA,NA,NA,NA,NA,NA,NA,Rosaceae
Rosa/Prunus,NA,NA,NA,NA,NA,NA,NA,Rosaceae
Rosaceae p.p.,NA,NA,NA,NA,NA,NA,NA,Rosaceae
Rosaceae indeterminata,NA,NA,NA,NA,NA,NA,NA,Rosaceae
Rosaceae reticulate-type,NA,NA,NA,NA,NA,NA,NA,Rosaceae
Rosaceae-type,NA,NA,NA,NA,NA,NA,NA,Rosaceae
Rosaceae sp.,NA,NA,NA,NA,NA,NA,NA,Rosaceae
Agrimonia/Aremonia,NA,NA,NA,NA,NA,NA,NA,Agrimonia/Aremonia
Agrimonia cf. A. eupatoria,NA,NA,NA,NA,NA,NA,NA,Agrimonia/Aremonia
Agrimonia eupatoria,NA,NA,NA,NA,NA,NA,NA,Agrimonia/Aremonia
Aremonia-type,NA,NA,NA,NA,NA,NA,NA,Agrimonia/Aremonia
Datura,NA,NA,NA,NA,NA,NA,NA,Datura
Atropa,NA,NA,NA,NA,NA,NA,NA,Atropa
Atropa bella-donna,NA,NA,NA,NA,NA,NA,NA,Atropa
Aruncus/Spiraea,NA,NA,NA,NA,NA,NA,NA,Aruncus/Spiraea
Withania,NA,NA,NA,NA,NA,NA,NA,Withania
Menyanthaceae,NA,NA,NA,NA,NA,NA,NA,Menyanthaceae
Fraxinus undifferentiated,NA,NA,NA,NA,NA,NA,NA,Fraxinus
Fraxinus angustifolia subsp. oxycarpa-type,NA,NA,NA,NA,NA,NA,NA,Fraxinus angustifolia
Fraxinus angustifolia subsp. oxycarpa,NA,NA,NA,NA,NA,NA,NA,Fraxinus angustifolia
Fraxinus angustifolia var. oxycarpa,NA,NA,NA,NA,NA,NA,NA,Fraxinus angustifolia
Fraxinus xanthoxyloides-type,NA,NA,NA,NA,NA,NA,NA,Fraxinus xanthoxyloides-type
Glaucium flavum-type,NA,NA,NA,NA,NA,NA,NA,Glaucium flavum-type
Glaucium corniculatum,NA,NA,NA,NA,NA,NA,NA,Glaucium corniculatum
Marrubium-type,NA,NA,NA,NA,NA,NA,NA,Marrubium
Oleaceae undifferentiated,NA,NA,NA,NA,NA,NA,NA,Oleaceae
Fraxinus/Phillyrea,NA,NA,NA,NA,NA,NA,NA,Oleaceae
Hedysarum humile-type,NA,NA,NA,NA,NA,NA,NA,Hedysarum
Fabaceae/Onobrychis-type,NA,NA,NA,NA,NA,NA,NA,Onobrychis-type
Phillyrea media,NA,NA,NA,NA,NA,NA,NA,Phillyrea
Phillyrea angustifolia,NA,NA,NA,NA,NA,NA,NA,Phillyrea
Armeria maritima-type,NA,NA,NA,NA,NA,NA,NA,Armeria-type
Acantholimon,NA,NA,NA,NA,NA,NA,NA,Armeria-type
Statice spicata-type,NA,NA,NA,NA,NA,NA,NA,Armeria-type
Statice spicata,NA,NA,NA,NA,NA,NA,NA,Armeria-type
Armeria maritima subsp. maritima,NA,NA,NA,NA,NA,NA,NA,Armeria-type
Armeria alliacea,NA,NA,NA,NA,NA,NA,NA,Armeria-type
Goniolimon,NA,NA,NA,NA,NA,NA,NA,Armeria-type
Limonium vulgare,NA,NA,NA,NA,NA,NA,NA,Armeria-type
Armeria/Limonium-type,NA,NA,NA,NA,NA,NA,NA,Armeria-type
Limonium vulgare-type,NA,NA,NA,NA,NA,NA,NA,Armeria-type
Statice,NA,NA,NA,NA,NA,NA,NA,Armeria-type
Statice limonium,NA,NA,NA,NA,NA,NA,NA,Armeria-type
Salix reticulata,NA,NA,NA,NA,NA,NA,NA,Salix
Salix undifferentiated,NA,NA,NA,NA,NA,NA,NA,Salix
Salix helvetica-type,NA,NA,NA,NA,NA,NA,NA,Salix
Salix retusa-type,NA,NA,NA,NA,NA,NA,NA,Salix
Salix pentandra,NA,NA,NA,NA,NA,NA,NA,Salix
cf. Salix polaris,NA,NA,NA,NA,NA,NA,NA,Salix
Saxifraga nivalis,NA,NA,NA,NA,NA,NA,NA,Saxifraga stellaris-type
Saxifraga nivalis-type,NA,NA,NA,NA,NA,NA,NA,Saxifraga stellaris-type
Saxifraga stellaris,NA,NA,NA,NA,NA,NA,NA,Saxifraga stellaris-type
Saxifraga stellaris-type,NA,NA,NA,NA,NA,NA,NA,Saxifraga stellaris-type
Saxifraga nivalis,NA,NA,NA,NA,NA,NA,NA,Saxifraga stellaris-type
Saxifraga hieraciifolia,NA,NA,NA,NA,NA,NA,NA,Saxifraga hieraciifolia
Vitex,NA,NA,NA,NA,NA,NA,NA,Vitex agnus-castus
Helleborus undifferentiated,NA,NA,NA,NA,NA,NA,NA,Helleborus
Olea europaea-type,NA,NA,NA,NA,NA,NA,NA,Olea europaea
Hottonia palustris,NA,NA,NA,NA,NA,NA,NA,Hottonia palustris
Hottonia-type,NA,NA,NA,NA,NA,NA,NA,Hottonia palustris
Hottonia palustris-type,NA,NA,NA,NA,NA,NA,NA,Hottonia palustris
Syringa-type,NA,NA,NA,NA,NA,NA,NA,Ligustrum-type
Reseda lutea-type,NA,NA,NA,NA,NA,NA,NA,Reseda
Reseda media-type,NA,NA,NA,NA,NA,NA,NA,Reseda
Reseda luteola,NA,NA,NA,NA,NA,NA,NA,Reseda
Reseda luteola-type,NA,NA,NA,NA,NA,NA,NA,Reseda
Sesamoides canescens-type,NA,NA,NA,NA,NA,NA,NA,Sesamoides canescens-type
Bongardia-type,NA,NA,NA,NA,NA,NA,NA,Bongardia
Fontanesia philliraeoides,NA,NA,NA,NA,NA,NA,NA,Fontanesia philliraeoides
Reaumuria,NA,NA,NA,NA,NA,NA,NA,Reaumuria
Parrotia,NA,NA,NA,NA,NA,NA,NA,Parrotia
Cymbaria daurica,NA,NA,NA,NA,NA,NA,NA,Cymbaria daurica
Labiatae,NA,NA,NA,NA,NA,NA,NA,Lamiaceae
Labiatae undifferentiated,NA,NA,NA,NA,NA,NA,NA,Lamiaceae
Labiatae cf. Marrubium,NA,NA,NA,NA,NA,NA,NA,Lamiaceae
Labiatae (3),NA,NA,NA,NA,NA,NA,NA,Lamiaceae
Lamiaceae undifferentiated,NA,NA,NA,NA,NA,NA,NA,Lamiaceae
Lamiaceae p.p.,NA,NA,NA,NA,NA,NA,NA,Lamiaceae
Labiatae (tricolpate),NA,NA,NA,NA,NA,NA,NA,Lamiaceae
Cruciferae,NA,NA,NA,NA,NA,NA,NA,Brassicaceae
Sisymbrium goesingense,NA,NA,NA,NA,NA,NA,NA,Brassicaceae
Cruciferae-type,NA,NA,NA,NA,NA,NA,NA,Brassicaceae
Cruciferae undifferentiated,NA,NA,NA,NA,NA,NA,NA,Brassicaceae
Malcolmia,NA,NA,NA,NA,NA,NA,NA,Brassicaceae
Lepidium,NA,NA,NA,NA,NA,NA,NA,Brassicaceae
Descurainia,NA,NA,NA,NA,NA,NA,NA,Brassicaceae
Arabidopsis-type,NA,NA,NA,NA,NA,NA,NA,Brassicaceae
Alyssoides-type,NA,NA,NA,NA,NA,NA,NA,Brassicaceae
Arabidopsis,NA,NA,NA,NA,NA,NA,NA,Brassicaceae
Rorippa amphibia,NA,NA,NA,NA,NA,NA,NA,Brassicaceae
Sisymbrium,NA,NA,NA,NA,NA,NA,NA,Brassicaceae
Brassicaceae undifferentiated,NA,NA,NA,NA,NA,NA,NA,Brassicaceae
Alliaria-type,NA,NA,NA,NA,NA,NA,NA,Brassicaceae
Alyssum-type,NA,NA,NA,NA,NA,NA,NA,Brassicaceae
Bunias-type,NA,NA,NA,NA,NA,NA,NA,Brassicaceae
Rorippa sylvestris-type,NA,NA,NA,NA,NA,NA,NA,Brassicaceae
Crambe-type,NA,NA,NA,NA,NA,NA,NA,Brassicaceae
Brassicaceae: clumps,NA,NA,NA,NA,NA,NA,NA,Brassicaceae
Cardamine hirsuta-type,NA,NA,NA,NA,NA,NA,NA,Brassicaceae
Leontice,NA,NA,NA,NA,NA,NA,NA,Leontice
Leontice-type,NA,NA,NA,NA,NA,NA,NA,Leontice
Fagonia,NA,NA,NA,NA,NA,NA,NA,Fagonia
Fagonia-type,NA,NA,NA,NA,NA,NA,NA,Fagonia
Epimedium,NA,NA,NA,NA,NA,NA,NA,Epimedium
Peristrophe,NA,NA,NA,NA,NA,NA,NA,Peristrophe
Peristrophe cf. P. bicalyculata,NA,NA,NA,NA,NA,NA,NA,Peristrophe
Stachys/Lamium,NA,NA,NA,NA,NA,NA,NA,Galeopsis-type
Labiatae cf. Scutellaria,NA,NA,NA,NA,NA,NA,NA,Galeopsis-type
Stachys glutinosa-type,NA,NA,NA,NA,NA,NA,NA,Galeopsis-type
Lamium hybridum-type,NA,NA,NA,NA,NA,NA,NA,Galeopsis-type
Phlomis-type,NA,NA,NA,NA,NA,NA,NA,Phlomis
Phlomis cf. fruticosa,NA,NA,NA,NA,NA,NA,NA,Phlomis
Ajuga-type,NA,NA,NA,NA,NA,NA,NA,Scutellaria-type
Ballota nigra-type,NA,NA,NA,NA,NA,NA,NA,Ballota-type
Ballota-group,NA,NA,NA,NA,NA,NA,NA,Ballota-type
Galeopsis-Ballota-group,NA,NA,NA,NA,NA,NA,NA,Galeopsis/Ballota-type
Galeopsis/Ballota-type,NA,NA,NA,NA,NA,NA,NA,Galeopsis/Ballota-type
Astragalus penduliflorus,NA,NA,NA,NA,NA,NA,NA,Astragalus-type
Astragalus undifferentiated,NA,NA,NA,NA,NA,NA,NA,Astragalus-type
cf. Astragalus danicus,NA,NA,NA,NA,NA,NA,NA,Astragalus-type
Leguminosae cf. Astragalus,NA,NA,NA,NA,NA,NA,NA,Astragalus-type
Astragalus danicus-type,NA,NA,NA,NA,NA,NA,NA,Astragalus-type
Astragalus oxytropis-type,NA,NA,NA,NA,NA,NA,NA,Astragalus-type
Astragalus lusitanicus-type,NA,NA,NA,NA,NA,NA,NA,Astragalus-type
Astragalus depressus,NA,NA,NA,NA,NA,NA,NA,Astragalus-type
Astragalus excarpus,NA,NA,NA,NA,NA,NA,NA,Astragalus-type
Ononis baetica-type,NA,NA,NA,NA,NA,NA,NA,Ononis
Colutea,NA,NA,NA,NA,NA,NA,NA,Colutea
Fumana laevipes-type/Cistus salvifolius,NA,NA,NA,NA,NA,NA,NA,Fumana laevipes-type/Cistus salvifolius
Cistus undifferentiated,NA,NA,NA,NA,NA,NA,NA,Cistus
Cistus-type undifferentiated,NA,NA,NA,NA,NA,NA,NA,Cistus
Cistus cf. C. salvifolius,NA,NA,NA,NA,NA,NA,NA,Cistus
Cistus indeterminata,NA,NA,NA,NA,NA,NA,NA,Cistus
Cistus salvifolius,NA,NA,NA,NA,NA,NA,NA,Cistus salvifolius
Cistus populifolius-type,NA,NA,NA,NA,NA,NA,NA,Cistus ladanifer-type
Cistus ladanifer,NA,NA,NA,NA,NA,NA,NA,Cistus ladanifer-type
Cistus populifolius,NA,NA,NA,NA,NA,NA,NA,Cistus ladanifer-type
Cistus villosus-type,NA,NA,NA,NA,NA,NA,NA,Cistus albidus-type
Cistus villosus,NA,NA,NA,NA,NA,NA,NA,Cistus albidus-type
Cistus incanus-type,NA,NA,NA,NA,NA,NA,NA,Cistus albidus-type
Cistus cf. monspeliensis,NA,NA,NA,NA,NA,NA,NA,Cistus monspeliensis-type
Cistus psilosepalus,NA,NA,NA,NA,NA,NA,NA,Cistus psilosepalus
Fagopyrum esculentum-type,NA,NA,NA,NA,NA,NA,NA,Fagopyrum
Fagopyrum undifferentiated,NA,NA,NA,NA,NA,NA,NA,Fagopyrum
Gentiana cf. G. verna,NA,NA,NA,NA,NA,NA,NA,Gentiana
Gentiana vernalis-type,NA,NA,NA,NA,NA,NA,NA,Gentianella campestris-type
Gentianella germanica-type,NA,NA,NA,NA,NA,NA,NA,Gentianella campestris-type
Gentianella ramosa,NA,NA,NA,NA,NA,NA,NA,Gentianella campestris-type
Gentianella amarella,NA,NA,NA,NA,NA,NA,NA,Gentianella amarella
Gentianella tenella,NA,NA,NA,NA,NA,NA,NA,Gentianella tenella
Gentianella amarella-type,NA,NA,NA,NA,NA,NA,NA,Gentianella tenella-type
Gentianella cf. G. amarella,NA,NA,NA,NA,NA,NA,NA,Gentianella tenella-type
Primulaceae undifferentiated,NA,NA,NA,NA,NA,NA,NA,Primulaceae
Rhamnus subgen. Frangula,NA,NA,NA,NA,NA,NA,NA,Frangula alnus
Rhamnus catharticus,NA,NA,NA,NA,NA,NA,NA,Rhamnus-type
Rhamnus catharticus-type,NA,NA,NA,NA,NA,NA,NA,Rhamnus-type
Rhamnus alpinus,NA,NA,NA,NA,NA,NA,NA,Rhamnus-type
Rhamnus alaternus-type,NA,NA,NA,NA,NA,NA,NA,Rhamnus-type
Rhamnus cathartica/R. alaternus-type,NA,NA,NA,NA,NA,NA,NA,Rhamnus-type
Oxyria/Rumex subgen. Acetosa,NA,NA,NA,NA,NA,NA,NA,Rumex acetosa-type
Rumex subgen. Acetosa,NA,NA,NA,NA,NA,NA,NA,Rumex acetosa-type
Rumex subgen. Acetosa/R. subgen. Acetosella,NA,NA,NA,NA,NA,NA,NA,Rumex acetosa-type
Rumex cf. R. acetosa,NA,NA,NA,NA,NA,NA,NA,Rumex acetosa-type
Rumex acetosa-type/Oxyria,NA,NA,NA,NA,NA,NA,NA,Rumex acetosa-type
Rumex subgen. Rumex,NA,NA,NA,NA,NA,NA,NA,Rumex crispus-type
Rumex subgen. Rumex-type,NA,NA,NA,NA,NA,NA,NA,Rumex crispus-type
Eurumex,NA,NA,NA,NA,NA,NA,NA,Rumex crispus-type
Eu-Rumex-type,NA,NA,NA,NA,NA,NA,NA,Rumex crispus-type
Rumex maritimus-type,NA,NA,NA,NA,NA,NA,NA,Rumex crispus-type
Rumex sanguineus,NA,NA,NA,NA,NA,NA,NA,Rumex crispus-type
Rumex eurumex-type,NA,NA,NA,NA,NA,NA,NA,Rumex crispus-type
Rumex undifferentiated,NA,NA,NA,NA,NA,NA,NA,Rumex/Oxyria
Rumex acetosa/R. scutatus-type,NA,NA,NA,NA,NA,NA,NA,Rumex/Oxyria
Oxyria (type 1),NA,NA,NA,NA,NA,NA,NA,Oxyria digyna
Oxyria (type 2),NA,NA,NA,NA,NA,NA,NA,Oxyria digyna
Rumex triangulivalvis,NA,NA,NA,NA,NA,NA,NA,Rumex triangulivalvis
Rumex alpestris,NA,NA,NA,NA,NA,NA,NA,Rumex alpestris
Tilia undifferentiated,NA,NA,NA,NA,NA,NA,NA,Tilia
Tilia cordata/platyphyllos,NA,NA,NA,NA,NA,NA,NA,Tilia
Tilia indeterminata,NA,NA,NA,NA,NA,NA,NA,Tilia
Tilia sp.,NA,NA,NA,NA,NA,NA,NA,Tilia
Tilia x vulgaris,NA,NA,NA,NA,NA,NA,NA,Tilia platyphyllos-type
Tilia tomentosa,NA,NA,NA,NA,NA,NA,NA,Tilia cordata-type
Tilia platyphyllos subsp. cordifolia,NA,NA,NA,NA,NA,NA,NA,Tilia platyphyllos-type
Trifolium montanum,NA,NA,NA,NA,NA,NA,NA,Trifolium montanum
Trifolium undifferentiated,NA,NA,NA,NA,NA,NA,NA,Trifolium-type
Fabaceae/Trifolium-type,NA,NA,NA,NA,NA,NA,NA,Trifolium-type
Trifolium medium-type,NA,NA,NA,NA,NA,NA,NA,Trifolium pratense-type
Trifolium cf. T. repens,NA,NA,NA,NA,NA,NA,NA,Trifolium repens-type
Trifolium striatum,NA,NA,NA,NA,NA,NA,NA,Trifolium repens-type
Trifolium pallescens,NA,NA,NA,NA,NA,NA,NA,Trifolium repens-type
Trifolium hybridum-type,NA,NA,NA,NA,NA,NA,NA,Trifolium repens-type
Trifolium alpestre-type,NA,NA,NA,NA,NA,NA,NA,Trifolium alpestre-type
Trifolium spadiceum-type,NA,NA,NA,NA,NA,NA,NA,Trifolium badium-type
Trifolium badium,NA,NA,NA,NA,NA,NA,NA,Trifolium badium-type
Trifolium alpinum,NA,NA,NA,NA,NA,NA,NA,Trifolium alpinum-type
Trifolium alpinum,NA,NA,NA,NA,NA,NA,NA,Trifolium alpinum-type
Viburnum undifferentiated,NA,NA,NA,NA,NA,NA,NA,Viburnum
cf. Viburnum opulus,NA,NA,NA,NA,NA,NA,NA,Viburnum
Viburnum sp.,NA,NA,NA,NA,NA,NA,NA,Viburnum
Vitis sylvestris/vinifera,NA,NA,NA,NA,NA,NA,NA,Vitis
Echium/Onosma,NA,NA,NA,NA,NA,NA,NA,Echium/Onosma
Onosma/Echium-type,NA,NA,NA,NA,NA,NA,NA,Echium/Onosma
Atraphaxis-type,NA,NA,NA,NA,NA,NA,NA,Atraphaxis
Bryonia-type,NA,NA,NA,NA,NA,NA,NA,Bryonia
Bryonia dioica,NA,NA,NA,NA,NA,NA,NA,Bryonia
Lysimachia cf. L. vulgaris,NA,NA,NA,NA,NA,NA,NA,Lysimachia vulgaris-type
Lysimachia nummularia-type,NA,NA,NA,NA,NA,NA,NA,Lysimachia vulgaris-type
Lysimachia terrestris/thyrsiflora,NA,NA,NA,NA,NA,NA,NA,Lysimachia terrestris/thyrsiflora
Glaux maritima,NA,NA,NA,NA,NA,NA,NA,Glaux maritima
Lysimachia/Anagallis,NA,NA,NA,NA,NA,NA,NA,Anagallis-type
Lysimachia ephemerum,NA,NA,NA,NA,NA,NA,NA,Lysimachia ephemerum
Trientalis-type,NA,NA,NA,NA,NA,NA,NA,Trientalis europaea
Emex,NA,NA,NA,NA,NA,NA,NA,Emex
Viburnum/Sambucus,NA,NA,NA,NA,NA,NA,NA,Viburnum/Sambucus
Sambucus/Viburnum-type,NA,NA,NA,NA,NA,NA,NA,Viburnum/Sambucus
Rumex kurdicus,NA,NA,NA,NA,NA,NA,NA,Rumex kurdicus
Rheum officinalis,NA,NA,NA,NA,NA,NA,NA,Rheum
Rheum ribes,NA,NA,NA,NA,NA,NA,NA,Rheum
Rumex cyprius,NA,NA,NA,NA,NA,NA,NA,Rumex cyprius-type
Peganum,NA,NA,NA,NA,NA,NA,NA,Peganum
Caragana,NA,NA,NA,NA,NA,NA,NA,Caragana
Caragana-type,NA,NA,NA,NA,NA,NA,NA,Caragana
Ricinus,NA,NA,NA,NA,NA,NA,NA,Ricinus communis
Fumana ericoides,NA,NA,NA,NA,NA,NA,NA,Fumana ericoides
Fumana thymifolia,NA,NA,NA,NA,NA,NA,NA,Fumana thymifolia
Galega-type,NA,NA,NA,NA,NA,NA,NA,Galega-type
Calligonum comosum,NA,NA,NA,NA,NA,NA,NA,Calligonum
Calligonum aphyllum,NA,NA,NA,NA,NA,NA,NA,Calligonum
Pteropyrum,NA,NA,NA,NA,NA,NA,NA,Calligonum-type
Calligonum/Pteropyrum,NA,NA,NA,NA,NA,NA,NA,Calligonum-type
Calligonum-type,NA,NA,NA,NA,NA,NA,NA,Calligonum-type
Pteropyrum-type,NA,NA,NA,NA,NA,NA,NA,Calligonum-type
Leguminosae,NA,NA,NA,NA,NA,NA,NA,Fabaceae
Leguminosae undifferentiated,NA,NA,NA,NA,NA,NA,NA,Fabaceae
Papilionaceae,NA,NA,NA,NA,NA,NA,NA,Fabaceae
Fabaceae undifferentiated,NA,NA,NA,NA,NA,NA,NA,Fabaceae
Fabaceae p.p.,NA,NA,NA,NA,NA,NA,NA,Fabaceae
Fabaceae indeterminata,NA,NA,NA,NA,NA,NA,NA,Fabaceae
Alkanna-type,NA,NA,NA,NA,NA,NA,NA,Alkanna-type
Cardiospermum,NA,NA,NA,NA,NA,NA,NA,Cardiospermum
Cardiospermum cf. C. halicacabum,NA,NA,NA,NA,NA,NA,NA,Cardiospermum
Araliaceae indeterminata,NA,NA,NA,NA,NA,NA,NA,Araliaceae
Araliaceae undifferentiated,NA,NA,NA,NA,NA,NA,NA,Araliaceae
Coris,NA,NA,NA,NA,NA,NA,NA,Coris
Lathyrus japonicus ssp. maritimus,NA,NA,NA,NA,NA,NA,NA,Lathyrus-type
Lathyrus palustris,NA,NA,NA,NA,NA,NA,NA,Lathyrus-type
Lathyrus sativus,NA,NA,NA,NA,NA,NA,NA,Lathyrus-type
Fabaceae/Lathyrus-type,NA,NA,NA,NA,NA,NA,NA,Lathyrus-type
Lathyrus filiformis,NA,NA,NA,NA,NA,NA,NA,Lathyrus-type
Lathyrus montanus-type,NA,NA,NA,NA,NA,NA,NA,Lathyrus-type
Vicia cf. V. sepium,NA,NA,NA,NA,NA,NA,NA,Vicia-type
Vicia cf. V. hirsuta,NA,NA,NA,NA,NA,NA,NA,Vicia-type
Vicia tetrasperma,NA,NA,NA,NA,NA,NA,NA,Vicia-type
Vicia-type s.s.,NA,NA,NA,NA,NA,NA,NA,Vicia-type
Pisum,NA,NA,NA,NA,NA,NA,NA,Pisum sativum
Lathyrus/Vicia,NA,NA,NA,NA,NA,NA,NA,Lathyrus/Vicia-type
Viciaceae,NA,NA,NA,NA,NA,NA,NA,Lathyrus/Vicia-type
Lathyrus/Vicia,NA,NA,NA,NA,NA,NA,NA,Lathyrus/Vicia-type
Lathyrus/Vicia-type,NA,NA,NA,NA,NA,NA,NA,Lathyrus/Vicia-type
Parthenocissus quinquefolia,NA,NA,NA,NA,NA,NA,NA,Parthenocissus quinquefolia
Osyris alba,NA,NA,NA,NA,NA,NA,NA,Osyris alba
Adoxa,NA,NA,NA,NA,NA,NA,NA,Adoxa moschatellina
Cercis siliquastrum,NA,NA,NA,NA,NA,NA,NA,Cercis siliquastrum
Chrysosplenium sp.,NA,NA,NA,NA,NA,NA,NA,Chrysosplenium
Chrysosplenium alterniflorum,NA,NA,NA,NA,NA,NA,NA,Chrysosplenium alterniflorum
Euphorbia dendroides,NA,NA,NA,NA,NA,NA,NA,Euphorbia
Euphorbia exigua,NA,NA,NA,NA,NA,NA,NA,Euphorbia
Euphorbiaceae indeterminata,NA,NA,NA,NA,NA,NA,NA,Euphorbiaceae
Alhagi,NA,NA,NA,NA,NA,NA,NA,Genista-type
Hypericum undifferentiated,NA,NA,NA,NA,NA,NA,NA,Hypericum
Guttiferae,NA,NA,NA,NA,NA,NA,NA,Hypericum
Hypericum perforatum/H. androsaemum-type,NA,NA,NA,NA,NA,NA,NA,Hypericum
Hypericum tetrapterum,NA,NA,NA,NA,NA,NA,NA,Hypericum perforatum-type
Hypericum perforatum-group,NA,NA,NA,NA,NA,NA,NA,Hypericum perforatum-type
Hypericum pulchrum,NA,NA,NA,NA,NA,NA,NA,Hypericum pulchrum
Hypericum androsaemum,NA,NA,NA,NA,NA,NA,NA,Hypericum androsaemum
Hypericum assyrianum-type,NA,NA,NA,NA,NA,NA,NA,Hypericum assyrianum-type
Hypericum coris-type,NA,NA,NA,NA,NA,NA,NA,Hypericum coris-type
Lobeliaceae,NA,NA,NA,NA,NA,NA,NA,Lobelia
Sambucus undifferentiated,NA,NA,NA,NA,NA,NA,NA,Sambucus
Sambucus ebulus-type,NA,NA,NA,NA,NA,NA,NA,Sambucus ebulus
Digitalis purpurea,NA,NA,NA,NA,NA,NA,NA,Digitalis
Lobelia/Digitalis,NA,NA,NA,NA,NA,NA,NA,Digitalis-type
Scrophularia canina-type,NA,NA,NA,NA,NA,NA,NA,Scrophularia-type
Scrophularia aquatica,NA,NA,NA,NA,NA,NA,NA,Scrophularia-type
Verbascum pulverulentum-type,NA,NA,NA,NA,NA,NA,NA,Verbascum
Scrophulariaceae (colporate-reticulate),NA,NA,NA,NA,NA,NA,NA,Scrophulariaceae (colporate-reticulate)
Scrophulariaceae undifferentiated,NA,NA,NA,NA,NA,NA,NA,Scrophulariaceae (colporate-reticulate)
Antirrhinum/Linaria,NA,NA,NA,NA,NA,NA,NA,Scrophulariaceae (colporate-reticulate)
Scrophularia/Verbascum/Digitalis,NA,NA,NA,NA,NA,NA,NA,Scrophulariaceae (colporate-reticulate)
Scrophulariaceae pp.,NA,NA,NA,NA,NA,NA,NA,Scrophulariaceae (colporate-reticulate)
Scrophulariaceae indeterminata,NA,NA,NA,NA,NA,NA,NA,Scrophulariaceae (colporate-reticulate)
Chaenorhinum,NA,NA,NA,NA,NA,NA,NA,Chaenorhinum minus
Chaenorhinum minus,NA,NA,NA,NA,NA,NA,NA,Chaenorhinum minus
Samolus,NA,NA,NA,NA,NA,NA,NA,Samolus valerandi
Samolus valerandi,NA,NA,NA,NA,NA,NA,NA,Samolus valerandi
Calicotome,NA,NA,NA,NA,NA,NA,NA,Genista-type
Cytisus sect. Sarothamnus,NA,NA,NA,NA,NA,NA,NA,Genista-type
Cytisus scoparius-type,NA,NA,NA,NA,NA,NA,NA,Genista-type
Ulex/Sarothamnus,NA,NA,NA,NA,NA,NA,NA,Genista-type
Genista/Ulex,NA,NA,NA,NA,NA,NA,NA,Genista-type
Sarothamnus grandiflorus,NA,NA,NA,NA,NA,NA,NA,Genista-type
Sarothamnus scoparius,NA,NA,NA,NA,NA,NA,NA,Genista-type
Genista/Cytisus-type,NA,NA,NA,NA,NA,NA,NA,Genista-type
Ulex/Cytisus-type,NA,NA,NA,NA,NA,NA,NA,Genista-type
Genista/Ulex-type,NA,NA,NA,NA,NA,NA,NA,Genista-type
Calicotome villosa,NA,NA,NA,NA,NA,NA,NA,Genista-type
Genistoideae-type,NA,NA,NA,NA,NA,NA,NA,Genista-type
Retama-type,NA,NA,NA,NA,NA,NA,NA,Retama-type
Laburnum-type,NA,NA,NA,NA,NA,NA,NA,Laburnum-type
Robinia pseudacacia,NA,NA,NA,NA,NA,NA,NA,Robinia pseudacacia
Genista-group,NA,NA,NA,NA,NA,NA,NA,Genista-group
Gentianella detonsa,NA,NA,NA,NA,NA,NA,NA,Gentianella detonsa
Impatiens-type,NA,NA,NA,NA,NA,NA,NA,Impatiens
Impatiens parvifolia,NA,NA,NA,NA,NA,NA,NA,Impatiens
Sherardia arvensis,NA,NA,NA,NA,NA,NA,NA,Rubiaceae
Galium palustre,NA,NA,NA,NA,NA,NA,NA,Rubiaceae
Rubia,NA,NA,NA,NA,NA,NA,NA,Rubiaceae
Galium boreale,NA,NA,NA,NA,NA,NA,NA,Rubiaceae
Galium verum,NA,NA,NA,NA,NA,NA,NA,Rubiaceae
Galium aparine,NA,NA,NA,NA,NA,NA,NA,Rubiaceae
Rubiaceae (6 colpae),NA,NA,NA,NA,NA,NA,NA,Rubiaceae
Randia,NA,NA,NA,NA,NA,NA,NA,Randia
Callipeltis microstegia-type,NA,NA,NA,NA,NA,NA,NA,Callipeltis microstegia-type
Hippuris,NA,NA,NA,NA,NA,NA,NA,Hippuris vulgaris
Hippuris vulgaris,NA,NA,NA,NA,NA,NA,NA,Hippuris vulgaris
Satureja,NA,NA,NA,NA,NA,NA,NA,Mentha-type
Satureja/Ziziphora,NA,NA,NA,NA,NA,NA,NA,Mentha-type
Mentha longifolia,NA,NA,NA,NA,NA,NA,NA,Mentha-type
Labiatae-type/Lycopus,NA,NA,NA,NA,NA,NA,NA,Mentha-type
Mentha/Thymus-type,NA,NA,NA,NA,NA,NA,NA,Mentha-type
Lycopus/Mentha longifolia,NA,NA,NA,NA,NA,NA,NA,Mentha-type
Origanum/Thymus,NA,NA,NA,NA,NA,NA,NA,Mentha-type
Nepeta,NA,NA,NA,NA,NA,NA,NA,Prunella-type
Nepeta-type,NA,NA,NA,NA,NA,NA,NA,Prunella-type
Prunella vulgaris,NA,NA,NA,NA,NA,NA,NA,Prunella-type
Sideritis (4),NA,NA,NA,NA,NA,NA,NA,Sideritis
Labiatae (6),NA,NA,NA,NA,NA,NA,NA,Labiatae (6)
cf. Thymus,NA,NA,NA,NA,NA,NA,NA,Labiatae (6)
Lavandula stoechas-type,NA,NA,NA,NA,NA,NA,NA,Lavandula
Lavandula stoechas,NA,NA,NA,NA,NA,NA,NA,Lavandula
Ocimum,NA,NA,NA,NA,NA,NA,NA,Ocimum
Salvia officinalis-type,NA,NA,NA,NA,NA,NA,NA,Salvia officinalis-type
Rosmarinus,NA,NA,NA,NA,NA,NA,NA,Salvia officinalis-type
Rosmarinus-type,NA,NA,NA,NA,NA,NA,NA,Salvia officinalis-type
Salvia pratensis-group,NA,NA,NA,NA,NA,NA,NA,Salvia-type
Salvia verticillata,NA,NA,NA,NA,NA,NA,NA,Salvia verticillata
Phacelia tanacetifolia-type,NA,NA,NA,NA,NA,NA,NA,Phacelia
Boraginaceae cf. Cynoglossum,NA,NA,NA,NA,NA,NA,NA,Boraginaceae
Boraginaceae undifferentiated,NA,NA,NA,NA,NA,NA,NA,Boraginaceae
Anchusa officinalis,NA,NA,NA,NA,NA,NA,NA,Anchusa/Pulmonaria
Anchusa azurea-type,NA,NA,NA,NA,NA,NA,NA,Anchusa/Pulmonaria
Anchusa azurea,NA,NA,NA,NA,NA,NA,NA,Anchusa/Pulmonaria
Symphytum cf. S. officinalis,NA,NA,NA,NA,NA,NA,NA,Symphytum
Lappula,NA,NA,NA,NA,NA,NA,NA,Lappula
Lithospermum arvense,NA,NA,NA,NA,NA,NA,NA,Buglossoides arvensis
Buglossoides arvensis-type,NA,NA,NA,NA,NA,NA,NA,Buglossoides arvensis-type
Lithospermum arvense-type,NA,NA,NA,NA,NA,NA,NA,Buglossoides arvensis-type
Cerinthe minor,NA,NA,NA,NA,NA,NA,NA,Cerinthe
Cerinthe minor-type,NA,NA,NA,NA,NA,NA,NA,Cerinthe
Buglossoides-type,NA,NA,NA,NA,NA,NA,NA,Lithospermum-type
Neatostema apulum,NA,NA,NA,NA,NA,NA,NA,Neatostema apulum
Trachystemon orientalis-type,NA,NA,NA,NA,NA,NA,NA,Trachystemon orientalis-type
Pinguicula-type,NA,NA,NA,NA,NA,NA,NA,Pinguicula
Utricularia,NA,NA,NA,NA,NA,NA,NA,Utricularia
Utricularia minor,NA,NA,NA,NA,NA,NA,NA,Utricularia
Utricularia vulgaris,NA,NA,NA,NA,NA,NA,NA,Utricularia
Utricularia vulgaris-type,NA,NA,NA,NA,NA,NA,NA,Utricularia
Utricularia-type,NA,NA,NA,NA,NA,NA,NA,Utricularia
Utriculariaceae,NA,NA,NA,NA,NA,NA,NA,Utricularia
Polygonum oxyspermum ssp. raii,NA,NA,NA,NA,NA,NA,NA,Polygonum oxyspermum ssp. raii
Polygonum norvegicum,NA,NA,NA,NA,NA,NA,NA,Polygonum oxyspermum ssp. raii
Polygonum raii-type,NA,NA,NA,NA,NA,NA,NA,Polygonum oxyspermum ssp. raii
Sanguisorba major,NA,NA,NA,NA,NA,NA,NA,Sanguisorba officinalis
Andrachne,NA,NA,NA,NA,NA,NA,NA,Andrachne
Andrachne telephioides,NA,NA,NA,NA,NA,NA,NA,Andrachne
Arnebia-type,NA,NA,NA,NA,NA,NA,NA,Arnebia
Arnebia,NA,NA,NA,NA,NA,NA,NA,Arnebia
Lentibulariaceae,NA,NA,NA,NA,NA,NA,NA,Lentibulariaceae
Argania spinosa,NA,NA,NA,NA,NA,NA,NA,Argania spinosa
Sapotaceae,NA,NA,NA,NA,NA,NA,NA,Sapotaceae
Chrozophora,NA,NA,NA,NA,NA,NA,NA,Chrozophora-type
Chrozophora-type,NA,NA,NA,NA,NA,NA,NA,Chrozophora-type
Chrozophora,NA,NA,NA,NA,NA,NA,NA,Chrozophora-type
Croton tinctorium,NA,NA,NA,NA,NA,NA,NA,Croton tinctorium
Polygonum amphibium,NA,NA,NA,NA,NA,NA,NA,Polygonum amphibium
Polygonum amphibium-type,NA,NA,NA,NA,NA,NA,NA,Polygonum amphibium
Polygonum cf. amphibium,NA,NA,NA,NA,NA,NA,NA,Polygonum amphibium
Corydalis claviculata,NA,NA,NA,NA,NA,NA,NA,Corydalis claviculata
Sarcocapnos,NA,NA,NA,NA,NA,NA,NA,Corydalis claviculata
Corydalis solida-type,NA,NA,NA,NA,NA,NA,NA,Corydalis solida-type
Corydalis lutea-type,NA,NA,NA,NA,NA,NA,NA,Corydalis lutea-type
Corydalis lutea,NA,NA,NA,NA,NA,NA,NA,Corydalis lutea-type
Montia perfoliata,NA,NA,NA,NA,NA,NA,NA,Montia
Montia-type,NA,NA,NA,NA,NA,NA,NA,Montia
Portulaca oleracea,NA,NA,NA,NA,NA,NA,NA,Portulaca
Portulaca/Montia,NA,NA,NA,NA,NA,NA,NA,Portulaca/Montia
Portulacaceae undifferentiated,NA,NA,NA,NA,NA,NA,NA,Portulacaceae
Montiaceae,NA,NA,NA,NA,NA,NA,NA,Montiaceae
Rumex hydrolapathum-type,NA,NA,NA,NA,NA,NA,NA,Rumex aquaticus-type
Rumex aquaticus/R. hydrolapathum,NA,NA,NA,NA,NA,NA,NA,Rumex aquaticus-type
Rumex sect. Lapathum,NA,NA,NA,NA,NA,NA,NA,Rumex aquaticus-type
Rumex palustris-type,NA,NA,NA,NA,NA,NA,NA,Rumex aquaticus-type
Rumex palustris-group,NA,NA,NA,NA,NA,NA,NA,Rumex aquaticus-type
Rindera-type,NA,NA,NA,NA,NA,NA,NA,Rindera-type
Cynoglossum creticum-type,NA,NA,NA,NA,NA,NA,NA,Cynoglossum creticum-type
Lythrum undifferentiated,NA,NA,NA,NA,NA,NA,NA,Lythrum
Lythraceae undifferentiated,NA,NA,NA,NA,NA,NA,NA,Lythrum
Peplis portula,NA,NA,NA,NA,NA,NA,NA,Lythrum portula-type
Lythrum peplis,NA,NA,NA,NA,NA,NA,NA,Lythrum portula-type
Peplis,NA,NA,NA,NA,NA,NA,NA,Lythrum portula-type
Mertensia maritima,NA,NA,NA,NA,NA,NA,NA,Mertensia maritima
Paracaryum-type,NA,NA,NA,NA,NA,NA,NA,Mattiastrum
Mattiastrum,NA,NA,NA,NA,NA,NA,NA,Mattiastrum
Omphalodes-type,NA,NA,NA,NA,NA,NA,NA,Omphalodes-type
Moltkia,NA,NA,NA,NA,NA,NA,NA,Moltkia
Heliotropium europaeum,NA,NA,NA,NA,NA,NA,NA,Heliotropium
Compositae subfam. Cichorioideae,NA,NA,NA,NA,NA,NA,NA,Compositae subfam. Cichorioideae
Compositae subfam. Cichorioideae undifferentiated,NA,NA,NA,NA,NA,NA,NA,Compositae subfam. Cichorioideae
cf. Taraxacum,NA,NA,NA,NA,NA,NA,NA,Compositae subfam. Cichorioideae
Scorzonera,NA,NA,NA,NA,NA,NA,NA,Compositae subfam. Cichorioideae
Lactuceae,NA,NA,NA,NA,NA,NA,NA,Compositae subfam. Cichorioideae
Lactucoideae,NA,NA,NA,NA,NA,NA,NA,Compositae subfam. Cichorioideae
Cichoriaceae,NA,NA,NA,NA,NA,NA,NA,Compositae subfam. Cichorioideae
Gundelia,NA,NA,NA,NA,NA,NA,NA,Compositae subfam. Cichorioideae
Gundelia-type,NA,NA,NA,NA,NA,NA,NA,Compositae subfam. Cichorioideae
Asteraceae Liguliflorae,NA,NA,NA,NA,NA,NA,NA,Compositae subfam. Cichorioideae
Liguliflorae,NA,NA,NA,NA,NA,NA,NA,Compositae subfam. Cichorioideae
Asteraceae cichorioideae undifforma,NA,NA,NA,NA,NA,NA,NA,Compositae subfam. Cichorioideae
cf. Arnoseris,NA,NA,NA,NA,NA,NA,NA,Compositae subfam. Cichorioideae
Scorzonera humilis,NA,NA,NA,NA,NA,NA,NA,Scorzonera humilis-type
Lapsana-type,NA,NA,NA,NA,NA,NA,NA,Crepis-type
Taraxacum officinale-group,NA,NA,NA,NA,NA,NA,NA,Crepis-type
Crepis paludosa,NA,NA,NA,NA,NA,NA,NA,Crepis-type
Crepis aurea,NA,NA,NA,NA,NA,NA,NA,Crepis-type
Andryala-type,NA,NA,NA,NA,NA,NA,NA,Crepis-type
Hieracium murorum,NA,NA,NA,NA,NA,NA,NA,Crepis-type
Hieracium pilosella,NA,NA,NA,NA,NA,NA,NA,Crepis-type
Hieracium intybaceum,NA,NA,NA,NA,NA,NA,NA,Crepis-type
Leontodon-type,NA,NA,NA,NA,NA,NA,NA,Crepis-type
Leontodon helveticus,NA,NA,NA,NA,NA,NA,NA,Crepis-type
Leontodon hispidus,NA,NA,NA,NA,NA,NA,NA,Crepis-type
Hypochaeris uniflora,NA,NA,NA,NA,NA,NA,NA,Crepis-type
Prenanthes purpurea,NA,NA,NA,NA,NA,NA,NA,Crepis-type
Hieracium-type,NA,NA,NA,NA,NA,NA,NA,Crepis-type
Lactuca sativa-type,NA,NA,NA,NA,NA,NA,NA,Lactuca-type
Tragopogon,NA,NA,NA,NA,NA,NA,NA,Tragopogon
Sonchus oleraceus-type,NA,NA,NA,NA,NA,NA,NA,Sonchus-type
Sonchus-type,NA,NA,NA,NA,NA,NA,NA,Sonchus-type
Vincetoxicum hirundinaria,NA,NA,NA,NA,NA,NA,NA,Vincetoxicum
Callitriche,NA,NA,NA,NA,NA,NA,NA,Callitriche
Callitrichaceae,NA,NA,NA,NA,NA,NA,NA,Callitriche
Merendera-type,NA,NA,NA,NA,NA,NA,NA,Colchicum-type
Colchicum/Merendera,NA,NA,NA,NA,NA,NA,NA,Colchicum-type
Merendera pyrenaica,NA,NA,NA,NA,NA,NA,NA,Merendera pyrenaica
Merendera montana,NA,NA,NA,NA,NA,NA,NA,Merendera montana
Merendera filifolia-type,NA,NA,NA,NA,NA,NA,NA,Merendera filifolia-type
Cytinus,NA,NA,NA,NA,NA,NA,NA,Cytinus
Cytinus hypocistis,NA,NA,NA,NA,NA,NA,NA,Cytinus
Mimusops,NA,NA,NA,NA,NA,NA,NA,Mimusops
Betula undifferentiated,NA,NA,NA,NA,NA,NA,NA,Betula
Betula-type,NA,NA,NA,NA,NA,NA,NA,Betula
Betula cf. B. fruticosae,NA,NA,NA,NA,NA,NA,NA,Betula
Betula alba/B. fruticosa,NA,NA,NA,NA,NA,NA,NA,Betula
Betula indeterminata,NA,NA,NA,NA,NA,NA,NA,Betula
Betula exilis,NA,NA,NA,NA,NA,NA,NA,Betula nana-type
Betula fruticosae,NA,NA,NA,NA,NA,NA,NA,Betula nana-type
Betula sect. Nanae,NA,NA,NA,NA,NA,NA,NA,Betula nana-type
Betula sect. Fruticosae,NA,NA,NA,NA,NA,NA,NA,Betula nana-type
Betula exilis/B. fruticosae,NA,NA,NA,NA,NA,NA,NA,Betula nana-type
Betula humilis/B. nana,NA,NA,NA,NA,NA,NA,NA,Betula nana-type
Betula sect. Nanae-type,NA,NA,NA,NA,NA,NA,NA,Betula nana-type
Betula sect. Nanae/Fruticosae-type,NA,NA,NA,NA,NA,NA,NA,Betula nana-type
Betula sect. Nanae/Fruticosae,NA,NA,NA,NA,NA,NA,NA,Betula nana-type
Betula (excl. B. nana),NA,NA,NA,NA,NA,NA,NA,Betula pubescens-type
Betula pubescens ssp. tortuosa,NA,NA,NA,NA,NA,NA,NA,Betula pubescens-type
Betula alba,NA,NA,NA,NA,NA,NA,NA,Betula pubescens-type
Betula platyphylla,NA,NA,NA,NA,NA,NA,NA,Betula pubescens-type
Betula obscura,NA,NA,NA,NA,NA,NA,NA,Betula pubescens-type
Betula pubescens sl.,NA,NA,NA,NA,NA,NA,NA,Betula pubescens-type
Betula sect. Albae,NA,NA,NA,NA,NA,NA,NA,Betula pubescens-type
Betula tortuosa,NA,NA,NA,NA,NA,NA,NA,Betula pubescens-type
Betula alba-type,NA,NA,NA,NA,NA,NA,NA,Betula pubescens-type
Betula pendula/pubescens,NA,NA,NA,NA,NA,NA,NA,Betula pubescens-type
Betula sect. Albae-type,NA,NA,NA,NA,NA,NA,NA,Betula pubescens-type
Carya tomentosa,NA,NA,NA,NA,NA,NA,NA,Carya
Corylus maxima,NA,NA,NA,NA,NA,NA,NA,Corylus
Corylo d,NA,NA,NA,NA,NA,NA,NA,Corylus/Myrica
Coryloideae,NA,NA,NA,NA,NA,NA,NA,Corylus/Myrica
Engelhardtia,NA,NA,NA,NA,NA,NA,NA,Engelhardtia
Engelhardtia-type,NA,NA,NA,NA,NA,NA,NA,Engelhardtia
Abutilon,NA,NA,NA,NA,NA,NA,NA,Abutilon
Circaea lutetiana,NA,NA,NA,NA,NA,NA,NA,Circaea
Epilobium undifferentiated,NA,NA,NA,NA,NA,NA,NA,Epilobium
Chamaenerion undifferentiated,NA,NA,NA,NA,NA,NA,NA,Epilobium
Epilobium cf. angustifolium,NA,NA,NA,NA,NA,NA,NA,Epilobium
Epilobium angustifolium,NA,NA,NA,NA,NA,NA,NA,Epilobium angustifolium-type
Epilobium angustifolium-type,NA,NA,NA,NA,NA,NA,NA,Epilobium angustifolium-type
Epilobium fleischeri,NA,NA,NA,NA,NA,NA,NA,Epilobium angustifolium-type
Epilobium latifolium,NA,NA,NA,NA,NA,NA,NA,Epilobium latifolium
cf. Chamaenerion,NA,NA,NA,NA,NA,NA,NA,Onagraceae
Oenotheraceae,NA,NA,NA,NA,NA,NA,NA,Onagraceae
Onagraceae undifferentiated,NA,NA,NA,NA,NA,NA,NA,Onagraceae
Ludwigia,NA,NA,NA,NA,NA,NA,NA,Ludwigia palustris
Ludwigia palustris,NA,NA,NA,NA,NA,NA,NA,Ludwigia palustris
Casuarina,NA,NA,NA,NA,NA,NA,NA,Casuarina
Phaseolus,NA,NA,NA,NA,NA,NA,NA,Phaseolus
Carpinus orientalis-type,NA,NA,NA,NA,NA,NA,NA,Ostrya/Carpinus orientalis
Carpinus orientalis/Ostrya,NA,NA,NA,NA,NA,NA,NA,Ostrya/Carpinus orientalis
Carpinus orientalis/Ostrya carpinifolia,NA,NA,NA,NA,NA,NA,NA,Ostrya/Carpinus orientalis
Ostrya carpinifolia,NA,NA,NA,NA,NA,NA,NA,Ostrya/Carpinus orientalis
Ostrya/Carpinus orientalis-type,NA,NA,NA,NA,NA,NA,NA,Ostrya/Carpinus orientalis
Carpinus/Ostrya-type,NA,NA,NA,NA,NA,NA,NA,Ostrya/Carpinus orientalis
Betulaceae p.p.,NA,NA,NA,NA,NA,NA,NA,Betulaceae
Betulaceae undifferentiated,NA,NA,NA,NA,NA,NA,NA,Betulaceae
Psoralea,NA,NA,NA,NA,NA,NA,NA,Psoralea bituminosa
Psoralea bituminosa,NA,NA,NA,NA,NA,NA,NA,Psoralea bituminosa
Cucumis,NA,NA,NA,NA,NA,NA,NA,Cucumis
Cucumis melo,NA,NA,NA,NA,NA,NA,NA,Cucumis melo
Corrigiola,NA,NA,NA,NA,NA,NA,NA,Corrigiola litoralis
Alnus undifferentiated,NA,NA,NA,NA,NA,NA,NA,Alnus
Alnus pp.,NA,NA,NA,NA,NA,NA,NA,Alnus
Alnus indeterminata,NA,NA,NA,NA,NA,NA,NA,Alnus
Alnus sp.,NA,NA,NA,NA,NA,NA,NA,Alnus
Alnus cf. A. viridis,NA,NA,NA,NA,NA,NA,NA,Alnus viridis
Duschekia fruticosa,NA,NA,NA,NA,NA,NA,NA,Alnus viridis
Alnaster,NA,NA,NA,NA,NA,NA,NA,Alnus viridis
Alnus fruticosa-type,NA,NA,NA,NA,NA,NA,NA,Alnus viridis
Alnus fruticosa,NA,NA,NA,NA,NA,NA,NA,Alnus viridis
Alnus incana subsp. kolaensis,NA,NA,NA,NA,NA,NA,NA,Alnus glutinosa-type
Alnus non-viridis,NA,NA,NA,NA,NA,NA,NA,Alnus glutinosa-type
Alnus incana/A. glutinosa,NA,NA,NA,NA,NA,NA,NA,Alnus glutinosa-type
Alnus glutinosa/A. incana-type,NA,NA,NA,NA,NA,NA,NA,Alnus glutinosa-type
Campanulaceae undifferentiated,NA,NA,NA,NA,NA,NA,NA,Campanulaceae
Campanula/Phyteuma,NA,NA,NA,NA,NA,NA,NA,Phyteuma-type
Campanula cf. C. rotundifolia,NA,NA,NA,NA,NA,NA,NA,Phyteuma-type
Campanula rotundifolia,NA,NA,NA,NA,NA,NA,NA,Phyteuma-type
Phyteuma hemisphaericum,NA,NA,NA,NA,NA,NA,NA,Phyteuma-type
Campanula barbata,NA,NA,NA,NA,NA,NA,NA,Campanula trachelium-type
Michauxia,NA,NA,NA,NA,NA,NA,NA,Michauxia
Carpinus cf. C. betulus,NA,NA,NA,NA,NA,NA,NA,Carpinus betulus
Carpinus triporat,NA,NA,NA,NA,NA,NA,NA,Carpinus betulus
Myriophyllum,NA,NA,NA,NA,NA,NA,NA,Myriophyllum
Myriophyllum undifferentiated,NA,NA,NA,NA,NA,NA,NA,Myriophyllum
Haloragaceae,NA,NA,NA,NA,NA,NA,NA,Myriophyllum
Myriophyllum cf. M. spicatum,NA,NA,NA,NA,NA,NA,NA,Myriophyllum
Myriophyllum cf. M. verticillatum,NA,NA,NA,NA,NA,NA,NA,Myriophyllum
Myriophyllum cf. M. alterniflorum,NA,NA,NA,NA,NA,NA,NA,Myriophyllum
Myriophyllum-type,NA,NA,NA,NA,NA,NA,NA,Myriophyllum
Myriophyllum indeterminata,NA,NA,NA,NA,NA,NA,NA,Myriophyllum
Myriophyllum sp.,NA,NA,NA,NA,NA,NA,NA,Myriophyllum
Myriophyllum alterniflorum,NA,NA,NA,NA,NA,NA,NA,Myriophyllum alterniflorum
Myriophyllum alterniflorum-type,NA,NA,NA,NA,NA,NA,NA,Myriophyllum alterniflorum
Myriophyllum spicatum,NA,NA,NA,NA,NA,NA,NA,Myriophyllum spicatum
Myriophyllum spicatum-type,NA,NA,NA,NA,NA,NA,NA,Myriophyllum spicatum
Myriophyllum epectinatum,NA,NA,NA,NA,NA,NA,NA,Myriophyllum spicatum
Myriophyllum spicatum/M. verticillatum,NA,NA,NA,NA,NA,NA,NA,Myriophyllum spicatum/M. verticillatum
Myriophyllum verticillatum,NA,NA,NA,NA,NA,NA,NA,Myriophyllum verticillatum
Myriophyllum verticillatum-type,NA,NA,NA,NA,NA,NA,NA,Myriophyllum verticillatum
Myriophyllum heterophyllum,NA,NA,NA,NA,NA,NA,NA,Myriophyllum heterophyllum
Pterocarya pterocarpa,NA,NA,NA,NA,NA,NA,NA,Pterocarya
Ulmus undifferentiated,NA,NA,NA,NA,NA,NA,NA,Ulmus/Zelkova
Ulmus (type A),NA,NA,NA,NA,NA,NA,NA,Ulmus/Zelkova
Ulmus (type B),NA,NA,NA,NA,NA,NA,NA,Ulmus/Zelkova
Ulmus pumila,NA,NA,NA,NA,NA,NA,NA,Ulmus/Zelkova
Zelkova abelicea,NA,NA,NA,NA,NA,NA,NA,Ulmus/Zelkova
Ulmus-type,NA,NA,NA,NA,NA,NA,NA,Ulmus/Zelkova
Ulmus campestris,NA,NA,NA,NA,NA,NA,NA,Ulmus/Zelkova
Ulmus glabra-type,NA,NA,NA,NA,NA,NA,NA,Ulmus/Zelkova
Ulmus scabra,NA,NA,NA,NA,NA,NA,NA,Ulmus/Zelkova
Buxus sempervirens-type,NA,NA,NA,NA,NA,NA,NA,Buxus
Polygonum (pericolpate/periporate),NA,NA,NA,NA,NA,NA,NA,Polygonum (pericolpate/periporate)
Polygonum aquatic,NA,NA,NA,NA,NA,NA,NA,Polygonum (pericolpate/periporate)
Polygonum persicaria,NA,NA,NA,NA,NA,NA,NA,Polygonum persicaria-type
Polygonum persicaria-type,NA,NA,NA,NA,NA,NA,NA,Polygonum persicaria-type
Polygonum sect. Persicaria,NA,NA,NA,NA,NA,NA,NA,Polygonum persicaria-type
Polygonum lapathifolium,NA,NA,NA,NA,NA,NA,NA,Polygonum persicaria-type
Polygonum lapathifolium-type,NA,NA,NA,NA,NA,NA,NA,Polygonum persicaria-type
Polygonum cf. P. lapathifolium,NA,NA,NA,NA,NA,NA,NA,Polygonum persicaria-type
Polygonum cf. P. persicaria,NA,NA,NA,NA,NA,NA,NA,Polygonum persicaria-type
Polygonum hydrolapathum,NA,NA,NA,NA,NA,NA,NA,Polygonum persicaria-type
Polygonum scabrum,NA,NA,NA,NA,NA,NA,NA,Polygonum persicaria-type
Polygonum hydropiper-type,NA,NA,NA,NA,NA,NA,NA,Polygonum persicaria-type
Polygonum persicaria-group,NA,NA,NA,NA,NA,NA,NA,Polygonum persicaria-type
Polygonum minus-type,NA,NA,NA,NA,NA,NA,NA,Polygonum persicaria-type
Polygonum hydropiper,NA,NA,NA,NA,NA,NA,NA,Polygonum persicaria-type
Polygonum hydrolapathum-type,NA,NA,NA,NA,NA,NA,NA,Polygonum persicaria-type
Persicaria-type,NA,NA,NA,NA,NA,NA,NA,Polygonum persicaria-type
Convolvulus sepium-type,NA,NA,NA,NA,NA,NA,NA,Calystegia
Convolvulus sepium,NA,NA,NA,NA,NA,NA,NA,Calystegia
Polycnemum/Paronychia,NA,NA,NA,NA,NA,NA,NA,Polycnemum/Paronychia
Stellaria undifferentiated,NA,NA,NA,NA,NA,NA,NA,Cerastium-type
Cerastium fontanum subsp. triviale,NA,NA,NA,NA,NA,NA,NA,Cerastium-type
Cerastium undifferentiated,NA,NA,NA,NA,NA,NA,NA,Cerastium-type
Cerastium/Stellaria,NA,NA,NA,NA,NA,NA,NA,Cerastium-type
Stellaria palustris,NA,NA,NA,NA,NA,NA,NA,Cerastium-type
Stellaria cf. S. nemorum,NA,NA,NA,NA,NA,NA,NA,Cerastium-type
Stellaria cf. S. graminea,NA,NA,NA,NA,NA,NA,NA,Cerastium-type
Cerastium arvense,NA,NA,NA,NA,NA,NA,NA,Cerastium-type
Stellaria nemorum,NA,NA,NA,NA,NA,NA,NA,Cerastium-type
Cerastium cerastioides-type,NA,NA,NA,NA,NA,NA,NA,Cerastium-type
Cerastium fontanum-group,NA,NA,NA,NA,NA,NA,NA,Cerastium-type
Cerastium uniflorum,NA,NA,NA,NA,NA,NA,NA,Cerastium-type
Cerastium cerastioides,NA,NA,NA,NA,NA,NA,NA,Cerastium-type
Stellaria cf. S. holostea,NA,NA,NA,NA,NA,NA,NA,Cerastium-type
Stellaria alsine,NA,NA,NA,NA,NA,NA,NA,Cerastium-type
Stellaria media,NA,NA,NA,NA,NA,NA,NA,Cerastium-type
Stellaria alsine-type,NA,NA,NA,NA,NA,NA,NA,Cerastium-type
Myosoton aquaticum,NA,NA,NA,NA,NA,NA,NA,Myosoton aquaticum
Caryophyllaceae undifferentiated,NA,NA,NA,NA,NA,NA,NA,Caryophyllaceae (periporate excl. Paronychioideae)
Caryophyllaceae (periporate excl. Paronychioideae),NA,NA,NA,NA,NA,NA,NA,Caryophyllaceae (periporate excl. Paronychioideae)
cf. Cerastium,NA,NA,NA,NA,NA,NA,NA,Caryophyllaceae (periporate excl. Paronychioideae)
cf. Scleranthus,NA,NA,NA,NA,NA,NA,NA,Caryophyllaceae (periporate excl. Paronychioideae)
cf. Cerastium glomeratum,NA,NA,NA,NA,NA,NA,NA,Caryophyllaceae (periporate excl. Paronychioideae)
cf. Silene albescens,NA,NA,NA,NA,NA,NA,NA,Caryophyllaceae (periporate excl. Paronychioideae)
cf. Silene ampullata,NA,NA,NA,NA,NA,NA,NA,Caryophyllaceae (periporate excl. Paronychioideae)
Vaccaria/Petrorhagia,NA,NA,NA,NA,NA,NA,NA,Caryophyllaceae (periporate excl. Paronychioideae)
cf. Myosoton aquaticum,NA,NA,NA,NA,NA,NA,NA,Caryophyllaceae (periporate excl. Paronychioideae)
cf. Silene alba,NA,NA,NA,NA,NA,NA,NA,Caryophyllaceae (periporate excl. Paronychioideae)
cf. Lychnis,NA,NA,NA,NA,NA,NA,NA,Caryophyllaceae (periporate excl. Paronychioideae)
cf. Viscaria,NA,NA,NA,NA,NA,NA,NA,Caryophyllaceae (periporate excl. Paronychioideae)
Caryophyllaceae subfam. Silenoideae-type,NA,NA,NA,NA,NA,NA,NA,Caryophyllaceae (periporate excl. Paronychioideae)
cf. Lychnis viscaria-type,NA,NA,NA,NA,NA,NA,NA,Caryophyllaceae (periporate excl. Paronychioideae)
cf. Scleranthus annuus,NA,NA,NA,NA,NA,NA,NA,Caryophyllaceae (periporate excl. Paronychioideae)
Caryophyllaceae p.p.,NA,NA,NA,NA,NA,NA,NA,Caryophyllaceae (periporate excl. Paronychioideae)
Caryophyllaceae indeterminata,NA,NA,NA,NA,NA,NA,NA,Caryophyllaceae (periporate excl. Paronychioideae)
Sagina cf. S. procumbens,NA,NA,NA,NA,NA,NA,NA,Sagina
Sagina nodosa,NA,NA,NA,NA,NA,NA,NA,Sagina
Sagina procumbens,NA,NA,NA,NA,NA,NA,NA,Sagina
Sagina saginoides,NA,NA,NA,NA,NA,NA,NA,Sagina
Sagina nodosa-group,NA,NA,NA,NA,NA,NA,NA,Sagina
Sagina caespitosa,NA,NA,NA,NA,NA,NA,NA,Sagina
Scleranthus cf. S. annuus,NA,NA,NA,NA,NA,NA,NA,Scleranthus
Scleranthus perennis-type,NA,NA,NA,NA,NA,NA,NA,Scleranthus perennis
Lychnis flos-cuculi,NA,NA,NA,NA,NA,NA,NA,Lychnis flos-cuculi
Lychnis flos-cuculi-type,NA,NA,NA,NA,NA,NA,NA,Lychnis flos-cuculi
Melandrium rubrum,NA,NA,NA,NA,NA,NA,NA,Silene dioica-type
Melandrium,NA,NA,NA,NA,NA,NA,NA,Silene dioica-type
Silene conica,NA,NA,NA,NA,NA,NA,NA,Silene dioica-type
Silene vulgaris ssp. maritima-type,NA,NA,NA,NA,NA,NA,NA,Silene vulgaris-type
Silene vulgaris ssp. maritima,NA,NA,NA,NA,NA,NA,NA,Silene vulgaris-type
Silene nutans-type,NA,NA,NA,NA,NA,NA,NA,Silene vulgaris-type
Silene vulgaris-group,NA,NA,NA,NA,NA,NA,NA,Silene vulgaris-type
Arenaria/Silene,NA,NA,NA,NA,NA,NA,NA,Silene-type
Lychnis,NA,NA,NA,NA,NA,NA,NA,Silene-type
Silene undifferentiated,NA,NA,NA,NA,NA,NA,NA,Silene-type
Silene cf. S. nutans,NA,NA,NA,NA,NA,NA,NA,Silene-type
Silene/Lychnis,NA,NA,NA,NA,NA,NA,NA,Silene-type
Lychnis/Silene elegans,NA,NA,NA,NA,NA,NA,NA,Silene-type
Silenaceae,NA,NA,NA,NA,NA,NA,NA,Silene-type
Silene rupestris,NA,NA,NA,NA,NA,NA,NA,Silene-type
Viscaria vulgaris-type,NA,NA,NA,NA,NA,NA,NA,Silene-type
Lychnis viscaria-type,NA,NA,NA,NA,NA,NA,NA,Lychnis viscaria-type
Steris segetalis,NA,NA,NA,NA,NA,NA,NA,Lychnis viscaria-type
Arenaria-type s.l.,NA,NA,NA,NA,NA,NA,NA,Arenaria
Arenaria biflora,NA,NA,NA,NA,NA,NA,NA,Arenaria
Saponaria officinalis,NA,NA,NA,NA,NA,NA,NA,Saponaria
Saponaria officinalis-type,NA,NA,NA,NA,NA,NA,NA,Saponaria
Silene pratensis,NA,NA,NA,NA,NA,NA,NA,Silene pratensis
Gypsophila undifferentiated,NA,NA,NA,NA,NA,NA,NA,Gypsophila repens-type
Gypsophila fastigiata/G. repens,NA,NA,NA,NA,NA,NA,NA,Gypsophila repens-type
Vaccaria,NA,NA,NA,NA,NA,NA,NA,Vaccaria
Minuartia rubra-type/Bufonia,NA,NA,NA,NA,NA,NA,NA,Minuartia rubra-type/Bufonia
Dianthus lusitanicus-type,NA,NA,NA,NA,NA,NA,NA,Dianthus/Petrorhaghia
Dianthus/Petrorhaghia,NA,NA,NA,NA,NA,NA,NA,Dianthus/Petrorhaghia
Tunica-type,NA,NA,NA,NA,NA,NA,NA,Dianthus/Petrorhaghia
Moehringia trinervia-group,NA,NA,NA,NA,NA,NA,NA,Moehringia-type
Minuartia sedoides,NA,NA,NA,NA,NA,NA,NA,Moehringia-type
Minuartia verna,NA,NA,NA,NA,NA,NA,NA,Moehringia-type
Fumariaceae,NA,NA,NA,NA,NA,NA,NA,Fumaria
Fumaria-type,NA,NA,NA,NA,NA,NA,NA,Fumaria
Caryophyllaceae subfam. Paronychioideae,NA,NA,NA,NA,NA,NA,NA,Caryophyllaceae subfam. Paronychioideae
Loeflingia,NA,NA,NA,NA,NA,NA,NA,Loeflingia
Paronychia argentea-type,NA,NA,NA,NA,NA,NA,NA,Paronychia
Illecebrum verticillatum,NA,NA,NA,NA,NA,NA,NA,Illecebrum verticillatum
Littorella uniflora,NA,NA,NA,NA,NA,NA,NA,Littorella uniflora
Littorella-type,NA,NA,NA,NA,NA,NA,NA,Littorella uniflora
Littorella,NA,NA,NA,NA,NA,NA,NA,Littorella uniflora
Malva/Lavatera,NA,NA,NA,NA,NA,NA,NA,Malva/Lavatera
Malva neglecta-type,NA,NA,NA,NA,NA,NA,NA,Malva neglecta-type
Plantaginaceae undifferentiated,NA,NA,NA,NA,NA,NA,NA,Plantaginaceae
Plantaginaceae indeterminata,NA,NA,NA,NA,NA,NA,NA,Plantaginaceae
Plantago undifferentiated,NA,NA,NA,NA,NA,NA,NA,Plantago
cf. Plantago coronopus,NA,NA,NA,NA,NA,NA,NA,Plantago
Plantago cylindrica-type,NA,NA,NA,NA,NA,NA,NA,Plantago
Plantago major/P. maritima,NA,NA,NA,NA,NA,NA,NA,Plantago
Plantago cf. P. crassifolia,NA,NA,NA,NA,NA,NA,NA,Plantago
Plantago cf. P. alpina,NA,NA,NA,NA,NA,NA,NA,Plantago
Plantago cf. P. tenuiflora,NA,NA,NA,NA,NA,NA,NA,Plantago
Plantago officinalis,NA,NA,NA,NA,NA,NA,NA,Plantago
Plantago indeterminata,NA,NA,NA,NA,NA,NA,NA,Plantago
Plantago pp.,NA,NA,NA,NA,NA,NA,NA,Plantago
Plantago media/P. montana-type,NA,NA,NA,NA,NA,NA,NA,Plantago
Plantago cf. P. media,NA,NA,NA,NA,NA,NA,NA,Plantago major-type
cf. Plantago media,NA,NA,NA,NA,NA,NA,NA,Plantago major-type
Plantago intermedia-type,NA,NA,NA,NA,NA,NA,NA,Plantago major-type
Plantago major/P. minor-type,NA,NA,NA,NA,NA,NA,NA,Plantago major-type
Plantago maritima s.l.,NA,NA,NA,NA,NA,NA,NA,Plantago maritima-type
Plantago arenaria,NA,NA,NA,NA,NA,NA,NA,Plantago maritima-type
Plantago maritima s.s.,NA,NA,NA,NA,NA,NA,NA,Plantago maritima-type
Plantago psyllium-type,NA,NA,NA,NA,NA,NA,NA,Plantago maritima-type
Plantago radicata-type,NA,NA,NA,NA,NA,NA,NA,Plantago maritima-type
Plantago maritima/P. serpentina,NA,NA,NA,NA,NA,NA,NA,Plantago maritima-type
Plantago alpinus,NA,NA,NA,NA,NA,NA,NA,Plantago maritima-type
Plantago alpina/P. maritima,NA,NA,NA,NA,NA,NA,NA,Plantago maritima-type
Plantago maritima-type s.l.,NA,NA,NA,NA,NA,NA,NA,Plantago maritima-type
Plantago maritima-type s.s.,NA,NA,NA,NA,NA,NA,NA,Plantago maritima-type
Plantago tenuiflora-type,NA,NA,NA,NA,NA,NA,NA,Plantago tenuiflora
Plantago montana-type,NA,NA,NA,NA,NA,NA,NA,Plantago atrata-type
Plantago holosteum-type,NA,NA,NA,NA,NA,NA,NA,Plantago coronopus-type
Plantago coronopus s.s.,NA,NA,NA,NA,NA,NA,NA,Plantago coronopus-type
Plantago albicans,NA,NA,NA,NA,NA,NA,NA,Plantago albicans
Ribes cf. R. rubrum,NA,NA,NA,NA,NA,NA,NA,Ribes
Ribes nigrum,NA,NA,NA,NA,NA,NA,NA,Ribes nigrum
Ribes nigrum-type,NA,NA,NA,NA,NA,NA,NA,Ribes nigrum
Thalictrum undifferentiated,NA,NA,NA,NA,NA,NA,NA,Thalictrum
Thalictrum alpinum,NA,NA,NA,NA,NA,NA,NA,Thalictrum alpinum-type
Thalictrum alpinum-type,NA,NA,NA,NA,NA,NA,NA,Thalictrum alpinum-type
Thalictrum minus-type,NA,NA,NA,NA,NA,NA,NA,Thalictrum alpinum-type
Thalictrum flavum-type,NA,NA,NA,NA,NA,NA,NA,Thalictrum flavum-type
Daphne sericea,NA,NA,NA,NA,NA,NA,NA,Daphne
Daphne mezereum,NA,NA,NA,NA,NA,NA,NA,Daphne
Daphne gnidium-type,NA,NA,NA,NA,NA,NA,NA,Daphne
Daphne oleoides,NA,NA,NA,NA,NA,NA,NA,Daphne
Daphne cf. cneorum,NA,NA,NA,NA,NA,NA,NA,Daphne
Daphne/Thymeleaea,NA,NA,NA,NA,NA,NA,NA,Thymelaeaceae
Stellera,NA,NA,NA,NA,NA,NA,NA,Stellera
Aellenia-type,NA,NA,NA,NA,NA,NA,NA,Aellenia-type
Chenopodiaceae,NA,NA,NA,NA,NA,NA,NA,Chenopodiaceae/Amaranthaceae
Chenopodiaceae/Amaranthaceae,NA,NA,NA,NA,NA,NA,NA,Chenopodiaceae/Amaranthaceae
cf. Atriplex,NA,NA,NA,NA,NA,NA,NA,Chenopodiaceae/Amaranthaceae
Chenopodiaceae-type,NA,NA,NA,NA,NA,NA,NA,Chenopodiaceae/Amaranthaceae
Spinacia-type,NA,NA,NA,NA,NA,NA,NA,Chenopodiaceae/Amaranthaceae
Salicornia-type,NA,NA,NA,NA,NA,NA,NA,Chenopodiaceae/Amaranthaceae
Suaeda-type,NA,NA,NA,NA,NA,NA,NA,Chenopodiaceae/Amaranthaceae
Suaeda,NA,NA,NA,NA,NA,NA,NA,Chenopodiaceae/Amaranthaceae
Chenopodium/Thalictrum,NA,NA,NA,NA,NA,NA,NA,Chenopodiaceae/Amaranthaceae
Halogeton,NA,NA,NA,NA,NA,NA,NA,Chenopodiaceae/Amaranthaceae
cf. Krascheninnikovia,NA,NA,NA,NA,NA,NA,NA,Chenopodiaceae/Amaranthaceae
Amaranthus-type,NA,NA,NA,NA,NA,NA,NA,Chenopodiaceae/Amaranthaceae
Cornulaca,NA,NA,NA,NA,NA,NA,NA,Chenopodiaceae/Amaranthaceae
Kochia laniflora,NA,NA,NA,NA,NA,NA,NA,Chenopodiaceae/Amaranthaceae
Atriplex nudicaulis,NA,NA,NA,NA,NA,NA,NA,Chenopodiaceae/Amaranthaceae
Atriplex hastata,NA,NA,NA,NA,NA,NA,NA,Chenopodiaceae/Amaranthaceae
Atriplex kuzenevae,NA,NA,NA,NA,NA,NA,NA,Chenopodiaceae/Amaranthaceae
Atriplex sagittata,NA,NA,NA,NA,NA,NA,NA,Chenopodiaceae/Amaranthaceae
Atriplex praecox,NA,NA,NA,NA,NA,NA,NA,Chenopodiaceae/Amaranthaceae
Chenopodium hybridum,NA,NA,NA,NA,NA,NA,NA,Chenopodiaceae/Amaranthaceae
Chenopodium polyspermum,NA,NA,NA,NA,NA,NA,NA,Chenopodiaceae/Amaranthaceae
Chenopodium rubrum,NA,NA,NA,NA,NA,NA,NA,Chenopodiaceae/Amaranthaceae
Kochia prostrata,NA,NA,NA,NA,NA,NA,NA,Chenopodiaceae/Amaranthaceae
Salicornia europaea,NA,NA,NA,NA,NA,NA,NA,Chenopodiaceae/Amaranthaceae
Suaeda maritima,NA,NA,NA,NA,NA,NA,NA,Chenopodiaceae/Amaranthaceae
Kochia,NA,NA,NA,NA,NA,NA,NA,Chenopodiaceae/Amaranthaceae
Chenopodium undifferentiated,NA,NA,NA,NA,NA,NA,NA,Chenopodiaceae/Amaranthaceae
Chenopodiaceae/Amaranthaceae undifferentiated,NA,NA,NA,NA,NA,NA,NA,Chenopodiaceae/Amaranthaceae
Chenopodiaceae s.l.,NA,NA,NA,NA,NA,NA,NA,Chenopodiaceae/Amaranthaceae
Chenopodiaceae/Amaranthus,NA,NA,NA,NA,NA,NA,NA,Chenopodiaceae/Amaranthaceae
Haloxylon,NA,NA,NA,NA,NA,NA,NA,Chenopodiaceae/Amaranthaceae
Atriplex portulacoides,NA,NA,NA,NA,NA,NA,NA,Chenopodiaceae/Amaranthaceae
Beta,NA,NA,NA,NA,NA,NA,NA,Beta
Salsola kali,NA,NA,NA,NA,NA,NA,NA,Salsola kali
Aerva,NA,NA,NA,NA,NA,NA,NA,Aerva
Chenopodiaceae: clumps,NA,NA,NA,NA,NA,NA,NA,Chenopodiaceae: clumps
Tribulus,NA,NA,NA,NA,NA,NA,NA,Tribulus terrestris
Polemonium coeruleum,NA,NA,NA,NA,NA,NA,NA,Polemonium
Polemoniaceae undifferentiated,NA,NA,NA,NA,NA,NA,NA,Polemoniaceae
Alisma,NA,NA,NA,NA,NA,NA,NA,Alisma-type
Alisma gramineum,NA,NA,NA,NA,NA,NA,NA,Alisma-type
Alisma plantago-aquatica,NA,NA,NA,NA,NA,NA,NA,Alisma-type
Alisma plantago-aquatica-type,NA,NA,NA,NA,NA,NA,NA,Alisma-type
Alisma-type,NA,NA,NA,NA,NA,NA,NA,Alisma-type
Baldellia,NA,NA,NA,NA,NA,NA,NA,Alisma-type
Luronium-type,NA,NA,NA,NA,NA,NA,NA,Alisma-type
Alisma gramineum-type,NA,NA,NA,NA,NA,NA,NA,Alisma-type
Alisma cf. A. plantago-aquatica,NA,NA,NA,NA,NA,NA,NA,Alisma-type
Alisma-group,NA,NA,NA,NA,NA,NA,NA,Alisma-type
Echinodorus ranunculoides,NA,NA,NA,NA,NA,NA,NA,Alisma-type
Alisma plantago,NA,NA,NA,NA,NA,NA,NA,Alisma-type
Sagittaria,NA,NA,NA,NA,NA,NA,NA,Sagittaria
Sagittaria sagitifolia,NA,NA,NA,NA,NA,NA,NA,Sagittaria
Sagittaria sagittifolia,NA,NA,NA,NA,NA,NA,NA,Sagittaria
Sagittaria-type,NA,NA,NA,NA,NA,NA,NA,Sagittaria
Alismataceae,NA,NA,NA,NA,NA,NA,NA,Alismataceae
Damasonium,NA,NA,NA,NA,NA,NA,NA,Damasonium
Caldesia parnassifolia,NA,NA,NA,NA,NA,NA,NA,Caldesia parnassifolia
Ranunculus parviflorus-type,NA,NA,NA,NA,NA,NA,NA,Ranunculus arvensis-type
Roemeria dodecandra-type,NA,NA,NA,NA,NA,NA,NA,Roemeria-type
Roemeria-type,NA,NA,NA,NA,NA,NA,NA,Roemeria-type
Roemeria hybrida-type,NA,NA,NA,NA,NA,NA,NA,Roemeria-type
Roemeria hybrida,NA,NA,NA,NA,NA,NA,NA,Roemeria-type
Cannabaceae/Urticaceae,NA,NA,NA,NA,NA,NA,NA,Cannabaceae/Urticaceae
Urtica/Humulus,NA,NA,NA,NA,NA,NA,NA,Cannabaceae/Urticaceae
Humulus/Cannabis/Urtica,NA,NA,NA,NA,NA,NA,NA,Cannabaceae/Urticaceae
Cannabaceae undifferentiated,NA,NA,NA,NA,NA,NA,NA,Cannabis/Humulus
Cannabis/Humulus,NA,NA,NA,NA,NA,NA,NA,Cannabis/Humulus
Cannabis/Humulus-type,NA,NA,NA,NA,NA,NA,NA,Cannabis/Humulus
Cannabinaceae,NA,NA,NA,NA,NA,NA,NA,Cannabis/Humulus
Urtica undifferentiated,NA,NA,NA,NA,NA,NA,NA,Urtica
Urtica indeterminata,NA,NA,NA,NA,NA,NA,NA,Urtica
Urtica dubia-type,NA,NA,NA,NA,NA,NA,NA,Urtica dubia-type
Urtica cf. pilulifera,NA,NA,NA,NA,NA,NA,NA,Urticaceae
Urticaceae undifferentiated,NA,NA,NA,NA,NA,NA,NA,Urticaceae
Urticales,NA,NA,NA,NA,NA,NA,NA,Urticaceae/Moraceae
