taxon_name,Pollen_type
Equisetum,Equisetum
Equisetaceae,Equisetum
Anthoceros/Phaeoceros,Anthoceros/Phaeoceros
Anthoceros,Anthoceros/Phaeoceros
Anthocerothales,Anthoceros/Phaeoceros
Anthocerotaceae,Anthoceros/Phaeoceros
Anthocerotales (type 1),Anthoceros/Phaeoceros
Anthocerotales (type 2),Anthoceros/Phaeoceros
Anthocerotales (type 3),Anthoceros/Phaeoceros
Anthoceros crispulus,Anthoceros crispulus
Anthoceros punctatus,Anthoceros punctatus-type
Anthoceros punctatus-type,Anthoceros punctatus-type
Anthoceros laevis-type,Phaeoceros laevis-type
Anthoceros laevis,Phaeoceros laevis-type
Phaeoceros laevis,Phaeoceros laevis-type
Phaeoceros,Phaeoceros laevis-type
Phaeoceros laevis-type,Phaeoceros laevis-type
Anogramma leptophylla,Anogramma leptophylla
Anogramma,Anogramma leptophylla
Cheilanthes,Cheilanthes
Cheilanthes-type,Cheilanthes
Cosentinia,Cheilanthes
Cryptogramma crispa,Cryptogramma crispa
Cryptogramma,Cryptogramma crispa
Hymenophyllum,Hymenophyllum
Hymenophyllum wilsonii,Hymenophyllum wilsonii
Hymenophyllum tunbrigense,Hymenophyllum tunbrigense
Hymenophyllum flabellatum,Hymenophyllum flabellatum
Huperzia selago,Huperzia selago
Huperzia selago subsp. arctica,Huperzia selago
Huperzia arctica,Huperzia selago
Lycopodium selago,Huperzia selago
Huperzia,Huperzia selago
Huperzia selago-type,Huperzia selago
Lycopodium appressum,Huperzia selago
Huperzia selago subsp. arctica-type,Huperzia selago
Huperzia selago subsp. selago,Huperzia selago
Huperzia undifferentiated,Huperzia selago
Huperzia petrovii,Huperzia selago
Huperzia serrata,Huperzia serrata
Lycopodiaceae,Lycopodiaceae
Lycopodiaceae undifferentiated,Lycopodiaceae
Lycopodium-type,Lycopodiaceae
Lycopodium cf. L. selago,Lycopodiaceae
Lycopodiaceae sp.,Lycopodiaceae
Lycopodium,Lycopodium
Lycopodium cf. L. clavatum (tetrad),Lycopodium
Lycopodium undifferentiated,Lycopodium
Lycopodium cf. L. annotinum,Lycopodium
Lycopodium annotinum/Diphasium complanatum,Lycopodium
Lycopodium cf. L. complanatum,Lycopodium
Lycopodium indeterminata,Lycopodium
Lycopodium sp.,Lycopodium
Lycopodium cf. L. clavatum,Lycopodium
Lycopodium cf. L. alpinum,Lycopodium
Lycopodium clavatum,Lycopodium clavatum
Diphasium alpinum,Lycopodium clavatum-type
Diphasium cf. D. alpinum,Lycopodium clavatum-type
Diphasium complanatum-type,Lycopodium clavatum-type
Diphasium alpinum-type,Lycopodium clavatum-type
Lycopodium clavatum-type,Lycopodium clavatum-type
Diphasium complanatum,Lycopodium clavatum-type
Diphasium alpinum/D. complanatum,Lycopodium clavatum-type
Diphasium,Lycopodium clavatum-type
Diphasium-type,Lycopodium clavatum-type
Diphasium tristachyum,Lycopodium clavatum-type
Diphasium complanatum/D. tristachyum,Lycopodium clavatum-type
Diphasiastrum tristachyum,Lycopodium clavatum-type
Lycopodium clavatum/Diphasium,Lycopodium clavatum-type
Diphasiastrum alpinum,Lycopodium clavatum-type
Diphasiastrum,Lycopodium clavatum-type
Lycopodium alpinum-type,Lycopodium clavatum-type
Lycopodium alpinum,Lycopodium clavatum-type
Lycopodium alpinum/complanatum,Lycopodium clavatum-type
Lycopodium complanatum,Lycopodium clavatum-type
Diphasiastrum complanatum-type,Lycopodium clavatum-type
Diphasiastrum complanatum,Lycopodium clavatum-type
Diphasiastrum-type,Lycopodium clavatum-type
Diphasiastrum alpinum-type,Lycopodium clavatum-type
Lycopodium complanatum-type,Lycopodium clavatum-type
Diphasiastrum undifferentiated,Lycopodium clavatum-type
Lycopodium annotinum,Lycopodium annotinum-type
Lycopodium annotinum-type,Lycopodium annotinum-type
Lycopodium dubium,Lycopodium annotinum-type
Lycopodium pungens,Lycopodium annotinum-type
Lycopodium annotinum subsp. alpestre,Lycopodium annotinum-type
Lycopodium annotinum subsp. annotinum,Lycopodium annotinum-type
Lepidotis inundata,Lycopodiella inundata
Lycopodiella inundata,Lycopodiella inundata
Lycopodiella,Lycopodiella inundata
Lycopodium inundatum,Lycopodiella inundata
Lycopodium inundatum-type,Lycopodiella inundata
Lycopodium obscurum,Lycopodium obscurum
Lycopodium lagopus,Lycopodium lagopus
Clavatum-type/Diphasium,Lycopodium clavatum-type
Lycopodium juniperoideum,Lycopodium juniperoideum
Pilularia,Pilularia
Pilularia globulifera,Pilularia
Pteridium,Pteridium aquilinum
Pteridium aquilinum,Pteridium aquilinum
Pteridium-type,Pteridium aquilinum
Pteridium aquilinum-type,Pteridium aquilinum
Pteridium undifferentiated,Pteridium aquilinum
Selaginella,Selaginella
Selaginellaceae,Selaginella
Selaginella undifferentiated,Selaginella
Selaginella selaginoides,Selaginella selaginoides
Selaginella selaginoides-type,Selaginella selaginoides
Selaginella helvetica,Selaginella helvetica-type
Selaginella helvetica-type,Selaginella helvetica-type
Selaginella denticulata-type,Selaginella helvetica-type
Selaginella denticulata,Selaginella helvetica-type
Selaginella cf. denticula,Selaginella helvetica-type
Selaginella sibirica,Selaginella sibirica
Selaginella rupestris,Selaginella rupestris
Selaginella apoda,Selaginella apoda
Selaginella sanguinolenta,Selaginella sanguinolenta
Selaginella borealis,Selaginella borealis
Bryophyte spores,Bryophyte spores
Bryophyte spores undifferentiated,Bryophyte spores
Bryales,Bryophyte spores
Bryidae,Bryophyte spores
Bryophytes,Bryophyte spores
Bryales undifferentiated,Bryophyte spores
Bryophytes undifferentiated,Bryophyte spores
Sphagnum,Sphagnum
Sphagnales,Sphagnum
Sphagnum-type,Sphagnum
Encalypta rhabdocarpa,Encalypta rhabdocarpa
Hedwigia,Hedwigia
Encalypta,Encalypta
Philonotis,Philonotis
Polytrichum,Polytrichum
Dicranum,Dicranum
Hypnum,Hypnum
Acaulon-type,Acaulon-type
Encalypta-type,Encalypta-type
Meesia,Meesia
Trachyphyllum,Trachyphyllum
Dicranaceae,Dicranaceae
Filicopsida trilete undifferentiated,Trilete spore(s)
Pteridophyta trilete undifferentiated,Trilete spore(s)
Trilete spore(s) undifferentiated,Trilete spore(s)
Trilete spore(s),Trilete spore(s)
cf. Huperzia selago,Trilete spore(s)
cf. Pteridium,Trilete spore(s)
cf. Lycopodium clavatum,Trilete spore(s)
cf. Lycopodium,Trilete spore(s)
cf. Lepidotis inundata,Trilete spore(s)
cf. Cryptogramma crispa,Trilete spore(s)
cf. Osmunda,Trilete spore(s)
cf. Ophioglossum vulgatum,Trilete spore(s)
cf. Adiantum,Trilete spore(s)
cf. Lycopodiella inundatum,Trilete spore(s)
cf. Diphasiastrum-type,Trilete spore(s)
Trilete spore sculptured,Trilete spore(s)
Trilete spores (roughly verrucate),Trilete spore(s)
Trilete spores (smoothly verrucate),Trilete spore(s)
Pteridaceae,Trilete spore(s)
Trilete fern spores,Trilete spore(s)
Trilete psilate,Trilete spore(s)
Trilete spores (verrucate),Trilete spore(s)
Filicales triletes,Trilete spore(s)
Filicales triletes undifferentiated,Trilete spore(s)
Trilete non-psilate,Trilete spore(s)
Trilete indeterminata,Trilete spore(s)
Trilete ornamented,Trilete spore(s)
Pteris,Pteris
Pteris cretica,Pteris cretica
Salvinia,Salvinia
Salvinia natans,Salvinia
Massulae salvinia,Salvinia
Azolla/Salvinia,Azolla/Salvinia
Salvinia-type,Azolla/Salvinia
Salviniaceae,Azolla/Salvinia
Salvinia/Azolla: massulae,Azolla/Salvinia
Azolla/Salvinia spore(s),Azolla/Salvinia
Azolla,Azolla
Azolla nilotica,Azolla nilotica
Azolla filiculoides: glochidia,Azolla filiculoides
Azolla filiculoides,Azolla filiculoides
Azolla filiculoides: massulae,Azolla filiculoides
Azolla: microspores,Azolla filiculoides
Azolla filiculoides: spores,Azolla filiculoides
Botrychium,Botrychium
Botrychium-type,Botrychium
Botrychium undifferentiated,Botrychium
Botrychium cf. lunaria,Botrychium
Botrychium boreale-type,Botrychium boreale-type
Botrychium virginianum,Botrychium boreale-type
Botrychium boreale,Botrychium boreale-type
Botrychium simplex,Botrychium boreale-type
Botrychium lunaria,Botrychium lunaria-type
Botrychium lunaria-type,Botrychium lunaria-type
Botrychium multifidum,Botrychium lunaria-type
Botrychium biternatum,Botrychium biternatum
Ophioglossum,Ophioglossum
Ophioglossum cf. O. polyphyllum,Ophioglossum
Ophioglossum vulgatum,Ophioglossum vulgatum
Ophioglossum vulgatum-type,Ophioglossum vulgatum
Ophioglossum lusitanicum-type,Ophioglossum lusitanicum-type
Ophioglossum lusitanicum,Ophioglossum lusitanicum-type
Ophioglossaceae,Ophioglossaceae
Marsilea,Marsilea
Marsileaceae,Marsileaceae
Adiantum,Adiantum capillus-veneris
Adiantum capillus-veneris,Adiantum capillus-veneris
Pellaea-type,Pellaea-type
Riccia-type,Riccia
Riccia,Riccia
Riccia lamellosa-type,Riccia
Riccia cf. sorocarpa,Riccia
Riccia sp.,Riccia
Fossombronia,Fossombronia
Riccardia pinguis-type,Riccardia pinguis-type
Hepaticeae,Hepaticae
Hepaticae,Hepaticae
Hepaticae undifferentiated,Hepaticae
Osmunda regalis,Osmunda regalis
Osmunda regalis-type,Osmunda regalis
Osmunda,Osmunda regalis
Osmunda cinnamomea,Osmunda cinnamomea
Osmunda regalis/Osmundastrum claytonianum,Osmunda regalis/Osmundastrum claytonianum
Osmunda undifferentiated,Osmunda-type
Osmundaceae,Osmunda-type
Osmunda-type,Osmunda-type
Osmunda claytoniana,Osmunda claytoniana
Asplenium-type,Asplenium-type
Asplenium,Asplenium-type
Phyllitis,Asplenium-type
Asplenium viride,Asplenium-type
Phyllitis scolopendrium-type,Asplenium-type
Ceterach officinarum,Asplenium-type
Asplenium-type undifferentiated,Asplenium-type
Asplenium trichomanes,Asplenium-type
Asplenium ruta-muraria,Asplenium-type
Scolopendrium,Asplenium-type
Athyrium filix-femina,Athyrium filix-femina
Athyrium,Athyrium filix-femina
Athyrium-type,Athyrium filix-femina
Blechnum spicant,Blechnum spicant
Blechnum,Blechnum spicant
Dryopteris dilatata,Dryopteris dilatata
Dryopteris dilatata-type,Dryopteris dilatata
Dryopteris austriaca,Dryopteris dilatata
Dryopteris filix-mas,Dryopteris filix-mas-type
Dryopteris filix-mas-type,Dryopteris filix-mas-type
Dryopteris filix-mas s.s.,Dryopteris filix-mas-type
Dryopteris oreopteris,Dryopteris filix-mas-type
Dryopteris,Dryopteris-type
Dryopteris-type,Dryopteris-type
Matteuccia-type,Dryopteris-type
Lastrea-type,Dryopteris-type
Dryopteris undifferentiated,Dryopteris-type
Gymnocarpium,Gymnocarpium dryopteris
Gymnocarpium dryopteris,Gymnocarpium dryopteris
Gymnocarpium dryopteris-type,Gymnocarpium dryopteris
Dryopteris linnaeana,Gymnocarpium dryopteris
Phegopteris dryopteris,Gymnocarpium dryopteris
Thelypteris palustris,Thelypteris palustris
Thelypteris palustris-type,Thelypteris palustris
Thelypteris-type,Thelypteris palustris
Thelypteris,Thelypteris palustris
Dryopteris thelypteris,Thelypteris palustris
Woodsia-type,Woodsia-type
Athyrium distentifolium-type,Woodsia-type
Athyrium alpestre-type,Woodsia-type
Athyrium/Woodsia,Woodsia-type
Athyrium distentifolium,Woodsia-type
Woodsia undifferentiated,Woodsia-type
Woodsia ilvensis,Woodsia-type
Woodsia,Woodsia-type
Athyrium alpestre,Woodsia-type
Cystopteris fragilis,Cystopteris fragilis
Cystopteris fragilis-type,Cystopteris fragilis
Cystopteris-type,Cystopteris
Cystopteris undifferentiated,Cystopteris
Cystopteris,Cystopteris
Cystopteris indeterminata,Cystopteris
Rhizomatopteris sudetica,Cystopteris montana-type
Cystopteris montana-type,Cystopteris montana-type
Polystichum-type,Polystichum
Polystichum,Polystichum
Polystichum lonchitis,Polystichum
Dryopteris carthusiana-type,Dryopteris cristata-type
Dryopteris carthusiana,Dryopteris cristata-type
Dryopteris cristata-type,Dryopteris cristata-type
Dryopteris cristata,Dryopteris cristata-type
Dryopteris spinulosa,Dryopteris cristata-type
Dryopteris fragrans,Dryopteris fragrans
Dryopteris crassirhizoma,Dryopteris crassirhizoma
Leucostegia immersa,Leucostegia immersa
Matteuccia,Matteuccia struthiopteris
Matteuccia struthiopteris,Matteuccia struthiopteris
Grammitis,Grammitis
Thelypteris phegopteris,Phegopteris
Lastrea phegopteris,Phegopteris
Phegopteris,Phegopteris
Isoetes,Isoetes
Isoetes (type A),Isoetes
Isoetes cf. Lacustris,Isoetes
Isoetes undifferentiated,Isoetes
Isoete spore(s),Isoetes
Isoetes lacustris,Isoetes lacustris
Isoetes setacea,Isoetes echinospora
Isoetes echinospora,Isoetes echinospora
Polypodium,Polypodium
Polypodium vulgare,Polypodium
Polypodium vulgare-type,Polypodium
Polypodium-type,Polypodium
Polypodium undifferentiated,Polypodium
Polypodium australe,Polypodium
Polypodium sibiricum,Polypodium
cf. Cystopteris,Monolete fern spores
Filicopsida,Monolete fern spores
Filicopsida monolete undifferentiated,Monolete fern spores
Filicopsida undifferentiated,Monolete fern spores
Pteridophyta monolete undifferentiated,Monolete fern spores
Pteridophyta undifferentiated,Monolete fern spores
cf. Thelypteris palustris,Monolete fern spores
cf. Athyrium,Monolete fern spores
cf. Dryopteris felix-mas,Monolete fern spores
Monolete spore(s),Monolete fern spores
Monolete spore(s) undifferentiated,Monolete fern spores
Polypodiaceae undifferentiated,Monolete fern spores
Polypodiaceae,Monolete fern spores
Polypodiaceae-type,Monolete fern spores
Polypodiaceae/Aspidiaceae undifferentiated,Monolete fern spores
Monolete psilate,Monolete fern spores
Monolete verrucate,Monolete fern spores
Monolete spore sculptured,Monolete fern spores
cf. Polypodium,Monolete fern spores
cf. Dryopteris,Monolete fern spores
Polypodiaceae s.l. undifferentiated,Monolete fern spores
Pteridophyta spores,Monolete fern spores
Filicinae,Monolete fern spores
Dryopteris filix-femina,Monolete fern spores
Monolete fern spores,Monolete fern spores
Filicales monoletes,Monolete fern spores
Pteropsida undifferentiated,Monolete fern spores
Dryopteris cf. D. cristata,Monolete fern spores
Filicales,Monolete fern spores
Polypodiaceae p.p.,Monolete fern spores
Filicinae indeterminata,Monolete fern spores
Filicales monoletes undifferentiated,Monolete fern spores
Pteropsida monolete indeterminata,Monolete fern spores
Athyrium filix-mas,Monolete fern spores
Thelypteridaceae,Monolete fern spores
Filicales undifferentiated,Monolete fern spores
Monolete non-psilate,Monolete fern spores
Polypodiales,Monolete fern spores
Pteridophyta monolete with perine,Monolete fern spores
cf. Dryopteris thelypteris,Monolete fern spores
Pteropsida,Monolete fern spores
Monolete ornamented,Monolete fern spores
Fern spore indeterminata,Monolete fern spores
Polypodiophyta,Monolete fern spores
Polypodiophyta undifferentiated,Monolete fern spores
Acacia,Acacia
Aldrovanda vesiculosa,Aldrovanda vesiculosa
Drosera,Drosera
Drosera cf. D. rotundifolia,Drosera
Droseraceae,Drosera
Drosera cf. D. intermedia,Drosera
Drosera undifferentiated,Drosera
Drosera-type,Drosera
Drosera intermedia,Drosera intermedia
Drosera intermedia-type,Drosera intermedia
Drosera rotundifolia-type,Drosera rotundifolia-type
Drosera rotundifolia,Drosera rotundifolia-type
Drosera rotundifolia/D. anglica,Drosera rotundifolia-type
Drosera anglica,Drosera anglica
Arbutus,Arbutus
Arbutus unedo,Arbutus
Calluna vulgaris,Calluna vulgaris
Calluna,Calluna vulgaris
Calluna vulgaris-type,Calluna vulgaris
Calluna-type,Ericales (tetrads)
Chimaphila,Chimaphila
Ericaceae,Ericales (tetrads)
Ericaceae undifferentiated,Ericales (tetrads)
Ericaceae-type,Ericales (tetrads)
Ericaceae/Empetrum,Ericales (tetrads)
Ericales,Ericales (tetrads)
Ericales (tetrads),Ericales (tetrads)
Ericales undifferentiated,Ericales (tetrads)
cf. Calluna,Ericales (tetrads)
cf. Arctostaphylos,Ericales (tetrads)
cf. Andromeda polifolia,Ericales (tetrads)
cf. Erica,Ericales (tetrads)
cf. Arbutus,Ericales (tetrads)
cf. Cassiope,Ericales (tetrads)
cf. Ledum,Ericales (tetrads)
cf. Empetrum,Ericales (tetrads)
Vacciniaceae,Ericales (tetrads)
Ericales indeterminata,Ericales (tetrads)
Ericaceae p.p.,Ericales (tetrads)
Ericaceae s.l.,Ericales (tetrads)
Vacciniaceae/Ericaceae,Ericales (tetrads)
Ericaceae indeterminata,Ericales (tetrads)
cf. Vaccinium,Ericales (tetrads)
Moneses,Moneses
Andromeda polifolia,Andromeda polifolia
Andromeda,Andromeda polifolia
Andromeda-type,Andromeda polifolia
Erica,Erica
Erica cf. E. tetralix,Erica
Erica cinerea/E. tetralix,Erica
Erica cf. E. cinerea,Erica
Erica undifferentiated,Erica
Erica-type,Erica
Erica indeterminata,Erica
Erica cinerea/E. ciliaris,Erica
Erica tetralix-type,Erica tetralix-type
Erica tetralix,Erica tetralix-type
Loiseleuria procumbens,Loiseleuria procumbens
Rhododendron,Rhododendron
Rhododendron lapponicum-type,Rhododendron
Rhododendron ponticum,Rhododendron
Rhododendron-type,Rhododendron
Rhododendron ferrugineum,Rhododendron
Vaccinium,Vaccinium
Vaccinium myrtillus-type,Vaccinium
Vaccinium myrtillus,Vaccinium
Vaccinium oxycoccos,Vaccinium
Vaccinium subgen. Oxycoccus,Vaccinium
Vaccinium uliginosum,Vaccinium
Vaccinium-type,Vaccinium-type
Erica cinerea,Erica cinerea
Erica umbellata,Erica umbellata
Erica umbellata-type,Erica umbellata
Erica arborea-type,Erica arborea-type
Erica lusitanica,Erica arborea-type
Erica arborea,Erica arborea-type
Erica scoparia-type,Erica arborea-type
Erica multiflora-type,Erica arborea-type
Erica scoparia,Erica arborea-type
Cassiope,Erica ciliaris-type
Chamaedaphne calyculata,Erica ciliaris-type
Erica australis,Erica ciliaris-type
Erica australis-type,Erica ciliaris-type
Erica ciliaris-type,Erica ciliaris-type
Erica erigena,Erica ciliaris-type
Pyrola-type,Pyrola-type
Pyrola,Pyrola-type
Pyrolaceae,Pyrola-type
Pyrola minor,Pyrola-type
Pyrola incarnata,Pyrola-type
Arctostaphylos alpinus,Arctostaphylos alpinus
Arctostaphylos uva-ursi,Arctostaphylos uva-ursi
Arctostaphylos uva-ursi-type,Arctostaphylos uva-ursi
Arctostaphylos,Arctostaphylos
Arctostaphylos undifferentiated,Arctostaphylos
Corema album,Corema album
Erica terminalis,Erica terminalis
Empetrum,Empetrum nigrum
Empetrum cf. E. nigrum,Empetrum nigrum
Empetrum nigrum,Empetrum nigrum
Empetrum nigrum ssp. hermaphroditum,Empetrum nigrum
Empetrum nigrum subsp. hermaphroditum,Empetrum nigrum
Empetrum nigrum-type,Empetrum nigrum
Ledum,Ledum palustre
Ledum palustre,Ledum palustre
Empetrum-type,Empetrum/Ledum
Ledum-type,Empetrum/Ledum
Empetraceae,Empetrum/Ledum
Empetrum/Ledum,Empetrum/Ledum
Empetrum/Ledum-type,Empetrum/Ledum
Juncaceae,Juncaceae
Luzula,Juncaceae
Juncus,Juncaceae
Juncus/Luzula,Juncaceae
Listera-type,Listera-type
Listera,Listera-type
Epipactis palustris,Epipactis
Epipactis,Epipactis
Epipactis palustris-type,Epipactis
Listera ovata,Listera ovata
Orchidaceae,Orchidaceae
Periploca,Periploca
Trachomitum,Trachomitum
Typha latifolia,Typha latifolia
Typha latifolia-type,Typha latifolia-type
Typha undifferentiated (tetrad),Typha latifolia-type
Sparganium (tetrad),Typha latifolia-type
Typha minima-type,Typha latifolia-type
Typha cf. T. elephantina,Typha latifolia-type
Typha (tetrad),Typha latifolia-type
Typha minima,Typha minima
Scheuchzeria,Scheuchzeria palustris
Scheuchzeria palustris,Scheuchzeria palustris
Scheuchzeria-type,Scheuchzeria palustris
Abies,Abies
Abies undifferentiated,Abies
Abies alba,Abies
Abies nordmanniana,Abies
Abies sibirica,Abies sibirica
Abies marocana,Abies marocana
Cedrus,Cedrus
Cedrus libani,Cedrus
Cedrus atlantica,Cedrus
Cedrus cf. C. atlantica,Cedrus
Cedrus-type,Cedrus
Picea abies-type,Picea abies-type
Picea,Picea abies-type
Picea abies,Picea abies-type
Picea (half),Picea abies-type
Picea (whole),Picea abies-type
Picea abies subsp. obovata,Picea abies-type
Picea abies subsp. abies,Picea abies-type
Picea sect. Eupicea,Picea abies-type
Picea obovata,Picea abies-type
Picea excelsa-type,Picea abies-type
Picea undifferentiated,Picea
Picea omorika,Picea omorika-type
Picea orientalis,Picea omorika-type
Picea cf. omorika,Picea omorika-type
Picea omorika-type,Picea omorika-type
Pinus undifferentiated,Pinus
Pinus (type A),Pinus
Pinus (type 2),Pinus
Pinus pp.,Pinus
Pinus indeterminata,Pinus
Pinus sp.,Pinus
Pinus: clumps,Pinus
Pinus pinaster,Pinus pinaster
Pinus pinaster-type,Pinus pinaster
Pinus,Pinus sylvestris-type
Pinus diploxylon-type,Pinus sylvestris-type
Pinus sylvestris,Pinus sylvestris-type
Pinus diploxylon,Pinus sylvestris-type
Pinus sylvestris-type,Pinus sylvestris-type
Pinus (half),Pinus sylvestris-type
Pinus (whole),Pinus sylvestris-type
Pinus-type,Pinus sylvestris-type
Pinus laricio,Pinus sylvestris-type
Pinus nigra-type,Pinus sylvestris-type
Pinus mugo,Pinus sylvestris-type
Pinus subgen. Pinus,Pinus sylvestris-type
Pinus non-cembra,Pinus sylvestris-type
Pinus maritima,Pinus sylvestris-type
Pinus sylvestris/P. nigra-type,Pinus sylvestris-type
Pinus subgen. Diploxylon-type,Pinus sylvestris-type
Pinus subgen. Diploxylon,Pinus sylvestris-type
Pinus maritima-type,Pinus sylvestris-type
Pinus uncinata-type,Pinus sylvestris-type
Pinus halepensis,Pinus halepensis-type
Pinus halepensis-type,Pinus halepensis-type
Pinus pinea-type,Pinus halepensis-type
Pinus halepensis/P. pinea-type,Pinus halepensis-type
Pinus pinea,Pinus halepensis-type
Pinus pinea/P. halepensis,Pinus halepensis-type
Pinus haploxylon-type,Pinus cembra-type
Pinus cembra,Pinus cembra-type
Pinus peuce,Pinus cembra-type
Pinus haploxylon,Pinus cembra-type
Pinus cembra-type,Pinus cembra-type
Pinus subgen. Strobus,Pinus cembra-type
Pinus sibirica,Pinus cembra-type
Pinus pumila,Pinus cembra-type
Pinus cembra/Pinus haploxylon-type,Pinus cembra-type
Pinus subgen. Haploxylon-type,Pinus cembra-type
Pinus subgen. Haploxylon,Pinus cembra-type
Pinus sibirica-type,Pinus cembra-type
Pinus pumila-type,Pinus cembra-type
Pinus haplostellate,Pinus cembra-type
Podocarpaceae,Podocarpaceae
Tsuga,Tsuga
Tsuga undifferentiated,Tsuga
Tsuga-type,Tsuga
Tsuga mertensiana,Tsuga diversifolia-type
Tsuga diversifolia-type,Tsuga diversifolia-type
Podocarpus,Podocarpus
Podocarpus-type,Podocarpus
Keteleeria,Keteleeria
Dacrydium,Dacrydium
cf. Abies,cf. Abies
cf. Cedrus,cf. Abies
Pinaceae,cf. Abies
Coniferae indeterminable,cf. Abies
Pinaceae undifferentiated,cf. Abies
Pinaceae indeterminata,cf. Abies
Coniferae-type,cf. Abies
Coniferae,cf. Abies
Picea/Pinus undifferentiated,cf. Abies
Coniferae coroded,cf. Abies
Callitriche stagnalis,Callitriche stagnalis
Callitriche stagnalis-type,Callitriche stagnalis
Cladium mariscus,Cladium mariscus
Cladium-type,Cladium mariscus
Cladium,Cladium mariscus
Cyperaceae,Cyperaceae
Cyperaceae undifferentiated,Cyperaceae
Cyperaceae p.p.,Cyperaceae
Cyperaceae indeterminata,Cyperaceae
Cyperus,Cyperus
Cyperus longus-type,Cyperus
Cyperus-type,Cyperus
Cyperus capitatus,Cyperus
Eriophorum,Eriophorum-type
Eriophorum-type,Eriophorum-type
Eriophorum angustifolium/E. vaginatum,Eriophorum-type
Eriophorum scheuchzeri,Eriophorum-type
Scirpus lacustris,Scirpus-type
Scirpus maritimus,Scirpus-type
Scirpus sect. Pterolepis-type,Scirpus-type
Scirpus-type,Scirpus-type
Scirpus lacustris-type,Scirpus-type
Scirpus lacustris subsp. lacustris-type,Scirpus-type
Bolboschoenus maritimus,Scirpus-type
Scirpus,Scirpus-type
Scirpus lacustris subsp. tabernaemontani,Scirpus-type
Schoenoplectus lacturis subsp. lacustris,Scirpus-type
Schoenoplectus-type,Scirpus-type
Trichophorum caespitosum,Scirpus-type
Rhynchospora alba,Rhynchospora
Rhynchospora,Rhynchospora
Rhynchospora alba-type,Rhynchospora
Rhynchospora-type,Rhynchospora
Dulichium-type,Carex
Carex-type,Carex
Carex,Carex
Carex hirta-type,Carex
Schoenus-type,Schoenus
Schoenus,Schoenus
Ephedra,Ephedra
cf. Ephedra fragilis,Ephedra
Ephedra undifferentiated,Ephedra
Ephedraceae,Ephedra
Ephedra sp.,Ephedra
Ephedra indeterminata,Ephedra
Ephedra distachya,Ephedra distachya-type
Ephedra distachya-type,Ephedra distachya-type
Ephedra distachya subsp. helvetica-type,Ephedra distachya-type
Ephedra cf. E. distachya,Ephedra distachya-type
Ephedra major,Ephedra distachya-type
Ephedra distachya-nebrodensis,Ephedra distachya-type
Ephedra major-type,Ephedra distachya-type
Ephedra fragilis,Ephedra fragilis-type
Ephedra fragilis-type,Ephedra fragilis-type
Ephedra fragilis ssp. campylopoda,Ephedra fragilis-type
Ephedra fragilis ssp. campylopoda-type,Ephedra fragilis-type
Ephedra cf. E. fragilis ssp. campylopoda,Ephedra fragilis-type
Ephedra cf. E. fragilis,Ephedra fragilis-type
Ephedra cf. E. strobilacea,Ephedra fragilis-type
Ephedra strobilaceae-type,Ephedra strobilacea
Ephedra strobilacea,Ephedra strobilacea
Ephedra monosperma,Ephedra monosperma
Ephedra intermedia-type,Ephedra intermedia-type
Ephedra alata,Ephedra alata-type
Ephedra alata-type,Ephedra alata-type
Hydrocharis morsus-ranae,Hydrocharis morsus-ranae
Hydrocharis,Hydrocharis morsus-ranae
Cupressaceae,Juniperus-type
Juniperus-type,Juniperus-type
Taxodiaceae,Juniperus-type
Cupressus,Juniperus-type
Cupressaceae-type,Juniperus-type
Taxodium,Juniperus-type
Juniperus/Cupressaceae,Juniperus-type
Cupressaceae/Taxodiaceae,Juniperus-type
Juniperus/Tetraclinis-type,Juniperus-type
Juniperus sabina,Juniperus sabina
Tetraclinis,Tetraclinis
Juniperus oxycedrus-type,Juniperus oxycedrus-type
Juniperus,Juniperus communis-type
Juniperus communis,Juniperus communis-type
Juniperus communis-type,Juniperus communis-type
Populus,Populus
Populus balsamifera-type,Populus balsamifera-type
Populus tremula,Populus tremula-type
Populus tremula-type,Populus tremula-type
Populus tremuloides,Populus tremula-type
Potamogeton,Potamogeton-type
Potamogeton undifferentiated,Potamogeton-type
Potamogeton-type,Potamogeton-type
Potamogetonaceae,Potamogeton-type
Triglochin/Potamogeton,Potamogeton-type
Potamogeton/Triglochin,Potamogeton-type
Triglochin,Triglochin
Triglochin cf. T. palustris,Triglochin
Triglochin-type,Triglochin
Juncaginaceae,Triglochin
Triglochin maritima,Triglochin
Potamogeton subgen. Potamogeton,Potamogeton natans-type
Potamogeton sect. Eupotamogeton,Potamogeton natans-type
Potamogeton subgen. Potamogeton-type,Potamogeton natans-type
Potamogeton subgen. Eupotamogeton,Potamogeton natans-type
Potamogeton nodosus,Potamogeton natans-type
Potamogeton natans,Potamogeton natans-type
Groenlandia densa,Potamogeton natans-type
Potamogeton perfoliatus,Potamogeton natans-type
Potamogeton lucens,Potamogeton natans-type
Potamogeton subgen. Eupotamogeton-type,Potamogeton natans-type
Potamogeton natans-type,Potamogeton natans-type
Potamogeton eupotamogeton-type,Potamogeton natans-type
Eu-Potamogeton-type,Potamogeton natans-type
Potamogeton eupotamogeton,Potamogeton natans-type
Potamogeton subgen. Coleogeton,Potamogeton pectinatus-type
Potamogeton cf. P. pectinatus,Potamogeton pectinatus-type
Potamogeton sect. Coleogeton,Potamogeton pectinatus-type
Potamogeton sect. Coleogeton-type,Potamogeton pectinatus-type
Potamogeton filiformis-type,Potamogeton pectinatus-type
Potamogeton pectinatus,Potamogeton pectinatus-type
Potamogeton subgen. Coleogeton-type,Potamogeton pectinatus-type
Potamogeton pectinatus-type,Potamogeton pectinatus-type
Ruppia,Ruppia
Ruppia maritima,Ruppia
Sciadopitys,Sciadopitys
Sciadopitys-type,Sciadopitys
Taxus,Taxus baccata
Taxus baccata,Taxus baccata
Thesium,Thesium
Thesium-type,Thesium
Spathiflorae,Araceae
Araceae,Araceae
Laurus,Laurus
Laurus nobilis,Laurus nobilis
Lauraceae,Lauraceae
Hydrocharitaceae,Hydrocharitaceae
Aristolochia,Aristolochia
Aristolochia paucinervis-type,Aristolochia
Aristolochia clematitis,Aristolochia
Asarum europaeum,Asarum europaeum
Aristolochiaceae,Aristolochiaceae
Larix dahurica,Larix dahurica
Larix,Larix/Pseudotsuga
Pseudotsuga,Larix/Pseudotsuga
Larix-type,Larix/Pseudotsuga
Larix decidua,Larix/Pseudotsuga
Larix gmelinii,Larix/Pseudotsuga
Larix sibirica,Larix/Pseudotsuga
Larix/Pseudotsuga,Larix/Pseudotsuga
Larix decidua-type,Larix/Pseudotsuga
Najas marina,Najas marina
Najas,Najas
Zannichelliaceae,Zannichelliaceae
Zannichellia,Zannichellia
Zannichellia-type,Zannichellia
Sequoia,Sequoia
Cryptomeria-type,Cryptomeria-type
Cryptomeria,Cryptomeria-type
Elodea,Elodea
Elodea densa,Elodea
cf. Cladium mariscus,Cyperaceae
cf. Cladium,Cyperaceae
cf. Cladium-type,Cyperaceae
Lemna,Lemna
Lemna minor,Lemna
Lemna minor-type,Lemna
Lemnaceae,Lemnaceae
Nymphaea,Nymphaea
Nymphaea cf. N. candida,Nymphaea
Nymphaea alba,Nymphaea
Nymphaea alba-type,Nymphaea
Nymphaea tetragona,Nymphaea
Nymphaea sp.,Nymphaea
Nymphaea candida,Nymphaea candida
Cephalanthera longifolia-type,Cephalanthera-type
Cephalanthera-type,Cephalanthera-type
Avena,Avena-type
Avena-type,Avena-type
Avena sativa,Avena-type
Avena versicolor,Avena-type
Setaria,Avena-type
Cerealia/Avena-type,Avena-type
Cerealia-type,Cerealia-type
cf. Avena,Cerealia-type
cf. Hordeum,Cerealia-type
cf. Secale,Cerealia-type
Cerealia undifferentiated,Cerealia-type
Hordeum/Secale,Cerealia-type
cf. Triticum diccocon,Cerealia-type
Hordeum/Triticum,Cerealia-type
cf. Triticum,Cerealia-type
Cereales,Cerealia-type
Cerealia,Cerealia-type
Hordeum/Triticum-type,Cerealia-type
Poaceae undifferentiated >40 m,Cerealia-type
Poaceae large,Cerealia-type
Cerealia indeterminata,Cerealia-type
Cerealia (excl. Secale),Cerealia-type
Cerealia sp.,Cerealia-type
Cerealia-type (excl. Secale),Cerealia-type
Gramineae >43 m,Cerealia-type
Poaceae >40 m,Cerealia-type
Agropyron-type,Hordeum-type
Elymus-type,Hordeum-type
Hordeum,Hordeum-type
Hordeum-type,Hordeum-type
Elymus,Hordeum-type
Glyceria-type,Hordeum-type
Glyceria maxima,Hordeum-type
Hordeum vulgare-type,Hordeum-type
Glyceria,Hordeum-type
Poaceae/Glyceria-type,Hordeum-type
Cerealia/Hordeum-type,Hordeum-type
Secale,Secale cereale
Secale cereale,Secale cereale
Secale-type,Secale cereale
Cerealia-type/Secale,Secale cereale
Cerealia/Secale,Secale cereale
Triticum,Triticum-type
Triticum undifferentiated,Triticum-type
Triticum-type,Triticum-type
Cerealia-type/Triticum,Triticum-type
Cerealia/Triticum-type,Triticum-type
Zea mays,Zea mays
Zea undifferentiated,Zea mays
Zea,Zea mays
Cerealia-type/Zea,Zea mays
Avena/Triticum-type,Avena/Triticum-type
Avena/Triticum,Avena/Triticum-type
Triticum/Avena-type,Avena/Triticum-type
Cerealia-type/Triticum/Avena,Avena/Triticum-type
Lygeum spartum,Lygeum spartum
Lygeum,Lygeum spartum
Lygeum-type,Lygeum spartum
Oryza-type,Oryza-type
Panicum-type,Panicum-type
Phragmites,Phragmites australis-type
Phragmites-type,Phragmites australis-type
Phragmites australis-type,Phragmites australis-type
Phragmites australis,Phragmites australis-type
Dactylis-type,Poaceae
Festuca-type,Poaceae
Gramineae,Poaceae
Gramineae undifferentiated,Poaceae
Phleum-type,Poaceae
Andropogon,Poaceae
cf. Phragmites australis,Poaceae
Poaceae,Poaceae
Poaceae undifferentiated,Poaceae
Deschampsia,Poaceae
Poa/Festuca-type,Poaceae
Anthoxanthum,Poaceae
Nardus,Poaceae
Hordelymus,Poaceae
Poaceae p.p.,Poaceae
Poaceae undifferentiated <40 m,Poaceae
Bambusa-type,Poaceae
Poaceae <37 m,Poaceae
cf. Glyceria,Poaceae
Poaceae Tardiglaciaire,Poaceae
Sparganium,Sparganium-type
Sparganium-type,Sparganium-type
Typha angustifolia-type,Sparganium-type
Typha angustifolia/Sparganium,Sparganium-type
Sparganiaceae,Sparganium-type
Typha undifferentiated (monad),Sparganium-type
Typha cf. T. angustifolia,Sparganium-type
Sparganium (monad),Sparganium-type
Typha angustifolia/Sparganium-type,Sparganium-type
Sparganium/Typha,Sparganium-type
Typha/Sparganium-type,Sparganium-type
Typha cf. T. domingensis,Sparganium-type
Sparganium sp.,Sparganium-type
Sparganium/Typha angustifolia-type,Sparganium-type
Sparganium/Typha angustifolia,Sparganium-type
Typha/Sparganium undifferentiated,Sparganium-type
Typha angustifolia,Typha angustifolia
Sparganium cf. S. minimum,Sparganium emersum-type
Sparganium emersum-type,Sparganium emersum-type
Sparganium minimum-type,Sparganium emersum-type
Sparganium emersum,Sparganium emersum-type
Sparganium angustifolium-type,Sparganium emersum-type
Sparganium erectum-type,Sparganium erectum
Sparganium erectum,Sparganium erectum
Typha undifferentiated,Typha/Sparganium
Typha-type,Typha/Sparganium
Typhaceae,Typha/Sparganium
Typha,Typha/Sparganium
Typha latifolia/T. angustifolia,Typha/Sparganium
Sparganiaceae/Typhaceae,Typha/Sparganium
Typhaceae/Sparganiaceae,Typha/Sparganium
Typha/Sparganium,Typha/Sparganium
Acorus calamus,Acorus calamus
Nuphar,Nuphar
Nuphar lutea,Nuphar
Nuphar pumila,Nuphar
Nuphar cf. N. lutea,Nuphar
Nuphar lutea-type,Nuphar
Allium oleraceum-type,Allium ursinum-type
Allium ursinum-type,Allium ursinum-type
Allium suaevolens,Allium ursinum-type
Allium,Allium-type
Allium-type,Allium-type
Allium sp.,Allium-type
Allium vineale-type,Allium vineale-type
Anthericum,Anthericum
Anthericum-type,Anthericum
Anthericum ramosum,Anthericum ramosum
Asparagus,Asparagus
Asparagus-type,Asparagus
Asparagus acutifolius,Asparagus acutifolius
Asparagus officinalis-type,Asparagus officinalis-type
Butomus umbellatus,Butomus umbellatus
Butomus-type,Butomus umbellatus
Butomus,Butomus umbellatus
Butomaceae,Butomus umbellatus
Fritillaria,Fritillaria
Fritillaria lusitanica,Fritillaria
Fritillaria-type,Fritillaria
Iris,Iris
Iris-type,Iris
Iris pseudacorus-type,Iris pseudacorus-type
Iris pseudacorus,Iris pseudacorus-type
Iris germanica-type,Iris germanica-type
Iris pumila,Iris pumila
Lilium,Lilium
Lilium-type,Lilium
Lilium martagon-type,Lilium
Lilium martagon,Lilium
Muscari,Muscari
Muscari-type,Muscari
Muscari neglectum-type,Muscari neglectum-type
Narthecium,Narthecium
Narthecium ossifragum,Narthecium
Narthecium-type,Narthecium
Narthecium ossifragum-type,Narthecium
Hyacinthoides non-scripta,Ornithogalum-type
Ornithogalum umbellatum,Ornithogalum-type
Ornithogalum-type,Ornithogalum-type
Scilla-type,Ornithogalum-type
Hyacinthoides/Scilla,Ornithogalum-type
Hyacinthoides,Ornithogalum-type
Ornithogalum,Ornithogalum-type
Endymion,Ornithogalum-type
Scilla,Ornithogalum-type
Ornithogalum umbellatum-type,Ornithogalum-type
Sisyrinchium,Sisyrinchium
Sisyrinchium-type,Sisyrinchium
Smilacina stellata,Smilacina stellata
Liliaceae,Liliaceae-type
Liliaceae undifferentiated,Liliaceae-type
Liliaceae-type undifferentiated,Liliaceae-type
Liliaceae-type,Liliaceae-type
Iridaceae,Liliaceae-type
Amaryllidaceae,Liliaceae-type
Liliaceae cf. Narthecium-type,Liliaceae-type
Paris/Gagea,Liliaceae-type
Monocolpate,Liliaceae-type
Monocotyledone monocolpate,Liliaceae-type
Iridaceae undifferentiated,Liliaceae-type
Liliiflorae,Liliaceae-type
cf. Allium vineale-type,Liliaceae-type
Liliopsida monocolpate,Liliaceae-type
Liliaceae p.p.,Liliaceae-type
Liliaceae indeterminata,Liliaceae-type
Iridaceae/Amaryllidaceae,Liliaceae-type
Veratrum-type,Veratrum
Veratrum album,Veratrum
Veratrum,Veratrum
Asphodelus,Asphodelus
Asphodelus/Asphodeline,Asphodelus/Asphodeline
Asphodelus-type,Asphodelus/Asphodeline
Asphodeline,Asphodeline
Asphodelus lutea,Asphodeline
Asphodelus albus,Asphodelus albus-type
Asphodelus albus-type,Asphodelus albus-type
Asphodelus fistulosus-type,Asphodelus fistulosus-type
Asphodelus fistulosus,Asphodelus fistulosus-type
Smilax,Smilax
Smilax aspera,Smilax
Crocus,Crocus
Crocus longiflorus,Crocus longiflorus
Crocus vernus,Crocus vernus
Eremurus,Eremurus
Narcissus,Convallaria-type
Narcissus bulbocodium,Convallaria-type
Narcissus pseudonarcissus-type,Convallaria-type
Convallaria-type,Convallaria-type
Streptopus amplexifolius,Convallaria-type
Narcissus-type,Convallaria-type
Convallaria,Convallaria majalis
Convallaria majalis,Convallaria majalis
Polygonatum verticillatum,Polygonatum verticillatum
Polygonatum verticillatum-type,Polygonatum verticillatum
Polygonatum,Polygonatum-type
Polygonatum-type,Polygonatum-type
Polygonatum odoratum-type,Polygonatum odoratum-type
Ruscus,Ruscus
Ruscus aculeatus,Ruscus
Gladiolus,Gladiolus/Romulea
Gladiolus/Romulea,Gladiolus/Romulea
Gladiolus-type,Gladiolus/Romulea
Dipcadi-type,Dipcadi-type
Lloydia serotina,Lloydia serotina
Lloydia,Lloydia serotina
Gagea lutea-type,Gagea/Tulipa
Gagea pratensis-type,Gagea/Tulipa
Tulipa sylvestris,Gagea/Tulipa
Gagea-type,Gagea/Tulipa
Tulipa-type,Gagea/Tulipa
Gagea soleirolii,Gagea/Tulipa
Gagea/Tulipa,Gagea/Tulipa
Tulipa,Gagea/Tulipa
Gagea,Gagea/Tulipa
Paradisia liliastrum,Paradisia liliastrum
Maianthemum bifolium,Maianthemum bifolium
Maianthemum,Maianthemum bifolium
Paris,Paris
Maianthemum-type,Maianthemum/Paris
Paris-type,Maianthemum/Paris
Maianthemum/Paris,Maianthemum/Paris
Simethis,Simethis
Narcissus poeticus-type,Narcissus poeticus-type
Leucojum/Galanthus,Leucojum-type
Galanthus,Leucojum-type
Galanthus-type,Leucojum-type
Leucojum,Leucojum-type
Galanthus nivalis,Leucojum-type
Leucojum-type,Leucojum-type
Stratiotes,Stratiotes aloides
Stratiotes aloides,Stratiotes aloides
Trachycarpus,Trachycarpus
Hyphaene,Hyphaene
Hyphaene cf. H. thebaica,Hyphaene
Magnolia-type,Magnolia-type
Magnoliaceae undifferentiated,Magnolia-type
Eriocaulon,Eriocaulon
Eriocaulaceae,Eriocaulon
Loranthaceae,Loranthaceae
Loranthus europaeus,Loranthus europaeus
Loranthus,Loranthus europaeus
Eucalyptus,Eucalyptus
Myrtaceae,Myrtaceae
Myrtus/Eucalyptus,Myrtaceae
Myrtus,Myrtus communis
Myrtus communis,Myrtus communis
Syzygium-type,Syzygium-type
Nymphoides peltata,Nymphoides peltata
Nymphoides,Nymphoides peltata
Nymphoides peltata-type,Nymphoides peltata
Pedicularis,Pedicularis
Pedicularis sylvatica,Pedicularis palustris-type
Pedicularis-type,Pedicularis palustris-type
Pedicularis palustris-type,Pedicularis palustris-type
Pedicularis palustris,Pedicularis palustris-type
Pedicularis langsdorffii,Pedicularis palustris-type
Pedicularis verticillata-type,Pedicularis verticillata-type
Pedicularis verticillatum-type,Pedicularis verticillata-type
Pedicularis oederi-type,Pedicularis verticillata-type
Primula farinosa,Primula farinosa-type
Primula farinosa-type,Primula farinosa-type
Primula scandinavica-type,Primula scandinavica-type
Berberis,Berberis
Berberis-type,Berberis
Berberis vulgaris,Berberis
Berberis vulgaris-type,Berberis
Mahonia-type,Mahonia aquilifolium-type
Mahonia aquilifolium-type,Mahonia aquilifolium-type
Berberidaceae,Berberidaceae
Anarrhinum bellidifolium,Anarrhinum bellidifolium
Anarrhinum,Anarrhinum bellidifolium
Mimulus-type,Mimulus-type
Tamus communis,Tamus communis
Tamus,Tamus communis
Tofieldia,Tofieldia
Tofieldia pusilla,Tofieldia
Tofieldia-type,Tofieldia
Calla,Calla palustris
Calla palustris,Calla palustris
Hypecoum,Hypecoum
Hypecoum-type,Hypecoum
Chamaerops,Chamaerops
Aconitum,Aconitum
Aconitum-type,Aconitum
Aconitum-group,Aconitum
Aconitum napellus-type,Aconitum
Aconitum non-napellus,Aconitum
Adonis,Adonis
Adonis-type,Adonis
Adonis aestivalis,Adonis aestivalis-type
Adonis annua-type,Adonis aestivalis-type
Adonis aestivalis-type,Adonis aestivalis-type
Adonis aestivalis/A. flammea,Adonis aestivalis-type
Caltha-type,Caltha-type
Caltha palustris-type,Caltha-type
Caltha,Caltha palustris
Caltha palustris,Caltha palustris
Aquilegia,Aquilegia
Aquilegia-type,Aquilegia
Aquilegia sp.,Aquilegia
Convolvulus,Convolvulus
Convolvulus undifferentiated,Convolvulus
Convolvulus arvensis,Convolvulus
Convolvulus-type,Convolvulus
Convolvulus arvensis-type,Convolvulus arvensis-type
Cuscuta,Cuscuta
Cuscuta europaea-type,Cuscuta europaea-type
Cuscuta gronovii-type,Cuscuta europaea-type
Cuscuta europaea,Cuscuta europaea-type
Cuscuta-type,Cuscuta europaea-type
Cuscuta epithymum,Cuscuta europaea-type
Frankenia,Frankenia
Frankenia hirsuta-type,Frankenia
Frankenia-type,Frankenia
Melampyrum,Melampyrum
Melampyrum-type,Melampyrum
Melampyrum pratense,Melampyrum
Myricaria germanica,Myricaria germanica
Myricaria germanica-type,Myricaria germanica
Myricaria-type,Myricaria germanica
Myricaria,Myricaria germanica
Papaver,Papaver
Papaver-type,Papaver
Papaver rhoeas-type,Papaver rhoeas-type
Papaver rhoeas-group,Papaver rhoeas-type
Papaver radicatum-type,Papaver radicatum
Papaver radicatum,Papaver radicatum
Papaver dubium,Papaver dubium
Papaver somniferum,Papaver somniferum
Papaveraceae,Papaveraceae
Papaveraceae undifferentiated,Papaveraceae
Rhinanthus-group,Rhinanthus-group
Bartsia,Rhinanthus-type
Euphrasia,Rhinanthus-type
Rhinanthus,Rhinanthus-type
Rhinanthus-type,Rhinanthus-type
Bartsia-type,Rhinanthus-type
Rhynchocorys,Rhinanthus-type
Orobanche,Rhinanthus-type
Euphrasia-type,Rhinanthus-type
Rhinanthus/Veronica,Rhinanthus-type
Parentucellia-type,Rhinanthus-type
Odontites/Euphrasia,Rhinanthus-type
Rhinanthoideae,Rhinanthus-type
Lathraea,Rhinanthus-type
Veronica,Veronica-type
Veronica-type,Veronica-type
Veronica beccabunga-type,Veronica-type
Veronica beccabunga,Veronica-type
Veronica anagallis-aquatica,Veronica-type
Veronica cf. spicata,Veronica-type
cf. Veronica chamaedrys,Veronica-type
Veronica chamaedrys,Veronica-type
Veronica officinalis,Veronica-type
Polygonum alpinum,Polygonum alpinum
Polygonum alpinum-type,Polygonum alpinum
Quercus undifferentiated,Quercus
Quercus robur/Q. cerris,Quercus
Quercus cf. Q. robur,Quercus
Quercus cf. Q. ilex,Quercus
Quercus cf. Q. suber,Quercus
Quercus cf. Q. rotundifolia,Quercus
Quercus indeterminata,Quercus
Quercus cerris-type,Quercus cerris-type
Quercus suber,Quercus cerris-type
Quercus cerris,Quercus cerris-type
Quercus suber-type,Quercus cerris-type
Quercus cerris/Q. suber,Quercus cerris-type
Quercus coccifera-type,Quercus ilex-type
Quercus ilex-type,Quercus ilex-type
Quercus coccifera,Quercus ilex-type
Quercus ilex,Quercus ilex-type
Quercus ilex/Q. coccifera,Quercus ilex-type
Quercus ilex/Q. coccifera-type,Quercus ilex-type
Quercus evergreen-type,Quercus ilex-type
Quercus evergreen,Quercus ilex-type
Quercus sempervirens,Quercus ilex-type
Quercus,Quercus robur-type
Quercus pubescens-type,Quercus robur-type
Quercus robur-type,Quercus robur-type
Quercus robur,Quercus robur-type
Quercus frainetto,Quercus robur-type
Quercus infectoria-type,Quercus robur-type
Quercus petraea,Quercus robur-type
Quercus robur-group,Quercus robur-type
Quercus cf. Q. canariensis,Quercus robur-type
Quercus robur/Q. pubescens-type,Quercus robur-type
Quercus pubescens,Quercus robur-type
Quercus deciduous-type,Quercus robur-type
Quercus pubescens/Q. robur-type,Quercus robur-type
Quercus deciduous,Quercus robur-type
Quercus canariensis,Quercus robur-type
Quercus faginea,Quercus robur-type
Quercus pyrenaica-type,Quercus robur-type
Ranunculaceae,Ranunculaceae
Ranunculaceae undifferentiated,Ranunculaceae
Ranunculaceae (type 1),Ranunculaceae
Ranunculaceae (type 2),Ranunculaceae
Ranunculaceae p.p.,Ranunculaceae
Ranunculaceae indeterminata,Ranunculaceae
Ranunculus acris,Ranunculus acris-type
Ranunculus acris-type,Ranunculus acris-type
Ranunculus cf. R. bulbosus,Ranunculus acris-type
Ranunculus repens-type,Ranunculus acris-type
Ranunculus repens,Ranunculus acris-type
Ranunculus acer,Ranunculus acris-type
Ranunculus acris-group,Ranunculus acris-type
Ranunculus lanuginosus,Ranunculus acris-type
Ranunculus muricatus-type,Ranunculus acris-type
Ranunculus montanus-type,Ranunculus acris-type
Ranunculus acer-type,Ranunculus acris-type
Ranunculus flammula-type,Ranunculus flammula-type
Ranunculus flammula,Ranunculus flammula-type
Ranunculus polyphyllus,Ranunculus flammula-type
Ranunculus flammula-group,Ranunculus flammula-type
Ranunculus,Ranunculus-type
Ranunculus sceleratus/R. repens,Ranunculus-type
Ranunculus undifferentiated,Ranunculus-type
Ranunculus-type,Ranunculus-type
Anemone/Hepatica,Ranunculus-type
Ranunculus officinalis,Ranunculus-type
Anemone/Pulsatilla,Ranunculus-type
Anemone/Pulsatilla-type,Ranunculus-type
Ranunculus indeterminata,Ranunculus-type
Ranunculus sp.,Ranunculus-type
Clematis,Clematis
Clematis-type,Clematis
Ranunculus lingua,Ranunculus lingua
Ranunculus lingua-type,Ranunculus lingua
Anemone-type,Anemone nemorosa-type
Anemone,Anemone nemorosa-type
Anemone nemorosa,Anemone nemorosa-type
Anemone nemorosa-type,Anemone nemorosa-type
Anemone undifferentiated,Anemone nemorosa-type
Anemone nemorosa-group,Anemone nemorosa-type
Anemone nemorosa/ranunculoides,Anemone nemorosa-type
Ranunculus sceleratus-type,Ranunculus sceleratus-type
Ranunculus circiniatus,Ranunculus sceleratus-type
Ranunculus sceleratus,Ranunculus sceleratus-type
Ranunculus cf. R. sceleratus,Ranunculus sceleratus-type
Ranunculus aconitifolius,Ranunculus sceleratus-type
Pulsatilla,Pulsatilla
Pulsatilla alpina,Pulsatilla
Pulsatilla vulgaris-group,Pulsatilla
Pulsatilla-type,Pulsatilla
Pulsatilla montana,Pulsatilla
Ceratocephalus-type,Ceratocephalus
Ceratocephalus,Ceratocephalus
Ranunculus subgen. Batrachium,Ranunculus aquatilis-type
Ranunculus trichophyllus-type,Ranunculus aquatilis-type
Ranunculus subgen. Batrachium-type,Ranunculus aquatilis-type
Ranunculus peltatus-type,Ranunculus aquatilis-type
Ranunculus trichophyllus,Ranunculus aquatilis-type
Ranunculus batrachioides,Ranunculus aquatilis-type
Batrachium-type,Ranunculus aquatilis-type
Ranunculus aquatilis-type,Ranunculus aquatilis-type
Batrachium,Ranunculus aquatilis-type
Ranunculus sect. Batrachium,Ranunculus aquatilis-type
Ranunculus batrachium,Ranunculus aquatilis-type
Ranunculus batrachium-type,Ranunculus aquatilis-type
Batrachium aquatile,Ranunculus aquatilis-type
Ficaria,Ranunculus ficaria
Ranunculus ficaria,Ranunculus ficaria
Ranunculus ficaria-group,Ranunculus ficaria
Ranunculus ficaria-type,Ranunculus ficaria
Ranunculus constantinopolitanus-type,Ranunculus constantinopolitanus-type
Ranunculus nivalis-type,Ranunculus nivalis-type
Ranunculus asiaticus-type,Ranunculus asiaticus
Ranunculus asiaticus,Ranunculus asiaticus
Ranunculus glacialis-type,Ranunculus glacialis-type
Ranunculus glacialis,Ranunculus glacialis-type
Saxifraga cernua-type,Saxifraga granulata-type
Saxifraga cespitosa-type,Saxifraga granulata-type
Saxifraga granulata-type,Saxifraga granulata-type
Saxifraga hirculus,Saxifraga granulata-type
Saxifraga hirculus-type,Saxifraga granulata-type
Saxifraga hypnoides,Saxifraga granulata-type
Saxifraga hypnoides-type,Saxifraga granulata-type
Saxifraga granulata,Saxifraga granulata-type
Saxifraga rosacea,Saxifraga granulata-type
Saxifraga rivularis,Saxifraga granulata-type
Saxifraga cernua/S. rivularis,Saxifraga granulata-type
Saxifraga rotundifolia,Saxifraga granulata-type
Saxifraga moschata-type,Saxifraga granulata-type
Saxifraga tricuspidata,Saxifraga granulata-type
Saxifraga tridactylites,Saxifraga granulata-type
Spergula,Spergularia-type
Spergula-type,Spergularia-type
Spergularia-type,Spergularia-type
Spergularia,Spergularia-type
Spergula/Spergularia,Spergularia-type
Spergula arvensis-type,Spergularia-type
Teucrium,Teucrium
Teucrium-type,Teucrium
Teucrium scordonia,Teucrium chamaedrys-type
Teucrium chamaedrys-type,Teucrium chamaedrys-type
Teucrium chamaedrys,Teucrium chamaedrys-type
Teucrium pyrenaicum-type,Teucrium pyrenaicum-type
Trollius,Trollius europaeus
Trollius europaeus,Trollius europaeus
Trollius-type,Trollius europaeus
Trollius europaeus-type,Trollius europaeus
Valerianella,Valerianella
Valerianella dentata,Valerianella
Valerianella campestris,Valerianella
Valerianella locusta,Valerianella
Fedia,Fedia
Viola,Viola
Violaceae,Viola
Viola palustris-type,Viola odorata-type
Viola riviniana-type,Viola odorata-type
Viola palustris,Viola odorata-type
Viola canina-type,Viola odorata-type
Viola riviniana/V. canina,Viola odorata-type
Viola riviniana,Viola odorata-type
Viola odorata-type,Viola odorata-type
Trapa,Trapa natans
Trapa natans,Trapa natans
Nigella,Nigella
Nigella-type,Nigella
Nigella arvensis-type,Nigella
Alchemilla,Alchemilla
Alchemilla cf. A. glabra,Alchemilla
Alchemilla pentaphylla,Alchemilla
Alchemilla arvensis,Alchemilla
Alchemilla pentaphyllea-type,Alchemilla
Alchemilla-type,Alchemilla/Aphanes
Alchemilla/Aphanes,Alchemilla/Aphanes
Aphanes-type,Alchemilla/Aphanes
Alchemilla-group,Alchemilla/Aphanes
Aphanes,Aphanes
Aphanes arvensis-type,Aphanes
Sanguisorba-type,Sanguisorba-type
Sanguisorba minor,Sanguisorba minor-type
Sanguisorba minor ssp. minor,Sanguisorba minor-type
Sanguisorba minor-type,Sanguisorba minor-type
Sarcopoterium spinosum/Sanguisorba minor,Sanguisorba minor-type
Sarcopoterium,Sanguisorba minor-type
Poterium,Sanguisorba minor-type
Sanguisorba/Poterium,Sanguisorba minor-type
Sanguisorba/Poterium-type,Sanguisorba minor-type
Actaea,Actaea
Actaea spicata-type,Actaea
Actaea spicata,Actaea
Anemone coronaria,Anemone coronaria
Monotropa,Monotropa hypopitys
Monotropa hypopitys,Monotropa hypopitys
Hepatica-type,Hepatica
Hepatica,Hepatica
Hepatica nobilis-type,Hepatica
Hepatica nobilis,Hepatica
Polycarpon,Polycarpon
Polycarpon-type,Polycarpon
Pteranthus,Pteranthus
Delphinium-type,Consolida-type
Delphinium,Consolida-type
Consolida,Consolida-type
Consolida ambigua-type,Consolida-type
Delphinium/Aconitum,Consolida-type
Consolida-type,Consolida-type
Consolida ambigua,Consolida-type
Consolida regalis-type,Consolida-type
Consolida regalis,Consolida-type
Globularia,Globularia
Globularia alypum-type,Globularia
Lamium-type,Lamium album-type
Lamiastrum-type,Lamium album-type
Lamium,Lamium album-type
Lamiastrum,Lamium album-type
Lamium album,Lamium album-type
Lamium album-type,Lamium album-type
Eranthis hyemalis,Eranthis hyemalis
Eranthis hyemalis-type,Eranthis hyemalis
Claytonia,Claytonia
Claytonia acutifolia,Claytonia
Claytonia undifferentiated,Claytonia
Claytonia sibirica,Claytonia
Claytonia arctica,Claytonia arctica
Claytoniella vassilievii,Claytoniella vassilievii
Castilleja,Castilleja
Anthyllis,Anthyllis
Anthyllis vulneraria,Anthyllis
Anthyllis-type,Anthyllis
Artemisia,Artemisia
Artemisia cf. A. norvegica,Artemisia
Artemisia cf. A. norvegica (type1),Artemisia
Artemisia cf. A. norvegica (type2),Artemisia
Artemisia norvegica,Artemisia
Artemisia undifferentiated,Artemisia
Artemisia vulgaris-type,Artemisia
Artemisia-type,Artemisia
Artemisia norvegica-type,Artemisia
Artemisia campestris-type,Artemisia
Artemisia (Type A),Artemisia
Artemisia (Type B),Artemisia
Artemisia (Type C),Artemisia
Artemisia (Type D),Artemisia
Artemisia herba-alba-type,Artemisia
Artemisia rupestris,Artemisia
Artemisia (Type F),Artemisia
Artemisia herba-alba,Artemisia
Artemisia ss,Artemisia
Artemisia sl.,Artemisia
Artemisia vulgaris,Artemisia
Artemisia campestris,Artemisia
Artemisia genipii/A. mutellina,Artemisia
Artemisia alba-type,Artemisia
Artemisia: clumps,Artemisia
Bruckenthalia spiculifolia,Bruckenthalia spiculifolia
Bruckenthalia,Bruckenthalia spiculifolia
Bruckenthalia-type,Bruckenthalia spiculifolia
Castanea,Castanea sativa
Castanea sativa,Castanea sativa
Castanea-type,Castanea sativa
Centaurea cyanus,Centaurea cyanus-type
Centaurea cyanus-type,Centaurea cyanus-type
Centaurea depressa-type,Centaurea cyanus-type
Centaurea depressa,Centaurea cyanus-type
Centaurea cf. C. cyanus-type,Centaurea cyanus-type
Centaurea montana,Centaurea montana-type
Centaurea montana-type,Centaurea montana-type
Centaurea mollis-type,Centaurea montana-type
Centaurea montana/C. triumfetti,Centaurea montana-type
Centaurea triumfetti-type,Centaurea montana-type
Centaurea scabiosa,Centaurea scabiosa-type
Centaurea scabiosa-type,Centaurea scabiosa-type
Centaurea cf. C. scabiosa-type,Centaurea scabiosa-type
Centaurea collina-type,Centaurea scabiosa-type
Centaurea cf. C. scabiosa,Centaurea scabiosa-type
Centaurea collina,Centaurea scabiosa-type
Crassula aquatica,Umbilicus-type
Umbilicus,Umbilicus-type
Umbilicus-type,Umbilicus-type
Crassula,Umbilicus-type
Umbilicus rupestris-type,Umbilicus-type
Tillaea,Umbilicus-type
Umbilicus rupestris,Umbilicus-type
Polygonum-type (tricolporate),Polygonum-type (tricolporate)
Polygonum,Polygonum-type (tricolporate)
Polygonum undifferentiated,Polygonum-type (tricolporate)
Polygonum-type,Polygonum-type (tricolporate)
Polygonum (tricolporate),Polygonum-type (tricolporate)
Polygonum sp.,Polygonum-type (tricolporate)
Polygonum pp.,Polygonum-type (tricolporate)
Polygonum aviculare/P. bistorta-type,Polygonum-type (tricolporate)
Polygonum sect. Aconogonon,Polygonum-type (tricolporate)
Polygonum sect. Polygonum,Polygonum-type (tricolporate)
Polygonum aviculare,Polygonum aviculare-type
Polygonum aviculare-type,Polygonum aviculare-type
Polygonum arenarium,Polygonum aviculare-type
Polygonum oxyspermum-type,Polygonum oxyspermum-type
Polygonum oxyspermum,Polygonum oxyspermum-type
Polygonum maritimum,Polygonum oxyspermum-type
Polygonum bistorta,Polygonum bistorta
Bistorta major,Polygonum bistorta
Polygonum bistorta-type,Polygonum bistorta-type
Polygonum bistorta/P. viviparum,Polygonum bistorta-type
Polygonum cf. P. viviparum,Polygonum bistorta-type
Polygonum sect. Bistorta,Polygonum bistorta-type
Polygonum viviparum-type,Polygonum bistorta-type
Polygonum cf. P. bistorta,Polygonum bistorta-type
Polygonum cf. P. bistorta-type,Polygonum bistorta-type
Bistorta,Polygonum bistorta-type
Bistorta-type,Polygonum bistorta-type
Polygonum viviparum,Polygonum viviparum
Bistorta vivipara,Polygonum viviparum
Polygonum amplexicaule,Polygonum amplexicaule
Reynoutria,Reynoutria
Bilderdykia convolvulus,Fallopia
Bilderdykia convolvulus-type,Fallopia
Fallopia convolvulus,Fallopia
Bilderdykia convolvulus/B. dumetorum,Fallopia
Fallopia convolvulus-type,Fallopia
Polygonum convolvulus-type,Fallopia
Polygonum convolvulus,Fallopia
Fallopia-type,Fallopia
Polygonum convolvulus/P. dumetorum,Fallopia
Fallopia,Fallopia
Fallopia convolvulus/F. dumetorum,Fallopia
Polygonum cognatum-type,Polygonum cognatum
Polygonum cognatum,Polygonum cognatum
Eriogonum-type,Eriogonum-type
Fagus,Fagus
Fagus sylvatica,Fagus
Fagus orientalis,Fagus
Filipendula,Filipendula
Filipendula ulmaria,Filipendula
Filipendula vulgaris,Filipendula
Filipendula-type,Filipendula
Filipendula cf. F. ulmaria,Filipendula
Filipendula ulmaria/F. vulgaris,Filipendula
Lotus,Lotus-type
Lotus corniculatus,Lotus-type
Lotus uliginosus,Lotus-type
Lotus-type,Lotus-type
Lotus cf. L. corniculatus,Lotus-type
Lotus uliginosus-type,Lotus-type
Lotus undifferentiated,Lotus-type
Lotus cf. L. uliginosus,Lotus-type
Fabaceae/Lotus-type,Lotus-type
Tetragonolobus maritimus,Tetragonolobus maritimus
Polygonaceae,Polygonaceae
Polygonaceae undifferentiated,Polygonaceae
Frangula,Frangula alnus
Frangula alnus,Frangula alnus
Frangula alnus-type,Frangula alnus
Rhamnaceae,Rhamnaceae
Rhamnus/Frangula,Rhamnaceae
Paliurus-type,Rhamnus-type
Rhamnus/Paliurus,Rhamnus-type
Paliurus,Rhamnus-type
Paliurus spina-christi,Rhamnus-type
Zizyphus lotus,Zizyphus
Zizyphus,Zizyphus
Solanaceae,Solanaceae
Hippophae,Hippophae rhamnoides
Hippophae rhamnoides,Hippophae rhamnoides
Solanum dulcamara,Solanum dulcamara
Solanum dulcamara-type,Solanum dulcamara
Solanum cf. S. nigrum,Solanum
Solanum,Solanum
Solanum nigrum,Solanum nigrum-type
Solanum nigrum-type,Solanum nigrum-type
Solanum sodomeum,Solanum nigrum-type
Solanum cf. nigrum-type,Solanum nigrum-type
Onosma,Onosma
Verbena,Verbena officinalis
Verbena officinalis,Verbena officinalis
Verbena-type,Verbena officinalis
Elaeagnus,Elaeagnus
Cyclamen,Cyclamen
Cyclamen purpurascens,Cyclamen purpurascens
Cyclamen hederifolium,Cyclamen hederifolium
Androsace,Androsace
Androsace-type,Androsace
Androsaceae,Androsace
Androsace elongata-type,Androsace elongata-type
Androsace alpina-type,Androsace elongata-type
Verbenaceae,Verbenaceae
Dorycnium hirsutum,Dorycnium
Dorycnium,Dorycnium
Dorycnium-type,Dorycnium
Ornithopus,Ornithopus
Ornithopus perpusillus,Ornithopus
Apium,Apium
Apium inundatum-type,Apium
Apium nodiflorum,Apium nodiflorum
Apium graveolens,Apium graveolens
Apium inundatum,Apium inundatum
Bupleurum,Bupleurum
Bupleurum falcatum-type,Bupleurum
Bupleurum ranunculoides,Bupleurum
Heracleum,Heracleum
Heracleum sphondylium-type,Heracleum
Heracleum sp.,Heracleum
Heracleum sphondylium,Heracleum sphondylium
Heracleum mantegazzianum,Heracleum mantegazzianum
Hydrocotyle,Hydrocotyle
Hydrocotyle vulgaris,Hydrocotyle
Hydrocotyle-type,Hydrocotyle
Sium-type,Sium-type
Berula-type,Sium-type
Sium,Sium-type
Sium latifolium-type,Sium-type
Sium erectum-type,Sium-type
Berula erecta-type,Sium-type
Berula erecta,Berula erecta
Anthriscus caucalis,Anthriscus caucalis
Anthriscus caucalis-type,Anthriscus caucalis
Pimpinella-type,Pimpinella major-type
Pimpinella major-type,Pimpinella major-type
Pimpinella,Pimpinella major-type
Pimpinella saxifraga-type,Pimpinella major-type
Pimpinella major/P. saxifraga,Pimpinella major-type
Pimpinella major,Pimpinella major-type
Pimpinella saxifraga,Pimpinella major-type
Bunium,Peucedanum-type
Ferula-type,Peucedanum-type
Bunium-type,Peucedanum-type
Peucedanum palustre-type,Peucedanum-type
Peucedanum-type,Peucedanum-type
Peucedanum,Peucedanum-type
Angelica sylvestris,Peucedanum-type
Selinum carvifolia,Peucedanum-type
Peucedanum palustre,Peucedanum-type
Angelica sylvestris-type,Peucedanum-type
Ferula/Bunium-type,Peucedanum-type
Selinum carvifolia/pyrenaeum,Peucedanum-type
Peucedanum ostruthium,Peucedanum-type
Selinum carvifolia-type,Peucedanum-type
Foeniculum vulgare ssp. vulgare,Foeniculum vulgare ssp. vulgare
Foeniculum vulgare,Foeniculum vulgare
Anthriscus sylvestris-type,Anthriscus sylvestris-type
Anthriscus sylvestris,Anthriscus sylvestris-type
Anthriscus nitida/sylvestris,Anthriscus sylvestris-type
Malabaila,Malabaila
Lecokia,Lecokia
Psammogeton-type,Psammogeton-type
Trachyspermum-type,Trachyspermum-type
Sanicula europaea,Sanicula europaea
Sanicula,Astrantia-type
Astrantia-type,Astrantia-type
Sanicula-type,Astrantia-type
Astrantia,Astrantia-type
Astrantia-type,Astrantia-type
Astrantia major-type,Astrantia-type
Astrantia minor,Astrantia-type
Astrantia major,Astrantia major
Pleurospermum,Pleurospermum-type
Pleurospermum austriacum,Pleurospermum-type
Pleurospermum austriacum-type,Pleurospermum-type
Pleurospermum-type,Pleurospermum-type
Physospermum cornubiense,Pleurospermum-type
Cicuta virosa,Cicuta virosa
Daucus carota,Daucus
Daucus,Daucus
Daucus carota-type,Daucus
Oenanthe,Oenanthe
Oenanthe fistulosa-type,Oenanthe
Aegopodium,Aegopodium podagraria
Aegopodium podagraria,Aegopodium podagraria
Eryngium ilicifolium,Eryngium
Eryngium,Eryngium
Eryngium campestre-type,Eryngium
Eryngium campestre,Eryngium campestre
Carum verticillatum,Carum verticillatum
Conium maculatum,Conium maculatum
Conium maculatum-type,Conium maculatum
Conium,Conium maculatum
Ligusticum scoticum,Ligusticum scoticum
Meum-type,Meum-type
Meum athamanticum-type,Meum-type
Meum athamanticum,Meum athamanticum
Meum,Meum athamanticum
Pimpinella anisum,Pimpinella anisum
Chaerophyllum temulentum,Chaerophyllum hirsutum-type
Chaerophyllum hirsutum-type,Chaerophyllum hirsutum-type
Chaerophyllum hirsutum,Chaerophyllum hirsutum-type
Chaerophyllum hirsutum/C. temulentum,Chaerophyllum hirsutum-type
Conopodium majus,Conopodium majus
Thorella verticillatinundata-type,Thorella verticillatinundata-type
Angelica-type,Apiaceae
Anthriscus,Apiaceae
Bupleurum-type,Apiaceae
Cicuta-type,Apiaceae
Conopodium-type,Apiaceae
Daucus-type,Apiaceae
Eryngium-type,Apiaceae
Heracleum-type,Apiaceae
Torilis,Apiaceae
Umbelliferae,Apiaceae
Umbelliferae (type 1),Apiaceae
Umbelliferae (type 2),Apiaceae
Umbelliferae (type 3),Apiaceae
Umbelliferae undifferentiated,Apiaceae
Pastinaca-type,Apiaceae
Apium-type,Apiaceae
cf. Ligusticum,Apiaceae
Oenanthe-type,Apiaceae
Turgenia-type,Apiaceae
cf. Bunium rectangulum,Apiaceae
Echinophora-type,Apiaceae
cf. Falcaria,Apiaceae
cf. Levisticum,Apiaceae
cf. Smyrniopsis,Apiaceae
Anthriscus-type,Apiaceae
cf. Caucalis,Apiaceae
Chaerophyllum,Apiaceae
cf. Heracleum sphondylium,Apiaceae
Carum-type,Apiaceae
Umbelliferae 3,Apiaceae
Angelica,Apiaceae
Ammi,Apiaceae
Laserpitium,Apiaceae
Conium-type,Apiaceae
Apiaceae,Apiaceae
Apiaceae undifferentiated,Apiaceae
cf. Anthriscus caucalis,Apiaceae
cf. Daucus carota,Apiaceae
Apiaceae cf. Berula erecta,Apiaceae
Daucaceae,Apiaceae
Chaerophyllum-type,Apiaceae
Aethusa-type,Apiaceae
Ammi-type,Apiaceae
Umbelliferae/Apiaceae,Apiaceae
cf. Peucedanum,Apiaceae
Carum,Apiaceae
Apiaceae indeterminata,Apiaceae
Daucaceae,Apiaceae
Apiaceae apioide-type,Apiaceae
Myrrhis-type,Apiaceae
cf. Meum,Apiaceae
Orlaya,Orlaya
Orlaya grandiflora,Orlaya
Orlaya-type,Orlaya
Carum carvi,Carum carvi
Carum carvi-type,Carum carvi
Aethusa cynapium,Aethusa cynapium
Aethusa cynapium-type,Aethusa cynapium
Pastinaca sativa,Pastinaca sativa
Silaum silaus-type,Silaum silaus
Silaum silaus,Silaum silaus
Torilis japonica,Torilis japonica
Torilis japonica-type,Torilis japonica
Anisosciadium-type,Anisosciadium
Anisosciadium,Anisosciadium
Bifora radians-type,Bifora radians-type
Angelica archangelica-type,Angelica archangelica
Angelica archangelica,Angelica archangelica
Angelica palustris-type,Angelica palustris
Angelica palustris,Angelica palustris
Ligusticum,Ligusticum mutellina
Ligusticum mutellina,Ligusticum mutellina
Seseli libanotis-type,Seseli-type
Seseli-type,Seseli-type
Laserpitium latifolium-type,Laserpitium latifolium-type
Laserpitium latifolium,Laserpitium latifolium-type
Laserpitium latifolium-type,Laserpitium latifolium-type
Anthriscus cerefolium,Anthriscus cerefolium
Laserpitium prutenicum,Laserpitium prutenicum
Torilis arvensis,Torilis arvensis
Torilis arvensis-type,Falcaria-type
Falcaria vulgaris,Falcaria-type
Falcaria vulgaris-type,Falcaria-type
Anethum-type,Falcaria-type
Falcaria-type,Falcaria-type
Anethum graveolens,Anethum graveolens
Trinia,Trinia glauca
Trinia glauca-type,Trinia glauca
Trinia glauca,Trinia glauca
Athamanta cretensis,Athamanta cretensis
Ammi majus,Ammi majus
Turgenia,Turgenia latifolia
Turgenia latifolia,Turgenia latifolia
Turgenia latifolia-type,Turgenia latifolia
Ligusticum mutellinoides-type,Ligusticum mutellinoides-type
Myrrhis odorata,Myrrhis odorata
Sison amomum,Sison amomum
Torilis nodosa-type,Torilis nodosa
Torilis nodosa,Torilis nodosa
Levisticum officinale-type,Levisticum officinale
Levisticum officinale,Levisticum officinale
Cachrys-type,Cachrys-type
Scandix pecten-veneris,Scandix pecten-veneris
Caucalis platycarpos,Caucalis platycarpos
Scandix,Scandix pecten-veneris/Caucalis platycarpos
Scandix pecten-veneris-type,Scandix pecten-veneris/Caucalis platycarpos
Scandix pecten-veneris/Caucalis platycarpos,Scandix pecten-veneris/Caucalis platycarpos
Petroselinum segetum-type,Petroselinum segetum-type
Caesalpinia-type,Caesalpinia-type
Hagenia abyssinica,Hagenia abyssinica
Anchusa,Anchusa arvensis-type
Anchusa arvensis,Anchusa arvensis-type
Anchusa arvensis-type,Anchusa arvensis-type
Moltkiopsis-type,Moltkiopsis-type
Dodonaea,Dodonaea
Diospyrus,Diospyrus
Eucommia,Eucommia
Cornus,Cornus
Cornus cf. C. suecica,Cornus
cf. Cornus suecica,Cornus
Cornus mas/C. sanguinea,Cornus
Cornaceae,Cornus
Cornus-type,Cornus
Cornus undifferentiated,Cornus
Cornus cf. C. sanguinea,Cornus
Cornus sanguinea,Cornus sanguinea-type
Cornus sanguinea-type,Cornus sanguinea-type
Cornus subgen. Kraniopsis,Cornus sanguinea-type
Cornus suecica,Cornus suecica
Cornus mas,Cornus mas
Cornus suecica-type,Cornus mas-type
Cornus mas/C. suecica,Cornus mas-type
Cornus mas-type,Cornus mas-type
Elatine,Elatine
Elatine-type,Elatine
Medicago sativa,Medicago sativa-type
Medicago sativa ssp. falcata,Medicago sativa-type
Medicago sativa-type,Medicago sativa-type
Medicago-type,Medicago sativa-type
Medicago,Medicago sativa-type
Medicago falcata-type,Medicago sativa-type
Mercurialis,Mercurialis
Mercurialis undifferentiated,Mercurialis
Mercurialis-type,Mercurialis
Mercurialis cf. M. perennis,Mercurialis
Mercurialis cf. annua,Mercurialis
Mercurialis annua,Mercurialis annua
Mercurialis annua-type,Mercurialis annua
Mercurialis perennis,Mercurialis perennis-type
Mercurialis perennis-type,Mercurialis perennis-type
Mercurialis cf. ovata,Mercurialis perennis-type
Penthorum sedoides,Penthorum sedoides
Punica granatum,Punica granatum
Punica,Punica granatum
Orthilia cf. O. secunda,Orthilia
Orthilia,Orthilia
Styrax,Styrax
Capparis spinosa,Capparis
Capparis,Capparis
Gratiola officinalis,Gratiola officinalis
Soldanella,Soldanella
Soldanella pusilla,Soldanella
Capparaceae,Capparaceae
Symphoricarpos,Symphoricarpos
Datisca cannabina,Datisca cannabina
Datisca,Datisca cannabina
Ilex,Ilex
Ilex aquifolium,Ilex
Ilex aquifolium-type,Ilex
Ilex-type,Ilex
Linum,Linum
cf. Linum catharticum-type,Linum
Linum undifferentiated,Linum
Linum sp.,Linum
Linum catharticum,Linum catharticum
Linum catharticum-type,Linum catharticum-type
Linum maritimum-type,Linum catharticum-type
Linum flavum,Linum flavum
Linum tenuifolium-type,Linum tenuifolium
Linum tenuifolium,Linum tenuifolium
Linum cf. L. perenne ssp. anglicum,
Linum perenne ssp. anglicum,Linum perenne ssp. anglicum
Linum mucronatum-type,Linum mucronatum-type
Linum perenne,Linum austriacum-type
Linum austriacum-type,Linum austriacum-type
Linum alpinum-type,Linum austriacum-type
Linum cf. hirsutum/L. viscosum,Linum austriacum-type
Linum austriacum,Linum austriacum-type
Linum bienne-type,Linum usitatissimum/L. bienne
Linum usitatissimum,Linum usitatissimum/L. bienne
Linum usitatissimum-type,Linum usitatissimum/L. bienne
Linum usitatissimum/L. bienne,Linum usitatissimum/L. bienne
Rubus chamaemorus,Rubus chamaemorus
Rubus chamaemorus,Rubus chamaemorus
Viscum,Viscum
Viscum album,Viscum
Viscum album-type,Viscum
Viscum album s.l.,Viscum
Radiola,Radiola linoides
Radiola linoides,Radiola linoides
Geranium striate-type,Erodium
Geranium,Geranium
Geranium-type,Geranium
Geranium reticulate-type,Geranium
Geranium sylvaticum,Geranium pratense-type
Geranium pratense-type,Geranium pratense-type
Geranium sylvaticum-type,Geranium pratense-type
Geranium pratense-group,Geranium pratense-type
Geranium sanguineum,Geranium pratense-type
Geranium phaeum-type,Geranium phaeum-type
Geranium robertianum-type,Geranium robertianum-type
Geranium robertianum/G. rotundifolium,Geranium robertianum-type
Geranium pusillum-type,Geranium robertianum-type
Geraniaceae,Geraniaceae
Linaceae,Linaceae
Linaceae indeterminata,Linaceae
Carpobrotus,Carpobrotus
Ambrosia-type,Ambrosia/Xanthium
Ambrosia/Xanthium,Ambrosia/Xanthium
Xanthium-type,Ambrosia/Xanthium
Xanthium,Xanthium
Xanthium spinosum-type,Xanthium
Xanthium spinosum-type,Xanthium
Ambrosia,Ambrosia
Centaurea,Centaurea
cf. Centaurea cyanus,Centaurea
cf. Centaurea nigra-type,Centaurea
cf. Centaurea scabiosa-type,Centaurea
Centaurea-type,Centaurea
Centaurea undifferentiated,Centaurea
Centaurea jacea/C. scabiosa,Centaurea
Centaurea sp.,Centaurea
Centaurea jacea/C. scabiosa-type,Centaurea
Centaurea jacea-type,Centaurea nigra-type
Centaurea nigra,Centaurea nigra-type
Centaurea nigra-type,Centaurea nigra-type
Centaurea solstitialis-type,Centaurea nigra-type
Centaurea jacea,Centaurea nigra-type
Centaurea rhenana-type,Centaurea nigra-type
Centaurea solstitialis,Centaurea nigra-type
Centaurea rhenana,Centaurea nigra-type
Centaurea cf. C. kotschyana,Centaurea nigra-type
Centaurea debeauxii subsp. thuillieri,Centaurea nigra-type
Centaurea stoebe,Centaurea nigra-type
Acroptilon,Centaurea nigra-type
Centaurea cf. C. nigra-type,Centaurea nigra-type
Centaurea sphaerocephala,Centaurea nigra-type
Centaurea dealbata-type,Centaurea nigra-type
Rhaponticum scariosum,Centaurea nigra-type
Centaurea jacea/C. stoebe,Centaurea nigra-type
Centaurea jacea/C. nigra-type,Centaurea nigra-type
Centaurea nigra-type s.l.,Centaurea nigra-type
Centaurea nemecii-type,Centaurea nemecii-type
Compositae subfam. Asteroideae,Compositae subfam. Asteroideae
Compositae subfam. Asteroideae undifferentiated,Compositae subfam. Asteroideae
Aster/Achillea,Compositae subfam. Asteroideae
Centaurea/Serratula,Compositae subfam. Asteroideae
Achillea/Aster,Compositae subfam. Asteroideae
Atractylis-type,Compositae subfam. Asteroideae
Asteroideae,Compositae subfam. Asteroideae
Achillea/Aster-type,Compositae subfam. Asteroideae
Asteraceae Tubuliflorae,Compositae subfam. Asteroideae
Asteroideae p.p.,Compositae subfam. Asteroideae
Tubuliflorae,Compositae subfam. Asteroideae
Asteraceae asteroideae undifforma,Compositae subfam. Asteroideae
Compositae subfam. Asteroideae indeterminata,Compositae subfam. Asteroideae
Asteraceae-type,Compositae subfam. Asteroideae
Aster/Anthemis-type,Compositae subfam. Asteroideae
Tubuliflorae proliferum,Compositae subfam. Asteroideae
Atractylis cancellata,Atractylis cancellata
Atractylis,Atractylis
Achillea,Matricaria-type
Achillea-type,Matricaria-type
Anthemis-type,Matricaria-type
Matricaria,Matricaria-type
Matricaria-type,Matricaria-type
Anthemis,Matricaria-type
Tanacetum-type,Matricaria-type
Chrysanthemum-type,Matricaria-type
Chrysanthemum,Matricaria-type
Anthemis (small)-type,Matricaria-type
Anthemideae,Matricaria-type
Leucanthemum vulgare-type,Matricaria-type
Chrysanthemum alpinum,Matricaria-type
Achillea moschata,Matricaria-type
Achillea/Matricaria,Matricaria-type
Aster,Aster-type
Aster-type,Aster-type
Bellis-type,Aster-type
Eupatorium-type,Aster-type
Solidago,Aster-type
Bellis,Aster-type
Eupatorium,Aster-type
Bellidiastrum-type,Aster-type
Solidago virgaurea-type,Aster-type
Solidago virgaurea,Aster-type
Aster bellidiastrum,Aster-type
Eupatorium cannabis-type,Aster-type
Eupatorium cannabinum-type,Aster-type
Bidens,Bidens-type
Bidens-type,Bidens-type
Arnica montana,Bidens-type
Arnica,Bidens-type
Arnica-type,Bidens-type
Bidens sl.,Bidens-type
Senecio-type,Senecio-type
Solidago-type,Senecio-type
Senecio,Senecio-type
Senecio cf. S. congestus,Senecio-type
Adenostyles,Senecio-type
Buphthalmum,Senecio-type
Adenostyles-type,Senecio-type
Bellis/Senecio,Senecio-type
Antennaria-type,Antennaria-type
Antennaria,Antennaria-type
Filago-type,Gnaphalium-type
Gnaphalium,Gnaphalium-type
Gnaphalium-type,Gnaphalium-type
Evax,Gnaphalium-type
Erigeron,Gnaphalium-type
Pseudognaphalium luteo-alba-type,Gnaphalium-type
Gnaphalium supinum,Gnaphalium-type
Inula-type,Inula
Inula,Inula
Calendula,Calendula
Tussilago-type,Tussilago-type
Tussilago farfara,Tussilago-type
Petasites-type,Petasites
Petasites,Petasites
Helianthus-type,Helianthus-type
Homogyne-type,Homogyne-type
Homogyne,Homogyne-type
Homogyne alpina,Homogyne-type
Doronicum-type,Doronicum
Doronicum,Doronicum
Dipsacaceae,Dipsacaceae
Knautia/Succisa,Dipsacaceae
Dipsacaceae undifferentiated,Dipsacaceae
Dipsaceae indeterminata,Dipsacaceae
Knautia/Dipsacus,Dipsacaceae
Dipsacus,Dipsacus-type
Dipsacus-type,Dipsacus-type
Pterocephalus-type,Dipsacus-type
Cephalaria,Dipsacus-type
Dipsacus fullonum-type,Dipsacus fullonum-type
Dipsacus fullonum,Dipsacus fullonum-type
Knautia,Knautia
Knautia-type,Knautia
Knautia arvensis,Knautia
Knautia arvensis-type,Knautia
Scabiosa,Scabiosa
Scabiosa-type,Scabiosa
Scabiosa undifferentiated,Scabiosa
Scabiosa columbaria,Scabiosa columbaria-type
Scabiosa columbaria-type,Scabiosa columbaria-type
Scabiosa rotata-type,Scabiosa columbaria-type
Scabiosa rotata,Scabiosa columbaria-type
Scabiosa canescens-type,Scabiosa columbaria-type
Scabiosa palestina,Scabiosa columbaria-type
Scabiosa pratensis-type,Scabiosa columbaria-type
Scabiosa atropurpurea-type,Scabiosa columbaria-type
Scabiosa olivieri,Scabiosa olivieri
Succisa,Succisa-type
Succisa pratensis,Succisa-type
Succisa-type,Succisa-type
Succisella-type,Succisa-type
Succisella,Succisa-type
Scabiosa argentea,Scabiosa argentea
Scabiosa grandifolia,Scabiosa graminifolia
Scabiosa graminifolia,Scabiosa graminifolia
Linnaea borealis,Linnaea borealis
Linnaea,Linnaea borealis
Lonicera,Lonicera
Lonicera-type,Lonicera
Lonicera undifferentiated,Lonicera
Lonicera xylosteum-type,Lonicera xylosteum-type
Lonicera nigra-type,Lonicera nigra
Lonicera nigra,Lonicera nigra
Lonicera xylosteum,Lonicera xylosteum
Lonicera coerulea,Lonicera coerulea
Lonicera periclymenum,Lonicera periclymenum
Lonicera periclymenum-type,Lonicera periclymenum-type
Lonicera implexa,Lonicera periclymenum-type
Lonicera alpigena,Lonicera alpigena
Valeriana,Valeriana
Valeriana undifferentiated,Valeriana
Valeriana cf. V. officinalis ssp. sambucifolia,Valeriana
Valeriana cf. V. dioica,Valeriana
Valeriana cf. V. officinalis,Valeriana
Valeriana sp.,Valeriana
Valeriana dioica,Valeriana dioica
Valeriana dioica subsp. simplicifolia,Valeriana dioica
Valeriana dioica-type,Valeriana dioica
Valeriana officinalis,Valeriana officinalis-type
Valeriana officinalis-type,Valeriana officinalis-type
Valeriana officinalis subsp. sambucifolia,Valeriana officinalis-type
Valeriana sambucifolia-type,Valeriana officinalis-type
Valeriana sambucifolia,Valeriana officinalis-type
Valeriana tripteris,Valeriana montana-type
Valeriana tripteris-type,Valeriana montana-type
Valeriana montana-type,Valeriana montana-type
Valeriana saxatilis-type,Valeriana saxatilis-type
Valerianaceae,Valerianaceae
Valeriana-type,Valerianaceae
Valeriana/Valerianella,Valerianaceae
Centranthus,Centranthus
Patrinia,Patrinia
Caprifoliaceae,Caprifoliaceae
Caprifoliaceae undifferentiated,Caprifoliaceae
Aizoaceae,Aizoaceae
Compositae undifferentiated,Asteraceae
Compositae,Asteraceae
Asteraceae,Asteraceae
Asteraceae undifferentiated,Asteraceae
Compositae indeterminata,Asteraceae
Compositae p.p.,Asteraceae
Asteraceae p.p.,Asteraceae
Centaurea alpina-type,Centaurea alpina-type
Cirsium,Cirsium
Cirsium helenioides,Cirsium
Cirsium cf. vulgare,Cirsium
Cirsium cf. oleraceum,Cirsium
Cirsium cf. palustre,Cirsium
Cirsium cf. arvense,Cirsium
Cirsium acaule,Cirsium
Cirsium spinosissimum,Cirsium
Echinops,Echinops
Echinops-type,Echinops
Echinops ritro,Echinops
Arctium,Arctium
Arctium cf. A. minus,Arctium
Arctium lappa,Arctium
Arctium lappa-type,Arctium
Saussurea alpina,Saussurea alpina
Arctium-type,Saussurea-type
Saussurea-type,Saussurea-type
Serratula-type,Saussurea-type
Saussurea,Saussurea-type
Jurinea-type,Saussurea-type
Jurinea,Saussurea-type
Arctium/Jurinea,Saussurea-type
Serratula,Saussurea-type
Carlina-type,Saussurea-type
Xeranthemum,Xeranthemum
Onopordum-type,Chardinia/Onopordon
Chardinia/Onopordon,Chardinia/Onopordon
Chardinia,Chardinia/Onopordon
Onopordum acanthium,Chardinia/Onopordon
Onopordum,Chardinia/Onopordon
Carduus,Carduus
Carduus-type,Carduus-type
Silybum-type,Carduus-type
Cousinia-type,Cousinia
Cousinia,Cousinia
Cnicus,Cnicus
Crupina,Crupina
Crupina-type,Crupina
Carlina,Carlina
Carlina acaulis,Carlina acaulis
Carduncellus-type,Carduncellus-type
Carthamus,Carthamus-type
Carthamus-type,Carthamus-type
Cirsium-type,Cynareae
Cirsium/Carduus,Cynareae
Centaurea cf. Xeranthemum,Cynareae
Cirsium/Carduus-type,Cynareae
Cardueae,Cynareae
Carduaceae,Cynareae
Cardueae undifferentiated,Cynareae
Carduus/Cirsium,Cynareae
Cynareae,Cynareae
Cardueae-type,Cynareae
Acer,Acer campestre-type
Acer cf. A. campestre,Acer campestre-type
Acer-type,Acer campestre-type
Acer pseudoplatanus,Acer campestre-type
Aceraceae,Acer campestre-type
Acer campestre,Acer campestre-type
Acer campestre-type,Acer campestre-type
Acer platanoides,Acer campestre-type
Acer undifferentiated,Acer campestre-type
Acer cf. A. negundo,Acer negundo
Acer negundo-type,Acer negundo
Acer negundo,Acer negundo
Erodium,Erodium
Erodium-type,Erodium
Saxifraga,Saxifraga
Saxifraga cf. S. oppositifolia,Saxifraga
cf. Saxifraga oppositifolia,Saxifraga
Saxifraga cf. S. stellaris,Saxifraga
Saxifraga undifferentiated,Saxifraga
Saxifraga cf. S. cespitosa,Saxifraga
Saxifraga cf. S. rivularis,Saxifraga
Saxifraga cf. S. hypnoides,Saxifraga
Saxifraga cf. S. aizoides,Saxifraga
Saxifraga cf. S. hirculus,Saxifraga
Saxifraga-type,Saxifraga
Saxifraga cf. S. nivalis,Saxifraga
Saxifraga sp.,Saxifraga
Saxifraga aizoides,Saxifraga oppositifolia-type
Saxifraga oppositifolia,Saxifraga oppositifolia-type
Saxifraga oppositifolia-type,Saxifraga oppositifolia-type
Saxifraga oppositifolia/S. aizoides,Saxifraga oppositifolia-type
Saxifraga aizoides-type,Saxifraga oppositifolia-type
Saxifraga caesia,Saxifraga oppositifolia-type
Saxifraga paniculata-type,Saxifraga oppositifolia-type
Saxifraga oppositifolia-group,Saxifraga oppositifolia-type
Saxifraga adscendens,Saxifraga adscendens
Saxifraga hirsuta-type,Saxifraga hirsuta-type
Saxifraga hirsuta,Saxifraga hirsuta-type
Saxifraga cuneifolia-type,Saxifraga hirsuta-type
Saxifragaceae,Saxifragaceae
Saxifragaceae undifferentiated,Saxifragaceae
Mesembryanthemum,Mesembryanthemum
Aesculus,Aesculus
Aesculus hippocastanum,Aesculus hippocastanum
Cistaceae,Cistaceae
Cistaceae undifferentiated,Cistaceae
Cistus/Helianthemum,Cistus/Helianthemum
Halimium/Tuberaria,Halimium/Tuberaria
Helianthemum/Cistus-type,Helianthemum/Cistus-type
Blackstonia-type,Blackstonia-type
Cicendia-type,Blackstonia-type
Cicendia filiformis,Cicendia filiformis
Blackstonia,Blackstonia perfoliata
Blackstonia perfoliata-type,Blackstonia perfoliata
Blackstonia perfoliata,Blackstonia perfoliata
Centaurium,Centaurium
Centaurium-type,Centaurium
Centaurium maritimum,Centaurium
Centaurium pulchellum,Centaurium
Centaurium pulchellum-type,Centaurium
Gentiana,Gentiana
Gentiana cf. G. pneumonanthe,Gentiana
Gentiana undifferentiated,Gentiana
Gentiana sp.,Gentiana
Gentiana pneumonanthe,Gentiana pneumonanthe-type
Gentiana pneumonanthe-type,Gentiana pneumonanthe-type
Gentiana purpurea-type,Gentiana pneumonanthe-type
Gentiana asclepiadea-type,Gentiana pneumonanthe-type
Gentiana lutea,Gentiana pneumonanthe-type
Gentiana punctata,Gentiana pneumonanthe-type
Gentiana lutea-type,Gentiana pneumonanthe-type
Gentiana lutea/G. pneumonanthe,Gentiana lutea/G. pneumonanthe
Gentiana lutea/Pneumonanthe,Gentiana lutea/G. pneumonanthe
Gentiana purpurea,Gentiana purpurea
Gentiana cruciata-type,Gentiana cruciata
Gentiana cruciata,Gentiana cruciata
Gentianaceae,Gentianaceae
Gentianaceae undifferentiated,Gentianaceae
Gentiana-type,Gentianaceae
Gentiana/Gentianella,Gentianaceae
Gentianaceae indeterminata,Gentianaceae
cf. Gentianella campestris,Gentianaceae
cf. Gentiana pneumonanthe,Gentianaceae
cf. Gentiana,Gentianaceae
cf. Swertia,Gentianaceae
cf. Centaurium,Gentianaceae
Gentiana olivieri-type,Gentiana olivieri-type
Swertia perennis,Swertia perennis
Swertia,Swertia perennis
Swertia-type,Swertia perennis
Helianthemum,Helianthemum
Helianthemum-type,Helianthemum
Helianthemum undifferentiated,Helianthemum
Helianthemum p.p.,Helianthemum
Helianthemum sp.,Helianthemum
Helianthemum cf. H. canum,Helianthemum oelandicum-type
Helianthemum oelandicum-type,Helianthemum oelandicum-type
Helianthemum oelandicum ssp. alpestre,Helianthemum oelandicum-type
Helianthemum cf. H. oelandicum,Helianthemum oelandicum-type
Helianthemum oelandicum subsp. alpestre-type,Helianthemum oelandicum-type
Helianthemum canum-type,Helianthemum oelandicum-type
Helianthemum canum/H. alpestre,Helianthemum oelandicum-type
Helianthemum oelandicum,Helianthemum oelandicum-type
Helianthemum alpestre-type,Helianthemum oelandicum-type
Helianthemum alpestre,Helianthemum oelandicum-type
Helianthemum alpinum,Helianthemum oelandicum-type
Helianthemum nummularium,Helianthemum nummularium-type
Helianthemum nummularium-type,Helianthemum nummularium-type
Helianthemum cf. H. nummularium,Helianthemum nummularium-type
Helianthemum nummularium-group,Helianthemum nummularium-type
Helianthemum croceum-type,Helianthemum croceum-type
Haplophyllum,Haplophyllum
Haplophyllum-type,Haplophyllum
Nitraria,Nitraria
Rhus,Rhus
Rhus coriaria-type,Rhus coriaria-type
Rhus coriaria,Rhus coriaria-type
Cotinus coggygria,Cotinus coggygria
Cotinus,Cotinus coggygria
Cotinus-type,Rhus/Cotinus
Rhus/Cotinus,Rhus/Cotinus
Rhus-type,Rhus/Cotinus
Halimium-type,Halimium
Halimium,Halimium
Halimium halimifolium-type,Halimium halimifolium-type
Halimium halimifolium,Halimium halimifolium-type
Halimium lasianthum-type,Halimium lasianthum-type
Tuberaria lignosa,Tuberaria lignosa
Tuberaria,Tuberaria
Tuberaria guttata,Tuberaria guttata
Coronilla emerus,Coronilla-type
Hippocrepis-type,Coronilla-type
Hippocrepis,Coronilla-type
Coronilla,Coronilla-type
Coronilla-type,Coronilla-type
Hippocrepis comosa,Coronilla-type
Coronilla varia-type,Coronilla-type
Securigera varia,Coronilla varia
Coronilla varia,Coronilla varia
Crassulaceae,Crassulaceae
Crassulaceae undifferentiated,Crassulaceae
Sempervivum,Sempervivum
Sedum,Sedum-type
Sedum cf. S. villosum/S. anglicum,Sedum-type
Sedum/Rhodiola cf. R. rosea,Sedum-type
Sedum-type,Sedum-type
Sedum anglicum,Sedum-type
Rhodiola rosea,Sedum-type
Sedum acre,Sedum-type
Sedum acre-type,Sedum-type
Sedum/Sempervivum,Sedum-type
Sedum album-type,Sedum-type
Lomatogonium,Lomatogonium
Geum,Geum-type
Geum cf. G. rivale,Geum-type
Geum rivale,Geum-type
Geum-type,Geum-type
Geum cf. G. urbanum,Geum-type
Geum montanum-type,Geum-type
Sieversia-type,Geum-type
Sibbaldia procumbens,Sibbaldia procumbens
Sibbaldia,Sibbaldia procumbens
Rosaceae (operculate),Rosaceae (operculate)
Fragaria vesca,Fragaria vesca
Potentilla palustris,Potentilla palustris
Potentilla comarum,Potentilla palustris
Comarum palustre,Potentilla palustris
Comarum,Potentilla palustris
cf. Potentilla bifurca subgen. Comarum,Potentilla-type
cf. Potentilla palustris,Potentilla-type
Potentilla,Potentilla-type
Potentilla undifferentiated,Potentilla-type
Potentilla-type,Potentilla-type
Potentilla subgen. Comarum,Potentilla-type
Potentilla recta,Potentilla-type
Potentilla subgen. Comarum-type,Potentilla-type
Fragaria,Potentilla-type
Potentilla/Comarum,Potentilla-type
Comarum-type,Potentilla-type
Potentilla grandiflora,Potentilla-type
Potentilla aurea,Potentilla-type
Potentilla erecta,Potentilla-type
Rosaceae/Potentilla,Potentilla-type
Potentilla indeterminata,Potentilla-type
Potentilla micrantha-type,Potentilla-type
Potentilla/Comarum-type,Potentilla-type
Potentilla/Fragaria,Potentilla-type
Rosa,Rosa
Rosa-type,Rosa
Rosa canina-type,Rosa
Lycium,Lycium
Lycium-type,Lycium
Dryas octopetala,Dryas octopetala
Dryas-type,Dryas octopetala
Dryas,Dryas octopetala
Rosaceae (non-operculate),Rosaceae (non-operculate)
cf. Prunus,Rosaceae (non-operculate)
cf. Sorbus,Rosaceae (non-operculate)
cf. Prunus-type,Rosaceae (non-operculate)
cf. Rosa,Rosaceae (non-operculate)
cf. Dryas octopetala,Rosaceae (non-operculate)
cf. Malus,Rosaceae (non-operculate)
cf. Sorbus aucuparia,Rosaceae (non-operculate)
cf. Rubus idaeus,Rosaceae (non-operculate)
cf. Rubus,Rosaceae (non-operculate)
Pyrus/Sorbus,Rosaceae (non-operculate)
Rosaceae subgen. Amygdalus,Rosaceae (non-operculate)
Crataegus/Sorbus,Rosaceae (non-operculate)
Rosaceae subfam. Maloideae,Rosaceae (non-operculate)
Rosaceae trees,Rosaceae (non-operculate)
Prunus/Sorbus,Rosaceae (non-operculate)
Rosaceae tree,Rosaceae (non-operculate)
Sorbus-group,Rosaceae (non-operculate)
Crataegus,Crataegus
Crataegus monogyna-type,Crataegus
Crataegus monogyna,Crataegus
Mespilus germanica,Mespilus germanica
Mespilus-type,Mespilus germanica
Prunus padus,Prunus padus
Crataegus-type,Prunus-type
Malus,Prunus-type
Malus-type,Prunus-type
Malus/Mespilus,Prunus-type
Prunus,Prunus-type
Prunus cf. P. padus,Prunus-type
Prunus dulcis-type,Prunus-type
Prunus-type,Prunus-type
Pyrus-type,Prunus-type
Prunus spinosa-type,Prunus-type
Prunus avium,Prunus-type
Prunus avium/P. spinosa,Prunus-type
Prunus spinosa,Prunus-type
Prunus cf. P. avium,Prunus-type
Pyrus,Prunus-type
Laurocerasus,Prunus-type
Amygdalus-type,Prunus-type
Pirus-type,Prunus-type
Amelanchier,Prunus-type
Malus sp.,Prunus-type
Prunus sp.,Prunus-type
Rosaceae-type/Prunus,Prunus-type
Rubus,Rubus
Rubus fruticosus,Rubus
Rubus saxatilis,Rubus
Rubus-type,Rubus
Rubus fruticosus-type,Rubus
Rubus idaeus-type,Rubus
Rubus undifferentiated,Rubus
Rubus ulmifolius-type,Rubus
Rubus cf. arcticus,Rubus
Rubus idaeus,Rubus
Rubus sp.,Rubus
Rubus arcticus,Rubus arcticus
Rubus arcticus-type,Rubus arcticus
Cotoneaster,Cotoneaster
Cotoneaster-type,Cotoneaster
Sorbus,Sorbus-type
Sorbus aucuparia,Sorbus-type
Sorbus-type,Sorbus-type
Sorbus aria,Sorbus-type
Sorbus cf. S. rupicola,Sorbus-type
Sorbus cf. S. aucuparia,Sorbus-type
Sorbus undifferentiated,Sorbus-type
Sorbus aucuparia-type,Sorbus-type
Sorbus aria-type,Sorbus-type
Sorbus torminalis,Sorbus-type
Menyanthes trifoliata,Menyanthes trifoliata
Menyanthes-type,Menyanthes trifoliata
Menyanthes trifoliata-type,Menyanthes trifoliata
Menyanthes,Menyanthes trifoliata
Nephrophyllidium,Nephrophyllidium
Rosaceae,Rosaceae
Rosaceae undifferentiated,Rosaceae
Rosaceae (type A),Rosaceae
Rosaceae (type B),Rosaceae
Geum/Potentilla,Rosaceae
Rosa/Prunus,Rosaceae
Rosaceae p.p.,Rosaceae
Rosaceae indeterminata,Rosaceae
Rosaceae reticulate-type,Rosaceae
Rosaceae-type,Rosaceae
Rosaceae sp.,Rosaceae
Agrimonia,Agrimonia/Aremonia
Agrimonia-type,Agrimonia/Aremonia
Agrimonia/Aremonia,Agrimonia/Aremonia
Agrimonia cf. A. eupatoria,Agrimonia/Aremonia
Agrimonia eupatoria,Agrimonia/Aremonia
Agrimonia eupatoria-type,Agrimonia/Aremonia
Aremonia-type,Agrimonia/Aremonia
Datura,Datura
Datura stramonium,Datura stramonium
Atropa,Atropa
Atropa bella-donna,Atropa
Atropa-type,Atropa-type
Nicotiana,Nicotiana
Aruncus dioicus,Aruncus/Spiraea
Spiraea,Aruncus/Spiraea
Aruncus,Aruncus/Spiraea
Aruncus-type,Aruncus/Spiraea
Aruncus/Spiraea,Aruncus/Spiraea
Spiraea-type,Aruncus/Spiraea
Withania,Withania
Menyanthaceae,Menyanthaceae
Fraxinus undifferentiated,Fraxinus
Fraxinus,Fraxinus excelsior-type
Fraxinus excelsior,Fraxinus excelsior-type
Fraxinus excelsior-type,Fraxinus excelsior-type
Fraxinus angustifolia subsp. oxycarpa-type,Fraxinus angustifolia
Fraxinus angustifolia subsp. oxycarpa,Fraxinus angustifolia
Fraxinus angustifolia,Fraxinus angustifolia
Fraxinus angustifolia-type,Fraxinus angustifolia
Fraxinus angustifolia var. oxycarpa,Fraxinus angustifolia
Fraxinus ornus,Fraxinus ornus
Fraxinus ornus-type,Fraxinus ornus
Fraxinus xanthoxyloides-type,Fraxinus xanthoxyloides-type
Glaucium,Glaucium
Glaucium-type,Glaucium
Glaucium flavum-type,Glaucium flavum-type
Glaucium corniculatum,Glaucium corniculatum
Marrubium,Marrubium
Marrubium-type,Marrubium
Oleaceae,Oleaceae
Oleaceae undifferentiated,Oleaceae
Fraxinus/Phillyrea,Oleaceae
Hedysarum,Hedysarum
Hedysarum cf. H. hedysaroides,Hedysarum
Hedysarum hedysaroides,Hedysarum
Hedysarum humile-type,Hedysarum
Onobrychis,Onobrychis
Onobrychis viciifolia,Onobrychis
Onobrychis-type,Onobrychis-type
Hedysarum-type,Onobrychis-type
Hedysarum/Ebenus,Onobrychis-type
Fabaceae/Onobrychis-type,Onobrychis-type
Oxalis,Oxalis
Oxalis-type,Oxalis
Oxalidaceae,Oxalis
Oxalis acetosella,Oxalis acetosella
Phillyrea,Phillyrea
Phillyrea media,Phillyrea
Phillyrea angustifolia,Phillyrea
Phillyrea-type,Phillyrea
Platanus,Platanus
Platanus orientalis,Platanus
Armeria,Armeria-type
Armeria (type A),Armeria-type
Armeria (type B),Armeria-type
Armeria maritima,Armeria-type
Armeria maritima-type,Armeria-type
Armeria-type,Armeria-type
Armeria maritima (type B),Armeria-type
Armeria/Limonium,Armeria-type
Armeria maritima (type A),Armeria-type
Limonium,Armeria-type
Acantholimon,Armeria-type
Statice spicata-type,Armeria-type
Statice spicata,Armeria-type
Armeria maritima subsp. elongata,Armeria-type
Armeria maritima subsp. maritima,Armeria-type
Armeria alliacea,Armeria-type
Goniolimon,Armeria-type
Limonium vulgare,Armeria-type
Armeria/Limonium-type,Armeria-type
Limonium vulgare-type,Armeria-type
Statice,Armeria-type
Statice limonium,Armeria-type
Limonium-type,Armeria-type
Limonium vulgare (type A),Armeria-type
Plumbaginaceae,Plumbaginaceae
cf. Acantholimon,Plumbaginaceae
cf. Armeria,Plumbaginaceae
cf. Armeria (type A),Plumbaginaceae
Psylliostachys,Psylliostachys
Psylliostachys spicata,Psylliostachys spicata
Salix,Salix
Salix herbacea,Salix
Salix pentandra-type,Salix
Salix reticulata,Salix
cf. Salix herbacea,Salix
Salix undifferentiated,Salix
Salix glauca-type,Salix
Salix herbacea-type,Salix
Salix polaris-type,Salix
Salix helvetica-type,Salix
Salix retusa-type,Salix
Salix pentandra,Salix
Salix sp.,Salix
cf. Salix polaris,Salix
Saxifraga nivalis,Saxifraga stellaris-type
Saxifraga nivalis-type,Saxifraga stellaris-type
Saxifraga stellaris,Saxifraga stellaris-type
Saxifraga stellaris-type,Saxifraga stellaris-type
Saxifraga nivalis,Saxifraga stellaris-type
Saxifraga hieraciifolia,Saxifraga hieraciifolia
Tamarix,Tamarix
Vitex agnus-castus,Vitex agnus-castus
Vitex,Vitex agnus-castus
Jasminum,Jasminum
Helleborus undifferentiated,Helleborus
Helleborus,Helleborus
Helleborus-type,Helleborus
Helleborus foetidus,Helleborus foetidus
Helleborus viridis,Helleborus viridis-type
Helleborus viridis-type,Helleborus viridis-type
Olea,Olea europaea
Olea europaea-type,Olea europaea
Olea europaea,Olea europaea
Olea-type,Olea europaea
Hottonia palustris,Hottonia palustris
Hottonia-type,Hottonia palustris
Hottonia palustris-type,Hottonia palustris
Ligustrum,Ligustrum
Ligustrum vulgare,Ligustrum
Ligustrum vulgare-type,Ligustrum
Syringa,Syringa
Syringa vulgaris,Syringa
Syringa-type,Ligustrum-type
Ligustrum-type,Ligustrum-type
Reseda,Reseda
Reseda lutea-type,Reseda
Reseda media-type,Reseda
Reseda luteola,Reseda
Reseda luteola-type,Reseda
Resedaceae,Resedaceae
Reseda/Sesamoides,Resedaceae
Reseda-type,Resedaceae
Sesamoides,Sesamoides
Sesamoides canescens-type,Sesamoides canescens-type
Osmanthus,Osmanthus
Bongardia,Bongardia
Bongardia-type,Bongardia
Fontanesia philliraeoides,Fontanesia philliraeoides
Reaumuria,Reaumuria
Odontites,Odontites-type
Odontites-type,Odontites-type
Tozzia alpina,Odontites-type
Tamaricaceae,Tamaricaceae
Parrotia,Parrotia
Parrotia persica,Parrotia
Chelidonium-type,Chelidonium majus
Chelidonium,Chelidonium majus
Chelidonium majus,Chelidonium majus
Acanthus,Acanthus
Acanthus-type,Acanthus
Acanthaceae,Acanthaceae
Cymbaria daurica,Cymbaria daurica
Labiatae,Lamiaceae
Labiatae undifferentiated,Lamiaceae
Labiatae cf. Marrubium,Lamiaceae
Labiatae (3),Lamiaceae
Lamiaceae,Lamiaceae
Lamiaceae undifferentiated,Lamiaceae
Lamiaceae p.p.,Lamiaceae
Labiatae (tricolpate),Lamiaceae
Hornungia-type,Hornungia-type
Hornungia,Hornungia-type
Matthiola,Matthiola
Matthiola-type,Matthiola
Sinapis-type,Sinapis-type
Sinapis,Sinapis-type
Brassica,Brassicaceae
Cardamine-type,Brassicaceae
Cruciferae,Brassicaceae
Draba-type,Brassicaceae
Sisymbrium goesingense,Brassicaceae
Cruciferae-type,Brassicaceae
Cruciferae undifferentiated,Brassicaceae
Malcolmia,Brassicaceae
Brassica-type,Brassicaceae
Capsella-type,Brassicaceae
Lepidium,Brassicaceae
Descurainia,Brassicaceae
Arabidopsis-type,Brassicaceae
Barbarea-type,Brassicaceae
Cardamine pratensis-type,Brassicaceae
Alyssoides-type,Brassicaceae
Cardamine,Brassicaceae
Biscutella,Brassicaceae
Arabidopsis,Brassicaceae
Rorippa amphibia,Brassicaceae
Brassicaceae,Brassicaceae
Sisymbrium,Brassicaceae
Brassicaceae undifferentiated,Brassicaceae
Descurainia sophia,Brassicaceae
Draba,Brassicaceae
Descurainia sophia-type,Brassicaceae
Alliaria-type,Brassicaceae
Alyssum-type,Brassicaceae
Bunias-type,Brassicaceae
Rorippa sylvestris-type,Brassicaceae
Crambe-type,Brassicaceae
Brassicaceae: clumps,Brassicaceae
Cardamine hirsuta-type,Brassicaceae
Leontice leontopetalum,Leontice
Leontice,Leontice
Leontice-type,Leontice
Fagonia,Fagonia
Fagonia-type,Fagonia
Epimedium,Epimedium
Peristrophe,Peristrophe
Peristrophe cf. P. bicalyculata,Peristrophe
Galeopsis-type,Galeopsis-type
Stachys-type,Galeopsis-type
Stachys,Galeopsis-type
Stachys/Lamium,Galeopsis-type
Stachys sylvatica-type,Galeopsis-type
Galeopsis,Galeopsis-type
Stachys sylvatica,Galeopsis-type
Labiatae cf. Scutellaria,Galeopsis-type
Stachys glutinosa-type,Galeopsis-type
Lamium amplexicaule-type,Galeopsis-type
Lamium hybridum-type,Galeopsis-type
Phlomis,Phlomis
Phlomis-type,Phlomis
Phlomis cf. fruticosa,Phlomis
Ajuga-type,Scutellaria-type
Scutellaria,Scutellaria-type
Scutellaria-type,Scutellaria-type
Ajuga,Scutellaria-type
Ballota-type,Ballota-type
Ballota,Ballota-type
Ballota nigra-type,Ballota-type
Ballota-group,Ballota-type
Galeopsis-Ballota-group,Galeopsis/Ballota-type
Galeopsis/Ballota-type,Galeopsis/Ballota-type
Astragalus,Astragalus-type
Astragalus alpinus,Astragalus-type
Astragalus frigidus,Astragalus-type
Astragalus penduliflorus,Astragalus-type
Astragalus undifferentiated,Astragalus-type
Astragalus-type,Astragalus-type
cf. Astragalus danicus,Astragalus-type
Astragalus cf. A. glycyphyllos,Astragalus-type
Leguminosae cf. Astragalus,Astragalus-type
Astragalus alpinus-type,Astragalus-type
Astragalus cf. A. alpinus,Astragalus-type
Melilotus-type,Astragalus-type
Astragalus danicus-type,Astragalus-type
Astragalus oxytropis-type,Astragalus-type
Melilotus,Astragalus-type
Melilotus officinalis,Astragalus-type
Astragalus/Oxytropis,Astragalus-type
Astragalus lusitanicus-type,Astragalus-type
Astragalus depressus,Astragalus-type
Astragalus excarpus,Astragalus-type
Ononis,Ononis
Ononis-type,Ononis
Ononis baetica-type,Ononis
Oxytropis,Oxytropis
Colutea,Colutea
Cassia,Cassia
Fumana laevipes-type/Cistus salvifolius,Fumana laevipes-type/Cistus salvifolius
Cistus,Cistus
Cistus undifferentiated,Cistus
Cistus-type,Cistus
Cistus-type undifferentiated,Cistus
Cistus cf. C. salvifolius,Cistus
Cistus indeterminata,Cistus
Cistus salvifolius,Cistus salvifolius
Cistus populifolius-type,Cistus ladanifer-type
Cistus ladanifer,Cistus ladanifer-type
Cistus ladanifer-type,Cistus ladanifer-type
Cistus populifolius,Cistus ladanifer-type
Cistus villosus-type,Cistus albidus-type
Cistus albidus-type,Cistus albidus-type
Cistus villosus,Cistus albidus-type
Cistus incanus-type,Cistus albidus-type
Cistus monspeliensis,Cistus monspeliensis-type
Cistus monspeliensis-type,Cistus monspeliensis-type
Cistus cf. monspeliensis,Cistus monspeliensis-type
Cistus psilosepalus,Cistus psilosepalus
Fagopyrum,Fagopyrum
Fagopyrum-type,Fagopyrum
Fagopyrum esculentum-type,Fagopyrum
Fagopyrum undifferentiated,Fagopyrum
Fagopyrum esculentum,Fagopyrum esculentum
Fagopyrum tataricum,Fagopyrum tataricum
Gentiana cf. G. verna,Gentiana
Gentiana nivalis,Gentiana nivalis
Gentiana nivalis-type,Gentiana nivalis
Gentiana verna,Gentiana verna
Gentiana verna-type,Gentiana verna
Gentianella,Gentianella campestris-type
Gentianella campestris,Gentianella campestris-type
Gentianella campestris-type,Gentianella campestris-type
Gentiana vernalis-type,Gentianella campestris-type
Gentianella germanica-type,Gentianella campestris-type
Gentianella ramosa,Gentianella campestris-type
Gentianella-type,Gentianella campestris-type
Gentiana campestris,Gentianella campestris-type
Gentianella amarella,Gentianella amarella
Gentianella tenella,Gentianella tenella
Gentianella amarella-type,Gentianella tenella-type
Gentianella cf. G. amarella,Gentianella tenella-type
Gentianella tenella-type,Gentianella tenella-type
Hedera,Hedera
Hedera helix,Hedera
Hedera-type,Hedera
Hedera helix-type,Hedera
Parnassia palustris,Parnassia palustris
Parnassia,Parnassia palustris
Parnassia-type,Parnassia palustris
Primulaceae,Primulaceae
Primulaceae undifferentiated,Primulaceae
Rhamnus subgen. Frangula,Frangula alnus
Rhamnus,Rhamnus-type
Rhamnus catharticus,Rhamnus-type
Rhamnus-type,Rhamnus-type
Rhamnus catharticus-type,Rhamnus-type
Rhamnus alpinus,Rhamnus-type
Rhamnus alaternus-type,Rhamnus-type
Rhamnus cathartica/R. alaternus-type,Rhamnus-type
Oxyria-type,Rumex acetosa-type
Oxyria/Rumex subgen. Acetosa,Rumex acetosa-type
Rumex acetosa,Rumex acetosa-type
Rumex acetosa-type,Rumex acetosa-type
Rumex acetosella-type,Rumex acetosa-type
Rumex subgen. Acetosa,Rumex acetosa-type
Rumex subgen. Acetosa/R. subgen. Acetosella,Rumex acetosa-type
Rumex cf. R. acetosa,Rumex acetosa-type
Rumex acetosa/R. acetosella-type,Rumex acetosa-type
Rumex acetosa/R. acetosella,Rumex acetosa-type
Rumex acetosa-type/Oxyria,Rumex acetosa-type
Rumex cf. R. alpinus,Rumex acetosa-type
Rumex acetosella,Rumex acetosella
Rumex crispus-type,Rumex crispus-type
Rumex obtusifolius-type,Rumex crispus-type
Rumex subgen. Rumex,Rumex crispus-type
Rumex crispus,Rumex crispus-type
Rumex obtusifolius,Rumex crispus-type
Rumex subgen. Rumex-type,Rumex crispus-type
Eurumex,Rumex crispus-type
Eu-Rumex-type,Rumex crispus-type
Rumex cf. R. obtusifolius,Rumex crispus-type
Rumex maritimus-type,Rumex crispus-type
Rumex conglomeratus-type,Rumex crispus-type
Rumex sanguineus,Rumex crispus-type
Rumex sanguineus-type,Rumex crispus-type
Rumex eurumex-type,Rumex crispus-type
Rumex conglomeratus,Rumex crispus-type
Rumex,Rumex/Oxyria
Rumex undifferentiated,Rumex/Oxyria
Rumex/Oxyria,Rumex/Oxyria
cf. Oxyria digyna,Rumex/Oxyria
Rumex-type,Rumex/Oxyria
Rumex sp.,Rumex/Oxyria
Rumex/Oxyria-type,Rumex/Oxyria
Rumex/Oxyria digyna,Rumex/Oxyria
Rumex acetosa/R. scutatus-type,Rumex/Oxyria
Oxyria,Oxyria digyna
Oxyria digyna-type,Oxyria digyna
Oxyria digyna,Oxyria digyna
Oxyria (type 1),Oxyria digyna
Oxyria (type 2),Oxyria digyna
Rumex triangulivalvis,Rumex triangulivalvis
Rumex alpinus,Rumex alpinus-type
Rumex alpinus-type,Rumex alpinus-type
Rumex alpestris,Rumex alpestris
Tilia,Tilia
Tilia undifferentiated,Tilia
Tilia cordata/platyphyllos,Tilia
Tilia indeterminata,Tilia
Tilia sp.,Tilia
Tilia x vulgaris,Tilia platyphyllos-type
Tilia cordata,Tilia cordata-type
Tilia cordata-type,Tilia cordata-type
Tilia tomentosa,Tilia cordata-type
Tilia platyphyllos,Tilia platyphyllos-type
Tilia platyphyllos-type,Tilia platyphyllos-type
Tilia platyphyllos subsp. cordifolia,Tilia platyphyllos-type
Trifolium montanum,Trifolium montanum
Trifolium montanum-type,Trifolium montanum
Trifolium,Trifolium-type
Trifolium undifferentiated,Trifolium-type
Trifolium-type,Trifolium-type
Fabaceae/Trifolium-type,Trifolium-type
Trifolium medium-type,Trifolium pratense-type
Trifolium pratense,Trifolium pratense-type
Trifolium pratense-type,Trifolium pratense-type
Trifolium repens,Trifolium repens-type
Trifolium repens-type,Trifolium repens-type
Trifolium cf. T. repens,Trifolium repens-type
Trifolium striatum,Trifolium repens-type
Trifolium striatum-type,Trifolium repens-type
Trifolium arvense,Trifolium repens-type
Trifolium pallescens,Trifolium repens-type
Trifolium hybridum-type,Trifolium repens-type
Trifolium alpestre-type,Trifolium alpestre-type
Trifolium spadiceum,Trifolium badium-type
Trifolium badium-type,Trifolium badium-type
Trifolium spadiceum-type,Trifolium badium-type
Trifolium badium,Trifolium badium-type
Trifolium alpinum-type,Trifolium alpinum-type
Trifolium alpinum,Trifolium alpinum-type
Trifolium alpinum,Trifolium alpinum-type
Viburnum,Viburnum
Viburnum-type,Viburnum
Viburnum cf. V. opulus,Viburnum
Viburnum undifferentiated,Viburnum
cf. Viburnum opulus,Viburnum
Viburnum sp.,Viburnum
Viburnum lantana,Viburnum lantana
Viburnum lantana-type,Viburnum lantana
Viburnum opulus,Viburnum opulus
Viburnum tinus,Viburnum tinus
Viburnum opulus-type,Viburnum opulus/V. tinus
Viburnum opulus/V. tinus,Viburnum opulus/V. tinus
Vitis,Vitis
Vitis vinifera,Vitis
Vitis sylvestris/vinifera,Vitis
Celastraceae,Celastraceae
Echium,Echium
Echium vulgare,Echium
Echium-type,Echium/Onosma
Echium/Onosma,Echium/Onosma
Onosma-type,Echium/Onosma
Onosma/Echium-type,Echium/Onosma
Atraphaxis,Atraphaxis
Atraphaxis-type,Atraphaxis
Ruta,Ruta
Ruta graveolens,Ruta graveolens
Zygophyllum,Zygophyllum
Bryonia,Bryonia
Bryonia-type,Bryonia
Bryonia dioica,Bryonia
Hyoscyamus,Hyoscyamus
Hyoscyamus niger,Hyoscyamus niger
Anagallis,Anagallis
Anagallis arvensis-type,Anagallis arvensis-type
Anagallis arvensis,Anagallis arvensis-type
Anagallis tenella-type,Anagallis tenella-type
Anagallis tenella,Anagallis tenella-type
Lysimachia nemorum,Lysimachia nemorum
Lysimachia nemorum-type,Lysimachia nemorum
Lysimachia thyrsiflora,Lysimachia vulgaris-type
Lysimachia vulgaris,Lysimachia vulgaris-type
Lysimachia cf. L. vulgaris,Lysimachia vulgaris-type
Lysimachia vulgaris-type,Lysimachia vulgaris-type
Lysimachia nummularia,Lysimachia vulgaris-type
Lysimachia nummularia-type,Lysimachia vulgaris-type
Lysimachia terrestris/thyrsiflora,Lysimachia terrestris/thyrsiflora
Glaux,Glaux maritima
Glaux maritima,Glaux maritima
Lysimachia,Anagallis-type
Lysimachia-type,Anagallis-type
Anagallis-type,Anagallis-type
Lysimachia/Anagallis,Anagallis-type
Lysimachia ephemerum,Lysimachia ephemerum
Trientalis,Trientalis europaea
Trientalis europaea,Trientalis europaea
Trientalis-type,Trientalis europaea
Emex,Emex
Viburnum/Sambucus,Viburnum/Sambucus
Sambucus/Viburnum-type,Viburnum/Sambucus
Rumex kurdicus,Rumex kurdicus
Rheum,Rheum
Rheum officinalis,Rheum
Rheum ribes,Rheum
Rumex cyprius-type,Rumex cyprius-type
Rumex cyprius,Rumex cyprius-type
Zygophyllaceae,Zygophyllaceae
Peganum,Peganum
Santalaceae,Santalaceae
Caragana,Caragana
Caragana-type,Caragana
Ricinus,Ricinus communis
Ricinus communis,Ricinus communis
Staphylea,Staphylea pinnata
Staphylea pinnata,Staphylea pinnata
Fumana-type,Fumana
Fumana,Fumana
Fumana ericoides,Fumana ericoides
Fumana thymifolia,Fumana thymifolia
Galega-type,Galega-type
Calligonum,Calligonum
Calligonum comosum,Calligonum
Calligonum aphyllum,Calligonum
Pteropyrum,Calligonum-type
Calligonum/Pteropyrum,Calligonum-type
Calligonum-type,Calligonum-type
Pteropyrum-type,Calligonum-type
Leguminosae,Fabaceae
Leguminosae undifferentiated,Fabaceae
Fabaceae,Fabaceae
Papilionaceae,Fabaceae
Fabaceae undifferentiated,Fabaceae
Fabaceae p.p.,Fabaceae
Fabaceae indeterminata,Fabaceae
Alkanna,Alkanna-type
Alkanna-type,Alkanna-type
Vitaceae,Vitaceae
Combretaceae,Combretaceae
Cardiospermum,Cardiospermum
Cardiospermum cf. C. halicacabum,Cardiospermum
Araliaceae,Araliaceae
Araliaceae indeterminata,Araliaceae
Araliaceae undifferentiated,Araliaceae
Coris,Coris
Lathyrus,Lathyrus-type
Lathyrus japonicus ssp. maritimus,Lathyrus-type
Lathyrus palustris,Lathyrus-type
Lathyrus sativus,Lathyrus-type
Lathyrus-type,Lathyrus-type
Fabaceae/Lathyrus-type,Lathyrus-type
Lathyrus filiformis,Lathyrus-type
Lathyrus montanus-type,Lathyrus-type
Vicia faba,Vicia faba
Vicia,Vicia-type
Vicia cf. V. cracca,Vicia-type
Vicia cracca-type,Vicia-type
Vicia sylvatica-type,Vicia-type
Vicia-type,Vicia-type
Vicia cf. V. sepium,Vicia-type
Vicia cf. V. hirsuta,Vicia-type
Vicia cracca,Vicia-type
Vicia tetrasperma,Vicia-type
Vicia-type s.s.,Vicia-type
Vicia sylvatica,Vicia-type
Pisum,Pisum sativum
Pisum sativum,Pisum sativum
Vicia/Lathyrus,Lathyrus/Vicia-type
Lathyrus/Vicia,Lathyrus/Vicia-type
Viciaceae,Lathyrus/Vicia-type
Lathyrus/Vicia,Lathyrus/Vicia-type
Vicia/Lathyrus-type,Lathyrus/Vicia-type
Lathyrus/Vicia-type,Lathyrus/Vicia-type
Parthenocissus quinquefolia,Parthenocissus quinquefolia
Dictamnus albus,Dictamnus albus
Cephalanthus,Cephalanthus
Osyris alba,Osyris alba
Bergenia crassifolia,Bergenia crassifolia
Adoxa moschatellina,Adoxa moschatellina
Adoxa,Adoxa moschatellina
Cercis siliquastrum,Cercis siliquastrum
Cercis,Cercis siliquastrum
Chrysosplenium,Chrysosplenium
Chrysosplenium sp.,Chrysosplenium
Chrysosplenium-type,Chrysosplenium
Chrysosplenium oppositifolium,Chrysosplenium oppositifolium
Chrysosplenium alterniflorum,Chrysosplenium alterniflorum
Diapensia lapponica,Diapensia lapponica
Diapensia,Diapensia lapponica
Euonymus,Euonymus
Euonymus europaeus,Euonymus
Euphorbia,Euphorbia
Euphorbia dendroides,Euphorbia
Euphorbia-type,Euphorbia
Euphorbia cf. E. palustris,Euphorbia
Euphorbia exigua,Euphorbia
Euphorbiaceae,Euphorbiaceae
Euphorbiaceae indeterminata,Euphorbiaceae
Alhagi,Genista-type
Hypericum,Hypericum
Hypericum undifferentiated,Hypericum
Hypericum-type,Hypericum
Guttiferae,Hypericum
Hypericaceae,Hypericum
Hypericum perforatum/H. androsaemum-type,Hypericum
Hypericum elodes,Hypericum elodes
Hypericum perforatum-type,Hypericum perforatum-type
Hypericum pulchrum-type,Hypericum perforatum-type
Hypericum perforatum,Hypericum perforatum-type
Hypericum tetrapterum,Hypericum perforatum-type
Hypericum perforatum-group,Hypericum perforatum-type
Hypericum pulchrum,Hypericum pulchrum
Hypericum androsaemum,Hypericum androsaemum
Hypericum calycinum-type,Hypericum calycinum-type
Hypericum assyrianum-type,Hypericum assyrianum-type
Hypericum coris-type,Hypericum coris-type
Lobelia,Lobelia
Lobelia-type,Lobelia
Lobeliaceae,Lobelia
Lobelia dortmanna,Lobelia dortmanna
Primula hirsuta-type,Primula hirsuta-type
Primula clusiana-type,Primula hirsuta-type
Prosopis,Prosopis
Sambucus,Sambucus
Sambucus undifferentiated,Sambucus
Sambucus-type,Sambucus
Sambucus cf. S. ebulus,Sambucus
Sambucus cf. S. nigra,Sambucus nigra/S. racemosa
Sambucus cf. S. racemosa,Sambucus nigra/S. racemosa
cf. Sambucus racemosa,Sambucus nigra/S. racemosa
cf. Sambucus nigra,Sambucus nigra/S. racemosa
Sambucus ebulus,Sambucus ebulus
Sambucus ebulus-type,Sambucus ebulus
Sambucus nigra,Sambucus nigra
Sambucus racemosa,Sambucus racemosa
Sambucus nigra-type,Sambucus nigra/S. racemosa
Sambucus racemosa-type,Sambucus nigra/S. racemosa
Sambucus nigra/S. racemosa,Sambucus nigra/S. racemosa
Digitalis,Digitalis
Digitalis purpurea,Digitalis
Digitalis purpurea-type,Digitalis
Digitalis-type,Digitalis-type
Lobelia/Digitalis,Digitalis-type
Limosella,Scrophularia-type
Scrophularia-type,Scrophularia-type
Scrophularia nodosa-type,Scrophularia-type
Scrophularia/Verbascum,Scrophularia-type
Scrophularia,Scrophularia-type
Scrophularia canina-type,Scrophularia-type
Scrophularia aquatica,Scrophularia-type
Verbascum,Verbascum
Verbascum-type,Verbascum
Verbascum pulverulentum-type,Verbascum
Scrophulariaceae,Scrophulariaceae (colporate-reticulate)
Scrophulariaceae (colporate-reticulate),Scrophulariaceae (colporate-reticulate)
Scrophulariaceae undifferentiated,Scrophulariaceae (colporate-reticulate)
Antirrhinum/Linaria,Scrophulariaceae (colporate-reticulate)
Scrophularia/Verbascum/Digitalis,Scrophulariaceae (colporate-reticulate)
Scrophulariaceae pp.,Scrophulariaceae (colporate-reticulate)
Scrophulariaceae indeterminata,Scrophulariaceae (colporate-reticulate)
Linaria,Linaria-type
Linaria-type,Linaria-type
Kickxia,Kickxia
Chaenorhinum,Chaenorhinum minus
Chaenorhinum minus,Chaenorhinum minus
Samolus,Samolus valerandi
Samolus valerandi,Samolus valerandi
Calicotome,Genista-type
Cytisus scoparius,Genista-type
Genista-type,Genista-type
Ulex-type,Genista-type
Cytisus sect. Sarothamnus,Genista-type
Ulex,Genista-type
Cytisus grandiflorus,Genista-type
Genista,Genista-type
Cytisus scoparius-type,Genista-type
Ulex/Sarothamnus,Genista-type
Cytisus,Genista-type
Genista/Ulex,Genista-type
Sarothamnus grandiflorus,Genista-type
Sarothamnus scoparius,Genista-type
Cytisus/Genista-type,Genista-type
Genista/Cytisus-type,Genista-type
Ulex/Cytisus-type,Genista-type
Genista/Ulex-type,Genista-type
Calicotome villosa,Genista-type
Genistoideae-type,Genista-type
Cytisus-type,Cytisus-type
Retama-type,Retama-type
Laburnum-type,Laburnum-type
Lupinus,Lupinus
Robinia pseudacacia,Robinia pseudacacia
Robinia,Robinia pseudacacia
Spartium,Spartium junceum
Spartium junceum,Spartium junceum
Medicago lupulina,Medicago lupulina-type
Medicago lupulina-type,Medicago lupulina-type
Genista-group,Genista-group
Gentianella detonsa,Gentianella detonsa
Impatiens,Impatiens
Impatiens noli-tangere,Impatiens
Balsaminaceae,Impatiens
Impatiens-type,Impatiens
Impatiens parvifolia,Impatiens
Primula,Primula
Primula-type,Primula
Primula vulgaris,Primula veris-type
Primula vulgaris-type,Primula veris-type
Primula veris-type,Primula veris-type
Primula elatior-type,Primula veris-type
Galium,Rubiaceae
Galium-type,Rubiaceae
Rubiaceae,Rubiaceae
Sherardia arvensis,Rubiaceae
Rubiaceae cf. Galium,Rubiaceae
Asperula-type,Rubiaceae
Galium palustre,Rubiaceae
Rubia,Rubiaceae
Galium boreale,Rubiaceae
Galium verum,Rubiaceae
Galium aparine,Rubiaceae
Asperula,Rubiaceae
Rubiaceae (6 colpae),Rubiaceae
Randia,Randia
Arceuthobium oxycedri,Arceuthobium oxycedri
Arceuthobium,Arceuthobium oxycedri
Callipeltis microstegia-type,Callipeltis microstegia-type
Hippuris,Hippuris vulgaris
Hippuris vulgaris,Hippuris vulgaris
Lycopus,Mentha-type
Lycopus-type,Mentha-type
Mentha,Mentha-type
Mentha-type,Mentha-type
Satureja,Mentha-type
Thymus-type,Mentha-type
Thymus/Mentha,Mentha-type
Lycopus europaeus,Mentha-type
Satureja/Ziziphora,Mentha-type
Thymus,Mentha-type
Lycopus/Mentha,Mentha-type
Mentha longifolia,Mentha-type
Labiatae-type/Lycopus,Mentha-type
Mentha/Thymus-type,Mentha-type
Lycopus/Mentha longifolia,Mentha-type
Origanum/Thymus,Mentha-type
Prunella,Prunella-type
Prunella-type,Prunella-type
Nepeta,Prunella-type
Glechoma-type,Prunella-type
Nepeta-type,Prunella-type
Prunella vulgaris-type,Prunella-type
Prunella vulgaris,Prunella-type
Sideritis,Sideritis
Sideritis (4),Sideritis
Labiatae (6),Labiatae (6)
cf. Thymus,Labiatae (6)
Lavandula-type,Lavandula
Lavandula,Lavandula
Lavandula stoechas-type,Lavandula
Lavandula stoechas,Lavandula
Ocimum,Ocimum
Salvia officinalis-type,Salvia officinalis-type
Rosmarinus,Salvia officinalis-type
Rosmarinus-type,Salvia officinalis-type
Salvia,Salvia-type
Salvia-type,Salvia-type
Salvia pratensis-group,Salvia-type
Salvia pratensis-type,Salvia pratensis-type
Salvia verticillata,Salvia verticillata
Phacelia,Phacelia
Phacelia tanacetifolia-type,Phacelia
Boraginaceae,Boraginaceae
Boraginaceae cf. Cynoglossum,Boraginaceae
Boraginaceae undifferentiated,Boraginaceae
Borago,Borago
Borago officinalis,Borago
Pentaglottis sempervirens,Pentaglottis sempervirens
Nonea,Nonea
Anchusa officinalis,Anchusa/Pulmonaria
Anchusa-type,Anchusa/Pulmonaria
Pulmonaria,Anchusa/Pulmonaria
Pulmonaria-type,Anchusa/Pulmonaria
Anchusa/Pulmonaria,Anchusa/Pulmonaria
Pulmonaria obscura-type,Anchusa/Pulmonaria
Pulmonaria officinalis,Anchusa/Pulmonaria
Anchusa azurea-type,Anchusa/Pulmonaria
Anchusa azurea,Anchusa/Pulmonaria
Pulmonaria obscura,Anchusa/Pulmonaria
Symphytum,Symphytum
Symphytum-type,Symphytum
Symphytum cf. S. officinalis,Symphytum
Lappula,Lappula
Buglossoides arvensis,Buglossoides arvensis
Lithospermum arvense,Buglossoides arvensis
Buglossoides arvensis-type,Buglossoides arvensis-type
Lithospermum arvense-type,Buglossoides arvensis-type
Cerinthe-type,Cerinthe
Cerinthe,Cerinthe
Cerinthe minor,Cerinthe
Cerinthe minor-type,Cerinthe
Lithospermum officinale,Lithospermum officinale
Lithospermum,Lithospermum-type
Lithospermum-type,Lithospermum-type
Buglossoides-type,Lithospermum-type
Neatostema apulum,Neatostema apulum
Trachystemon orientalis-type,Trachystemon orientalis-type
Citrus,Citrus
Pinguicula,Pinguicula
Pinguicula vulgaris,Pinguicula
Pinguicula-type,Pinguicula
Polygala,Polygala
Polygalaceae,Polygala
Polygala-type,Polygala
Polygala vulgaris,Polygala comosa-type
Polygala vulgaris-type,Polygala comosa-type
Polygala comosa-type,Polygala comosa-type
Utricularia,Utricularia
Utricularia minor,Utricularia
Utricularia vulgaris,Utricularia
Utricularia vulgaris-type,Utricularia
Utricularia-type,Utricularia
Utriculariaceae,Utricularia
Viola arvensis,Viola tricolor-type
Viola arvensis-type,Viola tricolor-type
Viola tricolor,Viola tricolor-type
Viola tricolor-type,Viola tricolor-type
Polygonum oxyspermum ssp. raii,Polygonum oxyspermum ssp. raii
Polygonum norvegicum,Polygonum oxyspermum ssp. raii
Polygonum raii-type,Polygonum oxyspermum ssp. raii
Sanguisorba,Sanguisorba officinalis
Sanguisorba officinalis,Sanguisorba officinalis
Sanguisorba officinalis-type,Sanguisorba officinalis
Sanguisorba major,Sanguisorba officinalis
Andrachne,Andrachne
Andrachne telephioides,Andrachne
Arnebia-type,Arnebia
Arnebia,Arnebia
Lentibulariaceae,Lentibulariaceae
Rutaceae,Rutaceae
Argania spinosa,Argania spinosa
Ceratonia,Ceratonia siliqua
Ceratonia siliqua,Ceratonia siliqua
Sapotaceae,Sapotaceae
Chrozophora,Chrozophora-type
Chrozophora-type,Chrozophora-type
Chrozophora,Chrozophora-type
Croton tinctorium,Croton tinctorium
Polygonum amphibium,Polygonum amphibium
Polygonum amphibium-type,Polygonum amphibium
Polygonum cf. amphibium,Polygonum amphibium
Persicaria amphibia,Polygonum amphibium
Corydalis,Corydalis
Corydalis claviculata,Corydalis claviculata
Sarcocapnos,Corydalis claviculata
Corydalis solida-type,Corydalis solida-type
Corydalis pumila-type,Corydalis solida-type
Corydalis cava-type,Corydalis solida-type
Corydalis lutea-type,Corydalis lutea-type
Corydalis lutea,Corydalis lutea-type
Cuscuta lupuliformis,Cuscuta lupuliformis
Montia,Montia
Montia fontana,Montia
Montia fontana-type,Montia
Montia perfoliata,Montia
Montia-type,Montia
Portulaca,Portulaca
Portulaca oleracea-type,Portulaca
Portulaca oleracea,Portulaca
Portulaca/Montia,Portulaca/Montia
Spergula arvensis,Spergula arvensis-type
Portulacaceae,Portulacaceae
Portulacaceae undifferentiated,Portulacaceae
Montiaceae,Montiaceae
Rumex aquaticus-type,Rumex aquaticus-type
Rumex longifolius-type,Rumex aquaticus-type
Rumex cf. R. hydrolapathum,Rumex aquaticus-type
Rumex hydrolapathum,Rumex aquaticus-type
Rumex hydrolapathum-type,Rumex aquaticus-type
Rumex patientia-type,Rumex aquaticus-type
Rumex aquaticus,Rumex aquaticus-type
Rumex longifolius,Rumex aquaticus-type
Rumex aquaticus/R. hydrolapathum,Rumex aquaticus-type
Rumex sect. Lapathum,Rumex aquaticus-type
Rumex palustris-type,Rumex aquaticus-type
Rumex palustris-group,Rumex aquaticus-type
Cynoglossum,Cynoglossum-type
Cynoglossum-type,Cynoglossum-type
Cynoglossum officinale-type,Cynoglossum-type
Rindera-type,Rindera-type
Cynoglossum creticum-type,Cynoglossum creticum-type
Lythrum,Lythrum
Lythraceae,Lythrum
Lythrum-type,Lythrum
Lythrum undifferentiated,Lythrum
Lythraceae undifferentiated,Lythrum
Lythrum portula-type,Lythrum portula-type
Lythrum portula,Lythrum portula-type
Peplis portula,Lythrum portula-type
Lythrum peplis,Lythrum portula-type
Peplis,Lythrum portula-type
Lythrum salicaria,Lythrum salicaria-type
Lythrum salicaria-type,Lythrum salicaria-type
Mertensia maritima,Mertensia maritima
Myosotis-type,Myosotis-type
Myosotis,Myosotis-type
Myosotis arvensis-type,Myosotis-type
Myosotis arvensis,Myosotis-type
Paracaryum-type,Mattiastrum
Mattiastrum,Mattiastrum
Omphalodes-type,Omphalodes-type
Moltkia,Moltkia
Heliotropium-type,Heliotropium
Heliotropium europaeum,Heliotropium
Heliotropium,Heliotropium
Compositae subfam. Cichorioideae,Compositae subfam. Cichorioideae
Compositae subfam. Cichorioideae undifferentiated,Compositae subfam. Cichorioideae
Scorzonera-type,Compositae subfam. Cichorioideae
cf. Taraxacum,Compositae subfam. Cichorioideae
Scorzonera,Compositae subfam. Cichorioideae
Lactuceae,Compositae subfam. Cichorioideae
Cichorioideae,Compositae subfam. Cichorioideae
Lactucoideae,Compositae subfam. Cichorioideae
Cichoriaceae,Compositae subfam. Cichorioideae
Gundelia,Compositae subfam. Cichorioideae
Gundelia-type,Compositae subfam. Cichorioideae
Asteraceae Liguliflorae,Compositae subfam. Cichorioideae
Liguliflorae,Compositae subfam. Cichorioideae
Asteraceae cichorioideae undifforma,Compositae subfam. Cichorioideae
cf. Arnoseris,Compositae subfam. Cichorioideae
Scorzonera humilis-type,Scorzonera humilis-type
Scorzonera humilis,Scorzonera humilis-type
Taraxacum-type,Crepis-type
Taraxacum,Crepis-type
Cichorium-type,Crepis-type
Crepis,Crepis-type
Cichorium,Crepis-type
Crepis-type,Crepis-type
Lapsana-type,Crepis-type
Cichorium intybus-type,Crepis-type
Taraxacum officinale-group,Crepis-type
Crepis paludosa,Crepis-type
Crepis aurea,Crepis-type
Andryala-type,Crepis-type
Hieracium murorum,Crepis-type
Hieracium pilosella,Crepis-type
Hieracium intybaceum,Crepis-type
Leontodon-type,Crepis-type
Leontodon helveticus,Crepis-type
Leontodon hispidus,Crepis-type
Hypochaeris uniflora,Crepis-type
Prenanthes purpurea,Crepis-type
Hieracium-type,Crepis-type
Lactuca,Lactuca-type
Lactuca-type,Lactuca-type
Lactuca sativa-type,Lactuca-type
Tragopogon,Tragopogon
Tragopogon-type,Tragopogon
Sonchus,Sonchus-type
Sonchus oleraceus-type,Sonchus-type
Sonchus-type,Sonchus-type
Vincetoxicum,Vincetoxicum
Vincetoxicum hirundinaria,Vincetoxicum
Callitriche,Callitriche
Callitrichaceae,Callitriche
Colchicum,Colchicum-type
Merendera-type,Colchicum-type
Colchicum-type,Colchicum-type
Colchicum/Merendera,Colchicum-type
Colchicum autumnale-type,Colchicum-type
Merendera pyrenaica,Merendera pyrenaica
Colchicum autumnale,Colchicum autumnale
Merendera montana,Merendera montana
Merendera filifolia-type,Merendera filifolia-type
Ficus,Ficus carica
Ficus carica,Ficus carica
Cytinus,Cytinus
Cytinus hypocistis,Cytinus
Mimusops,Mimusops
Betula undifferentiated,Betula
Betula-type,Betula
Betula cf. B. pendula,Betula
Betula cf. B. fruticosae,Betula
Betula alba/B. fruticosa,Betula
Betula sect. Betula,Betula
Betula indeterminata,Betula
Betula cf. B. nana,Betula nana-type
Betula nana,Betula nana-type
Betula nana-type,Betula nana-type
Betula exilis,Betula nana-type
Betula fruticosae,Betula nana-type
Betula sect. Nanae,Betula nana-type
Betula sect. Fruticosae,Betula nana-type
Betula exilis/B. fruticosae,Betula nana-type
Betula humilis,Betula nana-type
Betula fruticosa,Betula nana-type
Betula humilis/B. nana,Betula nana-type
Betula sect. Nanae-type,Betula nana-type
Betula sect. Nanae/Fruticosae-type,Betula nana-type
Betula sect. Nanae/Fruticosae,Betula nana-type
Betula,Betula pubescens-type
Betula (excl. B. nana),Betula pubescens-type
Betula pubescens,Betula pubescens-type
Betula pubescens ssp. tortuosa,Betula pubescens-type
Betula alba,Betula pubescens-type
Betula platyphylla,Betula pubescens-type
Betula obscura,Betula pubescens-type
Betula pubescens sl.,Betula pubescens-type
Betula sect. Albae,Betula pubescens-type
Betula pendula,Betula pubescens-type
Betula tortuosa,Betula pubescens-type
Betula costata,Betula pubescens-type
Betula alba-type,Betula pubescens-type
Betula pubescens-type,Betula pubescens-type
Betula pendula/pubescens,Betula pubescens-type
Betula sect. Albae-type,Betula pubescens-type
Carya,Carya
Carya-type,Carya
Carya tomentosa,Carya
Carya tomentosa-type,Carya
Carya glabra-type,Carya
Corylus,Corylus
Corylus avellana,Corylus
Corylus maxima,Corylus
Corylus avellana-type,Corylus
Corylus-type,Corylus/Myrica
Corylus/Myrica,Corylus/Myrica
cf. Myrica,Corylus/Myrica
Corylo d,Corylus/Myrica
Coryloideae,Corylus/Myrica
Myrica,Myrica
Myrica-type,Myrica
Myricaceae,Myrica
Myrica gale,Myrica
Engelhardtia,Engelhardtia
Engelhardtia-type,Engelhardtia
Abutilon,Abutilon
Circaea,Circaea
Circaea lutetiana,Circaea
Circaea,Circaea
Circaea-type,Circaea
Circaea alpina,Circaea
Epilobium,Epilobium
Epilobium-type,Epilobium
Epilobium undifferentiated,Epilobium
Chamaenerion undifferentiated,Epilobium
Chamaenerion,Epilobium
Epilobium cf. angustifolium,Epilobium
Epilobium angustifolium,Epilobium angustifolium-type
Epilobium angustifolium-type,Epilobium angustifolium-type
Chamaenerion angustifolium-type,Epilobium angustifolium-type
Chamaenerion angustifolium,Epilobium angustifolium-type
Epilobium fleischeri,Epilobium angustifolium-type
Epilobium latifolium,Epilobium latifolium
Oenothera,Oenothera
Onagraceae,Onagraceae
cf. Epilobium,Onagraceae
cf. Chamaenerion,Onagraceae
Oenotheraceae,Onagraceae
Onagraceae undifferentiated,Onagraceae
Ludwigia,Ludwigia palustris
Ludwigia palustris,Ludwigia palustris
Platycarya,Platycarya
Coriaria myrtifolia,Coriaria myrtifolia
Coriaria,Coriaria myrtifolia
Casuarina,Casuarina
Phaseolus,Phaseolus
Carpinus orientalis-type,Ostrya/Carpinus orientalis
Carpinus orientalis/Ostrya,Ostrya/Carpinus orientalis
Ostrya,Ostrya/Carpinus orientalis
Ostrya-type,Ostrya/Carpinus orientalis
Ostrya/Carpinus,Ostrya/Carpinus orientalis
Carpinus orientalis,Ostrya/Carpinus orientalis
Ostrya/Carpinus orientalis,Ostrya/Carpinus orientalis
Carpinus orientalis/Ostrya carpinifolia,Ostrya/Carpinus orientalis
Ostrya carpinifolia,Ostrya/Carpinus orientalis
Ostrya/Carpinus orientalis-type,Ostrya/Carpinus orientalis
Carpinus/Ostrya-type,Ostrya/Carpinus orientalis
Betula/Corylus,Betula/Corylus
Betula/Corylus/Myrica,Betula/Corylus/Myrica
Betulaceae,Betulaceae
Betulaceae p.p.,Betulaceae
Betulaceae undifferentiated,Betulaceae
Cucurbitaceae,Cucurbitaceae
Hamamelidaceae,Hamamelidaceae
Psoralea,Psoralea bituminosa
Psoralea bituminosa,Psoralea bituminosa
Cucumis,Cucumis
Cucumis melo,Cucumis melo
Corrigiola,Corrigiola litoralis
Corrigiola litoralis,Corrigiola litoralis
Alnus undifferentiated,Alnus
Alnus pp.,Alnus
Alnus indeterminata,Alnus
Alnus sp.,Alnus
Alnus viridis,Alnus viridis
Alnus viridis subsp. fruticosa,Alnus viridis
Alnus cf. A. viridis,Alnus viridis
Duschekia fruticosa,Alnus viridis
Alnaster,Alnus viridis
Alnus viridis-type,Alnus viridis
Alnus viridis subsp. suaveolens,Alnus viridis
Alnus fruticosa-type,Alnus viridis
Alnus fruticosa,Alnus viridis
Alnus,Alnus glutinosa-type
Alnus glutinosa,Alnus glutinosa-type
Alnus hirsuta,Alnus glutinosa-type
Alnus incana,Alnus glutinosa-type
Alnus incana subsp. kolaensis,Alnus glutinosa-type
Alnus glutinosa-type,Alnus glutinosa-type
Alnus glutinosa/A. incana,Alnus glutinosa-type
Alnus non-viridis,Alnus glutinosa-type
Alnus incana/A. glutinosa,Alnus glutinosa-type
Alnus hirsuta-type,Alnus glutinosa-type
Alnus glutinosa/A. incana-type,Alnus glutinosa-type
Campanulaceae,Campanulaceae
cf. Campanula,Campanulaceae
Campanula/Jasione,Campanulaceae
Campanulaceae undifferentiated,Campanulaceae
Campanula/Phyteuma,Phyteuma-type
Jasione,Jasione montana-type
Jasione montana,Jasione montana-type
Jasione montana-type,Jasione montana-type
Jasione-type,Jasione montana-type
Campanula,Phyteuma-type
Campanula-type,Phyteuma-type
Campanula cf. C. rotundifolia,Phyteuma-type
Phyteuma-type,Phyteuma-type
Campanula rotundifolia,Phyteuma-type
Phyteuma,Phyteuma-type
Phyteuma hemisphaericum,Phyteuma-type
Campanula rapunculoides,Campanula trachelium-type
Campanula barbata,Campanula trachelium-type
Campanula trachelium-type,Campanula trachelium-type
Legousia-type,Legousia-type
Legousia,Legousia-type
Michauxia,Michauxia
Carpinus,Carpinus betulus
Carpinus betulus,Carpinus betulus
Carpinus-type,Carpinus betulus
Carpinus cf. C. betulus,Carpinus betulus
Carpinus betulus-type,Carpinus betulus
Carpinus triporat,Carpinus betulus
Celtis,Celtis
Celtis australis,Celtis
Celtis-type,Celtis
Juglans,Juglans
Juglans-type,Juglans
Juglans regia,Juglans regia
Juglans nigra,Juglans nigra
Myriophyllum,Myriophyllum
Myriophyllum undifferentiated,Myriophyllum
Haloragaceae,Myriophyllum
Myriophyllum cf. M. spicatum,Myriophyllum
Myriophyllum cf. M. verticillatum,Myriophyllum
Myriophyllum cf. M. alterniflorum,Myriophyllum
Myriophyllum-type,Myriophyllum
Myriophyllum indeterminata,Myriophyllum
Myriophyllum sp.,Myriophyllum
Myriophyllum alterniflorum,Myriophyllum alterniflorum
Myriophyllum alterniflorum-type,Myriophyllum alterniflorum
Myriophyllum spicatum,Myriophyllum spicatum
Myriophyllum spicatum-type,Myriophyllum spicatum
Myriophyllum epectinatum,Myriophyllum spicatum
Myriophyllum spicatum/M. verticillatum,Myriophyllum spicatum/M. verticillatum
Myriophyllum verticillatum,Myriophyllum verticillatum
Myriophyllum verticillatum-type,Myriophyllum verticillatum
Myriophyllum heterophyllum,Myriophyllum heterophyllum
Pistacia,Pistacia
Pistacia lentiscus,Pistacia
Pistacia terebinthus,Pistacia
Pterocarya,Pterocarya
Pterocarya pterocarpa,Pterocarya
Pterocarya fraxinifolia,Pterocarya
Juglandaceae,Juglandaceae
Juglandaceae-type,Juglandaceae
Theligonum,Theligonum cynocrambe
Theligonum cynocrambe,Theligonum cynocrambe
Ulmus,Ulmus/Zelkova
Zelkova,Ulmus/Zelkova
Ulmus minor,Ulmus/Zelkova
Ulmus glabra,Ulmus/Zelkova
Ulmus undifferentiated,Ulmus/Zelkova
Ulmus laevis,Ulmus/Zelkova
Ulmus (type A),Ulmus/Zelkova
Ulmus (type B),Ulmus/Zelkova
Ulmus pumila,Ulmus/Zelkova
Zelkova abelicea,Ulmus/Zelkova
Ulmus/Zelkova,Ulmus/Zelkova
Ulmus-type,Ulmus/Zelkova
Ulmus campestris,Ulmus/Zelkova
Ulmaceae,Ulmus/Zelkova
Ulmus glabra-type,Ulmus/Zelkova
Ulmus sp.,Ulmus/Zelkova
Ulmus scabra,Ulmus/Zelkova
Nerium,Nerium oleander
Nerium oleander,Nerium oleander
Buxus,Buxus
Buxus sempervirens,Buxus
Buxus sempervirens-type,Buxus
Polygonum (pericolpate/periporate),Polygonum (pericolpate/periporate)
Polygonum aquatic,Polygonum (pericolpate/periporate)
Polygonum persicaria,Polygonum persicaria-type
Polygonum persicaria-type,Polygonum persicaria-type
Polygonum sect. Persicaria,Polygonum persicaria-type
Polygonum lapathifolium,Polygonum persicaria-type
Polygonum lapathifolium-type,Polygonum persicaria-type
Polygonum cf. P. lapathifolium,Polygonum persicaria-type
Polygonum cf. P. persicaria,Polygonum persicaria-type
Polygonum hydrolapathum,Polygonum persicaria-type
Polygonum scabrum,Polygonum persicaria-type
Polygonum hydropiper-type,Polygonum persicaria-type
Polygonum persicaria-group,Polygonum persicaria-type
Polygonum minus-type,Polygonum persicaria-type
Polygonum hydropiper,Polygonum persicaria-type
Polygonum hydrolapathum-type,Polygonum persicaria-type
Persicaria maculosa-type,Polygonum persicaria-type
Persicaria-type,Polygonum persicaria-type
Calystegia,Calystegia
Calystegia-type,Calystegia
Calystegia sepium,Calystegia
Convolvulus sepium-type,Calystegia
Convolvulus sepium,Calystegia
Polycnemum/Paronychia,Polycnemum/Paronychia
Polycnemum,Polycnemum
Cerastium alpinum-type,Cerastium-type
Cerastium-type,Cerastium-type
Stellaria,Cerastium-type
Stellaria undifferentiated,Cerastium-type
Cerastium fontanum subsp. triviale,Cerastium-type
Cerastium undifferentiated,Cerastium-type
Stellaria-type,Cerastium-type
Cerastium,Cerastium-type
Cerastium/Stellaria,Cerastium-type
Stellaria palustris,Cerastium-type
Stellaria cf. S. nemorum,Cerastium-type
Stellaria cf. S. graminea,Cerastium-type
Cerastium fontanum-type,Cerastium-type
Cerastium arvense,Cerastium-type
Stellaria cf. S. palustris,Cerastium-type
Stellaria cf. S. media,Cerastium-type
Stellaria graminea,Cerastium-type
Stellaria nemorum,Cerastium-type
Cerastium cerastioides-type,Cerastium-type
Cerastium arvense-type,Cerastium-type
Cerastium fontanum,Cerastium-type
Cerastium fontanum-group,Cerastium-type
Cerastium uniflorum,Cerastium-type
Cerastium cerastioides,Cerastium-type
Stellaria cf. S. holostea,Cerastium-type
Stellaria alsine,Cerastium-type
Stellaria media,Cerastium-type
Stellaria alsine-type,Cerastium-type
Myosoton aquaticum,Myosoton aquaticum
Holosteum umbellatum,Holosteum umbellatum
Caryophyllaceae,Caryophyllaceae (periporate excl. Paronychioideae)
Caryophyllaceae undifferentiated,Caryophyllaceae (periporate excl. Paronychioideae)
Caryophyllaceae (periporate excl. Paronychioideae),Caryophyllaceae (periporate excl. Paronychioideae)
cf. Silene,Caryophyllaceae (periporate excl. Paronychioideae)
cf. Cerastium,Caryophyllaceae (periporate excl. Paronychioideae)
cf. Sagina,Caryophyllaceae (periporate excl. Paronychioideae)
cf. Scleranthus,Caryophyllaceae (periporate excl. Paronychioideae)
cf. Stellaria,Caryophyllaceae (periporate excl. Paronychioideae)
cf. Cerastium glomeratum,Caryophyllaceae (periporate excl. Paronychioideae)
cf. Silene albescens,Caryophyllaceae (periporate excl. Paronychioideae)
cf. Silene ampullata,Caryophyllaceae (periporate excl. Paronychioideae)
Vaccaria/Petrorhagia,Caryophyllaceae (periporate excl. Paronychioideae)
cf. Myosoton aquaticum,Caryophyllaceae (periporate excl. Paronychioideae)
cf. Silene alba,Caryophyllaceae (periporate excl. Paronychioideae)
cf. Lychnis,Caryophyllaceae (periporate excl. Paronychioideae)
cf. Viscaria,Caryophyllaceae (periporate excl. Paronychioideae)
Caryophyllaceae subfam. Silenoideae-type,Caryophyllaceae (periporate excl. Paronychioideae)
cf. Lychnis viscaria-type,Caryophyllaceae (periporate excl. Paronychioideae)
cf. Scleranthus annuus,Caryophyllaceae (periporate excl. Paronychioideae)
Caryophyllaceae p.p.,Caryophyllaceae (periporate excl. Paronychioideae)
Caryophyllaceae indeterminata,Caryophyllaceae (periporate excl. Paronychioideae)
Sagina,Sagina
Sagina-type,Sagina
Sagina cf. S. nodosa,Sagina
Sagina cf. S. procumbens,Sagina
Sagina nodosa,Sagina
Sagina procumbens,Sagina
Sagina saginoides,Sagina
Sagina nodosa-group,Sagina
Sagina caespitosa,Sagina
Scleranthus,Scleranthus
Scleranthus-type,Scleranthus
Scleranthus cf. S. annuus,Scleranthus
Scleranthus cf. S. perennis,Scleranthus
Scleranthus annuus,Scleranthus annuus
Scleranthus annuus-type,Scleranthus annuus
Scleranthus perennis,Scleranthus perennis
Scleranthus perennis-type,Scleranthus perennis
Lychnis flos-cuculi,Lychnis flos-cuculi
Lychnis flos-cuculi-type,Lychnis flos-cuculi
Silene dioica-type,Silene dioica-type
Melandrium rubrum,Silene dioica-type
Melandrium,Silene dioica-type
Silene dioica,Silene dioica-type
Silene conica,Silene dioica-type
Silene vulgaris-type,Silene vulgaris-type
Silene vulgaris ssp. maritima-type,Silene vulgaris-type
Silene vulgaris ssp. maritima,Silene vulgaris-type
Silene acaulis,Silene vulgaris-type
Silene foetida-type,Silene vulgaris-type
Silene nutans-type,Silene vulgaris-type
Silene acaulis-type,Silene vulgaris-type
Silene vulgaris-group,Silene vulgaris-type
Silene nutans,Silene vulgaris-type
Lychnis-type,Silene-type
Silene cf. S. acaulis,Silene-type
Silene-type,Silene-type
Arenaria/Silene,Silene-type
Lychnis,Silene-type
Silene,Silene-type
Silene undifferentiated,Silene-type
Silene cf. S. nutans,Silene-type
Silene/Lychnis,Silene-type
Lychnis/Silene elegans,Silene-type
Silenaceae,Silene-type
Silene rupestris,Silene-type
Viscaria vulgaris-type,Silene-type
Lychnis viscaria-type,Lychnis viscaria-type
Steris segetalis,Lychnis viscaria-type
Arenaria-type,Arenaria
Arenaria-type s.l.,Arenaria
Arenaria,Arenaria
Arenaria serpyllifolia-type,Arenaria
Arenaria biflora,Arenaria
Saponaria,Saponaria
Saponaria officinalis,Saponaria
Saponaria officinalis-type,Saponaria
Silene pratensis,Silene pratensis
Stellaria holostea,Stellaria holostea
Stellaria holostea-type,Stellaria holostea
Gypsophila,Gypsophila repens-type
Gypsophila undifferentiated,Gypsophila repens-type
Gypsophila-type,Gypsophila repens-type
Gypsophila repens-type,Gypsophila repens-type
Gypsophila fastigiata/G. repens,Gypsophila repens-type
Gypsophila fastigiata,Gypsophila repens-type
Gypsophila fastigiata-type,Gypsophila repens-type
Gypsophila repens,Gypsophila repens-type
Vaccaria,Vaccaria
Agrostemma githago,Agrostemma githago
Agrostemma,Agrostemma githago
Agrostemma-type,Agrostemma githago
Minuartia rubra-type/Bufonia,Minuartia rubra-type/Bufonia
Minuartia rubra-type,Minuartia rubra-type/Bufonia
Dianthus,Dianthus/Petrorhaghia
Dianthus-type,Dianthus/Petrorhaghia
Dianthus superbus-type,Dianthus/Petrorhaghia
Dianthus lusitanicus-type,Dianthus/Petrorhaghia
Dianthus/Petrorhaghia,Dianthus/Petrorhaghia
Tunica-type,Dianthus/Petrorhaghia
Gypsophila muralis,Gypsophila muralis
Moehringia trinervia-type,Moehringia-type
Minuartia recurva,Moehringia-type
Minuartia-type,Moehringia-type
Minuartia verna-type,Moehringia-type
Moehringia-type,Moehringia-type
Moehringia trinervia-group,Moehringia-type
Minuartia sedoides,Moehringia-type
Minuartia verna,Moehringia-type
Fumaria,Fumaria
Fumariaceae,Fumaria
Fumaria-type,Fumaria
Fumaria officinalis-type,Fumaria
Herniaria,Herniaria
Herniaria-type,Herniaria-type
Herniaria glabra-type,Herniaria glabra-type
Caryophyllaceae subfam. Paronychioideae,Caryophyllaceae subfam. Paronychioideae
Loeflingia,Loeflingia
Paronychia,Paronychia
Paronychia-type,Paronychia
Paronychia polygonifolia-type,Paronychia
Paronychia argentea-type,Paronychia
Illecebrum,Illecebrum verticillatum
Illecebrum-type,Illecebrum verticillatum
Illecebrum verticillatum,Illecebrum verticillatum
Koenigia islandica,Koenigia islandica
Koenigia,Koenigia islandica
Littorella uniflora,Littorella uniflora
Littorella-type,Littorella uniflora
Littorella,Littorella uniflora
Malva,Malvaceae
Malva-type,Malvaceae
Malvaceae,Malvaceae
Gossypium,Gossypium
Hibiscus,Hibiscus
Malva/Lavatera,Malva/Lavatera
Malva sylvestris-type,Malva sylvestris-type
Malva neglecta-type,Malva neglecta-type
Plantaginaceae,Plantaginaceae
Plantaginaceae undifferentiated,Plantaginaceae
Plantaginaceae indeterminata,Plantaginaceae
Plantago,Plantago
Plantago undifferentiated,Plantago
cf. Plantago coronopus,Plantago
Plantago-type,Plantago
Plantago cf. P. lanceolata,Plantago
Plantago cylindrica-type,Plantago
Plantago major/P. maritima,Plantago
Plantago cf. P. crassifolia,Plantago
Plantago cf. P. alpina,Plantago
Plantago cf. P. coronopus,Plantago
Plantago cf. P. tenuiflora,Plantago
Plantago officinalis,Plantago
Plantago sp.,Plantago
Plantago indeterminata,Plantago
Plantago pp.,Plantago
Plantago media/P. montana-type,Plantago
Plantago media/P. montana,Plantago
Plantago lanceolata,Plantago lanceolata-type
Plantago lanceolata-type,Plantago lanceolata-type
Plantago lagopus-type,Plantago lanceolata-type
Plantago major,Plantago major
Plantago major-type,Plantago major-type
Plantago major/P. media,Plantago major-type
Plantago media-type,Plantago major-type
Plantago cf. P. media,Plantago major-type
cf. Plantago media,Plantago major-type
Plantago cf. P. major,Plantago major-type
Plantago major/P. media-type,Plantago major-type
Plantago intermedia-type,Plantago major-type
Plantago major/P. minor-type,Plantago major-type
Plantago media,Plantago media
Plantago maritima,Plantago maritima-type
Plantago maritima-type,Plantago maritima-type
Plantago maritima/P. alpina,Plantago maritima-type
Plantago alpina-type,Plantago maritima-type
Plantago ovata-type,Plantago maritima-type
Plantago alpina,Plantago maritima-type
Plantago maritima s.l.,Plantago maritima-type
Plantago arenaria,Plantago maritima-type
Plantago maritima s.s.,Plantago maritima-type
Plantago psyllium-type,Plantago maritima-type
Plantago radicata-type,Plantago maritima-type
Plantago maritima/P. serpentina,Plantago maritima-type
Plantago alpinus,Plantago maritima-type
Plantago alpina/P. maritima,Plantago maritima-type
Plantago maritima-type s.l.,Plantago maritima-type
Plantago maritima-type s.s.,Plantago maritima-type
Plantago tenuiflora,Plantago tenuiflora
Plantago tenuiflora-type,Plantago tenuiflora
Plantago atrata,Plantago atrata-type
Plantago montana-type,Plantago atrata-type
Plantago atrata-type,Plantago atrata-type
Plantago montana,Plantago atrata-type
Plantago coronopus,Plantago coronopus-type
Plantago coronopus-type,Plantago coronopus-type
Plantago holosteum-type,Plantago coronopus-type
Plantago coronopus s.s.,Plantago coronopus-type
Plantago albicans,Plantago albicans
Ribes,Ribes
Ribes cf. R. rubrum,Ribes
Ribes cf. R. alpinum,Ribes
Ribes-type,Ribes
Grossulariaceae,Ribes
Ribes rubrum-type,Ribes rubrum-type
Ribes nigrum,Ribes nigrum
Ribes nigrum-type,Ribes nigrum
Ribes alpinum,Ribes alpinum
Ribes uva-crispa,Ribes uva-crispa
Thalictrum,Thalictrum
Thalictrum-type,Thalictrum
Thalictrum undifferentiated,Thalictrum
Thalictrum alpinum,Thalictrum alpinum-type
Thalictrum alpinum-type,Thalictrum alpinum-type
Thalictrum minus-type,Thalictrum alpinum-type
Thalictrum minus,Thalictrum alpinum-type
Thalictrum flavum,Thalictrum flavum-type
Thalictrum flavum-type,Thalictrum flavum-type
Thalictrum lucidum,Thalictrum flavum-type
Thalictrum aquilegiifolium,Thalictrum aquilegiifolium
Daphne,Daphne
Daphne sericea,Daphne
Daphne mezereum,Daphne
Daphne gnidium-type,Daphne
Daphne gnidium,Daphne
Daphne-type,Daphne
Daphne oleoides,Daphne
Daphne cf. cneorum,Daphne
Thymelaeaceae,Thymelaeaceae
Daphne/Thymeleaea,Thymelaeaceae
Thymelaea,Thymelaea
Stellera,Stellera
Aellenia-type,Aellenia-type
Sarcobatus,Sarcobatus
Chenopodiaceae,Chenopodiaceae/Amaranthaceae
Noaea-type,Chenopodiaceae/Amaranthaceae
Chenopodiaceae/Amaranthaceae,Chenopodiaceae/Amaranthaceae
Chenopodium,Chenopodiaceae/Amaranthaceae
Atriplex,Chenopodiaceae/Amaranthaceae
cf. Atriplex,Chenopodiaceae/Amaranthaceae
Chenopodiaceae-type,Chenopodiaceae/Amaranthaceae
Atriplex-type,Chenopodiaceae/Amaranthaceae
Spinacia-type,Chenopodiaceae/Amaranthaceae
Chenopodium-type,Chenopodiaceae/Amaranthaceae
Salicornia-type,Chenopodiaceae/Amaranthaceae
Salsola,Chenopodiaceae/Amaranthaceae
Suaeda-type,Chenopodiaceae/Amaranthaceae
Suaeda,Chenopodiaceae/Amaranthaceae
Salsola-type,Chenopodiaceae/Amaranthaceae
Hammada-type,Chenopodiaceae/Amaranthaceae
Chenopodium/Thalictrum,Chenopodiaceae/Amaranthaceae
Halogeton,Chenopodiaceae/Amaranthaceae
Chenopodium album,Chenopodiaceae/Amaranthaceae
Amaranthaceae,Chenopodiaceae/Amaranthaceae
cf. Krascheninnikovia,Chenopodiaceae/Amaranthaceae
Amaranthus-type,Chenopodiaceae/Amaranthaceae
Cornulaca,Chenopodiaceae/Amaranthaceae
Krascheninnikovia ceratoides,Chenopodiaceae/Amaranthaceae
Kochia laniflora,Chenopodiaceae/Amaranthaceae
Atriplex nudicaulis,Chenopodiaceae/Amaranthaceae
Atriplex hastata,Chenopodiaceae/Amaranthaceae
Atriplex kuzenevae,Chenopodiaceae/Amaranthaceae
Atriplex sagittata,Chenopodiaceae/Amaranthaceae
Atriplex praecox,Chenopodiaceae/Amaranthaceae
Chenopodium hybridum,Chenopodiaceae/Amaranthaceae
Chenopodium polyspermum,Chenopodiaceae/Amaranthaceae
Chenopodium rubrum,Chenopodiaceae/Amaranthaceae
Kochia prostrata,Chenopodiaceae/Amaranthaceae
Salicornia europaea,Chenopodiaceae/Amaranthaceae
Suaeda maritima,Chenopodiaceae/Amaranthaceae
Kochia,Chenopodiaceae/Amaranthaceae
Chenopodium undifferentiated,Chenopodiaceae/Amaranthaceae
Chenopodiaceae/Amaranthaceae undifferentiated,Chenopodiaceae/Amaranthaceae
Chenopodiaceae s.l.,Chenopodiaceae/Amaranthaceae
Chenopodiaceae/Amaranthus,Chenopodiaceae/Amaranthaceae
Haloxylon,Chenopodiaceae/Amaranthaceae
Alternanthera,Chenopodiaceae/Amaranthaceae
Atriplex portulacoides,Chenopodiaceae/Amaranthaceae
Beta,Beta
Beta-type,Beta
Salsola kali,Salsola kali
Aerva,Aerva
Chenopodiaceae: clumps,Chenopodiaceae: clumps
Tribulus terrestris,Tribulus terrestris
Tribulus,Tribulus terrestris
Polemonium,Polemonium
Polemonium caeruleum,Polemonium
Polemonium-type,Polemonium
Polemonium boreale,Polemonium
Polemonium coeruleum,Polemonium
Polemoniaceae,Polemoniaceae
Polemoniaceae undifferentiated,Polemoniaceae
Phlox sibirica,Phlox sibirica
Phlox,Phlox
Alisma,Alisma-type
Alisma gramineum,Alisma-type
Alisma plantago-aquatica,Alisma-type
Alisma plantago-aquatica-type,Alisma-type
Alisma-type,Alisma-type
Baldellia,Alisma-type
Luronium-type,Alisma-type
Alisma gramineum-type,Alisma-type
Alisma cf. A. plantago-aquatica,Alisma-type
Alisma-group,Alisma-type
Echinodorus ranunculoides,Alisma-type
Alisma plantago,Alisma-type
Sagittaria,Sagittaria
Sagittaria sagitifolia,Sagittaria
Sagittaria sagittifolia,Sagittaria
Sagittaria-type,Sagittaria
Alismataceae,Alismataceae
Damasonium,Damasonium
Caldesia parnassifolia,Caldesia parnassifolia
Ranunculus arvensis,Ranunculus arvensis
Ranunculus arvensis-type,Ranunculus arvensis-type
Ranunculus parviflorus-type,Ranunculus arvensis-type
Papaver argemone,Papaver argemone
Papaver argemone-type,Papaver argemone
Roemeria,Roemeria-type
Roemeria dodecandra-type,Roemeria-type
Roemeria-type,Roemeria-type
Roemeria hybrida-type,Roemeria-type
Roemeria hybrida,Roemeria-type
Cannabaceae/Urticaceae,Cannabaceae/Urticaceae
Urtica/Humulus,Cannabaceae/Urticaceae
Humulus/Cannabis/Urtica,Cannabaceae/Urticaceae
Humulus,Humulus lupulus
Humulus lupulus,Humulus lupulus
Humulus-type,Humulus lupulus
Humulus lupulus-type,Humulus lupulus
Cannabis,Cannabis sativa
Cannabis-type,Cannabis sativa
Cannabis sativa,Cannabis sativa
Humulus/Cannabis,Cannabis/Humulus
Cannabaceae,Cannabis/Humulus
Cannabaceae-type,Cannabis/Humulus
cf. Cannabis,Cannabis/Humulus
cf. Cannabis sativa,Cannabis/Humulus
cf. Humulus,Cannabis/Humulus
cf. Humulus lupulus,Cannabis/Humulus
Cannabaceae undifferentiated,Cannabis/Humulus
Cannabis/Humulus,Cannabis/Humulus
Humulus/Cannabis-type,Cannabis/Humulus
Cannabis/Humulus-type,Cannabis/Humulus
Cannabinaceae,Cannabis/Humulus
Parietaria,Parietaria
Urtica,Urtica
Urtica-type,Urtica
Urtica cf. U. dioica,Urtica
Urtica undifferentiated,Urtica
Urtica indeterminata,Urtica
Urtica dioica,Urtica dioica
Urtica dioica-type,Urtica dioica-type
Urtica urens,Urtica urens
Urtica dubia-type,Urtica dubia-type
Urtica atrovirens,Urtica atrovirens
Urticaceae,Urticaceae
Urtica cf. pilulifera,Urticaceae
Urtica/Parietaria,Urticaceae
Urticaceae undifferentiated,Urticaceae
Morus,Morus
Morus-type,Morus
Morus nigra,Morus nigra
Morus alba,Morus alba
Urtica pilulifera-type,Urtica pilulifera
Urtica pilulifera,Urtica pilulifera
Moraceae,Moraceae
Urticales,Urticaceae/Moraceae
Urticaceae/Moraceae,Urticaceae/Moraceae
